step,time_s,picard_iterations,picard_delta_temperature_C,picard_delta_moisture_kgkg,linear_normalized_inf_residual,moisture_balance_residual,energy_balance_residual
1,1.000000,3,5.918821e-12,3.356660e-09,2.886033e-16,-1.637818e-20,7.385909e-11
2,2.000000,3,1.862333e-11,4.680337e-09,2.897012e-16,-5.407776e-20,-7.834585e-11
3,3.000000,3,2.175682e-11,3.248214e-09,3.369021e-16,4.853234e-20,-7.084061e-11
4,4.000000,3,3.169021e-11,3.783015e-09,2.911633e-16,4.488613e-20,4.786535e-11
5,5.000000,3,3.201706e-11,2.974882e-09,2.917304e-16,-3.330560e-20,2.037127e-12
6,6.000000,3,3.958434e-11,3.236978e-09,2.922483e-16,-3.423204e-20,6.368555e-11
7,7.000000,3,4.066791e-11,2.712131e-09,3.659048e-16,-9.906977e-20,4.023347e-11
8,8.000000,3,4.688161e-11,2.855497e-09,2.931647e-16,8.741645e-21,1.686851e-11
9,9.000000,3,4.800427e-11,2.482250e-09,2.935794e-16,-3.641580e-20,2.622567e-11
10,10.000000,3,5.170264e-11,2.564683e-09,2.939711e-16,4.366852e-20,-6.034461e-11
11,11.000000,3,5.297096e-11,2.282943e-09,2.943446e-16,-9.225380e-20,2.782458e-11
12,12.000000,3,5.707079e-11,2.330538e-09,2.947006e-16,-9.992342e-21,-6.773290e-12
13,13.000000,3,5.873346e-11,2.108767e-09,2.950416e-16,2.146699e-20,2.669475e-11
14,14.000000,3,6.214762e-11,2.134964e-09,3.382896e-16,-6.650532e-21,-5.281770e-11
15,15.000000,3,6.422241e-11,1.954907e-09,2.956871e-16,-3.529745e-20,1.259794e-10
16,16.000000,3,6.714274e-11,1.967234e-09,3.384858e-16,7.778145e-20,1.782686e-10
17,17.000000,3,6.809486e-11,1.817503e-09,2.962907e-16,-8.212911e-20,-5.293745e-11
18,18.000000,3,7.083045e-11,1.820529e-09,2.965791e-16,2.217506e-20,3.366948e-11
19,19.000000,3,7.218048e-11,1.693589e-09,2.968595e-16,-1.131980e-19,4.419035e-11
20,20.000000,3,7.307221e-11,1.690208e-09,3.387610e-16,5.420349e-20,-5.404874e-11
21,21.000000,3,7.565149e-11,1.580912e-09,2.973987e-16,6.894054e-20,9.072991e-11
22,22.000000,3,7.775114e-11,1.573019e-09,3.388852e-16,-7.856231e-20,5.667333e-11
23,23.000000,3,7.802825e-11,1.477654e-09,2.979128e-16,1.578393e-19,1.933388e-11
24,24.000000,3,8.064305e-11,1.466542e-09,3.390022e-16,-3.040054e-20,1.266356e-10
25,25.000000,3,8.165202e-11,1.382431e-09,3.390248e-16,4.605742e-20,2.221849e-11
26,26.000000,3,8.500933e-11,1.369027e-09,2.986427e-16,-4.123330e-20,-4.005225e-11
27,27.000000,3,8.374812e-11,1.294112e-09,2.988762e-16,3.467541e-20,-2.697920e-11
28,28.000000,3,8.564172e-11,1.279048e-09,3.391854e-16,2.136111e-20,-2.725704e-11
29,29.000000,3,8.723688e-11,1.211772e-09,2.993312e-16,-5.262854e-20,-7.528776e-11
30,30.000000,3,8.842349e-11,1.195547e-09,3.744250e-16,7.502197e-20,6.411435e-11
31,31.000000,3,8.818901e-11,1.134680e-09,2.997693e-16,-2.754842e-20,-1.484425e-11
32,32.000000,3,8.932588e-11,1.117630e-09,3.394106e-16,2.104347e-21,-3.986053e-11
33,33.000000,3,8.986234e-11,1.062192e-09,3.001944e-16,-3.110199e-20,-8.326950e-11
34,34.000000,3,9.092460e-11,1.044595e-09,3.004009e-16,-6.381202e-20,-1.833608e-11
35,35.000000,3,9.142198e-11,9.938104e-10,3.757431e-16,3.289532e-20,1.114781e-10
36,36.000000,3,9.175594e-11,9.758510e-10,3.008065e-16,-5.531522e-20,-7.093642e-11
37,37.000000,3,9.219292e-11,9.290728e-10,3.396012e-16,-1.599436e-19,-1.016710e-10
38,38.000000,3,9.359979e-11,9.109278e-10,3.011996e-16,-8.733704e-20,-7.622458e-12
39,39.000000,3,9.473311e-11,8.676375e-10,3.013930e-16,1.271542e-19,8.730239e-12
40,40.000000,3,9.504930e-11,8.494090e-10,3.015827e-16,-4.665299e-21,-4.384040e-11
41,41.000000,3,9.386980e-11,8.091705e-10,3.017704e-16,-7.428744e-20,-6.597711e-11
42,42.000000,3,9.593037e-11,7.909327e-10,3.019562e-16,-8.392244e-20,-1.666173e-10
43,43.000000,3,9.536194e-11,7.533787e-10,3.021387e-16,-2.410073e-20,-1.752543e-12
44,44.000000,3,9.736212e-11,7.352208e-10,3.398953e-16,4.368175e-20,-4.822406e-11
45,45.000000,3,9.721646e-11,7.000773e-10,3.399304e-16,-1.086121e-19,7.827350e-13
46,46.000000,3,9.629275e-11,6.820229e-10,3.399647e-16,-1.844282e-20,-8.145873e-12
47,47.000000,3,9.678303e-11,6.489755e-10,3.028499e-16,6.683619e-20,4.536996e-11
48,48.000000,3,9.836398e-11,6.310859e-10,3.030221e-16,-1.328981e-19,1.650508e-10
49,49.000000,3,9.700329e-11,5.999561e-10,3.031932e-16,4.797648e-20,2.688147e-11
50,50.000000,3,9.722356e-11,5.822698e-10,3.400716e-16,1.307806e-19,-1.894063e-11
51,51.000000,3,9.702816e-11,5.528200e-10,3.035290e-16,-7.960786e-21,-4.848083e-11
52,52.000000,3,9.827161e-11,5.353509e-10,3.036943e-16,2.316106e-21,1.358763e-10
53,53.000000,3,9.735501e-11,5.074416e-10,3.038579e-16,-1.052835e-20,5.812156e-12
54,54.000000,3,9.690382e-11,4.902110e-10,3.402166e-16,1.124105e-19,-3.829465e-11
55,55.000000,3,9.742607e-11,4.636798e-10,3.402231e-16,7.782777e-20,-4.146136e-11
56,56.000000,3,9.871925e-11,4.466982e-10,3.402737e-16,-3.083729e-20,1.489724e-10
57,57.000000,3,9.750778e-11,4.214189e-10,3.044907e-16,2.750210e-20,1.149778e-10
58,58.000000,3,9.715251e-11,4.047100e-10,3.046527e-16,-7.026403e-20,-8.274881e-11
59,59.000000,3,9.769252e-11,3.805760e-10,3.048066e-16,-1.121922e-19,-8.730161e-11
60,60.000000,3,9.574208e-11,3.641065e-10,3.049601e-16,-1.366436e-19,-2.655653e-11
61,61.000000,3,9.727685e-11,3.280558e-10,3.051112e-16,-5.578506e-21,-1.219108e-12
62,62.000000,3,9.622170e-11,2.940928e-10,3.052619e-16,7.193163e-20,1.527378e-11
63,63.000000,3,9.525891e-11,2.612421e-10,3.054101e-16,-2.421985e-21,1.580620e-10
64,64.000000,3,9.445955e-11,2.353482e-10,3.404784e-16,7.282498e-20,1.041423e-10
65,65.000000,3,9.298873e-11,2.057994e-10,3.057034e-16,1.307475e-19,3.270434e-11
66,66.000000,3,9.376322e-11,1.880993e-10,3.405230e-16,-2.601318e-20,2.768374e-11
67,67.000000,3,9.297096e-11,1.881464e-10,3.405445e-16,-7.284483e-20,-3.003475e-11
68,68.000000,3,9.169199e-11,1.880975e-10,3.826672e-16,-2.275078e-20,-7.653039e-11
69,69.000000,3,9.096013e-11,1.893730e-10,3.062743e-16,1.071364e-20,1.464475e-10
70,70.000000,3,8.968826e-11,1.894400e-10,3.406056e-16,5.998052e-20,-6.868744e-11
71,71.000000,3,8.906653e-11,1.906160e-10,3.065523e-16,-1.795313e-20,1.238409e-11
72,72.000000,3,8.855494e-11,1.907878e-10,3.406439e-16,-1.986557e-20,1.301591e-10
73,73.000000,3,8.789058e-11,1.918963e-10,3.068257e-16,-1.334739e-20,8.035406e-12
74,74.000000,3,8.763124e-11,1.921405e-10,3.069605e-16,-4.853234e-20,7.526568e-11
75,75.000000,3,8.607515e-11,1.957847e-10,3.406977e-16,-3.981055e-20,-1.014039e-11
76,76.000000,3,8.474998e-11,1.982627e-10,3.072271e-16,6.968169e-21,5.298650e-11
77,77.000000,3,8.337153e-11,2.021157e-10,3.073593e-16,-1.557151e-19,1.299516e-13
78,78.000000,3,8.227374e-11,2.045319e-10,3.074896e-16,-2.836237e-20,-4.602557e-11
79,79.000000,3,8.247270e-11,2.082889e-10,3.407632e-16,-9.840141e-21,1.788353e-11
80,80.000000,3,8.060397e-11,2.119869e-10,3.077481e-16,1.177177e-19,3.102429e-11
81,81.000000,3,7.887735e-11,2.169331e-10,3.078757e-16,1.731653e-19,-1.100980e-11
82,82.000000,3,7.788969e-11,2.249103e-10,3.080013e-16,2.297577e-20,4.562345e-11
83,83.000000,3,7.734258e-11,2.298388e-10,3.081282e-16,1.484293e-20,3.481498e-11
84,84.000000,3,7.569767e-11,2.375127e-10,3.082534e-16,-1.125958e-19,-7.685280e-11
85,85.000000,3,7.232259e-11,2.441607e-10,3.083771e-16,3.778561e-21,-1.406736e-11
86,86.000000,3,7.247536e-11,2.562062e-10,3.085002e-16,2.422647e-20,-7.469736e-11
87,87.000000,3,7.258905e-11,2.660685e-10,3.408568e-16,-1.202390e-20,-4.699274e-11
88,88.000000,3,6.927792e-11,2.778009e-10,3.408869e-16,-5.022641e-21,-1.927908e-11
89,89.000000,3,6.951950e-11,2.913412e-10,3.088645e-16,1.003006e-19,-7.559914e-11
90,90.000000,3,6.774670e-11,3.077876e-10,3.089837e-16,1.071563e-19,5.854528e-11
91,91.000000,3,6.508927e-11,3.254255e-10,3.863782e-16,-3.984364e-20,6.794787e-11
92,92.000000,3,6.441070e-11,3.415344e-10,3.092207e-16,-1.054490e-19,8.996137e-13
93,93.000000,3,6.331291e-11,3.587353e-10,3.409426e-16,-8.276438e-20,2.571748e-11
94,94.000000,3,6.019363e-11,3.745178e-10,3.409353e-16,3.348427e-20,1.255241e-10
95,95.000000,3,5.919887e-11,3.912906e-10,3.409453e-16,-9.621765e-21,-2.440248e-11
96,96.000000,3,5.782042e-11,4.067777e-10,3.096844e-16,1.345657e-19,-1.259859e-11
97,97.000000,3,5.772449e-11,4.231491e-10,3.097992e-16,-2.395515e-21,-2.334161e-11
98,98.000000,3,5.495338e-11,4.383409e-10,3.409898e-16,-6.305763e-20,-2.612505e-11
99,99.000000,3,5.258727e-11,4.543450e-10,3.100250e-16,5.808131e-20,4.944783e-11
100,100.000000,3,5.174172e-11,4.692668e-10,3.101370e-16,3.566803e-20,-1.047029e-10
101,101.000000,3,4.911982e-11,4.849006e-10,3.410143e-16,6.035110e-21,-1.376150e-10
102,102.000000,3,4.775202e-11,4.995631e-10,3.410218e-16,-1.899207e-20,1.119180e-10
103,103.000000,3,4.546052e-11,5.148539e-10,3.104685e-16,9.035459e-20,2.794265e-12
104,104.000000,3,4.417799e-11,5.292535e-10,3.410194e-16,-1.022925e-19,-3.464129e-11
105,105.000000,3,4.274980e-11,5.442313e-10,3.410426e-16,-7.874759e-22,1.006963e-10
106,106.000000,3,4.042988e-11,5.583849e-10,3.410490e-16,4.248400e-21,9.418688e-12
107,107.000000,3,3.810641e-11,5.730461e-10,3.109010e-16,6.015257e-21,-1.871736e-11
108,108.000000,3,3.614176e-11,5.869620e-10,3.110077e-16,-1.246131e-19,-9.947465e-11
109,109.000000,3,3.543477e-11,6.013314e-10,3.111132e-16,-5.040508e-20,-1.597957e-10
110,110.000000,3,3.318235e-11,6.150072e-10,3.410554e-16,-2.460366e-20,-3.035616e-11
111,111.000000,3,3.064926e-11,6.290990e-10,3.891538e-16,1.095187e-20,-3.663031e-11
112,112.000000,3,2.862777e-11,6.425647e-10,3.410810e-16,1.014653e-19,-7.077267e-11
113,113.000000,3,2.642864e-11,6.563861e-10,3.115282e-16,-1.255793e-19,7.242329e-11
114,114.000000,3,2.454570e-11,6.696337e-10,3.116329e-16,-1.201728e-20,-6.143458e-11
115,115.000000,3,2.214406e-11,6.831837e-10,3.410777e-16,3.689887e-20,4.075357e-11
116,116.000000,3,2.156852e-11,6.962209e-10,3.118365e-16,-1.598841e-19,-1.245659e-11
117,117.000000,3,1.793765e-11,7.095369e-10,3.899185e-16,-7.934316e-21,2.673262e-11
118,118.000000,3,1.727329e-11,7.223719e-10,3.120375e-16,3.882455e-20,3.727885e-11
119,119.000000,3,1.366018e-11,7.354495e-10,3.410906e-16,2.828958e-20,6.187906e-11
120,120.000000,3,1.276845e-11,7.480900e-10,3.122337e-16,2.555657e-20,-4.555467e-11
121,121.000000,3,1.166711e-11,7.447984e-10,3.411113e-16,2.664845e-20,6.372691e-11
122,122.000000,3,1.417533e-11,7.354211e-10,3.124304e-16,-5.241016e-21,-9.025203e-11
123,123.000000,3,1.405809e-11,7.351608e-10,3.411173e-16,1.682154e-20,9.519441e-11
124,124.000000,3,1.315925e-11,7.354903e-10,3.907846e-16,-2.267798e-20,-1.919764e-11
125,125.000000,3,1.384137e-11,7.380043e-10,3.127246e-16,-1.369811e-19,-4.472223e-11
126,126.000000,3,1.470468e-11,7.407137e-10,3.411260e-16,-5.621519e-20,7.573397e-11
127,127.000000,3,1.144684e-11,7.445244e-10,3.411288e-16,-1.414545e-19,2.742240e-11
128,128.000000,3,1.125144e-11,7.483743e-10,3.130120e-16,-2.476910e-20,-1.934076e-10
129,129.000000,3,1.000799e-11,7.529417e-10,3.131039e-16,1.773078e-19,3.917944e-11
130,130.000000,3,9.336532e-12,7.574616e-10,3.915019e-16,8.369083e-20,-1.730993e-11
131,131.000000,3,9.059420e-12,7.625021e-10,3.916157e-16,2.372685e-19,9.441636e-11
132,132.000000,3,8.995471e-12,7.674701e-10,3.411411e-16,-2.603965e-20,-4.549161e-11
133,133.000000,3,8.594014e-12,7.728120e-10,3.411432e-16,2.095745e-20,4.560230e-11
134,134.000000,3,7.627676e-12,7.780838e-10,3.135760e-16,-1.122054e-19,-1.631495e-11
135,135.000000,3,8.601120e-12,7.836656e-10,3.136688e-16,6.613474e-20,-1.111595e-10
136,136.000000,3,6.693313e-12,7.891461e-10,3.137607e-16,-8.238057e-20,-3.641742e-11
137,137.000000,3,7.585044e-12,7.948802e-10,3.411504e-16,-3.061892e-20,1.826531e-10
138,138.000000,3,8.096634e-12,8.005188e-10,3.139443e-16,-7.729176e-20,-5.827261e-11
139,139.000000,3,7.499779e-12,8.063767e-10,3.140314e-16,1.011807e-20,-7.537149e-11
140,140.000000,3,8.260059e-12,8.121166e-10,3.926524e-16,7.550505e-21,-5.835432e-11
141,141.000000,3,7.357670e-12,8.180470e-10,3.142160e-16,-1.739131e-19,-4.826672e-11
142,142.000000,3,7.329248e-12,8.238645e-10,3.143057e-16,-1.156729e-20,9.056711e-11
143,143.000000,3,7.382539e-12,8.298531e-10,3.411572e-16,-1.660317e-19,-1.657663e-11
144,144.000000,3,7.979395e-12,8.357395e-10,3.411579e-16,-2.142067e-20,6.626588e-12
145,145.000000,3,9.116263e-12,8.417520e-10,3.145731e-16,-8.529886e-20,-1.321026e-10
146,146.000000,3,1.027800e-11,8.476699e-10,3.146612e-16,2.812414e-20,1.936067e-10
147,147.000000,3,1.219291e-11,8.537073e-10,3.147493e-16,-3.700475e-20,-5.981227e-11
148,148.000000,3,1.267253e-11,8.596541e-10,3.148371e-16,-2.185080e-20,2.576606e-11
149,149.000000,3,1.563549e-11,8.656889e-10,3.149241e-16,4.742061e-20,4.701051e-11
150,150.000000,3,1.437073e-11,8.716525e-10,3.411454e-16,-4.505818e-20,2.616041e-11
151,151.000000,3,1.748646e-11,8.776881e-10,3.150976e-16,-3.044025e-21,-3.507761e-11
152,152.000000,3,1.931255e-11,8.836571e-10,3.151795e-16,9.930800e-20,4.592793e-11
153,153.000000,3,2.075140e-11,8.896897e-10,3.411580e-16,3.621066e-20,2.455103e-11
154,154.000000,3,2.004086e-11,8.956311e-10,3.153548e-16,1.359819e-19,1.046123e-10
155,155.000000,3,2.333778e-11,9.016698e-10,3.411430e-16,2.489483e-20,-5.692091e-11
156,156.000000,3,2.520650e-11,9.076047e-10,3.155202e-16,5.898790e-20,-4.925127e-11
157,157.000000,3,2.791012e-11,9.136034e-10,3.156089e-16,9.357067e-21,-6.795320e-11
158,158.000000,3,2.838618e-11,9.195240e-10,3.411534e-16,-1.524659e-20,-2.883571e-11
159,159.000000,3,3.137046e-11,9.255010e-10,3.157768e-16,3.406661e-20,-3.784784e-11
160,160.000000,3,3.142020e-11,9.314087e-10,3.411507e-16,-8.989799e-20,8.954959e-11
161,161.000000,3,3.348433e-11,9.373582e-10,3.159431e-16,6.426862e-20,-6.153167e-11
162,162.000000,3,3.474199e-11,9.432362e-10,3.411474e-16,4.675225e-20,3.535461e-11
163,163.000000,3,3.725376e-11,9.491581e-10,3.161081e-16,-3.243210e-20,-8.681833e-12
164,164.000000,3,3.891998e-11,9.550121e-10,3.161853e-16,-4.192151e-20,7.408185e-12
165,165.000000,3,3.974421e-11,9.608923e-10,3.162719e-16,-3.249827e-20,-1.485072e-10
166,166.000000,3,4.020961e-11,9.667285e-10,3.163533e-16,-2.907044e-20,4.101608e-11
167,167.000000,3,4.254019e-11,9.725807e-10,3.164341e-16,-7.081990e-20,1.099552e-10
168,168.000000,3,4.516210e-11,9.783836e-10,3.411345e-16,4.905512e-20,3.948730e-12
169,169.000000,3,4.719425e-11,9.841874e-10,3.165955e-16,-8.621207e-20,2.804013e-11
170,170.000000,3,4.793321e-11,9.899539e-10,3.166704e-16,-1.784857e-19,3.745582e-11
171,171.000000,3,4.886402e-11,9.957377e-10,3.167500e-16,-1.268101e-19,8.062739e-11
172,172.000000,3,5.150369e-11,1.001469e-09,3.168346e-16,-8.159310e-20,1.896505e-11
173,173.000000,3,5.434586e-11,1.007214e-09,3.961360e-16,-6.442083e-20,-1.459233e-11
174,174.000000,3,5.571010e-11,1.012911e-09,3.169925e-16,-2.568230e-20,-4.100364e-11
175,175.000000,3,5.712408e-11,1.018605e-09,3.170658e-16,-1.156729e-20,-1.671263e-11
176,176.000000,3,5.923795e-11,1.024270e-09,3.411103e-16,2.653595e-20,7.720324e-11
177,177.000000,3,6.146905e-11,1.029940e-09,3.411067e-16,3.255121e-20,-4.284695e-11
178,178.000000,3,6.251355e-11,1.035573e-09,3.173047e-16,1.068784e-19,8.144130e-11
179,179.000000,3,6.450307e-11,1.041194e-09,3.410992e-16,6.218413e-20,5.946987e-11
180,180.000000,3,6.702905e-11,1.046776e-09,3.174593e-16,-4.134580e-20,-2.746869e-11
181,181.000000,3,6.547651e-11,1.039419e-09,3.175359e-16,2.785283e-20,9.650114e-11
182,182.000000,3,6.270540e-11,1.027553e-09,3.176122e-16,4.189504e-20,6.076362e-11
183,183.000000,3,6.194156e-11,1.022946e-09,3.971036e-16,-1.943544e-20,4.994538e-11
184,184.000000,3,6.107115e-11,1.019091e-09,3.410816e-16,6.908612e-20,2.939760e-11
185,185.000000,3,5.968204e-11,1.016856e-09,3.178401e-16,3.184976e-20,-2.635214e-11
186,186.000000,3,5.896794e-11,1.015023e-09,3.179155e-16,1.121061e-19,-1.232558e-11
187,187.000000,3,6.031442e-11,1.013932e-09,3.410720e-16,-7.168016e-20,-1.348792e-10
188,188.000000,3,6.009770e-11,1.013116e-09,3.410689e-16,6.749794e-21,-1.938857e-10
189,189.000000,3,6.151168e-11,1.012745e-09,3.410657e-16,5.571889e-20,-1.305511e-12
190,190.000000,3,6.104983e-11,1.012554e-09,3.182154e-16,-4.902203e-20,-6.886747e-11
191,191.000000,3,6.104273e-11,1.012673e-09,3.182900e-16,-3.282914e-20,8.262036e-11
192,192.000000,3,6.230039e-11,1.012920e-09,3.410438e-16,6.736559e-21,-4.179701e-11
193,193.000000,3,6.165379e-11,1.013412e-09,3.184384e-16,1.506858e-19,9.532042e-12
194,194.000000,3,6.266276e-11,1.013987e-09,3.185122e-16,-7.542564e-20,-3.270662e-11
195,195.000000,3,6.299317e-11,1.014745e-09,3.185860e-16,1.287755e-20,1.438616e-11
196,196.000000,3,6.350120e-11,1.015571e-09,3.186598e-16,-6.141651e-20,8.913448e-11
197,197.000000,3,6.370371e-11,1.016528e-09,3.410393e-16,-1.184258e-19,-1.421152e-10
198,198.000000,3,6.526690e-11,1.017573e-09,3.410238e-16,-1.095319e-19,9.191992e-11
199,199.000000,3,6.405543e-11,1.018718e-09,3.188731e-16,1.666405e-19,4.581557e-11
200,200.000000,3,6.530598e-11,1.019917e-09,3.410288e-16,-4.035980e-20,-3.027656e-11
201,201.000000,3,6.631495e-11,1.021221e-09,3.190240e-16,-2.132141e-20,-7.541967e-11
202,202.000000,3,6.603784e-11,1.022556e-09,3.190962e-16,-1.147200e-19,5.972212e-11
203,203.000000,3,6.716760e-11,1.023961e-09,3.191683e-16,-6.383187e-20,8.213852e-11
204,204.000000,3,6.926371e-11,1.025419e-09,3.192405e-16,-6.722001e-20,-7.128520e-11
205,205.000000,3,6.948753e-11,1.026927e-09,3.193119e-16,1.369811e-20,4.279266e-11
206,206.000000,3,6.998846e-11,1.028481e-09,3.193833e-16,4.544861e-20,-4.963141e-11
207,207.000000,3,7.230838e-11,1.030095e-09,3.194547e-16,4.465452e-20,-7.248546e-11
208,208.000000,3,7.320367e-11,1.031727e-09,3.195260e-16,4.595154e-20,1.273364e-10
209,209.000000,3,7.411671e-11,1.033392e-09,3.195968e-16,-2.666830e-20,-2.918332e-12
210,210.000000,3,7.428724e-11,1.035112e-09,3.995769e-16,-6.752441e-20,6.734624e-11
211,211.000000,3,7.419487e-11,1.036854e-09,3.197379e-16,-4.019436e-20,-1.359828e-10
212,212.000000,3,7.642598e-11,1.038627e-09,3.409826e-16,1.078710e-19,-1.430021e-10
213,213.000000,3,7.704770e-11,1.040440e-09,3.409784e-16,-5.578506e-21,-2.634037e-11
214,214.000000,3,7.786838e-11,1.042265e-09,3.199482e-16,-5.709531e-20,1.682412e-10
215,215.000000,3,7.756285e-11,1.044122e-09,3.409698e-16,1.902515e-20,3.748923e-11
216,216.000000,3,7.836931e-11,1.045986e-09,4.001095e-16,-5.732693e-20,1.021914e-10
217,217.000000,3,8.020606e-11,1.047887e-09,3.409496e-16,3.767973e-20,2.382883e-11
218,218.000000,3,8.265033e-11,1.049810e-09,3.202260e-16,1.226213e-20,-7.053447e-11
219,219.000000,3,8.123990e-11,1.051738e-09,3.202889e-16,6.399731e-20,3.399625e-11
220,220.000000,3,8.430590e-11,1.053683e-09,3.203638e-16,5.252928e-20,9.264811e-12
221,221.000000,3,8.296652e-11,1.055668e-09,3.204325e-16,1.716102e-19,-9.373058e-12
222,222.000000,3,8.614265e-11,1.057646e-09,3.205007e-16,-5.227781e-20,4.108935e-13
223,223.000000,3,8.672529e-11,1.059656e-09,3.205688e-16,-8.887229e-21,1.208469e-10
224,224.000000,3,8.805756e-11,1.061682e-09,3.206369e-16,1.339106e-19,7.762357e-11
225,225.000000,3,8.693846e-11,1.063699e-09,3.207050e-16,1.669581e-20,-8.588130e-11
226,226.000000,3,8.994050e-11,1.065740e-09,3.409189e-16,-4.280163e-20,4.976819e-11
227,227.000000,3,9.036683e-11,1.067803e-09,4.010497e-16,-3.010937e-20,8.309398e-11
228,228.000000,3,9.135803e-11,1.069854e-09,3.409089e-16,8.503417e-21,2.283584e-11
229,229.000000,3,9.229950e-11,1.071928e-09,3.209743e-16,6.015257e-20,-3.973000e-11
230,230.000000,3,9.371348e-11,1.074020e-09,3.408987e-16,3.084391e-20,-1.054192e-10
231,231.000000,3,9.401901e-11,1.076105e-09,3.211016e-16,-1.436052e-19,4.383793e-11
232,232.000000,3,9.614354e-11,1.078212e-09,3.211742e-16,-3.925468e-20,-9.794965e-11
233,233.000000,3,9.687540e-11,1.080314e-09,3.212407e-16,1.833032e-20,6.594458e-11
234,234.000000,3,9.782042e-11,1.082430e-09,3.213071e-16,-1.911118e-20,-2.066769e-11
235,235.000000,3,9.876899e-11,1.084560e-09,3.408721e-16,-1.916412e-20,1.930445e-11
236,236.000000,3,9.979928e-11,1.086680e-09,3.408556e-16,1.124304e-20,2.447087e-11
237,237.000000,3,1.006057e-10,1.088814e-09,3.215043e-16,-5.936510e-20,-6.267653e-11
238,238.000000,3,1.011138e-10,1.090966e-09,3.215636e-16,-2.039497e-20,1.942844e-10
239,239.000000,3,1.039311e-10,1.093106e-09,4.020439e-16,-1.185317e-19,8.663159e-11
240,240.000000,3,1.050502e-10,1.095249e-09,3.217001e-16,3.206814e-20,-5.773215e-11
241,241.000000,3,1.181562e-10,1.138611e-09,3.217650e-16,1.396678e-19,-1.314296e-10
242,242.000000,3,1.355644e-10,1.195940e-09,3.408287e-16,-1.814503e-20,7.222689e-11
243,243.000000,3,1.486029e-10,1.230005e-09,3.218946e-16,1.438633e-19,7.976297e-11
244,244.000000,3,1.596767e-10,1.261593e-09,3.219520e-16,6.895378e-21,-5.702394e-11
245,245.000000,3,1.705978e-10,1.288008e-09,3.220224e-16,1.890075e-19,-1.235012e-12
246,246.000000,3,1.787690e-10,1.312995e-09,3.220791e-16,5.223811e-20,-5.096579e-11
247,247.000000,3,1.872174e-10,1.335588e-09,2.555833e-16,-2.261843e-20,-3.183942e-11
248,248.000000,3,1.961595e-10,1.357219e-09,3.222120e-16,-7.008536e-20,-3.498701e-11
249,249.000000,3,2.047180e-10,1.377431e-09,3.222742e-16,-1.811195e-20,1.055974e-10
250,250.000000,3,2.144240e-10,1.396928e-09,3.407417e-16,1.210397e-19,5.057066e-11
251,251.000000,3,2.232809e-10,1.415467e-09,4.029875e-16,-7.891303e-20,1.573786e-11
252,252.000000,3,2.295586e-10,1.433441e-09,3.407159e-16,-5.293956e-22,-7.200851e-11
253,253.000000,3,2.372822e-10,1.450728e-09,3.407024e-16,2.742931e-20,-1.133826e-11
254,254.000000,3,2.442029e-10,1.467547e-09,3.406887e-16,8.379009e-20,-1.245296e-10
255,255.000000,3,2.517559e-10,1.483847e-09,3.226315e-16,-7.651090e-20,1.073786e-11
256,256.000000,3,2.591705e-10,1.499759e-09,3.406602e-16,1.177971e-19,-3.722056e-11
257,257.000000,3,2.661444e-10,1.515250e-09,3.227502e-16,-4.828088e-20,8.582079e-11
258,258.000000,3,2.720668e-10,1.530398e-09,3.228174e-16,-5.491156e-20,1.729694e-11
259,259.000000,3,2.791474e-10,1.545214e-09,3.228757e-16,-3.805031e-21,4.187128e-11
260,260.000000,3,2.858300e-10,1.559735e-09,3.229337e-16,-1.198618e-19,-2.801070e-11
261,261.000000,3,2.932836e-10,1.573954e-09,3.405737e-16,8.211587e-20,-3.306910e-11
262,262.000000,3,2.998739e-10,1.587920e-09,3.230491e-16,-7.139561e-20,6.185052e-11
263,263.000000,3,3.066454e-10,1.601649e-09,3.231062e-16,4.120683e-20,9.529255e-11
264,264.000000,3,3.136655e-10,1.615134e-09,3.231627e-16,-1.765534e-20,1.959222e-11
265,265.000000,3,3.208136e-10,1.628418e-09,3.232190e-16,5.767765e-20,4.378498e-11
266,266.000000,3,3.271126e-10,1.641486e-09,3.232657e-16,6.515536e-20,-6.742829e-11
267,267.000000,3,3.329959e-10,1.654367e-09,3.404843e-16,4.435012e-20,8.928192e-11
268,268.000000,3,3.394867e-10,1.667065e-09,3.233864e-16,6.009963e-20,-9.036283e-11
269,269.000000,3,3.465672e-10,1.679585e-09,3.404491e-16,-7.582268e-20,1.386917e-10
270,270.000000,3,3.534559e-10,1.691932e-09,3.234960e-16,7.064784e-20,-3.977851e-11
271,271.000000,3,3.583267e-10,1.704120e-09,3.404028e-16,2.852119e-21,-1.448639e-10
272,272.000000,3,3.655671e-10,1.716164e-09,3.236047e-16,5.209253e-20,-2.960443e-11
273,273.000000,3,3.731131e-10,1.728065e-09,3.236587e-16,1.332356e-19,-2.320022e-11
274,274.000000,3,3.789147e-10,1.739812e-09,3.403573e-16,-9.241924e-20,3.635903e-11
275,275.000000,3,3.855227e-10,1.751429e-09,3.403383e-16,-8.310849e-20,1.605593e-11
276,276.000000,3,3.911076e-10,1.762930e-09,3.238075e-16,1.333150e-19,-8.944501e-11
277,277.000000,3,3.995915e-10,1.774287e-09,3.238706e-16,9.050679e-20,4.995426e-11
278,278.000000,3,4.049170e-10,1.785534e-09,3.239231e-16,-1.202191e-19,6.894196e-11
279,279.000000,3,4.114966e-10,1.796661e-09,3.239750e-16,-5.334984e-20,-3.001666e-11
280,280.000000,3,4.179377e-10,1.807686e-09,3.240266e-16,1.455308e-19,-5.015388e-11
281,281.000000,3,4.227587e-10,1.818582e-09,3.240670e-16,-3.836133e-20,5.048140e-11
282,282.000000,3,4.325642e-10,1.829404e-09,3.241291e-16,4.177593e-20,-2.851119e-11
283,283.000000,3,4.367671e-10,1.840095e-09,3.241801e-16,-2.570877e-20,5.462164e-11
284,284.000000,3,4.434568e-10,1.850690e-09,3.242307e-16,-1.254866e-19,-4.269918e-11
285,285.000000,3,4.504201e-10,1.861212e-09,3.401273e-16,8.033578e-20,6.526002e-11
286,286.000000,3,4.550422e-10,1.871619e-09,3.243308e-16,-1.008829e-19,7.114620e-11
287,287.000000,3,4.618705e-10,1.881943e-09,3.243691e-16,-1.001087e-19,-1.394018e-11
288,288.000000,3,4.689831e-10,1.892187e-09,3.244301e-16,4.810882e-20,1.291620e-10
289,289.000000,3,4.761525e-10,1.902345e-09,3.244794e-16,5.759824e-20,-1.016121e-11
290,290.000000,3,4.827889e-10,1.912393e-09,3.245282e-16,-5.535493e-20,-1.230016e-11
291,291.000000,3,4.884839e-10,1.922380e-09,3.400076e-16,1.227933e-19,4.421241e-11
292,292.000000,3,4.943281e-10,1.932283e-09,3.246132e-16,-5.239031e-20,-6.656231e-12
293,293.000000,3,5.004281e-10,1.942110e-09,3.246732e-16,-2.213535e-20,-1.512301e-11
294,294.000000,3,5.070291e-10,1.951858e-09,3.399404e-16,2.405441e-20,-5.283263e-11
295,295.000000,3,5.135803e-10,1.961528e-09,3.247688e-16,-3.381514e-21,3.194534e-11
296,296.000000,3,5.202203e-10,1.971141e-09,3.248160e-16,-9.077149e-20,7.586021e-11
297,297.000000,3,5.262599e-10,1.980673e-09,3.248630e-16,-8.490844e-20,3.998757e-11
298,298.000000,3,5.338272e-10,1.990132e-09,3.398484e-16,6.021875e-20,5.499157e-12
299,299.000000,3,5.382965e-10,1.999522e-09,3.249564e-16,-2.938807e-20,1.827583e-11
300,300.000000,3,5.457537e-10,2.008855e-09,3.398014e-16,1.192199e-19,-3.998601e-11
301,301.000000,3,5.390497e-10,1.986919e-09,3.397786e-16,-2.748225e-20,-2.979861e-11
302,302.000000,3,5.253185e-10,1.954453e-09,3.250818e-16,-4.374131e-21,-9.308709e-11
303,303.000000,3,5.184049e-10,1.939679e-09,3.251272e-16,1.197758e-21,-3.499223e-11
304,304.000000,3,5.140137e-10,1.926700e-09,3.251854e-16,1.627296e-19,2.574629e-11
305,305.000000,3,5.102336e-10,1.917615e-09,3.396828e-16,-1.222176e-19,1.094580e-10
306,306.000000,3,5.052918e-10,1.909542e-09,3.252631e-16,-2.203609e-21,-5.603851e-11
307,307.000000,3,5.051604e-10,1.903242e-09,3.253209e-16,-8.027622e-20,-7.217649e-11
308,308.000000,3,5.016467e-10,1.897623e-09,3.253657e-16,-1.992513e-20,1.657541e-11
309,309.000000,3,4.986163e-10,1.893021e-09,3.254105e-16,7.062799e-20,1.545055e-10
310,310.000000,3,4.995684e-10,1.888913e-09,3.254554e-16,7.179928e-21,-1.098395e-10
311,311.000000,3,4.975824e-10,1.885471e-09,3.255002e-16,2.003762e-20,7.669199e-12
312,312.000000,3,4.967369e-10,1.882414e-09,3.395478e-16,-1.786710e-20,6.003975e-11
313,313.000000,3,4.970566e-10,1.879813e-09,3.395275e-16,1.944867e-20,-4.506373e-11
314,314.000000,3,4.982041e-10,1.877512e-09,3.256338e-16,4.691768e-21,-1.323637e-10
315,315.000000,3,4.975043e-10,1.875561e-09,3.256783e-16,1.330106e-21,-4.150236e-11
316,316.000000,3,4.960121e-10,1.873860e-09,3.257227e-16,-8.613266e-20,-1.941780e-11
317,317.000000,3,4.979483e-10,1.872432e-09,3.257671e-16,1.797298e-20,6.926237e-12
318,318.000000,3,5.002185e-10,1.871192e-09,3.394171e-16,2.537790e-20,-5.575607e-11
319,319.000000,3,4.973195e-10,1.870168e-09,3.258426e-16,1.457426e-19,-1.763123e-11
320,320.000000,3,5.002434e-10,1.869307e-09,3.393863e-16,-1.113716e-19,6.945844e-11
321,321.000000,3,4.994938e-10,1.868638e-09,3.393662e-16,-6.696854e-21,-4.056777e-11
322,322.000000,3,5.002114e-10,1.868094e-09,3.259872e-16,4.374131e-20,-1.191951e-10
323,323.000000,3,4.995577e-10,1.867710e-09,3.260312e-16,-8.520622e-20,3.576850e-11
324,324.000000,3,5.010676e-10,1.867461e-09,3.260748e-16,1.923029e-20,-3.360845e-11
325,325.000000,3,5.022613e-10,1.867312e-09,3.261183e-16,1.628818e-19,-6.984413e-12
326,326.000000,3,5.045813e-10,1.867276e-09,3.261618e-16,6.080770e-20,9.552803e-11
327,327.000000,3,5.034160e-10,1.867337e-09,3.262052e-16,-1.038277e-20,-5.791234e-11
328,328.000000,3,5.064038e-10,1.867491e-09,3.392165e-16,-5.606299e-20,-1.894318e-10
329,329.000000,3,5.073773e-10,1.867754e-09,3.262921e-16,-2.314782e-20,-6.513212e-11
330,330.000000,3,5.085070e-10,1.868075e-09,3.391764e-16,3.092994e-20,6.949774e-11
331,331.000000,3,5.111822e-10,1.868487e-09,3.391564e-16,-2.223461e-21,-1.037996e-10
332,332.000000,3,5.109726e-10,1.868968e-09,3.264210e-16,1.760240e-21,-2.195022e-11
333,333.000000,3,5.131078e-10,1.869520e-09,3.264639e-16,-3.007629e-20,1.671090e-10
334,334.000000,3,5.153815e-10,1.870132e-09,3.265068e-16,-1.054424e-19,-8.106182e-11
335,335.000000,3,5.143193e-10,1.870804e-09,3.265497e-16,-4.987568e-20,-4.150724e-11
336,336.000000,3,5.173497e-10,1.871526e-09,3.390558e-16,-5.152343e-20,-5.867218e-11
337,337.000000,3,5.182379e-10,1.872317e-09,3.266345e-16,-2.607273e-20,-3.222755e-12
338,338.000000,3,5.186962e-10,1.873151e-09,3.266768e-16,-5.183445e-20,8.058820e-11
339,339.000000,3,5.214886e-10,1.874035e-09,3.267064e-16,6.399069e-20,5.138512e-11
340,340.000000,3,5.228067e-10,1.874956e-09,3.267615e-16,-1.803915e-20,-1.359319e-10
341,341.000000,3,5.253682e-10,1.875927e-09,3.389638e-16,-9.611177e-20,4.052114e-11
342,342.000000,3,5.255423e-10,1.876936e-09,3.389435e-16,-6.138342e-20,-1.268985e-12
343,343.000000,3,5.278551e-10,1.877987e-09,2.541924e-16,2.433234e-20,2.807155e-11
344,344.000000,3,5.292016e-10,1.879072e-09,3.269162e-16,1.516983e-19,1.387335e-11
345,345.000000,3,5.319691e-10,1.880193e-09,3.269708e-16,-6.297161e-20,5.324052e-11
346,346.000000,3,5.341008e-10,1.881345e-09,3.388621e-16,-6.722662e-20,-1.582312e-11
347,347.000000,3,5.345875e-10,1.882519e-09,3.270541e-16,-6.663767e-21,7.556511e-11
348,348.000000,3,5.375860e-10,1.883740e-09,3.270953e-16,-6.428848e-20,-1.322706e-10
349,349.000000,3,5.387797e-10,1.884977e-09,3.271365e-16,-4.648093e-20,3.720912e-11
350,350.000000,3,5.400587e-10,1.886234e-09,3.271776e-16,-7.411538e-22,4.162337e-11
351,351.000000,3,5.412701e-10,1.887531e-09,3.272187e-16,2.781312e-20,1.332017e-10
352,352.000000,3,5.446879e-10,1.888851e-09,3.387392e-16,4.366852e-20,2.843370e-11
353,353.000000,3,5.458389e-10,1.890190e-09,3.387186e-16,-1.259962e-20,-6.735279e-12
354,354.000000,3,5.477929e-10,1.891568e-09,3.273414e-16,1.051512e-20,-1.381983e-11
355,355.000000,3,5.495302e-10,1.892946e-09,3.273819e-16,8.058724e-20,8.588019e-12
356,356.000000,3,5.518501e-10,1.894361e-09,3.386567e-16,-7.265293e-20,3.896439e-12
357,357.000000,3,5.547847e-10,1.895786e-09,3.386272e-16,-2.722417e-20,5.630230e-11
358,358.000000,3,5.560565e-10,1.897221e-09,3.275033e-16,2.080525e-20,-2.286393e-11
359,359.000000,3,5.585541e-10,1.898687e-09,3.385945e-16,5.968274e-20,8.947820e-11
360,360.000000,3,5.609166e-10,1.900162e-09,3.385736e-16,6.770970e-20,3.510037e-11
361,361.000000,3,5.650946e-10,1.907895e-09,3.276236e-16,1.124238e-19,1.092082e-11
362,362.000000,3,5.707221e-10,1.917735e-09,3.385314e-16,-1.205698e-19,-9.542878e-11
363,363.000000,3,5.773089e-10,1.924015e-09,3.277033e-16,4.060464e-20,6.694090e-11
364,364.000000,3,5.814798e-10,1.929925e-09,3.384884e-16,4.814191e-20,-7.780154e-11
365,365.000000,3,5.847447e-10,1.935065e-09,3.277828e-16,-1.091217e-20,1.120453e-10
366,366.000000,3,5.901413e-10,1.940005e-09,3.384451e-16,6.196575e-20,-1.084239e-10
367,367.000000,3,5.923049e-10,1.944584e-09,3.384233e-16,7.563740e-21,5.038214e-11
368,368.000000,3,5.984369e-10,1.949023e-09,3.384014e-16,-1.357900e-20,3.323719e-11
369,369.000000,3,6.031051e-10,1.953263e-09,3.279262e-16,3.125419e-20,8.265122e-11
370,370.000000,3,6.054606e-10,1.957414e-09,3.279785e-16,3.324604e-20,1.222318e-10
371,371.000000,3,6.088428e-10,1.961420e-09,3.280040e-16,-2.846825e-20,2.361533e-11
372,372.000000,3,6.142358e-10,1.965354e-09,3.383129e-16,4.266267e-20,4.241052e-13
373,373.000000,3,6.162750e-10,1.969196e-09,3.280944e-16,9.012960e-21,-4.478773e-11
374,374.000000,3,6.216503e-10,1.972964e-09,3.382682e-16,-7.894612e-21,-6.616530e-11
375,375.000000,3,6.244605e-10,1.976683e-09,3.281709e-16,5.653945e-20,-1.978331e-10
376,376.000000,3,6.294307e-10,1.980338e-09,3.282090e-16,-2.528526e-20,-1.245271e-10
377,377.000000,3,6.309904e-10,1.983926e-09,3.382005e-16,1.555100e-20,5.608181e-12
378,378.000000,3,6.352074e-10,1.987476e-09,3.282850e-16,-1.338047e-19,-1.238758e-10
379,379.000000,3,6.386145e-10,1.991000e-09,4.103861e-16,-1.264925e-19,1.281617e-10
380,380.000000,3,6.417160e-10,1.994480e-09,3.381322e-16,-1.056144e-20,1.254485e-11
381,381.000000,3,6.456915e-10,1.997917e-09,3.283974e-16,-2.304194e-20,5.964629e-11
382,382.000000,3,6.500684e-10,2.001329e-09,3.284346e-16,-1.463779e-20,1.243148e-10
383,383.000000,3,6.526797e-10,2.004693e-09,3.284719e-16,-2.815723e-20,5.868617e-11
384,384.000000,3,6.547936e-10,2.008037e-09,3.285090e-16,1.850899e-20,-5.861089e-11
385,385.000000,3,6.594796e-10,2.011375e-09,3.285459e-16,4.673901e-20,2.534239e-11
386,386.000000,3,6.626060e-10,2.014669e-09,3.285825e-16,1.194316e-19,-5.387468e-11
387,387.000000,3,6.675194e-10,2.017936e-09,3.286191e-16,-1.522012e-20,-1.010025e-10
388,388.000000,3,6.708163e-10,2.021181e-09,3.379471e-16,-9.038106e-20,-6.232881e-11
389,389.000000,3,6.752003e-10,2.024409e-09,3.286919e-16,-5.346234e-20,2.288747e-11
390,390.000000,3,6.763088e-10,2.027616e-09,3.287283e-16,2.616538e-20,-5.889733e-11
391,391.000000,3,6.797372e-10,2.030801e-09,3.287645e-16,-2.183095e-20,7.355228e-11
392,392.000000,3,6.855423e-10,2.033977e-09,3.378530e-16,1.289740e-20,2.309508e-11
393,393.000000,3,6.861249e-10,2.037122e-09,3.288361e-16,7.765572e-20,5.064393e-12
394,394.000000,3,6.905303e-10,2.040260e-09,3.378056e-16,-1.643112e-20,1.060729e-11
395,395.000000,3,6.947189e-10,2.043387e-09,3.289074e-16,-7.740425e-20,-4.386647e-11
396,396.000000,3,6.990426e-10,2.046475e-09,3.289429e-16,4.504495e-20,-1.182108e-10
397,397.000000,3,7.013732e-10,2.049565e-09,3.289784e-16,5.046463e-20,-1.387246e-11
398,398.000000,3,7.058070e-10,2.052650e-09,3.290137e-16,4.826764e-20,-1.192129e-10
399,399.000000,3,7.085568e-10,2.055699e-09,3.290486e-16,5.237708e-20,-1.171707e-11
400,400.000000,3,7.115943e-10,2.058747e-09,3.376618e-16,-1.165398e-19,3.037215e-11
401,401.000000,3,7.153567e-10,2.061776e-09,3.291183e-16,1.221183e-19,-1.441360e-10
402,402.000000,3,7.195844e-10,2.064799e-09,3.291531e-16,-4.757943e-21,-3.828027e-11
403,403.000000,3,7.219008e-10,2.067804e-09,3.291877e-16,3.103582e-21,5.187095e-11
404,404.000000,3,7.240786e-10,2.070799e-09,3.375648e-16,1.013263e-19,1.495226e-11
405,405.000000,3,7.284946e-10,2.073771e-09,3.292567e-16,5.495126e-20,2.316392e-11
406,406.000000,3,7.313901e-10,2.076741e-09,3.375159e-16,-1.081820e-19,1.778107e-10
407,407.000000,3,7.355645e-10,2.079703e-09,3.293103e-16,-1.687515e-19,1.455458e-11
408,408.000000,3,7.390604e-10,2.082649e-09,3.374668e-16,2.900426e-20,1.017315e-10
409,409.000000,3,7.429684e-10,2.085583e-09,3.293927e-16,-3.311369e-20,-3.137024e-11
410,410.000000,3,7.454908e-10,2.088504e-09,3.374093e-16,-5.859086e-20,-4.627676e-11
411,411.000000,3,7.497114e-10,2.091423e-09,3.294602e-16,-5.706884e-20,3.219625e-11
412,412.000000,3,7.527028e-10,2.094341e-09,3.294937e-16,8.244675e-20,-2.138090e-11
413,413.000000,3,7.565539e-10,2.097218e-09,3.295270e-16,-3.076450e-20,-5.642620e-11
414,414.000000,3,7.590586e-10,2.100103e-09,3.295602e-16,3.576729e-20,7.066103e-11
415,415.000000,3,7.627214e-10,2.102985e-09,3.295785e-16,-4.352294e-20,-5.236456e-11
416,416.000000,3,7.676135e-10,2.105851e-09,3.296264e-16,-3.235931e-21,-8.657963e-11
417,417.000000,3,7.699832e-10,2.108701e-09,3.296445e-16,-9.223395e-20,5.221823e-12
418,418.000000,3,7.754437e-10,2.111554e-09,4.121153e-16,-7.530652e-21,8.671619e-11
419,419.000000,3,7.802505e-10,2.114388e-09,3.297249e-16,1.174927e-19,-7.866818e-12
420,420.000000,3,7.802186e-10,2.117219e-09,3.371672e-16,-4.388028e-20,9.779533e-11
421,421.000000,3,7.722178e-10,2.099397e-09,3.297897e-16,3.141301e-20,2.749734e-11
422,422.000000,3,7.599397e-10,2.074740e-09,3.298220e-16,4.978304e-20,-3.140155e-11
423,423.000000,3,7.526246e-10,2.061906e-09,3.370944e-16,-9.394125e-20,4.339884e-11
424,424.000000,3,7.443504e-10,2.050319e-09,3.298864e-16,-1.008896e-19,-8.931300e-12
425,425.000000,3,7.395897e-10,2.041355e-09,3.299036e-16,-3.439086e-20,-3.386602e-11
426,426.000000,3,7.344951e-10,2.033083e-09,3.299506e-16,3.574082e-20,-3.446932e-11
427,427.000000,3,7.317027e-10,2.026015e-09,3.299824e-16,-1.190478e-20,8.255840e-11
428,428.000000,3,7.286474e-10,2.019427e-09,3.300143e-16,6.456641e-20,1.378453e-12
429,429.000000,3,7.254783e-10,2.013556e-09,3.300462e-16,2.450440e-20,2.094325e-12
430,430.000000,3,7.216769e-10,2.008024e-09,3.300781e-16,1.404222e-20,9.397616e-11
431,431.000000,3,7.190444e-10,2.002957e-09,3.301100e-16,1.028351e-20,6.674972e-11
432,432.000000,3,7.148735e-10,1.998181e-09,3.368871e-16,-5.865041e-20,8.175682e-13
433,433.000000,3,7.147882e-10,1.993743e-09,3.368567e-16,1.902515e-20,-1.168821e-11
434,434.000000,3,7.120988e-10,1.989520e-09,3.302056e-16,-2.269122e-20,-6.219758e-11
435,435.000000,3,7.121983e-10,1.985545e-09,3.368198e-16,-2.485645e-19,3.893486e-11
436,436.000000,3,7.101164e-10,1.981770e-09,3.367897e-16,1.384767e-19,-1.686462e-10
437,437.000000,3,7.091643e-10,1.978195e-09,3.302862e-16,5.214547e-20,6.651368e-11
438,438.000000,3,7.079102e-10,1.974772e-09,3.367531e-16,-1.193324e-19,9.747758e-14
439,439.000000,3,7.061409e-10,1.971506e-09,3.367310e-16,-5.280721e-21,5.874012e-11
440,440.000000,3,7.063505e-10,1.968389e-09,3.303964e-16,8.126222e-20,-2.453349e-11
441,441.000000,3,7.052812e-10,1.965405e-09,3.304134e-16,-3.348427e-21,1.135598e-10
442,442.000000,3,7.034515e-10,1.962534e-09,3.366650e-16,1.874060e-20,6.512679e-11
443,443.000000,3,7.020695e-10,1.959782e-09,3.366431e-16,1.363194e-20,-8.691936e-12
444,444.000000,3,7.021512e-10,1.957135e-09,3.366212e-16,1.677059e-19,-5.775957e-11
445,445.000000,3,7.007905e-10,1.954580e-09,3.305548e-16,1.163479e-19,4.039435e-12
446,446.000000,3,6.995435e-10,1.952125e-09,3.305865e-16,1.309659e-19,-2.688161e-11
447,447.000000,3,7.005028e-10,1.949748e-09,3.365558e-16,2.750872e-20,-2.502776e-11
448,448.000000,3,6.991563e-10,1.947459e-09,3.306496e-16,-3.361000e-20,9.744694e-11
449,449.000000,3,6.983534e-10,1.945247e-09,3.306811e-16,-8.897816e-20,3.186673e-11
450,450.000000,3,6.969394e-10,1.943102e-09,3.307126e-16,-1.084004e-19,6.576295e-12
451,451.000000,3,6.970424e-10,1.941031e-09,3.364691e-16,1.783401e-20,3.583978e-11
452,452.000000,3,6.982610e-10,1.939048e-09,3.307756e-16,8.334010e-20,-1.669893e-10
453,453.000000,3,6.969891e-10,1.937091e-09,3.364260e-16,9.330597e-20,6.349810e-11
454,454.000000,3,6.967937e-10,1.935214e-09,3.363967e-16,-1.586202e-20,9.348344e-11
455,455.000000,3,6.969216e-10,1.933382e-09,3.308698e-16,-5.135137e-21,-9.958145e-11
456,456.000000,3,6.960015e-10,1.931617e-09,3.309011e-16,1.284975e-19,2.169820e-11
457,457.000000,3,6.979448e-10,1.929905e-09,3.363399e-16,-1.333680e-19,6.636447e-11
458,458.000000,3,6.951737e-10,1.928231e-09,3.309492e-16,8.427316e-20,-1.610356e-11
459,459.000000,3,6.966658e-10,1.926616e-09,3.309950e-16,-2.290298e-20,-4.021961e-11
460,460.000000,3,6.981864e-10,1.925043e-09,3.362756e-16,-8.204308e-20,-4.961676e-11
461,461.000000,3,6.958878e-10,1.923503e-09,3.310575e-16,5.269471e-20,-1.486398e-10
462,462.000000,3,6.975469e-10,1.922021e-09,3.362329e-16,4.384719e-20,-1.206435e-11
463,463.000000,3,6.963923e-10,1.920571e-09,3.311052e-16,-1.479528e-19,-9.523515e-11
464,464.000000,3,6.962004e-10,1.919171e-09,3.311506e-16,-7.452566e-20,1.068017e-10
465,465.000000,3,6.980336e-10,1.917790e-09,3.361688e-16,-2.124200e-20,-1.549230e-10
466,466.000000,3,6.954650e-10,1.916460e-09,3.312127e-16,-8.341951e-20,1.395595e-11
467,467.000000,3,6.960086e-10,1.915165e-09,3.312294e-16,7.932993e-20,1.061249e-10
468,468.000000,3,6.969429e-10,1.913896e-09,4.140755e-16,6.749794e-22,8.892220e-12
469,469.000000,3,6.971099e-10,1.912658e-09,3.360837e-16,-6.040404e-20,-3.900946e-11
470,470.000000,3,6.989289e-10,1.911466e-09,3.360624e-16,2.807120e-20,-9.723289e-11
471,471.000000,3,6.995542e-10,1.910290e-09,3.313671e-16,-6.549947e-20,9.255707e-12
472,472.000000,3,6.960583e-10,1.909152e-09,3.313979e-16,-4.354279e-21,3.334111e-11
473,473.000000,3,6.968683e-10,1.908042e-09,3.314143e-16,-1.617965e-20,-1.117910e-10
474,474.000000,3,6.985132e-10,1.906966e-09,3.314450e-16,-1.396281e-20,-1.991562e-11
475,475.000000,3,6.979270e-10,1.905898e-09,3.359563e-16,3.261077e-20,-2.656098e-11
476,476.000000,3,6.979519e-10,1.904863e-09,3.359276e-16,7.340070e-20,-2.595568e-11
477,477.000000,3,7.001582e-10,1.903872e-09,3.315511e-16,-8.966638e-21,-3.410849e-11
478,478.000000,3,7.003926e-10,1.902889e-09,3.358853e-16,2.501394e-21,3.526757e-11
479,479.000000,3,7.017285e-10,1.901932e-09,3.316120e-16,-1.865458e-20,-3.654987e-11
480,480.000000,3,6.999983e-10,1.901006e-09,3.358504e-16,6.185987e-20,4.033440e-11
481,481.000000,3,7.160637e-10,1.928088e-09,4.145733e-16,1.160501e-19,1.404128e-10
482,482.000000,3,7.399592e-10,1.964384e-09,3.316891e-16,1.496535e-19,2.516032e-11
483,483.000000,3,7.581917e-10,1.984617e-09,3.317193e-16,1.259631e-19,-1.540257e-11
484,484.000000,3,7.721717e-10,2.003203e-09,3.317495e-16,2.028909e-20,-9.710899e-12
485,485.000000,3,7.862653e-10,2.018214e-09,3.317795e-16,7.870127e-20,-2.403366e-11
486,486.000000,3,7.963976e-10,2.032302e-09,3.357102e-16,6.360688e-20,9.261569e-11
487,487.000000,3,8.095249e-10,2.044735e-09,3.356857e-16,-6.330248e-20,-3.914180e-11
488,488.000000,3,8.187122e-10,2.056534e-09,3.318835e-16,-5.782323e-20,3.365019e-11
489,489.000000,3,8.302230e-10,2.067396e-09,3.356358e-16,-6.256132e-20,-2.370260e-11
490,490.000000,3,8.380390e-10,2.077764e-09,3.356105e-16,-7.696088e-21,-5.632028e-11
491,491.000000,3,8.467147e-10,2.087509e-09,3.319570e-16,-1.627891e-20,6.294743e-12
492,492.000000,3,8.568151e-10,2.096899e-09,3.319859e-16,-1.694066e-20,-6.415823e-11
493,493.000000,3,8.645067e-10,2.105821e-09,3.355336e-16,-4.622947e-20,-7.237477e-11
494,494.000000,3,8.729231e-10,2.114465e-09,3.320433e-16,3.762679e-20,-3.588663e-11
495,495.000000,3,8.811014e-10,2.122749e-09,3.320867e-16,-1.331364e-19,6.595302e-11
496,496.000000,3,8.905268e-10,2.130798e-09,3.354477e-16,-1.428706e-20,5.509038e-11
497,497.000000,3,8.970993e-10,2.138578e-09,3.354285e-16,-6.988022e-21,6.124656e-12
498,498.000000,3,9.052528e-10,2.146145e-09,3.321713e-16,-3.997598e-20,-4.967338e-11
499,499.000000,3,9.111503e-10,2.153498e-09,3.321990e-16,-3.517172e-20,-6.406387e-11
500,500.000000,3,9.194636e-10,2.160660e-09,3.353481e-16,9.912932e-21,-2.535705e-11
501,501.000000,3,9.268746e-10,2.167659e-09,3.353210e-16,5.566595e-20,4.745293e-11
502,502.000000,3,9.349286e-10,2.174490e-09,3.322659e-16,5.183445e-20,-8.185275e-11
503,503.000000,3,9.426948e-10,2.181180e-09,3.352664e-16,-3.791134e-20,-3.495337e-11
504,504.000000,3,9.492069e-10,2.187726e-09,3.352389e-16,-6.956258e-20,-5.445067e-11
505,505.000000,3,9.551329e-10,2.194136e-09,3.352041e-16,-5.856439e-20,1.012821e-10
506,506.000000,3,9.638832e-10,2.200435e-09,3.323890e-16,-1.541335e-19,-4.237855e-11
507,507.000000,3,9.693615e-10,2.206605e-09,3.324153e-16,1.026763e-19,9.120282e-11
508,508.000000,3,9.759376e-10,2.212690e-09,3.324415e-16,3.089023e-20,3.825296e-11
509,509.000000,3,9.823395e-10,2.218647e-09,3.350924e-16,-5.914672e-20,-7.721335e-11
510,510.000000,3,9.897398e-10,2.224509e-09,3.324936e-16,1.361870e-20,8.079093e-11
511,511.000000,3,9.966499e-10,2.230299e-09,3.325194e-16,9.394787e-20,3.908629e-11
512,512.000000,3,1.002292e-09,2.235988e-09,3.325451e-16,1.882001e-20,1.532996e-12
513,513.000000,3,1.007727e-09,2.241603e-09,3.325707e-16,1.224624e-19,1.128355e-10
514,514.000000,3,1.015856e-09,2.247131e-09,3.349574e-16,-6.021213e-20,-5.899303e-11
515,515.000000,3,1.021906e-09,2.252593e-09,4.157562e-16,-2.266343e-19,-1.711187e-11
516,516.000000,3,1.028454e-09,2.257969e-09,3.326461e-16,-2.261181e-20,4.032596e-11
517,517.000000,3,1.034110e-09,2.263290e-09,3.326710e-16,1.121591e-19,-6.912404e-11
518,518.000000,3,1.040696e-09,2.268534e-09,3.326957e-16,-5.777029e-21,-1.073979e-10
519,519.000000,3,1.046786e-09,2.273711e-09,3.327203e-16,-2.429926e-20,-7.823364e-11
520,520.000000,3,1.052605e-09,2.278835e-09,3.347832e-16,3.580038e-21,-6.963585e-11
521,521.000000,3,1.059121e-09,2.283898e-09,3.347468e-16,4.296707e-20,-1.961054e-11
522,522.000000,3,1.066166e-09,2.288915e-09,3.327933e-16,-2.723740e-20,7.409540e-11
523,523.000000,3,1.070994e-09,2.293855e-09,3.346948e-16,-1.042975e-19,-6.535372e-11
524,524.000000,3,1.077556e-09,2.298764e-09,3.346651e-16,5.514317e-20,7.743828e-11
525,525.000000,3,1.084711e-09,2.303614e-09,4.160808e-16,6.645238e-20,-7.343903e-12
526,526.000000,3,1.090513e-09,2.308415e-09,3.328882e-16,2.931528e-21,-9.747891e-11
527,527.000000,3,1.095781e-09,2.313157e-09,3.328948e-16,2.560951e-21,-1.609179e-11
528,528.000000,3,1.103004e-09,2.317869e-09,3.329349e-16,-4.366852e-20,-9.397194e-11
529,529.000000,3,1.107733e-09,2.322537e-09,3.329581e-16,1.130260e-19,5.431788e-11
530,530.000000,3,1.112692e-09,2.327150e-09,3.329811e-16,-3.149904e-21,-2.552025e-11
531,531.000000,3,1.121293e-09,2.331737e-09,3.329871e-16,1.443000e-19,-1.115610e-10
532,532.000000,3,1.125930e-09,2.336267e-09,3.344245e-16,4.913453e-20,-1.246026e-11
533,533.000000,3,1.132406e-09,2.340752e-09,4.162901e-16,8.318128e-21,-5.464940e-11
534,534.000000,3,1.137810e-09,2.345216e-09,3.343635e-16,1.513873e-19,-3.319123e-11
535,535.000000,3,1.143704e-09,2.349640e-09,3.330939e-16,-6.866923e-20,5.415135e-11
536,536.000000,3,1.149125e-09,2.354017e-09,3.331161e-16,-4.114065e-20,-4.806266e-11
537,537.000000,3,1.156394e-09,2.358371e-09,3.331381e-16,1.838591e-19,5.468426e-11
538,538.000000,3,1.162228e-09,2.362682e-09,3.342404e-16,2.160596e-20,-3.513279e-11
539,539.000000,3,1.166654e-09,2.366968e-09,3.331819e-16,-5.892835e-20,7.231038e-11
540,540.000000,3,1.171802e-09,2.371214e-09,3.332036e-16,2.284342e-20,-5.587686e-11
541,541.000000,3,1.168797e-09,2.363055e-09,3.332075e-16,-4.204063e-20,-8.179879e-11
542,542.000000,3,1.165407e-09,2.350831e-09,4.165360e-16,-5.460716e-20,8.115730e-12
543,543.000000,3,1.160871e-09,2.345693e-09,3.340868e-16,-1.015910e-19,3.162048e-11
544,544.000000,3,1.158369e-09,2.341269e-09,3.332710e-16,-4.714268e-20,-3.551581e-11
545,545.000000,3,1.157719e-09,2.338405e-09,3.333097e-16,1.448823e-19,1.290967e-12
546,546.000000,3,1.157339e-09,2.335951e-09,3.339963e-16,8.852156e-20,-1.883604e-12
547,547.000000,3,1.156909e-09,2.334183e-09,3.333338e-16,-5.329690e-20,-1.034828e-10
548,548.000000,3,1.159528e-09,2.332691e-09,3.333723e-16,-1.979278e-20,7.530399e-11
549,549.000000,3,1.159183e-09,2.331594e-09,3.333930e-16,1.568334e-21,1.859979e-11
550,550.000000,3,1.160419e-09,2.330695e-09,3.334135e-16,8.920316e-21,3.015743e-11
551,551.000000,3,1.161467e-09,2.330034e-09,4.167702e-16,1.463117e-20,1.623235e-11
552,552.000000,3,1.164096e-09,2.329548e-09,3.334544e-16,7.872112e-20,1.642642e-11
553,553.000000,3,1.163926e-09,2.329230e-09,3.337794e-16,-9.629706e-20,7.258638e-12
554,554.000000,3,1.166143e-09,2.329043e-09,3.337562e-16,-2.278386e-20,-5.977574e-11
555,555.000000,3,1.167493e-09,2.328975e-09,3.337263e-16,1.583555e-20,9.860113e-11
556,556.000000,3,1.168708e-09,2.329007e-09,3.335355e-16,-2.993070e-20,5.920531e-11
557,557.000000,3,1.170694e-09,2.329137e-09,3.336596e-16,4.421777e-20,-1.961977e-10
558,558.000000,3,1.173309e-09,2.329337e-09,3.336364e-16,2.032217e-20,2.885558e-11
559,559.000000,3,1.175898e-09,2.329629e-09,3.335957e-16,6.478479e-21,-5.719381e-11
560,560.000000,3,1.176581e-09,2.329975e-09,3.336155e-16,-1.396281e-21,-7.982259e-11
561,561.000000,3,1.179487e-09,2.330396e-09,3.336353e-16,5.911364e-20,-4.176659e-12
562,562.000000,3,1.181466e-09,2.330868e-09,3.336551e-16,-4.321853e-20,-1.304401e-11
563,563.000000,3,1.182947e-09,2.331383e-09,3.336748e-16,-6.272014e-20,-2.344125e-11
564,564.000000,3,1.185779e-09,2.331958e-09,3.336945e-16,-8.688705e-21,1.713991e-10
565,565.000000,3,1.187662e-09,2.332562e-09,3.337141e-16,6.416275e-20,9.126144e-11
566,566.000000,3,1.190326e-09,2.333220e-09,3.337337e-16,-4.358249e-20,-4.765033e-11
567,567.000000,3,1.193655e-09,2.333902e-09,3.337532e-16,2.372354e-20,-7.360978e-11
568,568.000000,3,1.196003e-09,2.334627e-09,3.337725e-16,-1.724506e-20,-4.983014e-11
569,569.000000,3,1.199187e-09,2.335383e-09,3.337917e-16,1.358363e-19,-4.536926e-11
570,570.000000,3,1.199400e-09,2.336164e-09,3.338109e-16,9.254497e-20,-2.360245e-11
571,571.000000,3,1.202622e-09,2.336972e-09,3.338301e-16,1.701808e-19,-2.086442e-11
572,572.000000,3,1.205635e-09,2.337820e-09,3.338492e-16,7.083975e-20,8.139711e-12
573,573.000000,3,1.208708e-09,2.338670e-09,3.338683e-16,-4.109433e-21,-1.216287e-10
574,574.000000,3,1.210129e-09,2.339563e-09,3.338873e-16,4.188843e-20,-6.901812e-11
575,575.000000,3,1.213639e-09,2.340461e-09,3.339063e-16,5.908717e-20,-9.035084e-11
576,576.000000,3,1.216286e-09,2.341377e-09,3.339251e-16,-7.658369e-20,-2.190870e-11
577,577.000000,3,1.218872e-09,2.342323e-09,3.339438e-16,-9.868596e-20,-7.593948e-11
578,578.000000,3,1.221608e-09,2.343285e-09,3.339624e-16,4.789045e-20,-7.607270e-11
579,579.000000,3,1.225199e-09,2.344249e-09,4.174763e-16,5.147710e-20,-2.752376e-11
580,580.000000,3,1.226855e-09,2.345236e-09,3.339814e-16,-3.110199e-20,7.628165e-11
581,581.000000,3,1.227182e-09,2.346241e-09,4.174998e-16,-1.124039e-19,-4.492406e-12
582,582.000000,3,1.232010e-09,2.347253e-09,3.340365e-16,1.118348e-21,1.302203e-11
583,583.000000,3,1.234383e-09,2.348280e-09,3.340549e-16,5.144402e-20,1.247769e-10
584,584.000000,3,1.235609e-09,2.349321e-09,3.340733e-16,-6.376570e-20,7.338241e-11
585,585.000000,3,1.241336e-09,2.350380e-09,3.340732e-16,5.618872e-20,1.856293e-13
586,586.000000,3,1.242846e-09,2.351432e-09,3.340913e-16,3.593273e-21,1.716982e-11
587,587.000000,3,1.246107e-09,2.352500e-09,3.341276e-16,-8.093135e-20,-3.587819e-11
588,588.000000,3,1.247983e-09,2.353593e-09,3.341272e-16,1.047343e-19,-6.175860e-11
589,589.000000,3,1.251003e-09,2.354679e-09,3.341634e-16,9.608530e-21,6.888823e-11
590,590.000000,3,1.253895e-09,2.355776e-09,3.341813e-16,7.970712e-20,-9.876544e-13
591,591.000000,3,1.257185e-09,2.356875e-09,3.341991e-16,4.094875e-20,-1.440614e-10
592,592.000000,3,1.259792e-09,2.357989e-09,3.341985e-16,-1.526115e-19,7.160117e-11
593,593.000000,3,1.263903e-09,2.359111e-09,3.342346e-16,1.132708e-19,4.371126e-11
594,594.000000,3,1.266084e-09,2.360238e-09,3.342523e-16,-1.977954e-20,-9.927170e-11
595,595.000000,3,1.268944e-09,2.361364e-09,3.342697e-16,2.483527e-20,-3.478018e-11
596,596.000000,3,1.271967e-09,2.362501e-09,3.342870e-16,6.853688e-20,1.094214e-11
597,597.000000,3,1.274262e-09,2.363643e-09,3.343044e-16,-3.023511e-20,-2.967271e-11
598,598.000000,3,1.279837e-09,2.364794e-09,3.343216e-16,-5.452113e-20,5.621681e-11
599,599.000000,3,1.281009e-09,2.365955e-09,3.343389e-16,6.268044e-20,2.203970e-11
600,600.000000,3,1.284850e-09,2.367109e-09,3.343561e-16,-4.261635e-21,1.137657e-10
601,601.000000,3,1.298762e-09,2.386642e-09,4.179433e-16,9.377581e-20,-1.584932e-11
602,602.000000,3,1.323247e-09,2.412180e-09,3.343903e-16,5.194694e-21,-2.331446e-11
603,603.000000,3,1.340915e-09,2.427115e-09,3.344073e-16,-1.262608e-20,8.409318e-11
604,604.000000,3,1.354504e-09,2.440931e-09,3.344055e-16,-7.236176e-20,-1.654765e-11
605,605.000000,3,1.369830e-09,2.452419e-09,3.344408e-16,4.461481e-20,3.793676e-11
606,606.000000,3,1.381359e-09,2.463239e-09,3.344574e-16,1.215492e-19,2.727618e-11
607,607.000000,3,1.392461e-09,2.473002e-09,3.344552e-16,-4.254355e-20,6.579914e-11
608,608.000000,3,1.405212e-09,2.482317e-09,3.344715e-16,-3.716357e-20,1.081601e-11
609,609.000000,3,1.415792e-09,2.491000e-09,3.345066e-16,3.071156e-20,7.545431e-11
610,610.000000,3,1.427001e-09,2.499356e-09,3.345228e-16,9.854699e-20,-5.483325e-11
611,611.000000,3,1.439286e-09,2.507305e-09,3.345388e-16,-2.548378e-20,3.567813e-11
612,612.000000,3,1.447770e-09,2.514988e-09,4.181696e-16,-6.562520e-20,5.852918e-11
613,613.000000,3,1.457799e-09,2.522362e-09,3.345704e-16,7.232206e-20,8.516188e-11
614,614.000000,3,1.467583e-09,2.529538e-09,3.345667e-16,3.549597e-20,-1.546487e-10
615,615.000000,3,1.477588e-09,2.536482e-09,3.346012e-16,-1.801930e-20,3.662248e-11
616,616.000000,3,1.486363e-09,2.543252e-09,3.346164e-16,6.799425e-20,8.274137e-11
617,617.000000,3,1.495106e-09,2.549833e-09,3.346314e-16,1.039799e-19,-2.578315e-11
618,618.000000,3,1.505967e-09,2.556276e-09,3.346269e-16,-2.747563e-20,5.203304e-11
619,619.000000,3,1.513925e-09,2.562571e-09,3.346611e-16,-1.290402e-21,7.385048e-11
620,620.000000,3,1.522935e-09,2.568717e-09,3.346758e-16,-5.730707e-21,1.115998e-10
621,621.000000,3,1.530829e-09,2.574757e-09,3.346707e-16,-3.327913e-20,2.070539e-10
622,622.000000,3,1.540744e-09,2.580682e-09,3.347046e-16,-3.434454e-21,7.978307e-11
623,623.000000,3,1.548962e-09,2.586499e-09,3.347189e-16,-1.300791e-19,-4.957279e-11
624,624.000000,3,1.556678e-09,2.592210e-09,3.347328e-16,-4.599124e-20,2.779643e-11
625,625.000000,3,1.566768e-09,2.597844e-09,3.347466e-16,-4.428394e-20,1.358114e-11
626,626.000000,3,1.573405e-09,2.603358e-09,3.347603e-16,-2.001115e-20,5.033307e-11
627,627.000000,3,1.582041e-09,2.608834e-09,3.347739e-16,7.271910e-20,1.932121e-11
628,628.000000,3,1.592674e-09,2.614192e-09,3.347873e-16,-3.970467e-21,5.086243e-11
629,629.000000,3,1.598902e-09,2.619480e-09,3.348006e-16,2.711167e-20,-4.683431e-11
630,630.000000,3,1.608942e-09,2.624710e-09,3.348138e-16,1.144156e-20,1.902012e-11
631,631.000000,3,1.615280e-09,2.629878e-09,3.348268e-16,3.864588e-21,-1.264919e-10
632,632.000000,3,1.622961e-09,2.634970e-09,3.348397e-16,6.945008e-20,8.397305e-11
633,633.000000,3,1.633403e-09,2.639998e-09,4.185404e-16,-1.078710e-19,1.828959e-11
634,634.000000,3,1.641091e-09,2.644978e-09,4.185560e-16,-1.925676e-20,-4.481193e-11
635,635.000000,3,1.649383e-09,2.649887e-09,3.348571e-16,4.321853e-20,-2.409495e-11
636,636.000000,3,1.656783e-09,2.654753e-09,3.348897e-16,-1.122782e-19,-1.148757e-10
637,637.000000,3,1.664237e-09,2.659558e-09,3.349019e-16,2.789915e-20,1.595104e-10
638,638.000000,3,1.671616e-09,2.664331e-09,3.349139e-16,-8.906419e-20,5.963119e-11
639,639.000000,3,1.679563e-09,2.669035e-09,3.349258e-16,-1.049659e-19,8.242740e-11
640,640.000000,3,1.687887e-09,2.673699e-09,3.349375e-16,5.990111e-20,-4.425882e-11
641,641.000000,3,1.694509e-09,2.678310e-09,3.349492e-16,-4.244429e-20,-8.055112e-12
642,642.000000,3,1.703199e-09,2.682881e-09,3.349607e-16,5.904746e-20,8.342749e-11
643,643.000000,3,1.712561e-09,2.687428e-09,3.349722e-16,1.083408e-19,1.100000e-10
644,644.000000,3,1.718213e-09,2.691902e-09,3.349835e-16,5.733354e-20,6.073342e-11
645,645.000000,3,1.727095e-09,2.696354e-09,3.349945e-16,-2.012365e-20,-1.458891e-10
646,646.000000,3,1.735344e-09,2.700768e-09,3.349845e-16,3.310046e-20,-6.870127e-11
647,647.000000,3,1.742762e-09,2.705150e-09,3.350162e-16,4.182887e-20,1.107980e-11
648,648.000000,3,1.749459e-09,2.709483e-09,3.350269e-16,-7.118385e-20,2.961653e-11
649,649.000000,3,1.756867e-09,2.713782e-09,3.350374e-16,2.357796e-20,3.361667e-11
650,650.000000,3,1.763937e-09,2.718050e-09,3.350268e-16,1.975307e-20,-7.039058e-11
651,651.000000,3,1.771276e-09,2.722284e-09,3.350371e-16,-1.342018e-19,6.591239e-11
652,652.000000,3,1.778989e-09,2.726490e-09,2.513013e-16,5.119255e-20,5.085354e-11
653,653.000000,3,1.788219e-09,2.730660e-09,3.350786e-16,3.958556e-20,-7.729106e-11
654,654.000000,3,1.794508e-09,2.734790e-09,3.350886e-16,-4.390675e-20,1.084932e-11
655,655.000000,3,1.803294e-09,2.738898e-09,3.350984e-16,-6.101284e-20,4.642509e-11
656,656.000000,3,1.810154e-09,2.742977e-09,3.351080e-16,-7.649105e-20,-1.101976e-10
657,657.000000,3,1.817451e-09,2.747022e-09,3.350961e-16,-3.685917e-20,-7.089440e-12
658,658.000000,3,1.825040e-09,2.751058e-09,3.351270e-16,1.244080e-21,9.774204e-11
659,659.000000,3,1.834135e-09,2.755047e-09,3.351147e-16,2.169198e-20,-9.992562e-11
660,660.000000,3,1.840519e-09,2.759010e-09,3.351454e-16,-6.420907e-20,-1.602429e-11
661,661.000000,3,1.828322e-09,2.737358e-09,3.351329e-16,4.498539e-20,6.907364e-11
662,662.000000,3,1.800696e-09,2.707352e-09,3.351635e-16,8.172544e-21,-9.837997e-11
663,663.000000,3,1.786397e-09,2.692120e-09,4.189382e-16,-1.462455e-21,-3.115952e-12
664,664.000000,3,1.773458e-09,2.678434e-09,3.351811e-16,1.277829e-20,1.136460e-10
665,665.000000,3,1.765365e-09,2.667997e-09,3.351898e-16,5.266824e-20,1.336959e-10
666,666.000000,3,1.758320e-09,2.658443e-09,3.351984e-16,1.449220e-20,-1.532641e-11
667,667.000000,3,1.749719e-09,2.650367e-09,3.352068e-16,-9.852052e-20,3.290901e-11
668,668.000000,3,1.744485e-09,2.642875e-09,3.352152e-16,-2.103686e-20,-6.954193e-11
669,669.000000,3,1.737504e-09,2.636259e-09,2.514177e-16,-8.573562e-20,-4.383915e-11
670,670.000000,3,1.734605e-09,2.630079e-09,3.352320e-16,-8.420037e-20,7.438494e-12
671,671.000000,3,1.727500e-09,2.624461e-09,3.352404e-16,1.336261e-19,-3.232459e-11
672,672.000000,3,1.724864e-09,2.619180e-09,3.352488e-16,-2.709844e-20,-7.395062e-11
673,673.000000,3,1.720800e-09,2.614317e-09,3.352572e-16,-5.959009e-20,-3.238187e-11
674,674.000000,3,1.718071e-09,2.609706e-09,3.352656e-16,-3.744812e-20,4.610090e-12
675,675.000000,3,1.715723e-09,2.605406e-09,4.190654e-16,6.909936e-20,1.779421e-11
676,676.000000,3,1.712760e-09,2.601333e-09,3.352825e-16,-3.912895e-20,-4.649836e-11
677,677.000000,3,1.709950e-09,2.597495e-09,3.352909e-16,7.938287e-20,8.284973e-11
678,678.000000,3,1.708248e-09,2.593851e-09,3.352992e-16,-1.810533e-20,1.305778e-11
679,679.000000,3,1.705196e-09,2.590396e-09,3.353075e-16,5.750560e-21,1.315992e-11
680,680.000000,3,1.703594e-09,2.587090e-09,3.353158e-16,6.245544e-20,-1.281064e-11
681,681.000000,3,1.702979e-09,2.583952e-09,3.353241e-16,-5.350204e-20,-7.646861e-11
682,682.000000,3,1.700734e-09,2.580946e-09,3.353109e-16,-6.670384e-20,8.876722e-11
683,683.000000,3,1.701416e-09,2.578079e-09,3.353192e-16,-4.616330e-20,-2.143441e-11
684,684.000000,3,1.698766e-09,2.575321e-09,3.353492e-16,5.614902e-20,3.091083e-12
685,685.000000,3,1.698435e-09,2.572687e-09,3.353576e-16,-1.612274e-19,-3.701417e-11
686,686.000000,3,1.696623e-09,2.570153e-09,3.353660e-16,1.958764e-21,5.931144e-11
687,687.000000,3,1.696300e-09,2.567724e-09,3.353744e-16,-8.614590e-20,-8.903300e-11
688,688.000000,3,1.695859e-09,2.565384e-09,3.353827e-16,-8.749586e-20,-7.047096e-11
689,689.000000,3,1.696186e-09,2.563130e-09,3.353909e-16,-3.214093e-20,-6.094147e-11
690,690.000000,3,1.695245e-09,2.560965e-09,3.353992e-16,1.045953e-19,-3.617551e-11
691,691.000000,3,1.695732e-09,2.558877e-09,3.354074e-16,-2.822340e-20,-7.170864e-11
692,692.000000,3,1.695000e-09,2.556853e-09,3.354157e-16,-1.751042e-19,1.430478e-11
693,693.000000,3,1.693540e-09,2.554897e-09,3.354240e-16,9.770657e-20,-9.483747e-12
694,694.000000,3,1.694005e-09,2.553010e-09,3.354108e-16,-8.242689e-20,-1.986988e-11
695,695.000000,3,1.692548e-09,2.551190e-09,3.354405e-16,1.446573e-19,-1.436473e-11
696,696.000000,3,1.693806e-09,2.549438e-09,3.354488e-16,-1.516652e-19,1.044624e-10
697,697.000000,3,1.692666e-09,2.547737e-09,3.354356e-16,-4.035980e-20,-1.011669e-10
698,698.000000,3,1.693522e-09,2.546090e-09,3.354654e-16,1.009491e-19,-3.144285e-11
699,699.000000,3,1.695160e-09,2.544489e-09,3.354521e-16,-4.937937e-20,-2.837020e-11
700,700.000000,3,1.693731e-09,2.542936e-09,4.193521e-16,9.264423e-21,-5.543166e-11
701,701.000000,3,1.693689e-09,2.541436e-09,3.354683e-16,-2.882559e-20,1.049534e-10
702,702.000000,3,1.694875e-09,2.539972e-09,4.193456e-16,5.692326e-20,8.206325e-12
703,703.000000,3,1.695394e-09,2.538561e-09,3.355060e-16,1.576606e-19,-8.319567e-12
704,704.000000,3,1.694726e-09,2.537191e-09,3.354927e-16,-5.700267e-20,8.239809e-11
705,705.000000,3,1.694335e-09,2.535859e-09,3.355223e-16,-1.806430e-19,-7.729017e-11
706,706.000000,3,1.695884e-09,2.534557e-09,3.355304e-16,8.167912e-20,4.805178e-11
707,707.000000,3,1.696382e-09,2.533309e-09,3.355385e-16,7.291101e-20,-5.392176e-11
708,708.000000,3,1.698567e-09,2.532092e-09,3.355466e-16,5.019332e-20,6.165868e-11
709,709.000000,3,1.698250e-09,2.530896e-09,3.355546e-16,-1.342680e-20,3.604139e-11
710,710.000000,3,1.699153e-09,2.529751e-09,3.355625e-16,2.542422e-20,-7.862999e-11
711,711.000000,3,1.698218e-09,2.528629e-09,3.355491e-16,4.711621e-20,1.317813e-10
712,712.000000,3,1.698780e-09,2.527538e-09,3.355784e-16,3.580699e-20,6.824941e-11
713,713.000000,3,1.700542e-09,2.526473e-09,4.194562e-16,-8.630472e-20,-2.418732e-11
714,714.000000,3,1.700045e-09,2.525438e-09,3.355942e-16,6.598916e-20,-4.251444e-11
715,715.000000,3,1.700641e-09,2.524417e-09,4.194759e-16,-1.462257e-19,-5.479173e-12
716,716.000000,3,1.702389e-09,2.523450e-09,3.356100e-16,-1.298343e-20,-3.263967e-11
717,717.000000,3,1.703846e-09,2.522499e-09,3.356179e-16,-2.367060e-20,-3.695089e-11
718,718.000000,3,1.703810e-09,2.521577e-09,3.356258e-16,-3.771944e-20,-1.246603e-11
719,719.000000,3,1.703988e-09,2.520667e-09,3.356337e-16,-1.019087e-20,1.187281e-10
720,720.000000,3,1.706287e-09,2.519786e-09,3.356200e-16,-3.425189e-20,4.926992e-11
721,721.000000,3,1.718242e-09,2.532049e-09,3.356491e-16,-5.148703e-20,-1.036060e-11
722,722.000000,3,1.736254e-09,2.548616e-09,3.356567e-16,-2.904397e-20,-1.026437e-10
723,723.000000,3,1.748649e-09,2.557579e-09,3.356644e-16,2.293276e-20,5.120349e-13
724,724.000000,3,1.760164e-09,2.565771e-09,3.356721e-16,-2.044790e-21,1.004032e-10
725,725.000000,3,1.769603e-09,2.572301e-09,3.356797e-16,-1.705514e-19,4.668754e-11
726,726.000000,3,1.779373e-09,2.578375e-09,3.356873e-16,-5.889526e-22,-1.146674e-10
727,727.000000,3,1.786898e-09,2.583698e-09,3.356948e-16,1.271211e-20,1.260725e-11
728,728.000000,3,1.795019e-09,2.588721e-09,3.357023e-16,-8.194713e-20,-9.251577e-11
729,729.000000,3,1.804935e-09,2.593312e-09,3.356883e-16,2.747563e-20,-3.435030e-12
730,730.000000,3,1.812808e-09,2.597693e-09,3.357171e-16,2.011736e-19,2.678213e-11
731,731.000000,3,1.819373e-09,2.601771e-09,3.357243e-16,6.674355e-20,2.851852e-11
732,732.000000,3,1.827150e-09,2.605696e-09,3.357314e-16,1.101044e-19,-2.008393e-11
733,733.000000,3,1.833776e-09,2.609406e-09,3.357384e-16,-3.435777e-20,-1.237908e-10
734,734.000000,3,1.840267e-09,2.612982e-09,3.357453e-16,4.288766e-20,-9.744650e-12
735,735.000000,3,1.847390e-09,2.616421e-09,3.357522e-16,-2.320076e-20,5.682077e-11
736,736.000000,3,1.853763e-09,2.619747e-09,3.357374e-16,-1.382715e-20,6.404965e-11
737,737.000000,3,1.859252e-09,2.622935e-09,3.357658e-16,-5.019001e-20,6.394885e-12
738,738.000000,3,1.865136e-09,2.626054e-09,3.357724e-16,-2.457057e-20,5.087308e-11
739,739.000000,3,1.870788e-09,2.629065e-09,3.357790e-16,7.457860e-21,1.256470e-10
740,740.000000,3,1.876383e-09,2.632011e-09,3.357855e-16,-1.433802e-19,9.922907e-11
741,741.000000,3,1.885070e-09,2.634864e-09,3.357920e-16,-7.164377e-20,7.142065e-11
742,742.000000,3,1.889454e-09,2.637663e-09,4.197477e-16,-8.497461e-20,8.560708e-12
743,743.000000,3,1.896108e-09,2.640394e-09,3.358043e-16,8.988145e-20,-2.690204e-11
744,744.000000,3,1.902134e-09,2.643057e-09,3.358104e-16,-3.764664e-20,-4.382716e-11
745,745.000000,3,1.907438e-09,2.645675e-09,3.358164e-16,-3.964511e-20,2.604850e-11
746,746.000000,3,1.913012e-09,2.648233e-09,3.358223e-16,3.928777e-20,3.089129e-11
747,747.000000,3,1.919158e-09,2.650749e-09,3.358282e-16,-1.337022e-19,-6.982726e-11
748,748.000000,3,1.923340e-09,2.653218e-09,3.358339e-16,4.877719e-20,1.332268e-12
749,749.000000,3,1.929958e-09,2.655640e-09,3.358396e-16,-3.585001e-20,-5.182343e-11
750,750.000000,3,1.935380e-09,2.658035e-09,4.198066e-16,-1.754285e-20,-4.473000e-11
751,751.000000,3,1.940212e-09,2.660379e-09,3.358508e-16,1.687779e-20,5.144063e-11
752,752.000000,3,1.946105e-09,2.662697e-09,3.358563e-16,2.120560e-20,-6.132028e-11
753,753.000000,3,1.952515e-09,2.664974e-09,2.518963e-16,9.297510e-21,-4.001421e-11
754,754.000000,3,1.957478e-09,2.667213e-09,3.358669e-16,4.396961e-20,-7.006840e-12
755,755.000000,3,1.963404e-09,2.669438e-09,3.358498e-16,2.428602e-21,-1.256568e-10
756,756.000000,3,1.968250e-09,2.671613e-09,3.358771e-16,-5.166239e-20,-3.735678e-12
757,757.000000,3,1.973351e-09,2.673784e-09,3.358820e-16,-7.686493e-20,-1.754392e-10
758,758.000000,3,1.978652e-09,2.675912e-09,3.358870e-16,-1.137803e-19,-4.050094e-11
759,759.000000,3,1.984329e-09,2.678019e-09,3.358918e-16,3.123765e-20,-7.747136e-11
760,760.000000,3,1.989083e-09,2.680105e-09,3.358966e-16,-9.965872e-21,-1.073626e-10
761,761.000000,3,1.993293e-09,2.682168e-09,3.359013e-16,-1.879652e-19,6.143530e-12
762,762.000000,3,1.997488e-09,2.684198e-09,3.359059e-16,-1.043174e-19,8.457235e-12
763,763.000000,3,2.004480e-09,2.686219e-09,3.359105e-16,5.487847e-20,5.495604e-11
764,764.000000,3,2.009884e-09,2.688216e-09,3.359150e-16,4.881027e-20,5.656897e-11
765,765.000000,3,2.012527e-09,2.690191e-09,3.359194e-16,-2.322392e-20,1.304303e-10
766,766.000000,3,2.019991e-09,2.692150e-09,3.359236e-16,8.283056e-20,-7.632872e-11
767,767.000000,3,2.023850e-09,2.694077e-09,3.359052e-16,7.906854e-20,-2.561595e-11
768,768.000000,3,2.029751e-09,2.696005e-09,3.359319e-16,2.224123e-20,4.383649e-11
769,769.000000,3,2.034707e-09,2.697905e-09,3.359133e-16,1.359455e-19,2.868283e-11
770,770.000000,3,2.038377e-09,2.699778e-09,3.359172e-16,5.960333e-20,-8.557333e-11
771,771.000000,3,2.044711e-09,2.701665e-09,3.359437e-16,-1.225782e-19,5.251310e-11
772,772.000000,3,2.049045e-09,2.703519e-09,3.359476e-16,-6.140989e-20,-8.237855e-12
773,773.000000,3,2.054996e-09,2.705355e-09,3.359513e-16,-9.619449e-20,-6.740208e-11
774,774.000000,3,2.060904e-09,2.707188e-09,3.359550e-16,1.553776e-20,3.164047e-11
775,775.000000,3,2.065025e-09,2.708987e-09,4.199483e-16,9.373611e-21,1.260547e-11
776,776.000000,3,2.070692e-09,2.710777e-09,3.359622e-16,8.665875e-20,-1.931371e-10
777,777.000000,3,2.076209e-09,2.712564e-09,3.359656e-16,-9.228027e-21,6.432721e-11
778,778.000000,3,2.081613e-09,2.714349e-09,3.359461e-16,1.767520e-20,4.721645e-11
779,779.000000,3,2.084327e-09,2.716083e-09,3.359493e-16,-1.894574e-19,7.808687e-11
780,780.000000,3,2.090584e-09,2.717832e-09,3.359753e-16,-1.364716e-19,3.518741e-11
781,781.000000,3,2.079922e-09,2.701947e-09,4.199730e-16,1.016803e-19,-6.510614e-11
782,782.000000,3,2.059679e-09,2.680315e-09,3.359814e-16,8.123575e-20,-4.428324e-11
783,783.000000,3,2.046729e-09,2.668890e-09,3.359614e-16,2.821679e-20,1.644906e-11
784,784.000000,3,2.037364e-09,2.658539e-09,3.359873e-16,-6.090696e-20,-8.717649e-11
785,785.000000,3,2.028180e-09,2.650441e-09,3.359901e-16,2.569885e-20,-1.196301e-10
786,786.000000,3,2.021938e-09,2.642965e-09,3.359930e-16,1.838657e-20,-7.708056e-11
787,787.000000,3,2.013284e-09,2.636521e-09,3.359958e-16,1.210959e-19,-1.013234e-11
788,788.000000,3,2.008772e-09,2.630469e-09,3.359985e-16,-1.268829e-19,-1.423972e-11
789,789.000000,3,2.002832e-09,2.625046e-09,3.360013e-16,-6.848725e-20,1.230336e-10
790,790.000000,3,1.998917e-09,2.619921e-09,3.359809e-16,5.778684e-20,-3.935474e-11
791,791.000000,3,1.996167e-09,2.615189e-09,3.360066e-16,-1.834554e-19,4.139089e-11
792,792.000000,3,1.992515e-09,2.610700e-09,3.360092e-16,1.244741e-20,1.893241e-11
793,793.000000,3,1.988219e-09,2.606494e-09,3.360119e-16,-1.266910e-20,4.256950e-11
794,794.000000,3,1.986422e-09,2.602480e-09,3.359916e-16,1.744888e-19,-7.828094e-11
795,795.000000,3,1.982070e-09,2.598677e-09,3.359943e-16,-1.483300e-20,-8.469492e-11
796,796.000000,3,1.977870e-09,2.595044e-09,3.360199e-16,-5.272780e-20,-1.078959e-11
797,797.000000,3,1.977131e-09,2.591574e-09,3.360226e-16,9.780584e-21,1.340528e-11
798,798.000000,3,1.974708e-09,2.588238e-09,3.360253e-16,-1.465830e-19,6.600276e-11
799,799.000000,3,1.973348e-09,2.585035e-09,3.360280e-16,-8.050122e-21,3.586464e-12
800,800.000000,3,1.971202e-09,2.581961e-09,3.360079e-16,4.860513e-20,-1.365508e-10
801,801.000000,3,1.970520e-09,2.578987e-09,3.360335e-16,1.312967e-19,2.560707e-11
802,802.000000,3,1.967638e-09,2.576121e-09,3.360361e-16,8.236734e-20,-2.746692e-11
803,803.000000,3,1.965841e-09,2.573343e-09,3.360388e-16,2.154971e-20,-7.520562e-11
804,804.000000,3,1.962928e-09,2.570664e-09,3.360187e-16,7.234191e-20,1.717364e-10
805,805.000000,3,1.963176e-09,2.568057e-09,3.360213e-16,-3.152882e-20,-3.475442e-11
806,806.000000,3,1.960871e-09,2.565523e-09,3.360468e-16,-2.519261e-20,-2.180345e-11
807,807.000000,3,1.959940e-09,2.563072e-09,3.249660e-16,2.983475e-20,7.983525e-11
808,808.000000,3,1.958497e-09,2.560685e-09,3.360295e-16,-6.901002e-20,4.757039e-11
809,809.000000,3,1.958515e-09,2.558369e-09,4.200403e-16,2.142067e-20,5.245049e-11
810,810.000000,3,1.956391e-09,2.556122e-09,3.360577e-16,2.027254e-20,1.156581e-10
811,811.000000,3,1.954358e-09,2.553907e-09,3.360604e-16,-5.585454e-20,2.833733e-12
812,812.000000,3,1.954454e-09,2.551770e-09,3.360632e-16,6.264735e-20,9.687540e-11
813,813.000000,3,1.954074e-09,2.549670e-09,3.360659e-16,5.991104e-20,-2.248468e-11
814,814.000000,3,1.953357e-09,2.547627e-09,3.360459e-16,2.267137e-20,-6.777290e-11
815,815.000000,3,1.953040e-09,2.545627e-09,3.360712e-16,-2.143060e-20,1.439280e-10
816,816.000000,3,1.950927e-09,2.543674e-09,3.360738e-16,-7.159745e-20,-5.948175e-11
817,817.000000,3,1.951751e-09,2.541769e-09,3.360765e-16,-3.705769e-20,3.418466e-11
818,818.000000,3,1.950532e-09,2.539902e-09,3.360565e-16,-8.248645e-20,-1.224421e-10
819,819.000000,3,1.949431e-09,2.538070e-09,3.360819e-16,3.023180e-20,-2.510436e-12
820,820.000000,3,1.951481e-09,2.536276e-09,3.360619e-16,3.695512e-20,-9.799939e-11
821,821.000000,3,1.950109e-09,2.534517e-09,3.360872e-16,-9.614155e-20,-2.579936e-11
822,822.000000,3,1.950518e-09,2.532799e-09,3.360899e-16,-5.528213e-20,-1.557559e-10
823,823.000000,3,1.948653e-09,2.531120e-09,3.360700e-16,1.160038e-20,6.820100e-11
824,824.000000,3,1.949221e-09,2.529463e-09,3.360953e-16,-1.164009e-19,3.141043e-12
825,825.000000,3,1.948173e-09,2.527829e-09,3.360979e-16,-1.243087e-19,8.045031e-11
826,826.000000,3,1.948621e-09,2.526248e-09,3.361005e-16,-5.455752e-20,4.214407e-12
827,827.000000,3,1.949644e-09,2.524677e-09,3.361031e-16,-7.861525e-20,5.623946e-12
828,828.000000,3,1.947104e-09,2.523151e-09,3.361057e-16,1.010351e-19,6.595036e-11
829,829.000000,3,1.947829e-09,2.521632e-09,3.361082e-16,5.219179e-20,6.268319e-11
830,830.000000,3,1.948997e-09,2.520159e-09,3.361108e-16,-2.942778e-20,4.102452e-11
831,831.000000,3,1.949193e-09,2.518693e-09,3.361134e-16,-9.442763e-20,-3.398171e-12
832,832.000000,3,1.948070e-09,2.517270e-09,3.361160e-16,4.586551e-20,4.727463e-11
833,833.000000,3,1.948425e-09,2.515852e-09,3.361186e-16,9.740548e-20,-4.051914e-11
834,834.000000,3,1.949886e-09,2.514475e-09,3.361212e-16,1.223235e-20,-9.583534e-11
835,835.000000,3,1.948624e-09,2.513111e-09,3.361238e-16,-3.283576e-20,2.406386e-11
836,836.000000,3,1.948354e-09,2.511764e-09,3.361264e-16,9.084759e-20,-2.940492e-11
837,837.000000,3,1.950497e-09,2.510449e-09,3.361288e-16,3.682939e-20,-2.627853e-11
838,838.000000,3,1.949932e-09,2.509141e-09,3.361313e-16,-4.630557e-20,-6.361445e-11
839,839.000000,3,1.948894e-09,2.507860e-09,3.361337e-16,6.965192e-20,-3.366196e-11
840,840.000000,3,1.950042e-09,2.506593e-09,4.201421e-16,-3.735217e-20,-1.162905e-10
841,841.000000,3,1.953520e-09,2.509330e-09,3.361162e-16,-2.789584e-20,-5.618528e-11
842,842.000000,3,1.959396e-09,2.513370e-09,3.361411e-16,-1.150840e-19,5.484235e-11
843,843.000000,3,1.965123e-09,2.515140e-09,3.361435e-16,-2.928550e-20,-1.890266e-11
844,844.000000,3,1.968978e-09,2.516657e-09,3.361460e-16,4.717246e-20,-1.648059e-11
845,845.000000,3,1.970943e-09,2.517692e-09,3.361484e-16,5.398842e-20,-7.645529e-11
846,846.000000,3,1.975270e-09,2.518604e-09,3.361508e-16,-2.187727e-20,1.111999e-12
847,847.000000,3,1.976240e-09,2.519292e-09,3.361532e-16,-3.027481e-21,1.374323e-11
848,848.000000,3,1.980059e-09,2.519899e-09,3.361332e-16,-2.040158e-20,-5.594947e-11
849,849.000000,3,1.982606e-09,2.520396e-09,3.361354e-16,-1.953470e-20,-1.213873e-10
850,850.000000,3,1.985242e-09,2.520824e-09,3.361601e-16,-9.508607e-20,9.714363e-11
851,851.000000,3,1.987072e-09,2.521176e-09,3.361623e-16,3.882455e-20,-7.380763e-11
852,852.000000,3,1.989488e-09,2.521484e-09,3.361645e-16,-1.976532e-19,-6.038459e-11
853,853.000000,3,1.992429e-09,2.521739e-09,3.361667e-16,3.288870e-20,4.972955e-11
854,854.000000,3,1.994430e-09,2.521969e-09,3.361688e-16,7.239485e-21,-1.443112e-11
855,855.000000,3,1.995772e-09,2.522154e-09,3.361709e-16,5.075580e-21,-3.766321e-12
856,856.000000,3,1.998753e-09,2.522319e-09,3.361506e-16,-4.013811e-20,3.847500e-11
857,857.000000,3,2.000963e-09,2.522457e-09,3.361751e-16,-1.183199e-20,-7.838619e-12
858,858.000000,3,2.002409e-09,2.522577e-09,3.361547e-16,-1.455970e-19,9.747136e-11
859,859.000000,3,2.006413e-09,2.522670e-09,3.361792e-16,-1.218007e-19,4.299716e-11
860,860.000000,3,2.008232e-09,2.522748e-09,3.361812e-16,6.250177e-20,8.837819e-12
861,861.000000,3,2.009990e-09,2.522815e-09,3.361831e-16,3.847713e-20,-1.130029e-10
862,862.000000,3,2.011159e-09,2.522862e-09,3.361849e-16,-1.542361e-19,-1.101044e-10
863,863.000000,3,2.014634e-09,2.522908e-09,3.361867e-16,-5.478914e-20,-5.724310e-12
864,864.000000,3,2.016929e-09,2.522938e-09,3.361885e-16,1.112227e-19,5.784662e-11
865,865.000000,3,2.018755e-09,2.522961e-09,3.361677e-16,-7.179928e-22,6.518253e-11
866,866.000000,3,2.020510e-09,2.522959e-09,4.202118e-16,4.929004e-20,1.469935e-11
867,867.000000,3,2.021569e-09,2.522968e-09,3.361937e-16,3.610809e-20,-1.191935e-12
868,868.000000,3,2.024343e-09,2.522967e-09,3.228711e-16,2.030331e-19,-1.270895e-11
869,869.000000,3,2.026212e-09,2.522951e-09,3.361971e-16,6.385834e-20,6.948619e-11
870,870.000000,3,2.028784e-09,2.522935e-09,3.361987e-16,4.803603e-20,5.243761e-11
871,871.000000,3,2.030596e-09,2.522909e-09,3.362003e-16,-6.487412e-20,2.640155e-11
872,872.000000,3,2.033257e-09,2.522897e-09,3.362019e-16,-4.352294e-20,3.195888e-11
873,873.000000,3,2.033996e-09,2.522861e-09,3.362034e-16,5.660562e-20,5.685141e-11
874,874.000000,3,2.036316e-09,2.522824e-09,3.362048e-16,-8.169897e-20,1.085700e-10
875,875.000000,3,2.039251e-09,2.522790e-09,3.362061e-16,1.058361e-19,-7.293943e-11
876,876.000000,3,2.038934e-09,2.522749e-09,3.362075e-16,2.267467e-20,-2.562262e-11
877,877.000000,3,2.043095e-09,2.522694e-09,3.361862e-16,-3.977746e-20,1.434941e-11
878,878.000000,3,2.044764e-09,2.522661e-09,3.362101e-16,4.558758e-20,-9.781553e-11
879,879.000000,3,2.045905e-09,2.522615e-09,3.362114e-16,-1.320114e-19,-3.215783e-11
880,880.000000,3,2.046683e-09,2.522575e-09,3.362126e-16,-5.956693e-20,2.730705e-12
881,881.000000,3,2.049539e-09,2.522516e-09,3.362139e-16,-5.070286e-20,3.819256e-11
882,882.000000,3,2.052559e-09,2.522461e-09,3.362151e-16,-1.263270e-20,-1.149876e-10
883,883.000000,3,2.055849e-09,2.522401e-09,3.362162e-16,1.175589e-20,5.382184e-11
884,884.000000,3,2.055447e-09,2.522354e-09,3.362174e-16,-1.180519e-19,9.613199e-12
885,885.000000,3,2.059199e-09,2.522299e-09,3.362185e-16,7.281836e-20,4.969580e-11
886,886.000000,3,2.059924e-09,2.522244e-09,3.362195e-16,3.399381e-20,2.330580e-12
887,887.000000,3,2.063782e-09,2.522187e-09,3.362204e-16,-7.048241e-20,3.255618e-12
888,888.000000,3,2.066336e-09,2.522133e-09,4.202483e-16,-2.672786e-20,2.174838e-11
889,889.000000,3,2.068177e-09,2.522066e-09,3.362222e-16,-6.572777e-20,-1.852651e-10
890,890.000000,3,2.068145e-09,2.522021e-09,3.362231e-16,-1.769505e-20,8.038814e-11
891,891.000000,3,2.070355e-09,2.521953e-09,3.362239e-16,2.910021e-20,-7.124967e-11
892,892.000000,3,2.073463e-09,2.521897e-09,3.362248e-16,2.238020e-20,2.585621e-11
893,893.000000,3,2.075460e-09,2.521839e-09,3.362256e-16,3.766319e-20,2.235057e-11
894,894.000000,3,2.076870e-09,2.521780e-09,3.362263e-16,1.824099e-20,7.802647e-12
895,895.000000,3,2.079194e-09,2.521717e-09,3.362271e-16,-3.149904e-21,1.598175e-10
896,896.000000,3,2.081304e-09,2.521662e-09,3.362050e-16,4.486628e-20,-1.353535e-10
897,897.000000,3,2.083627e-09,2.521608e-09,3.362284e-16,3.511547e-20,-4.370149e-11
898,898.000000,3,2.084668e-09,2.521553e-09,3.362291e-16,9.237291e-20,2.036193e-11
899,899.000000,3,2.086924e-09,2.521491e-09,3.362296e-16,-2.288015e-19,-1.834355e-11
900,900.000000,3,2.089251e-09,2.521444e-09,3.362073e-16,-3.732239e-20,8.074830e-11
901,901.000000,3,2.104684e-09,2.537219e-09,3.362077e-16,-2.415698e-20,1.196598e-11
902,902.000000,3,2.131173e-09,2.558170e-09,4.202602e-16,3.417910e-20,-4.396483e-12
903,903.000000,3,2.151832e-09,2.569901e-09,3.362313e-16,1.452893e-19,-8.076473e-11
904,904.000000,3,2.167599e-09,2.580645e-09,3.362317e-16,-5.262192e-20,-6.994672e-11
905,905.000000,3,2.183334e-09,2.589357e-09,3.362321e-16,5.821366e-20,6.321743e-11
906,906.000000,3,2.195939e-09,2.597504e-09,3.362324e-16,-3.934733e-20,1.787726e-11
907,907.000000,3,2.209948e-09,2.604715e-09,4.202621e-16,5.082859e-20,-1.823564e-11
908,908.000000,3,2.219629e-09,2.611538e-09,3.214814e-16,-5.723097e-20,3.662626e-11
909,909.000000,3,2.232486e-09,2.617813e-09,3.362099e-16,2.947410e-20,-9.020651e-11
910,910.000000,3,2.244757e-09,2.623803e-09,3.362329e-16,1.691981e-19,7.978640e-11
911,911.000000,3,2.253927e-09,2.629438e-09,3.362328e-16,5.912356e-20,1.495781e-11
912,912.000000,3,2.266543e-09,2.634832e-09,3.362325e-16,8.776717e-20,-4.913714e-11
913,913.000000,3,2.276686e-09,2.639970e-09,3.362091e-16,9.936755e-20,4.584511e-11
914,914.000000,3,2.284182e-09,2.644927e-09,3.362317e-16,3.355045e-20,4.826006e-11
915,915.000000,3,2.294737e-09,2.649679e-09,3.362080e-16,-8.165927e-21,-9.053203e-12
916,916.000000,3,2.304319e-09,2.654280e-09,3.362306e-16,1.301453e-19,7.576206e-11
917,917.000000,3,2.312138e-09,2.658729e-09,3.362299e-16,1.280145e-20,-1.037908e-10
918,918.000000,3,2.320785e-09,2.663051e-09,3.362291e-16,-3.287216e-20,9.015277e-11
919,919.000000,3,2.329582e-09,2.667233e-09,3.362281e-16,-1.306945e-21,-6.657652e-11
920,920.000000,3,2.339707e-09,2.671305e-09,3.362272e-16,-3.745143e-20,-2.643974e-11
921,921.000000,3,2.347814e-09,2.675265e-09,3.362027e-16,-1.595764e-19,4.533929e-11
922,922.000000,3,2.356337e-09,2.679145e-09,3.362249e-16,1.294174e-19,2.434142e-11
923,923.000000,3,2.366704e-09,2.682916e-09,3.362001e-16,1.121756e-19,-1.751030e-10
924,924.000000,3,2.373127e-09,2.686612e-09,3.362222e-16,2.617199e-20,1.140821e-11
925,925.000000,3,2.382166e-09,2.690228e-09,3.362207e-16,-1.851230e-20,-3.323253e-11
926,926.000000,3,2.388397e-09,2.693755e-09,3.362191e-16,1.894905e-20,7.122702e-11
927,927.000000,3,2.397286e-09,2.697225e-09,3.362173e-16,6.693876e-20,1.337126e-10
928,928.000000,3,2.404821e-09,2.700626e-09,3.362155e-16,4.018443e-20,-3.497513e-11
929,929.000000,3,2.413987e-09,2.703960e-09,3.361898e-16,-8.766129e-20,5.928236e-11
930,930.000000,3,2.420332e-09,2.707229e-09,3.362115e-16,1.842925e-19,-5.553069e-11
931,931.000000,3,2.428042e-09,2.710447e-09,3.362094e-16,-6.681303e-20,-1.393285e-11
932,932.000000,3,2.435712e-09,2.713610e-09,3.361833e-16,-1.087279e-19,7.079537e-11
933,933.000000,3,2.444509e-09,2.716718e-09,3.361810e-16,8.654625e-20,-1.448086e-11
934,934.000000,3,2.451415e-09,2.719782e-09,3.362025e-16,-3.786171e-20,5.636558e-11
935,935.000000,3,2.458300e-09,2.722789e-09,3.362000e-16,-8.799547e-20,9.734613e-11
936,936.000000,3,2.464809e-09,2.725750e-09,3.361974e-16,1.294902e-19,-9.500889e-11
937,937.000000,3,2.471754e-09,2.728682e-09,3.361947e-16,-9.267732e-21,-1.538636e-11
938,938.000000,3,2.481173e-09,2.731559e-09,3.361920e-16,2.104678e-20,-6.711165e-11
939,939.000000,3,2.487251e-09,2.734407e-09,3.361892e-16,-4.542876e-20,8.206014e-11
940,940.000000,3,2.494179e-09,2.737203e-09,3.361862e-16,3.015239e-20,1.848077e-11
941,941.000000,3,2.500787e-09,2.739967e-09,3.361831e-16,-1.252748e-19,6.579270e-11
942,942.000000,3,2.510642e-09,2.742689e-09,3.361799e-16,-5.734347e-20,-1.288560e-10
943,943.000000,3,2.515872e-09,2.745377e-09,3.361766e-16,-7.342055e-20,8.598011e-11
944,944.000000,3,2.522338e-09,2.748039e-09,3.361732e-16,-5.446157e-20,-1.280620e-11
945,945.000000,3,2.529067e-09,2.750671e-09,3.361698e-16,-1.586731e-19,-2.681544e-11
946,946.000000,3,2.537185e-09,2.753266e-09,3.361663e-16,9.061598e-20,-4.143752e-11
947,947.000000,3,2.544066e-09,2.755838e-09,3.361383e-16,1.191206e-19,-4.236167e-12
948,948.000000,3,2.550330e-09,2.758358e-09,4.201682e-16,-6.525462e-20,-2.063727e-11
949,949.000000,3,2.556927e-09,2.760874e-09,3.361552e-16,3.715034e-20,7.046186e-11
950,950.000000,3,2.563315e-09,2.763347e-09,4.201891e-16,-1.407200e-19,-6.925127e-12
951,951.000000,3,2.569926e-09,2.765799e-09,3.361228e-16,-1.293049e-20,-1.341460e-11
952,952.000000,3,2.576495e-09,2.768224e-09,3.361433e-16,7.237169e-20,3.006928e-12
953,953.000000,3,2.586027e-09,2.770625e-09,3.361392e-16,1.563702e-20,-8.487566e-11
954,954.000000,3,2.591086e-09,2.772996e-09,3.361104e-16,2.234049e-20,1.028178e-10
955,955.000000,3,2.597854e-09,2.775350e-09,3.361307e-16,5.059037e-21,-1.063163e-10
956,956.000000,3,2.604580e-09,2.777683e-09,3.361263e-16,-4.528648e-20,1.476046e-10
957,957.000000,3,2.610054e-09,2.779992e-09,3.361218e-16,4.136565e-20,-3.595835e-11
958,958.000000,3,2.618442e-09,2.782260e-09,3.361171e-16,8.304893e-22,-5.086109e-11
959,959.000000,3,2.622702e-09,2.784520e-09,3.360877e-16,-1.297449e-19,1.599738e-10
960,960.000000,3,2.631420e-09,2.786770e-09,3.360829e-16,2.728042e-20,5.371881e-11
961,961.000000,3,2.611063e-09,2.763226e-09,3.361029e-16,-2.412059e-21,6.628476e-11
962,962.000000,3,2.572630e-09,2.731266e-09,3.360979e-16,1.504906e-19,1.262412e-11
963,963.000000,3,2.549196e-09,2.714293e-09,3.360680e-16,1.264892e-19,-3.656142e-11
964,964.000000,3,2.530122e-09,2.698908e-09,3.360879e-16,4.324500e-21,3.971046e-12
965,965.000000,3,2.515765e-09,2.686844e-09,3.360827e-16,2.076223e-20,-9.703349e-13
966,966.000000,3,2.501249e-09,2.675659e-09,3.360776e-16,-9.503643e-20,1.930234e-11
967,967.000000,3,2.488541e-09,2.665998e-09,3.360723e-16,5.318110e-20,-3.708145e-11
968,968.000000,3,2.478977e-09,2.656948e-09,3.360421e-16,5.969928e-20,-6.551204e-11
969,969.000000,3,2.466226e-09,2.648772e-09,4.200461e-16,-9.757092e-20,-3.940270e-11
970,970.000000,3,2.457469e-09,2.641037e-09,4.200396e-16,-6.300800e-20,-1.094884e-10
971,971.000000,3,2.447049e-09,2.633899e-09,3.360514e-16,-5.295279e-20,-5.912870e-11
972,972.000000,3,2.440562e-09,2.627097e-09,3.360461e-16,-4.864153e-20,-9.638734e-11
973,973.000000,3,2.432142e-09,2.620724e-09,3.360408e-16,-2.082841e-20,4.141354e-11
974,974.000000,3,2.424638e-09,2.614623e-09,3.360107e-16,-1.392840e-19,9.972245e-11
975,975.000000,3,2.419007e-09,2.608830e-09,3.360303e-16,1.204044e-20,-8.014034e-12
976,976.000000,3,2.411770e-09,2.603276e-09,3.360251e-16,9.116523e-20,4.090017e-11
977,977.000000,3,2.403855e-09,2.597970e-09,3.360200e-16,-9.713416e-20,-1.684874e-11
978,978.000000,3,2.401539e-09,2.592857e-09,2.520111e-16,-7.415178e-20,-5.492584e-11
979,979.000000,3,2.394508e-09,2.587946e-09,3.360098e-16,-5.499428e-20,-2.918421e-11
980,980.000000,3,2.387438e-09,2.583198e-09,3.360047e-16,-6.355394e-20,-5.663159e-11
981,981.000000,3,2.381967e-09,2.578610e-09,3.359997e-16,5.625159e-20,7.316192e-11
982,982.000000,3,2.377753e-09,2.574168e-09,3.359947e-16,4.675887e-20,1.013900e-11
983,983.000000,3,2.374016e-09,2.569870e-09,3.359898e-16,-4.269575e-20,-4.931167e-12
984,984.000000,3,2.368285e-09,2.565700e-09,3.359602e-16,-1.031329e-20,-2.828537e-11
985,985.000000,3,2.364363e-09,2.561644e-09,3.359800e-16,-6.775933e-20,1.820690e-10
986,986.000000,3,2.360899e-09,2.557700e-09,2.519813e-16,-9.711100e-21,-1.477987e-10
987,987.000000,3,2.357460e-09,2.553866e-09,3.359701e-16,1.892589e-21,6.381340e-11
988,988.000000,3,2.352866e-09,2.550120e-09,4.199259e-16,-3.843743e-20,-1.087708e-11
989,989.000000,3,2.349630e-09,2.546479e-09,3.359604e-16,1.380068e-19,-3.597078e-11
990,990.000000,3,2.346216e-09,2.542917e-09,3.359311e-16,4.532288e-20,-8.189005e-12
991,991.000000,3,2.340585e-09,2.539433e-09,3.359264e-16,-5.204290e-20,1.433529e-10
992,992.000000,3,2.337568e-09,2.536047e-09,3.359216e-16,-9.009320e-20,9.639134e-11
993,993.000000,3,2.336922e-09,2.532726e-09,3.359414e-16,9.939402e-21,1.148726e-11
994,994.000000,3,2.331898e-09,2.529464e-09,3.359123e-16,3.082737e-20,-3.088640e-12
995,995.000000,3,2.328747e-09,2.526280e-09,3.359077e-16,4.144175e-20,1.601119e-11
996,996.000000,3,2.324654e-09,2.523166e-09,3.359275e-16,1.036523e-19,1.563261e-10
997,997.000000,3,2.323485e-09,2.520093e-09,3.358985e-16,-1.897883e-20,-9.553291e-11
998,998.000000,3,2.320817e-09,2.517103e-09,3.358940e-16,-1.325805e-19,-4.576828e-11
999,999.000000,3,2.317741e-09,2.514148e-09,3.359138e-16,-3.168763e-20,-3.834044e-11
1000,1000.000000,3,2.314870e-09,2.511261e-09,3.359092e-16,-8.956712e-20,6.032064e-12
1001,1001.000000,3,2.312579e-09,2.508428e-09,3.358803e-16,-6.207163e-20,6.085177e-11
1002,1002.000000,3,2.308752e-09,2.505635e-09,3.359001e-16,-6.057609e-20,4.344791e-11
1003,1003.000000,3,2.306901e-09,2.502897e-09,3.358956e-16,-2.388236e-20,-4.643752e-11
1004,1004.000000,3,2.306617e-09,2.500197e-09,3.358669e-16,5.576521e-20,-1.029576e-11
1005,1005.000000,3,2.303238e-09,2.497543e-09,3.358624e-16,-3.541326e-20,7.830980e-11
1006,1006.000000,3,2.301910e-09,2.494938e-09,3.358822e-16,-9.312399e-20,1.847633e-11
1007,1007.000000,3,2.297480e-09,2.492364e-09,3.358778e-16,-6.157532e-21,1.066183e-10
1008,1008.000000,3,2.296222e-09,2.489831e-09,3.358734e-16,-1.251293e-19,-1.026184e-10
1009,1009.000000,3,2.293831e-09,2.487340e-09,3.358690e-16,-5.252597e-20,-1.680567e-10
1010,1010.000000,3,2.292023e-09,2.484887e-09,3.358647e-16,2.166551e-20,1.069864e-10
1011,1011.000000,3,2.291035e-09,2.482456e-09,3.358363e-16,2.049092e-20,-1.390061e-10
1012,1012.000000,3,2.287990e-09,2.480088e-09,3.358320e-16,8.457095e-21,-4.765344e-11
1013,1013.000000,3,2.286455e-09,2.477730e-09,3.358517e-16,2.601979e-20,-7.417889e-11
1014,1014.000000,3,2.285407e-09,2.475410e-09,3.358474e-16,-3.573420e-21,-2.199068e-10
1015,1015.000000,3,2.282778e-09,2.473124e-09,3.358430e-16,7.320218e-20,-2.565059e-12
1016,1016.000000,3,2.282885e-09,2.470866e-09,3.358387e-16,-3.725621e-20,1.394174e-11
1017,1017.000000,3,2.279243e-09,2.468638e-09,3.358344e-16,-5.830962e-20,-4.366596e-11
1018,1018.000000,3,2.277062e-09,2.466437e-09,4.197877e-16,-4.109433e-21,3.622436e-11
1019,1019.000000,3,2.278256e-09,2.464261e-09,4.197524e-16,-2.386912e-20,-5.319878e-11
1020,1020.000000,3,2.274863e-09,2.462128e-09,3.358217e-16,2.777342e-20,3.427214e-11
1021,1021.000000,3,2.312934e-09,2.497764e-09,3.358175e-16,-9.501327e-20,-5.975132e-11
1022,1022.000000,3,2.375916e-09,2.545730e-09,3.357893e-16,-3.353390e-20,3.713474e-12
1023,1023.000000,3,2.418307e-09,2.571699e-09,4.197315e-16,-5.300904e-20,-6.663470e-11
1024,1024.000000,3,2.454868e-09,2.595332e-09,3.358049e-16,2.768077e-20,-2.047384e-11
1025,1025.000000,3,2.486043e-09,2.614117e-09,3.357768e-16,6.282933e-20,1.460174e-10
1026,1026.000000,3,2.516487e-09,2.631549e-09,3.357965e-16,1.328783e-20,-6.021317e-11
1027,1027.000000,3,2.542805e-09,2.646769e-09,3.357922e-16,2.139751e-20,-7.083134e-11
1028,1028.000000,3,2.566821e-09,2.661086e-09,3.357878e-16,6.948317e-20,-2.782441e-11
1029,1029.000000,3,2.590976e-09,2.674124e-09,3.357593e-16,-6.918870e-20,-8.001733e-11
1030,1030.000000,3,2.615234e-09,2.686482e-09,3.357787e-16,1.679177e-20,-4.705436e-11
1031,1031.000000,3,2.634479e-09,2.697996e-09,3.357740e-16,2.106333e-20,-3.328449e-12
1032,1032.000000,3,2.656449e-09,2.708988e-09,3.357692e-16,3.176374e-21,7.611112e-11
1033,1033.000000,3,2.675648e-09,2.719364e-09,3.357642e-16,1.976333e-19,-9.155166e-11
1034,1034.000000,3,2.696289e-09,2.729315e-09,3.357592e-16,-7.844981e-21,4.541700e-11
1035,1035.000000,3,2.713392e-09,2.738812e-09,3.357540e-16,1.275049e-19,-1.830136e-11
1036,1036.000000,3,2.732836e-09,2.747956e-09,3.357486e-16,9.797127e-21,-3.788880e-11
1037,1037.000000,3,2.749683e-09,2.756744e-09,3.357432e-16,2.972887e-20,3.968470e-11
1038,1038.000000,3,2.767951e-09,2.765236e-09,3.357375e-16,7.572011e-20,5.343415e-11
1039,1039.000000,3,2.785345e-09,2.773439e-09,3.357318e-16,1.706606e-19,-1.061351e-10
1040,1040.000000,3,2.801233e-09,2.781385e-09,3.357259e-16,1.114709e-20,1.244773e-10
1041,1041.000000,3,2.816108e-09,2.789089e-09,3.165086e-16,-2.546393e-20,-4.515277e-11
1042,1042.000000,3,2.833083e-09,2.796582e-09,3.357136e-16,8.195044e-20,9.984902e-12
1043,1043.000000,3,2.848594e-09,2.803849e-09,3.356822e-16,-7.025080e-20,6.078560e-11
1044,1044.000000,3,2.864319e-09,2.810927e-09,3.357005e-16,-9.382544e-20,7.825163e-11
1045,1045.000000,3,2.880398e-09,2.817849e-09,3.356938e-16,-1.067725e-20,-1.444578e-11
1046,1046.000000,3,2.895035e-09,2.824581e-09,3.356869e-16,5.759162e-20,-7.120882e-11
1047,1047.000000,3,2.909040e-09,2.831167e-09,3.356799e-16,7.537270e-21,6.777068e-11
1048,1048.000000,3,2.922537e-09,2.837594e-09,4.195910e-16,-8.969947e-21,9.624346e-11
1049,1049.000000,3,2.937714e-09,2.843892e-09,3.356655e-16,-3.259753e-20,-3.206635e-11
1050,1050.000000,3,2.952401e-09,2.850060e-09,3.356580e-16,-6.480795e-20,4.817302e-11
1051,1051.000000,3,2.966509e-09,2.856086e-09,3.356504e-16,-1.004197e-19,-1.873257e-11
1052,1052.000000,3,2.979583e-09,2.862003e-09,3.356427e-16,2.103355e-20,-1.046430e-10
1053,1053.000000,3,2.995453e-09,2.867811e-09,3.356348e-16,2.656904e-20,7.725331e-11
1054,1054.000000,3,3.008147e-09,2.873491e-09,3.356268e-16,3.228651e-20,6.739764e-11
1055,1055.000000,3,3.020393e-09,2.879096e-09,3.356187e-16,-5.360130e-20,6.001866e-12
1056,1056.000000,3,3.033325e-09,2.884574e-09,3.355846e-16,-2.432573e-20,-1.764939e-10
1057,1057.000000,3,3.048473e-09,2.889980e-09,3.356019e-16,4.609712e-20,-4.010570e-12
1058,1058.000000,3,3.060727e-09,2.895288e-09,3.355675e-16,1.287159e-19,1.063429e-10
1059,1059.000000,3,3.073694e-09,2.900503e-09,3.355847e-16,-1.338974e-19,-5.007417e-11
1060,1060.000000,3,3.084480e-09,2.905630e-09,3.355758e-16,9.661139e-20,2.390177e-11
1061,1061.000000,3,3.098336e-09,2.910700e-09,3.355668e-16,1.426059e-21,3.840617e-11
1062,1062.000000,3,3.113666e-09,2.915670e-09,3.355315e-16,-5.420018e-20,-9.698908e-12
1063,1063.000000,3,3.124029e-09,2.920576e-09,3.355221e-16,-1.325971e-19,1.701861e-10
1064,1064.000000,3,3.136538e-09,2.925415e-09,3.355388e-16,2.437205e-20,-1.481038e-11
1065,1065.000000,3,3.148468e-09,2.930189e-09,3.355292e-16,3.322288e-20,5.973533e-11
1066,1066.000000,3,3.160334e-09,2.934872e-09,3.354932e-16,-2.139420e-20,4.274137e-11
1067,1067.000000,3,3.172236e-09,2.939521e-09,3.355097e-16,9.531768e-20,9.105161e-12
1068,1068.000000,3,3.186415e-09,2.944084e-09,3.354997e-16,-4.896247e-20,3.674083e-11
1069,1069.000000,3,3.196920e-09,2.948596e-09,3.354896e-16,-4.811875e-20,-4.809442e-11
1070,1070.000000,3,3.209873e-09,2.953054e-09,3.354794e-16,-2.351509e-20,1.020295e-11
1071,1071.000000,3,3.220585e-09,2.957457e-09,3.354691e-16,1.335731e-20,5.824496e-11
1072,1072.000000,3,3.233676e-09,2.961785e-09,4.192899e-16,-1.025439e-19,-1.022205e-10
1073,1073.000000,3,3.244804e-09,2.966086e-09,3.354480e-16,-1.190445e-19,-4.675726e-11
1074,1074.000000,3,3.256424e-09,2.970318e-09,3.354105e-16,-6.138011e-20,-4.788392e-11
1075,1075.000000,3,3.266525e-09,2.974507e-09,3.354264e-16,1.590768e-19,1.036295e-10
1076,1076.000000,3,3.279744e-09,2.978644e-09,3.354154e-16,-3.176374e-21,-7.804823e-11
1077,1077.000000,3,3.290513e-09,2.982736e-09,3.354044e-16,2.754181e-20,6.785861e-11
1078,1078.000000,3,3.302222e-09,2.986782e-09,3.353931e-16,1.294041e-20,-9.903189e-14
1079,1079.000000,3,3.314298e-09,2.990788e-09,3.353818e-16,-2.375994e-20,3.834622e-11
1080,1080.000000,3,3.325283e-09,2.994736e-09,3.353703e-16,-1.021700e-19,-5.130563e-12
1081,1081.000000,3,3.299597e-09,2.968746e-09,3.353587e-16,-4.551479e-20,-4.231859e-11
1082,1082.000000,3,3.253863e-09,2.932959e-09,3.353197e-16,1.232003e-19,-8.809620e-11
1083,1083.000000,3,3.228006e-09,2.914593e-09,3.353351e-16,7.385730e-20,-5.361045e-12
1084,1084.000000,3,3.204086e-09,2.898080e-09,3.353231e-16,-9.816980e-21,7.076606e-11
1085,1085.000000,3,3.184862e-09,2.885404e-09,3.352836e-16,-1.710940e-20,-6.152279e-11
1086,1086.000000,3,3.168381e-09,2.873766e-09,3.352988e-16,-7.160737e-20,1.812328e-12
1087,1087.000000,3,3.154309e-09,2.863881e-09,3.352865e-16,-3.285561e-20,-5.254197e-11
1088,1088.000000,3,3.142230e-09,2.854676e-09,3.352742e-16,-6.988353e-20,-8.282575e-11
1089,1089.000000,3,3.131440e-09,2.846496e-09,3.352619e-16,-2.271769e-20,3.269784e-11
1090,1090.000000,3,3.119229e-09,2.838827e-09,3.352495e-16,-1.938018e-19,-1.081268e-10
1091,1091.000000,3,3.112220e-09,2.831821e-09,3.352372e-16,-1.007175e-19,-9.947598e-13
1092,1092.000000,3,3.101494e-09,2.825214e-09,3.352248e-16,-1.675206e-20,4.077227e-11
1093,1093.000000,3,3.092655e-09,2.819071e-09,3.351849e-16,2.561282e-20,3.546274e-11
1094,1094.000000,3,3.087116e-09,2.813241e-09,3.351725e-16,-5.105359e-21,-6.147616e-11
1095,1095.000000,3,3.078892e-09,2.807768e-09,3.351876e-16,7.166362e-20,-4.059331e-11
1096,1096.000000,3,3.073605e-09,2.802547e-09,3.351752e-16,-5.870666e-20,1.299676e-10
1097,1097.000000,3,3.067054e-09,2.797604e-09,3.351628e-16,-9.123140e-20,-7.619239e-11
1098,1098.000000,3,3.061366e-09,2.792882e-09,3.351504e-16,1.555100e-20,-2.160760e-11
1099,1099.000000,3,3.057675e-09,2.788374e-09,3.351107e-16,7.542895e-20,8.587353e-12
1100,1100.000000,3,3.050527e-09,2.784036e-09,3.351257e-16,-1.010153e-19,3.089617e-11
1101,1101.000000,3,3.048083e-09,2.779897e-09,3.351133e-16,-1.022494e-19,6.884981e-11
1102,1102.000000,3,3.043358e-09,2.775918e-09,3.351010e-16,3.068840e-20,-6.783241e-11
1103,1103.000000,3,3.038995e-09,2.772079e-09,3.350613e-16,1.162123e-19,5.482281e-11
1104,1104.000000,3,3.033421e-09,2.768383e-09,3.350763e-16,1.078974e-20,9.139978e-11
1105,1105.000000,3,3.030895e-09,2.764822e-09,3.350367e-16,-6.710420e-20,-4.205747e-11
1106,1106.000000,3,3.026731e-09,2.761368e-09,3.350244e-16,1.068717e-19,2.932588e-11
1107,1107.000000,3,3.024766e-09,2.758040e-09,3.350393e-16,-4.040612e-20,-7.925482e-11
1108,1108.000000,3,3.019775e-09,2.754809e-09,2.512703e-16,2.671132e-20,-3.934630e-13
1109,1109.000000,3,3.016996e-09,2.751667e-09,3.350148e-16,-1.156266e-19,-8.899992e-12
1110,1110.000000,3,3.014328e-09,2.748627e-09,4.187532e-16,2.505034e-20,3.091971e-11
1111,1111.000000,3,3.012225e-09,2.745676e-09,3.349904e-16,7.683515e-20,5.738521e-11
1112,1112.000000,3,3.010662e-09,2.742814e-09,3.349510e-16,1.044233e-19,-3.218537e-11
1113,1113.000000,3,3.007578e-09,2.740008e-09,3.349388e-16,2.808874e-19,-8.861933e-11
1114,1114.000000,3,3.004722e-09,2.737299e-09,3.349267e-16,-1.246462e-19,1.687406e-11
1115,1115.000000,3,3.002789e-09,2.734639e-09,3.349417e-16,-4.368506e-20,2.294920e-11
1116,1116.000000,3,3.000217e-09,2.732061e-09,3.349295e-16,-2.517276e-20,-9.366730e-12
1117,1117.000000,3,2.998782e-09,2.729547e-09,3.349174e-16,-1.096180e-20,-1.117697e-10
1118,1118.000000,3,2.995847e-09,2.727083e-09,3.349052e-16,-1.127348e-19,8.684653e-11
1119,1119.000000,3,2.994526e-09,2.724681e-09,3.348931e-16,-9.475850e-20,-5.603384e-11
1120,1120.000000,3,2.992458e-09,2.722338e-09,3.348809e-16,8.258902e-20,-7.481615e-11
1121,1121.000000,3,2.991072e-09,2.720033e-09,3.348417e-16,5.710524e-20,-4.263256e-14
1122,1122.000000,3,2.989999e-09,2.717792e-09,3.348566e-16,-2.686352e-20,-8.183676e-12
1123,1123.000000,3,2.988273e-09,2.715593e-09,3.348445e-16,-3.149904e-21,-6.782352e-11
1124,1124.000000,3,2.988436e-09,2.713447e-09,3.348324e-16,3.797421e-20,1.433165e-11
1125,1125.000000,3,2.986340e-09,2.711344e-09,3.348203e-16,-1.315747e-19,1.299671e-10
1126,1126.000000,3,2.984507e-09,2.709277e-09,3.348082e-16,1.190611e-19,-1.392082e-10
1127,1127.000000,3,2.984258e-09,2.707250e-09,3.347961e-16,1.891927e-20,4.167022e-11
1128,1128.000000,3,2.981700e-09,2.705269e-09,3.347841e-16,3.673013e-20,5.155787e-11
1129,1129.000000,3,2.983477e-09,2.703327e-09,3.347720e-16,4.299685e-20,-5.222933e-12
1130,1130.000000,3,2.980244e-09,2.701401e-09,3.347600e-16,-4.975326e-20,9.155876e-11
1131,1131.000000,3,2.978027e-09,2.699528e-09,3.347210e-16,2.219160e-20,-1.035629e-10
1132,1132.000000,3,2.979419e-09,2.697691e-09,3.347359e-16,1.301982e-20,1.018892e-10
1133,1133.000000,3,2.977544e-09,2.695874e-09,3.347239e-16,-8.094128e-20,-5.861356e-11
1134,1134.000000,3,2.976265e-09,2.694103e-09,3.347119e-16,8.793923e-20,-8.936718e-11
1135,1135.000000,3,2.976371e-09,2.692347e-09,3.346998e-16,1.431420e-19,2.659473e-11
1136,1136.000000,3,2.975042e-09,2.690627e-09,3.346877e-16,-1.132245e-20,1.554814e-10
1137,1137.000000,3,2.974716e-09,2.688936e-09,3.346757e-16,-1.469404e-20,-4.860379e-11
1138,1138.000000,3,2.973827e-09,2.687267e-09,3.346636e-16,-7.001588e-20,-3.129763e-11
1139,1139.000000,3,2.973451e-09,2.685635e-09,3.346516e-16,1.091018e-19,-6.324719e-12
1140,1140.000000,3,2.973529e-09,2.684025e-09,3.346395e-16,-1.872737e-21,-2.408651e-11
1141,1141.000000,3,2.983029e-09,2.691517e-09,3.346275e-16,-1.065475e-19,1.338352e-10
1142,1142.000000,3,3.002164e-09,2.702014e-09,3.346154e-16,3.881131e-21,-3.612044e-11
1143,1143.000000,3,3.012893e-09,2.707202e-09,3.346034e-16,7.643149e-21,-1.012492e-10
1144,1144.000000,3,3.022748e-09,2.711843e-09,3.345645e-16,-1.955223e-19,1.326352e-10
1145,1145.000000,3,3.030472e-09,2.715318e-09,3.345793e-16,-8.243682e-20,-3.030687e-11
1146,1146.000000,3,3.039474e-09,2.718499e-09,3.345673e-16,-1.153619e-19,5.064615e-11
1147,1147.000000,3,3.046182e-09,2.721145e-09,3.345553e-16,1.841635e-20,6.745537e-11
1148,1148.000000,3,3.053138e-09,2.723591e-09,3.345432e-16,-9.932785e-21,5.623990e-11
1149,1149.000000,3,3.061103e-09,2.725737e-09,3.345043e-16,4.741068e-20,-6.922907e-12
1150,1150.000000,3,3.065956e-09,2.727747e-09,3.345190e-16,2.875611e-20,3.478462e-11
1151,1151.000000,3,3.073616e-09,2.729552e-09,3.345069e-16,1.706407e-19,-4.597966e-11
1152,1152.000000,3,3.079400e-09,2.731239e-09,3.344678e-16,2.222800e-20,-1.669731e-11
1153,1153.000000,3,3.085397e-09,2.732805e-09,3.344555e-16,1.507983e-19,7.222090e-11
1154,1154.000000,3,3.088694e-09,2.734273e-09,3.344701e-16,-5.193371e-20,5.437650e-11
1155,1155.000000,3,3.094989e-09,2.735645e-09,3.344577e-16,5.473289e-20,-8.578915e-12
1156,1156.000000,3,3.099899e-09,2.736950e-09,3.344185e-16,9.123802e-20,-2.614486e-11
1157,1157.000000,3,3.106472e-09,2.738182e-09,3.344329e-16,-1.019417e-20,3.020340e-11
1158,1158.000000,3,3.110728e-09,2.739347e-09,3.344205e-16,-9.604890e-20,-1.392193e-10
1159,1159.000000,3,3.115588e-09,2.740440e-09,3.344080e-16,-5.976214e-20,-1.929212e-11
1160,1160.000000,3,3.121400e-09,2.741503e-09,3.343955e-16,-9.017923e-20,-6.381340e-11
1161,1161.000000,3,3.123461e-09,2.742511e-09,3.343830e-16,9.505960e-21,-7.063683e-12
1162,1162.000000,3,3.129834e-09,2.743468e-09,3.343434e-16,5.360792e-20,-1.125322e-12
1163,1163.000000,3,3.134069e-09,2.744390e-09,3.343577e-16,-2.053724e-20,-1.283862e-12
1164,1164.000000,3,3.137984e-09,2.745283e-09,3.343181e-16,5.826660e-21,5.871303e-12
1165,1165.000000,3,3.144095e-09,2.746132e-09,3.343324e-16,-2.537459e-20,-1.213891e-10
1166,1166.000000,3,3.147960e-09,2.746963e-09,3.343196e-16,-1.121657e-21,-2.167377e-11
1167,1167.000000,3,3.152458e-09,2.747747e-09,3.343068e-16,-1.246197e-19,1.344906e-10
1168,1168.000000,3,3.156728e-09,2.748513e-09,3.342940e-16,3.364971e-21,8.694379e-12
1169,1169.000000,3,3.161674e-09,2.749264e-09,3.342811e-16,-4.661328e-20,-8.873347e-12
1170,1170.000000,3,3.166136e-09,2.749969e-09,3.342681e-16,3.335854e-20,-9.521450e-11
1171,1171.000000,3,3.168722e-09,2.750673e-09,3.342280e-16,-3.609485e-20,2.869172e-11
1172,1172.000000,3,3.175138e-09,2.751347e-09,3.342421e-16,-1.666934e-20,-2.943734e-11
1173,1173.000000,3,3.177256e-09,2.751992e-09,3.342290e-16,6.774940e-20,-8.040146e-11
1174,1174.000000,3,3.180212e-09,2.752631e-09,3.341887e-16,-3.994951e-20,1.282441e-11
1175,1175.000000,3,3.184759e-09,2.753263e-09,3.342027e-16,1.334772e-19,1.806510e-11
1176,1176.000000,3,3.190337e-09,2.753856e-09,3.341894e-16,2.547716e-20,-2.398939e-10
1177,1177.000000,3,3.196128e-09,2.754449e-09,3.341762e-16,8.744953e-21,-3.349809e-11
1178,1178.000000,3,3.199361e-09,2.755018e-09,3.341629e-16,-5.640710e-20,2.677991e-11
1179,1179.000000,3,3.201784e-09,2.755576e-09,3.341496e-16,1.119738e-19,-4.135803e-11
1180,1180.000000,3,3.205777e-09,2.756124e-09,3.341362e-16,-1.490646e-19,-9.946710e-12
1181,1181.000000,3,3.209770e-09,2.756651e-09,3.341228e-16,6.342821e-20,-3.696687e-11
1182,1182.000000,3,3.214694e-09,2.757177e-09,3.341093e-16,-2.185080e-20,2.174128e-11
1183,1183.000000,3,3.215547e-09,2.757679e-09,3.340959e-16,-1.412957e-19,8.298295e-11
1184,1184.000000,3,3.221459e-09,2.758181e-09,3.340823e-16,-3.937380e-22,9.820589e-12
1185,1185.000000,3,3.224955e-09,2.758665e-09,3.340688e-16,-5.317779e-20,-5.450129e-11
1186,1186.000000,3,3.230376e-09,2.759144e-09,3.340279e-16,-4.289759e-20,-3.399636e-11
1187,1187.000000,3,3.231833e-09,2.759619e-09,3.340415e-16,2.017659e-20,2.795275e-11
1188,1188.000000,3,3.237169e-09,2.760071e-09,3.340278e-16,9.447726e-20,2.577538e-11
1189,1189.000000,3,3.242000e-09,2.760523e-09,4.175175e-16,8.182471e-21,-1.889240e-10
1190,1190.000000,3,3.244956e-09,2.760966e-09,3.339728e-16,1.278821e-20,-7.219514e-11
1191,1191.000000,3,3.250520e-09,2.761398e-09,3.339863e-16,1.311544e-19,5.237144e-11
1192,1192.000000,3,3.253255e-09,2.761819e-09,3.339724e-16,8.225484e-21,1.554445e-11
1193,1193.000000,3,3.255515e-09,2.762235e-09,3.339584e-16,-5.832616e-20,-2.126566e-11
1194,1194.000000,3,3.259736e-09,2.762650e-09,3.339445e-16,-6.412635e-20,1.506084e-11
1195,1195.000000,3,3.264049e-09,2.763057e-09,3.339304e-16,-1.701676e-19,-1.627902e-10
1196,1196.000000,3,3.268561e-09,2.763460e-09,3.339164e-16,-3.067847e-20,-1.962652e-11
1197,1197.000000,3,3.269527e-09,2.763844e-09,3.339023e-16,-6.550278e-20,5.332446e-11
1198,1198.000000,3,3.274735e-09,2.764219e-09,3.338881e-16,1.486609e-20,3.453859e-11
1199,1199.000000,3,3.279418e-09,2.764604e-09,3.338740e-16,1.406604e-19,4.461986e-11
1200,1200.000000,3,3.283908e-09,2.764973e-09,3.338598e-16,1.726491e-20,3.957057e-11
1201,1201.000000,3,3.265015e-09,2.748276e-09,3.338455e-16,1.124105e-19,2.966871e-11
1202,1202.000000,3,3.235272e-09,2.726004e-09,3.338312e-16,1.619123e-19,-6.105694e-11
1203,1203.000000,3,3.213927e-09,2.713685e-09,3.338169e-16,1.026961e-19,8.158541e-11
1204,1204.000000,3,3.196810e-09,2.702482e-09,3.338026e-16,3.185307e-20,1.494875e-10
1205,1205.000000,3,3.182933e-09,2.693473e-09,3.337607e-16,1.162685e-19,-6.103740e-11
1206,1206.000000,3,3.168530e-09,2.685079e-09,3.337738e-16,-8.396876e-20,1.535874e-10
1207,1207.000000,3,3.159542e-09,2.677695e-09,3.337593e-16,9.354089e-20,-3.702061e-11
1208,1208.000000,3,3.148024e-09,2.670733e-09,3.337448e-16,-9.967526e-20,-7.491785e-12
1209,1209.000000,3,3.138922e-09,2.664358e-09,4.171285e-16,-1.286795e-19,-1.111529e-10
1210,1210.000000,3,3.128214e-09,2.658309e-09,3.337158e-16,-2.515820e-19,-3.416423e-11
1211,1211.000000,3,3.120462e-09,2.652641e-09,3.337013e-16,4.152778e-20,1.314384e-10
1212,1212.000000,3,3.113982e-09,2.647215e-09,3.336869e-16,-7.632230e-20,1.637135e-11
1213,1213.000000,3,3.107438e-09,2.642073e-09,3.336450e-16,7.656384e-21,4.058975e-13
1214,1214.000000,3,3.099849e-09,2.637117e-09,3.336581e-16,5.251273e-20,-3.479217e-11
1215,1215.000000,3,3.093078e-09,2.632389e-09,3.336437e-16,1.163314e-19,-3.854561e-11
1216,1216.000000,3,3.084615e-09,2.627810e-09,3.336293e-16,-3.349420e-20,-6.477929e-12
1217,1217.000000,3,3.079315e-09,2.623403e-09,3.336150e-16,2.423308e-20,1.044325e-10
1218,1218.000000,3,3.072621e-09,2.619139e-09,3.336007e-16,1.313894e-20,9.748957e-11
1219,1219.000000,3,3.065843e-09,2.615008e-09,3.335865e-16,-3.806354e-20,2.911005e-12
1220,1220.000000,3,3.062148e-09,2.610987e-09,4.169653e-16,-1.550368e-19,6.139800e-11
1221,1221.000000,3,3.058517e-09,2.607097e-09,3.864691e-16,-6.399400e-20,7.747714e-11
1222,1222.000000,3,3.051078e-09,2.603302e-09,3.335439e-16,7.415509e-20,-5.018963e-11
1223,1223.000000,3,3.046900e-09,2.599603e-09,3.335026e-16,-9.122148e-21,-1.084395e-10
1224,1224.000000,3,3.042771e-09,2.596008e-09,3.335157e-16,2.201955e-20,6.143752e-11
1225,1225.000000,3,3.038913e-09,2.592477e-09,3.334744e-16,-8.589113e-20,-1.811871e-10
1226,1226.000000,3,3.033641e-09,2.589033e-09,3.334875e-16,-1.417490e-19,7.978063e-11
1227,1227.000000,3,3.028219e-09,2.585660e-09,3.334735e-16,8.073283e-20,1.265033e-11
1228,1228.000000,3,3.024120e-09,2.582357e-09,3.334594e-16,-1.464407e-19,-5.465850e-11
1229,1229.000000,3,3.019103e-09,2.579126e-09,4.167729e-16,-4.200423e-20,2.709877e-11
1230,1230.000000,3,3.016673e-09,2.575963e-09,4.167555e-16,-6.398077e-20,-2.164535e-11
1231,1231.000000,3,3.013412e-09,2.572846e-09,3.334176e-16,1.445151e-19,-8.969403e-11
1232,1232.000000,3,3.007571e-09,2.569808e-09,3.333766e-16,-5.670489e-20,1.126184e-10
1233,1233.000000,3,3.005326e-09,2.566805e-09,3.333898e-16,3.044686e-20,6.135581e-11
1234,1234.000000,3,3.001425e-09,2.563856e-09,3.333760e-16,-4.455526e-20,-2.520739e-11
1235,1235.000000,3,2.997780e-09,2.560957e-09,3.333622e-16,1.488594e-20,-8.903056e-11
1236,1236.000000,3,2.993943e-09,2.558120e-09,3.857706e-16,3.850029e-20,5.140288e-11
1237,1237.000000,3,2.990880e-09,2.555310e-09,3.333347e-16,1.116032e-20,1.627232e-11
1238,1238.000000,3,2.987235e-09,2.552559e-09,3.333210e-16,-1.633847e-20,-8.684431e-11
1239,1239.000000,3,2.984351e-09,2.549830e-09,3.333073e-16,-1.460470e-20,7.575052e-11
1240,1240.000000,3,2.983072e-09,2.547159e-09,4.165835e-16,-5.566595e-20,-3.405010e-11
1241,1241.000000,3,2.977551e-09,2.544522e-09,3.332800e-16,-2.862045e-21,-7.739276e-11
1242,1242.000000,3,2.977096e-09,2.541917e-09,3.332664e-16,-1.975969e-20,-9.175505e-11
1243,1243.000000,3,2.971198e-09,2.539345e-09,3.332260e-16,-7.701052e-20,6.063949e-11
1244,1244.000000,3,2.969038e-09,2.536817e-09,3.332392e-16,1.326037e-19,-8.729595e-11
1245,1245.000000,3,2.966672e-09,2.534312e-09,3.331988e-16,6.430833e-20,5.599965e-12
1246,1246.000000,3,2.963802e-09,2.531851e-09,3.332120e-16,2.829619e-20,-3.926859e-11
1247,1247.000000,3,2.960405e-09,2.529412e-09,3.331985e-16,-3.248504e-20,-6.172041e-11
1248,1248.000000,3,2.958892e-09,2.527000e-09,3.331850e-16,4.271230e-20,-5.123679e-11
1249,1249.000000,3,2.956405e-09,2.524632e-09,3.331448e-16,4.859521e-20,1.514486e-10
1250,1250.000000,3,2.953314e-09,2.522277e-09,3.331314e-16,-4.087265e-20,-3.204415e-11
1251,1251.000000,3,2.952852e-09,2.519948e-09,3.331446e-16,3.189608e-21,-1.327662e-10
1252,1252.000000,3,2.948909e-09,2.517659e-09,3.331312e-16,5.750560e-21,4.893508e-11
1253,1253.000000,3,2.945633e-09,2.515390e-09,3.330912e-16,-1.633384e-19,-5.810152e-11
1254,1254.000000,3,2.943743e-09,2.513136e-09,3.331045e-16,-1.276340e-19,7.364065e-11
1255,1255.000000,3,2.940055e-09,2.510919e-09,3.330912e-16,7.816195e-20,5.097789e-11
1256,1256.000000,3,2.937128e-09,2.508726e-09,3.330779e-16,-1.337716e-20,-8.097301e-11
1257,1257.000000,3,2.936552e-09,2.506556e-09,3.330381e-16,-1.017995e-19,6.819922e-11
1258,1258.000000,3,2.934236e-09,2.504408e-09,3.330248e-16,-8.009424e-20,6.535839e-11
1259,1259.000000,3,2.932289e-09,2.502281e-09,4.162975e-16,-3.213100e-20,2.505018e-11
1260,1260.000000,3,2.930015e-09,2.500163e-09,3.330247e-16,-1.183265e-19,3.361578e-11
1261,1261.000000,3,2.965663e-09,2.528536e-09,3.329850e-16,-7.010521e-20,-5.156586e-11
1262,1262.000000,3,3.024248e-09,2.566928e-09,3.329982e-16,-7.203089e-21,3.411404e-11
1263,1263.000000,3,3.065473e-09,2.587534e-09,3.329850e-16,9.569156e-20,-8.333512e-11
1264,1264.000000,3,3.101313e-09,2.606180e-09,3.329718e-16,1.248712e-20,6.640644e-11
1265,1265.000000,3,3.131667e-09,2.620918e-09,3.329586e-16,4.795331e-20,-1.344169e-11
1266,1266.000000,3,3.159755e-09,2.634551e-09,3.329189e-16,1.261252e-19,-8.143486e-11
1267,1267.000000,3,3.184347e-09,2.646388e-09,3.329321e-16,-5.915996e-21,-1.334568e-10
1268,1268.000000,3,3.207909e-09,2.657471e-09,3.329189e-16,1.088239e-20,2.680389e-11
1269,1269.000000,3,3.229999e-09,2.667532e-09,3.328791e-16,-8.474300e-20,-2.182419e-10
1270,1270.000000,3,3.250037e-09,2.677027e-09,3.328922e-16,-4.515083e-20,-1.653522e-11
1271,1271.000000,3,3.272227e-09,2.685843e-09,3.328522e-16,9.237291e-20,-3.287548e-11
1272,1272.000000,3,3.290339e-09,2.694218e-09,3.328652e-16,-2.011703e-21,-1.452527e-11
1273,1273.000000,3,3.309950e-09,2.702122e-09,3.328516e-16,3.953923e-21,-5.057599e-11
1274,1274.000000,3,3.327891e-09,2.709660e-09,3.328113e-16,9.845765e-20,1.257758e-10
1275,1275.000000,3,3.345434e-09,2.716838e-09,3.328241e-16,1.815066e-19,-3.768275e-11
1276,1276.000000,3,3.362196e-09,2.723730e-09,3.328102e-16,8.455440e-20,-4.134515e-11
1277,1277.000000,3,3.377039e-09,2.730325e-09,3.327962e-16,7.184560e-20,-4.314904e-11
1278,1278.000000,3,3.392550e-09,2.736677e-09,3.327552e-16,-3.030459e-20,-2.532641e-11
1279,1279.000000,3,3.409212e-09,2.742804e-09,3.327408e-16,-2.733997e-20,-2.292699e-11
1280,1280.000000,3,3.423459e-09,2.748712e-09,3.327534e-16,4.440967e-20,4.744871e-11
1281,1281.000000,3,3.438650e-09,2.754448e-09,3.327119e-16,-4.007856e-20,6.279199e-11
1282,1282.000000,3,3.454488e-09,2.759982e-09,3.327243e-16,-4.066420e-20,-2.232614e-11
1283,1283.000000,3,3.467505e-09,2.765352e-09,3.327096e-16,-1.190114e-19,9.534062e-11
1284,1284.000000,3,3.481908e-09,2.770568e-09,3.326677e-16,-9.123471e-20,-1.256226e-10
1285,1285.000000,3,3.494307e-09,2.775648e-09,3.326527e-16,-9.508937e-20,1.069274e-10
1286,1286.000000,3,3.507282e-09,2.780582e-09,3.326376e-16,-5.449797e-20,1.810552e-11
1287,1287.000000,3,3.521251e-09,2.785395e-09,3.326497e-16,-1.932294e-20,1.523199e-10
1288,1288.000000,3,3.536307e-09,2.790081e-09,3.326071e-16,7.437346e-20,-1.807754e-11
1289,1289.000000,3,3.548337e-09,2.794658e-09,3.326191e-16,7.216324e-20,4.656675e-11
1290,1290.000000,3,3.561389e-09,2.799129e-09,3.326037e-16,3.427836e-21,4.546008e-11
1291,1291.000000,3,3.573625e-09,2.803496e-09,3.325881e-16,-2.051408e-20,-6.072032e-11
1292,1292.000000,3,3.584681e-09,2.807767e-09,3.325724e-16,5.972906e-20,4.163159e-11
1293,1293.000000,3,3.600633e-09,2.811952e-09,3.325566e-16,4.383726e-20,-2.020588e-10
1294,1294.000000,3,3.610033e-09,2.816048e-09,3.325407e-16,-9.623419e-20,-1.158997e-10
1295,1295.000000,3,3.622297e-09,2.820051e-09,3.325247e-16,-2.885206e-21,3.223644e-11
1296,1296.000000,3,3.634050e-09,2.823981e-09,3.325086e-16,9.110898e-20,8.375522e-11
1297,1297.000000,3,3.646385e-09,2.827841e-09,3.324924e-16,1.228396e-19,-4.337153e-11
1298,1298.000000,3,3.656531e-09,2.831621e-09,3.324761e-16,4.146822e-20,8.045165e-11
1299,1299.000000,3,3.668966e-09,2.835330e-09,3.324317e-16,-5.687694e-21,-2.176881e-11
1300,1300.000000,3,3.679482e-09,2.838976e-09,3.324430e-16,-6.474177e-20,-2.682432e-11
1301,1301.000000,3,3.691156e-09,2.842560e-09,3.323983e-16,-2.612104e-19,1.179772e-10
1302,1302.000000,3,3.702056e-09,2.846073e-09,3.324095e-16,5.001134e-20,-7.494005e-12
1303,1303.000000,3,3.714050e-09,2.849539e-09,3.323926e-16,1.506792e-20,2.624567e-11
1304,1304.000000,3,3.723144e-09,2.852933e-09,3.323756e-16,-1.181082e-19,1.897149e-11
1305,1305.000000,3,3.732929e-09,2.856297e-09,3.323585e-16,-1.085261e-19,-8.715428e-11
1306,1306.000000,3,3.745789e-09,2.859588e-09,3.323413e-16,5.409099e-20,-1.963052e-11
1307,1307.000000,3,3.757023e-09,2.862818e-09,3.323240e-16,7.870789e-20,-2.260148e-11
1308,1308.000000,3,3.768129e-09,2.866024e-09,3.323066e-16,1.236470e-20,-3.052847e-11
1309,1309.000000,3,3.776577e-09,2.869176e-09,3.322891e-16,-4.217959e-20,2.882272e-11
1310,1310.000000,3,3.788237e-09,2.872268e-09,3.322432e-16,-1.823106e-21,8.470513e-11
1311,1311.000000,3,3.798455e-09,2.875332e-09,3.322539e-16,1.645957e-19,4.392664e-11
1312,1312.000000,3,3.808623e-09,2.878333e-09,3.322361e-16,4.822463e-20,-8.318191e-11
1313,1313.000000,3,3.819267e-09,2.881308e-09,3.322182e-16,3.037738e-20,-1.763052e-10
1314,1314.000000,3,3.830557e-09,2.884238e-09,3.322002e-16,-1.016274e-19,4.672707e-11
1315,1315.000000,3,3.839020e-09,2.887123e-09,3.321821e-16,1.208742e-19,7.804335e-11
1316,1316.000000,3,3.848399e-09,2.889971e-09,3.321640e-16,4.795662e-20,6.643042e-11
1317,1317.000000,3,3.859228e-09,2.892793e-09,3.321457e-16,-4.934960e-20,6.797185e-11
1318,1318.000000,3,3.868863e-09,2.895567e-09,4.151233e-16,-7.177942e-20,-4.171019e-11
1319,1319.000000,3,3.879407e-09,2.898297e-09,3.320801e-16,-3.489379e-20,-8.700463e-11
1320,1320.000000,3,3.888083e-09,2.901008e-09,3.320903e-16,-3.654153e-20,9.111290e-11
1321,1321.000000,3,3.869395e-09,2.881989e-09,3.320429e-16,9.977783e-20,2.031317e-10
1322,1322.000000,3,3.830323e-09,2.855770e-09,3.320241e-16,-4.817831e-20,-5.249046e-11
1323,1323.000000,3,3.807585e-09,2.842224e-09,3.320341e-16,-1.010451e-19,1.624523e-11
1324,1324.000000,3,3.788251e-09,2.830058e-09,3.320152e-16,6.649870e-20,8.290346e-11
1325,1325.000000,3,3.773295e-09,2.820665e-09,3.319962e-16,8.459742e-20,-1.384373e-10
1326,1326.000000,3,3.759318e-09,2.812040e-09,3.319771e-16,5.368071e-20,5.632916e-11
1327,1327.000000,3,3.746912e-09,2.804696e-09,3.319289e-16,1.140649e-19,-2.281508e-11
1328,1328.000000,3,3.735273e-09,2.797854e-09,3.319096e-16,6.823578e-20,1.167599e-11
1329,1329.000000,3,3.727990e-09,2.791730e-09,3.318904e-16,-1.057699e-19,-1.192606e-10
1330,1330.000000,3,3.717346e-09,2.786002e-09,3.319001e-16,2.232064e-20,1.034759e-10
1331,1331.000000,3,3.712174e-09,2.780757e-09,3.318517e-16,-4.640483e-20,-3.221867e-12
1332,1332.000000,3,3.703278e-09,2.775793e-09,3.318324e-16,4.969701e-20,1.612519e-10
1333,1333.000000,3,3.698084e-09,2.771160e-09,3.318420e-16,1.442438e-19,-1.922329e-11
1334,1334.000000,3,3.692875e-09,2.766772e-09,3.318227e-16,-1.374112e-20,7.594547e-11
1335,1335.000000,3,3.686253e-09,2.762619e-09,3.318033e-16,-1.246958e-19,-5.953327e-11
1336,1336.000000,3,3.680903e-09,2.758674e-09,3.317839e-16,-9.428866e-20,-4.235723e-11
1337,1337.000000,3,3.676988e-09,2.754924e-09,3.806604e-16,7.780461e-20,2.067990e-11
1338,1338.000000,3,3.672184e-09,2.751326e-09,3.317452e-16,1.226576e-19,2.556311e-11
1339,1339.000000,3,3.666266e-09,2.747887e-09,3.317258e-16,-2.946086e-20,7.147793e-11
1340,1340.000000,3,3.661221e-09,2.744581e-09,3.316774e-16,7.699066e-20,-5.599077e-11
1341,1341.000000,3,3.658030e-09,2.741405e-09,3.316870e-16,5.293956e-22,4.343192e-11
1342,1342.000000,3,3.655309e-09,2.738341e-09,3.316677e-16,-3.901646e-20,-5.171330e-11
1343,1343.000000,3,3.654854e-09,2.735396e-09,3.316483e-16,6.765345e-20,-2.007146e-10
1344,1344.000000,3,3.649880e-09,2.732539e-09,3.316290e-16,-9.145640e-20,-4.432454e-11
1345,1345.000000,3,3.645830e-09,2.729789e-09,3.316096e-16,-8.730726e-20,1.351141e-11
1346,1346.000000,3,3.644253e-09,2.727105e-09,3.315903e-16,5.918974e-20,-4.670575e-11
1347,1347.000000,3,3.641389e-09,2.724533e-09,3.315710e-16,-4.283803e-20,9.302292e-11
1348,1348.000000,3,3.637702e-09,2.722002e-09,3.315227e-16,6.778580e-20,-3.485656e-12
1349,1349.000000,3,3.638355e-09,2.719560e-09,3.315323e-16,1.803915e-20,1.304463e-10
1350,1350.000000,3,3.635975e-09,2.717182e-09,3.315129e-16,-3.926792e-20,-1.440474e-10
1351,1351.000000,3,3.632692e-09,2.714874e-09,3.314936e-16,-8.109679e-21,-1.326628e-11
1352,1352.000000,3,3.629346e-09,2.712609e-09,3.314742e-16,-9.230674e-20,-3.583800e-13
1353,1353.000000,3,3.628728e-09,2.710409e-09,3.314549e-16,2.327686e-20,6.714451e-11
1354,1354.000000,3,3.627143e-09,2.708271e-09,3.314355e-16,-1.449220e-21,-9.468604e-11
1355,1355.000000,3,3.626440e-09,2.706170e-09,3.313874e-16,-1.664618e-20,1.041198e-10
1356,1356.000000,3,3.623619e-09,2.704121e-09,3.313969e-16,7.828437e-20,-2.586420e-11
1357,1357.000000,3,3.623356e-09,2.702110e-09,3.313776e-16,9.526805e-20,-1.510063e-10
1358,1358.000000,3,3.620933e-09,2.700152e-09,3.313583e-16,-1.523634e-19,1.620677e-10
1359,1359.000000,3,3.619817e-09,2.698235e-09,3.313390e-16,-2.217837e-20,4.367617e-12
1360,1360.000000,3,3.617608e-09,2.696358e-09,4.141136e-16,-4.143844e-20,-1.479199e-10
1361,1361.000000,3,3.617536e-09,2.694513e-09,3.313004e-16,-1.429368e-21,-4.749934e-11
1362,1362.000000,3,3.615057e-09,2.692712e-09,3.312811e-16,-2.893478e-20,-8.934320e-11
1363,1363.000000,3,3.615519e-09,2.690940e-09,3.312331e-16,-7.698735e-20,-3.401501e-11
1364,1364.000000,3,3.613117e-09,2.689192e-09,3.312426e-16,-5.660893e-20,1.234457e-10
1365,1365.000000,3,3.613749e-09,2.687488e-09,3.312233e-16,-4.004216e-20,3.514744e-11
1366,1366.000000,3,3.612463e-09,2.685807e-09,4.139691e-16,-1.563371e-20,-1.289981e-10
1367,1367.000000,3,3.612108e-09,2.684157e-09,3.311848e-16,3.230967e-20,-1.099645e-10
1368,1368.000000,3,3.610822e-09,2.682534e-09,3.311656e-16,1.298343e-20,-5.361311e-11
1369,1369.000000,3,3.609031e-09,2.680945e-09,3.311463e-16,-2.696278e-20,6.340262e-12
1370,1370.000000,3,3.610744e-09,2.679374e-09,3.311271e-16,4.257333e-20,-9.563905e-11
1371,1371.000000,3,3.608626e-09,2.677832e-09,3.311078e-16,4.867131e-20,-3.971889e-11
1372,1372.000000,3,3.607767e-09,2.676304e-09,3.310598e-16,-4.838014e-20,-3.104184e-12
1373,1373.000000,3,3.607902e-09,2.674810e-09,3.310692e-16,-4.617984e-20,3.492806e-11
1374,1374.000000,3,3.605827e-09,2.673332e-09,3.310500e-16,-3.001011e-20,3.576472e-11
1375,1375.000000,3,3.604654e-09,2.671885e-09,3.310307e-16,6.426201e-20,-2.181544e-11
1376,1376.000000,3,3.605706e-09,2.670451e-09,3.310114e-16,3.429491e-20,-4.388001e-11
1377,1377.000000,3,3.605642e-09,2.669034e-09,3.309921e-16,-1.258638e-20,-4.040857e-11
1378,1378.000000,3,3.605443e-09,2.667644e-09,3.309728e-16,1.064085e-20,1.249578e-11
1379,1379.000000,3,3.605621e-09,2.666268e-09,4.136561e-16,-2.419338e-20,-6.623591e-12
1380,1380.000000,3,3.604633e-09,2.664909e-09,3.309343e-16,-1.776784e-21,1.187850e-11
1381,1381.000000,3,3.602842e-09,2.661631e-09,3.309150e-16,5.224473e-21,-8.959589e-11
1382,1382.000000,3,3.596732e-09,2.657744e-09,3.308671e-16,-5.968935e-21,-1.919576e-11
1383,1383.000000,3,3.594366e-09,2.655009e-09,3.308765e-16,1.302181e-19,1.940004e-10
1384,1384.000000,3,3.591417e-09,2.652436e-09,3.308572e-16,-4.292075e-20,4.491651e-11
1385,1385.000000,3,3.589683e-09,2.650128e-09,3.308093e-16,3.858301e-20,-3.771206e-11
1386,1386.000000,3,3.586784e-09,2.647893e-09,3.308187e-16,9.198248e-22,1.042144e-10
1387,1387.000000,3,3.585292e-09,2.645811e-09,3.307994e-16,8.358826e-20,-3.621725e-11
1388,1388.000000,3,3.583011e-09,2.643785e-09,3.307516e-16,8.879288e-20,-8.264500e-11
1389,1389.000000,3,3.580986e-09,2.641846e-09,3.307609e-16,3.950615e-20,1.147629e-10
1390,1390.000000,3,3.580148e-09,2.639953e-09,3.307417e-16,1.084136e-19,6.079848e-11
1391,1391.000000,3,3.579906e-09,2.638105e-09,3.307224e-16,-2.817046e-20,-6.608625e-11
1392,1392.000000,3,3.576091e-09,2.636310e-09,3.307032e-16,-3.209130e-20,-4.398970e-11
1393,1393.000000,3,3.575835e-09,2.634558e-09,3.306553e-16,4.304979e-20,1.199116e-10
1394,1394.000000,3,3.575394e-09,2.632849e-09,3.022511e-16,7.004896e-20,-5.195400e-11
1395,1395.000000,3,3.573483e-09,2.631164e-09,3.306167e-16,-7.845643e-20,-3.425127e-11
1396,1396.000000,3,3.572097e-09,2.629526e-09,3.306260e-16,-6.068528e-20,3.231193e-11
1397,1397.000000,3,3.570484e-09,2.627906e-09,3.305782e-16,6.947325e-20,-1.572693e-10
1398,1398.000000,3,3.571486e-09,2.626308e-09,3.305590e-16,1.287093e-21,-1.763789e-11
1399,1399.000000,3,3.569973e-09,2.624746e-09,3.305682e-16,-8.903772e-21,-1.482108e-10
1400,1400.000000,3,3.569738e-09,2.623208e-09,4.131506e-16,-1.599767e-20,-8.459766e-11
1401,1401.000000,3,3.567841e-09,2.621688e-09,3.305297e-16,5.652952e-20,7.583534e-11
1402,1402.000000,3,3.567209e-09,2.620204e-09,3.305105e-16,-4.483319e-21,-1.706990e-11
1403,1403.000000,3,3.567045e-09,2.618715e-09,3.304912e-16,-1.918397e-20,-2.311129e-11
1404,1404.000000,3,3.565290e-09,2.617261e-09,3.304720e-16,-5.128189e-20,-3.842482e-11
1405,1405.000000,3,3.564580e-09,2.615831e-09,3.304528e-16,-3.209130e-20,9.697887e-11
1406,1406.000000,3,3.563642e-09,2.614423e-09,4.130063e-16,-2.807120e-20,2.941603e-11
1407,1407.000000,3,3.564026e-09,2.613018e-09,3.304143e-16,-7.436023e-20,3.881784e-12
1408,1408.000000,3,3.560736e-09,2.611633e-09,3.303951e-16,5.909378e-20,8.987922e-11
1409,1409.000000,3,3.562832e-09,2.610270e-09,3.303759e-16,-1.455871e-19,1.123963e-10
1410,1410.000000,3,3.562000e-09,2.608925e-09,3.303567e-16,-3.695512e-20,4.954215e-11
1411,1411.000000,3,3.560963e-09,2.607575e-09,3.303375e-16,2.156625e-20,6.076073e-11
1412,1412.000000,3,3.559698e-09,2.606262e-09,3.303183e-16,5.065985e-20,-4.569012e-11
1413,1413.000000,3,3.559641e-09,2.604953e-09,3.302707e-16,-3.869882e-20,-1.745950e-10
1414,1414.000000,3,3.560260e-09,2.603663e-09,3.302798e-16,-1.065111e-19,-1.427334e-10
1415,1415.000000,3,3.559343e-09,2.602380e-09,3.302606e-16,2.014052e-19,2.550760e-11
1416,1416.000000,3,3.558483e-09,2.601118e-09,3.302413e-16,3.793119e-20,-8.923529e-12
1417,1417.000000,3,3.559414e-09,2.599856e-09,3.301937e-16,1.219992e-19,5.230616e-11
1418,1418.000000,3,3.560302e-09,2.598619e-09,3.302028e-16,6.886113e-20,-8.890355e-11
1419,1419.000000,3,3.558391e-09,2.597382e-09,3.301552e-16,8.312503e-20,-5.981926e-11
1420,1420.000000,3,3.557254e-09,2.596163e-09,3.301360e-16,-1.145414e-19,-1.299312e-10
1421,1421.000000,3,3.556565e-09,2.594948e-09,3.301451e-16,-5.343587e-21,2.252865e-11
1422,1422.000000,3,3.555989e-09,2.593748e-09,3.301259e-16,9.374934e-20,2.482077e-10
1423,1423.000000,3,3.556707e-09,2.592563e-09,3.301066e-16,-6.699501e-20,6.221557e-11
1424,1424.000000,3,3.556693e-09,2.591385e-09,3.300874e-16,1.077452e-19,-1.262181e-10
1425,1425.000000,3,3.555890e-09,2.590226e-09,3.300682e-16,-2.825649e-21,-8.330181e-11
1426,1426.000000,3,3.556885e-09,2.589061e-09,3.300489e-16,-2.965939e-20,2.144285e-11
1427,1427.000000,3,3.558362e-09,2.587922e-09,4.125371e-16,-1.465135e-19,-1.047407e-10
1428,1428.000000,3,3.556977e-09,2.586783e-09,3.299822e-16,2.727049e-20,4.450706e-11
1429,1429.000000,3,3.555328e-09,2.585653e-09,3.299913e-16,6.025184e-20,1.515712e-10
1430,1430.000000,3,3.555876e-09,2.584530e-09,3.299720e-16,5.852137e-20,1.313727e-10
1431,1431.000000,3,3.556480e-09,2.583412e-09,3.299528e-16,7.885016e-20,-4.667289e-11
1432,1432.000000,3,3.556110e-09,2.582316e-09,3.299336e-16,3.769627e-20,8.553913e-11
1433,1433.000000,3,3.554959e-09,2.581207e-09,3.299144e-16,-1.098827e-20,9.618528e-11
1434,1434.000000,3,3.556906e-09,2.580127e-09,3.298951e-16,9.317032e-20,-9.532197e-11
1435,1435.000000,3,3.555826e-09,2.579039e-09,3.298759e-16,-4.506149e-20,3.737766e-11
1436,1436.000000,3,3.556195e-09,2.577980e-09,3.298566e-16,1.216584e-19,-1.115330e-11
1437,1437.000000,3,3.556387e-09,2.576908e-09,3.298373e-16,-8.325738e-20,8.639756e-12
1438,1438.000000,3,3.554611e-09,2.575857e-09,3.297897e-16,5.485531e-20,1.776979e-11
1439,1439.000000,3,3.556117e-09,2.574798e-09,3.297705e-16,-4.385712e-20,-7.787460e-11
1440,1440.000000,3,3.557012e-09,2.573752e-09,3.297794e-16,3.902638e-20,3.961320e-11
1441,1441.000000,3,3.534311e-09,2.557656e-09,3.297602e-16,9.684961e-20,-9.419177e-11
1442,1442.000000,3,3.500766e-09,2.536559e-09,3.297409e-16,3.421881e-20,5.170886e-11
1443,1443.000000,3,3.477723e-09,2.524301e-09,3.297216e-16,2.343237e-20,2.555556e-11
1444,1444.000000,3,3.458354e-09,2.513032e-09,3.297023e-16,-6.394768e-20,6.135359e-11
1445,1445.000000,3,3.438686e-09,2.503719e-09,3.296830e-16,7.995528e-20,1.988099e-11
1446,1446.000000,3,3.421590e-09,2.494982e-09,3.296637e-16,4.685151e-21,1.028555e-10
1447,1447.000000,3,3.408900e-09,2.487132e-09,3.296163e-16,-8.614921e-20,-7.621281e-11
1448,1448.000000,3,3.393460e-09,2.479675e-09,3.296252e-16,-9.232990e-20,4.835510e-11
1449,1449.000000,3,3.382112e-09,2.472764e-09,3.295778e-16,-8.190742e-20,5.463230e-11
1450,1450.000000,3,3.369351e-09,2.466127e-09,3.295868e-16,-2.732012e-20,2.019629e-11
1451,1451.000000,3,3.357691e-09,2.459853e-09,3.295677e-16,2.676756e-21,-9.997692e-11
1452,1452.000000,3,3.346990e-09,2.453800e-09,3.295205e-16,-1.429831e-19,-1.027387e-10
1453,1453.000000,3,3.333724e-09,2.448009e-09,3.295295e-16,-2.743262e-20,6.859935e-11
1454,1454.000000,3,3.327401e-09,2.442392e-09,3.294825e-16,1.769736e-19,-5.795364e-13
1455,1455.000000,3,3.314575e-09,2.436985e-09,3.294916e-16,1.068750e-19,-1.657980e-10
1456,1456.000000,3,3.304990e-09,2.431729e-09,3.294727e-16,6.988022e-21,-2.175149e-12
1457,1457.000000,3,3.296179e-09,2.426627e-09,3.294538e-16,-1.010881e-19,-8.365753e-11
1458,1458.000000,3,3.288818e-09,2.421660e-09,3.747919e-16,-6.448038e-20,2.695177e-11
1459,1459.000000,3,3.277805e-09,2.416814e-09,3.294161e-16,6.096652e-20,1.149818e-10
1460,1460.000000,3,3.270962e-09,2.412093e-09,3.293974e-16,-3.061230e-20,1.881104e-10
1461,1461.000000,3,3.261881e-09,2.407479e-09,3.293787e-16,-1.009557e-19,6.944934e-11
1462,1462.000000,3,3.253895e-09,2.402955e-09,3.293601e-16,-1.106635e-19,-4.219736e-11
1463,1463.000000,3,3.245276e-09,2.398531e-09,3.293415e-16,7.375804e-20,1.735945e-12
1464,1464.000000,3,3.239357e-09,2.394198e-09,3.293230e-16,-8.391913e-20,9.066214e-11
1465,1465.000000,3,3.230944e-09,2.389944e-09,3.293046e-16,-2.371361e-20,1.386207e-10
1466,1466.000000,3,3.223910e-09,2.385766e-09,3.292862e-16,1.351944e-19,-4.912382e-11
1467,1467.000000,3,3.215497e-09,2.381665e-09,3.292403e-16,-1.185548e-19,8.959899e-11
1468,1468.000000,3,3.208676e-09,2.377636e-09,3.292496e-16,-1.247620e-19,3.528866e-11
1469,1469.000000,3,3.202182e-09,2.373674e-09,3.292314e-16,5.299912e-20,-4.833911e-12
1470,1470.000000,3,3.195431e-09,2.369765e-09,3.292132e-16,-1.531277e-20,1.707612e-11
1471,1471.000000,3,3.187871e-09,2.365917e-09,3.291951e-16,8.890537e-21,4.061418e-11
1472,1472.000000,3,3.180467e-09,2.362132e-09,3.291770e-16,2.792231e-20,-2.020721e-10
1473,1473.000000,3,3.173533e-09,2.358405e-09,3.291591e-16,-3.361662e-21,4.236167e-11
1474,1474.000000,3,3.168438e-09,2.354725e-09,3.291411e-16,1.169269e-19,-9.711743e-11
1475,1475.000000,3,3.161240e-09,2.351088e-09,3.290959e-16,-7.779137e-20,-1.539040e-10
1476,1476.000000,3,3.157311e-09,2.347509e-09,3.290780e-16,4.174946e-20,-1.087881e-10
1477,1477.000000,3,3.148962e-09,2.343974e-09,3.290875e-16,-2.400809e-20,2.595968e-11
1478,1478.000000,3,3.144535e-09,2.340479e-09,3.290425e-16,-1.255991e-20,-8.983347e-11
1479,1479.000000,3,3.138624e-09,2.337043e-09,4.112810e-16,2.494446e-20,-1.102034e-10
1480,1480.000000,3,3.131007e-09,2.333632e-09,3.290343e-16,2.745909e-20,-1.127063e-10
1481,1481.000000,3,3.126090e-09,2.330258e-09,3.290166e-16,-1.078974e-20,3.652989e-11
1482,1482.000000,3,3.120547e-09,2.326927e-09,3.289991e-16,2.693962e-20,-2.280665e-11
1483,1483.000000,3,3.115218e-09,2.323640e-09,3.289816e-16,-1.361870e-20,5.645617e-11
1484,1484.000000,3,3.108930e-09,2.320383e-09,3.289641e-16,1.183497e-19,1.542677e-11
1485,1485.000000,3,3.104297e-09,2.317156e-09,3.289197e-16,7.487639e-21,-9.406964e-11
1486,1486.000000,3,3.099117e-09,2.313979e-09,3.289293e-16,-1.839319e-20,-5.043699e-11
1487,1487.000000,3,3.093142e-09,2.310826e-09,3.289120e-16,-6.025184e-21,-1.236451e-10
1488,1488.000000,3,3.087195e-09,2.307706e-09,3.288947e-16,-1.442603e-20,-1.418154e-10
1489,1489.000000,3,3.081617e-09,2.304603e-09,3.288775e-16,4.710628e-20,7.138823e-11
1490,1490.000000,3,3.076131e-09,2.301551e-09,3.288603e-16,-5.325389e-20,3.153255e-11
1491,1491.000000,3,3.072557e-09,2.298509e-09,3.288164e-16,1.673089e-19,7.326362e-11
1492,1492.000000,3,3.068401e-09,2.295507e-09,3.288261e-16,6.609835e-20,-9.046586e-11
1493,1493.000000,3,3.062304e-09,2.292538e-09,3.288091e-16,1.059056e-19,-2.087130e-11
1494,1494.000000,3,3.057266e-09,2.289583e-09,4.109566e-16,3.153212e-20,2.025224e-11
1495,1495.000000,3,3.051333e-09,2.286661e-09,4.109688e-16,1.635038e-19,8.717249e-11
1496,1496.000000,3,3.046964e-09,2.283769e-09,3.287581e-16,-2.228425e-20,-2.581491e-12
1497,1497.000000,3,3.041613e-09,2.280887e-09,3.287411e-16,1.468742e-20,3.047251e-11
1498,1498.000000,3,3.036696e-09,2.278033e-09,3.287243e-16,-1.688110e-20,1.010902e-10
1499,1499.000000,3,3.033747e-09,2.275213e-09,3.287075e-16,4.943231e-20,-1.247447e-10
1500,1500.000000,3,3.028291e-09,2.272405e-09,3.286907e-16,-1.074607e-19,-5.465406e-12
1501,1501.000000,3,3.058624e-09,2.294634e-09,3.286739e-16,4.059141e-20,7.216450e-12
1502,1502.000000,3,3.106742e-09,2.325180e-09,3.286573e-16,8.107032e-20,-8.035794e-12
1503,1503.000000,3,3.141331e-09,2.341096e-09,4.107677e-16,-1.048402e-19,6.661338e-11
1504,1504.000000,3,3.170314e-09,2.355372e-09,4.107469e-16,-8.325407e-20,1.065814e-11
1505,1505.000000,3,3.195439e-09,2.366445e-09,3.285810e-16,-1.673949e-19,-5.813305e-11
1506,1506.000000,3,3.219171e-09,2.376588e-09,3.285909e-16,9.187991e-20,-6.090994e-11
1507,1507.000000,3,3.239279e-09,2.385281e-09,3.285480e-16,1.181876e-20,-1.961409e-11
1508,1508.000000,3,3.257014e-09,2.393347e-09,3.285579e-16,1.096808e-19,2.428191e-11
1509,1509.000000,3,3.274451e-09,2.400568e-09,3.285413e-16,-6.567814e-20,1.649569e-11
1510,1510.000000,3,3.293479e-09,2.407327e-09,3.285248e-16,-4.109433e-20,-1.174221e-10
1511,1511.000000,3,3.305956e-09,2.413534e-09,3.284818e-16,-1.234782e-19,-8.786882e-11
1512,1512.000000,3,3.320892e-09,2.419381e-09,4.105813e-16,1.022528e-19,-4.083400e-12
1513,1513.000000,3,3.334904e-09,2.424838e-09,3.284748e-16,-2.312135e-20,2.552802e-11
1514,1514.000000,3,3.348411e-09,2.430007e-09,3.284581e-16,1.256057e-19,1.139093e-10
1515,1515.000000,3,3.362238e-09,2.434875e-09,3.284413e-16,-4.085941e-20,9.838041e-11
1516,1516.000000,3,3.372008e-09,2.439511e-09,3.284244e-16,-1.468014e-19,5.197798e-11
1517,1517.000000,3,3.386006e-09,2.443921e-09,3.284075e-16,-3.231629e-20,2.881873e-11
1518,1518.000000,3,3.396657e-09,2.448129e-09,3.283905e-16,3.710070e-20,1.384208e-10
1519,1519.000000,3,3.408907e-09,2.452146e-09,3.283735e-16,2.367391e-20,1.233840e-10
1520,1520.000000,3,3.419089e-09,2.456000e-09,3.283564e-16,-3.957232e-21,-1.075806e-11
1521,1521.000000,3,3.428767e-09,2.459688e-09,3.283393e-16,-1.560559e-19,-2.655565e-11
1522,1522.000000,3,3.439801e-09,2.463238e-09,2.976426e-16,1.311842e-19,-3.190603e-11
1523,1523.000000,3,3.449856e-09,2.466662e-09,3.283048e-16,2.131148e-20,5.131007e-12
1524,1524.000000,3,3.459093e-09,2.469956e-09,2.975720e-16,-6.586012e-20,7.219558e-11
1525,1525.000000,3,3.470070e-09,2.473127e-09,4.103376e-16,-1.035365e-19,-3.305312e-11
1526,1526.000000,3,3.477531e-09,2.476207e-09,3.282526e-16,-8.018689e-20,-2.023475e-10
1527,1527.000000,3,3.487862e-09,2.479185e-09,3.282351e-16,1.975969e-20,-4.463585e-11
1528,1528.000000,3,3.496943e-09,2.482063e-09,3.282175e-16,-1.370704e-19,-6.083933e-11
1529,1529.000000,3,3.504731e-09,2.484843e-09,3.281998e-16,-1.045689e-19,3.722755e-11
1530,1530.000000,3,3.514373e-09,2.487542e-09,3.281821e-16,-1.281137e-20,9.202816e-11
1531,1531.000000,3,3.521563e-09,2.490176e-09,3.281643e-16,-1.449882e-20,9.532819e-11
1532,1532.000000,3,3.531198e-09,2.492715e-09,3.281194e-16,2.175154e-20,1.296838e-10
1533,1533.000000,3,3.536755e-09,2.495199e-09,3.281015e-16,2.078870e-19,-8.152501e-11
1534,1534.000000,3,3.547008e-09,2.497599e-09,4.101043e-16,2.168206e-20,2.666711e-11
1535,1535.000000,3,3.554902e-09,2.499944e-09,3.280923e-16,9.645257e-20,6.593481e-11
1536,1536.000000,3,3.562590e-09,2.502232e-09,3.280471e-16,-2.054386e-20,1.844858e-10
1537,1537.000000,3,3.569340e-09,2.504456e-09,3.280288e-16,-1.100812e-20,6.492451e-11
1538,1538.000000,3,3.577277e-09,2.506624e-09,3.280105e-16,-5.186422e-20,-7.037393e-11
1539,1539.000000,3,3.583942e-09,2.508741e-09,3.279921e-16,-2.476910e-20,2.501377e-11
1540,1540.000000,3,3.592490e-09,2.510796e-09,3.280008e-16,4.255017e-21,5.679990e-11
1541,1541.000000,3,3.600221e-09,2.512822e-09,3.279551e-16,-9.038437e-20,2.962075e-13
1542,1542.000000,3,3.607241e-09,2.514788e-09,2.968986e-16,4.260311e-20,-1.668776e-10
1543,1543.000000,3,3.614048e-09,2.516714e-09,3.279179e-16,-4.193475e-20,-8.451462e-12
1544,1544.000000,3,3.619043e-09,2.518586e-09,4.098740e-16,6.914899e-20,-3.093525e-12
1545,1545.000000,3,3.626965e-09,2.520428e-09,3.279077e-16,3.429491e-20,1.433138e-10
1546,1546.000000,3,3.634554e-09,2.522222e-09,3.278889e-16,-4.610374e-20,7.464385e-11
1547,1547.000000,3,3.641865e-09,2.523985e-09,3.278700e-16,8.254270e-20,-3.472378e-11
1548,1548.000000,3,3.648019e-09,2.525704e-09,3.278511e-16,-1.756270e-19,-4.365708e-11
1549,1549.000000,3,3.653895e-09,2.527390e-09,3.278321e-16,3.685917e-21,-3.454348e-11
1550,1550.000000,3,3.662066e-09,2.529049e-09,3.278131e-16,5.358476e-20,-1.157674e-10
1551,1551.000000,3,3.669371e-09,2.530674e-09,3.277665e-16,8.020674e-20,2.660716e-11
1552,1552.000000,3,3.674202e-09,2.532247e-09,3.277748e-16,4.748348e-20,5.928324e-11
1553,1553.000000,3,3.680682e-09,2.533803e-09,3.277280e-16,-5.756515e-20,-7.126122e-11
1554,1554.000000,3,3.686878e-09,2.535324e-09,3.277363e-16,-4.695739e-20,5.757883e-11
1555,1555.000000,3,3.692030e-09,2.536829e-09,3.276894e-16,-2.425624e-20,4.575718e-11
1556,1556.000000,3,3.699888e-09,2.538292e-09,3.704561e-16,-7.839025e-20,3.829737e-11
1557,1557.000000,3,3.704109e-09,2.539730e-09,3.276780e-16,-1.930970e-20,3.700817e-11
1558,1558.000000,3,3.712351e-09,2.541139e-09,3.276585e-16,-2.792893e-20,-6.063283e-11
1559,1559.000000,3,3.718583e-09,2.542528e-09,3.276389e-16,-1.132708e-19,4.274714e-11
1560,1560.000000,3,3.723358e-09,2.543893e-09,4.094895e-16,-3.575736e-20,-6.216228e-11
1561,1561.000000,3,3.698894e-09,2.523549e-09,3.275995e-16,-1.220124e-19,-6.118661e-11
1562,1562.000000,3,3.654279e-09,2.495948e-09,3.275520e-16,-9.869919e-20,-3.494005e-11
1563,1563.000000,3,3.621523e-09,2.481056e-09,3.275599e-16,-7.083975e-21,3.278311e-11
1564,1564.000000,3,3.598920e-09,2.467591e-09,3.275400e-16,-1.471223e-19,-5.115597e-11
1565,1565.000000,3,3.576439e-09,2.456900e-09,3.700322e-16,-2.042805e-20,-7.213341e-12
1566,1566.000000,3,3.557837e-09,2.447010e-09,3.274723e-16,1.003833e-19,-5.961320e-11
1567,1567.000000,3,3.541025e-09,2.438390e-09,3.274800e-16,-7.313269e-20,6.633938e-11
1568,1568.000000,3,3.524548e-09,2.430300e-09,3.274600e-16,8.797893e-21,3.047251e-11
1569,1569.000000,3,3.512113e-09,2.422955e-09,3.274399e-16,-9.553274e-20,-3.767653e-12
1570,1570.000000,3,3.497483e-09,2.416004e-09,3.274199e-16,9.668749e-20,5.756018e-11
1571,1571.000000,3,3.485553e-09,2.409518e-09,3.273998e-16,1.652541e-19,7.043699e-12
1572,1572.000000,3,3.472714e-09,2.403355e-09,3.273798e-16,4.959444e-20,1.208158e-10
1573,1573.000000,3,3.462652e-09,2.397531e-09,3.273597e-16,-6.408665e-20,-1.630429e-11
1574,1574.000000,3,3.453138e-09,2.391944e-09,3.273397e-16,1.679772e-19,-3.042189e-11
1575,1575.000000,3,3.442395e-09,2.386630e-09,3.273197e-16,-9.689263e-20,-1.116351e-10
1576,1576.000000,3,3.432362e-09,2.381510e-09,3.272998e-16,4.351963e-20,7.917889e-11
1577,1577.000000,3,3.423601e-09,2.376580e-09,3.272522e-16,4.939923e-20,2.406519e-12
1578,1578.000000,3,3.416368e-09,2.371827e-09,3.272599e-16,5.201312e-20,-5.428547e-11
1579,1579.000000,3,3.406917e-09,2.367243e-09,3.272401e-16,-1.078379e-19,-4.856160e-11
1580,1580.000000,3,3.397268e-09,2.362799e-09,3.272202e-16,-1.644898e-19,1.444880e-10
1581,1581.000000,3,3.391250e-09,2.358490e-09,3.272004e-16,-5.751221e-20,-3.441247e-11
1582,1582.000000,3,3.383981e-09,2.354302e-09,3.271807e-16,4.778788e-20,-6.695666e-11
1583,1583.000000,3,3.373337e-09,2.350226e-09,3.271609e-16,3.145933e-20,-4.428413e-11
1584,1584.000000,3,3.367589e-09,2.346255e-09,3.271413e-16,-3.091009e-20,3.049561e-11
1585,1585.000000,3,3.362551e-09,2.342389e-09,3.271216e-16,1.013296e-19,6.942313e-11
1586,1586.000000,3,3.355595e-09,2.338618e-09,3.271019e-16,6.210472e-21,3.323208e-11
1587,1587.000000,3,3.347417e-09,2.334919e-09,3.270823e-16,1.108786e-19,-1.398703e-11
1588,1588.000000,3,3.341007e-09,2.331320e-09,3.270627e-16,4.571000e-20,5.313527e-11
1589,1589.000000,3,3.335408e-09,2.327793e-09,3.270432e-16,-1.175126e-19,-1.206191e-11
1590,1590.000000,3,3.327600e-09,2.324331e-09,3.270237e-16,-4.323177e-20,-7.105783e-11
1591,1591.000000,3,3.322747e-09,2.320948e-09,3.270042e-16,1.021436e-19,-7.871526e-11
1592,1592.000000,3,3.316373e-09,2.317619e-09,3.269575e-16,-7.663332e-20,-4.113732e-11
1593,1593.000000,3,3.309260e-09,2.314346e-09,3.269654e-16,4.166012e-20,3.140865e-11
1594,1594.000000,3,3.307150e-09,2.311155e-09,3.269188e-16,5.187746e-20,-1.406275e-10
1595,1595.000000,3,3.299881e-09,2.307998e-09,3.269268e-16,1.216981e-19,2.269251e-11
1596,1596.000000,3,3.296748e-09,2.304911e-09,3.269075e-16,1.516718e-20,-9.504397e-12
1597,1597.000000,3,3.290872e-09,2.301857e-09,3.268883e-16,7.996851e-20,8.091394e-11
1598,1598.000000,3,3.284690e-09,2.298863e-09,3.268691e-16,-1.117488e-19,9.711609e-11
1599,1599.000000,3,3.278899e-09,2.295915e-09,3.268499e-16,-3.248835e-20,9.074297e-11
1600,1600.000000,3,3.274316e-09,2.293010e-09,3.268308e-16,-1.839650e-21,-4.519540e-11
1601,1601.000000,3,3.268738e-09,2.290138e-09,3.268118e-16,-9.956277e-20,-4.745493e-11
1602,1602.000000,3,3.263771e-09,2.287317e-09,3.267927e-16,-7.181913e-20,-7.850698e-11
1603,1603.000000,3,3.260780e-09,2.284531e-09,3.267467e-16,-5.604314e-20,-1.486411e-11
1604,1604.000000,3,3.255558e-09,2.281789e-09,3.267548e-16,-1.455441e-19,9.079137e-11
1605,1605.000000,3,3.251003e-09,2.279075e-09,3.267358e-16,-7.436685e-20,1.366462e-10
1606,1606.000000,3,3.247145e-09,2.276399e-09,3.267169e-16,4.294722e-21,-2.728586e-10
1607,1607.000000,3,3.243770e-09,2.273756e-09,3.266981e-16,4.542876e-20,-7.768453e-12
1608,1608.000000,3,3.236877e-09,2.271149e-09,3.266792e-16,8.112987e-21,1.551870e-11
1609,1609.000000,3,3.231619e-09,2.268560e-09,3.266334e-16,1.281468e-20,4.198908e-11
1610,1610.000000,3,3.229381e-09,2.266017e-09,3.266415e-16,6.513882e-20,-9.716672e-13
1611,1611.000000,3,3.224883e-09,2.263510e-09,3.266228e-16,-1.258208e-19,1.962963e-11
1612,1612.000000,3,3.219881e-09,2.261009e-09,3.266040e-16,5.841219e-20,9.654588e-11
1613,1613.000000,3,3.218048e-09,2.258544e-09,4.082317e-16,-2.160265e-20,-8.956569e-11
1614,1614.000000,3,3.210772e-09,2.256112e-09,3.265667e-16,1.084930e-19,7.533352e-11
1615,1615.000000,3,3.208619e-09,2.253695e-09,3.265480e-16,7.860863e-20,-1.709699e-10
1616,1616.000000,3,3.203425e-09,2.251313e-09,3.265294e-16,5.427628e-20,9.419798e-11
1617,1617.000000,3,3.201095e-09,2.248949e-09,3.265109e-16,2.425294e-21,-7.860468e-11
1618,1618.000000,3,3.195126e-09,2.246611e-09,3.264923e-16,2.372321e-19,-3.744249e-11
1619,1619.000000,3,3.192902e-09,2.244292e-09,3.264738e-16,2.605950e-20,-2.720180e-11
1620,1620.000000,3,3.189015e-09,2.241997e-09,3.264287e-16,2.679073e-20,4.811040e-11
1621,1621.000000,3,3.206445e-09,2.255010e-09,3.264369e-16,1.459147e-21,6.727419e-11
1622,1622.000000,3,3.238469e-09,2.273132e-09,3.264185e-16,8.303239e-20,5.475398e-11
1623,1623.000000,3,3.259920e-09,2.282310e-09,3.264001e-16,8.900133e-20,-8.022472e-12
1624,1624.000000,3,3.278032e-09,2.290492e-09,3.263818e-16,3.546620e-20,-1.482547e-11
1625,1625.000000,3,3.291937e-09,2.296704e-09,3.263635e-16,-1.918066e-20,2.117417e-12
1626,1626.000000,3,3.307456e-09,2.302378e-09,4.078983e-16,5.353182e-20,-4.727063e-11
1627,1627.000000,3,3.317510e-09,2.307148e-09,3.263269e-16,6.845085e-20,-4.265743e-11
1628,1628.000000,3,3.330790e-09,2.311541e-09,3.263086e-16,-1.643442e-20,9.991741e-11
1629,1629.000000,3,3.340475e-09,2.315422e-09,3.262902e-16,4.114727e-20,-4.478640e-11
1630,1630.000000,3,3.349420e-09,2.319032e-09,3.262719e-16,3.491695e-20,1.196727e-10
1631,1631.000000,3,3.360270e-09,2.322313e-09,3.262536e-16,5.885886e-20,6.421352e-11
1632,1632.000000,3,3.368839e-09,2.325366e-09,3.262352e-16,4.467768e-20,-6.763701e-11
1633,1633.000000,3,3.376478e-09,2.328200e-09,3.262168e-16,7.567710e-20,-2.865219e-11
1634,1634.000000,3,3.384756e-09,2.330856e-09,3.261984e-16,-8.934212e-20,-6.594059e-11
1635,1635.000000,3,3.391015e-09,2.333313e-09,3.261800e-16,-3.502283e-20,-1.263252e-10
1636,1636.000000,3,3.401446e-09,2.335665e-09,3.261350e-16,-4.496554e-21,-8.317569e-11
1637,1637.000000,3,3.406932e-09,2.337855e-09,4.076789e-16,-2.268129e-20,-8.679280e-12
1638,1638.000000,3,3.414229e-09,2.339948e-09,3.261246e-16,-5.271457e-20,-1.103251e-11
1639,1639.000000,3,3.418926e-09,2.341919e-09,3.261060e-16,1.102268e-19,2.332845e-11
1640,1640.000000,3,3.424816e-09,2.343782e-09,3.260875e-16,-6.487081e-20,9.288659e-11
1641,1641.000000,3,3.432675e-09,2.345561e-09,3.260688e-16,-4.945878e-20,-2.404432e-11
1642,1642.000000,3,3.437151e-09,2.347266e-09,3.260502e-16,6.978096e-21,9.708234e-11
1643,1643.000000,3,3.443894e-09,2.348886e-09,3.260315e-16,-5.565933e-20,-8.952838e-13
1644,1644.000000,3,3.449372e-09,2.350434e-09,3.666575e-16,8.037879e-20,-1.159179e-10
1645,1645.000000,3,3.454083e-09,2.351921e-09,3.259674e-16,1.320974e-19,-7.911227e-11
1646,1646.000000,3,3.460244e-09,2.353333e-09,3.259753e-16,-2.375332e-20,-1.869838e-11
1647,1647.000000,3,3.465473e-09,2.354703e-09,3.259564e-16,-3.946644e-20,-9.734924e-11
1648,1648.000000,3,3.469182e-09,2.355997e-09,3.259376e-16,-4.873417e-20,-8.603251e-11
1649,1649.000000,3,3.475861e-09,2.357256e-09,3.259187e-16,-4.446592e-20,2.662670e-11
1650,1650.000000,3,3.480451e-09,2.358454e-09,3.258997e-16,5.773721e-21,2.219291e-11
1651,1651.000000,3,3.484466e-09,2.359624e-09,3.258808e-16,2.917631e-20,-8.884316e-11
1652,1652.000000,3,3.489262e-09,2.360740e-09,3.258617e-16,-1.282097e-19,1.465663e-10
1653,1653.000000,3,3.496339e-09,2.361819e-09,3.258426e-16,1.450213e-20,-5.302381e-11
1654,1654.000000,3,3.499274e-09,2.362850e-09,3.258235e-16,-3.944659e-20,-1.109450e-10
1655,1655.000000,3,3.503935e-09,2.363865e-09,3.258043e-16,2.554334e-20,4.954304e-11
1656,1656.000000,3,3.508916e-09,2.364826e-09,3.257851e-16,-6.778911e-20,-8.723866e-11
1657,1657.000000,3,3.513541e-09,2.365760e-09,3.257659e-16,-3.662756e-21,-9.847057e-11
1658,1658.000000,3,3.517009e-09,2.366654e-09,3.257466e-16,2.824656e-20,-8.570034e-12
1659,1659.000000,3,3.523425e-09,2.367525e-09,4.071591e-16,-1.768413e-19,7.055601e-11
1660,1660.000000,3,3.526047e-09,2.368370e-09,3.257079e-16,-4.698386e-22,-1.553397e-10
1661,1661.000000,3,3.530239e-09,2.369187e-09,3.256616e-16,1.852885e-22,-7.665069e-11
1662,1662.000000,3,3.534460e-09,2.369975e-09,3.256691e-16,1.131318e-19,-1.008367e-10
1663,1663.000000,3,3.538418e-09,2.370739e-09,3.256496e-16,8.337981e-22,-7.769341e-12
1664,1664.000000,3,3.542404e-09,2.371480e-09,3.256301e-16,-5.425312e-20,1.889853e-10
1665,1665.000000,3,3.547420e-09,2.372192e-09,3.256106e-16,6.306425e-21,-2.507328e-11
1666,1666.000000,3,3.549424e-09,2.372893e-09,3.255910e-16,-5.915003e-20,4.495604e-11
1667,1667.000000,3,3.552408e-09,2.373561e-09,3.255714e-16,-7.289777e-20,1.648170e-10
1668,1668.000000,3,3.558192e-09,2.374214e-09,3.255518e-16,9.052995e-20,1.868239e-11
1669,1669.000000,3,3.561794e-09,2.374838e-09,3.255321e-16,-7.795681e-20,-9.413270e-11
1670,1670.000000,3,3.566541e-09,2.375459e-09,2.924061e-16,4.967716e-20,-1.321290e-10
1671,1671.000000,3,3.570179e-09,2.376050e-09,3.254926e-16,1.881009e-20,4.994494e-11
1672,1672.000000,3,3.572971e-09,2.376632e-09,3.254729e-16,1.422684e-19,-1.907425e-10
1673,1673.000000,3,3.577163e-09,2.377197e-09,3.254260e-16,-5.465017e-20,2.277112e-11
1674,1674.000000,3,3.580972e-09,2.377734e-09,3.254332e-16,-5.198665e-20,-1.431935e-10
1675,1675.000000,3,3.582841e-09,2.378259e-09,3.254133e-16,-6.483111e-20,8.625722e-11
1676,1676.000000,3,3.585882e-09,2.378777e-09,3.253934e-16,-5.917981e-20,3.636247e-11
1677,1677.000000,3,3.589541e-09,2.379274e-09,3.253734e-16,-1.611315e-19,7.684653e-11
1678,1678.000000,3,3.595396e-09,2.379757e-09,3.253534e-16,-6.418260e-20,-2.528822e-11
1679,1679.000000,3,3.596369e-09,2.380218e-09,3.253334e-16,8.566613e-20,-2.482592e-11
1680,1680.000000,3,3.600739e-09,2.380671e-09,3.253133e-16,1.249704e-20,1.188036e-10
1681,1681.000000,3,3.623882e-09,2.392979e-09,3.252660e-16,8.486542e-20,3.777911e-11
1682,1682.000000,3,3.653383e-09,2.409242e-09,3.252730e-16,-3.481107e-20,-1.622702e-11
1683,1683.000000,3,3.678075e-09,2.418531e-09,4.065320e-16,-2.049092e-20,-4.028822e-11
1684,1684.000000,3,3.697124e-09,2.427009e-09,3.252326e-16,-2.426617e-20,-2.408784e-11
1685,1685.000000,3,3.718661e-09,2.433929e-09,3.252123e-16,1.444588e-19,-8.555423e-11
1686,1686.000000,3,3.734534e-09,2.440391e-09,4.064560e-16,-1.313232e-20,-1.264291e-10
1687,1687.000000,3,3.751893e-09,2.446134e-09,3.251716e-16,-5.773721e-21,-1.498628e-10
1688,1688.000000,3,3.765592e-09,2.451563e-09,3.251513e-16,-1.395057e-19,-1.378702e-10
1689,1689.000000,3,3.780698e-09,2.456562e-09,3.251308e-16,7.450250e-20,-5.053424e-11
1690,1690.000000,3,3.795471e-09,2.461329e-09,3.251103e-16,4.116712e-20,-3.382228e-11
1691,1691.000000,3,3.806981e-09,2.465816e-09,3.250624e-16,5.084845e-20,3.436673e-11
1692,1692.000000,3,3.821327e-09,2.470093e-09,3.250691e-16,-1.384700e-19,6.653034e-11
1693,1693.000000,3,3.833705e-09,2.474193e-09,3.250484e-16,-6.048345e-21,-5.929657e-11
1694,1694.000000,3,3.846360e-09,2.478123e-09,3.250277e-16,-1.393667e-19,1.160432e-10
1695,1695.000000,3,3.856691e-09,2.481893e-09,4.062585e-16,1.251690e-20,1.362048e-10
1696,1696.000000,3,3.868834e-09,2.485535e-09,3.249584e-16,7.108459e-20,-7.314149e-13
1697,1697.000000,3,3.881766e-09,2.489046e-09,3.249649e-16,-1.724076e-19,-2.278888e-11
1698,1698.000000,3,3.891785e-09,2.492459e-09,3.249439e-16,9.347803e-20,1.168043e-10
1699,1699.000000,3,3.903203e-09,2.495752e-09,3.249227e-16,7.060483e-20,9.622303e-11
1700,1700.000000,3,3.914252e-09,2.498965e-09,3.249015e-16,-1.490414e-19,7.410206e-11
1701,1701.000000,3,3.927809e-09,2.502072e-09,3.248526e-16,2.002836e-19,-1.804290e-11
1702,1702.000000,3,3.934275e-09,2.505113e-09,3.248589e-16,-5.724090e-21,-4.890799e-11
1703,1703.000000,3,3.947015e-09,2.508066e-09,3.248374e-16,4.109433e-21,-9.142465e-12
1704,1704.000000,3,3.955051e-09,2.510945e-09,3.248159e-16,9.389823e-20,6.311840e-11
1705,1705.000000,3,3.966655e-09,2.513749e-09,3.247943e-16,4.546185e-21,-1.955365e-10
1706,1706.000000,3,3.975735e-09,2.516494e-09,3.247726e-16,2.341252e-20,8.062129e-11
1707,1707.000000,3,3.984781e-09,2.519184e-09,3.247509e-16,2.196330e-20,1.126979e-10
1708,1708.000000,3,3.996384e-09,2.521813e-09,3.247291e-16,-1.958764e-21,2.654499e-11
1709,1709.000000,3,4.004171e-09,2.524372e-09,3.247071e-16,4.551479e-20,-6.671108e-12
1710,1710.000000,3,4.013330e-09,2.526884e-09,3.246851e-16,-1.018094e-20,4.191492e-11
1711,1711.000000,3,4.023128e-09,2.529354e-09,3.246351e-16,9.893080e-21,-1.188161e-11
1712,1712.000000,3,4.032159e-09,2.531777e-09,3.246409e-16,8.195044e-20,-7.770229e-12
1713,1713.000000,3,4.041794e-09,2.534146e-09,3.246187e-16,-4.997494e-20,2.615019e-11
1714,1714.000000,3,4.050882e-09,2.536474e-09,3.245963e-16,-2.634405e-20,-2.978684e-11
1715,1715.000000,3,4.059743e-09,2.538759e-09,3.245739e-16,1.283652e-19,6.018563e-11
1716,1716.000000,3,4.069570e-09,2.541002e-09,4.056541e-16,7.775829e-20,1.069722e-11
1717,1717.000000,3,4.078771e-09,2.543201e-09,3.245289e-16,1.032983e-20,5.622702e-11
1718,1718.000000,3,4.087148e-09,2.545362e-09,4.055976e-16,2.646978e-21,-6.722622e-12
1719,1719.000000,3,4.094751e-09,2.547494e-09,4.055692e-16,1.876046e-20,-3.379164e-11
1720,1720.000000,3,4.104812e-09,2.549594e-09,3.244609e-16,-8.056077e-20,-2.108935e-11
1721,1721.000000,3,4.112898e-09,2.551650e-09,3.244380e-16,-8.793592e-20,-3.413669e-11
1722,1722.000000,3,4.120942e-09,2.553684e-09,3.244151e-16,2.122545e-20,-8.951107e-11
1723,1723.000000,3,4.128637e-09,2.555675e-09,3.243922e-16,5.506707e-20,-8.443246e-11
1724,1724.000000,3,4.137206e-09,2.557639e-09,3.243691e-16,2.243314e-21,-1.531575e-11
1725,1725.000000,3,4.146912e-09,2.559568e-09,3.243460e-16,1.329048e-19,-4.907186e-13
1726,1726.000000,3,4.155318e-09,2.561479e-09,3.242943e-16,1.673552e-20,-5.901413e-11
1727,1727.000000,3,4.164320e-09,2.563354e-09,3.242710e-16,-1.407200e-20,-1.020739e-11
1728,1728.000000,3,4.170268e-09,2.565210e-09,3.242762e-16,-2.194676e-20,-7.688428e-11
1729,1729.000000,3,4.179590e-09,2.567029e-09,3.242528e-16,7.522050e-20,-9.823786e-11
1730,1730.000000,3,4.185637e-09,2.568825e-09,3.242293e-16,-1.010616e-19,1.810343e-10
1731,1731.000000,3,4.194916e-09,2.570602e-09,3.242057e-16,-3.206814e-20,6.675549e-11
1732,1732.000000,3,4.203081e-09,2.572349e-09,3.241821e-16,-3.596912e-20,3.713474e-11
1733,1733.000000,3,4.212716e-09,2.574070e-09,3.241584e-16,-5.211238e-20,-8.464207e-11
1734,1734.000000,3,4.219018e-09,2.575767e-09,3.241060e-16,-1.307839e-19,-3.560485e-11
1735,1735.000000,3,4.225647e-09,2.577441e-09,4.051026e-16,9.189977e-20,-3.596456e-11
1736,1736.000000,3,4.233506e-09,2.579109e-09,3.240870e-16,-4.344022e-20,-1.305227e-10
1737,1737.000000,3,4.243283e-09,2.580745e-09,3.240630e-16,7.287461e-20,-7.901235e-12
1738,1738.000000,3,4.250644e-09,2.582364e-09,3.240390e-16,-4.429718e-20,-1.003335e-10
1739,1739.000000,3,4.255718e-09,2.583949e-09,3.240149e-16,-8.355186e-20,9.437784e-12
1740,1740.000000,3,4.264507e-09,2.585517e-09,3.239618e-16,-2.704219e-20,8.692602e-12
1741,1741.000000,3,4.250253e-09,2.572781e-09,3.239665e-16,5.805815e-20,1.119140e-10
1742,1742.000000,3,4.220396e-09,2.555210e-09,3.239133e-16,-2.555988e-20,1.259148e-10
1743,1743.000000,3,4.201773e-09,2.546021e-09,3.239179e-16,8.170228e-20,-1.007590e-10
1744,1744.000000,3,4.186653e-09,2.537792e-09,4.048306e-16,-8.589774e-20,-1.695253e-10
1745,1745.000000,3,4.175000e-09,2.531395e-09,3.238690e-16,7.761270e-20,2.729506e-11
1746,1746.000000,3,4.163738e-09,2.525522e-09,3.238444e-16,3.583677e-20,1.470246e-11
1747,1747.000000,3,4.154252e-09,2.520485e-09,3.238198e-16,1.422784e-19,2.393952e-11
1748,1748.000000,3,4.146528e-09,2.515807e-09,3.237952e-16,-1.520854e-19,3.131495e-11
1749,1749.000000,3,4.138620e-09,2.511616e-09,3.237705e-16,1.323489e-23,3.393641e-11
1750,1750.000000,3,4.135792e-09,2.507682e-09,3.237458e-16,1.542923e-19,-7.139489e-11
1751,1751.000000,3,4.128395e-09,2.504055e-09,3.237211e-16,3.649190e-20,1.600768e-10
1752,1752.000000,3,4.122001e-09,2.500628e-09,3.236672e-16,-7.072394e-20,-1.269589e-10
1753,1753.000000,3,4.116494e-09,2.497431e-09,3.236424e-16,3.199204e-20,5.622391e-11
1754,1754.000000,3,4.112614e-09,2.494397e-09,3.236467e-16,-3.593273e-20,1.030247e-10
1755,1755.000000,3,4.106205e-09,2.491521e-09,3.236219e-16,-5.080543e-20,9.355361e-11
1756,1756.000000,3,4.102333e-09,2.488785e-09,3.235971e-16,-1.716565e-20,1.127010e-10
1757,1757.000000,3,4.100698e-09,2.486178e-09,3.235722e-16,-6.418591e-20,-8.650014e-11
1758,1758.000000,3,4.098148e-09,2.483671e-09,3.235474e-16,-4.583242e-20,-6.726930e-11
1759,1759.000000,3,4.093323e-09,2.481277e-09,3.235225e-16,7.458522e-20,-1.648948e-11
1760,1760.000000,3,4.090417e-09,2.478956e-09,3.234976e-16,1.319022e-19,1.077853e-10
1761,1761.000000,3,4.086537e-09,2.476732e-09,3.234728e-16,7.056512e-20,-2.159517e-11
1762,1762.000000,3,4.085805e-09,2.474594e-09,3.234479e-16,2.376655e-20,-9.281109e-11
1763,1763.000000,3,4.081990e-09,2.472530e-09,3.233939e-16,-4.250385e-20,1.614038e-10
1764,1764.000000,3,4.080043e-09,2.470524e-09,3.233691e-16,-5.092124e-21,-1.119864e-10
1765,1765.000000,3,4.078814e-09,2.468579e-09,3.233442e-16,-2.708520e-20,-1.175771e-11
1766,1766.000000,3,4.074224e-09,2.466694e-09,3.233484e-16,-4.844301e-20,-1.255529e-11
1767,1767.000000,3,4.072746e-09,2.464877e-09,4.041181e-16,-1.348371e-19,1.247624e-11
1768,1768.000000,3,4.070849e-09,2.463103e-09,3.232987e-16,6.359365e-21,6.028023e-11
1769,1769.000000,3,4.069030e-09,2.461365e-09,3.232738e-16,1.877005e-19,-3.951328e-11
1770,1770.000000,3,4.068276e-09,2.459682e-09,3.232489e-16,6.258779e-20,-8.045209e-11
1771,1771.000000,3,4.067111e-09,2.458041e-09,3.232240e-16,8.643045e-20,-1.411937e-11
1772,1772.000000,3,4.065313e-09,2.456435e-09,3.231992e-16,-1.802261e-20,1.207847e-10
1773,1773.000000,3,4.064354e-09,2.454873e-09,3.231743e-16,-1.139425e-19,-2.729728e-11
1774,1774.000000,3,4.061754e-09,2.453343e-09,4.039005e-16,4.086272e-20,1.921796e-11
1775,1775.000000,3,4.063835e-09,2.451847e-09,3.231245e-16,-2.048496e-19,1.836291e-10
1776,1776.000000,3,4.059977e-09,2.450371e-09,3.230997e-16,-3.196226e-21,-2.700062e-13
1777,1777.000000,3,4.058997e-09,2.448945e-09,3.230748e-16,-4.384388e-20,1.899192e-11
1778,1778.000000,3,4.058847e-09,2.447536e-09,3.230499e-16,-4.644454e-20,6.613243e-11
1779,1779.000000,3,4.058144e-09,2.446165e-09,3.230251e-16,-1.164935e-19,8.624212e-12
1780,1780.000000,3,4.056567e-09,2.444817e-09,3.230002e-16,-1.468411e-19,2.085621e-11
1781,1781.000000,3,4.055565e-09,2.443484e-09,3.229753e-16,1.153421e-19,-7.964518e-11
1782,1782.000000,3,4.054812e-09,2.442186e-09,3.229505e-16,7.573666e-21,9.578560e-11
1783,1783.000000,3,4.054698e-09,2.440907e-09,3.229256e-16,3.308722e-21,-1.427312e-10
1784,1784.000000,3,4.053454e-09,2.439648e-09,3.229007e-16,-8.765798e-20,5.154366e-11
1785,1785.000000,3,4.053184e-09,2.438409e-09,3.228759e-16,-3.312031e-20,-4.846745e-11
1786,1786.000000,3,4.052247e-09,2.437186e-09,3.228220e-16,-7.966411e-20,1.079226e-10
1787,1787.000000,3,4.051969e-09,2.435997e-09,3.228261e-16,4.470084e-20,-5.438450e-11
1788,1788.000000,3,4.052737e-09,2.434819e-09,3.228013e-16,-1.969815e-19,-6.277778e-11
1789,1789.000000,3,4.051302e-09,2.433656e-09,4.034343e-16,4.979627e-20,-1.690341e-10
1790,1790.000000,3,4.050996e-09,2.432523e-09,3.227515e-16,-2.737968e-20,-3.656053e-11
1791,1791.000000,3,4.050094e-09,2.431380e-09,3.227266e-16,6.666083e-20,2.855716e-11
1792,1792.000000,3,4.049809e-09,2.430274e-09,3.226728e-16,6.527117e-20,-1.649729e-10
1793,1793.000000,3,4.050555e-09,2.429180e-09,3.226479e-16,-7.783439e-20,1.032663e-10
1794,1794.000000,3,4.050150e-09,2.428106e-09,3.595756e-16,5.277081e-20,8.905809e-11
1795,1795.000000,3,4.049156e-09,2.427036e-09,3.226270e-16,1.251723e-19,-6.336887e-11
1796,1796.000000,3,4.047394e-09,2.425978e-09,3.226021e-16,-1.078246e-19,1.168923e-10
1797,1797.000000,3,4.048204e-09,2.424936e-09,3.225772e-16,9.097994e-20,2.766720e-11
1798,1798.000000,3,4.047408e-09,2.423907e-09,3.225523e-16,-3.746136e-20,-4.374723e-12
1799,1799.000000,3,4.047955e-09,2.422888e-09,3.225274e-16,4.317883e-21,8.415668e-11
1800,1800.000000,3,4.048225e-09,2.421882e-09,3.225025e-16,-5.871990e-20,-1.156013e-10
1801,1801.000000,3,4.055664e-09,2.425027e-09,3.224487e-16,9.285268e-20,-1.103793e-10
1802,1802.000000,3,4.065129e-09,2.429556e-09,3.224238e-16,-3.568788e-20,-9.226886e-11
1803,1803.000000,3,4.074494e-09,2.431696e-09,3.223989e-16,3.130382e-20,-6.833600e-11
1804,1804.000000,3,4.079432e-09,2.433552e-09,3.224029e-16,2.112983e-19,-2.529754e-11
1805,1805.000000,3,4.085564e-09,2.434891e-09,3.223780e-16,-7.418817e-20,-1.292544e-10
1806,1806.000000,3,4.090460e-09,2.436069e-09,3.223530e-16,-3.581361e-20,8.688650e-11
1807,1807.000000,3,4.095263e-09,2.437025e-09,4.029101e-16,3.743819e-20,-9.849055e-11
1808,1808.000000,3,4.099924e-09,2.437864e-09,3.223032e-16,-8.106370e-22,6.554535e-11
1809,1809.000000,3,4.105885e-09,2.438572e-09,4.028117e-16,1.000657e-19,-6.137180e-11
1810,1810.000000,3,4.109509e-09,2.439220e-09,3.222533e-16,-7.790056e-20,6.073364e-12
1811,1811.000000,3,4.112373e-09,2.439775e-09,3.222283e-16,-1.516222e-19,-3.004441e-11
1812,1812.000000,3,4.115655e-09,2.440272e-09,3.222033e-16,-1.373583e-19,-3.782930e-11
1813,1813.000000,3,4.120196e-09,2.440711e-09,2.869499e-16,-1.848583e-20,6.823875e-11
1814,1814.000000,3,4.125049e-09,2.441106e-09,3.221244e-16,-1.376429e-19,-2.760192e-10
1815,1815.000000,3,4.127109e-09,2.441457e-09,2.868721e-16,-4.489936e-20,1.981970e-11
1816,1816.000000,3,4.130086e-09,2.441782e-09,3.221032e-16,1.865292e-19,-5.077272e-11
1817,1817.000000,3,4.133526e-09,2.442062e-09,3.220782e-16,5.000803e-20,7.916068e-11
1818,1818.000000,3,4.139075e-09,2.442318e-09,3.220531e-16,-8.579186e-20,9.225198e-11
1819,1819.000000,3,4.141327e-09,2.442546e-09,3.220280e-16,-7.284483e-20,1.630029e-11
1820,1820.000000,3,4.143089e-09,2.442749e-09,3.219739e-16,-9.767349e-21,-3.906209e-12
1821,1821.000000,3,4.147388e-09,2.442927e-09,3.219777e-16,-3.187623e-20,-6.685053e-11
1822,1822.000000,3,4.151005e-09,2.443089e-09,4.024045e-16,-5.318110e-20,-2.302381e-11
1823,1823.000000,3,4.153129e-09,2.443233e-09,4.023730e-16,6.451678e-20,3.591127e-11
1824,1824.000000,3,4.157179e-09,2.443359e-09,3.218732e-16,-5.188077e-21,-3.232214e-11
1825,1825.000000,3,4.159226e-09,2.443462e-09,3.218769e-16,8.020343e-21,-1.426641e-10
1826,1826.000000,3,4.162139e-09,2.443560e-09,3.218516e-16,-5.970590e-20,2.731415e-11
1827,1827.000000,3,4.165450e-09,2.443638e-09,3.218263e-16,2.811091e-20,-1.181291e-10
1828,1828.000000,3,4.166999e-09,2.443701e-09,3.218010e-16,-6.182348e-20,-7.903278e-11
1829,1829.000000,3,4.171788e-09,2.443762e-09,3.217466e-16,5.539794e-20,-5.357847e-11
1830,1830.000000,3,4.174012e-09,2.443805e-09,3.217503e-16,1.816158e-20,2.577627e-11
1831,1831.000000,3,4.175995e-09,2.443841e-09,3.217249e-16,1.090224e-19,7.277645e-11
1832,1832.000000,3,4.179277e-09,2.443858e-09,3.216995e-16,-4.810882e-20,-1.022413e-10
1833,1833.000000,3,4.182155e-09,2.443873e-09,3.216740e-16,-9.053326e-20,-3.108225e-11
1834,1834.000000,3,4.184685e-09,2.443882e-09,3.216486e-16,-6.522485e-20,1.203739e-10
1835,1835.000000,3,4.187797e-09,2.443882e-09,3.216231e-16,-5.108998e-20,-6.762235e-11
1836,1836.000000,3,4.188955e-09,2.443864e-09,3.215976e-16,7.871451e-20,-1.819083e-10
1837,1837.000000,3,4.193339e-09,2.443854e-09,3.215721e-16,-3.155529e-20,1.122302e-11
1838,1838.000000,3,4.195897e-09,2.443821e-09,3.215175e-16,1.500572e-19,1.502110e-10
1839,1839.000000,3,4.199563e-09,2.443796e-09,3.214920e-16,1.320842e-20,-4.547385e-11
1840,1840.000000,3,4.199165e-09,2.443757e-09,3.214664e-16,5.600674e-20,1.020157e-10
1841,1841.000000,3,4.203713e-09,2.443723e-09,3.214699e-16,-3.856978e-20,-1.665255e-10
1842,1842.000000,3,4.206413e-09,2.443663e-09,3.214442e-16,-1.543188e-20,1.445257e-10
1843,1843.000000,3,4.208999e-09,2.443611e-09,3.214186e-16,1.181876e-20,5.649969e-11
1844,1844.000000,3,4.211458e-09,2.443542e-09,3.213929e-16,3.754076e-20,1.554077e-10
1845,1845.000000,3,4.214648e-09,2.443482e-09,4.016727e-16,7.623297e-21,4.006662e-11
1846,1846.000000,3,4.213533e-09,2.443417e-09,3.213415e-16,-5.552036e-20,7.096013e-11
1847,1847.000000,3,4.219103e-09,2.443340e-09,3.212867e-16,8.367759e-20,-2.659650e-11
1848,1848.000000,3,4.220034e-09,2.443260e-09,3.212901e-16,2.610913e-20,6.043699e-11
1849,1849.000000,3,4.223246e-09,2.443175e-09,3.212643e-16,2.126185e-20,7.507506e-11
1850,1850.000000,3,4.226827e-09,2.443084e-09,3.212385e-16,-5.371711e-20,9.443690e-11
1851,1851.000000,3,4.231353e-09,2.442996e-09,3.212127e-16,2.317098e-20,-1.328493e-10
1852,1852.000000,3,4.233307e-09,2.442899e-09,3.211577e-16,1.741711e-20,-7.642109e-11
1853,1853.000000,3,4.233435e-09,2.442792e-09,3.211319e-16,-8.418383e-20,-6.908918e-11
1854,1854.000000,3,4.235957e-09,2.442695e-09,3.211351e-16,-5.722435e-20,5.844214e-12
1855,1855.000000,3,4.240796e-09,2.442592e-09,3.211092e-16,-7.305990e-20,-6.365131e-11
1856,1856.000000,3,4.242381e-09,2.442472e-09,3.210833e-16,-4.821801e-20,-7.987389e-11
1857,1857.000000,3,4.243951e-09,2.442362e-09,3.210574e-16,2.018652e-19,-5.555556e-11
1858,1858.000000,3,4.247241e-09,2.442247e-09,3.210314e-16,7.709323e-21,-2.597806e-10
1859,1859.000000,3,4.248555e-09,2.442127e-09,3.210055e-16,3.506253e-20,-3.887735e-11
1860,1860.000000,3,4.250495e-09,2.442003e-09,3.209795e-16,-8.716829e-20,1.127725e-10
1861,1861.000000,3,4.211401e-09,2.415830e-09,3.209243e-16,2.766092e-21,8.194423e-11
1862,1862.000000,3,4.144745e-09,2.380840e-09,3.209274e-16,-7.789725e-20,-4.379785e-11
1863,1863.000000,3,4.095661e-09,2.361155e-09,3.209013e-16,1.367495e-20,-1.237721e-11
1864,1864.000000,3,4.057867e-09,2.343263e-09,3.208460e-16,5.134145e-20,1.019353e-10
1865,1865.000000,3,4.021381e-09,2.328729e-09,3.208491e-16,-1.472381e-20,-1.684208e-11
1866,1866.000000,3,3.990685e-09,2.315219e-09,4.009922e-16,6.839129e-21,-5.458523e-11
1867,1867.000000,3,3.963251e-09,2.303237e-09,3.207677e-16,9.215785e-20,-5.893686e-11
1868,1868.000000,3,3.935902e-09,2.291956e-09,3.207707e-16,4.257002e-20,9.993428e-11
1869,1869.000000,3,3.911509e-09,2.281571e-09,3.207446e-16,2.724402e-20,1.368861e-11
1870,1870.000000,3,3.887337e-09,2.271685e-09,3.207186e-16,3.246188e-20,-3.380629e-11
1871,1871.000000,3,3.865786e-09,2.262407e-09,3.206926e-16,-1.814173e-20,7.343415e-11
1872,1872.000000,3,3.847205e-09,2.253525e-09,3.206666e-16,1.188923e-19,-5.028999e-11
1873,1873.000000,3,3.825718e-09,2.245062e-09,3.206407e-16,8.109679e-21,-1.151879e-11
1874,1874.000000,3,3.803599e-09,2.236923e-09,3.206149e-16,-1.264064e-19,-6.249268e-11
1875,1875.000000,3,3.788536e-09,2.229117e-09,3.205891e-16,-5.096756e-20,-1.135669e-10
1876,1876.000000,3,3.769713e-09,2.221569e-09,4.007042e-16,4.304648e-20,-8.541789e-11
1877,1877.000000,3,3.751346e-09,2.214280e-09,3.205377e-16,1.562246e-19,-4.258460e-11
1878,1878.000000,3,3.735032e-09,2.207226e-09,3.205122e-16,1.923757e-19,-7.254197e-11
1879,1879.000000,3,3.717780e-09,2.200372e-09,3.204867e-16,-2.550032e-20,-7.679413e-11
1880,1880.000000,3,3.704201e-09,2.193712e-09,3.204613e-16,3.138654e-20,5.318901e-11
1881,1881.000000,3,3.689266e-09,2.187238e-09,3.204360e-16,6.411311e-20,6.723955e-12
1882,1882.000000,3,3.673449e-09,2.180913e-09,3.204108e-16,-1.488826e-19,1.845413e-11
1883,1883.000000,3,3.658712e-09,2.174757e-09,3.203857e-16,2.664183e-20,-4.134293e-11
1884,1884.000000,3,3.643571e-09,2.168731e-09,3.203606e-16,-1.120003e-19,2.378142e-11
1885,1885.000000,3,3.630689e-09,2.162843e-09,4.003840e-16,-3.504268e-20,-1.417231e-10
1886,1886.000000,3,3.616307e-09,2.157091e-09,3.203108e-16,1.714977e-19,3.230305e-12
1887,1887.000000,3,3.604619e-09,2.151454e-09,3.202576e-16,-1.286100e-20,1.627942e-10
1888,1888.000000,3,3.589086e-09,2.145930e-09,3.202613e-16,-7.466794e-20,2.267520e-12
1889,1889.000000,3,3.578180e-09,2.140496e-09,3.202367e-16,-1.451371e-19,-2.474909e-11
1890,1890.000000,3,3.564857e-09,2.135182e-09,3.201839e-16,8.703925e-20,2.858869e-11
1891,1891.000000,3,3.552600e-09,2.129962e-09,3.201877e-16,2.615214e-20,-4.108713e-11
1892,1892.000000,3,3.538617e-09,2.124842e-09,4.002041e-16,-7.257021e-20,9.788614e-12
1893,1893.000000,3,3.528314e-09,2.119778e-09,3.201390e-16,-9.595295e-22,4.507461e-11
1894,1894.000000,3,3.516305e-09,2.114820e-09,3.201148e-16,-5.651298e-21,1.051021e-10
1895,1895.000000,3,3.506671e-09,2.109934e-09,3.200907e-16,8.718484e-21,-1.473000e-10
1896,1896.000000,3,3.494826e-09,2.105134e-09,3.200666e-16,-7.266285e-20,-6.326184e-11
1897,1897.000000,3,3.481070e-09,2.100396e-09,3.200426e-16,1.087544e-19,-2.831380e-11
1898,1898.000000,3,3.472458e-09,2.095728e-09,3.200187e-16,-8.868700e-20,8.969625e-11
1899,1899.000000,3,3.460855e-09,2.091135e-09,3.199949e-16,1.068023e-19,-1.232872e-10
1900,1900.000000,3,3.447767e-09,2.086605e-09,3.199712e-16,6.262419e-20,9.073720e-11
1901,1901.000000,3,3.441933e-09,2.082118e-09,3.199476e-16,9.470225e-20,-7.215517e-11
1902,1902.000000,3,3.429385e-09,2.077709e-09,3.199240e-16,3.082075e-20,-6.249623e-11
1903,1903.000000,3,3.420013e-09,2.073350e-09,3.199005e-16,3.859625e-20,2.413758e-11
1904,1904.000000,3,3.410356e-09,2.069041e-09,3.998120e-16,1.137671e-19,-1.037561e-10
1905,1905.000000,3,3.400139e-09,2.064793e-09,3.198538e-16,-6.820600e-20,-7.034506e-11
1906,1906.000000,3,3.388536e-09,2.060601e-09,3.198306e-16,-8.889214e-20,7.986589e-11
1907,1907.000000,3,3.380336e-09,2.056447e-09,3.198075e-16,-2.511320e-20,2.179812e-11
1908,1908.000000,3,3.371447e-09,2.052356e-09,3.197844e-16,4.387366e-20,-3.586642e-11
1909,1909.000000,3,3.360434e-09,2.048296e-09,3.997017e-16,1.199610e-19,1.549254e-10
1910,1910.000000,3,3.353179e-09,2.044299e-09,3.197112e-16,1.334176e-19,-9.964474e-12
1911,1911.000000,3,3.342102e-09,2.040335e-09,3.197156e-16,5.298588e-20,5.352963e-11
1912,1912.000000,3,3.332119e-09,2.036419e-09,3.196929e-16,-5.462039e-20,-1.619838e-10
1913,1913.000000,3,3.324622e-09,2.032534e-09,3.196702e-16,-7.293417e-20,6.010969e-11
1914,1914.000000,3,3.317581e-09,2.028704e-09,3.196476e-16,-1.074673e-20,2.238920e-11
1915,1915.000000,3,3.307179e-09,2.024905e-09,3.994975e-16,-6.871224e-20,-2.010214e-11
1916,1916.000000,3,3.299355e-09,2.021149e-09,3.196026e-16,4.941246e-20,-5.557199e-11
1917,1917.000000,3,3.288825e-09,2.017411e-09,3.195802e-16,-3.705769e-21,1.050133e-10
1918,1918.000000,3,3.280384e-09,2.013731e-09,3.541411e-16,-1.001550e-20,1.800009e-10
1919,1919.000000,3,3.274828e-09,2.010082e-09,3.195355e-16,-8.540805e-20,6.119549e-11
1920,1920.000000,3,3.263239e-09,2.006457e-09,3.194864e-16,3.708416e-20,8.673151e-11
1921,1921.000000,3,3.286566e-09,2.022083e-09,3.194912e-16,-5.805154e-20,3.655964e-11
1922,1922.000000,3,3.327152e-09,2.044261e-09,3.194691e-16,-4.833713e-20,1.491216e-10
1923,1923.000000,3,3.352341e-09,2.055179e-09,3.194471e-16,-3.479122e-20,-6.879786e-11
1924,1924.000000,3,3.376151e-09,2.064801e-09,3.193985e-16,-1.799250e-19,-7.035705e-11
1925,1925.000000,3,3.393566e-09,2.071975e-09,3.194034e-16,7.418156e-21,2.888445e-11
1926,1926.000000,3,3.407926e-09,2.078426e-09,3.193816e-16,4.410196e-20,1.064131e-10
1927,1927.000000,3,3.422123e-09,2.083757e-09,3.193332e-16,1.082614e-20,1.143197e-10
1928,1928.000000,3,3.435787e-09,2.088621e-09,3.193381e-16,3.705107e-20,9.761525e-11
1929,1929.000000,3,3.444676e-09,2.092839e-09,3.193165e-16,7.601790e-20,8.281287e-11
1930,1930.000000,3,3.457764e-09,2.096721e-09,3.192948e-16,-7.719249e-21,1.833955e-11
1931,1931.000000,3,3.467903e-09,2.100175e-09,3.192732e-16,2.995056e-20,-2.979501e-10
1932,1932.000000,3,3.477616e-09,2.103370e-09,3.192516e-16,3.410962e-20,2.969003e-11
1933,1933.000000,3,3.485503e-09,2.106266e-09,3.192300e-16,-4.802942e-20,-1.458385e-10
1934,1934.000000,3,3.492495e-09,2.108942e-09,3.192084e-16,-3.658454e-20,-7.131673e-11
1935,1935.000000,3,3.500169e-09,2.111411e-09,3.191869e-16,6.515536e-20,-1.794476e-10
1936,1936.000000,3,3.505434e-09,2.113705e-09,3.191653e-16,-4.758605e-20,9.611378e-11
1937,1937.000000,3,3.512639e-09,2.115824e-09,3.191437e-16,1.140550e-19,4.828626e-11
1938,1938.000000,3,3.520810e-09,2.117805e-09,3.191221e-16,-1.175887e-19,-3.291589e-11
1939,1939.000000,3,3.526395e-09,2.119654e-09,3.190739e-16,-3.450667e-20,-2.470468e-12
1940,1940.000000,3,3.532676e-09,2.121393e-09,3.190788e-16,-1.252550e-19,7.378675e-11
1941,1941.000000,3,3.536016e-09,2.122996e-09,3.190572e-16,7.474735e-20,-1.416209e-10
1942,1942.000000,3,3.542766e-09,2.124513e-09,3.190355e-16,-4.619307e-20,-7.169376e-11
1943,1943.000000,3,3.546909e-09,2.125929e-09,3.190138e-16,2.820686e-20,9.366374e-11
1944,1944.000000,3,3.553637e-09,2.127261e-09,3.189655e-16,-5.630122e-20,6.639622e-11
1945,1945.000000,3,3.558497e-09,2.128518e-09,3.189704e-16,5.435900e-20,-3.212630e-11
1946,1946.000000,3,3.563407e-09,2.129690e-09,3.189486e-16,-5.121902e-21,-3.582468e-11
1947,1947.000000,3,3.565553e-09,2.130790e-09,3.189269e-16,-1.194813e-19,-1.394032e-10
1948,1948.000000,3,3.572353e-09,2.131843e-09,3.189051e-16,4.825110e-20,-8.087353e-11
1949,1949.000000,3,3.574897e-09,2.132825e-09,3.188833e-16,-8.304893e-20,-2.495959e-11
1950,1950.000000,3,3.578648e-09,2.133747e-09,3.188349e-16,6.245875e-20,-2.531131e-11
1951,1951.000000,3,3.584177e-09,2.134612e-09,3.985163e-16,2.240005e-20,-6.089396e-11
1952,1952.000000,3,3.585292e-09,2.135446e-09,3.188178e-16,7.230220e-20,1.109663e-10
1953,1953.000000,3,3.588191e-09,2.136211e-09,3.187959e-16,-2.159272e-20,6.233414e-11
1954,1954.000000,3,3.594209e-09,2.136938e-09,3.187740e-16,-1.345459e-19,-1.831770e-10
1955,1955.000000,3,3.597087e-09,2.137634e-09,3.526836e-16,4.098184e-20,-1.655329e-10
1956,1956.000000,3,3.599538e-09,2.138280e-09,3.187035e-16,-4.058810e-20,-5.241185e-11
1957,1957.000000,3,3.603290e-09,2.138883e-09,3.187082e-16,-4.380749e-20,-2.496492e-11
1958,1958.000000,3,3.607930e-09,2.139455e-09,3.186862e-16,2.406103e-20,-1.240519e-10
1959,1959.000000,3,3.610076e-09,2.139998e-09,3.186642e-16,6.222053e-20,-7.558354e-11
1960,1960.000000,3,3.613145e-09,2.140510e-09,3.186422e-16,5.604645e-20,7.495116e-11
1961,1961.000000,3,3.616833e-09,2.140980e-09,3.185935e-16,-4.252701e-20,1.239084e-10
1962,1962.000000,3,3.619327e-09,2.141417e-09,3.185981e-16,-4.279502e-20,-5.897327e-11
1963,1963.000000,3,3.621153e-09,2.141848e-09,3.185760e-16,6.112865e-20,-7.740475e-13
1964,1964.000000,3,3.623157e-09,2.142220e-09,3.185539e-16,4.295383e-20,7.882583e-12
1965,1965.000000,3,3.626852e-09,2.142595e-09,3.185318e-16,-1.080794e-19,9.404477e-11
1966,1966.000000,3,3.630170e-09,2.142943e-09,3.185097e-16,6.686597e-20,1.132494e-10
1967,1967.000000,3,3.630412e-09,2.143255e-09,3.184875e-16,5.277412e-20,1.610534e-11
1968,1968.000000,3,3.634902e-09,2.143548e-09,3.184653e-16,-1.454945e-19,-3.332890e-11
1969,1969.000000,3,3.635243e-09,2.143822e-09,3.184431e-16,6.471861e-20,9.590861e-11
1970,1970.000000,3,3.637830e-09,2.144070e-09,3.184208e-16,1.372326e-19,1.562435e-10
1971,1971.000000,3,3.640906e-09,2.144311e-09,3.183986e-16,-1.786710e-21,-1.396581e-10
1972,1972.000000,3,3.643535e-09,2.144517e-09,3.183763e-16,1.891431e-19,1.055129e-10
1973,1973.000000,3,3.645305e-09,2.144717e-09,3.183273e-16,6.867253e-20,-2.791101e-12
1974,1974.000000,3,3.647067e-09,2.144897e-09,3.183050e-16,-1.340694e-19,7.797318e-12
1975,1975.000000,3,3.649674e-09,2.145051e-09,3.183093e-16,1.078015e-19,1.351084e-10
1976,1976.000000,3,3.654037e-09,2.145184e-09,3.182870e-16,2.269122e-20,-8.862422e-11
1977,1977.000000,3,3.655920e-09,2.145321e-09,3.977973e-16,6.219075e-20,-1.045168e-10
1978,1978.000000,3,3.659046e-09,2.145435e-09,3.978027e-16,-1.351613e-20,8.513856e-11
1979,1979.000000,3,3.658698e-09,2.145537e-09,3.977413e-16,6.213119e-20,-9.337775e-11
1980,1980.000000,3,3.660453e-09,2.145618e-09,3.181973e-16,-5.356491e-20,6.760503e-11
1981,1981.000000,3,3.663565e-09,2.146718e-09,3.181749e-16,-3.894366e-20,8.451018e-12
1982,1982.000000,3,3.667274e-09,2.148161e-09,3.181524e-16,8.371068e-22,6.193668e-11
1983,1983.000000,3,3.670465e-09,2.148982e-09,3.181299e-16,-1.693735e-20,1.047047e-10
1984,1984.000000,3,3.676853e-09,2.149730e-09,3.181074e-16,-4.793677e-20,9.966827e-11
1985,1985.000000,3,3.680420e-09,2.150335e-09,3.180849e-16,1.398961e-19,7.237100e-11
1986,1986.000000,3,3.683866e-09,2.150879e-09,3.180624e-16,7.805276e-21,1.271174e-10
1987,1987.000000,3,3.686431e-09,2.151363e-09,3.975497e-16,9.899698e-20,1.355529e-10
1988,1988.000000,3,3.688498e-09,2.151787e-09,3.179904e-16,9.942711e-21,-1.588925e-10
1989,1989.000000,3,3.691561e-09,2.152180e-09,3.974933e-16,2.733997e-20,-5.130518e-11
1990,1990.000000,3,3.695277e-09,2.152546e-09,3.179720e-16,3.668381e-20,-2.768008e-11
1991,1991.000000,3,3.697750e-09,2.152878e-09,3.179494e-16,-2.312797e-21,4.322365e-11
1992,1992.000000,3,3.698219e-09,2.153183e-09,3.179267e-16,1.459775e-19,1.553024e-11
1993,1993.000000,3,3.702390e-09,2.153463e-09,3.179040e-16,-3.173065e-21,1.009770e-11
1994,1994.000000,3,3.703477e-09,2.153716e-09,3.178814e-16,-4.218952e-20,5.109024e-11
1995,1995.000000,3,3.707072e-09,2.153946e-09,3.178586e-16,4.822794e-20,2.469980e-11
1996,1996.000000,3,3.710745e-09,2.154172e-09,3.178359e-16,1.905824e-21,-5.255485e-11
1997,1997.000000,3,3.714042e-09,2.154358e-09,3.509676e-16,1.180718e-19,1.062999e-10
1998,1998.000000,3,3.715982e-09,2.154550e-09,3.972044e-16,4.880366e-20,-8.795809e-11
1999,1999.000000,3,3.716870e-09,2.154710e-09,3.177408e-16,-2.436874e-20,-5.263079e-11
2000,2000.000000,3,3.719471e-09,2.154853e-09,3.177179e-16,-4.013480e-21,9.386492e-11
2001,2001.000000,3,3.722398e-09,2.154992e-09,3.177219e-16,6.059594e-20,-1.380229e-12
2002,2002.000000,3,3.723400e-09,2.155112e-09,3.176990e-16,4.003554e-20,1.833822e-11
2003,2003.000000,3,3.725248e-09,2.155219e-09,3.176761e-16,-7.735793e-21,2.461453e-11
2004,2004.000000,3,3.726605e-09,2.155313e-09,3.176532e-16,-2.183095e-20,6.431833e-11
2005,2005.000000,3,3.729376e-09,2.155403e-09,3.176034e-16,8.390920e-20,-4.360956e-11
2006,2006.000000,3,3.730293e-09,2.155467e-09,3.175805e-16,5.332006e-20,1.021032e-10
2007,2007.000000,3,3.733533e-09,2.155536e-09,3.175843e-16,-9.705145e-20,-5.129053e-11
2008,2008.000000,3,3.736268e-09,2.155586e-09,3.175613e-16,2.548378e-20,-5.016965e-11
2009,2009.000000,3,3.736893e-09,2.155632e-09,3.504699e-16,-3.639595e-22,-6.096101e-11
2010,2010.000000,3,3.738855e-09,2.155662e-09,3.175153e-16,-1.793328e-20,1.043512e-10
2011,2011.000000,3,3.740617e-09,2.155675e-09,3.174923e-16,1.250333e-19,-3.308820e-11
2012,2012.000000,3,3.744191e-09,2.155690e-09,3.174692e-16,-1.157226e-19,1.240430e-11
2013,2013.000000,3,3.745072e-09,2.155705e-09,3.174461e-16,1.774269e-19,8.954659e-11
2014,2014.000000,3,3.745555e-09,2.155696e-09,3.174230e-16,3.988665e-20,-1.046203e-10
2015,2015.000000,3,3.749292e-09,2.155677e-09,3.173999e-16,-4.936283e-20,-1.080944e-10
2016,2016.000000,3,3.752263e-09,2.155663e-09,3.173767e-16,-7.218971e-20,5.771383e-12
2017,2017.000000,3,3.751971e-09,2.155631e-09,3.501422e-16,-8.869031e-20,1.222897e-10
2018,2018.000000,3,3.753080e-09,2.155597e-09,3.173304e-16,1.277167e-20,6.969136e-11
2019,2019.000000,3,3.754636e-09,2.155557e-09,3.966340e-16,4.265936e-20,1.811129e-11
2020,2020.000000,3,3.759538e-09,2.155506e-09,3.172840e-16,-7.176619e-20,-1.758851e-10
2021,2021.000000,3,3.760498e-09,2.155444e-09,3.172607e-16,9.907639e-20,-9.404033e-12
2022,2022.000000,3,3.762153e-09,2.155383e-09,3.172375e-16,-1.497859e-20,1.747358e-11
2023,2023.000000,3,3.762914e-09,2.155311e-09,3.172142e-16,4.740738e-20,7.930101e-11
2024,2024.000000,3,3.765741e-09,2.155243e-09,3.171909e-16,-1.445581e-20,-6.816769e-12
2025,2025.000000,3,3.764846e-09,2.155161e-09,3.171676e-16,-8.150376e-20,1.255764e-10
2026,2026.000000,3,3.766651e-09,2.155071e-09,3.171443e-16,-3.603199e-20,-7.580603e-12
2027,2027.000000,3,3.770573e-09,2.154976e-09,3.170940e-16,-1.412990e-19,4.737943e-11
2028,2028.000000,3,3.769877e-09,2.154886e-09,3.170976e-16,5.669165e-20,1.200742e-10
2029,2029.000000,3,3.774197e-09,2.154772e-09,3.170742e-16,4.638498e-20,-1.416964e-10
2030,2030.000000,3,3.773934e-09,2.154673e-09,3.170508e-16,-7.333452e-20,9.511059e-11
2031,2031.000000,3,3.775995e-09,2.154548e-09,3.962843e-16,-3.706431e-20,1.712084e-10
2032,2032.000000,3,3.778219e-09,2.154428e-09,3.170040e-16,-8.008763e-20,-9.634027e-11
2033,2033.000000,3,3.779675e-09,2.154305e-09,3.169805e-16,-8.393567e-20,3.354295e-11
2034,2034.000000,3,3.783015e-09,2.154178e-09,3.169301e-16,-4.221930e-20,-1.015041e-10
2035,2035.000000,3,3.781025e-09,2.154047e-09,3.169336e-16,9.758746e-20,9.224133e-11
2036,2036.000000,3,3.783271e-09,2.153903e-09,3.168831e-16,2.560289e-20,-1.354161e-11
2037,2037.000000,3,3.785004e-09,2.153760e-09,3.168866e-16,-1.060975e-19,-7.691625e-11
2038,2038.000000,3,3.786269e-09,2.153612e-09,3.168631e-16,4.628903e-21,-5.043077e-12
2039,2039.000000,3,3.789175e-09,2.153462e-09,3.168395e-16,-4.009841e-20,-3.918732e-11
2040,2040.000000,3,3.790880e-09,2.153298e-09,3.168159e-16,-1.127282e-19,-9.571277e-11
2041,2041.000000,3,3.773458e-09,2.141654e-09,3.167923e-16,-5.687694e-21,3.870682e-11
2042,2042.000000,3,3.743253e-09,2.126062e-09,3.167687e-16,3.134022e-20,-1.297074e-10
2043,2043.000000,3,3.722697e-09,2.117237e-09,2.792551e-16,9.995651e-21,-2.064082e-11
2044,2044.000000,3,3.706077e-09,2.109203e-09,3.167215e-16,-9.197256e-20,4.114131e-11
2045,2045.000000,3,3.690644e-09,2.102659e-09,3.166978e-16,-1.454250e-19,5.257528e-11
2046,2046.000000,3,3.676249e-09,2.096574e-09,3.166741e-16,-1.141046e-19,-4.501288e-12
2047,2047.000000,3,3.665022e-09,2.091153e-09,3.166505e-16,2.792165e-19,1.629719e-11
2048,2048.000000,3,3.652907e-09,2.086038e-09,3.166268e-16,1.822113e-20,-3.770317e-13
2049,2049.000000,3,3.644409e-09,2.081322e-09,3.166031e-16,-6.710089e-21,7.179946e-11
2050,2050.000000,3,3.633147e-09,2.076818e-09,3.165794e-16,1.490579e-20,-3.052447e-11
2051,2051.000000,3,3.623271e-09,2.072587e-09,3.165558e-16,7.291432e-20,1.386340e-10
2052,2052.000000,3,3.614872e-09,2.068522e-09,3.165321e-16,-7.729837e-20,-7.820944e-11
2053,2053.000000,3,3.605869e-09,2.064648e-09,3.165085e-16,8.073614e-20,-8.652190e-11
2054,2054.000000,3,3.597705e-09,2.060927e-09,3.164849e-16,1.080629e-19,-3.180523e-11
2055,2055.000000,3,3.589129e-09,2.057333e-09,3.164614e-16,-2.417353e-20,4.000666e-11
2056,2056.000000,3,3.582471e-09,2.053860e-09,3.164378e-16,-1.841072e-19,-2.739875e-10
2057,2057.000000,3,3.574662e-09,2.050495e-09,3.954842e-16,4.761252e-21,-4.930722e-11
2058,2058.000000,3,3.566846e-09,2.047235e-09,3.163908e-16,-1.430030e-20,1.479101e-10
2059,2059.000000,3,3.558526e-09,2.044059e-09,3.163673e-16,1.045887e-20,1.126743e-11
2060,2060.000000,3,3.553801e-09,2.040973e-09,3.163439e-16,6.690568e-20,-8.113510e-12
2061,2061.000000,3,3.546575e-09,2.037948e-09,3.953671e-16,1.914096e-20,-3.294032e-11
2062,2062.000000,3,3.538766e-09,2.035009e-09,3.162971e-16,-4.699048e-20,1.127609e-10
2063,2063.000000,3,3.532691e-09,2.032128e-09,3.162737e-16,-1.865127e-20,-7.789769e-12
2064,2064.000000,3,3.527880e-09,2.029319e-09,3.162504e-16,1.654361e-23,1.096812e-11
2065,2065.000000,3,3.521059e-09,2.026558e-09,3.162271e-16,1.062100e-20,5.461720e-11
2066,2066.000000,3,3.517378e-09,2.023866e-09,3.162039e-16,5.085837e-20,-1.062395e-11
2067,2067.000000,3,3.510330e-09,2.021209e-09,3.161807e-16,-9.914256e-20,-9.451950e-11
2068,2068.000000,3,3.505519e-09,2.018604e-09,3.951635e-16,-2.841531e-20,4.743494e-11
2069,2069.000000,3,3.499558e-09,2.016042e-09,3.161343e-16,-8.941822e-20,2.394351e-11
2070,2070.000000,3,3.494840e-09,2.013538e-09,3.161112e-16,-1.426920e-19,3.034151e-11
2071,2071.000000,3,3.490072e-09,2.011055e-09,3.160881e-16,1.248149e-19,-3.356959e-11
2072,2072.000000,3,3.485262e-09,2.008620e-09,3.160651e-16,1.097801e-19,5.778222e-11
2073,2073.000000,3,3.477460e-09,2.006232e-09,3.160421e-16,-8.090157e-20,-8.455991e-11
2074,2074.000000,3,3.472636e-09,2.003862e-09,3.160191e-16,-1.589510e-20,1.133391e-10
2075,2075.000000,3,3.469303e-09,2.001528e-09,3.159961e-16,-8.679772e-20,-4.014256e-11
2076,2076.000000,3,3.463398e-09,1.999235e-09,3.159731e-16,1.161858e-19,-2.206679e-11
2077,2077.000000,3,3.459000e-09,1.996968e-09,3.159502e-16,-1.937919e-20,3.980105e-11
2078,2078.000000,3,3.453835e-09,1.994739e-09,3.159273e-16,-1.271873e-20,-9.855050e-11
2079,2079.000000,3,3.449451e-09,1.992525e-09,3.159045e-16,-1.847591e-20,-2.097655e-11
2080,2080.000000,3,3.443816e-09,1.990345e-09,3.158817e-16,-2.580473e-20,-3.215961e-11
2081,2081.000000,3,3.440192e-09,1.988186e-09,3.158589e-16,3.666395e-20,-1.872191e-11
2082,2082.000000,3,3.434401e-09,1.986053e-09,3.158361e-16,-8.137141e-20,-1.855094e-11
2083,2083.000000,3,3.431602e-09,1.983945e-09,3.158134e-16,1.289641e-19,6.309531e-11
2084,2084.000000,3,3.424347e-09,1.981864e-09,3.474935e-16,1.786081e-19,1.566258e-10
2085,2085.000000,3,3.421157e-09,1.979801e-09,3.157417e-16,-2.401802e-20,3.868861e-11
2086,2086.000000,3,3.417796e-09,1.977764e-09,3.157454e-16,-5.953053e-20,5.586553e-11
2087,2087.000000,3,3.415096e-09,1.975743e-09,3.156966e-16,5.501744e-20,1.287073e-10
2088,2088.000000,3,3.408751e-09,1.973744e-09,3.157003e-16,6.185657e-20,1.982992e-10
2089,2089.000000,3,3.405745e-09,1.971764e-09,3.156515e-16,9.596619e-20,1.008766e-10
2090,2090.000000,3,3.400679e-09,1.969808e-09,3.156552e-16,-7.873767e-20,-8.800427e-11
2091,2091.000000,3,3.396892e-09,1.967868e-09,3.472338e-16,6.551270e-20,-2.987255e-11
2092,2092.000000,3,3.393190e-09,1.965947e-09,3.156103e-16,-1.715937e-19,4.375211e-11
2093,2093.000000,3,3.389587e-09,1.964040e-09,3.155617e-16,1.688441e-20,-1.503184e-10
2094,2094.000000,3,3.384706e-09,1.962146e-09,3.155655e-16,5.078558e-20,1.032641e-11
2095,2095.000000,3,3.380421e-09,1.960277e-09,3.155432e-16,3.268687e-20,8.011680e-11
2096,2096.000000,3,3.376719e-09,1.958416e-09,3.154947e-16,-5.446819e-20,1.181761e-10
2097,2097.000000,3,3.375867e-09,1.956581e-09,3.154985e-16,4.942900e-20,-2.706990e-11
2098,2098.000000,3,3.371120e-09,1.954751e-09,3.154763e-16,-3.563825e-20,8.687673e-11
2099,2099.000000,3,3.367255e-09,1.952931e-09,3.154540e-16,-1.026829e-19,-1.962652e-10
2100,2100.000000,3,3.361869e-09,1.951139e-09,3.154318e-16,8.632457e-20,2.649680e-10
2101,2101.000000,3,3.366722e-09,1.954958e-09,3.154096e-16,-1.018855e-19,-2.503198e-11
2102,2102.000000,3,3.381686e-09,1.960727e-09,3.153615e-16,-5.325058e-20,-1.118723e-10
2103,2103.000000,3,3.386695e-09,1.963192e-09,3.153654e-16,-1.181876e-19,2.096368e-11
2104,2104.000000,3,3.391001e-09,1.965277e-09,3.153173e-16,-6.425539e-20,3.723688e-11
2105,2105.000000,3,3.396245e-09,1.966653e-09,3.153211e-16,-5.678760e-20,-4.276579e-12
2106,2106.000000,3,3.399627e-09,1.967821e-09,3.152991e-16,1.342018e-20,8.366108e-11
2107,2107.000000,3,3.403684e-09,1.968664e-09,3.152770e-16,-5.191716e-20,-4.950929e-11
2108,2108.000000,3,3.406498e-09,1.969364e-09,3.152550e-16,-2.497424e-20,-2.879474e-11
2109,2109.000000,3,3.408552e-09,1.969896e-09,3.152330e-16,-8.323753e-20,3.696066e-11
2110,2110.000000,3,3.410065e-09,1.970307e-09,3.152110e-16,7.568372e-20,-1.089475e-10
2111,2111.000000,3,3.412339e-09,1.970621e-09,3.151890e-16,7.316247e-20,7.613821e-11
2112,2112.000000,3,3.414073e-09,1.970835e-09,3.151670e-16,-1.009789e-19,-7.430945e-12
2113,2113.000000,3,3.415884e-09,1.970990e-09,3.938990e-16,-1.647413e-20,-3.805845e-13
2114,2114.000000,3,3.416581e-09,1.971073e-09,3.938716e-16,-1.142303e-19,4.353495e-11
2115,2115.000000,3,3.419046e-09,1.971096e-09,3.151011e-16,-3.174057e-20,8.255174e-12
2116,2116.000000,3,3.419160e-09,1.971071e-09,3.150534e-16,-2.527864e-21,4.882317e-11
2117,2117.000000,3,3.419956e-09,1.971006e-09,3.150573e-16,-7.973690e-20,-1.828759e-11
2118,2118.000000,3,3.421661e-09,1.970893e-09,3.150353e-16,-8.475293e-20,-4.970246e-11
2119,2119.000000,3,3.423892e-09,1.970744e-09,3.149876e-16,-2.898772e-20,7.408296e-12
2120,2120.000000,3,3.421967e-09,1.970564e-09,3.149915e-16,-7.839356e-20,5.330580e-11
2121,2121.000000,3,3.425505e-09,1.970362e-09,3.149696e-16,-1.502193e-19,1.258562e-10
2122,2122.000000,3,3.423857e-09,1.970125e-09,3.149477e-16,2.001512e-19,2.885958e-11
2123,2123.000000,3,3.423423e-09,1.969855e-09,3.149257e-16,-1.120565e-19,8.569589e-12
2124,2124.000000,3,3.424887e-09,1.969573e-09,3.149038e-16,-6.632996e-20,-2.609744e-10
2125,2125.000000,3,3.427147e-09,1.969273e-09,3.459716e-16,1.222242e-20,1.249667e-10
2126,2126.000000,3,3.425107e-09,1.968945e-09,3.459316e-16,-5.118263e-20,5.850209e-11
2127,2127.000000,3,3.426138e-09,1.968602e-09,3.148381e-16,2.488821e-20,-2.508660e-12
2128,2128.000000,3,3.428532e-09,1.968243e-09,3.148162e-16,1.050850e-20,-4.875966e-11
2129,2129.000000,3,3.425100e-09,1.967866e-09,3.147685e-16,-2.800503e-20,-5.987877e-11
2130,2130.000000,3,3.428042e-09,1.967486e-09,3.147724e-16,-3.289532e-20,-1.504930e-10
2131,2131.000000,3,3.428546e-09,1.967076e-09,3.147505e-16,2.203609e-20,-4.544454e-11
2132,2132.000000,3,3.425598e-09,1.966655e-09,3.147286e-16,4.474716e-20,5.411405e-11
2133,2133.000000,3,3.426791e-09,1.966234e-09,3.147067e-16,-2.721093e-20,1.849410e-11
2134,2134.000000,3,3.427672e-09,1.965797e-09,3.146848e-16,4.371484e-20,8.102807e-11
2135,2135.000000,3,3.427068e-09,1.965337e-09,3.146628e-16,-1.670508e-19,-1.062981e-10
2136,2136.000000,3,3.427452e-09,1.964875e-09,3.146409e-16,-1.361936e-19,-6.490897e-11
2137,2137.000000,3,3.427658e-09,1.964414e-09,3.146190e-16,1.862811e-20,6.794032e-11
2138,2138.000000,3,3.428646e-09,1.963936e-09,3.145713e-16,1.201662e-19,5.325074e-11
2139,2139.000000,3,3.429093e-09,1.963449e-09,3.145751e-16,-2.758813e-20,-7.174306e-11
2140,2140.000000,3,3.428610e-09,1.962957e-09,3.145531e-16,-1.162685e-20,-4.085621e-13
2141,2141.000000,3,3.429065e-09,1.962458e-09,3.145312e-16,1.771159e-20,-1.299867e-10
2142,2142.000000,3,3.428539e-09,1.961954e-09,3.145093e-16,7.993873e-21,4.308598e-11
2143,2143.000000,3,3.430230e-09,1.961435e-09,3.144873e-16,-2.357465e-20,-6.566081e-11
2144,2144.000000,3,3.429946e-09,1.960923e-09,3.144397e-16,-1.497991e-19,-2.918821e-11
2145,2145.000000,3,3.427445e-09,1.960399e-09,3.144178e-16,-4.940915e-20,9.949730e-11
2146,2146.000000,3,3.427026e-09,1.959867e-09,3.144215e-16,6.245544e-20,-2.071676e-12
2147,2147.000000,3,3.428028e-09,1.959330e-09,3.143996e-16,1.463779e-19,1.469238e-10
2148,2148.000000,3,3.426955e-09,1.958798e-09,3.143776e-16,-2.048099e-21,-3.805667e-11
2149,2149.000000,3,3.425477e-09,1.958246e-09,3.143557e-16,-5.225796e-20,9.147572e-11
2150,2150.000000,3,3.426955e-09,1.957702e-09,3.143338e-16,6.421569e-20,4.133893e-11
2151,2151.000000,3,3.428283e-09,1.957140e-09,3.143118e-16,2.819693e-20,8.764678e-11
2152,2152.000000,3,3.428127e-09,1.956590e-09,3.142899e-16,1.227735e-19,-1.385922e-10
2153,2153.000000,3,3.427679e-09,1.956016e-09,3.142679e-16,9.628713e-20,-7.628564e-12
2154,2154.000000,3,3.426621e-09,1.955452e-09,3.142460e-16,4.922386e-20,1.345839e-10
2155,2155.000000,3,3.427530e-09,1.954893e-09,3.142240e-16,-8.175522e-20,1.274225e-11
2156,2156.000000,3,3.427644e-09,1.954317e-09,3.142021e-16,-4.149469e-20,-1.248917e-10
2157,2157.000000,3,3.426763e-09,1.953744e-09,3.141802e-16,1.163678e-20,-3.315126e-12
2158,2158.000000,3,3.425363e-09,1.953162e-09,3.141582e-16,-3.745805e-20,9.801449e-11
2159,2159.000000,3,3.426322e-09,1.952587e-09,3.141363e-16,-3.637609e-20,-3.573142e-11
2160,2160.000000,3,3.424944e-09,1.952003e-09,3.141143e-16,-1.205368e-20,6.106227e-11
2161,2161.000000,3,3.443951e-09,1.962506e-09,3.140924e-16,-6.192274e-20,-4.234835e-11
2162,2162.000000,3,3.475122e-09,1.976807e-09,3.140704e-16,-3.423535e-20,-2.122036e-11
2163,2163.000000,3,3.494655e-09,1.984594e-09,3.925286e-16,-1.979278e-20,-5.817391e-11
2164,2164.000000,3,3.512376e-09,1.991582e-09,3.140009e-16,1.586168e-19,3.169776e-11
2165,2165.000000,3,3.528868e-09,1.997140e-09,3.140046e-16,8.291658e-21,5.817569e-13
2166,2166.000000,3,3.540549e-09,2.002241e-09,3.924783e-16,-1.637156e-20,4.285994e-11
2167,2167.000000,3,3.554128e-09,2.006697e-09,3.139350e-16,-1.189089e-19,-5.186784e-11
2168,2168.000000,3,3.565447e-09,2.010841e-09,3.139387e-16,6.614136e-21,-2.369926e-11
2169,2169.000000,3,3.578229e-09,2.014615e-09,3.923638e-16,-6.051653e-21,-9.165246e-11
2170,2170.000000,3,3.591957e-09,2.018159e-09,3.442827e-16,1.248546e-19,1.526645e-11
2171,2171.000000,3,3.599702e-09,2.021442e-09,3.138726e-16,-9.195932e-20,-4.789280e-11
2172,2172.000000,3,3.610843e-09,2.024550e-09,3.138505e-16,5.080212e-20,7.326006e-11
2173,2173.000000,3,3.619078e-09,2.027482e-09,3.138283e-16,-9.638308e-21,-1.301919e-10
2174,2174.000000,3,3.627477e-09,2.030264e-09,3.137805e-16,-1.369083e-19,-6.164846e-12
2175,2175.000000,3,3.637126e-09,2.032912e-09,3.137840e-16,1.908471e-20,-3.934719e-11
2176,2176.000000,3,3.646242e-09,2.035448e-09,3.137617e-16,-1.891597e-20,5.928991e-11
2177,2177.000000,3,3.652566e-09,2.037858e-09,3.137395e-16,1.950823e-20,1.463065e-10
2178,2178.000000,3,3.663459e-09,2.040175e-09,3.137172e-16,-1.592554e-19,-9.541301e-11
2179,2179.000000,3,3.671829e-09,2.042403e-09,3.136948e-16,7.954500e-20,-1.003819e-11
2180,2180.000000,3,3.678814e-09,2.044552e-09,3.920583e-16,-3.099942e-20,3.277334e-11
2181,2181.000000,3,3.686168e-09,2.046612e-09,3.136242e-16,9.910616e-20,-1.018177e-10
2182,2182.000000,3,3.692875e-09,2.048603e-09,3.136275e-16,-6.416275e-20,4.028777e-11
2183,2183.000000,3,3.700421e-09,2.050536e-09,3.135791e-16,4.813529e-20,6.377565e-11
2184,2184.000000,3,3.706923e-09,2.052388e-09,3.135824e-16,-1.840973e-20,-2.516432e-11
2185,2185.000000,3,3.715392e-09,2.054183e-09,3.135597e-16,-6.404032e-20,5.782663e-11
2186,2186.000000,3,3.720906e-09,2.055933e-09,3.918890e-16,9.343832e-21,3.387468e-11
2187,2187.000000,3,3.727259e-09,2.057633e-09,3.135144e-16,8.550070e-20,-1.417195e-10
2188,2188.000000,3,3.735543e-09,2.059274e-09,3.134916e-16,4.312258e-20,-1.296137e-10
2189,2189.000000,3,3.740503e-09,2.060871e-09,3.134688e-16,9.477505e-20,-8.069545e-11
2190,2190.000000,3,3.747630e-09,2.062418e-09,3.917750e-16,4.744708e-20,-1.411462e-10
2191,2191.000000,3,3.753001e-09,2.063931e-09,3.134231e-16,-1.020873e-19,1.113567e-10
2192,2192.000000,3,3.759226e-09,2.065404e-09,3.134001e-16,-5.467664e-20,-1.131122e-10
2193,2193.000000,3,3.766893e-09,2.066836e-09,3.916889e-16,-5.313808e-20,1.722356e-11
2194,2194.000000,3,3.772605e-09,2.068228e-09,3.133541e-16,1.077618e-19,2.505152e-11
2195,2195.000000,3,3.776179e-09,2.069596e-09,3.133310e-16,5.080212e-20,-1.476241e-11
2196,2196.000000,3,3.783867e-09,2.070917e-09,3.133079e-16,1.209305e-19,-7.170753e-11
2197,2197.000000,3,3.789985e-09,2.072216e-09,3.132847e-16,-1.220919e-21,2.168710e-11
2198,2198.000000,3,3.793659e-09,2.073472e-09,3.132615e-16,3.517172e-21,1.760769e-11
2199,2199.000000,3,3.800160e-09,2.074713e-09,3.132121e-16,1.952477e-20,3.945377e-11
2200,2200.000000,3,3.807102e-09,2.075917e-09,3.132149e-16,7.140223e-21,1.801799e-10
2201,2201.000000,3,3.811572e-09,2.077095e-09,3.131916e-16,5.334984e-20,9.682433e-11
2202,2202.000000,3,3.814868e-09,2.078251e-09,3.131682e-16,-1.368024e-19,2.481304e-11
2203,2203.000000,3,3.821100e-09,2.079370e-09,3.131448e-16,-2.074569e-21,6.636025e-11
2204,2204.000000,3,3.828156e-09,2.080483e-09,3.131213e-16,-3.400043e-20,5.958078e-11
2205,2205.000000,3,3.830088e-09,2.081560e-09,3.913722e-16,7.151473e-20,3.711920e-11
2206,2206.000000,3,3.837293e-09,2.082609e-09,3.913428e-16,1.428012e-19,-1.017941e-11
2207,2207.000000,3,3.842494e-09,2.083657e-09,3.130506e-16,-2.674440e-20,1.141371e-10
2208,2208.000000,3,3.847894e-09,2.084660e-09,3.130269e-16,9.144316e-20,-2.037526e-11
2209,2209.000000,3,3.852399e-09,2.085658e-09,3.130032e-16,-6.160841e-20,1.277125e-10
2210,2210.000000,3,3.858425e-09,2.086624e-09,3.129795e-16,-6.323299e-20,-6.785505e-11
2211,2211.000000,3,3.861743e-09,2.087574e-09,3.129557e-16,-1.280476e-20,1.171117e-10
2212,2212.000000,3,3.866582e-09,2.088510e-09,3.129319e-16,6.844754e-20,-1.391554e-10
2213,2213.000000,3,3.871186e-09,2.089422e-09,3.129080e-16,9.013291e-20,1.202745e-10
2214,2214.000000,3,3.878171e-09,2.090320e-09,3.128841e-16,6.684612e-20,-1.129221e-10
2215,2215.000000,3,3.881475e-09,2.091209e-09,3.128602e-16,6.502963e-20,-6.511147e-11
2216,2216.000000,3,3.885923e-09,2.092072e-09,3.128098e-16,9.255489e-20,-1.315907e-10
2217,2217.000000,3,3.891039e-09,2.092917e-09,3.128122e-16,-8.493491e-20,-8.497825e-11
2218,2218.000000,3,3.895657e-09,2.093743e-09,3.127881e-16,-7.544549e-20,-2.045164e-11
2219,2219.000000,3,3.899274e-09,2.094553e-09,3.127375e-16,-2.443822e-20,-4.466427e-11
2220,2220.000000,3,3.903182e-09,2.095360e-09,3.127399e-16,1.293479e-19,-6.282219e-11
2221,2221.000000,3,3.879670e-09,2.078764e-09,3.127157e-16,1.735524e-19,-6.047296e-11
2222,2222.000000,3,3.834387e-09,2.056154e-09,3.126914e-16,-2.727049e-20,5.262502e-11
2223,2223.000000,3,3.804082e-09,2.043776e-09,3.126671e-16,-1.735756e-20,-7.033751e-11
2224,2224.000000,3,3.779228e-09,2.032625e-09,3.126428e-16,1.411501e-20,3.254197e-11
2225,2225.000000,3,3.757506e-09,2.023703e-09,3.126185e-16,1.848252e-20,-1.701794e-11
2226,2226.000000,3,3.736588e-09,2.015465e-09,3.125941e-16,-3.156190e-20,3.849587e-11
2227,2227.000000,3,3.719151e-09,2.008252e-09,3.125697e-16,7.387715e-20,-7.176082e-11
2228,2228.000000,3,3.704216e-09,2.001494e-09,3.125452e-16,1.041520e-19,-5.839862e-11
2229,2229.000000,3,3.690445e-09,1.995326e-09,3.125208e-16,1.174927e-20,-4.378009e-11
2230,2230.000000,3,3.674536e-09,1.989502e-09,3.124963e-16,5.404798e-20,5.876544e-11
2231,2231.000000,3,3.664780e-09,1.984062e-09,3.124719e-16,5.259214e-20,1.563638e-11
2232,2232.000000,3,3.650300e-09,1.978876e-09,3.124474e-16,1.274288e-19,9.265122e-11
2233,2233.000000,3,3.639414e-09,1.973968e-09,3.124230e-16,6.623401e-20,-8.472067e-11
2234,2234.000000,3,3.626702e-09,1.969270e-09,3.123986e-16,-7.291763e-20,4.046097e-11
2235,2235.000000,3,3.617949e-09,1.964780e-09,3.123477e-16,1.555530e-19,1.800871e-11
2236,2236.000000,3,3.606090e-09,1.960465e-09,3.123233e-16,6.413297e-20,-1.023786e-10
2237,2237.000000,3,3.596000e-09,1.956315e-09,3.123255e-16,5.870335e-20,-1.954290e-10
2238,2238.000000,3,3.585789e-09,1.952295e-09,3.123012e-16,1.336724e-21,-1.775691e-11
2239,2239.000000,3,3.578172e-09,1.948420e-09,3.122769e-16,2.362759e-20,9.784262e-11
2240,2240.000000,3,3.568346e-09,1.944672e-09,3.122526e-16,-8.274122e-20,-1.206919e-10
2241,2241.000000,3,3.559919e-09,1.941022e-09,3.122284e-16,-4.625263e-20,9.192069e-11
2242,2242.000000,3,3.552366e-09,1.937484e-09,3.122042e-16,6.152239e-20,-4.681233e-11
2243,2243.000000,3,3.544081e-09,1.934029e-09,3.121800e-16,4.773163e-20,2.246781e-11
2244,2244.000000,3,3.535554e-09,1.930677e-09,3.121559e-16,6.326939e-20,8.538947e-11
2245,2245.000000,3,3.527951e-09,1.927391e-09,3.121318e-16,1.256917e-19,4.031886e-11
2246,2246.000000,3,3.519780e-09,1.924204e-09,3.121078e-16,-1.189287e-19,1.805587e-10
2247,2247.000000,3,3.512753e-09,1.921077e-09,3.120838e-16,-7.235183e-20,3.450573e-12
2248,2248.000000,3,3.505463e-09,1.918024e-09,3.120335e-16,-7.515432e-20,1.525020e-10
2249,2249.000000,3,3.497789e-09,1.915029e-09,3.120358e-16,2.869655e-20,4.511902e-11
2250,2250.000000,3,3.491174e-09,1.912096e-09,3.119857e-16,6.843100e-20,-7.053025e-12
2251,2251.000000,3,3.485191e-09,1.909218e-09,3.119881e-16,2.248939e-20,4.211387e-11
2252,2252.000000,3,3.478881e-09,1.906403e-09,3.119643e-16,5.246641e-20,-2.795542e-12
2253,2253.000000,3,3.472316e-09,1.903637e-09,3.119405e-16,-6.021213e-20,4.283240e-11
2254,2254.000000,3,3.466376e-09,1.900923e-09,3.119167e-16,-7.335769e-20,-1.614167e-10
2255,2255.000000,3,3.458894e-09,1.898247e-09,3.118930e-16,6.655164e-20,-1.261165e-10
2256,2256.000000,3,3.451724e-09,1.895615e-09,3.118693e-16,8.437242e-22,-2.228306e-11
2257,2257.000000,3,3.445770e-09,1.893026e-09,3.118457e-16,2.329671e-20,2.375922e-11
2258,2258.000000,3,3.441009e-09,1.890484e-09,3.118221e-16,1.007903e-19,-8.080203e-11
2259,2259.000000,3,3.434600e-09,1.887989e-09,3.117985e-16,-5.737656e-20,6.374368e-11
2260,2260.000000,3,3.429584e-09,1.885511e-09,3.117750e-16,-1.096411e-19,7.096146e-11
2261,2261.000000,3,3.423764e-09,1.883075e-09,3.117256e-16,-5.353513e-21,1.799050e-11
2262,2262.000000,3,3.418528e-09,1.880685e-09,3.117022e-16,-6.160841e-21,1.296341e-10
2263,2263.000000,3,3.412531e-09,1.878316e-09,3.895985e-16,-5.273773e-20,3.316014e-12
2264,2264.000000,3,3.408609e-09,1.875990e-09,3.116813e-16,5.029920e-20,1.475184e-10
2265,2265.000000,3,3.403173e-09,1.873686e-09,3.405879e-16,7.011845e-20,2.056431e-10
2266,2266.000000,3,3.397119e-09,1.871417e-09,3.405499e-16,9.025202e-20,8.433254e-12
2267,2267.000000,3,3.392685e-09,1.869173e-09,3.116114e-16,9.519856e-20,-8.046408e-11
2268,2268.000000,3,3.387576e-09,1.866952e-09,3.115882e-16,-1.118580e-19,5.894751e-11
2269,2269.000000,3,3.383782e-09,1.864756e-09,3.115650e-16,1.293313e-19,-5.613154e-11
2270,2270.000000,3,3.375831e-09,1.862594e-09,3.115418e-16,7.350989e-20,-2.154898e-11
2271,2271.000000,3,3.373096e-09,1.860449e-09,3.114929e-16,-1.755145e-19,6.520251e-11
2272,2272.000000,3,3.365933e-09,1.858341e-09,3.114956e-16,1.781714e-19,1.082419e-10
2273,2273.000000,3,3.361862e-09,1.856238e-09,3.114725e-16,4.563390e-20,-3.408340e-11
2274,2274.000000,3,3.359744e-09,1.854173e-09,3.114495e-16,5.111645e-20,-8.976420e-11
2275,2275.000000,3,3.355382e-09,1.852116e-09,3.114265e-16,1.830385e-20,-1.734790e-10
2276,2276.000000,3,3.350465e-09,1.850091e-09,3.114035e-16,1.542857e-20,-3.647571e-11
2277,2277.000000,3,3.344930e-09,1.848080e-09,3.401637e-16,3.175050e-20,-8.130474e-11
2278,2278.000000,3,3.339181e-09,1.846083e-09,3.113577e-16,-7.935309e-20,-1.308287e-12
2279,2279.000000,3,3.336133e-09,1.844114e-09,3.113093e-16,4.943231e-20,-7.112844e-11
2280,2280.000000,3,3.332026e-09,1.842170e-09,3.113120e-16,-7.738109e-20,1.226530e-11
2281,2281.000000,3,3.359531e-09,1.859207e-09,3.112892e-16,2.454410e-20,-6.151613e-11
2282,2282.000000,3,3.406747e-09,1.882845e-09,3.399866e-16,1.925676e-20,1.055867e-10
2283,2283.000000,3,3.437215e-09,1.895327e-09,3.112437e-16,-1.217279e-19,-1.715521e-10
2284,2284.000000,3,3.463420e-09,1.906464e-09,3.112210e-16,-5.245649e-20,7.959944e-11
2285,2285.000000,3,3.489767e-09,1.915185e-09,3.111983e-16,2.492461e-20,-1.151048e-10
2286,2286.000000,3,3.511907e-09,1.923139e-09,3.111757e-16,1.395454e-19,-1.585798e-11
2287,2287.000000,3,3.529976e-09,1.929998e-09,3.111531e-16,-1.199710e-19,-7.641576e-11
2288,2288.000000,3,3.548998e-09,1.936345e-09,3.397636e-16,-1.753623e-20,-1.723155e-11
2289,2289.000000,3,3.563947e-09,1.942058e-09,3.111079e-16,2.227763e-20,8.624657e-11
2290,2290.000000,3,3.581228e-09,1.947397e-09,3.110852e-16,-3.768966e-20,1.487197e-10
2291,2291.000000,3,3.594508e-09,1.952330e-09,3.888283e-16,1.847921e-20,2.444889e-11
2292,2292.000000,3,3.608307e-09,1.956965e-09,3.110400e-16,1.222275e-19,8.209833e-11
2293,2293.000000,3,3.622858e-09,1.961300e-09,3.110173e-16,1.910159e-19,-1.805844e-11
2294,2294.000000,3,3.633126e-09,1.965404e-09,3.109946e-16,5.665856e-20,8.805401e-12
2295,2295.000000,3,3.646740e-09,1.969295e-09,3.109719e-16,-6.471530e-20,-6.434808e-11
2296,2296.000000,3,3.658876e-09,1.972992e-09,3.109492e-16,3.100273e-20,1.327312e-10
2297,2297.000000,3,3.670820e-09,1.976504e-09,3.109264e-16,-1.324018e-19,-5.675682e-11
2298,2298.000000,3,3.680114e-09,1.979869e-09,3.109035e-16,-6.098637e-20,6.191936e-11
2299,2299.000000,3,3.690332e-09,1.983095e-09,3.108807e-16,7.692780e-21,-6.059420e-11
2300,2300.000000,3,3.702972e-09,1.986190e-09,3.108578e-16,7.308968e-20,-5.099077e-11
2301,2301.000000,3,3.713026e-09,1.989158e-09,3.108348e-16,-8.185779e-21,6.991741e-11
2302,2302.000000,3,3.721567e-09,1.992007e-09,3.108118e-16,4.191159e-20,-8.090595e-11
2303,2303.000000,3,3.730975e-09,1.994749e-09,3.107887e-16,1.346319e-20,-1.542455e-11
2304,2304.000000,3,3.740233e-09,1.997409e-09,3.107656e-16,-8.165265e-20,-1.455991e-10
2305,2305.000000,3,3.747935e-09,1.999977e-09,3.107425e-16,1.194449e-21,1.609721e-10
2306,2306.000000,3,3.758061e-09,2.002458e-09,3.107193e-16,4.486959e-20,-3.970424e-11
2307,2307.000000,3,3.766338e-09,2.004854e-09,3.106703e-16,-4.279502e-20,-3.194955e-11
2308,2308.000000,3,3.776059e-09,2.007187e-09,3.883088e-16,2.992739e-20,8.533485e-11
2309,2309.000000,3,3.784116e-09,2.009445e-09,3.106493e-16,1.355253e-20,4.828138e-11
2310,2310.000000,3,3.792550e-09,2.011636e-09,3.106259e-16,2.800503e-20,7.655432e-11
2311,2311.000000,3,3.800146e-09,2.013769e-09,3.106024e-16,-5.025288e-20,-5.943068e-11
2312,2312.000000,3,3.808395e-09,2.015839e-09,3.105789e-16,5.009406e-20,9.313972e-11
2313,2313.000000,3,3.814435e-09,2.017854e-09,3.105554e-16,-8.384303e-20,-6.150280e-11
2314,2314.000000,3,3.822194e-09,2.019809e-09,3.105317e-16,-7.185553e-20,-1.269775e-10
2315,2315.000000,3,3.831616e-09,2.021720e-09,3.105081e-16,-1.105378e-19,-8.025358e-11
2316,2316.000000,3,3.837400e-09,2.023596e-09,3.104843e-16,7.134598e-20,-1.059544e-10
2317,2317.000000,3,3.844548e-09,2.025397e-09,3.104347e-16,-1.067493e-19,8.958967e-11
2318,2318.000000,3,3.852563e-09,2.027174e-09,3.104367e-16,1.042843e-19,-6.493250e-11
2319,2319.000000,3,3.858950e-09,2.028903e-09,3.104129e-16,-2.702895e-20,-5.301803e-11
2320,2320.000000,3,3.866212e-09,2.030593e-09,3.103889e-16,2.168206e-20,1.524958e-11
2321,2321.000000,3,3.871904e-09,2.032241e-09,3.103649e-16,-1.947613e-19,-8.957279e-13
2322,2322.000000,3,3.878370e-09,2.033853e-09,3.103409e-16,9.890102e-20,4.199663e-11
2323,2323.000000,3,3.886832e-09,2.035437e-09,3.103168e-16,5.749236e-20,-1.887068e-11
2324,2324.000000,3,3.892275e-09,2.036979e-09,3.102927e-16,1.075037e-19,-1.562883e-11
2325,2325.000000,3,3.899707e-09,2.038486e-09,3.102685e-16,1.056243e-19,-9.753531e-11
2326,2326.000000,3,3.908930e-09,2.039962e-09,3.102182e-16,2.724071e-20,4.928014e-11
2327,2327.000000,3,3.912064e-09,2.041413e-09,3.102200e-16,-3.720658e-20,-8.088952e-11
2328,2328.000000,3,3.918970e-09,2.042828e-09,3.101957e-16,6.288889e-20,2.861844e-11
2329,2329.000000,3,3.925635e-09,2.044216e-09,3.101713e-16,1.011245e-19,-1.490119e-10
2330,2330.000000,3,3.931731e-09,2.045577e-09,3.876509e-16,1.023355e-19,2.938316e-11
2331,2331.000000,3,3.937572e-09,2.046915e-09,3.101224e-16,1.365543e-19,3.586598e-11
2332,2332.000000,3,3.942887e-09,2.048227e-09,3.100717e-16,-3.708416e-20,-2.739320e-11
2333,2333.000000,3,3.950419e-09,2.049516e-09,3.100733e-16,6.254478e-20,-5.082779e-11
2334,2334.000000,3,3.955208e-09,2.050767e-09,3.100224e-16,-5.438547e-20,9.735324e-12
2335,2335.000000,3,3.963507e-09,2.052010e-09,3.100240e-16,2.560289e-20,4.038947e-11
2336,2336.000000,3,3.964971e-09,2.053212e-09,3.099993e-16,-1.213309e-19,9.954437e-11
2337,2337.000000,3,3.971991e-09,2.054412e-09,3.099745e-16,9.530113e-20,2.935430e-11
2338,2338.000000,3,3.977739e-09,2.055573e-09,3.099497e-16,-8.842230e-20,1.615330e-11
2339,2339.000000,3,3.984283e-09,2.056731e-09,3.099249e-16,-8.162287e-20,3.412559e-11
2340,2340.000000,3,3.989385e-09,2.057855e-09,3.099000e-16,3.401036e-20,-6.403145e-11
2341,2341.000000,3,3.963045e-09,2.039667e-09,3.098750e-16,-9.267401e-20,-1.612683e-10
2342,2342.000000,3,3.910415e-09,2.014751e-09,3.098500e-16,1.514832e-19,1.118550e-10
2343,2343.000000,3,3.874668e-09,2.001150e-09,3.098250e-16,7.617341e-20,1.566338e-10
2344,2344.000000,3,3.848967e-09,1.988951e-09,3.097999e-16,7.632892e-20,8.321877e-11
2345,2345.000000,3,3.822336e-09,1.979208e-09,3.097483e-16,2.170522e-20,7.118750e-11
2346,2346.000000,3,3.801098e-09,1.970248e-09,3.097496e-16,3.315340e-21,1.152651e-10
2347,2347.000000,3,3.781516e-09,1.962414e-09,3.097244e-16,-6.646893e-20,6.269385e-11
2348,2348.000000,3,3.764718e-09,1.955074e-09,3.096992e-16,-2.124200e-20,4.594236e-11
2349,2349.000000,3,3.747886e-09,1.948397e-09,3.096740e-16,-1.430328e-19,-1.003664e-10
2350,2350.000000,3,3.732985e-09,1.942094e-09,3.096487e-16,1.167979e-20,-1.420575e-10
2351,2351.000000,3,3.717453e-09,1.936223e-09,3.096235e-16,-2.016005e-19,7.406653e-11
2352,2352.000000,3,3.700727e-09,1.930642e-09,3.095983e-16,-6.977103e-20,-7.392620e-11
2353,2353.000000,3,3.689998e-09,1.925353e-09,3.095730e-16,4.032671e-20,-1.110183e-10
2354,2354.000000,3,3.676156e-09,1.920306e-09,3.095214e-16,3.471512e-20,-9.469048e-11
2355,2355.000000,3,3.663679e-09,1.915490e-09,3.094962e-16,1.587194e-20,8.332446e-12
2356,2356.000000,3,3.654300e-09,1.910860e-09,3.094975e-16,2.078870e-20,5.953149e-11
2357,2357.000000,3,3.641901e-09,1.906405e-09,3.094723e-16,1.641358e-19,7.388756e-11
2358,2358.000000,3,3.634078e-09,1.902119e-09,3.094209e-16,-4.131602e-20,-6.664447e-11
2359,2359.000000,3,3.620436e-09,1.897964e-09,3.093958e-16,-1.320412e-19,-8.211432e-11
2360,2360.000000,3,3.613032e-09,1.893950e-09,3.093971e-16,-1.552221e-19,-4.849987e-11
2361,2361.000000,3,3.603347e-09,1.890059e-09,3.369075e-16,-4.350970e-21,-3.148237e-11
2362,2362.000000,3,3.592262e-09,1.886288e-09,3.093471e-16,-3.454637e-20,5.122569e-12
2363,2363.000000,3,3.584503e-09,1.882616e-09,3.093222e-16,6.676671e-20,-1.947909e-11
2364,2364.000000,3,3.576353e-09,1.879046e-09,3.092973e-16,7.247757e-20,-3.930634e-12
2365,2365.000000,3,3.566541e-09,1.875561e-09,3.092724e-16,8.252946e-20,3.043832e-11
2366,2366.000000,3,3.556956e-09,1.872174e-09,3.092476e-16,-1.108422e-20,1.222764e-10
2367,2367.000000,3,3.552039e-09,1.868843e-09,3.092228e-16,1.259995e-19,-1.258358e-10
2368,2368.000000,3,3.542645e-09,1.865604e-09,3.091981e-16,1.457095e-19,4.986678e-12
2369,2369.000000,3,3.533501e-09,1.862427e-09,3.091734e-16,2.629111e-20,-1.202030e-10
2370,2370.000000,3,3.527731e-09,1.859323e-09,3.091487e-16,-9.657499e-20,6.128031e-11
2371,2371.000000,3,3.519553e-09,1.856284e-09,3.091241e-16,-3.224350e-20,-8.346790e-11
2372,2372.000000,3,3.512227e-09,1.853311e-09,3.863744e-16,-4.743715e-20,5.739720e-11
2373,2373.000000,3,3.505946e-09,1.850373e-09,3.090750e-16,1.397538e-19,-6.528111e-11
2374,2374.000000,3,3.496318e-09,1.847504e-09,3.090505e-16,-7.336430e-20,4.094325e-11
2375,2375.000000,3,3.491763e-09,1.844685e-09,3.090260e-16,-2.156427e-19,-2.666312e-11
2376,2376.000000,3,3.484722e-09,1.841914e-09,3.862196e-16,-2.609920e-20,-3.978062e-11
2377,2377.000000,3,3.476224e-09,1.839186e-09,3.089772e-16,8.685396e-21,1.226694e-10
2378,2378.000000,3,3.470106e-09,1.836508e-09,3.089529e-16,4.968709e-20,2.459144e-11
2379,2379.000000,3,3.465381e-09,1.833862e-09,3.089286e-16,-9.963556e-20,-1.190559e-11
2380,2380.000000,3,3.458823e-09,1.831268e-09,3.362285e-16,1.509042e-19,1.203921e-10
2381,2381.000000,3,3.452122e-09,1.828716e-09,3.088801e-16,-3.851022e-20,-9.948264e-11
2382,2382.000000,3,3.443830e-09,1.826187e-09,3.088559e-16,3.067847e-20,7.252732e-11
2383,2383.000000,3,3.440817e-09,1.823699e-09,3.088318e-16,6.152900e-20,-5.569500e-11
2384,2384.000000,3,3.433485e-09,1.821248e-09,3.360885e-16,-6.784535e-20,9.826362e-12
2385,2385.000000,3,3.427409e-09,1.818832e-09,3.087837e-16,2.986453e-20,7.523715e-11
2386,2386.000000,3,3.421988e-09,1.816442e-09,3.087596e-16,4.438320e-20,-2.079892e-11
2387,2387.000000,3,3.417519e-09,1.814093e-09,3.087357e-16,3.942674e-20,-1.717644e-10
2388,2388.000000,3,3.411124e-09,1.811774e-09,3.087117e-16,-1.259730e-19,-6.626344e-11
2389,2389.000000,3,3.406576e-09,1.809464e-09,3.086622e-16,-1.054523e-19,-1.544853e-11
2390,2390.000000,3,3.398370e-09,1.807194e-09,3.086640e-16,-7.704029e-20,5.964385e-11
2391,2391.000000,3,3.394440e-09,1.804954e-09,3.086402e-16,1.223599e-19,-9.276580e-12
2392,2392.000000,3,3.390163e-09,1.802741e-09,3.086164e-16,-4.803603e-20,-2.649525e-11
2393,2393.000000,3,3.384343e-09,1.800557e-09,3.357742e-16,7.378782e-20,1.543254e-11
2394,2394.000000,3,3.378695e-09,1.798384e-09,3.085690e-16,-8.337981e-21,-7.106760e-12
2395,2395.000000,3,3.372932e-09,1.796247e-09,3.085453e-16,-7.022433e-20,5.814016e-12
2396,2396.000000,3,3.368655e-09,1.794120e-09,3.085217e-16,-7.250073e-20,4.454659e-11
2397,2397.000000,3,3.364683e-09,1.792023e-09,3.084981e-16,1.570485e-19,-1.092584e-10
2398,2398.000000,3,3.357236e-09,1.789943e-09,3.084745e-16,8.332025e-20,1.630074e-11
2399,2399.000000,3,3.352191e-09,1.787879e-09,3.084510e-16,-1.540740e-19,-5.515410e-11
2400,2400.000000,3,3.347409e-09,1.785844e-09,3.084276e-16,-9.647904e-20,1.333902e-10
2401,2401.000000,3,3.370815e-09,1.800702e-09,3.083788e-16,3.854993e-20,-4.885425e-12
2402,2402.000000,3,3.416133e-09,1.821443e-09,3.083554e-16,8.735689e-20,1.363323e-10
2403,2403.000000,3,3.444455e-09,1.832281e-09,3.083321e-16,1.938978e-19,3.567546e-11
2404,2404.000000,3,3.469800e-09,1.841902e-09,3.083088e-16,-9.168470e-21,-3.053247e-11
2405,2405.000000,3,3.490200e-09,1.849378e-09,3.082855e-16,-4.105794e-20,-9.712187e-11
2406,2406.000000,3,3.507083e-09,1.856170e-09,3.082875e-16,-1.402898e-20,1.216294e-10
2407,2407.000000,3,3.525727e-09,1.861987e-09,3.082643e-16,-1.009491e-19,-1.520086e-10
2408,2408.000000,3,3.538510e-09,1.867353e-09,3.082410e-16,-1.119407e-19,-6.709300e-12
2409,2409.000000,3,3.555222e-09,1.872153e-09,3.852408e-16,-3.670366e-20,-2.137401e-11
2410,2410.000000,3,3.569212e-09,1.876630e-09,3.081946e-16,7.095555e-20,-1.504179e-10
2411,2411.000000,3,3.581704e-09,1.880734e-09,3.081462e-16,6.234626e-20,1.869349e-11
2412,2412.000000,3,3.594643e-09,1.884581e-09,3.081230e-16,-4.635851e-20,-1.547784e-11
2413,2413.000000,3,3.602935e-09,1.888163e-09,3.081250e-16,5.353182e-20,9.946666e-11
2414,2414.000000,3,3.615241e-09,1.891543e-09,3.080765e-16,3.141632e-20,-2.863221e-11
2415,2415.000000,3,3.625260e-09,1.894731e-09,3.080784e-16,6.939053e-20,-1.100906e-10
2416,2416.000000,3,3.636700e-09,1.897758e-09,3.850689e-16,-3.653160e-20,7.862555e-11
2417,2417.000000,3,3.645837e-09,1.900623e-09,3.080318e-16,-4.024399e-20,-1.749982e-10
2418,2418.000000,3,3.654549e-09,1.903356e-09,3.079832e-16,-4.440306e-20,-9.444401e-11
2419,2419.000000,3,3.663772e-09,1.905953e-09,3.079851e-16,7.739433e-20,-5.506928e-11
2420,2420.000000,3,3.672440e-09,1.908447e-09,3.079616e-16,-4.513428e-20,9.298207e-11
2421,2421.000000,3,3.680597e-09,1.910831e-09,3.079382e-16,-2.928219e-21,-1.133960e-10
2422,2422.000000,3,3.688768e-09,1.913108e-09,3.079147e-16,1.229356e-19,8.319878e-11
2423,2423.000000,3,3.696002e-09,1.915300e-09,3.078912e-16,-4.623609e-20,-7.133183e-11
2424,2424.000000,3,3.704514e-09,1.917410e-09,3.078676e-16,3.821574e-21,-7.019718e-11
2425,2425.000000,3,3.710852e-09,1.919443e-09,3.078440e-16,3.236592e-20,1.235101e-11
2426,2426.000000,3,3.720025e-09,1.921407e-09,3.847437e-16,8.598046e-20,1.290386e-10
2427,2427.000000,3,3.724395e-09,1.923288e-09,3.077967e-16,-1.904832e-20,2.277156e-11
2428,2428.000000,3,3.734243e-09,1.925122e-09,3.077729e-16,5.679753e-20,1.172173e-11
2429,2429.000000,3,3.738805e-09,1.926885e-09,3.077492e-16,-1.372557e-19,-2.015677e-11
2430,2430.000000,3,3.746770e-09,1.928603e-09,3.344260e-16,1.190412e-19,-5.755041e-11
2431,2431.000000,3,3.753541e-09,1.930251e-09,3.077015e-16,5.114954e-20,-3.778755e-11
2432,2432.000000,3,3.760789e-09,1.931847e-09,3.076777e-16,-4.873748e-20,-1.020299e-10
2433,2433.000000,3,3.766786e-09,1.933406e-09,3.343092e-16,1.015447e-20,-6.442846e-12
2434,2434.000000,3,3.772321e-09,1.934912e-09,3.845053e-16,2.254563e-20,2.129319e-11
2435,2435.000000,3,3.778339e-09,1.936380e-09,3.076058e-16,1.013826e-19,-1.173364e-10
2436,2436.000000,3,3.784066e-09,1.937808e-09,3.844452e-16,3.411955e-20,-7.372680e-11
2437,2437.000000,3,3.788273e-09,1.939197e-09,3.075321e-16,-6.194921e-20,-4.446443e-11
2438,2438.000000,3,3.797460e-09,1.940527e-09,3.075335e-16,1.000227e-20,5.928591e-13
2439,2439.000000,3,3.802683e-09,1.941851e-09,3.075094e-16,4.082964e-21,-4.966294e-11
2440,2440.000000,3,3.811131e-09,1.943133e-09,3.074852e-16,-6.372599e-20,8.202417e-11
2441,2441.000000,3,3.813959e-09,1.944363e-09,3.074609e-16,-4.953488e-20,3.823297e-11
2442,2442.000000,3,3.819615e-09,1.945582e-09,3.074366e-16,-1.014057e-19,-4.441780e-11
2443,2443.000000,3,3.823729e-09,1.946764e-09,3.074123e-16,-1.109084e-19,8.420686e-11
2444,2444.000000,3,3.829413e-09,1.947906e-09,3.073623e-16,-7.977330e-21,-7.505685e-11
2445,2445.000000,3,3.836206e-09,1.949041e-09,3.073635e-16,4.516075e-20,5.866330e-11
2446,2446.000000,3,3.841443e-09,1.950142e-09,3.073391e-16,-1.234087e-19,-1.059641e-11
2447,2447.000000,3,3.845102e-09,1.951217e-09,3.073146e-16,7.889318e-20,9.358514e-11
2448,2448.000000,3,3.850900e-09,1.952253e-09,3.840804e-16,-1.447533e-19,-8.339018e-11
2449,2449.000000,3,3.856620e-09,1.953271e-09,3.072655e-16,-5.375020e-20,-1.917351e-10
2450,2450.000000,3,3.861715e-09,1.954277e-09,3.072409e-16,-2.801495e-20,-1.093774e-10
2451,2451.000000,3,3.867434e-09,1.955253e-09,3.072163e-16,-5.601667e-20,-2.321876e-11
2452,2452.000000,3,3.869900e-09,1.956203e-09,3.071658e-16,-4.628903e-21,-5.892620e-11
2453,2453.000000,3,3.875549e-09,1.957140e-09,3.071669e-16,-1.183331e-19,6.202594e-11
2454,2454.000000,3,3.881141e-09,1.958053e-09,3.071421e-16,-1.484955e-20,1.911382e-10
2455,2455.000000,3,3.884587e-09,1.958942e-09,3.071174e-16,-8.966969e-20,9.632339e-11
2456,2456.000000,3,3.892318e-09,1.959821e-09,3.070925e-16,9.541032e-20,-2.007949e-11
2457,2457.000000,3,3.895082e-09,1.960674e-09,3.070418e-16,1.558177e-19,1.372751e-10
2458,2458.000000,3,3.899054e-09,1.961512e-09,3.070428e-16,-1.225352e-19,-9.524115e-11
2459,2459.000000,3,3.904397e-09,1.962333e-09,3.069919e-16,5.168886e-20,6.071499e-11
2460,2460.000000,3,3.906855e-09,1.963136e-09,3.069928e-16,-3.832162e-20,-3.410161e-11
2461,2461.000000,3,3.887386e-09,1.949017e-09,3.069678e-16,-2.094421e-20,2.396394e-11
2462,2462.000000,3,3.844242e-09,1.929665e-09,3.836460e-16,-9.148948e-20,-8.230616e-11
2463,2463.000000,3,3.819245e-09,1.919069e-09,3.069177e-16,6.085733e-20,-1.522076e-10
2464,2464.000000,3,3.798185e-09,1.909570e-09,3.068926e-16,-4.837352e-20,-1.705351e-10
2465,2465.000000,3,3.776208e-09,1.901960e-09,3.835843e-16,7.335438e-20,4.352119e-11
2466,2466.000000,3,3.760626e-09,1.894970e-09,3.068422e-16,-1.332092e-19,1.037863e-10
2467,2467.000000,3,3.745548e-09,1.888844e-09,3.068170e-16,6.387158e-20,-7.667911e-11
2468,2468.000000,3,3.730143e-09,1.883113e-09,3.067918e-16,-9.564524e-20,4.908296e-11
2469,2469.000000,3,3.717204e-09,1.877873e-09,3.067666e-16,-1.659622e-19,1.650209e-10
2470,2470.000000,3,3.704123e-09,1.872936e-09,3.067413e-16,4.810552e-20,3.665068e-12
2471,2471.000000,3,3.693970e-09,1.868331e-09,3.067161e-16,-7.523042e-20,1.272351e-10
2472,2472.000000,3,3.681500e-09,1.863941e-09,3.066648e-16,-8.143097e-20,9.262902e-11
2473,2473.000000,3,3.670792e-09,1.859795e-09,3.327841e-16,7.845974e-20,3.662848e-12
2474,2474.000000,3,3.661860e-09,1.855827e-09,3.066403e-16,-9.300488e-20,-4.870593e-11
2475,2475.000000,3,3.652012e-09,1.852028e-09,3.066151e-16,-1.187534e-19,6.771517e-11
2476,2476.000000,3,3.642739e-09,1.848384e-09,3.065899e-16,5.042162e-20,-9.898971e-11
2477,2477.000000,3,3.634334e-09,1.844877e-09,3.065647e-16,4.672909e-20,1.119727e-11
2478,2478.000000,3,3.625381e-09,1.841488e-09,3.326038e-16,-3.245526e-20,-2.111213e-10
2479,2479.000000,3,3.619817e-09,1.838209e-09,3.065145e-16,-3.946313e-20,-8.730794e-13
2480,2480.000000,3,3.610154e-09,1.835033e-09,3.064894e-16,1.103790e-20,-4.017853e-11
2481,2481.000000,3,3.604242e-09,1.831963e-09,3.064643e-16,-1.311147e-19,3.997025e-11
2482,2482.000000,3,3.594067e-09,1.828976e-09,3.064134e-16,9.562870e-20,-1.626432e-11
2483,2483.000000,3,3.588511e-09,1.826063e-09,3.064142e-16,-7.578629e-20,-1.643881e-10
2484,2484.000000,3,3.580801e-09,1.823241e-09,3.063892e-16,-1.270913e-19,1.650862e-10
2485,2485.000000,3,3.574577e-09,1.820469e-09,3.063642e-16,7.543556e-20,1.754712e-10
2486,2486.000000,3,3.568118e-09,1.817774e-09,3.323193e-16,4.531626e-20,2.799583e-11
2487,2487.000000,3,3.563969e-09,1.815133e-09,3.063144e-16,-5.681738e-20,3.469269e-11
2488,2488.000000,3,3.554049e-09,1.812557e-09,3.062895e-16,-1.487271e-19,1.001865e-10
2489,2489.000000,3,3.549587e-09,1.810034e-09,3.062647e-16,1.383840e-19,-5.889156e-11
2490,2490.000000,3,3.543434e-09,1.807564e-09,3.062398e-16,-5.927907e-20,-5.744605e-11
2491,2491.000000,3,3.537892e-09,1.805135e-09,3.062151e-16,1.693735e-20,-1.567502e-11
2492,2492.000000,3,3.532222e-09,1.802763e-09,3.061903e-16,-1.208015e-20,1.080811e-10
2493,2493.000000,3,3.523837e-09,1.800426e-09,3.061400e-16,3.705107e-20,5.022782e-11
2494,2494.000000,3,3.520647e-09,1.798133e-09,3.061409e-16,-7.918104e-20,6.007772e-11
2495,2495.000000,3,3.512298e-09,1.795880e-09,3.061163e-16,3.076781e-20,4.625011e-11
2496,2496.000000,3,3.508077e-09,1.793659e-09,3.060916e-16,6.091027e-20,1.490421e-10
2497,2497.000000,3,3.503068e-09,1.791475e-09,3.060670e-16,-1.494715e-19,6.360290e-11
2498,2498.000000,3,3.497853e-09,1.789326e-09,3.060425e-16,-1.244080e-21,-2.976686e-11
2499,2499.000000,3,3.493795e-09,1.787207e-09,3.060179e-16,3.016562e-20,1.065730e-10
2500,2500.000000,3,3.487621e-09,1.785132e-09,3.059934e-16,-2.064312e-20,-2.044143e-12
2501,2501.000000,3,3.483144e-09,1.783072e-09,3.059689e-16,-2.117913e-20,-2.230984e-10
2502,2502.000000,3,3.478810e-09,1.781050e-09,3.059445e-16,9.297510e-22,-2.320455e-11
2503,2503.000000,3,3.472827e-09,1.779053e-09,3.058946e-16,-1.045589e-19,7.797718e-11
2504,2504.000000,3,3.468273e-09,1.777078e-09,3.823379e-16,3.139978e-21,-3.440537e-11
2505,2505.000000,3,3.464372e-09,1.775130e-09,3.058460e-16,1.858344e-19,8.718803e-12
2506,2506.000000,3,3.459384e-09,1.773209e-09,3.058470e-16,-4.684489e-20,-8.948975e-11
2507,2507.000000,3,3.455582e-09,1.771309e-09,3.058227e-16,5.555676e-20,1.640079e-10
2508,2508.000000,3,3.453565e-09,1.769439e-09,3.057985e-16,9.545664e-21,-1.437477e-10
2509,2509.000000,3,3.446310e-09,1.767577e-09,3.057743e-16,3.116817e-21,6.202461e-11
2510,2510.000000,3,3.439062e-09,1.765744e-09,3.821560e-16,-1.298674e-19,5.777423e-11
2511,2511.000000,3,3.437620e-09,1.763946e-09,3.057259e-16,2.095083e-20,-3.882450e-11
2512,2512.000000,3,3.433087e-09,1.762145e-09,3.057018e-16,-7.438008e-20,1.123901e-10
2513,2513.000000,3,3.429470e-09,1.760371e-09,3.056777e-16,-4.439975e-20,4.849365e-11
2514,2514.000000,3,3.424233e-09,1.758615e-09,3.056284e-16,6.832512e-20,-2.238343e-11
2515,2515.000000,3,3.421157e-09,1.756878e-09,3.056296e-16,-5.234068e-20,1.577716e-11
2516,2516.000000,3,3.417945e-09,1.755167e-09,3.312820e-16,3.087369e-20,-1.306555e-11
2517,2517.000000,3,3.411735e-09,1.753465e-09,3.055564e-16,1.603672e-19,-8.106227e-11
2518,2518.000000,3,3.409383e-09,1.751786e-09,3.055576e-16,-6.587336e-20,-1.319385e-10
2519,2519.000000,3,3.405702e-09,1.750107e-09,3.055337e-16,-1.068717e-20,-4.607559e-11
2520,2520.000000,3,3.401290e-09,1.748450e-09,3.055098e-16,-3.021525e-20,9.340928e-11
2521,2521.000000,3,3.384621e-09,1.739360e-09,3.054859e-16,-1.273263e-19,-1.264988e-11
2522,2522.000000,3,3.358203e-09,1.727663e-09,3.054621e-16,8.120267e-20,-3.711254e-12
2523,2523.000000,3,3.342407e-09,1.720363e-09,3.054383e-16,4.789707e-20,-9.441514e-11
2524,2524.000000,3,3.323876e-09,1.713636e-09,3.054145e-16,-2.020306e-20,-2.083289e-10
2525,2525.000000,3,3.308571e-09,1.707870e-09,3.053907e-16,-1.049659e-19,1.288156e-10
2526,2526.000000,3,3.292065e-09,1.702438e-09,3.053670e-16,4.268252e-21,1.433254e-11
2527,2527.000000,3,3.281180e-09,1.697452e-09,3.053433e-16,-5.613248e-20,-6.391332e-11
2528,2528.000000,3,3.267161e-09,1.692693e-09,3.816184e-16,-3.528091e-20,1.982370e-11
2529,2529.000000,3,3.256694e-09,1.688194e-09,3.052711e-16,1.308699e-19,-9.051870e-11
2530,2530.000000,3,3.243969e-09,1.683863e-09,3.052724e-16,-1.096775e-19,6.625411e-11
2531,2531.000000,3,3.234710e-09,1.679714e-09,3.052489e-16,-1.811856e-20,-1.244116e-11
2532,2532.000000,3,3.224876e-09,1.675699e-09,3.052254e-16,1.837896e-19,8.328360e-11
2533,2533.000000,3,3.213145e-09,1.671813e-09,3.052020e-16,-5.325058e-20,-1.677662e-10
2534,2534.000000,3,3.203859e-09,1.668034e-09,3.051786e-16,-7.943250e-20,-3.934186e-12
2535,2535.000000,3,3.194032e-09,1.664361e-09,3.051552e-16,-1.210992e-20,1.034346e-10
2536,2536.000000,3,3.184404e-09,1.660778e-09,3.051319e-16,1.102169e-19,-8.689982e-11
2537,2537.000000,3,3.174364e-09,1.657269e-09,3.051087e-16,6.962545e-20,-1.392721e-10
2538,2538.000000,3,3.163898e-09,1.653847e-09,3.050855e-16,-2.853442e-20,1.019749e-10
2539,2539.000000,3,3.153794e-09,1.650492e-09,3.050624e-16,-4.088588e-20,-3.810996e-11
2540,2540.000000,3,3.148145e-09,1.647207e-09,3.050393e-16,9.975798e-21,-1.328955e-10
2541,2541.000000,3,3.139668e-09,1.643991e-09,3.049917e-16,2.084495e-22,-2.113199e-11
2542,2542.000000,3,3.128839e-09,1.640814e-09,3.049933e-16,-2.155302e-20,-7.759482e-11
2543,2543.000000,3,3.119801e-09,1.637701e-09,3.049459e-16,1.495046e-19,1.141585e-10
2544,2544.000000,3,3.113584e-09,1.634638e-09,3.049475e-16,1.612671e-20,8.159029e-11
2545,2545.000000,3,3.105484e-09,1.631624e-09,3.049247e-16,3.676322e-20,-4.162848e-11
2546,2546.000000,3,3.096631e-09,1.628650e-09,3.049019e-16,4.679857e-20,-1.389786e-10
2547,2547.000000,3,3.089816e-09,1.625723e-09,3.302828e-16,-7.116069e-20,9.392576e-11
2548,2548.000000,3,3.080174e-09,1.622845e-09,3.048322e-16,-1.994167e-20,-2.009548e-11
2549,2549.000000,3,3.072728e-09,1.619992e-09,3.048339e-16,-3.291848e-20,1.640421e-11
2550,2550.000000,3,3.065956e-09,1.617185e-09,3.048114e-16,1.673883e-19,5.726530e-11
2551,2551.000000,3,3.060130e-09,1.614408e-09,3.047889e-16,9.185014e-21,1.100320e-10
2552,2552.000000,3,3.055142e-09,1.611677e-09,3.047664e-16,8.015049e-20,-6.758905e-11
2553,2553.000000,3,3.042892e-09,1.608964e-09,3.047441e-16,5.336969e-20,-4.004352e-12
2554,2554.000000,3,3.038586e-09,1.606294e-09,3.047217e-16,8.470329e-22,-8.162715e-11
2555,2555.000000,3,3.029179e-09,1.603651e-09,3.300404e-16,4.917754e-20,-3.690870e-11
2556,2556.000000,3,3.023892e-09,1.601033e-09,3.046772e-16,-3.655477e-20,2.411404e-13
2557,2557.000000,3,3.014421e-09,1.598442e-09,3.046551e-16,7.709985e-20,1.363110e-10
2558,2558.000000,3,3.010101e-09,1.595884e-09,3.046089e-16,7.749359e-20,-8.384271e-11
2559,2559.000000,3,3.002214e-09,1.593345e-09,3.045869e-16,-1.032818e-19,7.984102e-11
2560,2560.000000,3,2.996345e-09,1.590840e-09,3.045649e-16,9.685623e-20,4.777290e-11
2561,2561.000000,3,2.990660e-09,1.588355e-09,3.045669e-16,4.923379e-21,-5.415801e-11
2562,2562.000000,3,2.982418e-09,1.585897e-09,3.045450e-16,2.522239e-20,-1.676126e-11
2563,2563.000000,3,2.974829e-09,1.583461e-09,3.045232e-16,-2.492130e-20,-1.103282e-10
2564,2564.000000,3,2.971184e-09,1.581049e-09,3.045014e-16,6.783212e-20,-9.997603e-11
2565,2565.000000,3,2.964327e-09,1.578656e-09,3.044796e-16,1.112657e-19,-1.470823e-12
2566,2566.000000,3,2.958167e-09,1.576282e-09,3.805426e-16,1.097933e-19,-2.843281e-11
2567,2567.000000,3,2.949385e-09,1.573935e-09,3.044125e-16,-1.060247e-19,1.109068e-11
2568,2568.000000,3,2.945363e-09,1.571601e-09,3.044147e-16,-1.165597e-19,-8.008660e-11
2569,2569.000000,3,2.938705e-09,1.569294e-09,3.043932e-16,1.385792e-19,-1.849054e-11
2570,2570.000000,3,2.933682e-09,1.567000e-09,3.043717e-16,1.343341e-19,-8.498091e-12
2571,2571.000000,3,2.928722e-09,1.564725e-09,3.043502e-16,-7.706015e-21,-1.685940e-11
2572,2572.000000,3,2.921055e-09,1.562465e-09,3.043052e-16,-2.449116e-20,-1.359739e-10
2573,2573.000000,3,2.912088e-09,1.560233e-09,3.042839e-16,2.155633e-20,1.648019e-10
2574,2574.000000,3,2.908102e-09,1.558009e-09,3.042862e-16,-5.049441e-20,-4.628165e-11
2575,2575.000000,3,2.902787e-09,1.555810e-09,3.042650e-16,6.428848e-20,-1.115947e-10
2576,2576.000000,3,2.897863e-09,1.553620e-09,3.042438e-16,1.662302e-20,1.002309e-10
2577,2577.000000,3,2.891539e-09,1.551442e-09,3.042226e-16,8.086518e-21,1.991141e-10
2578,2578.000000,3,2.884896e-09,1.549286e-09,3.042015e-16,-2.012696e-20,4.354694e-11
2579,2579.000000,3,2.879446e-09,1.547146e-09,3.041804e-16,-1.192397e-19,2.451817e-11
2580,2580.000000,3,2.874472e-09,1.545022e-09,3.041594e-16,-6.673693e-20,-9.822632e-11
2581,2581.000000,3,2.911470e-09,1.567007e-09,3.292687e-16,2.724071e-20,-9.003953e-11
2582,2582.000000,3,2.972648e-09,1.597507e-09,3.041175e-16,-6.942361e-20,2.927347e-11
2583,2583.000000,3,3.013483e-09,1.613854e-09,3.292068e-16,-1.173604e-20,-5.340173e-11
2584,2584.000000,3,3.051191e-09,1.628398e-09,3.040758e-16,-1.442272e-20,1.588782e-10
2585,2585.000000,3,3.080025e-09,1.639854e-09,3.040550e-16,-5.168224e-20,1.549800e-10
2586,2586.000000,3,3.106940e-09,1.650325e-09,3.040342e-16,-1.153255e-19,-1.497513e-10
2587,2587.000000,3,3.132207e-09,1.659394e-09,3.040135e-16,1.283917e-19,-6.590906e-11
2588,2588.000000,3,3.154589e-09,1.667793e-09,3.039928e-16,4.567360e-20,-1.116018e-10
2589,2589.000000,3,3.175046e-09,1.675375e-09,3.039721e-16,7.406906e-20,1.566991e-10
2590,2590.000000,3,3.195602e-09,1.682484e-09,3.039514e-16,-2.061334e-21,-2.651168e-11
2591,2591.000000,3,3.215568e-09,1.689044e-09,3.039307e-16,1.161527e-19,-7.927037e-11
2592,2592.000000,3,3.233858e-09,1.695234e-09,3.039100e-16,-1.214169e-19,-1.341993e-11
2593,2593.000000,3,3.250321e-09,1.701039e-09,3.038660e-16,-5.156975e-20,1.024469e-10
2594,2594.000000,3,3.266159e-09,1.706537e-09,3.038685e-16,5.219510e-20,-4.404388e-11
2595,2595.000000,3,3.283276e-09,1.711746e-09,3.038477e-16,1.074011e-20,6.844969e-11
2596,2596.000000,3,3.298624e-09,1.716717e-09,3.038269e-16,9.820619e-20,-1.419012e-10
2597,2597.000000,3,3.311676e-09,1.721459e-09,3.037827e-16,8.529886e-21,-1.605955e-10
2598,2598.000000,3,3.325219e-09,1.725988e-09,3.037851e-16,4.920401e-20,6.107337e-11
2599,2599.000000,3,3.341192e-09,1.730330e-09,3.037641e-16,7.051218e-20,-1.880545e-10
2600,2600.000000,3,3.350713e-09,1.734488e-09,3.037431e-16,1.368818e-20,1.844125e-11
2601,2601.000000,3,3.364008e-09,1.738506e-09,3.037220e-16,4.814522e-20,1.416067e-10
2602,2602.000000,3,3.377153e-09,1.742365e-09,3.037009e-16,-8.510034e-21,7.968604e-11
2603,2603.000000,3,3.386489e-09,1.746092e-09,3.036797e-16,-2.914984e-21,2.138010e-10
2604,2604.000000,3,3.401659e-09,1.749694e-09,3.036585e-16,-5.665856e-20,7.186118e-11
2605,2605.000000,3,3.412204e-09,1.753180e-09,3.036137e-16,5.716480e-20,-4.535927e-12
2606,2606.000000,3,3.423814e-09,1.756538e-09,3.036159e-16,-1.542394e-19,3.102985e-11
2607,2607.000000,3,3.434650e-09,1.759805e-09,3.035945e-16,4.766215e-20,-2.355289e-10
2608,2608.000000,3,3.446445e-09,1.762980e-09,3.035494e-16,-1.161295e-19,-1.075335e-10
2609,2609.000000,3,3.453266e-09,1.766053e-09,3.035515e-16,-5.895813e-20,1.181286e-10
2610,2610.000000,3,3.465622e-09,1.769045e-09,3.035299e-16,-4.110095e-20,-1.332841e-10
2611,2611.000000,3,3.475634e-09,1.771943e-09,3.793557e-16,-3.719004e-21,-4.776801e-11
2612,2612.000000,3,3.484629e-09,1.774767e-09,3.034865e-16,-1.175854e-19,-1.155298e-11
2613,2613.000000,3,3.494783e-09,1.777524e-09,3.034647e-16,7.523704e-20,5.465894e-11
2614,2614.000000,3,3.502599e-09,1.780203e-09,3.793036e-16,7.879392e-20,-2.809752e-12
2615,2615.000000,3,3.512980e-09,1.782820e-09,3.034210e-16,5.399835e-21,6.253886e-11
2616,2616.000000,3,3.523461e-09,1.785355e-09,3.033990e-16,3.044025e-22,7.538681e-11
2617,2617.000000,3,3.531234e-09,1.787855e-09,3.033770e-16,-8.803518e-20,-9.277557e-11
2618,2618.000000,3,3.539220e-09,1.790275e-09,3.033549e-16,8.859104e-20,5.585976e-11
2619,2619.000000,3,3.546624e-09,1.792652e-09,3.033328e-16,-4.368506e-20,-1.800604e-10
2620,2620.000000,3,3.558377e-09,1.794978e-09,3.033106e-16,1.183729e-19,-1.483049e-10
2621,2621.000000,3,3.566214e-09,1.797251e-09,3.032883e-16,5.910040e-20,-1.014389e-10
2622,2622.000000,3,3.574115e-09,1.799448e-09,3.032660e-16,1.312140e-19,1.769780e-10
2623,2623.000000,3,3.582407e-09,1.801631e-09,3.278323e-16,3.390448e-20,3.019007e-11
2624,2624.000000,3,3.591985e-09,1.803747e-09,3.032212e-16,-2.977188e-20,1.380940e-11
2625,2625.000000,3,3.598153e-09,1.805835e-09,3.031987e-16,-1.326765e-19,-8.900791e-11
2626,2626.000000,3,3.605642e-09,1.807857e-09,3.031761e-16,1.326434e-19,2.441691e-11
2627,2627.000000,3,3.613451e-09,1.809866e-09,3.031535e-16,-8.749586e-20,3.911360e-11
2628,2628.000000,3,3.621267e-09,1.811817e-09,3.031308e-16,1.158648e-19,3.793676e-11
2629,2629.000000,3,3.629786e-09,1.813733e-09,3.030839e-16,9.217770e-20,-4.933831e-11
2630,2630.000000,3,3.636266e-09,1.815620e-09,3.030852e-16,1.338775e-19,3.705303e-11
2631,2631.000000,3,3.644097e-09,1.817458e-09,3.030624e-16,5.221164e-21,-3.527267e-11
2632,2632.000000,3,3.653106e-09,1.819271e-09,3.030395e-16,-9.203542e-20,7.420375e-11
2633,2633.000000,3,3.657895e-09,1.821047e-09,3.030165e-16,-8.928588e-20,-3.177814e-11
2634,2634.000000,3,3.666244e-09,1.822800e-09,3.029692e-16,3.090678e-20,-2.506173e-11
2635,2635.000000,3,3.671829e-09,1.824511e-09,3.786826e-16,-1.020741e-20,9.372236e-11
2636,2636.000000,3,3.680526e-09,1.826191e-09,3.029472e-16,6.019559e-20,-3.492984e-11
2637,2637.000000,3,3.685876e-09,1.827845e-09,3.029240e-16,1.388175e-19,6.048984e-11
2638,2638.000000,3,3.694502e-09,1.829469e-09,3.029007e-16,-7.737117e-20,5.840439e-11
2639,2639.000000,3,3.701686e-09,1.831076e-09,3.028774e-16,-6.654172e-20,-7.855139e-11
2640,2640.000000,3,3.706944e-09,1.832644e-09,3.028541e-16,-2.810098e-20,-4.929390e-13
2641,2641.000000,3,3.685656e-09,1.819143e-09,3.028306e-16,3.649190e-20,4.213652e-11
2642,2642.000000,3,3.647244e-09,1.800314e-09,3.028072e-16,1.170262e-19,1.315374e-10
2643,2643.000000,3,3.623860e-09,1.790322e-09,3.027836e-16,3.116486e-20,-2.345102e-11
2644,2644.000000,3,3.602366e-09,1.781435e-09,3.027355e-16,1.043339e-19,-2.367040e-11
2645,2645.000000,3,3.586088e-09,1.774459e-09,3.027364e-16,-1.347510e-19,-3.072564e-11
2646,2646.000000,3,3.570349e-09,1.768088e-09,3.027127e-16,1.381689e-19,-1.357581e-11
2647,2647.000000,3,3.556430e-09,1.762572e-09,3.783305e-16,1.523435e-19,-2.597300e-10
2648,2648.000000,3,3.542048e-09,1.757456e-09,3.026652e-16,-1.943544e-20,-7.920287e-11
2649,2649.000000,3,3.529600e-09,1.752850e-09,3.026414e-16,1.422751e-21,1.184639e-10
2650,2650.000000,3,3.522395e-09,1.748528e-09,3.026176e-16,-2.823664e-20,-9.656853e-11
2651,2651.000000,3,3.510557e-09,1.744536e-09,3.025937e-16,-5.329028e-20,-1.194476e-10
2652,2652.000000,3,3.500688e-09,1.740760e-09,3.025699e-16,-1.368190e-19,1.044080e-10
2653,2653.000000,3,3.492545e-09,1.737223e-09,3.025460e-16,2.730821e-19,6.738965e-11
2654,2654.000000,3,3.484296e-09,1.733853e-09,3.025221e-16,-7.857554e-20,4.287504e-11
2655,2655.000000,3,3.476998e-09,1.730648e-09,3.024983e-16,-2.282688e-20,-6.476109e-11
2656,2656.000000,3,3.470440e-09,1.727595e-09,3.024744e-16,-2.507681e-20,-6.728840e-11
2657,2657.000000,3,3.460954e-09,1.724671e-09,3.024505e-16,6.888760e-20,-2.084573e-10
2658,2658.000000,3,3.454900e-09,1.721859e-09,3.024267e-16,1.055946e-19,1.040310e-10
2659,2659.000000,3,3.448399e-09,1.719170e-09,3.024028e-16,8.911713e-20,1.750333e-11
2660,2660.000000,3,3.443027e-09,1.716562e-09,3.023790e-16,6.072829e-20,-1.082467e-10
2661,2661.000000,3,3.436512e-09,1.714055e-09,3.023551e-16,-5.486854e-20,-1.549334e-10
2662,2662.000000,3,3.429328e-09,1.711628e-09,3.023313e-16,-7.347680e-20,2.873124e-11
2663,2663.000000,3,3.425910e-09,1.709282e-09,3.022830e-16,9.737239e-20,1.263500e-10
2664,2664.000000,3,3.418634e-09,1.706987e-09,3.022592e-16,5.978531e-20,3.580514e-11
2665,2665.000000,3,3.415501e-09,1.704775e-09,3.777943e-16,-2.770724e-20,-5.135092e-11
2666,2666.000000,3,3.409120e-09,1.702615e-09,3.022362e-16,-1.326136e-20,3.985257e-12
2667,2667.000000,3,3.402661e-09,1.700519e-09,3.022124e-16,1.122550e-19,3.826450e-11
2668,2668.000000,3,3.398760e-09,1.698471e-09,3.021887e-16,4.976649e-20,8.764411e-11
2669,2669.000000,3,3.393076e-09,1.696478e-09,3.021650e-16,-1.355054e-19,7.187628e-11
2670,2670.000000,3,3.388259e-09,1.694534e-09,3.021413e-16,-5.004443e-20,8.369572e-11
2671,2671.000000,3,3.384542e-09,1.692611e-09,3.776470e-16,1.144619e-19,1.053340e-10
2672,2672.000000,3,3.380045e-09,1.690754e-09,3.020939e-16,1.545736e-19,-1.522018e-10
2673,2673.000000,3,3.375881e-09,1.688918e-09,3.020703e-16,-1.571676e-19,-2.052003e-11
2674,2674.000000,3,3.372975e-09,1.687140e-09,3.020467e-16,-3.128728e-20,5.703082e-11
2675,2675.000000,3,3.367511e-09,1.685382e-09,3.020231e-16,-4.692430e-20,-7.425305e-11
2676,2676.000000,3,3.365180e-09,1.683670e-09,3.019751e-16,1.769836e-19,2.465450e-11
2677,2677.000000,3,3.360377e-09,1.681981e-09,3.019760e-16,-1.826746e-20,6.484280e-11
2678,2678.000000,3,3.354316e-09,1.680328e-09,3.019524e-16,-2.851788e-20,-4.001022e-11
2679,2679.000000,3,3.352909e-09,1.678686e-09,3.019289e-16,1.604002e-19,-7.530598e-11
2680,2680.000000,3,3.346230e-09,1.677085e-09,3.019054e-16,5.185761e-20,-3.202594e-11
2681,2681.000000,3,3.343587e-09,1.675514e-09,3.018819e-16,-1.300096e-19,6.103162e-11
2682,2682.000000,3,3.340219e-09,1.673961e-09,3.018341e-16,-6.824240e-20,-2.068212e-11
2683,2683.000000,3,3.335551e-09,1.672438e-09,3.018350e-16,3.447027e-20,1.966738e-11
2684,2684.000000,3,3.335039e-09,1.670922e-09,3.018116e-16,-1.691419e-20,2.269660e-10
2685,2685.000000,3,3.329966e-09,1.669440e-09,3.017882e-16,7.674251e-20,-3.571987e-11
2686,2686.000000,3,3.328552e-09,1.667986e-09,3.017648e-16,-1.233856e-19,-4.784528e-11
2687,2687.000000,3,3.322441e-09,1.666538e-09,3.017414e-16,2.810429e-20,-3.783152e-11
2688,2688.000000,3,3.319954e-09,1.665123e-09,3.017181e-16,1.071364e-20,-1.463141e-11
2689,2689.000000,3,3.318895e-09,1.663710e-09,3.016948e-16,-8.242028e-21,1.608758e-11
2690,2690.000000,3,3.316018e-09,1.662328e-09,3.016715e-16,1.034704e-19,2.077227e-11
2691,2691.000000,3,3.311840e-09,1.660955e-09,3.770602e-16,2.760136e-20,-9.185097e-11
2692,2692.000000,3,3.307989e-09,1.659598e-09,3.016249e-16,-1.208379e-19,-9.939605e-12
2693,2693.000000,3,3.303640e-09,1.658265e-09,3.016017e-16,-2.663191e-20,5.395107e-11
2694,2694.000000,3,3.301963e-09,1.656954e-09,3.769429e-16,-4.041274e-20,1.159961e-11
2695,2695.000000,3,3.300748e-09,1.655638e-09,3.015552e-16,-2.745247e-20,8.438494e-11
2696,2696.000000,3,3.297039e-09,1.654347e-09,3.015320e-16,1.184192e-20,-7.604140e-11
2697,2697.000000,3,3.293700e-09,1.653074e-09,3.015089e-16,8.549408e-20,8.680168e-11
2698,2698.000000,3,3.290033e-09,1.651808e-09,3.014857e-16,-1.281567e-19,-2.946035e-10
2699,2699.000000,3,3.287369e-09,1.650552e-09,3.014626e-16,3.004982e-20,2.561551e-11
2700,2700.000000,3,3.285614e-09,1.649310e-09,3.014395e-16,-4.628903e-20,3.971756e-11
2701,2701.000000,3,3.262485e-09,1.637243e-09,3.014164e-16,4.948856e-20,-9.958523e-11
2702,2702.000000,3,3.227406e-09,1.621330e-09,3.013933e-16,-7.756969e-20,-1.409672e-11
2703,2703.000000,3,3.205663e-09,1.611798e-09,3.013702e-16,6.634981e-20,-1.697220e-11
2704,2704.000000,3,3.181228e-09,1.603111e-09,3.013472e-16,2.211219e-19,-2.212808e-11
2705,2705.000000,3,3.163059e-09,1.595824e-09,3.013242e-16,-4.125977e-20,-6.454037e-11
2706,2706.000000,3,3.140606e-09,1.589002e-09,3.013012e-16,1.436316e-20,-6.253664e-11
2707,2707.000000,3,3.126729e-09,1.582827e-09,3.765678e-16,-2.439852e-20,-3.298486e-10
2708,2708.000000,3,3.110046e-09,1.576963e-09,3.012552e-16,4.084618e-20,-1.132876e-10
2709,2709.000000,3,3.096055e-09,1.571495e-09,3.012323e-16,-4.818823e-20,9.070167e-11
2710,2710.000000,3,3.082285e-09,1.566249e-09,3.249002e-16,2.665176e-20,8.807266e-11
2711,2711.000000,3,3.066205e-09,1.561265e-09,3.011866e-16,2.552018e-20,-7.630385e-11
2712,2712.000000,3,3.054552e-09,1.556463e-09,3.764548e-16,-5.458069e-20,1.605960e-11
2713,2713.000000,3,3.041976e-09,1.551854e-09,3.011411e-16,3.252143e-20,3.531486e-11
2714,2714.000000,3,3.030010e-09,1.547390e-09,3.763682e-16,5.799198e-20,-5.051870e-11
2715,2715.000000,3,3.019217e-09,1.543067e-09,3.010957e-16,-8.676463e-20,-1.940563e-10
2716,2716.000000,3,3.007464e-09,1.538873e-09,3.010731e-16,8.404155e-21,1.731992e-11
2717,2717.000000,3,2.996273e-09,1.534783e-09,3.010506e-16,8.693006e-20,1.098064e-10
2718,2718.000000,3,2.985921e-09,1.530824e-09,3.010281e-16,-1.111201e-19,1.090816e-10
2719,2719.000000,3,2.975526e-09,1.526935e-09,3.010057e-16,-4.904519e-20,2.587575e-11
2720,2720.000000,3,2.965542e-09,1.523152e-09,3.009833e-16,-3.084722e-20,5.038636e-11
2721,2721.000000,3,2.951325e-09,1.519441e-09,3.009374e-16,1.050519e-19,-5.118617e-11
2722,2722.000000,3,2.945413e-09,1.515817e-09,3.009388e-16,1.194978e-19,-2.777112e-11
2723,2723.000000,3,2.934776e-09,1.512264e-09,3.008931e-16,-7.431391e-21,1.155875e-10
2724,2724.000000,3,2.928161e-09,1.508782e-09,3.008944e-16,1.170593e-19,-2.045608e-11
2725,2725.000000,3,2.915868e-09,1.505353e-09,3.244612e-16,-8.315150e-20,4.753709e-11
2726,2726.000000,3,2.907420e-09,1.501989e-09,3.008269e-16,-2.050415e-20,1.681690e-10
2727,2727.000000,3,2.896662e-09,1.498682e-09,3.760063e-16,-2.908036e-20,2.139329e-10
2728,2728.000000,3,2.888690e-09,1.495441e-09,3.008065e-16,-1.130260e-20,6.880141e-11
2729,2729.000000,3,2.878743e-09,1.492236e-09,3.007846e-16,-1.399590e-20,5.090728e-11
2730,2730.000000,3,2.872547e-09,1.489088e-09,3.007629e-16,-1.587856e-19,7.171153e-11
2731,2731.000000,3,2.864162e-09,1.485981e-09,3.007412e-16,-1.708360e-19,-6.168666e-11
2732,2732.000000,3,2.855082e-09,1.482924e-09,3.007195e-16,-1.067493e-19,2.915357e-11
2733,2733.000000,3,2.843400e-09,1.479905e-09,3.758434e-16,7.632561e-20,-8.015677e-11
2734,2734.000000,3,2.837602e-09,1.476935e-09,3.006533e-16,9.424896e-20,-5.449863e-12
2735,2735.000000,3,2.831221e-09,1.473990e-09,3.006549e-16,-2.280372e-20,-2.478773e-11
2736,2736.000000,3,2.819945e-09,1.471093e-09,3.757630e-16,7.624289e-20,6.962475e-11
2737,2737.000000,3,2.811284e-09,1.468227e-09,3.006122e-16,5.485200e-20,1.984324e-11
2738,2738.000000,3,2.804427e-09,1.465408e-09,3.005679e-16,-8.315150e-20,3.521272e-11
2739,2739.000000,3,2.797215e-09,1.462612e-09,3.005696e-16,-7.592195e-20,-1.447056e-10
2740,2740.000000,3,2.789186e-09,1.459847e-09,3.005485e-16,2.648401e-19,6.817968e-11
2741,2741.000000,3,2.781796e-09,1.457116e-09,3.005274e-16,4.771840e-20,1.395950e-10
2742,2742.000000,3,2.774293e-09,1.454418e-09,3.005063e-16,-1.194383e-19,5.308332e-11
2743,2743.000000,3,2.767230e-09,1.451746e-09,3.004625e-16,6.900341e-20,-1.271330e-10
2744,2744.000000,3,2.760551e-09,1.449107e-09,3.004644e-16,-3.237254e-20,-5.648948e-11
2745,2745.000000,3,2.755542e-09,1.446493e-09,3.004435e-16,1.341488e-19,-5.712231e-11
2746,2746.000000,3,2.743846e-09,1.443902e-09,3.004000e-16,8.706572e-20,1.137925e-10
2747,2747.000000,3,2.739412e-09,1.441340e-09,3.004019e-16,-6.756080e-20,-2.131095e-10
2748,2748.000000,3,2.731554e-09,1.438798e-09,3.003586e-16,8.626170e-20,-1.211165e-11
2749,2749.000000,3,2.725272e-09,1.436290e-09,3.003606e-16,6.662774e-20,-7.682743e-14
2750,2750.000000,3,2.715844e-09,1.433793e-09,3.003174e-16,4.918085e-20,-1.840350e-11
2751,2751.000000,3,2.711282e-09,1.431317e-09,3.003195e-16,4.415821e-20,-7.544854e-11
2752,2752.000000,3,2.702386e-09,1.428875e-09,3.002990e-16,1.020609e-19,2.723999e-11
2753,2753.000000,3,2.697483e-09,1.426449e-09,3.002786e-16,-1.524659e-20,9.541035e-11
2754,2754.000000,3,2.690776e-09,1.424045e-09,3.002582e-16,8.929911e-20,1.419647e-10
2755,2755.000000,3,2.684970e-09,1.421671e-09,3.002379e-16,1.366502e-21,-3.767298e-11
2756,2756.000000,3,2.678625e-09,1.419300e-09,3.236075e-16,2.445146e-21,-3.251710e-11
2757,2757.000000,3,2.671158e-09,1.416957e-09,3.001975e-16,4.240128e-20,-1.976117e-10
2758,2758.000000,3,2.664940e-09,1.414634e-09,3.001773e-16,-1.268697e-19,3.989831e-11
2759,2759.000000,3,2.657650e-09,1.412331e-09,3.001573e-16,1.830385e-20,9.324097e-12
2760,2760.000000,3,2.652683e-09,1.410046e-09,3.001372e-16,4.025392e-20,-3.243716e-11
2761,2761.000000,3,2.658695e-09,1.415760e-09,3.001172e-16,-2.010711e-20,8.352918e-11
2762,2762.000000,3,2.675627e-09,1.424343e-09,3.000973e-16,6.677333e-20,3.026912e-12
2763,2763.000000,3,2.683890e-09,1.428226e-09,3.000774e-16,1.715043e-19,1.740386e-12
2764,2764.000000,3,2.691543e-09,1.431537e-09,3.233909e-16,-7.627267e-20,-1.001026e-10
2765,2765.000000,3,2.695884e-09,1.433829e-09,3.000378e-16,-9.931461e-20,-5.013367e-11
2766,2766.000000,3,2.703196e-09,1.435804e-09,3.000180e-16,2.771386e-20,1.715961e-11
2767,2767.000000,3,2.707509e-09,1.437322e-09,2.999984e-16,-1.311578e-19,-9.003021e-12
2768,2768.000000,3,2.709797e-09,1.438640e-09,2.999787e-16,-1.225286e-19,-1.127964e-10
2769,2769.000000,3,2.714202e-09,1.439690e-09,2.999591e-16,7.005889e-20,1.999823e-11
2770,2770.000000,3,2.714522e-09,1.440580e-09,2.999395e-16,1.686555e-19,-2.175859e-11
2771,2771.000000,3,2.714195e-09,1.441308e-09,2.999200e-16,-3.882455e-20,-1.153166e-11
2772,2772.000000,3,2.717144e-09,1.441930e-09,2.999005e-16,-4.036641e-21,3.404921e-11
2773,2773.000000,3,2.719645e-09,1.442429e-09,2.998810e-16,-1.862348e-19,-7.894085e-11
2774,2774.000000,3,2.723674e-09,1.442832e-09,2.998616e-16,-3.398058e-20,-7.161738e-11
2775,2775.000000,3,2.724057e-09,1.443157e-09,2.998421e-16,7.116731e-20,-5.184075e-11
2776,2776.000000,3,2.723851e-09,1.443390e-09,2.998227e-16,-7.036991e-20,-1.197464e-10
2777,2777.000000,3,2.725102e-09,1.443579e-09,2.998034e-16,7.879723e-20,6.683987e-11
2778,2778.000000,3,2.725969e-09,1.443704e-09,2.997840e-16,4.109102e-20,4.668976e-11
2779,2779.000000,3,2.725571e-09,1.443763e-09,2.997647e-16,-4.905843e-20,1.038587e-10
2780,2780.000000,3,2.725898e-09,1.443790e-09,2.997453e-16,-8.334341e-20,-2.003064e-11
2781,2781.000000,3,2.725642e-09,1.443762e-09,2.997260e-16,1.895898e-19,-7.305934e-11
2782,2782.000000,3,2.725997e-09,1.443697e-09,2.997067e-16,1.604333e-19,1.526157e-11
2783,2783.000000,3,2.725258e-09,1.443593e-09,2.996874e-16,2.226770e-20,-1.771276e-10
2784,2784.000000,3,2.724484e-09,1.443450e-09,2.996463e-16,-2.517938e-20,1.322737e-10
2785,2785.000000,3,2.727198e-09,1.443286e-09,3.745339e-16,1.466823e-19,-1.351941e-11
2786,2786.000000,3,2.721812e-09,1.443089e-09,2.996297e-16,-8.694330e-20,2.963407e-11
2787,2787.000000,3,2.725862e-09,1.442860e-09,2.996105e-16,2.768408e-20,7.383250e-11
2788,2788.000000,3,2.726225e-09,1.442618e-09,2.995913e-16,-7.119047e-20,1.558842e-11
2789,2789.000000,3,2.724214e-09,1.442354e-09,2.995721e-16,-2.737306e-20,6.728618e-11
2790,2790.000000,3,2.722473e-09,1.442052e-09,2.995529e-16,-6.997617e-20,2.669420e-12
2791,2791.000000,3,2.722935e-09,1.441732e-09,2.995337e-16,1.695059e-20,-7.130296e-11
2792,2792.000000,3,2.721997e-09,1.441392e-09,3.743932e-16,1.915089e-20,1.417244e-10
2793,2793.000000,3,2.722246e-09,1.441047e-09,3.743693e-16,-1.604499e-19,1.121161e-10
2794,2794.000000,3,2.720313e-09,1.440681e-09,2.994763e-16,-1.006414e-19,-2.162137e-11
2795,2795.000000,3,2.720192e-09,1.440302e-09,2.994572e-16,-3.614779e-20,-1.194196e-10
2796,2796.000000,3,2.719133e-09,1.439891e-09,2.994380e-16,3.287547e-20,9.681145e-14
2797,2797.000000,3,2.717726e-09,1.439487e-09,2.993972e-16,8.522938e-20,5.679901e-13
2798,2798.000000,3,2.716959e-09,1.439064e-09,2.993998e-16,1.380300e-19,-1.367866e-10
2799,2799.000000,3,2.715062e-09,1.438620e-09,3.742259e-16,-9.621765e-21,-9.418688e-12
2800,2800.000000,3,2.715467e-09,1.438176e-09,2.993617e-16,-5.634754e-21,1.078511e-10
2801,2801.000000,3,2.714941e-09,1.437713e-09,3.741511e-16,-5.693980e-20,-4.742828e-11
2802,2802.000000,3,2.714302e-09,1.437243e-09,2.993235e-16,8.168243e-20,4.298428e-11
2803,2803.000000,3,2.711324e-09,1.436760e-09,2.993045e-16,5.768096e-20,-5.738787e-11
2804,2804.000000,3,2.713328e-09,1.436275e-09,2.992854e-16,-1.348867e-19,-1.331406e-10
2805,2805.000000,3,2.710159e-09,1.435777e-09,2.992664e-16,-6.944016e-20,4.539658e-11
2806,2806.000000,3,2.709086e-09,1.435273e-09,3.740592e-16,9.728637e-20,-1.273617e-10
2807,2807.000000,3,2.706969e-09,1.434754e-09,2.992283e-16,-1.597120e-20,2.450182e-10
2808,2808.000000,3,2.705427e-09,1.434237e-09,2.991877e-16,3.274973e-20,-1.489919e-12
2809,2809.000000,3,2.703963e-09,1.433706e-09,2.991903e-16,9.496033e-21,-4.463541e-12
2810,2810.000000,3,2.705612e-09,1.433171e-09,3.739371e-16,-1.571974e-20,-8.083312e-12
2811,2811.000000,3,2.703594e-09,1.432643e-09,2.991524e-16,2.185411e-20,2.143752e-11
2812,2812.000000,3,2.702350e-09,1.432078e-09,2.991334e-16,-3.688895e-20,4.628964e-11
2813,2813.000000,3,2.701398e-09,1.431536e-09,3.738660e-16,1.825753e-20,1.779945e-10
2814,2814.000000,3,2.701455e-09,1.430968e-09,2.990955e-16,8.912706e-20,3.476908e-11
2815,2815.000000,3,2.699053e-09,1.430410e-09,2.990765e-16,-1.395586e-19,2.401679e-11
2816,2816.000000,3,2.697469e-09,1.429835e-09,2.990576e-16,-2.845170e-20,2.852119e-11
2817,2817.000000,3,2.697377e-09,1.429268e-09,3.219339e-16,9.901683e-20,1.726974e-11
2818,2818.000000,3,2.695202e-09,1.428687e-09,3.219065e-16,8.087841e-20,3.044098e-11
2819,2819.000000,3,2.695444e-09,1.428103e-09,2.990009e-16,-7.541902e-20,1.545062e-10
2820,2820.000000,3,2.693817e-09,1.427518e-09,3.218497e-16,1.323059e-19,7.275469e-11
2821,2821.000000,3,2.709974e-09,1.439513e-09,2.989416e-16,-4.721547e-21,2.876668e-10
2822,2822.000000,3,2.749097e-09,1.455988e-09,2.989442e-16,-9.515886e-21,-1.200418e-10
2823,2823.000000,3,2.769490e-09,1.465057e-09,2.989254e-16,-5.282706e-20,-7.890044e-11
2824,2824.000000,3,2.790799e-09,1.473173e-09,2.989065e-16,-1.292056e-20,-2.145173e-11
2825,2825.000000,3,2.808548e-09,1.479676e-09,2.988877e-16,-1.111731e-20,5.956746e-11
2826,2826.000000,3,2.824841e-09,1.485634e-09,2.988688e-16,-7.501536e-20,3.230083e-11
2827,2827.000000,3,2.839251e-09,1.490847e-09,2.988285e-16,1.653369e-20,-1.274629e-10
2828,2828.000000,3,2.852104e-09,1.495694e-09,2.988312e-16,2.230509e-19,-7.593925e-13
2829,2829.000000,3,2.865328e-09,1.500123e-09,2.988123e-16,9.407029e-20,2.667200e-12
2830,2830.000000,3,2.875808e-09,1.504277e-09,2.987935e-16,1.744689e-20,-8.706724e-11
2831,2831.000000,3,2.890424e-09,1.508144e-09,2.987746e-16,-5.177489e-20,9.355983e-11
2832,2832.000000,3,2.899064e-09,1.511799e-09,2.987557e-16,-2.228755e-20,-9.514434e-11
2833,2833.000000,3,2.909729e-09,1.515253e-09,2.987368e-16,-9.126118e-20,-1.087832e-10
2834,2834.000000,3,2.919393e-09,1.518540e-09,2.987178e-16,-2.140413e-20,-1.249219e-10
2835,2835.000000,3,2.931792e-09,1.521662e-09,2.986988e-16,-7.134267e-20,-2.384257e-10
2836,2836.000000,3,2.938521e-09,1.524650e-09,2.986798e-16,2.157850e-19,-1.715228e-10
2837,2837.000000,3,2.947374e-09,1.527511e-09,2.986608e-16,1.798952e-20,3.564082e-11
2838,2838.000000,3,2.955247e-09,1.530253e-09,2.986417e-16,1.721859e-20,-1.452456e-10
2839,2839.000000,3,2.963759e-09,1.532898e-09,3.732512e-16,-5.335646e-20,4.736567e-11
2840,2840.000000,3,2.970779e-09,1.535438e-09,3.732273e-16,-6.225692e-20,9.835466e-11
2841,2841.000000,3,2.978332e-09,1.537879e-09,2.985842e-16,3.599228e-20,-5.483258e-11
2842,2842.000000,3,2.988763e-09,1.540252e-09,2.985650e-16,2.116921e-20,-1.232756e-10
2843,2843.000000,3,2.992188e-09,1.542539e-09,3.731550e-16,7.497234e-20,1.468470e-10
2844,2844.000000,3,3.001944e-09,1.544759e-09,2.985264e-16,-3.566803e-21,2.460698e-11
2845,2845.000000,3,3.009859e-09,1.546900e-09,2.985070e-16,1.051975e-19,-1.547948e-10
2846,2846.000000,3,3.016147e-09,1.548984e-09,2.984876e-16,-1.792666e-20,-1.395906e-11
2847,2847.000000,3,3.022450e-09,1.551006e-09,2.984682e-16,2.720432e-20,1.863842e-11
2848,2848.000000,3,3.029562e-09,1.552969e-09,2.984487e-16,-7.974021e-20,2.686962e-11
2849,2849.000000,3,3.036362e-09,1.554887e-09,2.984291e-16,-3.570112e-20,1.078067e-10
2850,2850.000000,3,3.042814e-09,1.556743e-09,2.984095e-16,-3.401367e-21,1.280798e-11
2851,2851.000000,3,3.049912e-09,1.558558e-09,2.983899e-16,-4.014142e-20,-1.796954e-10
2852,2852.000000,3,3.052605e-09,1.560315e-09,2.983702e-16,-6.150584e-20,6.766987e-11
2853,2853.000000,3,3.062709e-09,1.562037e-09,2.983505e-16,6.604541e-20,9.351364e-11
2854,2854.000000,3,3.068244e-09,1.563712e-09,3.208331e-16,1.137572e-19,-4.736700e-11
2855,2855.000000,3,3.072607e-09,1.565355e-09,2.983109e-16,-3.664079e-20,3.117950e-11
2856,2856.000000,3,3.079222e-09,1.566960e-09,2.982911e-16,1.174828e-19,3.206591e-11
2857,2857.000000,3,3.083471e-09,1.568510e-09,2.982712e-16,6.747809e-20,1.888578e-11
2858,2858.000000,3,3.090221e-09,1.570044e-09,2.982513e-16,-4.980289e-20,-2.401750e-10
2859,2859.000000,3,3.095906e-09,1.571541e-09,2.982093e-16,-3.585993e-20,-2.692735e-11
2860,2860.000000,3,3.102784e-09,1.572994e-09,2.982113e-16,-1.508149e-19,-6.969181e-11
2861,2861.000000,3,3.106109e-09,1.574422e-09,2.981692e-16,-2.537790e-21,4.849721e-11
2862,2862.000000,3,3.111403e-09,1.575818e-09,2.981711e-16,-2.374339e-20,9.291101e-11
2863,2863.000000,3,3.116781e-09,1.577191e-09,2.981509e-16,8.049791e-20,5.146372e-11
2864,2864.000000,3,3.122906e-09,1.578527e-09,2.981307e-16,7.058167e-20,-1.834044e-11
2865,2865.000000,3,3.128832e-09,1.579847e-09,2.980884e-16,-2.771717e-20,-3.786127e-11
2866,2866.000000,3,3.132847e-09,1.581129e-09,2.980902e-16,4.019767e-20,-1.174572e-11
2867,2867.000000,3,3.138211e-09,1.582400e-09,2.980698e-16,-2.123869e-20,-7.313927e-11
2868,2868.000000,3,3.143207e-09,1.583627e-09,2.980495e-16,-3.817935e-20,3.982237e-11
2869,2869.000000,3,3.147989e-09,1.584845e-09,2.980291e-16,7.894943e-20,4.975131e-11
2870,2870.000000,3,3.150845e-09,1.586035e-09,2.980086e-16,7.073387e-20,8.032819e-11
2871,2871.000000,3,3.155449e-09,1.587193e-09,2.979881e-16,6.401054e-20,-1.219251e-10
2872,2872.000000,3,3.162562e-09,1.588348e-09,2.979676e-16,4.570338e-20,6.854295e-11
2873,2873.000000,3,3.165027e-09,1.589463e-09,2.979470e-16,-5.594388e-20,-9.079493e-11
2874,2874.000000,3,3.171323e-09,1.590572e-09,2.979264e-16,-1.278987e-19,9.460344e-11
2875,2875.000000,3,3.175494e-09,1.591660e-09,3.723822e-16,1.239381e-19,6.205081e-11
2876,2876.000000,3,3.182095e-09,1.592717e-09,2.978628e-16,3.299789e-20,3.679368e-11
2877,2877.000000,3,3.183580e-09,1.593775e-09,2.978643e-16,1.278887e-19,1.625171e-10
2878,2878.000000,3,3.189164e-09,1.594799e-09,2.978435e-16,5.107675e-20,-9.714141e-11
2879,2879.000000,3,3.193001e-09,1.595815e-09,2.978004e-16,2.613990e-19,5.749312e-11
2880,2880.000000,3,3.197066e-09,1.596804e-09,2.978019e-16,-1.317169e-19,-7.998624e-11
2881,2881.000000,3,3.156948e-09,1.572963e-09,2.977810e-16,3.734886e-20,-7.685097e-11
2882,2882.000000,3,3.089326e-09,1.540206e-09,2.977601e-16,7.327497e-20,-4.323564e-11
2883,2883.000000,3,3.040562e-09,1.522046e-09,3.721459e-16,-1.124635e-20,5.914869e-11
2884,2884.000000,3,3.003002e-09,1.505764e-09,2.977181e-16,-1.475128e-19,-1.108913e-10
2885,2885.000000,3,2.966949e-09,1.492664e-09,2.976970e-16,-9.832861e-20,7.424372e-11
2886,2886.000000,3,2.934883e-09,1.480589e-09,2.976760e-16,5.158298e-20,-1.590439e-10
2887,2887.000000,3,2.906013e-09,1.469986e-09,2.976549e-16,2.151993e-20,-2.899103e-11
2888,2888.000000,3,2.880924e-09,1.460065e-09,2.976338e-16,1.717293e-19,-1.021494e-11
2889,2889.000000,3,2.858201e-09,1.450975e-09,2.976127e-16,-1.969352e-20,1.351497e-11
2890,2890.000000,3,2.833218e-09,1.442404e-09,2.975692e-16,-1.095551e-19,1.044307e-10
2891,2891.000000,3,2.813472e-09,1.434376e-09,2.975705e-16,-6.229332e-20,-6.111689e-11
2892,2892.000000,3,2.791182e-09,1.426740e-09,3.719368e-16,1.703992e-20,-2.634648e-11
2893,2893.000000,3,2.772396e-09,1.419495e-09,2.975284e-16,1.307905e-19,1.142597e-11
2894,2894.000000,3,2.753580e-09,1.412579e-09,2.974851e-16,5.876622e-20,-1.555764e-10
2895,2895.000000,3,2.737302e-09,1.405950e-09,2.974865e-16,5.468656e-20,-1.107847e-10
2896,2896.000000,3,2.718444e-09,1.399573e-09,2.974656e-16,5.722435e-20,2.858247e-11
2897,2897.000000,3,2.702336e-09,1.393450e-09,2.974225e-16,1.385130e-19,-7.422907e-11
2898,2898.000000,3,2.687841e-09,1.387536e-09,3.717522e-16,-6.481126e-20,-1.756897e-10
2899,2899.000000,3,2.672060e-09,1.381804e-09,2.974032e-16,-3.361662e-20,1.202629e-10
2900,2900.000000,3,2.656577e-09,1.376255e-09,2.973826e-16,-1.677522e-20,6.792833e-11
2901,2901.000000,3,2.642061e-09,1.370871e-09,2.973620e-16,-1.532269e-19,2.956746e-12
2902,2902.000000,3,2.624759e-09,1.365646e-09,2.973414e-16,-5.128520e-22,2.899685e-10
2903,2903.000000,3,2.611671e-09,1.360541e-09,3.193747e-16,-4.957790e-20,1.558353e-10
2904,2904.000000,3,2.598412e-09,1.355597e-09,2.973006e-16,8.195044e-20,-7.289991e-11
2905,2905.000000,3,2.584272e-09,1.350748e-09,2.972802e-16,-1.173141e-19,1.364775e-10
2906,2906.000000,3,2.573699e-09,1.346034e-09,2.972600e-16,-6.738875e-20,-1.402212e-11
2907,2907.000000,3,2.560313e-09,1.341419e-09,2.972398e-16,4.286781e-20,-1.351457e-10
2908,2908.000000,3,2.546940e-09,1.336910e-09,2.972197e-16,4.215312e-21,-6.555112e-11
2909,2909.000000,3,2.533419e-09,1.332482e-09,2.971779e-16,1.602083e-20,-1.030251e-10
2910,2910.000000,3,2.522469e-09,1.328160e-09,2.971797e-16,-2.674771e-20,-3.898748e-11
2911,2911.000000,3,2.509971e-09,1.323921e-09,2.971598e-16,6.297161e-20,4.628831e-11
2912,2912.000000,3,2.500208e-09,1.319763e-09,2.971400e-16,-1.139855e-20,1.131824e-10
2913,2913.000000,3,2.490367e-09,1.315679e-09,2.971203e-16,-1.291758e-19,-8.810552e-11
2914,2914.000000,3,2.477677e-09,1.311665e-09,3.713758e-16,3.924145e-21,1.115805e-10
2915,2915.000000,3,2.466123e-09,1.307727e-09,2.970811e-16,3.807678e-20,-1.135501e-10
2916,2916.000000,3,2.456325e-09,1.303857e-09,2.970615e-16,-1.044034e-19,9.193846e-11
2917,2917.000000,3,2.443024e-09,1.300045e-09,2.970421e-16,4.897571e-20,4.623502e-11
2918,2918.000000,3,2.435712e-09,1.296297e-09,2.970228e-16,-2.055709e-20,-3.056932e-11
2919,2919.000000,3,2.424898e-09,1.292615e-09,3.712276e-16,-7.198787e-20,3.437517e-11
2920,2920.000000,3,2.415916e-09,1.288970e-09,2.969843e-16,4.872425e-20,1.285216e-10
2921,2921.000000,3,2.406694e-09,1.285388e-09,2.969652e-16,-9.812347e-20,1.016676e-10
2922,2922.000000,3,2.394941e-09,1.281869e-09,2.969248e-16,-1.219397e-19,2.844391e-12
2923,2923.000000,3,2.385917e-09,1.278377e-09,2.969271e-16,1.100680e-19,1.351776e-10
2924,2924.000000,3,2.377696e-09,1.274952e-09,2.969082e-16,8.766460e-20,-1.181339e-10
2925,2925.000000,3,2.366029e-09,1.271558e-09,2.968894e-16,1.949102e-19,-2.503331e-11
2926,2926.000000,3,2.358064e-09,1.268224e-09,2.968706e-16,9.118839e-20,-2.757039e-11
2927,2927.000000,3,2.348081e-09,1.264920e-09,3.187862e-16,-5.716811e-20,1.391434e-10
2928,2928.000000,3,2.339505e-09,1.261666e-09,2.968334e-16,-1.333150e-19,8.496359e-11
2929,2929.000000,3,2.331802e-09,1.258434e-09,2.968148e-16,-2.319745e-20,-1.482037e-10
2930,2930.000000,3,2.323858e-09,1.255261e-09,2.967964e-16,2.746240e-22,-8.632206e-12
2931,2931.000000,3,2.311758e-09,1.252114e-09,2.967780e-16,4.943231e-20,-2.091740e-10
2932,2932.000000,3,2.303324e-09,1.249018e-09,2.967597e-16,5.465348e-20,-5.779821e-12
2933,2933.000000,3,2.295124e-09,1.245936e-09,2.967206e-16,-1.025704e-22,-9.492407e-12
2934,2934.000000,3,2.288417e-09,1.242894e-09,2.967232e-16,-8.311511e-21,-3.783818e-11
2935,2935.000000,3,2.279513e-09,1.239887e-09,2.967051e-16,8.743630e-20,2.980949e-11
2936,2936.000000,3,2.270951e-09,1.236913e-09,2.966871e-16,-4.800956e-21,3.887068e-11
2937,2937.000000,3,2.262141e-09,1.233972e-09,2.966691e-16,-1.149880e-19,-2.241762e-11
2938,2938.000000,3,2.251333e-09,1.231061e-09,2.966512e-16,3.424528e-21,4.407186e-11
2939,2939.000000,3,2.247937e-09,1.228172e-09,2.966333e-16,-1.242425e-20,-3.262901e-11
2940,2940.000000,3,2.240732e-09,1.225316e-09,2.966156e-16,3.417910e-21,-9.671997e-11
2941,2941.000000,3,2.257146e-09,1.237742e-09,2.965979e-16,-1.668920e-20,-9.220180e-11
2942,2942.000000,3,2.288601e-09,1.255676e-09,2.965802e-16,-1.002477e-19,-3.650902e-11
2943,2943.000000,3,2.312383e-09,1.264658e-09,2.965627e-16,-4.011826e-20,-2.713030e-11
2944,2944.000000,3,2.328953e-09,1.272510e-09,2.965452e-16,-1.165663e-20,-1.401705e-10
2945,2945.000000,3,2.345608e-09,1.278430e-09,2.965277e-16,-1.980998e-19,1.428369e-11
2946,2946.000000,3,2.355343e-09,1.283717e-09,2.965104e-16,-1.530549e-19,-1.324656e-10
2947,2947.000000,3,2.368871e-09,1.288137e-09,2.964930e-16,4.828419e-20,-1.717808e-10
2948,2948.000000,3,2.377369e-09,1.292138e-09,2.964758e-16,3.295157e-20,2.099210e-11
2949,2949.000000,3,2.385740e-09,1.295648e-09,2.964586e-16,7.503521e-20,-7.363443e-11
2950,2950.000000,3,2.394131e-09,1.298851e-09,2.964414e-16,-2.080194e-20,-9.805845e-11
2951,2951.000000,3,2.401180e-09,1.301732e-09,2.964243e-16,-1.314191e-19,3.622569e-11
2952,2952.000000,3,2.408477e-09,1.304388e-09,2.964071e-16,5.401820e-20,2.805445e-11
2953,2953.000000,3,2.414026e-09,1.306815e-09,2.963900e-16,9.965872e-21,4.547740e-11
2954,2954.000000,3,2.419831e-09,1.309062e-09,2.963730e-16,9.369309e-20,9.108048e-11
2955,2955.000000,3,2.425296e-09,1.311126e-09,2.963559e-16,-3.263062e-20,-2.637934e-11
2956,2956.000000,3,2.434504e-09,1.313059e-09,2.963389e-16,-6.303116e-21,-2.727738e-10
2957,2957.000000,3,2.435470e-09,1.314852e-09,2.963218e-16,-2.895463e-20,-3.415712e-11
2958,2958.000000,3,2.438668e-09,1.316524e-09,2.963048e-16,-4.856874e-20,-2.197931e-11
2959,2959.000000,3,2.443990e-09,1.318096e-09,2.962878e-16,-8.315481e-20,-1.749347e-10
2960,2960.000000,3,2.448594e-09,1.319558e-09,3.703133e-16,1.224393e-19,-5.951595e-11
2961,2961.000000,3,2.452033e-09,1.320946e-09,3.702920e-16,3.781208e-20,1.009060e-10
2962,2962.000000,3,2.457206e-09,1.322228e-09,2.962166e-16,-1.233359e-19,1.201159e-10
2963,2963.000000,3,2.461164e-09,1.323457e-09,2.962197e-16,5.723097e-20,-3.795453e-11
2964,2964.000000,3,2.461391e-09,1.324594e-09,2.962027e-16,-5.325720e-20,1.492126e-10
2965,2965.000000,3,2.465754e-09,1.325682e-09,2.961857e-16,5.652621e-20,3.592726e-11
2966,2966.000000,3,2.468255e-09,1.326701e-09,2.961687e-16,-1.999461e-20,8.017187e-11
2967,2967.000000,3,2.472994e-09,1.327669e-09,2.961516e-16,-7.949537e-20,6.116840e-11
2968,2968.000000,3,2.474302e-09,1.328585e-09,3.701682e-16,1.278689e-19,1.011191e-10
2969,2969.000000,3,2.477691e-09,1.329445e-09,2.961175e-16,-1.522012e-20,-7.184919e-12
2970,2970.000000,3,2.482054e-09,1.330252e-09,2.961005e-16,-8.322760e-20,3.227063e-11
2971,2971.000000,3,2.480604e-09,1.331022e-09,2.960834e-16,-9.614486e-20,1.798690e-10
2972,2972.000000,3,2.483766e-09,1.331764e-09,2.960664e-16,7.429736e-20,4.364686e-11
2973,2973.000000,3,2.486836e-09,1.332447e-09,3.700364e-16,5.538801e-20,1.379861e-10
2974,2974.000000,3,2.487752e-09,1.333105e-09,3.700402e-16,-1.160336e-19,-6.636913e-11
2975,2975.000000,3,2.489529e-09,1.333722e-09,2.960151e-16,-1.171949e-20,-3.102674e-11
2976,2976.000000,3,2.492179e-09,1.334322e-09,2.959980e-16,7.065446e-20,5.611955e-11
2977,2977.000000,3,2.494581e-09,1.334875e-09,2.959809e-16,1.416199e-19,5.446266e-11
2978,2978.000000,3,2.492371e-09,1.335396e-09,3.175297e-16,-7.134267e-20,6.391820e-11
2979,2979.000000,3,2.497508e-09,1.335890e-09,2.959466e-16,-1.404652e-19,-1.361000e-10
2980,2980.000000,3,2.498986e-09,1.336365e-09,2.959295e-16,5.045471e-20,-5.463496e-11
2981,2981.000000,3,2.500208e-09,1.336806e-09,2.959123e-16,-3.363316e-20,1.169802e-10
2982,2982.000000,3,2.502922e-09,1.337236e-09,2.958951e-16,1.867774e-20,-4.143752e-11
2983,2983.000000,3,2.503263e-09,1.337637e-09,2.958780e-16,1.575779e-19,6.216450e-11
2984,2984.000000,3,2.504052e-09,1.338010e-09,2.958608e-16,-3.439417e-20,5.136513e-11
2985,2985.000000,3,2.506795e-09,1.338364e-09,2.958235e-16,-9.140015e-20,3.706502e-11
2986,2986.000000,3,2.506674e-09,1.338702e-09,2.958264e-16,8.903772e-20,-2.271516e-12
2987,2987.000000,3,2.507548e-09,1.339018e-09,2.958092e-16,6.250838e-20,7.723155e-11
2988,2988.000000,3,2.510475e-09,1.339307e-09,2.957920e-16,-2.845832e-20,-9.194734e-11
2989,2989.000000,3,2.510006e-09,1.339597e-09,2.957748e-16,-2.076885e-20,3.122835e-11
2990,2990.000000,3,2.512088e-09,1.339859e-09,2.957576e-16,7.977330e-21,1.049156e-10
2991,2991.000000,3,2.514774e-09,1.340099e-09,2.957403e-16,-4.429056e-20,-6.854339e-11
2992,2992.000000,3,2.515101e-09,1.340328e-09,3.696286e-16,4.109102e-20,5.216272e-12
2993,2993.000000,3,2.514376e-09,1.340543e-09,3.696323e-16,1.144553e-19,-5.595480e-11
2994,2994.000000,3,2.516515e-09,1.340744e-09,2.956886e-16,-3.360008e-20,3.121059e-11
2995,2995.000000,3,2.515627e-09,1.340932e-09,3.695639e-16,-2.966270e-20,-1.206235e-11
2996,2996.000000,3,2.516764e-09,1.341101e-09,2.956540e-16,-3.551583e-20,-1.597167e-10
2997,2997.000000,3,2.518497e-09,1.341264e-09,2.956367e-16,-7.682192e-20,-3.785461e-11
2998,2998.000000,3,2.520217e-09,1.341402e-09,2.956194e-16,1.212481e-19,1.451359e-10
2999,2999.000000,3,2.520487e-09,1.341544e-09,2.955820e-16,-1.051148e-19,-9.587131e-11
3000,3000.000000,3,2.521134e-09,1.341657e-09,3.694558e-16,-3.824883e-21,7.976775e-11
3001,3001.000000,3,2.510724e-09,1.334957e-09,2.955675e-16,-5.683062e-20,-9.178214e-11
3002,3002.000000,3,2.492364e-09,1.325756e-09,3.694377e-16,6.362342e-20,-4.402878e-11
3003,3003.000000,3,2.479837e-09,1.320563e-09,2.955328e-16,4.100831e-20,-4.820944e-11
3004,3004.000000,3,2.466059e-09,1.315878e-09,2.955155e-16,-1.206724e-19,2.097531e-10
3005,3005.000000,3,2.458506e-09,1.312055e-09,2.954982e-16,-1.282031e-19,-2.167466e-11
3006,3006.000000,3,2.450335e-09,1.308522e-09,3.693510e-16,-6.053639e-20,8.537793e-11
3007,3007.000000,3,2.443137e-09,1.305377e-09,2.954634e-16,-7.285807e-21,2.680967e-11
3008,3008.000000,3,2.432927e-09,1.302422e-09,2.954461e-16,7.517417e-21,-1.450795e-11
3009,3009.000000,3,2.428905e-09,1.299683e-09,2.954287e-16,-1.178832e-19,1.222533e-11
3010,3010.000000,3,2.422894e-09,1.297084e-09,3.692390e-16,-4.294722e-20,-4.054224e-11
3011,3011.000000,3,2.416698e-09,1.294632e-09,2.953940e-16,-7.387715e-20,-7.687184e-12
3012,3012.000000,3,2.411298e-09,1.292289e-09,2.953767e-16,-4.348323e-20,1.055391e-10
3013,3013.000000,3,2.405194e-09,1.290041e-09,2.953594e-16,5.532184e-20,3.134382e-12
3014,3014.000000,3,2.399673e-09,1.287874e-09,2.953421e-16,-9.552282e-20,-1.524487e-10
3015,3015.000000,3,2.394337e-09,1.285797e-09,2.953248e-16,-1.967069e-19,7.852430e-11
3016,3016.000000,3,2.389712e-09,1.283773e-09,2.953075e-16,2.198977e-20,-1.525935e-10
3017,3017.000000,3,2.383608e-09,1.281827e-09,2.952903e-16,-5.412739e-20,-1.203646e-10
3018,3018.000000,3,2.379188e-09,1.279922e-09,2.952730e-16,-1.673221e-20,-2.927791e-11
3019,3019.000000,3,2.373326e-09,1.278071e-09,3.164845e-16,-5.933863e-20,-4.626521e-12
3020,3020.000000,3,2.368481e-09,1.276277e-09,2.952386e-16,-3.226004e-20,2.984546e-11
3021,3021.000000,3,2.365987e-09,1.274519e-09,2.952214e-16,3.947968e-20,8.428058e-11
3022,3022.000000,3,2.362086e-09,1.272785e-09,2.952043e-16,-1.180552e-20,-2.813016e-10
3023,3023.000000,3,2.357723e-09,1.271095e-09,2.951871e-16,2.897945e-19,5.707124e-11
3024,3024.000000,3,2.353836e-09,1.269443e-09,2.951700e-16,3.331884e-21,-1.258860e-10
3025,3025.000000,3,2.349793e-09,1.267821e-09,2.951529e-16,-8.851825e-20,-1.895017e-11
3026,3026.000000,3,2.345118e-09,1.266225e-09,2.951359e-16,-1.831047e-20,-8.854428e-11
3027,3027.000000,3,2.338581e-09,1.264660e-09,2.951188e-16,-7.193163e-20,7.251444e-11
3028,3028.000000,3,2.335710e-09,1.263126e-09,3.688523e-16,5.968935e-20,-6.505818e-11
3029,3029.000000,3,2.329671e-09,1.261603e-09,2.950848e-16,1.218040e-19,1.591962e-10
3030,3030.000000,3,2.329607e-09,1.260100e-09,2.950678e-16,-8.400515e-20,-1.039462e-10
3031,3031.000000,3,2.324192e-09,1.258632e-09,2.950509e-16,2.883552e-20,5.435252e-11
3032,3032.000000,3,2.320924e-09,1.257177e-09,3.687676e-16,3.838118e-22,-1.370632e-10
3033,3033.000000,3,2.318593e-09,1.255747e-09,2.950170e-16,-1.141112e-19,3.988365e-12
3034,3034.000000,3,2.312198e-09,1.254335e-09,2.950002e-16,-1.650920e-19,-4.304113e-11
3035,3035.000000,3,2.309797e-09,1.252932e-09,3.687291e-16,6.868246e-20,9.144907e-11
3036,3036.000000,3,2.305704e-09,1.251558e-09,2.949665e-16,4.714599e-20,8.086953e-11
3037,3037.000000,3,2.304311e-09,1.250190e-09,2.949497e-16,-7.665317e-20,3.611733e-11
3038,3038.000000,3,2.300681e-09,1.248826e-09,3.160262e-16,-4.122668e-21,1.478995e-11
3039,3039.000000,3,2.294918e-09,1.247499e-09,2.949161e-16,-4.328140e-20,8.814061e-11
3040,3040.000000,3,2.290143e-09,1.246178e-09,2.948994e-16,1.057865e-19,5.321077e-11
3041,3041.000000,3,2.288921e-09,1.244864e-09,2.948827e-16,-2.361104e-20,-1.802913e-11
3042,3042.000000,3,2.287628e-09,1.243561e-09,2.948660e-16,1.699294e-19,3.108047e-11
3043,3043.000000,3,2.283073e-09,1.242274e-09,2.948493e-16,1.350885e-19,-7.219603e-11
3044,3044.000000,3,2.280970e-09,1.241007e-09,2.948327e-16,1.266579e-20,4.391243e-11
3045,3045.000000,3,2.278860e-09,1.239745e-09,2.948161e-16,5.753868e-21,-1.036828e-10
3046,3046.000000,3,2.273097e-09,1.238496e-09,2.947995e-16,-5.154328e-20,-7.649259e-11
3047,3047.000000,3,2.271619e-09,1.237247e-09,2.947829e-16,7.083313e-20,-8.141399e-11
3048,3048.000000,3,2.267264e-09,1.236021e-09,2.947664e-16,5.916657e-20,7.649303e-11
3049,3049.000000,3,2.264372e-09,1.234793e-09,2.947499e-16,-5.446819e-20,-2.664491e-11
3050,3050.000000,3,2.261231e-09,1.233581e-09,2.947334e-16,-7.275550e-20,-1.277289e-10
3051,3051.000000,3,2.259078e-09,1.232388e-09,2.947169e-16,-9.466917e-20,8.288348e-11
3052,3052.000000,3,2.255852e-09,1.231192e-09,2.947005e-16,8.245667e-20,-2.362111e-12
3053,3053.000000,3,2.253174e-09,1.229995e-09,3.683551e-16,1.239580e-19,2.184875e-11
3054,3054.000000,3,2.248484e-09,1.228825e-09,2.946677e-16,-2.361104e-20,5.915757e-11
3055,3055.000000,3,2.245621e-09,1.227653e-09,2.946513e-16,6.763029e-21,1.898215e-11
3056,3056.000000,3,2.242402e-09,1.226499e-09,2.946349e-16,8.304232e-20,6.662404e-11
3057,3057.000000,3,2.238984e-09,1.225334e-09,2.946186e-16,2.896456e-20,-9.192647e-11
3058,3058.000000,3,2.238814e-09,1.224192e-09,2.946023e-16,-1.257315e-21,-1.511280e-10
3059,3059.000000,3,2.233406e-09,1.223053e-09,2.945861e-16,8.773408e-20,-2.438671e-11
3060,3060.000000,3,2.231360e-09,1.221920e-09,2.945698e-16,-4.369499e-20,-1.625691e-10
3061,3061.000000,3,2.269942e-09,1.245401e-09,2.945536e-16,8.814106e-20,7.657519e-11
3062,3062.000000,3,2.332065e-09,1.277761e-09,2.945374e-16,-1.136083e-19,1.437326e-10
3063,3063.000000,3,2.376446e-09,1.295656e-09,2.945212e-16,8.634111e-20,-7.812417e-12
3064,3064.000000,3,2.416058e-09,1.311668e-09,2.945050e-16,1.203779e-19,-9.354606e-11
3065,3065.000000,3,2.447528e-09,1.324533e-09,2.944889e-16,2.974541e-20,1.716307e-10
3066,3066.000000,3,2.478266e-09,1.336331e-09,2.944534e-16,-7.775498e-21,-1.853184e-12
3067,3067.000000,3,2.505104e-09,1.346703e-09,2.944567e-16,6.701156e-20,1.150013e-10
3068,3068.000000,3,2.530598e-09,1.356364e-09,2.944406e-16,8.830649e-20,1.082014e-10
3069,3069.000000,3,2.555574e-09,1.365187e-09,2.944244e-16,4.622616e-20,1.941336e-11
3070,3070.000000,3,2.578425e-09,1.373500e-09,2.944083e-16,-6.961221e-20,-1.621503e-10
3071,3071.000000,3,2.600473e-09,1.381254e-09,3.679659e-16,7.571350e-20,-6.155298e-11
3072,3072.000000,3,2.618982e-09,1.388625e-09,2.943759e-16,9.717056e-20,-2.944622e-11
3073,3073.000000,3,2.641229e-09,1.395572e-09,2.943597e-16,2.748887e-20,8.071188e-11
3074,3074.000000,3,2.655590e-09,1.402222e-09,2.943434e-16,-2.489152e-20,-1.008127e-11
3075,3075.000000,3,2.675534e-09,1.408554e-09,2.943270e-16,-8.110671e-20,-1.109779e-11
3076,3076.000000,3,2.693874e-09,1.414629e-09,2.943106e-16,8.882265e-20,-4.194556e-11
3077,3077.000000,3,2.710792e-09,1.420464e-09,2.942746e-16,9.068216e-20,-2.507772e-12
3078,3078.000000,3,2.727845e-09,1.426085e-09,3.150211e-16,-4.360896e-20,1.377831e-10
3079,3079.000000,3,2.742503e-09,1.431491e-09,2.942610e-16,-1.870752e-20,1.660037e-10
3080,3080.000000,3,2.759855e-09,1.436724e-09,3.678054e-16,3.230306e-20,5.164713e-11
3081,3081.000000,3,2.773760e-09,1.441787e-09,2.942275e-16,5.707877e-20,9.730750e-11
3082,3082.000000,3,2.787864e-09,1.446680e-09,2.942107e-16,-6.319329e-20,8.242695e-11
3083,3083.000000,3,2.802118e-09,1.451445e-09,2.941938e-16,8.103061e-20,1.131601e-10
3084,3084.000000,3,2.816726e-09,1.456064e-09,2.941767e-16,-1.643476e-19,1.634248e-11
3085,3085.000000,3,2.832252e-09,1.460558e-09,3.676748e-16,-3.771944e-22,-2.667644e-12
3086,3086.000000,3,2.842434e-09,1.464923e-09,2.941425e-16,-9.284606e-20,1.556857e-10
3087,3087.000000,3,2.858201e-09,1.469181e-09,2.941252e-16,-3.308061e-20,-1.153770e-10
3088,3088.000000,3,2.870927e-09,1.473341e-09,3.676099e-16,-9.490409e-20,1.039866e-10
3089,3089.000000,3,2.885230e-09,1.477388e-09,2.940905e-16,2.370700e-20,-1.167288e-10
3090,3090.000000,3,2.897778e-09,1.481343e-09,2.940730e-16,6.954604e-20,2.425304e-11
3091,3091.000000,3,2.909196e-09,1.485218e-09,2.940554e-16,-2.673448e-20,1.236033e-11
3092,3092.000000,3,2.923244e-09,1.488988e-09,2.940377e-16,2.236696e-20,-7.043610e-11
3093,3093.000000,3,2.936083e-09,1.492689e-09,2.940199e-16,8.480587e-20,-1.421925e-10
3094,3094.000000,3,2.947054e-09,1.496305e-09,2.940021e-16,-1.384039e-19,-1.952483e-10
3095,3095.000000,3,2.960725e-09,1.499851e-09,3.674549e-16,1.707929e-19,-5.928102e-11
3096,3096.000000,3,2.968456e-09,1.503320e-09,2.939661e-16,3.019209e-20,1.530207e-10
3097,3097.000000,3,2.980741e-09,1.506728e-09,2.939480e-16,-4.777795e-21,-2.607514e-11
3098,3098.000000,3,2.992543e-09,1.510068e-09,2.939298e-16,1.062133e-19,1.419087e-11
3099,3099.000000,3,3.001922e-09,1.513341e-09,2.939116e-16,-5.911033e-20,2.531308e-12
3100,3100.000000,3,3.014591e-09,1.516552e-09,2.938932e-16,1.132576e-20,-6.110445e-11
3101,3101.000000,3,3.027353e-09,1.519719e-09,2.938747e-16,-1.889281e-20,3.563772e-11
3102,3102.000000,3,3.035652e-09,1.522818e-09,2.938357e-16,6.205840e-20,-1.102523e-10
3103,3103.000000,3,3.047226e-09,1.525864e-09,2.938376e-16,2.932852e-20,-9.948042e-11
3104,3104.000000,3,3.058254e-09,1.528863e-09,2.938189e-16,5.660893e-20,-8.074208e-11
3105,3105.000000,3,3.066788e-09,1.531813e-09,2.938001e-16,2.270114e-20,3.314637e-11
3106,3106.000000,3,3.076600e-09,1.534705e-09,2.937812e-16,-2.232064e-20,-6.041079e-11
3107,3107.000000,3,3.090008e-09,1.537557e-09,3.671769e-16,3.987011e-20,8.235634e-11
3108,3108.000000,3,3.101690e-09,1.540360e-09,2.937432e-16,-1.207353e-20,-2.032836e-10
3109,3109.000000,3,3.107857e-09,1.543129e-09,2.937241e-16,-5.613579e-20,1.484093e-10
3110,3110.000000,3,3.118210e-09,1.545846e-09,2.937049e-16,4.622947e-20,-7.947287e-11
3111,3111.000000,3,3.127553e-09,1.548527e-09,2.936857e-16,3.685917e-20,1.772626e-11
3112,3112.000000,3,3.139668e-09,1.551165e-09,2.936663e-16,-8.436250e-20,-6.112844e-11
3113,3113.000000,3,3.146710e-09,1.553760e-09,2.936468e-16,-8.332025e-20,-4.967671e-11
3114,3114.000000,3,3.155741e-09,1.556329e-09,2.936273e-16,1.492565e-20,6.369527e-11
3115,3115.000000,3,3.167109e-09,1.558854e-09,2.936077e-16,-4.867462e-20,4.002132e-12
3116,3116.000000,3,3.175792e-09,1.561344e-09,2.935880e-16,9.019247e-20,1.362155e-10
3117,3117.000000,3,3.184617e-09,1.563810e-09,2.935683e-16,6.607519e-20,-2.981926e-11
3118,3118.000000,3,3.194771e-09,1.566226e-09,2.935484e-16,8.992115e-20,1.296909e-10
3119,3119.000000,3,3.205713e-09,1.568623e-09,3.668842e-16,5.803168e-20,-3.000045e-11
3120,3120.000000,3,3.214126e-09,1.570977e-09,2.935085e-16,-4.489936e-21,3.409673e-11
3121,3121.000000,3,3.179721e-09,1.550130e-09,3.668340e-16,-6.531418e-20,1.212630e-10
3122,3122.000000,3,3.119290e-09,1.520861e-09,3.668088e-16,-2.138096e-20,-1.713212e-10
3123,3123.000000,3,3.081063e-09,1.505195e-09,2.934481e-16,-5.399835e-21,-1.075806e-11
3124,3124.000000,3,3.045940e-09,1.491299e-09,2.934064e-16,-6.865268e-20,1.076383e-11
3125,3125.000000,3,3.019835e-09,1.480358e-09,2.934074e-16,4.281487e-20,-7.623058e-11
3126,3126.000000,3,2.994227e-09,1.470399e-09,2.933870e-16,6.360026e-20,8.031087e-11
3127,3127.000000,3,2.971746e-09,1.461755e-09,2.933665e-16,7.068093e-20,-1.699529e-12
3128,3128.000000,3,2.950820e-09,1.453771e-09,2.933459e-16,5.810117e-21,7.937517e-11
3129,3129.000000,3,2.932417e-09,1.446554e-09,2.933253e-16,-7.142208e-20,4.758682e-11
3130,3130.000000,3,2.915897e-09,1.439792e-09,3.134296e-16,-5.573874e-20,1.268066e-10
3131,3131.000000,3,2.898844e-09,1.433550e-09,3.665782e-16,-1.616973e-20,-5.409762e-11
3132,3132.000000,3,2.885635e-09,1.427659e-09,2.932634e-16,-8.662235e-20,2.534537e-10
3133,3133.000000,3,2.871566e-09,1.422121e-09,2.932427e-16,5.838903e-20,-7.247536e-12
3134,3134.000000,3,2.855870e-09,1.416886e-09,2.932220e-16,6.511566e-21,-5.259260e-11
3135,3135.000000,3,2.842285e-09,1.411903e-09,2.932013e-16,-5.341602e-20,-6.872947e-11
3136,3136.000000,3,2.830191e-09,1.407157e-09,2.931806e-16,-1.967035e-20,5.609602e-11
3137,3137.000000,3,2.817835e-09,1.402625e-09,2.931600e-16,-9.791502e-20,-5.608181e-11
3138,3138.000000,3,2.810175e-09,1.398279e-09,2.931393e-16,-6.398738e-20,-1.459810e-11
3139,3139.000000,3,2.796220e-09,1.394101e-09,2.931187e-16,1.631200e-20,6.672796e-11
3140,3140.000000,3,2.785718e-09,1.390085e-09,2.930981e-16,-7.327497e-20,-2.405880e-10
3141,3141.000000,3,2.775693e-09,1.386215e-09,2.930775e-16,-1.586367e-19,1.848388e-10
3142,3142.000000,3,2.766129e-09,1.382483e-09,2.930570e-16,8.531541e-20,-6.425660e-11
3143,3143.000000,3,2.756757e-09,1.378865e-09,2.930364e-16,-8.728410e-21,1.045430e-10
3144,3144.000000,3,2.748486e-09,1.375370e-09,2.930159e-16,6.839129e-20,-2.205849e-10
3145,3145.000000,3,2.737792e-09,1.371977e-09,2.929955e-16,1.932625e-20,1.276357e-11
3146,3146.000000,3,2.729813e-09,1.368681e-09,2.929537e-16,8.794584e-21,2.128830e-11
3147,3147.000000,3,2.721301e-09,1.365477e-09,2.929547e-16,2.063981e-20,-4.989031e-11
3148,3148.000000,3,2.711076e-09,1.362366e-09,2.929343e-16,2.645721e-19,-1.011236e-11
3149,3149.000000,3,2.705349e-09,1.359338e-09,2.929140e-16,-1.941889e-20,-9.259260e-11
3150,3150.000000,3,2.698087e-09,1.356385e-09,2.928937e-16,8.172544e-21,-6.921708e-11
3151,3151.000000,3,2.688424e-09,1.353494e-09,3.128516e-16,7.750682e-20,-4.619150e-11
3152,3152.000000,3,2.681752e-09,1.350680e-09,2.928532e-16,1.566846e-19,-3.186074e-11
3153,3153.000000,3,2.672728e-09,1.347930e-09,2.928330e-16,1.220257e-19,1.339675e-10
3154,3154.000000,3,2.668990e-09,1.345238e-09,2.928129e-16,5.108667e-21,-1.468399e-10
3155,3155.000000,3,2.660883e-09,1.342609e-09,2.927927e-16,2.568892e-20,-9.096768e-11
3156,3156.000000,3,2.656421e-09,1.340042e-09,2.927727e-16,-2.155302e-20,-9.173906e-11
3157,3157.000000,3,2.647624e-09,1.337513e-09,2.927526e-16,-7.199118e-20,-3.703216e-11
3158,3158.000000,3,2.641485e-09,1.335045e-09,2.927327e-16,-1.347643e-20,2.939959e-11
3159,3159.000000,3,2.633875e-09,1.332624e-09,2.927127e-16,-5.241016e-21,-2.384271e-11
3160,3160.000000,3,2.627246e-09,1.330248e-09,2.926928e-16,-4.739745e-20,-7.922729e-11
3161,3161.000000,3,2.623452e-09,1.327906e-09,2.926729e-16,1.877038e-20,2.256533e-10
3162,3162.000000,3,2.617334e-09,1.325619e-09,2.926531e-16,3.084391e-20,5.539746e-11
3163,3163.000000,3,2.611216e-09,1.323366e-09,2.926333e-16,5.785963e-20,-1.499689e-10
3164,3164.000000,3,2.605113e-09,1.321155e-09,2.926135e-16,-5.660893e-20,-1.188298e-10
3165,3165.000000,3,2.599606e-09,1.318972e-09,2.925729e-16,5.009737e-20,-1.092126e-10
3166,3166.000000,3,2.593303e-09,1.316832e-09,2.925741e-16,9.011967e-20,-7.299050e-11
3167,3167.000000,3,2.588756e-09,1.314725e-09,3.656670e-16,9.214130e-20,5.048806e-11
3168,3168.000000,3,2.582752e-09,1.312654e-09,3.656686e-16,3.270010e-20,-1.611484e-10
3169,3169.000000,3,2.578517e-09,1.310610e-09,2.925153e-16,4.439313e-20,-4.693002e-11
3170,3170.000000,3,2.570772e-09,1.308599e-09,2.924957e-16,-8.019681e-20,1.776344e-10
3171,3171.000000,3,2.566189e-09,1.306619e-09,2.924763e-16,3.084391e-20,6.456879e-11
3172,3172.000000,3,2.560355e-09,1.304654e-09,2.924568e-16,-6.518183e-20,1.166089e-11
3173,3173.000000,3,2.556824e-09,1.302724e-09,3.655467e-16,-5.556338e-20,2.457767e-11
3174,3174.000000,3,2.550543e-09,1.300824e-09,2.924180e-16,-1.839286e-19,7.664180e-11
3175,3175.000000,3,2.547822e-09,1.298946e-09,2.923987e-16,-4.061126e-20,-4.218537e-11
3176,3176.000000,3,2.541576e-09,1.297099e-09,3.654483e-16,-9.183359e-20,3.304423e-11
3177,3177.000000,3,2.535600e-09,1.295266e-09,3.654243e-16,-2.529849e-20,1.625189e-11
3178,3178.000000,3,2.532275e-09,1.293469e-09,2.923408e-16,-1.137572e-19,9.062884e-11
3179,3179.000000,3,2.527280e-09,1.291675e-09,2.923216e-16,-2.274416e-20,5.764678e-11
3180,3180.000000,3,2.524835e-09,1.289917e-09,2.922819e-16,-7.471095e-20,9.197576e-11
3181,3181.000000,3,2.523521e-09,1.291923e-09,2.922833e-16,6.175730e-20,-1.209735e-10
3182,3182.000000,3,2.530271e-09,1.295292e-09,2.922643e-16,-3.013584e-20,-1.312381e-10
3183,3183.000000,3,2.534279e-09,1.296492e-09,3.652808e-16,9.593310e-20,-9.991563e-12
3184,3184.000000,3,2.535408e-09,1.297430e-09,2.922262e-16,2.254365e-19,-1.506781e-10
3185,3185.000000,3,2.537512e-09,1.297889e-09,2.922072e-16,-1.620546e-19,-2.278266e-10
3186,3186.000000,3,2.537980e-09,1.298220e-09,2.921882e-16,-1.891762e-19,1.323590e-10
3187,3187.000000,3,2.537696e-09,1.298345e-09,2.921488e-16,7.113753e-22,6.764234e-11
3188,3188.000000,3,2.537817e-09,1.298377e-09,2.921504e-16,-2.803150e-20,2.927969e-11
3189,3189.000000,3,2.535913e-09,1.298298e-09,2.921316e-16,-5.410423e-20,1.606182e-11
3190,3190.000000,3,2.537625e-09,1.298161e-09,2.921127e-16,-1.100316e-19,4.788747e-11
3191,3191.000000,3,2.537817e-09,1.297946e-09,3.650919e-16,-1.789556e-19,-8.017054e-11
3192,3192.000000,3,2.539402e-09,1.297683e-09,2.920548e-16,-1.157689e-19,1.099068e-10
3193,3193.000000,3,2.535003e-09,1.297381e-09,2.920564e-16,6.820270e-20,-5.842660e-11
3194,3194.000000,3,2.537455e-09,1.297047e-09,2.920376e-16,-3.499636e-20,-4.847145e-11
3195,3195.000000,3,2.533582e-09,1.296667e-09,3.650237e-16,-1.065177e-19,3.632161e-11
3196,3196.000000,3,2.534115e-09,1.296273e-09,2.920002e-16,-3.771944e-22,-6.893242e-11
3197,3197.000000,3,2.533383e-09,1.295853e-09,2.919816e-16,-5.208591e-20,1.365619e-11
3198,3198.000000,3,2.530321e-09,1.295403e-09,3.649282e-16,-4.309611e-20,-8.369572e-11
3199,3199.000000,3,2.531856e-09,1.294941e-09,3.649049e-16,-2.215521e-20,1.513021e-10
3200,3200.000000,3,2.530186e-09,1.294470e-09,3.648817e-16,1.702371e-19,1.751355e-11
3201,3201.000000,3,2.530122e-09,1.293964e-09,2.919070e-16,1.286431e-19,3.768719e-11
3202,3202.000000,3,2.525994e-09,1.293468e-09,2.918884e-16,6.236942e-20,1.541789e-11
3203,3203.000000,3,2.528054e-09,1.292955e-09,2.918699e-16,-5.786294e-20,-5.595835e-11
3204,3204.000000,3,2.523826e-09,1.292420e-09,3.647888e-16,-1.225551e-20,-1.014775e-10
3205,3205.000000,3,2.522995e-09,1.291884e-09,2.918327e-16,4.431372e-20,9.943157e-12
3206,3206.000000,3,2.522455e-09,1.291344e-09,2.918142e-16,-9.545333e-20,1.410774e-10
3207,3207.000000,3,2.523308e-09,1.290798e-09,2.917957e-16,-9.517871e-20,-7.643708e-11
3208,3208.000000,3,2.520636e-09,1.290237e-09,2.917570e-16,-9.973151e-20,3.012612e-11
3209,3209.000000,3,2.520046e-09,1.289672e-09,2.917587e-16,-9.431513e-20,-1.011893e-10
3210,3210.000000,3,2.517773e-09,1.289108e-09,3.646500e-16,4.708643e-20,5.451462e-11
3211,3211.000000,3,2.516678e-09,1.288536e-09,2.917218e-16,7.261653e-20,6.304246e-11
3212,3212.000000,3,2.514732e-09,1.287960e-09,2.917033e-16,3.633639e-20,6.310064e-12
3213,3213.000000,3,2.513588e-09,1.287381e-09,2.916849e-16,-4.691768e-21,-5.212009e-11
3214,3214.000000,3,2.511818e-09,1.286802e-09,2.916665e-16,2.619516e-20,-1.213545e-10
3215,3215.000000,3,2.511705e-09,1.286213e-09,3.645601e-16,2.527864e-20,1.431371e-10
3216,3216.000000,3,2.511712e-09,1.285618e-09,3.645371e-16,-9.006673e-20,-2.085443e-12
3217,3217.000000,3,2.509317e-09,1.285034e-09,3.644889e-16,-8.782011e-20,2.904343e-11
3218,3218.000000,3,2.508436e-09,1.284434e-09,2.915929e-16,-2.721424e-20,-5.776313e-11
3219,3219.000000,3,2.506923e-09,1.283848e-09,2.915745e-16,1.254138e-19,-1.419842e-11
3220,3220.000000,3,2.507626e-09,1.283246e-09,2.915562e-16,1.772813e-20,-1.345217e-10
3221,3221.000000,3,2.504315e-09,1.282651e-09,2.915379e-16,1.022528e-19,9.174483e-11
3222,3222.000000,3,2.501899e-09,1.282058e-09,2.915195e-16,1.186045e-19,3.538858e-11
3223,3223.000000,3,2.501075e-09,1.281450e-09,2.915012e-16,-3.965173e-20,-1.600924e-10
3224,3224.000000,3,2.501018e-09,1.280855e-09,2.914829e-16,1.443199e-19,2.881251e-11
3225,3225.000000,3,2.498240e-09,1.280251e-09,3.109566e-16,1.241135e-19,1.652598e-10
3226,3226.000000,3,2.495931e-09,1.279653e-09,2.914463e-16,-5.674128e-20,3.853806e-12
3227,3227.000000,3,2.494701e-09,1.279055e-09,2.914281e-16,9.787201e-21,-4.056977e-11
3228,3228.000000,3,2.494239e-09,1.278446e-09,2.914098e-16,1.195938e-19,8.742118e-11
3229,3229.000000,3,2.495490e-09,1.277852e-09,2.913915e-16,2.812414e-21,-3.600276e-11
3230,3230.000000,3,2.493309e-09,1.277249e-09,2.913733e-16,7.268271e-20,5.260770e-11
3231,3231.000000,3,2.490111e-09,1.276652e-09,2.913551e-16,1.197592e-19,3.132357e-10
3232,3232.000000,3,2.487809e-09,1.276044e-09,3.641461e-16,-8.595399e-20,-3.550094e-11
3233,3233.000000,3,2.488896e-09,1.275443e-09,2.913186e-16,-8.045820e-20,-8.392398e-11
3234,3234.000000,3,2.486601e-09,1.274853e-09,2.913005e-16,7.161730e-20,-8.051515e-11
3235,3235.000000,3,2.483482e-09,1.274240e-09,2.912823e-16,1.289178e-19,3.883072e-11
3236,3236.000000,3,2.484640e-09,1.273646e-09,2.912641e-16,2.071790e-19,9.241274e-11
3237,3237.000000,3,2.481983e-09,1.273043e-09,2.912459e-16,1.268862e-19,-2.567937e-10
3238,3238.000000,3,2.481436e-09,1.272449e-09,3.106280e-16,5.848829e-20,-5.074074e-11
3239,3239.000000,3,2.480704e-09,1.271844e-09,3.640120e-16,8.147729e-20,2.684475e-11
3240,3240.000000,3,2.479865e-09,1.271249e-09,2.911915e-16,7.734800e-20,-2.259837e-11
3241,3241.000000,3,2.480256e-09,1.271353e-09,2.911734e-16,2.306577e-19,7.253309e-12
3242,3242.000000,3,2.478551e-09,1.271707e-09,2.911553e-16,4.846948e-20,-1.011946e-11
3243,3243.000000,3,2.478572e-09,1.271653e-09,2.911372e-16,2.452425e-20,1.979013e-10
3244,3244.000000,3,2.479851e-09,1.271543e-09,2.911191e-16,1.244411e-19,1.850475e-11
3245,3245.000000,3,2.480348e-09,1.271348e-09,2.911010e-16,-1.353267e-20,5.659029e-12
3246,3246.000000,3,2.481507e-09,1.271122e-09,2.910829e-16,-2.899103e-20,-3.041478e-11
3247,3247.000000,3,2.478089e-09,1.270853e-09,2.910649e-16,-4.853896e-20,1.804690e-11
3248,3248.000000,3,2.478892e-09,1.270562e-09,2.910468e-16,6.685935e-20,1.955205e-10
3249,3249.000000,3,2.476305e-09,1.270252e-09,3.637859e-16,6.229332e-20,2.026823e-12
3250,3250.000000,3,2.476881e-09,1.269932e-09,2.910107e-16,-6.161172e-20,1.930500e-11
3251,3251.000000,3,2.475851e-09,1.269591e-09,3.103021e-16,7.258014e-20,-3.160316e-11
3252,3252.000000,3,2.477016e-09,1.269238e-09,2.909747e-16,-1.874391e-20,9.060486e-11
3253,3253.000000,3,2.474771e-09,1.268881e-09,2.909567e-16,2.551687e-20,-5.032375e-11
3254,3254.000000,3,2.473364e-09,1.268507e-09,2.909387e-16,-4.450893e-20,-7.257484e-11
3255,3255.000000,3,2.474962e-09,1.268136e-09,2.909207e-16,4.105463e-20,9.940315e-11
3256,3256.000000,3,2.473946e-09,1.267748e-09,2.909027e-16,8.996085e-20,-1.088800e-10
3257,3257.000000,3,2.473030e-09,1.267360e-09,2.908847e-16,-9.120824e-20,-9.356960e-11
3258,3258.000000,3,2.474401e-09,1.266960e-09,2.908667e-16,-5.380975e-20,-2.930056e-11
3259,3259.000000,3,2.471445e-09,1.266563e-09,2.908488e-16,-3.496658e-20,-4.577005e-11
3260,3260.000000,3,2.471253e-09,1.266167e-09,2.908308e-16,1.469900e-19,2.080776e-10
3261,3261.000000,3,2.469889e-09,1.265764e-09,2.908128e-16,4.004878e-20,-1.216085e-10
3262,3262.000000,3,2.467459e-09,1.265350e-09,2.907949e-16,7.367201e-20,1.076925e-10
3263,3263.000000,3,2.468369e-09,1.264940e-09,3.634465e-16,-1.739296e-19,-7.336665e-11
3264,3264.000000,3,2.468440e-09,1.264524e-09,2.907590e-16,-1.891927e-20,-2.648326e-11
3265,3265.000000,3,2.463175e-09,1.264096e-09,2.907411e-16,-2.095646e-19,2.357234e-10
3266,3266.000000,3,2.467310e-09,1.263679e-09,3.633793e-16,8.796239e-20,-2.964695e-11
3267,3267.000000,3,2.464155e-09,1.263254e-09,2.907053e-16,-1.977623e-20,2.141460e-10
3268,3268.000000,3,2.463779e-09,1.262823e-09,2.906874e-16,-2.399585e-19,-1.057261e-10
3269,3269.000000,3,2.462720e-09,1.262403e-09,2.906695e-16,1.029410e-19,-6.268319e-12
3270,3270.000000,3,2.462158e-09,1.261966e-09,3.633145e-16,8.968623e-20,1.878577e-10
3271,3271.000000,3,2.461832e-09,1.261534e-09,2.906337e-16,7.327166e-20,-8.020651e-11
3272,3272.000000,3,2.459799e-09,1.261104e-09,2.906158e-16,1.183100e-19,-1.611551e-10
3273,3273.000000,3,2.459153e-09,1.260669e-09,2.905979e-16,7.399958e-20,2.142411e-10
3274,3274.000000,3,2.457625e-09,1.260224e-09,2.905800e-16,-1.811856e-20,2.153047e-10
3275,3275.000000,3,2.460119e-09,1.259788e-09,2.905622e-16,-1.803915e-19,4.928902e-11
3276,3276.000000,3,2.458748e-09,1.259350e-09,2.905443e-16,-2.744254e-20,-1.375788e-12
3277,3277.000000,3,2.459508e-09,1.258914e-09,3.631581e-16,-7.904869e-20,-3.386624e-11
3278,3278.000000,3,2.456410e-09,1.258477e-09,2.905086e-16,1.911151e-19,1.382139e-11
3279,3279.000000,3,2.456318e-09,1.258037e-09,3.630888e-16,9.152919e-20,-8.124168e-12
3280,3280.000000,3,2.455231e-09,1.257591e-09,2.904729e-16,-7.839025e-20,1.266454e-10
3281,3281.000000,3,2.455003e-09,1.257144e-09,2.904551e-16,6.112865e-20,1.293632e-11
3282,3282.000000,3,2.452175e-09,1.256699e-09,3.630220e-16,3.450667e-20,1.039497e-10
3283,3283.000000,3,2.452509e-09,1.256261e-09,2.904195e-16,-1.096511e-20,-1.116947e-10
3284,3284.000000,3,2.451515e-09,1.255817e-09,2.904016e-16,-2.445444e-19,6.048140e-11
3285,3285.000000,3,2.448488e-09,1.255369e-09,2.903838e-16,-1.766196e-20,7.420864e-11
3286,3286.000000,3,2.450200e-09,1.254921e-09,2.903660e-16,3.919843e-20,-4.051914e-11
3287,3287.000000,3,2.449561e-09,1.254476e-09,2.903482e-16,-1.335070e-20,-9.420598e-11
3288,3288.000000,3,2.447599e-09,1.254031e-09,2.903305e-16,1.872075e-20,-1.412475e-10
3289,3289.000000,3,2.445915e-09,1.253583e-09,2.903127e-16,9.423242e-20,-2.554756e-11
3290,3290.000000,3,2.445745e-09,1.253142e-09,2.902949e-16,-7.922074e-20,-3.615330e-12
3291,3291.000000,3,2.444743e-09,1.252694e-09,2.902771e-16,-8.228793e-21,5.418155e-11
3292,3292.000000,3,2.445873e-09,1.252239e-09,2.902593e-16,-6.476824e-20,-8.508749e-13
3293,3293.000000,3,2.443400e-09,1.251802e-09,2.902416e-16,9.287915e-20,-6.310685e-11
3294,3294.000000,3,2.443656e-09,1.251350e-09,3.092315e-16,5.798205e-20,4.009815e-11
3295,3295.000000,3,2.443493e-09,1.250908e-09,2.901865e-16,7.008867e-20,3.122036e-11
3296,3296.000000,3,2.440459e-09,1.250454e-09,2.901687e-16,5.180798e-20,4.053913e-11
3297,3297.000000,3,2.441197e-09,1.250008e-09,3.626887e-16,1.916412e-20,1.333245e-10
3298,3298.000000,3,2.437957e-09,1.249556e-09,2.901529e-16,1.430361e-20,2.936145e-10
3299,3299.000000,3,2.437631e-09,1.249107e-09,2.901351e-16,2.481211e-20,-1.240008e-10
3300,3300.000000,3,2.438242e-09,1.248668e-09,3.626468e-16,1.683478e-19,1.092615e-10
3301,3301.000000,3,2.418574e-09,1.237970e-09,2.900997e-16,8.781019e-20,9.927614e-12
3302,3302.000000,3,2.390216e-09,1.223534e-09,2.900820e-16,1.306945e-21,9.618217e-11
3303,3303.000000,3,2.367315e-09,1.215139e-09,2.900643e-16,1.207684e-21,1.769029e-11
3304,3304.000000,3,2.350603e-09,1.207562e-09,2.900466e-16,-3.400043e-20,-1.240124e-10
3305,3305.000000,3,2.334914e-09,1.201280e-09,3.625361e-16,-1.429699e-19,1.743716e-11
3306,3306.000000,3,2.319766e-09,1.195461e-09,2.900112e-16,-1.087213e-19,-1.154676e-11
3307,3307.000000,3,2.305221e-09,1.190237e-09,2.899935e-16,5.412077e-20,1.448170e-10
3308,3308.000000,3,2.291699e-09,1.185317e-09,3.624698e-16,-1.339669e-19,6.784706e-11
3309,3309.000000,3,2.279307e-09,1.180743e-09,2.899582e-16,-5.203297e-20,3.901057e-11
3310,3310.000000,3,2.267036e-09,1.176388e-09,2.899406e-16,3.261408e-20,7.682655e-11
3311,3311.000000,3,2.258517e-09,1.172279e-09,2.899230e-16,9.823928e-20,5.850120e-11
3312,3312.000000,3,2.246772e-09,1.168326e-09,2.899055e-16,-1.162685e-20,1.369127e-10
3313,3313.000000,3,2.236327e-09,1.164537e-09,2.898879e-16,-1.201794e-19,1.491860e-10
3314,3314.000000,3,2.226749e-09,1.160892e-09,2.898704e-16,7.745719e-21,2.541700e-11
3315,3315.000000,3,2.218393e-09,1.157383e-09,2.898530e-16,4.627910e-20,2.016280e-10
3316,3316.000000,3,2.207258e-09,1.153974e-09,2.898356e-16,-5.221495e-20,-7.336931e-11
3317,3317.000000,3,2.200032e-09,1.150676e-09,2.898182e-16,2.705542e-20,-1.130918e-11
3318,3318.000000,3,2.190738e-09,1.147476e-09,3.622270e-16,9.685954e-20,-6.397505e-11
3319,3319.000000,3,2.180393e-09,1.144342e-09,2.897836e-16,-5.686040e-20,-3.819345e-11
3320,3320.000000,3,2.174410e-09,1.141295e-09,3.621839e-16,-5.856439e-22,-1.169420e-10
3321,3321.000000,3,2.162587e-09,1.138333e-09,3.621624e-16,2.860060e-20,3.428147e-11
3322,3322.000000,3,2.159013e-09,1.135419e-09,2.897321e-16,5.025949e-21,-2.976863e-11
3323,3323.000000,3,2.149847e-09,1.132578e-09,3.621197e-16,-4.002892e-20,-1.076601e-10
3324,3324.000000,3,2.141739e-09,1.129807e-09,3.085410e-16,-9.108251e-20,-1.317919e-10
3325,3325.000000,3,2.133596e-09,1.127083e-09,2.896809e-16,-2.529287e-19,-5.138023e-11
3326,3326.000000,3,2.127798e-09,1.124407e-09,3.620561e-16,1.211555e-19,6.488055e-11
3327,3327.000000,3,2.120466e-09,1.121774e-09,2.896471e-16,-2.229516e-19,-1.490896e-11
3328,3328.000000,3,2.114383e-09,1.119209e-09,2.896303e-16,-1.511424e-20,-1.091363e-10
3329,3329.000000,3,2.105487e-09,1.116665e-09,2.896135e-16,1.694728e-20,1.837641e-12
3330,3330.000000,3,2.100172e-09,1.114169e-09,2.895967e-16,-1.276472e-19,-6.940004e-11
3331,3331.000000,3,2.091681e-09,1.111708e-09,2.895801e-16,2.281695e-20,-3.620526e-11
3332,3332.000000,3,2.085528e-09,1.109298e-09,2.895445e-16,4.944555e-20,8.935164e-11
3333,3333.000000,3,2.078494e-09,1.106912e-09,2.895468e-16,3.565148e-20,-1.078333e-10
3334,3334.000000,3,2.071772e-09,1.104571e-09,2.895303e-16,-1.503814e-20,-1.315215e-11
3335,3335.000000,3,2.065029e-09,1.102256e-09,2.895138e-16,2.825517e-19,2.327605e-10
3336,3336.000000,3,2.059821e-09,1.099969e-09,2.894974e-16,-1.012998e-19,4.172218e-11
3337,3337.000000,3,2.053504e-09,1.097719e-09,3.618277e-16,6.469214e-20,6.587486e-11
3338,3338.000000,3,2.048388e-09,1.095494e-09,2.894646e-16,-8.668853e-22,1.021125e-10
3339,3339.000000,3,2.041084e-09,1.093292e-09,2.894483e-16,1.362962e-19,-1.172036e-10
3340,3340.000000,3,2.034604e-09,1.091128e-09,2.894321e-16,3.017886e-20,-3.036593e-11
3341,3341.000000,3,2.028301e-09,1.088973e-09,3.617465e-16,1.074805e-19,1.640355e-10
3342,3342.000000,3,2.023654e-09,1.086852e-09,2.893998e-16,-1.870421e-20,4.712497e-11
3343,3343.000000,3,2.018083e-09,1.084759e-09,2.893837e-16,1.450147e-19,-4.030243e-11
3344,3344.000000,3,2.009585e-09,1.082678e-09,3.616863e-16,6.960229e-20,-8.131273e-11
3345,3345.000000,3,2.006345e-09,1.080638e-09,3.080987e-16,-1.524064e-19,1.198064e-10
3346,3346.000000,3,2.000554e-09,1.078595e-09,2.893357e-16,-4.764891e-20,5.559997e-13
3347,3347.000000,3,1.995801e-09,1.076593e-09,2.893198e-16,5.525566e-21,-1.353588e-10
3348,3348.000000,3,1.988624e-09,1.074604e-09,2.893039e-16,3.213762e-20,-5.328715e-11
3349,3349.000000,3,1.983530e-09,1.072624e-09,3.615871e-16,-1.308798e-19,6.964163e-11
3350,3350.000000,3,1.974897e-09,1.070677e-09,2.892724e-16,1.959889e-19,5.853140e-11
3351,3351.000000,3,1.973724e-09,1.068744e-09,2.892383e-16,2.801164e-20,-3.764500e-11
3352,3352.000000,3,1.968559e-09,1.066837e-09,2.892410e-16,-8.655618e-21,-1.602718e-11
3353,3353.000000,3,1.961503e-09,1.064925e-09,2.892254e-16,-3.227990e-20,-6.724576e-11
3354,3354.000000,3,1.957524e-09,1.063055e-09,2.892099e-16,-3.768635e-21,-1.587601e-10
3355,3355.000000,3,1.950923e-09,1.061183e-09,3.614930e-16,5.689348e-20,-1.286962e-10
3356,3356.000000,3,1.945601e-09,1.059333e-09,3.614508e-16,9.352766e-20,9.490719e-11
3357,3357.000000,3,1.941416e-09,1.057509e-09,2.891635e-16,1.193225e-19,1.131184e-10
3358,3358.000000,3,1.937003e-09,1.055679e-09,2.891481e-16,6.601894e-20,-1.375744e-10
3359,3359.000000,3,1.931369e-09,1.053881e-09,2.891328e-16,1.224426e-19,1.237721e-11
3360,3360.000000,3,1.926232e-09,1.052087e-09,2.891175e-16,-8.972594e-20,8.560264e-12
3361,3361.000000,3,1.939718e-09,1.060730e-09,2.891023e-16,1.767189e-20,2.932854e-11
3362,3362.000000,3,1.959862e-09,1.073196e-09,3.077547e-16,1.192133e-20,2.322320e-11
3363,3363.000000,3,1.975600e-09,1.079545e-09,3.613173e-16,-1.414810e-19,-1.076712e-10
3364,3364.000000,3,1.989306e-09,1.085084e-09,2.890388e-16,-2.145045e-19,7.386580e-11
3365,3365.000000,3,1.998821e-09,1.089285e-09,3.612797e-16,-6.781558e-20,-4.801137e-11
3366,3366.000000,3,2.007283e-09,1.093069e-09,2.890268e-16,-2.990092e-20,5.492184e-11
3367,3367.000000,3,2.015859e-09,1.096234e-09,2.890119e-16,3.854331e-20,-4.192557e-11
3368,3368.000000,3,2.023036e-09,1.099112e-09,2.889970e-16,1.003569e-19,1.620157e-10
3369,3369.000000,3,2.026560e-09,1.101644e-09,3.612051e-16,1.320677e-19,4.939071e-11
3370,3370.000000,3,2.033993e-09,1.103954e-09,2.889672e-16,7.476720e-20,9.982992e-11
3371,3371.000000,3,2.040771e-09,1.106051e-09,2.889523e-16,3.759040e-20,3.490497e-11
3372,3372.000000,3,2.043400e-09,1.107988e-09,2.889375e-16,8.066665e-20,1.247891e-10
3373,3373.000000,3,2.047628e-09,1.109761e-09,2.889227e-16,-5.313808e-20,-2.661782e-11
3374,3374.000000,3,2.056240e-09,1.111398e-09,2.889079e-16,-5.106682e-20,-8.581447e-11
3375,3375.000000,3,2.056410e-09,1.112923e-09,2.888931e-16,-9.402066e-20,1.793943e-10
3376,3376.000000,3,2.061881e-09,1.114333e-09,2.888783e-16,1.096841e-20,-5.476730e-11
3377,3377.000000,3,2.065946e-09,1.115669e-09,2.888635e-16,1.932956e-20,-2.034155e-10
3378,3378.000000,3,2.067182e-09,1.116900e-09,2.888487e-16,6.660458e-21,5.315748e-12
3379,3379.000000,3,2.069569e-09,1.118069e-09,2.888339e-16,-1.570651e-20,-2.188028e-12
3380,3380.000000,3,2.073435e-09,1.119153e-09,2.888192e-16,-2.608928e-20,1.797007e-11
3381,3381.000000,3,2.077442e-09,1.120182e-09,2.888044e-16,1.398597e-20,9.296208e-11
3382,3382.000000,3,2.080348e-09,1.121149e-09,2.887896e-16,7.035006e-20,-5.551781e-11
3383,3383.000000,3,2.083915e-09,1.122065e-09,2.887748e-16,2.251089e-19,-2.460516e-10
3384,3384.000000,3,2.084946e-09,1.122924e-09,2.887601e-16,-5.148703e-20,1.158051e-10
3385,3385.000000,3,2.086750e-09,1.123737e-09,2.887274e-16,-2.016997e-20,-6.639933e-11
3386,3386.000000,3,2.088541e-09,1.124502e-09,3.608907e-16,-3.109537e-20,1.187610e-10
3387,3387.000000,3,2.093408e-09,1.125239e-09,2.886978e-16,7.924390e-21,-3.560352e-11
3388,3388.000000,3,2.092385e-09,1.125927e-09,2.887009e-16,-1.116727e-19,1.402238e-10
3389,3389.000000,3,2.091674e-09,1.126580e-09,2.886861e-16,-4.914115e-20,1.202314e-10
3390,3390.000000,3,2.095597e-09,1.127203e-09,2.886712e-16,-1.049427e-19,1.572493e-10
3391,3391.000000,3,2.098368e-09,1.127786e-09,2.886564e-16,-7.715941e-20,-1.459624e-10
3392,3392.000000,3,2.101530e-09,1.128341e-09,2.886416e-16,7.362569e-20,6.144107e-11
3393,3393.000000,3,2.101473e-09,1.128871e-09,3.607610e-16,1.082283e-19,-1.764016e-10
3394,3394.000000,3,2.102091e-09,1.129368e-09,2.886119e-16,6.306425e-21,-6.559153e-11
3395,3395.000000,3,2.105729e-09,1.129848e-09,3.607463e-16,6.201869e-20,1.679004e-10
3396,3396.000000,3,2.107491e-09,1.130297e-09,2.885822e-16,5.791919e-20,1.571658e-10
3397,3397.000000,3,2.106709e-09,1.130733e-09,2.885673e-16,-1.119771e-19,-3.095568e-11
3398,3398.000000,3,2.107633e-09,1.131142e-09,3.606905e-16,-3.791465e-20,1.153411e-10
3399,3399.000000,3,2.109012e-09,1.131523e-09,3.606495e-16,-6.965523e-20,-2.958256e-11
3400,3400.000000,3,2.109488e-09,1.131885e-09,2.885227e-16,6.738875e-20,2.031708e-11
3401,3401.000000,3,2.112706e-09,1.132234e-09,2.885078e-16,1.105477e-19,7.833290e-12
3402,3402.000000,3,2.113801e-09,1.132556e-09,2.884929e-16,-4.209688e-20,2.207523e-11
3403,3403.000000,3,2.114689e-09,1.132872e-09,2.884780e-16,-6.698178e-20,4.546497e-11
3404,3404.000000,3,2.117147e-09,1.133165e-09,2.884630e-16,-6.769646e-20,-2.486722e-11
3405,3405.000000,3,2.115499e-09,1.133443e-09,2.884481e-16,-1.431684e-20,5.890133e-11
3406,3406.000000,3,2.117467e-09,1.133705e-09,2.884332e-16,6.714390e-20,1.505773e-10
3407,3407.000000,3,2.115861e-09,1.133958e-09,3.067734e-16,-1.933253e-19,-3.088951e-11
3408,3408.000000,3,2.118703e-09,1.134199e-09,2.884033e-16,-1.149549e-19,-5.590550e-11
3409,3409.000000,3,2.120615e-09,1.134411e-09,2.883883e-16,-6.147606e-21,-1.617728e-11
3410,3410.000000,3,2.122576e-09,1.134622e-09,3.604667e-16,-3.677645e-20,7.989032e-11
3411,3411.000000,3,2.119769e-09,1.134818e-09,2.883584e-16,-5.436231e-21,-6.002931e-11
3412,3412.000000,3,2.121688e-09,1.135000e-09,2.883434e-16,6.584689e-20,-2.382539e-12
3413,3413.000000,3,2.124466e-09,1.135175e-09,2.883285e-16,6.255140e-20,-1.231846e-10
3414,3414.000000,3,2.125574e-09,1.135329e-09,2.883135e-16,-1.488760e-19,-6.771295e-11
3415,3415.000000,3,2.124295e-09,1.135481e-09,2.882985e-16,1.256156e-19,-2.101919e-10
3416,3416.000000,3,2.126455e-09,1.135621e-09,3.603319e-16,1.740388e-20,-1.837419e-11
3417,3417.000000,3,2.127784e-09,1.135748e-09,2.882685e-16,-1.232367e-19,1.211791e-10
3418,3418.000000,3,2.127770e-09,1.135864e-09,2.882534e-16,1.086783e-19,-2.817879e-10
3419,3419.000000,3,2.127969e-09,1.135977e-09,2.882384e-16,1.503483e-20,4.046097e-11
3420,3420.000000,3,2.128289e-09,1.136076e-09,2.882234e-16,-6.390467e-20,1.263238e-10
3421,3421.000000,3,2.106589e-09,1.122724e-09,2.882084e-16,1.285869e-19,8.475176e-11
3422,3422.000000,3,2.070813e-09,1.104408e-09,2.881933e-16,6.908943e-20,-2.121436e-10
3423,3423.000000,3,2.042931e-09,1.094007e-09,2.881603e-16,-2.987776e-21,7.116929e-11
3424,3424.000000,3,2.023384e-09,1.084691e-09,2.881632e-16,-1.220919e-21,1.468812e-10
3425,3425.000000,3,2.004128e-09,1.077068e-09,2.881481e-16,-1.746013e-20,3.197975e-11
3426,3426.000000,3,1.987168e-09,1.070042e-09,3.063557e-16,5.439209e-20,-9.058088e-12
3427,3427.000000,3,1.971031e-09,1.063789e-09,3.601251e-16,9.182036e-20,1.314122e-10
3428,3428.000000,3,1.956636e-09,1.057938e-09,2.881030e-16,1.422420e-20,-1.546900e-10
3429,3429.000000,3,1.943441e-09,1.052529e-09,2.880879e-16,-2.140743e-20,1.292744e-11
3430,3430.000000,3,1.930331e-09,1.047411e-09,2.880729e-16,5.015031e-20,-1.271654e-10
3431,3431.000000,3,1.915417e-09,1.042583e-09,2.880579e-16,9.611177e-20,-4.987522e-11
3432,3432.000000,3,1.902585e-09,1.037974e-09,3.600537e-16,3.801722e-20,5.421175e-11
3433,3433.000000,3,1.892339e-09,1.033580e-09,2.880280e-16,-6.386165e-20,-2.372973e-10
3434,3434.000000,3,1.884942e-09,1.029362e-09,2.880131e-16,2.085157e-20,-4.962342e-11
3435,3435.000000,3,1.872927e-09,1.025304e-09,2.879982e-16,-5.026280e-20,-6.565060e-11
3436,3436.000000,3,1.861657e-09,1.021391e-09,2.879834e-16,7.053865e-20,1.233293e-10
3437,3437.000000,3,1.851312e-09,1.017606e-09,2.879686e-16,1.256355e-19,9.714451e-11
3438,3438.000000,3,1.843091e-09,1.013940e-09,2.879539e-16,-2.471318e-19,-1.979661e-10
3439,3439.000000,3,1.832241e-09,1.010378e-09,2.879392e-16,2.064312e-20,3.673506e-12
3440,3440.000000,3,1.824546e-09,1.006923e-09,3.060810e-16,8.794584e-21,5.138778e-11
3441,3441.000000,3,1.813731e-09,1.003549e-09,3.598653e-16,2.270776e-20,9.706147e-11
3442,3442.000000,3,1.808921e-09,1.000256e-09,2.878954e-16,1.521020e-20,-1.951954e-10
3443,3443.000000,3,1.796444e-09,9.970504e-10,2.878809e-16,1.112392e-20,-1.018532e-10
3444,3444.000000,3,1.788834e-09,9.939074e-10,2.878664e-16,-4.551148e-20,-1.949108e-12
3445,3445.000000,3,1.779654e-09,9.908423e-10,2.878521e-16,-7.836378e-20,-1.909628e-10
3446,3446.000000,3,1.774701e-09,9.878296e-10,2.878377e-16,8.926271e-20,6.888712e-12
3447,3447.000000,3,1.763823e-09,9.848860e-10,3.059518e-16,-8.317466e-20,-2.987344e-11
3448,3448.000000,3,1.761734e-09,9.820018e-10,2.878092e-16,-9.909624e-21,-1.189626e-11
3449,3449.000000,3,1.751303e-09,9.791570e-10,3.597221e-16,3.488386e-20,-4.439427e-11
3450,3450.000000,3,1.744340e-09,9.763710e-10,2.877809e-16,2.243645e-20,2.744560e-11
3451,3451.000000,3,1.736872e-09,9.736325e-10,2.877669e-16,2.531173e-21,-1.704601e-10
3452,3452.000000,3,1.729745e-09,9.709402e-10,2.877529e-16,2.686683e-21,2.850609e-11
3453,3453.000000,3,1.721880e-09,9.682806e-10,2.877389e-16,-1.135554e-20,3.928635e-11
3454,3454.000000,3,1.713012e-09,9.656735e-10,2.877251e-16,-9.284606e-20,-1.132250e-11
3455,3455.000000,3,1.707861e-09,9.630967e-10,2.877112e-16,1.142072e-19,1.706413e-11
3456,3456.000000,3,1.699284e-09,9.605678e-10,2.876975e-16,4.069398e-20,1.377995e-10
3457,3457.000000,3,1.694737e-09,9.580678e-10,3.596047e-16,-7.746712e-20,-1.354161e-11
3458,3458.000000,3,1.687276e-09,9.556012e-10,3.595662e-16,-7.597158e-20,9.687806e-11
3459,3459.000000,3,1.679375e-09,9.531631e-10,2.876565e-16,7.195479e-20,9.002221e-11
3460,3460.000000,3,1.672539e-09,9.507635e-10,2.876429e-16,8.648008e-20,2.560330e-10
3461,3461.000000,3,1.669370e-09,9.483911e-10,2.876294e-16,9.012960e-21,-4.678746e-11
3462,3462.000000,3,1.664930e-09,9.460535e-10,2.876160e-16,6.791815e-20,-7.993295e-11
3463,3463.000000,3,1.651834e-09,9.437375e-10,2.876026e-16,8.685066e-20,6.208101e-11
3464,3464.000000,3,1.649724e-09,9.414542e-10,2.875893e-16,8.829988e-20,-4.763745e-12
3465,3465.000000,3,1.641347e-09,9.391916e-10,3.056278e-16,2.440514e-20,1.725327e-10
3466,3466.000000,3,1.636707e-09,9.369570e-10,3.594323e-16,-5.653283e-20,1.745049e-11
3467,3467.000000,3,1.631314e-09,9.347376e-10,3.594370e-16,1.448493e-19,1.702700e-10
3468,3468.000000,3,1.625310e-09,9.325454e-10,2.875365e-16,2.284673e-20,2.113802e-10
3469,3469.000000,3,1.620442e-09,9.303833e-10,2.875234e-16,1.762722e-19,-3.888179e-11
3470,3470.000000,3,1.613863e-09,9.282415e-10,2.875104e-16,2.397169e-20,7.616352e-11
3471,3471.000000,3,1.607020e-09,9.261225e-10,3.593718e-16,1.308997e-19,4.744694e-11
3472,3472.000000,3,1.604135e-09,9.240100e-10,2.874846e-16,7.679545e-21,4.437695e-11
3473,3473.000000,3,1.596469e-09,9.219185e-10,2.874717e-16,-5.063338e-20,8.711876e-11
3474,3474.000000,3,1.589939e-09,9.198622e-10,2.874589e-16,2.587421e-21,1.275002e-10
3475,3475.000000,3,1.586315e-09,9.178158e-10,2.874462e-16,-2.878589e-22,1.656000e-10
3476,3476.000000,3,1.581625e-09,9.157914e-10,2.874335e-16,1.357172e-19,2.565432e-10
3477,3477.000000,3,1.575160e-09,9.137788e-10,2.874209e-16,2.635067e-20,2.178728e-10
3478,3478.000000,3,1.568836e-09,9.117826e-10,3.592397e-16,-4.099176e-20,-2.539569e-11
3479,3479.000000,3,1.562505e-09,9.098056e-10,2.873958e-16,-5.925922e-21,-2.994538e-11
3480,3480.000000,3,1.558895e-09,9.078494e-10,2.873833e-16,1.956778e-20,-1.009859e-11
3481,3481.000000,3,1.569845e-09,9.154337e-10,2.873544e-16,-1.649729e-20,-1.215272e-10
3482,3482.000000,3,1.588681e-09,9.265291e-10,2.873585e-16,-8.010748e-20,-1.339395e-10
3483,3483.000000,3,1.597662e-09,9.320360e-10,2.873462e-16,-1.766527e-20,-2.500622e-11
3484,3484.000000,3,1.610339e-09,9.368004e-10,2.873339e-16,-1.459808e-20,-1.417240e-10
3485,3485.000000,3,1.616648e-09,9.403551e-10,2.873217e-16,4.099507e-20,1.225864e-11
3486,3486.000000,3,1.622773e-09,9.434933e-10,3.591165e-16,-1.648769e-19,5.214451e-11
3487,3487.000000,3,1.630788e-09,9.461019e-10,2.872974e-16,-4.982936e-20,-3.615375e-11
3488,3488.000000,3,1.633666e-09,9.484409e-10,2.872691e-16,1.159376e-20,3.997025e-11
3489,3489.000000,3,1.639300e-09,9.504721e-10,2.872733e-16,1.426754e-19,-7.874590e-12
3490,3490.000000,3,1.642945e-09,9.522996e-10,3.590563e-16,-4.189504e-20,-4.124212e-11
3491,3491.000000,3,1.646704e-09,9.539289e-10,2.872493e-16,3.545627e-20,6.084644e-11
3492,3492.000000,3,1.649738e-09,9.554157e-10,3.590467e-16,3.881462e-20,-4.210010e-11
3493,3493.000000,3,1.651713e-09,9.567540e-10,2.872254e-16,9.405705e-20,1.640226e-10
3494,3494.000000,3,1.657099e-09,9.579715e-10,2.872135e-16,3.934071e-21,-2.053291e-10
3495,3495.000000,3,1.657952e-09,9.590988e-10,2.871855e-16,1.155902e-19,-1.107625e-10
3496,3496.000000,3,1.659174e-09,9.601182e-10,2.871898e-16,8.956712e-21,4.398570e-11
3497,3497.000000,3,1.662677e-09,9.610568e-10,2.871779e-16,-2.412059e-20,6.037437e-11
3498,3498.000000,3,1.663153e-09,9.619132e-10,2.871661e-16,3.396073e-20,-1.728453e-10
3499,3499.000000,3,1.666592e-09,9.627148e-10,2.871542e-16,1.219463e-19,1.780278e-10
3500,3500.000000,3,1.668369e-09,9.634451e-10,3.589079e-16,2.791900e-20,7.082201e-11
3501,3501.000000,3,1.671879e-09,9.641252e-10,2.871306e-16,-5.010068e-20,-1.997020e-10
3502,3502.000000,3,1.671573e-09,9.647458e-10,2.871188e-16,4.726841e-20,-1.929235e-10
3503,3503.000000,3,1.669626e-09,9.653127e-10,3.588636e-16,-1.558673e-19,2.023199e-10
3504,3504.000000,3,1.671907e-09,9.658467e-10,2.870952e-16,1.763152e-19,5.448531e-11
3505,3505.000000,3,1.675403e-09,9.663301e-10,2.870834e-16,-8.139457e-22,-7.076784e-11
3506,3506.000000,3,1.674216e-09,9.667755e-10,2.870555e-16,-1.448095e-19,4.204148e-11
3507,3507.000000,3,1.677734e-09,9.671868e-10,2.870599e-16,9.175749e-20,-2.742739e-11
3508,3508.000000,3,1.678174e-09,9.675554e-10,2.870481e-16,2.176775e-19,-4.003464e-12
3509,3509.000000,3,1.677932e-09,9.679102e-10,2.870363e-16,2.794878e-20,1.215721e-10
3510,3510.000000,3,1.679616e-09,9.682297e-10,2.870245e-16,-1.033314e-19,1.570433e-11
3511,3511.000000,3,1.680043e-09,9.685184e-10,3.048123e-16,2.485512e-20,-4.773915e-11
3512,3512.000000,3,1.679830e-09,9.687828e-10,2.870010e-16,-9.174095e-20,6.100809e-11
3513,3513.000000,3,1.681002e-09,9.690222e-10,2.869892e-16,1.453853e-20,-1.481801e-10
3514,3514.000000,3,1.680071e-09,9.692311e-10,2.869775e-16,1.144686e-19,8.183854e-11
3515,3515.000000,3,1.681009e-09,9.694268e-10,3.586870e-16,4.341375e-20,2.142286e-12
3516,3516.000000,3,1.684043e-09,9.696004e-10,2.869540e-16,-6.681634e-20,1.249356e-11
3517,3517.000000,3,1.681649e-09,9.697536e-10,2.869422e-16,-6.059594e-20,4.638423e-11
3518,3518.000000,3,1.681485e-09,9.698786e-10,2.869305e-16,7.022763e-20,7.834577e-11
3519,3519.000000,3,1.682160e-09,9.699967e-10,2.869187e-16,-1.201761e-19,5.267298e-11
3520,3520.000000,3,1.684072e-09,9.701013e-10,2.869070e-16,1.553114e-20,5.220357e-11
3521,3521.000000,3,1.682736e-09,9.701828e-10,3.585989e-16,2.908698e-20,9.451862e-11
3522,3522.000000,3,1.683880e-09,9.702459e-10,2.868835e-16,4.511443e-20,-2.217617e-10
3523,3523.000000,3,1.683809e-09,9.703025e-10,2.868557e-16,-2.137766e-19,1.115126e-10
3524,3524.000000,3,1.684384e-09,9.703445e-10,3.585549e-16,5.051427e-20,5.224621e-11
3525,3525.000000,3,1.682693e-09,9.703640e-10,2.868482e-16,-2.400809e-20,5.853629e-11
3526,3526.000000,3,1.682977e-09,9.703791e-10,3.585456e-16,6.276646e-21,2.099640e-10
3527,3527.000000,3,1.685962e-09,9.703836e-10,2.868248e-16,1.741314e-19,6.366907e-11
3528,3528.000000,3,1.682778e-09,9.703691e-10,2.868130e-16,6.349438e-21,-3.993339e-11
3529,3529.000000,3,1.680228e-09,9.703411e-10,2.868013e-16,1.160700e-20,-9.573498e-11
3530,3530.000000,3,1.683361e-09,9.703116e-10,2.867896e-16,-2.124531e-20,-1.329621e-10
3531,3531.000000,3,1.682942e-09,9.702561e-10,2.867778e-16,-9.266077e-20,-8.787193e-12
3532,3532.000000,3,1.681080e-09,9.702132e-10,2.867661e-16,-1.604631e-19,-3.308154e-11
3533,3533.000000,3,1.681521e-09,9.701471e-10,2.867544e-16,1.394693e-19,5.344081e-11
3534,3534.000000,3,1.682750e-09,9.700811e-10,2.867427e-16,2.908367e-21,-5.717204e-12
3535,3535.000000,3,1.681627e-09,9.699896e-10,3.584137e-16,4.354610e-20,1.280269e-10
3536,3536.000000,3,1.680426e-09,9.699002e-10,2.867192e-16,-5.757839e-20,8.505685e-11
3537,3537.000000,3,1.681279e-09,9.698053e-10,3.043280e-16,-5.654276e-20,-1.811884e-13
3538,3538.000000,3,1.680704e-09,9.696945e-10,2.866958e-16,7.927699e-21,6.926859e-11
3539,3539.000000,3,1.680746e-09,9.695764e-10,2.866841e-16,-9.611839e-20,-6.632828e-11
3540,3540.000000,3,1.682324e-09,9.694610e-10,2.866724e-16,-6.174407e-20,-2.884049e-11
3541,3541.000000,3,1.701764e-09,9.832473e-10,2.866607e-16,4.908490e-20,2.876366e-11
3542,3542.000000,3,1.737476e-09,1.002155e-09,2.866490e-16,1.804246e-20,1.408580e-10
3543,3543.000000,3,1.762622e-09,1.012885e-09,2.866373e-16,9.979107e-20,9.974910e-11
3544,3544.000000,3,1.782858e-09,1.022473e-09,2.866256e-16,-6.187973e-20,-5.070033e-11
3545,3545.000000,3,1.800764e-09,1.030291e-09,3.582673e-16,1.216286e-20,-7.587930e-11
3546,3546.000000,3,1.819856e-09,1.037478e-09,2.866022e-16,1.281567e-19,4.091083e-11
3547,3547.000000,3,1.833556e-09,1.043852e-09,2.865904e-16,-2.289636e-20,-6.366241e-11
3548,3548.000000,3,1.849386e-09,1.049810e-09,2.865787e-16,-5.546742e-20,4.614664e-11
3549,3549.000000,3,1.864457e-09,1.055285e-09,2.865670e-16,-1.061438e-19,-9.245849e-11
3550,3550.000000,3,1.877076e-09,1.060453e-09,3.040709e-16,1.672228e-20,2.187113e-10
3551,3551.000000,3,1.889703e-09,1.065303e-09,2.865435e-16,2.567238e-20,-1.130336e-10
3552,3552.000000,3,1.901810e-09,1.069912e-09,2.865316e-16,1.968690e-21,-2.804024e-10
3553,3553.000000,3,1.914636e-09,1.074289e-09,2.865198e-16,-1.869428e-20,-1.740834e-10
3554,3554.000000,3,1.924548e-09,1.078479e-09,2.865079e-16,1.947382e-19,-7.301892e-11
3555,3555.000000,3,1.933095e-09,1.082484e-09,2.864960e-16,-7.907516e-20,3.275868e-11
3556,3556.000000,3,1.943917e-09,1.086334e-09,2.864840e-16,-2.013688e-20,1.680545e-10
3557,3557.000000,3,1.955172e-09,1.090042e-09,3.580698e-16,-8.372722e-20,-4.033218e-11
3558,3558.000000,3,1.962604e-09,1.093606e-09,2.864599e-16,6.789829e-20,2.264842e-10
3559,3559.000000,3,1.972602e-09,1.097063e-09,2.864478e-16,-1.101805e-20,-3.493872e-11
3560,3560.000000,3,1.982976e-09,1.100413e-09,2.864357e-16,-3.206814e-20,-1.259974e-10
3561,3561.000000,3,1.989882e-09,1.103655e-09,2.864072e-16,-8.264858e-20,1.054312e-10
3562,3562.000000,3,2.000036e-09,1.106803e-09,2.864112e-16,-6.129739e-20,1.159646e-10
3563,3563.000000,3,2.010275e-09,1.109858e-09,3.037862e-16,-6.026176e-20,-2.748113e-11
3564,3564.000000,3,2.015014e-09,1.112825e-09,3.579830e-16,-1.274255e-19,9.234302e-11
3565,3565.000000,3,2.025580e-09,1.115714e-09,2.863740e-16,1.311578e-20,3.636957e-11
3566,3566.000000,3,2.031925e-09,1.118542e-09,2.863615e-16,-8.390920e-21,6.424328e-11
3567,3567.000000,3,2.041062e-09,1.121289e-09,2.863489e-16,-2.171548e-19,1.893730e-11
3568,3568.000000,3,2.048900e-09,1.123976e-09,2.863363e-16,3.709740e-20,-3.249667e-11
3569,3569.000000,3,2.054321e-09,1.126602e-09,2.863236e-16,1.013396e-19,-2.545697e-11
3570,3570.000000,3,2.062819e-09,1.129164e-09,2.863109e-16,-3.603860e-20,7.371881e-11
3571,3571.000000,3,2.072170e-09,1.131672e-09,2.862981e-16,-8.544776e-20,6.356249e-11
3572,3572.000000,3,2.079979e-09,1.134117e-09,2.862853e-16,-6.772624e-20,1.429457e-10
3573,3573.000000,3,2.085649e-09,1.136516e-09,2.862723e-16,-5.018670e-20,8.879741e-11
3574,3574.000000,3,2.093046e-09,1.138873e-09,2.862594e-16,1.366469e-19,-1.324159e-10
3575,3575.000000,3,2.099512e-09,1.141187e-09,2.862463e-16,4.307295e-20,-2.954170e-11
3576,3576.000000,3,2.105757e-09,1.143444e-09,2.862333e-16,-5.660231e-20,-1.214735e-10
3577,3577.000000,3,2.112181e-09,1.145664e-09,3.577751e-16,3.991974e-20,-1.191216e-10
3578,3578.000000,3,2.119926e-09,1.147838e-09,2.862069e-16,-1.506660e-19,-1.067706e-10
3579,3579.000000,3,2.125489e-09,1.149971e-09,2.861936e-16,-2.016666e-20,-4.450218e-11
3580,3580.000000,3,2.132573e-09,1.152069e-09,2.861803e-16,8.937521e-20,9.819612e-11
3581,3581.000000,3,2.139359e-09,1.154139e-09,2.861669e-16,7.180259e-20,-1.058704e-10
3582,3582.000000,3,2.145228e-09,1.156160e-09,2.861535e-16,-3.052627e-20,-1.157487e-10
3583,3583.000000,3,2.151545e-09,1.158155e-09,2.861232e-16,-6.816299e-20,-6.111556e-11
3584,3584.000000,3,2.157847e-09,1.160112e-09,3.576581e-16,7.031035e-21,-2.308349e-10
3585,3585.000000,3,2.163688e-09,1.162038e-09,2.861128e-16,1.826746e-20,1.142304e-10
3586,3586.000000,3,2.170452e-09,1.163935e-09,3.576028e-16,-2.624313e-19,-3.197620e-11
3587,3587.000000,3,2.174446e-09,1.165805e-09,3.575856e-16,-5.350204e-21,-1.224523e-10
3588,3588.000000,3,2.182809e-09,1.167638e-09,2.860717e-16,-7.332129e-21,9.494228e-11
3589,3589.000000,3,2.188436e-09,1.169453e-09,2.860578e-16,2.160033e-19,-1.520695e-10
3590,3590.000000,3,2.194412e-09,1.171227e-09,2.860439e-16,8.702271e-20,-1.033396e-11
3591,3591.000000,3,2.198625e-09,1.172992e-09,2.860300e-16,-8.313165e-20,-1.533973e-11
3592,3592.000000,3,2.206306e-09,1.174721e-09,3.575200e-16,3.229313e-20,-6.160450e-11
3593,3593.000000,3,2.210975e-09,1.176422e-09,2.860019e-16,-1.494252e-19,-2.771650e-11
3594,3594.000000,3,2.219068e-09,1.178101e-09,2.859878e-16,1.333184e-19,-1.466960e-10
3595,3595.000000,3,2.219970e-09,1.179759e-09,3.574456e-16,1.293413e-19,-1.369127e-12
3596,3596.000000,3,2.227488e-09,1.181402e-09,2.859423e-16,-1.533725e-19,-5.017764e-12
3597,3597.000000,3,2.230983e-09,1.183007e-09,2.859452e-16,5.962980e-20,6.000178e-11
3598,3598.000000,3,2.237577e-09,1.184586e-09,2.859308e-16,1.380928e-19,5.994583e-11
3599,3599.000000,3,2.243340e-09,1.186160e-09,2.859165e-16,9.049025e-20,-1.188383e-11
3600,3600.000000,3,2.248136e-09,1.187708e-09,3.029225e-16,-4.582250e-20,-1.385416e-10
3601,3601.000000,3,2.221874e-09,1.170869e-09,2.858875e-16,6.553587e-20,1.609735e-11
3602,3602.000000,3,2.176684e-09,1.147217e-09,2.858730e-16,2.263166e-20,-3.917533e-11
3603,3603.000000,3,2.146976e-09,1.134350e-09,2.858584e-16,-6.867584e-20,-8.151657e-11
3604,3604.000000,3,2.123500e-09,1.122950e-09,2.858438e-16,1.721859e-20,2.482636e-11
3605,3605.000000,3,2.099696e-09,1.113876e-09,2.858291e-16,2.766754e-20,8.349632e-11
3606,3606.000000,3,2.079886e-09,1.105602e-09,3.572680e-16,-5.740964e-20,8.745538e-11
3607,3607.000000,3,2.061590e-09,1.098379e-09,2.857996e-16,3.398058e-21,1.538414e-10
3608,3608.000000,3,2.045667e-09,1.091697e-09,2.857848e-16,-1.109051e-19,5.604850e-12
3609,3609.000000,3,2.031072e-09,1.085620e-09,2.857700e-16,3.146595e-21,-5.592904e-11
3610,3610.000000,3,2.018361e-09,1.079920e-09,2.857551e-16,1.036193e-19,-1.215583e-10
3611,3611.000000,3,2.004690e-09,1.074629e-09,2.857402e-16,1.371598e-19,5.365086e-11
3612,3612.000000,3,1.990792e-09,1.069623e-09,2.857254e-16,4.772501e-20,3.182254e-11
3613,3613.000000,3,1.981284e-09,1.064916e-09,2.857105e-16,-7.961448e-20,8.231638e-11
3614,3614.000000,3,1.968935e-09,1.060421e-09,2.856957e-16,2.209234e-20,-1.741274e-12
3615,3615.000000,3,1.958462e-09,1.056165e-09,2.856634e-16,9.336553e-20,-5.247935e-11
3616,3616.000000,3,1.949573e-09,1.052072e-09,3.570825e-16,-1.042380e-19,1.296385e-11
3617,3617.000000,3,1.938616e-09,1.048166e-09,2.856512e-16,-1.062298e-19,-3.228973e-11
3618,3618.000000,3,1.930097e-09,1.044411e-09,3.570455e-16,5.016023e-20,-3.040457e-11
3619,3619.000000,3,1.921784e-09,1.040794e-09,2.856216e-16,-4.238473e-21,-1.198210e-10
3620,3620.000000,3,1.911488e-09,1.037305e-09,2.856069e-16,1.063423e-19,1.613940e-10
3621,3621.000000,3,1.902841e-09,1.033933e-09,2.855922e-16,-4.232849e-20,-3.617195e-11
3622,3622.000000,3,1.895806e-09,1.030674e-09,2.855775e-16,-8.229785e-20,-2.879075e-11
3623,3623.000000,3,1.887095e-09,1.027514e-09,2.855628e-16,-3.597243e-20,1.174536e-10
3624,3624.000000,3,1.877851e-09,1.024450e-09,2.855482e-16,-4.953488e-20,2.361609e-10
3625,3625.000000,3,1.872252e-09,1.021465e-09,2.855336e-16,7.749690e-20,-1.399174e-10
3626,3626.000000,3,1.865615e-09,1.018581e-09,2.855191e-16,-1.972329e-20,5.891021e-11
3627,3627.000000,3,1.856598e-09,1.015751e-09,3.023539e-16,7.992881e-20,-2.392659e-10
3628,3628.000000,3,1.848818e-09,1.013007e-09,2.854901e-16,-7.841010e-20,-5.442002e-11
3629,3629.000000,3,1.842949e-09,1.010320e-09,2.854757e-16,4.473393e-21,2.352030e-11
3630,3630.000000,3,1.836121e-09,1.007699e-09,2.854613e-16,-1.962072e-21,-1.316152e-10
3631,3631.000000,3,1.828667e-09,1.005136e-09,2.854469e-16,5.314139e-20,-2.538680e-11
3632,3632.000000,3,1.826173e-09,1.002642e-09,3.567908e-16,-1.433173e-19,-1.377836e-10
3633,3633.000000,3,1.815707e-09,1.000184e-09,2.854183e-16,-5.406452e-21,-4.466782e-11
3634,3634.000000,3,1.812474e-09,9.977872e-10,2.854041e-16,1.508777e-21,-1.143845e-10
3635,3635.000000,3,1.806015e-09,9.954388e-10,3.567161e-16,-2.322723e-21,1.352252e-12
3636,3636.000000,3,1.799648e-09,9.931334e-10,2.853758e-16,-1.760340e-19,1.443863e-10
3637,3637.000000,3,1.794106e-09,9.908756e-10,2.853616e-16,3.137331e-20,-1.820366e-11
3638,3638.000000,3,1.787477e-09,9.886469e-10,2.853476e-16,3.766981e-20,1.768008e-11
3639,3639.000000,3,1.783398e-09,9.864742e-10,3.566457e-16,-5.194694e-22,3.412293e-11
3640,3640.000000,3,1.774396e-09,9.843286e-10,3.566494e-16,9.276003e-20,1.456959e-10
3641,3641.000000,3,1.772904e-09,9.822216e-10,2.852887e-16,5.483215e-20,-1.480771e-10
3642,3642.000000,3,1.766416e-09,9.801506e-10,2.852917e-16,-1.232499e-20,-6.732392e-11
3643,3643.000000,3,1.761777e-09,9.781225e-10,2.852778e-16,-4.355602e-20,-2.230625e-10
3644,3644.000000,3,1.756497e-09,9.761167e-10,2.852640e-16,7.330144e-20,7.287237e-11
3645,3645.000000,3,1.751552e-09,9.741372e-10,2.852502e-16,4.824779e-20,-2.047074e-11
3646,3646.000000,3,1.744610e-09,9.721965e-10,2.852365e-16,6.475170e-21,1.167884e-10
3647,3647.000000,3,1.741363e-09,9.702765e-10,2.852228e-16,1.061438e-19,-8.085621e-11
3648,3648.000000,3,1.734847e-09,9.683832e-10,3.565114e-16,6.413958e-20,5.196643e-11
3649,3649.000000,3,1.731188e-09,9.665229e-10,2.851955e-16,-1.333878e-19,-8.982148e-12
3650,3650.000000,3,1.723826e-09,9.646839e-10,2.851819e-16,7.524366e-20,4.676659e-11
3651,3651.000000,3,1.720657e-09,9.628678e-10,2.851684e-16,2.600987e-20,-2.622080e-11
3652,3652.000000,3,1.714298e-09,9.610934e-10,2.851549e-16,3.413940e-20,-6.744516e-11
3653,3653.000000,3,1.712699e-09,9.593195e-10,2.851414e-16,1.015943e-19,-1.185807e-11
3654,3654.000000,3,1.706859e-09,9.575785e-10,2.851280e-16,-9.614817e-20,-2.721023e-11
3655,3655.000000,3,1.706084e-09,9.558550e-10,2.851146e-16,5.227781e-21,5.615819e-11
3656,3656.000000,3,1.699497e-09,9.541539e-10,2.851013e-16,-7.173310e-20,4.154010e-11
3657,3657.000000,3,1.693948e-09,9.524663e-10,2.850880e-16,2.484156e-19,1.454512e-10
3658,3658.000000,3,1.690033e-09,9.508065e-10,3.017669e-16,-1.089298e-19,-9.509682e-11
3659,3659.000000,3,1.685159e-09,9.491645e-10,2.850615e-16,1.867443e-19,-2.201528e-11
3660,3660.000000,3,1.682444e-09,9.475414e-10,2.850483e-16,-2.194312e-19,-3.459855e-11
3661,3661.000000,3,1.689067e-09,9.527317e-10,2.850352e-16,-1.799614e-20,1.668941e-10
3662,3662.000000,3,1.700968e-09,9.604872e-10,2.850221e-16,-1.280641e-19,-2.380673e-11
3663,3663.000000,3,1.710099e-09,9.642385e-10,2.850090e-16,7.017800e-20,-2.718314e-11
3664,3664.000000,3,1.714461e-09,9.674643e-10,2.849960e-16,9.537392e-20,1.293765e-10
3665,3665.000000,3,1.723443e-09,9.698347e-10,2.849830e-16,-4.087927e-20,6.074741e-11
3666,3666.000000,3,1.725439e-09,9.719108e-10,2.849700e-16,1.626568e-19,1.718479e-10
3667,3667.000000,3,1.728687e-09,9.736092e-10,3.015975e-16,-8.439227e-20,1.092131e-10
3668,3668.000000,3,1.733177e-09,9.751124e-10,2.849442e-16,-1.689103e-20,-6.710721e-11
3669,3669.000000,3,1.736296e-09,9.764145e-10,3.561437e-16,5.426636e-20,-3.864242e-11
3670,3670.000000,3,1.738535e-09,9.775549e-10,2.849185e-16,1.992016e-19,-1.134115e-11
3671,3671.000000,3,1.741263e-09,9.785788e-10,2.849056e-16,-6.169775e-20,-7.832757e-11
3672,3672.000000,3,1.744390e-09,9.794900e-10,2.848928e-16,-7.607084e-20,9.562973e-11
3673,3673.000000,3,1.746990e-09,9.803087e-10,2.848801e-16,1.285736e-19,9.656587e-11
3674,3674.000000,3,1.746500e-09,9.810344e-10,3.014653e-16,-2.341583e-20,-6.387557e-11
3675,3675.000000,3,1.746699e-09,9.817100e-10,2.848545e-16,-8.957043e-20,9.570122e-13
3676,3676.000000,3,1.751559e-09,9.823009e-10,2.848418e-16,4.002562e-20,1.035092e-10
3677,3677.000000,3,1.752312e-09,9.828478e-10,3.560161e-16,1.560724e-20,-2.778755e-11
3678,3678.000000,3,1.754451e-09,9.833394e-10,2.848164e-16,3.272988e-20,-5.431477e-11
3679,3679.000000,3,1.753349e-09,9.837793e-10,3.559843e-16,-4.093551e-20,-2.516387e-11
3680,3680.000000,3,1.753797e-09,9.841914e-10,2.847909e-16,1.979278e-20,7.272760e-11
3681,3681.000000,3,1.757094e-09,9.845542e-10,2.847782e-16,1.226113e-19,-4.067102e-11
3682,3682.000000,3,1.754344e-09,9.848908e-10,2.847656e-16,7.378451e-22,3.545386e-11
3683,3683.000000,3,1.759837e-09,9.851924e-10,2.847529e-16,-1.812617e-19,-8.298162e-11
3684,3684.000000,3,1.760519e-09,9.854608e-10,2.847402e-16,2.548047e-20,-7.380496e-11
3685,3685.000000,3,1.757918e-09,9.857100e-10,3.558891e-16,-7.894281e-20,1.076943e-10
3686,3686.000000,3,1.758750e-09,9.859298e-10,2.847148e-16,1.633616e-19,8.390977e-11
3687,3687.000000,3,1.761599e-09,9.861225e-10,3.558777e-16,-5.243332e-20,3.720668e-11
3688,3688.000000,3,1.762352e-09,9.862950e-10,2.846895e-16,-2.513967e-20,6.879031e-11
3689,3689.000000,3,1.761499e-09,9.864491e-10,2.846768e-16,1.701345e-20,1.916285e-10
3690,3690.000000,3,1.762778e-09,9.865939e-10,2.846642e-16,1.735987e-19,-1.660583e-10
3691,3691.000000,3,1.762217e-09,9.867054e-10,2.846353e-16,-4.504495e-20,1.548592e-10
3692,3692.000000,3,1.764953e-09,9.868044e-10,2.846389e-16,1.374443e-20,-8.602541e-11
3693,3693.000000,3,1.762309e-09,9.868879e-10,2.846262e-16,-2.534151e-20,1.108718e-10
3694,3694.000000,3,1.763929e-09,9.869521e-10,3.557467e-16,-7.010521e-20,2.661027e-11
3695,3695.000000,3,1.762317e-09,9.870160e-10,2.846009e-16,4.877057e-20,-9.007950e-11
3696,3696.000000,3,1.764654e-09,9.870647e-10,2.845882e-16,1.543519e-20,7.412915e-11
3697,3697.000000,3,1.763837e-09,9.870940e-10,2.845756e-16,1.987880e-19,4.316592e-11
3698,3698.000000,3,1.762949e-09,9.871208e-10,3.556835e-16,-1.946191e-20,1.081131e-10
3699,3699.000000,3,1.764434e-09,9.871284e-10,2.845503e-16,1.198717e-19,4.896128e-11
3700,3700.000000,3,1.763951e-09,9.871264e-10,3.556721e-16,8.915353e-20,6.773959e-11
3701,3701.000000,3,1.764334e-09,9.871179e-10,3.556361e-16,-2.489483e-20,-5.466738e-12
3702,3702.000000,3,1.765422e-09,9.870875e-10,3.556203e-16,-4.842977e-20,4.363310e-11
3703,3703.000000,3,1.763375e-09,9.870653e-10,3.556246e-16,-4.910144e-20,-2.525615e-10
3704,3704.000000,3,1.766630e-09,9.870345e-10,2.844871e-16,-6.892069e-21,1.591478e-10
3705,3705.000000,3,1.764960e-09,9.869874e-10,2.844744e-16,-8.787967e-21,-2.770140e-11
3706,3706.000000,3,1.764867e-09,9.869301e-10,3.555570e-16,2.709513e-20,-7.447998e-11
3707,3707.000000,3,1.764050e-09,9.868713e-10,2.844491e-16,-4.718238e-20,5.064882e-11
3708,3708.000000,3,1.765741e-09,9.868040e-10,3.008062e-16,6.754426e-20,7.559553e-11
3709,3709.000000,3,1.766175e-09,9.867434e-10,2.844238e-16,6.881150e-20,-4.959144e-12
3710,3710.000000,3,1.764228e-09,9.866596e-10,2.844112e-16,-7.452566e-20,-7.115508e-11
3711,3711.000000,3,1.764931e-09,9.865697e-10,2.843986e-16,5.328698e-20,-1.319922e-11
3712,3712.000000,3,1.765372e-09,9.864776e-10,2.843859e-16,4.509789e-20,-1.300831e-10
3713,3713.000000,3,1.764512e-09,9.863816e-10,2.843733e-16,5.850483e-20,1.126073e-10
3714,3714.000000,3,1.764391e-09,9.862793e-10,2.843606e-16,1.156398e-20,-4.102230e-11
3715,3715.000000,3,1.764441e-09,9.861703e-10,3.554148e-16,-4.398616e-20,-3.702372e-12
3716,3716.000000,3,1.761265e-09,9.860561e-10,2.843353e-16,-5.571889e-21,-1.106311e-10
3717,3717.000000,3,1.765613e-09,9.859384e-10,2.843227e-16,1.697143e-19,-3.437384e-11
3718,3718.000000,3,1.764754e-09,9.858139e-10,3.553674e-16,-5.259876e-20,-1.747296e-10
3719,3719.000000,3,1.764711e-09,9.856946e-10,2.842974e-16,9.825913e-20,1.625575e-10
3720,3720.000000,3,1.766409e-09,9.855659e-10,3.553560e-16,4.511774e-20,-4.129630e-11
3721,3721.000000,3,1.766011e-09,9.877339e-10,2.842721e-16,1.879685e-19,-7.573409e-11
3722,3722.000000,3,1.773266e-09,9.907499e-10,2.842595e-16,-7.472750e-20,-6.672973e-11
3723,3723.000000,3,1.776677e-09,9.924042e-10,2.842469e-16,-1.244344e-19,1.869926e-11
3724,3724.000000,3,1.779661e-09,9.938737e-10,2.842342e-16,-3.294826e-20,-4.117240e-11
3725,3725.000000,3,1.783512e-09,9.950329e-10,2.842216e-16,-6.610497e-20,-1.935945e-10
3726,3726.000000,3,1.785480e-09,9.961048e-10,3.552612e-16,-1.937257e-20,-2.059197e-11
3727,3727.000000,3,1.787861e-09,9.970249e-10,2.841963e-16,4.701695e-20,-5.199885e-11
3728,3728.000000,3,1.791044e-09,9.978736e-10,2.841837e-16,6.464582e-20,-5.697443e-11
3729,3729.000000,3,1.793573e-09,9.986365e-10,2.841710e-16,-2.901419e-20,2.070122e-11
3730,3730.000000,3,1.795051e-09,9.993568e-10,2.841584e-16,-3.000680e-20,1.260059e-10
3731,3731.000000,3,1.796501e-09,1.000019e-09,2.841457e-16,-3.204829e-20,4.648593e-11
3732,3732.000000,3,1.798711e-09,1.000636e-09,3.551663e-16,7.318894e-21,1.235239e-10
3733,3733.000000,3,1.800636e-09,1.001222e-09,2.841204e-16,-3.987011e-20,3.519851e-12
3734,3734.000000,3,1.801340e-09,1.001761e-09,2.841077e-16,-1.009988e-19,7.107692e-11
3735,3735.000000,3,1.803379e-09,1.002273e-09,2.840951e-16,1.828466e-19,-2.302292e-11
3736,3736.000000,3,1.804928e-09,1.002766e-09,2.840824e-16,5.357814e-20,6.278222e-11
3737,3737.000000,3,1.807386e-09,1.003226e-09,2.840697e-16,-1.949168e-20,-6.017231e-11
3738,3738.000000,3,1.809802e-09,1.003666e-09,2.840570e-16,-7.735793e-21,-3.267964e-11
3739,3739.000000,3,1.810932e-09,1.004080e-09,2.840443e-16,-1.522939e-19,1.336486e-11
3740,3740.000000,3,1.808189e-09,1.004480e-09,2.840316e-16,-9.959255e-22,-2.072431e-11
3741,3741.000000,3,1.813611e-09,1.004860e-09,3.001580e-16,-1.300990e-19,-5.976908e-11
3742,3742.000000,3,1.811465e-09,1.005213e-09,2.840062e-16,-1.013958e-19,-1.065970e-10
3743,3743.000000,3,1.815003e-09,1.005558e-09,3.549716e-16,-9.224056e-20,-1.168745e-10
3744,3744.000000,3,1.815721e-09,1.005882e-09,2.839807e-16,-3.697166e-20,1.104663e-10
3745,3745.000000,3,1.817142e-09,1.006198e-09,2.839679e-16,-1.289740e-19,-1.420140e-10
3746,3746.000000,3,1.817348e-09,1.006506e-09,3.549238e-16,-1.315879e-20,5.870371e-11
3747,3747.000000,3,1.818293e-09,1.006789e-09,2.839424e-16,2.081517e-20,1.130123e-10
3748,3748.000000,3,1.819338e-09,1.007068e-09,3.548918e-16,-2.819032e-21,-7.787104e-12
3749,3749.000000,3,1.821192e-09,1.007333e-09,3.548758e-16,2.358788e-20,4.688649e-11
3750,3750.000000,3,1.820851e-09,1.007589e-09,2.839040e-16,6.538366e-20,2.276535e-11
3751,3751.000000,3,1.823217e-09,1.007836e-09,2.838912e-16,1.823437e-20,1.015810e-10
3752,3752.000000,3,1.822556e-09,1.008066e-09,2.838784e-16,8.809804e-20,1.425100e-10
3753,3753.000000,3,1.824205e-09,1.008294e-09,3.548319e-16,1.816489e-21,1.214371e-10
3754,3754.000000,3,1.825619e-09,1.008509e-09,3.547957e-16,7.832077e-20,-8.713652e-11
3755,3755.000000,3,1.825711e-09,1.008717e-09,2.838399e-16,2.449017e-19,-3.359579e-11
3756,3756.000000,3,1.826407e-09,1.008914e-09,2.838270e-16,-9.551951e-20,1.794431e-11
3757,3757.000000,3,1.826756e-09,1.009106e-09,3.547475e-16,-1.241300e-19,6.107337e-11
3758,3758.000000,3,1.829633e-09,1.009287e-09,2.838013e-16,-4.304979e-20,1.348868e-10
3759,3759.000000,3,1.828283e-09,1.009466e-09,2.837884e-16,6.485096e-21,-6.031087e-11
3760,3760.000000,3,1.830593e-09,1.009629e-09,2.837755e-16,-3.192586e-20,-2.130625e-10
3761,3761.000000,3,1.830003e-09,1.009797e-09,2.837626e-16,-4.382072e-20,1.293321e-10
3762,3762.000000,3,1.828639e-09,1.009950e-09,3.546669e-16,-8.388935e-20,5.756995e-11
3763,3763.000000,3,1.833897e-09,1.010104e-09,2.837368e-16,2.279379e-20,3.073630e-11
3764,3764.000000,3,1.834479e-09,1.010246e-09,2.837238e-16,1.938448e-19,-1.533431e-10
3765,3765.000000,3,1.836717e-09,1.010372e-09,2.837109e-16,-2.409412e-20,-4.181144e-11
3766,3766.000000,3,1.836064e-09,1.010510e-09,2.836979e-16,-3.063877e-20,9.274448e-11
3767,3767.000000,3,1.837968e-09,1.010635e-09,2.836850e-16,5.918312e-20,-2.188383e-11
3768,3768.000000,3,1.837989e-09,1.010752e-09,3.545900e-16,-7.188861e-20,-1.648899e-10
3769,3769.000000,3,1.838245e-09,1.010869e-09,2.836591e-16,8.727748e-20,-3.752509e-11
3770,3770.000000,3,1.837471e-09,1.010972e-09,2.995775e-16,8.878295e-20,-1.225486e-10
3771,3771.000000,3,1.836476e-09,1.011078e-09,2.836331e-16,-1.428706e-20,9.881784e-11
3772,3772.000000,3,1.838281e-09,1.011175e-09,2.836201e-16,9.355082e-20,2.298828e-11
3773,3773.000000,3,1.841009e-09,1.011278e-09,2.836071e-16,-2.909360e-20,-8.970602e-11
3774,3774.000000,3,1.839730e-09,1.011364e-09,2.835941e-16,-7.345364e-21,-9.486101e-11
3775,3775.000000,3,1.840789e-09,1.011449e-09,2.835811e-16,-4.239135e-20,1.186002e-10
3776,3776.000000,3,1.840185e-09,1.011532e-09,2.835680e-16,1.488263e-20,1.291069e-10
3777,3777.000000,3,1.841627e-09,1.011609e-09,2.835550e-16,4.592176e-20,-4.144907e-11
3778,3778.000000,3,1.841698e-09,1.011677e-09,2.835419e-16,-1.312669e-19,1.620104e-10
3779,3779.000000,3,1.843290e-09,1.011759e-09,2.835289e-16,-1.451437e-19,-1.403286e-10
3780,3780.000000,3,1.841919e-09,1.011819e-09,2.835158e-16,4.529641e-20,-3.376055e-11
3781,3781.000000,3,1.828731e-09,1.003895e-09,2.835028e-16,8.342282e-20,6.004885e-11
3782,3782.000000,3,1.810527e-09,9.929952e-10,2.834897e-16,-6.104593e-21,-3.113865e-11
3783,3783.000000,3,1.795222e-09,9.867995e-10,2.834766e-16,2.292283e-20,-1.085025e-10
3784,3784.000000,3,1.783881e-09,9.812431e-10,2.834635e-16,-8.383310e-20,-2.076712e-10
3785,3785.000000,3,1.773245e-09,9.767183e-10,3.542927e-16,-3.961203e-20,1.639799e-11
3786,3786.000000,3,1.762245e-09,9.725420e-10,2.834373e-16,3.912233e-20,-4.658585e-11
3787,3787.000000,3,1.753747e-09,9.688357e-10,2.834242e-16,-1.730131e-20,-5.896084e-11
3788,3788.000000,3,1.746514e-09,9.653605e-10,2.834111e-16,6.008640e-21,-2.812728e-11
3789,3789.000000,3,1.737000e-09,9.621544e-10,2.833980e-16,-4.122668e-20,-5.428946e-11
3790,3790.000000,3,1.731095e-09,9.591177e-10,2.833849e-16,2.189249e-19,-1.029359e-10
3791,3791.000000,3,1.723173e-09,9.562704e-10,2.833718e-16,8.050122e-21,-8.041834e-11
3792,3792.000000,3,1.717439e-09,9.535448e-10,2.833587e-16,1.039237e-19,-4.651390e-11
3793,3793.000000,3,1.710383e-09,9.509498e-10,2.833457e-16,-5.959340e-20,-4.509682e-11
3794,3794.000000,3,1.704201e-09,9.484591e-10,3.541658e-16,1.262410e-19,1.014491e-10
3795,3795.000000,3,1.697437e-09,9.460623e-10,2.833196e-16,7.861194e-20,1.747846e-10
3796,3796.000000,3,1.691369e-09,9.437620e-10,2.833066e-16,-1.035101e-19,-1.158096e-10
3797,3797.000000,3,1.687674e-09,9.415355e-10,2.832936e-16,-1.438004e-19,2.811618e-11
3798,3798.000000,3,1.681002e-09,9.393679e-10,2.832807e-16,8.836274e-20,2.798783e-11
3799,3799.000000,3,1.677556e-09,9.372767e-10,2.832516e-16,-1.968359e-20,-1.702727e-11
3800,3800.000000,3,1.670173e-09,9.352350e-10,2.832548e-16,8.694992e-20,1.836309e-11
3801,3801.000000,3,1.667644e-09,9.332597e-10,2.832419e-16,1.163347e-20,6.502443e-11
3802,3802.000000,3,1.662684e-09,9.313232e-10,2.832291e-16,2.082510e-20,-2.384124e-10
3803,3803.000000,3,1.657206e-09,9.294474e-10,2.832163e-16,1.165034e-19,-2.591261e-11
3804,3804.000000,3,1.654506e-09,9.276089e-10,2.832035e-16,-7.282498e-20,-3.293543e-11
3805,3805.000000,3,1.647571e-09,9.258037e-10,3.539684e-16,1.151733e-19,6.671819e-11
3806,3806.000000,3,1.644459e-09,9.240533e-10,2.831780e-16,4.578279e-20,5.176615e-11
3807,3807.000000,3,1.637360e-09,9.223169e-10,2.988725e-16,3.209792e-20,6.059597e-11
3808,3808.000000,3,1.635357e-09,9.206325e-10,2.831526e-16,-8.111002e-20,3.126432e-11
3809,3809.000000,3,1.628742e-09,9.189693e-10,3.539050e-16,3.514856e-20,3.855583e-11
3810,3810.000000,3,1.627022e-09,9.173444e-10,2.988174e-16,-3.992635e-20,-2.293983e-10
3811,3811.000000,3,1.622162e-09,9.157495e-10,3.538735e-16,-7.833400e-20,-2.271117e-11
3812,3812.000000,3,1.617984e-09,9.141741e-10,3.538777e-16,-1.573066e-19,-1.496931e-10
3813,3813.000000,3,1.616378e-09,9.126246e-10,3.538620e-16,-5.903423e-20,-1.810139e-10
3814,3814.000000,3,1.609983e-09,9.110943e-10,3.538464e-16,-3.126743e-21,-1.122862e-10
3815,3815.000000,3,1.605727e-09,9.096044e-10,2.830488e-16,3.306406e-20,-2.482281e-11
3816,3816.000000,3,1.602295e-09,9.081280e-10,2.830522e-16,-1.506097e-19,-3.159073e-11
3817,3817.000000,3,1.600959e-09,9.066754e-10,2.986954e-16,-8.983512e-20,-1.524563e-10
3818,3818.000000,3,1.594294e-09,9.052392e-10,2.830275e-16,-4.365528e-20,-8.061019e-11
3819,3819.000000,3,1.588425e-09,9.038237e-10,2.830151e-16,1.238389e-19,1.534533e-10
3820,3820.000000,3,1.589420e-09,9.024297e-10,2.830028e-16,8.230116e-20,2.308598e-11
3821,3821.000000,3,1.585718e-09,9.010472e-10,2.829905e-16,6.986037e-20,-8.751488e-11
3822,3822.000000,3,1.580958e-09,8.996810e-10,2.829783e-16,6.551270e-20,3.101874e-11
3823,3823.000000,3,1.576289e-09,8.983405e-10,3.536880e-16,6.198892e-20,1.681864e-10
3824,3824.000000,3,1.573461e-09,8.970138e-10,2.829539e-16,-8.427647e-20,-2.526823e-11
3825,3825.000000,3,1.572459e-09,8.957075e-10,2.829417e-16,9.098325e-20,-5.678080e-11
3826,3826.000000,3,1.565589e-09,8.944065e-10,2.829296e-16,-2.842523e-20,-1.128626e-10
3827,3827.000000,3,1.565915e-09,8.931256e-10,2.829175e-16,-8.011741e-20,-1.119673e-10
3828,3828.000000,3,1.562313e-09,8.918504e-10,2.829054e-16,-2.364413e-20,-3.578262e-10
3829,3829.000000,3,1.556359e-09,8.905909e-10,2.828934e-16,-1.043935e-19,-1.062777e-10
3830,3830.000000,3,1.556131e-09,8.893510e-10,2.828814e-16,3.146926e-20,3.119460e-11
3831,3831.000000,3,1.551193e-09,8.881231e-10,2.828694e-16,2.666830e-20,-1.441087e-10
3832,3832.000000,3,1.550028e-09,8.869119e-10,2.828575e-16,9.878522e-20,4.233769e-11
3833,3833.000000,3,1.545267e-09,8.857082e-10,2.828456e-16,-1.156663e-19,1.804246e-11
3834,3834.000000,3,1.540450e-09,8.845054e-10,2.828337e-16,-5.286346e-20,1.093738e-10
3835,3835.000000,3,1.538318e-09,8.833265e-10,2.828218e-16,-5.309507e-20,1.735576e-10
3836,3836.000000,3,1.535312e-09,8.821464e-10,2.828100e-16,1.780093e-20,-1.104290e-10
3837,3837.000000,3,1.533436e-09,8.809862e-10,2.827982e-16,-7.136253e-20,-1.283644e-10
3838,3838.000000,3,1.530694e-09,8.798358e-10,2.827864e-16,-5.556007e-20,1.398046e-10
3839,3839.000000,3,1.525876e-09,8.786964e-10,2.827747e-16,-2.571539e-20,-3.452660e-11
3840,3840.000000,3,1.521663e-09,8.775627e-10,2.827630e-16,-3.495665e-20,3.918776e-11
3841,3841.000000,3,1.521705e-09,8.774290e-10,2.827513e-16,1.119738e-19,-8.926282e-11
3842,3842.000000,3,1.520988e-09,8.776693e-10,2.982643e-16,8.562643e-20,1.860778e-11
3843,3843.000000,3,1.519155e-09,8.773335e-10,2.827280e-16,1.478900e-19,-1.192282e-10
3844,3844.000000,3,1.518316e-09,8.769201e-10,2.827164e-16,-7.624951e-20,3.753131e-11
3845,3845.000000,3,1.518004e-09,8.764052e-10,3.533619e-16,1.146108e-19,-1.955152e-10
3846,3846.000000,3,1.518167e-09,8.758407e-10,2.826933e-16,-1.026399e-19,-2.102438e-10
3847,3847.000000,3,1.514252e-09,8.752323e-10,2.826818e-16,1.018028e-19,-2.887779e-11
3848,3848.000000,3,1.511211e-09,8.746028e-10,2.826703e-16,-1.485385e-19,-8.140866e-11
3849,3849.000000,3,1.512248e-09,8.739465e-10,2.826588e-16,-1.477345e-20,-1.135407e-10
3850,3850.000000,3,1.508731e-09,8.732759e-10,2.826474e-16,-9.696542e-20,9.800916e-11
3851,3851.000000,3,1.507487e-09,8.725911e-10,2.826360e-16,-8.305886e-20,1.202505e-10
3852,3852.000000,3,1.504148e-09,8.718968e-10,2.826246e-16,-7.364224e-20,3.286260e-14
3853,3853.000000,3,1.504667e-09,8.711853e-10,3.532475e-16,5.486854e-20,-7.508749e-11
3854,3854.000000,3,1.501299e-09,8.704824e-10,2.826019e-16,-1.384899e-19,-7.834311e-11
3855,3855.000000,3,1.500148e-09,8.697625e-10,2.825906e-16,1.464110e-19,-4.522382e-11
3856,3856.000000,3,1.497398e-09,8.690497e-10,2.825793e-16,2.098822e-19,6.334400e-11
3857,3857.000000,3,1.494890e-09,8.683219e-10,2.825680e-16,-1.635270e-19,4.779954e-11
3858,3858.000000,3,1.491834e-09,8.675967e-10,3.531771e-16,5.856108e-20,1.426281e-10
3859,3859.000000,3,1.491074e-09,8.668668e-10,2.825456e-16,9.141338e-20,-5.670664e-11
3860,3860.000000,3,1.491912e-09,8.661278e-10,2.825344e-16,5.746589e-20,-6.205170e-11
3861,3861.000000,3,1.487891e-09,8.654000e-10,2.825232e-16,-6.523146e-20,-1.458464e-10
3862,3862.000000,3,1.485937e-09,8.646672e-10,2.825120e-16,-4.069729e-22,-1.853717e-11
3863,3863.000000,3,1.483734e-09,8.639365e-10,2.825009e-16,-3.797752e-20,-1.526024e-11
3864,3864.000000,3,1.482825e-09,8.632073e-10,2.824898e-16,8.904103e-20,-5.488365e-11
3865,3865.000000,3,1.479030e-09,8.624712e-10,2.824787e-16,1.439294e-19,7.717338e-11
3866,3866.000000,3,1.478234e-09,8.617320e-10,3.530657e-16,-2.489814e-20,1.336429e-10
3867,3867.000000,3,1.477432e-09,8.610090e-10,2.824566e-16,3.657793e-20,6.290435e-11
3868,3868.000000,3,1.475151e-09,8.602745e-10,2.824456e-16,-2.439521e-20,6.139089e-11
3869,3869.000000,3,1.474156e-09,8.595593e-10,2.824346e-16,9.795804e-20,-1.836944e-10
3870,3870.000000,3,1.472124e-09,8.588150e-10,3.530295e-16,7.860863e-20,1.158522e-10
3871,3871.000000,3,1.469111e-09,8.580845e-10,3.529970e-16,-9.190638e-20,-1.554619e-10
3872,3872.000000,3,1.468905e-09,8.573671e-10,2.824017e-16,4.955143e-20,-1.302958e-10
3873,3873.000000,3,1.464208e-09,8.566408e-10,2.823907e-16,-8.706903e-20,1.919793e-10
3874,3874.000000,3,1.463313e-09,8.559189e-10,2.823798e-16,-2.169198e-19,1.275264e-10
3875,3875.000000,3,1.460556e-09,8.551979e-10,2.823690e-16,-3.110199e-20,-2.492673e-12
3876,3876.000000,3,1.460023e-09,8.544834e-10,3.529476e-16,-1.135653e-19,5.914780e-11
3877,3877.000000,3,1.455888e-09,8.537560e-10,2.823472e-16,1.194283e-19,5.363221e-11
3878,3878.000000,3,1.458659e-09,8.530354e-10,2.823364e-16,-5.839564e-20,-1.171583e-10
3879,3879.000000,3,1.454076e-09,8.523289e-10,3.528884e-16,1.498785e-19,4.433387e-11
3880,3880.000000,3,1.452833e-09,8.516079e-10,2.823148e-16,-6.532411e-20,2.175105e-11
3881,3881.000000,3,1.451468e-09,8.509011e-10,2.823041e-16,9.107589e-20,7.304690e-11
3882,3882.000000,3,1.449749e-09,8.501939e-10,2.822785e-16,-2.056702e-20,6.788259e-11
3883,3883.000000,3,1.446956e-09,8.494809e-10,2.822826e-16,-2.132472e-20,5.890310e-11
3884,3884.000000,3,1.445187e-09,8.487739e-10,3.528213e-16,-1.085162e-19,1.069451e-10
3885,3885.000000,3,1.441805e-09,8.480716e-10,2.822612e-16,-1.374940e-19,-1.252087e-10
3886,3886.000000,3,1.441251e-09,8.473613e-10,2.822505e-16,-2.220914e-19,1.774025e-10
3887,3887.000000,3,1.440569e-09,8.466650e-10,2.822399e-16,1.052902e-19,-2.991918e-11
3888,3888.000000,3,1.437819e-09,8.459742e-10,2.822293e-16,4.552471e-20,5.217604e-11
3889,3889.000000,3,1.435616e-09,8.452696e-10,2.822186e-16,1.329776e-20,2.442846e-10
3890,3890.000000,3,1.434884e-09,8.445709e-10,2.822080e-16,1.044762e-19,2.818146e-11
3891,3891.000000,3,1.432788e-09,8.438878e-10,2.821975e-16,1.562710e-20,-1.249281e-10
3892,3892.000000,3,1.431005e-09,8.431915e-10,2.821869e-16,3.971460e-20,6.551248e-11
3893,3893.000000,3,1.430067e-09,8.424981e-10,2.821764e-16,5.558323e-20,-1.561427e-10
3894,3894.000000,3,1.426862e-09,8.418128e-10,2.821659e-16,-1.308931e-19,4.523604e-11
3895,3895.000000,3,1.424418e-09,8.411285e-10,2.821554e-16,2.376324e-20,7.582601e-12
3896,3896.000000,3,1.423366e-09,8.404477e-10,2.821449e-16,1.381392e-20,-5.813061e-11
3897,3897.000000,3,1.419970e-09,8.397596e-10,2.821344e-16,-5.990111e-20,-2.062106e-11
3898,3898.000000,3,1.422038e-09,8.390724e-10,2.973387e-16,8.535180e-20,-3.019629e-11
3899,3899.000000,3,1.418620e-09,8.384016e-10,2.821135e-16,-3.088362e-20,-1.063736e-10
3900,3900.000000,3,1.415508e-09,8.377248e-10,2.821031e-16,1.171784e-19,1.336009e-10
3901,3901.000000,3,1.417405e-09,8.388599e-10,2.820927e-16,2.792562e-20,1.093781e-10
3902,3902.000000,3,1.419430e-09,8.406786e-10,2.820823e-16,-3.505591e-20,1.046496e-10
3903,3903.000000,3,1.424404e-09,8.414238e-10,2.820720e-16,-2.234380e-20,-3.084377e-11
3904,3904.000000,3,1.421419e-09,8.420238e-10,2.820616e-16,2.599001e-20,-1.411493e-11
3905,3905.000000,3,1.422976e-09,8.423928e-10,3.525459e-16,-7.516094e-20,-6.346546e-11
3906,3906.000000,3,1.423878e-09,8.426804e-10,2.820264e-16,-2.710836e-20,-6.435075e-12
3907,3907.000000,3,1.424873e-09,8.428751e-10,2.820307e-16,-1.540343e-19,-1.168274e-10
3908,3908.000000,3,1.422890e-09,8.430103e-10,2.820204e-16,1.191272e-19,2.434208e-11
3909,3909.000000,3,1.423537e-09,8.430689e-10,2.820102e-16,6.448700e-20,5.970291e-11
3910,3910.000000,3,1.425626e-09,8.431127e-10,2.819999e-16,1.540210e-20,-1.648093e-10
3911,3911.000000,3,1.423615e-09,8.431067e-10,2.819897e-16,-1.053828e-19,2.139910e-11
3912,3912.000000,3,1.423139e-09,8.430789e-10,2.819795e-16,2.527533e-20,-2.659983e-11
3913,3913.000000,3,1.423665e-09,8.430194e-10,2.819548e-16,-8.583157e-20,4.938294e-11
3914,3914.000000,3,1.424930e-09,8.429335e-10,2.970806e-16,-1.475359e-20,-5.429812e-11
3915,3915.000000,3,1.423544e-09,8.428358e-10,2.819489e-16,-4.380749e-20,1.010150e-10
3916,3916.000000,3,1.421895e-09,8.427123e-10,2.819387e-16,1.126091e-19,-6.279199e-12
3917,3917.000000,3,1.422300e-09,8.425691e-10,2.819286e-16,-1.102996e-19,1.288769e-11
3918,3918.000000,3,1.422038e-09,8.424164e-10,2.819184e-16,-3.842089e-20,6.893819e-12
3919,3919.000000,3,1.422116e-09,8.422547e-10,2.819083e-16,1.479032e-19,-2.490594e-10
3920,3920.000000,3,1.420865e-09,8.420666e-10,3.523546e-16,-1.200603e-19,2.293166e-11
3921,3921.000000,3,1.420986e-09,8.418739e-10,2.818881e-16,2.330333e-20,1.062450e-10
3922,3922.000000,3,1.418755e-09,8.416863e-10,3.523293e-16,3.690549e-20,-5.369505e-11
3923,3923.000000,3,1.419522e-09,8.414687e-10,2.969325e-16,-1.890604e-20,5.462875e-11
3924,3924.000000,3,1.417639e-09,8.412433e-10,2.818577e-16,1.801732e-19,7.064038e-11
3925,3925.000000,3,1.418897e-09,8.410228e-10,2.818477e-16,-9.593641e-20,-2.292744e-11
3926,3926.000000,3,1.418613e-09,8.407872e-10,3.522789e-16,3.236923e-20,8.697265e-12
3927,3927.000000,3,1.415593e-09,8.405450e-10,2.818275e-16,3.748121e-20,1.704525e-11
3928,3928.000000,3,1.417533e-09,8.403007e-10,3.522538e-16,-6.304771e-20,3.101852e-11
3929,3929.000000,3,1.415671e-09,8.400427e-10,2.968365e-16,-1.286795e-19,-1.396410e-10
3930,3930.000000,3,1.414520e-09,8.397785e-10,2.817974e-16,6.080439e-20,-1.013538e-10
3931,3931.000000,3,1.414243e-09,8.395167e-10,2.817873e-16,4.504826e-20,1.193512e-10
3932,3932.000000,3,1.414797e-09,8.392411e-10,2.817773e-16,-1.802261e-20,-1.329981e-11
3933,3933.000000,3,1.412495e-09,8.389665e-10,3.521911e-16,-2.623155e-20,8.212564e-11
3934,3934.000000,3,1.412488e-09,8.386871e-10,2.817573e-16,3.788487e-20,-1.497351e-10
3935,3935.000000,3,1.409525e-09,8.384047e-10,2.817329e-16,1.402336e-19,1.036486e-10
3936,3936.000000,3,1.410847e-09,8.381069e-10,2.817373e-16,-7.461169e-21,2.179326e-10
3937,3937.000000,3,1.408736e-09,8.378189e-10,2.817273e-16,2.694954e-20,-2.436393e-10
3938,3938.000000,3,1.407635e-09,8.375212e-10,2.817173e-16,-1.542626e-19,-3.291478e-11
3939,3939.000000,3,1.407273e-09,8.372216e-10,2.817074e-16,2.290959e-20,1.014189e-11
3940,3940.000000,3,1.408239e-09,8.369130e-10,2.816974e-16,-9.654521e-20,-1.880682e-10
3941,3941.000000,3,1.405994e-09,8.366094e-10,2.816875e-16,-4.907497e-20,1.021123e-10
3942,3942.000000,3,1.406697e-09,8.362970e-10,2.966241e-16,-1.548416e-19,1.968714e-11
3943,3943.000000,3,1.404288e-09,8.359906e-10,2.816676e-16,1.163578e-19,-1.543241e-10
3944,3944.000000,3,1.402739e-09,8.356824e-10,2.816576e-16,-4.661990e-20,1.290705e-10
3945,3945.000000,3,1.405688e-09,8.353631e-10,3.520417e-16,-1.016042e-19,-3.322409e-11
3946,3946.000000,3,1.403805e-09,8.350369e-10,3.520293e-16,-1.705779e-19,8.565482e-11
3947,3947.000000,3,1.400224e-09,8.347234e-10,2.816279e-16,-3.850691e-20,9.668288e-11
3948,3948.000000,3,1.399414e-09,8.343946e-10,2.816180e-16,-1.390358e-19,-2.450995e-11
3949,3949.000000,3,1.401574e-09,8.340724e-10,3.519922e-16,5.483215e-20,7.226775e-11
3950,3950.000000,3,1.401006e-09,8.337449e-10,3.519799e-16,-8.019681e-20,-7.746048e-11
3951,3951.000000,3,1.399279e-09,8.334209e-10,2.815883e-16,-6.560866e-20,2.181588e-12
3952,3952.000000,3,1.397510e-09,8.330883e-10,3.519731e-16,-9.021563e-20,5.958789e-11
3953,3953.000000,3,1.396280e-09,8.327561e-10,2.815686e-16,3.300120e-20,2.081837e-10
3954,3954.000000,3,1.396025e-09,8.324252e-10,3.519306e-16,-1.143693e-19,-1.916809e-10
3955,3955.000000,3,1.395151e-09,8.320864e-10,3.519183e-16,5.504722e-20,-1.002354e-10
3956,3956.000000,3,1.395840e-09,8.317451e-10,2.815391e-16,-4.962091e-20,9.668044e-11
3957,3957.000000,3,1.392472e-09,8.314098e-10,3.518937e-16,9.883816e-20,1.313669e-10
3958,3958.000000,3,1.392799e-09,8.310748e-10,3.518993e-16,1.950393e-19,4.521716e-12
3959,3959.000000,3,1.390710e-09,8.307288e-10,2.815096e-16,-4.117043e-20,1.822986e-13
3960,3960.000000,3,1.392756e-09,8.303875e-10,2.814998e-16,-1.112856e-19,2.648259e-11
3961,3961.000000,3,1.381402e-09,8.237733e-10,2.814900e-16,-6.905635e-20,1.814788e-10
3962,3962.000000,3,1.366054e-09,8.148309e-10,3.518325e-16,-9.710108e-20,-1.423113e-10
3963,3963.000000,3,1.353804e-09,8.095724e-10,2.814704e-16,2.900426e-20,1.285807e-10
3964,3964.000000,3,1.342841e-09,8.048180e-10,3.518258e-16,-1.686456e-20,7.795053e-11
3965,3965.000000,3,1.335302e-09,8.008674e-10,2.962576e-16,-8.431948e-20,-1.281828e-10
3966,3966.000000,3,1.327166e-09,7.972067e-10,2.814411e-16,6.524801e-20,8.743362e-11
3967,3967.000000,3,1.319080e-09,7.938967e-10,2.814314e-16,-4.005539e-20,1.628164e-11
3968,3968.000000,3,1.311335e-09,7.907868e-10,3.517593e-16,4.753311e-20,-9.271117e-11
3969,3969.000000,3,1.305047e-09,7.878849e-10,2.814119e-16,6.628033e-20,-1.277773e-10
3970,3970.000000,3,1.297870e-09,7.851180e-10,2.814022e-16,-7.888656e-20,1.016656e-10
3971,3971.000000,3,1.291070e-09,7.824887e-10,3.517230e-16,1.658332e-20,3.196643e-11
3972,3972.000000,3,1.285898e-09,7.799770e-10,2.813829e-16,-7.642156e-20,-4.986900e-11
3973,3973.000000,3,1.279830e-09,7.775665e-10,2.813733e-16,-1.162354e-20,2.121112e-10
3974,3974.000000,3,1.273818e-09,7.752239e-10,2.813637e-16,1.712727e-19,7.232837e-11
3975,3975.000000,3,1.270919e-09,7.729717e-10,2.813541e-16,-5.222157e-20,6.107870e-11
3976,3976.000000,3,1.263366e-09,7.707872e-10,2.960944e-16,1.370010e-19,1.590506e-12
3977,3977.000000,3,1.258151e-09,7.686638e-10,3.516688e-16,-1.185515e-19,7.955769e-11
3978,3978.000000,3,1.254641e-09,7.665921e-10,2.813256e-16,6.395760e-20,-1.195775e-10
3979,3979.000000,3,1.247727e-09,7.645684e-10,2.813161e-16,-1.307905e-19,-1.885119e-10
3980,3980.000000,3,1.246363e-09,7.626122e-10,2.813067e-16,7.741749e-20,9.679213e-11
3981,3981.000000,3,1.236764e-09,7.606860e-10,2.960208e-16,5.142747e-20,5.204992e-11
3982,3982.000000,3,1.236337e-09,7.588028e-10,2.812880e-16,-5.419687e-21,-6.901124e-11
3983,3983.000000,3,1.231726e-09,7.569574e-10,2.812647e-16,-1.459147e-20,-5.866529e-11
3984,3984.000000,3,1.228507e-09,7.551550e-10,3.515693e-16,-9.942711e-20,-2.497234e-10
3985,3985.000000,3,1.223356e-09,7.533794e-10,3.515752e-16,-3.093655e-20,5.000889e-11
3986,3986.000000,3,1.218652e-09,7.516279e-10,2.812509e-16,6.504948e-20,-1.158342e-10
3987,3987.000000,3,1.213976e-09,7.499119e-10,2.812418e-16,1.122550e-19,2.342193e-11
3988,3988.000000,3,1.210353e-09,7.482326e-10,2.812326e-16,-1.202456e-19,-4.650702e-11
3989,3989.000000,3,1.204157e-09,7.465777e-10,2.812235e-16,1.676629e-19,-3.394729e-11
3990,3990.000000,3,1.200554e-09,7.449408e-10,2.812145e-16,6.696854e-20,2.810996e-10
3991,3991.000000,3,1.196490e-09,7.433285e-10,2.812054e-16,5.305867e-20,-4.752110e-11
3992,3992.000000,3,1.193996e-09,7.417333e-10,2.811965e-16,-3.017555e-21,-9.065348e-11
3993,3993.000000,3,1.192234e-09,7.401673e-10,2.811875e-16,1.534817e-19,-1.282199e-10
3994,3994.000000,3,1.187672e-09,7.386305e-10,2.811786e-16,9.060275e-20,-4.519096e-11
3995,3995.000000,3,1.181292e-09,7.370942e-10,2.811697e-16,6.456972e-20,1.637115e-10
3996,3996.000000,3,1.179465e-09,7.355845e-10,2.811609e-16,2.051408e-21,-1.037403e-10
3997,3997.000000,3,1.173582e-09,7.341019e-10,2.811521e-16,-1.129763e-19,-8.740986e-11
3998,3998.000000,3,1.172523e-09,7.326260e-10,3.514291e-16,-4.319537e-20,3.172307e-11
3999,3999.000000,3,1.165503e-09,7.311676e-10,2.811346e-16,-7.432383e-20,-1.925571e-12
4000,4000.000000,3,1.164381e-09,7.297229e-10,3.513903e-16,-5.787286e-20,1.144422e-10
4001,4001.000000,3,1.158597e-09,7.282994e-10,2.811172e-16,8.097767e-20,-1.322031e-11
4002,4002.000000,3,1.156344e-09,7.268977e-10,2.811086e-16,1.912475e-19,5.055756e-11
4003,4003.000000,3,1.152095e-09,7.254948e-10,2.811000e-16,-5.051427e-20,4.657075e-11
4004,4004.000000,3,1.149687e-09,7.241165e-10,2.810914e-16,4.595815e-20,-9.360623e-11
4005,4005.000000,3,1.144400e-09,7.227416e-10,2.810829e-16,-2.902742e-19,8.466761e-11
4006,4006.000000,3,1.147590e-09,7.213850e-10,2.810744e-16,-8.717491e-20,1.416036e-10
4007,4007.000000,3,1.139746e-09,7.200369e-10,2.810660e-16,2.815723e-20,1.323355e-10
4008,4008.000000,3,1.137856e-09,7.187122e-10,2.810576e-16,-7.023094e-20,-5.622325e-11
4009,4009.000000,3,1.135646e-09,7.173941e-10,2.810492e-16,1.039667e-19,9.444823e-11
4010,4010.000000,3,1.128086e-09,7.160810e-10,2.810409e-16,5.757177e-20,-1.072342e-11
4011,4011.000000,3,1.127233e-09,7.147853e-10,2.810326e-16,-6.508919e-20,1.686813e-10
4012,4012.000000,3,1.124462e-09,7.134968e-10,2.810243e-16,1.076890e-19,-5.641265e-12
4013,4013.000000,3,1.120675e-09,7.122114e-10,2.810161e-16,6.734905e-20,-1.354110e-10
4014,4014.000000,3,1.117911e-09,7.109582e-10,2.810079e-16,1.774699e-19,-6.340040e-11
4015,4015.000000,3,1.111928e-09,7.096910e-10,3.512330e-16,2.578818e-20,-2.481060e-11
4016,4016.000000,3,1.109420e-09,7.084417e-10,2.809916e-16,-8.280409e-20,1.809231e-10
4017,4017.000000,3,1.106073e-09,7.072043e-10,2.809835e-16,-5.151019e-20,1.570755e-10
4018,4018.000000,3,1.105676e-09,7.059719e-10,2.809754e-16,-7.569695e-20,4.239897e-11
4019,4019.000000,3,1.102464e-09,7.047569e-10,2.809674e-16,-4.254355e-20,-5.103140e-11
4020,4020.000000,3,1.100652e-09,7.035414e-10,2.954921e-16,-4.440967e-20,-5.717848e-11
4021,4021.000000,3,1.093774e-09,7.017615e-10,2.809515e-16,4.615337e-20,6.473355e-11
4022,4022.000000,3,1.091365e-09,6.997831e-10,2.809436e-16,-1.483962e-20,-6.320788e-11
4023,4023.000000,3,1.088175e-09,6.981218e-10,3.511531e-16,4.632211e-22,-1.951810e-10
4024,4024.000000,3,1.083414e-09,6.965333e-10,2.809278e-16,-1.374046e-19,-4.002576e-12
4025,4025.000000,3,1.079776e-09,6.950283e-10,2.809200e-16,-2.019975e-20,-2.173748e-10
4026,4026.000000,3,1.077524e-09,6.935550e-10,3.511239e-16,-2.412059e-21,-2.540190e-11
4027,4027.000000,3,1.070696e-09,6.921186e-10,2.809045e-16,-5.430606e-20,5.681233e-11
4028,4028.000000,3,1.069267e-09,6.907117e-10,2.953879e-16,2.315709e-19,-1.142679e-10
4029,4029.000000,3,1.067406e-09,6.893286e-10,2.808891e-16,1.481216e-19,-8.375167e-11
4030,4030.000000,3,1.062929e-09,6.879650e-10,2.808814e-16,-6.621084e-20,7.206014e-11
4031,4031.000000,3,1.061309e-09,6.866221e-10,3.510923e-16,1.124966e-21,-2.593703e-11
4032,4032.000000,3,1.056840e-09,6.852956e-10,2.808662e-16,1.890306e-19,-2.855138e-11
4033,4033.000000,3,1.053479e-09,6.839780e-10,2.808587e-16,-1.336393e-19,-2.512879e-11
4034,4034.000000,3,1.049905e-09,6.826850e-10,2.808512e-16,-1.198221e-19,3.949907e-11
4035,4035.000000,3,1.047951e-09,6.813965e-10,2.808437e-16,-7.146840e-22,-1.375189e-11
4036,4036.000000,3,1.046146e-09,6.801351e-10,2.808363e-16,1.317202e-19,-2.598055e-11
4037,4037.000000,3,1.040448e-09,6.788732e-10,2.808289e-16,1.248381e-19,-5.703971e-11
4038,4038.000000,3,1.037940e-09,6.776220e-10,2.808215e-16,-7.861194e-20,6.210232e-11
4039,4039.000000,3,1.035140e-09,6.763763e-10,2.808142e-16,3.394087e-20,1.117786e-10
4040,4040.000000,3,1.032006e-09,6.751584e-10,2.808068e-16,-6.726302e-20,1.491991e-10
4041,4041.000000,3,1.029683e-09,6.739376e-10,2.807996e-16,9.645257e-20,5.572121e-11
4042,4042.000000,3,1.025796e-09,6.727303e-10,2.807923e-16,-1.007837e-20,-5.151635e-11
4043,4043.000000,3,1.023857e-09,6.715217e-10,3.509654e-16,2.619185e-20,-3.958189e-11
4044,4044.000000,3,1.021540e-09,6.703360e-10,2.951901e-16,-7.097871e-20,4.209499e-11
4045,4045.000000,3,1.016360e-09,6.691532e-10,3.509476e-16,7.834393e-20,7.543166e-11
4046,4046.000000,3,1.014342e-09,6.679746e-10,2.807510e-16,1.178799e-19,-2.310154e-10
4047,4047.000000,3,1.013902e-09,6.668046e-10,2.807567e-16,-1.382351e-19,9.959100e-11
4048,4048.000000,3,1.011124e-09,6.656589e-10,2.807496e-16,-1.334540e-19,-2.621281e-11
4049,4049.000000,3,1.006754e-09,6.644942e-10,3.509283e-16,8.091481e-20,4.791656e-11
4050,4050.000000,3,1.003571e-09,6.633556e-10,2.807357e-16,1.141278e-19,3.142864e-11
4051,4051.000000,3,9.993926e-10,6.622107e-10,2.807287e-16,1.093235e-19,7.949286e-11
4052,4052.000000,3,1.000430e-09,6.610836e-10,2.807219e-16,4.275200e-20,-4.534062e-11
4053,4053.000000,3,9.953425e-10,6.599501e-10,3.508937e-16,2.107987e-20,1.678453e-10
4054,4054.000000,3,9.919958e-10,6.588343e-10,2.950673e-16,1.552122e-20,6.852785e-11
4055,4055.000000,3,9.880026e-10,6.577117e-10,2.807013e-16,1.450312e-19,1.144944e-10
4056,4056.000000,3,9.887273e-10,6.566037e-10,2.806946e-16,5.366748e-21,3.316214e-11
4057,4057.000000,3,9.853807e-10,6.555143e-10,2.806878e-16,4.111419e-20,6.705259e-11
4058,4058.000000,3,9.814158e-10,6.544019e-10,3.508357e-16,-1.400284e-19,1.750804e-10
4059,4059.000000,3,9.771810e-10,6.533198e-10,2.806744e-16,-4.582911e-20,-1.148570e-11
4060,4060.000000,3,9.774510e-10,6.522392e-10,2.806678e-16,8.245336e-20,-9.120349e-11
4061,4061.000000,3,9.741399e-10,6.511593e-10,2.806612e-16,1.567011e-20,1.478691e-10
4062,4062.000000,3,9.725198e-10,6.500771e-10,2.806546e-16,-1.345790e-19,5.274692e-11
4063,4063.000000,3,9.702106e-10,6.490199e-10,2.806356e-16,3.648197e-20,-4.411360e-12
4064,4064.000000,3,9.666863e-10,6.479530e-10,2.806415e-16,1.886468e-19,1.705702e-11
4065,4065.000000,3,9.643060e-10,6.468923e-10,3.507783e-16,1.501333e-19,9.292012e-11
4066,4066.000000,3,9.621317e-10,6.458400e-10,2.806286e-16,1.088470e-19,7.489809e-11
4067,4067.000000,3,9.580958e-10,6.447840e-10,2.806221e-16,-2.356472e-20,1.861400e-12
4068,4068.000000,3,9.577192e-10,6.437408e-10,2.806034e-16,-9.123802e-20,-3.006400e-10
4069,4069.000000,3,9.542731e-10,6.427001e-10,3.507617e-16,-2.331326e-20,-7.601697e-12
4070,4070.000000,3,9.502941e-10,6.416738e-10,2.806031e-16,2.501725e-20,-1.284923e-10
4071,4071.000000,3,9.481127e-10,6.406444e-10,2.805968e-16,-4.097191e-20,-7.665690e-11
4072,4072.000000,3,9.462795e-10,6.396139e-10,2.805905e-16,5.367740e-20,1.224754e-11
4073,4073.000000,3,9.443895e-10,6.385881e-10,2.948453e-16,-1.258803e-19,1.507254e-10
4074,4074.000000,3,9.413981e-10,6.375800e-10,2.805781e-16,1.942981e-19,8.121459e-11
4075,4075.000000,3,9.403607e-10,6.365586e-10,2.805719e-16,5.063669e-20,-1.527793e-10
4076,4076.000000,3,9.387549e-10,6.355558e-10,2.805657e-16,1.460073e-19,-9.759882e-11
4077,4077.000000,3,9.347971e-10,6.345540e-10,2.805596e-16,-6.149261e-20,-7.501111e-12
4078,4078.000000,3,9.316636e-10,6.335481e-10,2.805536e-16,-3.009614e-20,-1.767106e-10
4079,4079.000000,3,9.275354e-10,6.325440e-10,2.805475e-16,-1.566349e-20,1.347804e-10
4080,4080.000000,3,9.260503e-10,6.315557e-10,2.805415e-16,1.267175e-19,-2.190581e-11
4081,4081.000000,3,9.448229e-10,6.461081e-10,2.805355e-16,-5.781662e-20,-1.028981e-10
4082,4082.000000,3,9.747225e-10,6.665151e-10,3.506468e-16,-8.252946e-20,7.279444e-11
4083,4083.000000,3,9.968204e-10,6.777889e-10,3.506545e-16,-1.078974e-20,-1.252312e-10
4084,4084.000000,3,1.016851e-09,6.877583e-10,2.805177e-16,1.073052e-19,9.774070e-11
4085,4085.000000,3,1.032902e-09,6.957683e-10,2.805118e-16,-5.463693e-20,-2.412825e-11
4086,4086.000000,3,1.047702e-09,7.030634e-10,2.946879e-16,1.305357e-19,4.299427e-11
4087,4087.000000,3,1.059945e-09,7.094543e-10,2.805002e-16,-1.332753e-20,-7.770229e-11
4088,4088.000000,3,1.072898e-09,7.153820e-10,2.804943e-16,3.246188e-20,-1.668150e-10
4089,4089.000000,3,1.083578e-09,7.207919e-10,3.505956e-16,-5.115616e-20,-1.503315e-10
4090,4090.000000,3,1.093099e-09,7.258636e-10,2.804828e-16,2.247946e-20,-2.332894e-10
4091,4091.000000,3,1.102265e-09,7.305847e-10,3.505811e-16,-1.638215e-19,1.688552e-10
4092,4092.000000,3,1.113655e-09,7.350336e-10,2.804711e-16,9.883154e-21,3.976375e-12
4093,4093.000000,3,1.123112e-09,7.392438e-10,2.804653e-16,1.334937e-19,2.344502e-11
4094,4094.000000,3,1.132150e-09,7.432341e-10,2.804595e-16,-3.838780e-20,-4.485523e-11
4095,4095.000000,3,1.137359e-09,7.470464e-10,2.945594e-16,8.484226e-20,1.838751e-12
4096,4096.000000,3,1.146631e-09,7.506826e-10,2.804477e-16,-2.047901e-19,-2.965939e-11
4097,4097.000000,3,1.153253e-09,7.541721e-10,2.804418e-16,3.168102e-20,-8.073453e-11
4098,4098.000000,3,1.161588e-09,7.575114e-10,2.804359e-16,-8.335334e-20,1.134348e-10
4099,4099.000000,3,1.167805e-09,7.607210e-10,2.945020e-16,-6.656157e-20,-3.557199e-11
4100,4100.000000,3,1.176829e-09,7.638239e-10,2.804239e-16,1.100249e-19,1.123861e-10
4101,4101.000000,3,1.183224e-09,7.668290e-10,2.944704e-16,-4.424093e-20,-6.607936e-11
4102,4102.000000,3,1.188759e-09,7.697196e-10,2.804118e-16,-5.125873e-20,-6.814771e-12
4103,4103.000000,3,1.196632e-09,7.725085e-10,3.504918e-16,-5.430606e-20,1.578573e-10
4104,4104.000000,3,1.201656e-09,7.752192e-10,2.803995e-16,9.661470e-21,-1.342582e-10
4105,4105.000000,3,1.205422e-09,7.778524e-10,2.803933e-16,1.019980e-19,1.040419e-10
4106,4106.000000,3,1.213742e-09,7.804195e-10,3.504685e-16,1.007142e-19,-3.585754e-11
4107,4107.000000,3,1.218552e-09,7.828918e-10,2.803807e-16,-1.717558e-20,4.545364e-11
4108,4108.000000,3,1.226311e-09,7.853103e-10,2.803744e-16,-1.161031e-20,-1.401528e-10
4109,4109.000000,3,1.227640e-09,7.876673e-10,3.504446e-16,-7.304667e-20,1.523701e-10
4110,4110.000000,3,1.234653e-09,7.899537e-10,2.803616e-16,9.523496e-20,1.085236e-10
4111,4111.000000,3,1.239933e-09,7.921852e-10,2.803551e-16,1.122815e-19,6.364420e-11
4112,4112.000000,3,1.245290e-09,7.943650e-10,3.504203e-16,-2.243314e-21,1.553255e-10
4113,4113.000000,3,1.251749e-09,7.964887e-10,2.803421e-16,2.689660e-20,5.021317e-12
4114,4114.000000,3,1.255273e-09,7.985539e-10,2.942707e-16,7.178604e-20,1.119833e-10
4115,4115.000000,3,1.259572e-09,8.005991e-10,2.803288e-16,1.526678e-19,2.170086e-11
4116,4116.000000,3,1.265647e-09,8.025893e-10,2.803221e-16,1.798224e-19,1.832363e-10
4117,4117.000000,3,1.270337e-09,8.045249e-10,2.803154e-16,-3.610478e-20,3.082201e-12
4118,4118.000000,3,1.273577e-09,8.064260e-10,2.803086e-16,-2.891823e-20,-8.260637e-11
4119,4119.000000,3,1.280213e-09,8.082912e-10,2.941908e-16,2.182764e-20,-2.235303e-10
4120,4120.000000,3,1.282380e-09,8.101213e-10,2.802949e-16,4.358911e-20,6.490364e-13
4121,4121.000000,3,1.285258e-09,8.119128e-10,2.802880e-16,-7.960124e-20,4.748446e-11
4122,4122.000000,3,1.292435e-09,8.136736e-10,2.802810e-16,-4.112411e-20,-5.122613e-11
4123,4123.000000,3,1.294723e-09,8.153924e-10,2.802740e-16,1.561055e-20,-6.477685e-11
4124,4124.000000,3,1.300542e-09,8.170784e-10,2.802670e-16,-8.649331e-20,1.683502e-10
4125,4125.000000,3,1.304251e-09,8.187389e-10,2.802599e-16,-7.736455e-20,-3.297895e-11
4126,4126.000000,3,1.306510e-09,8.203809e-10,2.802527e-16,7.730168e-20,3.014544e-11
4127,4127.000000,3,1.309296e-09,8.219638e-10,2.802328e-16,-1.730230e-19,2.539098e-10
4128,4128.000000,3,1.316984e-09,8.235401e-10,2.802383e-16,-1.367164e-20,-7.353518e-11
4129,4129.000000,3,1.320664e-09,8.250869e-10,2.802310e-16,2.747894e-20,1.452505e-11
4130,4130.000000,3,1.325603e-09,8.266026e-10,2.802237e-16,-2.276401e-21,8.316636e-11
4131,4131.000000,3,1.327365e-09,8.280940e-10,2.802164e-16,2.963954e-20,2.237721e-11
4132,4132.000000,3,1.332005e-09,8.295582e-10,3.502452e-16,1.391252e-19,-5.442202e-11
4133,4133.000000,3,1.335970e-09,8.310010e-10,2.802015e-16,8.838259e-20,1.160658e-10
4134,4134.000000,3,1.339771e-09,8.324206e-10,3.502265e-16,-8.864067e-20,6.072187e-11
4135,4135.000000,3,1.343473e-09,8.338255e-10,2.801865e-16,8.480917e-20,-6.277467e-11
4136,4136.000000,3,1.346073e-09,8.352152e-10,2.801789e-16,-1.569228e-19,-6.665779e-13
4137,4137.000000,3,1.349591e-09,8.365650e-10,3.501980e-16,-5.037861e-20,-1.086748e-10
4138,4138.000000,3,1.352632e-09,8.378955e-10,2.801636e-16,1.051512e-19,-3.120837e-11
4139,4139.000000,3,1.358828e-09,8.392187e-10,2.801559e-16,5.316786e-20,-1.446920e-10
4140,4140.000000,3,1.361620e-09,8.405172e-10,2.801482e-16,1.006348e-19,-1.011013e-11
4141,4141.000000,3,1.342336e-09,8.272250e-10,2.801404e-16,5.756515e-20,4.823386e-11
4142,4142.000000,3,1.312827e-09,8.084116e-10,2.801326e-16,-5.526559e-20,4.473844e-11
4143,4143.000000,3,1.291262e-09,7.981407e-10,2.801247e-16,-4.239466e-20,4.600342e-11
4144,4144.000000,3,1.272824e-09,7.890950e-10,2.801168e-16,-7.191508e-20,9.566148e-11
4145,4145.000000,3,1.259977e-09,7.818828e-10,2.801089e-16,3.830508e-20,1.393530e-11
4146,4146.000000,3,1.245702e-09,7.753271e-10,2.801009e-16,1.326963e-19,-2.309135e-10
4147,4147.000000,3,1.232543e-09,7.695997e-10,2.800929e-16,-7.389701e-20,7.168843e-11
4148,4148.000000,3,1.221906e-09,7.642900e-10,2.800849e-16,3.863926e-20,-5.518119e-11
4149,4149.000000,3,1.208939e-09,7.594618e-10,2.800768e-16,2.089458e-20,7.953682e-11
4150,4150.000000,3,1.203311e-09,7.549541e-10,2.800687e-16,1.063721e-19,5.722822e-11
4151,4151.000000,3,1.192809e-09,7.507486e-10,2.800607e-16,1.023454e-19,-4.579426e-11
4152,4152.000000,3,1.182350e-09,7.467813e-10,2.800526e-16,-3.756062e-20,2.608780e-11
4153,4153.000000,3,1.178819e-09,7.430399e-10,2.800445e-16,5.595050e-20,4.839684e-12
4154,4154.000000,3,1.168075e-09,7.394751e-10,2.800364e-16,-6.524470e-20,1.263198e-10
4155,4155.000000,3,1.162149e-09,7.361005e-10,2.800153e-16,-6.872217e-20,1.038565e-10
4156,4156.000000,3,1.155300e-09,7.328567e-10,2.800203e-16,2.948403e-20,1.076212e-10
4157,4157.000000,3,1.148301e-09,7.297434e-10,2.800123e-16,6.220067e-20,-4.801937e-11
4158,4158.000000,3,1.140364e-09,7.267635e-10,2.800043e-16,1.496800e-19,4.619927e-11
4159,4159.000000,3,1.132790e-09,7.239029e-10,3.499954e-16,-8.644368e-20,-8.407941e-11
4160,4160.000000,3,1.128292e-09,7.211218e-10,2.799883e-16,-9.796465e-20,9.328560e-11
4161,4161.000000,3,1.123809e-09,7.184353e-10,2.799804e-16,-3.517172e-20,-1.778813e-10
4162,4162.000000,3,1.116057e-09,7.158494e-10,3.499494e-16,8.781349e-21,-1.196059e-10
4163,4163.000000,3,1.111246e-09,7.133329e-10,3.499395e-16,-9.128103e-20,2.972378e-11
4164,4164.000000,3,1.108035e-09,7.108862e-10,3.499297e-16,1.638115e-19,3.657785e-11
4165,4165.000000,3,1.101888e-09,7.085132e-10,3.499362e-16,-6.082755e-20,2.086877e-10
4166,4166.000000,3,1.097362e-09,7.062078e-10,3.499103e-16,7.236838e-20,-2.144440e-11
4167,4167.000000,3,1.090292e-09,7.039540e-10,2.799334e-16,3.690549e-20,-1.828715e-11
4168,4168.000000,3,1.084203e-09,7.017684e-10,2.799256e-16,-6.197568e-20,-1.187133e-10
4169,4169.000000,3,1.081055e-09,6.996137e-10,2.799179e-16,6.318336e-20,2.657750e-10
4170,4170.000000,3,1.075257e-09,6.975174e-10,2.799103e-16,1.263436e-19,1.668443e-12
4171,4171.000000,3,1.073047e-09,6.954739e-10,2.799027e-16,-1.034968e-20,-1.678757e-10
4172,4172.000000,3,1.067356e-09,6.934666e-10,2.933893e-16,1.901523e-20,-1.475264e-12
4173,4173.000000,3,1.060400e-09,6.914931e-10,2.798875e-16,-2.172011e-19,1.219491e-11
4174,4174.000000,3,1.059185e-09,6.895893e-10,2.798800e-16,9.882823e-20,-1.555986e-10
4175,4175.000000,3,1.052335e-09,6.876955e-10,2.798725e-16,1.255098e-19,-1.407237e-10
4176,4176.000000,3,1.049116e-09,6.858540e-10,2.798651e-16,-3.193248e-20,6.307466e-11
4177,4177.000000,3,1.044299e-09,6.840286e-10,2.798577e-16,7.802960e-20,7.525824e-11
4178,4178.000000,3,1.040746e-09,6.822527e-10,2.798503e-16,1.075566e-19,-7.983969e-11
4179,4179.000000,3,1.038870e-09,6.804914e-10,3.498037e-16,2.657897e-20,4.185119e-11
4180,4180.000000,3,1.034579e-09,6.787744e-10,2.798356e-16,-8.693337e-20,-8.752243e-11
4181,4181.000000,3,1.030408e-09,6.770755e-10,3.497697e-16,-5.143078e-20,-1.006979e-10
4182,4182.000000,3,1.027637e-09,6.754153e-10,2.798211e-16,1.960153e-19,-1.086251e-10
4183,4183.000000,3,1.022947e-09,6.737688e-10,2.798139e-16,-1.495840e-19,1.730658e-10
4184,4184.000000,3,1.018570e-09,6.721552e-10,3.497585e-16,9.886132e-20,1.206875e-10
4185,4185.000000,3,1.015415e-09,6.705592e-10,3.497339e-16,7.161730e-20,-5.652301e-11
4186,4186.000000,3,1.013746e-09,6.689929e-10,2.797926e-16,-7.831415e-20,-1.082090e-10
4187,4187.000000,3,1.007074e-09,6.674372e-10,2.797855e-16,-1.425133e-19,-1.332405e-10
4188,4188.000000,3,1.004516e-09,6.659013e-10,2.797785e-16,9.634007e-20,1.913565e-10
4189,4189.000000,3,1.000309e-09,6.644056e-10,2.797715e-16,1.536902e-20,-1.838174e-11
4190,4190.000000,3,9.972396e-10,6.629146e-10,2.797646e-16,2.308165e-20,-2.282352e-11
4191,4191.000000,3,9.947954e-10,6.614407e-10,2.797577e-16,-3.010607e-20,-3.294209e-11
4192,4192.000000,3,9.906529e-10,6.599905e-10,3.496730e-16,1.065309e-19,-8.146017e-11
4193,4193.000000,3,9.874768e-10,6.585588e-10,2.797440e-16,1.658166e-19,-3.080802e-11
4194,4194.000000,3,9.828511e-10,6.571519e-10,3.496560e-16,-5.846513e-20,-5.098588e-12
4195,4195.000000,3,9.792060e-10,6.557539e-10,3.496630e-16,4.691768e-20,1.759535e-10
4196,4196.000000,3,9.775292e-10,6.543581e-10,2.930875e-16,-9.839479e-20,5.045830e-11
4197,4197.000000,3,9.753691e-10,6.529954e-10,3.496308e-16,-1.171288e-20,6.454903e-11
4198,4198.000000,3,9.719230e-10,6.516476e-10,2.797103e-16,-2.583450e-20,-3.782841e-11
4199,4199.000000,3,9.696208e-10,6.502860e-10,2.797037e-16,-5.443841e-20,-2.420197e-11
4200,4200.000000,3,9.664234e-10,6.489784e-10,2.796971e-16,1.620414e-19,1.275249e-10
4201,4201.000000,3,9.749073e-10,6.570322e-10,2.796905e-16,5.496450e-20,-1.858109e-10
4202,4202.000000,3,9.926211e-10,6.686578e-10,2.796840e-16,-8.982189e-20,-8.839285e-11
4203,4203.000000,3,1.004032e-09,6.747771e-10,2.796775e-16,1.366767e-19,-9.355650e-11
4204,4204.000000,3,1.014939e-09,6.801231e-10,3.495888e-16,-6.369291e-21,-1.824125e-10
4205,4205.000000,3,1.020503e-09,6.842849e-10,2.796646e-16,-1.317831e-19,3.867040e-11
4206,4206.000000,3,1.028312e-09,6.880383e-10,3.495576e-16,-7.279189e-20,-4.280065e-11
4207,4207.000000,3,1.036305e-09,6.912513e-10,2.796519e-16,5.326051e-20,-1.316169e-11
4208,4208.000000,3,1.042245e-09,6.941898e-10,2.929354e-16,-4.813529e-20,-1.250560e-10
4209,4209.000000,3,1.048832e-09,6.968217e-10,2.796392e-16,2.807683e-19,8.266654e-11
4210,4210.000000,3,1.051966e-09,6.992580e-10,2.796329e-16,8.838590e-20,-5.371770e-11
4211,4211.000000,3,1.055071e-09,7.014955e-10,2.796267e-16,3.193910e-20,-2.971445e-11
4212,4212.000000,3,1.061203e-09,7.035874e-10,3.495103e-16,-4.103808e-20,-7.202439e-11
4213,4213.000000,3,1.063626e-09,7.055156e-10,2.796141e-16,-8.592421e-20,-4.595035e-11
4214,4214.000000,3,1.068223e-09,7.073500e-10,2.796078e-16,-1.303637e-20,-3.897527e-11
4215,4215.000000,3,1.073310e-09,7.090619e-10,2.796016e-16,-2.212642e-19,6.481127e-11
4216,4216.000000,3,1.075215e-09,7.106775e-10,2.795953e-16,-9.932123e-20,-6.751377e-11
4217,4217.000000,3,1.079108e-09,7.122158e-10,2.795891e-16,-6.152900e-20,-5.789436e-11
4218,4218.000000,3,1.081332e-09,7.136716e-10,2.795828e-16,-9.599927e-20,-1.145284e-11
4219,4219.000000,3,1.083862e-09,7.150576e-10,2.795765e-16,-6.045036e-21,1.022671e-11
4220,4220.000000,3,1.087187e-09,7.163816e-10,2.795702e-16,1.419310e-19,-3.350209e-12
4221,4221.000000,3,1.087251e-09,7.176444e-10,2.795640e-16,-1.302346e-19,-2.494227e-12
4222,4222.000000,3,1.093369e-09,7.188634e-10,2.795577e-16,-3.047995e-20,1.646363e-10
4223,4223.000000,3,1.095529e-09,7.200198e-10,2.795514e-16,4.065758e-20,-2.105947e-10
4224,4224.000000,3,1.098023e-09,7.211243e-10,3.494313e-16,-3.065200e-20,-1.075806e-12
4225,4225.000000,3,1.099707e-09,7.221994e-10,2.795387e-16,4.406226e-20,-3.465894e-12
4226,4226.000000,3,1.101633e-09,7.232359e-10,2.795324e-16,1.038045e-19,-3.370304e-11
4227,4227.000000,3,1.104063e-09,7.242205e-10,2.926748e-16,-7.976668e-20,-8.566836e-11
4228,4228.000000,3,1.105519e-09,7.251890e-10,2.795197e-16,-8.088503e-20,9.663270e-11
4229,4229.000000,3,1.107679e-09,7.261043e-10,2.795133e-16,2.244406e-19,-8.191625e-11
4230,4230.000000,3,1.109747e-09,7.269898e-10,2.795069e-16,-1.854539e-20,2.247580e-11
4231,4231.000000,3,1.112269e-09,7.278493e-10,3.493604e-16,1.281898e-19,3.974177e-11
4232,4232.000000,3,1.115986e-09,7.286853e-10,2.926040e-16,-2.457057e-20,4.448486e-11
4233,4233.000000,3,1.115332e-09,7.294998e-10,2.794876e-16,5.455752e-20,4.605316e-11
4234,4234.000000,3,1.116504e-09,7.302869e-10,2.794812e-16,1.502392e-19,-8.980994e-11
4235,4235.000000,3,1.117670e-09,7.310406e-10,2.794747e-16,1.259862e-19,5.699663e-11
4236,4236.000000,3,1.122530e-09,7.317786e-10,2.925469e-16,-2.425294e-20,1.992007e-11
4237,4237.000000,3,1.124171e-09,7.324996e-10,2.794618e-16,2.265813e-20,-7.376544e-12
4238,4238.000000,3,1.122771e-09,7.331880e-10,2.794553e-16,5.614902e-20,1.183882e-10
4239,4239.000000,3,1.125947e-09,7.338636e-10,2.925039e-16,1.182173e-19,2.954748e-11
4240,4240.000000,3,1.129095e-09,7.345169e-10,2.794422e-16,-1.753623e-21,1.459144e-11
4241,4241.000000,3,1.127532e-09,7.351508e-10,2.794357e-16,-1.288847e-19,-3.424883e-11
4242,4242.000000,3,1.131745e-09,7.357832e-10,2.794291e-16,7.772189e-21,-1.227045e-10
4243,4243.000000,3,1.130886e-09,7.363996e-10,2.794226e-16,1.667265e-20,9.046963e-11
4244,4244.000000,3,1.134772e-09,7.369769e-10,2.794160e-16,-3.967489e-20,-4.123302e-11
4245,4245.000000,3,1.135149e-09,7.375509e-10,2.794094e-16,-1.327327e-19,-9.184498e-11
4246,4246.000000,3,1.137224e-09,7.381120e-10,3.492381e-16,2.442830e-20,-9.664691e-11
4247,4247.000000,3,1.137167e-09,7.386527e-10,2.793961e-16,-2.254894e-20,9.372925e-11
4248,4248.000000,3,1.137771e-09,7.391872e-10,3.492215e-16,-8.844877e-20,8.628653e-11
4249,4249.000000,3,1.139135e-09,7.397098e-10,2.793828e-16,-5.115616e-20,1.282381e-10
4250,4250.000000,3,1.140378e-09,7.402090e-10,3.492048e-16,1.691948e-19,1.705514e-10
4251,4251.000000,3,1.143306e-09,7.407148e-10,3.491964e-16,1.398597e-20,1.042810e-11
4252,4252.000000,3,1.143142e-09,7.411856e-10,2.793627e-16,-4.998487e-20,-5.492828e-11
4253,4253.000000,3,1.141281e-09,7.416592e-10,2.793560e-16,2.304856e-20,1.257061e-11
4254,4254.000000,3,1.147164e-09,7.421144e-10,2.793493e-16,1.399523e-19,-6.697087e-11
4255,4255.000000,3,1.146837e-09,7.425696e-10,2.793425e-16,5.190393e-20,-1.882290e-10
4256,4256.000000,3,1.147626e-09,7.430090e-10,2.793358e-16,-1.355584e-20,4.130074e-11
4257,4257.000000,3,1.148472e-09,7.434435e-10,3.491458e-16,-4.545192e-20,-1.302107e-10
4258,4258.000000,3,1.150553e-09,7.438696e-10,2.793222e-16,-3.616434e-21,1.020217e-10
4259,4259.000000,3,1.151598e-09,7.442893e-10,2.793154e-16,1.740090e-19,-1.326084e-10
4260,4260.000000,3,1.150106e-09,7.446870e-10,2.793086e-16,-4.421115e-20,3.971290e-11
4261,4261.000000,3,1.158739e-09,7.506846e-10,2.793017e-16,-3.831501e-20,3.600120e-11
4262,4262.000000,3,1.175543e-09,7.587853e-10,3.491032e-16,-4.200754e-20,1.652412e-11
4263,4263.000000,3,1.185782e-09,7.635914e-10,2.792880e-16,1.683147e-20,-9.199841e-11
4264,4264.000000,3,1.193307e-09,7.679102e-10,2.792812e-16,-6.871224e-20,6.231238e-11
4265,4265.000000,3,1.200590e-09,7.715122e-10,2.921219e-16,-4.023406e-20,1.355085e-10
4266,4266.000000,3,1.208527e-09,7.748611e-10,2.792674e-16,-3.810656e-20,-3.392819e-11
4267,4267.000000,3,1.215575e-09,7.778589e-10,3.490601e-16,-8.248976e-20,-2.198552e-11
4268,4268.000000,3,1.220734e-09,7.806897e-10,2.792535e-16,7.904869e-20,1.941980e-11
4269,4269.000000,3,1.224343e-09,7.833119e-10,2.792466e-16,-9.451035e-20,-3.860179e-11
4270,4270.000000,3,1.231008e-09,7.858190e-10,3.490340e-16,2.075297e-19,8.689782e-11
4271,4271.000000,3,1.237161e-09,7.881771e-10,2.792326e-16,3.946975e-20,-1.174838e-12
4272,4272.000000,3,1.243158e-09,7.904406e-10,2.792256e-16,-1.249274e-19,-3.081757e-12
4273,4273.000000,3,1.246462e-09,7.926089e-10,2.792185e-16,2.157254e-19,-1.078466e-10
4274,4274.000000,3,1.253582e-09,7.946832e-10,2.792115e-16,-1.872605e-19,1.513576e-10
4275,4275.000000,3,1.257405e-09,7.966894e-10,2.792044e-16,1.911449e-20,-8.004708e-11
4276,4276.000000,3,1.261398e-09,7.986269e-10,3.489809e-16,-3.442726e-20,1.593516e-10
4277,4277.000000,3,1.266223e-09,8.004974e-10,2.791900e-16,-1.234120e-19,8.510614e-11
4278,4278.000000,3,1.270173e-09,8.023133e-10,2.791828e-16,1.024347e-19,4.996958e-11
4279,4279.000000,3,1.274998e-09,8.041012e-10,2.791756e-16,1.398829e-19,-1.822513e-10
4280,4280.000000,3,1.277243e-09,8.057994e-10,2.791683e-16,1.509638e-19,1.340978e-10
4281,4281.000000,3,1.282501e-09,8.074768e-10,2.791610e-16,5.467002e-20,-4.099410e-11
4282,4282.000000,3,1.290076e-09,8.091079e-10,2.791536e-16,9.993004e-20,1.412763e-10
4283,4283.000000,3,1.293252e-09,8.106820e-10,2.791463e-16,4.769854e-20,-2.113985e-10
4284,4284.000000,3,1.293877e-09,8.122500e-10,2.791388e-16,-6.208818e-20,-1.115392e-10
4285,4285.000000,3,1.298567e-09,8.137622e-10,2.791314e-16,9.825913e-20,6.881584e-11
4286,4286.000000,3,1.302773e-09,8.152463e-10,2.791239e-16,1.602878e-19,1.833445e-11
4287,4287.000000,3,1.308109e-09,8.167016e-10,3.488954e-16,-9.706799e-20,-3.185452e-11
4288,4288.000000,3,1.309935e-09,8.181220e-10,3.488701e-16,4.676548e-20,-3.946821e-11
4289,4289.000000,3,1.315364e-09,8.195062e-10,3.488765e-16,4.752649e-20,3.372858e-13
4290,4290.000000,3,1.318313e-09,8.208905e-10,2.790935e-16,-1.982256e-20,9.141687e-11
4291,4291.000000,3,1.317325e-09,8.222207e-10,2.790859e-16,5.986472e-20,1.576073e-12
4292,4292.000000,3,1.327798e-09,8.235446e-10,2.790781e-16,-6.405687e-20,3.738765e-11
4293,4293.000000,3,1.327123e-09,8.248264e-10,2.790704e-16,-2.162846e-19,-7.970224e-11
4294,4294.000000,3,1.333603e-09,8.260994e-10,3.488282e-16,6.880157e-20,-7.772227e-12
4295,4295.000000,3,1.333490e-09,8.273473e-10,2.790548e-16,4.334426e-21,1.297111e-10
4296,4296.000000,3,1.336495e-09,8.285770e-10,2.790469e-16,-4.016789e-21,-2.928391e-11
4297,4297.000000,3,1.341306e-09,8.297749e-10,3.487827e-16,2.411728e-20,7.141554e-11
4298,4298.000000,3,1.344588e-09,8.309688e-10,2.790311e-16,1.116396e-19,-1.029152e-10
4299,4299.000000,3,1.345001e-09,8.321357e-10,2.790231e-16,-1.117025e-19,1.911298e-10
4300,4300.000000,3,1.349918e-09,8.332846e-10,2.790151e-16,6.836151e-20,1.651423e-10
4301,4301.000000,3,1.351445e-09,8.344339e-10,2.915339e-16,-1.060545e-19,4.612000e-11
4302,4302.000000,3,1.358458e-09,8.355412e-10,3.487487e-16,-4.973010e-20,1.890905e-10
4303,4303.000000,3,1.360419e-09,8.366352e-10,2.789908e-16,9.797127e-21,-1.478364e-10
4304,4304.000000,3,1.362984e-09,8.377310e-10,2.789827e-16,1.392840e-19,1.428930e-10
4305,4305.000000,3,1.366615e-09,8.387850e-10,2.789745e-16,2.461028e-20,-4.863177e-11
4306,4306.000000,3,1.369827e-09,8.398378e-10,2.789663e-16,9.173764e-20,1.800904e-10
4307,4307.000000,3,1.373358e-09,8.408989e-10,3.486812e-16,8.175522e-20,-1.838003e-10
4308,4308.000000,3,1.375625e-09,8.419103e-10,2.789497e-16,-3.517172e-21,4.282241e-11
4309,4309.000000,3,1.380293e-09,8.429206e-10,2.789414e-16,-1.068386e-20,-3.712430e-11
4310,4310.000000,3,1.382389e-09,8.439258e-10,2.913800e-16,1.310320e-19,1.158045e-10
4311,4311.000000,3,1.385757e-09,8.449077e-10,2.789246e-16,1.660979e-20,-1.142202e-10
4312,4312.000000,3,1.387406e-09,8.458887e-10,2.789161e-16,-1.607708e-20,-1.749245e-11
4313,4313.000000,3,1.388528e-09,8.468481e-10,2.789077e-16,2.334304e-20,1.039460e-10
4314,4314.000000,3,1.395740e-09,8.478036e-10,2.788992e-16,-5.660562e-20,-5.687895e-12
4315,4315.000000,3,1.397069e-09,8.487315e-10,2.788906e-16,1.982057e-19,-6.675038e-11
4316,4316.000000,3,1.398483e-09,8.496688e-10,2.788820e-16,1.603076e-20,-1.593170e-10
4317,4317.000000,3,1.400082e-09,8.505707e-10,3.485753e-16,-1.669449e-19,9.673529e-11
4318,4318.000000,3,1.402690e-09,8.514727e-10,2.788648e-16,-8.466359e-20,2.174303e-10
4319,4319.000000,3,1.404636e-09,8.523835e-10,2.788561e-16,2.170522e-20,-2.122027e-10
4320,4320.000000,3,1.407173e-09,8.532501e-10,2.788474e-16,-2.879250e-20,1.245783e-10
4321,4321.000000,3,1.375732e-09,8.299017e-10,2.788387e-16,1.032652e-20,1.942826e-10
4322,4322.000000,3,1.320146e-09,7.973311e-10,3.485208e-16,-1.915750e-21,5.870593e-11
4323,4323.000000,3,1.283034e-09,7.790257e-10,2.788211e-16,-2.470954e-20,8.244183e-11
4324,4324.000000,3,1.250811e-09,7.627374e-10,2.788122e-16,-1.094294e-19,-1.724099e-10
4325,4325.000000,3,1.224215e-09,7.495395e-10,3.484876e-16,-7.399627e-20,-1.681679e-10
4326,4326.000000,3,1.195986e-09,7.374394e-10,2.787945e-16,1.881009e-20,2.878404e-10
4327,4327.000000,3,1.175451e-09,7.267449e-10,2.787856e-16,1.098496e-20,-8.404144e-11
4328,4328.000000,3,1.153495e-09,7.167822e-10,3.484542e-16,1.118514e-19,-1.350795e-10
4329,4329.000000,3,1.133614e-09,7.076377e-10,3.484430e-16,-2.072253e-20,-1.368399e-10
4330,4330.000000,3,1.115147e-09,6.990151e-10,2.787455e-16,-6.762698e-20,-1.560019e-11
4331,4331.000000,3,1.100013e-09,6.909500e-10,2.787499e-16,-9.646911e-20,-9.179768e-12
4332,4332.000000,3,1.079805e-09,6.832741e-10,2.787411e-16,2.930535e-20,2.168532e-11
4333,4333.000000,3,1.067271e-09,6.759833e-10,3.483988e-16,-5.173518e-20,-3.922085e-11
4334,4334.000000,3,1.049578e-09,6.690195e-10,2.787235e-16,-1.016042e-19,3.008482e-11
4335,4335.000000,3,1.036611e-09,6.623539e-10,2.787147e-16,-1.990494e-19,1.425879e-10
4336,4336.000000,3,1.021490e-09,6.559686e-10,3.483826e-16,5.291971e-20,7.776491e-11
4337,4337.000000,3,1.008097e-09,6.497927e-10,2.786974e-16,1.836374e-19,1.889884e-10
4338,4338.000000,3,9.983125e-10,6.438463e-10,2.786889e-16,-3.076450e-20,8.785417e-11
4339,4339.000000,3,9.839383e-10,6.381011e-10,2.786804e-16,-5.674459e-21,1.018787e-10
4340,4340.000000,3,9.734151e-10,6.325340e-10,2.786720e-16,-2.611906e-20,1.276756e-13
4341,4341.000000,3,9.587993e-10,6.271217e-10,2.786637e-16,2.294268e-20,7.618861e-11
4342,4342.000000,3,9.499388e-10,6.218861e-10,2.786554e-16,3.021856e-20,-8.774470e-11
4343,4343.000000,3,9.382859e-10,6.167773e-10,3.482930e-16,-6.442083e-20,-5.571632e-11
4344,4344.000000,3,9.260717e-10,6.118015e-10,2.786263e-16,2.875942e-20,7.532863e-11
4345,4345.000000,3,9.161880e-10,6.069567e-10,2.786311e-16,-9.194940e-20,-2.750467e-12
4346,4346.000000,3,9.052457e-10,6.022267e-10,2.786232e-16,-8.187765e-20,3.954037e-11
4347,4347.000000,3,8.966197e-10,5.976082e-10,2.786154e-16,4.632211e-21,6.233702e-11
4348,4348.000000,3,8.825651e-10,5.930978e-10,2.786076e-16,-8.711535e-20,3.870304e-11
4349,4349.000000,3,8.788703e-10,5.886869e-10,2.785999e-16,1.103889e-19,-1.786244e-10
4350,4350.000000,3,8.690648e-10,5.843646e-10,2.785924e-16,9.952637e-21,6.988810e-11
4351,4351.000000,3,8.583640e-10,5.801060e-10,2.785849e-16,-5.059367e-20,3.521650e-11
4352,4352.000000,3,8.498873e-10,5.759635e-10,2.785774e-16,-8.310187e-20,-1.233880e-11
4353,4353.000000,3,8.376588e-10,5.718854e-10,2.785701e-16,-8.376693e-20,2.227329e-11
4354,4354.000000,3,8.307381e-10,5.678933e-10,2.785629e-16,-1.938911e-21,-9.307666e-12
4355,4355.000000,3,8.243504e-10,5.639551e-10,2.785557e-16,-2.835244e-20,-4.260814e-11
4356,4356.000000,3,8.164704e-10,5.600880e-10,2.785487e-16,3.033106e-20,1.162825e-11
4357,4357.000000,3,8.066579e-10,5.563097e-10,2.907595e-16,7.536608e-20,1.228186e-10
4358,4358.000000,3,7.993677e-10,5.525722e-10,2.785348e-16,-2.547716e-22,-5.496492e-12
4359,4359.000000,3,7.900880e-10,5.488960e-10,2.785281e-16,-1.636726e-19,8.957457e-11
4360,4360.000000,3,7.836078e-10,5.452792e-10,2.785214e-16,-5.256898e-20,-1.186342e-10
4361,4361.000000,3,7.767866e-10,5.417216e-10,2.785147e-16,2.485082e-19,-1.093061e-10
4362,4362.000000,3,7.675993e-10,5.382128e-10,2.785082e-16,8.384303e-20,-1.401526e-10
4363,4363.000000,3,7.632153e-10,5.347582e-10,2.785018e-16,-1.011774e-19,-3.817924e-11
4364,4364.000000,3,7.548593e-10,5.313534e-10,2.784954e-16,3.476806e-20,-5.546252e-11
4365,4365.000000,3,7.477112e-10,5.279872e-10,2.784892e-16,-8.857450e-20,8.162360e-11
4366,4366.000000,3,7.385950e-10,5.246863e-10,2.784830e-16,1.333779e-19,2.229479e-10
4367,4367.000000,3,7.312266e-10,5.213909e-10,2.784769e-16,1.355749e-19,-3.537348e-11
4368,4368.000000,3,7.257341e-10,5.181795e-10,2.784709e-16,-2.817046e-20,6.427414e-11
4369,4369.000000,3,7.196732e-10,5.149889e-10,3.480813e-16,9.340523e-21,1.990275e-11
4370,4370.000000,3,7.114878e-10,5.118417e-10,3.480740e-16,2.574186e-21,-1.016278e-10
4371,4371.000000,3,7.053842e-10,5.087257e-10,2.784534e-16,-1.246396e-19,-1.124378e-10
4372,4372.000000,3,6.982930e-10,5.056557e-10,2.784477e-16,-2.288643e-20,2.310152e-12
4373,4373.000000,3,6.908039e-10,5.026330e-10,2.784422e-16,1.502392e-19,-6.201883e-11
4374,4374.000000,3,6.868461e-10,4.996297e-10,2.784367e-16,4.218290e-20,1.159330e-10
4375,4375.000000,3,6.792291e-10,4.966618e-10,3.480247e-16,-2.714807e-20,1.049427e-10
4376,4376.000000,3,6.742482e-10,4.937293e-10,2.784259e-16,6.253485e-21,2.950284e-11
4377,4377.000000,3,6.671357e-10,4.908285e-10,2.784207e-16,-1.082647e-19,-2.426837e-11
4378,4378.000000,3,6.617569e-10,4.879526e-10,3.480052e-16,1.125032e-19,-4.828493e-11
4379,4379.000000,3,6.552554e-10,4.851233e-10,2.784104e-16,-4.983929e-20,-1.319411e-10
4380,4380.000000,3,6.512693e-10,4.823044e-10,2.784054e-16,5.110653e-20,1.828848e-10
4381,4381.000000,3,6.564420e-10,4.893626e-10,2.784005e-16,-1.131649e-19,-1.086993e-10
4382,4382.000000,3,6.689760e-10,5.001961e-10,2.783957e-16,-1.414677e-19,-4.755285e-11
4383,4383.000000,3,6.789591e-10,5.052772e-10,2.905296e-16,5.888202e-20,6.723533e-11
4384,4384.000000,3,6.859864e-10,5.095526e-10,2.783862e-16,7.772189e-21,-6.785061e-11
4385,4385.000000,3,6.900791e-10,5.125800e-10,3.479771e-16,-4.763237e-20,2.783573e-11
4386,4386.000000,3,6.927507e-10,5.151954e-10,2.783771e-16,-5.584793e-20,6.573408e-12
4387,4387.000000,3,6.966019e-10,5.172680e-10,2.783727e-16,9.138691e-20,9.588996e-11
4388,4388.000000,3,7.010570e-10,5.190681e-10,3.479467e-16,-1.961576e-19,-9.208168e-11
4389,4389.000000,3,7.030252e-10,5.205314e-10,2.783640e-16,-5.198003e-21,1.992850e-11
4390,4390.000000,3,7.028547e-10,5.218161e-10,2.783598e-16,-5.082198e-20,-5.812040e-11
4391,4391.000000,3,7.059171e-10,5.228997e-10,2.783556e-16,-1.114047e-19,1.821721e-10
4392,4392.000000,3,7.067342e-10,5.238336e-10,2.783514e-16,-6.915561e-20,6.552159e-11
4393,4393.000000,3,7.075869e-10,5.246341e-10,2.783474e-16,-3.555222e-20,1.206224e-10
4394,4394.000000,3,7.064571e-10,5.253111e-10,2.783433e-16,-9.410007e-20,1.948774e-11
4395,4395.000000,3,7.090932e-10,5.259000e-10,2.783393e-16,-1.280575e-19,6.269207e-11
4396,4396.000000,3,7.123688e-10,5.263894e-10,3.479192e-16,-8.103061e-20,6.218404e-11
4397,4397.000000,3,7.104788e-10,5.267988e-10,3.479010e-16,-5.449466e-21,1.077840e-10
4398,4398.000000,3,7.107772e-10,5.271379e-10,2.783276e-16,-1.690261e-19,-3.166578e-12
4399,4399.000000,3,7.094982e-10,5.274079e-10,2.783237e-16,4.962753e-20,2.267024e-10
4400,4400.000000,3,7.120917e-10,5.276235e-10,2.783199e-16,1.416431e-19,-7.672196e-11
4401,4401.000000,3,7.109549e-10,5.277814e-10,2.783162e-16,5.571889e-21,-2.254359e-10
4402,4402.000000,3,7.116085e-10,5.278931e-10,2.783124e-16,-1.055813e-20,1.296496e-11
4403,4403.000000,3,7.121628e-10,5.279706e-10,2.783087e-16,-6.600570e-20,-2.657985e-11
4404,4404.000000,3,7.127738e-10,5.280121e-10,2.783050e-16,6.841115e-20,1.523237e-10
4405,4405.000000,3,7.107772e-10,5.280063e-10,2.783014e-16,5.406783e-20,-2.163403e-11
4406,4406.000000,3,7.112817e-10,5.279726e-10,2.782977e-16,-1.255660e-19,-1.664802e-11
4407,4407.000000,3,7.085177e-10,5.278924e-10,2.782941e-16,3.304752e-20,-8.265011e-11
4408,4408.000000,3,7.080345e-10,5.277883e-10,2.782905e-16,6.930119e-20,-4.699818e-11
4409,4409.000000,3,7.082264e-10,5.276704e-10,2.782869e-16,7.144524e-20,1.610934e-12
4410,4410.000000,3,7.087451e-10,5.275311e-10,2.782834e-16,8.272137e-20,8.016321e-11
4411,4411.000000,3,7.099175e-10,5.273493e-10,2.782799e-16,-1.093996e-19,-1.410825e-10
4412,4412.000000,3,7.080345e-10,5.271599e-10,2.782764e-16,7.714948e-20,1.331846e-10
4413,4413.000000,3,7.045386e-10,5.269318e-10,2.782624e-16,-1.068717e-19,9.981904e-11
4414,4414.000000,3,7.051923e-10,5.266989e-10,2.782695e-16,-1.756932e-21,-4.281775e-11
4415,4415.000000,3,7.035226e-10,5.264547e-10,2.782660e-16,-1.263270e-20,-3.832690e-11
4416,4416.000000,3,7.039631e-10,5.261824e-10,3.478283e-16,-2.520254e-20,1.770204e-10
4417,4417.000000,3,7.031460e-10,5.259058e-10,2.782592e-16,1.174067e-19,-1.078411e-10
4418,4418.000000,3,7.034231e-10,5.256124e-10,2.782559e-16,-1.544843e-20,1.159306e-10
4419,4419.000000,3,7.032099e-10,5.253020e-10,2.782525e-16,-9.118839e-21,-2.217460e-10
4420,4420.000000,3,7.021512e-10,5.249767e-10,2.782492e-16,-1.067460e-19,3.385536e-11
4421,4421.000000,3,7.000338e-10,5.246388e-10,2.782459e-16,-2.133795e-20,-9.474954e-11
4422,4422.000000,3,7.003820e-10,5.242917e-10,2.782426e-16,-2.896456e-20,-6.598722e-12
4423,4423.000000,3,6.969927e-10,5.239371e-10,2.782394e-16,3.654153e-20,3.430367e-12
4424,4424.000000,3,6.980585e-10,5.235719e-10,2.782362e-16,6.685274e-20,-6.154655e-11
4425,4425.000000,3,6.941079e-10,5.231944e-10,2.782329e-16,-2.650287e-21,4.768497e-11
4426,4426.000000,3,6.937455e-10,5.228076e-10,2.782297e-16,9.167477e-20,1.493936e-10
4427,4427.000000,3,6.960406e-10,5.224132e-10,2.901162e-16,-1.086783e-19,-6.456635e-11
4428,4428.000000,3,6.932979e-10,5.220095e-10,2.782234e-16,-8.038541e-20,9.560752e-11
4429,4429.000000,3,6.930065e-10,5.216125e-10,2.782203e-16,-2.913661e-20,1.105067e-10
4430,4430.000000,3,6.912657e-10,5.211864e-10,2.782172e-16,-8.414412e-20,7.700374e-11
4431,4431.000000,3,6.922392e-10,5.207681e-10,2.782141e-16,7.430729e-20,-1.368328e-11
4432,4432.000000,3,6.872369e-10,5.203282e-10,2.782110e-16,-1.120499e-19,5.097167e-11
4433,4433.000000,3,6.882601e-10,5.198968e-10,3.477471e-16,-7.862186e-20,-1.068365e-10
4434,4434.000000,3,6.881535e-10,5.194472e-10,2.782049e-16,-1.174894e-19,-1.344918e-10
4435,4435.000000,3,6.850698e-10,5.190119e-10,2.782019e-16,-3.046341e-20,-1.013174e-10
4436,4436.000000,3,6.838405e-10,5.185661e-10,2.781989e-16,-6.139665e-20,2.391598e-11
4437,4437.000000,3,6.818155e-10,5.181078e-10,2.781857e-16,6.781227e-20,-2.936029e-11
4438,4438.000000,3,6.824550e-10,5.176444e-10,2.781929e-16,6.969162e-20,2.502953e-11
4439,4439.000000,3,6.801386e-10,5.171710e-10,3.477248e-16,-1.349297e-20,3.678613e-11
4440,4440.000000,3,6.809344e-10,5.167156e-10,2.781870e-16,-1.144917e-19,-8.893775e-12
4441,4441.000000,3,6.899015e-10,5.251257e-10,2.899873e-16,-4.708643e-20,-6.645551e-11
4442,4442.000000,3,7.067342e-10,5.369098e-10,2.781812e-16,4.102816e-21,-4.455658e-11
4443,4443.000000,3,7.151826e-10,5.434646e-10,2.781784e-16,8.333679e-20,3.234457e-11
4444,4444.000000,3,7.267786e-10,5.492791e-10,2.781654e-16,-1.719642e-19,-7.826095e-11
4445,4445.000000,3,7.345236e-10,5.539520e-10,2.781727e-16,-4.269575e-20,-4.962408e-11
4446,4446.000000,3,7.428227e-10,5.582070e-10,2.781699e-16,-9.118177e-20,5.324852e-12
4447,4447.000000,3,7.487273e-10,5.619540e-10,2.899259e-16,-1.888255e-19,6.026690e-11
4448,4448.000000,3,7.556125e-10,5.654293e-10,2.781643e-16,2.894470e-20,-6.414203e-11
4449,4449.000000,3,7.614886e-10,5.685954e-10,2.899046e-16,-6.158856e-20,3.610601e-11
4450,4450.000000,3,7.674785e-10,5.715459e-10,2.781587e-16,-1.573761e-19,6.048539e-11
4451,4451.000000,3,7.710241e-10,5.742975e-10,2.781559e-16,1.253278e-19,-1.777380e-10
4452,4452.000000,3,7.761969e-10,5.769165e-10,2.781431e-16,1.043604e-19,1.388489e-10
4453,4453.000000,3,7.814052e-10,5.793528e-10,3.476754e-16,1.022726e-19,6.737966e-11
4454,4454.000000,3,7.857963e-10,5.817036e-10,2.781476e-16,-5.358807e-20,-4.403722e-11
4455,4455.000000,3,7.908838e-10,5.839202e-10,2.781448e-16,1.504807e-20,1.870835e-10
4456,4456.000000,3,7.944934e-10,5.860490e-10,2.781419e-16,6.013272e-20,3.724221e-11
4457,4457.000000,3,7.967103e-10,5.880791e-10,2.898152e-16,-4.648093e-20,1.205791e-10
4458,4458.000000,3,7.993535e-10,5.900156e-10,2.781362e-16,7.110445e-20,1.090448e-10
4459,4459.000000,3,8.045049e-10,5.918885e-10,2.781334e-16,-1.215790e-19,6.145640e-11
4460,4460.000000,3,8.094574e-10,5.936940e-10,2.781305e-16,3.852346e-20,2.232514e-10
4461,4461.000000,3,8.116530e-10,5.954250e-10,2.781275e-16,-2.778599e-19,2.298721e-10
4462,4462.000000,3,8.149570e-10,5.970944e-10,2.897601e-16,-1.078280e-19,-3.100187e-11
4463,4463.000000,3,8.158167e-10,5.987091e-10,2.781217e-16,4.122999e-20,1.333955e-10
4464,4464.000000,3,8.211813e-10,6.002776e-10,2.781187e-16,-1.780655e-19,-1.983305e-10
4465,4465.000000,3,8.245280e-10,6.017995e-10,2.781157e-16,1.080298e-20,-1.009777e-10
4466,4466.000000,3,8.258496e-10,6.032619e-10,2.781127e-16,4.261635e-21,8.140133e-11
4467,4467.000000,3,8.278818e-10,6.046827e-10,2.781096e-16,1.657008e-20,1.271936e-10
4468,4468.000000,3,8.328840e-10,6.060852e-10,2.781065e-16,1.916048e-19,-5.401080e-11
4469,4469.000000,3,8.362804e-10,6.074290e-10,2.781034e-16,1.047542e-19,6.227197e-11
4470,4470.000000,3,8.386962e-10,6.087360e-10,2.781003e-16,8.985498e-20,8.407675e-11
4471,4471.000000,3,8.398260e-10,6.099967e-10,2.896557e-16,-1.211356e-19,2.008638e-11
4472,4472.000000,3,8.433858e-10,6.112455e-10,2.780940e-16,7.638517e-20,3.976819e-11
4473,4473.000000,3,8.456666e-10,6.124561e-10,2.780908e-16,-3.156190e-20,-7.912804e-11
4474,4474.000000,3,8.458301e-10,6.136454e-10,2.780876e-16,-1.610686e-19,2.415868e-11
4475,4475.000000,3,8.507541e-10,6.148027e-10,3.475926e-16,1.789556e-19,4.056666e-11
4476,4476.000000,3,8.531984e-10,6.159218e-10,2.780811e-16,-7.598150e-20,-1.450970e-10
4477,4477.000000,3,8.533121e-10,6.170076e-10,2.780778e-16,-6.787844e-20,6.611178e-11
4478,4478.000000,3,8.566161e-10,6.180862e-10,2.780745e-16,-2.997041e-20,2.642664e-11
4479,4479.000000,3,8.586269e-10,6.191363e-10,3.475760e-16,-1.877932e-19,3.416956e-11
4480,4480.000000,3,8.612062e-10,6.201735e-10,3.475718e-16,4.135572e-20,1.668843e-11
4481,4481.000000,3,8.608794e-10,6.211580e-10,2.780541e-16,-6.009963e-20,-5.834133e-11
4482,4482.000000,3,8.623928e-10,6.221470e-10,2.780610e-16,1.087246e-19,-2.046501e-10
4483,4483.000000,3,8.660734e-10,6.231160e-10,2.780472e-16,-2.612898e-20,-7.334333e-11
4484,4484.000000,3,8.683756e-10,6.240473e-10,2.780541e-16,4.367845e-20,-2.448863e-11
4485,4485.000000,3,8.702088e-10,6.249627e-10,3.475633e-16,-1.219363e-19,6.228862e-11
4486,4486.000000,3,8.723404e-10,6.258627e-10,2.780367e-16,1.538225e-20,2.064948e-11
4487,4487.000000,3,8.752892e-10,6.267662e-10,2.780436e-16,1.297780e-19,7.057888e-11
4488,4488.000000,3,8.751044e-10,6.276211e-10,2.780400e-16,-3.360669e-20,-1.671752e-11
4489,4489.000000,3,8.779537e-10,6.284622e-10,3.475325e-16,1.878693e-20,-8.349788e-11
4490,4490.000000,3,8.793464e-10,6.293015e-10,2.780329e-16,-9.968519e-20,-4.216982e-11
4491,4491.000000,3,8.785292e-10,6.301339e-10,2.780292e-16,1.318129e-19,1.918534e-10
4492,4492.000000,3,8.844481e-10,6.309211e-10,2.780256e-16,2.245398e-19,4.376433e-11
4493,4493.000000,3,8.832970e-10,6.317153e-10,2.780219e-16,6.578402e-20,-1.181855e-11
4494,4494.000000,3,8.874110e-10,6.324865e-10,2.780182e-16,-8.372722e-20,-1.256029e-10
4495,4495.000000,3,8.889245e-10,6.332654e-10,2.780145e-16,8.965645e-20,-6.248113e-12
4496,4496.000000,3,8.900187e-10,6.339960e-10,2.780108e-16,6.168782e-20,1.127201e-10
4497,4497.000000,3,8.908145e-10,6.347338e-10,2.780070e-16,3.158837e-20,-1.145211e-10
4498,4498.000000,3,8.923280e-10,6.354541e-10,2.780032e-16,-2.712491e-20,-1.849778e-10
4499,4499.000000,3,8.942678e-10,6.361607e-10,2.779994e-16,-1.435721e-19,1.272082e-10
4500,4500.000000,3,8.964491e-10,6.368639e-10,2.779956e-16,1.224558e-19,-1.342466e-10
4501,4501.000000,3,8.907364e-10,6.327177e-10,2.779917e-16,-5.577844e-20,-8.845924e-11
4502,4502.000000,3,8.806964e-10,6.267145e-10,2.779879e-16,7.206397e-21,1.285194e-12
4503,4503.000000,3,8.763550e-10,6.235474e-10,3.474800e-16,-1.369480e-20,1.465605e-10
4504,4504.000000,3,8.725891e-10,6.207770e-10,3.474618e-16,-2.064643e-21,2.226086e-11
4505,4505.000000,3,8.691643e-10,6.186058e-10,2.779761e-16,3.839772e-20,-5.139689e-11
4506,4506.000000,3,8.654695e-10,6.166601e-10,2.892307e-16,7.256028e-21,-1.833933e-11
4507,4507.000000,3,8.605241e-10,6.149663e-10,3.474470e-16,-6.203855e-21,-6.467693e-11
4508,4508.000000,3,8.586980e-10,6.134342e-10,2.779642e-16,1.145149e-19,2.450125e-10
4509,4509.000000,3,8.552092e-10,6.120306e-10,2.779602e-16,-5.834601e-20,1.235974e-10
4510,4510.000000,3,8.513084e-10,6.107388e-10,3.474319e-16,-5.271126e-20,-2.390488e-11
4511,4511.000000,3,8.513794e-10,6.095486e-10,2.779522e-16,1.053431e-19,-8.384071e-11
4512,4512.000000,3,8.486367e-10,6.084351e-10,3.474352e-16,-3.899991e-20,-5.160117e-11
4513,4513.000000,3,8.478978e-10,6.073746e-10,2.779441e-16,-1.058791e-21,1.027156e-11
4514,4514.000000,3,8.460006e-10,6.063912e-10,2.779401e-16,5.182783e-20,1.933274e-10
4515,4515.000000,3,8.443308e-10,6.054590e-10,2.779360e-16,-2.905720e-20,-9.619860e-11
4516,4516.000000,3,8.419576e-10,6.045615e-10,2.779320e-16,8.668853e-21,5.480816e-11
4517,4517.000000,3,8.393144e-10,6.036975e-10,2.779173e-16,-1.245072e-20,1.026685e-10
4518,4518.000000,3,8.375238e-10,6.028942e-10,2.779239e-16,1.314092e-19,-5.075274e-12
4519,4519.000000,3,8.388952e-10,6.021053e-10,2.779198e-16,-1.346154e-19,5.756529e-11
4520,4520.000000,3,8.362662e-10,6.013545e-10,2.779157e-16,1.105940e-19,1.213194e-10
4521,4521.000000,3,8.354490e-10,6.006415e-10,3.473896e-16,-7.256359e-20,1.120837e-11
4522,4522.000000,3,8.330332e-10,5.999252e-10,3.473713e-16,-2.782305e-20,4.600320e-11
4523,4523.000000,3,8.313137e-10,5.992651e-10,2.779036e-16,5.870666e-20,4.947398e-11
4524,4524.000000,3,8.314558e-10,5.985985e-10,3.473612e-16,6.861959e-20,8.928636e-12
4525,4525.000000,3,8.284289e-10,5.979708e-10,2.778955e-16,-1.444687e-19,3.866907e-11
4526,4526.000000,3,8.287202e-10,5.973499e-10,3.468010e-16,-9.886463e-20,-1.127454e-11
4527,4527.000000,3,8.256791e-10,5.967464e-10,2.778875e-16,-1.192761e-19,2.737603e-10
4528,4528.000000,3,8.262333e-10,5.961591e-10,2.778835e-16,1.958631e-19,-1.058222e-10
4529,4529.000000,3,8.256507e-10,5.955989e-10,2.889667e-16,6.524139e-20,-5.194245e-11
4530,4530.000000,3,8.237464e-10,5.950367e-10,2.778754e-16,-6.031139e-20,9.967382e-11
4531,4531.000000,3,8.255299e-10,5.944913e-10,2.778714e-16,-7.108459e-20,-1.413527e-10
4532,4532.000000,3,8.230359e-10,5.939564e-10,2.778674e-16,4.259649e-20,1.117184e-10
4533,4533.000000,3,8.180194e-10,5.934433e-10,2.778529e-16,4.933305e-20,6.300693e-11
4534,4534.000000,3,8.180905e-10,5.929179e-10,2.778595e-16,-1.172942e-20,5.071255e-11
4535,4535.000000,3,8.179910e-10,5.924283e-10,2.778555e-16,9.466586e-20,4.782930e-11
4536,4536.000000,3,8.178631e-10,5.919418e-10,2.778515e-16,3.365963e-20,-7.698286e-11
4537,4537.000000,3,8.191563e-10,5.914478e-10,2.778475e-16,-1.141344e-19,-2.501288e-11
4538,4538.000000,3,8.141399e-10,5.909815e-10,2.778436e-16,1.508612e-19,-3.171685e-12
4539,4539.000000,3,8.151702e-10,5.905139e-10,3.472863e-16,-2.259196e-20,1.073437e-10
4540,4540.000000,3,8.111058e-10,5.900525e-10,2.778357e-16,-6.222714e-20,2.632383e-11
4541,4541.000000,3,8.113687e-10,5.895986e-10,2.778318e-16,-7.194486e-20,2.059866e-10
4542,4542.000000,3,8.129177e-10,5.891505e-10,2.778278e-16,-1.120168e-19,6.524248e-11
4543,4543.000000,3,8.110632e-10,5.887197e-10,2.778239e-16,-1.723216e-19,6.490586e-12
4544,4544.000000,3,8.105516e-10,5.883032e-10,3.472750e-16,2.260188e-20,2.136114e-11
4545,4545.000000,3,8.109851e-10,5.878469e-10,2.778161e-16,1.226213e-20,-1.201312e-10
4546,4546.000000,3,8.073826e-10,5.874294e-10,2.778122e-16,1.255660e-20,-6.572232e-11
4547,4547.000000,3,8.103100e-10,5.870127e-10,3.472604e-16,2.531504e-20,-9.590329e-11
4548,4548.000000,3,8.066436e-10,5.866070e-10,2.887529e-16,6.091027e-20,3.472711e-11
4549,4549.000000,3,8.055210e-10,5.862024e-10,2.778005e-16,3.809994e-20,4.650946e-11
4550,4550.000000,3,8.063878e-10,5.858036e-10,2.777967e-16,9.636654e-20,-5.926148e-12
4551,4551.000000,3,8.018333e-10,5.854073e-10,3.472279e-16,-1.252318e-19,2.347500e-11
4552,4552.000000,3,8.042562e-10,5.849938e-10,2.777784e-16,-8.028946e-20,-5.631984e-11
4553,4553.000000,3,8.045191e-10,5.846237e-10,2.777851e-16,-7.446280e-20,-4.140437e-10
4554,4554.000000,3,8.018475e-10,5.842238e-10,2.777813e-16,-8.796900e-20,1.379803e-10
4555,4555.000000,3,8.021388e-10,5.838490e-10,2.777774e-16,1.740917e-19,1.391598e-10
4556,4556.000000,3,8.012222e-10,5.834762e-10,2.777736e-16,6.079778e-20,-6.519363e-11
4557,4557.000000,3,7.978329e-10,5.830838e-10,2.777593e-16,-8.288350e-21,1.778506e-10
4558,4558.000000,3,7.985008e-10,5.827265e-10,2.777660e-16,6.327270e-20,3.685940e-11
4559,4559.000000,3,7.979040e-10,5.823622e-10,2.777622e-16,-8.622862e-20,-2.044811e-10
4560,4560.000000,3,7.961845e-10,5.819818e-10,2.777584e-16,-7.754984e-20,-2.877054e-11
4561,4561.000000,3,8.048744e-10,5.894563e-10,2.777546e-16,-2.695947e-20,-4.811951e-11
4562,4562.000000,3,8.244214e-10,5.999077e-10,3.471754e-16,-1.841304e-20,-3.350296e-10
4563,4563.000000,3,8.339853e-10,6.057483e-10,2.777470e-16,2.583450e-20,-1.792486e-10
4564,4564.000000,3,8.386181e-10,6.109471e-10,2.777433e-16,2.378740e-19,2.357048e-10
4565,4565.000000,3,8.455672e-10,6.151466e-10,2.777395e-16,9.063914e-20,1.901219e-10
4566,4566.000000,3,8.545484e-10,6.189809e-10,2.777358e-16,1.617767e-19,5.312395e-11
4567,4567.000000,3,8.621726e-10,6.223686e-10,3.471650e-16,-3.291517e-20,5.029310e-11
4568,4568.000000,3,8.682974e-10,6.255241e-10,2.777283e-16,-4.765222e-20,-4.230527e-11
4569,4569.000000,3,8.725536e-10,6.284266e-10,2.777245e-16,1.498620e-19,-2.726293e-10
4570,4570.000000,3,8.775487e-10,6.311376e-10,2.777208e-16,1.461661e-19,-9.251933e-11
4571,4571.000000,3,8.825296e-10,6.336787e-10,2.777170e-16,1.174067e-19,-1.004883e-10
4572,4572.000000,3,8.881855e-10,6.360805e-10,3.471284e-16,-2.487167e-20,-8.780154e-11
4573,4573.000000,3,8.932588e-10,6.383691e-10,3.471237e-16,1.644468e-19,7.010992e-11
4574,4574.000000,3,8.953265e-10,6.405518e-10,2.777056e-16,4.599455e-20,2.234168e-11
4575,4575.000000,3,9.013590e-10,6.426177e-10,2.777018e-16,1.915089e-20,-1.512932e-10
4576,4576.000000,3,9.052741e-10,6.446208e-10,2.776979e-16,9.179058e-20,-5.946088e-11
4577,4577.000000,3,9.080949e-10,6.465390e-10,2.776941e-16,1.120466e-19,1.147016e-10
4578,4578.000000,3,9.130119e-10,6.483769e-10,3.470996e-16,-5.046794e-20,3.985923e-11
4579,4579.000000,3,9.154490e-10,6.501715e-10,2.883852e-16,-6.005000e-20,9.978729e-11
4580,4580.000000,3,9.187033e-10,6.518928e-10,2.883722e-16,1.909464e-20,-3.159695e-13
4581,4581.000000,3,9.226966e-10,6.535563e-10,2.883578e-16,4.466775e-21,1.390139e-10
4582,4582.000000,3,9.266259e-10,6.551772e-10,2.776744e-16,1.083342e-19,1.084319e-10
4583,4583.000000,3,9.282388e-10,6.567560e-10,2.883332e-16,2.323054e-20,-3.000244e-11
4584,4584.000000,3,9.350245e-10,6.582777e-10,2.776663e-16,-4.295053e-20,-6.014922e-11
4585,4585.000000,3,9.372556e-10,6.597678e-10,2.883070e-16,-4.870439e-21,4.162137e-11
4586,4586.000000,3,9.371632e-10,6.612095e-10,2.882938e-16,-1.620314e-19,8.734902e-11
4587,4587.000000,3,9.450432e-10,6.626240e-10,2.776540e-16,9.055642e-20,-5.844214e-11
4588,4588.000000,3,9.447305e-10,6.639993e-10,2.776498e-16,5.314801e-20,1.580769e-10
4589,4589.000000,3,9.490364e-10,6.653420e-10,2.776456e-16,7.436023e-20,3.699641e-11
4590,4590.000000,3,9.508128e-10,6.666601e-10,2.776414e-16,8.211257e-20,-1.667178e-11
4591,4591.000000,3,9.528307e-10,6.679473e-10,2.882260e-16,-7.603113e-20,4.199396e-11
4592,4592.000000,3,9.567671e-10,6.692031e-10,2.776329e-16,-3.126081e-20,-1.048537e-10
4593,4593.000000,3,9.571224e-10,6.704413e-10,3.470223e-16,5.086499e-20,-2.423106e-11
4594,4594.000000,3,9.610801e-10,6.716363e-10,2.776242e-16,6.294183e-20,2.026823e-11
4595,4595.000000,3,9.640786e-10,6.728336e-10,2.776198e-16,-1.541865e-21,-7.014656e-11
4596,4596.000000,3,9.702958e-10,6.739924e-10,2.776154e-16,-3.484416e-20,4.296541e-11
4597,4597.000000,3,9.708856e-10,6.751193e-10,2.776110e-16,-5.989449e-20,5.190492e-11
4598,4598.000000,3,9.712338e-10,6.762408e-10,2.776065e-16,1.025869e-19,2.017719e-12
4599,4599.000000,3,9.761081e-10,6.773326e-10,2.776020e-16,3.824883e-20,-1.848219e-10
4600,4600.000000,3,9.778773e-10,6.784024e-10,2.775975e-16,-1.136215e-19,3.664957e-11
4601,4601.000000,3,9.793979e-10,6.794687e-10,2.775929e-16,-7.500543e-20,4.098943e-13
4602,4602.000000,3,9.832064e-10,6.805072e-10,2.775883e-16,-4.145829e-21,-6.139911e-11
4603,4603.000000,3,9.834196e-10,6.815200e-10,2.775837e-16,-5.154990e-21,1.793672e-10
4604,4604.000000,3,9.880594e-10,6.825258e-10,2.775791e-16,-1.888586e-19,-1.183977e-10
4605,4605.000000,3,9.889050e-10,6.835190e-10,2.775744e-16,-8.028946e-20,2.267728e-10
4606,4606.000000,3,9.909158e-10,6.844891e-10,2.775697e-16,-4.628903e-21,2.704548e-11
4607,4607.000000,3,9.933103e-10,6.854481e-10,2.775649e-16,8.172544e-22,7.743739e-11
4608,4608.000000,3,9.960672e-10,6.864020e-10,3.469365e-16,-8.651978e-20,-9.335688e-11
4609,4609.000000,3,9.957475e-10,6.873195e-10,2.775553e-16,-7.529329e-20,1.163267e-10
4610,4610.000000,3,1.000188e-09,6.882495e-10,2.879690e-16,-9.171117e-20,1.074494e-10
4611,4611.000000,3,1.003400e-09,6.891621e-10,2.775456e-16,-1.131616e-19,5.216805e-11
4612,4612.000000,3,1.005539e-09,6.900380e-10,2.879413e-16,1.815893e-19,8.923107e-11
4613,4613.000000,3,1.007649e-09,6.909227e-10,2.775358e-16,-1.759380e-19,5.536238e-12
4614,4614.000000,3,1.007137e-09,6.917800e-10,2.775309e-16,-3.233614e-20,2.709473e-10
4615,4615.000000,3,1.010669e-09,6.926304e-10,3.468936e-16,5.962318e-21,-5.863798e-11
4616,4616.000000,3,1.012566e-09,6.934855e-10,2.775209e-16,-1.585738e-19,2.624967e-11
4617,4617.000000,3,1.014840e-09,6.943097e-10,2.775159e-16,7.241801e-20,8.645307e-12
4618,4618.000000,3,1.018471e-09,6.951255e-10,2.775108e-16,-4.525671e-20,7.918111e-11
4619,4619.000000,3,1.020084e-09,6.959393e-10,2.775057e-16,-5.338955e-20,-9.393819e-11
4620,4620.000000,3,1.020716e-09,6.967362e-10,2.878280e-16,-8.817745e-20,1.017477e-10
4621,4621.000000,3,1.009596e-09,6.869323e-10,2.774954e-16,2.202947e-20,-1.988207e-10
4622,4622.000000,3,9.890258e-10,6.730614e-10,2.774903e-16,1.121624e-19,-3.028156e-11
4623,4623.000000,3,9.723564e-10,6.654171e-10,2.774851e-16,-8.069974e-20,6.524181e-11
4624,4624.000000,3,9.624657e-10,6.586658e-10,3.468358e-16,3.947306e-21,5.673084e-11
4625,4625.000000,3,9.522196e-10,6.532561e-10,2.774746e-16,1.032321e-19,-1.042468e-10
4626,4626.000000,3,9.438637e-10,6.483043e-10,3.468366e-16,1.071695e-20,1.526241e-10
4627,4627.000000,3,9.350032e-10,6.439724e-10,2.774640e-16,6.526124e-20,5.855472e-11
4628,4628.000000,3,9.305552e-10,6.399699e-10,3.468233e-16,-2.155964e-20,2.336442e-11
4629,4629.000000,3,9.226468e-10,6.363030e-10,2.774533e-16,-1.666074e-19,-4.377565e-11
4630,4630.000000,3,9.128129e-10,6.328782e-10,3.467960e-16,-8.832965e-20,-1.097402e-10
4631,4631.000000,3,9.056507e-10,6.296812e-10,3.467893e-16,-1.961708e-19,1.823222e-10
4632,4632.000000,3,9.024816e-10,6.266554e-10,2.774373e-16,-1.244080e-20,-1.335223e-10
4633,4633.000000,3,8.985523e-10,6.237830e-10,2.876634e-16,-3.745143e-20,1.254292e-10
4634,4634.000000,3,8.888605e-10,6.210745e-10,3.467693e-16,-6.761705e-20,-1.082434e-10
4635,4635.000000,3,8.876810e-10,6.184728e-10,2.774213e-16,2.068183e-19,-7.726642e-11
4636,4636.000000,3,8.830412e-10,6.159886e-10,2.774160e-16,8.233756e-20,3.095701e-11
4637,4637.000000,3,8.771437e-10,6.135930e-10,2.774107e-16,-6.835821e-21,6.200618e-11
4638,4638.000000,3,8.741239e-10,6.113083e-10,2.774054e-16,4.181233e-20,5.227130e-11
4639,4639.000000,3,8.693206e-10,6.090892e-10,2.774002e-16,-2.396309e-19,9.907586e-11
4640,4640.000000,3,8.630963e-10,6.069649e-10,2.875820e-16,1.675206e-20,-2.001288e-12
4641,4641.000000,3,8.599628e-10,6.049075e-10,2.773897e-16,-5.376674e-20,-8.345324e-12
4642,4642.000000,3,8.573409e-10,6.029079e-10,2.773845e-16,-1.547159e-20,-3.884071e-11
4643,4643.000000,3,8.528289e-10,6.009584e-10,2.773793e-16,-1.362896e-19,-9.964163e-11
4644,4644.000000,3,8.462280e-10,5.990761e-10,2.875342e-16,-1.502557e-19,-1.891982e-10
4645,4645.000000,3,8.442669e-10,5.972489e-10,2.773691e-16,-1.092970e-19,-1.384803e-11
4646,4646.000000,3,8.432579e-10,5.954481e-10,2.773640e-16,-6.981404e-20,-1.918332e-11
4647,4647.000000,3,8.366925e-10,5.937084e-10,3.466849e-16,-7.389701e-20,-7.854695e-11
4648,4648.000000,3,8.339427e-10,5.920104e-10,3.466786e-16,-1.435853e-19,1.038101e-10
4649,4649.000000,3,8.327135e-10,5.903560e-10,2.874774e-16,-1.703330e-19,-1.257654e-10
4650,4650.000000,3,8.276899e-10,5.887490e-10,2.773439e-16,-5.476928e-20,1.408360e-10
4651,4651.000000,3,8.245138e-10,5.871521e-10,2.773389e-16,-4.814853e-20,1.559486e-11
4652,4652.000000,3,8.223822e-10,5.856085e-10,2.773340e-16,-1.110473e-19,-3.979173e-11
4653,4653.000000,3,8.195045e-10,5.840912e-10,2.874341e-16,1.713620e-19,-7.924128e-11
4654,4654.000000,3,8.158736e-10,5.826000e-10,2.773242e-16,-1.225286e-19,1.130538e-10
4655,4655.000000,3,8.100827e-10,5.811494e-10,2.773193e-16,-2.997372e-20,2.891531e-11
4656,4656.000000,3,8.085266e-10,5.797121e-10,2.773145e-16,1.425530e-19,8.518275e-11
4657,4657.000000,3,8.064234e-10,5.782985e-10,2.773097e-16,5.863056e-20,3.830092e-11
4658,4658.000000,3,8.038015e-10,5.769274e-10,2.773049e-16,-1.312107e-19,1.558882e-10
4659,4659.000000,3,8.027641e-10,5.755694e-10,2.773002e-16,2.743924e-20,1.275569e-10
4660,4660.000000,3,7.987282e-10,5.742193e-10,2.772955e-16,-2.506225e-19,1.021654e-10
4661,4661.000000,3,7.981313e-10,5.729348e-10,2.772908e-16,-1.325143e-20,-3.513212e-11
4662,4662.000000,3,7.917080e-10,5.716327e-10,2.772862e-16,2.919948e-20,1.225264e-10
4663,4663.000000,3,7.902301e-10,5.703515e-10,2.772816e-16,4.291413e-20,5.678058e-11
4664,4664.000000,3,7.880985e-10,5.691116e-10,2.772770e-16,1.190710e-19,3.588840e-11
4665,4665.000000,3,7.883116e-10,5.678762e-10,2.772724e-16,1.899041e-19,-6.854006e-11
4666,4666.000000,3,7.815970e-10,5.666556e-10,2.772679e-16,2.985791e-20,6.056844e-11
4667,4667.000000,3,7.785843e-10,5.654579e-10,2.772634e-16,-6.367305e-20,4.646594e-11
4668,4668.000000,3,7.796430e-10,5.642835e-10,2.772589e-16,3.098949e-20,1.148475e-10
4669,4669.000000,3,7.743424e-10,5.631196e-10,2.772545e-16,7.462162e-20,7.437717e-11
4670,4670.000000,3,7.742287e-10,5.619680e-10,2.772394e-16,8.547092e-20,1.633014e-10
4671,4671.000000,3,7.721894e-10,5.608365e-10,2.872374e-16,6.982066e-20,-1.068434e-11
4672,4672.000000,3,7.708394e-10,5.597034e-10,2.772413e-16,-6.097645e-20,-1.233680e-12
4673,4673.000000,3,7.669314e-10,5.586005e-10,2.772370e-16,-5.541117e-20,9.906276e-11
4674,4674.000000,3,7.659438e-10,5.575049e-10,3.465276e-16,3.313024e-20,-8.636958e-11
4675,4675.000000,3,7.637198e-10,5.564200e-10,3.465223e-16,-8.130524e-20,-1.028917e-10
4676,4676.000000,3,7.633503e-10,5.553644e-10,2.772242e-16,-1.432214e-19,3.594214e-11
4677,4677.000000,3,7.584262e-10,5.543048e-10,3.465117e-16,5.174842e-21,1.337981e-10
4678,4678.000000,3,7.549374e-10,5.532532e-10,2.772158e-16,2.219160e-20,1.969687e-10
4679,4679.000000,3,7.563372e-10,5.522369e-10,2.772116e-16,1.032156e-19,7.609202e-11
4680,4680.000000,3,7.509300e-10,5.512080e-10,2.871430e-16,-2.492328e-19,1.545875e-12
4681,4681.000000,3,7.564864e-10,5.573928e-10,2.772033e-16,1.956216e-19,2.737763e-10
4682,4682.000000,3,7.706902e-10,5.663328e-10,2.771993e-16,-8.046813e-20,-1.067144e-10
4683,4683.000000,3,7.778382e-10,5.710628e-10,2.771847e-16,1.223996e-19,2.385492e-11
4684,4684.000000,3,7.829684e-10,5.751892e-10,2.771912e-16,-8.832635e-20,-3.248091e-11
4685,4685.000000,3,7.914736e-10,5.784038e-10,2.771767e-16,-5.456414e-20,-1.583644e-11
4686,4686.000000,3,7.972432e-10,5.812928e-10,2.771832e-16,-2.939138e-20,-2.523626e-11
4687,4687.000000,3,7.993890e-10,5.837781e-10,2.870657e-16,8.760835e-20,9.786949e-11
4688,4688.000000,3,8.031051e-10,5.860668e-10,2.771753e-16,-2.576502e-20,-1.568301e-11
4689,4689.000000,3,8.071410e-10,5.881029e-10,3.464512e-16,-9.255158e-20,1.828391e-10
4690,4690.000000,3,8.128822e-10,5.900036e-10,2.771675e-16,-9.367986e-20,1.161411e-10
4691,4691.000000,3,8.150209e-10,5.917391e-10,2.771636e-16,3.639926e-20,-1.218228e-10
4692,4692.000000,3,8.173799e-10,5.933536e-10,2.771493e-16,2.965939e-20,2.026785e-10
4693,4693.000000,3,8.205561e-10,5.948548e-10,2.771558e-16,7.949206e-20,-3.702683e-11
4694,4694.000000,3,8.248904e-10,5.962844e-10,2.869865e-16,4.043921e-20,9.122014e-11
4695,4695.000000,3,8.257288e-10,5.976184e-10,2.771481e-16,3.631654e-20,-8.714007e-11
4696,4696.000000,3,8.285213e-10,5.988781e-10,2.771442e-16,-1.282362e-19,-1.758085e-10
4697,4697.000000,3,8.316405e-10,6.000744e-10,2.869500e-16,3.972121e-20,4.402612e-11
4698,4698.000000,3,8.337864e-10,6.012149e-10,2.771365e-16,1.111962e-19,-7.338641e-11
4699,4699.000000,3,8.363727e-10,6.023002e-10,3.464027e-16,-8.143097e-20,4.554934e-11
4700,4700.000000,3,8.381065e-10,6.033236e-10,2.771287e-16,-1.410310e-19,1.787948e-11
4701,4701.000000,3,8.396270e-10,6.043250e-10,2.771248e-16,1.702007e-19,-2.781197e-11
4702,4702.000000,3,8.417942e-10,6.052594e-10,3.463881e-16,-1.663957e-19,-1.074085e-10
4703,4703.000000,3,8.435492e-10,6.061658e-10,2.771170e-16,6.535719e-20,-8.149459e-11
4704,4704.000000,3,8.441958e-10,6.070484e-10,2.771130e-16,-1.321835e-19,4.217826e-11
4705,4705.000000,3,8.452403e-10,6.078984e-10,3.463734e-16,6.410981e-20,2.280753e-10
4706,4706.000000,3,8.483880e-10,6.087038e-10,2.771052e-16,2.142464e-19,1.456213e-11
4707,4707.000000,3,8.493402e-10,6.094800e-10,2.771012e-16,-6.129077e-20,3.888956e-11
4708,4708.000000,3,8.511094e-10,6.102365e-10,2.770973e-16,1.236271e-19,1.387652e-10
4709,4709.000000,3,8.532979e-10,6.109635e-10,2.770933e-16,9.074833e-20,2.807421e-11
4710,4710.000000,3,8.559056e-10,6.116800e-10,2.770893e-16,-1.595797e-20,-3.129919e-11
4711,4711.000000,3,8.539018e-10,6.123559e-10,2.770853e-16,-1.095088e-19,6.355982e-11
4712,4712.000000,3,8.576819e-10,6.130105e-10,2.770813e-16,-3.777238e-20,-6.864953e-11
4713,4713.000000,3,8.598136e-10,6.136560e-10,2.770773e-16,-5.471965e-20,9.378298e-11
4714,4714.000000,3,8.600054e-10,6.142720e-10,2.770733e-16,-1.472348e-19,-1.272176e-10
4715,4715.000000,3,8.599486e-10,6.148766e-10,2.770692e-16,-1.010815e-20,1.942437e-10
4716,4716.000000,3,8.623289e-10,6.154690e-10,2.770652e-16,-2.071293e-19,1.345113e-10
4717,4717.000000,3,8.609007e-10,6.160306e-10,2.770611e-16,-6.177054e-20,1.802369e-10
4718,4718.000000,3,8.619239e-10,6.166041e-10,2.770570e-16,1.284281e-19,1.024576e-10
4719,4719.000000,3,8.655050e-10,6.171337e-10,2.770529e-16,-5.258553e-20,1.496019e-10
4720,4720.000000,3,8.657821e-10,6.176546e-10,3.462979e-16,-9.949659e-20,3.563727e-11
4721,4721.000000,3,8.683116e-10,6.181702e-10,2.770447e-16,1.044365e-19,3.721801e-11
4722,4722.000000,3,8.663150e-10,6.186740e-10,2.770406e-16,-8.748924e-20,8.672951e-11
4723,4723.000000,3,8.694343e-10,6.191632e-10,2.770364e-16,1.918563e-19,5.946288e-11
4724,4724.000000,3,8.711893e-10,6.196410e-10,2.770323e-16,-5.738317e-20,5.117573e-11
4725,4725.000000,3,8.720065e-10,6.201066e-10,2.770281e-16,-2.365737e-21,-4.636469e-11
4726,4726.000000,3,8.719283e-10,6.205423e-10,2.770240e-16,2.988438e-20,2.107359e-11
4727,4727.000000,3,8.727099e-10,6.209890e-10,2.770198e-16,-1.075765e-19,-7.090639e-11
4728,4728.000000,3,8.741026e-10,6.214269e-10,3.462695e-16,-2.070599e-20,8.327983e-11
4729,4729.000000,3,8.759145e-10,6.218457e-10,2.770114e-16,1.195905e-19,-1.869793e-11
4730,4730.000000,3,8.752252e-10,6.222696e-10,2.770071e-16,-1.233227e-19,2.853295e-11
4731,4731.000000,3,8.758434e-10,6.226588e-10,2.770029e-16,4.640483e-20,8.624634e-11
4732,4732.000000,3,8.786358e-10,6.230558e-10,2.769986e-16,3.455630e-20,-1.038354e-10
4733,4733.000000,3,8.797443e-10,6.234464e-10,2.769944e-16,-1.071331e-19,-4.585399e-11
4734,4734.000000,3,8.810446e-10,6.238261e-10,2.769901e-16,5.195025e-20,-7.624945e-11
4735,4735.000000,3,8.827428e-10,6.241947e-10,2.864915e-16,-1.208908e-19,2.994249e-11
4736,4736.000000,3,8.824941e-10,6.245542e-10,2.769815e-16,-1.970907e-19,-1.230138e-10
4737,4737.000000,3,8.840928e-10,6.249208e-10,3.462083e-16,1.744094e-19,-1.077043e-10
4738,4738.000000,3,8.840502e-10,6.252625e-10,2.769729e-16,-1.753623e-20,-2.252154e-10
4739,4739.000000,3,8.864092e-10,6.256151e-10,2.769686e-16,3.599559e-20,-2.083176e-10
4740,4740.000000,3,8.872831e-10,6.259435e-10,2.864296e-16,-4.086934e-20,1.863132e-11
4741,4741.000000,3,8.772574e-10,6.186136e-10,2.769599e-16,1.009524e-19,-9.523338e-11
4742,4742.000000,3,8.648371e-10,6.083520e-10,2.769555e-16,-1.025902e-19,2.462095e-10
4743,4743.000000,3,8.544987e-10,6.025775e-10,3.461756e-16,4.352294e-20,-1.155185e-10
4744,4744.000000,3,8.433503e-10,5.974607e-10,3.461834e-16,-9.213469e-20,1.808615e-10
4745,4745.000000,3,8.350440e-10,5.933047e-10,2.769423e-16,-2.282853e-19,-2.372480e-11
4746,4746.000000,3,8.278533e-10,5.895022e-10,3.461591e-16,-8.900133e-20,-6.149015e-11
4747,4747.000000,3,8.229506e-10,5.861216e-10,3.461669e-16,3.245857e-20,-1.585654e-10
4748,4748.000000,3,8.163141e-10,5.829914e-10,3.461481e-16,1.294670e-19,-2.561580e-10
4749,4749.000000,3,8.104877e-10,5.801264e-10,3.461425e-16,-2.145707e-20,7.112133e-11
4750,4750.000000,3,8.059899e-10,5.774186e-10,2.769202e-16,7.417825e-20,6.269496e-11
4751,4751.000000,3,8.002345e-10,5.748693e-10,2.769158e-16,3.585332e-20,9.104184e-11
4752,4752.000000,3,7.945573e-10,5.724601e-10,2.769114e-16,-6.624062e-21,-7.024514e-11
4753,4753.000000,3,7.936194e-10,5.701655e-10,2.769070e-16,-1.154082e-19,-1.450333e-10
4754,4754.000000,3,7.854837e-10,5.679688e-10,3.461151e-16,2.264622e-19,7.522982e-11
4755,4755.000000,3,7.840839e-10,5.658822e-10,2.768983e-16,9.171779e-21,1.473524e-10
4756,4756.000000,3,7.787477e-10,5.638576e-10,2.768939e-16,1.173174e-19,-5.081224e-11
4757,4757.000000,3,7.770353e-10,5.618945e-10,2.862374e-16,1.705316e-20,-8.313505e-11
4758,4758.000000,3,7.724879e-10,5.600225e-10,2.768853e-16,1.042413e-19,1.052629e-10
4759,4759.000000,3,7.683383e-10,5.581957e-10,2.862176e-16,1.716400e-19,1.048128e-10
4760,4760.000000,3,7.643735e-10,5.564336e-10,2.768768e-16,9.693233e-20,5.739098e-11
4761,4761.000000,3,7.622702e-10,5.547180e-10,3.460906e-16,-8.935536e-20,-2.096479e-11
4762,4762.000000,3,7.587317e-10,5.530598e-10,2.768683e-16,-8.165265e-20,-3.146905e-11
4763,4763.000000,3,7.554206e-10,5.514345e-10,2.861741e-16,4.221930e-20,-1.094991e-10
4764,4764.000000,3,7.549943e-10,5.498564e-10,2.768599e-16,7.758954e-21,-8.329692e-11
4765,4765.000000,3,7.484928e-10,5.483018e-10,2.768558e-16,1.084401e-19,-2.041476e-10
4766,4766.000000,3,7.453664e-10,5.467886e-10,2.768412e-16,-2.468307e-19,4.616685e-11
4767,4767.000000,3,7.414798e-10,5.453256e-10,2.768476e-16,1.592488e-19,1.990215e-10
4768,4768.000000,3,7.388650e-10,5.438860e-10,2.768435e-16,-2.918955e-20,2.177365e-10
4769,4769.000000,3,7.371028e-10,5.424643e-10,3.460364e-16,5.926915e-20,-4.681522e-11
4770,4770.000000,3,7.341043e-10,5.410856e-10,2.768355e-16,-4.925033e-20,-2.342064e-10
4771,4771.000000,3,7.344738e-10,5.397154e-10,2.768315e-16,-1.486874e-19,2.939360e-11
4772,4772.000000,3,7.299334e-10,5.383904e-10,2.768276e-16,-1.595466e-20,2.281728e-10
4773,4773.000000,3,7.266294e-10,5.370802e-10,2.768237e-16,7.931669e-20,-7.850209e-11
4774,4774.000000,3,7.263239e-10,5.357959e-10,2.768198e-16,-4.751656e-20,-2.939782e-11
4775,4775.000000,3,7.208811e-10,5.345353e-10,2.768159e-16,1.011840e-19,2.939404e-11
4776,4776.000000,3,7.190835e-10,5.332774e-10,2.768121e-16,-4.262958e-20,1.192362e-10
4777,4777.000000,3,7.169803e-10,5.320644e-10,2.768083e-16,-3.659778e-20,1.304361e-10
4778,4778.000000,3,7.153247e-10,5.308456e-10,2.768045e-16,5.805484e-20,-1.754028e-10
4779,4779.000000,3,7.120775e-10,5.296723e-10,2.768008e-16,-7.804945e-20,2.947975e-10
4780,4780.000000,3,7.086030e-10,5.284881e-10,2.767970e-16,-2.385589e-21,-3.525913e-11
4781,4781.000000,3,7.092638e-10,5.273413e-10,2.767933e-16,-6.532080e-20,8.758039e-11
4782,4782.000000,3,7.033947e-10,5.261938e-10,2.767897e-16,-4.162373e-20,7.441470e-11
4783,4783.000000,3,7.021939e-10,5.250771e-10,2.859720e-16,9.566509e-20,-2.740452e-11
4784,4784.000000,3,7.018528e-10,5.239629e-10,3.459653e-16,-1.338345e-19,-1.501399e-11
4785,4785.000000,3,6.978951e-10,5.228709e-10,3.459609e-16,1.698069e-19,7.870748e-11
4786,4786.000000,3,6.968222e-10,5.217897e-10,2.767753e-16,-9.553605e-20,-6.718026e-11
4787,4787.000000,3,6.951524e-10,5.207246e-10,3.459521e-16,-6.057278e-20,-4.036416e-11
4788,4788.000000,3,6.907186e-10,5.196648e-10,2.767683e-16,6.318998e-20,6.368239e-12
4789,4789.000000,3,6.901573e-10,5.186205e-10,2.767648e-16,-1.425265e-19,3.019851e-11
4790,4790.000000,3,6.857803e-10,5.175949e-10,2.859053e-16,-1.094889e-19,-1.581688e-10
4791,4791.000000,3,6.843734e-10,5.165708e-10,2.767580e-16,7.351981e-21,8.132339e-11
4792,4792.000000,3,6.839471e-10,5.155587e-10,2.767546e-16,-1.615484e-19,-1.654423e-10
4793,4793.000000,3,6.823910e-10,5.145677e-10,2.767513e-16,3.433461e-20,3.113509e-12
4794,4794.000000,3,6.782557e-10,5.135832e-10,2.767479e-16,-6.296499e-21,-9.746071e-11
4795,4795.000000,3,6.759109e-10,5.125895e-10,2.767446e-16,4.057817e-20,9.185763e-12
4796,4796.000000,3,6.747669e-10,5.116290e-10,2.858464e-16,-1.128539e-19,5.024203e-11
4797,4797.000000,3,6.709868e-10,5.106719e-10,2.767381e-16,-8.582826e-20,1.117615e-10
4798,4798.000000,3,6.720171e-10,5.097218e-10,2.767349e-16,1.111168e-19,2.205347e-12
4799,4799.000000,3,6.711645e-10,5.087737e-10,2.767317e-16,9.560884e-20,-8.106982e-11
4800,4800.000000,3,6.688978e-10,5.078504e-10,3.459107e-16,7.330475e-20,-1.804450e-10
4801,4801.000000,3,6.631211e-10,5.037879e-10,3.458944e-16,-1.507884e-19,-1.638201e-11
4802,4802.000000,3,6.527259e-10,4.985417e-10,2.767223e-16,-7.372826e-20,5.298162e-11
4803,4803.000000,3,6.498340e-10,4.951419e-10,2.857810e-16,-2.189051e-20,-7.913492e-11
4804,4804.000000,3,6.427641e-10,4.920064e-10,2.767162e-16,3.010937e-21,-1.956701e-11
4805,4805.000000,3,6.358079e-10,4.892913e-10,2.767131e-16,-1.487238e-19,3.834932e-12
4806,4806.000000,3,6.330794e-10,4.867322e-10,2.767101e-16,-1.670243e-20,-5.468492e-11
4807,4807.000000,3,6.276721e-10,4.843483e-10,2.767072e-16,8.854141e-20,1.138063e-10
4808,4808.000000,3,6.235652e-10,4.820715e-10,2.857366e-16,-6.935082e-20,-7.489720e-11
4809,4809.000000,3,6.190533e-10,4.799194e-10,2.767013e-16,2.970571e-20,4.983591e-11
4810,4810.000000,3,6.173764e-10,4.778342e-10,2.766984e-16,1.056806e-20,2.080445e-10
4811,4811.000000,3,6.120544e-10,4.758094e-10,2.766956e-16,-7.031697e-20,-1.571461e-10
4812,4812.000000,3,6.075496e-10,4.738747e-10,2.766928e-16,4.501848e-20,-8.596146e-11
4813,4813.000000,3,6.054108e-10,4.719878e-10,3.458503e-16,-3.299458e-20,-4.247847e-11
4814,4814.000000,3,6.004797e-10,4.701421e-10,2.766872e-16,-3.688564e-20,-3.675749e-11
4815,4815.000000,3,5.973604e-10,4.683520e-10,2.766845e-16,3.012592e-20,1.178946e-11
4816,4816.000000,3,5.953851e-10,4.666001e-10,2.766818e-16,-6.503294e-20,2.716227e-11
4817,4817.000000,3,5.927703e-10,4.648633e-10,2.766792e-16,6.068197e-21,-1.150953e-10
4818,4818.000000,3,5.881944e-10,4.632006e-10,2.766766e-16,-3.573420e-22,9.255063e-11
4819,4819.000000,3,5.853877e-10,4.615428e-10,2.766740e-16,-6.451347e-20,1.107001e-10
4820,4820.000000,3,5.841017e-10,4.599192e-10,2.766715e-16,9.763047e-20,-9.378875e-11
4821,4821.000000,3,5.763141e-10,4.583365e-10,3.458243e-16,-3.048988e-20,-1.245344e-10
4822,4822.000000,3,5.751559e-10,4.567693e-10,2.766666e-16,-1.440155e-19,1.742495e-11
4823,4823.000000,3,5.721645e-10,4.552210e-10,2.856120e-16,3.252474e-21,1.296319e-10
4824,4824.000000,3,5.701253e-10,4.537077e-10,2.766618e-16,-1.189155e-20,-1.171452e-10
4825,4825.000000,3,5.677165e-10,4.522065e-10,2.766595e-16,-1.761994e-19,6.209921e-11
4826,4826.000000,3,5.645262e-10,4.507361e-10,2.766572e-16,-2.064643e-20,-1.238929e-10
4827,4827.000000,3,5.633680e-10,4.492717e-10,2.855783e-16,1.743366e-20,-2.084204e-10
4828,4828.000000,3,5.589200e-10,4.478364e-10,2.766527e-16,-3.616765e-20,8.525580e-11
4829,4829.000000,3,5.580034e-10,4.464176e-10,3.458014e-16,-8.353862e-20,-8.669043e-11
4830,4830.000000,3,5.550120e-10,4.450074e-10,3.457987e-16,6.807696e-20,-4.164313e-11
4831,4831.000000,3,5.490790e-10,4.436294e-10,2.766463e-16,1.770167e-21,7.404743e-11
4832,4832.000000,3,5.495551e-10,4.422598e-10,2.766442e-16,-1.050983e-19,5.500844e-11
4833,4833.000000,3,5.464003e-10,4.409046e-10,3.457911e-16,8.675801e-20,-6.109135e-11
4834,4834.000000,3,5.430891e-10,4.395511e-10,2.766402e-16,-3.073803e-21,-7.936385e-11
4835,4835.000000,3,5.392735e-10,4.382295e-10,2.766382e-16,2.623089e-19,6.847856e-11
4836,4836.000000,3,5.354579e-10,4.369201e-10,2.766363e-16,6.594946e-20,-1.945955e-11
4837,4837.000000,3,5.368790e-10,4.356249e-10,2.766345e-16,1.386686e-19,1.001066e-11
4838,4838.000000,3,5.349179e-10,4.343295e-10,3.457793e-16,-1.321603e-19,-5.836243e-11
4839,4839.000000,3,5.289564e-10,4.330609e-10,2.766308e-16,-4.192151e-21,-1.866596e-11
4840,4840.000000,3,5.277485e-10,4.317866e-10,2.766291e-16,6.167128e-20,-7.268008e-11
4841,4841.000000,3,5.259579e-10,4.305285e-10,2.766274e-16,5.938164e-20,-1.619067e-10
4842,4842.000000,3,5.247784e-10,4.292877e-10,2.766257e-16,-5.443510e-20,-2.496936e-11
4843,4843.000000,3,5.202097e-10,4.280647e-10,2.766240e-16,1.605458e-19,1.482174e-10
4844,4844.000000,3,5.201244e-10,4.268401e-10,2.854487e-16,-2.947079e-20,1.089606e-10
4845,4845.000000,3,5.179857e-10,4.256357e-10,2.766209e-16,1.434166e-19,1.013458e-10
4846,4846.000000,3,5.151506e-10,4.244409e-10,2.766193e-16,1.443596e-19,3.299361e-12
4847,4847.000000,3,5.128200e-10,4.232401e-10,2.766178e-16,-1.093400e-19,-2.340617e-11
4848,4848.000000,3,5.095160e-10,4.220613e-10,3.457592e-16,-1.341025e-19,-9.401524e-11
4849,4849.000000,3,5.056862e-10,4.208938e-10,2.766150e-16,-8.949763e-20,1.960521e-11
4850,4850.000000,3,5.052812e-10,4.197289e-10,2.766136e-16,-1.859171e-19,-1.445912e-10
4851,4851.000000,3,5.022684e-10,4.185678e-10,2.766122e-16,-1.101705e-19,4.759326e-11
4852,4852.000000,3,5.010818e-10,4.174312e-10,2.766109e-16,6.828872e-20,1.084928e-10
4853,4853.000000,3,4.999094e-10,4.162846e-10,2.766096e-16,1.759248e-20,1.064158e-10
4854,4854.000000,3,4.966410e-10,4.151590e-10,2.766084e-16,1.277200e-19,2.185074e-10
4855,4855.000000,3,4.951772e-10,4.140275e-10,2.766072e-16,-1.840973e-20,-1.348728e-10
4856,4856.000000,3,4.933156e-10,4.129137e-10,2.766060e-16,-1.347808e-19,-7.827783e-11
4857,4857.000000,3,4.909282e-10,4.118124e-10,2.766049e-16,-1.759810e-19,9.889178e-11
4858,4858.000000,3,4.874749e-10,4.107221e-10,2.766038e-16,1.226312e-19,-1.575895e-11
4859,4859.000000,3,4.864518e-10,4.096210e-10,2.853382e-16,-1.048369e-19,-1.234937e-10
4860,4860.000000,3,4.825509e-10,4.085337e-10,2.765929e-16,-4.422438e-20,4.441403e-11
4861,4861.000000,3,4.965273e-10,4.218850e-10,2.766007e-16,7.627598e-20,7.699663e-11
4862,4862.000000,3,5.217586e-10,4.407827e-10,2.765998e-16,1.577268e-20,8.185164e-11
4863,4863.000000,3,5.380940e-10,4.511955e-10,2.765989e-16,5.902761e-21,-7.091794e-11
4864,4864.000000,3,5.488801e-10,4.604037e-10,3.457475e-16,4.906835e-21,3.034493e-10
4865,4865.000000,3,5.607390e-10,4.677674e-10,3.457464e-16,-1.203184e-19,9.789525e-11
4866,4866.000000,3,5.739054e-10,4.744665e-10,2.765963e-16,-9.651543e-20,-2.050426e-11
4867,4867.000000,3,5.850325e-10,4.803342e-10,3.457335e-16,-7.633223e-20,9.173107e-12
4868,4868.000000,3,5.906671e-10,4.857734e-10,2.765947e-16,3.400374e-20,-1.425127e-11
4869,4869.000000,3,5.980212e-10,4.907068e-10,2.765940e-16,-1.805471e-19,-5.869749e-11
4870,4870.000000,3,6.072085e-10,4.953440e-10,2.765932e-16,1.160965e-19,1.267786e-10
4871,4871.000000,3,6.144703e-10,4.996525e-10,2.765925e-16,1.530251e-19,-8.355117e-11
4872,4872.000000,3,6.225136e-10,5.037202e-10,3.457396e-16,-4.510781e-20,1.242149e-10
4873,4873.000000,3,6.262013e-10,5.075416e-10,3.457387e-16,5.610932e-20,4.853673e-11
4874,4874.000000,3,6.335981e-10,5.111813e-10,2.852063e-16,-3.891058e-21,3.741407e-11
4875,4875.000000,3,6.397372e-10,5.146588e-10,2.765894e-16,2.309356e-19,-3.429790e-11
4876,4876.000000,3,6.474323e-10,5.179528e-10,2.765886e-16,9.285930e-20,-1.305835e-10
4877,4877.000000,3,6.528325e-10,5.211334e-10,2.851762e-16,1.248712e-20,5.498801e-11
4878,4878.000000,3,6.586376e-10,5.241705e-10,2.765869e-16,1.672625e-19,7.049494e-11
4879,4879.000000,3,6.642153e-10,5.270973e-10,2.851558e-16,-1.034439e-19,6.907586e-12
4880,4880.000000,3,6.684502e-10,5.299166e-10,2.765851e-16,5.897467e-20,-7.356471e-11
4881,4881.000000,3,6.740422e-10,5.326344e-10,2.765842e-16,-5.501082e-20,-4.205547e-11
4882,4882.000000,3,6.789591e-10,5.352558e-10,3.457181e-16,6.318336e-20,5.112777e-11
4883,4883.000000,3,6.840537e-10,5.377843e-10,2.765822e-16,-1.479330e-19,1.471800e-11
4884,4884.000000,3,6.882601e-10,5.402554e-10,3.457265e-16,4.129286e-21,-1.100251e-10
4885,4885.000000,3,6.897523e-10,5.426444e-10,2.765801e-16,6.877180e-20,-8.851453e-11
4886,4886.000000,3,6.943850e-10,5.449410e-10,2.765790e-16,3.506253e-20,9.329670e-11
4887,4887.000000,3,7.005028e-10,5.472056e-10,2.765779e-16,-1.150972e-19,1.703715e-10
4888,4888.000000,3,7.042331e-10,5.494063e-10,2.765767e-16,-1.467584e-19,4.945089e-11
4889,4889.000000,3,7.085958e-10,5.515473e-10,3.457193e-16,2.144582e-19,2.685563e-11
4890,4890.000000,3,7.129799e-10,5.536311e-10,2.765742e-16,3.641249e-20,8.104784e-11
4891,4891.000000,3,7.143797e-10,5.556513e-10,2.765729e-16,7.438008e-21,1.107441e-10
4892,4892.000000,3,7.171579e-10,5.576233e-10,2.765715e-16,-1.650490e-19,-1.084699e-10
4893,4893.000000,3,7.234888e-10,5.595571e-10,2.765701e-16,8.946786e-20,5.136958e-11
4894,4894.000000,3,7.270060e-10,5.614462e-10,2.765687e-16,-8.417721e-20,-4.550627e-11
4895,4895.000000,3,7.289600e-10,5.633027e-10,2.765673e-16,9.533753e-20,2.056511e-11
4896,4896.000000,3,7.344383e-10,5.651106e-10,2.765657e-16,1.035630e-19,-6.242429e-11
4897,4897.000000,3,7.369891e-10,5.668641e-10,3.456939e-16,3.517172e-21,1.003877e-10
4898,4898.000000,3,7.395684e-10,5.686012e-10,2.765626e-16,7.522380e-20,1.403111e-10
4899,4899.000000,3,7.439382e-10,5.703036e-10,3.457012e-16,-1.047475e-19,6.998446e-11
4900,4900.000000,3,7.471499e-10,5.719520e-10,2.849272e-16,-9.104281e-20,-8.535395e-11
4901,4901.000000,3,7.510863e-10,5.735930e-10,2.765576e-16,-1.891828e-19,-7.645684e-11
4902,4902.000000,3,7.517045e-10,5.751868e-10,2.765559e-16,7.221618e-20,1.149036e-11
4903,4903.000000,3,7.560601e-10,5.767542e-10,2.765541e-16,-1.034307e-20,4.096656e-11
4904,4904.000000,3,7.587815e-10,5.782930e-10,2.765522e-16,1.046152e-19,9.371748e-11
4905,4905.000000,3,7.634000e-10,5.798155e-10,2.765504e-16,-1.479595e-19,1.313765e-10
4906,4906.000000,3,7.659580e-10,5.812990e-10,2.765485e-16,-6.250177e-21,-4.777023e-11
4907,4907.000000,3,7.663630e-10,5.827487e-10,2.765465e-16,-6.948317e-22,-1.015286e-10
4908,4908.000000,3,7.720828e-10,5.841925e-10,2.765445e-16,8.457095e-20,3.160894e-11
4909,4909.000000,3,7.729994e-10,5.856038e-10,2.765425e-16,-6.732588e-20,1.608738e-10
4910,4910.000000,3,7.784635e-10,5.869911e-10,3.456639e-16,-1.000227e-20,-7.062928e-11
4911,4911.000000,3,7.809078e-10,5.883591e-10,2.847983e-16,-1.223003e-19,-5.141687e-11
4912,4912.000000,3,7.834657e-10,5.896885e-10,2.765362e-16,-4.761913e-20,-1.280478e-10
4913,4913.000000,3,7.858247e-10,5.910250e-10,3.456675e-16,1.218338e-19,1.515617e-10
4914,4914.000000,3,7.869687e-10,5.923344e-10,2.765317e-16,-1.263204e-19,3.312506e-11
4915,4915.000000,3,7.925607e-10,5.935976e-10,2.765295e-16,-1.122583e-19,-5.781975e-11
4916,4916.000000,3,7.923049e-10,5.948655e-10,3.456590e-16,-6.440428e-20,-6.189604e-11
4917,4917.000000,3,7.969163e-10,5.961229e-10,2.765248e-16,-7.879392e-20,-1.649065e-10
4918,4918.000000,3,8.010730e-10,5.973486e-10,2.847165e-16,3.854000e-20,-1.571103e-10
4919,4919.000000,3,8.002203e-10,5.985454e-10,2.847045e-16,3.585663e-20,1.884990e-10
4920,4920.000000,3,8.048815e-10,5.997491e-10,2.765176e-16,2.459043e-20,4.831691e-12
4921,4921.000000,3,7.807088e-10,5.779093e-10,2.765151e-16,-7.244779e-20,-8.296763e-11
4922,4922.000000,3,7.381118e-10,5.472118e-10,2.846708e-16,5.923275e-20,-8.058709e-11
4923,4923.000000,3,7.085816e-10,5.300145e-10,2.765005e-16,2.082841e-20,-4.579781e-11
4924,4924.000000,3,6.839542e-10,5.147849e-10,2.846513e-16,-1.635932e-19,4.866307e-11
4925,4925.000000,3,6.635119e-10,5.024654e-10,3.456190e-16,1.993671e-19,-1.006932e-10
4926,4926.000000,3,6.456631e-10,4.912246e-10,2.765021e-16,-1.156729e-20,6.629985e-11
4927,4927.000000,3,6.286740e-10,4.812728e-10,2.764994e-16,-3.943997e-21,3.683809e-11
4928,4928.000000,3,6.125376e-10,4.720386e-10,3.456209e-16,3.403683e-20,4.776246e-11
4929,4929.000000,3,5.961382e-10,4.635723e-10,2.846060e-16,9.264423e-21,5.848211e-12
4930,4930.000000,3,5.819700e-10,4.556033e-10,2.845979e-16,-1.820426e-19,2.167166e-10
4931,4931.000000,3,5.686474e-10,4.481473e-10,2.764886e-16,-6.291205e-20,6.302869e-11
4932,4932.000000,3,5.589555e-10,4.410767e-10,2.845836e-16,1.613763e-19,-1.133618e-10
4933,4933.000000,3,5.454055e-10,4.343532e-10,3.455922e-16,1.010484e-19,-1.398530e-10
4934,4934.000000,3,5.351311e-10,4.279501e-10,2.764807e-16,-6.031139e-20,7.766809e-11
4935,4935.000000,3,5.250271e-10,4.218208e-10,2.845613e-16,-2.420992e-20,5.409517e-11
4936,4936.000000,3,5.151435e-10,4.159366e-10,2.764757e-16,-1.109216e-19,-3.079026e-11
4937,4937.000000,3,5.062120e-10,4.102789e-10,2.764733e-16,1.224691e-19,4.210299e-11
4938,4938.000000,3,4.942464e-10,4.048071e-10,3.455768e-16,-1.143991e-19,1.156584e-10
4939,4939.000000,3,4.841496e-10,3.995364e-10,2.764685e-16,1.190677e-19,6.841394e-11
4940,4940.000000,3,4.790124e-10,3.944340e-10,2.764663e-16,-1.762093e-19,1.235723e-11
4941,4941.000000,3,4.694272e-10,3.894798e-10,2.764641e-16,-2.648963e-20,4.231704e-11
4942,4942.000000,3,4.588543e-10,3.846767e-10,2.764620e-16,2.150670e-21,2.922840e-11
4943,4943.000000,3,4.525091e-10,3.799976e-10,2.764599e-16,-1.183199e-20,-8.818013e-11
4944,4944.000000,3,4.461356e-10,3.754448e-10,2.764580e-16,7.348011e-20,-1.243925e-10
4945,4945.000000,3,4.357403e-10,3.710083e-10,2.844940e-16,-1.854208e-20,-1.129368e-10
4946,4946.000000,3,4.293028e-10,3.666727e-10,2.844895e-16,6.400393e-20,8.425549e-11
4947,4947.000000,3,4.221832e-10,3.624263e-10,2.764525e-16,-1.682320e-19,-7.776269e-11
4948,4948.000000,3,4.145377e-10,3.583123e-10,3.455523e-16,6.098968e-20,-5.556822e-11
4949,4949.000000,3,4.062457e-10,3.542617e-10,3.455616e-16,2.115564e-19,1.820264e-10
4950,4950.000000,3,4.025011e-10,3.503202e-10,3.455598e-16,8.316474e-20,1.953833e-10
4951,4951.000000,3,3.932570e-10,3.464322e-10,2.764464e-16,-1.718220e-19,7.729262e-11
4952,4952.000000,3,3.883329e-10,3.426384e-10,2.764451e-16,-1.287060e-19,-1.436873e-11
4953,4953.000000,3,3.827765e-10,3.389020e-10,2.764439e-16,3.518165e-20,-4.804823e-11
4954,4954.000000,3,3.768861e-10,3.352509e-10,3.455424e-16,2.117913e-20,-4.940981e-11
4955,4955.000000,3,3.716423e-10,3.316498e-10,2.764416e-16,4.340382e-20,7.645440e-12
4956,4956.000000,3,3.636131e-10,3.281166e-10,2.764406e-16,7.206067e-20,-1.300005e-10
4957,4957.000000,3,3.588596e-10,3.246503e-10,3.455389e-16,1.096345e-19,2.054354e-10
4958,4958.000000,3,3.522374e-10,3.212408e-10,3.455379e-16,-5.530530e-20,-5.516498e-11
4959,4959.000000,3,3.493952e-10,3.178802e-10,2.764382e-16,9.852383e-20,-3.973910e-11
4960,4960.000000,3,3.423111e-10,3.145681e-10,3.455363e-16,-1.012105e-19,7.623435e-11
4961,4961.000000,3,3.355041e-10,3.113103e-10,3.455356e-16,-7.081328e-20,-1.781375e-11
4962,4962.000000,3,3.310845e-10,3.081031e-10,2.764365e-16,6.309072e-20,7.471579e-11
4963,4963.000000,3,3.253504e-10,3.049365e-10,2.764361e-16,-1.480322e-20,6.733969e-11
4964,4964.000000,3,3.200640e-10,3.018166e-10,3.455343e-16,2.010380e-20,-6.568079e-11
4965,4965.000000,3,3.171721e-10,2.987399e-10,2.764356e-16,-2.848479e-20,8.632228e-11
4966,4966.000000,3,3.110117e-10,2.957066e-10,2.764354e-16,3.315671e-20,-1.538323e-10
4967,4967.000000,3,3.054623e-10,2.927081e-10,2.764354e-16,-6.353078e-20,4.925260e-11
4968,4968.000000,3,3.010143e-10,2.897540e-10,2.764354e-16,7.322203e-20,9.490697e-11
4969,4969.000000,3,2.984279e-10,2.868357e-10,2.843764e-16,-1.063523e-19,-4.407208e-11
4970,4970.000000,3,2.925304e-10,2.839562e-10,2.764357e-16,7.438339e-20,-7.194689e-12
4971,4971.000000,3,2.871019e-10,2.811016e-10,2.764279e-16,-4.798640e-20,2.963585e-11
4972,4972.000000,3,2.823555e-10,2.782736e-10,2.764363e-16,1.100481e-20,9.562728e-11
4973,4973.000000,3,2.778151e-10,2.755005e-10,2.843607e-16,-4.958451e-20,9.802448e-11
4974,4974.000000,3,2.747953e-10,2.727394e-10,3.455366e-16,-3.907270e-20,1.126115e-10
4975,4975.000000,3,2.693596e-10,2.700233e-10,2.764378e-16,-9.330597e-21,3.750689e-11
4976,4976.000000,3,2.664535e-10,2.673350e-10,3.455480e-16,-5.124218e-20,-1.837714e-10
4977,4977.000000,3,2.621192e-10,2.646674e-10,2.764392e-16,-5.054404e-20,-9.127943e-11
4978,4978.000000,3,2.575860e-10,2.620391e-10,2.764400e-16,-6.800086e-20,-2.431984e-10
4979,4979.000000,3,2.525908e-10,2.594269e-10,2.764409e-16,-9.993334e-20,1.910760e-10
4980,4980.000000,3,2.503100e-10,2.568501e-10,2.764419e-16,-2.782305e-20,-3.968403e-11
4981,4981.000000,3,2.548575e-10,2.651008e-10,2.764429e-16,6.259110e-20,1.301363e-10
4982,4982.000000,3,2.698926e-10,2.775291e-10,3.455456e-16,-5.247634e-21,-7.879564e-11
4983,4983.000000,3,2.771117e-10,2.836289e-10,2.764453e-16,-6.322638e-20,-1.030747e-10
4984,4984.000000,3,2.801386e-10,2.888332e-10,3.455582e-16,-1.765534e-20,1.183775e-10
4985,4985.000000,3,2.890559e-10,2.926845e-10,2.764479e-16,5.134145e-20,-1.595237e-10
4986,4986.000000,3,2.904343e-10,2.960598e-10,2.764494e-16,4.221599e-20,-3.217782e-11
4987,4987.000000,3,2.983640e-10,2.988398e-10,2.843058e-16,-1.210893e-19,4.333511e-11
4988,4988.000000,3,2.997353e-10,3.012861e-10,2.764525e-16,-1.348205e-19,6.640821e-11
4989,4989.000000,3,3.023999e-10,3.034095e-10,2.764541e-16,-1.900199e-20,1.083316e-10
4990,4990.000000,3,3.071676e-10,3.052918e-10,2.764558e-16,-8.303239e-20,-2.270069e-10
4991,4991.000000,3,3.073239e-10,3.069534e-10,2.764576e-16,-2.301547e-20,-4.434519e-11
4992,4992.000000,3,3.068763e-10,3.084644e-10,2.764594e-16,1.693967e-19,1.022822e-10
4993,4993.000000,3,3.105356e-10,3.097911e-10,3.455766e-16,-9.943704e-20,-7.979062e-11
4994,4994.000000,3,3.118075e-10,3.110134e-10,2.764631e-16,-3.341810e-20,1.308642e-10
4995,4995.000000,3,3.136122e-10,3.121101e-10,3.411206e-16,1.046053e-19,-7.452972e-11
4996,4996.000000,3,3.141807e-10,3.131029e-10,2.764670e-16,-5.027604e-20,1.052491e-13
4997,4997.000000,3,3.181384e-10,3.140115e-10,2.764690e-16,5.085506e-20,-2.671352e-11
4998,4998.000000,3,3.149054e-10,3.148051e-10,3.455888e-16,-5.245649e-20,5.644618e-11
4999,4999.000000,3,3.192255e-10,3.155678e-10,2.764731e-16,9.832531e-20,-1.508986e-10
5000,5000.000000,3,3.199290e-10,3.162415e-10,2.842420e-16,-3.501290e-20,1.000984e-10
5001,5001.000000,3,3.167457e-10,3.168579e-10,2.764773e-16,-1.208015e-19,-2.063971e-11
5002,5002.000000,3,3.215064e-10,3.174272e-10,2.842303e-16,-1.069313e-19,-1.804621e-10
5003,5003.000000,3,3.207745e-10,3.179239e-10,3.456019e-16,-6.428848e-21,1.493632e-10
5004,5004.000000,3,3.195240e-10,3.183840e-10,2.764837e-16,1.322827e-20,1.494493e-11
5005,5005.000000,3,3.197727e-10,3.187919e-10,2.764858e-16,-9.921866e-20,7.861733e-11
5006,5006.000000,3,3.213501e-10,3.191747e-10,2.764880e-16,-1.170030e-19,1.140359e-10
5007,5007.000000,3,3.210801e-10,3.195140e-10,2.764902e-16,1.536703e-19,1.357472e-10
5008,5008.000000,3,3.226361e-10,3.198128e-10,2.764925e-16,7.837371e-20,1.280531e-11
5009,5009.000000,3,3.239222e-10,3.200775e-10,2.764947e-16,4.279171e-20,-1.508764e-10
5010,5010.000000,3,3.214211e-10,3.203329e-10,2.764970e-16,-8.602678e-22,-8.009016e-11
5011,5011.000000,3,3.235527e-10,3.205487e-10,2.764992e-16,-8.624516e-20,-1.554139e-10
5012,5012.000000,3,3.230056e-10,3.207297e-10,3.456181e-16,9.758415e-20,4.052980e-12
5013,5013.000000,3,3.226219e-10,3.208964e-10,2.765038e-16,1.534155e-19,-7.066014e-11
5014,5014.000000,3,3.232259e-10,3.210201e-10,3.456239e-16,2.866015e-19,1.418516e-10
5015,5015.000000,3,3.241851e-10,3.211400e-10,2.765015e-16,-3.649521e-21,-2.255209e-10
5016,5016.000000,3,3.237446e-10,3.212370e-10,3.456385e-16,-5.175173e-20,1.877518e-10
5017,5017.000000,3,3.234391e-10,3.213076e-10,2.765132e-16,7.490948e-21,3.656608e-11
5018,5018.000000,3,3.242278e-10,3.213612e-10,2.765156e-16,1.314986e-19,-4.320300e-11
5019,5019.000000,3,3.241567e-10,3.214111e-10,2.765180e-16,-5.622843e-20,-9.295786e-11
5020,5020.000000,3,3.236877e-10,3.214213e-10,2.765204e-16,4.639821e-20,-1.417282e-10
5021,5021.000000,3,3.230483e-10,3.214231e-10,2.765228e-16,-1.124966e-21,1.686666e-10
5022,5022.000000,3,3.224230e-10,3.214180e-10,2.841278e-16,8.590767e-20,-2.632738e-11
5023,5023.000000,3,3.244836e-10,3.213956e-10,2.765276e-16,1.250929e-19,-1.650071e-10
5024,5024.000000,3,3.229275e-10,3.213589e-10,2.765301e-16,1.508777e-20,2.247169e-10
5025,5025.000000,3,3.227498e-10,3.213172e-10,2.765326e-16,-1.090224e-19,-7.523071e-11
5026,5026.000000,3,3.242846e-10,3.212561e-10,2.765350e-16,-2.110303e-20,4.031908e-11
5027,5027.000000,3,3.232614e-10,3.211773e-10,2.841015e-16,1.237495e-19,-4.529732e-11
5028,5028.000000,3,3.205685e-10,3.211043e-10,2.765400e-16,-1.080066e-19,-6.824097e-12
5029,5029.000000,3,3.226361e-10,3.210057e-10,2.765425e-16,3.600552e-20,-3.032086e-11
5030,5030.000000,3,3.205827e-10,3.208946e-10,2.765451e-16,6.941369e-20,5.314460e-11
5031,5031.000000,3,3.212293e-10,3.207781e-10,2.840791e-16,-1.820823e-19,3.900036e-11
5032,5032.000000,3,3.181242e-10,3.206500e-10,2.765501e-16,3.318649e-20,-1.199130e-11
5033,5033.000000,3,3.208314e-10,3.205218e-10,2.765527e-16,8.853810e-20,8.267675e-11
5034,5034.000000,3,3.186216e-10,3.203724e-10,2.765553e-16,-3.621397e-20,-3.822431e-11
5035,5035.000000,3,3.182166e-10,3.202421e-10,2.840581e-16,-4.438982e-20,1.826017e-10
5036,5036.000000,3,3.192042e-10,3.200795e-10,3.456920e-16,6.759389e-20,8.403389e-11
5037,5037.000000,3,3.181881e-10,3.199183e-10,2.765630e-16,-5.689017e-20,1.108991e-10
5038,5038.000000,3,3.158718e-10,3.197460e-10,3.457071e-16,5.376674e-21,1.376022e-10
5039,5039.000000,3,3.172502e-10,3.195613e-10,2.765683e-16,4.852903e-20,-1.678191e-11
5040,5040.000000,3,3.185221e-10,3.193854e-10,3.457051e-16,5.558654e-21,-2.413869e-11
5041,5041.000000,3,3.200924e-10,3.237499e-10,2.765736e-16,4.782427e-20,6.378920e-11
5042,5042.000000,3,3.278231e-10,3.298544e-10,3.457118e-16,2.110833e-19,-1.048972e-10
5043,5043.000000,3,3.316103e-10,3.332976e-10,2.840169e-16,-2.332649e-21,8.770362e-11
5044,5044.000000,3,3.367546e-10,3.363372e-10,2.765816e-16,1.170427e-19,-4.544543e-11
5045,5045.000000,3,3.412168e-10,3.387894e-10,2.765843e-16,8.701940e-20,-5.555845e-11
5046,5046.000000,3,3.443930e-10,3.410214e-10,2.765870e-16,-2.721755e-20,-2.907186e-11
5047,5047.000000,3,3.417142e-10,3.429734e-10,2.765897e-16,-1.449287e-19,1.353295e-11
5048,5048.000000,3,3.474696e-10,3.447964e-10,2.765924e-16,1.643112e-20,-8.775425e-11
5049,5049.000000,3,3.481873e-10,3.464689e-10,2.765952e-16,-1.301056e-19,3.200462e-11
5050,5050.000000,3,3.535021e-10,3.480165e-10,3.457474e-16,9.512908e-20,4.800516e-11
5051,5051.000000,3,3.544685e-10,3.494613e-10,3.457423e-16,6.064888e-21,-1.219522e-10
5052,5052.000000,3,3.546461e-10,3.508314e-10,2.766034e-16,-1.815860e-19,1.197809e-10
5053,5053.000000,3,3.570690e-10,3.521077e-10,2.766061e-16,5.781000e-20,-6.640910e-11
5054,5054.000000,3,3.587886e-10,3.533418e-10,2.766020e-16,5.029258e-21,-5.901946e-13
5055,5055.000000,3,3.632366e-10,3.544958e-10,3.457559e-16,-4.813199e-20,-1.713001e-10
5056,5056.000000,3,3.647500e-10,3.555971e-10,2.766143e-16,-1.124701e-19,1.714136e-10
5057,5057.000000,3,3.646861e-10,3.566472e-10,2.766170e-16,-5.345903e-20,-8.379630e-11
5058,5058.000000,3,3.671019e-10,3.576484e-10,2.766197e-16,-1.102996e-19,-1.393707e-11
5059,5059.000000,3,3.670166e-10,3.586258e-10,2.766224e-16,-8.747600e-20,2.388898e-10
5060,5060.000000,3,3.709602e-10,3.595539e-10,2.839122e-16,-3.417579e-20,-1.113776e-12
5061,5061.000000,3,3.703136e-10,3.604412e-10,2.766277e-16,6.160510e-20,-5.774470e-11
5062,5062.000000,3,3.721041e-10,3.612954e-10,2.766304e-16,-1.051677e-19,-1.521734e-10
5063,5063.000000,3,3.710099e-10,3.621392e-10,2.766331e-16,2.136376e-19,1.832912e-11
5064,5064.000000,3,3.746976e-10,3.629379e-10,2.766357e-16,-3.446365e-20,1.224121e-10
5065,5065.000000,3,3.753016e-10,3.637139e-10,2.766384e-16,6.899679e-20,-2.011880e-11
5066,5066.000000,3,3.757776e-10,3.644496e-10,2.766410e-16,2.553209e-19,2.643448e-10
5067,5067.000000,3,3.750955e-10,3.651779e-10,3.458045e-16,-3.836464e-20,-7.321344e-11
5068,5068.000000,3,3.800835e-10,3.658758e-10,2.766462e-16,4.911468e-20,5.133960e-11
5069,5069.000000,3,3.806662e-10,3.665555e-10,2.766488e-16,-9.129096e-20,1.962142e-10
5070,5070.000000,3,3.789964e-10,3.672169e-10,2.766514e-16,-7.803622e-20,7.118151e-11
5071,5071.000000,3,3.811493e-10,3.678589e-10,3.458175e-16,-1.436978e-20,9.320367e-11
5072,5072.000000,3,3.799840e-10,3.684693e-10,2.766566e-16,3.284900e-20,9.538037e-11
5073,5073.000000,3,3.812985e-10,3.690652e-10,2.766592e-16,1.657207e-19,3.656875e-11
5074,5074.000000,3,3.832028e-10,3.696590e-10,2.766617e-16,-2.454079e-20,-2.207523e-11
5075,5075.000000,3,3.852421e-10,3.702236e-10,2.766642e-16,1.140450e-19,1.208131e-10
5076,5076.000000,3,3.851781e-10,3.707770e-10,2.766668e-16,1.326665e-19,-7.182654e-11
5077,5077.000000,3,3.857821e-10,3.713152e-10,2.766693e-16,2.320738e-20,-1.101459e-10
5078,5078.000000,3,3.840057e-10,3.718372e-10,2.766718e-16,-6.557888e-20,4.720757e-11
5079,5079.000000,3,3.846878e-10,3.723377e-10,2.837901e-16,-1.199412e-19,-1.585165e-10
5080,5080.000000,3,3.881979e-10,3.728449e-10,2.766768e-16,1.757031e-19,3.223910e-11
5081,5081.000000,3,3.868976e-10,3.733207e-10,2.766793e-16,6.861959e-20,-3.479661e-12
5082,5082.000000,3,3.878071e-10,3.737985e-10,2.766817e-16,-8.116296e-20,-1.384748e-10
5083,5083.000000,3,3.880629e-10,3.742466e-10,2.766842e-16,-1.151369e-19,9.909717e-11
5084,5084.000000,3,3.880203e-10,3.747056e-10,3.458496e-16,-1.050685e-19,1.343428e-10
5085,5085.000000,3,3.912675e-10,3.751448e-10,2.766891e-16,3.548936e-20,9.079626e-12
5086,5086.000000,3,3.902798e-10,3.755598e-10,2.766915e-16,5.438878e-20,-6.844192e-11
5087,5087.000000,3,3.918217e-10,3.759784e-10,3.458587e-16,7.868142e-20,-1.100247e-10
5088,5088.000000,3,3.921130e-10,3.763805e-10,2.766963e-16,1.712926e-20,-7.516299e-11
5089,5089.000000,3,3.905427e-10,3.767799e-10,2.837229e-16,-1.770894e-19,1.576650e-11
5090,5090.000000,3,3.915517e-10,3.771752e-10,2.767011e-16,1.320941e-19,6.099432e-11
5091,5091.000000,3,3.935554e-10,3.775498e-10,2.767035e-16,3.538348e-20,1.444764e-10
5092,5092.000000,3,3.924683e-10,3.779093e-10,2.767058e-16,-9.790841e-20,9.663625e-11
5093,5093.000000,3,3.931930e-10,3.782732e-10,2.836957e-16,9.001379e-20,1.922462e-11
5094,5094.000000,3,3.936549e-10,3.786291e-10,3.458882e-16,5.156644e-20,-1.794265e-10
5095,5095.000000,3,3.968665e-10,3.789657e-10,2.767129e-16,2.381949e-20,-1.193150e-10
5096,5096.000000,3,3.960849e-10,3.793050e-10,3.458853e-16,-9.040753e-20,-1.335290e-10
5097,5097.000000,3,3.945786e-10,3.796399e-10,2.767175e-16,3.925799e-20,3.190137e-11
5098,5098.000000,3,3.974989e-10,3.799574e-10,2.767198e-16,5.515971e-20,1.691447e-11
5099,5099.000000,3,3.980318e-10,3.802729e-10,3.458940e-16,-1.002278e-19,1.633047e-10
5100,5100.000000,3,3.999716e-10,3.805651e-10,2.767244e-16,3.782862e-20,4.760770e-11
5101,5101.000000,3,4.115037e-10,3.929879e-10,2.767197e-16,-2.075562e-20,-2.476177e-10
5102,5102.000000,3,4.302763e-10,4.100693e-10,3.459025e-16,1.266910e-19,-2.059024e-10
5103,5103.000000,3,4.445440e-10,4.200240e-10,2.767313e-16,-1.007771e-19,9.972356e-11
5104,5104.000000,3,4.549392e-10,4.289353e-10,2.767335e-16,1.083772e-19,1.746598e-10
5105,5105.000000,3,4.656044e-10,4.362828e-10,2.836079e-16,2.291621e-20,-7.325895e-11
5106,5106.000000,3,4.740599e-10,4.430800e-10,2.767380e-16,2.015541e-19,8.685963e-11
5107,5107.000000,3,4.854925e-10,4.491685e-10,2.767402e-16,8.795577e-20,2.270850e-11
5108,5108.000000,3,4.924132e-10,4.548577e-10,3.459193e-16,-9.078473e-20,3.277356e-11
5109,5109.000000,3,5.023111e-10,4.601406e-10,2.767446e-16,1.656677e-20,-3.994316e-11
5110,5110.000000,3,5.096155e-10,4.651484e-10,2.767468e-16,9.525812e-20,-4.994205e-11
5111,5111.000000,3,5.171898e-10,4.698784e-10,3.459361e-16,-6.495022e-21,4.510858e-11
5112,5112.000000,3,5.251266e-10,4.743694e-10,3.459387e-16,3.159168e-20,-1.121141e-10
5113,5113.000000,3,5.314718e-10,4.786915e-10,3.459324e-16,4.277186e-20,-1.520339e-12
5114,5114.000000,3,5.376535e-10,4.828209e-10,2.767550e-16,2.679073e-20,2.502643e-11
5115,5115.000000,3,5.429612e-10,4.867999e-10,3.459462e-16,-8.347245e-20,5.537548e-11
5116,5116.000000,3,5.497824e-10,4.906424e-10,2.767589e-16,1.131219e-19,-2.040885e-10
5117,5117.000000,3,5.572929e-10,4.943537e-10,2.767607e-16,7.093901e-21,1.134037e-10
5118,5118.000000,3,5.642846e-10,4.979415e-10,2.767625e-16,1.288185e-19,4.154810e-11
5119,5119.000000,3,5.687255e-10,5.014380e-10,2.834747e-16,-4.951172e-20,1.284575e-10
5120,5120.000000,3,5.737846e-10,5.048117e-10,2.767659e-16,1.218536e-19,6.437606e-11
5121,5121.000000,3,5.782681e-10,5.081158e-10,2.834559e-16,2.882890e-20,-3.138556e-11
5122,5122.000000,3,5.877467e-10,5.113308e-10,2.767691e-16,5.698613e-20,3.257172e-11
5123,5123.000000,3,5.888481e-10,5.144642e-10,2.767706e-16,-4.890954e-20,1.313520e-10
5124,5124.000000,3,5.974883e-10,5.175271e-10,3.459650e-16,9.733600e-20,1.510967e-10
5125,5125.000000,3,6.023271e-10,5.204923e-10,2.834128e-16,8.013726e-21,-1.376970e-10
5126,5126.000000,3,6.073719e-10,5.234246e-10,3.459683e-16,-1.299004e-19,8.050760e-11
5127,5127.000000,3,6.115002e-10,5.262901e-10,2.833930e-16,-1.363194e-21,-2.731755e-10
5128,5128.000000,3,6.158558e-10,5.290819e-10,2.767771e-16,-7.160075e-20,7.626966e-11
5129,5129.000000,3,6.215899e-10,5.318377e-10,2.833700e-16,-1.091779e-19,1.133993e-10
5130,5130.000000,3,6.259384e-10,5.345253e-10,3.459645e-16,-3.401367e-21,2.327023e-10
5131,5131.000000,3,6.305640e-10,5.371594e-10,3.459752e-16,-3.959217e-20,-5.964318e-11
5132,5132.000000,3,6.353744e-10,5.397596e-10,3.459763e-16,3.792458e-20,5.917578e-11
5133,5133.000000,3,6.405259e-10,5.423051e-10,2.833262e-16,8.936859e-21,1.574287e-10
5134,5134.000000,3,6.434178e-10,5.448126e-10,2.767827e-16,9.279974e-20,-3.823342e-11
5135,5135.000000,3,6.500542e-10,5.472671e-10,2.767834e-16,-1.961411e-20,-8.836998e-11
5136,5136.000000,3,6.544028e-10,5.496976e-10,2.767840e-16,1.173405e-19,-1.398419e-10
5137,5137.000000,3,6.592842e-10,5.520786e-10,3.459710e-16,-3.644889e-20,-1.926124e-10
5138,5138.000000,3,6.622045e-10,5.544150e-10,2.767851e-16,1.264925e-20,-2.270624e-10
5139,5139.000000,3,6.678036e-10,5.567278e-10,3.399122e-16,-7.484992e-20,6.512768e-11
5140,5140.000000,3,6.691820e-10,5.589909e-10,2.767860e-16,1.414148e-20,9.559664e-11
5141,5141.000000,3,6.760104e-10,5.612466e-10,2.767863e-16,-3.425520e-20,-7.679168e-11
5142,5142.000000,3,6.784902e-10,5.634433e-10,2.767865e-16,-9.130089e-20,-1.965583e-11
5143,5143.000000,3,6.836345e-10,5.656382e-10,2.832141e-16,8.116296e-20,1.902596e-10
5144,5144.000000,3,6.884520e-10,5.677772e-10,3.459735e-16,5.538471e-20,-6.793410e-11
5145,5145.000000,3,6.944845e-10,5.698926e-10,3.398271e-16,1.364517e-20,1.204015e-11
5146,5146.000000,3,6.981438e-10,5.719865e-10,3.459734e-16,2.944763e-20,-1.729543e-10
5147,5147.000000,3,7.014336e-10,5.740461e-10,2.767868e-16,-4.239466e-20,4.641132e-11
5148,5148.000000,3,7.044392e-10,5.760805e-10,2.767867e-16,3.683601e-20,2.099387e-11
5149,5149.000000,3,7.086314e-10,5.780905e-10,2.767865e-16,5.143078e-20,-4.469736e-11
5150,5150.000000,3,7.151613e-10,5.800811e-10,2.767862e-16,-9.569487e-20,-5.507728e-11
5151,5151.000000,3,7.176411e-10,5.820382e-10,3.459719e-16,-6.193928e-20,-3.104472e-11
5152,5152.000000,3,7.209309e-10,5.839722e-10,3.459714e-16,1.384270e-19,1.784293e-10
5153,5153.000000,3,7.273826e-10,5.858976e-10,2.830953e-16,-1.279814e-19,-3.146772e-11
5154,5154.000000,3,7.263452e-10,5.878007e-10,2.767845e-16,-1.272435e-19,-4.407941e-11
5155,5155.000000,3,7.309637e-10,5.896712e-10,2.767839e-16,-1.136116e-19,2.141816e-10
5156,5156.000000,3,7.360939e-10,5.915248e-10,2.767748e-16,-1.896560e-20,7.272005e-11
5157,5157.000000,3,7.373018e-10,5.933529e-10,3.459676e-16,-8.032255e-20,6.073608e-11
5158,5158.000000,3,7.436043e-10,5.951659e-10,3.459666e-16,-5.287008e-20,-2.391463e-10
5159,5159.000000,3,7.477396e-10,5.969565e-10,2.767810e-16,1.797199e-19,5.806799e-11
5160,5160.000000,3,7.499281e-10,5.987186e-10,2.767801e-16,-7.225257e-20,8.513323e-11
5161,5161.000000,3,7.342038e-10,5.811704e-10,2.829977e-16,9.889110e-20,-5.586842e-11
5162,5162.000000,3,7.040981e-10,5.561682e-10,2.829867e-16,-2.522570e-20,-1.758405e-10
5163,5163.000000,3,6.830660e-10,5.424856e-10,2.767771e-16,-7.983947e-21,3.431877e-11
5164,5164.000000,3,6.636540e-10,5.304630e-10,2.767759e-16,-7.710647e-20,5.487344e-11
5165,5165.000000,3,6.484555e-10,5.208460e-10,3.459576e-16,-3.522135e-20,2.747336e-10
5166,5166.000000,3,6.348984e-10,5.121406e-10,2.767735e-16,-7.258344e-20,-2.699907e-11
5167,5167.000000,3,6.200764e-10,5.045220e-10,2.829357e-16,8.598377e-20,-3.975398e-11
5168,5168.000000,3,6.112870e-10,4.975218e-10,2.767709e-16,1.899107e-19,7.997070e-11
5169,5169.000000,3,6.004157e-10,4.911200e-10,2.767696e-16,-5.359469e-20,-6.409806e-11
5170,5170.000000,3,5.903829e-10,4.851466e-10,3.459493e-16,1.705613e-19,1.865903e-10
5171,5171.000000,3,5.814940e-10,4.796037e-10,3.459475e-16,1.167880e-19,5.189071e-11
5172,5172.000000,3,5.749925e-10,4.743788e-10,3.459458e-16,-1.412824e-21,4.251421e-11
5173,5173.000000,3,5.650520e-10,4.694622e-10,3.459440e-16,-3.898999e-20,1.060860e-10
5174,5174.000000,3,5.586713e-10,4.647978e-10,2.828702e-16,7.955492e-20,2.717659e-10
5175,5175.000000,3,5.520278e-10,4.603402e-10,2.828616e-16,-6.521492e-20,9.985990e-11
5176,5176.000000,3,5.446950e-10,4.561040e-10,2.828545e-16,-7.854245e-20,1.472604e-10
5177,5177.000000,3,5.402399e-10,4.520504e-10,2.828460e-16,9.851059e-20,1.576144e-10
5178,5178.000000,3,5.303065e-10,4.481553e-10,3.459356e-16,3.410962e-20,6.283019e-11
5179,5179.000000,3,5.260858e-10,4.444065e-10,3.459340e-16,-4.973010e-21,-8.256373e-11
5180,5180.000000,3,5.194991e-10,4.408018e-10,3.459324e-16,-1.290402e-22,4.398215e-11
5181,5181.000000,3,5.139000e-10,4.373280e-10,2.767534e-16,1.440221e-19,7.591638e-11
5182,5182.000000,3,5.080452e-10,4.339689e-10,2.767522e-16,1.080629e-20,-1.941256e-10
5183,5183.000000,3,5.005134e-10,4.307197e-10,2.767511e-16,-5.333991e-20,6.118750e-11
5184,5184.000000,3,4.950067e-10,4.275651e-10,3.459266e-16,4.409534e-20,1.040426e-10
5185,5185.000000,3,4.957883e-10,4.245073e-10,3.459253e-16,-2.000784e-20,-1.467442e-10
5186,5186.000000,3,4.877307e-10,4.215412e-10,2.767478e-16,-3.265047e-20,-1.668456e-10
5187,5187.000000,3,4.850449e-10,4.186445e-10,2.767468e-16,7.001257e-20,-1.294949e-10
5188,5188.000000,3,4.815632e-10,4.158274e-10,2.767373e-16,2.165228e-20,-6.342482e-11
5189,5189.000000,3,4.763407e-10,4.131069e-10,2.767449e-16,7.079343e-20,7.982148e-11
5190,5190.000000,3,4.697398e-10,4.104346e-10,3.459300e-16,-6.062241e-20,4.353362e-11
5191,5191.000000,3,4.660947e-10,4.078335e-10,2.767432e-16,-1.762788e-19,-1.524989e-10
5192,5192.000000,3,4.607088e-10,4.052763e-10,2.767424e-16,-5.814418e-20,7.474998e-11
5193,5193.000000,3,4.587193e-10,4.027907e-10,2.767417e-16,-4.890954e-20,7.273804e-11
5194,5194.000000,3,4.542002e-10,4.003640e-10,3.459157e-16,1.169766e-19,1.322706e-10
5195,5195.000000,3,4.485443e-10,3.979852e-10,2.767404e-16,-9.714740e-20,1.906253e-10
5196,5196.000000,3,4.462635e-10,3.956484e-10,2.767398e-16,-4.287773e-20,-1.892018e-10
5197,5197.000000,3,4.413536e-10,3.933698e-10,2.826930e-16,-6.144959e-20,3.765543e-11
5198,5198.000000,3,4.393783e-10,3.911322e-10,2.767387e-16,1.710279e-20,-4.065903e-11
5199,5199.000000,3,4.358540e-10,3.889284e-10,2.767383e-16,-1.044001e-19,-2.514167e-11
5200,5200.000000,3,4.345253e-10,3.867817e-10,2.767379e-16,-9.264423e-21,-2.136891e-11
5201,5201.000000,3,4.278604e-10,3.846718e-10,2.767375e-16,-3.138654e-20,-1.424680e-10
5202,5202.000000,3,4.257856e-10,3.825880e-10,3.459215e-16,-4.985252e-20,1.562372e-11
5203,5203.000000,3,4.220695e-10,3.805476e-10,3.459109e-16,-5.004112e-20,-2.278933e-11
5204,5204.000000,3,4.159091e-10,3.785341e-10,2.767367e-16,-1.102235e-19,1.166598e-10
5205,5205.000000,3,4.150849e-10,3.765557e-10,2.767366e-16,9.104942e-20,-4.257839e-11
5206,5206.000000,3,4.126122e-10,3.746148e-10,3.459104e-16,-1.412527e-19,-1.417146e-10
5207,5207.000000,3,4.113971e-10,3.727212e-10,2.767364e-16,-5.778684e-20,-1.580356e-10
5208,5208.000000,3,4.080150e-10,3.708345e-10,2.767364e-16,2.163243e-20,-6.235190e-11
5209,5209.000000,3,4.004690e-10,3.689804e-10,3.391330e-16,-9.992342e-21,2.353089e-10
5210,5210.000000,3,4.001848e-10,3.671650e-10,3.459105e-16,7.061475e-20,-1.660512e-10
5211,5211.000000,3,3.958718e-10,3.653553e-10,2.767366e-16,-1.008829e-19,1.757949e-11
5212,5212.000000,3,3.948841e-10,3.635858e-10,3.459110e-16,-1.173306e-19,5.639977e-11
5213,5213.000000,3,3.909904e-10,3.618374e-10,3.459212e-16,-4.099838e-20,2.758527e-11
5214,5214.000000,3,3.896403e-10,3.601139e-10,3.459215e-16,1.373120e-21,3.084708e-10
5215,5215.000000,3,3.847660e-10,3.584204e-10,2.767375e-16,-6.035110e-20,-1.637710e-10
5216,5216.000000,3,3.816467e-10,3.567491e-10,2.767379e-16,6.015257e-21,-1.077654e-10
5217,5217.000000,3,3.792877e-10,3.550833e-10,2.767383e-16,1.300460e-19,2.827161e-11
5218,5218.000000,3,3.788188e-10,3.534528e-10,2.767387e-16,-3.112515e-20,4.242384e-11
5219,5219.000000,3,3.763887e-10,3.518479e-10,2.767392e-16,1.770100e-19,-1.111862e-10
5220,5220.000000,3,3.755289e-10,3.502483e-10,2.767398e-16,-5.126204e-20,-2.033085e-11
5221,5221.000000,3,3.705338e-10,3.477485e-10,2.825379e-16,-8.985167e-20,-1.203655e-10
5222,5222.000000,3,3.644516e-10,3.449097e-10,2.767410e-16,-1.189056e-19,-4.171330e-11
5223,5223.000000,3,3.633644e-10,3.426370e-10,2.767416e-16,-1.313828e-19,1.007432e-10
5224,5224.000000,3,3.589591e-10,3.404603e-10,2.767424e-16,-1.087048e-19,-6.548428e-11
5225,5225.000000,3,3.550369e-10,3.384057e-10,3.459289e-16,6.710089e-20,-2.407297e-11
5226,5226.000000,3,3.516547e-10,3.364311e-10,2.767439e-16,-4.402917e-20,3.032841e-11
5227,5227.000000,3,3.488623e-10,3.345135e-10,3.459214e-16,1.667596e-20,1.220735e-11
5228,5228.000000,3,3.451532e-10,3.326495e-10,3.459321e-16,1.376826e-19,-5.997114e-11
5229,5229.000000,3,3.457856e-10,3.308267e-10,2.767466e-16,2.271769e-20,-1.440374e-10
5230,5230.000000,3,3.408189e-10,3.290366e-10,3.459250e-16,-1.703330e-20,1.118972e-11
5231,5231.000000,3,3.386802e-10,3.272944e-10,2.767486e-16,3.228651e-20,-3.234280e-11
5232,5232.000000,3,3.365983e-10,3.255718e-10,2.767497e-16,1.704786e-19,-1.170737e-10
5233,5233.000000,3,3.322853e-10,3.238632e-10,2.767508e-16,-1.077982e-20,-3.367173e-11
5234,5234.000000,3,3.299832e-10,3.222205e-10,2.767520e-16,5.354836e-20,1.437228e-10
5235,5235.000000,3,3.287752e-10,3.205667e-10,2.767532e-16,9.310745e-21,-2.098366e-11
5236,5236.000000,3,3.239080e-10,3.189544e-10,2.824531e-16,9.228358e-20,-3.405121e-11
5237,5237.000000,3,3.256915e-10,3.173666e-10,2.824493e-16,9.398426e-20,-2.242873e-12
5238,5238.000000,3,3.207035e-10,3.157827e-10,2.824441e-16,8.977226e-20,-1.775513e-10
5239,5239.000000,3,3.180674e-10,3.142293e-10,2.767585e-16,1.573926e-19,-1.082558e-10
5240,5240.000000,3,3.143370e-10,3.126954e-10,2.767599e-16,-6.894716e-20,-2.662759e-11
5241,5241.000000,3,3.128164e-10,3.111720e-10,2.767614e-16,3.206152e-20,-7.120882e-11
5242,5242.000000,3,3.121201e-10,3.096801e-10,2.767629e-16,4.744377e-20,-1.025469e-11
5243,5243.000000,3,3.075016e-10,3.082006e-10,2.767645e-16,1.478436e-19,1.502825e-10
5244,5244.000000,3,3.088232e-10,3.067180e-10,2.767589e-16,-6.568145e-20,-3.229932e-10
5245,5245.000000,3,3.050573e-10,3.052532e-10,2.767678e-16,4.139874e-20,6.730039e-11
5246,5246.000000,3,3.006662e-10,3.038283e-10,2.767695e-16,-7.583923e-20,1.239655e-10
5247,5247.000000,3,2.988969e-10,3.024134e-10,2.767712e-16,1.489620e-19,-4.862133e-11
5248,5248.000000,3,2.977814e-10,3.010043e-10,2.767730e-16,-3.209130e-20,-1.273353e-10
5249,5249.000000,3,2.934328e-10,2.995977e-10,3.459596e-16,-1.723580e-19,-4.773870e-11
5250,5250.000000,3,2.910454e-10,2.982143e-10,2.767767e-16,6.097314e-20,1.802958e-11
5251,5251.000000,3,2.907186e-10,2.968523e-10,2.767786e-16,-1.389663e-20,-2.330269e-10
5252,5252.000000,3,2.895746e-10,2.954947e-10,2.767806e-16,4.292737e-20,-2.756240e-11
5253,5253.000000,3,2.869456e-10,2.941485e-10,2.767826e-16,-1.070372e-20,2.517675e-11
5254,5254.000000,3,2.851763e-10,2.928193e-10,2.767847e-16,5.140762e-20,-2.633960e-11
5255,5255.000000,3,2.818652e-10,2.914784e-10,3.459834e-16,7.502528e-20,4.295275e-11
5256,5256.000000,3,2.806786e-10,2.901785e-10,2.823564e-16,5.757177e-21,-1.287148e-11
5257,5257.000000,3,2.788880e-10,2.888896e-10,2.823504e-16,2.386615e-19,3.958900e-11
5258,5258.000000,3,2.772751e-10,2.875864e-10,2.767933e-16,4.151785e-20,-5.317324e-11
5259,5259.000000,3,2.747527e-10,2.863241e-10,2.767956e-16,2.367722e-20,1.452727e-11
5260,5260.000000,3,2.718750e-10,2.850429e-10,2.767979e-16,2.165625e-19,-3.490452e-11
5261,5261.000000,3,2.716476e-10,2.837739e-10,3.460003e-16,-1.237760e-19,-1.561291e-10
5262,5262.000000,3,2.703899e-10,2.825344e-10,2.768026e-16,-6.259772e-20,-1.773321e-10
5263,5263.000000,3,2.665033e-10,2.812999e-10,2.767982e-16,1.432908e-19,1.065057e-10
5264,5264.000000,3,2.631992e-10,2.800629e-10,2.768075e-16,-2.021497e-19,-4.030953e-11
5265,5265.000000,3,2.627942e-10,2.788485e-10,2.768100e-16,2.035526e-20,6.407985e-12
5266,5266.000000,3,2.628937e-10,2.776306e-10,2.768126e-16,1.298607e-19,2.668066e-11
5267,5267.000000,3,2.594902e-10,2.764207e-10,2.768152e-16,4.121345e-20,-2.229004e-10
5268,5268.000000,3,2.559517e-10,2.752236e-10,2.768178e-16,3.070164e-20,2.559641e-10
5269,5269.000000,3,2.544951e-10,2.740363e-10,2.822993e-16,-4.003223e-20,-1.748310e-10
5270,5270.000000,3,2.535643e-10,2.728593e-10,2.768232e-16,1.113716e-20,-3.821166e-11
5271,5271.000000,3,2.537419e-10,2.716811e-10,2.768259e-16,-4.831397e-20,1.124014e-10
5272,5272.000000,3,2.528751e-10,2.705245e-10,2.768287e-16,-3.801391e-20,-6.276557e-11
5273,5273.000000,3,2.498766e-10,2.693690e-10,3.460394e-16,-1.266116e-19,-1.080964e-10
5274,5274.000000,3,2.455423e-10,2.682106e-10,2.768344e-16,-1.175622e-19,1.067118e-10
5275,5275.000000,3,2.463878e-10,2.670741e-10,2.768373e-16,7.672266e-20,-5.319345e-11
5276,5276.000000,3,2.440572e-10,2.659357e-10,3.460421e-16,-1.295034e-20,2.525979e-12
5277,5277.000000,3,2.400213e-10,2.648215e-10,2.768432e-16,9.738563e-20,2.179836e-10
5278,5278.000000,3,2.401919e-10,2.636971e-10,2.768462e-16,-1.743366e-20,1.267844e-10
5279,5279.000000,3,2.395879e-10,2.625775e-10,2.822569e-16,-4.263289e-20,-5.401835e-11
5280,5280.000000,3,2.369092e-10,2.614811e-10,2.768524e-16,-3.311700e-20,1.958789e-11
5281,5281.000000,3,2.466010e-10,2.740814e-10,2.822500e-16,-2.242818e-19,-1.465474e-10
5282,5282.000000,3,2.648406e-10,2.919889e-10,2.822451e-16,-2.649294e-20,8.569501e-11
5283,5283.000000,3,2.799752e-10,3.018585e-10,2.768619e-16,9.411992e-20,7.340595e-11
5284,5284.000000,3,2.871445e-10,3.105551e-10,3.460814e-16,-2.435881e-20,-1.679452e-10
5285,5285.000000,3,3.005809e-10,3.175089e-10,2.768684e-16,3.082737e-20,6.622036e-11
5286,5286.000000,3,3.063292e-10,3.238423e-10,2.822218e-16,-6.401385e-20,1.049838e-10
5287,5287.000000,3,3.135341e-10,3.293688e-10,2.768751e-16,-1.830187e-19,2.900080e-11
5288,5288.000000,3,3.173852e-10,3.344640e-10,2.768785e-16,-1.216088e-19,5.552447e-11
5289,5289.000000,3,3.269847e-10,3.391138e-10,2.768819e-16,-1.015579e-19,-9.781509e-11
5290,5290.000000,3,3.321219e-10,3.434677e-10,2.768853e-16,9.231667e-20,-1.929066e-10
5291,5291.000000,3,3.353406e-10,3.475127e-10,2.768887e-16,9.876537e-21,2.008016e-11
5292,5292.000000,3,3.431140e-10,3.513385e-10,3.461072e-16,-3.631323e-20,-4.622747e-12
5293,5293.000000,3,3.461906e-10,3.549152e-10,2.768955e-16,1.388836e-19,-2.396083e-12
5294,5294.000000,3,3.530616e-10,3.583287e-10,2.768989e-16,-4.929996e-21,3.848144e-11
5295,5295.000000,3,3.544329e-10,3.615690e-10,2.769023e-16,-8.855134e-20,-6.462386e-12
5296,5296.000000,3,3.602665e-10,3.646825e-10,2.769057e-16,-3.723636e-20,4.801470e-11
5297,5297.000000,3,3.637695e-10,3.676319e-10,2.821530e-16,-3.873852e-20,1.310028e-10
5298,5298.000000,3,3.688214e-10,3.704619e-10,3.461325e-16,2.631725e-19,1.628058e-10
5299,5299.000000,3,3.729070e-10,3.732081e-10,3.461446e-16,-6.514875e-21,-3.746781e-11
5300,5300.000000,3,3.778879e-10,3.758298e-10,2.769190e-16,-1.348073e-19,1.948277e-10
5301,5301.000000,3,3.807514e-10,3.783656e-10,3.461448e-16,-1.093533e-20,-4.581358e-11
5302,5302.000000,3,3.853842e-10,3.808054e-10,2.821179e-16,4.086603e-20,-7.910184e-11
5303,5303.000000,3,3.866134e-10,3.831728e-10,2.769287e-16,-5.895482e-20,-8.095369e-11
5304,5304.000000,3,3.909335e-10,3.854628e-10,2.769319e-16,-1.071563e-19,-2.952372e-11
5305,5305.000000,3,3.940457e-10,3.876899e-10,3.461607e-16,2.177900e-19,2.208522e-11
5306,5306.000000,3,3.958505e-10,3.898475e-10,2.820887e-16,4.537251e-20,-7.224088e-11
5307,5307.000000,3,4.035030e-10,3.919400e-10,3.461685e-16,-1.613333e-20,-4.011547e-11
5308,5308.000000,3,4.040572e-10,3.939760e-10,2.769443e-16,-6.705457e-20,-3.845502e-11
5309,5309.000000,3,4.066862e-10,3.959564e-10,2.820663e-16,5.078889e-20,-4.027667e-11
5310,5310.000000,3,4.088818e-10,3.978893e-10,3.461797e-16,-5.994082e-20,-1.513585e-10
5311,5311.000000,3,4.114682e-10,3.997718e-10,2.769533e-16,3.369934e-20,-1.590699e-10
5312,5312.000000,3,4.130669e-10,4.016152e-10,2.769562e-16,1.374675e-19,5.194312e-11
5313,5313.000000,3,4.157741e-10,4.034064e-10,3.461988e-16,-5.313808e-21,-1.780551e-10
5314,5314.000000,3,4.204566e-10,4.051410e-10,2.769619e-16,-6.188965e-20,-2.056866e-11
5315,5315.000000,3,4.193836e-10,4.068632e-10,3.461976e-16,-9.335230e-20,1.203073e-10
5316,5316.000000,3,4.259206e-10,4.085365e-10,2.769675e-16,-6.425870e-20,-2.515552e-10
5317,5317.000000,3,4.272422e-10,4.101739e-10,2.820045e-16,-6.184002e-20,3.244183e-11
5318,5318.000000,3,4.306244e-10,4.117728e-10,3.462078e-16,6.032794e-20,8.426326e-11
5319,5319.000000,3,4.316973e-10,4.133434e-10,3.462195e-16,1.970212e-19,2.233114e-10
5320,5320.000000,3,4.341913e-10,4.148799e-10,2.769782e-16,7.606753e-21,6.195844e-11
5321,5321.000000,3,4.359535e-10,4.163980e-10,2.769741e-16,3.545296e-20,7.370771e-12
5322,5322.000000,3,4.400462e-10,4.178524e-10,2.769834e-16,-3.199535e-20,5.731637e-11
5323,5323.000000,3,4.399254e-10,4.193141e-10,2.769859e-16,4.755627e-20,1.928724e-10
5324,5324.000000,3,4.438974e-10,4.207343e-10,3.462270e-16,7.082651e-20,-6.629230e-11
5325,5325.000000,3,4.459579e-10,4.221330e-10,2.769909e-16,-4.950511e-20,3.562306e-11
5326,5326.000000,3,4.476135e-10,4.235059e-10,3.462331e-16,2.483527e-20,-1.137119e-10
5327,5327.000000,3,4.516068e-10,4.248482e-10,2.769957e-16,1.499844e-20,-9.221868e-11
5328,5328.000000,3,4.531202e-10,4.261680e-10,2.769980e-16,7.254374e-20,5.053957e-12
5329,5329.000000,3,4.531771e-10,4.274836e-10,2.770003e-16,-1.570981e-20,1.672971e-10
5330,5330.000000,3,4.542429e-10,4.287508e-10,2.770026e-16,8.354524e-20,1.220835e-10
5331,5331.000000,3,4.581935e-10,4.300069e-10,2.770048e-16,2.094421e-21,-2.589973e-11
5332,5332.000000,3,4.605525e-10,4.312668e-10,3.462501e-16,-2.417022e-20,-2.282223e-10
5333,5333.000000,3,4.637002e-10,4.324712e-10,2.770092e-16,1.073747e-19,1.783951e-10
5334,5334.000000,3,4.647873e-10,4.336744e-10,2.770113e-16,3.407984e-20,9.214718e-11
5335,5335.000000,3,4.670042e-10,4.348570e-10,2.770134e-16,-1.570783e-19,2.749734e-11
5336,5336.000000,3,4.682619e-10,4.360199e-10,3.462606e-16,-2.265151e-20,2.694134e-11
5337,5337.000000,3,4.695622e-10,4.371721e-10,2.770175e-16,-1.245668e-19,6.451661e-11
5338,5338.000000,3,4.703367e-10,4.382990e-10,3.462656e-16,-1.041586e-20,-3.755463e-11
5339,5339.000000,3,4.745928e-10,4.394027e-10,2.770215e-16,4.044913e-20,-5.650524e-11
5340,5340.000000,3,4.749552e-10,4.405065e-10,2.770234e-16,6.131063e-21,1.249316e-10
5341,5341.000000,3,4.648086e-10,4.267233e-10,3.381669e-16,1.543751e-19,1.291878e-11
5342,5342.000000,3,4.448921e-10,4.071656e-10,2.770272e-16,5.555345e-21,4.161427e-11
5343,5343.000000,3,4.273701e-10,3.963165e-10,2.770290e-16,5.377997e-20,2.723932e-11
5344,5344.000000,3,4.143175e-10,3.867417e-10,3.462796e-16,-2.148353e-20,2.256575e-10
5345,5345.000000,3,4.038085e-10,3.790663e-10,2.817771e-16,1.354922e-20,1.596765e-10
5346,5346.000000,3,3.943228e-10,3.720506e-10,2.770343e-16,-6.145290e-20,-5.857159e-11
5347,5347.000000,3,3.857110e-10,3.659029e-10,2.770360e-16,6.345799e-20,3.645417e-11
5348,5348.000000,3,3.774829e-10,3.602019e-10,2.770377e-16,-1.189420e-19,5.907319e-11
5349,5349.000000,3,3.704272e-10,3.549820e-10,2.770394e-16,-1.058196e-19,1.598899e-11
5350,5350.000000,3,3.637481e-10,3.501159e-10,2.770411e-16,-3.166117e-20,-2.820033e-11
5351,5351.000000,3,3.554064e-10,3.455414e-10,2.770428e-16,-1.134693e-19,-6.696399e-11
5352,5352.000000,3,3.483791e-10,3.412282e-10,2.770444e-16,1.677390e-19,1.017584e-10
5353,5353.000000,3,3.442651e-10,3.371428e-10,2.770461e-16,-2.206455e-19,-3.297163e-11
5354,5354.000000,3,3.422826e-10,3.332532e-10,2.770479e-16,-9.267070e-20,2.740475e-12
5355,5355.000000,3,3.347509e-10,3.295388e-10,2.770425e-16,-8.632457e-21,-6.255152e-11
5356,5356.000000,3,3.273257e-10,3.259653e-10,2.770514e-16,-8.283056e-20,1.430933e-10
5357,5357.000000,3,3.224159e-10,3.225678e-10,2.770531e-16,7.203089e-21,-9.435785e-12
5358,5358.000000,3,3.173213e-10,3.192790e-10,2.770550e-16,1.771159e-19,-2.126543e-11
5359,5359.000000,3,3.153531e-10,3.160945e-10,3.463122e-16,1.027590e-19,-4.144063e-11
5360,5360.000000,3,3.111253e-10,3.130307e-10,3.463234e-16,5.459723e-20,-1.839862e-10
5361,5361.000000,3,3.071037e-10,3.100493e-10,2.770606e-16,1.173041e-19,-3.289717e-10
5362,5362.000000,3,3.025136e-10,3.071736e-10,2.770626e-16,2.101502e-19,-2.290323e-10
5363,5363.000000,3,2.991172e-10,3.043767e-10,2.770646e-16,5.031574e-20,-9.667178e-11
5364,5364.000000,3,2.932339e-10,3.016607e-10,2.816688e-16,-4.358911e-20,-9.759749e-11
5365,5365.000000,3,2.901004e-10,2.990150e-10,3.463272e-16,-1.238653e-19,9.699685e-11
5366,5366.000000,3,2.864482e-10,2.964404e-10,3.463299e-16,1.315283e-19,5.521139e-12
5367,5367.000000,3,2.834923e-10,2.939029e-10,2.770730e-16,-1.467716e-19,8.099565e-11
5368,5368.000000,3,2.800462e-10,2.914553e-10,2.770752e-16,-4.285457e-20,8.026024e-12
5369,5369.000000,3,2.768985e-10,2.890517e-10,2.770775e-16,-3.411955e-20,-1.630871e-10
5370,5370.000000,3,2.718679e-10,2.867067e-10,2.770798e-16,8.522276e-20,1.584131e-10
5371,5371.000000,3,2.707594e-10,2.844032e-10,3.463442e-16,-3.628345e-20,-1.701808e-10
5372,5372.000000,3,2.662475e-10,2.821574e-10,2.770846e-16,-1.151435e-20,1.083773e-10
5373,5373.000000,3,2.631069e-10,2.799323e-10,3.463503e-16,-1.009293e-19,-4.425460e-11
5374,5374.000000,3,2.608473e-10,2.777767e-10,2.816225e-16,1.626502e-19,4.658496e-13
5375,5375.000000,3,2.582752e-10,2.756593e-10,3.463651e-16,-7.615356e-20,4.681322e-11
5376,5376.000000,3,2.555964e-10,2.735601e-10,2.770947e-16,-4.207371e-20,-4.610023e-11
5377,5377.000000,3,2.519300e-10,2.715257e-10,2.770973e-16,-3.744812e-20,1.054046e-11
5378,5378.000000,3,2.475460e-10,2.695097e-10,2.771000e-16,-1.407795e-19,5.047163e-11
5379,5379.000000,3,2.443272e-10,2.675125e-10,2.771028e-16,-3.818597e-20,1.318374e-10
5380,5380.000000,3,2.429417e-10,2.655676e-10,3.463819e-16,8.631133e-20,1.249267e-11
5381,5381.000000,3,2.406324e-10,2.636598e-10,3.463773e-16,7.072394e-20,8.490963e-11
5382,5382.000000,3,2.388560e-10,2.617484e-10,2.815891e-16,-2.215686e-19,9.272361e-12
5383,5383.000000,3,2.344365e-10,2.598874e-10,2.771142e-16,-3.749113e-20,-5.251377e-11
5384,5384.000000,3,2.348486e-10,2.580598e-10,2.771172e-16,-2.119601e-19,-2.316281e-11
5385,5385.000000,3,2.307203e-10,2.562532e-10,2.771203e-16,-2.717123e-20,1.262350e-10
5386,5386.000000,3,2.264784e-10,2.544691e-10,3.463961e-16,-2.280702e-20,-2.364540e-10
5387,5387.000000,3,2.268337e-10,2.527072e-10,2.771265e-16,-2.046511e-19,-4.171219e-11
5388,5388.000000,3,2.237783e-10,2.509708e-10,2.771297e-16,-1.370704e-19,5.306955e-11
5389,5389.000000,3,2.210214e-10,2.492588e-10,2.815622e-16,-2.273754e-20,8.292100e-11
5390,5390.000000,3,2.145768e-10,2.475664e-10,2.771298e-16,1.027424e-19,4.312506e-11
5391,5391.000000,3,2.168363e-10,2.458895e-10,2.771395e-16,3.300120e-20,1.242442e-10
5392,5392.000000,3,2.142642e-10,2.442435e-10,2.771429e-16,-2.072253e-20,-6.455880e-11
5393,5393.000000,3,2.110454e-10,2.426066e-10,2.815478e-16,1.255627e-19,-4.470868e-12
5394,5394.000000,3,2.075922e-10,2.409901e-10,2.815427e-16,-2.383604e-20,2.641619e-10
5395,5395.000000,3,2.071019e-10,2.393978e-10,2.771533e-16,-3.245857e-21,-4.862888e-12
5396,5396.000000,3,2.074856e-10,2.378311e-10,2.771569e-16,-9.523827e-20,1.108582e-10
5397,5397.000000,3,2.045439e-10,2.362615e-10,3.464506e-16,-4.567360e-20,1.346802e-10
5398,5398.000000,3,1.988738e-10,2.347160e-10,2.771641e-16,-1.779133e-19,-6.104384e-11
5399,5399.000000,3,1.974740e-10,2.331892e-10,2.771679e-16,-1.246396e-19,3.324518e-11
5400,5400.000000,3,1.970051e-10,2.316820e-10,2.771716e-16,-5.420018e-20,7.376766e-11
5401,5401.000000,3,2.099583e-10,2.492875e-10,2.771754e-16,-5.501082e-20,5.070699e-11
5402,5402.000000,3,2.343867e-10,2.743012e-10,2.771793e-16,-3.112184e-20,1.121763e-10
5403,5403.000000,3,2.513474e-10,2.881195e-10,2.771832e-16,-3.409969e-20,8.256706e-11
5404,5404.000000,3,2.661409e-10,3.002902e-10,2.771811e-16,1.729039e-19,-1.367928e-10
5405,5405.000000,3,2.772538e-10,3.100604e-10,2.814993e-16,-3.088725e-19,8.474776e-11
5406,5406.000000,3,2.865832e-10,3.189389e-10,2.771951e-16,2.887522e-20,4.473011e-11
5407,5407.000000,3,2.962892e-10,3.267187e-10,2.771992e-16,3.069171e-20,2.662204e-11
5408,5408.000000,3,3.061658e-10,3.339196e-10,2.772032e-16,-1.103128e-20,8.886292e-11
5409,5409.000000,3,3.166960e-10,3.404694e-10,2.772073e-16,4.160057e-20,-8.082313e-11
5410,5410.000000,3,3.208029e-10,3.466274e-10,2.772114e-16,1.382086e-19,-2.681877e-11
5411,5411.000000,3,3.322072e-10,3.523524e-10,2.772156e-16,1.928985e-21,-3.949729e-12
5412,5412.000000,3,3.387797e-10,3.577456e-10,2.814551e-16,1.033645e-19,1.132090e-10
5413,5413.000000,3,3.447695e-10,3.628662e-10,2.772238e-16,-1.002741e-19,-1.833571e-10
5414,5414.000000,3,3.484715e-10,3.677227e-10,2.772279e-16,5.083852e-20,4.529488e-12
5415,5415.000000,3,3.569269e-10,3.723526e-10,2.772319e-16,7.617672e-20,1.292946e-10
5416,5416.000000,3,3.648637e-10,3.767711e-10,2.814269e-16,-1.667365e-19,1.751812e-10
5417,5417.000000,3,3.692904e-10,3.810170e-10,2.772400e-16,5.510346e-20,2.406109e-10
5418,5418.000000,3,3.750955e-10,3.850691e-10,3.465474e-16,7.321541e-20,-2.028364e-10
5419,5419.000000,3,3.831033e-10,3.889966e-10,2.814031e-16,5.411746e-20,3.339284e-11
5420,5420.000000,3,3.852136e-10,3.927658e-10,2.772518e-16,-1.515792e-19,-5.375567e-11
5421,5421.000000,3,3.945289e-10,3.964309e-10,2.772556e-16,1.227437e-19,-1.670886e-11
5422,5422.000000,3,3.975700e-10,3.999570e-10,2.813814e-16,-3.145602e-20,1.136178e-10
5423,5423.000000,3,4.018545e-10,4.033855e-10,3.465790e-16,1.882663e-21,8.111978e-11
5424,5424.000000,3,4.063239e-10,4.066918e-10,2.813656e-16,-9.613162e-20,-6.665757e-11
5425,5425.000000,3,4.106511e-10,4.099279e-10,2.772706e-16,-4.193475e-20,-3.573053e-11
5426,5426.000000,3,4.166765e-10,4.130574e-10,2.772742e-16,2.929212e-20,3.559641e-11
5427,5427.000000,3,4.202789e-10,4.161280e-10,2.813412e-16,1.557912e-19,2.158873e-10
5428,5428.000000,3,4.264393e-10,4.190848e-10,2.813329e-16,-1.592786e-19,-2.386467e-10
5429,5429.000000,3,4.298002e-10,4.219856e-10,2.772847e-16,2.144714e-20,1.213043e-10
5430,5430.000000,3,4.343832e-10,4.248171e-10,2.772881e-16,4.074692e-20,2.202571e-11
5431,5431.000000,3,4.382485e-10,4.275895e-10,2.772914e-16,1.851727e-19,-9.991896e-11
5432,5432.000000,3,4.430589e-10,4.302738e-10,2.772947e-16,4.769193e-20,1.515303e-10
5433,5433.000000,3,4.471303e-10,4.329235e-10,2.772980e-16,1.932625e-19,1.276075e-10
5434,5434.000000,3,4.479688e-10,4.355087e-10,3.466184e-16,6.176723e-20,4.029732e-11
5435,5435.000000,3,4.539515e-10,4.380325e-10,3.466303e-16,1.666438e-19,-1.887701e-10
5436,5436.000000,3,4.584564e-10,4.405110e-10,3.466260e-16,-1.338841e-19,-1.873850e-10
5437,5437.000000,3,4.606378e-10,4.429310e-10,2.773103e-16,-5.596704e-20,4.123568e-11
5438,5438.000000,3,4.659029e-10,4.453145e-10,2.773133e-16,1.624120e-19,-1.838552e-10
5439,5439.000000,3,4.670326e-10,4.476541e-10,3.466452e-16,9.630368e-20,-3.691403e-11
5440,5440.000000,3,4.752252e-10,4.499467e-10,2.773190e-16,2.107127e-19,1.508560e-10
5441,5441.000000,3,4.771721e-10,4.521998e-10,2.773218e-16,5.950406e-20,2.014686e-10
5442,5442.000000,3,4.792113e-10,4.544189e-10,2.773245e-16,1.443827e-19,9.631562e-11
5443,5443.000000,3,4.855067e-10,4.565914e-10,2.773271e-16,-7.586570e-20,-1.475180e-10
5444,5444.000000,3,4.874821e-10,4.587177e-10,3.466538e-16,-9.889771e-20,-1.655365e-11
5445,5445.000000,3,4.887255e-10,4.608145e-10,3.466569e-16,-1.051148e-19,1.700244e-10
5446,5446.000000,3,4.944880e-10,4.628906e-10,2.773348e-16,-7.602121e-20,-4.783707e-11
5447,5447.000000,3,4.958380e-10,4.649272e-10,2.773372e-16,-1.737079e-20,6.594281e-11
5448,5448.000000,3,4.993410e-10,4.669261e-10,2.773396e-16,2.592913e-19,-4.338330e-11
5449,5449.000000,3,5.038885e-10,4.689116e-10,3.466688e-16,-1.602150e-19,-1.190732e-10
5450,5450.000000,3,5.081162e-10,4.708547e-10,2.773441e-16,-7.051549e-20,9.168888e-11
5451,5451.000000,3,5.095870e-10,4.727658e-10,2.773464e-16,4.410858e-20,-6.639378e-11
5452,5452.000000,3,5.141132e-10,4.746532e-10,2.773485e-16,-1.546331e-19,4.530221e-11
5453,5453.000000,3,5.191012e-10,4.765153e-10,2.773506e-16,-5.535162e-20,-9.692003e-11
5454,5454.000000,3,5.191225e-10,4.783451e-10,2.773526e-16,1.064681e-19,-1.479172e-11
5455,5455.000000,3,5.225900e-10,4.801664e-10,3.466933e-16,9.023879e-20,-1.545106e-10
5456,5456.000000,3,5.281109e-10,4.819438e-10,3.466869e-16,1.778902e-19,-1.227995e-11
5457,5457.000000,3,5.291056e-10,4.837093e-10,2.810660e-16,-2.408750e-21,-1.551670e-10
5458,5458.000000,3,5.352447e-10,4.854406e-10,2.773602e-16,-1.113054e-20,-7.419398e-12
5459,5459.000000,3,5.349037e-10,4.871605e-10,2.773620e-16,2.087804e-20,7.305490e-11
5460,5460.000000,3,5.377956e-10,4.888594e-10,3.467046e-16,6.878834e-20,1.559504e-10
5461,5461.000000,3,5.250556e-10,4.735414e-10,2.773654e-16,-9.998298e-20,2.928093e-10
5462,5462.000000,3,5.004495e-10,4.516370e-10,2.773598e-16,3.020864e-21,6.537060e-11
5463,5463.000000,3,4.856133e-10,4.396852e-10,3.467107e-16,3.574744e-20,1.031515e-10
5464,5464.000000,3,4.726743e-10,4.291989e-10,2.810029e-16,-1.682154e-20,9.986811e-11
5465,5465.000000,3,4.583782e-10,4.208252e-10,2.773715e-16,-4.477694e-20,1.461291e-10
5466,5466.000000,3,4.506475e-10,4.132477e-10,2.773729e-16,-3.197880e-20,1.527087e-10
5467,5467.000000,3,4.408989e-10,4.066409e-10,2.809794e-16,4.032009e-20,-1.133134e-10
5468,5468.000000,3,4.318039e-10,4.005425e-10,3.467103e-16,9.199572e-20,5.686762e-11
5469,5469.000000,3,4.235474e-10,3.950043e-10,2.809646e-16,5.591741e-21,3.950174e-11
5470,5470.000000,3,4.150635e-10,3.898311e-10,3.467135e-16,5.276751e-20,-3.909939e-11
5471,5471.000000,3,4.109140e-10,3.850424e-10,2.773794e-16,2.230641e-19,-6.044498e-11
5472,5472.000000,3,4.045333e-10,3.805181e-10,2.809433e-16,-1.589643e-19,2.386877e-10
5473,5473.000000,3,3.964971e-10,3.762370e-10,2.773819e-16,7.482014e-20,-8.848344e-11
5474,5474.000000,3,3.903438e-10,3.721921e-10,2.773831e-16,9.278319e-20,-8.334533e-11
5475,5475.000000,3,3.855050e-10,3.683549e-10,3.467213e-16,2.187066e-21,-7.468226e-11
5476,5476.000000,3,3.803109e-10,3.646801e-10,2.773857e-16,-5.479244e-20,7.039302e-11
5477,5477.000000,3,3.760050e-10,3.611760e-10,2.773870e-16,1.574422e-19,-7.222223e-11
5478,5478.000000,3,3.710596e-10,3.578065e-10,2.773883e-16,1.011146e-19,-5.975531e-11
5479,5479.000000,3,3.632792e-10,3.545710e-10,2.808969e-16,2.014780e-19,7.809953e-11
5480,5480.000000,3,3.593215e-10,3.514589e-10,3.467297e-16,4.476040e-20,1.719143e-10
5481,5481.000000,3,3.574385e-10,3.484391e-10,2.773924e-16,1.233558e-19,-1.493836e-10
5482,5482.000000,3,3.516902e-10,3.455414e-10,2.773938e-16,6.737552e-20,1.228964e-10
5483,5483.000000,3,3.499281e-10,3.427252e-10,2.773953e-16,9.349788e-20,1.622860e-10
5484,5484.000000,3,3.467733e-10,3.399954e-10,2.808662e-16,1.260689e-19,-1.727696e-10
5485,5485.000000,3,3.430429e-10,3.373521e-10,2.808602e-16,1.057633e-19,-8.956946e-11
5486,5486.000000,3,3.374225e-10,3.347780e-10,3.467409e-16,9.024540e-20,1.872620e-10
5487,5487.000000,3,3.347580e-10,3.322809e-10,2.774015e-16,-1.539218e-20,4.759571e-11
5488,5488.000000,3,3.304166e-10,3.298439e-10,2.774031e-16,-7.026072e-20,-7.446777e-11
5489,5489.000000,3,3.282352e-10,3.274747e-10,2.774048e-16,-1.416299e-19,3.853762e-11
5490,5490.000000,3,3.226219e-10,3.251523e-10,2.774065e-16,8.863406e-20,1.224532e-11
5491,5491.000000,3,3.228990e-10,3.228915e-10,2.774083e-16,-3.760363e-20,-4.711986e-11
5492,5492.000000,3,3.178329e-10,3.206719e-10,2.774101e-16,3.811979e-20,6.368861e-11
5493,5493.000000,3,3.149907e-10,3.185243e-10,3.467650e-16,5.308845e-20,-1.157907e-10
5494,5494.000000,3,3.130936e-10,3.164149e-10,3.467586e-16,3.792789e-20,-1.261613e-11
5495,5495.000000,3,3.077005e-10,3.143394e-10,2.774158e-16,1.516619e-19,8.023382e-11
5496,5496.000000,3,3.062084e-10,3.123160e-10,2.774178e-16,1.301982e-20,-1.447953e-11
5497,5497.000000,3,3.039489e-10,3.103289e-10,2.774198e-16,-5.230098e-20,-1.938172e-10
5498,5498.000000,3,3.004104e-10,3.083886e-10,2.774218e-16,9.615147e-20,4.826073e-11
5499,5499.000000,3,2.958274e-10,3.064795e-10,2.774239e-16,-7.649435e-20,-1.305560e-10
5500,5500.000000,3,2.913794e-10,3.046057e-10,3.467740e-16,-8.847193e-20,1.153617e-10
5501,5501.000000,3,2.875851e-10,3.027554e-10,2.774283e-16,1.985895e-20,1.725553e-10
5502,5502.000000,3,2.876774e-10,3.009515e-10,3.467881e-16,3.162477e-20,1.043894e-10
5503,5503.000000,3,2.860148e-10,2.991731e-10,2.774328e-16,-1.393468e-19,-1.040090e-10
5504,5504.000000,3,2.863558e-10,2.974216e-10,2.807573e-16,-2.381288e-20,-1.157943e-10
5505,5505.000000,3,2.830447e-10,2.956977e-10,2.807524e-16,-1.015215e-19,6.754330e-11
5506,5506.000000,3,2.788028e-10,2.940075e-10,2.774399e-16,3.352067e-20,3.828382e-11
5507,5507.000000,3,2.773035e-10,2.923344e-10,3.468029e-16,3.841096e-20,-2.604361e-12
5508,5508.000000,3,2.735234e-10,2.907019e-10,2.807378e-16,6.387820e-20,1.296625e-10
5509,5509.000000,3,2.762164e-10,2.890703e-10,3.468009e-16,-1.841635e-20,-7.262191e-12
5510,5510.000000,3,2.719176e-10,2.874818e-10,2.774499e-16,5.117270e-20,-1.584550e-10
5511,5511.000000,3,2.681304e-10,2.859093e-10,2.774526e-16,1.511722e-19,-3.174483e-11
5512,5512.000000,3,2.652456e-10,2.843623e-10,2.774552e-16,1.985664e-19,1.315548e-11
5513,5513.000000,3,2.649401e-10,2.828235e-10,3.468224e-16,-6.825233e-20,5.683432e-11
5514,5514.000000,3,2.584883e-10,2.813154e-10,2.807095e-16,-5.392556e-20,8.826861e-11
5515,5515.000000,3,2.596039e-10,2.798293e-10,3.468293e-16,9.605221e-21,2.706064e-10
5516,5516.000000,3,2.566622e-10,2.783624e-10,2.774663e-16,-5.507699e-20,-1.459737e-10
5517,5517.000000,3,2.539124e-10,2.769025e-10,2.774692e-16,2.309157e-20,2.108306e-10
5518,5518.000000,3,2.547722e-10,2.754628e-10,2.774721e-16,1.107165e-19,-1.112407e-10
5519,5519.000000,3,2.509495e-10,2.740552e-10,2.774751e-16,6.246868e-21,1.624488e-10
5520,5520.000000,3,2.499618e-10,2.726559e-10,3.468476e-16,1.985233e-21,-6.885947e-11
5521,5521.000000,3,2.515748e-10,2.751290e-10,2.774811e-16,-1.120962e-19,-1.059947e-10
5522,5522.000000,3,2.530882e-10,2.791256e-10,2.806734e-16,-1.199743e-19,-1.811655e-10
5523,5523.000000,3,2.549072e-10,2.808636e-10,3.468591e-16,3.427506e-20,-1.098365e-10
5524,5524.000000,3,2.555183e-10,2.822806e-10,2.774905e-16,-8.526247e-20,-7.514100e-12
5525,5525.000000,3,2.555538e-10,2.832261e-10,2.806592e-16,-2.651279e-20,3.395961e-11
5526,5526.000000,3,2.601013e-10,2.840044e-10,2.774969e-16,-5.184768e-21,1.371185e-10
5527,5527.000000,3,2.594689e-10,2.845690e-10,3.468674e-16,1.040130e-19,1.181066e-11
5528,5528.000000,3,2.600018e-10,2.850371e-10,2.775035e-16,-4.485966e-20,-1.635059e-11
5529,5529.000000,3,2.611813e-10,2.853684e-10,3.468758e-16,-6.015588e-20,1.031397e-12
5530,5530.000000,3,2.583107e-10,2.856375e-10,2.775103e-16,-1.430493e-19,-6.216716e-11
5531,5531.000000,3,2.609681e-10,2.858314e-10,2.775137e-16,-8.041850e-20,1.662548e-11
5532,5532.000000,3,2.588720e-10,2.859726e-10,2.775171e-16,-1.845605e-19,1.209015e-10
5533,5533.000000,3,2.595542e-10,2.860534e-10,2.775206e-16,1.217279e-20,-1.070211e-11
5534,5534.000000,3,2.590568e-10,2.860940e-10,2.775241e-16,-1.048170e-19,1.793001e-10
5535,5535.000000,3,2.618918e-10,2.861120e-10,2.775276e-16,-3.282253e-20,-4.924128e-11
5536,5536.000000,3,2.618066e-10,2.860672e-10,2.775312e-16,-1.209007e-20,1.623345e-10
5537,5537.000000,3,2.584244e-10,2.860241e-10,2.775347e-16,1.218602e-20,7.751355e-11
5538,5538.000000,3,2.604068e-10,2.859453e-10,2.775383e-16,1.270847e-19,-1.303657e-11
5539,5539.000000,3,2.575433e-10,2.858496e-10,2.775420e-16,-2.790907e-20,-7.605805e-12
5540,5540.000000,3,2.587086e-10,2.857312e-10,2.775456e-16,-5.426967e-20,5.142553e-13
5541,5541.000000,3,2.576499e-10,2.855787e-10,3.469289e-16,-9.926167e-22,1.112811e-10
5542,5542.000000,3,2.585594e-10,2.854370e-10,2.775529e-16,-8.217543e-20,-8.049417e-11
5543,5543.000000,3,2.562999e-10,2.852587e-10,2.775566e-16,-1.115205e-19,-2.558509e-11
5544,5544.000000,3,2.597318e-10,2.850820e-10,2.805677e-16,2.503710e-20,-2.767997e-11
5545,5545.000000,3,2.566125e-10,2.848859e-10,2.775641e-16,-1.072820e-19,1.459285e-10
5546,5546.000000,3,2.548788e-10,2.846703e-10,2.775678e-16,-5.005104e-20,4.291911e-11
5547,5547.000000,3,2.571241e-10,2.844553e-10,3.469569e-16,-6.387820e-20,-4.065637e-13
5548,5548.000000,3,2.551488e-10,2.842280e-10,2.805470e-16,4.933305e-21,1.718791e-10
5549,5549.000000,3,2.570175e-10,2.839897e-10,3.469739e-16,9.242916e-20,7.418410e-11
5550,5550.000000,3,2.560370e-10,2.837544e-10,2.805389e-16,-7.603444e-21,2.334617e-10
5551,5551.000000,3,2.550991e-10,2.835132e-10,2.775868e-16,1.629248e-19,-1.215685e-10
5552,5552.000000,3,2.560867e-10,2.832563e-10,2.775906e-16,-4.411520e-20,-6.367551e-11
5553,5553.000000,3,2.542038e-10,2.829845e-10,2.775945e-16,-1.063622e-19,-6.345602e-11
5554,5554.000000,3,2.536211e-10,2.827154e-10,2.775984e-16,-4.476701e-21,-7.812107e-11
5555,5555.000000,3,2.525695e-10,2.824456e-10,2.776023e-16,-1.126256e-19,4.717138e-11
5556,5556.000000,3,2.526406e-10,2.821745e-10,2.776062e-16,-2.646978e-20,-2.542206e-10
5557,5557.000000,3,2.540048e-10,2.818941e-10,2.776101e-16,5.229436e-20,-1.329048e-12
5558,5558.000000,3,2.510916e-10,2.816027e-10,2.804993e-16,3.001011e-21,7.277345e-11
5559,5559.000000,3,2.503668e-10,2.813145e-10,2.804961e-16,2.190705e-20,-9.117984e-11
5560,5560.000000,3,2.524985e-10,2.810303e-10,2.804914e-16,2.655647e-19,-1.390744e-10
5561,5561.000000,3,2.510419e-10,2.807332e-10,3.470324e-16,-1.312008e-19,8.878509e-11
5562,5562.000000,3,2.536424e-10,2.804335e-10,3.470300e-16,-1.667596e-21,-9.632151e-11
5563,5563.000000,3,2.510703e-10,2.801237e-10,2.776339e-16,-1.016175e-19,-1.536911e-10
5564,5564.000000,3,2.502532e-10,2.798117e-10,2.776379e-16,-9.446403e-21,8.644740e-11
5565,5565.000000,3,2.503882e-10,2.795113e-10,3.470451e-16,3.379529e-20,4.040213e-11
5566,5566.000000,3,2.483347e-10,2.792042e-10,3.470501e-16,4.201085e-20,-2.799727e-11
5567,5567.000000,3,2.478586e-10,2.789027e-10,2.776501e-16,-1.549375e-19,-1.265575e-10
5568,5568.000000,3,2.476099e-10,2.785840e-10,2.776542e-16,1.008499e-19,2.248424e-11
5569,5569.000000,3,2.462954e-10,2.782716e-10,3.470654e-16,4.264943e-21,-8.058942e-11
5570,5570.000000,3,2.451515e-10,2.779585e-10,2.776623e-16,5.090800e-20,-5.640188e-11
5571,5571.000000,3,2.444906e-10,2.776459e-10,2.776665e-16,2.452822e-19,1.409985e-10
5572,5572.000000,3,2.436238e-10,2.773159e-10,2.776706e-16,-3.772936e-20,6.855183e-11
5573,5573.000000,3,2.449099e-10,2.770002e-10,2.776747e-16,-1.713852e-19,2.816305e-10
5574,5574.000000,3,2.473044e-10,2.766911e-10,3.470913e-16,8.103061e-21,1.038997e-10
5575,5575.000000,3,2.433822e-10,2.763618e-10,2.776831e-16,2.043533e-19,-5.284562e-11
5576,5576.000000,3,2.443770e-10,2.760427e-10,2.776872e-16,-4.149800e-20,1.036012e-10
5577,5577.000000,3,2.420677e-10,2.757166e-10,2.776914e-16,-7.134267e-20,-7.113721e-11
5578,5578.000000,3,2.406040e-10,2.753882e-10,2.776956e-16,9.959255e-20,7.204903e-12
5579,5579.000000,3,2.397300e-10,2.750695e-10,3.471176e-16,2.920609e-20,-2.833045e-11
5580,5580.000000,3,2.436238e-10,2.747427e-10,2.777041e-16,-1.263138e-19,8.965440e-11
5581,5581.000000,3,2.387708e-10,2.740461e-10,2.777083e-16,-6.851041e-20,1.256804e-10
5582,5582.000000,3,2.406466e-10,2.731992e-10,2.803890e-16,1.863142e-20,-1.888556e-11
5583,5583.000000,3,2.402771e-10,2.725884e-10,2.777111e-16,1.823602e-19,-4.000233e-11
5584,5584.000000,3,2.374918e-10,2.719860e-10,2.777212e-16,9.325965e-20,5.121104e-11
5585,5585.000000,3,2.365823e-10,2.714569e-10,2.777255e-16,6.342490e-20,8.469336e-11
5586,5586.000000,3,2.394671e-10,2.709286e-10,2.777298e-16,1.366304e-19,-4.769041e-11
5587,5587.000000,3,2.348699e-10,2.704192e-10,3.471604e-16,1.597120e-20,1.016656e-10
5588,5588.000000,3,2.347562e-10,2.699247e-10,2.777384e-16,2.831274e-20,-5.134171e-11
5589,5589.000000,3,2.376765e-10,2.694536e-10,2.777428e-16,1.570518e-19,-8.606738e-11
5590,5590.000000,3,2.363194e-10,2.689797e-10,2.777472e-16,-7.119709e-20,4.892287e-11
5591,5591.000000,3,2.319069e-10,2.685121e-10,3.364183e-16,-1.019781e-19,1.140829e-10
5592,5592.000000,3,2.329088e-10,2.680549e-10,2.777559e-16,9.831869e-20,-8.927414e-11
5593,5593.000000,3,2.321485e-10,2.675991e-10,2.777603e-16,-1.179262e-19,-3.362177e-11
5594,5594.000000,3,2.331575e-10,2.671472e-10,2.777647e-16,-1.849576e-21,-1.521921e-10
5595,5595.000000,3,2.294058e-10,2.667058e-10,2.777692e-16,4.646439e-20,-1.265887e-11
5596,5596.000000,3,2.305427e-10,2.662643e-10,3.472099e-16,6.192274e-20,4.981493e-11
5597,5597.000000,3,2.305285e-10,2.658329e-10,2.777781e-16,1.382814e-19,-5.096712e-11
5598,5598.000000,3,2.293703e-10,2.653975e-10,2.777826e-16,-3.010937e-20,4.111944e-11
5599,5599.000000,3,2.288445e-10,2.649700e-10,2.777871e-16,3.033768e-20,1.358486e-10
5600,5600.000000,3,2.264073e-10,2.645359e-10,2.777916e-16,1.206062e-19,7.489898e-12
5601,5601.000000,3,2.236362e-10,2.641156e-10,2.777961e-16,-1.431287e-19,8.717616e-11
5602,5602.000000,3,2.272529e-10,2.637000e-10,2.802987e-16,1.828433e-19,1.150744e-10
5603,5603.000000,3,2.242118e-10,2.632776e-10,3.472494e-16,-9.231336e-22,4.209666e-11
5604,5604.000000,3,2.274589e-10,2.628533e-10,2.778097e-16,3.941019e-20,-1.941615e-10
5605,5605.000000,3,2.248726e-10,2.624287e-10,2.778143e-16,-1.051280e-19,2.055497e-10
5606,5606.000000,3,2.254197e-10,2.620300e-10,2.778189e-16,-1.150840e-19,-6.138989e-11
5607,5607.000000,3,2.227836e-10,2.616143e-10,2.778179e-16,9.304789e-20,3.666101e-11
5608,5608.000000,3,2.219025e-10,2.612084e-10,2.802728e-16,-9.541694e-20,-1.672296e-11
5609,5609.000000,3,2.232028e-10,2.607923e-10,2.778327e-16,1.555761e-20,3.077083e-11
5610,5610.000000,3,2.224780e-10,2.603977e-10,2.778374e-16,8.492498e-20,4.644629e-11
5611,5611.000000,3,2.197424e-10,2.599978e-10,2.778420e-16,-1.709948e-20,5.334599e-11
5612,5612.000000,3,2.198419e-10,2.595877e-10,3.473084e-16,-1.006844e-19,4.233647e-11
5613,5613.000000,3,2.182219e-10,2.591949e-10,2.802529e-16,-7.621311e-20,-5.268097e-11
5614,5614.000000,3,2.179661e-10,2.587932e-10,2.778561e-16,-6.806042e-20,7.521295e-11
5615,5615.000000,3,2.181295e-10,2.583931e-10,2.802445e-16,-1.765005e-19,-1.492317e-11
5616,5616.000000,3,2.183782e-10,2.580041e-10,3.473250e-16,7.704360e-20,-2.880407e-11
5617,5617.000000,3,2.185558e-10,2.576099e-10,3.473378e-16,-9.250526e-20,-1.609477e-10
5618,5618.000000,3,2.169571e-10,2.572214e-10,2.778750e-16,6.775933e-20,8.227630e-11
5619,5619.000000,3,2.175682e-10,2.568217e-10,2.778798e-16,1.347213e-19,-1.640864e-10
5620,5620.000000,3,2.137739e-10,2.564324e-10,2.778846e-16,1.420765e-20,5.398648e-11
5621,5621.000000,3,2.174758e-10,2.560538e-10,2.778894e-16,9.363685e-22,1.284998e-10
5622,5622.000000,3,2.171134e-10,2.556615e-10,2.778942e-16,-1.318857e-20,-2.910261e-11
5623,5623.000000,3,2.145413e-10,2.552893e-10,2.778990e-16,-3.954585e-20,7.478274e-11
5624,5624.000000,3,2.129994e-10,2.548945e-10,2.779038e-16,-8.522276e-20,3.041567e-11
5625,5625.000000,3,2.151594e-10,2.545164e-10,2.802025e-16,9.887124e-20,-1.824740e-11
5626,5626.000000,3,2.143352e-10,2.541320e-10,2.801984e-16,-1.275380e-19,-6.171896e-11
5627,5627.000000,3,2.131202e-10,2.537544e-10,3.473912e-16,-1.341654e-19,5.595158e-11
5628,5628.000000,3,2.114504e-10,2.533709e-10,3.473973e-16,1.012998e-19,-7.991496e-12
5629,5629.000000,3,2.108891e-10,2.529885e-10,2.779282e-16,6.179701e-20,-1.110301e-11
5630,5630.000000,3,2.111520e-10,2.526097e-10,2.779332e-16,1.214367e-19,6.027490e-11
5631,5631.000000,3,2.112941e-10,2.522387e-10,2.779381e-16,4.917092e-20,-5.349654e-11
5632,5632.000000,3,2.104201e-10,2.518630e-10,2.801722e-16,-1.208445e-19,-7.351719e-11
5633,5633.000000,3,2.078906e-10,2.514882e-10,2.801696e-16,6.819277e-21,1.098954e-10
5634,5634.000000,3,2.088072e-10,2.511207e-10,2.779530e-16,-2.337282e-20,-1.516940e-10
5635,5635.000000,3,2.095391e-10,2.507474e-10,2.779580e-16,1.869726e-19,-1.474123e-10
5636,5636.000000,3,2.091056e-10,2.503737e-10,3.474469e-16,-8.100414e-20,-2.747045e-10
5637,5637.000000,3,2.073577e-10,2.500011e-10,2.801518e-16,-1.054490e-19,5.072653e-11
5638,5638.000000,3,2.076916e-10,2.496314e-10,2.801492e-16,-1.125561e-19,1.977706e-10
5639,5639.000000,3,2.065903e-10,2.492688e-10,2.779780e-16,1.103062e-19,-3.093892e-11
5640,5640.000000,3,2.055032e-10,2.488978e-10,3.474721e-16,1.029211e-19,7.880385e-11
5641,5641.000000,3,2.121112e-10,2.571614e-10,2.779882e-16,9.921204e-20,1.130755e-10
5642,5642.000000,3,2.241549e-10,2.687319e-10,3.474848e-16,2.181805e-19,-2.637945e-11
5643,5643.000000,3,2.325820e-10,2.752749e-10,3.474979e-16,-7.198787e-20,-8.098777e-11
5644,5644.000000,3,2.359002e-10,2.810423e-10,3.475043e-16,-7.646127e-20,1.136147e-10
5645,5645.000000,3,2.402771e-10,2.857539e-10,2.780086e-16,-6.686266e-20,1.593039e-10
5646,5646.000000,3,2.467360e-10,2.900309e-10,2.780137e-16,5.883570e-20,7.861356e-11
5647,5647.000000,3,2.512195e-10,2.938187e-10,2.780188e-16,-1.003172e-19,-5.315504e-11
5648,5648.000000,3,2.529319e-10,2.973333e-10,2.780240e-16,1.393733e-19,1.490212e-10
5649,5649.000000,3,2.606484e-10,3.005747e-10,2.780291e-16,3.153841e-19,-1.977906e-10
5650,5650.000000,3,2.612808e-10,3.036091e-10,2.780343e-16,-9.970173e-20,-1.036464e-10
5651,5651.000000,3,2.646487e-10,3.064606e-10,3.475426e-16,1.459808e-19,-1.183209e-10
5652,5652.000000,3,2.693383e-10,3.091614e-10,2.780445e-16,2.145045e-19,-5.534517e-11
5653,5653.000000,3,2.706813e-10,3.117142e-10,2.800734e-16,-4.193475e-20,1.183065e-11
5654,5654.000000,3,2.763514e-10,3.141603e-10,2.780548e-16,-1.560493e-19,-3.889955e-11
5655,5655.000000,3,2.776019e-10,3.164877e-10,2.780598e-16,1.372458e-19,1.006266e-10
5656,5656.000000,3,2.818155e-10,3.187361e-10,3.475744e-16,1.206757e-19,-6.877998e-11
5657,5657.000000,3,2.854819e-10,3.208847e-10,2.780699e-16,-3.154205e-20,-8.201662e-11
5658,5658.000000,3,2.880256e-10,3.229499e-10,2.800438e-16,-2.289735e-19,1.604827e-11
5659,5659.000000,3,2.896599e-10,3.249512e-10,2.800377e-16,3.625367e-20,-1.194511e-11
5660,5660.000000,3,2.952305e-10,3.268912e-10,2.780849e-16,-6.212457e-20,-8.121170e-11
5661,5661.000000,3,2.950955e-10,3.287519e-10,2.780899e-16,-8.009424e-20,-5.257894e-11
5662,5662.000000,3,2.987903e-10,3.305716e-10,2.780948e-16,1.157226e-19,-1.393800e-10
5663,5663.000000,3,2.990532e-10,3.323433e-10,2.800130e-16,2.570546e-20,-7.167622e-11
5664,5664.000000,3,3.011209e-10,3.340499e-10,2.781046e-16,-1.088106e-19,4.555467e-12
5665,5665.000000,3,3.059171e-10,3.357208e-10,2.781094e-16,1.730561e-19,-1.683406e-10
5666,5666.000000,3,3.053486e-10,3.373559e-10,2.781142e-16,8.409118e-20,-1.767509e-10
5667,5667.000000,3,3.071321e-10,3.389409e-10,2.781190e-16,-1.226213e-20,1.358205e-10
5668,5668.000000,3,3.084679e-10,3.404776e-10,3.476477e-16,9.285268e-20,-3.097289e-11
5669,5669.000000,3,3.118856e-10,3.419798e-10,2.799747e-16,7.009859e-20,-1.181466e-11
5670,5670.000000,3,3.119567e-10,3.434635e-10,2.799667e-16,-5.262854e-20,-3.697154e-11
5671,5671.000000,3,3.178258e-10,3.449083e-10,2.799602e-16,-2.200962e-20,-2.337932e-10
5672,5672.000000,3,3.170513e-10,3.463145e-10,2.799551e-16,-6.668730e-20,-1.190885e-10
5673,5673.000000,3,3.183018e-10,3.476948e-10,2.799485e-16,-2.386582e-20,1.639652e-10
5674,5674.000000,3,3.212435e-10,3.490606e-10,2.781515e-16,-6.080108e-20,3.208744e-11
5675,5675.000000,3,3.228422e-10,3.503853e-10,2.799336e-16,1.257315e-20,1.663403e-10
5676,5676.000000,3,3.224372e-10,3.516825e-10,3.476935e-16,7.050557e-20,1.724754e-11
5677,5677.000000,3,3.253930e-10,3.529728e-10,2.781649e-16,1.022329e-19,-2.844736e-11
5678,5678.000000,3,3.286189e-10,3.542113e-10,3.477117e-16,-2.345090e-19,-6.425305e-11
5679,5679.000000,3,3.293792e-10,3.554406e-10,2.781737e-16,4.375455e-20,-1.112404e-10
5680,5680.000000,3,3.325908e-10,3.566643e-10,3.477155e-16,-1.650722e-20,1.202403e-10
5681,5681.000000,3,3.331877e-10,3.578482e-10,2.781824e-16,1.817150e-19,3.206817e-10
5682,5682.000000,3,3.378346e-10,3.590088e-10,2.781867e-16,5.651298e-21,-3.798928e-11
5683,5683.000000,3,3.366978e-10,3.601759e-10,2.781910e-16,2.008295e-19,-3.063361e-11
5684,5684.000000,3,3.393410e-10,3.612997e-10,2.781952e-16,3.172072e-20,1.093556e-10
5685,5685.000000,3,3.428156e-10,3.624050e-10,3.477420e-16,6.372269e-20,1.492051e-11
5686,5686.000000,3,3.423395e-10,3.635034e-10,2.782036e-16,7.626274e-20,-2.765005e-10
5687,5687.000000,3,3.443645e-10,3.645944e-10,2.782077e-16,2.004755e-20,-5.409784e-12
5688,5688.000000,3,3.452385e-10,3.656517e-10,2.782118e-16,-2.390883e-20,6.502410e-11
5689,5689.000000,3,3.456506e-10,3.666902e-10,3.477699e-16,6.236942e-21,1.161813e-10
5690,5690.000000,3,3.483436e-10,3.677265e-10,2.798314e-16,3.651837e-20,1.296918e-11
5691,5691.000000,3,3.502407e-10,3.687486e-10,2.782239e-16,-2.744916e-20,5.892509e-12
5692,5692.000000,3,3.510934e-10,3.697529e-10,2.782279e-16,6.597593e-20,-2.399714e-10
5693,5693.000000,3,3.523724e-10,3.707408e-10,2.782319e-16,-3.450336e-20,-1.630320e-10
5694,5694.000000,3,3.541416e-10,3.717120e-10,2.798027e-16,-1.047939e-19,-2.646343e-10
5695,5695.000000,3,3.540208e-10,3.726817e-10,2.797940e-16,2.653595e-21,1.090062e-10
5696,5696.000000,3,3.555485e-10,3.736338e-10,3.477969e-16,-7.143532e-20,-1.924509e-10
5697,5697.000000,3,3.581206e-10,3.745730e-10,2.797810e-16,1.192199e-19,1.537586e-10
5698,5698.000000,3,3.589378e-10,3.755001e-10,2.782512e-16,-5.221495e-20,1.430306e-10
5699,5699.000000,3,3.610481e-10,3.764171e-10,3.478187e-16,-8.315150e-20,1.011125e-10
5700,5700.000000,3,3.618297e-10,3.773200e-10,2.782587e-16,3.185638e-20,3.165135e-12
5701,5701.000000,3,3.540563e-10,3.655465e-10,3.478204e-16,-1.370638e-19,-9.561241e-13
5702,5702.000000,3,3.349356e-10,3.488545e-10,2.797443e-16,2.119237e-20,9.984757e-11
5703,5703.000000,3,3.249170e-10,3.395937e-10,3.478372e-16,3.905285e-20,1.154710e-11
5704,5704.000000,3,3.147562e-10,3.314162e-10,2.782733e-16,-2.597347e-20,8.671708e-11
5705,5705.000000,3,3.072671e-10,3.248437e-10,2.797277e-16,-1.428276e-19,-5.171463e-11
5706,5706.000000,3,3.010996e-10,3.188543e-10,2.797221e-16,1.955455e-21,-8.860690e-13
5707,5707.000000,3,2.937171e-10,3.135840e-10,2.797165e-16,-2.268460e-20,4.414336e-11
5708,5708.000000,3,2.888356e-10,3.087004e-10,2.782876e-16,2.349292e-19,-2.689321e-10
5709,5709.000000,3,2.802807e-10,3.042422e-10,2.782911e-16,2.292945e-20,-4.208711e-11
5710,5710.000000,3,2.803517e-10,3.000551e-10,3.478606e-16,7.347018e-20,3.950396e-12
5711,5711.000000,3,2.720100e-10,2.961527e-10,3.356345e-16,8.174199e-20,2.459810e-12
5712,5712.000000,3,2.663185e-10,2.924516e-10,2.783017e-16,9.311738e-20,8.933299e-11
5713,5713.000000,3,2.621192e-10,2.889589e-10,2.796854e-16,5.003781e-20,5.041034e-11
5714,5714.000000,3,2.593836e-10,2.856251e-10,2.783087e-16,-4.689121e-20,-2.477685e-11
5715,5715.000000,3,2.546159e-10,2.824398e-10,2.783123e-16,-3.119464e-20,1.458567e-11
5716,5716.000000,3,2.509566e-10,2.793841e-10,2.783159e-16,-8.430625e-20,3.093970e-12
5717,5717.000000,3,2.480789e-10,2.764626e-10,2.796664e-16,-7.600797e-20,1.238795e-10
5718,5718.000000,3,2.453646e-10,2.736449e-10,2.783231e-16,1.869527e-19,1.025684e-10
5719,5719.000000,3,2.385931e-10,2.709337e-10,2.783268e-16,-9.329605e-20,6.994638e-11
5720,5720.000000,3,2.377263e-10,2.683140e-10,2.796529e-16,-6.283264e-21,2.297018e-11
5721,5721.000000,3,2.345786e-10,2.657681e-10,2.783342e-16,-1.273858e-20,-1.031761e-10
5722,5722.000000,3,2.292850e-10,2.633174e-10,2.783379e-16,6.086064e-20,3.858602e-11
5723,5723.000000,3,2.266844e-10,2.609042e-10,2.783417e-16,-7.977330e-20,4.974432e-11
5724,5724.000000,3,2.235652e-10,2.585869e-10,2.783456e-16,-1.986623e-19,-1.242407e-10
5725,5725.000000,3,2.209006e-10,2.563250e-10,2.783494e-16,2.869655e-20,3.252052e-10
5726,5726.000000,3,2.216112e-10,2.541261e-10,2.783533e-16,8.837929e-20,-1.244351e-10
5727,5727.000000,3,2.161258e-10,2.519704e-10,2.783573e-16,-1.676331e-19,1.011793e-10
5728,5728.000000,3,2.133973e-10,2.498921e-10,2.783612e-16,1.325706e-19,6.807055e-11
5729,5729.000000,3,2.111946e-10,2.478222e-10,2.783653e-16,4.754303e-20,-2.424005e-11
5730,5730.000000,3,2.079901e-10,2.458271e-10,3.479543e-16,2.342311e-19,-5.487355e-11
5731,5731.000000,3,2.061498e-10,2.438618e-10,2.783734e-16,1.930276e-19,1.948330e-11
5732,5732.000000,3,2.070379e-10,2.419489e-10,3.479719e-16,-1.208379e-19,-4.651390e-11
5733,5733.000000,3,1.995772e-10,2.400620e-10,2.795985e-16,1.997013e-19,-1.624545e-11
5734,5734.000000,3,1.996980e-10,2.382221e-10,2.783859e-16,3.118471e-20,-1.147865e-10
5735,5735.000000,3,1.966214e-10,2.364031e-10,2.783902e-16,-3.134022e-20,8.465895e-11
5736,5736.000000,3,1.959322e-10,2.346388e-10,2.783945e-16,2.673448e-21,5.830736e-11
5737,5737.000000,3,1.910649e-10,2.328886e-10,2.795853e-16,-1.250300e-19,-6.725065e-12
5738,5738.000000,3,1.903473e-10,2.311744e-10,2.784032e-16,-6.635312e-20,2.072880e-10
5739,5739.000000,3,1.893952e-10,2.294807e-10,2.784077e-16,4.765222e-20,-1.953048e-10
5740,5740.000000,3,1.838245e-10,2.278189e-10,2.784121e-16,1.337154e-19,2.035219e-10
5741,5741.000000,3,1.831921e-10,2.261931e-10,3.480138e-16,4.874410e-20,1.380230e-10
5742,5742.000000,3,1.814442e-10,2.246026e-10,3.480195e-16,-9.819626e-20,1.584644e-11
5743,5743.000000,3,1.814087e-10,2.230121e-10,2.784258e-16,-1.257778e-19,5.680656e-11
5744,5744.000000,3,1.766978e-10,2.214495e-10,2.784304e-16,5.224473e-20,6.865786e-11
5745,5745.000000,3,1.762217e-10,2.199199e-10,2.784351e-16,-6.461935e-21,-7.930234e-11
5746,5746.000000,3,1.736140e-10,2.184035e-10,2.784398e-16,1.413155e-20,3.611467e-11
5747,5747.000000,3,1.717524e-10,2.169196e-10,2.795514e-16,-1.466393e-19,-9.773848e-12
5748,5748.000000,3,1.708003e-10,2.154517e-10,2.784494e-16,2.127509e-20,7.181422e-11
5749,5749.000000,3,1.698552e-10,2.139970e-10,3.480610e-16,-8.053430e-21,-8.622258e-11
5750,5750.000000,3,1.673257e-10,2.125613e-10,2.784591e-16,1.093202e-20,3.286704e-11
5751,5751.000000,3,1.653149e-10,2.111655e-10,2.784641e-16,7.958470e-20,3.943401e-12
5752,5752.000000,3,1.642064e-10,2.097409e-10,4.176955e-16,-1.077916e-19,-1.963540e-12
5753,5753.000000,3,1.619327e-10,2.083780e-10,3.480859e-16,-1.182207e-20,-1.751547e-10
5754,5754.000000,3,1.622240e-10,2.070193e-10,3.480922e-16,-5.641372e-21,-2.401787e-10
5755,5755.000000,3,1.627569e-10,2.056637e-10,2.795267e-16,9.910285e-20,-8.314749e-11
5756,5756.000000,3,1.589484e-10,2.043448e-10,2.784893e-16,-1.114841e-19,-2.945436e-10
5757,5757.000000,3,1.586429e-10,2.030167e-10,3.481115e-16,8.509042e-20,-1.112777e-12
5758,5758.000000,3,1.529870e-10,2.017151e-10,2.784997e-16,-1.214632e-20,1.374251e-10
5759,5759.000000,3,1.545857e-10,2.004341e-10,2.785050e-16,1.635568e-19,3.835487e-12
5760,5760.000000,3,1.514593e-10,1.991503e-10,3.481378e-16,-6.072498e-20,-4.017164e-11
5761,5761.000000,3,1.500595e-10,1.976994e-10,2.795096e-16,-3.480776e-20,-2.006195e-11
5762,5762.000000,3,1.485745e-10,1.961946e-10,3.481512e-16,1.137109e-19,-7.079159e-11
5763,5763.000000,3,1.443468e-10,1.948004e-10,3.481580e-16,6.314697e-20,-1.214380e-10
5764,5764.000000,3,1.461800e-10,1.934326e-10,2.795014e-16,4.154101e-20,-2.261669e-11
5765,5765.000000,3,1.414051e-10,1.921145e-10,2.785373e-16,-5.411416e-20,4.800726e-11
5766,5766.000000,3,1.394156e-10,1.908078e-10,2.785429e-16,1.023057e-20,2.761196e-10
5767,5767.000000,3,1.408864e-10,1.895315e-10,3.481792e-16,-1.208941e-19,-3.913547e-11
5768,5768.000000,3,1.367937e-10,1.882583e-10,3.481862e-16,-4.540891e-20,-8.319456e-12
5769,5769.000000,3,1.352589e-10,1.870109e-10,2.785546e-16,1.056740e-19,1.377207e-10
5770,5770.000000,3,1.341292e-10,1.857767e-10,2.794860e-16,5.240024e-20,-5.609746e-11
5771,5771.000000,3,1.362892e-10,1.845650e-10,3.353784e-16,-1.106503e-19,-7.276135e-11
5772,5772.000000,3,1.306049e-10,1.833662e-10,2.794796e-16,4.470746e-20,-2.379597e-11
5773,5773.000000,3,1.322746e-10,1.821714e-10,2.785826e-16,-8.515328e-20,6.324263e-11
5774,5774.000000,3,1.293259e-10,1.809803e-10,3.482294e-16,-1.004826e-19,-1.410347e-10
5775,5775.000000,3,1.267537e-10,1.798288e-10,3.482368e-16,-1.062795e-19,-6.192991e-11
5776,5776.000000,3,1.257305e-10,1.786629e-10,2.794716e-16,1.366602e-19,3.977818e-11
5777,5777.000000,3,1.256240e-10,1.775236e-10,2.786062e-16,1.468477e-19,-1.622247e-11
5778,5778.000000,3,1.244018e-10,1.763829e-10,2.794655e-16,4.671916e-20,7.147183e-11
5779,5779.000000,3,1.237836e-10,1.752629e-10,2.786182e-16,-4.601771e-20,-1.200079e-10
5780,5780.000000,3,1.223839e-10,1.741500e-10,3.482803e-16,1.894012e-19,1.199596e-11
5781,5781.000000,3,1.210410e-10,1.730482e-10,2.794603e-16,4.060464e-20,1.176934e-10
5782,5782.000000,3,1.165930e-10,1.719473e-10,2.786365e-16,1.742208e-19,-4.111900e-11
5783,5783.000000,3,1.170619e-10,1.708680e-10,2.794560e-16,-3.301443e-20,-1.906335e-10
5784,5784.000000,3,1.137153e-10,1.697695e-10,2.786488e-16,-1.141476e-19,1.805913e-10
5785,5785.000000,3,1.158540e-10,1.687142e-10,3.483129e-16,-2.527864e-19,2.574676e-10
5786,5786.000000,3,1.154632e-10,1.676530e-10,2.786614e-16,1.245502e-19,1.103007e-11
5787,5787.000000,3,1.136442e-10,1.665947e-10,2.786677e-16,-3.963849e-21,-1.725020e-11
5788,5788.000000,3,1.108091e-10,1.655580e-10,2.794456e-16,5.418033e-20,2.399669e-11
5789,5789.000000,3,1.109726e-10,1.645200e-10,2.786804e-16,4.117374e-20,4.542966e-11
5790,5790.000000,3,1.113563e-10,1.634937e-10,3.483527e-16,2.606612e-20,6.519341e-11
5791,5791.000000,3,1.085638e-10,1.624612e-10,2.786933e-16,-5.935186e-20,-4.860556e-12
5792,5792.000000,3,1.082512e-10,1.614424e-10,2.786998e-16,7.919096e-20,-2.868372e-12
5793,5793.000000,3,1.069012e-10,1.604401e-10,2.794359e-16,-1.109051e-19,-3.954004e-11
5794,5794.000000,3,1.060627e-10,1.594422e-10,2.787129e-16,-4.565044e-20,1.469579e-10
5795,5795.000000,3,1.039169e-10,1.584497e-10,3.483993e-16,1.253543e-19,-1.238202e-10
5796,5796.000000,3,1.016431e-10,1.574467e-10,2.787261e-16,-8.127546e-20,6.866385e-11
5797,5797.000000,3,1.020055e-10,1.564728e-10,2.787328e-16,7.119047e-20,6.737133e-11
5798,5798.000000,3,1.027303e-10,1.554945e-10,2.794267e-16,1.436945e-19,-1.178209e-10
5799,5799.000000,3,9.963941e-11,1.545259e-10,2.787462e-16,-2.300886e-20,-1.232102e-10
5800,5800.000000,3,9.723777e-11,1.535545e-10,2.787530e-16,-8.638082e-20,-2.883138e-11
5801,5801.000000,3,1.007265e-10,1.526146e-10,2.787598e-16,1.209503e-19,9.373402e-11
5802,5802.000000,3,9.695356e-11,1.516529e-10,2.787666e-16,8.956712e-21,-1.882772e-11
5803,5803.000000,3,9.613643e-11,1.507068e-10,2.787735e-16,9.812678e-20,-4.895284e-11
5804,5804.000000,3,9.710988e-11,1.497746e-10,2.787804e-16,8.014388e-20,1.920999e-10
5805,5805.000000,3,9.283951e-11,1.488405e-10,3.484787e-16,1.329114e-20,-6.189982e-11
5806,5806.000000,3,9.344348e-11,1.478966e-10,2.794115e-16,-1.675669e-19,-7.755641e-11
5807,5807.000000,3,9.132606e-11,1.469793e-10,3.485016e-16,2.260155e-19,-1.292142e-10
5808,5808.000000,3,9.361401e-11,1.460587e-10,2.794099e-16,-1.645792e-19,-7.796674e-11
5809,5809.000000,3,8.976997e-11,1.451366e-10,2.788154e-16,6.813652e-20,1.020917e-11
5810,5810.000000,3,8.863310e-11,1.442360e-10,2.788225e-16,1.193456e-20,6.704604e-11
5811,5811.000000,3,8.879653e-11,1.433340e-10,3.485317e-16,1.582165e-19,1.567417e-10
5812,5812.000000,3,8.644463e-11,1.424290e-10,3.485460e-16,-5.856108e-20,4.516065e-11
5813,5813.000000,3,8.628120e-11,1.415370e-10,2.788440e-16,-1.210827e-19,-2.804013e-11
5814,5814.000000,3,8.564172e-11,1.406462e-10,2.793993e-16,-1.945628e-19,-6.568135e-11
5815,5815.000000,3,8.328982e-11,1.397553e-10,3.485679e-16,1.344036e-19,1.379752e-10
5816,5816.000000,3,8.373036e-11,1.388740e-10,3.485771e-16,-1.900299e-19,-3.371525e-11
5817,5817.000000,3,8.510881e-11,1.380183e-10,3.485862e-16,2.072121e-19,-2.196310e-11
5818,5818.000000,3,8.280665e-11,1.371354e-10,3.485955e-16,1.528961e-20,8.153400e-11
5819,5819.000000,3,8.216716e-11,1.362765e-10,2.788879e-16,1.842297e-20,-3.978418e-11
5820,5820.000000,3,7.928946e-11,1.354123e-10,2.788954e-16,-1.840146e-19,4.471701e-11
5821,5821.000000,3,8.547119e-11,1.409712e-10,3.486234e-16,2.437205e-20,-3.281975e-11
5822,5822.000000,3,9.132606e-11,1.490565e-10,2.789103e-16,-1.557283e-19,1.574353e-10
5823,5823.000000,3,9.454482e-11,1.533711e-10,2.789179e-16,-8.759512e-20,1.211641e-10
5824,5824.000000,3,9.636381e-11,1.571261e-10,2.789254e-16,-9.001049e-20,-2.259082e-12
5825,5825.000000,3,9.929835e-11,1.600684e-10,2.789330e-16,1.412494e-19,4.716871e-11
5826,5826.000000,3,9.912071e-11,1.627067e-10,2.789406e-16,2.411728e-20,4.965617e-11
5827,5827.000000,3,1.062759e-10,1.649856e-10,2.793788e-16,4.897571e-20,-6.822665e-11
5828,5828.000000,3,1.054872e-10,1.670550e-10,2.793751e-16,3.987011e-21,-1.044554e-10
5829,5829.000000,3,1.100204e-10,1.689278e-10,2.793728e-16,1.125991e-19,-6.796907e-11
5830,5830.000000,3,1.096581e-10,1.706453e-10,2.789713e-16,-1.781118e-19,-2.019614e-10
5831,5831.000000,3,1.098002e-10,1.722285e-10,2.789790e-16,4.995509e-20,1.397756e-10
5832,5832.000000,3,1.108305e-10,1.736866e-10,2.789867e-16,4.196784e-20,-6.532008e-11
5833,5833.000000,3,1.128768e-10,1.750580e-10,2.789945e-16,2.242321e-20,1.743369e-10
5834,5834.000000,3,1.129195e-10,1.763412e-10,2.790022e-16,-4.663313e-20,3.614146e-10
5835,5835.000000,3,1.155342e-10,1.775533e-10,2.793581e-16,-8.407133e-20,-8.202805e-11
5836,5836.000000,3,1.162590e-10,1.786993e-10,2.790178e-16,-4.588867e-20,-8.456680e-11
5837,5837.000000,3,1.170619e-10,1.797693e-10,2.790216e-16,2.172871e-19,-9.841239e-11
5838,5838.000000,3,1.202523e-10,1.807907e-10,2.790293e-16,2.204370e-19,-1.919354e-11
5839,5839.000000,3,1.194493e-10,1.817622e-10,2.790411e-16,1.241896e-19,6.226952e-11
5840,5840.000000,3,1.214957e-10,1.826921e-10,2.790489e-16,-1.630605e-19,5.238265e-11
5841,5841.000000,3,1.203517e-10,1.835578e-10,2.790567e-16,3.556877e-20,-1.015571e-10
5842,5842.000000,3,1.220926e-10,1.843914e-10,2.790644e-16,-3.317325e-20,-6.643264e-11
5843,5843.000000,3,1.237410e-10,1.852067e-10,2.790722e-16,1.580444e-19,6.021739e-12
5844,5844.000000,3,1.241958e-10,1.859781e-10,2.793358e-16,4.359904e-20,1.010435e-10
5845,5845.000000,3,1.257732e-10,1.867053e-10,2.790878e-16,6.644576e-20,-1.703184e-10
5846,5846.000000,3,1.244587e-10,1.874148e-10,2.790955e-16,1.018425e-20,5.991097e-11
5847,5847.000000,3,1.268390e-10,1.880993e-10,2.793260e-16,7.065115e-20,-2.059675e-11
5848,5848.000000,3,1.284377e-10,1.887384e-10,2.791111e-16,3.685586e-20,-1.436937e-10
5849,5849.000000,3,1.303633e-10,1.893798e-10,2.793203e-16,3.732239e-20,1.910228e-11
5850,5850.000000,3,1.279403e-10,1.899765e-10,3.489033e-16,1.391748e-19,5.276735e-11
5851,5851.000000,3,1.291411e-10,1.905676e-10,2.791343e-16,8.993108e-21,5.812395e-11
5852,5852.000000,3,1.287361e-10,1.911269e-10,3.489226e-16,-6.726302e-20,-3.079770e-11
5853,5853.000000,3,1.293117e-10,1.916711e-10,2.791498e-16,-3.820582e-20,-6.999512e-11
5854,5854.000000,3,1.287574e-10,1.921849e-10,3.489420e-16,1.066666e-19,1.555530e-10
5855,5855.000000,3,1.307043e-10,1.927039e-10,2.793045e-16,-9.392801e-20,-4.051537e-12
5856,5856.000000,3,1.323954e-10,1.931850e-10,2.791730e-16,5.591741e-22,-6.745515e-11
5857,5857.000000,3,1.324878e-10,1.936651e-10,3.489760e-16,-9.983077e-20,-2.275627e-10
5858,5858.000000,3,1.305054e-10,1.941207e-10,3.489806e-16,2.907044e-20,1.139444e-11
5859,5859.000000,3,1.323883e-10,1.945650e-10,2.791962e-16,-9.245894e-20,1.968372e-10
5860,5860.000000,3,1.303775e-10,1.949856e-10,2.792039e-16,-1.121458e-19,1.555163e-10
5861,5861.000000,3,1.339089e-10,1.954061e-10,2.792116e-16,-1.188162e-20,-6.710521e-11
5862,5862.000000,3,1.340013e-10,1.958134e-10,3.490191e-16,1.845837e-19,1.552815e-10
5863,5863.000000,3,1.328218e-10,1.962002e-10,3.490287e-16,-2.074569e-21,4.899881e-11
5864,5864.000000,3,1.352731e-10,1.965705e-10,3.490383e-16,-6.481787e-20,-8.425260e-11
5865,5865.000000,3,1.371205e-10,1.969573e-10,2.792424e-16,-5.031574e-20,-2.205369e-11
5866,5866.000000,3,1.350102e-10,1.973073e-10,2.792500e-16,4.486628e-20,1.046291e-10
5867,5867.000000,3,1.327649e-10,1.976479e-10,3.490671e-16,-3.645881e-20,9.110745e-11
5868,5868.000000,3,1.365024e-10,1.980056e-10,2.792654e-16,-1.383509e-19,-5.325174e-11
5869,5869.000000,3,1.366942e-10,1.983151e-10,3.490863e-16,-4.314574e-21,-7.641154e-11
5870,5870.000000,3,1.379092e-10,1.986327e-10,2.792807e-16,-6.014265e-20,-8.387058e-11
5871,5871.000000,3,1.390958e-10,1.989522e-10,2.792884e-16,7.838363e-21,1.051466e-10
5872,5872.000000,3,1.378382e-10,1.992466e-10,2.792960e-16,-1.010351e-19,4.812573e-11
5873,5873.000000,3,1.398561e-10,1.995353e-10,3.491295e-16,1.200272e-19,-1.481382e-11
5874,5874.000000,3,1.374971e-10,1.998177e-10,2.793113e-16,2.192690e-20,-2.278250e-10
5875,5875.000000,3,1.358700e-10,2.000968e-10,2.793189e-16,-1.940268e-19,-7.896939e-11
5876,5876.000000,3,1.382290e-10,2.003586e-10,2.793265e-16,4.534273e-20,6.901335e-11
5877,5877.000000,3,1.358487e-10,2.006231e-10,3.491677e-16,-2.599663e-20,1.649647e-11
5878,5878.000000,3,1.399272e-10,2.008778e-10,2.793418e-16,2.917631e-20,-8.981105e-11
5879,5879.000000,3,1.407230e-10,2.011129e-10,2.793494e-16,1.646619e-19,-5.890277e-11
5880,5880.000000,3,1.375753e-10,2.013569e-10,3.491962e-16,-3.557538e-20,1.667169e-10
5881,5881.000000,3,1.485887e-10,2.186737e-10,2.793646e-16,-1.620480e-19,1.631758e-10
5882,5882.000000,3,1.689884e-10,2.425995e-10,2.793722e-16,1.003833e-19,-2.018230e-11
5883,5883.000000,3,1.836682e-10,2.564993e-10,2.793798e-16,-8.259895e-20,-1.097454e-10
5884,5884.000000,3,1.978435e-10,2.688969e-10,2.793874e-16,5.358145e-20,7.341794e-11
5885,5885.000000,3,2.047926e-10,2.791374e-10,2.793949e-16,7.040961e-20,-1.566220e-10
5886,5886.000000,3,2.158416e-10,2.885525e-10,2.794025e-16,-1.258373e-19,8.515000e-11
5887,5887.000000,3,2.276010e-10,2.969842e-10,2.794101e-16,-2.124067e-19,2.361045e-11
5888,5888.000000,3,2.349196e-10,3.048823e-10,2.794176e-16,1.311015e-19,-2.407452e-11
5889,5889.000000,3,2.423093e-10,3.121887e-10,2.794251e-16,1.325937e-19,3.377287e-11
5890,5890.000000,3,2.511626e-10,3.191274e-10,2.794326e-16,2.355810e-20,-4.501477e-11
5891,5891.000000,3,2.586233e-10,3.256422e-10,2.794401e-16,-4.519384e-20,6.111023e-11
5892,5892.000000,3,2.622969e-10,3.318819e-10,2.794474e-16,-9.083105e-20,-8.289858e-11
5893,5893.000000,3,2.710294e-10,3.378176e-10,2.794548e-16,-1.343341e-21,-6.412793e-11
5894,5894.000000,3,2.806075e-10,3.435245e-10,2.794621e-16,9.685954e-20,3.505884e-11
5895,5895.000000,3,2.890417e-10,3.490175e-10,2.794693e-16,-2.215421e-19,-4.778133e-11
5896,5896.000000,3,2.903775e-10,3.543059e-10,2.794764e-16,-8.153685e-20,5.705214e-11
5897,5897.000000,3,3.000693e-10,3.594207e-10,3.493490e-16,-5.786294e-20,-8.841172e-11
5898,5898.000000,3,3.051781e-10,3.643807e-10,2.794905e-16,-6.961552e-21,-1.122428e-10
5899,5899.000000,3,3.124683e-10,3.691909e-10,2.794975e-16,1.057997e-19,-1.205169e-11
5900,5900.000000,3,3.175629e-10,3.738585e-10,2.795043e-16,-7.856231e-20,-1.002175e-10
5901,5901.000000,3,3.228280e-10,3.784040e-10,3.493832e-16,2.522901e-20,6.664802e-11
5902,5902.000000,3,3.284271e-10,3.828136e-10,2.795178e-16,-2.614222e-20,-8.197731e-11
5903,5903.000000,3,3.343814e-10,3.871339e-10,2.795244e-16,-6.500316e-20,8.022227e-11
5904,5904.000000,3,3.379341e-10,3.913461e-10,3.348862e-16,1.308600e-20,2.461105e-10
5905,5905.000000,3,3.452314e-10,3.954725e-10,3.494216e-16,7.849282e-20,7.238976e-11
5906,5906.000000,3,3.498783e-10,3.994882e-10,2.795437e-16,3.945652e-20,3.581246e-11
5907,5907.000000,3,3.558753e-10,4.034326e-10,2.795499e-16,6.213781e-21,-1.755935e-10
5908,5908.000000,3,3.636416e-10,4.072860e-10,2.795561e-16,-4.500524e-20,5.644185e-11
5909,5909.000000,3,3.638192e-10,4.110645e-10,2.795621e-16,4.872094e-20,-5.414424e-11
5910,5910.000000,3,3.712444e-10,4.147671e-10,2.795681e-16,-1.333349e-19,-3.342582e-11
5911,5911.000000,3,3.758913e-10,4.184133e-10,2.795740e-16,2.489681e-19,-2.090268e-10
5912,5912.000000,3,3.830749e-10,4.219787e-10,2.795798e-16,-3.461585e-20,-1.229800e-10
5913,5913.000000,3,3.880132e-10,4.254868e-10,3.494819e-16,-9.095347e-20,4.985623e-11
5914,5914.000000,3,3.895764e-10,4.289320e-10,2.795911e-16,7.589217e-20,-2.033984e-11
5915,5915.000000,3,3.943299e-10,4.323293e-10,3.494894e-16,-3.011268e-20,-6.666301e-11
5916,5916.000000,3,3.984582e-10,4.356644e-10,2.796021e-16,9.585369e-20,1.941258e-10
5917,5917.000000,3,4.045049e-10,4.389564e-10,2.796074e-16,4.333434e-20,-4.663347e-11
5918,5918.000000,3,4.096918e-10,4.421843e-10,3.495159e-16,-9.358060e-20,-1.226206e-10
5919,5919.000000,3,4.161365e-10,4.453682e-10,2.796179e-16,-1.216055e-19,5.073275e-12
5920,5920.000000,3,4.180194e-10,4.485072e-10,2.796229e-16,-8.556356e-20,1.919109e-11
5921,5921.000000,3,4.242438e-10,4.516070e-10,3.495281e-16,6.601232e-20,2.219658e-11
5922,5922.000000,3,4.300773e-10,4.546417e-10,2.796328e-16,-5.370718e-20,1.803668e-11
5923,5923.000000,3,4.341700e-10,4.576579e-10,2.796376e-16,4.960106e-20,-1.161647e-10
5924,5924.000000,3,4.388667e-10,4.606275e-10,3.495460e-16,-1.725002e-19,-1.083773e-10
5925,5925.000000,3,4.450555e-10,4.635499e-10,2.796469e-16,1.642450e-20,-7.777601e-11
5926,5926.000000,3,4.486722e-10,4.664333e-10,3.495643e-16,1.475161e-19,5.472101e-11
5927,5927.000000,3,4.512799e-10,4.692990e-10,2.796559e-16,1.923261e-19,-7.994660e-11
5928,5928.000000,3,4.589040e-10,4.721146e-10,2.796602e-16,-5.114292e-20,-3.542922e-11
5929,5929.000000,3,4.601759e-10,4.748906e-10,2.796645e-16,4.324831e-20,4.529066e-11
5930,5930.000000,3,4.641194e-10,4.776357e-10,2.796687e-16,-3.650513e-20,5.828793e-11
5931,5931.000000,3,4.718146e-10,4.803500e-10,3.495836e-16,6.143636e-20,7.570422e-11
5932,5932.000000,3,4.734915e-10,4.830365e-10,2.796767e-16,-3.914550e-20,2.714773e-11
5933,5933.000000,3,4.789200e-10,4.856990e-10,2.796806e-16,7.434699e-21,-3.472245e-11
5934,5934.000000,3,4.819967e-10,4.883065e-10,2.796844e-16,-1.832040e-20,3.194567e-11
5935,5935.000000,3,4.872263e-10,4.909078e-10,2.796881e-16,-5.803499e-21,-3.683165e-12
5936,5936.000000,3,4.911769e-10,4.934735e-10,2.796918e-16,-5.349542e-20,9.933410e-11
5937,5937.000000,3,4.984031e-10,4.960046e-10,2.796953e-16,4.419791e-20,4.998535e-11
5938,5938.000000,3,5.010605e-10,4.985137e-10,2.796988e-16,1.952841e-19,4.900325e-11
5939,5939.000000,3,5.052527e-10,5.010117e-10,2.797022e-16,-1.121525e-19,-3.827305e-11
5940,5940.000000,3,5.100631e-10,5.034746e-10,2.797055e-16,-9.644595e-20,6.526246e-11
5941,5941.000000,3,4.958380e-10,4.870055e-10,2.797087e-16,-1.737807e-19,-1.150254e-10
5942,5942.000000,3,4.735057e-10,4.631981e-10,3.496319e-16,8.069974e-21,-3.495071e-11
5943,5943.000000,3,4.559126e-10,4.504515e-10,2.797149e-16,5.960002e-20,-1.170241e-10
5944,5944.000000,3,4.468248e-10,4.393299e-10,3.496393e-16,-9.844773e-20,7.569845e-11
5945,5945.000000,3,4.323724e-10,4.305707e-10,2.797208e-16,9.314054e-20,-3.346412e-11
5946,5946.000000,3,4.269509e-10,4.226908e-10,2.797236e-16,8.194382e-20,6.110545e-11
5947,5947.000000,3,4.145519e-10,4.158869e-10,2.797263e-16,7.215662e-20,-3.342038e-11
5948,5948.000000,3,4.097558e-10,4.096505e-10,2.797290e-16,1.804842e-19,7.741496e-11
5949,5949.000000,3,3.998721e-10,4.040175e-10,2.797316e-16,1.041950e-19,4.369838e-12
5950,5950.000000,3,3.926175e-10,3.988285e-10,2.797342e-16,3.696836e-20,-1.584274e-10
5951,5951.000000,3,3.892993e-10,3.940122e-10,2.797367e-16,1.108323e-19,-5.430623e-11
5952,5952.000000,3,3.842757e-10,3.895140e-10,2.797392e-16,-5.457076e-20,-4.444156e-11
5953,5953.000000,3,3.772485e-10,3.853147e-10,2.797351e-16,-1.323489e-23,-9.770373e-11
5954,5954.000000,3,3.708536e-10,3.813569e-10,2.797442e-16,-1.673552e-20,1.174751e-10
5955,5955.000000,3,3.650698e-10,3.776102e-10,3.496750e-16,-1.209669e-20,4.021006e-11
5956,5956.000000,3,3.636842e-10,3.740723e-10,3.496863e-16,-2.783297e-20,5.683665e-11
5957,5957.000000,3,3.573319e-10,3.706917e-10,2.797515e-16,-2.001744e-19,-2.741762e-11
5958,5958.000000,3,3.539924e-10,3.674818e-10,2.797539e-16,-9.259791e-20,-2.689748e-11
5959,5959.000000,3,3.507736e-10,3.643972e-10,2.797564e-16,-2.664084e-19,-2.019713e-10
5960,5960.000000,3,3.481802e-10,3.614631e-10,2.797588e-16,-8.271806e-21,2.776979e-11
5961,5961.000000,3,3.431069e-10,3.586447e-10,3.497016e-16,-8.494483e-20,-4.275091e-11
5962,5962.000000,3,3.380904e-10,3.559222e-10,2.797638e-16,8.149383e-21,6.784928e-11
5963,5963.000000,3,3.368967e-10,3.533336e-10,3.497078e-16,-1.738006e-19,7.763157e-11
5964,5964.000000,3,3.343459e-10,3.508063e-10,2.797688e-16,6.267382e-20,-1.022733e-10
5965,5965.000000,3,3.311627e-10,3.483884e-10,2.797713e-16,-1.606914e-19,1.680286e-10
5966,5966.000000,3,3.279155e-10,3.460436e-10,3.497173e-16,-8.222837e-20,-7.433687e-11
5967,5967.000000,3,3.208314e-10,3.437630e-10,2.797764e-16,4.904850e-20,1.110801e-10
5968,5968.000000,3,3.219256e-10,3.415861e-10,2.797791e-16,5.684385e-21,-1.196909e-11
5969,5969.000000,3,3.212932e-10,3.394613e-10,2.797817e-16,-7.331798e-20,-4.537870e-11
5970,5970.000000,3,3.176268e-10,3.373908e-10,2.797843e-16,3.024172e-20,-9.334100e-11
5971,5971.000000,3,3.122125e-10,3.353813e-10,2.797870e-16,6.966846e-20,4.793543e-11
5972,5972.000000,3,3.108553e-10,3.334339e-10,2.797897e-16,2.508012e-21,-6.965140e-11
5973,5973.000000,3,3.109619e-10,3.315388e-10,3.497324e-16,-1.942352e-19,-1.934817e-10
5974,5974.000000,3,3.084679e-10,3.296849e-10,2.797887e-16,-7.654399e-20,1.811662e-12
5975,5975.000000,3,3.040341e-10,3.278871e-10,3.497394e-16,1.543519e-20,4.045575e-11
5976,5976.000000,3,3.034657e-10,3.261502e-10,2.798008e-16,1.999792e-20,7.853618e-11
5977,5977.000000,3,3.037286e-10,3.244411e-10,2.798037e-16,1.675570e-19,8.186118e-12
5978,5978.000000,3,2.991172e-10,3.227765e-10,2.798065e-16,5.254251e-21,-1.268113e-10
5979,5979.000000,3,2.938876e-10,3.211422e-10,3.497538e-16,-1.995491e-20,-1.610621e-10
5980,5980.000000,3,2.920544e-10,3.195568e-10,2.798124e-16,9.115199e-20,-5.279477e-11
5981,5981.000000,3,2.932694e-10,3.180023e-10,2.798154e-16,-4.875733e-20,1.540090e-11
5982,5982.000000,3,2.892548e-10,3.164820e-10,2.798184e-16,-2.684697e-20,1.749378e-12
5983,5983.000000,3,2.869527e-10,3.149911e-10,3.497767e-16,-7.375142e-21,1.339373e-12
5984,5984.000000,3,2.868887e-10,3.135308e-10,2.798244e-16,-3.262731e-20,-1.531013e-10
5985,5985.000000,3,2.835776e-10,3.121086e-10,2.798275e-16,4.846948e-20,-1.874202e-10
5986,5986.000000,3,2.831797e-10,3.107077e-10,2.798307e-16,-5.741626e-20,1.195488e-11
5987,5987.000000,3,2.791083e-10,3.093417e-10,2.798338e-16,1.023024e-19,4.673217e-11
5988,5988.000000,3,2.779217e-10,3.079945e-10,2.798370e-16,-4.453540e-20,5.374667e-11
5989,5989.000000,3,2.787530e-10,3.066845e-10,2.798402e-16,7.385730e-20,-2.677464e-10
5990,5990.000000,3,2.747598e-10,3.053884e-10,2.798372e-16,-8.442205e-20,-1.178824e-10
5991,5991.000000,3,2.731397e-10,3.041214e-10,2.798467e-16,-3.720989e-20,1.190947e-10
5992,5992.000000,3,2.717613e-10,3.028684e-10,2.798500e-16,4.319206e-20,1.797643e-10
5993,5993.000000,3,2.696154e-10,3.016389e-10,3.498167e-16,1.994763e-19,7.582923e-11
5994,5994.000000,3,2.703686e-10,3.004386e-10,2.798567e-16,-2.984137e-20,7.738932e-11
5995,5995.000000,3,2.664038e-10,2.992464e-10,2.798601e-16,-1.276869e-19,-9.391776e-11
5996,5996.000000,3,2.680665e-10,2.980898e-10,2.798635e-16,1.129499e-19,-4.410916e-12
5997,5997.000000,3,2.614584e-10,2.969480e-10,2.798670e-16,-6.964530e-20,8.653023e-11
5998,5998.000000,3,2.619913e-10,2.958271e-10,3.498380e-16,1.544479e-19,4.506817e-11
5999,5999.000000,3,2.620340e-10,2.947000e-10,2.798739e-16,3.830177e-20,1.150422e-10
6000,6000.000000,3,2.605987e-10,2.936182e-10,2.798775e-16,-2.255225e-20,-3.013334e-11
6001,6001.000000,3,2.588578e-10,2.892730e-10,2.798810e-16,1.136215e-20,-1.275278e-10
6002,6002.000000,3,2.498695e-10,2.836655e-10,2.798846e-16,-1.023719e-19,-2.717981e-11
6003,6003.000000,3,2.447607e-10,2.799989e-10,3.498603e-16,8.738336e-20,-1.065248e-10
6004,6004.000000,3,2.399005e-10,2.766281e-10,3.498649e-16,-1.188526e-19,1.153729e-10
6005,6005.000000,3,2.377689e-10,2.736931e-10,2.798956e-16,-3.501290e-20,1.456963e-10
6006,6006.000000,3,2.352749e-10,2.709182e-10,2.798993e-16,-6.112203e-20,5.769674e-11
6007,6007.000000,3,2.338822e-10,2.683518e-10,2.799030e-16,-4.349647e-20,-1.986116e-10
6008,6008.000000,3,2.317009e-10,2.658986e-10,2.799068e-16,-1.563272e-19,1.309932e-10
6009,6009.000000,3,2.287024e-10,2.635729e-10,2.799106e-16,-9.203211e-20,-8.962675e-11
6010,6010.000000,3,2.265139e-10,2.613376e-10,2.799144e-16,6.537705e-20,-1.395212e-10
6011,6011.000000,3,2.210925e-10,2.591962e-10,2.799183e-16,1.391318e-20,9.293388e-11
6012,6012.000000,3,2.168363e-10,2.571143e-10,2.799222e-16,1.388803e-19,1.491895e-11
6013,6013.000000,3,2.175042e-10,2.550842e-10,2.799262e-16,-1.787868e-19,1.060174e-11
6014,6014.000000,3,2.135891e-10,2.531311e-10,2.799301e-16,1.856855e-20,-6.737833e-12
6015,6015.000000,3,2.103988e-10,2.512266e-10,3.499104e-16,-1.215724e-19,6.967271e-11
6016,6016.000000,3,2.129426e-10,2.493579e-10,3.499155e-16,1.180387e-19,-1.605630e-10
6017,6017.000000,3,2.091127e-10,2.475504e-10,2.799423e-16,-1.621572e-19,-6.834133e-11
6018,6018.000000,3,2.063913e-10,2.457725e-10,3.499330e-16,1.935934e-20,-1.035338e-11
6019,6019.000000,3,2.017515e-10,2.440361e-10,2.799506e-16,-1.595499e-19,-1.625189e-11
6020,6020.000000,3,2.012612e-10,2.423335e-10,2.799548e-16,-4.251708e-21,7.773715e-11
6021,6021.000000,3,1.971401e-10,2.406566e-10,2.799591e-16,-5.092124e-21,-5.404788e-11
6022,6022.000000,3,1.957332e-10,2.390241e-10,2.799634e-16,1.807886e-20,1.282517e-10
6023,6023.000000,3,1.955556e-10,2.374141e-10,2.799677e-16,8.133832e-20,-3.724521e-11
6024,6024.000000,3,1.932747e-10,2.358496e-10,3.499581e-16,-3.260084e-20,1.835769e-10
6025,6025.000000,3,1.912284e-10,2.342859e-10,2.799765e-16,-3.669373e-21,8.147716e-11
6026,6026.000000,3,1.884004e-10,2.327565e-10,2.799810e-16,-3.443718e-20,-1.646250e-11
6027,6027.000000,3,1.888623e-10,2.312484e-10,2.799855e-16,1.498553e-19,-6.274525e-11
6028,6028.000000,3,1.852669e-10,2.297713e-10,3.499806e-16,-1.659821e-19,-1.245218e-10
6029,6029.000000,3,1.804423e-10,2.283098e-10,3.499863e-16,6.074814e-21,2.238143e-11
6030,6030.000000,3,1.816787e-10,2.268710e-10,2.799993e-16,-2.518600e-20,1.564302e-10
6031,6031.000000,3,1.801013e-10,2.254597e-10,2.800039e-16,1.030005e-20,-2.469025e-12
6032,6032.000000,3,1.776925e-10,2.240452e-10,3.500039e-16,2.456726e-20,1.021723e-10
6033,6033.000000,3,1.761862e-10,2.226754e-10,2.800134e-16,6.078123e-21,9.374090e-11
6034,6034.000000,3,1.742251e-10,2.213014e-10,2.800182e-16,7.249411e-21,-1.103422e-10
6035,6035.000000,3,1.726690e-10,2.199658e-10,2.800230e-16,-6.700494e-20,1.136252e-10
6036,6036.000000,3,1.724061e-10,2.186336e-10,2.800279e-16,-2.300555e-20,8.303214e-11
6037,6037.000000,3,1.686900e-10,2.173195e-10,2.800328e-16,-9.443756e-20,3.285605e-11
6038,6038.000000,3,1.690879e-10,2.160261e-10,2.800378e-16,2.172176e-20,4.489598e-11
6039,6039.000000,3,1.696705e-10,2.147524e-10,2.800374e-16,-5.236715e-20,1.921115e-10
6040,6040.000000,3,1.643272e-10,2.134766e-10,3.500597e-16,-1.459544e-19,3.694067e-11
6041,6041.000000,3,1.667715e-10,2.122229e-10,2.800529e-16,-3.672020e-20,8.121193e-11
6042,6042.000000,3,1.658904e-10,2.109832e-10,2.800527e-16,-1.106470e-19,-6.088352e-11
6043,6043.000000,3,1.611582e-10,2.097533e-10,2.800631e-16,8.533526e-20,9.221057e-11
6044,6044.000000,3,1.591829e-10,2.085530e-10,2.800683e-16,-3.538679e-20,-3.617751e-11
6045,6045.000000,3,1.586216e-10,2.073524e-10,2.800736e-16,-8.473638e-21,-1.188544e-10
6046,6046.000000,3,1.565468e-10,2.061644e-10,2.800788e-16,2.549702e-20,5.559175e-11
6047,6047.000000,3,1.575557e-10,2.049889e-10,3.501052e-16,-1.051214e-19,1.609204e-10
6048,6048.000000,3,1.556586e-10,2.038234e-10,2.800895e-16,9.443425e-20,-3.395328e-11
6049,6049.000000,3,1.539320e-10,2.026619e-10,2.800949e-16,-1.478106e-19,-1.206601e-11
6050,6050.000000,3,1.530367e-10,2.015308e-10,3.501190e-16,4.010833e-20,-8.898438e-13
6051,6051.000000,3,1.510472e-10,2.004030e-10,3.501258e-16,6.058602e-20,1.451574e-10
6052,6052.000000,3,1.479847e-10,1.992784e-10,2.801113e-16,-1.602381e-19,2.556594e-10
6053,6053.000000,3,1.466205e-10,1.981695e-10,3.501397e-16,-5.141424e-20,2.907710e-10
6054,6054.000000,3,1.466560e-10,1.970704e-10,3.501467e-16,-7.048241e-20,-1.403924e-10
6055,6055.000000,3,1.452776e-10,1.959777e-10,3.501600e-16,9.140677e-20,1.084233e-11
6056,6056.000000,3,1.452420e-10,1.948914e-10,2.801336e-16,1.611282e-19,1.169334e-10
6057,6057.000000,3,1.431957e-10,1.938156e-10,2.801393e-16,-1.758586e-20,7.549517e-11
6058,6058.000000,3,1.438067e-10,1.927603e-10,2.801451e-16,1.929978e-20,-1.810108e-12
6059,6059.000000,3,1.414975e-10,1.917053e-10,2.801508e-16,-7.147171e-20,-1.243898e-10
6060,6060.000000,3,1.392095e-10,1.906588e-10,2.801566e-16,7.404921e-21,1.456958e-10
6061,6061.000000,3,1.357066e-10,1.848044e-10,2.801624e-16,-1.220058e-19,1.329065e-10
6062,6062.000000,3,1.287788e-10,1.770708e-10,3.502104e-16,-5.667511e-20,-7.314682e-11
6063,6063.000000,3,1.231726e-10,1.721940e-10,3.502117e-16,-1.480157e-19,2.785350e-10
6064,6064.000000,3,1.196341e-10,1.677296e-10,2.801802e-16,-1.350951e-19,3.972089e-11
6065,6065.000000,3,1.151008e-10,1.638905e-10,2.801861e-16,-7.489624e-20,-3.893086e-11
6066,6066.000000,3,1.117826e-10,1.602829e-10,2.801921e-16,-4.194798e-20,-7.477596e-11
6067,6067.000000,3,1.072777e-10,1.569798e-10,3.502478e-16,1.247984e-19,-9.697954e-11
6068,6068.000000,3,1.045564e-10,1.538107e-10,2.802043e-16,-4.324831e-20,-1.047225e-10
6069,6069.000000,3,9.872991e-11,1.508289e-10,2.802104e-16,-1.437111e-19,1.867195e-11
6070,6070.000000,3,9.861623e-11,1.479508e-10,2.802166e-16,3.719997e-20,1.529432e-11
6071,6071.000000,3,9.698908e-11,1.451914e-10,2.802228e-16,5.723428e-20,-1.711320e-10
6072,6072.000000,3,9.298873e-11,1.425311e-10,3.502805e-16,-4.042266e-20,-1.153720e-10
6073,6073.000000,3,8.739676e-11,1.399540e-10,2.802354e-16,-1.348106e-19,-4.518463e-11
6074,6074.000000,3,8.773782e-11,1.374372e-10,2.802418e-16,4.194467e-20,-7.990719e-12
6075,6075.000000,3,8.753176e-11,1.349998e-10,2.802482e-16,3.773598e-20,-2.773271e-11
6076,6076.000000,3,8.526513e-11,1.326184e-10,3.503126e-16,-5.005766e-20,-1.693656e-11
6077,6077.000000,3,8.031975e-11,1.302842e-10,2.802612e-16,4.391336e-20,1.010324e-10
6078,6078.000000,3,7.795364e-11,1.279976e-10,2.802677e-16,-1.791342e-20,-3.893141e-11
6079,6079.000000,3,7.558043e-11,1.257954e-10,3.503373e-16,-2.504703e-21,1.094238e-10
6080,6080.000000,3,7.378986e-11,1.236100e-10,2.802810e-16,1.792335e-20,-9.173040e-11
6081,6081.000000,3,6.979661e-11,1.214502e-10,2.802878e-16,-2.689330e-20,6.133982e-12
6082,6082.000000,3,6.827605e-11,1.193594e-10,2.802945e-16,7.743403e-20,-9.466761e-12
6083,6083.000000,3,6.777157e-11,1.172689e-10,2.803014e-16,-4.320199e-20,-3.747058e-11
6084,6084.000000,3,6.483702e-11,1.152325e-10,2.803083e-16,-3.624705e-20,-8.251833e-11
6085,6085.000000,3,6.188117e-11,1.132265e-10,2.803152e-16,-1.507619e-19,-7.857492e-12
6086,6086.000000,3,6.131273e-11,1.112415e-10,2.803222e-16,3.135015e-20,5.181555e-11
6087,6087.000000,3,5.958611e-11,1.093048e-10,2.803293e-16,-1.108025e-19,2.102684e-10
6088,6088.000000,3,5.849188e-11,1.073790e-10,2.803364e-16,2.821017e-20,-1.010220e-10
6089,6089.000000,3,5.676526e-11,1.054890e-10,2.803436e-16,2.467976e-20,-6.639855e-11
6090,6090.000000,3,5.348255e-11,1.036236e-10,2.803509e-16,6.508257e-20,-1.052305e-10
6091,6091.000000,3,5.332623e-11,1.017637e-10,2.803582e-16,1.512086e-20,1.138700e-11
6092,6092.000000,3,5.156409e-11,9.994516e-11,3.504517e-16,2.080194e-20,7.799783e-11
6093,6093.000000,3,4.908429e-11,9.812973e-11,2.803729e-16,9.090384e-20,-8.897205e-11
6094,6094.000000,3,4.681766e-11,9.636580e-11,2.803804e-16,2.264490e-20,6.627521e-11
6095,6095.000000,3,4.497736e-11,9.457901e-11,2.803879e-16,-1.318195e-20,-5.891410e-11
6096,6096.000000,3,4.305178e-11,9.284973e-11,3.504893e-16,-1.186905e-19,1.277209e-10
6097,6097.000000,3,4.463629e-11,9.112755e-11,2.804031e-16,-1.826415e-21,4.714062e-11
6098,6098.000000,3,4.163070e-11,8.941869e-11,2.804108e-16,-1.926040e-19,2.026735e-10
6099,6099.000000,3,3.907275e-11,8.772538e-11,2.804185e-16,9.747165e-20,-1.066943e-10
6100,6100.000000,3,3.613820e-11,8.605716e-11,2.804224e-16,1.717955e-19,7.442635e-11
6101,6101.000000,3,3.689138e-11,8.440137e-11,2.804342e-16,-1.155770e-19,-4.618417e-11
6102,6102.000000,3,3.610268e-11,8.275447e-11,2.804421e-16,-1.366767e-19,3.277467e-11
6103,6103.000000,3,3.193890e-11,8.112577e-11,2.804501e-16,5.629130e-20,1.321677e-10
6104,6104.000000,3,3.326761e-11,7.951728e-11,2.804581e-16,5.280721e-20,-1.402586e-10
6105,6105.000000,3,3.198153e-11,7.790413e-11,2.804662e-16,5.973237e-20,-7.073808e-11
6106,6106.000000,3,2.984990e-11,7.633161e-11,2.804743e-16,1.325210e-19,1.832364e-10
6107,6107.000000,3,3.009148e-11,7.475576e-11,2.804825e-16,-1.102599e-19,1.691195e-10
6108,6108.000000,3,2.635403e-11,7.319145e-11,2.804907e-16,-1.267241e-19,-3.793488e-11
6109,6109.000000,3,2.543743e-11,7.166157e-11,2.804990e-16,-4.707981e-20,-1.762523e-11
6110,6110.000000,3,2.430056e-11,7.013168e-11,2.805074e-16,-7.463485e-20,-6.873146e-11
6111,6111.000000,3,2.240341e-11,6.860201e-11,2.805158e-16,8.396545e-20,1.035341e-10
6112,6112.000000,3,1.995204e-11,6.709544e-11,2.805242e-16,-1.058129e-20,1.593181e-11
6113,6113.000000,3,2.022205e-11,6.560819e-11,2.805327e-16,1.329908e-19,-2.365774e-11
6114,6114.000000,3,1.653433e-11,6.410339e-11,2.805413e-16,1.552783e-19,1.131999e-10
6115,6115.000000,3,1.929834e-11,6.265033e-11,2.805499e-16,-6.632665e-20,2.340468e-10
6116,6116.000000,3,1.758593e-11,6.117706e-11,2.805586e-16,1.285108e-20,-1.055709e-10
6117,6117.000000,3,1.423928e-11,5.971978e-11,2.805673e-16,3.383830e-20,4.884504e-11
6118,6118.000000,3,1.321609e-11,5.828138e-11,2.805760e-16,9.751467e-20,1.874212e-10
6119,6119.000000,3,1.317346e-11,5.684764e-11,3.507310e-16,-3.932417e-20,-1.132220e-10
6120,6120.000000,3,1.314504e-11,5.542766e-11,2.805937e-16,-2.538121e-20,4.889411e-11
6121,6121.000000,3,2.536638e-11,7.786283e-11,2.806026e-16,1.083210e-19,1.207162e-10
6122,6122.000000,3,4.612843e-11,1.095957e-10,2.806116e-16,6.691560e-20,3.369482e-11
6123,6123.000000,3,6.362910e-11,1.273484e-10,2.806206e-16,9.200565e-20,-1.113656e-10
6124,6124.000000,3,7.105427e-11,1.430356e-10,2.806296e-16,1.912442e-19,-3.069778e-11
6125,6125.000000,3,8.216716e-11,1.556841e-10,2.806387e-16,-1.444357e-19,9.839340e-11
6126,6126.000000,3,9.450929e-11,1.672260e-10,2.806447e-16,3.199535e-21,-3.570788e-11
6127,6127.000000,3,1.063682e-10,1.773977e-10,3.508214e-16,5.661224e-20,-7.724765e-11
6128,6128.000000,3,1.135376e-10,1.868379e-10,2.806663e-16,1.067559e-19,-1.189991e-10
6129,6129.000000,3,1.167990e-10,1.954716e-10,2.806755e-16,1.453025e-19,-1.385356e-10
6130,6130.000000,3,1.259011e-10,2.035663e-10,2.806816e-16,-1.032321e-19,1.438715e-10
6131,6131.000000,3,1.346336e-10,2.111478e-10,2.806908e-16,-2.388236e-20,1.940940e-10
6132,6132.000000,3,1.435438e-10,2.183009e-10,2.807033e-16,-8.873001e-20,-2.968037e-11
6133,6133.000000,3,1.478995e-10,2.250897e-10,2.807125e-16,-9.228027e-20,1.269519e-10
6134,6134.000000,3,1.546923e-10,2.315443e-10,2.807217e-16,4.688460e-20,7.723966e-11
6135,6135.000000,3,1.592824e-10,2.377205e-10,2.807308e-16,-2.237060e-19,7.028533e-11
6136,6136.000000,3,1.668425e-10,2.436322e-10,2.807399e-16,-3.884771e-20,1.450229e-10
6137,6137.000000,3,1.736709e-10,2.493039e-10,2.807489e-16,4.363874e-20,-1.878888e-10
6138,6138.000000,3,1.782539e-10,2.547633e-10,2.807579e-16,-1.295596e-19,-3.539025e-11
6139,6139.000000,3,1.815650e-10,2.600331e-10,3.509586e-16,1.353565e-19,-5.323586e-11
6140,6140.000000,3,1.891678e-10,2.651157e-10,2.807758e-16,1.386024e-19,-1.490366e-10
6141,6141.000000,3,1.951292e-10,2.700367e-10,3.509807e-16,-3.814957e-20,5.259027e-11
6142,6142.000000,3,1.982627e-10,2.748040e-10,3.509917e-16,-6.395760e-21,-8.293399e-11
6143,6143.000000,3,2.042668e-10,2.794374e-10,2.808020e-16,-1.472348e-19,-5.548406e-11
6144,6144.000000,3,2.110738e-10,2.839320e-10,2.808107e-16,-1.842197e-19,-8.026901e-11
6145,6145.000000,3,2.165876e-10,2.883047e-10,2.808192e-16,-3.315340e-21,4.217249e-11
6146,6146.000000,3,2.179235e-10,2.925649e-10,2.808277e-16,-1.751439e-19,-1.684414e-10
6147,6147.000000,3,2.233804e-10,2.967049e-10,2.808361e-16,3.446365e-20,1.010592e-10
6148,6148.000000,3,2.257607e-10,3.007428e-10,3.510555e-16,2.685359e-20,5.639389e-11
6149,6149.000000,3,2.351754e-10,3.046932e-10,2.808526e-16,9.750805e-21,-2.589462e-11
6150,6150.000000,3,2.377476e-10,3.085472e-10,3.510712e-16,1.033711e-19,-1.071895e-10
6151,6151.000000,3,2.425082e-10,3.123173e-10,2.808689e-16,-3.616103e-20,-1.193389e-10
6152,6152.000000,3,2.464944e-10,3.160072e-10,2.808769e-16,-6.275654e-20,-1.129988e-10
6153,6153.000000,3,2.507008e-10,3.196170e-10,2.808848e-16,-8.461065e-20,-9.805856e-11
6154,6154.000000,3,2.535216e-10,3.231524e-10,2.808926e-16,-1.574389e-19,9.323264e-11
6155,6155.000000,3,2.595968e-10,3.266247e-10,3.511205e-16,-2.466322e-20,-1.415378e-10
6156,6156.000000,3,2.625029e-10,3.300102e-10,2.809080e-16,-7.884686e-21,4.429379e-11
6157,6157.000000,3,2.644143e-10,3.333429e-10,2.809156e-16,3.521142e-20,-6.280543e-11
6158,6158.000000,3,2.710010e-10,3.366234e-10,2.809232e-16,5.853130e-20,1.302471e-10
6159,6159.000000,3,2.730047e-10,3.398313e-10,2.809306e-16,1.718517e-19,-5.493073e-11
6160,6160.000000,3,2.792930e-10,3.429723e-10,2.809379e-16,8.280078e-20,3.906320e-12
6161,6161.000000,3,2.798757e-10,3.460732e-10,2.809452e-16,1.099819e-20,8.562173e-11
6162,6162.000000,3,2.865121e-10,3.491347e-10,3.511851e-16,-4.004547e-20,-5.677825e-11
6163,6163.000000,3,2.873719e-10,3.521285e-10,2.809595e-16,5.366748e-21,1.034778e-10
6164,6164.000000,3,2.938592e-10,3.550717e-10,2.809622e-16,-8.938845e-20,-2.075449e-10
6165,6165.000000,3,3.006306e-10,3.579708e-10,3.512113e-16,6.150584e-20,-6.348411e-11
6166,6166.000000,3,2.999627e-10,3.608311e-10,3.512199e-16,4.201416e-20,2.605364e-10
6167,6167.000000,3,3.064216e-10,3.636429e-10,2.809871e-16,1.533262e-19,-9.128542e-11
6168,6168.000000,3,3.081269e-10,3.664122e-10,2.809893e-16,1.110639e-19,1.288912e-10
6169,6169.000000,3,3.134062e-10,3.691407e-10,2.810004e-16,-3.897675e-21,4.656198e-11
6170,6170.000000,3,3.166036e-10,3.718386e-10,2.810070e-16,8.048467e-20,-5.649925e-11
6171,6171.000000,3,3.200142e-10,3.744960e-10,3.512610e-16,-9.019577e-21,-7.409340e-11
6172,6172.000000,3,3.224088e-10,3.770939e-10,2.810198e-16,-1.324779e-19,-5.459466e-11
6173,6173.000000,3,3.254144e-10,3.796805e-10,2.810261e-16,-1.620381e-19,-5.623224e-11
6174,6174.000000,3,3.311627e-10,3.822282e-10,2.810324e-16,-1.831576e-19,-8.262280e-12
6175,6175.000000,3,3.322711e-10,3.847518e-10,2.810385e-16,1.318294e-19,6.429324e-11
6176,6176.000000,3,3.361862e-10,3.872240e-10,2.810446e-16,9.957269e-20,-9.764300e-12
6177,6177.000000,3,3.405844e-10,3.896674e-10,2.810506e-16,-4.818493e-20,1.482952e-10
6178,6178.000000,3,3.439240e-10,3.920855e-10,2.810565e-16,-4.040281e-20,7.706058e-13
6179,6179.000000,3,3.489546e-10,3.944880e-10,2.810623e-16,-5.176496e-20,2.511247e-11
6180,6180.000000,3,3.519887e-10,3.968339e-10,2.810681e-16,2.308165e-20,-2.132958e-10
6181,6181.000000,3,3.405418e-10,3.804412e-10,2.810737e-16,-2.941454e-21,1.794224e-10
6182,6182.000000,3,3.167528e-10,3.567338e-10,2.810793e-16,-4.162373e-21,3.334066e-11
6183,6183.000000,3,3.047020e-10,3.439928e-10,2.810849e-16,1.695257e-19,-1.514571e-10
6184,6184.000000,3,2.926797e-10,3.328611e-10,2.810903e-16,3.382507e-20,8.368839e-11
6185,6185.000000,3,2.813891e-10,3.240737e-10,2.810957e-16,-3.356037e-20,2.598476e-10
6186,6186.000000,3,2.734808e-10,3.161598e-10,2.811010e-16,8.492829e-20,-1.752543e-11
6187,6187.000000,3,2.678604e-10,3.092988e-10,3.513763e-16,-5.900445e-20,-1.301592e-11
6188,6188.000000,3,2.598171e-10,3.030098e-10,2.811114e-16,5.237708e-20,-3.725309e-11
6189,6189.000000,3,2.526548e-10,2.973217e-10,2.811166e-16,-3.150235e-20,-2.821543e-11
6190,6190.000000,3,2.480363e-10,2.920348e-10,2.811217e-16,-2.286526e-19,-5.945899e-11
6191,6191.000000,3,2.441567e-10,2.871490e-10,2.811268e-16,-9.091046e-20,1.184776e-10
6192,6192.000000,3,2.375984e-10,2.825715e-10,2.811318e-16,-1.159211e-19,6.861534e-11
6193,6193.000000,3,2.327880e-10,2.782852e-10,2.811368e-16,2.775356e-20,-4.402156e-11
6194,6194.000000,3,2.282263e-10,2.742464e-10,2.811419e-16,4.210680e-20,-4.635525e-11
6195,6195.000000,3,2.255476e-10,2.704088e-10,3.514336e-16,1.420534e-19,9.725976e-11
6196,6196.000000,3,2.185132e-10,2.667611e-10,2.811519e-16,-1.204044e-20,7.572531e-11
6197,6197.000000,3,2.175398e-10,2.632805e-10,2.811569e-16,-6.618768e-20,4.378531e-11
6198,6198.000000,3,2.117204e-10,2.599692e-10,2.811620e-16,-1.758255e-20,5.049439e-11
6199,6199.000000,3,2.068177e-10,2.567786e-10,2.811670e-16,3.708416e-20,-1.930867e-11
6200,6200.000000,3,2.047003e-10,2.537404e-10,3.514651e-16,-1.156796e-19,1.151494e-10
6201,6201.000000,3,2.016236e-10,2.508060e-10,2.811772e-16,-6.271353e-20,1.335931e-11
6202,6202.000000,3,1.990443e-10,2.479841e-10,2.811823e-16,2.644000e-20,8.236123e-11
6203,6203.000000,3,1.976375e-10,2.452529e-10,2.811875e-16,1.357635e-19,7.914669e-11
6204,6204.000000,3,1.936300e-10,2.426215e-10,2.811926e-16,-2.099484e-19,-8.180856e-11
6205,6205.000000,3,1.903260e-10,2.400862e-10,2.811978e-16,5.460054e-20,1.750600e-12
6206,6206.000000,3,1.880380e-10,2.376157e-10,2.811978e-16,-1.018723e-19,1.170410e-10
6207,6207.000000,3,1.835261e-10,2.352227e-10,2.812083e-16,1.294041e-19,-9.437429e-11
6208,6208.000000,3,1.799307e-10,2.329044e-10,2.812084e-16,-1.211191e-19,7.341450e-11
6209,6209.000000,3,1.802647e-10,2.306435e-10,2.812189e-16,1.722488e-19,1.044234e-10
6210,6210.000000,3,1.779910e-10,2.284521e-10,2.812243e-16,-2.297246e-20,6.518819e-11
6211,6211.000000,3,1.753477e-10,2.263256e-10,2.812296e-16,-5.938495e-20,3.573764e-11
6212,6212.000000,3,1.711840e-10,2.242384e-10,2.812351e-16,1.524990e-20,1.455291e-11
6213,6213.000000,3,1.685976e-10,2.222171e-10,2.812405e-16,-6.100953e-20,1.900591e-11
6214,6214.000000,3,1.706937e-10,2.202332e-10,3.515512e-16,-9.633015e-20,-1.217295e-10
6215,6215.000000,3,1.646114e-10,2.182969e-10,2.812465e-16,-1.124767e-19,8.993117e-11
6216,6216.000000,3,1.632614e-10,2.164224e-10,2.812571e-16,-1.583091e-19,2.829248e-11
6217,6217.000000,3,1.642277e-10,2.145637e-10,2.812627e-16,7.360584e-20,1.155694e-10
6218,6218.000000,3,1.600000e-10,2.127556e-10,3.515792e-16,-2.603931e-19,6.598622e-11
6219,6219.000000,3,1.577405e-10,2.109866e-10,3.515863e-16,1.775791e-20,1.365830e-11
6220,6220.000000,3,1.570726e-10,2.092571e-10,2.812797e-16,-1.355782e-19,1.739802e-10
6221,6221.000000,3,1.545644e-10,2.075615e-10,2.812855e-16,4.032009e-20,-1.552536e-11
6222,6222.000000,3,1.521698e-10,2.059060e-10,2.812913e-16,-5.130505e-20,8.451395e-11
6223,6223.000000,3,1.504930e-10,2.042753e-10,2.812971e-16,7.536277e-20,-2.380419e-10
6224,6224.000000,3,1.496687e-10,2.026701e-10,2.813030e-16,-1.874557e-19,-3.085654e-11
6225,6225.000000,3,1.462936e-10,2.010903e-10,2.813089e-16,-1.000227e-19,-9.061374e-11
6226,6226.000000,3,1.449223e-10,1.995524e-10,2.813148e-16,4.076015e-20,4.548861e-11
6227,6227.000000,3,1.458531e-10,1.980260e-10,2.813160e-16,-3.973776e-21,-8.291146e-12
6228,6228.000000,3,1.432596e-10,1.965383e-10,2.813268e-16,6.887437e-20,3.416156e-11
6229,6229.000000,3,1.417533e-10,1.950706e-10,2.813329e-16,1.062960e-19,-1.450976e-10
6230,6230.000000,3,1.403890e-10,1.936220e-10,2.813390e-16,-2.357200e-19,8.673762e-11
6231,6231.000000,3,1.396785e-10,1.922122e-10,2.813451e-16,1.370473e-20,-2.125619e-10
6232,6232.000000,3,1.364171e-10,1.908143e-10,3.516832e-16,-1.251756e-19,1.292595e-10
6233,6233.000000,3,1.344915e-10,1.894320e-10,2.813575e-16,1.070339e-19,-1.303394e-10
6234,6234.000000,3,1.322533e-10,1.880902e-10,2.813637e-16,1.049990e-19,-2.772849e-11
6235,6235.000000,3,1.318625e-10,1.867482e-10,3.517125e-16,-2.663191e-20,-1.043547e-10
6236,6236.000000,3,1.296740e-10,1.854314e-10,2.813763e-16,5.975222e-20,-1.400938e-10
6237,6237.000000,3,1.303349e-10,1.841363e-10,2.813827e-16,1.397042e-19,-1.455808e-10
6238,6238.000000,3,1.267182e-10,1.828553e-10,2.813891e-16,-1.216849e-19,-1.071983e-10
6239,6239.000000,3,1.245652e-10,1.815879e-10,2.813955e-16,-5.150026e-20,1.502318e-10
6240,6240.000000,3,1.256453e-10,1.803442e-10,2.814020e-16,1.676100e-19,-1.914890e-11
6241,6241.000000,3,1.263274e-10,1.817702e-10,2.814085e-16,-5.154328e-20,-1.340510e-10
6242,6242.000000,3,1.281677e-10,1.842357e-10,2.814150e-16,1.544512e-20,-1.304334e-10
6243,6243.000000,3,1.260929e-10,1.851710e-10,2.814216e-16,2.742931e-20,1.106675e-10
6244,6244.000000,3,1.292193e-10,1.859000e-10,2.814282e-16,-9.564524e-20,1.638245e-11
6245,6245.000000,3,1.280682e-10,1.862894e-10,2.814349e-16,1.655321e-19,4.893441e-11
6246,6246.000000,3,1.302212e-10,1.865659e-10,2.814415e-16,3.382507e-20,-3.371758e-11
6247,6247.000000,3,1.291767e-10,1.866980e-10,2.814483e-16,-5.432922e-20,6.641077e-11
6248,6248.000000,3,1.297877e-10,1.867759e-10,2.814550e-16,1.429401e-19,1.609833e-10
6249,6249.000000,3,1.289209e-10,1.867735e-10,2.814574e-16,-7.119709e-20,-4.084688e-11
6250,6250.000000,3,1.280540e-10,1.867180e-10,2.814686e-16,2.975203e-20,6.641554e-11
6251,6251.000000,3,1.294254e-10,1.866143e-10,2.814754e-16,-6.962545e-20,-4.904277e-11
6252,6252.000000,3,1.283382e-10,1.864833e-10,2.814823e-16,9.200565e-20,-1.013157e-10
6253,6253.000000,3,1.282174e-10,1.863294e-10,2.814892e-16,1.374443e-19,1.853976e-10
6254,6254.000000,3,1.271232e-10,1.861307e-10,2.814961e-16,5.343256e-20,2.598921e-11
6255,6255.000000,3,1.267608e-10,1.859166e-10,2.815031e-16,1.128638e-19,7.714773e-11
6256,6256.000000,3,1.272866e-10,1.856850e-10,2.815100e-16,6.415282e-20,-8.102652e-11
6257,6257.000000,3,1.293898e-10,1.854368e-10,2.815170e-16,1.023057e-20,-4.635514e-11
6258,6258.000000,3,1.279759e-10,1.851677e-10,2.815241e-16,-1.469966e-19,2.512146e-11
6259,6259.000000,3,1.265619e-10,1.848874e-10,3.519085e-16,1.044299e-19,2.010704e-10
6260,6260.000000,3,1.266187e-10,1.846017e-10,2.815381e-16,5.887541e-20,2.634085e-10
6261,6261.000000,3,1.251124e-10,1.843048e-10,2.815452e-16,-3.430153e-20,-2.194767e-11
6262,6262.000000,3,1.250697e-10,1.839988e-10,2.815523e-16,-1.369216e-19,-1.456809e-10
6263,6263.000000,3,1.245937e-10,1.836926e-10,2.815594e-16,2.225381e-19,-9.801271e-11
6264,6264.000000,3,1.260716e-10,1.833729e-10,2.815666e-16,1.045225e-19,-2.753219e-10
6265,6265.000000,3,1.262848e-10,1.830491e-10,2.815737e-16,-6.451678e-20,-1.289528e-10
6266,6266.000000,3,1.258371e-10,1.827132e-10,2.815767e-16,-1.212316e-19,3.157113e-10
6267,6267.000000,3,1.237197e-10,1.823854e-10,2.815881e-16,-5.995074e-20,-1.713079e-10
6268,6268.000000,3,1.252829e-10,1.820337e-10,2.815953e-16,-5.671481e-20,5.757284e-12
6269,6269.000000,3,1.246434e-10,1.816960e-10,2.816026e-16,7.208052e-20,8.359635e-11
6270,6270.000000,3,1.209486e-10,1.813476e-10,2.816098e-16,1.403560e-20,-1.017044e-10
6271,6271.000000,3,1.237694e-10,1.810083e-10,2.816171e-16,5.140431e-20,-1.869401e-10
6272,6272.000000,3,1.213181e-10,1.806508e-10,2.816244e-16,-8.699293e-20,-2.935430e-12
6273,6273.000000,3,1.215241e-10,1.803029e-10,2.816317e-16,-5.888533e-20,-4.186751e-11
6274,6274.000000,3,1.210125e-10,1.799541e-10,3.520435e-16,-7.078350e-20,-1.975117e-10
6275,6275.000000,3,1.201599e-10,1.795890e-10,2.816463e-16,8.297283e-20,2.267080e-10
6276,6276.000000,3,1.195914e-10,1.792386e-10,2.816537e-16,-5.131829e-21,-1.472320e-10
6277,6277.000000,3,1.179004e-10,1.788696e-10,3.520763e-16,-7.611716e-20,-5.094580e-11
6278,6278.000000,3,1.175167e-10,1.785132e-10,3.520855e-16,-7.115077e-20,8.093315e-11
6279,6279.000000,3,1.186251e-10,1.781584e-10,2.816758e-16,-4.327147e-20,2.526798e-10
6280,6280.000000,3,1.193925e-10,1.778089e-10,2.816832e-16,1.492896e-19,9.587886e-12
6281,6281.000000,3,1.183906e-10,1.774416e-10,2.816907e-16,1.255065e-19,3.026468e-12
6282,6282.000000,3,1.159464e-10,1.770752e-10,2.816981e-16,-5.977207e-20,1.186047e-10
6283,6283.000000,3,1.159961e-10,1.767060e-10,2.817015e-16,-1.282295e-19,2.457812e-11
6284,6284.000000,3,1.175238e-10,1.763545e-10,3.521362e-16,1.165696e-19,9.001877e-11
6285,6285.000000,3,1.182912e-10,1.759917e-10,2.817205e-16,2.136045e-19,7.317480e-11
6286,6286.000000,3,1.171614e-10,1.756335e-10,2.817281e-16,-1.035432e-19,-5.949718e-11
6287,6287.000000,3,1.150084e-10,1.752711e-10,2.817315e-16,-2.363851e-19,1.030076e-11
6288,6288.000000,3,1.162377e-10,1.749045e-10,2.817431e-16,1.076824e-19,-7.692158e-11
6289,6289.000000,3,1.152713e-10,1.745448e-10,2.817507e-16,-1.308798e-19,-8.028023e-13
6290,6290.000000,3,1.146105e-10,1.741809e-10,2.817583e-16,-1.166788e-19,1.891531e-11
6291,6291.000000,3,1.127916e-10,1.738183e-10,2.817658e-16,-1.008499e-20,4.224021e-11
6292,6292.000000,3,1.147313e-10,1.734695e-10,2.817734e-16,9.236960e-20,-2.395506e-11
6293,6293.000000,3,1.115410e-10,1.731091e-10,2.817811e-16,1.313265e-19,2.796063e-11
6294,6294.000000,3,1.132747e-10,1.727560e-10,2.817887e-16,1.950128e-19,-2.348418e-10
6295,6295.000000,3,1.122942e-10,1.723928e-10,2.817963e-16,8.141442e-20,-1.331716e-10
6296,6296.000000,3,1.134453e-10,1.720410e-10,3.522500e-16,-3.067847e-20,-5.438849e-11
6297,6297.000000,3,1.114770e-10,1.716709e-10,3.522646e-16,2.725064e-20,-3.638090e-12
6298,6298.000000,3,1.132392e-10,1.713243e-10,2.818194e-16,-6.790822e-20,-2.465317e-11
6299,6299.000000,3,1.111928e-10,1.709710e-10,2.818271e-16,1.661707e-19,7.207612e-11
6300,6300.000000,3,1.077325e-10,1.706177e-10,3.522885e-16,-7.391686e-21,-4.950063e-11
6301,6301.000000,3,1.084004e-10,1.659173e-10,2.818425e-16,2.322723e-21,-2.085875e-10
6302,6302.000000,3,1.044000e-10,1.595304e-10,2.818503e-16,1.473705e-20,8.577306e-11
6303,6303.000000,3,9.690382e-11,1.556695e-10,3.523176e-16,-1.547920e-19,2.605122e-10
6304,6304.000000,3,9.752199e-11,1.522178e-10,2.818658e-16,2.754842e-20,2.407086e-10
6305,6305.000000,3,9.369927e-11,1.493103e-10,2.818736e-16,1.495146e-19,-1.329856e-10
6306,6306.000000,3,9.147527e-11,1.466005e-10,2.818814e-16,-4.994186e-20,8.690670e-11
6307,6307.000000,3,8.758150e-11,1.441482e-10,2.818892e-16,-4.718238e-21,-7.476797e-12
6308,6308.000000,3,8.611067e-11,1.418401e-10,3.523713e-16,-1.185515e-20,8.024603e-11
6309,6309.000000,3,8.311929e-11,1.396712e-10,2.819049e-16,-3.189608e-21,2.342748e-11
6310,6310.000000,3,8.108003e-11,1.376002e-10,3.523861e-16,-2.053691e-19,4.754630e-11
6311,6311.000000,3,8.104450e-11,1.356399e-10,2.819207e-16,-1.535777e-19,-5.145129e-11
6312,6312.000000,3,7.791101e-11,1.337412e-10,2.819286e-16,5.105359e-21,-9.621970e-11
6313,6313.000000,3,7.928236e-11,1.319287e-10,2.819366e-16,-4.936614e-21,4.820355e-11
6314,6314.000000,3,7.329248e-11,1.301634e-10,2.819445e-16,1.675140e-19,-2.565725e-12
6315,6315.000000,3,7.452172e-11,1.284655e-10,2.819526e-16,-1.912442e-21,-1.013285e-10
6316,6316.000000,3,7.516121e-11,1.268150e-10,2.819606e-16,-6.723324e-21,8.208489e-11
6317,6317.000000,3,7.188561e-11,1.252132e-10,2.819687e-16,-3.808340e-21,-1.643756e-10
6318,6318.000000,3,7.397460e-11,1.236300e-10,2.819768e-16,-1.289575e-19,-1.634715e-10
6319,6319.000000,3,6.764367e-11,1.221121e-10,2.819849e-16,4.727172e-20,2.077434e-10
6320,6320.000000,3,6.763656e-11,1.206220e-10,2.819931e-16,-4.441960e-20,2.392633e-10
6321,6321.000000,3,6.833289e-11,1.191538e-10,2.820013e-16,5.776368e-20,-8.108347e-11
6322,6322.000000,3,6.630785e-11,1.177312e-10,3.525073e-16,1.547291e-19,1.406544e-10
6323,6323.000000,3,6.218670e-11,1.163152e-10,2.820178e-16,-1.951617e-19,1.212653e-10
6324,6324.000000,3,6.300382e-11,1.149294e-10,3.327294e-16,-1.632888e-19,-1.091293e-10
6325,6325.000000,3,6.043166e-11,1.135820e-10,2.820344e-16,1.035498e-19,-1.937351e-10
6326,6326.000000,3,5.959322e-11,1.122580e-10,3.525490e-16,-5.360130e-21,6.017087e-11
6327,6327.000000,3,5.780265e-11,1.109441e-10,2.820512e-16,3.854331e-20,-3.195444e-12
6328,6328.000000,3,5.756107e-11,1.096538e-10,2.820597e-16,-5.463693e-20,-2.966771e-11
6329,6329.000000,3,5.554313e-11,1.083817e-10,2.820681e-16,-1.359885e-20,-2.056667e-10
6330,6330.000000,3,5.340439e-11,1.071394e-10,2.820731e-16,8.228131e-20,1.730561e-10
6331,6331.000000,3,5.444178e-11,1.059008e-10,2.820852e-16,-2.143457e-19,1.235131e-10
6332,6332.000000,3,4.886402e-11,1.046780e-10,2.820938e-16,-8.474631e-20,-1.440081e-11
6333,6333.000000,3,5.106671e-11,1.034888e-10,2.821024e-16,7.390362e-20,-4.419465e-11
6334,6334.000000,3,4.946799e-11,1.023019e-10,2.821111e-16,-7.627929e-20,-1.061271e-10
6335,6335.000000,3,4.948930e-11,1.011295e-10,2.821198e-16,6.008971e-20,-2.523104e-11
6336,6336.000000,3,4.882139e-11,9.997625e-11,2.821285e-16,-5.573543e-20,-1.252747e-10
6337,6337.000000,3,4.508394e-11,9.881673e-11,3.526673e-16,-8.307209e-20,-1.444080e-10
6338,6338.000000,3,4.637002e-11,9.770784e-11,3.526784e-16,5.085176e-20,5.088008e-11
6339,6339.000000,3,4.300915e-11,9.658985e-11,2.821550e-16,6.611820e-20,5.719403e-11
6340,6340.000000,3,4.392575e-11,9.548584e-11,2.821638e-16,2.441175e-20,-1.779688e-12
6341,6341.000000,3,4.468603e-11,9.439671e-11,2.821728e-16,-8.694992e-20,-1.392215e-10
6342,6342.000000,3,4.222045e-11,9.331358e-11,2.821817e-16,-5.986802e-20,-4.032452e-11
6343,6343.000000,3,3.989697e-11,9.223466e-11,3.327115e-16,5.965627e-20,1.314817e-10
6344,6344.000000,3,4.022382e-11,9.118417e-11,2.821997e-16,-1.433405e-19,-8.305090e-11
6345,6345.000000,3,3.864642e-11,9.012435e-11,3.327103e-16,-6.647223e-20,5.377432e-11
6346,6346.000000,3,3.995382e-11,8.908141e-11,2.822179e-16,6.556895e-20,2.210343e-11
6347,6347.000000,3,3.720402e-11,8.804868e-11,2.822270e-16,1.513145e-19,1.082096e-10
6348,6348.000000,3,3.689138e-11,8.702061e-11,2.822361e-16,-2.078539e-20,-1.421864e-10
6349,6349.000000,3,3.639400e-11,8.601075e-11,2.822453e-16,-6.573770e-20,1.558753e-11
6350,6350.000000,3,3.609557e-11,8.501289e-11,3.528142e-16,7.304005e-20,-2.901785e-10
6351,6351.000000,3,3.463896e-11,8.401724e-11,2.822638e-16,-2.022622e-20,1.912425e-10
6352,6352.000000,3,3.443290e-11,8.303602e-11,3.528414e-16,5.695304e-20,6.861878e-11
6353,6353.000000,3,3.527134e-11,8.205081e-11,3.528492e-16,1.794651e-20,-3.160872e-11
6354,6354.000000,3,3.334577e-11,8.108159e-11,2.822918e-16,1.905493e-20,6.819334e-11
6355,6355.000000,3,3.288392e-11,8.011947e-11,3.528766e-16,-4.815515e-20,-1.148748e-11
6356,6356.000000,3,3.137757e-11,7.915268e-11,2.823107e-16,-5.390571e-20,-7.692502e-11
6357,6357.000000,3,3.085177e-11,7.820788e-11,2.823202e-16,1.007506e-20,3.369860e-11
6358,6358.000000,3,3.021228e-11,7.727374e-11,3.529121e-16,9.635331e-20,-1.046796e-10
6359,6359.000000,3,2.896172e-11,7.632561e-11,3.327067e-16,-4.194798e-20,7.777667e-11
6360,6360.000000,3,2.797407e-11,7.540524e-11,2.823488e-16,2.931859e-20,-1.680767e-11
6361,6361.000000,3,2.621903e-11,7.639245e-11,2.823584e-16,-1.340231e-19,9.532919e-11
6362,6362.000000,3,2.798117e-11,7.812240e-11,3.529600e-16,-9.761724e-20,-9.118994e-11
6363,6363.000000,3,3.257128e-11,7.876011e-11,2.823777e-16,1.065607e-19,-6.779211e-11
6364,6364.000000,3,3.228706e-11,7.921974e-11,3.529842e-16,8.368752e-20,3.666356e-11
6365,6365.000000,3,3.082334e-11,7.946865e-11,2.823971e-16,1.338345e-19,-1.122350e-10
6366,6366.000000,3,3.151968e-11,7.961409e-11,2.824069e-16,1.941294e-19,-1.077417e-10
6367,6367.000000,3,2.962253e-11,7.965717e-11,2.824167e-16,-7.146840e-21,-7.347256e-11
6368,6368.000000,3,2.807354e-11,7.964718e-11,2.824265e-16,3.219056e-20,1.510170e-11
6369,6369.000000,3,3.020517e-11,7.958234e-11,2.824335e-16,-1.200405e-20,-1.800323e-10
6370,6370.000000,3,2.962963e-11,7.947487e-11,2.824434e-16,7.716272e-20,1.737528e-10
6371,6371.000000,3,3.125677e-11,7.931855e-11,3.530667e-16,2.048165e-19,7.605272e-11
6372,6372.000000,3,3.061018e-11,7.914425e-11,2.824662e-16,-1.648141e-19,-5.230871e-11
6373,6373.000000,3,2.982858e-11,7.894063e-11,3.530916e-16,-1.842131e-19,-1.427626e-10
6374,6374.000000,3,2.951595e-11,7.871281e-11,2.824861e-16,-2.031522e-19,4.983869e-11
6375,6375.000000,3,3.007017e-11,7.847478e-11,3.531167e-16,-4.683828e-20,1.414879e-10
6376,6376.000000,3,2.813039e-11,7.822298e-11,2.825062e-16,-2.512015e-19,1.367381e-10
6377,6377.000000,3,2.615508e-11,7.793277e-11,3.531418e-16,-2.003762e-20,1.336421e-10
6378,6378.000000,3,2.879830e-11,7.765588e-11,2.825263e-16,-4.808897e-20,-4.695266e-11
6379,6379.000000,3,2.940936e-11,7.735390e-11,2.825364e-16,1.737278e-19,2.284739e-11
6380,6380.000000,3,2.720668e-11,7.704126e-11,3.531798e-16,-2.641353e-20,5.054568e-11
6381,6381.000000,3,2.806644e-11,7.672529e-11,2.825567e-16,-2.703226e-20,1.629004e-10
6382,6382.000000,3,2.614087e-11,7.639467e-11,2.825669e-16,2.584112e-20,2.240488e-10
6383,6383.000000,3,2.451372e-11,7.606960e-11,2.825771e-16,2.140082e-20,3.150447e-11
6384,6384.000000,3,2.660983e-11,7.572742e-11,2.825873e-16,1.075599e-19,1.212112e-10
6385,6385.000000,3,2.798117e-11,7.538614e-11,2.825976e-16,3.675991e-21,-2.007750e-10
6386,6386.000000,3,2.760459e-11,7.501977e-11,2.826078e-16,-7.655722e-20,-1.082173e-10
6387,6387.000000,3,2.616929e-11,7.466250e-11,2.826181e-16,-1.445614e-19,-1.474043e-11
6388,6388.000000,3,2.598455e-11,7.430190e-11,2.826284e-16,-1.135785e-19,-3.162359e-12
6389,6389.000000,3,2.486189e-11,7.393175e-11,3.532951e-16,-5.020655e-20,1.033681e-10
6390,6390.000000,3,2.493294e-11,7.356804e-11,2.826491e-16,-8.606649e-20,3.107525e-11
6391,6391.000000,3,2.464873e-11,7.317635e-11,2.826595e-16,-8.731388e-20,-4.125289e-11
6392,6392.000000,3,2.509637e-11,7.280798e-11,2.826698e-16,1.864796e-20,7.750989e-11
6393,6393.000000,3,2.292921e-11,7.242029e-11,2.826802e-16,-1.038476e-19,5.271050e-11
6394,6394.000000,3,2.344080e-11,7.204171e-11,3.533601e-16,-1.226643e-19,9.261913e-11
6395,6395.000000,3,2.239631e-11,7.164624e-11,2.827011e-16,-3.606177e-20,1.771716e-11
6396,6396.000000,3,2.476952e-11,7.124967e-11,2.827116e-16,-1.114345e-19,8.925527e-11
6397,6397.000000,3,2.215472e-11,7.086887e-11,2.827221e-16,-3.876168e-20,-6.345480e-12
6398,6398.000000,3,2.254552e-11,7.047363e-11,2.827326e-16,2.249931e-20,-2.517153e-11
6399,6399.000000,3,2.096812e-11,7.008083e-11,3.534257e-16,-8.101407e-20,1.193993e-10
6400,6400.000000,3,2.229683e-11,6.967982e-11,2.827536e-16,-9.458976e-20,-9.889378e-11
6401,6401.000000,3,2.008704e-11,6.929168e-11,2.827642e-16,-5.108006e-20,4.652922e-11
6402,6402.000000,3,2.103917e-11,6.888290e-11,2.827747e-16,1.263436e-19,1.825173e-10
6403,6403.000000,3,2.061995e-11,6.848055e-11,2.827853e-16,-2.247946e-20,3.979983e-11
6404,6404.000000,3,2.042810e-11,6.807643e-11,2.827935e-16,-7.173972e-20,9.778200e-11
6405,6405.000000,3,2.216183e-11,6.766943e-11,2.828066e-16,-2.151331e-20,-1.741599e-10
6406,6406.000000,3,2.162182e-11,6.726131e-11,2.828172e-16,1.250697e-19,-8.364054e-11
6407,6407.000000,3,1.912781e-11,6.685541e-11,2.828279e-16,-8.149053e-20,1.367794e-10
6408,6408.000000,3,2.018652e-11,6.644507e-11,3.326921e-16,-1.547820e-19,-2.188644e-10
6409,6409.000000,3,2.145129e-11,6.604939e-11,2.828493e-16,-6.511566e-20,2.034728e-10
6410,6410.000000,3,2.148681e-11,6.563772e-11,2.828600e-16,1.188493e-19,1.106337e-12
6411,6411.000000,3,1.786304e-11,6.522671e-11,2.828708e-16,1.302346e-19,4.622036e-11
6412,6412.000000,3,2.000178e-11,6.481393e-11,2.828815e-16,8.410442e-20,-3.479927e-11
6413,6413.000000,3,1.816858e-11,6.441514e-11,2.828923e-16,9.949328e-21,1.395606e-11
6414,6414.000000,3,1.855938e-11,6.400724e-11,2.829031e-16,2.792562e-20,9.952150e-12
6415,6415.000000,3,1.926281e-11,6.358403e-11,3.536394e-16,6.505941e-20,-5.236400e-11
6416,6416.000000,3,1.576694e-11,6.318790e-11,3.536530e-16,3.718342e-20,1.320239e-10
6417,6417.000000,3,1.816858e-11,6.276801e-11,2.829356e-16,-9.505960e-20,-1.264152e-10
6418,6418.000000,3,1.723066e-11,6.236434e-11,2.829465e-16,-3.290194e-20,9.127887e-11
6419,6419.000000,3,1.814726e-11,6.194822e-11,2.829574e-16,-4.019105e-20,1.690870e-13
6420,6420.000000,3,1.703881e-11,6.154632e-11,2.829683e-16,-2.457388e-20,-8.180367e-11
6421,6421.000000,3,1.541878e-11,6.106804e-11,2.829792e-16,-5.962318e-20,2.575984e-11
6422,6422.000000,3,1.404743e-11,6.057799e-11,2.829902e-16,-8.452131e-20,-2.262501e-11
6423,6423.000000,3,1.456613e-11,6.011436e-11,2.829988e-16,-7.481021e-21,1.310432e-10
6424,6424.000000,3,1.545430e-11,5.964451e-11,3.537622e-16,-5.823682e-20,1.519431e-10
6425,6425.000000,3,1.659117e-11,5.920664e-11,2.830231e-16,7.265624e-20,8.537770e-11
6426,6426.000000,3,1.478639e-11,5.876677e-11,2.830341e-16,1.907975e-19,3.254086e-11
6427,6427.000000,3,1.362821e-11,5.830625e-11,2.830452e-16,-3.834478e-20,1.723599e-11
6428,6428.000000,3,1.119105e-11,5.786549e-11,2.830562e-16,1.954992e-19,2.493036e-10
6429,6429.000000,3,1.674749e-11,5.744094e-11,3.538312e-16,3.455630e-20,-3.026668e-11
6430,6430.000000,3,1.296030e-11,5.699241e-11,3.538479e-16,-1.314886e-19,-9.266676e-11
6431,6431.000000,3,1.203659e-11,5.656831e-11,2.830894e-16,3.750437e-20,4.868239e-11
6432,6432.000000,3,1.175948e-11,5.612621e-11,2.831006e-16,6.522154e-20,-3.546308e-11
6433,6433.000000,3,1.227818e-11,5.569234e-11,2.831117e-16,3.609816e-20,7.126422e-11
6434,6434.000000,3,1.437428e-11,5.526180e-11,2.831228e-16,5.307522e-20,2.287946e-10
6435,6435.000000,3,1.103473e-11,5.482925e-11,3.539147e-16,3.868889e-20,-6.663670e-12
6436,6436.000000,3,1.243450e-11,5.439738e-11,2.831452e-16,-5.473950e-20,8.118384e-11
6437,6437.000000,3,1.438138e-11,5.398348e-11,2.831564e-16,1.724142e-19,-1.211241e-10
6438,6438.000000,3,1.063682e-11,5.355472e-11,3.539567e-16,-1.552817e-19,1.954190e-10
6439,6439.000000,3,1.045919e-11,5.311995e-11,2.831788e-16,-8.930573e-20,8.011081e-11
6440,6440.000000,3,1.340794e-11,5.269674e-11,2.831901e-16,-2.292283e-20,3.206957e-11
6441,6441.000000,3,1.056577e-11,5.227085e-11,2.832014e-16,-2.138229e-19,-9.156431e-11
6442,6442.000000,3,1.095657e-11,5.184586e-11,2.832127e-16,-2.146037e-20,1.549594e-11
6443,6443.000000,3,1.056577e-11,5.142797e-11,3.540299e-16,5.280721e-21,-1.556059e-10
6444,6444.000000,3,1.237765e-11,5.100298e-11,3.540414e-16,-2.918293e-20,-4.388567e-11
6445,6445.000000,3,8.988366e-12,5.057976e-11,2.832466e-16,1.000293e-19,-9.507040e-11
6446,6446.000000,3,7.354117e-12,5.015721e-11,2.832580e-16,1.789489e-19,-3.072553e-11
6447,6447.000000,3,9.862333e-12,4.974887e-11,3.540840e-16,5.969597e-20,1.131307e-10
6448,6448.000000,3,8.768097e-12,4.931922e-11,2.832807e-16,1.381392e-19,-3.999312e-11
6449,6449.000000,3,1.183054e-11,4.890643e-11,2.832922e-16,8.883920e-21,-1.620841e-10
6450,6450.000000,3,8.753887e-12,4.848766e-11,2.833036e-16,3.566141e-20,1.667851e-10
6451,6451.000000,3,8.959944e-12,4.807665e-11,2.833150e-16,4.560412e-20,-1.197227e-10
6452,6452.000000,3,7.069900e-12,4.765388e-11,2.833265e-16,-3.273319e-20,1.025396e-10
6453,6453.000000,3,9.379164e-12,4.724932e-11,2.833380e-16,1.415670e-19,-1.368027e-10
6454,6454.000000,3,7.986500e-12,4.682565e-11,2.833495e-16,-5.581815e-21,-3.948342e-11
6455,6455.000000,3,6.373568e-12,4.641709e-11,3.542012e-16,-1.704124e-19,8.657663e-11
6456,6456.000000,3,5.087486e-12,4.600165e-11,2.833725e-16,3.294164e-20,1.851740e-10
6457,6457.000000,3,5.790923e-12,4.559442e-11,3.542275e-16,2.430985e-19,-2.982137e-11
6458,6458.000000,3,5.911716e-12,4.517919e-11,2.833956e-16,-3.439748e-20,3.542067e-11
6459,6459.000000,3,3.929301e-12,4.475798e-11,2.834072e-16,7.142870e-20,2.536943e-10
6460,6460.000000,3,5.101697e-12,4.435519e-11,2.834188e-16,-1.100911e-19,1.021426e-10
6461,6461.000000,3,4.888534e-12,4.394707e-11,2.834304e-16,6.169444e-20,-5.954548e-11
6462,6462.000000,3,3.616663e-12,4.353962e-11,3.543025e-16,-2.161258e-20,-4.572565e-11
6463,6463.000000,3,7.034373e-12,4.312573e-11,2.834537e-16,-2.563598e-20,3.795864e-11
6464,6464.000000,3,4.156675e-12,4.271494e-11,2.834654e-16,5.608946e-20,2.461287e-11
6465,6465.000000,3,4.085621e-12,4.230594e-11,2.834770e-16,-9.607537e-20,-1.665219e-10
6466,6466.000000,3,4.796163e-12,4.189693e-11,2.834887e-16,-1.623888e-19,1.381140e-11
6467,6467.000000,3,5.456968e-12,4.149481e-11,2.835004e-16,-8.890868e-20,-1.674979e-10
6468,6468.000000,3,5.634604e-12,4.109624e-11,2.835122e-16,2.209896e-20,-9.955903e-11
6469,6469.000000,3,3.232969e-12,4.067635e-11,3.544049e-16,9.927160e-20,-6.834000e-11
6470,6470.000000,3,3.076650e-12,4.027467e-11,2.835357e-16,-9.900028e-20,1.559896e-10
6471,6471.000000,3,4.881429e-12,3.987610e-11,2.835475e-16,-7.189854e-21,2.047499e-10
6472,6472.000000,3,4.760636e-12,3.947309e-11,3.544467e-16,6.912914e-20,-2.036038e-10
6473,6473.000000,3,5.613288e-12,3.907852e-11,2.835711e-16,5.294287e-20,-2.356249e-11
6474,6474.000000,3,3.943512e-12,3.866973e-11,3.544763e-16,4.688460e-20,2.368694e-11
6475,6475.000000,3,6.899370e-12,3.827783e-11,2.835948e-16,1.704191e-19,3.540912e-11
6476,6476.000000,3,3.481659e-12,3.787171e-11,3.545060e-16,-7.023425e-20,-3.837164e-11
6477,6477.000000,3,4.561684e-12,3.746203e-11,2.836185e-16,-9.345487e-20,2.741307e-11
6478,6478.000000,3,4.575895e-12,3.707545e-11,2.836304e-16,-6.313704e-20,1.183523e-10
6479,6479.000000,3,4.483525e-12,3.667822e-11,2.836423e-16,-1.377322e-19,6.501466e-13
6480,6480.000000,3,2.579270e-12,3.627187e-11,2.836543e-16,3.581030e-20,-1.409162e-11
6481,6481.000000,3,9.933387e-12,5.639089e-11,3.545805e-16,-1.115602e-19,-2.814571e-11
6482,6482.000000,3,2.328449e-11,8.452306e-11,3.545977e-16,-2.734990e-20,6.905132e-11
6483,6483.000000,3,3.452527e-11,1.006040e-10,2.836902e-16,2.594038e-21,1.318712e-10
6484,6484.000000,3,4.460787e-11,1.148948e-10,2.837022e-16,9.603567e-20,1.663795e-10
6485,6485.000000,3,5.251621e-11,1.265921e-10,3.546427e-16,9.731945e-20,-3.428391e-11
6486,6486.000000,3,6.043877e-11,1.373122e-10,2.837262e-16,-6.254147e-20,-4.214140e-11
6487,6487.000000,3,6.786394e-11,1.468539e-10,2.837382e-16,7.663001e-21,-1.112886e-10
6488,6488.000000,3,7.412382e-11,1.557456e-10,2.837502e-16,-5.988788e-22,-8.399592e-11
6489,6489.000000,3,7.961631e-11,1.639378e-10,2.837623e-16,-1.131715e-19,5.389478e-11
6490,6490.000000,3,8.837020e-11,1.716802e-10,2.837742e-16,1.930970e-20,-1.892567e-10
6491,6491.000000,3,8.871126e-11,1.789544e-10,2.837862e-16,-1.373550e-19,1.039444e-10
6492,6492.000000,3,9.443824e-11,1.858718e-10,2.837981e-16,-1.268167e-19,-1.183031e-11
6493,6493.000000,3,1.011742e-10,1.924592e-10,3.547601e-16,5.703576e-20,-1.496703e-11
6494,6494.000000,3,1.075691e-10,1.987501e-10,2.838218e-16,7.045594e-20,-1.020263e-10
6495,6495.000000,3,1.112070e-10,2.047977e-10,2.838336e-16,4.625925e-20,8.415268e-12
6496,6496.000000,3,1.160601e-10,2.106078e-10,3.326668e-16,3.304421e-20,-1.285477e-10
6497,6497.000000,3,1.224407e-10,2.162133e-10,2.838570e-16,-2.216712e-19,1.773931e-10
6498,6498.000000,3,1.270948e-10,2.216227e-10,2.838686e-16,2.031953e-19,-7.893053e-11
6499,6499.000000,3,1.311378e-10,2.268647e-10,3.548501e-16,-7.361246e-20,3.432676e-11
6500,6500.000000,3,1.316565e-10,2.319576e-10,3.326457e-16,1.053960e-19,-1.357573e-10
6501,6501.000000,3,1.400906e-10,2.368976e-10,2.839028e-16,-6.282602e-20,-1.754572e-10
6502,6502.000000,3,1.450431e-10,2.416931e-10,3.326362e-16,4.990877e-20,1.556344e-11
6503,6503.000000,3,1.478355e-10,2.463683e-10,2.839253e-16,-6.452340e-20,8.007273e-11
6504,6504.000000,3,1.519354e-10,2.509155e-10,2.839364e-16,-1.573661e-19,1.190072e-10
6505,6505.000000,3,1.562341e-10,2.553591e-10,2.839474e-16,2.193352e-20,6.328715e-11
6506,6506.000000,3,1.612719e-10,2.597009e-10,2.839583e-16,1.256024e-19,-1.303514e-10
6507,6507.000000,3,1.626503e-10,2.639382e-10,2.839691e-16,-4.915107e-20,-2.277356e-11
6508,6508.000000,3,1.664162e-10,2.680705e-10,2.839799e-16,-3.052296e-20,-4.507306e-11
6509,6509.000000,3,1.727614e-10,2.721441e-10,3.549849e-16,2.579480e-20,7.507883e-12
6510,6510.000000,3,1.772946e-10,2.761091e-10,2.840010e-16,1.522707e-19,9.884193e-11
6511,6511.000000,3,1.844995e-10,2.799987e-10,2.840115e-16,9.016269e-20,-7.959833e-11
6512,6512.000000,3,1.845493e-10,2.838270e-10,2.840219e-16,6.604541e-20,2.011524e-11
6513,6513.000000,3,1.902478e-10,2.875764e-10,2.840321e-16,1.134395e-19,4.220813e-11
6514,6514.000000,3,1.909441e-10,2.912521e-10,3.550529e-16,5.353182e-20,3.011835e-11
6515,6515.000000,3,1.965716e-10,2.948728e-10,2.840524e-16,5.823352e-22,3.471667e-11
6516,6516.000000,3,1.994067e-10,2.984155e-10,3.550744e-16,1.019450e-19,2.409453e-10
6517,6517.000000,3,2.012541e-10,3.019198e-10,2.840723e-16,5.892173e-20,-6.026069e-11
6518,6518.000000,3,2.039044e-10,3.053460e-10,3.325272e-16,7.653075e-21,-3.793477e-11
6519,6519.000000,3,2.101430e-10,3.087355e-10,2.840918e-16,-2.103884e-19,-2.920419e-11
6520,6520.000000,3,2.136602e-10,3.120622e-10,2.841014e-16,-7.211691e-20,2.266320e-11
6521,6521.000000,3,2.189466e-10,3.153455e-10,2.841109e-16,-4.169652e-20,-1.722211e-11
6522,6522.000000,3,2.219522e-10,3.185636e-10,2.841203e-16,9.310745e-21,1.178583e-10
6523,6523.000000,3,2.261942e-10,3.217502e-10,2.841296e-16,2.883882e-20,2.522649e-11
6524,6524.000000,3,2.316014e-10,3.248772e-10,2.841388e-16,-1.368057e-19,-4.291689e-11
6525,6525.000000,3,2.357936e-10,3.279723e-10,3.551808e-16,-3.828854e-20,-1.628787e-10
6526,6526.000000,3,2.359997e-10,3.310161e-10,2.841570e-16,-9.235968e-20,3.237077e-11
6527,6527.000000,3,2.409308e-10,3.340235e-10,2.841660e-16,8.894177e-20,-9.509116e-11
6528,6528.000000,3,2.410943e-10,3.369982e-10,2.841748e-16,-9.529121e-21,1.208839e-10
6529,6529.000000,3,2.465015e-10,3.399201e-10,3.552295e-16,5.692326e-20,8.134926e-11
6530,6530.000000,3,2.497913e-10,3.428162e-10,2.841923e-16,9.835508e-20,-1.565573e-10
6531,6531.000000,3,2.518235e-10,3.456651e-10,2.842009e-16,8.958697e-20,-1.629474e-12
6532,6532.000000,3,2.569678e-10,3.484963e-10,3.324109e-16,-3.943666e-20,-1.373576e-10
6533,6533.000000,3,2.620340e-10,3.512786e-10,3.324020e-16,1.623392e-19,-5.636480e-11
6534,6534.000000,3,2.603642e-10,3.540361e-10,2.842261e-16,-4.041935e-20,1.074650e-10
6535,6535.000000,3,2.669438e-10,3.567555e-10,2.842343e-16,-2.027717e-19,-1.717515e-11
6536,6536.000000,3,2.696581e-10,3.594407e-10,2.842424e-16,-4.143513e-20,2.085415e-10
6537,6537.000000,3,2.758682e-10,3.621101e-10,3.323655e-16,-3.699483e-20,3.694212e-11
6538,6538.000000,3,2.770051e-10,3.647407e-10,2.842584e-16,-3.462247e-20,3.168266e-11
6539,6539.000000,3,2.815170e-10,3.673408e-10,2.842663e-16,2.191036e-20,-7.050194e-11
6540,6540.000000,3,2.847074e-10,3.699168e-10,3.553426e-16,-1.620546e-19,7.636092e-11
6541,6541.000000,3,2.687202e-10,3.463299e-10,2.842818e-16,1.324879e-19,7.191625e-11
6542,6542.000000,3,2.436522e-10,3.125540e-10,2.842894e-16,-1.585374e-19,1.578704e-11
6543,6543.000000,3,2.256400e-10,2.940617e-10,3.553711e-16,-5.904746e-20,-1.498801e-13
6544,6544.000000,3,2.099227e-10,2.778611e-10,2.843043e-16,-8.349230e-20,-1.951295e-11
6545,6545.000000,3,1.984972e-10,2.649145e-10,3.553844e-16,4.834705e-20,-1.820309e-10
6546,6546.000000,3,1.888765e-10,2.532152e-10,2.843147e-16,5.089477e-20,6.083722e-11
6547,6547.000000,3,1.792557e-10,2.429823e-10,2.843261e-16,1.015712e-19,2.055853e-10
6548,6548.000000,3,1.699263e-10,2.335632e-10,2.843333e-16,-5.092786e-20,-5.278400e-11
6549,6549.000000,3,1.619185e-10,2.250025e-10,2.843403e-16,8.452793e-20,3.226053e-11
6550,6550.000000,3,1.547704e-10,2.170124e-10,3.322768e-16,1.566912e-19,-1.328374e-10
6551,6551.000000,3,1.500595e-10,2.095901e-10,3.322744e-16,-1.757924e-20,-9.290180e-11
6552,6552.000000,3,1.417106e-10,2.025937e-10,2.843614e-16,-4.819816e-20,-1.673555e-10
6553,6553.000000,3,1.335394e-10,1.959943e-10,2.843684e-16,1.420435e-19,-2.537809e-10
6554,6554.000000,3,1.298233e-10,1.897673e-10,3.322632e-16,-4.265605e-20,-1.103102e-10
6555,6555.000000,3,1.264411e-10,1.838230e-10,2.843824e-16,-1.277597e-19,-4.086498e-11
6556,6556.000000,3,1.182912e-10,1.781717e-10,3.322566e-16,-1.009690e-19,8.368595e-11
6557,6557.000000,3,1.159961e-10,1.727516e-10,2.843965e-16,4.064766e-20,-1.546563e-11
6558,6558.000000,3,1.089262e-10,1.675602e-10,3.322506e-16,1.257579e-19,-1.234628e-10
6559,6559.000000,3,1.041371e-10,1.625702e-10,2.844108e-16,-9.695880e-20,1.049009e-10
6560,6560.000000,3,1.000657e-10,1.577749e-10,3.555171e-16,4.960106e-20,1.377892e-10
6561,6561.000000,3,9.512746e-11,1.531348e-10,2.844252e-16,-1.051446e-19,-7.062972e-11
6562,6562.000000,3,9.310241e-11,1.486751e-10,3.322404e-16,-1.809871e-20,7.041367e-12
6563,6563.000000,3,8.959233e-11,1.443246e-10,2.844397e-16,6.339843e-20,-1.783026e-10
6564,6564.000000,3,8.507328e-11,1.401366e-10,2.844471e-16,-1.331860e-19,-8.786305e-12
6565,6565.000000,3,8.211032e-11,1.360727e-10,3.555682e-16,-4.814522e-20,1.079072e-10
6566,6566.000000,3,7.879208e-11,1.321254e-10,2.844620e-16,-1.795478e-19,1.658904e-10
6567,6567.000000,3,7.288037e-11,1.282876e-10,3.555870e-16,1.131054e-19,4.155676e-11
6568,6568.000000,3,7.295853e-11,1.245608e-10,2.844772e-16,1.045887e-20,-8.586654e-11
6569,6569.000000,3,6.766498e-11,1.209182e-10,3.556011e-16,-4.298030e-21,-1.595668e-10
6570,6570.000000,3,6.638601e-11,1.173630e-10,3.556108e-16,-1.051843e-19,-7.617007e-11
6571,6571.000000,3,6.240697e-11,1.138996e-10,2.845004e-16,-2.347274e-19,-8.680168e-11
6572,6572.000000,3,6.036771e-11,1.105227e-10,2.845083e-16,1.874259e-19,-1.164728e-10
6573,6573.000000,3,5.838530e-11,1.072176e-10,2.845162e-16,-1.274685e-19,-6.502421e-11
6574,6574.000000,3,5.523759e-11,1.040072e-10,2.845242e-16,9.787201e-21,8.758605e-11
6575,6575.000000,3,5.158540e-11,1.008391e-10,2.845323e-16,2.045551e-19,3.086931e-11
6576,6576.000000,3,4.754952e-11,9.774359e-11,2.845404e-16,6.935082e-21,-1.672905e-10
6577,6577.000000,3,4.682477e-11,9.471712e-11,2.845486e-16,-1.339305e-19,-4.156664e-11
6578,6578.000000,3,4.266099e-11,9.175771e-11,2.845569e-16,9.033805e-20,2.743361e-13
6579,6579.000000,3,4.417444e-11,8.883627e-11,2.845652e-16,-4.658681e-20,-1.538391e-10
6580,6580.000000,3,3.924328e-11,8.598189e-11,2.845736e-16,1.580080e-19,-1.999958e-10
6581,6581.000000,3,3.684875e-11,8.317946e-11,3.557276e-16,2.587256e-19,1.192061e-10
6582,6582.000000,3,3.767298e-11,8.043544e-11,2.845906e-16,-4.641476e-20,8.498668e-11
6583,6583.000000,3,3.248601e-11,7.773004e-11,2.845993e-16,4.025061e-20,1.010025e-10
6584,6584.000000,3,3.296208e-11,7.506284e-11,3.322135e-16,-7.212684e-20,8.741785e-11
6585,6585.000000,3,2.955858e-11,7.244472e-11,3.557666e-16,-1.538490e-19,1.922351e-12
6586,6586.000000,3,2.923173e-11,6.987655e-11,3.322151e-16,-2.466653e-20,2.524829e-10
6587,6587.000000,3,2.627587e-11,6.735079e-11,2.846344e-16,6.377893e-20,1.313509e-10
6588,6588.000000,3,2.388845e-11,6.486434e-11,2.846434e-16,1.337055e-20,-9.478274e-11
6589,6589.000000,3,2.278000e-11,6.241296e-11,3.322135e-16,7.323526e-20,-1.043147e-10
6590,6590.000000,3,2.196998e-11,6.000156e-11,3.322156e-16,-8.228793e-20,1.460632e-11
6591,6591.000000,3,1.601563e-11,5.761236e-11,2.846707e-16,-8.642383e-20,4.560385e-11
6592,6592.000000,3,1.543299e-11,5.528378e-11,2.846799e-16,-6.955265e-20,1.390332e-12
6593,6593.000000,3,1.607248e-11,5.296075e-11,2.846892e-16,2.484851e-20,7.048617e-11
6594,6594.000000,3,1.405454e-11,5.068856e-11,3.322171e-16,-3.493018e-20,8.517897e-11
6595,6595.000000,3,1.084288e-11,4.844081e-11,3.558812e-16,-1.273263e-19,-8.125889e-11
6596,6596.000000,3,1.125500e-11,4.622058e-11,2.847175e-16,7.425435e-20,-4.687728e-11
6597,6597.000000,3,8.995471e-12,4.402900e-11,2.847271e-16,8.369744e-20,5.323508e-11
6598,6598.000000,3,1.028155e-11,4.186007e-11,3.322197e-16,9.799112e-20,-5.504797e-11
6599,6599.000000,3,9.400480e-12,3.974021e-11,2.847465e-16,-8.089496e-20,1.559408e-11
6600,6600.000000,3,8.455459e-12,3.763612e-11,2.847562e-16,-5.522920e-20,-7.451983e-11
6601,6601.000000,3,7.410961e-12,3.950151e-11,2.847661e-16,5.674790e-20,-1.998077e-10
6602,6602.000000,3,8.540724e-12,4.295586e-11,2.847760e-16,-1.145877e-19,7.422474e-11
6603,6603.000000,3,6.387779e-12,4.410161e-11,2.847859e-16,-2.829289e-20,3.154688e-11
6604,6604.000000,3,8.668621e-12,4.495337e-11,3.322238e-16,-7.875421e-20,2.662259e-11
6605,6605.000000,3,9.215739e-12,4.529599e-11,3.322224e-16,4.284796e-20,-1.829005e-10
6606,6606.000000,3,9.492851e-12,4.548628e-11,2.848162e-16,4.410527e-21,-1.268580e-10
6607,6607.000000,3,7.887024e-12,4.546385e-11,3.560296e-16,-1.031461e-19,-1.295185e-10
6608,6608.000000,3,7.517542e-12,4.533907e-11,3.560425e-16,3.956239e-20,1.606195e-10
6609,6609.000000,3,4.696687e-12,4.509015e-11,2.848470e-16,-9.116523e-20,4.940814e-11
6610,6610.000000,3,8.192558e-12,4.479972e-11,2.848574e-16,-9.980761e-20,-1.140875e-10
6611,6611.000000,3,6.949108e-12,4.441625e-11,2.848679e-16,1.215625e-20,4.018974e-11
6612,6612.000000,3,5.961454e-12,4.399370e-11,2.848784e-16,1.789357e-20,-6.943202e-11
6613,6613.000000,3,7.048584e-12,4.353296e-11,2.848889e-16,5.997721e-20,-7.972556e-11
6614,6614.000000,3,5.542233e-12,4.301737e-11,3.561212e-16,-2.370435e-19,2.078593e-10
6615,6615.000000,3,6.053824e-12,4.246270e-11,2.849101e-16,4.091897e-20,4.458101e-12
6616,6616.000000,3,6.515677e-12,4.190626e-11,2.849208e-16,5.293956e-23,6.933820e-11
6617,6617.000000,3,5.485390e-12,4.130429e-11,2.849315e-16,1.777082e-19,-2.161462e-10
6618,6618.000000,3,5.840661e-12,4.068967e-11,2.849423e-16,-2.460167e-19,9.990464e-11
6619,6619.000000,3,4.838796e-12,4.006018e-11,2.849531e-16,1.134859e-19,6.711320e-11
6620,6620.000000,3,2.792433e-12,3.942024e-11,2.849640e-16,1.365013e-19,-7.859791e-11
6621,6621.000000,3,4.824585e-12,3.876011e-11,2.849749e-16,-3.604853e-20,-9.589018e-11
6622,6622.000000,3,7.098322e-12,3.809619e-11,2.849858e-16,-3.670035e-20,1.085430e-10
6623,6623.000000,3,4.185097e-12,3.741740e-11,3.562431e-16,-5.823352e-22,-7.988377e-11
6624,6624.000000,3,5.158540e-12,3.672307e-11,2.850078e-16,-5.094109e-20,-9.929657e-11
6625,6625.000000,3,8.007817e-12,3.602474e-11,2.850189e-16,-7.898913e-20,-8.755696e-11
6626,6626.000000,3,9.592327e-12,3.532352e-11,3.322371e-16,-2.240005e-21,-8.860257e-11
6627,6627.000000,3,3.012701e-12,3.461609e-11,3.562985e-16,-8.627825e-20,9.200607e-11
6628,6628.000000,3,4.348522e-12,3.390510e-11,3.322368e-16,2.757158e-20,1.470976e-10
6629,6629.000000,3,5.471179e-12,3.319034e-11,2.850635e-16,7.737117e-20,1.146092e-10
6630,6630.000000,3,5.726974e-12,3.246647e-11,2.850747e-16,-3.871205e-21,3.968126e-11
6631,6631.000000,3,3.439027e-12,3.173639e-11,3.322412e-16,1.423479e-19,-1.612973e-10
6632,6632.000000,3,6.409095e-12,3.102563e-11,2.850973e-16,-1.043406e-19,-4.271528e-11
6633,6633.000000,3,6.451728e-12,3.029177e-11,3.322430e-16,-5.462701e-20,-1.422460e-10
6634,6634.000000,3,5.961454e-12,2.956013e-11,3.563973e-16,-6.378224e-20,-3.051837e-11
6635,6635.000000,3,7.410961e-12,2.883782e-11,3.322449e-16,6.229994e-20,-1.027773e-10
6636,6636.000000,3,5.066170e-12,2.809952e-11,3.322458e-16,-8.844215e-20,6.400391e-11
6637,6637.000000,3,5.250911e-12,2.736256e-11,2.851543e-16,-8.982851e-20,-3.070022e-11
6638,6638.000000,3,7.624124e-12,2.663758e-11,2.851659e-16,1.697540e-19,-1.526723e-11
6639,6639.000000,3,6.437517e-12,2.590284e-11,2.851774e-16,-1.413552e-19,-2.040658e-10
6640,6640.000000,3,7.503331e-12,2.517409e-11,2.851890e-16,-3.031782e-20,-1.408329e-11
6641,6641.000000,3,7.254641e-12,2.443734e-11,3.322490e-16,5.910702e-20,-5.437750e-11
6642,6642.000000,3,7.432277e-12,2.370637e-11,3.565153e-16,-1.600429e-19,1.075909e-10
6643,6643.000000,3,7.787548e-12,2.297895e-11,2.852239e-16,2.089988e-19,-2.326850e-11
6644,6644.000000,3,6.487255e-12,2.224132e-11,2.852356e-16,-2.710505e-20,-1.434632e-10
6645,6645.000000,3,9.627854e-12,2.151745e-11,2.852454e-16,-6.209810e-20,-1.819456e-10
6646,6646.000000,3,7.247536e-12,2.079559e-11,3.565715e-16,2.103686e-20,4.919531e-11
6647,6647.000000,3,7.553069e-12,2.005329e-11,2.852709e-16,3.846059e-20,-8.992784e-11
6648,6648.000000,3,7.943868e-12,1.933587e-11,2.852828e-16,-4.896909e-20,-2.439138e-11
6649,6649.000000,3,1.062261e-11,1.861866e-11,3.322601e-16,1.028384e-19,8.664480e-11
6650,6650.000000,3,1.065814e-11,1.788503e-11,3.322594e-16,-2.809105e-21,-9.196199e-12
6651,6651.000000,3,1.171685e-11,1.717071e-11,2.853185e-16,-5.950406e-20,1.913275e-11
6652,6652.000000,3,9.144685e-12,1.649414e-11,2.853304e-16,-5.136792e-20,-1.146301e-10
6653,6653.000000,3,1.151079e-11,1.597678e-11,2.853424e-16,-8.540805e-20,1.137661e-10
6654,6654.000000,3,1.341505e-11,1.547207e-11,3.566908e-16,8.220852e-20,1.301331e-10
6655,6655.000000,3,1.057288e-11,1.497913e-11,2.853665e-16,1.215625e-19,-3.494149e-12
6656,6656.000000,3,9.066525e-12,1.455902e-11,3.567232e-16,-1.243286e-19,-1.401971e-10
6657,6657.000000,3,1.295319e-11,1.420752e-11,2.853907e-16,-5.731369e-20,1.608262e-10
6658,6658.000000,3,1.346478e-11,1.386424e-11,3.322719e-16,-1.772483e-20,1.312304e-10
6659,6659.000000,3,1.241318e-11,1.352030e-11,3.567687e-16,6.457303e-20,-2.460143e-11
6660,6660.000000,3,1.173106e-11,1.319633e-11,2.854272e-16,-3.118471e-20,1.146844e-10
6661,6661.000000,3,1.136158e-11,1.753886e-11,2.854394e-16,4.969701e-21,-1.625106e-10
6662,6662.000000,3,4.675371e-12,2.720868e-11,2.854516e-16,2.187727e-20,1.565722e-10
6663,6663.000000,3,2.984279e-12,3.249934e-11,3.568278e-16,-2.398162e-20,-3.906969e-11
6664,6664.000000,3,2.579270e-12,3.714606e-11,2.854762e-16,-1.688640e-19,-6.948908e-11
6665,6665.000000,3,3.069545e-12,4.084066e-11,3.568586e-16,-4.189835e-20,2.776185e-11
6666,6666.000000,3,4.831691e-12,4.418999e-11,2.855009e-16,5.407776e-20,5.393286e-11
6667,6667.000000,3,6.366463e-12,4.710876e-11,3.568896e-16,3.030128e-20,1.557581e-10
6668,6668.000000,3,8.490986e-12,4.980882e-11,2.855257e-16,4.943893e-20,-1.587043e-10
6669,6669.000000,3,1.075762e-11,5.223710e-11,2.855382e-16,-9.948998e-20,1.554011e-10
6670,6670.000000,3,1.234213e-11,5.451462e-11,3.569362e-16,7.945566e-20,-7.643081e-11
6671,6671.000000,3,1.036682e-11,5.662137e-11,2.855631e-16,1.246065e-20,-1.513804e-10
6672,6672.000000,3,1.287503e-11,5.859602e-11,2.855755e-16,9.383206e-20,1.030349e-10
6673,6673.000000,3,1.507772e-11,6.044854e-11,2.855864e-16,-1.410178e-20,2.578132e-11
6674,6674.000000,3,1.376321e-11,6.220868e-11,2.856005e-16,-7.672596e-20,-7.938750e-11
6675,6675.000000,3,2.106049e-11,6.388401e-11,2.856130e-16,1.706606e-19,2.014866e-11
6676,6676.000000,3,1.962519e-11,6.546008e-11,2.856255e-16,2.600325e-20,-5.454664e-11
6677,6677.000000,3,1.947598e-11,6.698486e-11,2.856379e-16,-8.889875e-20,1.270424e-10
6678,6678.000000,3,2.251710e-11,6.842749e-11,3.322763e-16,4.503171e-20,1.699862e-11
6679,6679.000000,3,2.268763e-11,6.981238e-11,2.856629e-16,6.459619e-20,-3.744727e-11
6680,6680.000000,3,2.360423e-11,7.113576e-11,2.856753e-16,5.253259e-20,3.733702e-11
6681,6681.000000,3,1.968914e-11,7.241896e-11,3.571077e-16,2.175121e-19,-8.933260e-11
6682,6682.000000,3,2.463452e-11,7.365131e-11,3.571232e-16,-2.499740e-20,-5.421746e-11
6683,6683.000000,3,2.243183e-11,7.482082e-11,2.857127e-16,-1.555430e-19,2.813111e-11
6684,6684.000000,3,2.171419e-11,7.597478e-11,2.857251e-16,2.593046e-20,9.413398e-11
6685,6685.000000,3,2.388845e-11,7.708167e-11,2.857375e-16,3.605515e-20,6.363743e-12
6686,6686.000000,3,2.743406e-11,7.814149e-11,2.857499e-16,-7.976668e-20,-1.269899e-10
6687,6687.000000,3,2.648903e-11,7.919598e-11,3.322704e-16,-5.884894e-20,-1.006738e-10
6688,6688.000000,3,2.631140e-11,8.019230e-11,2.857747e-16,2.407426e-20,-1.222278e-11
6689,6689.000000,3,2.782485e-11,8.117440e-11,3.572338e-16,1.031726e-19,-1.248580e-10
6690,6690.000000,3,2.891198e-11,8.210854e-11,2.857994e-16,-2.233487e-19,-2.113015e-11
6691,6691.000000,3,2.865619e-11,8.303469e-11,2.858117e-16,-1.039204e-19,-1.393876e-10
6692,6692.000000,3,3.198153e-11,8.393375e-11,2.858223e-16,1.289872e-19,1.196153e-10
6693,6693.000000,3,2.913225e-11,8.479839e-11,3.322632e-16,1.949632e-19,-1.379058e-10
6694,6694.000000,3,3.128520e-11,8.565060e-11,3.573108e-16,-1.499745e-19,-1.095707e-11
6695,6695.000000,3,3.269207e-11,8.647838e-11,2.858609e-16,9.943704e-20,-1.418731e-10
6696,6696.000000,3,3.176837e-11,8.727707e-11,2.858732e-16,7.631568e-20,-1.033230e-10
6697,6697.000000,3,3.619505e-11,8.807910e-11,2.858855e-16,8.761166e-20,-1.013017e-10
6698,6698.000000,3,3.327472e-11,8.884027e-11,2.858977e-16,-1.001550e-20,3.749678e-11
6699,6699.000000,3,3.205258e-11,8.959122e-11,2.859099e-16,-3.204829e-20,-8.045925e-11
6700,6700.000000,3,3.406342e-11,9.030843e-11,2.859221e-16,-6.582372e-20,-5.379974e-11
6701,6701.000000,3,3.311840e-11,9.102852e-11,2.859343e-16,7.424773e-20,-1.440681e-11
6702,6702.000000,3,3.448974e-11,9.173418e-11,2.859465e-16,1.312802e-19,1.754006e-10
6703,6703.000000,3,3.853984e-11,9.240764e-11,2.859587e-16,7.429736e-20,7.359352e-11
6704,6704.000000,3,3.462475e-11,9.308021e-11,2.859708e-16,-6.144628e-20,1.424106e-10
6705,6705.000000,3,3.703349e-11,9.373746e-11,2.859830e-16,-1.733109e-20,-8.847439e-11
6706,6706.000000,3,3.863931e-11,9.437429e-11,2.859951e-16,-3.650513e-20,-3.318656e-11
6707,6707.000000,3,3.762324e-11,9.501200e-11,3.322494e-16,-9.588678e-21,1.037314e-10
6708,6708.000000,3,3.908696e-11,9.562728e-11,3.575218e-16,7.556460e-20,-5.896916e-11
6709,6709.000000,3,4.081357e-11,9.623746e-11,2.860314e-16,-2.898110e-20,-1.645946e-10
6710,6710.000000,3,4.118306e-11,9.681211e-11,3.575520e-16,4.474054e-20,-1.367153e-10
6711,6711.000000,3,4.013856e-11,9.739654e-11,3.575694e-16,-1.156696e-19,-8.204787e-11
6712,6712.000000,3,3.881695e-11,9.795942e-11,3.575821e-16,-1.117124e-19,-8.153539e-11
6713,6713.000000,3,3.932854e-11,9.853141e-11,2.860796e-16,-7.592525e-20,-1.357725e-10
6714,6714.000000,3,3.929301e-11,9.908652e-11,2.860916e-16,-4.731473e-20,1.480008e-10
6715,6715.000000,3,3.810641e-11,9.961543e-11,2.861036e-16,7.313931e-20,-1.457211e-10
6716,6716.000000,3,4.364153e-11,1.001406e-10,2.861156e-16,-7.221618e-20,-3.891976e-11
6717,6717.000000,3,4.261835e-11,1.006681e-10,2.861275e-16,-1.212647e-20,6.775536e-11
6718,6718.000000,3,4.032330e-11,1.011817e-10,3.576743e-16,-2.118244e-19,-1.700029e-11
6719,6719.000000,3,4.201439e-11,1.016829e-10,2.861514e-16,-7.613701e-20,6.772327e-11
6720,6720.000000,3,4.168044e-11,1.021740e-10,2.861634e-16,-1.406108e-19,-1.190179e-10
6721,6721.000000,3,4.321521e-11,1.061802e-10,2.861753e-16,-5.278736e-20,2.014714e-10
6722,6722.000000,3,4.777689e-11,1.115605e-10,3.322261e-16,1.953834e-19,1.343279e-10
6723,6723.000000,3,4.797585e-11,1.148592e-10,3.322261e-16,-1.704124e-19,-2.296618e-11
6724,6724.000000,3,5.010037e-11,1.178402e-10,3.322241e-16,1.032685e-19,1.358946e-11
6725,6725.000000,3,5.250200e-11,1.203724e-10,2.862228e-16,-5.734016e-20,4.378931e-11
6726,6726.000000,3,5.528733e-11,1.227147e-10,2.862347e-16,-1.975307e-20,1.153783e-10
6727,6727.000000,3,5.748291e-11,1.248737e-10,2.862465e-16,-2.150339e-20,-2.494844e-10
6728,6728.000000,3,5.689316e-11,1.268932e-10,2.862583e-16,-4.725187e-20,-1.300661e-10
6729,6729.000000,3,5.725553e-11,1.287979e-10,3.322111e-16,4.206379e-20,-9.638168e-11
6730,6730.000000,3,6.055956e-11,1.306151e-10,3.578524e-16,-5.122233e-20,8.880841e-11
6731,6731.000000,3,6.117773e-11,1.323452e-10,3.322063e-16,1.346948e-19,3.252365e-11
6732,6732.000000,3,6.276935e-11,1.340033e-10,3.322038e-16,-4.480010e-21,5.732514e-11
6733,6733.000000,3,6.262013e-11,1.356006e-10,2.863171e-16,8.926271e-20,1.093606e-10
6734,6734.000000,3,6.439649e-11,1.371521e-10,2.863288e-16,1.787339e-19,-1.757271e-10
6735,6735.000000,3,6.403411e-11,1.386480e-10,3.579256e-16,1.308600e-19,-6.835543e-11
6736,6736.000000,3,6.410517e-11,1.400839e-10,2.863522e-16,3.866242e-20,2.273164e-10
6737,6737.000000,3,6.659207e-11,1.415028e-10,2.863638e-16,2.847156e-20,8.940515e-11
6738,6738.000000,3,6.904344e-11,1.428622e-10,3.579666e-16,-9.296517e-20,-2.405374e-10
6739,6739.000000,3,7.196377e-11,1.442106e-10,3.321871e-16,-1.104551e-19,6.382106e-11
6740,6740.000000,3,7.013767e-11,1.455072e-10,2.863985e-16,7.114746e-20,-8.868772e-11
6741,6741.000000,3,7.026557e-11,1.467788e-10,3.580098e-16,3.327913e-20,-5.943590e-11
6742,6742.000000,3,7.300116e-11,1.480212e-10,3.321785e-16,1.111764e-19,-6.540279e-11
6743,6743.000000,3,7.535306e-11,1.492442e-10,2.864329e-16,-9.824590e-20,-1.895151e-11
6744,6744.000000,3,7.144507e-11,1.504317e-10,3.580554e-16,-8.132840e-21,4.407164e-11
6745,6745.000000,3,7.666046e-11,1.516134e-10,4.428928e-16,2.781974e-20,-5.884027e-11
6746,6746.000000,3,7.692336e-11,1.527414e-10,3.321666e-16,-9.002372e-20,5.644274e-11
6747,6747.000000,3,7.909051e-11,1.538780e-10,2.864785e-16,1.930474e-19,1.566666e-10
6748,6748.000000,3,7.678125e-11,1.549734e-10,3.321604e-16,3.945982e-20,1.507869e-10
6749,6749.000000,3,7.997869e-11,1.560756e-10,2.865011e-16,8.349230e-20,-4.164313e-11
6750,6750.000000,3,7.943157e-11,1.571394e-10,3.581404e-16,-1.204210e-19,1.854739e-12
6751,6751.000000,3,7.965184e-11,1.581826e-10,2.865235e-16,-4.115389e-20,6.704548e-11
6752,6752.000000,3,7.921841e-11,1.592220e-10,2.865347e-16,1.162851e-19,-1.697047e-10
6753,6753.000000,3,7.926104e-11,1.602338e-10,2.865459e-16,1.404420e-19,-5.396472e-11
6754,6754.000000,3,7.940315e-11,1.612426e-10,2.865570e-16,8.604333e-20,-2.376329e-10
6755,6755.000000,3,8.371615e-11,1.622151e-10,2.865681e-16,-1.110672e-19,3.151168e-11
6756,6756.000000,3,8.626699e-11,1.631966e-10,2.865792e-16,3.913226e-20,-1.780006e-10
6757,6757.000000,3,8.513013e-11,1.641485e-10,3.582349e-16,-2.852780e-20,-6.567635e-12
6758,6758.000000,3,8.750334e-11,1.650966e-10,3.321278e-16,1.074144e-19,-1.836963e-10
6759,6759.000000,3,8.688517e-11,1.660250e-10,2.866123e-16,1.544181e-20,3.643497e-11
6760,6760.000000,3,8.619594e-11,1.669467e-10,2.866232e-16,-2.478233e-21,-9.332612e-11
6761,6761.000000,3,8.825651e-11,1.678431e-10,2.866342e-16,9.875875e-20,-1.258911e-10
6762,6762.000000,3,9.262635e-11,1.687521e-10,2.866451e-16,-3.655477e-20,7.160217e-11
6763,6763.000000,3,8.829915e-11,1.696272e-10,2.866560e-16,8.945462e-20,3.490963e-11
6764,6764.000000,3,8.913048e-11,1.705038e-10,3.321069e-16,-2.893478e-20,-1.246667e-10
6765,6765.000000,3,9.080736e-11,1.713700e-10,3.583470e-16,5.946105e-20,5.520118e-11
6766,6766.000000,3,9.589485e-11,1.722202e-10,2.866884e-16,-1.017962e-19,-9.497814e-11
6767,6767.000000,3,9.055867e-11,1.730562e-10,3.320962e-16,-7.055851e-20,-1.505261e-10
6768,6768.000000,3,9.366374e-11,1.738882e-10,3.320925e-16,-1.011543e-19,4.565270e-11
6769,6769.000000,3,9.082157e-11,1.747069e-10,2.867181e-16,-2.673448e-20,2.430511e-11
6770,6770.000000,3,9.345769e-11,1.755189e-10,3.320852e-16,5.969928e-20,1.304676e-10
6771,6771.000000,3,9.413270e-11,1.763367e-10,2.867420e-16,1.643476e-19,4.857537e-11
6772,6772.000000,3,9.883649e-11,1.771323e-10,2.867526e-16,-3.365302e-20,-1.199185e-11
6773,6773.000000,3,9.453061e-11,1.779179e-10,3.584508e-16,1.181280e-19,1.199829e-11
6774,6774.000000,3,9.683987e-11,1.787008e-10,3.584672e-16,9.080127e-20,9.334167e-11
6775,6775.000000,3,9.747936e-11,1.794687e-10,2.867843e-16,-5.276089e-20,-1.605338e-11
6776,6776.000000,3,9.953283e-11,1.802420e-10,2.867948e-16,1.072026e-21,4.846989e-11
6777,6777.000000,3,9.917045e-11,1.809848e-10,3.320587e-16,1.700352e-20,-3.956380e-11
6778,6778.000000,3,1.016716e-10,1.817375e-10,3.585164e-16,-1.081125e-19,-1.440511e-10
6779,6779.000000,3,1.029505e-10,1.824818e-10,2.868236e-16,-1.434563e-19,-9.629686e-11
6780,6780.000000,3,1.032134e-10,1.831986e-10,3.585425e-16,3.078104e-20,-6.857825e-11
6781,6781.000000,3,9.284662e-11,1.697955e-10,3.585555e-16,-4.384057e-21,-6.489209e-11
6782,6782.000000,3,8.316192e-11,1.508713e-10,3.585684e-16,4.538575e-20,6.959933e-11
6783,6783.000000,3,7.689493e-11,1.402372e-10,2.868678e-16,-9.919881e-20,1.136378e-10
6784,6784.000000,3,6.715339e-11,1.308353e-10,3.320367e-16,-3.206152e-20,1.807654e-11
6785,6785.000000,3,6.371437e-11,1.232132e-10,3.586070e-16,1.742473e-19,-4.455047e-11
6786,6786.000000,3,6.060219e-11,1.162599e-10,3.586199e-16,2.418014e-20,-1.063065e-10
6787,6787.000000,3,5.481127e-11,1.101190e-10,3.320317e-16,-1.275016e-19,5.883305e-11
6788,6788.000000,3,5.091039e-11,1.044012e-10,3.586489e-16,2.938146e-20,7.295675e-11
6789,6789.000000,3,4.360601e-11,9.917134e-11,3.586617e-16,1.366502e-21,1.461959e-10
6790,6790.000000,3,4.506973e-11,9.424839e-11,2.869396e-16,1.821253e-19,7.776157e-11
6791,6791.000000,3,3.881695e-11,8.963519e-11,2.869498e-16,9.142000e-21,-1.758738e-10
6792,6792.000000,3,3.458211e-11,8.526735e-11,3.320268e-16,9.153250e-20,3.277589e-11
6793,6793.000000,3,3.301892e-11,8.111978e-11,2.869704e-16,7.353305e-20,-1.084629e-10
6794,6794.000000,3,3.203837e-11,7.715162e-11,2.869807e-16,-1.472448e-19,1.440958e-12
6795,6795.000000,3,2.815170e-11,7.337175e-11,2.869910e-16,-2.007534e-19,-3.272638e-11
6796,6796.000000,3,2.636114e-11,6.973289e-11,2.870013e-16,-6.159849e-20,-7.235990e-11
6797,6797.000000,3,2.488321e-11,6.624346e-11,2.870117e-16,-6.954935e-21,-8.134804e-11
6798,6798.000000,3,2.111733e-11,6.288259e-11,3.587744e-16,7.087614e-20,2.698054e-10
6799,6799.000000,3,1.698197e-11,5.962986e-11,2.870326e-16,1.980601e-20,4.885892e-11
6800,6800.000000,3,1.756462e-11,5.647927e-11,2.870431e-16,1.395586e-19,-8.988266e-11
6801,6801.000000,3,1.364242e-11,5.342504e-11,3.320253e-16,-5.153335e-20,-1.051328e-10
6802,6802.000000,3,1.264056e-11,5.046674e-11,2.870643e-16,6.074484e-20,1.370348e-10
6803,6803.000000,3,1.452349e-11,4.758482e-11,3.588405e-16,4.566037e-20,7.354539e-11
6804,6804.000000,3,9.407586e-12,4.476575e-11,3.588570e-16,9.588347e-20,3.610967e-11
6805,6805.000000,3,1.053024e-11,4.204792e-11,2.870964e-16,-2.370369e-20,1.299513e-10
6806,6806.000000,3,1.053024e-11,3.939271e-11,3.320276e-16,6.445391e-21,7.332884e-11
6807,6807.000000,3,3.396394e-12,3.678280e-11,2.871180e-16,-8.084532e-20,-1.407868e-11
6808,6808.000000,3,7.439382e-12,3.425082e-11,2.871289e-16,-6.057609e-20,1.613026e-10
6809,6809.000000,3,5.307754e-12,3.176126e-11,2.871399e-16,-1.183861e-20,3.407274e-11
6810,6810.000000,3,7.382539e-12,2.932943e-11,2.871509e-16,5.071279e-20,9.421708e-11
6811,6811.000000,3,6.984635e-12,2.694622e-11,4.427065e-16,6.915892e-20,-5.157430e-12
6812,6812.000000,3,7.773338e-12,2.463119e-11,2.871730e-16,8.238719e-22,-4.472922e-12
6813,6813.000000,3,6.920686e-12,2.233369e-11,2.871819e-16,2.191367e-20,-2.463418e-12
6814,6814.000000,3,8.057555e-12,2.008593e-11,2.871954e-16,1.150575e-19,4.270073e-11
6815,6815.000000,3,9.826806e-12,1.788147e-11,3.590084e-16,-1.831378e-20,5.948581e-11
6816,6816.000000,3,7.716494e-12,1.613842e-11,3.320358e-16,-9.852383e-20,-2.084422e-10
6817,6817.000000,3,9.627854e-12,1.485345e-11,2.872295e-16,3.236261e-20,-1.353079e-11
6818,6818.000000,3,1.228528e-11,1.386335e-11,2.872409e-16,9.922859e-21,-3.124562e-11
6819,6819.000000,3,1.220712e-11,1.323630e-11,2.872524e-16,-6.455318e-20,1.667627e-11
6820,6820.000000,3,1.099210e-11,1.263412e-11,2.872640e-16,7.546203e-20,-8.598333e-11
6821,6821.000000,3,1.320188e-11,1.230016e-11,2.872756e-16,-6.525462e-20,1.333282e-10
6822,6822.000000,3,1.362110e-11,1.197908e-11,2.872873e-16,-9.101634e-20,1.533773e-12
6823,6823.000000,3,1.505640e-11,1.177036e-11,3.320484e-16,-5.430937e-20,1.641520e-11
6824,6824.000000,3,1.463007e-11,1.162515e-11,3.591360e-16,1.540839e-19,2.841651e-10
6825,6825.000000,3,1.719513e-11,1.148859e-11,3.591509e-16,5.572881e-20,3.887751e-11
6826,6826.000000,3,1.767120e-11,1.140243e-11,3.591658e-16,-7.156767e-20,1.115292e-10
6827,6827.000000,3,2.020784e-11,1.140132e-11,3.320557e-16,-1.120896e-19,1.601419e-11
6828,6828.000000,3,2.198419e-11,1.140399e-11,2.873585e-16,-1.330140e-19,1.180334e-11
6829,6829.000000,3,2.251710e-11,1.139822e-11,2.873706e-16,-1.501498e-20,4.987727e-11
6830,6830.000000,3,1.988809e-11,1.139244e-11,3.592283e-16,7.325512e-21,-3.713363e-11
6831,6831.000000,3,2.319211e-11,1.301403e-11,2.873948e-16,-3.259753e-20,-5.258793e-11
6832,6832.000000,3,2.492584e-11,1.471778e-11,2.874053e-16,2.570216e-20,-1.003186e-11
6833,6833.000000,3,2.721379e-11,1.641731e-11,2.874194e-16,-2.097730e-20,-1.418805e-10
6834,6834.000000,3,2.612666e-11,1.807976e-11,2.874317e-16,1.093731e-19,9.382384e-12
6835,6835.000000,3,2.382450e-11,1.973910e-11,3.593051e-16,-4.557103e-20,-5.238476e-12
6836,6836.000000,3,2.344791e-11,2.138134e-11,3.320752e-16,1.798721e-19,-9.365525e-11
6837,6837.000000,3,2.823697e-11,2.301515e-11,2.874690e-16,-1.980105e-19,1.364067e-10
6838,6838.000000,3,2.872014e-11,2.459988e-11,2.874816e-16,9.372287e-20,1.079871e-10
6839,6839.000000,3,2.874145e-11,2.619482e-11,2.874942e-16,-1.214963e-20,-5.419126e-11
6840,6840.000000,3,2.861356e-11,2.775558e-11,3.320850e-16,-2.771055e-20,1.207590e-11
6841,6841.000000,3,2.316369e-11,7.645662e-12,2.875196e-16,3.128728e-20,9.121853e-11
6842,6842.000000,3,1.154632e-11,2.313261e-11,2.875323e-16,-5.443510e-20,2.855743e-11
6843,6843.000000,3,2.948752e-12,3.974954e-11,2.875451e-16,-8.916676e-20,9.276568e-11
6844,6844.000000,3,8.498091e-12,5.441003e-11,3.320868e-16,-9.700843e-20,-7.312068e-11
6845,6845.000000,3,1.293898e-11,6.622791e-11,2.875709e-16,4.282810e-20,-7.864326e-11
6846,6846.000000,3,2.012257e-11,7.697842e-11,2.875839e-16,-2.129130e-19,-1.683876e-10
6847,6847.000000,3,2.547296e-11,8.644307e-11,2.875968e-16,5.004774e-20,4.982570e-11
6848,6848.000000,3,2.824407e-11,9.521006e-11,2.876099e-16,-1.156994e-19,2.292294e-11
6849,6849.000000,3,3.718981e-11,1.032363e-10,3.595269e-16,-1.133403e-19,-8.504664e-11
6850,6850.000000,3,3.958434e-11,1.107556e-10,2.876360e-16,5.347226e-20,-5.002371e-11
6851,6851.000000,3,4.568790e-11,1.177900e-10,3.320759e-16,-2.447462e-20,-1.429603e-10
6852,6852.000000,3,5.193357e-11,1.244258e-10,2.876621e-16,1.011973e-19,-7.971068e-12
6853,6853.000000,3,5.419309e-11,1.307150e-10,2.876751e-16,-6.484765e-20,-5.918138e-11
6854,6854.000000,3,5.977085e-11,1.367197e-10,2.876881e-16,-5.395203e-20,-7.658085e-11
6855,6855.000000,3,5.937295e-11,1.424270e-10,2.877011e-16,5.915996e-20,1.819489e-11
6856,6856.000000,3,6.393464e-11,1.479008e-10,2.877141e-16,-7.539255e-20,1.410350e-10
6857,6857.000000,3,6.698286e-11,1.531653e-10,4.427446e-16,1.224591e-19,-7.169199e-11
6858,6858.000000,3,7.202772e-11,1.582188e-10,2.877398e-16,-1.377487e-19,-7.614093e-11
6859,6859.000000,3,7.385381e-11,1.631089e-10,3.320514e-16,1.756932e-20,-9.016249e-11
6860,6860.000000,3,7.915446e-11,1.678091e-10,2.877654e-16,1.280806e-20,-1.733009e-10
6861,6861.000000,3,8.238032e-11,1.723703e-10,2.877781e-16,9.717056e-20,-4.239631e-11
6862,6862.000000,3,8.637357e-11,1.767970e-10,2.877907e-16,-1.317831e-19,-1.341021e-10
6863,6863.000000,3,8.930812e-11,1.810796e-10,2.878032e-16,2.470623e-20,8.394396e-11
6864,6864.000000,3,9.329426e-11,1.852536e-10,2.878157e-16,9.209498e-20,-1.018490e-10
6865,6865.000000,3,9.573853e-11,1.893090e-10,2.878282e-16,1.298640e-19,8.445378e-11
6866,6866.000000,3,9.618617e-11,1.932481e-10,2.878405e-16,-1.569526e-19,-1.025950e-10
6867,6867.000000,3,1.006342e-10,1.970986e-10,2.878528e-16,-9.240931e-20,-1.542387e-10
6868,6868.000000,3,1.045777e-10,2.008473e-10,2.878650e-16,3.415925e-20,-1.512853e-10
6869,6869.000000,3,1.069225e-10,2.045126e-10,3.320064e-16,8.788298e-20,-8.173995e-11
6870,6870.000000,3,1.106670e-10,2.081020e-10,3.598615e-16,-2.189713e-19,1.472326e-10
6871,6871.000000,3,1.128697e-10,2.116045e-10,3.319984e-16,8.793923e-20,1.245907e-10
6872,6872.000000,3,1.150653e-10,2.150264e-10,3.319933e-16,-9.601913e-21,5.187484e-11
6873,6873.000000,3,1.200320e-10,2.183860e-10,2.879250e-16,9.545664e-21,-4.549516e-11
6874,6874.000000,3,1.188809e-10,2.216696e-10,2.879367e-16,8.340958e-20,1.984722e-10
6875,6875.000000,3,1.234355e-10,2.248981e-10,2.879484e-16,-2.054717e-20,-8.034695e-11
6876,6876.000000,3,1.263558e-10,2.280585e-10,3.319718e-16,7.409884e-20,-6.592815e-11
6877,6877.000000,3,1.277911e-10,2.311673e-10,2.879715e-16,-2.875776e-19,-1.836715e-10
6878,6878.000000,3,1.304059e-10,2.342151e-10,2.879830e-16,-1.166986e-19,-2.693752e-10
6879,6879.000000,3,1.341505e-10,2.372100e-10,2.879944e-16,-9.797127e-21,1.803391e-11
6880,6880.000000,3,1.366018e-10,2.401452e-10,2.880057e-16,-8.917007e-20,-7.450263e-12
6881,6881.000000,3,1.384208e-10,2.430400e-10,3.600211e-16,-3.592942e-20,-9.751100e-11
6882,6882.000000,3,1.419878e-10,2.458844e-10,3.319370e-16,-3.482430e-20,-3.277612e-11
6883,6883.000000,3,1.467271e-10,2.486897e-10,2.880391e-16,-1.006811e-19,-2.857088e-10
6884,6884.000000,3,1.489369e-10,2.514462e-10,2.880500e-16,1.041520e-19,-1.167098e-10
6885,6885.000000,3,1.470823e-10,2.541514e-10,2.880609e-16,4.423762e-21,1.597503e-10
6886,6886.000000,3,1.547491e-10,2.568215e-10,2.880718e-16,-1.075732e-19,-2.793032e-11
6887,6887.000000,3,1.579110e-10,2.594702e-10,2.880825e-16,4.613352e-20,7.145962e-11
6888,6888.000000,3,1.531575e-10,2.620595e-10,3.601132e-16,-8.208940e-20,-8.988699e-11
6889,6889.000000,3,1.586002e-10,2.646199e-10,2.881038e-16,6.215104e-20,1.314090e-10
6890,6890.000000,3,1.612364e-10,2.671434e-10,2.881143e-16,1.097172e-20,1.224576e-13
6891,6891.000000,3,1.638725e-10,2.696370e-10,3.318776e-16,8.578856e-20,2.062092e-10
6892,6892.000000,3,1.661817e-10,2.720957e-10,2.881351e-16,-5.052419e-21,3.665579e-11
6893,6893.000000,3,1.702034e-10,2.745104e-10,2.881453e-16,-3.251812e-20,-1.251643e-11
6894,6894.000000,3,1.728253e-10,2.769027e-10,2.881555e-16,3.603860e-20,-1.269007e-11
6895,6895.000000,3,1.737774e-10,2.792679e-10,2.881657e-16,9.113876e-20,-1.060912e-10
6896,6896.000000,3,1.763922e-10,2.815981e-10,2.881757e-16,9.457983e-20,-1.474654e-11
6897,6897.000000,3,1.810605e-10,2.838958e-10,2.881827e-16,-8.905096e-20,-1.000976e-10
6898,6898.000000,3,1.831708e-10,2.861877e-10,3.602407e-16,7.329482e-20,2.988054e-11
6899,6899.000000,3,1.845635e-10,2.884395e-10,3.602529e-16,8.164934e-20,1.371545e-10
6900,6900.000000,3,1.841514e-10,2.906593e-10,3.318162e-16,3.862272e-20,-2.143852e-11
6901,6901.000000,3,1.798668e-10,2.765936e-10,2.882248e-16,-2.782305e-20,8.074941e-11
6902,6902.000000,3,1.656701e-10,2.561658e-10,2.882344e-16,7.408560e-20,1.274303e-11
6903,6903.000000,3,1.578186e-10,2.452636e-10,2.882439e-16,2.987776e-21,-2.686895e-11
6904,6904.000000,3,1.506351e-10,2.357614e-10,2.882534e-16,-4.649748e-20,-7.452372e-11
6905,6905.000000,3,1.429541e-10,2.282949e-10,3.317876e-16,-9.685623e-20,5.230705e-11
6906,6906.000000,3,1.385345e-10,2.215874e-10,2.882721e-16,-7.720242e-20,1.760403e-10
6907,6907.000000,3,1.332765e-10,2.157945e-10,2.882813e-16,-6.534065e-20,-1.961951e-10
6908,6908.000000,3,1.285301e-10,2.104816e-10,2.882905e-16,-3.699813e-20,-1.083471e-10
6909,6909.000000,3,1.289351e-10,2.057037e-10,3.317690e-16,-1.446441e-19,-1.071025e-10
6910,6910.000000,3,1.232294e-10,2.012774e-10,3.603860e-16,1.757362e-19,1.683409e-11
6911,6911.000000,3,1.191935e-10,1.971983e-10,3.603931e-16,9.733931e-20,8.254419e-11
6912,6912.000000,3,1.166356e-10,1.933746e-10,3.317566e-16,-9.894404e-20,-1.473519e-10
6913,6913.000000,3,1.156977e-10,1.898137e-10,2.883359e-16,1.324713e-19,-4.083034e-11
6914,6914.000000,3,1.139355e-10,1.864473e-10,3.604312e-16,-3.169094e-20,-7.985945e-11
6915,6915.000000,3,1.131681e-10,1.832552e-10,3.604424e-16,-1.150608e-19,-8.729084e-11
6916,6916.000000,3,1.058211e-10,1.802536e-10,2.883595e-16,1.209272e-19,1.083765e-10
6917,6917.000000,3,1.047411e-10,1.773859e-10,2.883719e-16,-8.688043e-20,-1.968964e-10
6918,6918.000000,3,1.052243e-10,1.746574e-10,2.883809e-16,1.018623e-19,-1.163134e-10
6919,6919.000000,3,1.007905e-10,1.720515e-10,3.317309e-16,-3.041709e-20,5.461609e-11
6920,6920.000000,3,9.811885e-11,1.695613e-10,2.883989e-16,-7.293417e-20,-2.801671e-10
6921,6921.000000,3,9.803358e-11,1.671474e-10,3.605056e-16,3.101927e-20,4.062495e-11
6922,6922.000000,3,9.659118e-11,1.648575e-10,3.605169e-16,-1.194846e-19,-1.996756e-10
6923,6923.000000,3,9.344348e-11,1.626350e-10,3.317161e-16,2.413051e-20,-2.683742e-11
6924,6924.000000,3,9.105605e-11,1.604956e-10,3.605396e-16,3.189608e-21,-6.343748e-11
6925,6925.000000,3,8.958523e-11,1.584470e-10,2.884442e-16,7.948544e-20,5.264000e-11
6926,6926.000000,3,8.832757e-11,1.564366e-10,2.884533e-16,1.518141e-19,1.128122e-10
6927,6927.000000,3,8.759571e-11,1.545153e-10,2.884624e-16,9.787201e-20,6.851308e-11
6928,6928.000000,3,8.448353e-11,1.526377e-10,3.317013e-16,-1.671236e-20,-3.017808e-11
6929,6929.000000,3,8.523671e-11,1.508316e-10,2.884807e-16,1.520027e-20,-2.048107e-10
6930,6930.000000,3,8.046896e-11,1.490676e-10,3.606082e-16,4.556773e-20,-2.871403e-10
6931,6931.000000,3,8.149925e-11,1.473643e-10,2.884991e-16,3.657462e-20,8.103962e-12
6932,6932.000000,3,7.985790e-11,1.457072e-10,2.885084e-16,-3.977084e-21,5.896916e-11
6933,6933.000000,3,7.590728e-11,1.440865e-10,2.885176e-16,-1.151932e-19,5.745271e-11
6934,6934.000000,3,7.770495e-11,1.425062e-10,2.885269e-16,-6.164150e-20,1.309288e-10
6935,6935.000000,3,7.723600e-11,1.409683e-10,2.885363e-16,-1.531277e-20,-3.882494e-11
6936,6936.000000,3,7.460699e-11,1.394760e-10,3.606779e-16,-1.614557e-19,-1.629963e-10
6937,6937.000000,3,7.047163e-11,1.380132e-10,2.885550e-16,4.151123e-20,8.471457e-11
6938,6938.000000,3,7.192824e-11,1.365765e-10,3.316756e-16,8.292651e-20,3.191825e-11
6939,6939.000000,3,7.184298e-11,1.351914e-10,2.885738e-16,4.020429e-20,-5.576040e-11
6940,6940.000000,3,7.235457e-11,1.338323e-10,2.885833e-16,-5.677768e-20,-4.814804e-11
6941,6941.000000,3,7.116796e-11,1.324858e-10,2.885928e-16,6.942031e-20,5.566325e-12
6942,6942.000000,3,6.797762e-11,1.311786e-10,3.316665e-16,-6.823578e-20,7.323109e-11
6943,6943.000000,3,6.723155e-11,1.299099e-10,3.316663e-16,3.736871e-20,1.050788e-10
6944,6944.000000,3,6.658496e-11,1.286555e-10,2.886214e-16,9.636654e-20,8.443457e-11
6945,6945.000000,3,6.969003e-11,1.274245e-10,3.316601e-16,-7.305990e-20,-3.595169e-11
6946,6946.000000,3,6.603074e-11,1.262159e-10,2.886407e-16,6.974125e-20,1.166690e-10
6947,6947.000000,3,6.212275e-11,1.250440e-10,3.316579e-16,-2.155169e-19,-1.179651e-10
6948,6948.000000,3,6.257750e-11,1.238840e-10,2.886600e-16,-3.242879e-20,6.553214e-11
6949,6949.000000,3,6.171774e-11,1.227520e-10,2.886697e-16,-8.987152e-20,1.365386e-10
6950,6950.000000,3,6.225065e-11,1.216267e-10,2.886795e-16,-1.993605e-19,-2.820573e-10
6951,6951.000000,3,6.077983e-11,1.205305e-10,2.886893e-16,7.487970e-20,-1.612807e-10
6952,6952.000000,3,5.781686e-11,1.194402e-10,2.886991e-16,-2.165228e-20,-7.658674e-11
6953,6953.000000,3,5.622525e-11,1.183853e-10,3.608861e-16,-5.363108e-20,2.905676e-11
6954,6954.000000,3,5.724132e-11,1.173448e-10,3.608947e-16,-1.206096e-19,1.286323e-10
6955,6955.000000,3,5.528022e-11,1.163127e-10,2.887287e-16,-8.473638e-21,1.475849e-10
6956,6956.000000,3,5.704948e-11,1.153178e-10,2.887386e-16,1.344235e-19,-4.098022e-11
6957,6957.000000,3,5.443468e-11,1.143243e-10,3.609357e-16,-3.563494e-21,1.995337e-11
6958,6958.000000,3,5.345413e-11,1.133360e-10,2.887585e-16,-7.969058e-20,-5.893175e-11
6959,6959.000000,3,5.316281e-11,1.123728e-10,2.887685e-16,-2.017328e-20,4.802447e-11
6960,6960.000000,3,5.299228e-11,1.114171e-10,2.887785e-16,-3.693858e-20,-3.851375e-11
6961,6961.000000,3,5.324807e-11,1.116935e-10,2.887886e-16,1.474367e-20,-9.082823e-11
6962,6962.000000,3,5.255885e-11,1.124565e-10,2.887987e-16,-6.348446e-20,1.925882e-11
6963,6963.000000,3,5.209699e-11,1.124991e-10,3.316273e-16,-1.041586e-20,-1.416532e-10
6964,6964.000000,3,5.298517e-11,1.124822e-10,2.888189e-16,-7.012506e-20,-2.078306e-10
6965,6965.000000,3,5.312728e-11,1.122973e-10,3.316258e-16,1.149351e-19,-6.048606e-11
6966,6966.000000,3,5.075407e-11,1.120903e-10,2.888393e-16,-1.990527e-20,3.478084e-11
6967,6967.000000,3,4.973799e-11,1.118101e-10,3.316224e-16,1.010682e-19,2.066217e-10
6968,6968.000000,3,5.309175e-11,1.115046e-10,2.888598e-16,1.290567e-19,-5.189404e-12
6969,6969.000000,3,5.135092e-11,1.111684e-10,2.888700e-16,1.299997e-20,6.573064e-11
6970,6970.000000,3,5.229595e-11,1.108056e-10,3.316174e-16,-1.730793e-20,1.497511e-10
6971,6971.000000,3,5.081802e-11,1.104359e-10,2.888907e-16,-1.195111e-20,8.069645e-11
6972,6972.000000,3,5.096013e-11,1.100569e-10,2.889010e-16,-5.525236e-20,3.792122e-11
6973,6973.000000,3,4.778400e-11,1.096743e-10,3.316106e-16,-9.449711e-20,7.161860e-11
6974,6974.000000,3,5.199041e-11,1.092748e-10,2.889218e-16,-1.481315e-20,1.652466e-10
6975,6975.000000,3,4.890666e-11,1.088825e-10,2.889322e-16,1.330702e-19,-4.959266e-11
6976,6976.000000,3,5.013590e-11,1.084752e-10,3.316058e-16,-1.381921e-19,4.245770e-11
6977,6977.000000,3,5.107381e-11,1.080618e-10,3.316061e-16,-1.181809e-19,1.192492e-10
6978,6978.000000,3,5.231726e-11,1.076397e-10,3.316026e-16,1.323985e-19,-4.416334e-11
6979,6979.000000,3,4.874323e-11,1.072396e-10,2.889740e-16,-1.003205e-20,-3.649958e-11
6980,6980.000000,3,4.925482e-11,1.068245e-10,2.889845e-16,1.284413e-19,-7.268397e-11
6981,6981.000000,3,4.811085e-11,1.064033e-10,2.889951e-16,1.065045e-19,-7.434875e-11
6982,6982.000000,3,4.849454e-11,1.059828e-10,2.890056e-16,-1.301486e-19,1.620305e-10
6983,6983.000000,3,4.946088e-11,1.055673e-10,2.890162e-16,-3.106890e-21,-6.853806e-11
6984,6984.000000,3,4.564527e-11,1.051474e-10,3.612801e-16,1.132476e-19,-1.801062e-10
6985,6985.000000,3,4.635581e-11,1.047411e-10,2.890374e-16,-1.025009e-19,-1.435239e-10
6986,6986.000000,3,4.879297e-11,1.043270e-10,2.890480e-16,7.072063e-20,3.292133e-11
6987,6987.000000,3,4.783374e-11,1.039013e-10,3.613200e-16,1.003668e-19,4.022427e-11
6988,6988.000000,3,4.702372e-11,1.035072e-10,2.890693e-16,1.086882e-19,6.516765e-11
6989,6989.000000,3,4.454392e-11,1.030802e-10,2.890799e-16,-1.536802e-19,3.341649e-11
6990,6990.000000,3,4.529710e-11,1.026750e-10,3.315865e-16,-1.275777e-19,2.134055e-10
6991,6991.000000,3,4.634160e-11,1.022646e-10,2.891013e-16,1.631862e-20,-1.341136e-10
6992,6992.000000,3,4.646949e-11,1.018601e-10,3.613869e-16,-2.060474e-19,-1.346085e-10
6993,6993.000000,3,4.435918e-11,1.014477e-10,2.891228e-16,7.878399e-20,1.177525e-11
6994,6994.000000,3,4.420286e-11,1.010481e-10,2.891336e-16,-1.648803e-19,3.052938e-10
6995,6995.000000,3,4.371969e-11,1.006522e-10,2.891443e-16,1.734763e-20,-2.201606e-10
6996,6996.000000,3,4.348522e-11,1.002496e-10,3.614407e-16,-9.073840e-20,-2.132101e-10
6997,6997.000000,3,4.289546e-11,9.985990e-11,2.891659e-16,5.661224e-21,-9.143653e-11
6998,6998.000000,3,4.679634e-11,9.947043e-11,3.614678e-16,-2.418014e-20,1.631051e-11
6999,6999.000000,3,4.276046e-11,9.906165e-11,2.891876e-16,3.062057e-19,-7.553780e-11
7000,7000.000000,3,4.272493e-11,9.866929e-11,2.891985e-16,4.781104e-21,5.533474e-11
7001,7001.000000,3,4.194334e-11,9.828871e-11,2.892093e-16,-2.722748e-20,1.456827e-10
7002,7002.000000,3,4.237677e-11,9.789636e-11,2.892202e-16,-9.519194e-20,2.108969e-11
7003,7003.000000,3,3.852563e-11,9.752310e-11,3.315689e-16,-3.613125e-20,2.009526e-11
7004,7004.000000,3,4.120437e-11,9.714363e-11,2.892420e-16,-2.286261e-19,2.089864e-10
7005,7005.000000,3,4.134648e-11,9.675416e-11,2.892530e-16,-5.222157e-20,5.217915e-11
7006,7006.000000,3,4.175149e-11,9.638379e-11,3.315651e-16,1.911714e-19,-5.854606e-11
7007,7007.000000,3,4.042278e-11,9.600032e-11,3.615936e-16,1.619884e-19,-9.685119e-11
7008,7008.000000,3,4.042988e-11,9.563528e-11,2.892859e-16,8.139457e-21,6.750511e-11
7009,7009.000000,3,3.916512e-11,9.526424e-11,2.892969e-16,4.198107e-20,1.567979e-11
7010,7010.000000,3,4.133227e-11,9.489409e-11,3.315582e-16,-1.173008e-19,-9.313517e-11
7011,7011.000000,3,3.993250e-11,9.452150e-11,2.893189e-16,6.812990e-20,-2.417844e-12
7012,7012.000000,3,3.903722e-11,9.415513e-11,4.420770e-16,1.775791e-20,-7.868695e-11
7013,7013.000000,3,4.118306e-11,9.378520e-11,2.893410e-16,-5.738317e-20,6.065082e-11
7014,7014.000000,3,3.720402e-11,9.344059e-11,3.616871e-16,-1.862910e-19,1.699930e-10
7015,7015.000000,3,3.691270e-11,9.307244e-11,3.315523e-16,2.187793e-19,-2.197487e-11
7016,7016.000000,3,3.902301e-11,9.271273e-11,2.893742e-16,-8.020343e-20,-5.419692e-11
7017,7017.000000,3,3.905853e-11,9.236678e-11,3.315519e-16,-1.907710e-19,5.237960e-11
7018,7018.000000,3,3.794298e-11,9.200707e-11,3.315507e-16,-1.498851e-20,-5.923723e-11
7019,7019.000000,3,3.458211e-11,9.167223e-11,2.894076e-16,-7.492602e-20,2.095141e-10
7020,7020.000000,3,3.817746e-11,9.131851e-11,3.315466e-16,-3.424859e-20,-2.425271e-11
7021,7021.000000,3,3.633716e-11,8.581180e-11,2.894299e-16,-2.170489e-19,-4.729850e-11
7022,7022.000000,3,3.448974e-11,7.832957e-11,3.315470e-16,-2.537790e-20,-6.053996e-11
7023,7023.000000,3,2.692246e-11,7.386869e-11,2.894523e-16,9.013291e-20,6.761325e-11
7024,7024.000000,3,2.577139e-11,6.984724e-11,2.894635e-16,-1.120896e-19,9.613510e-11
7025,7025.000000,3,2.310685e-11,6.648215e-11,2.894747e-16,-8.781349e-21,-1.539845e-10
7026,7026.000000,3,2.102496e-11,6.336665e-11,2.894860e-16,4.849925e-20,3.563760e-11
7027,7027.000000,3,1.819700e-11,6.054424e-11,2.894972e-16,-1.356212e-19,-3.072342e-11
7028,7028.000000,3,1.643485e-11,5.789791e-11,2.895085e-16,3.363316e-20,1.023619e-10
7029,7029.000000,3,1.588774e-11,5.540945e-11,2.895198e-16,8.385295e-20,3.269784e-11
7030,7030.000000,3,1.641354e-11,5.304623e-11,2.895311e-16,6.937398e-20,9.235834e-12
7031,7031.000000,3,1.266187e-11,5.080203e-11,3.315458e-16,-5.553029e-20,4.831702e-11
7032,7032.000000,3,9.556800e-12,4.865019e-11,3.619395e-16,1.296159e-19,-4.417205e-11
7033,7033.000000,3,1.022471e-11,4.657497e-11,2.895652e-16,1.783732e-20,-2.009432e-11
7034,7034.000000,3,9.535484e-12,4.457434e-11,2.895767e-16,1.502491e-20,5.339418e-11
7035,7035.000000,3,7.140954e-12,4.263434e-11,3.315471e-16,-1.579022e-19,-5.137235e-11
7036,7036.000000,3,9.030998e-12,4.076850e-11,2.895996e-16,-3.176374e-20,-2.323511e-10
7037,7037.000000,3,9.514167e-12,3.895417e-11,2.896112e-16,1.035531e-19,-5.923484e-12
7038,7038.000000,3,6.124878e-12,3.718115e-11,3.315467e-16,-9.424565e-20,-6.982809e-11
7039,7039.000000,3,6.792789e-12,3.545320e-11,3.315492e-16,2.008395e-20,7.088774e-13
7040,7040.000000,3,4.618528e-12,3.376965e-11,2.896460e-16,6.489397e-20,-8.660989e-11
7041,7041.000000,3,4.106937e-12,3.212519e-11,2.896576e-16,-5.552036e-21,7.450013e-11
7042,7042.000000,3,5.918821e-12,3.050604e-11,2.896693e-16,2.380957e-20,-1.637298e-10
7043,7043.000000,3,4.192202e-12,2.893685e-11,2.896790e-16,-3.554230e-20,5.917827e-11
7044,7044.000000,3,3.723244e-12,2.739231e-11,3.315530e-16,1.315780e-19,2.799965e-10
7045,7045.000000,3,7.965184e-12,2.586753e-11,3.315539e-16,-1.513873e-19,-1.292802e-10
7046,7046.000000,3,6.473044e-12,2.438449e-11,2.897166e-16,-4.454533e-20,5.200002e-11
7047,7047.000000,3,4.369838e-12,2.292722e-11,3.315558e-16,-8.509372e-20,2.087164e-12
7048,7048.000000,3,5.357492e-12,2.149592e-11,3.315568e-16,2.343568e-20,1.932455e-10
7049,7049.000000,3,6.465939e-12,2.007594e-11,2.897525e-16,-1.013032e-19,6.983691e-11
7050,7050.000000,3,5.840661e-12,1.868261e-11,3.622056e-16,-5.588101e-20,9.545126e-11
7051,7051.000000,3,6.039613e-12,1.731459e-11,2.897766e-16,-4.277847e-20,7.497603e-11
7052,7052.000000,3,7.858603e-12,1.596678e-11,3.315612e-16,8.066665e-21,-1.544935e-10
7053,7053.000000,3,8.128609e-12,1.490386e-11,3.315605e-16,3.105567e-20,-3.669121e-11
7054,7054.000000,3,1.000444e-11,1.398059e-11,3.622663e-16,7.500543e-20,-8.174672e-11
7055,7055.000000,3,8.434142e-12,1.332889e-11,3.315650e-16,6.829203e-20,9.912915e-11
7056,7056.000000,3,1.089262e-11,1.271006e-11,2.898375e-16,1.469768e-19,8.812640e-11
7057,7057.000000,3,1.216449e-11,1.224598e-11,3.315676e-16,-1.194912e-19,-1.468881e-10
7058,7058.000000,3,1.000444e-11,1.187406e-11,3.315671e-16,9.368317e-20,9.661894e-11
7059,7059.000000,3,1.066525e-11,1.149902e-11,2.898746e-16,-2.886199e-20,-7.725598e-12
7060,7060.000000,3,1.347189e-11,1.124989e-11,2.898871e-16,-7.366540e-20,-2.060829e-11
7061,7061.000000,3,1.296030e-11,1.106271e-11,2.898995e-16,-6.133710e-20,-5.603057e-11
7062,7062.000000,3,1.200817e-11,1.084044e-11,3.315749e-16,-1.221216e-19,1.498740e-11
7063,7063.000000,3,1.291767e-11,1.065903e-11,2.899246e-16,3.209130e-20,-7.553003e-11
7064,7064.000000,3,1.434586e-11,1.056821e-11,2.899372e-16,-1.559037e-19,-2.547290e-11
7065,7065.000000,3,1.229949e-11,1.048295e-11,3.315777e-16,1.831411e-19,-2.029880e-10
7066,7066.000000,3,1.322320e-11,1.040190e-11,2.899625e-16,9.816980e-20,-1.040308e-10
7067,7067.000000,3,1.879386e-11,1.031641e-11,3.315830e-16,-1.238091e-19,-3.669048e-11
7068,7068.000000,3,1.479350e-11,1.025180e-11,3.624831e-16,-1.100481e-20,2.006512e-10
7069,7069.000000,3,1.832490e-11,1.024691e-11,2.900008e-16,-4.560743e-20,3.052431e-11
7070,7070.000000,3,1.887202e-11,1.025136e-11,2.900136e-16,-1.688110e-20,-7.943479e-11
7071,7071.000000,3,1.630696e-11,1.024114e-11,2.900250e-16,8.169236e-21,7.437223e-11
7072,7072.000000,3,1.895017e-11,1.023492e-11,2.900394e-16,-9.774628e-20,-9.430584e-11
7073,7073.000000,3,1.883649e-11,1.022094e-11,2.900524e-16,-9.053657e-20,-5.868306e-11
7074,7074.000000,3,2.030021e-11,1.022782e-11,2.900653e-16,1.247719e-20,7.215806e-11
7075,7075.000000,3,2.076206e-11,1.105160e-11,2.900784e-16,-2.311573e-19,-4.097089e-11
7076,7076.000000,3,2.282263e-11,1.209610e-11,2.900914e-16,-1.839220e-19,2.803138e-10
7077,7077.000000,3,2.216183e-11,1.312395e-11,2.901045e-16,4.901872e-20,1.152609e-10
7078,7078.000000,3,2.341238e-11,1.415223e-11,3.626471e-16,1.152924e-19,6.759737e-11
7079,7079.000000,3,2.354028e-11,1.516431e-11,3.316055e-16,1.242094e-20,-1.341127e-10
7080,7080.000000,3,2.350475e-11,1.617217e-11,3.626784e-16,4.971355e-20,1.202645e-10
7081,7081.000000,3,1.876543e-11,8.534062e-12,3.316072e-16,-8.736351e-20,1.202525e-10
7082,7082.000000,3,1.643485e-11,8.651968e-12,3.316104e-16,9.650551e-20,4.411915e-11
7083,7083.000000,3,1.256240e-11,1.283396e-11,2.901839e-16,1.077982e-20,-9.277473e-11
7084,7084.000000,3,9.471535e-12,1.902301e-11,3.316122e-16,-6.428848e-20,1.457187e-10
7085,7085.000000,3,4.902745e-12,2.395817e-11,3.316128e-16,-3.010937e-22,9.416912e-12
7086,7086.000000,3,3.637979e-12,2.841904e-11,3.316133e-16,5.497111e-20,1.619135e-10
7087,7087.000000,3,2.614797e-12,3.230793e-11,2.902376e-16,-3.925799e-20,-4.056327e-11
7088,7088.000000,3,2.884804e-12,3.588352e-11,2.902511e-16,-8.632126e-20,4.460143e-11
7089,7089.000000,3,3.581135e-12,3.914380e-11,3.628293e-16,1.473043e-20,5.530387e-11
7090,7090.000000,3,5.620393e-12,4.217071e-11,2.902781e-16,-6.573108e-20,-3.675571e-11
7091,7091.000000,3,4.554579e-12,4.498268e-11,3.316144e-16,-1.642781e-20,2.638001e-11
7092,7092.000000,3,8.057555e-12,4.762390e-11,2.903052e-16,-1.168012e-19,-8.793694e-11
7093,7093.000000,3,9.862333e-12,5.011058e-11,2.903188e-16,1.092507e-19,-1.639851e-10
7094,7094.000000,3,1.089973e-11,5.246958e-11,2.903324e-16,-2.844509e-20,9.029472e-11
7095,7095.000000,3,1.053735e-11,5.471201e-11,3.316118e-16,-3.298962e-19,-1.734241e-11
7096,7096.000000,3,1.355005e-11,5.683654e-11,3.629494e-16,-7.574989e-20,5.214673e-11
7097,7097.000000,3,1.915623e-11,5.887713e-11,2.903730e-16,2.036585e-19,-1.576686e-10
7098,7098.000000,3,1.445954e-11,6.081935e-11,3.629832e-16,1.734101e-20,1.106487e-11
7099,7099.000000,3,1.340794e-11,6.268408e-11,3.629987e-16,-4.121014e-20,-9.457618e-11
7100,7100.000000,3,1.666933e-11,6.447953e-11,3.316095e-16,4.213327e-20,-2.784962e-10
7101,7101.000000,3,1.990941e-11,6.621081e-11,2.904272e-16,-1.433339e-20,-2.251532e-11
7102,7102.000000,3,1.897860e-11,6.786771e-11,3.316102e-16,-5.581484e-20,-1.406161e-10
7103,7103.000000,3,2.086153e-11,6.948331e-11,2.904541e-16,5.473620e-20,-1.828648e-11
7104,7104.000000,3,2.132339e-11,7.103673e-11,3.316087e-16,8.774732e-20,-6.884249e-11
7105,7105.000000,3,1.882228e-11,7.254219e-11,3.631013e-16,1.726988e-19,1.279310e-12
7106,7106.000000,3,2.280132e-11,7.399703e-11,2.904945e-16,-1.296027e-20,-9.811341e-11
7107,7107.000000,3,2.264500e-11,7.542100e-11,3.316062e-16,1.037880e-19,8.615625e-11
7108,7108.000000,3,2.427214e-11,7.680345e-11,2.905213e-16,-1.818143e-20,5.904471e-11
7109,7109.000000,3,2.398792e-11,7.814260e-11,2.905346e-16,1.704985e-20,-2.262190e-11
7110,7110.000000,3,2.624745e-11,7.943690e-11,3.316014e-16,8.196698e-20,6.615342e-11
7111,7111.000000,3,2.593481e-11,8.070566e-11,2.905613e-16,5.835263e-20,2.710254e-11
7112,7112.000000,3,2.751932e-11,8.195467e-11,2.905746e-16,-2.230410e-20,-1.910616e-11
7113,7113.000000,3,2.836487e-11,8.316658e-11,2.905879e-16,1.437640e-20,-2.956657e-11
7114,7114.000000,3,2.874145e-11,8.432655e-11,3.632497e-16,-2.961307e-21,1.096380e-10
7115,7115.000000,3,2.976464e-11,8.547696e-11,3.315977e-16,-8.375700e-20,2.202166e-11
7116,7116.000000,3,3.092993e-11,8.659673e-11,3.632828e-16,1.937786e-19,-5.142031e-11
7117,7117.000000,3,2.835066e-11,8.769363e-11,2.906408e-16,5.762471e-20,9.153345e-12
7118,7118.000000,3,3.171863e-11,8.876788e-11,3.315940e-16,-7.023094e-20,-1.735909e-10
7119,7119.000000,3,3.231548e-11,8.981305e-11,2.906671e-16,1.211323e-19,-3.443335e-11
7120,7120.000000,3,3.528555e-11,9.084178e-11,3.315913e-16,1.969550e-19,4.600337e-11
7121,7121.000000,3,3.217338e-11,9.184808e-11,3.315900e-16,-1.946025e-19,7.582512e-11
7122,7122.000000,3,3.414158e-11,9.283552e-11,2.907049e-16,2.203940e-19,1.678787e-10
7123,7123.000000,3,3.628742e-11,9.380652e-11,2.907180e-16,5.892835e-21,-9.788137e-11
7124,7124.000000,3,3.410605e-11,9.474732e-11,3.315857e-16,-4.664637e-20,-5.434220e-11
7125,7125.000000,3,3.583267e-11,9.568368e-11,2.907440e-16,1.807423e-19,2.413575e-11
7126,7126.000000,3,3.679901e-11,9.659651e-11,3.634481e-16,-6.638290e-20,3.342426e-11
7127,7127.000000,3,3.710454e-11,9.749690e-11,2.907714e-16,3.638271e-20,5.281070e-11
7128,7128.000000,3,3.750245e-11,9.838441e-11,2.907828e-16,-9.299826e-20,2.593037e-12
7129,7129.000000,3,3.766587e-11,9.924839e-11,3.315780e-16,1.962106e-19,-6.811257e-11
7130,7130.000000,3,3.676348e-11,1.000906e-10,2.908101e-16,8.733373e-20,1.060287e-10
7131,7131.000000,3,3.884537e-11,1.009415e-10,2.908230e-16,6.892400e-20,1.274367e-10
7132,7132.000000,3,3.932854e-11,1.017644e-10,2.908359e-16,-5.274104e-21,2.623170e-10
7133,7133.000000,3,4.119016e-11,1.025684e-10,3.315695e-16,1.296357e-19,-1.567629e-11
7134,7134.000000,3,4.246203e-11,1.033635e-10,2.908615e-16,-2.411066e-20,-1.248344e-10
7135,7135.000000,3,4.197886e-11,1.041423e-10,3.635908e-16,-3.884440e-21,-7.073125e-11
7136,7136.000000,3,4.360601e-11,1.049141e-10,3.315643e-16,2.650948e-20,-3.678685e-11
7137,7137.000000,3,4.096279e-11,1.056732e-10,3.315625e-16,-2.238516e-19,3.255864e-10
7138,7138.000000,3,4.200729e-11,1.064127e-10,3.315627e-16,-9.098987e-22,-1.985340e-10
7139,7139.000000,3,4.448708e-11,1.071643e-10,2.909252e-16,-4.118036e-20,8.569029e-11
7140,7140.000000,3,4.457235e-11,1.078797e-10,2.909378e-16,-5.418364e-20,-1.451804e-10
7141,7141.000000,3,4.658318e-11,1.036120e-10,2.909505e-16,9.444748e-20,-1.114621e-10
7142,7142.000000,3,3.728218e-11,9.734680e-11,2.909631e-16,-1.227602e-19,-5.094836e-11
7143,7143.000000,3,3.620215e-11,9.400525e-11,3.637175e-16,-3.386147e-20,1.275779e-11
7144,7144.000000,3,3.365130e-11,9.110557e-11,2.909883e-16,1.098628e-19,-1.035188e-10
7145,7145.000000,3,3.382183e-11,8.882473e-11,3.315522e-16,5.557330e-20,-1.487780e-10
7146,7146.000000,3,3.297629e-11,8.677570e-11,2.910134e-16,-5.691333e-20,1.394012e-10
7147,7147.000000,3,2.984990e-11,8.501422e-11,3.315501e-16,1.287755e-20,1.750081e-10
7148,7148.000000,3,3.070966e-11,8.340151e-11,2.910384e-16,-2.217175e-20,-2.397188e-11
7149,7149.000000,3,3.127809e-11,8.193735e-11,2.910509e-16,1.965712e-20,-6.479778e-11
7150,7150.000000,3,2.962253e-11,8.058998e-11,3.315472e-16,1.034836e-19,-2.059914e-10
7151,7151.000000,3,2.777512e-11,7.933854e-11,2.910759e-16,5.059037e-21,-2.704342e-11
7152,7152.000000,3,2.696510e-11,7.816547e-11,3.315455e-16,8.745615e-20,-1.003067e-10
7153,7153.000000,3,2.840039e-11,7.708167e-11,2.911008e-16,-1.037946e-20,-1.647707e-10
7154,7154.000000,3,2.899014e-11,7.604561e-11,2.911133e-16,6.459288e-20,-1.440283e-10
7155,7155.000000,3,2.594192e-11,7.507195e-11,2.911257e-16,5.592403e-20,-2.006842e-10
7156,7156.000000,3,2.675193e-11,7.414536e-11,2.911365e-16,-1.069280e-19,-1.807043e-10
7157,7157.000000,3,2.476241e-11,7.325318e-11,3.639362e-16,1.529457e-19,-8.638967e-11
7158,7158.000000,3,2.284395e-11,7.242118e-11,3.315410e-16,-6.539028e-20,5.991990e-11
7159,7159.000000,3,2.160050e-11,7.161272e-11,3.315404e-16,-1.453853e-20,2.449752e-11
7160,7160.000000,3,2.362555e-11,7.083045e-11,2.911881e-16,-2.267699e-19,5.992074e-11
7161,7161.000000,3,2.345502e-11,7.008794e-11,2.912005e-16,-1.027689e-20,3.120905e-10
7162,7162.000000,3,2.270895e-11,6.936829e-11,2.912130e-16,3.456291e-20,4.496459e-11
7163,7163.000000,3,2.438583e-11,6.867995e-11,3.640319e-16,-1.375601e-19,-2.056283e-10
7164,7164.000000,3,2.329159e-11,6.801848e-11,2.912380e-16,-4.016127e-20,6.712486e-11
7165,7165.000000,3,2.212630e-11,6.737011e-11,2.912505e-16,3.008290e-20,2.893219e-11
7166,7166.000000,3,2.235367e-11,6.674195e-11,3.640766e-16,-2.653595e-20,-8.320411e-11
7167,7167.000000,3,2.112444e-11,6.613887e-11,2.912755e-16,-2.052301e-19,2.514422e-11
7168,7168.000000,3,1.759304e-11,6.554068e-11,3.315335e-16,1.655685e-20,-2.663064e-11
7169,7169.000000,3,2.303580e-11,6.496914e-11,3.315350e-16,-6.395099e-20,-1.449080e-11
7170,7170.000000,3,2.003020e-11,6.440271e-11,3.315345e-16,1.967598e-19,1.524390e-10
7171,7171.000000,3,1.840306e-11,6.386558e-11,2.913257e-16,-4.134580e-20,5.759676e-11
7172,7172.000000,3,1.911360e-11,6.332757e-11,2.913383e-16,1.338378e-20,1.128675e-10
7173,7173.000000,3,2.054890e-11,6.280532e-11,2.913508e-16,-2.145938e-19,-6.081968e-12
7174,7174.000000,3,1.796963e-11,6.230083e-11,2.913634e-16,-9.092369e-21,-1.956203e-10
7175,7175.000000,3,1.870148e-11,6.181566e-11,2.913760e-16,-1.610289e-19,-1.886175e-10
7176,7176.000000,3,1.745093e-11,6.132694e-11,3.642337e-16,-7.206397e-21,-3.577449e-11
7177,7177.000000,3,2.007283e-11,6.085732e-11,3.315319e-16,-1.271873e-20,2.125970e-10
7178,7178.000000,3,1.806910e-11,6.037859e-11,2.914139e-16,-4.112411e-20,-6.366280e-11
7179,7179.000000,3,1.544720e-11,5.992606e-11,2.914265e-16,-7.247095e-20,-7.813494e-11
7180,7180.000000,3,1.652722e-11,5.947953e-11,3.315290e-16,-1.371135e-19,5.809220e-11
7181,7181.000000,3,1.539746e-11,5.904521e-11,3.315287e-16,-1.538688e-19,-7.587692e-11
7182,7182.000000,3,1.805489e-11,5.862022e-11,2.914645e-16,-1.441677e-19,2.057010e-11
7183,7183.000000,3,1.914913e-11,5.818124e-11,2.914772e-16,1.690757e-21,-7.221962e-11
7184,7184.000000,3,1.681855e-11,5.777756e-11,2.914899e-16,1.259101e-19,2.454287e-11
7185,7185.000000,3,1.428191e-11,5.736678e-11,2.915009e-16,-2.444749e-19,8.927636e-12
7186,7186.000000,3,1.212186e-11,5.695866e-11,2.915153e-16,1.383708e-19,1.853206e-11
7187,7187.000000,3,1.453060e-11,5.656031e-11,3.644100e-16,1.183762e-19,3.072737e-11
7188,7188.000000,3,1.648459e-11,5.617640e-11,2.915408e-16,-6.713398e-20,-1.278757e-10
7189,7189.000000,3,1.237055e-11,5.578538e-11,2.915535e-16,-9.566178e-20,5.983170e-11
7190,7190.000000,3,1.099210e-11,5.540390e-11,2.915663e-16,3.599228e-20,2.047310e-10
7191,7191.000000,3,1.569589e-11,5.502754e-11,3.315264e-16,2.912007e-20,-1.131263e-10
7192,7192.000000,3,1.286793e-11,5.467471e-11,2.915918e-16,6.066212e-20,9.865886e-12
7193,7193.000000,3,1.511324e-11,5.429768e-11,3.315280e-16,1.075335e-20,1.224648e-10
7194,7194.000000,3,1.491429e-11,5.395506e-11,2.916174e-16,6.372599e-20,-9.123674e-11
7195,7195.000000,3,1.139711e-11,5.359868e-11,3.315278e-16,-1.583025e-19,1.568179e-11
7196,7196.000000,3,1.177369e-11,5.324274e-11,2.916415e-16,-1.222639e-19,7.204809e-11
7197,7197.000000,3,1.400480e-11,5.289502e-11,3.645679e-16,8.073283e-21,-1.717690e-10
7198,7198.000000,3,1.295319e-11,5.255218e-11,2.916687e-16,-1.285372e-19,1.338290e-10
7199,7199.000000,3,1.236344e-11,5.221645e-11,2.916816e-16,8.375369e-20,-8.754136e-11
7200,7200.000000,3,1.162448e-11,5.187339e-11,3.315272e-16,-1.992182e-20,7.053425e-11
7201,7201.000000,3,1.610800e-11,5.383338e-11,2.917074e-16,-6.118159e-20,2.118689e-11
7202,7202.000000,3,1.365663e-11,5.666778e-11,2.917202e-16,-8.912706e-20,4.208250e-11
7203,7203.000000,3,1.559641e-11,5.820011e-11,2.917332e-16,-5.797874e-20,-2.742045e-11
7204,7204.000000,3,1.744382e-11,5.951106e-11,3.646807e-16,-1.923129e-19,-2.176542e-11
7205,7205.000000,3,1.617195e-11,6.054823e-11,3.315257e-16,4.559420e-20,-5.765194e-11
7206,7206.000000,3,1.545430e-11,6.146728e-11,3.315252e-16,1.089926e-19,1.575276e-10
7207,7207.000000,3,1.812595e-11,6.226908e-11,3.315248e-16,2.261909e-19,6.320439e-11
7208,7208.000000,3,1.565326e-11,6.300493e-11,2.917978e-16,1.157093e-19,-1.265432e-11
7209,7209.000000,3,1.865175e-11,6.365730e-11,2.918108e-16,-5.896143e-20,-1.641953e-11
7210,7210.000000,3,1.890044e-11,6.425371e-11,2.918238e-16,1.564033e-19,-1.240917e-10
7211,7211.000000,3,1.711697e-11,6.481771e-11,3.315228e-16,-5.402813e-20,4.675038e-11
7212,7212.000000,3,2.038547e-11,6.533529e-11,2.918497e-16,6.600901e-21,2.612882e-11
7213,7213.000000,3,2.173550e-11,6.581669e-11,2.918627e-16,-8.864729e-20,-7.868195e-11
7214,7214.000000,3,2.113865e-11,6.628209e-11,3.315211e-16,-8.937190e-20,1.468664e-10
7215,7215.000000,3,2.039968e-11,6.671019e-11,3.648608e-16,-3.232622e-21,5.093975e-11
7216,7216.000000,3,1.919886e-11,6.711454e-11,3.315199e-16,-1.523468e-19,1.279887e-10
7217,7217.000000,3,2.037837e-11,6.752021e-11,3.648914e-16,1.501697e-19,-1.984967e-10
7218,7218.000000,3,2.250999e-11,6.787815e-11,3.315187e-16,-4.818162e-20,1.028846e-10
7219,7219.000000,3,2.123812e-11,6.821810e-11,2.919406e-16,1.044663e-19,5.791295e-11
7220,7220.000000,3,2.274447e-11,6.856093e-11,3.315174e-16,1.170097e-19,-2.248833e-10
7221,7221.000000,3,1.988099e-11,6.887046e-11,3.649564e-16,-7.670942e-20,1.064264e-10
7222,7222.000000,3,2.041389e-11,6.918821e-11,3.315161e-16,-2.069474e-19,1.331940e-10
7223,7223.000000,3,2.240341e-11,6.949263e-11,3.649889e-16,-9.489416e-21,-2.096584e-11
7224,7224.000000,3,1.953993e-11,6.976086e-11,2.920056e-16,5.933863e-20,-2.890166e-11
7225,7225.000000,3,2.149392e-11,7.003242e-11,2.920186e-16,-1.103558e-19,-4.182260e-11
7226,7226.000000,3,2.430767e-11,7.029777e-11,2.920300e-16,-1.406207e-20,-1.237301e-10
7227,7227.000000,3,2.084022e-11,7.055800e-11,2.920445e-16,-1.798754e-19,-1.598575e-10
7228,7228.000000,3,2.659561e-11,7.079737e-11,3.315119e-16,-6.719354e-20,-3.147271e-11
7229,7229.000000,3,2.266631e-11,7.102785e-11,3.315112e-16,4.257664e-20,-9.993117e-11
7230,7230.000000,3,2.179235e-11,7.127587e-11,3.651043e-16,-1.374509e-19,-1.495641e-10
7231,7231.000000,3,2.150102e-11,7.148593e-11,2.920964e-16,4.713275e-20,1.094400e-10
7232,7232.000000,3,2.340528e-11,7.169687e-11,3.651349e-16,-5.723428e-20,-4.816886e-11
7233,7233.000000,3,2.204814e-11,7.191225e-11,3.651511e-16,-1.078015e-19,3.161099e-11
7234,7234.000000,3,2.448530e-11,7.211631e-11,3.315075e-16,-2.290959e-20,1.062472e-10
7235,7235.000000,3,2.172840e-11,7.231038e-11,3.315067e-16,2.120560e-20,-1.400430e-10
7236,7236.000000,3,2.243183e-11,7.251622e-11,2.921613e-16,1.868899e-19,8.803996e-11
7237,7237.000000,3,2.302869e-11,7.269207e-11,2.921742e-16,-1.380167e-19,-1.176285e-10
7238,7238.000000,3,2.492584e-11,7.287482e-11,2.921872e-16,-8.351215e-21,9.580120e-11
7239,7239.000000,3,2.150102e-11,7.305179e-11,3.652502e-16,9.559230e-20,-1.119350e-10
7240,7240.000000,3,2.510347e-11,7.321721e-11,2.922131e-16,1.552519e-19,-1.202072e-10
7241,7241.000000,3,2.399503e-11,7.339240e-11,2.922260e-16,-1.577400e-19,9.324524e-11
7242,7242.000000,3,2.601297e-11,7.355561e-11,4.419990e-16,-5.916327e-20,-3.450462e-12
7243,7243.000000,3,2.193445e-11,7.371703e-11,3.315004e-16,-2.414706e-20,-1.142769e-10
7244,7244.000000,3,2.315659e-11,7.388734e-11,2.922648e-16,6.288227e-20,-4.585038e-11
7245,7245.000000,3,2.484768e-11,7.402012e-11,3.653453e-16,-4.248400e-20,2.965200e-11
7246,7246.000000,3,2.502532e-11,7.418688e-11,2.922907e-16,5.909047e-20,-3.705219e-11
7247,7247.000000,3,2.493294e-11,7.432632e-11,2.923036e-16,-4.651733e-20,-4.320166e-11
7248,7248.000000,3,2.440714e-11,7.446532e-11,3.314944e-16,-9.370964e-20,-8.560580e-11
7249,7249.000000,3,2.481215e-11,7.460521e-11,3.314955e-16,1.977326e-19,1.493000e-10
7250,7250.000000,3,2.545875e-11,7.473955e-11,2.923424e-16,-1.156233e-19,1.248395e-10
7251,7251.000000,3,2.549427e-11,7.486212e-11,3.654422e-16,1.594275e-19,-4.512168e-12
7252,7252.000000,3,2.442135e-11,7.500800e-11,2.923682e-16,1.118514e-19,4.747991e-11
7253,7253.000000,3,2.443556e-11,7.513101e-11,3.314921e-16,3.110530e-20,-1.256101e-11
7254,7254.000000,3,2.583533e-11,7.526468e-11,3.314893e-16,4.213327e-20,1.629830e-10
7255,7255.000000,3,2.111022e-11,7.537415e-11,2.924070e-16,-5.284030e-21,2.559311e-10
7256,7256.000000,3,2.580691e-11,7.549339e-11,2.924199e-16,-1.140848e-20,7.387096e-11
7257,7257.000000,3,2.335554e-11,7.561840e-11,2.924328e-16,-5.415717e-20,1.611503e-10
7258,7258.000000,3,2.595613e-11,7.573564e-11,2.924441e-16,4.943893e-20,-4.232714e-11
7259,7259.000000,3,2.457057e-11,7.584466e-11,2.924586e-16,4.586882e-20,-7.893192e-11
7260,7260.000000,3,2.169998e-11,7.595435e-11,2.924715e-16,-5.735009e-20,8.718831e-11
7261,7261.000000,3,2.078338e-11,6.286349e-11,3.314858e-16,3.474159e-21,1.564911e-10
7262,7262.000000,3,1.399769e-11,4.461698e-11,2.924973e-16,2.324146e-19,-1.635193e-10
7263,7263.000000,3,8.732570e-12,3.412270e-11,2.925102e-16,9.620441e-20,4.032885e-11
7264,7264.000000,3,5.790923e-12,2.475975e-11,3.314857e-16,-1.079735e-19,-1.445290e-10
7265,7265.000000,3,5.755396e-12,1.709721e-11,3.656679e-16,4.005870e-20,6.258188e-11
7266,7266.000000,3,6.806999e-12,1.305023e-11,2.925488e-16,-7.991557e-20,-6.285206e-11
7267,7267.000000,3,8.604673e-12,1.163980e-11,2.925617e-16,6.705788e-20,-1.292955e-11
7268,7268.000000,3,1.237765e-11,1.125744e-11,3.314933e-16,-4.292737e-20,1.478403e-10
7269,7269.000000,3,1.458744e-11,1.120615e-11,3.657325e-16,8.650655e-20,-1.087592e-10
7270,7270.000000,3,1.685407e-11,1.268097e-11,2.926005e-16,1.482639e-19,-1.070407e-10
7271,7271.000000,3,1.845279e-11,1.753642e-11,3.314994e-16,-7.881377e-20,-1.658078e-10
7272,7272.000000,3,2.003020e-11,2.214406e-11,3.315017e-16,1.352804e-19,1.554573e-10
7273,7273.000000,3,2.481926e-11,2.654299e-11,2.926394e-16,5.086830e-20,1.524524e-10
7274,7274.000000,3,2.355449e-11,3.075185e-11,3.658138e-16,7.039307e-20,-1.028274e-10
7275,7275.000000,3,2.489742e-11,3.482259e-11,2.926657e-16,1.416795e-20,-1.255931e-10
7276,7276.000000,3,2.471978e-11,3.872969e-11,3.315121e-16,-7.952184e-20,6.910028e-11
7277,7277.000000,3,2.979306e-11,4.251111e-11,2.926921e-16,-5.147710e-20,4.178280e-11
7278,7278.000000,3,3.137046e-11,4.616418e-11,2.927053e-16,-4.080647e-20,7.739853e-11
7279,7279.000000,3,3.291234e-11,4.972378e-11,2.927187e-16,-1.817051e-19,1.808662e-10
7280,7280.000000,3,3.566214e-11,5.316370e-11,3.659135e-16,-4.561074e-20,1.168082e-10
7281,7281.000000,3,3.459633e-11,5.651857e-11,3.315256e-16,4.385381e-20,1.813807e-10
7282,7282.000000,3,3.812772e-11,5.977907e-11,3.659488e-16,-1.253443e-19,-1.098532e-11
7283,7283.000000,3,3.804246e-11,6.298451e-11,3.659643e-16,-4.393653e-20,-6.729878e-11
7284,7284.000000,3,3.836220e-11,6.608247e-11,2.927863e-16,8.179162e-21,-4.742762e-12
7285,7285.000000,3,4.112621e-11,6.912959e-11,2.928000e-16,1.350091e-19,1.483083e-10
7286,7286.000000,3,4.108358e-11,7.210144e-11,3.315434e-16,-7.183567e-20,1.016485e-10
7287,7287.000000,3,4.020961e-11,7.502443e-11,3.315492e-16,2.836667e-19,-1.869298e-10
7288,7288.000000,3,4.241230e-11,7.786349e-11,2.928416e-16,-1.111334e-19,-2.616363e-11
7289,7289.000000,3,4.196465e-11,8.067902e-11,2.928556e-16,-2.643007e-20,5.638501e-11
7290,7290.000000,3,4.762768e-11,8.341750e-11,3.660860e-16,-7.691125e-20,5.998413e-11
7291,7291.000000,3,4.799716e-11,8.612511e-11,2.928839e-16,-4.408873e-20,-5.510203e-11
7292,7292.000000,3,4.382628e-11,8.877254e-11,3.661215e-16,9.303466e-20,-2.266758e-10
7293,7293.000000,3,4.597922e-11,9.138623e-11,3.661394e-16,1.115139e-19,-1.311001e-10
7294,7294.000000,3,5.028511e-11,9.395396e-11,2.929267e-16,6.098968e-20,6.345702e-11
7295,7295.000000,3,4.911982e-11,9.647838e-11,3.661764e-16,5.596042e-20,-2.467931e-11
7296,7296.000000,3,4.699530e-11,9.896728e-11,3.315870e-16,-8.083209e-21,-1.294749e-10
7297,7297.000000,3,4.983036e-11,1.014098e-10,2.929702e-16,-8.283056e-20,-1.020744e-10
7298,7298.000000,3,5.219647e-11,1.038201e-10,2.929849e-16,6.384180e-20,-1.603035e-10
7299,7299.000000,3,4.914824e-11,1.062068e-10,3.315990e-16,-2.122215e-20,4.253337e-11
7300,7300.000000,3,5.032774e-11,1.085494e-10,2.930144e-16,1.680831e-21,3.253386e-11
7301,7301.000000,3,5.330492e-11,1.108653e-10,2.930293e-16,-7.428082e-20,9.035334e-11
7302,7302.000000,3,5.243805e-11,1.131497e-10,3.316155e-16,6.248522e-20,-1.149275e-10
7303,7303.000000,3,5.593392e-11,1.154077e-10,3.316184e-16,5.943789e-20,3.618694e-11
7304,7304.000000,3,5.484679e-11,1.176164e-10,3.663429e-16,-1.651019e-19,5.629386e-12
7305,7305.000000,3,5.508127e-11,1.198210e-10,2.930894e-16,6.316682e-20,6.674106e-13
7306,7306.000000,3,5.645973e-11,1.219944e-10,4.421809e-16,6.099630e-20,4.066736e-11
7307,7307.000000,3,5.534417e-11,1.241385e-10,3.316409e-16,-2.739622e-20,8.798184e-12
7308,7308.000000,3,5.498890e-11,1.262688e-10,2.931353e-16,-2.230741e-20,-2.320205e-11
7309,7309.000000,3,5.882583e-11,1.283709e-10,2.931508e-16,-2.363454e-19,-2.222722e-11
7310,7310.000000,3,5.570655e-11,1.304388e-10,3.316549e-16,9.388831e-20,-2.068666e-10
7311,7311.000000,3,5.653789e-11,1.324938e-10,3.316623e-16,2.580473e-20,8.046980e-11
7312,7312.000000,3,5.400125e-11,1.345317e-10,3.316678e-16,1.617800e-19,4.485812e-11
7313,7313.000000,3,5.780265e-11,1.365454e-10,2.932131e-16,9.642279e-20,-4.461770e-11
7314,7314.000000,3,5.753265e-11,1.385407e-10,2.932290e-16,-4.675225e-21,-7.374340e-11
7315,7315.000000,3,5.438494e-11,1.404983e-10,2.932448e-16,-1.693735e-20,-2.630783e-10
7316,7316.000000,3,5.837109e-11,1.424534e-10,3.316904e-16,-5.449135e-20,1.774598e-10
7317,7317.000000,3,5.580603e-11,1.443905e-10,2.932767e-16,-6.151908e-20,-4.236733e-11
7318,7318.000000,3,6.097878e-11,1.463132e-10,2.932928e-16,2.574186e-21,-3.197814e-11
7319,7319.000000,3,5.972112e-11,1.482012e-10,4.422771e-16,9.567833e-20,-1.088812e-10
7320,7320.000000,3,5.728396e-11,1.500824e-10,3.666563e-16,-4.802942e-20,1.356687e-11
7321,7321.000000,3,5.510259e-11,1.331537e-10,3.317189e-16,-4.916762e-21,1.455209e-10
7322,7322.000000,3,4.883560e-11,1.088953e-10,2.933578e-16,2.995056e-20,-2.890299e-11
7323,7323.000000,3,4.616396e-11,9.562640e-11,3.667178e-16,1.277465e-19,3.895162e-11
7324,7324.000000,3,4.062173e-11,8.399637e-11,3.667381e-16,-2.843847e-20,-1.594074e-10
7325,7325.000000,3,3.433342e-11,7.471179e-11,3.317320e-16,-6.047021e-20,-9.550982e-11
7326,7326.000000,3,3.544898e-11,6.632406e-11,2.934239e-16,-1.070868e-19,-3.097927e-11
7327,7327.000000,3,3.583978e-11,5.899370e-11,3.317399e-16,-1.093334e-19,4.941364e-11
7328,7328.000000,3,3.297629e-11,5.223511e-11,3.317425e-16,-9.149941e-20,-5.272355e-11
7329,7329.000000,3,2.912515e-11,4.610690e-11,2.934740e-16,9.925506e-20,3.317790e-12
7330,7330.000000,3,2.691536e-11,4.038014e-11,2.934908e-16,2.453418e-20,-1.042197e-10
7331,7331.000000,3,2.606271e-11,3.506506e-11,3.668844e-16,4.809559e-20,-1.491696e-12
7332,7332.000000,3,2.469847e-11,3.006440e-11,3.317513e-16,2.061665e-20,-2.773609e-11
7333,7333.000000,3,1.843858e-11,2.536038e-11,3.317531e-16,-9.421256e-20,-4.025297e-11
7334,7334.000000,3,1.990230e-11,2.090217e-11,3.317548e-16,-3.096964e-21,3.474970e-11
7335,7335.000000,3,1.810463e-11,1.667133e-11,2.935748e-16,2.846726e-19,-6.340078e-11
7336,7336.000000,3,1.512745e-11,1.262923e-11,3.317577e-16,-2.265482e-20,-8.809975e-11
7337,7337.000000,3,1.485745e-11,8.768319e-12,3.317591e-16,-4.953158e-20,-3.242828e-11
7338,7338.000000,3,1.541878e-11,5.067946e-12,2.936251e-16,-9.367655e-20,-8.183509e-12
7339,7339.000000,3,1.289635e-11,4.901857e-12,3.317594e-16,3.895690e-20,7.466516e-11
7340,7340.000000,3,9.954704e-12,5.221823e-12,3.317624e-16,-1.033413e-19,5.269435e-11
7341,7341.000000,3,9.336532e-12,6.145084e-12,3.670940e-16,-9.717387e-20,-1.814288e-11
7342,7342.000000,3,6.309619e-12,8.382406e-12,3.671148e-16,-8.159310e-21,-1.128118e-10
7343,7343.000000,3,7.588596e-12,1.145017e-11,2.937084e-16,-8.553048e-21,-2.167327e-11
7344,7344.000000,3,7.084111e-12,1.443290e-11,2.937250e-16,2.804473e-20,-2.580069e-11
7345,7345.000000,3,7.212009e-12,1.731171e-11,3.317660e-16,-6.065550e-20,2.255235e-11
7346,7346.000000,3,4.881429e-12,2.011569e-11,2.937580e-16,3.619081e-20,-8.269818e-11
7347,7347.000000,3,3.481659e-12,2.282641e-11,3.317649e-16,-5.151681e-21,9.601986e-12
7348,7348.000000,3,2.621903e-12,2.547318e-11,2.937909e-16,8.027622e-20,1.366615e-10
7349,7349.000000,3,2.806644e-12,2.803713e-11,3.672590e-16,-2.043169e-19,-1.931782e-10
7350,7350.000000,3,2.174261e-12,3.054290e-11,3.317676e-16,3.959217e-20,2.752149e-11
7351,7351.000000,3,2.636114e-12,3.298029e-11,3.317657e-16,-5.938164e-20,-1.229550e-11
7352,7352.000000,3,3.467449e-12,3.535683e-11,2.938561e-16,-1.176913e-20,-6.310752e-11
7353,7353.000000,3,3.360867e-12,3.768386e-11,3.673403e-16,9.214792e-21,9.103129e-11
7354,7354.000000,3,3.467449e-12,3.995027e-11,2.938884e-16,7.793365e-20,-1.356879e-10
7355,7355.000000,3,5.556444e-12,4.217360e-11,2.939045e-16,-1.209106e-19,4.387624e-11
7356,7356.000000,3,6.373568e-12,4.435208e-11,2.939206e-16,-1.053266e-19,-3.547573e-11
7357,7357.000000,3,4.789058e-12,4.646417e-11,2.939366e-16,2.809105e-20,5.380801e-11
7358,7358.000000,3,8.370193e-12,4.854628e-11,2.939526e-16,7.507160e-20,4.259570e-11
7359,7359.000000,3,8.697043e-12,5.057776e-11,3.674606e-16,-1.982057e-19,-1.583368e-10
7360,7360.000000,3,1.048761e-11,5.258305e-11,2.939844e-16,1.001782e-19,6.899509e-11
7361,7361.000000,3,9.983125e-12,5.454148e-11,2.940001e-16,7.968727e-20,1.485439e-10
7362,7362.000000,3,1.455192e-11,5.645107e-11,3.317643e-16,-4.024399e-20,-2.372776e-10
7363,7363.000000,3,1.492140e-11,5.834644e-11,3.675398e-16,1.713124e-19,-8.568368e-11
7364,7364.000000,3,1.296740e-11,6.018452e-11,3.317630e-16,2.245299e-20,1.916570e-10
7365,7365.000000,3,1.457323e-11,6.200107e-11,2.940632e-16,2.470623e-20,1.308972e-10
7366,7366.000000,3,1.259082e-11,6.378964e-11,3.317614e-16,6.145621e-20,-5.279693e-11
7367,7367.000000,3,1.540457e-11,6.553957e-11,3.676176e-16,7.553813e-20,7.939172e-11
7368,7368.000000,3,1.764988e-11,6.726331e-11,2.941096e-16,-8.420699e-20,-1.234564e-10
7369,7369.000000,3,2.094680e-11,6.896461e-11,2.941253e-16,9.605552e-20,-1.183387e-10
7370,7370.000000,3,1.755751e-11,7.061640e-11,3.317557e-16,1.019748e-20,6.858797e-11
7371,7371.000000,3,1.826805e-11,7.227352e-11,3.317566e-16,-2.220153e-20,-1.129974e-10
7372,7372.000000,3,2.361134e-11,7.388357e-11,2.941715e-16,7.030373e-20,-4.312328e-11
7373,7373.000000,3,2.180656e-11,7.548162e-11,2.941868e-16,-7.070740e-20,-1.719552e-11
7374,7374.000000,3,2.265210e-11,7.704437e-11,2.942020e-16,1.630538e-20,-6.682138e-11
7375,7375.000000,3,2.081180e-11,7.860201e-11,3.317519e-16,-1.194449e-20,4.046713e-11
7376,7376.000000,3,2.278000e-11,8.011125e-11,2.942324e-16,-2.383041e-19,1.745628e-10
7377,7377.000000,3,2.524558e-11,8.161338e-11,2.942475e-16,3.074134e-20,1.182022e-10
7378,7378.000000,3,2.473399e-11,8.308199e-11,3.317460e-16,-7.064122e-21,-8.046497e-11
7379,7379.000000,3,2.650324e-11,8.455281e-11,3.317446e-16,2.782636e-21,8.510870e-11
7380,7380.000000,3,2.668799e-11,8.599144e-11,2.942925e-16,-6.076800e-20,4.869516e-11
7381,7381.000000,3,2.171419e-11,7.255641e-11,3.317443e-16,-4.093551e-20,5.727441e-11
7382,7382.000000,3,1.563905e-11,5.333134e-11,2.943223e-16,2.066463e-19,1.814131e-10
7383,7383.000000,3,8.995471e-12,4.278222e-11,3.317442e-16,-3.937049e-20,2.842521e-11
7384,7384.000000,3,7.069900e-12,3.352585e-11,3.317427e-16,2.222337e-19,-2.140632e-10
7385,7385.000000,3,6.437517e-12,2.613199e-11,3.679576e-16,-1.065409e-20,-1.342952e-10
7386,7386.000000,3,4.526157e-12,1.942246e-11,3.317461e-16,4.752318e-20,8.482742e-11
7387,7387.000000,3,5.513812e-12,1.354472e-11,3.317471e-16,2.010049e-20,6.700257e-11
7388,7388.000000,3,5.357492e-12,1.058709e-11,2.944108e-16,2.235075e-19,2.166268e-10
7389,7389.000000,3,7.212009e-12,9.466206e-12,2.944254e-16,-1.046814e-19,6.058132e-11
7390,7390.000000,3,1.038813e-11,9.141354e-12,3.317510e-16,-2.256747e-19,-5.770601e-11
7391,7391.000000,3,1.114842e-11,9.075185e-12,3.317526e-16,-3.533385e-20,5.514478e-12
7392,7392.000000,3,1.342215e-11,9.764634e-12,3.317543e-16,9.487100e-20,-3.948342e-11
7393,7393.000000,3,1.364242e-11,1.358491e-11,3.317542e-16,-5.335646e-20,2.087490e-10
7394,7394.000000,3,1.679723e-11,1.722356e-11,2.944984e-16,-3.432138e-20,4.677153e-11
7395,7395.000000,3,1.755751e-11,2.068168e-11,2.945124e-16,-5.097749e-20,-1.037587e-10
7396,7396.000000,3,1.703171e-11,2.397904e-11,3.317622e-16,5.870666e-20,1.897886e-10
7397,7397.000000,3,2.452794e-11,2.714295e-11,3.317644e-16,-1.513046e-19,1.889379e-10
7398,7398.000000,3,2.142286e-11,3.020140e-11,2.945571e-16,1.926338e-20,-2.101258e-11
7399,7399.000000,3,2.328449e-11,3.313838e-11,2.945718e-16,-3.250489e-20,3.864836e-11
7400,7400.000000,3,2.319922e-11,3.595391e-11,3.682332e-16,1.246892e-19,6.313206e-11
7401,7401.000000,3,2.408740e-11,3.868528e-11,2.946013e-16,-3.024172e-20,3.469789e-10
7402,7402.000000,3,2.624034e-11,4.133982e-11,3.317748e-16,3.760032e-20,3.753625e-11
7403,7403.000000,3,2.511058e-11,4.390843e-11,3.682880e-16,8.080231e-20,-1.550544e-10
7404,7404.000000,3,2.761169e-11,4.638223e-11,2.946459e-16,8.662235e-20,1.756340e-11
7405,7405.000000,3,2.670930e-11,4.880896e-11,2.946608e-16,4.864153e-20,-3.344458e-11
7406,7406.000000,3,2.835066e-11,5.115197e-11,2.946752e-16,-7.157759e-20,-5.055151e-11
7407,7407.000000,3,2.611955e-11,5.346168e-11,3.317909e-16,-1.431353e-20,-1.248853e-10
7408,7408.000000,3,2.773248e-11,5.569745e-11,2.947058e-16,-5.720119e-20,-1.534445e-10
7409,7409.000000,3,2.926726e-11,5.787459e-11,3.684005e-16,-2.178132e-20,-3.942152e-11
7410,7410.000000,3,2.959410e-11,6.000711e-11,3.684195e-16,3.826538e-20,3.041023e-11
7411,7411.000000,3,3.139178e-11,6.210144e-11,3.684390e-16,-2.188058e-20,1.792875e-10
7412,7412.000000,3,2.991385e-11,6.413203e-11,3.684575e-16,4.609381e-20,-1.400430e-10
7413,7413.000000,3,3.329603e-11,6.614509e-11,2.947817e-16,2.169529e-20,4.767131e-11
7414,7414.000000,3,3.449685e-11,6.809664e-11,3.318135e-16,-1.541931e-19,9.687517e-11
7415,7415.000000,3,3.210232e-11,7.001311e-11,3.685151e-16,5.051427e-20,8.081630e-11
7416,7416.000000,3,3.493739e-11,7.189094e-11,3.318184e-16,-7.790056e-20,9.377582e-11
7417,7417.000000,3,3.359446e-11,7.373924e-11,2.948433e-16,5.598689e-20,-9.065820e-11
7418,7418.000000,3,3.620215e-11,7.555934e-11,2.948588e-16,4.067082e-20,-1.423540e-10
7419,7419.000000,3,3.571898e-11,7.734124e-11,2.948743e-16,2.304558e-19,-6.785411e-11
7420,7420.000000,3,3.268497e-11,7.908962e-11,2.948899e-16,-4.485635e-20,1.059223e-10
7421,7421.000000,3,3.502265e-11,8.080892e-11,2.949055e-16,-8.860759e-20,-3.709449e-11
7422,7422.000000,3,3.446132e-11,8.250600e-11,2.949212e-16,-7.922405e-20,-1.072896e-10
7423,7423.000000,3,3.515765e-11,8.418266e-11,2.949370e-16,6.440428e-20,-7.427386e-11
7424,7424.000000,3,3.814904e-11,8.583645e-11,2.949528e-16,-1.337154e-19,2.884343e-11
7425,7425.000000,3,3.799272e-11,8.743695e-11,3.318542e-16,6.978757e-20,-1.603445e-11
7426,7426.000000,3,3.831246e-11,8.904566e-11,2.949845e-16,9.543679e-20,3.986789e-11
7427,7427.000000,3,3.653611e-11,9.061085e-11,2.950004e-16,-3.503937e-20,2.955786e-11
7428,7428.000000,3,3.716139e-11,9.217027e-11,2.950164e-16,-1.347312e-20,5.367246e-11
7429,7429.000000,3,3.721112e-11,9.370371e-11,3.687905e-16,-7.613370e-20,-1.784883e-10
7430,7430.000000,3,4.005329e-11,9.520451e-11,2.950485e-16,-7.902222e-20,1.778174e-10
7431,7431.000000,3,3.540634e-11,9.669532e-11,3.688308e-16,5.959009e-21,2.023498e-11
7432,7432.000000,3,4.143175e-11,9.817525e-11,3.318810e-16,5.388585e-20,9.273649e-11
7433,7433.000000,3,4.109069e-11,9.962431e-11,3.318853e-16,3.038069e-20,1.317376e-10
7434,7434.000000,3,3.883827e-11,1.010672e-10,2.951133e-16,4.765553e-20,1.280822e-10
7435,7435.000000,3,3.990408e-11,1.024787e-10,3.689121e-16,-8.318128e-21,6.869222e-11
7436,7436.000000,3,4.203571e-11,1.038860e-10,3.319004e-16,-3.692534e-21,1.051289e-10
7437,7437.000000,3,3.961986e-11,1.052731e-10,2.951625e-16,1.565026e-19,-7.007217e-11
7438,7438.000000,3,4.174439e-11,1.066529e-10,4.425457e-16,-1.815099e-19,-4.114431e-11
7439,7439.000000,3,4.378364e-11,1.080023e-10,3.319138e-16,1.141542e-19,-1.265945e-10
7440,7440.000000,3,4.200729e-11,1.093488e-10,2.952120e-16,1.489752e-19,3.313017e-12
7441,7441.000000,3,3.905143e-11,9.327539e-11,2.952286e-16,-2.570216e-20,-5.515394e-11
7442,7442.000000,3,3.319656e-11,7.042411e-11,3.690562e-16,1.038443e-19,-1.317332e-10
7443,7443.000000,3,3.021938e-11,5.775092e-11,3.319279e-16,3.285561e-21,-1.272238e-11
7444,7444.000000,3,2.619771e-11,4.659606e-11,2.952787e-16,6.904973e-20,9.237894e-11
7445,7445.000000,3,2.711431e-11,3.762568e-11,2.952955e-16,-1.678449e-19,2.139616e-11
7446,7446.000000,3,1.881517e-11,2.945688e-11,2.953123e-16,-3.696174e-20,2.050941e-10
7447,7447.000000,3,1.793410e-11,2.228928e-11,3.319337e-16,7.097871e-20,-6.106943e-11
7448,7448.000000,3,1.821121e-11,1.565326e-11,2.953461e-16,4.904519e-20,5.418160e-11
7449,7449.000000,3,1.241318e-11,9.599876e-12,3.319383e-16,4.701364e-20,-1.143234e-10
7450,7450.000000,3,1.100631e-11,3.911094e-12,2.953799e-16,1.912772e-20,-9.497081e-11
7451,7451.000000,3,6.664891e-12,4.080514e-12,3.319403e-16,9.478828e-20,-3.910849e-11
7452,7452.000000,3,8.490986e-12,6.388001e-12,3.319390e-16,-1.592323e-19,-6.724898e-12
7453,7453.000000,3,5.826450e-12,1.110800e-11,3.319416e-16,5.616556e-20,-2.821127e-10
7454,7454.000000,3,6.131984e-12,1.561751e-11,2.954475e-16,-3.194902e-20,-8.636492e-11
7455,7455.000000,3,2.238210e-12,1.992673e-11,2.954643e-16,4.595154e-20,3.199763e-11
7456,7456.000000,3,3.112177e-12,2.403300e-11,3.319427e-16,5.588763e-20,-8.231527e-12
7457,7457.000000,3,3.701928e-12,2.798606e-11,2.954980e-16,-2.463013e-20,7.337514e-11
7458,7458.000000,3,2.856382e-12,3.176526e-11,2.955147e-16,-1.410773e-19,5.620143e-11
7459,7459.000000,3,3.943512e-12,3.543033e-11,3.319407e-16,2.941123e-20,9.193102e-11
7460,7460.000000,3,3.701928e-12,3.894818e-11,3.319424e-16,1.652707e-20,-8.668621e-13
7461,7461.000000,3,4.668266e-12,4.237477e-11,2.955648e-16,1.509605e-19,-1.373420e-10
7462,7462.000000,3,5.229595e-12,4.567302e-11,2.955814e-16,2.594038e-21,2.344115e-10
7463,7463.000000,3,7.460699e-12,4.887712e-11,4.425856e-16,-1.667563e-19,8.872292e-12
7464,7464.000000,3,7.453593e-12,5.198753e-11,2.956145e-16,5.844858e-20,1.322555e-10
7465,7465.000000,3,1.226397e-11,5.501932e-11,2.956309e-16,4.023406e-20,-3.514938e-11
7466,7466.000000,3,1.078604e-11,5.795919e-11,3.695592e-16,-5.808462e-20,7.387896e-11
7467,7467.000000,3,1.476508e-11,6.082979e-11,3.695796e-16,8.430625e-21,-3.977285e-11
7468,7468.000000,3,1.388401e-11,6.362666e-11,2.956800e-16,-1.996781e-19,5.798623e-11
7469,7469.000000,3,1.543299e-11,6.636425e-11,2.956962e-16,-5.528875e-20,-2.586770e-11
7470,7470.000000,3,1.604405e-11,6.901923e-11,2.957124e-16,3.920505e-20,2.438255e-11
7471,7471.000000,3,1.732303e-11,7.163403e-11,3.319341e-16,5.349873e-20,-1.261508e-10
7472,7472.000000,3,1.993783e-11,7.418466e-11,2.957447e-16,1.788364e-20,-1.154529e-10
7473,7473.000000,3,1.922729e-11,7.668555e-11,2.957608e-16,-1.488594e-20,1.246145e-10
7474,7474.000000,3,2.486189e-11,7.912071e-11,3.319302e-16,-2.464998e-21,-9.653589e-11
7475,7475.000000,3,2.278711e-11,8.152079e-11,2.957927e-16,-3.264386e-20,1.224672e-10
7476,7476.000000,3,2.047074e-11,8.386913e-11,2.958086e-16,-8.869692e-20,-4.993861e-11
7477,7477.000000,3,2.403056e-11,8.617818e-11,2.958244e-16,-5.753537e-20,-1.238192e-10
7478,7478.000000,3,2.367528e-11,8.843526e-11,2.958402e-16,4.608389e-20,7.073175e-12
7479,7479.000000,3,2.516032e-11,9.065393e-11,2.958559e-16,6.849386e-20,-1.337652e-10
7480,7480.000000,3,2.698641e-11,9.284018e-11,3.698394e-16,-4.394314e-20,-2.583633e-11
7481,7481.000000,3,2.761880e-11,9.499046e-11,2.958871e-16,2.458381e-20,-1.476104e-10
7482,7482.000000,3,2.904699e-11,9.709678e-11,2.959027e-16,1.658828e-19,5.211442e-11
7483,7483.000000,3,2.911804e-11,9.916556e-11,3.319147e-16,-8.605656e-20,-8.113288e-11
7484,7484.000000,3,3.210943e-11,1.012075e-10,2.959336e-16,2.051408e-20,2.305064e-10
7485,7485.000000,3,3.252154e-11,1.032254e-10,2.959490e-16,-5.268479e-20,3.958028e-11
7486,7486.000000,3,3.287681e-11,1.052087e-10,3.699553e-16,-5.825337e-20,-2.053430e-10
7487,7487.000000,3,3.515765e-11,1.071563e-10,2.959795e-16,1.123973e-20,1.850431e-11
7488,7488.000000,3,3.409895e-11,1.090712e-10,3.319040e-16,-3.226004e-21,-9.980533e-11
7489,7489.000000,3,3.773692e-11,1.109677e-10,2.960099e-16,3.479122e-20,5.437195e-11
7490,7490.000000,3,3.989697e-11,1.128331e-10,3.700312e-16,-8.500439e-20,-4.332384e-11
7491,7491.000000,3,3.894485e-11,1.146714e-10,3.700500e-16,4.390344e-20,1.462934e-10
7492,7492.000000,3,4.107648e-11,1.164882e-10,3.700679e-16,-2.026129e-19,-1.775897e-10
7493,7493.000000,3,4.268941e-11,1.182796e-10,2.960698e-16,-3.564818e-20,9.991652e-11
7494,7494.000000,3,4.513367e-11,1.200484e-10,3.701050e-16,2.017328e-20,-1.119317e-10
7495,7495.000000,3,4.070699e-11,1.217924e-10,2.960988e-16,2.379302e-20,1.262220e-10
7496,7496.000000,3,4.668976e-11,1.235152e-10,3.701428e-16,-1.588187e-21,-1.836239e-10
7497,7497.000000,3,4.433787e-11,1.252265e-10,2.961289e-16,1.054192e-19,4.899037e-11
7498,7498.000000,3,4.639134e-11,1.268974e-10,2.961436e-16,-8.050122e-20,1.247383e-10
7499,7499.000000,3,4.654055e-11,1.285609e-10,3.318759e-16,4.670262e-20,5.417478e-11
7500,7500.000000,3,4.825296e-11,1.301927e-10,3.318730e-16,-1.321305e-19,-5.953410e-11
7501,7501.000000,3,4.145306e-11,1.188418e-10,3.702328e-16,6.081763e-20,2.457097e-10
7502,7502.000000,3,3.589662e-11,1.024243e-10,3.702508e-16,8.963660e-20,-1.144699e-10
7503,7503.000000,3,3.102230e-11,9.360668e-11,2.962159e-16,-3.745805e-20,1.687570e-10
7504,7504.000000,3,2.816591e-11,8.589462e-11,2.962302e-16,-7.753660e-20,-1.326861e-10
7505,7505.000000,3,2.700062e-11,7.980971e-11,2.962445e-16,2.047107e-20,2.568651e-10
7506,7506.000000,3,2.190603e-11,7.433409e-11,2.962587e-16,2.245299e-20,9.459789e-11
7507,7507.000000,3,2.319211e-11,6.959278e-11,2.962729e-16,1.609958e-19,-4.260037e-11
7508,7508.000000,3,1.975309e-11,6.521717e-11,2.962870e-16,-8.622862e-20,1.274567e-10
7509,7509.000000,3,1.883649e-11,6.127165e-11,3.318623e-16,-3.848044e-21,6.753226e-11
7510,7510.000000,3,1.609379e-11,5.761835e-11,2.963151e-16,-1.202026e-19,-2.288403e-11
7511,7511.000000,3,1.419664e-11,5.423706e-11,3.318595e-16,-1.246660e-19,5.254946e-11
7512,7512.000000,3,1.362821e-11,5.106160e-11,2.963432e-16,-2.238020e-20,1.646544e-10
7513,7513.000000,3,1.376321e-11,4.808398e-11,2.963572e-16,-1.228959e-19,1.255990e-11
7514,7514.000000,3,1.321609e-11,4.528178e-11,2.963701e-16,-9.125787e-20,-8.704748e-11
7515,7515.000000,3,1.063682e-11,4.262568e-11,2.963841e-16,1.240771e-21,8.232587e-11
7516,7516.000000,3,7.389644e-12,4.008993e-11,3.318613e-16,1.275579e-19,-3.694989e-12
7517,7517.000000,3,1.055867e-11,3.767031e-11,2.964132e-16,3.461718e-19,-2.015577e-11
7518,7518.000000,3,5.137224e-12,3.537126e-11,2.964272e-16,-1.396612e-19,-3.336476e-11
7519,7519.000000,3,5.464074e-12,3.315770e-11,2.964412e-16,-2.145442e-19,-2.931005e-11
7520,7520.000000,3,3.979039e-12,3.105627e-11,2.964552e-16,-1.265156e-19,-3.457201e-11
7521,7521.000000,3,2.508216e-12,2.901102e-11,2.964692e-16,8.649000e-21,5.905654e-11
7522,7522.000000,3,2.330580e-12,2.706080e-11,2.964833e-16,1.612241e-19,1.370246e-10
7523,7523.000000,3,3.559819e-12,2.516498e-11,3.318638e-16,-2.501394e-21,1.293931e-10
7524,7524.000000,3,4.185097e-12,2.333178e-11,3.318644e-16,-9.828891e-20,-4.646283e-11
7525,7525.000000,3,2.970069e-12,2.156875e-11,3.706570e-16,-4.333103e-20,-8.119505e-12
7526,7526.000000,3,2.430056e-12,1.984835e-11,2.965387e-16,1.624914e-20,8.536799e-11
7527,7527.000000,3,2.401634e-12,1.818301e-11,2.965528e-16,-1.302247e-19,-1.992406e-12
7528,7528.000000,3,4.398260e-12,1.658762e-11,3.318673e-16,-1.048534e-20,3.765904e-11
7529,7529.000000,3,3.851142e-12,1.500666e-11,3.318681e-16,-6.684612e-20,-5.912815e-11
7530,7530.000000,3,3.559819e-12,1.348788e-11,2.965965e-16,-4.804927e-20,5.153550e-11
7531,7531.000000,3,4.220624e-12,1.200240e-11,3.318680e-16,8.265850e-20,-7.869860e-11
7532,7532.000000,3,3.922196e-12,1.083666e-11,3.318709e-16,-7.959794e-20,-3.627693e-11
7533,7533.000000,3,4.249046e-12,9.975576e-12,2.966393e-16,2.201293e-20,-6.407375e-11
7534,7534.000000,3,7.197798e-12,9.332979e-12,3.708159e-16,-1.092970e-19,3.086873e-10
7535,7535.000000,3,5.471179e-12,8.901324e-12,2.966680e-16,-5.416379e-21,-6.966488e-11
7536,7536.000000,3,1.154632e-11,8.512080e-12,3.708518e-16,9.164499e-20,1.597654e-10
7537,7537.000000,3,9.251266e-12,8.290701e-12,2.966968e-16,-1.076427e-19,1.146633e-10
7538,7538.000000,3,8.988366e-12,8.088197e-12,3.318775e-16,3.932748e-20,1.280315e-11
7539,7539.000000,3,7.844392e-12,7.923218e-12,2.967257e-16,4.936614e-21,3.792355e-11
7540,7540.000000,3,7.986500e-12,7.841727e-12,3.709241e-16,7.522050e-20,-1.378365e-10
7541,7541.000000,3,9.592327e-12,7.767342e-12,3.318814e-16,1.517546e-19,-1.127648e-10
7542,7542.000000,3,9.364953e-12,7.681855e-12,2.967692e-16,4.156086e-20,-2.062933e-11
7543,7543.000000,3,7.631229e-12,7.675638e-12,2.967838e-16,-4.101823e-20,6.469680e-11
7544,7544.000000,3,1.119815e-11,7.681855e-12,2.967984e-16,-5.596704e-20,-1.375883e-10
7545,7545.000000,3,1.300293e-11,7.674972e-12,2.968131e-16,1.021932e-19,1.851469e-11
7546,7546.000000,3,1.042366e-11,7.677414e-12,3.318864e-16,-6.303116e-20,-9.664547e-11
7547,7547.000000,3,9.976020e-12,7.695400e-12,2.968424e-16,-2.534812e-20,-1.228800e-11
7548,7548.000000,3,1.070788e-11,8.721246e-12,2.968571e-16,8.460403e-20,-5.022310e-11
7549,7549.000000,3,1.321609e-11,9.756640e-12,2.968719e-16,-6.340836e-20,1.002894e-10
7550,7550.000000,3,1.452349e-11,1.075451e-11,3.711075e-16,2.903735e-20,2.548517e-12
7551,7551.000000,3,1.046629e-11,1.174061e-11,3.318961e-16,-3.182329e-20,-2.363408e-10
7552,7552.000000,3,1.599432e-11,1.271427e-11,2.969163e-16,-2.151000e-20,3.695211e-12
7553,7553.000000,3,1.347189e-11,1.368439e-11,2.969312e-16,-1.090588e-19,-1.835073e-10
7554,7554.000000,3,1.332268e-11,1.461364e-11,2.969461e-16,-1.032983e-19,-7.009449e-11
7555,7555.000000,3,1.369216e-11,1.555489e-11,2.969610e-16,1.625906e-20,1.971019e-10
7556,7556.000000,3,1.376321e-11,1.646239e-11,3.712192e-16,-1.245734e-20,-1.450642e-10
7557,7557.000000,3,1.411138e-11,1.737677e-11,3.712379e-16,-1.586731e-19,-8.090362e-11
7558,7558.000000,3,1.406875e-11,1.826606e-11,2.970059e-16,-1.116065e-19,-2.602957e-11
7559,7559.000000,3,1.596590e-11,1.914624e-11,2.970210e-16,-1.481613e-19,-5.947376e-11
7560,7560.000000,3,1.478639e-11,2.002176e-11,3.712951e-16,-3.334530e-20,2.654177e-11
7561,7561.000000,3,1.637090e-11,2.138578e-11,3.319117e-16,2.930205e-20,4.111933e-12
7562,7562.000000,3,1.634959e-11,2.293721e-11,3.319156e-16,7.427420e-20,3.266376e-11
7563,7563.000000,3,1.619327e-11,2.420064e-11,2.970814e-16,-8.372722e-20,-7.205481e-11
7564,7564.000000,3,1.664091e-11,2.537659e-11,2.970966e-16,1.726458e-19,1.012910e-10
7565,7565.000000,3,1.975309e-11,2.649836e-11,2.971118e-16,2.594038e-20,-7.011070e-11
7566,7566.000000,3,1.741540e-11,2.758505e-11,2.971270e-16,-8.832304e-20,2.742461e-10
7567,7567.000000,3,1.955414e-11,2.864464e-11,2.971423e-16,-1.366502e-20,5.146511e-11
7568,7568.000000,3,1.872991e-11,2.964562e-11,2.971575e-16,1.976101e-19,-4.538936e-11
7569,7569.000000,3,1.954703e-11,3.064460e-11,2.971728e-16,1.215062e-19,1.167071e-10
7570,7570.000000,3,1.917044e-11,3.161982e-11,2.971882e-16,-1.862811e-21,6.480172e-11
7571,7571.000000,3,1.947598e-11,3.257350e-11,3.319345e-16,-4.570007e-20,-5.773032e-11
7572,7572.000000,3,2.123812e-11,3.350187e-11,3.319347e-16,2.330664e-20,-2.427442e-11
7573,7573.000000,3,2.033573e-11,3.443179e-11,2.972340e-16,-7.290770e-20,8.893469e-11
7574,7574.000000,3,1.986677e-11,3.533840e-11,2.972498e-16,3.550921e-20,-4.509709e-11
7575,7575.000000,3,2.242473e-11,3.621214e-11,2.972653e-16,-5.050434e-20,1.268450e-10
7576,7576.000000,3,2.223288e-11,3.711009e-11,3.319459e-16,-3.366294e-20,-9.348738e-11
7577,7577.000000,3,2.362555e-11,3.796652e-11,2.972963e-16,4.978635e-20,6.909145e-11
7578,7578.000000,3,1.962519e-11,3.881762e-11,2.973119e-16,-7.815202e-20,-7.789064e-11
7579,7579.000000,3,2.203393e-11,3.966361e-11,3.319531e-16,-1.733771e-21,5.225509e-11
7580,7580.000000,3,2.128786e-11,4.050205e-11,2.973431e-16,7.542233e-20,3.826001e-11
7581,7581.000000,3,2.265921e-11,4.131340e-11,2.973588e-16,-7.970712e-21,-8.466389e-11
7582,7582.000000,3,2.349054e-11,4.213541e-11,2.973744e-16,-4.615337e-20,-1.636586e-10
7583,7583.000000,3,2.114575e-11,4.293521e-11,2.973901e-16,-1.455772e-19,-3.092421e-11
7584,7584.000000,3,2.395950e-11,4.372369e-11,3.717570e-16,8.893515e-20,1.035906e-10
7585,7585.000000,3,2.302158e-11,4.452128e-11,3.717767e-16,-2.535540e-19,-2.307604e-11
7586,7586.000000,3,2.384581e-11,4.528733e-11,2.974372e-16,1.014223e-19,1.287185e-10
7587,7587.000000,3,2.314238e-11,4.606981e-11,2.974532e-16,-1.448724e-19,-2.022696e-10
7588,7588.000000,3,2.363265e-11,4.681078e-11,2.974691e-16,-1.266215e-19,3.953926e-11
7589,7589.000000,3,2.544454e-11,4.756862e-11,3.319785e-16,2.910220e-19,6.423528e-12
7590,7590.000000,3,2.333422e-11,4.831735e-11,2.975008e-16,-1.778107e-20,2.384987e-10
7591,7591.000000,3,2.306422e-11,4.905609e-11,2.975167e-16,5.900776e-20,-6.112671e-11
7592,7592.000000,3,2.458478e-11,4.978729e-11,2.975327e-16,-9.551289e-20,9.314105e-11
7593,7593.000000,3,2.510347e-11,5.051759e-11,2.975486e-16,-3.646212e-20,2.964007e-10
7594,7594.000000,3,2.408740e-11,5.122880e-11,2.975646e-16,-1.583885e-19,-5.607709e-11
7595,7595.000000,3,2.391687e-11,5.194201e-11,2.975807e-16,-2.730755e-19,1.429634e-10
7596,7596.000000,3,2.684430e-11,5.264278e-11,3.319974e-16,1.496767e-19,1.704958e-10
7597,7597.000000,3,2.557954e-11,5.335044e-11,3.320002e-16,3.169425e-19,5.848066e-11
7598,7598.000000,3,2.250289e-11,5.405076e-11,2.976289e-16,-7.594842e-20,2.337275e-11
7599,7599.000000,3,2.878409e-11,5.472889e-11,2.976450e-16,-5.262192e-20,3.530326e-11
7600,7600.000000,3,2.631140e-11,5.541523e-11,3.320087e-16,-2.199970e-20,3.730194e-11
7601,7601.000000,3,2.490452e-11,5.609979e-11,3.720967e-16,9.808377e-20,-1.606709e-11
7602,7602.000000,3,2.432898e-11,5.676659e-11,2.976936e-16,-4.129286e-20,1.672529e-11
7603,7603.000000,3,2.620482e-11,5.742540e-11,2.977098e-16,-4.428063e-20,1.026153e-10
7604,7604.000000,3,2.435740e-11,5.808731e-11,2.977261e-16,-1.459841e-19,7.754286e-11
7605,7605.000000,3,2.705036e-11,5.874323e-11,2.977424e-16,-5.181459e-20,1.079415e-10
7606,7606.000000,3,2.374634e-11,5.939516e-11,2.977587e-16,2.987776e-21,-2.140073e-10
7607,7607.000000,3,2.917488e-11,6.005152e-11,3.722188e-16,-3.834809e-21,-1.406780e-11
7608,7608.000000,3,2.787459e-11,6.069567e-11,3.320322e-16,6.518183e-22,-2.075860e-10
7609,7609.000000,3,2.808065e-11,6.132428e-11,3.320332e-16,-5.825006e-20,-1.017061e-10
7610,7610.000000,3,2.756195e-11,6.195400e-11,2.978242e-16,-1.629215e-20,-8.526735e-11
7611,7611.000000,3,2.646061e-11,6.258749e-11,2.978407e-16,2.673117e-20,-3.501904e-11
7612,7612.000000,3,2.891198e-11,6.321010e-11,3.723215e-16,-2.688006e-20,3.085981e-10
7613,7613.000000,3,2.575007e-11,6.382739e-11,2.978737e-16,2.284871e-19,-4.531092e-11
7614,7614.000000,3,3.008438e-11,6.444245e-11,2.978902e-16,1.923195e-19,-1.154541e-10
7615,7615.000000,3,2.520295e-11,6.505729e-11,2.979067e-16,-7.227904e-20,4.775885e-11
7616,7616.000000,3,2.808775e-11,6.565370e-11,2.979233e-16,-1.443529e-19,-1.208580e-10
7617,7617.000000,3,2.928147e-11,6.627987e-11,3.320599e-16,3.033437e-20,5.464496e-11
7618,7618.000000,3,2.874856e-11,6.686873e-11,2.979565e-16,-8.478932e-20,1.272754e-10
7619,7619.000000,3,2.881251e-11,6.746514e-11,2.979732e-16,-3.950945e-20,2.725692e-11
7620,7620.000000,3,2.686562e-11,6.805645e-11,3.724873e-16,-8.110340e-20,1.071707e-10
7621,7621.000000,3,2.840750e-11,6.553869e-11,3.320725e-16,-8.534519e-20,-9.334156e-11
7622,7622.000000,3,2.983569e-11,6.182788e-11,3.320754e-16,-8.494814e-20,-7.785178e-11
7623,7623.000000,3,2.725642e-11,5.989587e-11,3.725497e-16,8.555364e-20,-4.301010e-11
7624,7624.000000,3,2.494005e-11,5.824696e-11,2.980568e-16,-1.540409e-19,1.623970e-10
7625,7625.000000,3,2.663825e-11,5.699352e-11,2.980736e-16,-3.439086e-20,7.506862e-11
7626,7626.000000,3,2.476241e-11,5.587686e-11,2.980904e-16,-2.968917e-20,1.892919e-11
7627,7627.000000,3,2.523137e-11,5.493961e-11,2.981072e-16,1.210827e-19,3.924855e-11
7628,7628.000000,3,2.292211e-11,5.409073e-11,2.981241e-16,1.077320e-20,-9.068152e-11
7629,7629.000000,3,2.363976e-11,5.334377e-11,2.981409e-16,-1.596789e-20,1.829835e-10
7630,7630.000000,3,2.047074e-11,5.267298e-11,2.981578e-16,-4.432365e-20,1.977895e-10
7631,7631.000000,3,2.641798e-11,5.206613e-11,3.727184e-16,-6.021875e-22,1.604488e-10
7632,7632.000000,3,2.288658e-11,5.151524e-11,3.321027e-16,-2.272199e-19,7.261103e-11
7633,7633.000000,3,2.221867e-11,5.099587e-11,2.982086e-16,1.030998e-20,-9.376666e-12
7634,7634.000000,3,2.327027e-11,5.052314e-11,3.727819e-16,6.223376e-20,-2.560951e-12
7635,7635.000000,3,2.341238e-11,5.008927e-11,2.982425e-16,4.655042e-20,5.707451e-11
7636,7636.000000,3,2.152944e-11,4.969025e-11,3.728243e-16,-1.011013e-19,-2.983205e-10
7637,7637.000000,3,2.273737e-11,4.931344e-11,2.982764e-16,1.300824e-19,-1.124443e-10
7638,7638.000000,3,2.353318e-11,4.896061e-11,3.321182e-16,-1.773475e-20,1.701138e-10
7639,7639.000000,3,2.624745e-11,4.864065e-11,3.321187e-16,-1.436879e-19,1.140308e-10
7640,7640.000000,3,2.100364e-11,4.832446e-11,3.729093e-16,-4.331449e-20,1.156020e-12
7641,7641.000000,3,2.391687e-11,4.804779e-11,2.983444e-16,-1.084268e-20,-2.320427e-11
7642,7642.000000,3,2.226130e-11,4.778489e-11,2.983614e-16,2.472939e-20,1.493951e-10
7643,7643.000000,3,2.109601e-11,4.752976e-11,2.983785e-16,-6.938391e-21,-3.184480e-11
7644,7644.000000,3,2.266631e-11,4.730194e-11,3.321332e-16,4.819485e-20,-1.631719e-10
7645,7645.000000,3,1.951861e-11,4.708700e-11,2.984125e-16,1.143494e-20,9.147438e-11
7646,7646.000000,3,2.088996e-11,4.687228e-11,3.321381e-16,-1.159045e-19,6.142953e-11
7647,7647.000000,3,1.927702e-11,4.667822e-11,3.321386e-16,-2.265482e-20,7.258388e-11
7648,7648.000000,3,2.413003e-11,4.649836e-11,2.984637e-16,-8.396545e-20,5.018097e-12
7649,7649.000000,3,2.032863e-11,4.632406e-11,2.984807e-16,4.037303e-20,1.818956e-10
7650,7650.000000,3,1.926992e-11,4.616374e-11,3.321479e-16,-7.231544e-20,-7.240430e-12
7651,7651.000000,3,2.048495e-11,4.600986e-11,2.985148e-16,-6.273669e-20,-1.359391e-10
7652,7652.000000,3,2.145839e-11,4.587619e-11,2.985319e-16,-7.555468e-20,7.185141e-12
7653,7653.000000,3,2.029310e-11,4.574252e-11,3.321532e-16,3.034098e-21,-1.413145e-10
7654,7654.000000,3,2.221867e-11,4.561707e-11,3.732076e-16,1.160700e-20,1.366089e-10
7655,7655.000000,3,2.193445e-11,4.549494e-11,3.321581e-16,-4.230202e-20,-1.206694e-10
7656,7656.000000,3,2.020073e-11,4.537748e-11,3.321625e-16,6.720677e-20,1.381047e-10
7657,7657.000000,3,2.095391e-11,4.527245e-11,2.986173e-16,-8.457425e-20,7.010095e-11
7658,7658.000000,3,2.185629e-11,4.518874e-11,2.986344e-16,5.028266e-20,-9.122039e-11
7659,7659.000000,3,2.250289e-11,4.509704e-11,2.986515e-16,4.746362e-20,3.104409e-10
7660,7660.000000,3,2.181366e-11,4.500689e-11,3.733352e-16,2.349524e-20,4.495476e-11
7661,7661.000000,3,2.091127e-11,4.492251e-11,3.733566e-16,-8.667529e-20,1.218449e-10
7662,7662.000000,3,2.071943e-11,4.485323e-11,2.987028e-16,1.550203e-19,-2.228132e-11
7663,7663.000000,3,1.710276e-11,4.479461e-11,3.321793e-16,-1.306317e-19,6.497172e-11
7664,7664.000000,3,1.956124e-11,4.472134e-11,2.987370e-16,-2.683705e-19,-1.542035e-10
7665,7665.000000,3,2.052758e-11,4.466827e-11,2.987541e-16,1.303736e-19,-1.034886e-10
7666,7666.000000,3,2.130918e-11,4.461453e-11,3.321845e-16,-9.812678e-20,4.425602e-11
7667,7667.000000,3,2.128786e-11,4.456036e-11,3.734854e-16,7.204743e-20,6.889542e-11
7668,7668.000000,3,2.147260e-11,4.451239e-11,2.988055e-16,-8.789952e-20,7.544190e-11
7669,7669.000000,3,1.784173e-11,4.446865e-11,2.988226e-16,3.222034e-20,-1.875005e-10
7670,7670.000000,3,1.882938e-11,4.443201e-11,2.988397e-16,1.083441e-19,-1.090977e-10
7671,7671.000000,3,2.099654e-11,4.439937e-11,2.988569e-16,2.001115e-20,3.907452e-11
7672,7672.000000,3,1.877964e-11,4.437006e-11,2.988740e-16,1.550633e-19,-1.729233e-10
7673,7673.000000,3,1.886491e-11,4.433121e-11,2.988911e-16,-1.417457e-20,-3.135628e-11
7674,7674.000000,3,2.140865e-11,4.431566e-11,2.989083e-16,2.019644e-20,-1.202478e-10
7675,7675.000000,3,2.049205e-11,4.429990e-11,2.989254e-16,3.797752e-20,-1.864644e-10
7676,7676.000000,3,1.944045e-11,4.427503e-11,2.989426e-16,-1.026531e-19,1.062634e-10
7677,7677.000000,3,1.964651e-11,4.426881e-11,2.989597e-16,-8.576539e-20,7.846129e-11
7678,7678.000000,3,2.039258e-11,4.425216e-11,2.989769e-16,-2.044625e-19,1.980766e-11
7679,7679.000000,3,1.968203e-11,4.424416e-11,3.322174e-16,-6.754095e-20,9.101828e-11
7680,7680.000000,3,1.968203e-11,4.423462e-11,2.990112e-16,-2.104877e-19,-1.435324e-11
7681,7681.000000,3,1.912781e-11,3.322165e-11,3.322216e-16,-4.102816e-20,-4.409975e-11
7682,7682.000000,3,1.845279e-11,1.793410e-11,2.990456e-16,1.968690e-20,6.027920e-11
7683,7683.000000,3,1.082867e-11,9.119594e-12,2.990627e-16,-3.431145e-20,3.652064e-10
7684,7684.000000,3,6.984635e-12,3.083311e-12,3.322250e-16,9.893080e-20,-4.687417e-11
7685,7685.000000,3,8.093082e-12,5.199619e-12,3.322257e-16,4.556773e-20,9.059348e-11
7686,7686.000000,3,4.099832e-12,1.112666e-11,2.991143e-16,-7.550174e-20,-1.060375e-10
7687,7687.000000,3,3.446132e-12,1.643241e-11,2.991315e-16,-1.327790e-20,3.604506e-11
7688,7688.000000,3,5.577760e-12,2.138578e-11,2.991486e-16,-6.571454e-20,1.397865e-10
7689,7689.000000,3,3.190337e-12,2.598233e-11,2.991658e-16,1.089066e-19,1.233663e-10
7690,7690.000000,3,2.778222e-12,3.029665e-11,2.991829e-16,7.213346e-20,-2.467271e-11
7691,7691.000000,3,2.977174e-12,3.438960e-11,2.992000e-16,1.302247e-19,-2.585948e-11
7692,7692.000000,3,4.511946e-12,3.827094e-11,3.740214e-16,-9.973151e-20,1.313608e-10
7693,7693.000000,3,5.712764e-12,4.200196e-11,3.322238e-16,1.420765e-19,1.897058e-10
7694,7694.000000,3,4.916956e-12,4.555090e-11,2.992512e-16,2.142398e-20,1.674243e-10
7695,7695.000000,3,5.485390e-12,4.897371e-11,3.322226e-16,1.092275e-19,9.038653e-11
7696,7696.000000,3,8.306245e-12,5.227285e-11,2.992851e-16,-1.372590e-19,8.023965e-11
7697,7697.000000,3,1.239897e-11,5.544165e-11,3.322231e-16,-1.720602e-19,-1.592011e-10
7698,7698.000000,3,1.189449e-11,5.852629e-11,2.993189e-16,7.627267e-20,-9.667150e-11
7699,7699.000000,3,1.251976e-11,6.150169e-11,3.322192e-16,-3.898668e-20,-2.615708e-11
7700,7700.000000,3,1.517719e-11,6.441581e-11,2.993525e-16,-3.206814e-20,2.562839e-11
7701,7701.000000,3,1.768541e-11,6.723111e-11,3.742115e-16,-4.665299e-21,-1.398460e-10
7702,7702.000000,3,1.612221e-11,6.997158e-11,2.993858e-16,4.096860e-20,-2.561008e-10
7703,7703.000000,3,1.593747e-11,7.265788e-11,2.994024e-16,4.839668e-20,1.442121e-10
7704,7704.000000,3,1.752909e-11,7.526757e-11,3.742736e-16,-4.255348e-20,-8.081907e-11
7705,7705.000000,3,2.059863e-11,7.781087e-11,2.994355e-16,-1.738138e-19,2.027972e-11
7706,7706.000000,3,1.950440e-11,8.029732e-11,2.994519e-16,-4.888637e-20,9.481488e-11
7707,7707.000000,3,2.475531e-11,8.273915e-11,3.322106e-16,1.656148e-19,3.426498e-11
7708,7708.000000,3,2.323475e-11,8.513523e-11,2.994847e-16,6.202200e-20,1.519969e-10
7709,7709.000000,3,2.335554e-11,8.747403e-11,2.995010e-16,2.137435e-21,-1.995562e-10
7710,7710.000000,3,2.495426e-11,8.976486e-11,2.995172e-16,-2.526871e-20,-2.192729e-10
7711,7711.000000,3,2.575717e-11,9.202039e-11,2.995334e-16,3.258099e-20,2.111128e-11
7712,7712.000000,3,2.946621e-11,9.422574e-11,3.322016e-16,4.655372e-21,-1.047024e-11
7713,7713.000000,3,2.773248e-11,9.639289e-11,3.321996e-16,-7.285807e-21,1.741373e-10
7714,7714.000000,3,2.754064e-11,9.853296e-11,2.995816e-16,-1.514005e-19,6.374945e-11
7715,7715.000000,3,3.051071e-11,1.006266e-10,2.995976e-16,-6.815968e-22,3.336664e-12
7716,7716.000000,3,2.966516e-11,1.026892e-10,2.996135e-16,6.868908e-21,2.769925e-10
7717,7717.000000,3,2.954437e-11,1.047227e-10,2.996293e-16,5.813756e-20,1.882869e-10
7718,7718.000000,3,3.372946e-11,1.067078e-10,3.745560e-16,-1.109084e-19,-5.768214e-11
7719,7719.000000,3,3.502265e-11,1.086795e-10,3.745756e-16,-5.954377e-20,-1.534788e-10
7720,7720.000000,3,3.493028e-11,1.106288e-10,2.996765e-16,1.426655e-19,1.053751e-10
7721,7721.000000,3,3.542056e-11,1.125389e-10,3.321816e-16,8.455440e-20,9.007534e-11
7722,7722.000000,3,3.760903e-11,1.144196e-10,2.997077e-16,2.099384e-20,-5.400347e-12
7723,7723.000000,3,3.525003e-11,1.162779e-10,3.746540e-16,-1.322463e-19,-3.243705e-11
7724,7724.000000,3,3.961986e-11,1.181111e-10,2.997386e-16,2.243314e-21,-7.534529e-12
7725,7725.000000,3,4.183676e-11,1.199083e-10,2.997540e-16,-1.854870e-20,8.688283e-11
7726,7726.000000,3,3.808509e-11,1.216969e-10,2.997693e-16,2.132802e-20,1.188644e-11
7727,7727.000000,3,4.091305e-11,1.234595e-10,2.997846e-16,-8.282394e-20,3.224204e-11
7728,7728.000000,3,4.218492e-11,1.252014e-10,3.321630e-16,-3.292841e-20,-7.756895e-11
7729,7729.000000,3,4.478551e-11,1.269180e-10,3.321601e-16,-3.896352e-20,9.096590e-11
7730,7730.000000,3,4.452971e-11,1.286224e-10,3.321572e-16,1.398233e-19,2.942313e-11
7731,7731.000000,3,4.523315e-11,1.303040e-10,3.321543e-16,4.885329e-20,6.615253e-11
7732,7732.000000,3,4.604317e-11,1.319496e-10,2.998601e-16,-1.789688e-19,6.583573e-11
7733,7733.000000,3,4.938983e-11,1.335980e-10,2.998750e-16,-5.977538e-20,-1.100093e-10
7734,7734.000000,3,4.787637e-11,1.352141e-10,2.998899e-16,7.482676e-20,-6.466272e-12
7735,7735.000000,3,4.735767e-11,1.368250e-10,3.321420e-16,3.803046e-20,-1.516953e-12
7736,7736.000000,3,4.848033e-11,1.384033e-10,3.748993e-16,-6.051653e-21,3.106326e-11
7737,7737.000000,3,5.140777e-11,1.399723e-10,2.999342e-16,5.953384e-20,1.268147e-10
7738,7738.000000,3,5.285017e-11,1.415266e-10,3.321303e-16,1.725399e-19,-1.623246e-11
7739,7739.000000,3,5.503864e-11,1.430578e-10,3.321290e-16,-9.737570e-20,-1.652412e-11
7740,7740.000000,3,5.432810e-11,1.445799e-10,2.999779e-16,-1.278490e-20,-4.042139e-11
7741,7741.000000,3,4.660450e-11,1.271123e-10,2.999924e-16,-3.167440e-20,-2.299294e-11
7742,7742.000000,3,3.760192e-11,1.022631e-10,3.000068e-16,-1.366966e-19,1.636176e-10
7743,7743.000000,3,3.404210e-11,8.853385e-11,3.000212e-16,-9.100972e-20,4.315992e-13
7744,7744.000000,3,2.524558e-11,7.644418e-11,3.000355e-16,2.447131e-20,5.371442e-11
7745,7745.000000,3,2.301448e-11,6.673129e-11,3.000498e-16,1.364219e-19,-2.858136e-11
7746,7746.000000,3,1.973177e-11,5.792522e-11,3.000640e-16,-1.879421e-19,-7.243783e-11
7747,7747.000000,3,1.443112e-11,5.019074e-11,3.000782e-16,1.007506e-20,-7.097734e-11
7748,7748.000000,3,9.151790e-12,4.303669e-11,3.000923e-16,8.758188e-20,-1.253231e-11
7749,7749.000000,3,8.796519e-12,3.650236e-11,3.751316e-16,2.057165e-19,3.655481e-11
7750,7750.000000,3,8.895995e-12,3.040013e-11,3.001194e-16,-9.081120e-20,-2.419677e-10
7751,7751.000000,3,6.295409e-12,2.469003e-11,3.001346e-16,1.747005e-21,1.170028e-10
7752,7752.000000,3,5.456968e-12,1.931033e-11,3.321200e-16,7.704360e-20,-1.406065e-10
7753,7753.000000,3,5.442757e-12,1.422884e-11,3.001628e-16,-3.717681e-20,-1.579132e-10
7754,7754.000000,3,5.428547e-12,1.083644e-11,3.001769e-16,1.775130e-20,-6.538825e-11
7755,7755.000000,3,5.762502e-12,9.497736e-12,3.321232e-16,1.982553e-19,-1.436826e-10
7756,7756.000000,3,5.599077e-12,8.993251e-12,3.002052e-16,1.038807e-19,7.445106e-11
7757,7757.000000,3,6.863843e-12,8.833378e-12,3.321260e-16,-1.357073e-19,-2.237810e-11
7758,7758.000000,3,9.627854e-12,8.874457e-12,3.321275e-16,5.138446e-21,1.607198e-10
7759,7759.000000,3,1.050182e-11,1.183764e-11,3.002479e-16,-1.774170e-19,-1.023080e-10
7760,7760.000000,3,1.413270e-11,1.560219e-11,3.002621e-16,-4.783420e-20,-5.895701e-11
7761,7761.000000,3,1.342215e-11,1.925127e-11,3.002765e-16,1.147531e-19,1.121102e-10
7762,7762.000000,3,1.359268e-11,2.277911e-11,3.002909e-16,-3.412947e-20,-1.413165e-10
7763,7763.000000,3,1.539036e-11,2.621570e-11,3.753816e-16,9.365339e-20,2.415342e-10
7764,7764.000000,3,1.672618e-11,2.953837e-11,3.321392e-16,-8.116296e-20,1.852773e-11
7765,7765.000000,3,1.947598e-11,3.277023e-11,3.003343e-16,-1.164836e-19,1.874016e-10
7766,7766.000000,3,1.939782e-11,3.592326e-11,3.321438e-16,9.184683e-20,-2.428108e-11
7767,7767.000000,3,2.181366e-11,3.898482e-11,3.003635e-16,-9.096671e-20,1.105803e-10
7768,7768.000000,3,1.840306e-11,4.196865e-11,3.003782e-16,-1.796305e-20,4.304185e-11
7769,7769.000000,3,1.985967e-11,4.487744e-11,3.003930e-16,1.349793e-19,-9.066642e-11
7770,7770.000000,3,2.390266e-11,4.771628e-11,3.004070e-16,1.168508e-19,1.857831e-10
7771,7771.000000,3,2.077627e-11,5.050382e-11,3.004227e-16,-1.196599e-19,-1.245445e-10
7772,7772.000000,3,2.538769e-11,5.322631e-11,3.004376e-16,1.435324e-20,2.644601e-11
7773,7773.000000,3,2.311396e-11,5.588174e-11,3.004526e-16,8.867045e-20,3.838846e-11
7774,7774.000000,3,2.846434e-11,5.850076e-11,3.004677e-16,-3.297804e-20,-6.264284e-11
7775,7775.000000,3,2.890488e-11,6.104517e-11,3.004828e-16,2.446800e-20,2.513529e-10
7776,7776.000000,3,2.984279e-11,6.354228e-11,3.004980e-16,-1.125561e-19,-8.378687e-11
7777,7777.000000,3,2.629008e-11,6.600409e-11,3.005127e-16,1.078908e-19,5.754142e-11
7778,7778.000000,3,3.062439e-11,6.841128e-11,3.756600e-16,-4.868785e-20,8.264311e-11
7779,7779.000000,3,2.762590e-11,7.078471e-11,3.756792e-16,-3.020533e-20,2.368196e-10
7780,7780.000000,3,3.259970e-11,7.311440e-11,3.005589e-16,3.333869e-20,3.434919e-12
7781,7781.000000,3,3.092282e-11,7.540035e-11,3.005748e-16,1.160270e-19,1.113208e-10
7782,7782.000000,3,3.037570e-11,7.763523e-11,3.005904e-16,4.040281e-20,-4.520206e-11
7783,7783.000000,3,3.095835e-11,7.986301e-11,3.006060e-16,2.504703e-21,7.758522e-11
7784,7784.000000,3,3.175415e-11,8.203216e-11,3.006217e-16,1.037946e-20,8.703094e-12
7785,7785.000000,3,3.282707e-11,8.418000e-11,3.322038e-16,1.030998e-20,8.860468e-12
7786,7786.000000,3,3.253575e-11,8.628387e-11,3.322056e-16,-3.272657e-20,1.133654e-10
7787,7787.000000,3,3.532108e-11,8.835999e-11,3.006691e-16,5.028266e-20,1.956567e-10
7788,7788.000000,3,3.286260e-11,9.041412e-11,3.006851e-16,-7.039638e-20,-3.458395e-11
7789,7789.000000,3,3.423395e-11,9.242984e-11,3.322195e-16,-1.252451e-19,-1.263107e-10
7790,7790.000000,3,3.579714e-11,9.441470e-11,3.007171e-16,3.163800e-20,-8.912238e-11
7791,7791.000000,3,3.375078e-11,9.639045e-11,3.322276e-16,4.352294e-20,-1.897247e-10
7792,7792.000000,3,3.321077e-11,9.833112e-11,3.007494e-16,1.031957e-19,-7.701872e-11
7793,7793.000000,3,3.583267e-11,1.002287e-10,3.759570e-16,-2.729034e-20,-1.627018e-11
7794,7794.000000,3,3.682743e-11,1.021252e-10,3.007820e-16,3.128066e-20,-8.591994e-11
7795,7795.000000,3,3.750245e-11,1.039997e-10,3.322426e-16,-1.635535e-19,-1.224819e-10
7796,7796.000000,3,3.326051e-11,1.058276e-10,3.008147e-16,-9.155235e-20,-7.025297e-11
7797,7797.000000,3,3.641532e-11,1.076517e-10,3.322535e-16,-2.404085e-19,-7.203044e-12
7798,7798.000000,3,3.659295e-11,1.094436e-10,3.008478e-16,-1.840311e-20,5.843862e-11
7799,7799.000000,3,3.841905e-11,1.112135e-10,3.008645e-16,-8.872670e-20,-7.435080e-11
7800,7800.000000,3,3.775824e-11,1.129785e-10,3.008811e-16,5.152673e-20,1.846814e-10
7801,7801.000000,3,3.254996e-11,9.002199e-11,3.008979e-16,9.183028e-20,-4.089939e-11
7802,7802.000000,3,2.575007e-11,5.746714e-11,3.322710e-16,2.251255e-20,6.611989e-12
7803,7803.000000,3,2.170708e-11,3.938005e-11,3.009316e-16,-6.383518e-20,-1.794620e-12
7804,7804.000000,3,1.842437e-11,2.342526e-11,3.009485e-16,-1.812651e-19,4.844106e-11
7805,7805.000000,3,1.416112e-11,1.055955e-11,3.762068e-16,1.636163e-20,4.189560e-11
7806,7806.000000,3,1.037392e-11,2.082112e-12,3.322780e-16,-4.905512e-20,1.769836e-10
7807,7807.000000,3,6.089351e-12,1.144529e-11,3.762491e-16,2.338274e-20,1.775950e-10
7808,7808.000000,3,3.474554e-12,2.099032e-11,3.322785e-16,-9.625074e-20,-2.141676e-12
7809,7809.000000,3,2.756906e-12,2.970957e-11,3.010338e-16,7.170332e-20,-5.523515e-11
7810,7810.000000,3,5.705658e-12,3.790479e-11,3.763132e-16,8.152030e-20,1.209588e-11
7811,7811.000000,3,4.348522e-12,4.555090e-11,3.010681e-16,-5.846182e-20,8.744827e-11
7812,7812.000000,3,1.139711e-11,5.278200e-11,3.763565e-16,-8.305886e-20,-7.204193e-11
7813,7813.000000,3,1.037392e-11,5.963097e-11,3.763775e-16,-8.831642e-20,2.998485e-11
7814,7814.000000,3,1.239897e-11,6.614798e-11,3.011193e-16,3.001673e-20,5.739464e-11
7815,7815.000000,3,1.758593e-11,7.238810e-11,3.011364e-16,-1.010980e-19,-9.637030e-11
7816,7816.000000,3,1.774225e-11,7.834222e-11,3.011533e-16,-2.892485e-20,5.485890e-11
7817,7817.000000,3,1.973177e-11,8.407985e-11,3.011703e-16,-1.684669e-19,5.744083e-11
7818,7818.000000,3,2.142997e-11,8.960122e-11,3.011872e-16,-6.358372e-20,3.492590e-11
7819,7819.000000,3,2.179945e-11,9.491541e-11,3.012040e-16,7.981631e-20,1.313105e-10
7820,7820.000000,3,2.621192e-11,1.000535e-10,3.012207e-16,5.436231e-21,3.010064e-11
7821,7821.000000,3,2.706457e-11,1.050353e-10,3.012374e-16,-9.644926e-21,5.109219e-11
7822,7822.000000,3,3.107914e-11,1.098588e-10,3.012540e-16,-7.958470e-20,-4.395939e-11
7823,7823.000000,3,3.213074e-11,1.145510e-10,3.322555e-16,7.514109e-21,1.179197e-10
7824,7824.000000,3,3.800693e-11,1.190930e-10,3.012871e-16,2.391545e-20,-6.008000e-11
7825,7825.000000,3,3.749534e-11,1.235256e-10,3.322478e-16,-1.107099e-20,1.508298e-10
7826,7826.000000,3,4.013856e-11,1.278297e-10,3.322467e-16,5.026280e-20,-2.400441e-11
7827,7827.000000,3,4.411049e-11,1.320475e-10,3.013361e-16,-5.168224e-21,6.883882e-12
7828,7828.000000,3,4.509104e-11,1.361502e-10,3.322403e-16,1.452827e-19,-8.929968e-11
7829,7829.000000,3,4.767031e-11,1.401563e-10,3.322369e-16,-3.984694e-20,-1.179696e-10
7830,7830.000000,3,4.762057e-11,1.440681e-10,3.013844e-16,-1.187931e-19,1.215903e-10
7831,7831.000000,3,5.034906e-11,1.479079e-10,3.014004e-16,-8.611943e-20,-5.600853e-11
7832,7832.000000,3,5.502443e-11,1.516565e-10,3.322260e-16,-3.562171e-20,-1.512085e-11
7833,7833.000000,3,5.669420e-11,1.553357e-10,3.767895e-16,-2.695947e-20,-2.061784e-10
7834,7834.000000,3,5.518075e-11,1.589386e-10,3.014477e-16,1.846267e-21,4.749479e-12
7835,7835.000000,3,5.772449e-11,1.624756e-10,3.014632e-16,-3.806023e-20,3.101963e-13
7836,7836.000000,3,5.995560e-11,1.659404e-10,3.768484e-16,-5.464024e-20,-8.706308e-11
7837,7837.000000,3,6.418333e-11,1.693399e-10,3.322058e-16,-9.161522e-20,-2.301426e-11
7838,7838.000000,3,6.567547e-11,1.726932e-10,3.015095e-16,-3.855985e-20,-3.170242e-12
7839,7839.000000,3,6.895107e-11,1.759843e-10,3.769050e-16,1.554107e-20,-1.157695e-10
7840,7840.000000,3,6.935608e-11,1.792082e-10,3.015398e-16,-1.214665e-19,2.109305e-10
7841,7841.000000,3,7.075585e-11,1.823948e-10,3.015549e-16,2.999026e-20,-2.604539e-11
7842,7842.000000,3,7.519674e-11,1.855263e-10,3.015698e-16,-1.099687e-19,-2.082662e-11
7843,7843.000000,3,7.536016e-11,1.885923e-10,3.321784e-16,-1.492234e-21,-5.646672e-11
7844,7844.000000,3,7.721468e-11,1.916285e-10,3.769994e-16,-8.389928e-20,6.485218e-11
7845,7845.000000,3,7.879919e-11,1.946232e-10,3.016142e-16,7.266616e-20,1.060802e-10
7846,7846.000000,3,8.136425e-11,1.975473e-10,3.016288e-16,9.294201e-21,-3.916739e-11
7847,7847.000000,3,8.319745e-11,2.004596e-10,3.770528e-16,-9.885470e-20,-1.362851e-10
7848,7848.000000,3,8.324719e-11,2.033067e-10,3.016577e-16,-5.932870e-20,-1.355089e-10
7849,7849.000000,3,8.830625e-11,2.061400e-10,3.016720e-16,-3.809332e-20,-5.430528e-11
7850,7850.000000,3,8.780177e-11,2.089175e-10,3.771064e-16,-1.485219e-19,-2.360068e-11
7851,7851.000000,3,9.061552e-11,2.116651e-10,3.321350e-16,1.004528e-20,2.508099e-11
7852,7852.000000,3,9.451639e-11,2.143739e-10,3.017145e-16,-1.282957e-19,7.569695e-11
7853,7853.000000,3,9.762857e-11,2.170593e-10,3.017285e-16,-1.179890e-19,-3.173040e-11
7854,7854.000000,3,9.648460e-11,2.196938e-10,3.017424e-16,-2.842523e-20,9.743389e-11
7855,7855.000000,3,9.753620e-11,2.223013e-10,3.321145e-16,-6.922840e-20,-3.213257e-11
7856,7856.000000,3,1.015152e-10,2.248814e-10,3.017699e-16,-1.311578e-20,-2.599122e-10
7857,7857.000000,3,1.035119e-10,2.274279e-10,3.017835e-16,3.929770e-20,7.842099e-11
7858,7858.000000,3,1.079883e-10,2.299536e-10,3.320968e-16,-4.790699e-20,-2.485996e-10
7859,7859.000000,3,1.049827e-10,2.324432e-10,3.018105e-16,1.251359e-20,1.515976e-10
7860,7860.000000,3,1.108305e-10,2.349065e-10,3.018238e-16,3.045348e-20,1.169250e-10
7861,7861.000000,3,1.034408e-10,2.142069e-10,3.018371e-16,6.134702e-20,1.079913e-10
7862,7862.000000,3,8.601120e-11,1.845040e-10,3.018503e-16,3.307068e-20,-1.452810e-11
7863,7863.000000,3,7.965184e-11,1.683689e-10,3.320697e-16,-7.067100e-20,1.445747e-10
7864,7864.000000,3,6.966161e-11,1.542313e-10,3.018764e-16,-2.122876e-20,1.881535e-10
7865,7865.000000,3,6.365752e-11,1.429714e-10,3.773594e-16,2.089127e-20,1.227411e-10
7866,7866.000000,3,5.743317e-11,1.328044e-10,3.019022e-16,9.033474e-20,-1.659489e-11
7867,7867.000000,3,5.323386e-11,1.239382e-10,3.019150e-16,-5.767765e-20,4.978251e-11
7868,7868.000000,3,4.965273e-11,1.157663e-10,3.320586e-16,8.307540e-20,-7.727663e-11
7869,7869.000000,3,4.453682e-11,1.083549e-10,3.019404e-16,6.917877e-20,-1.893222e-10
7870,7870.000000,3,3.976197e-11,1.014717e-10,3.019530e-16,-2.345553e-20,2.995731e-11
7871,7871.000000,3,4.042278e-11,9.506995e-11,3.320536e-16,8.339635e-20,-8.525236e-11
7872,7872.000000,3,3.521450e-11,8.902812e-11,3.019782e-16,3.165124e-20,1.344719e-11
7873,7873.000000,3,3.189626e-11,8.335732e-11,3.774885e-16,-1.496237e-19,-3.083400e-11
7874,7874.000000,3,2.786038e-11,7.799361e-11,3.320503e-16,-2.056702e-20,2.110684e-11
7875,7875.000000,3,2.732037e-11,7.289946e-11,3.320495e-16,1.181214e-19,-6.331285e-11
7876,7876.000000,3,2.234657e-11,6.804468e-11,3.320488e-16,1.570022e-19,2.168765e-11
7877,7877.000000,3,2.168576e-11,6.340395e-11,3.020411e-16,1.582893e-20,1.347595e-10
7878,7878.000000,3,2.029310e-11,5.894796e-11,3.020538e-16,-1.040527e-19,1.116040e-10
7879,7879.000000,3,1.661249e-11,5.468115e-11,3.020664e-16,-9.939402e-21,-1.350323e-10
7880,7880.000000,3,1.548273e-11,5.058043e-11,3.020791e-16,-1.311147e-19,1.040790e-10
7881,7881.000000,3,1.271161e-11,4.661871e-11,3.020918e-16,1.692809e-19,6.024869e-11
7882,7882.000000,3,1.314504e-11,4.280176e-11,3.021046e-16,-1.436515e-19,1.462064e-11
7883,7883.000000,3,9.109158e-12,3.911471e-11,3.021174e-16,1.297449e-19,7.163686e-11
7884,7884.000000,3,1.048761e-11,3.553091e-11,3.021303e-16,-1.390491e-19,-2.687178e-11
7885,7885.000000,3,5.023537e-12,3.206702e-11,3.320485e-16,3.057590e-20,1.009308e-10
7886,7886.000000,3,3.467449e-12,2.870282e-11,3.021561e-16,1.742539e-19,1.575579e-10
7887,7887.000000,3,4.988010e-12,2.542744e-11,3.777092e-16,-6.701156e-20,-1.918688e-10
7888,7888.000000,3,5.321965e-12,2.225620e-11,3.021822e-16,3.580699e-20,-5.873613e-11
7889,7889.000000,3,3.659295e-12,1.915268e-11,3.320510e-16,-2.100046e-20,3.645806e-12
7890,7890.000000,3,4.611422e-12,1.616440e-11,3.022085e-16,-8.261880e-21,5.436857e-11
7891,7891.000000,3,3.474554e-12,1.321698e-11,3.320528e-16,6.156540e-20,7.235657e-11
7892,7892.000000,3,5.719869e-12,1.131806e-11,3.022349e-16,1.693768e-19,-2.960521e-12
7893,7893.000000,3,7.275958e-12,1.019740e-11,3.022483e-16,-1.046284e-19,-4.383710e-11
7894,7894.000000,3,5.776712e-12,9.535706e-12,3.320562e-16,-4.676548e-20,1.365769e-10
7895,7895.000000,3,6.579626e-12,9.107604e-12,3.022751e-16,3.660440e-20,-7.666029e-11
7896,7896.000000,3,8.284928e-12,8.931300e-12,3.022886e-16,-4.893601e-20,-1.652830e-10
7897,7897.000000,3,7.666756e-12,8.813394e-12,3.023022e-16,-3.114831e-20,-2.553957e-12
7898,7898.000000,3,1.004707e-11,8.821166e-12,3.023158e-16,9.194940e-20,-6.772805e-12
7899,7899.000000,3,1.116263e-11,8.830048e-12,3.779101e-16,-9.955946e-21,1.758700e-10
7900,7900.000000,3,1.058709e-11,1.042277e-11,3.023433e-16,2.493122e-20,1.524120e-11
7901,7901.000000,3,9.769963e-12,1.278622e-11,3.023571e-16,-7.803622e-20,4.525941e-11
7902,7902.000000,3,1.146816e-11,1.510414e-11,3.023710e-16,1.115139e-19,8.964002e-11
7903,7903.000000,3,1.072209e-11,1.739431e-11,3.023836e-16,1.168310e-19,-2.619565e-10
7904,7904.000000,3,1.555378e-11,1.963540e-11,3.320721e-16,-8.930904e-20,4.296058e-11
7905,7905.000000,3,1.677591e-11,2.183764e-11,3.780146e-16,4.559750e-20,7.458384e-11
7906,7906.000000,3,1.624301e-11,2.399325e-11,3.320760e-16,6.146283e-20,-9.965789e-11
7907,7907.000000,3,1.779199e-11,2.613354e-11,3.320781e-16,-5.227781e-21,-4.569256e-11
7908,7908.000000,3,1.983835e-11,2.822231e-11,3.780679e-16,2.003961e-19,7.740181e-11
7909,7909.000000,3,1.799094e-11,3.028000e-11,3.024698e-16,-3.133790e-19,8.450401e-11
7910,7910.000000,3,1.793410e-11,3.231637e-11,3.024842e-16,8.933881e-20,-5.360951e-11
7911,7911.000000,3,2.039968e-11,3.432454e-11,3.320870e-16,-9.921535e-20,-5.646228e-11
7912,7912.000000,3,2.114575e-11,3.629941e-11,3.025131e-16,-6.935082e-21,1.024816e-10
7913,7913.000000,3,2.204814e-11,3.822476e-11,3.025276e-16,-1.234584e-19,-8.483392e-11
7914,7914.000000,3,2.492584e-11,4.014700e-11,3.320923e-16,-3.899329e-20,2.213185e-11
7915,7915.000000,3,2.179235e-11,4.202616e-11,3.025569e-16,-1.716036e-19,-2.027312e-11
7916,7916.000000,3,2.570744e-11,4.388756e-11,3.025716e-16,3.985356e-20,4.175699e-11
7917,7917.000000,3,2.457057e-11,4.572742e-11,3.025864e-16,2.084495e-22,4.586465e-11
7918,7918.000000,3,2.461320e-11,4.752643e-11,3.321048e-16,1.747336e-20,8.944440e-11
7919,7919.000000,3,2.460609e-11,4.931811e-11,3.026161e-16,-7.142539e-20,-1.442618e-10
7920,7920.000000,3,2.837908e-11,5.107981e-11,3.026311e-16,1.201596e-19,1.698050e-10
7921,7921.000000,3,2.652456e-11,5.055467e-11,3.783066e-16,-2.603303e-20,-2.384992e-11
7922,7922.000000,3,2.597744e-11,4.909562e-11,3.321158e-16,4.583573e-20,5.510170e-11
7923,7923.000000,3,2.452794e-11,4.897127e-11,3.026763e-16,-2.420330e-20,1.212300e-10
7924,7924.000000,3,2.449951e-11,4.901324e-11,3.783643e-16,-9.056304e-20,-8.603596e-11
7925,7925.000000,3,2.180656e-11,4.933143e-11,3.027067e-16,1.099621e-19,-7.344564e-11
7926,7926.000000,3,2.603429e-11,4.974599e-11,3.784017e-16,-5.837579e-20,1.143487e-10
7927,7927.000000,3,2.393108e-11,5.026490e-11,3.027374e-16,3.211446e-20,3.345163e-11
7928,7928.000000,3,2.506084e-11,5.083556e-11,3.321319e-16,4.922386e-20,3.252132e-11
7929,7929.000000,3,2.538769e-11,5.146727e-11,3.321326e-16,-4.479679e-20,-2.114209e-11
7930,7930.000000,3,2.410872e-11,5.213852e-11,3.027833e-16,-8.178169e-20,-1.018429e-10
7931,7931.000000,3,2.613376e-11,5.284484e-11,3.027993e-16,1.107595e-19,9.774764e-11
7932,7932.000000,3,2.725642e-11,5.356648e-11,3.028150e-16,2.218829e-20,4.839651e-11
7933,7933.000000,3,2.496847e-11,5.431233e-11,3.028306e-16,-1.852653e-19,-3.085754e-11
7934,7934.000000,3,2.549427e-11,5.506617e-11,3.028463e-16,-5.704899e-20,1.375919e-10
7935,7935.000000,3,2.347633e-11,5.585310e-11,3.028621e-16,1.376098e-20,1.140391e-10
7936,7936.000000,3,2.773248e-11,5.662026e-11,3.028779e-16,7.172318e-20,8.115542e-11
7937,7937.000000,3,2.694378e-11,5.742140e-11,3.028938e-16,4.977642e-20,1.997924e-10
7938,7938.000000,3,2.894751e-11,5.822676e-11,3.786367e-16,-7.351320e-20,-1.044160e-10
7939,7939.000000,3,2.953726e-11,5.902101e-11,3.029256e-16,1.654361e-23,8.390949e-11
7940,7940.000000,3,2.837197e-11,5.983924e-11,3.786766e-16,5.059698e-20,1.115593e-10
7941,7941.000000,3,2.722800e-11,6.064571e-11,3.786967e-16,6.221722e-20,5.427619e-11
7942,7942.000000,3,2.600586e-11,6.146084e-11,3.029737e-16,4.949518e-20,-2.068673e-11
7943,7943.000000,3,2.928147e-11,6.228751e-11,3.029898e-16,1.292387e-20,1.264841e-10
7944,7944.000000,3,2.946621e-11,6.310108e-11,3.321782e-16,1.087809e-19,-1.243017e-11
7945,7945.000000,3,2.489742e-11,6.392198e-11,3.030221e-16,-4.851911e-20,1.363282e-10
7946,7946.000000,3,2.743406e-11,6.472911e-11,3.321824e-16,9.533422e-20,-6.537176e-11
7947,7947.000000,3,2.957989e-11,6.555378e-11,3.030546e-16,2.532198e-19,6.874318e-11
7948,7948.000000,3,2.982858e-11,6.636580e-11,3.030709e-16,-2.922595e-20,7.432205e-11
7949,7949.000000,3,2.854250e-11,6.718603e-11,3.030872e-16,-1.567507e-19,-8.264184e-11
7950,7950.000000,3,2.954437e-11,6.798695e-11,3.031036e-16,-2.632089e-20,-8.738577e-11
7951,7951.000000,3,2.951595e-11,6.879874e-11,3.031200e-16,8.321437e-20,-1.183788e-10
7952,7952.000000,3,2.786038e-11,6.961276e-11,3.031364e-16,-1.241135e-19,-3.105055e-11
7953,7953.000000,3,3.225864e-11,7.042056e-11,3.322047e-16,1.472712e-20,1.389182e-10
7954,7954.000000,3,2.821565e-11,7.122458e-11,3.031694e-16,1.614326e-20,1.722139e-11
7955,7955.000000,3,3.007727e-11,7.201795e-11,3.031860e-16,1.682783e-19,-7.681977e-11
7956,7956.000000,3,2.844303e-11,7.281642e-11,3.322166e-16,-2.534481e-20,-2.169265e-12
7957,7957.000000,3,3.237233e-11,7.361289e-11,3.790240e-16,-6.092351e-20,1.260919e-11
7958,7958.000000,3,2.748379e-11,7.440804e-11,3.032359e-16,4.473393e-21,-1.396241e-10
7959,7959.000000,3,3.034017e-11,7.519319e-11,3.032526e-16,-1.127513e-19,1.948330e-11
7960,7960.000000,3,3.051071e-11,7.597745e-11,3.032693e-16,1.057104e-19,-7.771173e-12
7961,7961.000000,3,3.232259e-11,7.675793e-11,3.322336e-16,-1.462455e-21,1.421613e-10
7962,7962.000000,3,2.866329e-11,7.754397e-11,3.033029e-16,-1.422254e-19,-9.935058e-11
7963,7963.000000,3,3.220180e-11,7.832535e-11,3.033198e-16,2.284342e-20,6.181444e-12
7964,7964.000000,3,3.218759e-11,7.909229e-11,3.033367e-16,5.481230e-20,-6.577339e-11
7965,7965.000000,3,3.085177e-11,7.986012e-11,3.033536e-16,7.914133e-20,3.204934e-11
7966,7966.000000,3,3.242207e-11,8.063195e-11,3.033705e-16,1.189684e-19,4.503528e-11
7967,7967.000000,3,2.999201e-11,8.138823e-11,3.033875e-16,9.512908e-20,2.174589e-10
7968,7968.000000,3,3.090150e-11,8.215872e-11,3.034046e-16,3.810325e-20,-2.114744e-11
7969,7969.000000,3,3.098677e-11,8.290968e-11,3.034216e-16,-8.317797e-20,9.887099e-11
7970,7970.000000,3,2.976464e-11,8.366063e-11,3.034387e-16,1.021403e-19,1.263114e-10
7971,7971.000000,3,3.332445e-11,8.442136e-11,3.322690e-16,2.073709e-19,1.050880e-10
7972,7972.000000,3,3.341682e-11,8.515610e-11,3.793412e-16,7.611385e-20,-8.205076e-12
7973,7973.000000,3,3.134915e-11,8.589929e-11,3.322764e-16,-1.250697e-19,4.500547e-11
7974,7974.000000,3,2.859935e-11,8.664114e-11,3.322801e-16,-4.347661e-20,1.132727e-11
7975,7975.000000,3,3.115019e-11,8.738055e-11,3.035246e-16,-1.490579e-19,-4.376058e-11
7976,7976.000000,3,3.092282e-11,8.811507e-11,3.035419e-16,-2.486174e-20,-8.582365e-11
7977,7977.000000,3,3.301182e-11,8.884071e-11,3.794490e-16,1.012601e-19,-2.743331e-11
7978,7978.000000,3,3.024070e-11,8.957057e-11,3.322951e-16,-5.836586e-20,7.401355e-11
7979,7979.000000,3,3.231548e-11,9.028489e-11,3.035939e-16,-5.050103e-20,5.077400e-11
7980,7980.000000,3,3.060308e-11,9.101986e-11,3.036114e-16,-1.947249e-19,-8.308310e-11
7981,7981.000000,3,2.829381e-11,8.163581e-11,3.036288e-16,-1.314191e-19,7.272324e-11
7982,7982.000000,3,2.798828e-11,6.834755e-11,3.036463e-16,-8.569591e-20,-1.761935e-10
7983,7983.000000,3,2.383160e-11,6.096923e-11,3.323117e-16,-1.307012e-19,1.923297e-10
7984,7984.000000,3,2.626166e-11,5.446510e-11,3.323143e-16,6.632665e-20,-4.975273e-11
7985,7985.000000,3,2.323475e-11,4.925216e-11,3.036989e-16,3.500628e-20,7.648471e-11
7986,7986.000000,3,2.096101e-11,4.449219e-11,3.037165e-16,2.180117e-20,-4.875320e-11
7987,7987.000000,3,2.176392e-11,4.030998e-11,3.037341e-16,6.598916e-20,-1.896702e-11
7988,7988.000000,3,2.032863e-11,3.645306e-11,3.037517e-16,-6.002023e-21,1.565188e-10
7989,7989.000000,3,1.704592e-11,3.292921e-11,3.037694e-16,1.433802e-19,7.096046e-11
7990,7990.000000,3,1.544009e-11,2.963252e-11,3.037870e-16,9.317032e-20,3.664716e-11
7991,7991.000000,3,1.761435e-11,2.654987e-11,3.323283e-16,-5.674459e-21,1.049242e-10
7992,7992.000000,3,1.596590e-11,2.364442e-11,3.797779e-16,-4.750664e-20,5.590059e-11
7993,7993.000000,3,1.834621e-11,2.088507e-11,3.798000e-16,-5.502075e-20,1.807506e-10
7994,7994.000000,3,1.108447e-11,1.829048e-11,3.038577e-16,1.874854e-19,-4.406009e-11
7995,7995.000000,3,1.450928e-11,1.580180e-11,3.038753e-16,-8.264858e-20,1.232794e-11
7996,7996.000000,3,1.110578e-11,1.341860e-11,3.038930e-16,-3.285561e-21,-2.063774e-11
7997,7997.000000,3,1.088551e-11,1.114575e-11,3.039106e-16,1.297714e-19,-6.154482e-11
7998,7998.000000,3,8.654411e-12,8.952838e-12,3.799102e-16,-6.626378e-20,2.236146e-10
7999,7999.000000,3,8.192558e-12,6.835865e-12,3.039458e-16,-1.802327e-19,8.645307e-13
8000,8000.000000,3,8.434142e-12,4.816592e-12,3.039633e-16,1.365179e-20,-1.416663e-10
8001,8001.000000,3,7.176482e-12,4.311218e-12,3.799761e-16,-3.483092e-20,-1.342477e-10
8002,8002.000000,3,9.677592e-12,4.371170e-12,3.039984e-16,-2.709513e-20,1.191502e-10
8003,8003.000000,3,6.139089e-12,4.512613e-12,3.800194e-16,-1.333945e-19,8.255707e-11
8004,8004.000000,3,8.199663e-12,4.802381e-12,3.040334e-16,-4.517399e-20,8.040513e-11
8005,8005.000000,3,6.664891e-12,5.337064e-12,3.800636e-16,-3.407091e-19,-7.260731e-11
8006,8006.000000,3,6.551204e-12,6.247891e-12,3.800853e-16,-1.174596e-20,-3.987749e-11
8007,8007.000000,3,5.037748e-12,7.711609e-12,3.040857e-16,2.045783e-20,-4.598533e-11
8008,8008.000000,3,5.279333e-12,9.307222e-12,3.041030e-16,-1.548945e-19,1.206372e-10
8009,8009.000000,3,6.899370e-12,1.086198e-11,3.801500e-16,-5.461046e-20,-6.390488e-11
8010,8010.000000,3,4.988010e-12,1.236922e-11,3.041377e-16,9.909955e-20,-3.154338e-11
8011,8011.000000,3,3.325340e-12,1.385625e-11,3.041550e-16,-2.051739e-20,-1.192160e-10
8012,8012.000000,3,2.586376e-12,1.529776e-11,3.041722e-16,-1.347742e-19,1.163053e-11
8013,8013.000000,3,3.574030e-12,1.671707e-11,3.041894e-16,-1.634178e-19,-1.346067e-10
8014,8014.000000,3,3.922196e-12,1.810307e-11,3.042066e-16,9.145640e-20,-1.131706e-12
8015,8015.000000,3,3.382183e-12,1.944422e-11,3.042238e-16,-9.210160e-20,-5.042344e-11
8016,8016.000000,3,2.273737e-12,2.077050e-11,3.042409e-16,-3.434454e-20,1.273964e-11
8017,8017.000000,3,3.211653e-12,2.207678e-11,3.042580e-16,-1.827771e-19,7.474327e-11
8018,8018.000000,3,3.289813e-12,2.334399e-11,3.803439e-16,9.564855e-20,-9.208873e-11
8019,8019.000000,3,3.282707e-12,2.458278e-11,3.042921e-16,-4.996171e-22,-7.279710e-11
8020,8020.000000,3,2.756906e-12,2.580935e-11,3.803864e-16,-9.223395e-20,-5.057837e-11
8021,8021.000000,3,3.268497e-12,2.702150e-11,3.043261e-16,-5.484869e-20,1.579255e-10
8022,8022.000000,3,2.842171e-12,2.819811e-11,3.323490e-16,-3.504599e-20,1.533162e-11
8023,8023.000000,3,2.124523e-12,2.935252e-11,3.043600e-16,-2.341583e-20,6.341566e-11
8024,8024.000000,3,5.393019e-12,3.049960e-11,3.043769e-16,-6.781888e-20,-8.217932e-11
8025,8025.000000,3,2.856382e-12,3.161360e-11,3.043937e-16,8.716498e-20,6.931955e-12
8026,8026.000000,3,3.581135e-12,3.271161e-11,3.323489e-16,-9.843449e-21,-6.319600e-11
8027,8027.000000,3,5.080381e-12,3.380385e-11,3.044274e-16,-1.087015e-19,3.935896e-11
8028,8028.000000,3,4.988010e-12,3.485234e-11,3.044441e-16,1.754516e-19,-1.153964e-10
8029,8029.000000,3,7.638334e-12,3.591416e-11,3.323507e-16,-1.472712e-19,8.432033e-12
8030,8030.000000,3,3.815614e-12,3.694378e-11,3.044776e-16,-3.196226e-20,5.119899e-11
8031,8031.000000,3,5.535128e-12,3.797118e-11,3.044942e-16,-3.672682e-20,1.618697e-10
8032,8032.000000,3,6.842527e-12,3.896772e-11,3.045109e-16,2.200300e-20,-1.737221e-11
8033,8033.000000,3,6.572520e-12,3.995115e-11,3.045275e-16,6.474508e-20,1.702777e-11
8034,8034.000000,3,5.393019e-12,4.091794e-11,3.323475e-16,1.114146e-19,7.402229e-11
8035,8035.000000,3,6.643575e-12,4.188982e-11,3.045607e-16,2.120329e-19,3.420475e-11
8036,8036.000000,3,6.828316e-12,4.283152e-11,3.323468e-16,5.162931e-20,-3.822531e-11
8037,8037.000000,3,1.048761e-11,4.376344e-11,3.045938e-16,-5.141424e-20,-4.941914e-11
8038,8038.000000,3,7.460699e-12,4.469269e-11,3.046101e-16,-1.099158e-20,-5.303435e-11
8039,8039.000000,3,7.950973e-12,4.559975e-11,3.046267e-16,-7.216324e-20,-2.443723e-11
8040,8040.000000,3,8.938628e-12,4.650458e-11,3.046431e-16,7.406575e-20,2.572142e-11
8041,8041.000000,3,4.504841e-12,3.021650e-11,3.046595e-16,1.062431e-20,-8.112422e-11
8042,8042.000000,3,6.380674e-12,1.002043e-11,3.046759e-16,5.603652e-20,-3.035461e-11
8043,8043.000000,3,6.863843e-12,8.534951e-12,3.808651e-16,-1.097900e-19,-4.703793e-12
8044,8044.000000,3,1.125500e-11,1.695444e-11,3.323518e-16,-8.682419e-20,4.786560e-12
8045,8045.000000,3,1.239187e-11,2.617440e-11,3.047248e-16,-1.417159e-19,1.095962e-10
8046,8046.000000,3,1.864464e-11,3.460143e-11,3.047411e-16,9.948667e-20,6.663531e-11
8047,8047.000000,3,2.016520e-11,4.204725e-11,3.047571e-16,-8.905096e-20,1.224577e-10
8048,8048.000000,3,1.903544e-11,4.896572e-11,3.047736e-16,-3.425189e-20,-7.346207e-11
8049,8049.000000,3,2.295764e-11,5.530598e-11,3.047898e-16,1.026961e-19,-5.858558e-11
8050,8050.000000,3,2.403056e-11,6.128431e-11,3.048060e-16,5.126204e-20,7.795237e-11
8051,8051.000000,3,2.393108e-11,6.688405e-11,3.048223e-16,-1.312802e-19,-5.513978e-11
8052,8052.000000,3,2.726352e-11,7.218581e-11,3.048385e-16,-1.566680e-20,-1.721850e-11
8053,8053.000000,3,2.889067e-11,7.722800e-11,3.048548e-16,6.565167e-20,-1.710343e-10
8054,8054.000000,3,3.274891e-11,8.203549e-11,3.048711e-16,-1.394196e-19,-5.628709e-11
8055,8055.000000,3,3.267075e-11,8.664380e-11,3.048875e-16,-7.920420e-20,2.635032e-10
8056,8056.000000,3,3.385736e-11,9.106116e-11,3.049037e-16,-1.505204e-19,-2.059031e-10
8057,8057.000000,3,3.370815e-11,9.531531e-11,3.049203e-16,-5.160614e-20,-1.127209e-10
8058,8058.000000,3,3.352341e-11,9.942647e-11,3.049368e-16,-1.821518e-19,2.310176e-10
8059,8059.000000,3,3.610268e-11,1.033988e-10,3.811916e-16,5.542772e-20,1.573785e-10
8060,8060.000000,3,3.556977e-11,1.072311e-10,3.049699e-16,-5.921621e-20,-3.697415e-11
8061,8061.000000,3,3.640821e-11,1.109641e-10,3.049866e-16,5.393218e-22,-1.451360e-10
8062,8062.000000,3,3.720402e-11,1.145855e-10,3.050033e-16,-1.138598e-19,-1.443528e-10
8063,8063.000000,3,3.490186e-11,1.181180e-10,3.050202e-16,1.495543e-21,5.584266e-11
8064,8064.000000,3,3.714717e-11,1.215443e-10,3.050370e-16,-7.041292e-20,3.457665e-11
8065,8065.000000,3,3.726086e-11,1.248779e-10,3.050540e-16,-5.060691e-20,-1.219746e-10
8066,8066.000000,3,4.001066e-11,1.281497e-10,3.050710e-16,-1.525387e-19,7.320144e-11
8067,8067.000000,3,3.920064e-11,1.313369e-10,3.050881e-16,-1.061107e-20,-6.821885e-11
8068,8068.000000,3,3.920064e-11,1.344533e-10,3.051052e-16,7.623958e-20,-1.343669e-10
8069,8069.000000,3,3.764455e-11,1.375113e-10,3.051225e-16,4.338066e-20,-1.655562e-10
8070,8070.000000,3,3.953460e-11,1.404983e-10,3.324561e-16,1.765369e-19,-7.630793e-11
8071,8071.000000,3,3.745981e-11,1.434191e-10,3.051571e-16,1.104782e-19,-2.187665e-10
8072,8072.000000,3,3.846878e-11,1.462903e-10,3.051746e-16,6.443406e-20,-5.943834e-11
8073,8073.000000,3,4.049383e-11,1.491147e-10,3.051921e-16,-1.262278e-20,-1.111065e-10
8074,8074.000000,3,4.133938e-11,1.518767e-10,3.052097e-16,-1.374046e-19,-4.784528e-11
8075,8075.000000,3,4.137490e-11,1.545981e-10,3.052274e-16,7.799651e-20,-7.777776e-11
8076,8076.000000,3,4.258283e-11,1.572624e-10,3.052451e-16,-4.066751e-20,-5.997666e-11
8077,8077.000000,3,4.341416e-11,1.598865e-10,3.052629e-16,9.312068e-20,7.938541e-11
8078,8078.000000,3,3.979750e-11,1.624740e-10,3.052808e-16,1.241764e-20,-1.732535e-10
8079,8079.000000,3,4.049383e-11,1.650173e-10,3.052988e-16,1.135223e-20,-7.851161e-11
8080,8080.000000,3,4.249756e-11,1.675169e-10,3.053168e-16,1.404884e-20,-5.384071e-11
8081,8081.000000,3,4.154543e-11,1.699823e-10,3.053350e-16,7.614363e-20,-2.260841e-10
8082,8082.000000,3,4.195044e-11,1.724150e-10,3.053532e-16,6.071175e-20,1.806216e-10
8083,8083.000000,3,4.307310e-11,1.748159e-10,3.053714e-16,-1.416596e-19,-2.057762e-11
8084,8084.000000,3,4.264678e-11,1.771687e-10,3.325396e-16,-1.528961e-20,1.540510e-10
8085,8085.000000,3,3.849721e-11,1.795113e-10,3.054082e-16,-6.602225e-20,-1.826091e-10
8086,8086.000000,3,4.100542e-11,1.818117e-10,3.054267e-16,-2.649625e-20,2.133444e-10
8087,8087.000000,3,4.177281e-11,1.840874e-10,3.054453e-16,2.255887e-20,2.165146e-11
8088,8088.000000,3,4.093437e-11,1.863174e-10,3.054639e-16,-1.154248e-19,-2.027843e-10
8089,8089.000000,3,4.094858e-11,1.885281e-10,3.054826e-16,-1.091548e-20,6.594281e-11
8090,8090.000000,3,3.985434e-11,1.907190e-10,3.055014e-16,-8.103392e-20,-2.030422e-10
8091,8091.000000,3,3.906564e-11,1.928802e-10,3.818990e-16,8.044166e-20,-1.574907e-11
8092,8092.000000,3,3.937828e-11,1.950167e-10,3.055392e-16,-1.234551e-19,-4.165829e-11
8093,8093.000000,3,3.918643e-11,1.971325e-10,3.055583e-16,-9.797127e-20,-2.210248e-10
8094,8094.000000,3,3.987566e-11,1.992255e-10,3.819717e-16,1.565224e-19,8.773893e-11
8095,8095.000000,3,3.617373e-11,2.012939e-10,3.819956e-16,5.410423e-20,-2.327133e-10
8096,8096.000000,3,3.903011e-11,2.033334e-10,3.056157e-16,1.272435e-19,5.062667e-11
8097,8097.000000,3,4.009593e-11,2.053611e-10,3.056351e-16,-1.199610e-19,3.653108e-11
8098,8098.000000,3,3.515765e-11,2.073568e-10,3.056544e-16,9.739886e-20,3.392037e-12
8099,8099.000000,3,3.754508e-11,2.093368e-10,3.056739e-16,-1.504807e-20,-5.205369e-11
8100,8100.000000,3,3.620215e-11,2.113123e-10,3.056934e-16,1.223400e-19,5.699680e-11
8101,8101.000000,3,3.591794e-11,1.813794e-10,3.057130e-16,2.872633e-20,-1.434158e-11
8102,8102.000000,3,3.223022e-11,1.391409e-10,3.057327e-16,-6.879165e-20,-6.235384e-11
8103,8103.000000,3,2.991385e-11,1.155855e-10,3.057524e-16,1.128936e-19,-1.984146e-11
8104,8104.000000,3,2.754774e-11,9.476264e-11,3.057722e-16,-1.274189e-20,1.192927e-10
8105,8105.000000,3,2.188472e-11,7.794165e-11,3.057920e-16,3.035223e-19,-9.281223e-11
8106,8106.000000,3,2.138734e-11,6.262080e-11,3.326738e-16,5.452775e-20,-6.080209e-11
8107,8107.000000,3,1.770672e-11,4.909739e-11,3.058319e-16,-3.216409e-20,-8.174897e-11
8108,8108.000000,3,1.337952e-11,3.657052e-11,3.058519e-16,-2.905389e-20,-1.104160e-10
8109,8109.000000,3,1.397638e-11,2.509859e-11,3.058720e-16,-2.505034e-20,-2.289382e-10
8110,8110.000000,3,1.169553e-11,1.430833e-11,3.058920e-16,-6.895378e-20,-2.139577e-10
8111,8111.000000,3,8.832046e-12,4.226175e-12,3.059120e-16,-1.059056e-19,1.277433e-10
8112,8112.000000,3,6.544099e-12,5.321521e-12,3.059320e-16,-2.496762e-20,-1.571474e-10
8113,8113.000000,3,3.225864e-12,1.436118e-11,3.059520e-16,3.982709e-20,-1.087389e-10
8114,8114.000000,3,2.785328e-12,2.298539e-11,3.059719e-16,-7.270918e-20,-4.237607e-11
8115,8115.000000,3,5.186962e-12,3.123191e-11,3.059918e-16,-8.550070e-20,-5.220999e-11
8116,8116.000000,3,3.410605e-12,3.912115e-11,3.060116e-16,-5.949745e-20,-1.547182e-10
8117,8117.000000,3,5.336176e-12,4.670642e-11,3.060298e-16,-2.280372e-20,5.755196e-11
8118,8118.000000,3,8.689938e-12,5.400880e-11,3.060510e-16,1.035299e-20,-4.806347e-11
8119,8119.000000,3,8.462564e-12,6.107093e-11,3.060706e-16,2.912999e-20,3.882325e-11
8120,8120.000000,3,1.263345e-11,6.788992e-11,3.326740e-16,5.314801e-20,-2.564293e-11
8121,8121.000000,3,1.365663e-11,7.449308e-11,3.061095e-16,1.488197e-19,-1.289677e-10
8122,8122.000000,3,1.612932e-11,8.088907e-11,3.061288e-16,1.044895e-20,-1.582891e-10
8123,8123.000000,3,2.119549e-11,8.711365e-11,3.061480e-16,6.753764e-20,-8.711032e-11
8124,8124.000000,3,2.040679e-11,9.316548e-11,3.061671e-16,-9.219424e-20,1.189322e-10
8125,8125.000000,3,2.334133e-11,9.904588e-11,3.061861e-16,-1.149219e-19,-5.769163e-12
8126,8126.000000,3,2.278711e-11,1.047753e-10,3.062050e-16,-4.160388e-20,-4.583195e-11
8127,8127.000000,3,2.835776e-11,1.103713e-10,3.326562e-16,-2.306841e-20,2.054573e-11
8128,8128.000000,3,2.870593e-11,1.158458e-10,3.062424e-16,-6.581049e-21,-7.712767e-11
8129,8129.000000,3,3.082334e-11,1.211762e-10,3.062610e-16,-1.991785e-19,6.705936e-11
8130,8130.000000,3,3.426237e-11,1.263911e-10,3.062794e-16,8.358164e-20,-1.207583e-10
8131,8131.000000,3,3.291944e-11,1.314961e-10,3.062977e-16,-2.304955e-19,1.360114e-10
8132,8132.000000,3,3.914380e-11,1.364870e-10,3.063159e-16,1.968888e-19,7.066314e-11
8133,8133.000000,3,4.214940e-11,1.413889e-10,3.063340e-16,1.778107e-20,7.843731e-11
8134,8134.000000,3,4.492762e-11,1.461853e-10,3.829392e-16,8.888221e-20,-2.721179e-11
8135,8135.000000,3,4.249756e-11,1.509037e-10,3.063698e-16,-2.687444e-19,4.499245e-11
8136,8136.000000,3,4.651923e-11,1.555087e-10,3.063875e-16,3.442064e-20,-2.071288e-11
8137,8137.000000,3,5.084644e-11,1.600573e-10,3.064051e-16,-4.956466e-21,9.652001e-12
8138,8138.000000,3,5.039880e-11,1.644980e-10,3.064226e-16,1.383178e-19,-6.424961e-11
8139,8139.000000,3,5.407230e-11,1.688896e-10,3.064400e-16,1.893450e-19,-6.952217e-13
8140,8140.000000,3,5.714185e-11,1.731908e-10,3.064572e-16,-9.433829e-20,7.349554e-11
8141,8141.000000,3,5.871925e-11,1.774283e-10,3.064743e-16,-2.625339e-19,-8.136630e-11
8142,8142.000000,3,6.431833e-11,1.815927e-10,3.064913e-16,1.297879e-19,4.505224e-11
8143,8143.000000,3,6.099299e-11,1.857110e-10,3.065082e-16,1.641987e-19,8.590689e-11
8144,8144.000000,3,6.933476e-11,1.897442e-10,3.065249e-16,1.474036e-20,1.252429e-10
8145,8145.000000,3,6.754419e-11,1.937164e-10,3.065416e-16,2.958660e-20,-6.851897e-11
8146,8146.000000,3,7.300116e-11,1.976426e-10,3.065580e-16,-2.703557e-20,-9.311213e-11
8147,8147.000000,3,7.299406e-11,2.015155e-10,3.065746e-16,-5.487185e-20,-1.495344e-10
8148,8148.000000,3,7.642598e-11,2.053255e-10,3.325683e-16,5.748905e-20,-1.674444e-11
8149,8149.000000,3,8.061818e-11,2.090845e-10,3.066072e-16,1.238786e-20,-2.024162e-10
8150,8150.000000,3,8.182610e-11,2.127918e-10,3.325571e-16,-4.297369e-20,2.515077e-11
8151,8151.000000,3,8.319745e-11,2.164404e-10,3.066392e-16,-1.169303e-19,-1.540170e-10
8152,8152.000000,3,8.597567e-11,2.200575e-10,3.066551e-16,-1.711768e-19,1.630321e-10
8153,8153.000000,3,8.724044e-11,2.236298e-10,3.066708e-16,3.681615e-20,1.152864e-10
8154,8154.000000,3,9.140422e-11,2.271534e-10,3.066864e-16,1.210000e-20,-3.662676e-11
8155,8155.000000,3,9.529799e-11,2.306337e-10,3.067019e-16,-3.585001e-20,2.859157e-11
8156,8156.000000,3,9.556089e-11,2.340723e-10,3.325207e-16,-1.239514e-19,-1.080711e-10
8157,8157.000000,3,9.902124e-11,2.374678e-10,3.067325e-16,8.463050e-20,-4.572176e-12
8158,8158.000000,3,1.018776e-10,2.408185e-10,3.067476e-16,-2.995386e-20,8.298895e-11
8159,8159.000000,3,1.044000e-10,2.441434e-10,3.067626e-16,-1.903508e-20,-7.224515e-11
8160,8160.000000,3,1.069722e-10,2.474132e-10,3.067775e-16,-2.457057e-20,1.177740e-10
8161,8161.000000,3,9.544010e-11,2.207494e-10,3.067923e-16,3.213762e-20,-6.153189e-11
8162,8162.000000,3,8.074608e-11,1.824745e-10,3.068069e-16,8.378678e-20,6.967132e-11
8163,8163.000000,3,7.072032e-11,1.617328e-10,3.068215e-16,-7.540578e-21,-7.140666e-11
8164,8164.000000,3,6.115641e-11,1.435498e-10,3.068359e-16,5.689348e-20,-9.497664e-11
8165,8165.000000,3,5.323386e-11,1.291254e-10,3.068502e-16,-1.488826e-19,6.108147e-11
8166,8166.000000,3,4.769163e-11,1.160869e-10,3.068644e-16,5.469980e-20,4.779716e-11
8167,8167.000000,3,4.249046e-11,1.047287e-10,3.068786e-16,-5.022641e-20,1.023890e-10
8168,8168.000000,3,3.666401e-11,9.427792e-11,3.068926e-16,-1.189420e-19,-1.041746e-10
8169,8169.000000,3,3.182521e-11,8.481926e-11,3.069065e-16,6.952288e-20,1.544048e-10
8170,8170.000000,3,2.650324e-11,7.598988e-11,3.069205e-16,4.804265e-20,1.780179e-10
8171,8171.000000,3,2.384581e-11,6.779977e-11,3.069328e-16,1.908471e-19,-1.483751e-10
8172,8172.000000,3,2.167866e-11,6.011347e-11,3.069481e-16,-1.361242e-19,-1.621972e-10
8173,8173.000000,3,1.575273e-11,5.288636e-11,3.069604e-16,2.345553e-19,1.096349e-10
8174,8174.000000,3,1.328715e-11,4.603518e-11,3.069758e-16,-7.265955e-20,1.533522e-10
8175,8175.000000,3,9.180212e-12,3.953060e-11,3.069896e-16,9.820288e-20,4.512501e-12
8176,8176.000000,3,7.730705e-12,3.334399e-11,3.070034e-16,3.406661e-20,-1.632283e-11
8177,8177.000000,3,4.718004e-12,2.742873e-11,3.070157e-16,-7.835386e-20,6.780931e-11
8178,8178.000000,3,5.449863e-12,2.176437e-11,3.070311e-16,-1.051777e-19,6.367340e-11
8179,8179.000000,3,4.249046e-12,1.633005e-11,3.324692e-16,6.856996e-20,1.471397e-10
8180,8180.000000,3,6.529888e-12,1.175060e-11,3.070589e-16,-5.192378e-20,1.916849e-10
8181,8181.000000,3,4.547474e-12,9.871881e-12,3.838411e-16,-2.332980e-20,2.070860e-11
8182,8182.000000,3,6.465939e-12,9.214851e-12,3.070869e-16,-1.109084e-20,3.860395e-10
8183,8183.000000,3,7.190692e-12,9.005463e-12,3.071010e-16,-6.154224e-20,6.798506e-12
8184,8184.000000,3,8.036238e-12,9.040990e-12,3.071151e-16,1.522608e-19,-2.462874e-11
8185,8185.000000,3,9.478640e-12,1.242983e-11,3.071293e-16,-7.345364e-21,-1.228978e-11
8186,8186.000000,3,1.300293e-11,1.669043e-11,3.071436e-16,-4.416814e-20,5.504025e-11
8187,8187.000000,3,1.377032e-11,2.085132e-11,3.324808e-16,7.233529e-20,9.343565e-11
8188,8188.000000,3,1.482192e-11,2.487610e-11,3.839638e-16,-1.016837e-19,-1.362882e-10
8189,8189.000000,3,1.654143e-11,2.880562e-11,3.071867e-16,-1.867443e-20,5.110962e-11
8190,8190.000000,3,1.820410e-11,3.261547e-11,3.072012e-16,-2.223131e-20,1.349308e-10
8191,8191.000000,3,1.670486e-11,3.635270e-11,3.072158e-16,2.133133e-20,-8.286805e-11
8192,8192.000000,3,2.288658e-11,3.998868e-11,3.072304e-16,2.238086e-19,2.668143e-12
8193,8193.000000,3,1.926281e-11,4.354028e-11,3.324925e-16,3.637279e-20,-1.485903e-10
8194,8194.000000,3,2.220446e-11,4.700773e-11,3.072600e-16,-7.918765e-20,-1.488865e-12
8195,8195.000000,3,2.171419e-11,5.040479e-11,3.072748e-16,7.341063e-20,-1.455809e-10
8196,8196.000000,3,2.388845e-11,5.371525e-11,3.072898e-16,-5.071941e-20,1.203653e-10
8197,8197.000000,3,2.405898e-11,5.695999e-11,3.073048e-16,-5.482553e-20,2.136724e-11
8198,8198.000000,3,2.638956e-11,6.014123e-11,3.841499e-16,1.074276e-19,-1.986169e-10
8199,8199.000000,3,2.691536e-11,6.326850e-11,3.073351e-16,8.088834e-20,-2.406592e-11
8200,8200.000000,3,2.895462e-11,6.631984e-11,3.841870e-16,1.094327e-19,4.935147e-11
8201,8201.000000,3,2.705036e-11,6.932610e-11,3.073657e-16,-1.085890e-19,6.020728e-11
8202,8202.000000,3,2.687273e-11,7.226264e-11,3.073804e-16,1.988542e-21,-1.593415e-10
8203,8203.000000,3,2.742695e-11,7.516698e-11,3.073966e-16,-4.246745e-20,-2.022016e-10
8204,8204.000000,3,3.005596e-11,7.800804e-11,3.074121e-16,1.776652e-19,-1.896480e-10
8205,8205.000000,3,3.279865e-11,8.078826e-11,3.325304e-16,-1.444754e-19,2.530121e-11
8206,8206.000000,3,3.137046e-11,8.351875e-11,3.074435e-16,-2.912668e-20,7.183260e-11
8207,8207.000000,3,2.996359e-11,8.622481e-11,3.074593e-16,4.905512e-20,-1.793029e-10
8208,8208.000000,3,3.259970e-11,8.886403e-11,3.074752e-16,1.386719e-19,3.365402e-11
8209,8209.000000,3,3.360867e-11,9.148327e-11,3.074911e-16,1.701544e-19,-2.672804e-10
8210,8210.000000,3,3.375789e-11,9.404588e-11,3.325518e-16,-9.393463e-21,1.834657e-10
8211,8211.000000,3,3.350209e-11,9.658496e-11,3.075232e-16,-6.822255e-20,-6.969444e-11
8212,8212.000000,3,3.464606e-11,9.907808e-11,3.075394e-16,-3.097957e-20,1.294024e-10
8213,8213.000000,3,3.368683e-11,1.015281e-10,3.075557e-16,1.369613e-19,6.887194e-11
8214,8214.000000,3,3.710454e-11,1.039580e-10,3.075720e-16,-3.019209e-20,-7.997822e-11
8215,8215.000000,3,3.550582e-11,1.063400e-10,3.075882e-16,-1.669912e-20,-1.672994e-10
8216,8216.000000,3,3.722533e-11,1.087042e-10,3.076049e-16,-2.928219e-20,-1.616247e-10
8217,8217.000000,3,3.777245e-11,1.110332e-10,3.076215e-16,8.857781e-20,-1.204872e-11
8218,8218.000000,3,3.914380e-11,1.133245e-10,3.076381e-16,-7.702706e-20,-1.283237e-11
8219,8219.000000,3,3.664269e-11,1.155855e-10,3.076548e-16,1.982586e-20,-1.214794e-10
8220,8220.000000,3,3.954170e-11,1.178162e-10,3.076716e-16,1.550997e-19,2.541672e-11
8221,8221.000000,3,3.228706e-11,1.035338e-10,3.846106e-16,8.902449e-20,3.664624e-11
8222,8222.000000,3,3.308287e-11,8.286261e-11,3.326030e-16,-8.757196e-20,1.167297e-11
8223,8223.000000,3,2.775380e-11,7.183099e-11,3.077225e-16,-1.042446e-19,-4.707559e-11
8224,8224.000000,3,2.684430e-11,6.218692e-11,3.077396e-16,8.820723e-20,1.672819e-10
8225,8225.000000,3,2.756195e-11,5.461964e-11,3.846960e-16,6.810013e-20,1.194944e-10
8226,8226.000000,3,2.332712e-11,4.779710e-11,3.077740e-16,-8.884251e-20,9.629975e-11
8227,8227.000000,3,1.899991e-11,4.190293e-11,3.077914e-16,-5.318771e-20,-2.268932e-11
8228,8228.000000,3,1.987388e-11,3.649703e-11,3.847609e-16,5.839895e-20,1.511652e-12
8229,8229.000000,3,1.738698e-11,3.163469e-11,3.078261e-16,-1.474036e-20,-9.544923e-11
8230,8230.000000,3,1.529088e-11,2.710565e-11,3.078436e-16,-7.758623e-20,1.995662e-11
8231,8231.000000,3,1.541878e-11,2.293055e-11,3.078611e-16,2.077216e-20,-7.668180e-11
8232,8232.000000,3,1.489298e-11,1.901612e-11,3.078786e-16,1.259598e-19,1.582472e-10
8233,8233.000000,3,1.325873e-11,1.535549e-11,3.078961e-16,-8.913698e-21,-2.775383e-11
8234,8234.000000,3,9.251266e-12,1.190137e-11,3.848916e-16,-2.819362e-20,1.474254e-10
8235,8235.000000,3,9.166001e-12,8.631540e-12,3.079312e-16,-3.940358e-20,-1.856436e-10
8236,8236.000000,3,1.065104e-11,5.524692e-12,3.079487e-16,-5.453767e-20,3.849021e-11
8237,8237.000000,3,5.471179e-12,3.884892e-12,3.079663e-16,4.539567e-20,-1.245918e-10
8238,8238.000000,3,6.799894e-12,3.998579e-12,3.079838e-16,-8.853149e-20,-9.650131e-11
8239,8239.000000,3,4.199308e-12,4.488410e-12,3.080013e-16,4.089581e-21,-9.758269e-11
8240,8240.000000,3,4.874323e-12,5.675016e-12,3.326314e-16,1.138862e-20,1.812385e-10
8241,8241.000000,3,7.048584e-12,8.043788e-12,3.080363e-16,2.152655e-20,-1.565550e-11
8242,8242.000000,3,5.385914e-12,1.044054e-11,3.080538e-16,-3.258430e-20,1.551245e-10
8243,8243.000000,3,6.082246e-12,1.275158e-11,3.080713e-16,-5.535162e-20,-3.046205e-11
8244,8244.000000,3,3.701928e-12,1.498934e-11,3.851109e-16,1.223665e-19,2.340532e-10
8245,8245.000000,3,2.074785e-12,1.716183e-11,3.081061e-16,1.665081e-19,-1.573775e-10
8246,8246.000000,3,2.494005e-12,1.924438e-11,3.081235e-16,-2.538452e-20,6.760653e-11
8247,8247.000000,3,2.444267e-12,2.127076e-11,3.081409e-16,-8.423676e-20,3.710565e-11
8248,8248.000000,3,1.811884e-12,2.323763e-11,3.081582e-16,1.104749e-19,1.334266e-12
8249,8249.000000,3,2.927436e-12,2.514811e-11,3.081755e-16,3.251151e-20,4.252665e-11
8250,8250.000000,3,2.216893e-12,2.700506e-11,3.081928e-16,-4.116051e-21,-1.501085e-10
8251,8251.000000,3,3.652190e-12,2.881495e-11,3.326345e-16,-2.874949e-20,1.941414e-10
8252,8252.000000,3,2.650324e-12,3.056466e-11,3.082273e-16,1.441015e-19,4.301837e-11
8253,8253.000000,3,3.495870e-12,3.230305e-11,3.082444e-16,8.729402e-20,2.417345e-10
8254,8254.000000,3,3.261391e-12,3.397060e-11,3.082616e-16,-8.387611e-20,2.171491e-11
8255,8255.000000,3,3.922196e-12,3.560685e-11,3.082787e-16,1.521351e-20,-6.047235e-11
8256,8256.000000,3,6.103562e-12,3.720224e-11,3.082958e-16,-1.257414e-19,4.346629e-11
8257,8257.000000,3,6.743051e-12,3.876988e-11,3.083129e-16,1.413155e-19,-1.475803e-11
8258,8258.000000,3,7.695178e-12,4.029066e-11,3.083299e-16,-2.138758e-20,1.531815e-10
8259,8259.000000,3,6.018297e-12,4.178857e-11,3.083469e-16,-6.325616e-20,-5.210748e-11
8260,8260.000000,3,7.517542e-12,4.325473e-11,3.083638e-16,-7.354959e-20,1.593982e-10
8261,8261.000000,3,8.760992e-12,4.468603e-11,3.083808e-16,-3.631985e-20,8.635126e-11
8262,8262.000000,3,6.764367e-12,4.609446e-11,3.854971e-16,-4.786067e-20,-4.638950e-11
8263,8263.000000,3,6.195933e-12,4.746803e-11,3.084146e-16,4.000245e-21,-8.426948e-11
8264,8264.000000,3,1.096367e-11,4.883027e-11,3.084314e-16,9.502651e-20,8.021916e-13
8265,8265.000000,3,1.129763e-11,5.016920e-11,3.084482e-16,1.048997e-19,-3.518691e-11
8266,8266.000000,3,1.196554e-11,5.147194e-11,3.084650e-16,-1.048865e-21,7.364559e-11
8267,8267.000000,3,1.158185e-11,5.274359e-11,3.084817e-16,-9.727975e-20,-2.843481e-11
8268,8268.000000,3,9.826806e-12,5.401324e-11,3.084984e-16,8.038872e-20,9.802437e-11
8269,8269.000000,3,1.470113e-11,5.524869e-11,3.085151e-16,-1.593282e-19,-1.941580e-10
8270,8270.000000,3,1.109157e-11,5.646972e-11,3.326257e-16,1.170758e-19,2.073832e-10
8271,8271.000000,3,1.320188e-11,5.767098e-11,3.085483e-16,1.504145e-20,1.036216e-11
8272,8272.000000,3,1.334399e-11,5.884737e-11,3.085649e-16,1.797629e-20,-1.255834e-11
8273,8273.000000,3,1.557510e-11,6.001089e-11,3.085814e-16,-3.005313e-20,-1.394099e-10
8274,8274.000000,3,1.673328e-11,6.115375e-11,3.085979e-16,-1.144123e-19,9.663659e-11
8275,8275.000000,3,1.543299e-11,6.227996e-11,3.086144e-16,1.099058e-19,-1.696276e-11
8276,8276.000000,3,1.461586e-11,6.339862e-11,3.086308e-16,-6.352747e-22,-7.696965e-11
8277,8277.000000,3,1.465139e-11,6.448819e-11,3.086472e-16,1.510266e-19,-1.750416e-11
8278,8278.000000,3,1.691802e-11,6.557066e-11,3.086636e-16,-1.442603e-21,2.451622e-11
8279,8279.000000,3,1.421085e-11,6.663936e-11,3.086799e-16,-1.354260e-20,2.255061e-10
8280,8280.000000,3,1.469402e-11,6.769585e-11,3.086962e-16,2.209234e-20,-2.806133e-11
8281,8281.000000,3,1.418243e-11,4.743117e-11,3.087125e-16,8.430294e-20,-1.180768e-10
8282,8282.000000,3,6.124878e-12,1.892464e-11,3.087287e-16,1.287358e-19,-5.908163e-12
8283,8283.000000,3,4.369838e-12,9.470646e-12,3.087449e-16,-1.303670e-19,1.979438e-10
8284,8284.000000,3,6.394885e-12,1.129208e-11,3.087611e-16,-2.267798e-20,1.407252e-10
8285,8285.000000,3,1.177369e-11,2.281175e-11,3.326191e-16,1.870752e-20,1.315710e-10
8286,8286.000000,3,1.862333e-11,3.331246e-11,3.087933e-16,-4.134249e-20,1.141026e-10
8287,8287.000000,3,1.853806e-11,4.261280e-11,3.088094e-16,5.472958e-20,2.145894e-10
8288,8288.000000,3,1.870148e-11,5.126854e-11,3.088255e-16,-2.279710e-20,-1.149808e-10
8289,8289.000000,3,2.511769e-11,5.921263e-11,3.088416e-16,-2.472608e-20,6.329653e-11
8290,8290.000000,3,2.719247e-11,6.667689e-11,3.088576e-16,-9.063253e-20,3.915370e-10
8291,8291.000000,3,2.836487e-11,7.369216e-11,3.088737e-16,5.159291e-20,2.340008e-10
8292,8292.000000,3,2.972911e-11,8.033707e-11,3.088898e-16,-2.655581e-20,2.010433e-10
8293,8293.000000,3,3.028333e-11,8.666046e-11,3.089060e-16,7.934316e-21,-1.023484e-10
8294,8294.000000,3,3.215206e-11,9.268231e-11,3.089222e-16,4.430379e-20,-7.690745e-11
8295,8295.000000,3,3.257128e-11,9.845191e-11,3.089381e-16,9.563200e-20,-1.861979e-10
8296,8296.000000,3,3.343814e-11,1.040066e-10,3.089547e-16,-3.150235e-20,-9.416334e-11
8297,8297.000000,3,3.479528e-11,1.093377e-10,3.089711e-16,9.829884e-20,-1.313786e-10
8298,8298.000000,3,3.414868e-11,1.144873e-10,3.089875e-16,1.186342e-19,1.656920e-10
8299,8299.000000,3,3.949197e-11,1.194926e-10,3.090040e-16,-1.568996e-20,1.846418e-10
8300,8300.000000,3,3.643663e-11,1.243137e-10,3.862757e-16,-1.201794e-19,8.936960e-11
8301,8301.000000,3,4.106226e-11,1.289988e-10,3.326830e-16,-1.118348e-21,2.027297e-10
8302,8302.000000,3,3.892353e-11,1.335470e-10,3.863173e-16,-9.588678e-21,-9.762188e-11
8303,8303.000000,3,4.067147e-11,1.379785e-10,3.090707e-16,-5.654607e-21,2.101072e-11
8304,8304.000000,3,4.133938e-11,1.422946e-10,3.090876e-16,-3.094648e-20,1.134252e-10
8305,8305.000000,3,3.878142e-11,1.464990e-10,3.091046e-16,3.823891e-20,5.047601e-11
8306,8306.000000,3,4.330047e-11,1.506046e-10,3.091217e-16,-6.227016e-21,-2.149028e-11
8307,8307.000000,3,4.151701e-11,1.546301e-10,3.091389e-16,-3.985025e-20,5.980949e-11
8308,8308.000000,3,4.283152e-11,1.585334e-10,3.091562e-16,1.069412e-19,1.352310e-10
8309,8309.000000,3,4.084910e-11,1.623810e-10,3.091736e-16,-4.102816e-20,-1.622410e-10
8310,8310.000000,3,4.447998e-11,1.661371e-10,3.091910e-16,8.238719e-21,-1.239873e-10
8311,8311.000000,3,4.309442e-11,1.698315e-10,3.092086e-16,4.248730e-20,-1.214247e-10
8312,8312.000000,3,4.335021e-11,1.734410e-10,3.092262e-16,3.484746e-20,2.498099e-11
8313,8313.000000,3,4.311573e-11,1.769951e-10,3.092439e-16,-7.343379e-20,-3.177730e-11
8314,8314.000000,3,4.089884e-11,1.804741e-10,3.092618e-16,1.207055e-19,-1.549108e-10
8315,8315.000000,3,4.438050e-11,1.839122e-10,3.092797e-16,-2.854766e-20,-5.065476e-11
8316,8316.000000,3,4.190071e-11,1.872740e-10,3.092977e-16,-2.382677e-19,-1.223573e-10
8317,8317.000000,3,4.420997e-11,1.905782e-10,3.093158e-16,1.452298e-19,9.548917e-12
8318,8318.000000,3,3.932143e-11,1.938372e-10,3.093341e-16,8.480256e-21,1.632859e-10
8319,8319.000000,3,4.438760e-11,1.970484e-10,3.093524e-16,2.586495e-19,-1.573269e-12
8320,8320.000000,3,4.171596e-11,2.001934e-10,3.093708e-16,1.641060e-19,1.082467e-13
8321,8321.000000,3,4.106226e-11,2.033127e-10,3.093893e-16,1.376395e-19,-1.415637e-10
8322,8322.000000,3,4.401812e-11,2.063794e-10,2.320559e-16,4.360896e-20,-1.098329e-10
8323,8323.000000,3,4.510525e-11,2.094040e-10,3.094266e-16,3.479453e-20,-2.196095e-10
8324,8324.000000,3,4.195755e-11,2.123857e-10,3.094453e-16,-1.246396e-19,1.029937e-10
8325,8325.000000,3,4.135359e-11,2.153220e-10,3.094642e-16,4.185865e-20,-7.840534e-11
8326,8326.000000,3,4.048673e-11,2.182192e-10,3.094832e-16,1.756700e-19,-1.479014e-11
8327,8327.000000,3,4.135359e-11,2.211025e-10,3.095023e-16,1.596922e-19,-1.298275e-10
8328,8328.000000,3,4.096279e-11,2.239289e-10,3.095215e-16,-3.335523e-20,8.135162e-11
8329,8329.000000,3,4.298073e-11,2.267249e-10,3.095407e-16,-5.145063e-20,3.674991e-11
8330,8330.000000,3,4.346390e-11,2.294798e-10,3.095601e-16,-7.929353e-20,2.571233e-10
8331,8331.000000,3,4.080647e-11,2.322069e-10,3.095795e-16,-1.187666e-19,6.884249e-11
8332,8332.000000,3,3.824852e-11,2.349088e-10,3.095991e-16,-7.352312e-20,-2.150850e-10
8333,8333.000000,3,3.759482e-11,2.375766e-10,3.096187e-16,3.568126e-20,3.746495e-11
8334,8334.000000,3,3.873168e-11,2.402192e-10,3.870463e-16,-1.399920e-20,-2.660908e-11
8335,8335.000000,3,3.606004e-11,2.428207e-10,3.096583e-16,2.362097e-20,1.542256e-10
8336,8336.000000,3,3.699085e-11,2.454135e-10,3.096782e-16,-1.099158e-20,-8.877618e-11
8337,8337.000000,3,3.922906e-11,2.479514e-10,3.096982e-16,-3.943997e-21,1.122090e-10
8338,8338.000000,3,3.665690e-11,2.504859e-10,3.097183e-16,1.741414e-19,1.831557e-11
8339,8339.000000,3,3.886669e-11,2.530014e-10,3.097385e-16,-1.155340e-19,1.208657e-10
8340,8340.000000,3,3.469580e-11,2.554732e-10,3.097588e-16,-3.398389e-20,-1.818030e-10
8341,8341.000000,3,3.267786e-11,2.343772e-10,3.097792e-16,8.162618e-21,4.047181e-11
8342,8342.000000,3,3.029044e-11,2.041638e-10,3.872495e-16,2.837560e-20,8.302267e-11
8343,8343.000000,3,3.375078e-11,1.877416e-10,3.098202e-16,-6.568145e-20,1.323101e-10
8344,8344.000000,3,3.134915e-11,1.733353e-10,3.873010e-16,6.377563e-20,-1.415529e-10
8345,8345.000000,3,2.925304e-11,1.618718e-10,3.098615e-16,-1.143991e-19,5.124040e-12
8346,8346.000000,3,2.783196e-11,1.514961e-10,3.098823e-16,-1.292255e-19,-3.046813e-11
8347,8347.000000,3,2.804512e-11,1.424707e-10,3.099032e-16,7.141547e-20,9.520881e-11
8348,8348.000000,3,2.625455e-11,1.341522e-10,3.874051e-16,-2.266806e-20,-1.487056e-10
8349,8349.000000,3,2.704326e-11,1.265872e-10,3.099451e-16,-2.762783e-20,-5.118306e-11
8350,8350.000000,3,2.598455e-11,1.195533e-10,3.099661e-16,9.310414e-20,2.046746e-10
8351,8351.000000,3,2.231815e-11,1.130196e-10,3.099872e-16,-5.060360e-20,-1.532355e-11
8352,8352.000000,3,2.243894e-11,1.068741e-10,3.100082e-16,4.132925e-20,-1.542838e-11
8353,8353.000000,3,2.238920e-11,1.010934e-10,3.100293e-16,2.263828e-20,7.760831e-11
8354,8354.000000,3,2.400213e-11,9.562329e-11,3.100504e-16,-1.422420e-20,1.420637e-10
8355,8355.000000,3,2.280842e-11,9.040990e-11,3.100715e-16,8.017365e-20,-8.873505e-11
8356,8356.000000,3,2.275868e-11,8.545697e-11,3.100926e-16,4.349316e-20,2.408019e-10
8357,8357.000000,3,1.932676e-11,8.072343e-11,3.876420e-16,-8.472646e-20,3.291672e-11
8358,8358.000000,3,1.995204e-11,7.618972e-11,3.876683e-16,1.016770e-20,1.109222e-10
8359,8359.000000,3,1.929124e-11,7.182943e-11,3.101557e-16,-1.137307e-19,3.594486e-11
8360,8360.000000,3,1.779910e-11,6.765299e-11,3.101767e-16,-2.379402e-19,4.012748e-11
8361,8361.000000,3,2.103206e-11,6.361622e-11,3.101976e-16,-1.844580e-19,2.289472e-10
8362,8362.000000,3,1.785594e-11,5.971645e-11,3.102185e-16,-4.721547e-20,-4.264916e-11
8363,8363.000000,3,1.826095e-11,5.595147e-11,3.102394e-16,1.043472e-19,1.157595e-10
8364,8364.000000,3,1.512745e-11,5.230927e-11,3.102602e-16,9.396772e-22,2.434150e-11
8365,8365.000000,3,1.973888e-11,4.878054e-11,3.102810e-16,-1.478072e-19,-1.052059e-10
8366,8366.000000,3,1.526246e-11,4.535994e-11,3.103017e-16,-7.538593e-20,1.421320e-10
8367,8367.000000,3,1.620748e-11,4.201772e-11,3.103224e-16,-1.116032e-19,-1.145008e-10
8368,8368.000000,3,1.272582e-11,3.879341e-11,3.103430e-16,-3.371588e-21,8.843984e-11
8369,8369.000000,3,1.467981e-11,3.564526e-11,3.103636e-16,9.175087e-20,2.378464e-10
8370,8370.000000,3,1.271871e-11,3.259415e-11,3.103842e-16,-3.675991e-21,4.354234e-11
8371,8371.000000,3,1.106315e-11,2.960410e-11,3.104046e-16,3.223027e-20,1.580749e-11
8372,8372.000000,3,1.257661e-11,2.668510e-11,3.104250e-16,-1.964256e-19,1.922860e-10
8373,8373.000000,3,8.483880e-12,2.384115e-11,3.880568e-16,2.645059e-19,1.818984e-10
8374,8374.000000,3,8.228085e-12,2.107892e-11,3.104657e-16,7.908178e-20,-1.873222e-10
8375,8375.000000,3,9.741541e-12,1.834866e-11,3.104860e-16,5.244656e-20,1.080647e-11
8376,8376.000000,3,9.606538e-12,1.569900e-11,3.881327e-16,1.439625e-20,2.168145e-10
8377,8377.000000,3,9.841017e-12,1.310019e-11,3.105263e-16,7.431060e-20,2.333589e-11
8378,8378.000000,3,6.188827e-12,1.054978e-11,3.105464e-16,-1.240242e-19,-1.027183e-10
8379,8379.000000,3,7.524648e-12,8.055778e-12,3.105664e-16,-4.889961e-20,-8.976123e-11
8380,8380.000000,3,3.900880e-12,5.616396e-12,3.105863e-16,7.374481e-20,1.792463e-11
8381,8381.000000,3,4.966694e-12,3.218981e-12,3.106062e-16,4.562728e-20,-1.389531e-10
8382,8382.000000,3,4.916956e-12,2.264855e-12,3.106261e-16,8.393898e-20,-3.690159e-11
8383,8383.000000,3,3.893774e-12,2.586820e-12,3.106459e-16,3.668381e-20,1.755550e-10
8384,8384.000000,3,2.948752e-12,3.709033e-12,3.883320e-16,-5.246310e-20,-2.036804e-11
8385,8385.000000,3,3.403500e-12,5.929923e-12,3.106852e-16,9.940395e-20,-1.501485e-10
8386,8386.000000,3,3.069545e-12,8.115730e-12,3.107048e-16,-1.592918e-19,-1.517367e-10
8387,8387.000000,3,3.900880e-12,1.027578e-11,3.107244e-16,1.918728e-20,7.355150e-11
8388,8388.000000,3,2.977174e-12,1.238432e-11,3.107439e-16,6.206832e-20,-1.985342e-10
8389,8389.000000,3,3.034017e-12,1.447198e-11,3.107633e-16,4.877057e-20,-7.464146e-11
8390,8390.000000,3,2.074785e-12,1.650857e-11,3.107826e-16,-1.860826e-20,-1.590655e-11
8391,8391.000000,3,2.920331e-12,1.851141e-11,3.108019e-16,-4.212996e-20,8.062004e-11
8392,8392.000000,3,2.522427e-12,2.049916e-11,3.885265e-16,-2.272629e-19,4.119916e-11
8393,8393.000000,3,2.195577e-12,2.246736e-11,3.885491e-16,-1.351415e-19,1.657617e-10
8394,8394.000000,3,2.678746e-12,2.438694e-11,3.108595e-16,3.871205e-20,-6.631537e-11
8395,8395.000000,3,2.330580e-12,2.627920e-11,3.108786e-16,-1.179957e-19,6.804546e-11
8396,8396.000000,3,3.140599e-12,2.814615e-11,3.108976e-16,1.048865e-20,1.861677e-10
8397,8397.000000,3,3.772982e-12,2.999423e-11,3.109166e-16,7.980969e-20,3.876321e-11
8398,8398.000000,3,5.009326e-12,3.181344e-11,3.109355e-16,-7.200773e-20,-9.165307e-11
8399,8399.000000,3,2.913225e-12,3.359757e-11,3.109543e-16,-1.075533e-19,4.321815e-11
8400,8400.000000,3,3.474554e-12,3.537193e-11,3.109731e-16,-3.655477e-20,-4.231129e-11
8401,8401.000000,3,3.218759e-12,2.854361e-11,3.109918e-16,-1.796835e-19,-1.498731e-10
8402,8402.000000,3,2.181366e-12,1.839906e-11,3.110105e-16,-9.358060e-20,9.109463e-12
8403,8403.000000,3,2.955858e-12,1.326095e-11,3.110291e-16,-1.393105e-19,6.277212e-11
8404,8404.000000,3,3.993250e-12,8.823831e-12,3.110477e-16,-9.153581e-20,1.726466e-11
8405,8405.000000,3,3.502976e-12,6.026291e-12,3.110662e-16,-1.206129e-19,-1.854214e-10
8406,8406.000000,3,3.197442e-12,5.162093e-12,3.110846e-16,6.508257e-21,1.333859e-10
8407,8407.000000,3,4.156675e-12,4.844347e-12,3.111030e-16,-3.425851e-20,4.629852e-11
8408,8408.000000,3,5.201173e-12,4.803491e-12,3.111214e-16,4.238804e-20,-6.940254e-11
8409,8409.000000,3,7.204903e-12,4.816147e-12,3.111397e-16,4.069729e-21,2.559730e-11
8410,8410.000000,3,3.730349e-12,6.094236e-12,3.111580e-16,3.363647e-20,-1.392701e-10
8411,8411.000000,3,8.888890e-12,7.738477e-12,3.889703e-16,-3.594927e-20,9.125600e-11
8412,8412.000000,3,7.446488e-12,9.253043e-12,3.111944e-16,-1.175589e-20,5.209844e-11
8413,8413.000000,3,6.394885e-12,1.063882e-11,3.890158e-16,-6.777256e-20,9.770157e-11
8414,8414.000000,3,7.744916e-12,1.193623e-11,3.112308e-16,-5.758170e-20,-6.249337e-11
8415,8415.000000,3,7.737810e-12,1.311862e-11,3.112484e-16,1.134561e-20,-2.146811e-11
8416,8416.000000,3,1.045208e-11,1.423728e-11,3.112671e-16,-6.588659e-20,3.538889e-11
8417,8417.000000,3,9.784173e-12,1.528644e-11,3.112852e-16,9.025533e-20,-1.090890e-10
8418,8418.000000,3,8.938628e-12,1.626055e-11,3.113033e-16,-1.045556e-21,1.472421e-10
8419,8419.000000,3,8.171241e-12,1.718803e-11,3.113214e-16,3.142294e-20,-9.960635e-11
8420,8420.000000,3,9.990231e-12,1.806266e-11,3.113395e-16,5.605307e-20,-1.553024e-10
8421,8421.000000,3,1.136868e-11,1.889200e-11,3.113575e-16,-1.256653e-20,-1.415321e-10
8422,8422.000000,3,1.172396e-11,1.966605e-11,3.113756e-16,1.736219e-19,4.387538e-11
8423,8423.000000,3,7.354117e-12,2.041078e-11,3.113937e-16,-6.411642e-20,-6.005185e-11
8424,8424.000000,3,8.370193e-12,2.112022e-11,3.114117e-16,-1.599106e-20,7.995402e-11
8425,8425.000000,3,9.762857e-12,2.178324e-11,3.114298e-16,9.428205e-20,-1.315575e-10
8426,8426.000000,3,9.478640e-12,2.241918e-11,3.114478e-16,-1.066501e-19,-1.267703e-11
8427,8427.000000,3,8.860468e-12,2.304379e-11,3.114659e-16,-1.737278e-19,-3.451570e-11
8428,8428.000000,3,1.170974e-11,2.362199e-11,3.114839e-16,-6.984382e-20,-1.667380e-10
8429,8429.000000,3,9.514167e-12,2.418576e-11,3.115020e-16,1.285009e-19,8.864878e-11
8430,8430.000000,3,1.224976e-11,2.472444e-11,3.115200e-16,1.920383e-20,1.427858e-12
8431,8431.000000,3,1.104183e-11,2.524381e-11,3.115381e-16,5.028927e-20,6.841799e-11
8432,8432.000000,3,1.166001e-11,2.573142e-11,3.115561e-16,-2.647309e-20,6.426887e-12
8433,8433.000000,3,9.571011e-12,2.621237e-11,3.115742e-16,1.447566e-20,-2.392705e-10
8434,8434.000000,3,1.089262e-11,2.667200e-11,3.115922e-16,-5.425312e-20,2.991124e-11
8435,8435.000000,3,1.189449e-11,2.710854e-11,3.116103e-16,-7.532968e-20,6.957801e-11
8436,8436.000000,3,1.125500e-11,2.752887e-11,3.116283e-16,1.653236e-19,-2.175290e-10
8437,8437.000000,3,1.085709e-11,2.795608e-11,3.116464e-16,-1.114940e-19,-4.484027e-11
8438,8438.000000,3,1.298872e-11,2.835376e-11,3.116644e-16,-1.964058e-20,6.732132e-11
8439,8439.000000,3,1.355716e-11,2.872813e-11,3.896031e-16,1.330570e-19,2.745094e-10
8440,8440.000000,3,1.062972e-11,2.909806e-11,3.117001e-16,2.810760e-20,8.636006e-11
8441,8441.000000,3,1.171685e-11,2.945932e-11,3.117186e-16,-1.556191e-19,-5.218603e-11
8442,8442.000000,3,1.244160e-11,2.980505e-11,3.117367e-16,-9.771981e-20,-1.208194e-10
8443,8443.000000,3,1.259082e-11,3.015321e-11,3.117548e-16,-1.255462e-19,-1.394115e-10
8444,8444.000000,3,1.379874e-11,3.047607e-11,3.117729e-16,-1.670905e-19,-1.120042e-10
8445,8445.000000,3,9.642065e-12,3.079448e-11,3.117910e-16,-6.763029e-21,-4.012604e-11
8446,8446.000000,3,1.040945e-11,3.111111e-11,3.118091e-16,3.015901e-20,1.537853e-11
8447,8447.000000,3,1.271871e-11,3.140488e-11,3.118272e-16,-3.570442e-20,-1.846342e-10
8448,8448.000000,3,1.213607e-11,3.169043e-11,3.118453e-16,3.537686e-20,-2.942627e-11
8449,8449.000000,3,1.296740e-11,3.197953e-11,3.118634e-16,-6.683619e-20,1.902329e-10
8450,8450.000000,3,1.225686e-11,3.223977e-11,3.118815e-16,-7.163053e-20,-4.256401e-12
8451,8451.000000,3,1.124079e-11,3.252110e-11,3.898745e-16,4.587544e-20,6.054024e-11
8452,8452.000000,3,1.361400e-11,3.278888e-11,3.119177e-16,5.250943e-21,-8.248111e-11
8453,8453.000000,3,1.614353e-11,3.304312e-11,3.119358e-16,5.334653e-20,8.950238e-11
8454,8454.000000,3,1.609379e-11,3.328848e-11,3.119540e-16,2.240336e-20,1.064013e-11
8455,8455.000000,3,1.417533e-11,3.352940e-11,3.119721e-16,8.321437e-20,3.183720e-11
8456,8456.000000,3,1.541167e-11,3.377232e-11,3.119903e-16,8.055416e-20,2.094938e-11
8457,8457.000000,3,1.202238e-11,3.399792e-11,3.120084e-16,-1.234087e-19,-1.239982e-10
8458,8458.000000,3,1.290346e-11,3.422351e-11,3.120266e-16,7.233860e-20,-9.712453e-12
8459,8459.000000,3,1.599432e-11,3.444622e-11,3.120447e-16,-4.352624e-20,7.510068e-11
8460,8460.000000,3,1.523404e-11,3.466027e-11,3.900786e-16,-8.474300e-20,2.884522e-10
8461,8461.000000,3,1.149658e-11,2.537837e-11,3.120810e-16,1.643773e-20,-3.114597e-11
8462,8462.000000,3,9.052314e-12,1.241807e-11,3.901240e-16,2.560289e-20,1.483252e-11
8463,8463.000000,3,7.212009e-12,5.034195e-12,3.121174e-16,4.613683e-20,-6.780729e-11
8464,8464.000000,3,4.973799e-12,2.872813e-12,3.121356e-16,-1.876046e-20,-3.528125e-11
8465,8465.000000,3,3.211653e-12,6.898926e-12,3.121538e-16,-9.017261e-20,-1.522812e-10
8466,8466.000000,3,3.751666e-12,1.183409e-11,3.121720e-16,6.095990e-20,2.822487e-10
8467,8467.000000,3,2.287948e-12,1.622147e-11,3.121901e-16,1.041751e-19,-9.708587e-11
8468,8468.000000,3,3.822720e-12,2.030554e-11,3.122083e-16,-6.075145e-20,4.876188e-11
8469,8469.000000,3,3.034017e-12,2.408407e-11,3.122265e-16,-5.053081e-20,-1.769887e-10
8470,8470.000000,3,2.387424e-12,2.764344e-11,3.122446e-16,-7.933324e-20,-4.691522e-11
8471,8471.000000,3,3.602452e-12,3.100697e-11,3.903285e-16,-4.811875e-20,-3.481823e-11
8472,8472.000000,3,4.696687e-12,3.420264e-11,3.122809e-16,-6.322307e-20,3.644168e-12
8473,8473.000000,3,4.519052e-12,3.724443e-11,3.122990e-16,4.587875e-20,-2.019398e-10
8474,8474.000000,3,4.469314e-12,4.015521e-11,3.903963e-16,-1.882001e-20,3.843703e-11
8475,8475.000000,3,5.840661e-12,4.295608e-11,3.123351e-16,3.778230e-20,-1.804412e-10
8476,8476.000000,3,7.140954e-12,4.566147e-11,3.123531e-16,9.231005e-20,-7.109469e-11
8477,8477.000000,3,5.883294e-12,4.826184e-11,2.342783e-16,1.231407e-19,1.463919e-10
8478,8478.000000,3,8.540724e-12,5.078293e-11,3.123890e-16,2.423970e-20,6.582582e-11
8479,8479.000000,3,9.698908e-12,5.323386e-11,3.124069e-16,6.740529e-20,1.060261e-10
8480,8480.000000,3,1.118394e-11,5.559952e-11,3.124247e-16,-1.097371e-19,-1.201991e-10
8481,8481.000000,3,1.241318e-11,5.790435e-11,3.124425e-16,-2.481542e-20,2.011623e-10
8482,8482.000000,3,1.520561e-11,6.015455e-11,3.331653e-16,-5.524243e-20,-3.494677e-11
8483,8483.000000,3,1.254108e-11,6.234124e-11,3.124780e-16,5.028596e-20,-2.033892e-10
8484,8484.000000,3,1.108447e-11,6.448042e-11,3.124957e-16,1.105643e-19,1.167517e-10
8485,8485.000000,3,1.628564e-11,6.656320e-11,3.125133e-16,-6.379879e-20,2.270770e-11
8486,8486.000000,3,1.437428e-11,6.860268e-11,3.125308e-16,5.538140e-20,-5.072640e-11
8487,8487.000000,3,1.406164e-11,7.060663e-11,3.125484e-16,1.707069e-19,1.785643e-10
8488,8488.000000,3,1.698908e-11,7.256529e-11,3.125658e-16,1.206559e-19,-1.409957e-10
8489,8489.000000,3,1.770672e-11,7.447909e-11,3.125833e-16,9.924513e-20,-2.013098e-11
8490,8490.000000,3,1.686828e-11,7.636514e-11,3.126006e-16,-7.887994e-21,5.108897e-11
8491,8491.000000,3,1.958256e-11,7.821166e-11,3.126180e-16,-1.851892e-20,8.483830e-11
8492,8492.000000,3,1.849543e-11,8.003109e-11,3.126352e-16,1.343672e-20,-1.243373e-10
8493,8493.000000,3,2.124523e-11,8.181544e-11,3.126525e-16,1.294703e-20,-1.456912e-10
8494,8494.000000,3,2.357581e-11,8.356227e-11,3.126696e-16,-1.763880e-20,6.762763e-11
8495,8495.000000,3,2.359002e-11,8.528045e-11,3.126868e-16,-5.000141e-20,7.683332e-11
8496,8496.000000,3,2.291500e-11,8.698686e-11,3.127038e-16,4.886321e-20,-1.878320e-11
8497,8497.000000,3,2.569323e-11,8.865797e-11,3.127209e-16,-2.160596e-21,-1.337103e-11
8498,8498.000000,3,2.354739e-11,9.029866e-11,3.127379e-16,-1.321173e-20,-9.539997e-11
8499,8499.000000,3,2.530243e-11,9.192291e-11,3.127549e-16,-5.373365e-20,6.069523e-11
8500,8500.000000,3,2.449951e-11,9.352097e-11,3.127718e-16,1.481646e-20,-9.279355e-12
8501,8501.000000,3,2.624745e-11,9.510193e-11,3.127885e-16,9.469233e-20,-1.569606e-11
8502,8502.000000,3,2.802381e-11,9.664469e-11,3.128054e-16,-4.559089e-20,-1.090977e-10
8503,8503.000000,3,2.710010e-11,9.819234e-11,3.128222e-16,5.846843e-20,1.084820e-10
8504,8504.000000,3,2.618350e-11,9.970047e-11,3.128389e-16,-8.064680e-20,-1.012674e-10
8505,8505.000000,3,2.876277e-11,1.012044e-10,3.128552e-16,2.150670e-22,-7.246592e-12
8506,8506.000000,3,2.973621e-11,1.026821e-10,3.910898e-16,-9.694226e-20,-2.480349e-11
8507,8507.000000,3,2.840039e-11,1.041416e-10,3.128883e-16,-1.003767e-19,-7.879697e-11
8508,8508.000000,3,3.381473e-11,1.055838e-10,3.129052e-16,-1.052505e-19,1.054357e-11
8509,8509.000000,3,3.374367e-11,1.070095e-10,3.129216e-16,3.068509e-20,4.900819e-11
8510,8510.000000,3,3.427658e-11,1.084115e-10,3.129380e-16,7.224595e-20,-9.438600e-11
8511,8511.000000,3,3.458211e-11,1.098166e-10,3.129539e-16,3.508238e-20,1.508018e-10
8512,8512.000000,3,3.444001e-11,1.111817e-10,3.129706e-16,3.821244e-20,9.966777e-11
8513,8513.000000,3,3.461764e-11,1.125489e-10,3.129864e-16,-8.776055e-20,-3.824563e-11
8514,8514.000000,3,3.439027e-11,1.139064e-10,3.130031e-16,-8.620545e-20,-4.526113e-11
8515,8515.000000,3,3.722533e-11,1.152447e-10,3.130187e-16,-5.515640e-20,5.837553e-13
8516,8516.000000,3,3.935696e-11,1.165612e-10,3.130353e-16,-1.338808e-19,1.072805e-10
8517,8517.000000,3,3.706901e-11,1.178817e-10,3.130514e-16,7.125334e-20,8.855694e-11
8518,8518.000000,3,3.766587e-11,1.191665e-10,3.130668e-16,3.052958e-20,4.824469e-11
8519,8519.000000,3,3.766587e-11,1.204516e-10,3.130834e-16,6.435134e-20,1.445945e-10
8520,8520.000000,3,3.993961e-11,1.217180e-10,3.130993e-16,1.222143e-19,3.520073e-11
8521,8521.000000,3,3.382183e-11,1.055531e-10,3.131151e-16,2.285665e-20,-6.313267e-11
8522,8522.000000,3,2.667377e-11,8.267964e-11,3.914128e-16,-5.030582e-20,-7.436501e-11
8523,8523.000000,3,2.221157e-11,7.000489e-11,3.131460e-16,2.398493e-20,6.083006e-11
8524,8524.000000,3,1.791989e-11,5.882739e-11,3.131624e-16,2.186602e-19,1.458715e-10
8525,8525.000000,3,1.215739e-11,4.984702e-11,3.131781e-16,-5.774713e-20,-2.859307e-11
8526,8526.000000,3,1.116263e-11,4.167000e-11,3.131937e-16,1.925015e-20,7.145551e-11
8527,8527.000000,3,1.060130e-11,3.449907e-11,3.132093e-16,-1.590040e-19,-1.021121e-10
8528,8528.000000,3,5.478284e-12,2.784772e-11,3.132249e-16,2.521247e-20,-8.160084e-11
8529,8529.000000,3,5.222489e-12,2.178413e-11,3.915495e-16,7.543887e-20,1.864230e-10
8530,8530.000000,3,4.966694e-12,1.608824e-11,3.132560e-16,-4.791030e-21,-1.771034e-10
8531,8531.000000,3,3.950618e-12,1.097344e-11,3.132715e-16,-1.606054e-20,2.773325e-10
8532,8532.000000,3,3.694822e-12,8.768097e-12,3.132870e-16,-7.365216e-20,8.619772e-12
8533,8533.000000,3,4.241940e-12,8.016920e-12,3.133025e-16,4.069729e-20,-3.056078e-11
8534,8534.000000,3,5.755396e-12,7.856160e-12,3.133181e-16,4.274869e-21,-1.398288e-10
8535,8535.000000,3,7.780443e-12,7.910561e-12,3.133336e-16,-4.433688e-21,-4.178929e-11
8536,8536.000000,3,9.968915e-12,1.191180e-11,3.133492e-16,-2.254563e-20,-4.084516e-11
8537,8537.000000,3,1.021050e-11,1.585376e-11,3.133648e-16,1.105047e-19,2.055567e-11
8538,8538.000000,3,1.241318e-11,1.966205e-11,3.133797e-16,-2.993401e-20,-1.368481e-10
8539,8539.000000,3,1.132605e-11,2.332978e-11,3.917443e-16,-1.604730e-20,1.168819e-10
8540,8540.000000,3,1.252687e-11,2.685940e-11,3.134119e-16,4.947533e-20,4.327677e-11
8541,8541.000000,3,1.690381e-11,3.028022e-11,3.917846e-16,8.828002e-20,-2.699835e-11
8542,8542.000000,3,1.505640e-11,3.359579e-11,3.134435e-16,-7.043939e-20,-7.970941e-11
8543,8543.000000,3,1.517719e-11,3.679590e-11,3.134593e-16,1.705349e-19,1.892723e-10
8544,8544.000000,3,1.731593e-11,3.991696e-11,3.134753e-16,-2.590730e-20,7.779943e-12
8545,8545.000000,3,1.534062e-11,4.295120e-11,3.134912e-16,3.896021e-20,2.564474e-10
8546,8546.000000,3,1.927702e-11,4.590017e-11,3.135073e-16,1.409747e-19,-3.607087e-12
8547,8547.000000,3,2.022205e-11,4.877809e-11,3.135233e-16,-4.002892e-20,8.281073e-11
8548,8548.000000,3,2.042810e-11,5.157941e-11,3.135395e-16,6.355725e-20,-7.297141e-11
8549,8549.000000,3,2.398792e-11,5.432232e-11,3.135552e-16,-9.747165e-20,4.580755e-11
8550,8550.000000,3,2.264500e-11,5.698442e-11,3.135719e-16,-3.093655e-21,8.586737e-11
8551,8551.000000,3,2.148681e-11,5.960166e-11,3.135882e-16,-7.448596e-20,-4.277109e-11
8552,8552.000000,3,2.437162e-11,6.214651e-11,3.136046e-16,-7.447272e-20,-1.272778e-10
8553,8553.000000,3,2.225420e-11,6.464962e-11,3.920258e-16,-4.886652e-20,-3.027131e-11
8554,8554.000000,3,2.565059e-11,6.710477e-11,3.331348e-16,-7.384076e-20,-5.635506e-11
8555,8555.000000,3,2.462741e-11,6.949707e-11,3.136540e-16,-1.965183e-19,3.859096e-11
8556,8556.000000,3,2.661693e-11,7.185919e-11,3.136706e-16,-4.273215e-20,-4.773210e-11
8557,8557.000000,3,2.801670e-11,7.416268e-11,3.136873e-16,4.751656e-20,7.344897e-11
8558,8558.000000,3,2.751932e-11,7.643419e-11,3.137040e-16,1.884119e-19,5.826678e-11
8559,8559.000000,3,2.651745e-11,7.865109e-11,3.137208e-16,1.291064e-20,-1.794720e-11
8560,8560.000000,3,2.975042e-11,8.083889e-11,3.137377e-16,-7.274888e-20,2.719857e-10
8561,8561.000000,3,2.736300e-11,8.298784e-11,3.137546e-16,-9.528128e-20,6.891041e-11
8562,8562.000000,3,2.700773e-11,8.509993e-11,3.137716e-16,7.573335e-20,6.008627e-11
8563,8563.000000,3,2.905409e-11,8.719292e-11,3.137886e-16,1.105874e-19,-5.826142e-11
8564,8564.000000,3,2.886935e-11,8.923773e-11,3.138057e-16,1.269458e-19,-1.796105e-11
8565,8565.000000,3,2.636114e-11,9.123879e-11,3.138229e-16,-4.356264e-20,7.113982e-11
8566,8566.000000,3,2.993517e-11,9.324075e-11,3.138401e-16,-7.308968e-21,-2.373365e-10
8567,8567.000000,3,3.215206e-11,9.519030e-11,3.138574e-16,4.851580e-20,-5.208262e-11
8568,8568.000000,3,3.034017e-11,9.711143e-11,3.138748e-16,2.332782e-19,-5.090373e-13
8569,8569.000000,3,2.874856e-11,9.901124e-11,3.138922e-16,1.074673e-20,9.201381e-11
8570,8570.000000,3,2.810197e-11,1.008873e-10,3.139097e-16,4.403579e-20,-9.126797e-11
8571,8571.000000,3,3.022649e-11,1.027245e-10,3.139273e-16,1.038807e-19,9.995385e-11
8572,8572.000000,3,2.989253e-11,1.045488e-10,3.139449e-16,8.687382e-20,1.219307e-10
8573,8573.000000,3,3.077361e-11,1.063500e-10,3.139626e-16,3.930101e-20,-1.418579e-11
8574,8574.000000,3,3.068124e-11,1.081251e-10,3.139804e-16,6.012280e-20,-3.337247e-12
8575,8575.000000,3,3.485923e-11,1.098803e-10,3.924977e-16,3.469857e-20,1.875239e-10
8576,8576.000000,3,2.990674e-11,1.115936e-10,3.140160e-16,4.938599e-20,1.198802e-10
8577,8577.000000,3,3.367973e-11,1.133273e-10,3.140339e-16,-4.486297e-20,-6.307974e-11
8578,8578.000000,3,2.702905e-11,1.150058e-10,3.140519e-16,2.307503e-20,-4.375347e-11
8579,8579.000000,3,3.183942e-11,1.166818e-10,3.140700e-16,2.780650e-20,1.381061e-10
8580,8580.000000,3,3.262102e-11,1.183165e-10,3.140881e-16,5.743611e-20,-5.777812e-11
8581,8581.000000,3,3.036860e-11,1.141889e-10,3.141062e-16,-2.752857e-21,-3.184816e-11
8582,8582.000000,3,2.945200e-11,1.078140e-10,3.141244e-16,-5.245649e-20,1.832293e-10
8583,8583.000000,3,3.055334e-11,1.047942e-10,3.141427e-16,-4.028700e-20,1.667569e-11
8584,8584.000000,3,2.965805e-11,1.022482e-10,3.141611e-16,-9.658161e-20,-2.842341e-10
8585,8585.000000,3,2.692957e-11,1.004270e-10,3.141794e-16,-6.798763e-20,-1.419486e-10
8586,8586.000000,3,2.980016e-11,9.885204e-11,3.141979e-16,-4.079324e-20,-7.928322e-11
8587,8587.000000,3,2.702905e-11,9.759993e-11,3.142164e-16,1.503814e-19,1.216380e-10
8588,8588.000000,3,2.708589e-11,9.649970e-11,3.142349e-16,7.393009e-20,-1.774435e-10
8589,8589.000000,3,2.611955e-11,9.559598e-11,3.142535e-16,-7.684839e-20,-9.162143e-12
8590,8590.000000,3,2.651745e-11,9.479817e-11,3.142722e-16,2.109641e-20,6.381112e-11
8591,8591.000000,3,2.543032e-11,9.412093e-11,3.142909e-16,1.252153e-19,1.750140e-10
8592,8592.000000,3,2.847855e-11,9.352119e-11,3.143096e-16,-5.625821e-20,-8.844545e-11
8593,8593.000000,3,2.836487e-11,9.299828e-11,3.143284e-16,-6.945339e-20,6.563475e-11
8594,8594.000000,3,2.508216e-11,9.254686e-11,3.143472e-16,1.306879e-19,2.130909e-11
8595,8595.000000,3,2.806644e-11,9.215273e-11,3.143660e-16,-2.083767e-19,-8.831166e-11
8596,8596.000000,3,2.810197e-11,9.180967e-11,3.143848e-16,2.464998e-21,-5.422193e-11
8597,8597.000000,3,2.673772e-11,9.152257e-11,3.144037e-16,2.773040e-20,-3.211209e-11
8598,8598.000000,3,2.566480e-11,9.126078e-11,3.144227e-16,3.871205e-22,-3.500616e-12
8599,8599.000000,3,2.364686e-11,9.104739e-11,3.144416e-16,-3.203836e-20,2.136767e-10
8600,8600.000000,3,2.790301e-11,9.085621e-11,3.144606e-16,1.080331e-19,2.521169e-11
8601,8601.000000,3,2.322054e-11,9.069967e-11,3.144796e-16,-2.701241e-20,-4.940712e-11
8602,8602.000000,3,2.414424e-11,9.056755e-11,3.931232e-16,1.669681e-19,-4.451378e-11
8603,8603.000000,3,2.277289e-11,9.046519e-11,3.145176e-16,3.360008e-20,-3.799100e-12
8604,8604.000000,3,2.566480e-11,9.038792e-11,3.145367e-16,-2.800172e-20,-1.932369e-10
8605,8605.000000,3,2.489031e-11,9.032064e-11,3.145558e-16,1.126223e-19,2.638403e-11
8606,8606.000000,3,2.592060e-11,9.027912e-11,3.145749e-16,2.742269e-20,-1.971978e-11
8607,8607.000000,3,2.503242e-11,9.025491e-11,3.145940e-16,-6.659797e-20,-1.562225e-10
8608,8608.000000,3,2.233946e-11,9.025203e-11,3.146131e-16,5.597366e-20,-8.675058e-11
8609,8609.000000,3,2.719958e-11,9.024492e-11,3.146323e-16,8.906419e-20,-4.217213e-11
8610,8610.000000,3,2.874856e-11,9.026691e-11,3.146514e-16,-2.713152e-21,-2.204498e-11
8611,8611.000000,3,2.521716e-11,9.030177e-11,3.146706e-16,9.357067e-20,-1.259834e-10
8612,8612.000000,3,2.348344e-11,9.034173e-11,3.146898e-16,-5.303882e-20,-2.089926e-10
8613,8613.000000,3,2.560085e-11,9.039280e-11,3.147091e-16,9.992011e-20,-7.486511e-11
8614,8614.000000,3,2.535216e-11,9.045298e-11,3.147283e-16,-3.602868e-20,-8.700618e-11
8615,8615.000000,3,2.710010e-11,9.052958e-11,3.147476e-16,-1.694397e-19,-9.601767e-11
8616,8616.000000,3,2.535216e-11,9.061485e-11,3.147658e-16,9.059613e-20,1.312114e-11
8617,8617.000000,3,2.322764e-11,9.070522e-11,3.147861e-16,8.011741e-20,-7.029538e-11
8618,8618.000000,3,2.422951e-11,9.080270e-11,3.148054e-16,6.146283e-20,-8.487100e-12
8619,8619.000000,3,2.300737e-11,9.090040e-11,3.148247e-16,-1.001848e-19,-7.022855e-11
8620,8620.000000,3,2.491163e-11,9.102408e-11,3.148441e-16,-5.283699e-20,1.335493e-11
8621,8621.000000,3,2.199840e-11,9.113998e-11,3.148634e-16,-1.376429e-21,-1.997090e-10
8622,8622.000000,3,2.388845e-11,9.126122e-11,3.148828e-16,2.189713e-20,-5.396933e-12
8623,8623.000000,3,2.249578e-11,9.140133e-11,3.149022e-16,1.625906e-20,-1.835761e-10
8624,8624.000000,3,2.498979e-11,9.153367e-11,3.149216e-16,1.087743e-19,3.053037e-10
8625,8625.000000,3,2.259526e-11,9.166246e-11,3.149410e-16,4.369168e-20,1.068431e-11
8626,8626.000000,3,2.626166e-11,9.181300e-11,3.149604e-16,7.597488e-20,6.119774e-11
8627,8627.000000,3,2.367528e-11,9.196044e-11,3.149799e-16,-1.150013e-19,4.056019e-11
8628,8628.000000,3,2.408740e-11,9.211920e-11,3.149993e-16,6.312050e-20,1.232443e-10
8629,8629.000000,3,2.357581e-11,9.227574e-11,3.150188e-16,-3.192917e-21,-1.780011e-10
8630,8630.000000,3,2.243894e-11,9.243117e-11,3.150383e-16,1.136679e-19,-1.135013e-10
8631,8631.000000,3,2.184919e-11,9.259837e-11,3.938222e-16,1.854208e-20,-1.195047e-11
8632,8632.000000,3,2.198419e-11,9.276802e-11,3.938466e-16,-6.096652e-20,7.432713e-11
8633,8633.000000,3,2.543743e-11,9.293455e-11,3.150968e-16,5.780338e-21,-6.331194e-11
8634,8634.000000,3,2.306422e-11,9.311374e-11,3.151163e-16,-2.399816e-20,-1.906822e-10
8635,8635.000000,3,2.420819e-11,9.329670e-11,3.151348e-16,-3.083398e-19,1.907049e-10
8636,8636.000000,3,2.369660e-11,9.346879e-11,3.151555e-16,2.404779e-20,-2.353087e-11
8637,8637.000000,3,2.276579e-11,9.365042e-11,3.151750e-16,-1.581238e-20,2.768313e-12
8638,8638.000000,3,2.482636e-11,9.383916e-11,3.939933e-16,-2.093693e-19,-4.367412e-11
8639,8639.000000,3,2.214051e-11,9.401746e-11,3.152142e-16,-1.012800e-20,-8.426140e-11
8640,8640.000000,3,2.308553e-11,9.420020e-11,3.152327e-16,-1.085956e-19,-1.340070e-11
8641,8641.000000,3,2.673772e-11,9.673795e-11,3.152535e-16,4.148807e-20,5.565715e-12
8642,8642.000000,3,2.386003e-11,1.001810e-10,3.152731e-16,-1.339933e-19,-4.908723e-11
8643,8643.000000,3,2.275868e-11,1.022498e-10,3.152928e-16,8.254932e-20,-1.806524e-10
8644,8644.000000,3,2.646772e-11,1.041311e-10,3.153125e-16,1.255032e-19,-2.288734e-10
8645,8645.000000,3,2.228973e-11,1.057039e-10,3.153322e-16,2.965608e-20,-2.464935e-10
8646,8646.000000,3,2.505374e-11,1.071876e-10,3.153519e-16,6.031801e-21,-2.722343e-10
8647,8647.000000,3,2.496847e-11,1.085245e-10,3.153716e-16,2.359119e-20,-8.144380e-11
8648,8648.000000,3,2.450662e-11,1.097884e-10,3.153913e-16,9.277658e-21,-1.114733e-11
8649,8649.000000,3,2.552980e-11,1.109679e-10,3.154111e-16,-7.837371e-20,1.167265e-10
8650,8650.000000,3,2.483347e-11,1.121192e-10,3.154308e-16,-5.849821e-21,2.431236e-11
8651,8651.000000,3,2.341949e-11,1.131963e-10,3.154506e-16,-1.668258e-20,4.390108e-11
8652,8652.000000,3,2.535216e-11,1.142371e-10,3.943380e-16,8.472646e-20,-8.148499e-11
8653,8653.000000,3,2.592060e-11,1.152485e-10,3.154902e-16,-1.606054e-20,7.144857e-11
8654,8654.000000,3,2.522427e-11,1.162239e-10,3.155101e-16,4.752318e-20,-8.972212e-12
8655,8655.000000,3,2.384581e-11,1.171712e-10,3.155299e-16,-1.709948e-20,-7.064019e-11
8656,8656.000000,3,2.601297e-11,1.180935e-10,3.155498e-16,-5.655268e-20,1.344231e-10
8657,8657.000000,3,2.500400e-11,1.189984e-10,3.155697e-16,-1.219661e-19,-9.434942e-11
8658,8658.000000,3,2.655298e-11,1.198712e-10,3.155897e-16,8.844877e-20,8.098486e-11
8659,8659.000000,3,2.615508e-11,1.207399e-10,3.156096e-16,9.364346e-20,5.575046e-11
8660,8660.000000,3,2.641798e-11,1.215748e-10,3.156296e-16,8.847524e-20,1.011581e-10
8661,8661.000000,3,2.490452e-11,1.224001e-10,3.156496e-16,1.960418e-20,5.832093e-11
8662,8662.000000,3,2.658140e-11,1.232037e-10,3.156696e-16,4.781104e-21,-1.727754e-10
8663,8663.000000,3,2.798117e-11,1.240033e-10,3.156897e-16,2.674771e-20,1.235378e-10
8664,8664.000000,3,2.484057e-11,1.247853e-10,3.157098e-16,1.102102e-19,-1.801721e-10
8665,8665.000000,3,2.654588e-11,1.255589e-10,3.157299e-16,1.012800e-19,-1.021615e-10
8666,8666.000000,3,2.722089e-11,1.263198e-10,3.157500e-16,-7.985271e-20,-6.921722e-11
8667,8667.000000,3,2.638956e-11,1.270581e-10,3.157702e-16,-1.581569e-21,-6.748810e-11
8668,8668.000000,3,2.585665e-11,1.278082e-10,3.157903e-16,5.357153e-20,-1.456120e-10
8669,8669.000000,3,2.557243e-11,1.285396e-10,3.158105e-16,-5.680084e-20,4.847522e-11
8670,8670.000000,3,2.598455e-11,1.292484e-10,3.158307e-16,5.980516e-20,6.390777e-12
8671,8671.000000,3,2.513900e-11,1.299649e-10,3.158510e-16,-7.635208e-20,3.731818e-11
8672,8672.000000,3,2.341238e-11,1.306653e-10,3.158713e-16,-1.768678e-19,-4.474654e-11
8673,8673.000000,3,2.849276e-11,1.313576e-10,3.948626e-16,-1.138531e-19,-8.633133e-11
8674,8674.000000,3,2.578560e-11,1.320508e-10,3.159119e-16,-1.120234e-19,1.591878e-10
8675,8675.000000,3,2.715694e-11,1.327263e-10,3.159322e-16,9.950652e-20,3.542880e-11
8676,8676.000000,3,2.582112e-11,1.333980e-10,3.159526e-16,-4.476040e-20,2.209067e-10
8677,8677.000000,3,2.755485e-11,1.340652e-10,3.159730e-16,-1.609693e-19,-7.351922e-11
8678,8678.000000,3,2.692957e-11,1.347236e-10,3.159934e-16,-1.231837e-20,-5.488321e-11
8679,8679.000000,3,2.510347e-11,1.353784e-10,3.160139e-16,1.347576e-19,-9.816525e-11
8680,8680.000000,3,2.529532e-11,1.360212e-10,3.160344e-16,-1.262608e-19,5.347539e-11
8681,8681.000000,3,2.492584e-11,1.366676e-10,3.950686e-16,8.481579e-20,8.767431e-11
8682,8682.000000,3,2.575717e-11,1.372937e-10,3.160738e-16,-2.348862e-20,1.514147e-10
8683,8683.000000,3,2.535216e-11,1.379348e-10,3.160960e-16,-2.663522e-21,1.201168e-10
8684,8684.000000,3,2.328449e-11,1.385643e-10,3.161165e-16,2.095745e-20,3.140824e-11
8685,8685.000000,3,2.273737e-11,1.391738e-10,3.161372e-16,-5.452444e-20,3.746531e-11
8686,8686.000000,3,2.508926e-11,1.397888e-10,3.161578e-16,-1.386884e-19,-1.010187e-10
8687,8687.000000,3,2.562217e-11,1.404101e-10,3.161784e-16,4.397292e-21,-2.891951e-11
8688,8688.000000,3,2.368949e-11,1.410123e-10,3.161991e-16,-1.199908e-19,1.688781e-10
8689,8689.000000,3,2.371081e-11,1.416147e-10,3.162198e-16,8.768114e-20,3.125139e-11
8690,8690.000000,3,2.396661e-11,1.422102e-10,3.162406e-16,5.313477e-20,-2.125453e-11
8691,8691.000000,3,2.539480e-11,1.428009e-10,3.162613e-16,5.766111e-20,3.551620e-11
8692,8692.000000,3,2.141576e-11,1.433906e-10,3.162821e-16,3.217666e-19,-7.980128e-11
8693,8693.000000,3,2.377476e-11,1.439795e-10,3.163029e-16,-1.227900e-19,3.608652e-11
8694,8694.000000,3,2.606271e-11,1.445635e-10,3.954025e-16,2.617199e-20,-1.564801e-11
8695,8695.000000,3,2.289369e-11,1.451377e-10,3.163446e-16,1.263171e-19,-1.807789e-11
8696,8696.000000,3,2.508926e-11,1.457086e-10,3.163655e-16,1.348602e-19,-8.201291e-11
8697,8697.000000,3,2.541611e-11,1.462899e-10,3.163864e-16,-3.669704e-20,5.398505e-11
8698,8698.000000,3,2.377476e-11,1.468452e-10,3.164073e-16,-3.887418e-20,4.317172e-11
8699,8699.000000,3,2.444978e-11,1.474165e-10,3.164283e-16,8.989799e-21,1.940474e-11
8700,8700.000000,3,2.621192e-11,1.479745e-10,3.164492e-16,9.352435e-20,7.979505e-11
8701,8701.000000,3,2.309264e-11,1.426959e-10,3.164703e-16,-4.512767e-20,4.888495e-11
8702,8702.000000,3,2.014389e-11,1.351885e-10,3.164913e-16,4.936614e-20,2.401036e-11
8703,8703.000000,3,2.355449e-11,1.310787e-10,3.165123e-16,6.763360e-20,1.359925e-11
8704,8704.000000,3,2.295764e-11,1.274691e-10,3.165334e-16,8.114311e-20,1.657967e-10
8705,8705.000000,3,2.219025e-11,1.245881e-10,3.165545e-16,2.499740e-20,4.400653e-11
8706,8706.000000,3,2.325606e-11,1.219997e-10,3.165756e-16,-9.155566e-20,2.128375e-11
8707,8707.000000,3,2.047784e-11,1.197182e-10,3.165968e-16,-2.837560e-20,1.377104e-10
8708,8708.000000,3,2.016520e-11,1.176317e-10,3.166179e-16,1.025009e-19,-6.357380e-11
8709,8709.000000,3,2.324896e-11,1.157321e-10,3.166391e-16,-6.389474e-20,-6.044461e-11
8710,8710.000000,3,2.014389e-11,1.139575e-10,3.166603e-16,-1.088603e-19,-5.558569e-11
8711,8711.000000,3,1.979572e-11,1.123124e-10,3.166815e-16,-6.966184e-20,-1.743482e-10
8712,8712.000000,3,1.881517e-11,1.107676e-10,3.167027e-16,2.875280e-20,-1.510813e-10
8713,8713.000000,3,1.848832e-11,1.093097e-10,3.167239e-16,1.792831e-19,5.688185e-11
8714,8714.000000,3,1.832490e-11,1.079390e-10,3.167451e-16,2.520254e-20,6.936453e-11
8715,8715.000000,3,1.983835e-11,1.066334e-10,3.167663e-16,-3.921167e-20,-2.664803e-11
8716,8716.000000,3,2.012968e-11,1.053988e-10,3.167875e-16,3.539671e-20,-1.119047e-11
8717,8717.000000,3,2.071232e-11,1.042004e-10,3.168088e-16,8.856788e-20,1.614293e-10
8718,8718.000000,3,2.327738e-11,1.030631e-10,3.168300e-16,-1.818143e-20,1.186731e-10
8719,8719.000000,3,2.154366e-11,1.019806e-10,3.168512e-16,5.686701e-20,1.363634e-10
8720,8720.000000,3,2.124523e-11,1.009257e-10,3.960904e-16,8.682419e-20,-5.725223e-11
8721,8721.000000,3,2.021494e-11,9.991830e-11,3.168936e-16,-6.139335e-20,-7.411441e-11
8722,8722.000000,3,1.950440e-11,9.895440e-11,3.169147e-16,-5.026280e-20,3.214669e-10
8723,8723.000000,3,1.924150e-11,9.801049e-11,3.169359e-16,3.649852e-20,7.476356e-11
8724,8724.000000,3,1.778488e-11,9.710388e-11,3.169571e-16,1.167946e-19,-1.333669e-10
8725,8725.000000,3,1.946177e-11,9.622059e-11,3.962228e-16,-1.010285e-19,2.181452e-11
8726,8726.000000,3,1.858780e-11,9.536971e-11,3.169994e-16,6.660127e-20,-2.054051e-10
8727,8727.000000,3,1.784173e-11,9.454393e-11,3.170205e-16,3.931093e-20,-9.781223e-11
8728,8728.000000,3,1.767830e-11,9.375944e-11,3.170416e-16,8.024645e-20,3.207737e-11
8729,8729.000000,3,1.961808e-11,9.296253e-11,3.170627e-16,-7.507491e-21,1.191366e-10
8730,8730.000000,3,1.797673e-11,9.222112e-11,3.170838e-16,9.084759e-20,1.470559e-10
8731,8731.000000,3,1.805489e-11,9.147949e-11,3.171049e-16,-1.218735e-19,-1.072932e-10
8732,8732.000000,3,1.703881e-11,9.076495e-11,3.171260e-16,2.223561e-19,1.990437e-10
8733,8733.000000,3,1.793410e-11,9.005441e-11,3.171471e-16,9.582060e-20,1.459959e-10
8734,8734.000000,3,1.517009e-11,8.939116e-11,3.171681e-16,1.218636e-19,-2.080730e-10
8735,8735.000000,3,1.652722e-11,8.871859e-11,3.171892e-16,-5.453767e-20,-4.982259e-11
8736,8736.000000,3,1.770672e-11,8.807732e-11,3.965127e-16,-1.129399e-19,-7.723355e-11
8737,8737.000000,3,1.624301e-11,8.743384e-11,3.965390e-16,-3.353390e-20,-1.879097e-10
8738,8738.000000,3,1.669775e-11,8.681567e-11,3.172522e-16,9.054650e-20,-2.201872e-11
8739,8739.000000,3,1.583800e-11,8.621681e-11,3.172732e-16,-9.552282e-20,-9.477882e-11
8740,8740.000000,3,1.904965e-11,8.561796e-11,3.172942e-16,9.924844e-20,6.601328e-11
8741,8741.000000,3,1.696066e-11,8.503265e-11,3.173152e-16,1.247057e-20,1.308380e-10
8742,8742.000000,3,1.691092e-11,8.447043e-11,3.173361e-16,-5.137784e-20,1.815375e-10
8743,8743.000000,3,1.559641e-11,8.391887e-11,3.966941e-16,-6.404694e-20,5.990267e-11
8744,8744.000000,3,1.719513e-11,8.336443e-11,3.173780e-16,1.045523e-19,5.777995e-11
8745,8745.000000,3,1.877964e-11,8.282375e-11,3.173989e-16,1.381458e-19,1.015646e-11
8746,8746.000000,3,1.593747e-11,8.231349e-11,3.174198e-16,1.668159e-19,-8.509538e-11
8747,8747.000000,3,1.511324e-11,8.179279e-11,3.174407e-16,-1.018756e-20,-1.090694e-10
8748,8748.000000,3,1.892886e-11,8.129653e-11,3.174616e-16,4.133587e-20,6.396017e-11
8749,8749.000000,3,1.827516e-11,8.079404e-11,3.174825e-16,1.816290e-19,1.809747e-11
8750,8750.000000,3,1.644906e-11,8.031575e-11,3.175034e-16,8.934543e-20,1.406824e-10
8751,8751.000000,3,1.708855e-11,7.983680e-11,3.175242e-16,-3.614118e-20,1.524821e-10
8752,8752.000000,3,1.659828e-11,7.936540e-11,3.175450e-16,7.679876e-20,-1.723877e-11
8753,8753.000000,3,1.758593e-11,7.889556e-11,3.175659e-16,-4.228547e-21,7.102630e-11
8754,8754.000000,3,1.761435e-11,7.844148e-11,3.175867e-16,1.281468e-20,4.273196e-11
8755,8755.000000,3,1.721645e-11,7.801337e-11,3.176075e-16,1.694331e-19,8.020121e-11
8756,8756.000000,3,1.480061e-11,7.756285e-11,3.176283e-16,-1.310585e-20,-8.758436e-11
8757,8757.000000,3,1.685407e-11,7.713319e-11,3.176490e-16,-1.175721e-19,-1.890232e-10
8758,8758.000000,3,1.386979e-11,7.671686e-11,3.176698e-16,-3.661432e-20,1.418349e-10
8759,8759.000000,3,1.819700e-11,7.629364e-11,3.176906e-16,-5.037530e-20,8.351680e-11
8760,8760.000000,3,1.668354e-11,7.587730e-11,3.177113e-16,6.048345e-20,1.901009e-10
8761,8761.000000,3,1.367084e-11,7.281642e-11,3.177320e-16,-1.138366e-19,-2.695620e-10
8762,8762.000000,3,1.566036e-11,6.877099e-11,3.177528e-16,-5.189731e-20,-6.636292e-11
8763,8763.000000,3,1.670486e-11,6.628520e-11,3.177735e-16,-5.518618e-20,-1.054485e-10
8764,8764.000000,3,1.498535e-11,6.403100e-11,3.177942e-16,3.333538e-20,-1.248639e-10
8765,8765.000000,3,1.387690e-11,6.212275e-11,3.178149e-16,2.103686e-20,-3.980960e-11
8766,8766.000000,3,1.373479e-11,6.032486e-11,3.178355e-16,2.810760e-20,2.760706e-11
8767,8767.000000,3,1.544720e-11,5.870548e-11,3.178562e-16,-7.304005e-20,3.998327e-11
8768,8768.000000,3,1.530509e-11,5.716161e-11,3.178768e-16,-7.684177e-20,9.911058e-11
8769,8769.000000,3,1.453060e-11,5.571832e-11,3.973718e-16,-8.659258e-20,3.333192e-10
8770,8770.000000,3,1.382006e-11,5.433365e-11,3.179181e-16,1.546695e-19,9.058104e-11
8771,8771.000000,3,1.261213e-11,5.300382e-11,3.179387e-16,4.106125e-20,-9.841045e-12
8772,8772.000000,3,1.474376e-11,5.174017e-11,3.179593e-16,-1.844613e-20,1.127720e-11
8773,8773.000000,3,1.322320e-11,5.051803e-11,3.179798e-16,1.102532e-19,5.292516e-12
8774,8774.000000,3,1.455902e-11,4.933542e-11,3.180004e-16,-4.870109e-20,3.707254e-11
8775,8775.000000,3,1.249845e-11,4.818190e-11,3.180209e-16,8.985167e-20,-6.362108e-11
8776,8776.000000,3,1.314504e-11,4.706813e-11,3.180414e-16,4.108772e-20,9.580425e-11
8777,8777.000000,3,1.141132e-11,4.599876e-11,3.180619e-16,-4.220937e-20,6.023801e-11
8778,8778.000000,3,1.151790e-11,4.492362e-11,3.180823e-16,1.717227e-19,-9.742201e-11
8779,8779.000000,3,9.592327e-12,4.390177e-11,3.181028e-16,-8.809474e-20,-3.183032e-11
8780,8780.000000,3,1.194422e-11,4.289302e-11,3.181232e-16,-3.950284e-20,9.862267e-11
8781,8781.000000,3,1.295319e-11,4.191758e-11,3.181436e-16,-6.759720e-21,8.685083e-11
8782,8782.000000,3,1.265477e-11,4.095257e-11,3.181640e-16,-9.607537e-20,3.547612e-11
8783,8783.000000,3,1.110578e-11,4.001066e-11,3.181843e-16,-6.584358e-21,9.506479e-12
8784,8784.000000,3,9.642065e-12,3.908562e-11,3.182046e-16,-1.470396e-19,6.855067e-11
8785,8785.000000,3,1.108447e-11,3.817990e-11,3.182249e-16,6.786190e-21,-3.567480e-12
8786,8786.000000,3,1.379874e-11,3.728551e-11,3.182452e-16,1.270219e-20,2.121371e-10
8787,8787.000000,3,1.129763e-11,3.641931e-11,3.182654e-16,-9.181374e-20,-8.450435e-12
8788,8788.000000,3,1.132605e-11,3.555867e-11,3.182856e-16,-3.995944e-20,8.034581e-11
8789,8789.000000,3,9.805490e-12,3.470935e-11,3.183058e-16,1.111069e-20,-2.235487e-10
8790,8790.000000,3,8.100187e-12,3.388112e-11,3.183260e-16,4.833713e-20,-1.090816e-11
8791,8791.000000,3,9.904966e-12,3.306799e-11,3.183462e-16,9.733269e-20,6.384940e-11
8792,8792.000000,3,9.045209e-12,3.225908e-11,3.183663e-16,7.683846e-20,6.618359e-11
8793,8793.000000,3,1.049472e-11,3.146194e-11,3.183864e-16,1.377520e-19,-2.466896e-11
8794,8794.000000,3,1.191580e-11,3.068790e-11,3.184065e-16,1.275744e-19,7.612502e-11
8795,8795.000000,3,8.412826e-12,2.991207e-11,3.184265e-16,-1.095650e-19,-4.962156e-11
8796,8796.000000,3,1.138289e-11,2.915712e-11,3.184465e-16,-6.400724e-20,7.407952e-11
8797,8797.000000,3,1.032419e-11,2.840661e-11,3.184665e-16,1.042578e-20,-7.981438e-11
8798,8798.000000,3,8.860468e-12,2.766520e-11,3.184865e-16,4.331118e-20,-6.430689e-12
8799,8799.000000,3,7.482015e-12,2.694134e-11,3.185065e-16,2.232362e-19,-3.934408e-11
8800,8800.000000,3,1.013234e-11,2.620926e-11,3.185264e-16,1.694397e-20,-5.534032e-11
8801,8801.000000,3,9.315215e-12,2.550804e-11,3.185463e-16,-6.465244e-21,-8.576814e-11
8802,8802.000000,3,1.063682e-11,2.480260e-11,3.185662e-16,-7.911486e-20,-1.199882e-10
8803,8803.000000,3,9.030998e-12,2.410649e-11,3.185861e-16,8.852818e-20,-2.581613e-10
8804,8804.000000,3,7.851497e-12,2.341882e-11,3.186059e-16,-1.181611e-19,2.152927e-10
8805,8805.000000,3,8.775203e-12,2.274980e-11,3.186257e-16,-2.313128e-20,2.138920e-11
8806,8806.000000,3,9.286794e-12,2.208234e-11,3.186455e-16,-2.297908e-20,1.463129e-10
8807,8807.000000,3,8.469669e-12,2.140310e-11,3.186653e-16,-8.181809e-20,-5.499812e-11
8808,8808.000000,3,9.947598e-12,2.075695e-11,3.186850e-16,-7.972698e-20,-9.942600e-11
8809,8809.000000,3,8.917311e-12,2.009815e-11,3.187047e-16,-3.436108e-20,2.794548e-11
8810,8810.000000,3,6.401990e-12,1.945533e-11,3.187244e-16,-1.079206e-19,6.447953e-12
8811,8811.000000,3,7.986500e-12,1.882428e-11,3.187441e-16,6.467891e-20,-1.945749e-12
8812,8812.000000,3,9.109158e-12,1.820344e-11,3.187637e-16,-3.748121e-20,4.948042e-11
8813,8813.000000,3,9.379164e-12,1.757061e-11,3.187833e-16,9.020570e-20,-2.987111e-12
8814,8814.000000,3,8.398615e-12,1.695244e-11,3.188030e-16,1.064383e-19,-2.028121e-10
8815,8815.000000,3,5.108802e-12,1.635025e-11,3.188225e-16,-6.448038e-20,2.229425e-11
8816,8816.000000,3,9.308110e-12,1.575318e-11,3.188421e-16,6.674686e-20,-1.918465e-11
8817,8817.000000,3,6.075140e-12,1.515033e-11,3.188616e-16,4.860513e-20,-1.482546e-10
8818,8818.000000,3,8.192558e-12,1.455280e-11,3.188811e-16,-1.488925e-22,-9.954010e-12
8819,8819.000000,3,7.560175e-12,1.396683e-11,3.189006e-16,6.715383e-20,-4.218212e-11
8820,8820.000000,3,5.520917e-12,1.337486e-11,3.189201e-16,6.107902e-21,-8.180606e-11
8821,8821.000000,3,7.496226e-12,1.859690e-11,3.189395e-16,3.207476e-20,-3.576289e-11
8822,8822.000000,3,8.760992e-12,2.604161e-11,3.189590e-16,1.574290e-20,3.306025e-11
8823,8823.000000,3,1.209344e-11,3.006573e-11,3.987218e-16,-1.344069e-19,9.266699e-11
8824,8824.000000,3,1.131895e-11,3.359735e-11,3.987472e-16,7.234853e-20,7.357573e-11
8825,8825.000000,3,1.118394e-11,3.641420e-11,3.190171e-16,-7.740094e-20,-9.677781e-11
8826,8826.000000,3,1.313794e-11,3.895884e-11,3.190365e-16,7.922074e-20,4.853312e-11
8827,8827.000000,3,1.212186e-11,4.117706e-11,3.190558e-16,5.254582e-20,4.706402e-12
8828,8828.000000,3,1.278977e-11,4.320722e-11,3.190751e-16,-1.182240e-19,2.245136e-10
8829,8829.000000,3,1.182343e-11,4.506595e-11,3.190944e-16,4.953819e-20,-2.088352e-10
8830,8830.000000,3,1.422507e-11,4.679412e-11,3.191128e-16,-1.217080e-19,-6.961168e-11
8831,8831.000000,3,1.609379e-11,4.839129e-11,3.191330e-16,-7.993873e-20,1.078645e-10
8832,8832.000000,3,1.595879e-11,4.990253e-11,3.191523e-16,2.161423e-19,1.602232e-10
8833,8833.000000,3,1.313083e-11,5.131540e-11,3.191715e-16,-9.077480e-20,1.194419e-10
8834,8834.000000,3,1.526246e-11,5.265743e-11,3.191908e-16,-6.768323e-20,-1.087952e-10
8835,8835.000000,3,1.582379e-11,5.394085e-11,3.192101e-16,3.818597e-20,-1.249059e-10
8836,8836.000000,3,1.529088e-11,5.515521e-11,3.192294e-16,7.222279e-20,7.171228e-11
8837,8837.000000,3,1.657696e-11,5.631673e-11,3.192487e-16,1.007109e-19,5.414597e-11
8838,8838.000000,3,1.352163e-11,5.742851e-11,3.192679e-16,4.892939e-20,-6.502562e-11
8839,8839.000000,3,1.841016e-11,5.849721e-11,3.192873e-16,3.068178e-20,-5.129433e-11
8840,8840.000000,3,1.604405e-11,5.951684e-11,3.193066e-16,1.349859e-19,-1.553401e-10
8841,8841.000000,3,1.553957e-11,6.052026e-11,3.193259e-16,-1.078246e-19,-5.057527e-11
8842,8842.000000,3,1.558220e-11,6.147682e-11,2.395089e-16,5.307191e-21,1.856140e-11
8843,8843.000000,3,1.964651e-11,6.239809e-11,3.193646e-16,-6.557888e-20,-2.149056e-11
8844,8844.000000,3,1.546141e-11,6.328871e-11,3.193839e-16,1.004627e-19,-1.655616e-10
8845,8845.000000,3,1.482903e-11,6.415046e-11,3.194033e-16,-4.874741e-20,2.494618e-11
8846,8846.000000,3,1.744382e-11,6.499934e-11,3.194227e-16,-4.111419e-20,1.898462e-11
8847,8847.000000,3,1.688250e-11,6.581757e-11,3.194411e-16,-1.165861e-19,1.474360e-10
8848,8848.000000,3,1.606537e-11,6.660650e-11,3.194615e-16,-5.014038e-20,-3.018333e-11
8849,8849.000000,3,1.619327e-11,6.738055e-11,3.194809e-16,-1.184291e-19,5.004386e-12
8850,8850.000000,3,1.556089e-11,6.812861e-11,3.195003e-16,1.945463e-19,-1.329421e-10
8851,8851.000000,3,1.623590e-11,6.886181e-11,3.195198e-16,9.687278e-20,4.453651e-11
8852,8852.000000,3,1.807621e-11,6.956946e-11,3.195393e-16,1.187964e-19,1.410380e-10
8853,8853.000000,3,1.799805e-11,7.028023e-11,3.195587e-16,-1.014951e-19,1.535854e-10
8854,8854.000000,3,1.936229e-11,7.095924e-11,3.195782e-16,1.159012e-19,8.312032e-11
8855,8855.000000,3,1.949729e-11,7.163425e-11,3.195978e-16,-1.343639e-19,-9.256557e-11
8856,8856.000000,3,1.933387e-11,7.228551e-11,3.196173e-16,-1.636825e-20,-6.001943e-11
8857,8857.000000,3,1.681855e-11,7.292522e-11,3.196368e-16,1.642781e-20,-1.975304e-10
8858,8858.000000,3,1.674749e-11,7.354850e-11,3.995705e-16,-3.886095e-20,7.153014e-11
8859,8859.000000,3,1.688250e-11,7.417045e-11,3.196760e-16,-2.263166e-21,-1.021158e-10
8860,8860.000000,3,1.874412e-11,7.476753e-11,3.196956e-16,1.127910e-19,-1.632795e-10
8861,8861.000000,3,1.445954e-11,7.535572e-11,3.197152e-16,1.079239e-19,-6.947221e-14
8862,8862.000000,3,1.899281e-11,7.593481e-11,3.197348e-16,-3.392102e-20,3.773526e-11
8863,8863.000000,3,1.651301e-11,7.650369e-11,3.197545e-16,-3.483754e-20,-7.001538e-12
8864,8864.000000,3,1.841727e-11,7.706369e-11,3.197742e-16,3.152220e-20,-2.129218e-10
8865,8865.000000,3,1.729461e-11,7.761258e-11,3.197938e-16,2.922264e-20,-1.767882e-10
8866,8866.000000,3,1.831779e-11,7.814460e-11,3.198135e-16,-3.835802e-20,-5.347112e-11
8867,8867.000000,3,1.740119e-11,7.867462e-11,3.198322e-16,9.816980e-21,1.315698e-11
8868,8868.000000,3,1.922729e-11,7.920598e-11,3.198530e-16,-1.803320e-19,6.519599e-11
8869,8869.000000,3,1.639222e-11,7.971956e-11,3.198727e-16,-6.733250e-21,1.868362e-10
8870,8870.000000,3,1.714540e-11,8.022139e-11,3.198925e-16,-2.336388e-19,-8.091569e-11
8871,8871.000000,3,1.732303e-11,8.072143e-11,3.199123e-16,5.529206e-20,6.570780e-11
8872,8872.000000,3,1.976019e-11,8.120837e-11,3.199321e-16,-1.088073e-19,1.267229e-10
8873,8873.000000,3,1.934808e-11,8.170842e-11,3.199519e-16,-1.292916e-19,1.603406e-10
8874,8874.000000,3,1.848832e-11,8.216450e-11,3.199717e-16,7.805607e-20,-3.069153e-11
8875,8875.000000,3,1.795541e-11,8.264323e-11,3.199916e-16,-5.395865e-20,1.633929e-10
8876,8876.000000,3,1.943334e-11,8.310508e-11,3.200114e-16,-4.948525e-20,1.279468e-11
8877,8877.000000,3,1.964651e-11,8.356316e-11,3.200313e-16,1.789456e-19,-2.874083e-10
8878,8878.000000,3,1.879386e-11,8.401368e-11,3.200500e-16,9.783892e-21,2.506823e-11
8879,8879.000000,3,1.838885e-11,8.444911e-11,3.200711e-16,-7.836047e-20,-1.347952e-10
8880,8880.000000,3,1.706013e-11,8.489098e-11,3.200911e-16,-9.794811e-20,1.543594e-10
8881,8881.000000,3,1.802647e-11,9.267098e-11,3.201110e-16,2.301580e-19,2.127818e-10
8882,8882.000000,3,1.909228e-11,1.032574e-10,3.201310e-16,3.310708e-20,5.257816e-11
8883,8883.000000,3,2.164313e-11,1.095473e-10,3.201510e-16,-4.409865e-20,5.464304e-11
8884,8884.000000,3,2.025047e-11,1.152005e-10,3.201710e-16,-1.054391e-19,-5.203440e-11
8885,8885.000000,3,2.099654e-11,1.199236e-10,3.201910e-16,-3.527760e-20,1.873146e-11
8886,8886.000000,3,2.655298e-11,1.242788e-10,3.202110e-16,-2.314451e-20,2.850695e-11
8887,8887.000000,3,2.492584e-11,1.282230e-10,2.401733e-16,-8.353862e-20,-1.719041e-10
8888,8888.000000,3,2.273026e-11,1.319291e-10,3.202511e-16,1.236933e-19,-4.575854e-11
8889,8889.000000,3,2.542322e-11,1.353926e-10,3.202712e-16,9.273026e-20,1.985701e-10
8890,8890.000000,3,2.471978e-11,1.386815e-10,3.202914e-16,4.280163e-20,-9.941409e-12
8891,8891.000000,3,2.302158e-11,1.417964e-10,3.203116e-16,-1.641126e-21,4.213546e-12
8892,8892.000000,3,2.326317e-11,1.447915e-10,3.203318e-16,9.432175e-20,1.978084e-12
8893,8893.000000,3,2.506084e-11,1.476619e-10,3.203520e-16,7.483007e-20,-2.729091e-11
8894,8894.000000,3,2.560085e-11,1.504170e-10,3.203723e-16,1.745119e-19,2.524990e-11
8895,8895.000000,3,2.447820e-11,1.530869e-10,3.203926e-16,7.535615e-20,-1.445824e-10
8896,8896.000000,3,2.230394e-11,1.556715e-10,3.204130e-16,-7.023425e-20,3.074391e-11
8897,8897.000000,3,2.454215e-11,1.581673e-10,3.204334e-16,-1.019947e-19,-2.081990e-11
8898,8898.000000,3,2.247447e-11,1.606095e-10,4.005673e-16,-1.084930e-20,1.270990e-10
8899,8899.000000,3,2.451372e-11,1.629776e-10,3.204744e-16,-7.220625e-20,-5.945427e-11
8900,8900.000000,3,2.003731e-11,1.652862e-10,3.204950e-16,6.168782e-20,-1.480058e-10
8901,8901.000000,3,2.324185e-11,1.675444e-10,3.205156e-16,-3.151227e-20,-9.141182e-11
8902,8902.000000,3,2.366107e-11,1.697475e-10,3.205363e-16,-2.710836e-20,1.714094e-10
8903,8903.000000,3,2.254552e-11,1.718965e-10,3.343212e-16,-9.089722e-20,-2.709460e-10
8904,8904.000000,3,2.687273e-11,1.740130e-10,3.205778e-16,-7.921082e-21,6.138512e-11
8905,8905.000000,3,2.336975e-11,1.760692e-10,2.404490e-16,-5.582477e-20,-7.141616e-11
8906,8906.000000,3,2.140155e-11,1.781018e-10,3.206195e-16,-8.247983e-20,2.818483e-11
8907,8907.000000,3,2.236078e-11,1.800950e-10,3.206404e-16,5.064661e-20,5.388695e-11
8908,8908.000000,3,2.322764e-11,1.820444e-10,3.206614e-16,-9.702167e-20,-4.828334e-11
8909,8909.000000,3,2.162182e-11,1.839755e-10,3.206825e-16,4.418468e-20,-2.167944e-10
8910,8910.000000,3,2.453504e-11,1.858560e-10,4.008773e-16,-2.056007e-19,-3.997809e-11
8911,8911.000000,3,2.302158e-11,1.877178e-10,3.207248e-16,-5.845851e-20,4.245757e-11
8912,8912.000000,3,2.002309e-11,1.895457e-10,3.207460e-16,-1.109514e-19,-1.013178e-10
8913,8913.000000,3,2.061284e-11,1.913520e-10,3.207673e-16,-5.783978e-20,-6.021017e-11
8914,8914.000000,3,2.378187e-11,1.931231e-10,3.207886e-16,-1.623822e-19,-7.268533e-11
8915,8915.000000,3,2.128075e-11,1.948688e-10,3.208100e-16,-2.934837e-20,-7.659105e-11
8916,8916.000000,3,2.073364e-11,1.965939e-10,3.208295e-16,-1.911284e-19,-2.063363e-11
8917,8917.000000,3,2.086864e-11,1.982947e-10,3.208530e-16,-8.343936e-20,-4.794402e-11
8918,8918.000000,3,1.855938e-11,1.999789e-10,3.208745e-16,-7.335438e-21,-1.106552e-10
8919,8919.000000,3,1.704592e-11,2.016389e-10,3.208961e-16,-1.062464e-19,-1.028098e-10
8920,8920.000000,3,1.845990e-11,2.032758e-10,3.209178e-16,1.493723e-19,5.770018e-11
8921,8921.000000,3,2.182787e-11,2.049050e-10,4.011718e-16,7.278528e-20,9.037034e-11
8922,8922.000000,3,1.777778e-11,2.064917e-10,3.209614e-16,-9.652205e-20,-9.015637e-11
8923,8923.000000,3,1.982414e-11,2.080787e-10,3.209832e-16,3.696174e-20,-2.457395e-10
8924,8924.000000,3,1.730172e-11,2.096332e-10,3.210051e-16,-9.380228e-20,-4.994428e-11
8925,8925.000000,3,1.931966e-11,2.111651e-10,3.210271e-16,9.251188e-20,7.753541e-11
8926,8926.000000,3,1.745093e-11,2.127021e-10,3.210491e-16,-6.448700e-21,9.478299e-11
8927,8927.000000,3,1.686828e-11,2.142142e-10,3.210712e-16,-3.817273e-20,-6.713174e-11
8928,8928.000000,3,1.677591e-11,2.156990e-10,3.210933e-16,-6.872217e-20,9.174390e-11
8929,8929.000000,3,1.593037e-11,2.171900e-10,3.211155e-16,1.076394e-19,-1.286476e-10
8930,8930.000000,3,1.413270e-11,2.186591e-10,4.014193e-16,8.010748e-20,1.659495e-10
8931,8931.000000,3,1.317346e-11,2.200995e-10,3.211600e-16,-8.706903e-20,-2.596670e-10
8932,8932.000000,3,1.403322e-11,2.215486e-10,4.014750e-16,6.498000e-20,-5.722652e-11
8933,8933.000000,3,1.818989e-11,2.229763e-10,3.212048e-16,-4.518391e-20,1.757238e-10
8934,8934.000000,3,1.399769e-11,2.243867e-10,3.212273e-16,-5.360792e-20,-2.181857e-10
8935,8935.000000,3,1.627143e-11,2.257821e-10,3.212498e-16,5.817396e-20,1.194354e-11
8936,8936.000000,3,1.609379e-11,2.271570e-10,4.015905e-16,-9.279974e-20,-2.033208e-11
8937,8937.000000,3,1.377032e-11,2.285354e-10,3.212950e-16,-6.190620e-20,-8.240660e-11
8938,8938.000000,3,1.217160e-11,2.298841e-10,3.213177e-16,-6.964861e-21,-1.012179e-10
8939,8939.000000,3,1.245581e-11,2.312497e-10,3.213404e-16,2.664514e-20,5.613038e-11
8940,8940.000000,3,1.033840e-11,2.325726e-10,3.213632e-16,3.201520e-20,-3.217300e-11
8941,8941.000000,3,1.377032e-11,2.051561e-10,3.213861e-16,1.317599e-19,1.981144e-10
8942,8942.000000,3,1.578826e-11,1.666820e-10,3.214090e-16,1.874060e-20,7.781183e-11
8943,8943.000000,3,1.334399e-11,1.450926e-10,3.214319e-16,-2.571870e-20,-2.936626e-10
8944,8944.000000,3,1.261924e-11,1.259250e-10,3.214522e-16,-2.038504e-20,7.978417e-11
8945,8945.000000,3,1.056577e-11,1.103988e-10,3.214780e-16,-6.767330e-20,-6.413009e-12
8946,8946.000000,3,1.202949e-11,9.622281e-11,3.215010e-16,-4.273546e-20,8.864548e-12
8947,8947.000000,3,1.236344e-11,8.366774e-11,3.215242e-16,-1.323489e-19,1.854250e-10
8948,8948.000000,3,8.789414e-12,7.201573e-11,3.215473e-16,6.587005e-20,-1.520237e-10
8949,8949.000000,3,8.412826e-12,6.129963e-11,3.215704e-16,7.367201e-20,-1.172537e-10
8950,8950.000000,3,1.015366e-11,5.121414e-11,3.215936e-16,9.872235e-20,-5.016640e-11
8951,8951.000000,3,9.293899e-12,4.177547e-11,3.216167e-16,9.191962e-20,1.091291e-10
8952,8952.000000,3,7.091217e-12,3.283018e-11,3.216398e-16,-2.118244e-20,-9.718791e-11
8953,8953.000000,3,7.780443e-12,2.432587e-11,3.216629e-16,-5.777691e-20,3.762803e-11
8954,8954.000000,3,6.885159e-12,1.621370e-11,3.216859e-16,6.924163e-20,2.384856e-12
8955,8955.000000,3,3.488765e-12,8.443690e-12,3.217089e-16,-7.275219e-20,7.532615e-11
8956,8956.000000,3,3.552714e-12,1.846523e-12,3.217317e-16,-9.036121e-20,-2.096390e-11
8957,8957.000000,3,3.645084e-12,6.184164e-12,3.217546e-16,9.094355e-20,-9.998627e-12
8958,8958.000000,3,3.588241e-12,1.309108e-11,3.217773e-16,-1.993803e-19,-1.036519e-10
8959,8959.000000,3,3.034017e-12,1.978240e-11,4.022499e-16,3.142625e-20,-1.067797e-10
8960,8960.000000,3,3.744560e-12,2.624834e-11,3.218225e-16,-5.384284e-20,-7.518444e-11
8961,8961.000000,3,4.092726e-12,3.252620e-11,3.218450e-16,-4.536589e-20,-5.674243e-11
8962,8962.000000,3,4.355627e-12,3.860334e-11,3.218673e-16,-2.680727e-20,-1.607851e-10
8963,8963.000000,3,4.739320e-12,4.454415e-11,3.218896e-16,6.117828e-21,5.949338e-11
8964,8964.000000,3,4.924061e-12,5.028511e-11,3.219118e-16,1.760505e-19,-1.116242e-10
8965,8965.000000,3,7.965184e-12,5.590550e-11,3.219338e-16,3.945321e-20,-3.102879e-12
8966,8966.000000,3,8.505197e-12,6.136669e-11,3.219558e-16,2.107656e-20,1.293703e-10
8967,8967.000000,3,6.721734e-12,6.673861e-11,3.219776e-16,3.845066e-20,4.182521e-11
8968,8968.000000,3,1.014655e-11,7.194445e-11,3.219993e-16,-2.317429e-20,3.968487e-11
8969,8969.000000,3,1.312372e-11,7.705525e-11,3.220209e-16,-5.514648e-20,-8.028439e-12
8970,8970.000000,3,1.258371e-11,8.204215e-11,3.220424e-16,-1.026994e-19,-1.179537e-11
8971,8971.000000,3,1.423928e-11,8.693313e-11,3.220637e-16,-1.084930e-20,-1.814793e-11
8972,8972.000000,3,1.580247e-11,9.173018e-11,3.220850e-16,2.190374e-20,1.043103e-10
8973,8973.000000,3,1.659117e-11,9.642753e-11,3.221061e-16,3.009614e-20,6.217554e-11
8974,8974.000000,3,1.914913e-11,1.010489e-10,3.221271e-16,9.436146e-20,5.073239e-11
8975,8975.000000,3,1.841727e-11,1.055691e-10,3.221480e-16,-3.649190e-20,4.687190e-11
8976,8976.000000,3,1.767120e-11,1.100136e-10,3.221687e-16,-7.686824e-20,1.940083e-10
8977,8977.000000,3,2.418687e-11,1.143794e-10,3.221894e-16,-1.211985e-19,-6.622292e-11
8978,8978.000000,3,2.263789e-11,1.186609e-10,3.222099e-16,5.676113e-20,1.948466e-11
8979,8979.000000,3,2.723510e-11,1.228846e-10,3.222303e-16,-3.229313e-20,-1.722960e-10
8980,8980.000000,3,2.702194e-11,1.270466e-10,3.222505e-16,-1.168409e-19,-1.489147e-10
8981,8981.000000,3,2.939515e-11,1.311280e-10,3.345641e-16,-1.389465e-19,2.391191e-10
8982,8982.000000,3,3.098677e-11,1.351659e-10,3.222907e-16,9.465262e-20,4.482165e-11
8983,8983.000000,3,3.559109e-11,1.391232e-10,3.223106e-16,-7.475066e-20,8.490120e-11
8984,8984.000000,3,3.375078e-11,1.430200e-10,3.223304e-16,-6.169444e-20,-3.780923e-11
8985,8985.000000,3,3.807799e-11,1.468647e-10,3.223500e-16,1.497395e-19,9.253234e-11
8986,8986.000000,3,3.741008e-11,1.506628e-10,3.223695e-16,-1.637189e-19,1.426680e-10
8987,8987.000000,3,3.736034e-11,1.543983e-10,3.223881e-16,-4.549824e-20,7.974674e-11
8988,8988.000000,3,3.966960e-11,1.580878e-10,3.224082e-16,6.376901e-20,2.060651e-10
8989,8989.000000,3,4.158807e-11,1.617371e-10,3.224273e-16,3.503606e-20,2.070545e-10
8990,8990.000000,3,4.347811e-11,1.653291e-10,3.224464e-16,9.337215e-21,1.516189e-10
8991,8991.000000,3,4.592238e-11,1.688725e-10,3.224653e-16,1.851892e-20,2.488512e-11
8992,8992.000000,3,4.987299e-11,1.723843e-10,4.031051e-16,-2.457388e-20,-1.759889e-10
8993,8993.000000,3,5.177725e-11,1.758460e-10,3.225027e-16,7.061145e-20,-1.908040e-10
8994,8994.000000,3,5.442047e-11,1.792575e-10,3.225212e-16,8.975902e-20,3.045428e-11
8995,8995.000000,3,5.364598e-11,1.826335e-10,3.225397e-16,6.104924e-20,-6.288331e-11
8996,8996.000000,3,5.621104e-11,1.859686e-10,3.225580e-16,5.749236e-20,2.635581e-11
8997,8997.000000,3,5.682921e-11,1.892824e-10,3.225761e-16,8.722454e-20,-6.301004e-11
8998,8998.000000,3,5.853451e-11,1.925344e-10,3.225942e-16,-2.440183e-20,1.189482e-10
8999,8999.000000,3,5.945822e-11,1.957683e-10,3.226121e-16,-6.235287e-20,-8.210671e-11
9000,9000.000000,3,6.436807e-11,1.989597e-10,3.226299e-16,-1.154115e-19,2.100906e-11
9001,9001.000000,3,5.993428e-11,1.838942e-10,3.226477e-16,3.239239e-21,-1.627145e-10
9002,9002.000000,3,5.250200e-11,1.618103e-10,3.226654e-16,-1.207684e-21,8.278983e-11
9003,9003.000000,3,4.604317e-11,1.503964e-10,3.226829e-16,-1.641226e-19,-1.163680e-11
9004,9004.000000,3,4.585843e-11,1.405207e-10,3.227003e-16,-6.339512e-21,5.854062e-11
9005,9005.000000,3,4.575895e-11,1.329208e-10,3.227176e-16,-5.390571e-20,-9.638876e-11
9006,9006.000000,3,4.042988e-11,1.261395e-10,3.227345e-16,6.253485e-21,6.262033e-11
9007,9007.000000,3,3.744560e-11,1.203926e-10,3.227519e-16,-2.959983e-20,-4.972242e-11
9008,9008.000000,3,3.687006e-11,1.151674e-10,3.227689e-16,3.719004e-20,-9.215659e-11
9009,9009.000000,3,3.402079e-11,1.105342e-10,3.227858e-16,9.646580e-20,6.248232e-11
9010,9010.000000,3,3.276313e-11,1.062777e-10,3.228026e-16,1.303868e-19,1.968828e-11
9011,9011.000000,3,3.218759e-11,1.024070e-10,3.228188e-16,-4.303655e-20,-1.403162e-10
9012,9012.000000,3,3.055334e-11,9.881451e-11,3.228360e-16,-1.336294e-19,2.023715e-11
9013,9013.000000,3,2.834355e-11,9.549539e-11,2.786990e-16,5.969597e-20,-8.357037e-12
9014,9014.000000,3,2.727774e-11,9.241430e-11,3.228692e-16,5.895151e-20,-1.155540e-10
9015,9015.000000,3,2.764011e-11,8.952794e-11,3.228858e-16,1.365841e-19,-8.916451e-12
9016,9016.000000,3,2.406608e-11,8.680767e-11,3.229023e-16,-8.277100e-20,8.273551e-11
9017,9017.000000,3,2.646772e-11,8.426682e-11,3.229187e-16,-1.709021e-19,-1.484610e-11
9018,9018.000000,3,2.427925e-11,8.186141e-11,3.229352e-16,-5.111645e-20,1.286448e-10
9019,9019.000000,3,2.409450e-11,7.958323e-11,3.229516e-16,8.746608e-20,1.012398e-11
9020,9020.000000,3,2.293632e-11,7.744139e-11,3.229680e-16,-1.591165e-19,1.372868e-10
9021,9021.000000,3,2.266631e-11,7.538969e-11,3.229836e-16,1.802956e-19,-1.467961e-10
9022,9022.000000,3,2.098233e-11,7.343881e-11,3.230000e-16,3.074134e-20,1.805009e-11
9023,9023.000000,3,2.067679e-11,7.158873e-11,3.230163e-16,2.647640e-20,7.333462e-11
9024,9024.000000,3,1.838885e-11,6.980749e-11,4.037917e-16,-5.876622e-20,3.754133e-11
9025,9025.000000,3,1.980993e-11,6.812506e-11,3.230490e-16,-1.737245e-19,9.759440e-11
9026,9026.000000,3,1.736566e-11,6.649570e-11,3.230660e-16,5.139769e-20,9.760098e-11
9027,9027.000000,3,1.627853e-11,6.494449e-11,3.230823e-16,-1.739792e-19,-5.882311e-11
9028,9028.000000,3,1.358558e-11,6.345169e-11,3.230987e-16,-1.192728e-19,-1.341566e-12
9029,9029.000000,3,1.404743e-11,6.202594e-11,3.231143e-16,3.629669e-20,1.735134e-10
9030,9030.000000,3,1.701750e-11,6.065481e-11,3.231306e-16,1.030402e-19,1.413225e-11
9031,9031.000000,3,1.764988e-11,5.932721e-11,3.231476e-16,3.764334e-20,-7.641215e-11
9032,9032.000000,3,1.293898e-11,5.805889e-11,3.231640e-16,-4.106786e-20,-2.551556e-11
9033,9033.000000,3,1.517009e-11,5.683898e-11,3.231803e-16,-1.655883e-19,-2.044973e-10
9034,9034.000000,3,1.427480e-11,5.564194e-11,3.231960e-16,3.272327e-21,5.808662e-11
9035,9035.000000,3,1.156764e-11,5.451040e-11,3.232123e-16,-4.646439e-20,1.382103e-10
9036,9036.000000,3,1.248424e-11,5.340972e-11,3.232294e-16,-1.209140e-19,8.769838e-11
9037,9037.000000,3,1.240608e-11,5.232903e-11,3.232458e-16,-1.673552e-20,3.266915e-11
9038,9038.000000,3,1.323031e-11,5.130940e-11,3.232622e-16,-4.403910e-21,-1.266294e-10
9039,9039.000000,3,1.097078e-11,5.030754e-11,3.232785e-16,1.037648e-19,-8.014892e-11
9040,9040.000000,3,1.254818e-11,4.933498e-11,3.232950e-16,-5.440201e-20,-1.100670e-10
9041,9041.000000,3,1.013944e-11,4.839862e-11,3.233114e-16,-1.863274e-19,-3.972891e-11
9042,9042.000000,3,7.958079e-12,4.749867e-11,3.233278e-16,-2.418014e-20,-1.314281e-10
9043,9043.000000,3,9.286794e-12,4.661516e-11,3.233442e-16,4.708312e-21,-1.130298e-10
9044,9044.000000,3,1.236344e-11,4.576806e-11,3.233607e-16,-7.280513e-20,9.542625e-11
9045,9045.000000,3,8.292034e-12,4.492673e-11,3.233771e-16,9.710770e-20,-6.521952e-11
9046,9046.000000,3,9.791279e-12,4.411649e-11,3.233929e-16,4.667284e-20,1.382878e-10
9047,9047.000000,3,8.498091e-12,4.334777e-11,3.234094e-16,-5.339616e-20,-1.378000e-10
9048,9048.000000,3,8.036238e-12,4.258571e-11,3.234259e-16,-1.060313e-19,1.817818e-10
9049,9049.000000,3,9.038104e-12,4.183653e-11,3.234431e-16,-9.773635e-20,-1.349779e-11
9050,9050.000000,3,9.229950e-12,4.111711e-11,3.234596e-16,-7.660354e-20,-3.191425e-11
9051,9051.000000,3,7.965184e-12,4.040812e-11,3.234761e-16,2.418345e-20,-1.921119e-11
9052,9052.000000,3,9.244161e-12,3.972755e-11,3.234927e-16,-1.140550e-19,1.919309e-10
9053,9053.000000,3,9.798384e-12,3.906653e-11,3.235092e-16,-3.945982e-20,9.421047e-12
9054,9054.000000,3,3.907985e-12,3.841039e-11,4.044072e-16,1.295927e-19,2.574349e-11
9055,9055.000000,3,8.419931e-12,3.778933e-11,3.235418e-16,5.022641e-21,7.142695e-11
9056,9056.000000,3,8.760992e-12,3.718026e-11,3.235589e-16,1.024347e-19,-1.492974e-10
9057,9057.000000,3,8.590462e-12,3.657452e-11,3.235756e-16,-1.228727e-19,-4.955292e-11
9058,9058.000000,3,7.915446e-12,3.600031e-11,3.235922e-16,3.918851e-20,-6.732515e-11
9059,9059.000000,3,4.646949e-12,3.541278e-11,3.236088e-16,-4.356264e-20,1.940093e-11
9060,9060.000000,3,3.787193e-12,3.484879e-11,3.236254e-16,-4.105463e-20,1.148805e-10
9061,9061.000000,3,6.870948e-12,1.637401e-11,4.045519e-16,5.536485e-20,-1.375611e-10
9062,9062.000000,3,6.622258e-12,9.334089e-12,3.236582e-16,-1.712429e-19,1.570697e-10
9063,9063.000000,3,1.013944e-11,2.375078e-11,3.236754e-16,1.062034e-19,-3.513417e-11
9064,9064.000000,3,1.366374e-11,3.700906e-11,3.236921e-16,-9.935763e-20,5.019282e-11
9065,9065.000000,3,1.582379e-11,4.797451e-11,3.237088e-16,-6.470538e-20,1.745853e-10
9066,9066.000000,3,1.835332e-11,5.808953e-11,3.237255e-16,4.184872e-20,7.072004e-11
9067,9067.000000,3,2.135891e-11,6.716339e-11,3.237423e-16,-6.273338e-20,6.977224e-11
9068,9068.000000,3,2.304290e-11,7.566858e-11,3.237590e-16,-3.414602e-21,8.482959e-11
9069,9069.000000,3,2.192024e-11,8.357004e-11,3.237758e-16,3.790803e-20,3.666620e-11
9070,9070.000000,3,2.730616e-11,9.106293e-11,3.237927e-16,3.105567e-20,2.436742e-10
9071,9071.000000,3,2.801670e-11,9.813994e-11,3.238096e-16,-1.110804e-19,-1.102572e-10
9072,9072.000000,3,3.024070e-11,1.048870e-10,3.238265e-16,-2.383935e-20,-3.799791e-11
9073,9073.000000,3,3.163336e-11,1.113547e-10,3.238435e-16,-1.227999e-19,-2.222134e-11
9074,9074.000000,3,3.296208e-11,1.175633e-10,4.048254e-16,4.623940e-20,-1.076581e-10
9075,9075.000000,3,2.944489e-11,1.235423e-10,4.048469e-16,4.453540e-20,-1.681082e-10
9076,9076.000000,3,3.259970e-11,1.292997e-10,3.238950e-16,6.682958e-20,-6.698114e-12
9077,9077.000000,3,3.296918e-11,1.348834e-10,3.239124e-16,6.061580e-20,2.888470e-11
9078,9078.000000,3,3.588241e-11,1.402967e-10,4.049121e-16,5.825668e-20,-4.794790e-11
9079,9079.000000,3,3.646505e-11,1.455502e-10,3.239473e-16,-1.489091e-19,-1.298673e-10
9080,9080.000000,3,3.504397e-11,1.506590e-10,3.239650e-16,6.352747e-22,5.850276e-11
9081,9081.000000,3,3.475975e-11,1.556300e-10,3.239827e-16,2.614552e-20,6.202186e-11
9082,9082.000000,3,3.688427e-11,1.604670e-10,3.240006e-16,1.086254e-20,-1.866152e-10
9083,9083.000000,3,3.871037e-11,1.652172e-10,3.240186e-16,6.203524e-20,-7.888606e-11
9084,9084.000000,3,3.916512e-11,1.698419e-10,3.240367e-16,6.831850e-20,-2.499120e-11
9085,9085.000000,3,3.694822e-11,1.743634e-10,3.240549e-16,-5.780338e-20,5.441403e-11
9086,9086.000000,3,3.539213e-11,1.787850e-10,3.240732e-16,2.181772e-20,3.105000e-11
9087,9087.000000,3,3.699085e-11,1.831195e-10,3.240916e-16,-1.250399e-19,1.102584e-10
9088,9088.000000,3,3.528555e-11,1.873672e-10,3.241102e-16,3.297142e-20,-1.214710e-10
9089,9089.000000,3,3.488765e-11,1.915390e-10,3.241289e-16,-1.551460e-19,-2.616431e-10
9090,9090.000000,3,3.584688e-11,1.956302e-10,4.051839e-16,-9.011636e-20,-1.011061e-10
9091,9091.000000,3,4.004619e-11,1.996523e-10,3.241665e-16,3.908594e-20,1.810825e-10
9092,9092.000000,3,3.721112e-11,2.035927e-10,3.241855e-16,-2.043930e-19,-7.096934e-12
9093,9093.000000,3,3.613820e-11,2.074769e-10,3.242047e-16,-7.824798e-20,1.883080e-11
9094,9094.000000,3,3.766587e-11,2.112908e-10,3.242239e-16,-8.924948e-20,-1.179876e-10
9095,9095.000000,3,3.515765e-11,2.150566e-10,3.242433e-16,-4.322184e-20,-1.720619e-10
9096,9096.000000,3,3.577583e-11,2.187530e-10,3.242627e-16,1.357834e-19,-1.941926e-10
9097,9097.000000,3,3.431211e-11,2.224068e-10,3.242823e-16,3.792789e-20,-5.537523e-11
9098,9098.000000,3,3.678480e-11,2.259855e-10,3.243020e-16,3.417910e-20,2.213743e-10
9099,9099.000000,3,3.300471e-11,2.295268e-10,3.243219e-16,-2.213204e-20,-6.446899e-11
9100,9100.000000,3,3.144862e-11,2.330169e-10,4.054272e-16,-9.825251e-20,1.442844e-10
9101,9101.000000,3,3.090861e-11,2.364462e-10,3.243618e-16,4.405233e-20,-2.630056e-10
9102,9102.000000,3,3.425527e-11,2.398626e-10,3.243820e-16,2.816385e-20,-7.627846e-11
9103,9103.000000,3,3.063860e-11,2.432046e-10,3.244023e-16,7.031366e-20,-2.912535e-10
9104,9104.000000,3,3.140599e-11,2.465099e-10,3.244226e-16,-4.931982e-20,8.495421e-11
9105,9105.000000,3,3.304734e-11,2.497815e-10,3.244431e-16,9.800436e-21,5.591472e-11
9106,9106.000000,3,2.860645e-11,2.530096e-10,3.244638e-16,4.628572e-20,-1.630976e-10
9107,9107.000000,3,3.027623e-11,2.562011e-10,3.244845e-16,-7.053865e-20,-4.680779e-11
9108,9108.000000,3,3.047518e-11,2.593468e-10,3.245053e-16,1.027193e-19,-2.137494e-11
9109,9109.000000,3,2.745537e-11,2.624529e-10,3.245263e-16,-7.013830e-20,7.495238e-11
9110,9110.000000,3,3.008438e-11,2.655407e-10,3.245473e-16,3.779223e-20,1.001694e-10
9111,9111.000000,3,2.390976e-11,2.685880e-10,3.245685e-16,-2.842854e-20,-1.985644e-10
9112,9112.000000,3,2.641798e-11,2.715967e-10,3.245898e-16,7.847628e-20,9.270550e-11
9113,9113.000000,3,2.525979e-11,2.745852e-10,3.246112e-16,-1.262642e-19,-5.788732e-11
9114,9114.000000,3,2.410872e-11,2.775329e-10,3.246327e-16,-8.879949e-20,3.178731e-11
9115,9115.000000,3,2.201261e-11,2.804501e-10,3.246543e-16,3.378206e-21,1.832041e-10
9116,9116.000000,3,2.021494e-11,2.833351e-10,3.246761e-16,-4.278509e-20,-2.556837e-11
9117,9117.000000,3,2.069100e-11,2.862053e-10,3.246959e-16,-1.493954e-19,-1.491069e-10
9118,9118.000000,3,1.782041e-11,2.890319e-10,3.247199e-16,-4.845624e-20,2.119074e-11
9119,9119.000000,3,1.877254e-11,2.918292e-10,3.247419e-16,8.940499e-20,7.925176e-11
9120,9120.000000,3,2.029310e-11,2.946214e-10,3.247641e-16,7.230551e-20,-2.163861e-10
9121,9121.000000,3,1.754330e-11,2.719303e-10,3.247864e-16,3.468865e-20,-4.405204e-11
9122,9122.000000,3,1.897149e-11,2.394740e-10,3.248088e-16,-3.004320e-20,-5.888515e-11
9123,9123.000000,3,1.764988e-11,2.219476e-10,4.060391e-16,3.816611e-20,-8.033352e-12
9124,9124.000000,3,1.949729e-11,2.065554e-10,3.248539e-16,-3.979731e-20,-2.623457e-13
9125,9125.000000,3,1.852385e-11,1.943674e-10,3.248766e-16,-1.693173e-19,-7.865675e-11
9126,9126.000000,3,1.762857e-11,1.833380e-10,3.248993e-16,4.752318e-20,6.098667e-11
9127,9127.000000,3,1.629274e-11,1.737483e-10,3.249222e-16,1.736219e-19,4.614301e-11
9128,9128.000000,3,1.963940e-11,1.649310e-10,3.249452e-16,1.124734e-19,5.356070e-11
9129,9129.000000,3,1.969624e-11,1.569298e-10,3.249682e-16,3.930762e-20,8.917997e-11
9130,9130.000000,3,1.548273e-11,1.494844e-10,3.249912e-16,6.650863e-20,-7.321313e-11
9131,9131.000000,3,1.452349e-11,1.425864e-10,3.250143e-16,3.591949e-20,-2.944534e-10
9132,9132.000000,3,1.745093e-11,1.360945e-10,3.250375e-16,1.354426e-19,-5.298956e-11
9133,9133.000000,3,1.708855e-11,1.300096e-10,3.250606e-16,4.837683e-20,-8.576251e-11
9134,9134.000000,3,1.781331e-11,1.242397e-10,3.250838e-16,4.123992e-20,1.274892e-10
9135,9135.000000,3,1.974598e-11,1.187703e-10,3.251070e-16,3.899991e-20,4.793173e-11
9136,9136.000000,3,1.657696e-11,1.135669e-10,3.251301e-16,1.218900e-19,6.357105e-11
9137,9137.000000,3,1.583089e-11,1.085938e-10,3.251533e-16,-2.232064e-19,8.301454e-11
9138,9138.000000,3,1.349321e-11,1.038329e-10,3.251765e-16,9.231336e-22,-3.174157e-11
9139,9139.000000,3,1.507772e-11,9.927237e-11,3.251996e-16,1.139987e-19,1.149911e-11
9140,9140.000000,3,1.632827e-11,9.489542e-11,3.252227e-16,6.080770e-20,-1.846369e-11
9141,9141.000000,3,1.449507e-11,9.066459e-11,3.252457e-16,-2.861052e-20,1.154814e-11
9142,9142.000000,3,1.536193e-11,8.660761e-11,3.252688e-16,6.345137e-20,1.444420e-11
9143,9143.000000,3,1.698197e-11,8.266765e-11,3.252918e-16,1.241764e-19,-2.200425e-11
9144,9144.000000,3,1.700329e-11,7.887091e-11,3.253147e-16,4.596146e-20,7.996728e-12
9145,9145.000000,3,1.485034e-11,7.518963e-11,4.066689e-16,1.774005e-19,-5.425933e-11
9146,9146.000000,3,1.482903e-11,7.162271e-11,3.253605e-16,2.676756e-20,-4.486371e-11
9147,9147.000000,3,1.309530e-11,6.815659e-11,3.253833e-16,-6.097975e-21,2.478386e-11
9148,9148.000000,3,1.099210e-11,6.480128e-11,3.254061e-16,2.449116e-20,1.530314e-10
9149,9149.000000,3,1.013234e-11,6.152034e-11,4.067860e-16,-4.478025e-20,2.173782e-11
9150,9150.000000,3,1.027445e-11,5.834910e-11,3.254514e-16,-1.404751e-19,-1.643542e-11
9151,9151.000000,3,1.312372e-11,5.523471e-11,3.254740e-16,-7.441979e-20,-1.644807e-11
9152,9152.000000,3,1.264766e-11,5.222112e-11,3.254966e-16,-2.040489e-20,-1.188231e-10
9153,9153.000000,3,1.055156e-11,4.926881e-11,3.255191e-16,6.769977e-20,-3.764490e-11
9154,9154.000000,3,1.298872e-11,4.639378e-11,3.255415e-16,-1.526645e-20,-5.104306e-12
9155,9155.000000,3,9.222845e-12,4.356826e-11,3.255639e-16,1.469635e-19,-1.038739e-10
9156,9156.000000,3,9.976020e-12,4.083889e-11,3.255862e-16,7.023094e-20,-4.697792e-11
9157,9157.000000,3,1.005418e-11,3.813638e-11,3.256085e-16,3.315009e-20,-1.018291e-11
9158,9158.000000,3,1.018208e-11,3.550471e-11,3.256307e-16,-6.964861e-20,1.389139e-11
9159,9159.000000,3,9.556800e-12,3.292588e-11,3.256528e-16,-9.040422e-20,3.258860e-11
9160,9160.000000,3,7.986500e-12,3.040790e-11,3.256749e-16,-2.712491e-20,2.944314e-11
9161,9161.000000,3,6.977530e-12,2.793787e-11,3.256969e-16,-7.137576e-20,-1.328751e-10
9162,9162.000000,3,1.094236e-11,2.551293e-11,3.257189e-16,-8.172544e-22,8.852116e-11
9163,9163.000000,3,1.094236e-11,2.313216e-11,3.257388e-16,-9.032812e-22,-7.571169e-11
9164,9164.000000,3,8.292034e-12,2.080092e-11,3.257626e-16,6.089373e-20,5.108464e-11
9165,9165.000000,3,5.954348e-12,1.849698e-11,3.257844e-16,-1.427614e-19,-1.213833e-10
9166,9166.000000,3,8.959944e-12,1.624256e-11,3.258061e-16,1.830551e-19,-7.250101e-11
9167,9167.000000,3,8.014922e-12,1.403144e-11,3.258277e-16,-4.876064e-20,-1.420098e-10
9168,9168.000000,3,6.671996e-12,1.185652e-11,3.258493e-16,3.292841e-20,1.376713e-10
9169,9169.000000,3,5.861978e-12,9.714451e-12,3.258709e-16,5.780338e-20,2.415199e-11
9170,9170.000000,3,7.666756e-12,7.618572e-12,3.258923e-16,-2.103024e-20,5.281375e-11
9171,9171.000000,3,6.345147e-12,5.540901e-12,3.259137e-16,-1.482308e-21,-7.679921e-11
9172,9172.000000,3,5.279333e-12,3.503420e-12,3.259351e-16,2.138096e-20,1.168203e-10
9173,9173.000000,3,3.588241e-12,1.651568e-12,3.259563e-16,-1.010186e-19,-8.120102e-11
9174,9174.000000,3,5.634604e-12,1.814549e-12,3.259776e-16,-6.572446e-20,8.759446e-11
9175,9175.000000,3,3.637979e-12,2.525979e-12,3.259987e-16,8.369413e-20,-9.968268e-11
9176,9176.000000,3,3.865352e-12,4.338307e-12,4.075248e-16,8.658927e-21,3.663406e-11
9177,9177.000000,3,3.751666e-12,6.235679e-12,3.260409e-16,-1.221878e-19,2.325551e-10
9178,9178.000000,3,3.716139e-12,8.085976e-12,3.260618e-16,9.976460e-20,-1.163212e-10
9179,9179.000000,3,3.026912e-12,9.934276e-12,3.260828e-16,-1.915750e-21,-8.162648e-11
9180,9180.000000,3,4.085621e-12,1.174660e-11,3.261036e-16,3.704446e-20,1.532976e-10
9181,9181.000000,3,3.787193e-12,5.200285e-12,3.261244e-16,1.463547e-19,-6.973894e-12
9182,9182.000000,3,6.075140e-12,2.932210e-11,3.261452e-16,1.886964e-20,-3.545031e-11
9183,9183.000000,3,1.347189e-11,4.245115e-11,3.261659e-16,-7.625282e-20,3.391204e-10
9184,9184.000000,3,1.153921e-11,5.401857e-11,3.261865e-16,-1.574125e-19,-4.870743e-12
9185,9185.000000,3,1.591616e-11,6.323519e-11,3.262071e-16,-7.974021e-21,-2.033246e-10
9186,9186.000000,3,1.461586e-11,7.158651e-11,3.262276e-16,1.647975e-19,-2.021355e-11
9187,9187.000000,3,1.580958e-11,7.889001e-11,3.262480e-16,6.639944e-20,1.424857e-10
9188,9188.000000,3,1.703171e-11,8.564860e-11,3.262685e-16,8.393567e-20,-2.101670e-10
9189,9189.000000,3,1.919176e-11,9.177659e-11,3.262889e-16,-5.297926e-20,1.251668e-10
9190,9190.000000,3,2.138023e-11,9.751200e-11,3.263093e-16,-7.210037e-20,-5.078568e-11
9191,9191.000000,3,1.997336e-11,1.028551e-10,3.263296e-16,9.154573e-20,-8.485926e-11
9192,9192.000000,3,1.865885e-11,1.078901e-10,3.263500e-16,-9.949328e-21,-1.557551e-11
9193,9193.000000,3,2.244605e-11,1.126472e-10,3.263704e-16,9.199903e-20,-1.189656e-10
9194,9194.000000,3,2.308553e-11,1.171505e-10,3.263895e-16,-1.564695e-20,-2.991893e-11
9195,9195.000000,3,2.433609e-11,1.214489e-10,3.264112e-16,-5.679753e-20,1.716015e-10
9196,9196.000000,3,2.130918e-11,1.255474e-10,3.264316e-16,1.381590e-19,-6.368320e-11
9197,9197.000000,3,2.236789e-11,1.294846e-10,3.264520e-16,1.043902e-20,1.642536e-10
9198,9198.000000,3,2.118128e-11,1.332610e-10,3.264725e-16,-1.435125e-19,8.416823e-12
9199,9199.000000,3,2.610534e-11,1.369005e-10,3.264930e-16,-1.519034e-20,1.242669e-10
9200,9200.000000,3,2.369660e-11,1.404152e-10,3.265136e-16,6.612482e-20,-1.699378e-11
9201,9201.000000,3,2.482636e-11,1.438087e-10,3.265342e-16,1.732315e-19,1.171718e-11
9202,9202.000000,3,2.142997e-11,1.470835e-10,3.265548e-16,-5.636078e-20,-2.606661e-11
9203,9203.000000,3,2.030731e-11,1.502491e-10,3.265755e-16,-3.508238e-20,-2.005228e-10
9204,9204.000000,3,2.302158e-11,1.533431e-10,3.265962e-16,4.153439e-20,1.517070e-10
9205,9205.000000,3,2.366818e-11,1.563381e-10,3.266170e-16,1.053497e-19,8.536599e-11
9206,9206.000000,3,2.382450e-11,1.592555e-10,3.266379e-16,7.422788e-20,-2.564122e-10
9207,9207.000000,3,2.626166e-11,1.621052e-10,3.266588e-16,5.349212e-20,1.141615e-10
9208,9208.000000,3,2.408029e-11,1.648668e-10,3.266797e-16,4.300347e-20,6.512747e-11
9209,9209.000000,3,2.326317e-11,1.675795e-10,3.267007e-16,6.853357e-20,7.690874e-11
9210,9210.000000,3,2.361844e-11,1.702130e-10,3.267218e-16,-5.897136e-20,1.486343e-10
9211,9211.000000,3,2.197709e-11,1.727936e-10,3.267429e-16,-1.683147e-19,-6.360246e-12
9212,9212.000000,3,2.191314e-11,1.753326e-10,3.267641e-16,-5.557661e-20,-2.071399e-11
9213,9213.000000,3,2.025757e-11,1.777967e-10,3.267854e-16,1.284942e-19,-2.183277e-11
9214,9214.000000,3,2.018652e-11,1.802201e-10,3.268067e-16,5.828645e-20,-1.114657e-10
9215,9215.000000,3,2.378187e-11,1.826033e-10,3.268280e-16,-4.913784e-20,8.892923e-11
9216,9216.000000,3,2.406608e-11,1.849119e-10,3.268495e-16,-1.451934e-19,-3.765552e-11
9217,9217.000000,3,1.882938e-11,1.872080e-10,3.268710e-16,5.488178e-20,-2.355073e-10
9218,9218.000000,3,2.229683e-11,1.894376e-10,3.268925e-16,6.704133e-20,-1.717955e-11
9219,9219.000000,3,2.081180e-11,1.916431e-10,3.269141e-16,-2.047107e-20,-9.329626e-11
9220,9220.000000,3,1.968914e-11,1.938163e-10,3.269358e-16,1.119705e-19,-2.267805e-10
9221,9221.000000,3,2.054179e-11,1.959570e-10,3.269576e-16,8.291328e-20,1.450563e-10
9222,9222.000000,3,2.009415e-11,1.980474e-10,3.269794e-16,-8.248645e-20,1.819553e-11
9223,9223.000000,3,1.893596e-11,2.001022e-10,3.270012e-16,5.181459e-20,-6.752231e-11
9224,9224.000000,3,2.215472e-11,2.021407e-10,3.270232e-16,-1.683313e-19,-3.494925e-11
9225,9225.000000,3,1.583800e-11,2.041327e-10,3.270451e-16,-9.331259e-20,-3.779144e-11
9226,9226.000000,3,2.115286e-11,2.061125e-10,3.270672e-16,-9.928153e-20,4.959144e-12
9227,9227.000000,3,1.780620e-11,2.080476e-10,3.270893e-16,-8.549739e-21,6.292231e-12
9228,9228.000000,3,1.836042e-11,2.099598e-10,3.271115e-16,1.535247e-21,-2.329417e-11
9229,9229.000000,3,1.912781e-11,2.118501e-10,3.271337e-16,4.757943e-21,-2.583322e-11
9230,9230.000000,3,1.558931e-11,2.137064e-10,3.271560e-16,4.089250e-20,3.889372e-11
9231,9231.000000,3,1.696776e-11,2.155491e-10,3.271784e-16,5.662217e-20,-2.507759e-11
9232,9232.000000,3,1.734435e-11,2.173650e-10,3.272008e-16,5.120910e-20,8.788763e-11
9233,9233.000000,3,1.779199e-11,2.191620e-10,3.272233e-16,7.259337e-21,-1.140861e-10
9234,9234.000000,3,1.922018e-11,2.209297e-10,3.272459e-16,8.433934e-21,-2.996384e-11
9235,9235.000000,3,1.646328e-11,2.226757e-10,3.272685e-16,1.193787e-20,6.337042e-12
9236,9236.000000,3,1.418243e-11,2.244056e-10,3.272912e-16,1.339702e-20,-1.650909e-10
9237,9237.000000,3,1.460165e-11,2.261125e-10,4.091394e-16,1.114278e-19,1.203810e-10
9238,9238.000000,3,1.296030e-11,2.278073e-10,3.273368e-16,-1.403560e-20,-5.706935e-12
9239,9239.000000,3,1.289635e-11,2.294787e-10,3.273596e-16,8.503417e-21,2.044621e-10
9240,9240.000000,3,1.446665e-11,2.311238e-10,3.273826e-16,-6.302785e-20,-1.754915e-10
9241,9241.000000,3,1.538325e-11,2.106819e-10,3.274056e-16,-1.100514e-19,1.813806e-10
9242,9242.000000,3,1.319478e-11,1.817673e-10,3.274286e-16,1.081952e-20,-4.689624e-11
9243,9243.000000,3,1.355716e-11,1.658047e-10,3.274517e-16,-1.541534e-20,1.275355e-10
9244,9244.000000,3,1.482192e-11,1.517022e-10,3.274749e-16,-8.679772e-20,-3.936949e-11
9245,9245.000000,3,1.266187e-11,1.403992e-10,3.274982e-16,-2.906382e-20,1.944414e-11
9246,9246.000000,3,1.284661e-11,1.300899e-10,4.093985e-16,-1.908570e-19,7.701140e-11
9247,9247.000000,3,1.266187e-11,1.210501e-10,3.275448e-16,-1.178898e-20,-5.702801e-11
9248,9248.000000,3,1.104894e-11,1.126632e-10,3.275682e-16,-1.046582e-19,-3.328093e-11
9249,9249.000000,3,1.256950e-11,1.050147e-10,3.275916e-16,-3.969474e-20,-1.603044e-11
9250,9250.000000,3,1.103473e-11,9.783552e-11,3.276150e-16,-1.052769e-19,-7.363658e-11
9251,9251.000000,3,9.237056e-12,9.115220e-11,3.276384e-16,3.720328e-20,5.715851e-11
9252,9252.000000,3,1.148948e-11,8.482015e-11,3.276618e-16,-3.116817e-20,-3.488571e-12
9253,9253.000000,3,8.675727e-12,7.883649e-11,3.276852e-16,-1.464771e-20,-4.982552e-11
9254,9254.000000,3,9.571011e-12,7.315037e-11,3.277086e-16,6.091358e-21,1.952674e-10
9255,9255.000000,3,1.344347e-11,6.769785e-11,3.277320e-16,3.252805e-20,8.127632e-11
9256,9256.000000,3,1.253397e-11,6.249845e-11,3.277553e-16,9.974806e-20,1.397223e-10
9257,9257.000000,3,1.175238e-11,5.750711e-11,3.277786e-16,1.563040e-20,-1.156931e-10
9258,9258.000000,3,9.094947e-12,5.270562e-11,3.278019e-16,-4.099176e-20,2.293887e-11
9259,9259.000000,3,9.713119e-12,4.806999e-11,3.278251e-16,3.404345e-20,1.163062e-10
9260,9260.000000,3,9.023893e-12,4.360667e-11,3.278483e-16,-6.226685e-20,1.812765e-10
9261,9261.000000,3,1.286793e-11,3.928302e-11,4.098360e-16,1.198353e-19,1.085271e-10
9262,9262.000000,3,5.549339e-12,3.510059e-11,3.278944e-16,1.308269e-20,-1.617147e-10
9263,9263.000000,3,9.329426e-12,3.103096e-11,3.279174e-16,3.914880e-20,-1.490186e-10
9264,9264.000000,3,8.931522e-12,2.709588e-11,3.279403e-16,-9.667094e-20,-6.587417e-11
9265,9265.000000,3,7.730705e-12,2.324785e-11,3.279632e-16,6.455979e-20,5.946715e-11
9266,9266.000000,3,4.334311e-12,1.951528e-11,3.279860e-16,-3.651837e-20,-7.022700e-11
9267,9267.000000,3,5.570655e-12,1.586242e-11,3.280087e-16,-7.394995e-21,7.745427e-11
9268,9268.000000,3,4.213518e-12,1.232525e-11,3.280313e-16,-2.316106e-20,-1.284989e-10
9269,9269.000000,3,6.338041e-12,8.848700e-12,3.280539e-16,-8.570584e-20,-6.758087e-11
9270,9270.000000,3,3.069545e-12,5.458300e-12,3.280764e-16,-2.040324e-19,4.416713e-11
9271,9271.000000,3,2.039258e-12,2.152278e-12,2.460741e-16,-2.941454e-20,-1.631996e-10
9272,9272.000000,3,3.531397e-12,1.089573e-12,3.281212e-16,8.334672e-20,7.229178e-11
9273,9273.000000,3,4.369838e-12,4.253708e-12,3.281434e-16,3.280929e-20,1.390565e-11
9274,9274.000000,3,4.462208e-12,7.367218e-12,4.102071e-16,2.297246e-20,9.160558e-11
9275,9275.000000,3,3.517187e-12,1.041967e-11,3.281878e-16,-5.993420e-20,-1.412112e-11
9276,9276.000000,3,3.772982e-12,1.340750e-11,3.282098e-16,-7.475066e-20,-1.626917e-10
9277,9277.000000,3,2.692957e-12,1.633760e-11,3.282318e-16,-6.472854e-20,-1.571264e-10
9278,9278.000000,3,2.323475e-12,1.921818e-11,3.282537e-16,8.315812e-20,3.573342e-11
9279,9279.000000,3,2.160050e-12,2.204525e-11,3.282755e-16,-3.490702e-20,-1.004108e-11
9280,9280.000000,3,2.394529e-12,2.482237e-11,3.282972e-16,7.868142e-21,1.620943e-10
9281,9281.000000,3,3.815614e-12,2.755640e-11,3.283188e-16,-1.697342e-19,3.265349e-11
9282,9282.000000,3,1.968203e-12,3.024403e-11,3.283404e-16,-4.993855e-20,-8.989887e-11
9283,9283.000000,3,5.414336e-12,3.289236e-11,3.283619e-16,-1.199710e-19,-7.986833e-11
9284,9284.000000,3,3.268497e-12,3.548783e-11,3.283833e-16,1.946389e-19,1.186827e-10
9285,9285.000000,3,3.758771e-12,3.806377e-11,3.284047e-16,-2.727380e-20,1.574930e-10
9286,9286.000000,3,5.975664e-12,4.057044e-11,3.284259e-16,6.472192e-20,2.123848e-11
9287,9287.000000,3,3.545608e-12,4.306200e-11,3.284471e-16,1.286928e-19,5.710610e-11
9288,9288.000000,3,7.034373e-12,4.551337e-11,3.284682e-16,-2.901088e-20,-1.703942e-10
9289,9289.000000,3,6.437517e-12,4.793499e-11,3.284892e-16,-5.167894e-20,-7.674927e-11
9290,9290.000000,3,6.103562e-12,5.031131e-11,3.285101e-16,4.863822e-20,-1.729557e-10
9291,9291.000000,3,6.465939e-12,5.266654e-11,3.285310e-16,-5.058706e-20,-2.923428e-11
9292,9292.000000,3,8.220979e-12,5.499423e-11,3.285518e-16,8.172544e-22,1.185707e-10
9293,9293.000000,3,1.112710e-11,5.727885e-11,3.285725e-16,1.084930e-19,-1.455259e-10
9294,9294.000000,3,8.043344e-12,5.953527e-11,3.285931e-16,8.880942e-20,5.013218e-11
9295,9295.000000,3,9.912071e-12,6.176926e-11,3.286137e-16,7.035337e-20,-9.978335e-11
9296,9296.000000,3,1.333689e-11,6.396528e-11,3.286342e-16,1.841569e-19,2.245910e-10
9297,9297.000000,3,1.251266e-11,6.614687e-11,3.286546e-16,7.369518e-20,1.507983e-11
9298,9298.000000,3,1.129763e-11,6.830803e-11,3.286749e-16,2.127178e-20,1.299498e-10
9299,9299.000000,3,1.593747e-11,7.042189e-11,3.286951e-16,-9.614486e-20,-9.738074e-11
9300,9300.000000,3,1.401190e-11,7.252376e-11,3.287153e-16,9.038437e-20,2.906028e-11
9301,9301.000000,3,1.109157e-11,5.371548e-11,3.287354e-16,-4.638498e-20,9.038878e-11
9302,9302.000000,3,4.497736e-12,2.686495e-11,3.287554e-16,1.040262e-20,-1.373252e-10
9303,9303.000000,3,3.595346e-12,1.227174e-11,3.287754e-16,2.070003e-19,1.023892e-10
9304,9304.000000,3,3.922196e-12,6.238565e-12,3.287952e-16,9.462946e-22,2.681194e-10
9305,9305.000000,3,5.442757e-12,1.076317e-11,3.288150e-16,1.962403e-20,-5.944498e-11
9306,9306.000000,3,6.174616e-12,2.002021e-11,3.288348e-16,-1.054755e-19,-1.401890e-11
9307,9307.000000,3,6.046719e-12,2.808243e-11,3.288544e-16,-1.019649e-19,4.750370e-11
9308,9308.000000,3,9.137580e-12,3.552514e-11,3.288741e-16,2.772709e-20,4.107684e-11
9309,9309.000000,3,1.003997e-11,4.227041e-11,3.288936e-16,-9.899698e-21,9.028286e-11
9310,9310.000000,3,1.218581e-11,4.859713e-11,3.289132e-16,-9.340193e-20,-1.236406e-10
9311,9311.000000,3,1.377742e-11,5.444867e-11,4.111659e-16,-5.400497e-20,-9.231710e-11
9312,9312.000000,3,1.642064e-11,5.997158e-11,3.289522e-16,2.151298e-19,1.483609e-10
9313,9313.000000,3,1.456613e-11,6.516854e-11,3.289717e-16,-4.222922e-20,9.752552e-11
9314,9314.000000,3,1.535483e-11,7.009682e-11,3.289912e-16,-5.732693e-20,-1.087261e-11
9315,9315.000000,3,1.350031e-11,7.478262e-11,3.290107e-16,-1.186243e-19,-1.446791e-10
9316,9316.000000,3,1.412559e-11,7.925771e-11,3.290295e-16,9.906977e-20,-2.462556e-10
9317,9317.000000,3,1.823963e-11,8.354117e-11,3.290498e-16,3.300782e-20,-2.128182e-10
9318,9318.000000,3,1.911360e-11,8.764678e-11,3.290694e-16,2.475586e-20,4.493464e-11
9319,9319.000000,3,1.844569e-11,9.157297e-11,3.290890e-16,2.041945e-19,-7.454370e-12
9320,9320.000000,3,1.795541e-11,9.538126e-11,3.291087e-16,-1.994399e-19,2.874490e-11
9321,9321.000000,3,1.888623e-11,9.905232e-11,4.114104e-16,-1.860462e-19,1.871997e-10
9322,9322.000000,3,2.015099e-11,1.025906e-10,3.291481e-16,1.130061e-19,-3.956979e-11
9323,9323.000000,3,1.978151e-11,1.060143e-10,3.291678e-16,6.798432e-20,8.216181e-11
9324,9324.000000,3,2.037837e-11,1.093361e-10,3.291876e-16,8.563305e-20,-6.750628e-11
9325,9325.000000,3,2.037126e-11,1.125571e-10,3.292075e-16,-8.559334e-20,3.755740e-11
9326,9326.000000,3,2.091838e-11,1.156872e-10,3.292274e-16,5.511670e-20,8.026191e-12
9327,9327.000000,3,2.190603e-11,1.187372e-10,3.292474e-16,4.642138e-21,-6.530901e-11
9328,9328.000000,3,2.249578e-11,1.216869e-10,3.292674e-16,2.435551e-20,-3.403869e-11
9329,9329.000000,3,2.152944e-11,1.245823e-10,3.292875e-16,-6.152569e-20,2.626491e-11
9330,9330.000000,3,1.954703e-11,1.273941e-10,3.293076e-16,-2.477240e-20,-2.782259e-10
9331,9331.000000,3,2.244605e-11,1.301397e-10,3.293278e-16,2.435948e-19,6.228590e-11
9332,9332.000000,3,2.143707e-11,1.328242e-10,3.293480e-16,-9.062591e-21,-4.722431e-11
9333,9333.000000,3,2.518163e-11,1.354583e-10,3.293683e-16,-6.081101e-20,2.059799e-10
9334,9334.000000,3,2.373213e-11,1.380149e-10,3.293887e-16,1.415736e-19,3.987088e-11
9335,9335.000000,3,2.207656e-11,1.405303e-10,3.294091e-16,1.407531e-19,7.064732e-11
9336,9336.000000,3,2.248157e-11,1.429912e-10,3.294296e-16,3.285231e-20,5.859015e-11
9337,9337.000000,3,2.002309e-11,1.454048e-10,3.294501e-16,5.400828e-20,7.596240e-11
9338,9338.000000,3,2.039258e-11,1.477538e-10,4.118368e-16,-8.743630e-20,-2.120050e-10
9339,9339.000000,3,2.339817e-11,1.500895e-10,3.294914e-16,-1.478205e-19,-1.276825e-10
9340,9340.000000,3,2.054890e-11,1.523659e-10,3.295121e-16,1.077982e-20,-3.495483e-11
9341,9341.000000,3,2.222578e-11,1.546085e-10,3.295329e-16,-2.186735e-20,-4.909750e-11
9342,9342.000000,3,2.250289e-11,1.567912e-10,3.295538e-16,-9.396441e-20,-8.832081e-11
9343,9343.000000,3,2.293632e-11,1.589624e-10,3.295747e-16,8.139457e-22,2.968958e-11
9344,9344.000000,3,2.104628e-11,1.610838e-10,3.295942e-16,1.021733e-19,-1.106406e-10
9345,9345.000000,3,2.145129e-11,1.631677e-10,3.296167e-16,-3.972121e-20,-7.377141e-11
9346,9346.000000,3,2.034994e-11,1.652112e-10,3.296378e-16,6.173745e-20,5.846804e-11
9347,9347.000000,3,2.285105e-11,1.672480e-10,3.296590e-16,9.273687e-20,1.830716e-10
9348,9348.000000,3,2.089706e-11,1.692282e-10,3.296802e-16,1.811989e-19,1.164514e-10
9349,9349.000000,3,2.214051e-11,1.711966e-10,3.297015e-16,-1.088305e-19,7.067069e-12
9350,9350.000000,3,2.151523e-11,1.731286e-10,3.297229e-16,6.261095e-20,7.452265e-11
9351,9351.000000,3,2.408029e-11,1.750367e-10,3.297443e-16,-1.634509e-20,8.486378e-11
9352,9352.000000,3,1.993072e-11,1.769123e-10,3.297658e-16,2.501725e-20,-4.408958e-11
9353,9353.000000,3,2.287948e-11,1.787634e-10,3.297873e-16,-5.873644e-20,3.152623e-11
9354,9354.000000,3,2.157918e-11,1.805920e-10,3.298089e-16,-6.916223e-20,4.313910e-12
9355,9355.000000,3,2.071232e-11,1.823877e-10,3.298306e-16,-4.552471e-20,-9.446624e-11
9356,9356.000000,3,2.081890e-11,1.841745e-10,3.298523e-16,4.518391e-20,-8.479523e-12
9357,9357.000000,3,1.971756e-11,1.859297e-10,3.298741e-16,4.788383e-20,7.123149e-12
9358,9358.000000,3,1.926281e-11,1.876670e-10,3.298959e-16,3.667388e-20,-4.079972e-12
9359,9359.000000,3,1.878675e-11,1.893810e-10,3.299178e-16,-5.839895e-21,-1.710585e-10
9360,9360.000000,3,1.996625e-11,1.910807e-10,3.299398e-16,3.928777e-20,-2.252153e-11
9361,9361.000000,3,1.785594e-11,1.758744e-10,3.299619e-16,-7.644141e-20,9.258729e-11
9362,9362.000000,3,1.875122e-11,1.542093e-10,3.299839e-16,9.895065e-20,4.463838e-11
9363,9363.000000,3,1.809042e-11,1.424192e-10,3.300061e-16,6.706450e-20,2.409711e-12
9364,9364.000000,3,1.979572e-11,1.320479e-10,3.300283e-16,1.291791e-19,1.498968e-10
9365,9365.000000,3,1.701039e-11,1.238079e-10,3.300505e-16,-3.713710e-20,1.093452e-10
9366,9366.000000,3,1.585221e-11,1.163105e-10,3.300728e-16,2.738960e-20,-2.928897e-11
9367,9367.000000,3,1.211475e-11,1.097997e-10,3.300952e-16,-1.032354e-19,-4.805226e-11
9368,9368.000000,3,1.403322e-11,1.037652e-10,3.301176e-16,4.251708e-21,-9.402090e-12
9369,9369.000000,3,1.203659e-11,9.830248e-11,3.301401e-16,8.953403e-21,-9.657102e-11
9370,9370.000000,3,1.576694e-11,9.318679e-11,3.301625e-16,-9.770657e-21,7.583369e-11
9371,9371.000000,3,1.325162e-11,8.844347e-11,3.301850e-16,-1.140682e-19,4.268697e-11
9372,9372.000000,3,1.500666e-11,8.395196e-11,3.302075e-16,-1.625972e-19,2.052135e-10
9373,9373.000000,3,1.274003e-11,7.974221e-11,3.302278e-16,-2.237027e-20,-2.051899e-11
9374,9374.000000,3,1.389822e-11,7.574386e-11,3.302525e-16,2.776018e-21,-4.189024e-11
9375,9375.000000,3,1.285372e-11,7.193446e-11,3.302750e-16,-1.429368e-19,4.899042e-11
9376,9376.000000,3,1.133316e-11,6.830603e-11,3.302975e-16,9.373611e-21,-2.850668e-11
9377,9377.000000,3,1.332978e-11,6.483236e-11,3.303199e-16,-5.005104e-20,5.145742e-11
9378,9378.000000,3,9.833911e-12,6.148992e-11,3.303424e-16,1.658001e-20,2.214759e-11
9379,9379.000000,3,1.215739e-11,5.828293e-11,3.303648e-16,1.715374e-19,1.230545e-10
9380,9380.000000,3,1.224265e-11,5.519629e-11,3.303872e-16,1.426920e-19,6.789147e-11
9381,9381.000000,3,1.168132e-11,5.221445e-11,3.304095e-16,1.523005e-20,8.068843e-11
9382,9382.000000,3,9.087842e-12,4.933631e-11,3.304319e-16,6.107240e-20,-1.182886e-10
9383,9383.000000,3,5.400125e-12,4.654654e-11,3.304542e-16,9.756099e-20,-2.496205e-10
9384,9384.000000,3,1.006839e-11,4.384959e-11,3.304764e-16,-3.186961e-20,6.312174e-11
9385,9385.000000,3,9.386270e-12,4.122302e-11,3.304986e-16,8.470329e-22,1.121913e-10
9386,9386.000000,3,8.043344e-12,3.867151e-11,4.131510e-16,-1.834819e-19,-7.559543e-11
9387,9387.000000,3,1.095657e-11,3.618905e-11,3.305430e-16,-9.850067e-20,2.335337e-11
9388,9388.000000,3,6.778578e-12,3.377454e-11,3.305651e-16,2.114935e-20,-1.133071e-11
9389,9389.000000,3,7.638334e-12,3.141398e-11,4.132315e-16,-4.354610e-20,8.504505e-11
9390,9390.000000,3,9.691803e-12,2.912226e-11,3.306091e-16,8.056739e-20,2.396432e-11
9391,9391.000000,3,9.002576e-12,2.687850e-11,3.306311e-16,-1.314886e-20,1.395764e-11
9392,9392.000000,3,8.107293e-12,2.468825e-11,3.306530e-16,1.150575e-19,2.016673e-10
9393,9393.000000,3,6.501466e-12,2.254019e-11,3.306749e-16,2.557642e-20,-1.542567e-10
9394,9394.000000,3,9.414691e-12,2.045497e-11,3.306967e-16,-4.754634e-21,3.355138e-11
9395,9395.000000,3,5.165646e-12,1.839573e-11,3.307184e-16,2.534812e-20,-5.538150e-11
9396,9396.000000,3,7.119638e-12,1.638933e-11,3.307402e-16,-6.764021e-20,-9.823833e-11
9397,9397.000000,3,6.167511e-12,1.442069e-11,3.307618e-16,8.191073e-20,5.220727e-11
9398,9398.000000,3,5.186962e-12,1.249001e-11,3.307835e-16,-6.534727e-20,1.386009e-10
9399,9399.000000,3,7.318590e-12,1.058797e-11,3.308050e-16,-5.194694e-20,6.133455e-12
9400,9400.000000,3,4.526157e-12,8.738121e-12,3.308266e-16,8.381656e-20,-9.110465e-11
9401,9401.000000,3,7.027268e-12,6.906475e-12,3.308481e-16,8.359487e-20,-5.924669e-11
9402,9402.000000,3,2.714273e-12,5.112133e-12,3.308695e-16,-3.306406e-20,1.638103e-10
9403,9403.000000,3,3.971934e-12,3.341327e-12,3.308909e-16,1.438633e-20,-1.997477e-10
9404,9404.000000,3,6.785683e-12,1.681322e-12,3.309106e-16,-7.811232e-20,-7.422335e-11
9405,9405.000000,3,3.296918e-12,1.777023e-12,3.309335e-16,2.170522e-20,8.896131e-11
9406,9406.000000,3,3.907985e-12,2.182254e-12,3.309547e-16,-1.453786e-19,3.224115e-12
9407,9407.000000,3,4.277467e-12,3.441025e-12,3.309759e-16,-3.482761e-20,4.551026e-11
9408,9408.000000,3,3.765876e-12,5.065059e-12,4.137462e-16,2.583781e-20,4.999567e-11
9409,9409.000000,3,3.765876e-12,6.656009e-12,3.310181e-16,-1.631200e-21,-1.614242e-10
9410,9410.000000,3,2.749800e-12,8.240075e-12,3.310391e-16,-1.434033e-19,1.218346e-10
9411,9411.000000,3,4.170886e-12,9.798828e-12,3.310601e-16,2.453749e-20,1.551322e-10
9412,9412.000000,3,2.245315e-12,1.134315e-11,3.310810e-16,-3.000680e-20,5.284950e-11
9413,9413.000000,3,3.183231e-12,1.285438e-11,3.311019e-16,-1.839319e-20,7.348899e-12
9414,9414.000000,3,2.941647e-12,1.434786e-11,3.311227e-16,-9.465593e-20,7.149570e-11
9415,9415.000000,3,2.756906e-12,1.582556e-11,3.311435e-16,-1.324482e-20,-1.609560e-10
9416,9416.000000,3,3.318235e-12,1.728284e-11,3.311642e-16,8.630803e-20,-3.415393e-11
9417,9417.000000,3,3.417711e-12,1.872058e-11,3.311849e-16,-3.388794e-20,8.506665e-11
9418,9418.000000,3,2.671641e-12,2.014144e-11,3.312055e-16,-1.714051e-19,4.783390e-11
9419,9419.000000,3,2.337686e-12,2.153899e-11,3.312261e-16,-1.466029e-19,-1.078209e-10
9420,9420.000000,3,2.124523e-12,2.292544e-11,3.312467e-16,7.072063e-20,-3.419806e-11
9421,9421.000000,3,2.522427e-12,1.743206e-11,3.312671e-16,-5.727068e-20,1.354241e-10
9422,9422.000000,3,3.986145e-12,9.306111e-12,3.312876e-16,-9.052665e-21,8.212009e-11
9423,9423.000000,3,3.510081e-12,5.228484e-12,3.313069e-16,-2.753750e-19,1.801868e-10
9424,9424.000000,3,3.069545e-12,3.940848e-12,3.313283e-16,-4.663644e-20,-8.581427e-11
9425,9425.000000,3,5.236700e-12,3.662182e-12,3.313486e-16,-2.975865e-20,5.573572e-11
9426,9426.000000,3,7.162271e-12,3.738343e-12,3.313689e-16,1.641424e-19,-1.091258e-11
9427,9427.000000,3,5.307754e-12,5.417888e-12,3.313891e-16,-3.898999e-20,-2.581117e-10
9428,9428.000000,3,5.073275e-12,7.234213e-12,3.314092e-16,7.820496e-20,2.623554e-10
9429,9429.000000,3,4.789058e-12,8.816503e-12,3.314284e-16,-9.651213e-20,-9.689741e-11
9430,9430.000000,3,3.097966e-12,1.026468e-11,3.314495e-16,-5.075911e-20,-5.130438e-11
9431,9431.000000,3,5.002221e-12,1.156963e-11,4.143369e-16,1.522575e-19,5.459042e-11
9432,9432.000000,3,8.064660e-12,1.277822e-11,3.314896e-16,7.364224e-20,6.122966e-11
9433,9433.000000,3,4.767742e-12,1.387579e-11,3.315096e-16,4.638829e-21,-5.946943e-11
9434,9434.000000,3,8.938628e-12,1.490186e-11,3.315296e-16,-1.600694e-19,-1.033105e-10
9435,9435.000000,3,8.562040e-12,1.584577e-11,4.144370e-16,-6.417598e-20,1.421923e-10
9436,9436.000000,3,4.632739e-12,1.673284e-11,3.315695e-16,2.799179e-21,-1.104813e-10
9437,9437.000000,3,6.032508e-12,1.755152e-11,3.315895e-16,-5.387262e-20,-1.712153e-11
9438,9438.000000,3,8.022027e-12,1.832179e-11,3.316094e-16,4.896909e-22,4.313888e-11
9439,9439.000000,3,7.105427e-12,1.904787e-11,3.316293e-16,-6.244552e-20,1.083728e-10
9440,9440.000000,3,5.918821e-12,1.972733e-11,3.316492e-16,2.055974e-19,1.368100e-12
9441,9441.000000,3,7.510437e-12,2.036749e-11,3.316691e-16,-8.313496e-20,1.611746e-10
9442,9442.000000,3,8.299139e-12,2.097456e-11,3.316890e-16,3.599890e-21,6.713302e-11
9443,9443.000000,3,7.375434e-12,2.156053e-11,3.317089e-16,-8.665875e-20,-7.208223e-11
9444,9444.000000,3,6.366463e-12,2.208833e-11,3.317288e-16,-1.760373e-19,-1.910444e-11
9445,9445.000000,3,8.803624e-12,2.260769e-11,3.317487e-16,1.610024e-20,1.967176e-11
9446,9446.000000,3,6.096457e-12,2.310574e-11,3.317685e-16,-1.225915e-19,-1.972422e-10
9447,9447.000000,3,6.266987e-12,2.357159e-11,3.317884e-16,-2.029239e-19,-4.133452e-11
9448,9448.000000,3,9.706014e-12,2.400902e-11,3.318083e-16,5.142416e-20,6.164430e-11
9449,9449.000000,3,7.247536e-12,2.444911e-11,3.318281e-16,7.887663e-20,-6.492251e-12
9450,9450.000000,3,5.989875e-12,2.483835e-11,3.318480e-16,-4.090904e-20,1.140564e-10
9451,9451.000000,3,9.748646e-12,2.523892e-11,3.318678e-16,-1.015116e-20,-1.423558e-10
9452,9452.000000,3,6.544099e-12,2.559863e-11,3.318869e-16,-3.688895e-20,-1.477987e-11
9453,9453.000000,3,8.235190e-12,2.595613e-11,4.148834e-16,-1.765865e-20,6.781176e-11
9454,9454.000000,3,9.364953e-12,2.629230e-11,3.319274e-16,-1.201993e-19,2.647232e-11
9455,9455.000000,3,8.455459e-12,2.661515e-11,3.319473e-16,2.959321e-20,6.660111e-11
9456,9456.000000,3,1.172396e-11,2.693779e-11,3.319671e-16,2.900426e-20,-1.490636e-10
9457,9457.000000,3,1.123368e-11,2.723799e-11,3.319870e-16,3.394749e-20,3.493852e-11
9458,9458.000000,3,7.098322e-12,2.752376e-11,3.320068e-16,5.361454e-20,-9.917819e-11
9459,9459.000000,3,1.129763e-11,2.779665e-11,3.320259e-16,-1.342481e-19,-7.262876e-11
9460,9460.000000,3,7.716494e-12,2.805822e-11,3.320465e-16,1.610885e-19,-1.644277e-10
9461,9461.000000,3,1.234213e-11,2.831646e-11,3.320664e-16,1.583224e-20,6.725603e-11
9462,9462.000000,3,1.014655e-11,2.855916e-11,3.320862e-16,-4.998156e-20,-1.177253e-10
9463,9463.000000,3,1.034550e-11,2.879030e-11,3.321061e-16,-4.235496e-20,4.894435e-11
9464,9464.000000,3,9.066525e-12,2.902523e-11,4.151574e-16,8.187434e-20,6.577350e-11
9465,9465.000000,3,1.320188e-11,2.924194e-11,3.321458e-16,1.167648e-20,-5.697220e-11
9466,9466.000000,3,1.016787e-11,2.945089e-11,3.321657e-16,-1.208511e-19,-7.637901e-11
9467,9467.000000,3,8.235190e-12,2.965428e-11,3.321855e-16,3.624705e-20,4.549622e-11
9468,9468.000000,3,7.148060e-12,2.985145e-11,3.322054e-16,-8.202323e-21,-1.557423e-10
9469,9469.000000,3,1.035971e-11,3.003908e-11,3.322253e-16,-4.402586e-20,-2.839950e-12
9470,9470.000000,3,1.040235e-11,3.022382e-11,3.322451e-16,-4.304979e-20,2.782086e-11
9471,9471.000000,3,1.035971e-11,3.040013e-11,3.322650e-16,1.164703e-19,2.298187e-10
9472,9472.000000,3,1.058709e-11,3.057754e-11,3.322849e-16,-4.642138e-21,-1.062718e-10
9473,9473.000000,3,9.599432e-12,3.073675e-11,3.323048e-16,5.829969e-20,2.162795e-11
9474,9474.000000,3,9.045209e-12,3.089085e-11,3.323246e-16,-3.765657e-20,1.012131e-10
9475,9475.000000,3,1.247003e-11,3.105671e-11,3.323445e-16,-2.955351e-20,4.164680e-11
9476,9476.000000,3,1.196554e-11,3.120948e-11,4.154555e-16,-9.918226e-20,-2.241379e-11
9477,9477.000000,3,1.088551e-11,3.134426e-11,3.323843e-16,-5.297596e-20,2.201594e-10
9478,9478.000000,3,1.218581e-11,3.148704e-11,3.324042e-16,1.069313e-19,8.370649e-11
9479,9479.000000,3,1.351452e-11,3.161849e-11,3.324240e-16,7.447272e-20,5.106740e-11
9480,9480.000000,3,1.234923e-11,3.175482e-11,3.324439e-16,2.104347e-21,1.815706e-11
9481,9481.000000,3,1.130473e-11,3.240830e-11,3.324638e-16,-9.278319e-20,1.138453e-10
9482,9482.000000,3,9.741541e-12,3.326428e-11,3.324837e-16,-1.530880e-19,1.240273e-10
9483,9483.000000,3,1.039524e-11,3.381051e-11,3.325036e-16,7.944243e-21,-1.263972e-11
9484,9484.000000,3,1.166001e-11,3.430056e-11,3.325235e-16,-1.280443e-19,-1.435356e-10
9485,9485.000000,3,1.316636e-11,3.472578e-11,3.325434e-16,-1.806893e-20,1.066474e-10
9486,9486.000000,3,1.203659e-11,3.512346e-11,3.325633e-16,-5.481560e-20,8.594822e-11
9487,9487.000000,3,1.272582e-11,3.547140e-11,3.325832e-16,9.362030e-20,2.126868e-10
9488,9488.000000,3,1.251976e-11,3.581158e-11,3.326031e-16,3.888411e-20,-1.476202e-10
9489,9489.000000,3,1.275424e-11,3.613976e-11,3.326230e-16,9.305120e-20,1.570180e-10
9490,9490.000000,3,9.571011e-12,3.644618e-11,3.326429e-16,-7.645796e-20,-1.642469e-10
9491,9491.000000,3,1.323031e-11,3.673817e-11,3.326629e-16,-1.320842e-20,1.300250e-10
9492,9492.000000,3,1.282530e-11,3.700307e-11,4.158535e-16,1.647578e-19,-1.251645e-10
9493,9493.000000,3,1.364953e-11,3.727196e-11,3.327027e-16,1.737079e-21,6.643278e-11
9494,9494.000000,3,8.171241e-12,3.753464e-11,3.327226e-16,-3.520481e-20,-1.287589e-10
9495,9495.000000,3,1.195133e-11,3.777889e-11,3.327426e-16,2.445808e-20,7.146767e-11
9496,9496.000000,3,1.226397e-11,3.801470e-11,3.327625e-16,-1.599205e-19,9.167830e-11
9497,9497.000000,3,1.345057e-11,3.825074e-11,3.327824e-16,1.401906e-20,2.211773e-10
9498,9498.000000,3,1.010392e-11,3.847611e-11,3.328024e-16,-5.657254e-20,-5.797696e-12
9499,9499.000000,3,1.435296e-11,3.869793e-11,3.328223e-16,-1.205235e-19,1.009221e-10
9500,9500.000000,3,1.245581e-11,3.889689e-11,3.328423e-16,-2.168735e-19,-8.583551e-11
9501,9501.000000,3,1.234213e-11,3.910627e-11,3.328622e-16,-2.606942e-20,8.076476e-11
9502,9502.000000,3,1.128342e-11,3.930922e-11,3.328822e-16,8.904103e-20,4.020004e-11
9503,9503.000000,3,1.269740e-11,3.949907e-11,3.329022e-16,7.888656e-20,8.100884e-11
9504,9504.000000,3,1.274714e-11,3.968892e-11,3.329221e-16,3.679299e-20,-2.973530e-11
9505,9505.000000,3,1.111999e-11,3.987566e-11,3.329421e-16,-4.328140e-20,-3.407133e-11
9506,9506.000000,3,1.360689e-11,4.004796e-11,3.329621e-16,1.461330e-19,-7.876791e-11
9507,9507.000000,3,1.301714e-11,4.023137e-11,4.162276e-16,-4.930658e-20,5.580911e-11
9508,9508.000000,3,1.213607e-11,4.039435e-11,3.330021e-16,1.387016e-20,-1.116673e-10
9509,9509.000000,3,1.389111e-11,4.056400e-11,3.330221e-16,1.564033e-20,-1.913364e-11
9510,9510.000000,3,1.340084e-11,4.072698e-11,3.330421e-16,3.257106e-20,1.167320e-10
9511,9511.000000,3,9.158896e-12,4.089795e-11,3.330621e-16,4.589198e-21,-2.129352e-10
9512,9512.000000,3,9.357848e-12,4.104828e-11,3.330821e-16,-3.632977e-21,4.474135e-11
9513,9513.000000,3,1.202949e-11,4.120881e-11,3.331021e-16,2.431249e-20,1.736514e-11
9514,9514.000000,3,9.677592e-12,4.135092e-11,3.331213e-16,7.903214e-20,-5.700698e-11
9515,9515.000000,3,1.038103e-11,4.149703e-11,3.331422e-16,1.078743e-19,9.156717e-11
9516,9516.000000,3,1.164580e-11,4.164136e-11,3.331622e-16,-2.736644e-20,1.612969e-10
9517,9517.000000,3,1.575273e-11,4.177814e-11,3.331822e-16,-1.550467e-20,2.015426e-10
9518,9518.000000,3,1.649170e-11,4.192180e-11,3.332023e-16,9.551620e-20,2.097894e-10
9519,9519.000000,3,1.233502e-11,4.205747e-11,3.332223e-16,-5.471634e-20,-4.135445e-11
9520,9520.000000,3,1.161027e-11,4.219824e-11,3.358182e-16,-6.294183e-20,1.167573e-10
9521,9521.000000,3,1.569589e-11,4.232392e-11,3.332624e-16,1.043174e-19,9.098075e-11
9522,9522.000000,3,1.239187e-11,4.245693e-11,3.332825e-16,-5.483215e-20,3.623238e-11
9523,9523.000000,3,1.439560e-11,4.258438e-11,3.333025e-16,3.623051e-21,-8.680306e-12
9524,9524.000000,3,1.528377e-11,4.270939e-11,3.333226e-16,-5.627475e-20,1.645004e-10
9525,9525.000000,3,1.208633e-11,4.283018e-11,3.333427e-16,-8.887229e-21,2.558370e-12
9526,9526.000000,3,1.420375e-11,4.294809e-11,3.333628e-16,6.668399e-20,1.044531e-10
9527,9527.000000,3,1.109157e-11,4.306466e-11,3.333829e-16,2.116259e-20,1.426445e-10
9528,9528.000000,3,1.259082e-11,4.318390e-11,3.334029e-16,1.424570e-19,-1.204536e-11
9529,9529.000000,3,1.119105e-11,4.329515e-11,3.334230e-16,-2.673117e-20,-2.075712e-11
9530,9530.000000,3,1.094236e-11,4.339795e-11,3.334431e-16,1.000028e-19,9.936663e-12
9531,9531.000000,3,1.411138e-11,4.350920e-11,3.334632e-16,-6.047683e-20,-4.066539e-11
9532,9532.000000,3,1.326583e-11,4.361933e-11,3.334833e-16,3.607500e-20,-1.120622e-10
9533,9533.000000,3,1.148948e-11,4.373235e-11,3.335035e-16,-5.564609e-20,-6.436454e-11
9534,9534.000000,3,1.437428e-11,4.382916e-11,3.335236e-16,-1.071166e-19,1.597808e-10
9535,9535.000000,3,1.262634e-11,4.393463e-11,3.335437e-16,-2.769401e-21,-7.197104e-11
9536,9536.000000,3,1.309530e-11,4.403855e-11,3.335638e-16,-5.964303e-20,6.137821e-11
9537,9537.000000,3,1.512745e-11,4.413780e-11,3.335839e-16,-8.637751e-20,5.815992e-11
9538,9538.000000,3,1.266898e-11,4.423439e-11,3.336041e-16,-1.602083e-20,-4.498277e-11
9539,9539.000000,3,1.446665e-11,4.433054e-11,3.336242e-16,5.525897e-20,1.471140e-10
9540,9540.000000,3,1.339373e-11,4.442113e-11,3.336444e-16,4.312589e-20,-6.517084e-11
9541,9541.000000,3,1.430323e-11,5.996070e-11,3.336645e-16,9.053988e-20,-7.358256e-11
9542,9542.000000,3,1.892175e-11,8.136802e-11,3.336847e-16,1.196004e-19,-8.526926e-11
9543,9543.000000,3,2.091838e-11,9.370038e-11,3.337048e-16,1.886667e-19,-6.840026e-11
9544,9544.000000,3,2.246026e-11,1.047256e-10,3.337250e-16,8.324746e-21,1.314658e-10
9545,9545.000000,3,2.299316e-11,1.137812e-10,3.337451e-16,-9.783561e-20,1.442444e-10
9546,9546.000000,3,2.570033e-11,1.221296e-10,3.337653e-16,-1.520689e-20,1.396382e-10
9547,9547.000000,3,2.165734e-11,1.295855e-10,3.337855e-16,6.809351e-20,-2.162869e-10
9548,9548.000000,3,2.802381e-11,1.365623e-10,3.338057e-16,-1.914427e-20,-1.115921e-10
9549,9549.000000,3,3.005596e-11,1.430283e-10,3.338259e-16,4.653056e-20,7.577672e-11
9550,9550.000000,3,2.591349e-11,1.491383e-10,3.338462e-16,-8.678117e-20,-2.101011e-10
9551,9551.000000,3,2.696510e-11,1.549119e-10,3.338665e-16,-5.181459e-21,6.515671e-11
9552,9552.000000,3,2.733458e-11,1.604190e-10,3.338869e-16,4.079324e-20,-6.378764e-11
9553,9553.000000,3,2.855671e-11,1.656706e-10,3.339073e-16,8.836274e-20,4.160425e-11
9554,9554.000000,3,2.906120e-11,1.707154e-10,3.339278e-16,7.024418e-20,2.185074e-10
9555,9555.000000,3,2.641798e-11,1.755740e-10,3.339483e-16,1.733109e-20,-1.491004e-10
9556,9556.000000,3,3.004175e-11,1.802576e-10,3.339689e-16,-1.447533e-19,-2.750182e-11
9557,9557.000000,3,2.881961e-11,1.847769e-10,3.339896e-16,-2.187727e-20,-2.893448e-11
9558,9558.000000,3,2.602718e-11,1.891687e-10,3.340103e-16,-7.639509e-20,-2.148112e-11
9559,9559.000000,3,2.717826e-11,1.934206e-10,3.340311e-16,6.197237e-20,-9.150332e-11
9560,9560.000000,3,2.874856e-11,1.975580e-10,3.340521e-16,3.173065e-20,9.710749e-11
9561,9561.000000,3,2.678036e-11,2.016045e-10,3.340731e-16,3.781208e-20,-6.505274e-11
9562,9562.000000,3,2.630429e-11,2.055158e-10,4.176177e-16,-1.756932e-20,-2.756817e-11
9563,9563.000000,3,2.583533e-11,2.093505e-10,3.341153e-16,1.162023e-19,-1.320508e-10
9564,9564.000000,3,2.515321e-11,2.130840e-10,3.341365e-16,-3.178359e-20,-7.332039e-11
9565,9565.000000,3,2.481215e-11,2.167537e-10,3.341579e-16,-2.618192e-20,-1.299776e-10
9566,9566.000000,3,2.690825e-11,2.203224e-10,3.341793e-16,-8.166589e-20,2.818329e-12
9567,9567.000000,3,2.599165e-11,2.238378e-10,3.342009e-16,2.794878e-20,1.993547e-10
9568,9568.000000,3,2.287948e-11,2.272724e-10,3.342225e-16,2.151993e-20,-7.647004e-11
9569,9569.000000,3,2.443556e-11,2.306551e-10,3.342442e-16,-3.132368e-20,1.348206e-10
9570,9570.000000,3,2.387424e-11,2.339582e-10,3.342660e-16,1.393965e-20,-1.322356e-10
9571,9571.000000,3,2.390266e-11,2.372103e-10,3.342879e-16,6.405687e-21,-6.167275e-11
9572,9572.000000,3,2.205525e-11,2.404053e-10,3.343099e-16,1.475756e-19,8.708138e-11
9573,9573.000000,3,2.006573e-11,2.435427e-10,3.343320e-16,3.665072e-20,-2.566225e-11
9574,9574.000000,3,2.172129e-11,2.466407e-10,3.343542e-16,-2.256880e-20,-2.287698e-11
9575,9575.000000,3,1.961098e-11,2.496860e-10,3.343765e-16,4.146160e-20,1.018516e-10
9576,9576.000000,3,1.907807e-11,2.526703e-10,3.343989e-16,7.428082e-21,8.224360e-11
9577,9577.000000,3,1.899991e-11,2.556260e-10,3.344214e-16,-8.992777e-20,-1.122608e-10
9578,9578.000000,3,1.622169e-11,2.585323e-10,3.344440e-16,-5.807139e-20,-6.480386e-11
9579,9579.000000,3,1.824674e-11,2.614053e-10,3.344667e-16,-6.841776e-20,-1.978234e-10
9580,9580.000000,3,1.706724e-11,2.642326e-10,3.344894e-16,-9.234644e-21,6.837297e-11
9581,9581.000000,3,1.494982e-11,2.670304e-10,3.345123e-16,-1.186706e-19,-1.369162e-11
9582,9582.000000,3,1.470823e-11,2.697822e-10,3.345352e-16,1.413585e-19,-3.821696e-11
9583,9583.000000,3,1.702460e-11,2.724874e-10,3.345583e-16,-1.068717e-21,1.874901e-10
9584,9584.000000,3,1.497114e-11,2.751810e-10,3.345814e-16,-6.089373e-20,1.423703e-10
9585,9585.000000,3,1.514167e-11,2.778335e-10,3.346047e-16,-7.147171e-20,2.714396e-10
9586,9586.000000,3,1.229949e-11,2.804461e-10,2.509710e-16,-8.396545e-20,7.566060e-11
9587,9587.000000,3,1.072209e-11,2.830454e-10,3.346514e-16,-5.448473e-20,4.813191e-11
9588,9588.000000,3,8.697043e-12,2.856018e-10,3.346750e-16,5.608946e-20,-2.548992e-10
9589,9589.000000,3,1.139711e-11,2.881395e-10,3.346986e-16,1.610686e-20,-5.188855e-11
9590,9590.000000,3,9.890755e-12,2.906324e-10,3.347223e-16,-1.095981e-19,-3.510521e-11
9591,9591.000000,3,7.688072e-12,2.931109e-10,3.347434e-16,-8.453786e-20,1.132903e-10
9592,9592.000000,3,7.801759e-12,2.955567e-10,4.184626e-16,5.656923e-20,-1.026777e-10
9593,9593.000000,3,6.451728e-12,2.979861e-10,4.184890e-16,1.245403e-20,1.603741e-10
9594,9594.000000,3,8.505197e-12,3.003924e-10,3.348182e-16,-2.338009e-19,5.091861e-11
9595,9595.000000,3,5.996981e-12,3.027678e-10,3.348423e-16,-1.217411e-19,-2.667909e-11
9596,9596.000000,3,6.487255e-12,3.051235e-10,3.348666e-16,7.492271e-20,2.124820e-11
9597,9597.000000,3,1.003286e-11,3.074556e-10,3.348910e-16,1.509406e-19,-1.395904e-10
9598,9598.000000,3,8.220979e-12,3.097618e-10,3.349155e-16,2.683705e-20,1.987656e-11
9599,9599.000000,3,7.680967e-12,3.120550e-10,3.349400e-16,-4.008848e-20,-5.362134e-11
9600,9600.000000,3,8.462564e-12,3.143175e-10,3.349647e-16,-6.780565e-20,1.367928e-10
9601,9601.000000,3,4.334311e-12,2.841547e-10,3.349894e-16,1.012800e-20,3.499314e-11
9602,9602.000000,3,3.716139e-12,2.416363e-10,2.512607e-16,1.301651e-20,3.714935e-11
9603,9603.000000,3,3.630873e-12,2.181471e-10,4.187990e-16,1.118249e-19,2.040026e-10
9604,9604.000000,3,5.385914e-12,1.973699e-10,2.802766e-16,-3.120125e-21,8.924026e-11
9605,9605.000000,3,6.451728e-12,1.806879e-10,3.350893e-16,1.849907e-20,-2.168658e-10
9606,9606.000000,3,9.301004e-12,1.654805e-10,3.351145e-16,2.946417e-20,-3.304276e-11
9607,9607.000000,3,8.036238e-12,1.521263e-10,3.351397e-16,2.841200e-20,-9.313724e-11
9608,9608.000000,3,8.100187e-12,1.397489e-10,3.351650e-16,4.142521e-20,3.367453e-11
9609,9609.000000,3,7.190692e-12,1.284395e-10,4.189836e-16,-5.657254e-20,9.094553e-11
9610,9610.000000,3,7.283063e-12,1.178384e-10,3.352157e-16,1.019219e-19,-3.899735e-11
9611,9611.000000,3,1.119815e-11,1.079432e-10,3.352411e-16,-1.650391e-20,1.183908e-10
9612,9612.000000,3,9.784173e-12,9.857315e-11,3.352665e-16,4.228547e-20,-1.875857e-11
9613,9613.000000,3,9.436008e-12,8.973178e-11,3.352918e-16,-2.885868e-20,6.291317e-11
9614,9614.000000,3,5.847767e-12,8.130296e-11,3.353171e-16,2.180117e-19,-6.754379e-11
9615,9615.000000,3,7.311485e-12,7.326295e-11,3.353424e-16,-1.015215e-19,1.461820e-11
9616,9616.000000,3,9.592327e-12,6.556911e-11,3.353677e-16,-3.978408e-20,1.061165e-10
9617,9617.000000,3,8.711254e-12,5.816858e-11,3.353929e-16,9.229681e-20,5.022592e-11
9618,9618.000000,3,1.075051e-11,5.108380e-11,3.354180e-16,2.008229e-19,1.298490e-10
9619,9619.000000,3,7.830181e-12,4.422240e-11,3.354430e-16,-2.407426e-20,-7.110826e-11
9620,9620.000000,3,5.336176e-12,3.761125e-11,3.354680e-16,-4.659674e-20,-2.317350e-11
9621,9621.000000,3,9.308110e-12,3.121015e-11,3.354929e-16,-1.379076e-20,6.328219e-11
9622,9622.000000,3,4.078515e-12,2.501155e-11,3.355177e-16,-1.958433e-20,-9.570453e-11
9623,9623.000000,3,3.993250e-12,1.899414e-11,3.355425e-16,-1.187170e-20,1.677018e-11
9624,9624.000000,3,4.966694e-12,1.315326e-11,3.355671e-16,-1.380664e-19,-3.537871e-10
9625,9625.000000,3,4.590106e-12,7.475576e-12,3.355916e-16,8.621207e-20,9.836895e-11
9626,9626.000000,3,3.609557e-12,1.943556e-12,3.356161e-16,1.488760e-19,-1.696902e-11
9627,9627.000000,3,3.623768e-12,3.444800e-12,3.356404e-16,1.870090e-20,-7.391351e-12
9628,9628.000000,3,2.735590e-12,8.689272e-12,3.356646e-16,1.279152e-20,2.057923e-10
9629,9629.000000,3,2.238210e-12,1.382849e-11,3.356887e-16,-8.842230e-20,-2.708805e-12
9630,9630.000000,3,2.856382e-12,1.883049e-11,3.357127e-16,-6.649209e-20,-4.223887e-11
9631,9631.000000,3,3.488765e-12,2.373035e-11,3.357366e-16,6.158194e-20,1.033340e-10
9632,9632.000000,3,4.199308e-12,2.852740e-11,3.357604e-16,2.543746e-20,-4.796727e-11
9633,9633.000000,3,2.486900e-12,3.321721e-11,3.357841e-16,-5.162931e-20,-1.297443e-10
9634,9634.000000,3,4.646949e-12,3.780265e-11,3.358076e-16,-6.889422e-20,1.751457e-10
9635,9635.000000,3,4.348522e-12,4.231482e-11,3.358311e-16,-1.106834e-19,1.029023e-10
9636,9636.000000,3,4.149570e-12,4.673129e-11,3.358544e-16,7.895935e-20,1.036869e-10
9637,9637.000000,3,4.945377e-12,5.106027e-11,3.358776e-16,9.645588e-20,6.979528e-12
9638,9638.000000,3,8.185452e-12,5.532219e-11,3.359007e-16,8.541798e-20,-2.789613e-11
9639,9639.000000,3,6.195933e-12,5.950107e-11,3.359237e-16,3.768966e-20,1.390446e-10
9640,9640.000000,3,7.339906e-12,6.359779e-11,3.359465e-16,-6.544322e-20,-1.150312e-10
9641,9641.000000,3,1.183054e-11,6.764211e-11,3.359693e-16,1.513807e-19,-6.282264e-11
9642,9642.000000,3,1.038103e-11,7.160850e-11,3.359919e-16,2.752526e-20,9.161782e-12
9643,9643.000000,3,1.157474e-11,7.551404e-11,3.360144e-16,1.271575e-19,1.709607e-10
9644,9644.000000,3,1.357847e-11,7.934031e-11,3.360368e-16,-1.048567e-19,7.063120e-11
9645,9645.000000,3,1.380585e-11,8.313750e-11,3.360591e-16,8.046482e-20,7.230994e-11
9646,9646.000000,3,1.472245e-11,8.685963e-11,3.360812e-16,-2.291621e-20,-1.193602e-10
9647,9647.000000,3,1.700329e-11,9.051981e-11,3.361033e-16,8.580841e-20,-3.439748e-11
9648,9648.000000,3,1.825384e-11,9.414314e-11,3.361252e-16,-4.721547e-21,1.282441e-10
9649,9649.000000,3,1.871570e-11,9.771162e-11,3.361470e-16,5.302889e-20,-5.795878e-11
9650,9650.000000,3,1.770672e-11,1.012204e-10,3.361671e-16,1.971602e-19,3.977735e-11
9651,9651.000000,3,2.131628e-11,1.046827e-10,3.361902e-16,-1.239778e-20,2.525788e-11
9652,9652.000000,3,2.196998e-11,1.081049e-10,3.362117e-16,-5.350204e-20,-1.256905e-10
9653,9653.000000,3,2.330580e-11,1.114819e-10,2.521747e-16,-6.040073e-20,1.520922e-12
9654,9654.000000,3,2.495426e-11,1.148053e-10,2.521907e-16,2.982152e-20,-5.444872e-11
9655,9655.000000,3,2.555112e-11,1.180931e-10,3.362753e-16,-1.995656e-19,-7.666712e-11
9656,9656.000000,3,2.575717e-11,1.213376e-10,3.362963e-16,7.610062e-23,2.822484e-11
9657,9657.000000,3,3.009148e-11,1.245390e-10,3.363172e-16,-9.543348e-20,-1.030371e-10
9658,9658.000000,3,3.072387e-11,1.277165e-10,3.363379e-16,-1.854208e-20,-2.898085e-11
9659,9659.000000,3,2.967226e-11,1.308313e-10,3.363585e-16,1.041751e-19,6.816761e-11
9660,9660.000000,3,3.102230e-11,1.339284e-10,3.363791e-16,8.984836e-20,6.177481e-11
9661,9661.000000,3,2.382450e-11,1.039431e-10,3.363995e-16,1.052802e-19,5.757209e-11
9662,9662.000000,3,1.651301e-11,6.133649e-11,3.364198e-16,1.893648e-19,-1.215609e-10
9663,9663.000000,3,9.450218e-12,3.811906e-11,3.364400e-16,1.239778e-20,-2.319273e-10
9664,9664.000000,3,4.625633e-12,1.764766e-11,3.364601e-16,6.863283e-20,4.480685e-11
9665,9665.000000,3,2.522427e-12,7.854828e-12,3.364800e-16,-5.976876e-20,8.973908e-11
9666,9666.000000,3,4.284573e-12,1.344413e-11,3.364999e-16,4.304317e-20,4.638648e-11
9667,9667.000000,3,6.494361e-12,2.635758e-11,3.365196e-16,5.952392e-21,-1.168177e-11
9668,9668.000000,3,1.008260e-11,3.829714e-11,3.365393e-16,-1.650622e-19,1.749956e-11
9669,9669.000000,3,1.051603e-11,4.915268e-11,3.365590e-16,1.254701e-19,5.174230e-11
9670,9670.000000,3,1.332978e-11,5.930256e-11,3.365785e-16,2.075562e-20,8.400503e-12
9671,9671.000000,3,1.739409e-11,6.872325e-11,3.365981e-16,6.037426e-20,4.003889e-11
9672,9672.000000,3,1.676170e-11,7.762302e-11,3.366176e-16,-1.177210e-19,3.947676e-12
9673,9673.000000,3,1.989520e-11,8.600631e-11,3.366372e-16,-4.472400e-20,7.376064e-11
9674,9674.000000,3,1.994493e-11,9.398149e-11,3.366567e-16,-9.763378e-20,1.232560e-10
9675,9675.000000,3,2.088996e-11,1.015612e-10,3.366763e-16,-1.225518e-19,-1.313124e-10
9676,9676.000000,3,2.193445e-11,1.087921e-10,3.366959e-16,1.145777e-19,1.173192e-10
9677,9677.000000,3,2.221867e-11,1.157237e-10,3.367155e-16,1.123543e-19,-2.570162e-10
9678,9678.000000,3,2.420109e-11,1.223766e-10,3.367352e-16,-2.804804e-20,-1.444997e-10
9679,9679.000000,3,2.293632e-11,1.287739e-10,3.367549e-16,-4.446923e-21,1.158813e-10
9680,9680.000000,3,2.103917e-11,1.349434e-10,3.367747e-16,-2.041118e-19,1.217450e-10
9681,9681.000000,3,2.614797e-11,1.409093e-10,4.209924e-16,-2.838487e-19,-4.402850e-11
9682,9682.000000,3,2.366818e-11,1.466542e-10,3.368145e-16,-2.827965e-20,-8.092346e-11
9683,9683.000000,3,2.589928e-11,1.522509e-10,3.368345e-16,-3.909586e-20,1.630111e-10
9684,9684.000000,3,2.567901e-11,1.576528e-10,3.368546e-16,-3.679630e-20,9.806994e-11
9685,9685.000000,3,2.626876e-11,1.629026e-10,3.368748e-16,1.339040e-20,-1.571812e-10
9686,9686.000000,3,2.656009e-11,1.680156e-10,3.368951e-16,2.192293e-19,6.562370e-11
9687,9687.000000,3,2.508926e-11,1.729885e-10,3.369154e-16,2.761791e-20,2.231826e-12
9688,9688.000000,3,2.873435e-11,1.778320e-10,3.369359e-16,1.549144e-20,1.708807e-10
9689,9689.000000,3,2.583533e-11,1.825544e-10,3.369564e-16,9.557245e-20,-1.374639e-10
9690,9690.000000,3,2.619061e-11,1.871654e-10,3.369770e-16,5.080212e-20,9.017194e-11
9691,9691.000000,3,2.655298e-11,1.916685e-10,3.369978e-16,3.752091e-21,1.373842e-10
9692,9692.000000,3,2.944489e-11,1.960687e-10,3.370186e-16,-1.070372e-20,9.126525e-11
9693,9693.000000,3,2.489742e-11,2.003733e-10,3.370395e-16,5.585454e-20,-4.092376e-11
9694,9694.000000,3,2.413003e-11,2.045804e-10,3.370606e-16,-7.633884e-20,-1.981041e-10
9695,9695.000000,3,2.462031e-11,2.087184e-10,3.370817e-16,6.941700e-21,-4.257003e-11
9696,9696.000000,3,2.446399e-11,2.127567e-10,3.371029e-16,-3.622389e-20,-2.574403e-10
9697,9697.000000,3,2.435740e-11,2.167260e-10,3.371243e-16,-1.669912e-20,3.975126e-11
9698,9698.000000,3,2.340528e-11,2.206135e-10,3.371457e-16,2.139751e-20,1.306358e-10
9699,9699.000000,3,2.445688e-11,2.244349e-10,3.371673e-16,5.585123e-21,-8.556722e-11
9700,9700.000000,3,2.036415e-11,2.281861e-10,3.371874e-16,-5.600344e-20,-1.015287e-10
9701,9701.000000,3,2.106759e-11,2.318787e-10,3.372107e-16,-7.113753e-22,-1.779205e-11
9702,9702.000000,3,1.918465e-11,2.354925e-10,3.372326e-16,1.010616e-19,-4.661768e-11
9703,9703.000000,3,2.189893e-11,2.390534e-10,3.372546e-16,-4.426409e-20,-7.985487e-12
9704,9704.000000,3,1.787726e-11,2.425624e-10,3.372749e-16,-3.200196e-20,-1.975375e-10
9705,9705.000000,3,1.708145e-11,2.460105e-10,3.372988e-16,2.026262e-20,-1.538078e-10
9706,9706.000000,3,1.763567e-11,2.494074e-10,3.373211e-16,6.214443e-20,-1.082641e-10
9707,9707.000000,3,1.787015e-11,2.527578e-10,3.373435e-16,-5.755523e-20,4.797210e-11
9708,9708.000000,3,1.870859e-11,2.560498e-10,3.373660e-16,-8.491836e-20,2.115932e-10
9709,9709.000000,3,1.371347e-11,2.593030e-10,3.373886e-16,-1.267704e-19,-9.540063e-12
9710,9710.000000,3,1.545430e-11,2.624969e-10,3.374113e-16,4.869447e-20,1.004238e-10
9711,9711.000000,3,1.525535e-11,2.656642e-10,3.374342e-16,1.083937e-20,1.058563e-10
9712,9712.000000,3,1.743672e-11,2.687786e-10,3.374571e-16,-1.674611e-19,1.421373e-10
9713,9713.000000,3,9.897860e-12,2.718543e-10,3.374801e-16,-1.128274e-19,2.860763e-11
9714,9714.000000,3,1.257661e-11,2.748888e-10,3.375032e-16,-9.109906e-20,-8.805543e-11
9715,9715.000000,3,8.860468e-12,2.778788e-10,3.375265e-16,-6.450685e-20,-2.912437e-11
9716,9716.000000,3,8.668621e-12,2.808322e-10,3.375498e-16,1.290402e-22,-1.991727e-10
9717,9717.000000,3,1.080025e-11,2.837663e-10,3.375733e-16,1.882332e-20,8.680371e-11
9718,9718.000000,3,9.428902e-12,2.866409e-10,3.375968e-16,-5.975884e-20,-1.192541e-10
9719,9719.000000,3,7.325696e-12,2.895106e-10,3.376205e-16,-7.533299e-20,-1.605600e-10
9720,9720.000000,3,7.126744e-12,2.923084e-10,3.376443e-16,6.596931e-20,1.073022e-10
9721,9721.000000,3,7.673862e-12,2.841045e-10,3.376681e-16,-8.255924e-20,5.659406e-11
9722,9722.000000,3,6.366463e-12,2.716398e-10,3.376894e-16,-1.089231e-20,1.414479e-11
9723,9723.000000,3,7.638334e-12,2.656049e-10,3.377162e-16,-9.591986e-21,-6.080784e-11
9724,9724.000000,3,5.307754e-12,2.604539e-10,3.377403e-16,9.498019e-20,-6.722225e-11
9725,9725.000000,3,4.661160e-12,2.566807e-10,3.377646e-16,-1.643310e-19,-4.526777e-11
9726,9726.000000,3,5.670131e-12,2.533933e-10,3.377890e-16,-4.919409e-20,3.955927e-11
9727,9727.000000,3,5.940137e-12,2.507206e-10,2.533601e-16,-1.762656e-19,-4.903875e-11
9728,9728.000000,3,4.654055e-12,2.483505e-10,3.378380e-16,9.710439e-20,-4.587684e-11
9729,9729.000000,3,6.373568e-12,2.463241e-10,3.378626e-16,-3.554561e-20,1.015546e-10
9730,9730.000000,3,5.925926e-12,2.445197e-10,3.378873e-16,-2.169198e-20,1.475668e-11
9731,9731.000000,3,4.796163e-12,2.429357e-10,3.379121e-16,3.821574e-21,-4.064690e-11
9732,9732.000000,3,5.350387e-12,2.415228e-10,3.379370e-16,1.519034e-20,-1.313599e-10
9733,9733.000000,3,4.661160e-12,2.402589e-10,3.379619e-16,5.371380e-20,6.901965e-11
9734,9734.000000,3,4.192202e-12,2.391198e-10,3.379869e-16,5.411085e-20,-1.455794e-10
9735,9735.000000,3,5.080381e-12,2.381062e-10,3.380119e-16,-5.193371e-20,-1.914697e-11
9736,9736.000000,3,4.170886e-12,2.371774e-10,3.380370e-16,-1.149351e-19,4.571628e-11
9737,9737.000000,3,6.373568e-12,2.363465e-10,3.380621e-16,8.786312e-20,-1.089074e-10
9738,9738.000000,3,6.387779e-12,2.355818e-10,3.380873e-16,1.725499e-20,-4.503763e-11
9739,9739.000000,3,3.694822e-12,2.349048e-10,3.381125e-16,2.527864e-20,-9.226439e-11
9740,9740.000000,3,3.836931e-12,2.342924e-10,4.226680e-16,-9.578421e-20,4.753943e-11
9741,9741.000000,3,5.563550e-12,2.337370e-10,3.381596e-16,6.560866e-20,-5.544672e-11
9742,9742.000000,3,6.991741e-12,2.332301e-10,3.381883e-16,-7.417163e-20,8.462949e-11
9743,9743.000000,3,2.970069e-12,2.327805e-10,3.382137e-16,5.899783e-20,-5.465256e-11
9744,9744.000000,3,5.421441e-12,2.323648e-10,3.382391e-16,1.094525e-19,2.687938e-11
9745,9745.000000,3,4.355627e-12,2.319891e-10,3.382645e-16,-1.468477e-19,-2.606289e-11
9746,9746.000000,3,3.133493e-12,2.316658e-10,3.382900e-16,-9.427543e-20,-8.131138e-11
9747,9747.000000,3,4.348522e-12,2.313671e-10,3.383155e-16,9.122148e-21,-2.135297e-11
9748,9748.000000,3,2.962963e-12,2.310985e-10,3.383410e-16,1.621605e-20,-6.272024e-11
9749,9749.000000,3,4.504841e-12,2.308584e-10,3.383666e-16,8.496799e-21,-2.090779e-10
9750,9750.000000,3,4.312994e-12,2.306582e-10,3.383921e-16,-6.945008e-21,5.457010e-12
9751,9751.000000,3,2.863487e-12,2.304770e-10,3.384177e-16,-7.817519e-20,2.040872e-11
9752,9752.000000,3,2.607692e-12,2.303213e-10,3.384398e-16,1.312703e-19,4.796736e-12
9753,9753.000000,3,3.268497e-12,2.301781e-10,3.384690e-16,-3.757385e-20,1.308033e-10
9754,9754.000000,3,2.508216e-12,2.300788e-10,3.384947e-16,2.370700e-20,2.577635e-11
9755,9755.000000,3,3.424816e-12,2.299743e-10,3.385204e-16,-6.303778e-20,1.062093e-10
9756,9756.000000,3,2.366107e-12,2.298999e-10,3.385461e-16,2.715138e-20,4.584839e-11
9757,9757.000000,3,2.451372e-12,2.298473e-10,3.385719e-16,-6.502301e-20,2.708352e-10
9758,9758.000000,3,3.808509e-12,2.298159e-10,3.385976e-16,-5.182121e-20,-1.005442e-10
9759,9759.000000,3,4.469314e-12,2.297826e-10,3.386234e-16,-6.275985e-20,-7.538722e-11
9760,9760.000000,3,3.637979e-12,2.297815e-10,3.386492e-16,-5.896143e-20,6.284241e-11
9761,9761.000000,3,3.588241e-12,2.297771e-10,3.386750e-16,-1.292387e-20,9.242349e-11
9762,9762.000000,3,4.007461e-12,2.298026e-10,3.387009e-16,-8.817745e-20,-6.533043e-11
9763,9763.000000,3,4.220624e-12,2.298330e-10,3.387268e-16,1.257976e-20,8.035587e-11
9764,9764.000000,3,3.510081e-12,2.298697e-10,3.387527e-16,-7.353305e-20,-1.416119e-10
9765,9765.000000,3,2.351896e-12,2.299152e-10,3.387786e-16,7.119378e-20,1.436974e-10
9766,9766.000000,3,3.375078e-12,2.299854e-10,3.388045e-16,-3.960210e-20,8.515110e-11
9767,9767.000000,3,3.382183e-12,2.300502e-10,3.388305e-16,7.130959e-20,-2.833032e-11
9768,9768.000000,3,2.799538e-12,2.301299e-10,3.388564e-16,6.294183e-20,-6.414558e-11
9769,9769.000000,3,2.458478e-12,2.302247e-10,3.388824e-16,-1.704885e-19,-6.315411e-11
9770,9770.000000,3,3.559819e-12,2.303215e-10,3.389084e-16,-9.247879e-21,-7.151955e-12
9771,9771.000000,3,2.657430e-12,2.304261e-10,3.389344e-16,-9.244571e-21,-1.118342e-10
9772,9772.000000,3,3.467449e-12,2.305496e-10,3.389604e-16,-3.213431e-20,1.538490e-12
9773,9773.000000,3,5.023537e-12,2.306635e-10,3.389865e-16,-6.013603e-20,-1.811712e-11
9774,9774.000000,3,4.718004e-12,2.307949e-10,3.390126e-16,1.230779e-19,2.359901e-11
9775,9775.000000,3,4.078515e-12,2.309217e-10,3.390386e-16,4.101823e-20,1.248574e-10
9776,9776.000000,3,3.417711e-12,2.310727e-10,3.390647e-16,5.905077e-20,1.959355e-10
9777,9777.000000,3,4.320100e-12,2.312293e-10,3.390909e-16,-1.016208e-19,1.378184e-10
9778,9778.000000,3,6.075140e-12,2.313791e-10,3.391170e-16,1.367164e-20,5.768088e-11
9779,9779.000000,3,4.241940e-12,2.315250e-10,3.391432e-16,3.255783e-20,-3.157524e-11
9780,9780.000000,3,3.275602e-12,2.316904e-10,3.391693e-16,2.140115e-19,2.876802e-12
9781,9781.000000,3,4.909850e-12,2.161276e-10,3.391917e-16,-2.934837e-21,1.632202e-10
9782,9782.000000,3,2.607692e-12,1.946168e-10,3.392218e-16,-6.794462e-20,-6.653362e-11
9783,9783.000000,3,3.488765e-12,1.823555e-10,3.392480e-16,-1.377256e-19,7.141398e-11
9784,9784.000000,3,3.481659e-12,1.714240e-10,4.240928e-16,-5.717142e-20,3.087774e-11
9785,9785.000000,3,2.586376e-12,1.624814e-10,3.393005e-16,-1.647181e-19,-1.223860e-10
9786,9786.000000,3,4.803269e-12,1.542790e-10,3.393268e-16,9.744188e-21,-4.124476e-11
9787,9787.000000,3,3.481659e-12,1.469849e-10,3.393492e-16,1.000525e-19,1.047704e-10
9788,9788.000000,3,2.508216e-12,1.401743e-10,3.393793e-16,1.756601e-20,1.089881e-10
9789,9789.000000,3,2.735590e-12,1.338858e-10,3.394056e-16,3.243210e-20,2.956174e-11
9790,9790.000000,3,4.789058e-12,1.279603e-10,3.394319e-16,1.186276e-19,-1.549557e-10
9791,9791.000000,3,2.764011e-12,1.223750e-10,3.394581e-16,-1.604763e-19,-1.348922e-10
9792,9792.000000,3,3.424816e-12,1.170759e-10,3.394844e-16,-2.433896e-20,-4.184126e-11
9793,9793.000000,3,5.250911e-12,1.120184e-10,3.395105e-16,-9.904992e-20,-5.660889e-11
9794,9794.000000,3,4.781953e-12,1.071889e-10,3.395367e-16,9.620441e-20,-1.030833e-10
9795,9795.000000,3,5.151435e-12,1.025515e-10,3.395628e-16,1.476352e-20,1.238631e-11
9796,9796.000000,3,5.584866e-12,9.808732e-11,3.395889e-16,-5.161607e-20,-4.774818e-11
9797,9797.000000,3,4.689582e-12,9.378764e-11,2.547112e-16,-7.014161e-20,-1.764094e-10
9798,9798.000000,3,3.510081e-12,8.963363e-11,3.396409e-16,6.110218e-20,-6.707103e-11
9799,9799.000000,3,5.144329e-12,8.559731e-11,3.396668e-16,-1.624285e-19,9.003411e-11
9800,9800.000000,3,3.332445e-12,8.170020e-11,3.396926e-16,-1.217676e-19,1.960573e-11
9801,9801.000000,3,5.229595e-12,7.790835e-11,3.397184e-16,2.488490e-20,-1.604991e-10
9802,9802.000000,3,7.176482e-12,7.422951e-11,3.397441e-16,-9.216446e-20,7.236523e-11
9803,9803.000000,3,8.533618e-12,7.064638e-11,4.247122e-16,-1.305258e-19,-1.635325e-11
9804,9804.000000,3,6.231460e-12,6.714274e-11,3.397953e-16,-1.505138e-20,1.651956e-12
9805,9805.000000,3,4.838796e-12,6.372591e-11,3.398208e-16,-6.915230e-22,-4.965065e-11
9806,9806.000000,3,4.696687e-12,6.040346e-11,3.398462e-16,1.121591e-19,4.549105e-11
9807,9807.000000,3,3.986145e-12,5.714207e-11,3.398716e-16,-5.241016e-20,-5.451195e-11
9808,9808.000000,3,6.302514e-12,5.396439e-11,3.398969e-16,1.549806e-19,1.999148e-10
9809,9809.000000,3,5.634604e-12,5.084599e-11,3.399221e-16,1.778637e-19,7.585410e-11
9810,9810.000000,3,3.133493e-12,4.780309e-11,3.399472e-16,-1.102963e-19,-5.574189e-11
9811,9811.000000,3,7.979395e-12,4.480771e-11,3.399723e-16,1.089662e-19,7.806956e-11
9812,9812.000000,3,2.685852e-12,4.187695e-11,3.399973e-16,1.505270e-19,9.471471e-11
9813,9813.000000,3,5.336176e-12,3.900036e-11,3.400222e-16,1.408325e-19,1.110816e-10
9814,9814.000000,3,5.051959e-12,3.617640e-11,3.400470e-16,-1.272932e-19,4.268384e-11
9815,9815.000000,3,3.034017e-12,3.340483e-11,3.400717e-16,5.117932e-20,-1.212208e-10
9816,9816.000000,3,5.300649e-12,3.067724e-11,3.400964e-16,-1.335070e-19,1.793057e-10
9817,9817.000000,3,3.375078e-12,2.799005e-11,3.401210e-16,-1.234153e-20,-7.539248e-11
9818,9818.000000,3,4.604317e-12,2.536327e-11,3.401455e-16,1.516718e-20,-2.346448e-11
9819,9819.000000,3,6.139089e-12,2.275735e-11,3.401699e-16,-5.216201e-20,-2.451588e-11
9820,9820.000000,3,2.714273e-12,2.021272e-11,4.252429e-16,-1.097900e-19,1.053860e-11
9821,9821.000000,3,3.119283e-12,1.770717e-11,3.402186e-16,4.801287e-20,-1.451331e-10
9822,9822.000000,3,5.620393e-12,1.522382e-11,3.402428e-16,8.398861e-20,7.640057e-11
9823,9823.000000,3,4.220624e-12,1.278111e-11,3.402669e-16,-1.206360e-19,-1.918883e-10
9824,9824.000000,3,3.375078e-12,1.037570e-11,3.402909e-16,-9.151265e-20,-8.080037e-12
9825,9825.000000,3,3.709033e-12,8.003598e-12,3.403149e-16,9.377250e-20,3.642309e-12
9826,9826.000000,3,3.602452e-12,5.670575e-12,3.403388e-16,1.051843e-19,-1.725865e-11
9827,9827.000000,3,4.014566e-12,3.364198e-12,3.403626e-16,5.899783e-20,2.459126e-11
9828,9828.000000,3,3.488765e-12,1.092015e-12,3.403863e-16,-1.221018e-19,5.277168e-11
9829,9829.000000,3,4.668266e-12,1.158185e-12,3.404099e-16,-1.642979e-19,1.053811e-10
9830,9830.000000,3,5.435652e-12,3.372636e-12,3.404335e-16,5.049110e-21,7.285522e-11
9831,9831.000000,3,2.316369e-12,5.555556e-12,3.404570e-16,1.097172e-20,-3.288088e-11
9832,9832.000000,3,3.474554e-12,7.723377e-12,3.404804e-16,-1.659457e-19,6.615042e-12
9833,9833.000000,3,3.495870e-12,9.861223e-12,3.405037e-16,-2.208572e-20,-8.753563e-11
9834,9834.000000,3,2.664535e-12,1.196510e-11,3.405270e-16,9.740879e-21,1.359589e-11
9835,9835.000000,3,3.915090e-12,1.406986e-11,3.405502e-16,1.818805e-20,-1.351699e-10
9836,9836.000000,3,2.010836e-12,1.612666e-11,3.405733e-16,-6.484434e-20,4.357120e-11
9837,9837.000000,3,2.884804e-12,1.816569e-11,3.405963e-16,-7.033020e-20,1.973957e-10
9838,9838.000000,3,2.302158e-12,2.017475e-11,3.406193e-16,-4.622947e-20,-8.197885e-11
9839,9839.000000,3,3.474554e-12,2.216893e-11,3.406422e-16,-6.555572e-20,-1.228712e-10
9840,9840.000000,3,2.842171e-12,2.414580e-11,3.406650e-16,5.698944e-20,-9.685051e-11
9841,9841.000000,3,2.820855e-12,1.048539e-11,3.406877e-16,9.571141e-20,7.010864e-12
9842,9842.000000,3,3.957723e-12,9.139356e-12,3.407103e-16,8.988145e-20,-1.186936e-10
9843,9843.000000,3,3.701928e-12,1.960299e-11,3.407329e-16,-2.110965e-21,-9.784693e-11
9844,9844.000000,3,4.909850e-12,2.876943e-11,3.407554e-16,4.475047e-20,-6.298255e-11
9845,9845.000000,3,7.851497e-12,3.597944e-11,3.407779e-16,3.834148e-20,2.500090e-10
9846,9846.000000,3,4.980905e-12,4.247003e-11,3.408003e-16,4.872094e-20,2.083185e-10
9847,9847.000000,3,8.917311e-12,4.809619e-11,3.408226e-16,-8.069643e-20,1.336856e-11
9848,9848.000000,3,9.784173e-12,5.325207e-11,3.408448e-16,-1.291957e-19,7.799159e-11
9849,9849.000000,3,9.940493e-12,5.790213e-11,3.408670e-16,1.970344e-20,1.251904e-10
9850,9850.000000,3,1.185896e-11,6.222756e-11,3.408892e-16,-7.422126e-20,-2.496080e-11
9851,9851.000000,3,1.102762e-11,6.620438e-11,3.409113e-16,-3.822898e-20,-5.353981e-12
9852,9852.000000,3,1.124789e-11,6.995160e-11,3.409334e-16,-1.599006e-19,4.187271e-11
9853,9853.000000,3,1.027445e-11,7.343881e-11,3.409555e-16,-4.142521e-21,-1.709591e-10
9854,9854.000000,3,1.089262e-11,7.673706e-11,3.409775e-16,1.278159e-20,5.121768e-11
9855,9855.000000,3,1.747935e-11,7.986678e-11,3.409996e-16,-3.341148e-20,1.232847e-10
9856,9856.000000,3,1.228528e-11,8.283152e-11,3.410216e-16,4.293067e-20,1.318420e-10
9857,9857.000000,3,1.105604e-11,8.565748e-11,3.410436e-16,-4.368506e-20,-1.041774e-10
9858,9858.000000,3,9.741541e-12,8.835221e-11,2.557993e-16,9.770657e-20,-9.184183e-11
9859,9859.000000,3,1.030287e-11,9.093104e-11,3.410877e-16,-3.786171e-20,4.113704e-11
9860,9860.000000,3,1.470113e-11,9.341283e-11,3.411081e-16,1.660317e-19,2.363054e-12
9861,9861.000000,3,1.300293e-11,9.579160e-11,3.411319e-16,1.179560e-20,-6.751026e-11
9862,9862.000000,3,1.283240e-11,9.807377e-11,3.411539e-16,-7.878730e-20,-3.861450e-11
9863,9863.000000,3,1.268319e-11,1.002682e-10,3.411743e-16,-3.524451e-20,-2.247175e-12
9864,9864.000000,3,1.249134e-11,1.024008e-10,3.411982e-16,1.875053e-20,5.473934e-11
9865,9865.000000,3,1.599432e-11,1.044589e-10,3.412203e-16,-8.790283e-20,5.455229e-11
9866,9866.000000,3,1.347189e-11,1.064393e-10,3.412424e-16,1.584713e-19,-3.776349e-11
9867,9867.000000,3,1.445954e-11,1.083749e-10,3.412646e-16,6.570130e-20,-1.701508e-10
9868,9868.000000,3,1.321609e-11,1.102438e-10,3.412868e-16,9.342178e-20,2.953466e-10
9869,9869.000000,3,1.266187e-11,1.120644e-10,3.413091e-16,3.744481e-20,-1.759863e-10
9870,9870.000000,3,1.562483e-11,1.138254e-10,3.413313e-16,-2.773702e-20,-9.816507e-11
9871,9871.000000,3,1.590905e-11,1.155442e-10,3.413518e-16,9.969181e-21,1.919520e-12
9872,9872.000000,3,1.575273e-11,1.172078e-10,3.413759e-16,-1.008168e-20,-7.318204e-11
9873,9873.000000,3,1.342926e-11,1.188434e-10,3.413983e-16,8.208279e-20,-9.928527e-11
9874,9874.000000,3,1.288214e-11,1.204241e-10,3.414207e-16,5.583138e-20,-1.117402e-10
9875,9875.000000,3,1.352163e-11,1.219762e-10,3.414431e-16,-6.524801e-21,-5.599562e-12
9876,9876.000000,3,1.420375e-11,1.234990e-10,3.414655e-16,-1.004694e-19,-1.144056e-10
9877,9877.000000,3,1.124079e-11,1.249634e-10,3.414880e-16,-1.963727e-20,-5.630553e-11
9878,9878.000000,3,1.342926e-11,1.264162e-10,3.415105e-16,2.067952e-20,1.805402e-11
9879,9879.000000,3,1.772804e-11,1.278200e-10,3.415330e-16,1.757593e-20,1.108151e-10
9880,9880.000000,3,1.543299e-11,1.291967e-10,3.415556e-16,4.362220e-20,6.355140e-11
9881,9881.000000,3,1.309530e-11,1.305580e-10,3.415782e-16,2.451432e-20,2.331618e-10
9882,9882.000000,3,1.231371e-11,1.318776e-10,3.416008e-16,7.990565e-20,-1.062285e-10
9883,9883.000000,3,1.368505e-11,1.331721e-10,3.416235e-16,1.268730e-19,4.089237e-11
9884,9884.000000,3,1.298162e-11,1.344607e-10,3.416462e-16,4.564383e-20,-1.365781e-10
9885,9885.000000,3,1.351452e-11,1.357046e-10,3.416689e-16,-3.022518e-20,-2.166509e-11
9886,9886.000000,3,1.273293e-11,1.369360e-10,3.416917e-16,2.794878e-20,5.352434e-11
9887,9887.000000,3,1.844569e-11,1.381402e-10,3.417145e-16,-4.032340e-20,1.020641e-10
9888,9888.000000,3,9.919177e-12,1.393223e-10,3.417373e-16,3.718011e-20,-3.041037e-11
9889,9889.000000,3,1.212186e-11,1.404876e-10,3.417602e-16,-1.031031e-19,-5.187781e-11
9890,9890.000000,3,1.537614e-11,1.416198e-10,3.417831e-16,1.022395e-21,-1.129700e-10
9891,9891.000000,3,1.099920e-11,1.427487e-10,3.418061e-16,-1.075798e-19,-1.259213e-10
9892,9892.000000,3,1.283240e-11,1.438558e-10,3.418290e-16,-7.281836e-20,-3.986964e-11
9893,9893.000000,3,1.395506e-11,1.449465e-10,3.418520e-16,-6.046359e-20,1.577431e-10
9894,9894.000000,3,1.401901e-11,1.460174e-10,3.418751e-16,4.049876e-20,3.822359e-11
9895,9895.000000,3,1.722356e-11,1.470699e-10,3.418982e-16,-2.149015e-20,1.490922e-10
9896,9896.000000,3,1.450928e-11,1.481004e-10,3.419213e-16,-4.440636e-20,-1.443655e-10
9897,9897.000000,3,1.232081e-11,1.491332e-10,3.419444e-16,-1.185681e-19,-1.481540e-10
9898,9898.000000,3,1.153921e-11,1.501432e-10,3.419676e-16,-6.782219e-20,-3.022313e-11
9899,9899.000000,3,1.562483e-11,1.511316e-10,3.419908e-16,1.134991e-19,-5.944564e-12
9900,9900.000000,3,1.208633e-11,1.521128e-10,3.420140e-16,-6.142312e-20,-8.415203e-11
9901,9901.000000,3,1.152500e-11,1.386582e-10,3.420373e-16,-3.960541e-20,-1.935755e-10
9902,9902.000000,3,1.347900e-11,1.196894e-10,3.420606e-16,5.171202e-20,1.144063e-10
9903,9903.000000,3,1.122658e-11,1.091807e-10,3.420840e-16,2.900095e-20,5.867781e-11
9904,9904.000000,3,1.080025e-11,9.986212e-11,3.421073e-16,-1.479661e-20,9.854072e-11
9905,9905.000000,3,9.130474e-12,9.239143e-11,3.421308e-16,1.058526e-19,3.959229e-11
9906,9906.000000,3,9.052314e-12,8.555445e-11,3.421542e-16,7.054858e-20,-4.492351e-11
9907,9907.000000,3,7.247536e-12,7.954237e-11,3.421776e-16,-3.156521e-20,2.430829e-11
9908,9908.000000,3,9.499956e-12,7.396950e-11,3.422011e-16,-6.250838e-20,4.420128e-11
9909,9909.000000,3,1.035261e-11,6.886314e-11,3.422246e-16,-7.408891e-20,-6.353373e-11
9910,9910.000000,3,9.144685e-12,6.407608e-11,3.422481e-16,-1.371135e-20,1.342579e-10
9911,9911.000000,3,9.706014e-12,5.959477e-11,3.422716e-16,5.275758e-20,5.061304e-11
9912,9912.000000,3,5.911716e-12,5.534417e-11,3.422951e-16,1.139127e-19,1.214694e-10
9913,9913.000000,3,8.427037e-12,5.133161e-11,3.423186e-16,3.028805e-20,1.513251e-10
9914,9914.000000,3,8.142820e-12,4.750378e-11,3.423420e-16,6.852364e-21,1.088449e-10
9915,9915.000000,3,6.806999e-12,4.384471e-11,3.423655e-16,-3.217071e-20,-1.562055e-11
9916,9916.000000,3,6.771472e-12,4.032796e-11,3.423889e-16,2.399287e-19,1.765522e-10
9917,9917.000000,3,7.176482e-12,3.694689e-11,3.424100e-16,-6.116835e-20,-5.398809e-11
9918,9918.000000,3,5.933032e-12,3.370104e-11,2.568267e-16,5.828315e-20,9.082807e-11
9919,9919.000000,3,6.949108e-12,3.056155e-11,3.424589e-16,1.682816e-20,1.155739e-10
9920,9920.000000,3,7.403855e-12,2.752687e-11,3.424822e-16,7.371834e-21,-8.655847e-11
9921,9921.000000,3,8.370193e-12,2.457656e-11,3.425054e-16,5.348219e-20,2.231833e-11
9922,9922.000000,3,6.579626e-12,2.172595e-11,3.425286e-16,-1.128969e-19,-3.851265e-11
9923,9923.000000,3,5.563550e-12,1.895795e-11,3.425517e-16,-4.084287e-20,-9.948511e-11
9924,9924.000000,3,4.320100e-12,1.625611e-11,3.425748e-16,1.800607e-20,8.463223e-11
9925,9925.000000,3,4.803269e-12,1.361955e-11,3.425978e-16,-1.332423e-20,-5.043753e-11
9926,9926.000000,3,8.164136e-12,1.106137e-11,3.426208e-16,-1.598444e-19,3.757172e-11
9927,9927.000000,3,6.984635e-12,8.559375e-12,3.426437e-16,-9.573458e-20,9.549664e-11
9928,9928.000000,3,3.559819e-12,6.121770e-12,3.426666e-16,1.568996e-20,4.370515e-11
9929,9929.000000,3,2.962963e-12,3.742562e-12,3.426894e-16,-1.875880e-19,1.063217e-10
9930,9930.000000,3,4.916956e-12,1.400435e-12,3.427122e-16,3.039062e-20,1.834261e-10
9931,9931.000000,3,3.119283e-12,1.056266e-12,3.427349e-16,-1.744689e-20,-1.974854e-11
9932,9932.000000,3,2.664535e-12,3.124612e-12,3.427576e-16,-9.034798e-20,1.141648e-10
9933,9933.000000,3,3.609557e-12,5.332179e-12,3.427802e-16,4.380418e-20,-7.524928e-11
9934,9934.000000,3,2.984279e-12,7.480683e-12,3.428027e-16,-2.596024e-20,3.165215e-11
9935,9935.000000,3,1.804779e-12,9.602097e-12,3.428252e-16,-6.366644e-20,5.242301e-11
9936,9936.000000,3,2.984279e-12,1.167488e-11,3.428476e-16,5.976545e-20,-2.026134e-10
9937,9937.000000,3,3.709033e-12,1.371836e-11,3.428700e-16,3.122772e-20,-3.040901e-13
9938,9938.000000,3,3.232969e-12,1.572853e-11,3.428923e-16,6.815968e-21,2.034151e-11
9939,9939.000000,3,3.780087e-12,1.771339e-11,3.429145e-16,3.952931e-20,2.051709e-10
9940,9940.000000,3,2.671641e-12,1.964406e-11,3.429367e-16,3.967158e-21,9.074819e-11
9941,9941.000000,3,2.678746e-12,2.156075e-11,3.429588e-16,2.081186e-20,-1.771357e-10
9942,9942.000000,3,3.041123e-12,2.343592e-11,3.429809e-16,5.442848e-20,-5.964751e-11
9943,9943.000000,3,2.785328e-12,2.529865e-11,3.430029e-16,-5.439540e-21,3.420134e-11
9944,9944.000000,3,4.945377e-12,2.713030e-11,3.430248e-16,1.192364e-19,-1.404145e-10
9945,9945.000000,3,3.105072e-12,2.893485e-11,3.430467e-16,-3.001011e-21,1.733561e-11
9946,9946.000000,3,4.035883e-12,3.070477e-11,3.430686e-16,-1.264892e-19,-2.906370e-12
9947,9947.000000,3,2.636114e-12,3.245604e-11,3.430903e-16,2.770724e-20,8.305187e-11
9948,9948.000000,3,3.126388e-12,3.418910e-11,3.431120e-16,-9.286260e-20,3.612263e-11
9949,9949.000000,3,4.142464e-12,3.590661e-11,3.431337e-16,4.155755e-20,-5.135631e-11
9950,9950.000000,3,6.359357e-12,3.758993e-11,3.431553e-16,3.580038e-21,-6.231879e-11
9951,9951.000000,3,3.993250e-12,3.924794e-11,3.431768e-16,-4.091235e-20,-5.894757e-11
9952,9952.000000,3,4.057199e-12,4.089840e-11,3.431983e-16,-1.977623e-19,2.472550e-12
9953,9953.000000,3,5.321965e-12,4.252954e-11,3.432197e-16,4.384719e-20,1.467512e-10
9954,9954.000000,3,7.119638e-12,4.413137e-11,3.432411e-16,7.633223e-21,-2.925760e-11
9955,9955.000000,3,7.190692e-12,4.572009e-11,3.432624e-16,-1.364848e-20,9.567436e-11
9956,9956.000000,3,6.799894e-12,4.729017e-11,3.432836e-16,9.037445e-20,1.753058e-10
9957,9957.000000,3,8.775203e-12,4.884138e-11,3.433048e-16,2.706535e-21,-1.111568e-10
9958,9958.000000,3,7.190692e-12,5.037992e-11,3.433259e-16,1.082085e-19,1.777973e-10
9959,9959.000000,3,7.695178e-12,5.189449e-11,3.433470e-16,-1.535247e-20,3.719114e-11
9960,9960.000000,3,9.769963e-12,5.340683e-11,3.433680e-16,-9.488754e-20,-2.188896e-11
9961,9961.000000,3,8.220979e-12,4.407408e-11,3.433890e-16,1.294041e-20,-3.401549e-10
9962,9962.000000,3,3.467449e-12,3.061951e-11,3.434099e-16,-2.680065e-20,3.798689e-11
9963,9963.000000,3,4.135359e-12,2.349321e-11,3.434307e-16,-9.750474e-20,3.157827e-11
9964,9964.000000,3,2.792433e-12,1.728151e-11,3.434515e-16,1.087875e-19,-8.073847e-12
9965,9965.000000,3,3.893774e-12,1.240386e-11,3.434713e-16,1.282130e-19,-1.332957e-10
9966,9966.000000,3,3.147704e-12,8.030243e-12,3.434929e-16,-6.084079e-20,-2.535133e-11
9967,9967.000000,3,3.467449e-12,4.992895e-12,3.435135e-16,1.180883e-19,-7.311282e-11
9968,9968.000000,3,3.055334e-12,4.260814e-12,3.435341e-16,1.080066e-19,1.324260e-10
9969,9969.000000,3,2.877698e-12,4.141576e-12,3.435547e-16,6.248522e-20,1.681441e-11
9970,9970.000000,3,4.860112e-12,5.160317e-12,3.435752e-16,4.996171e-21,-2.118478e-11
9971,9971.000000,3,3.844036e-12,7.792433e-12,3.435957e-16,6.528109e-20,7.689793e-11
9972,9972.000000,3,4.192202e-12,1.024847e-11,3.436161e-16,-2.000454e-20,-1.497380e-10
9973,9973.000000,3,4.149570e-12,1.255884e-11,3.436365e-16,-1.354690e-19,-4.868769e-11
9974,9974.000000,3,3.680611e-12,1.471978e-11,3.436570e-16,1.290733e-20,2.274828e-11
9975,9975.000000,3,6.323830e-12,1.676304e-11,3.436774e-16,-9.893080e-21,5.373146e-12
9976,9976.000000,3,6.508571e-12,1.868239e-11,3.436978e-16,3.227328e-20,9.151560e-11
9977,9977.000000,3,5.428547e-12,2.052514e-11,3.437181e-16,2.941123e-20,8.462939e-11
9978,9978.000000,3,6.764367e-12,2.226330e-11,3.437385e-16,-2.193352e-20,3.749914e-11
9979,9979.000000,3,7.531753e-12,2.393619e-11,3.437589e-16,3.528091e-20,1.104221e-10
9980,9980.000000,3,7.851497e-12,2.553113e-11,3.437793e-16,1.810533e-20,1.288764e-10
9981,9981.000000,3,7.759127e-12,2.705436e-11,3.437997e-16,-5.165247e-20,4.579515e-11
9982,9982.000000,3,9.684697e-12,2.851208e-11,3.438201e-16,-2.059448e-19,2.639727e-11
9983,9983.000000,3,8.895995e-12,2.991185e-11,3.438405e-16,-4.023406e-21,7.933412e-11
9984,9984.000000,3,1.006129e-11,3.127076e-11,3.438609e-16,-8.122914e-21,1.030842e-10
9985,9985.000000,3,8.206769e-12,3.257861e-11,3.438813e-16,-1.691485e-19,-4.921399e-11
9986,9986.000000,3,1.067235e-11,3.382805e-11,3.439017e-16,-9.230674e-20,2.201572e-11
9987,9987.000000,3,8.839152e-12,3.504308e-11,3.439221e-16,2.502387e-20,-4.734049e-11
9988,9988.000000,3,1.011102e-11,3.622058e-11,3.439426e-16,1.833032e-21,-1.083647e-10
9989,9989.000000,3,1.255529e-11,3.736211e-11,3.439631e-16,4.785736e-20,1.519456e-10
9990,9990.000000,3,1.239897e-11,3.845746e-11,3.439835e-16,2.158611e-20,1.557771e-10
9991,9991.000000,3,1.251266e-11,3.952305e-11,3.440040e-16,1.161428e-19,-4.164474e-12
9992,9992.000000,3,1.247003e-11,4.056111e-11,3.440245e-16,3.510885e-20,1.597068e-10
9993,9993.000000,3,1.351452e-11,4.157208e-11,2.580338e-16,-2.052070e-20,-4.644868e-12
9994,9994.000000,3,1.222844e-11,4.255840e-11,3.440656e-16,2.025600e-20,-4.334538e-11
9995,9995.000000,3,1.070788e-11,4.350409e-11,3.440861e-16,2.295261e-20,7.282711e-11
9996,9996.000000,3,1.246292e-11,4.442979e-11,3.441067e-16,2.020968e-20,2.447106e-10
9997,9997.000000,3,1.049472e-11,4.533951e-11,3.441272e-16,1.781085e-20,4.626538e-11
9998,9998.000000,3,1.234923e-11,4.621081e-11,3.441478e-16,-1.281071e-19,1.648240e-11
9999,9999.000000,3,1.000444e-11,4.707212e-11,3.441685e-16,6.917546e-20,-3.039208e-12
10000,10000.000000,3,9.848122e-12,4.791367e-11,3.441891e-16,-6.450685e-20,-2.176272e-10
10001,10001.000000,3,1.192291e-11,4.872502e-11,3.442097e-16,5.280721e-20,-1.770860e-10
10002,10002.000000,3,1.487876e-11,4.954015e-11,3.442304e-16,-1.265520e-19,1.243395e-10
10003,10003.000000,3,1.375611e-11,5.031309e-11,3.442502e-16,-7.775498e-21,-1.623447e-10
10004,10004.000000,3,1.330847e-11,5.107159e-11,3.442718e-16,5.068963e-20,-1.009007e-11
10005,10005.000000,3,1.332268e-11,5.182677e-11,3.442925e-16,5.035214e-20,1.509451e-10
10006,10006.000000,3,1.380585e-11,5.255330e-11,3.443132e-16,-6.285911e-20,-9.290774e-11
10007,10007.000000,3,1.244871e-11,5.326628e-11,3.443340e-16,4.945878e-20,-1.284970e-10
10008,10008.000000,3,1.192291e-11,5.396994e-11,3.443548e-16,1.768115e-19,-7.771703e-11
10009,10009.000000,3,1.254108e-11,5.465228e-11,3.443756e-16,7.801968e-20,-7.641210e-11
10010,10010.000000,3,1.181633e-11,5.533241e-11,4.304943e-16,-2.904397e-20,1.942108e-10
10011,10011.000000,3,1.366374e-11,5.599410e-11,3.444172e-16,-4.095206e-20,-5.113712e-11
10012,10012.000000,3,1.632117e-11,5.663914e-11,3.444380e-16,2.185080e-20,1.613921e-10
10013,10013.000000,3,1.418243e-11,5.727463e-11,3.444589e-16,8.426654e-20,-1.891223e-11
10014,10014.000000,3,1.391953e-11,5.789635e-11,3.444798e-16,-1.229124e-19,1.692233e-10
10015,10015.000000,3,1.410427e-11,5.851741e-11,3.445007e-16,1.132642e-19,7.859507e-11
10016,10016.000000,3,1.379163e-11,5.911804e-11,3.445216e-16,1.112392e-19,8.731571e-11
10017,10017.000000,3,1.359268e-11,5.970557e-11,3.445426e-16,-2.471285e-20,-1.198726e-10
10018,10018.000000,3,1.365663e-11,6.028911e-11,3.445635e-16,-1.872406e-19,1.946790e-11
10019,10019.000000,3,1.245581e-11,6.086132e-11,3.445845e-16,1.407762e-19,2.900483e-11
10020,10020.000000,3,1.200817e-11,6.141532e-11,3.446055e-16,1.107893e-19,9.215390e-11
10021,10021.000000,3,1.646328e-11,7.240697e-11,3.446265e-16,5.118925e-20,2.283376e-11
10022,10022.000000,3,1.953282e-11,8.732726e-11,3.446475e-16,-4.107779e-20,4.092507e-11
10023,10023.000000,3,1.983835e-11,9.607226e-11,3.446675e-16,-1.657240e-19,-4.821971e-11
10024,10024.000000,3,1.799805e-11,1.039451e-10,3.446896e-16,4.389351e-20,1.311193e-10
10025,10025.000000,3,2.002309e-11,1.104783e-10,3.447107e-16,1.464044e-19,3.999992e-11
10026,10026.000000,3,1.932676e-11,1.165297e-10,3.447318e-16,1.132311e-19,7.491741e-11
10027,10027.000000,3,2.221867e-11,1.219838e-10,2.585647e-16,-3.924807e-20,-1.093494e-10
10028,10028.000000,3,2.025757e-11,1.271045e-10,3.447741e-16,1.694165e-19,-1.242726e-10
10029,10029.000000,3,2.166445e-11,1.318670e-10,3.447953e-16,-2.881897e-20,1.847931e-10
10030,10030.000000,3,2.327738e-11,1.363949e-10,3.448165e-16,-8.165596e-20,3.689030e-11
10031,10031.000000,3,2.130207e-11,1.406812e-10,3.448377e-16,6.377563e-20,8.387090e-11
10032,10032.000000,3,2.094680e-11,1.447826e-10,3.448591e-16,-2.994394e-21,-1.122545e-10
10033,10033.000000,3,2.258105e-11,1.487122e-10,3.448804e-16,-3.048326e-20,-2.516194e-11
10034,10034.000000,3,2.390976e-11,1.524945e-10,3.449018e-16,1.502756e-19,1.212604e-11
10035,10035.000000,3,2.259526e-11,1.561369e-10,3.449233e-16,-1.269358e-19,-3.799056e-11
10036,10036.000000,3,2.274447e-11,1.596672e-10,3.449448e-16,-3.858301e-20,-1.615536e-10
10037,10037.000000,3,2.423661e-11,1.630802e-10,3.449664e-16,-1.432346e-20,-7.516505e-11
10038,10038.000000,3,2.273026e-11,1.664038e-10,3.449881e-16,-9.948005e-20,2.654497e-10
10039,10039.000000,3,2.384581e-11,1.696272e-10,3.450098e-16,-8.679772e-20,-2.190581e-10
10040,10040.000000,3,2.049916e-11,1.727691e-10,3.450316e-16,4.898233e-20,-3.283929e-12
10041,10041.000000,3,2.405898e-11,1.758305e-10,3.450535e-16,-1.319552e-19,-2.403272e-11
10042,10042.000000,3,2.317790e-11,1.788198e-10,3.450754e-16,-1.606716e-20,2.395142e-11
10043,10043.000000,3,2.167155e-11,1.817413e-10,3.450974e-16,-3.152551e-20,-2.469768e-10
10044,10044.000000,3,2.226841e-11,1.845970e-10,4.313993e-16,2.738960e-20,5.660722e-12
10045,10045.000000,3,2.454215e-11,1.874001e-10,3.451416e-16,5.782323e-20,4.995042e-11
10046,10046.000000,3,2.179945e-11,1.901441e-10,3.451639e-16,4.013480e-21,-1.688634e-11
10047,10047.000000,3,1.923439e-11,1.928229e-10,3.451862e-16,-9.053988e-20,-9.620095e-11
10048,10048.000000,3,2.317080e-11,1.954596e-10,3.452086e-16,-1.061273e-19,-1.366717e-10
10049,10049.000000,3,2.096101e-11,1.980494e-10,3.452310e-16,7.007874e-21,-1.055175e-11
10050,10050.000000,3,2.071232e-11,2.006018e-10,3.452536e-16,-2.495108e-20,1.254219e-10
10051,10051.000000,3,1.956835e-11,2.030938e-10,3.452762e-16,-1.024579e-19,3.830899e-11
10052,10052.000000,3,1.802647e-11,2.055494e-10,3.452989e-16,-1.162685e-19,3.363419e-11
10053,10053.000000,3,2.151523e-11,2.079674e-10,3.453217e-16,-8.773739e-20,-1.982280e-10
10054,10054.000000,3,1.940492e-11,2.103566e-10,3.453445e-16,4.533612e-20,-5.240085e-11
10055,10055.000000,3,2.015810e-11,2.126976e-10,3.453674e-16,3.087038e-21,1.525673e-10
10056,10056.000000,3,2.103206e-11,2.150111e-10,3.453905e-16,1.958102e-20,1.186593e-10
10057,10057.000000,3,1.970335e-11,2.172837e-10,3.454136e-16,-9.271040e-21,6.912720e-12
10058,10058.000000,3,1.574563e-11,2.195326e-10,3.454367e-16,2.037180e-20,-2.786714e-11
10059,10059.000000,3,1.831069e-11,2.217557e-10,3.454600e-16,-8.768114e-22,1.900738e-10
10060,10060.000000,3,1.798384e-11,2.239355e-10,3.454833e-16,-1.254006e-21,-8.445790e-11
10061,10061.000000,3,1.638512e-11,2.260969e-10,3.455067e-16,-3.168763e-20,-1.103305e-10
10062,10062.000000,3,1.548983e-11,2.282163e-10,3.455302e-16,2.971233e-20,-2.230975e-10
10063,10063.000000,3,1.857359e-11,2.303207e-10,3.455538e-16,-1.287755e-20,4.181879e-11
10064,10064.000000,3,1.342215e-11,2.324030e-10,3.455774e-16,1.447235e-20,1.023678e-10
10065,10065.000000,3,1.346478e-11,2.344527e-10,3.456011e-16,8.688705e-21,1.406922e-11
10066,10066.000000,3,1.294609e-11,2.364815e-10,3.456249e-16,-4.006863e-21,-5.862948e-11
10067,10067.000000,3,1.447376e-11,2.384859e-10,2.815281e-16,-7.205074e-20,5.389959e-11
10068,10068.000000,3,1.415401e-11,2.404748e-10,3.456727e-16,7.617010e-20,-7.481071e-12
10069,10069.000000,3,9.627854e-12,2.424283e-10,4.321209e-16,4.582581e-20,-8.891303e-11
10070,10070.000000,3,1.247003e-11,2.443672e-10,3.457208e-16,-7.573335e-20,2.820689e-10
10071,10071.000000,3,1.011102e-11,2.462968e-10,3.457450e-16,7.117062e-21,-1.611394e-10
10072,10072.000000,3,1.309530e-11,2.481930e-10,3.457692e-16,3.119794e-20,9.882216e-11
10073,10073.000000,3,1.283240e-11,2.500660e-10,3.457936e-16,-8.677786e-20,-5.088824e-11
10074,10074.000000,3,9.030998e-12,2.519316e-10,3.458180e-16,8.908404e-20,-3.126492e-12
10075,10075.000000,3,7.240430e-12,2.537712e-10,3.458424e-16,-2.258534e-20,-3.319256e-11
10076,10076.000000,3,7.524648e-12,2.556040e-10,3.458670e-16,-7.686824e-20,-1.330384e-10
10077,10077.000000,3,6.686207e-12,2.574070e-10,3.458916e-16,-4.176931e-20,1.598947e-10
10078,10078.000000,3,6.409095e-12,2.592027e-10,3.459163e-16,-1.288251e-19,-1.952578e-10
10079,10079.000000,3,5.201173e-12,2.609770e-10,3.459411e-16,-3.580699e-20,-2.435723e-10
10080,10080.000000,3,5.861978e-12,2.627367e-10,3.459659e-16,1.443265e-20,3.905335e-11
10081,10081.000000,3,6.188827e-12,2.392717e-10,3.459908e-16,-1.332423e-20,-6.747092e-11
10082,10082.000000,3,9.400480e-12,2.062750e-10,3.460158e-16,-1.550467e-19,1.298266e-10
10083,10083.000000,3,9.848122e-12,1.881038e-10,3.460409e-16,3.053620e-20,-1.355763e-12
10084,10084.000000,3,9.819701e-12,1.720035e-10,3.460660e-16,-6.805049e-20,-9.804932e-11
10085,10085.000000,3,9.890755e-12,1.590907e-10,3.460913e-16,5.557661e-20,1.464174e-10
10086,10086.000000,3,8.974155e-12,1.473348e-10,3.461165e-16,1.308898e-19,1.185311e-10
10087,10087.000000,3,1.097789e-11,1.370131e-10,3.461419e-16,-1.910787e-20,9.589043e-11
10088,10088.000000,3,1.141842e-11,1.274369e-10,3.461672e-16,-3.070825e-20,9.486591e-11
10089,10089.000000,3,8.142820e-12,1.186891e-10,3.461926e-16,-6.176061e-20,6.438154e-11
10090,10090.000000,3,1.036682e-11,1.104974e-10,3.462181e-16,1.341687e-20,-9.859428e-11
10091,10091.000000,3,1.253397e-11,1.028508e-10,3.462435e-16,8.781019e-20,-1.657005e-11
10092,10092.000000,3,1.035261e-11,9.561174e-11,3.462690e-16,9.185344e-20,-1.367866e-11
10093,10093.000000,3,9.947598e-12,8.876966e-11,3.462944e-16,-6.147606e-21,1.893029e-10
10094,10094.000000,3,6.927792e-12,8.226797e-11,3.463199e-16,8.825355e-20,1.075007e-10
10095,10095.000000,3,8.164136e-12,7.605183e-11,3.463453e-16,-6.706780e-20,-7.996936e-13
10096,10096.000000,3,7.219114e-12,7.010792e-11,3.463706e-16,1.431717e-19,-3.173950e-11
10097,10097.000000,3,7.112533e-12,6.440182e-11,3.463960e-16,-1.826415e-20,6.804801e-11
10098,10098.000000,3,4.050094e-12,5.891865e-11,3.464212e-16,7.895935e-20,2.840769e-12
10099,10099.000000,3,9.549694e-12,5.362089e-11,3.464465e-16,4.743715e-20,-1.026903e-10
10100,10100.000000,3,6.174616e-12,4.852074e-11,3.464716e-16,-1.569559e-19,6.572665e-11
10101,10101.000000,3,4.419576e-12,4.357870e-11,3.464967e-16,-5.933863e-20,-2.270474e-10
10102,10102.000000,3,8.746781e-12,3.879452e-11,3.465218e-16,-4.794339e-20,2.090705e-10
10103,10103.000000,3,5.556444e-12,3.414291e-11,3.465468e-16,-5.971251e-20,3.936027e-11
10104,10104.000000,3,4.916956e-12,2.964784e-11,3.465717e-16,-4.551148e-20,-4.298877e-11
10105,10105.000000,3,5.812240e-12,2.525602e-11,3.465965e-16,8.745946e-20,5.205993e-11
10106,10106.000000,3,4.099832e-12,2.098433e-11,3.466212e-16,1.757362e-19,-2.297547e-10
10107,10107.000000,3,5.066170e-12,1.682743e-11,3.466459e-16,2.136442e-20,-5.042602e-11
10108,10108.000000,3,5.272227e-12,1.278622e-11,3.466705e-16,6.048014e-20,1.546761e-10
10109,10109.000000,3,5.123013e-12,8.824275e-12,3.466923e-16,-1.993836e-20,-2.127837e-11
10110,10110.000000,3,2.117417e-12,4.956924e-12,3.467194e-16,1.511590e-19,-1.549468e-10
10111,10111.000000,3,2.316369e-12,1.180833e-12,3.467437e-16,-1.756568e-19,-8.979578e-11
10112,10112.000000,3,2.735590e-12,2.515543e-12,3.467680e-16,-9.297510e-21,3.178581e-11
10113,10113.000000,3,3.169021e-12,6.135537e-12,3.467921e-16,4.512436e-20,2.263911e-11
10114,10114.000000,3,4.035883e-12,9.679813e-12,3.468162e-16,1.466889e-19,2.613967e-10
10115,10115.000000,3,5.726974e-12,1.315681e-11,3.468402e-16,-1.859204e-19,1.037111e-10
10116,10116.000000,3,2.437162e-12,1.655676e-11,3.468641e-16,1.767189e-19,1.031840e-10
10117,10117.000000,3,2.195577e-12,1.990230e-11,4.336098e-16,2.085587e-19,5.443837e-11
10118,10118.000000,3,2.543743e-12,2.318390e-11,3.469116e-16,-6.450024e-20,4.658204e-12
10119,10119.000000,3,3.034017e-12,2.641309e-11,3.469352e-16,7.918435e-20,-1.333118e-11
10120,10120.000000,3,3.204548e-12,2.958012e-11,3.469587e-16,-3.702460e-20,2.607649e-11
10121,10121.000000,3,3.986145e-12,3.269318e-11,3.469822e-16,-6.243559e-21,-2.889963e-11
10122,10122.000000,3,7.155165e-12,3.575518e-11,3.470055e-16,-1.119539e-19,-7.096268e-11
10123,10123.000000,3,4.760636e-12,3.875433e-11,3.470287e-16,-6.644246e-20,-1.893402e-11
10124,10124.000000,3,6.828316e-12,4.173284e-11,3.470519e-16,-1.969021e-20,2.264686e-10
10125,10125.000000,3,5.613288e-12,4.464051e-11,3.470750e-16,3.350412e-20,6.243275e-11
10126,10126.000000,3,4.895639e-12,4.751843e-11,3.470979e-16,8.569260e-20,-1.754732e-11
10127,10127.000000,3,6.522782e-12,5.034972e-11,3.471208e-16,-5.680746e-20,7.225565e-11
10128,10128.000000,3,8.157031e-12,5.313439e-11,3.471418e-16,-1.139888e-19,-2.686492e-10
10129,10129.000000,3,7.837286e-12,5.588841e-11,3.471663e-16,1.825753e-20,-5.003831e-12
10130,10130.000000,3,9.961809e-12,5.859091e-11,3.471889e-16,-1.962900e-19,-9.580420e-12
10131,10131.000000,3,6.600942e-12,6.127299e-11,3.472114e-16,1.361109e-19,-5.578088e-11
10132,10132.000000,3,6.281198e-12,6.389933e-11,3.472338e-16,2.092039e-19,2.396477e-10
10133,10133.000000,3,1.142553e-11,6.650902e-11,3.472561e-16,1.021733e-19,-1.179234e-11
10134,10134.000000,3,1.367084e-11,6.908252e-11,3.472784e-16,9.396772e-21,1.182988e-10
10135,10135.000000,3,1.038813e-11,7.161383e-11,3.473005e-16,1.144156e-20,-5.220546e-11
10136,10136.000000,3,1.224976e-11,7.412582e-11,3.473226e-16,-1.066798e-19,-1.036532e-11
10137,10137.000000,3,1.357847e-11,7.659895e-11,3.473445e-16,5.381968e-20,1.014375e-11
10138,10138.000000,3,1.233502e-11,7.903900e-11,3.473664e-16,-1.745682e-19,1.751821e-12
10139,10139.000000,3,1.497824e-11,8.146461e-11,3.473882e-16,9.790841e-20,7.342144e-11
10140,10140.000000,3,1.597300e-11,8.384804e-11,3.474099e-16,4.424093e-20,3.907821e-11
10141,10141.000000,3,1.047340e-11,5.707834e-11,3.474315e-16,-1.120730e-19,-3.330478e-11
10142,10142.000000,3,5.584866e-12,1.927125e-11,3.474530e-16,8.443860e-21,1.824858e-10
10143,10143.000000,3,2.984279e-12,6.942891e-12,3.474744e-16,9.276996e-20,1.929918e-10
10144,10144.000000,3,6.160406e-12,1.971889e-11,2.606218e-16,-2.458381e-21,-1.342242e-10
10145,10145.000000,3,6.984635e-12,3.432277e-11,3.475170e-16,-6.548623e-20,4.953188e-11
10146,10146.000000,3,9.350742e-12,4.762746e-11,3.475382e-16,1.454481e-19,-3.838277e-11
10147,10147.000000,3,1.375611e-11,5.926437e-11,3.475593e-16,-1.318625e-19,4.066508e-11
10148,10148.000000,3,1.261924e-11,7.004486e-11,3.475804e-16,-2.153978e-20,-1.360157e-10
10149,10149.000000,3,1.630696e-11,7.985546e-11,3.476014e-16,5.323073e-20,-3.459286e-11
10150,10150.000000,3,1.876543e-11,8.906542e-11,3.476223e-16,1.045656e-19,4.939091e-11
10151,10151.000000,3,1.958966e-11,9.762391e-11,3.476433e-16,1.723844e-21,1.760744e-10
10152,10152.000000,3,1.900702e-11,1.057106e-10,3.476642e-16,-1.367925e-19,-4.967007e-11
10153,10153.000000,3,2.093259e-11,1.133578e-10,3.476852e-16,-9.654852e-21,4.275608e-11
10154,10154.000000,3,1.932676e-11,1.206173e-10,3.477062e-16,-2.362759e-20,-2.327396e-10
10155,10155.000000,3,2.319922e-11,1.275431e-10,3.477272e-16,7.786747e-20,-1.712180e-10
10156,10156.000000,3,2.025047e-11,1.341718e-10,3.477482e-16,8.631795e-20,3.870466e-11
10157,10157.000000,3,2.425793e-11,1.405276e-10,3.477693e-16,1.234484e-20,-2.872624e-11
10158,10158.000000,3,2.391687e-11,1.466198e-10,3.477894e-16,-3.476144e-20,5.276130e-11
10159,10159.000000,3,2.405187e-11,1.525091e-10,3.478116e-16,-1.952146e-21,4.721432e-11
10160,10160.000000,3,2.477663e-11,1.581759e-10,3.478329e-16,-9.305120e-20,7.701656e-11
10161,10161.000000,3,2.360423e-11,1.636666e-10,3.478542e-16,-2.807120e-20,-9.900640e-11
10162,10162.000000,3,2.445688e-11,1.689797e-10,3.478745e-16,7.886009e-20,-7.521672e-11
10163,10163.000000,3,2.316369e-11,1.741349e-10,3.478971e-16,-3.120787e-20,-8.458971e-11
10164,10164.000000,3,2.772538e-11,1.791314e-10,3.479187e-16,7.446942e-20,-2.242234e-11
10165,10165.000000,3,2.319211e-11,1.839893e-10,3.479403e-16,-4.555449e-20,1.001716e-10
10166,10166.000000,3,1.919176e-11,1.887304e-10,3.479620e-16,2.992078e-20,-1.048120e-10
10167,10167.000000,3,2.581402e-11,1.933436e-10,3.479839e-16,1.558408e-21,-3.659087e-11
10168,10168.000000,3,2.318501e-11,1.978198e-10,3.480058e-16,1.140318e-19,-6.291541e-11
10169,10169.000000,3,2.101075e-11,2.022247e-10,3.480278e-16,-1.095518e-19,1.576192e-10
10170,10170.000000,3,2.235367e-11,2.065028e-10,3.480499e-16,7.695758e-20,-4.607763e-11
10171,10171.000000,3,2.202682e-11,2.106963e-10,3.480721e-16,-9.453020e-21,-8.764707e-11
10172,10172.000000,3,1.815437e-11,2.147866e-10,3.480944e-16,4.962422e-20,-2.079326e-10
10173,10173.000000,3,2.153655e-11,2.187974e-10,3.481168e-16,-6.803726e-20,5.313767e-11
10174,10174.000000,3,2.238210e-11,2.227285e-10,3.481393e-16,8.577532e-20,1.671544e-10
10175,10175.000000,3,1.922018e-11,2.265745e-10,3.481619e-16,-5.634754e-21,2.767120e-12
10176,10176.000000,3,1.850253e-11,2.303542e-10,3.481846e-16,-1.292619e-19,-4.506957e-11
10177,10177.000000,3,1.577405e-11,2.340563e-10,3.482074e-16,7.222941e-20,6.594725e-14
10178,10178.000000,3,1.818279e-11,2.377054e-10,3.482303e-16,3.720658e-20,1.736353e-11
10179,10179.000000,3,1.546852e-11,2.412752e-10,3.482514e-16,2.958990e-20,-5.901954e-11
10180,10180.000000,3,1.641354e-11,2.447853e-10,3.482764e-16,-8.178500e-20,4.236930e-11
10181,10181.000000,3,1.601563e-11,2.482496e-10,3.482997e-16,2.361766e-20,1.849285e-13
10182,10182.000000,3,1.622169e-11,2.516307e-10,4.354038e-16,-4.425747e-20,-1.100099e-10
10183,10183.000000,3,1.462297e-11,2.549818e-10,3.483464e-16,-1.864366e-19,-9.511080e-11
10184,10184.000000,3,1.283951e-11,2.582754e-10,3.483700e-16,1.731785e-20,2.218725e-11
10185,10185.000000,3,1.340794e-11,2.615197e-10,3.483936e-16,2.011075e-19,-8.336232e-11
10186,10186.000000,3,1.431033e-11,2.647031e-10,3.484151e-16,5.190393e-20,-1.415895e-10
10187,10187.000000,3,1.128342e-11,2.678497e-10,3.484412e-16,-1.239249e-19,-1.367522e-10
10188,10188.000000,3,1.133316e-11,2.709488e-10,3.484652e-16,3.364309e-20,-1.435994e-11
10189,10189.000000,3,1.054445e-11,2.740139e-10,3.484892e-16,2.865685e-20,-1.778096e-11
10190,10190.000000,3,8.533618e-12,2.770295e-10,3.485134e-16,-7.499219e-20,-9.066729e-11
10191,10191.000000,3,9.499956e-12,2.800080e-10,3.485351e-16,-4.082964e-21,-5.761065e-12
10192,10192.000000,3,9.457324e-12,2.829472e-10,3.485620e-16,-7.843657e-20,-1.078605e-10
10193,10193.000000,3,8.625989e-12,2.858407e-10,3.485865e-16,-5.525566e-20,1.617955e-10
10194,10194.000000,3,7.553069e-12,2.886940e-10,3.486110e-16,-2.631427e-20,1.934019e-10
10195,10195.000000,3,6.060930e-12,2.915264e-10,3.486357e-16,1.125660e-19,-6.088681e-11
10196,10196.000000,3,4.796163e-12,2.943288e-10,3.486605e-16,-1.351944e-20,1.533774e-10
10197,10197.000000,3,6.025402e-12,2.970764e-10,4.358567e-16,-1.015778e-20,-1.966996e-12
10198,10198.000000,3,4.369838e-12,2.998062e-10,3.487104e-16,1.850568e-20,-1.435029e-12
10199,10199.000000,3,4.831691e-12,3.025076e-10,3.487355e-16,-2.944101e-20,3.261828e-11
10200,10200.000000,3,7.908341e-12,3.051790e-10,3.487606e-16,-1.176052e-19,-1.754848e-10
10201,10201.000000,3,4.533263e-12,2.878044e-10,3.487829e-16,-1.255627e-19,3.527022e-11
10202,10202.000000,3,3.190337e-12,2.628437e-10,3.488113e-16,1.309261e-19,8.557222e-11
10203,10203.000000,3,3.687717e-12,2.496243e-10,3.488368e-16,-3.957232e-21,4.409269e-11
10204,10204.000000,3,4.163780e-12,2.380580e-10,3.488624e-16,-1.586532e-20,-8.572264e-11
10205,10205.000000,3,5.123013e-12,2.289868e-10,3.488881e-16,-2.212212e-20,-7.714477e-11
10206,10206.000000,3,2.778222e-12,2.208207e-10,3.489139e-16,3.094317e-20,-1.916642e-10
10207,10207.000000,3,3.275602e-12,2.137759e-10,3.489398e-16,9.380890e-20,-1.881117e-10
10208,10208.000000,3,3.652190e-12,2.073119e-10,4.362029e-16,4.156086e-20,-1.344720e-10
10209,10209.000000,3,7.091217e-12,2.015150e-10,3.489917e-16,-1.082283e-20,4.557060e-11
10210,10210.000000,3,6.473044e-12,1.961127e-10,4.362723e-16,5.755854e-20,-8.589769e-11
10211,10211.000000,3,4.973799e-12,1.911531e-10,3.490440e-16,-5.243663e-20,-1.314320e-11
10212,10212.000000,3,4.185097e-12,1.864908e-10,3.490702e-16,-8.893184e-20,-8.789772e-11
10213,10213.000000,3,4.192202e-12,1.821421e-10,3.490964e-16,-1.089231e-19,-4.330476e-11
10214,10214.000000,3,3.637979e-12,1.780434e-10,3.491226e-16,1.320048e-19,2.212938e-11
10215,10215.000000,3,5.449863e-12,1.741611e-10,3.491489e-16,1.409913e-19,1.575589e-10
10216,10216.000000,3,5.648815e-12,1.704841e-10,3.491752e-16,6.240581e-20,-1.742054e-11
10217,10217.000000,3,7.602807e-12,1.669871e-10,3.492015e-16,5.389247e-20,9.828971e-11
10218,10218.000000,3,7.830181e-12,1.636549e-10,3.492277e-16,1.531972e-19,1.145494e-10
10219,10219.000000,3,7.148060e-12,1.604632e-10,3.492540e-16,-4.271561e-20,-5.927551e-11
10220,10220.000000,3,6.245671e-12,1.574167e-10,3.492803e-16,3.009283e-20,1.952895e-10
10221,10221.000000,3,6.416201e-12,1.544835e-10,3.493065e-16,1.194614e-19,-5.828026e-11
10222,10222.000000,3,7.077006e-12,1.516562e-10,2.619996e-16,-2.731020e-20,4.812767e-11
10223,10223.000000,3,9.087842e-12,1.489502e-10,3.493590e-16,-1.491241e-20,6.062938e-11
10224,10224.000000,3,8.853362e-12,1.463378e-10,3.493853e-16,-8.334672e-21,-3.305246e-11
10225,10225.000000,3,8.263612e-12,1.438072e-10,3.494114e-16,-1.299203e-19,-1.443452e-10
10226,10226.000000,3,7.560175e-12,1.413636e-10,3.494376e-16,3.237585e-20,8.012926e-11
10227,10227.000000,3,4.497736e-12,1.390028e-10,3.494638e-16,-1.029013e-21,6.905809e-11
10228,10228.000000,3,6.657785e-12,1.367078e-10,3.494899e-16,-8.660581e-20,1.050892e-10
10229,10229.000000,3,8.526513e-12,1.344802e-10,3.495160e-16,-5.244325e-20,-2.395164e-10
10230,10230.000000,3,4.916956e-12,1.323248e-10,3.495421e-16,9.727644e-22,-1.528403e-11
10231,10231.000000,3,6.423306e-12,1.302221e-10,3.495647e-16,-5.509023e-20,-4.515230e-10
10232,10232.000000,3,6.195933e-12,1.281939e-10,3.495941e-16,-1.695323e-19,1.540215e-11
10233,10233.000000,3,6.870948e-12,1.261908e-10,3.496201e-16,-1.499513e-20,-7.282382e-11
10234,10234.000000,3,8.846257e-12,1.242637e-10,2.622345e-16,-6.610497e-20,-1.648744e-10
10235,10235.000000,3,8.071765e-12,1.223728e-10,3.496720e-16,-1.466095e-20,-6.809073e-11
10236,10236.000000,3,9.222845e-12,1.205331e-10,3.496979e-16,-1.185515e-19,-6.100682e-11
10237,10237.000000,3,6.345147e-12,1.187332e-10,3.497237e-16,-7.720904e-20,-2.012542e-10
10238,10238.000000,3,7.787548e-12,1.169818e-10,3.497495e-16,1.425960e-19,-1.058599e-10
10239,10239.000000,3,1.113420e-11,1.152540e-10,3.497753e-16,-9.804075e-20,4.231016e-11
10240,10240.000000,3,1.099920e-11,1.135936e-10,3.498010e-16,-1.856193e-20,1.338584e-10
10241,10241.000000,3,9.954704e-12,1.119485e-10,3.498267e-16,3.121449e-20,-1.039484e-10
10242,10242.000000,3,1.041656e-11,1.103455e-10,3.498524e-16,1.083309e-19,-5.396849e-11
10243,10243.000000,3,1.313083e-11,1.087734e-10,3.498780e-16,1.263601e-20,1.127299e-10
10244,10244.000000,3,8.718359e-12,1.072324e-10,3.499036e-16,-1.337716e-20,2.463248e-11
10245,10245.000000,3,1.075051e-11,1.057119e-10,4.374075e-16,6.127423e-20,8.936143e-11
10246,10246.000000,3,1.092104e-11,1.042286e-10,3.499547e-16,8.923955e-20,1.760416e-10
10247,10247.000000,3,7.240430e-12,1.027802e-10,3.499802e-16,-7.548519e-20,2.827238e-12
10248,10248.000000,3,8.803624e-12,1.013527e-10,3.500056e-16,9.337215e-21,-1.223280e-11
10249,10249.000000,3,8.988366e-12,9.995405e-11,3.500310e-16,-4.611697e-20,-1.124704e-10
10250,10250.000000,3,1.159606e-11,9.856693e-11,3.500564e-16,7.665979e-20,-7.219644e-11
10251,10251.000000,3,1.048761e-11,9.722800e-11,3.500817e-16,-9.768341e-20,2.543037e-11
10252,10252.000000,3,7.716494e-12,9.588863e-11,3.501070e-16,-1.863340e-19,8.284227e-12
10253,10253.000000,3,1.060130e-11,9.459455e-11,3.501322e-16,1.697044e-20,-6.428271e-11
10254,10254.000000,3,9.002576e-12,9.329693e-11,3.501575e-16,1.001219e-20,9.525027e-11
10255,10255.000000,3,9.421797e-12,9.203927e-11,3.501826e-16,-2.889507e-20,1.776099e-10
10256,10256.000000,3,1.116973e-11,9.080092e-11,4.377561e-16,-1.561088e-19,7.778139e-11
10257,10257.000000,3,9.997336e-12,8.956214e-11,3.502329e-16,8.492829e-20,-6.029514e-11
10258,10258.000000,3,5.030643e-12,8.836909e-11,3.502579e-16,8.834289e-22,9.985061e-11
10259,10259.000000,3,6.465939e-12,8.717538e-11,3.502830e-16,-1.045391e-19,-6.352890e-12
10260,10260.000000,3,9.372059e-12,8.600454e-11,3.503080e-16,-5.110322e-20,3.097742e-11
10261,10261.000000,3,1.022471e-11,9.580292e-11,3.503329e-16,5.687363e-20,1.266712e-10
10262,10262.000000,3,1.125500e-11,1.097449e-10,3.503578e-16,-4.262958e-20,4.312395e-11
10263,10263.000000,3,1.151790e-11,1.172418e-10,3.503827e-16,8.596061e-21,-5.909759e-12
10264,10264.000000,3,1.180922e-11,1.238425e-10,3.504076e-16,1.261748e-19,1.436434e-10
10265,10265.000000,3,1.245581e-11,1.290621e-10,4.380404e-16,-3.577060e-20,1.285741e-10
10266,10266.000000,3,1.196554e-11,1.338027e-10,3.504571e-16,7.014492e-20,-9.312637e-11
10267,10267.000000,3,1.078604e-11,1.379146e-10,3.504819e-16,-4.533612e-20,1.914797e-10
10268,10268.000000,3,1.159606e-11,1.417355e-10,3.505066e-16,3.651837e-20,-5.961034e-11
10269,10269.000000,3,1.131184e-11,1.451892e-10,3.505313e-16,9.342178e-20,1.774810e-10
10270,10270.000000,3,9.293899e-12,1.484035e-10,3.505560e-16,-7.975014e-20,-1.466431e-10
10271,10271.000000,3,1.030287e-11,1.514056e-10,3.505807e-16,-1.324647e-19,-5.142572e-11
10272,10272.000000,3,1.257661e-11,1.542280e-10,3.506053e-16,-9.156889e-20,3.038670e-10
10273,10273.000000,3,1.330136e-11,1.568721e-10,3.506300e-16,6.663767e-21,-2.232178e-10
10274,10274.000000,3,9.293899e-12,1.593909e-10,3.506547e-16,9.690255e-20,-2.174183e-10
10275,10275.000000,3,1.158895e-11,1.617906e-10,3.506793e-16,-7.634546e-20,-2.240364e-10
10276,10276.000000,3,1.197265e-11,1.640792e-10,3.507013e-16,1.823106e-20,-1.008192e-10
10277,10277.000000,3,1.146816e-11,1.662712e-10,3.507287e-16,-4.857205e-20,-8.109828e-11
10278,10278.000000,3,8.668621e-12,1.683693e-10,3.507534e-16,-1.832172e-19,3.618812e-11
10279,10279.000000,3,1.335110e-11,1.703961e-10,3.507754e-16,5.627475e-20,1.286630e-11
10280,10280.000000,3,1.008260e-11,1.723393e-10,3.508002e-16,-7.267278e-20,-1.927431e-10
10281,10281.000000,3,1.154632e-11,1.742280e-10,3.508277e-16,7.999167e-20,8.296729e-11
10282,10282.000000,3,6.266987e-12,1.760410e-10,3.508525e-16,-2.105671e-20,-1.619369e-11
10283,10283.000000,3,9.734435e-12,1.778151e-10,3.508773e-16,8.072952e-20,7.546379e-11
10284,10284.000000,3,9.400480e-12,1.795124e-10,3.509021e-16,3.486732e-20,9.575463e-11
10285,10285.000000,3,7.368328e-12,1.811811e-10,3.509270e-16,-4.222261e-20,1.869859e-10
10286,10286.000000,3,1.166711e-11,1.827967e-10,3.509519e-16,-5.917319e-20,1.421686e-11
10287,10287.000000,3,9.571011e-12,1.843714e-10,3.509769e-16,-1.151270e-19,3.466465e-11
10288,10288.000000,3,7.723600e-12,1.858953e-10,3.510019e-16,2.066959e-20,-1.376393e-10
10289,10289.000000,3,8.746781e-12,1.873990e-10,3.510269e-16,1.290600e-19,-2.965046e-11
10290,10290.000000,3,9.194423e-12,1.888503e-10,3.510490e-16,3.111192e-20,-1.909423e-10
10291,10291.000000,3,5.805134e-12,1.902847e-10,3.510770e-16,5.646666e-20,-1.609568e-10
10292,10292.000000,3,7.297274e-12,1.916789e-10,3.511021e-16,-2.167875e-20,-5.119017e-11
10293,10293.000000,3,7.602807e-12,1.930420e-10,3.511272e-16,1.164472e-19,-4.393311e-11
10294,10294.000000,3,4.661160e-12,1.943825e-10,3.511524e-16,-4.525340e-20,1.044606e-11
10295,10295.000000,3,7.723600e-12,1.956897e-10,3.511776e-16,-1.247289e-19,-4.614678e-11
10296,10296.000000,3,5.442757e-12,1.969809e-10,3.512029e-16,1.376395e-19,1.032862e-10
10297,10297.000000,3,5.293543e-12,1.982368e-10,3.512281e-16,-7.216985e-20,-2.333759e-10
10298,10298.000000,3,5.414336e-12,1.994747e-10,3.512535e-16,-4.602433e-20,-1.718195e-10
10299,10299.000000,3,6.380674e-12,2.006952e-10,3.512788e-16,2.934837e-20,-6.127435e-12
10300,10300.000000,3,6.053824e-12,2.018881e-10,3.513042e-16,3.652830e-20,8.395640e-11
10301,10301.000000,3,7.041479e-12,2.030658e-10,3.513297e-16,3.990981e-20,-1.412668e-11
10302,10302.000000,3,7.119638e-12,2.042151e-10,3.513551e-16,-4.130940e-20,6.306843e-11
10303,10303.000000,3,4.533263e-12,2.053526e-10,3.513806e-16,-6.319660e-22,-1.034290e-11
10304,10304.000000,3,4.881429e-12,2.064675e-10,3.514062e-16,-1.654692e-20,6.132016e-11
10305,10305.000000,3,4.142464e-12,2.075800e-10,3.514317e-16,1.028119e-19,1.190324e-10
10306,10306.000000,3,4.369838e-12,2.086697e-10,3.514574e-16,-5.975222e-20,-6.743911e-13
10307,10307.000000,3,5.236700e-12,2.097409e-10,3.514830e-16,1.569658e-20,-5.712444e-11
10308,10308.000000,3,3.488765e-12,2.107960e-10,3.515055e-16,-4.452548e-20,1.531325e-10
10309,10309.000000,3,4.746425e-12,2.118385e-10,3.515344e-16,-5.255575e-20,3.127820e-11
10310,10310.000000,3,3.772982e-12,2.128688e-10,3.515602e-16,-8.770100e-20,-3.455023e-11
10311,10311.000000,3,5.577760e-12,2.138789e-10,3.515860e-16,5.362777e-20,5.328704e-11
10312,10312.000000,3,2.579270e-12,2.148901e-10,3.516118e-16,1.253377e-19,-2.902472e-11
10313,10313.000000,3,4.462208e-12,2.158791e-10,3.516377e-16,1.987550e-20,9.235101e-12
10314,10314.000000,3,3.140599e-12,2.168614e-10,3.516636e-16,1.447897e-20,-1.750140e-11
10315,10315.000000,3,2.096101e-12,2.178209e-10,3.516895e-16,3.953262e-20,-9.905842e-11
10316,10316.000000,3,3.538503e-12,2.187754e-10,3.517155e-16,2.196992e-21,4.908140e-13
10317,10317.000000,3,2.550848e-12,2.197162e-10,3.517415e-16,-7.770535e-20,-9.062968e-11
10318,10318.000000,3,4.611422e-12,2.206419e-10,4.397095e-16,-1.004760e-19,-9.085189e-11
10319,10319.000000,3,3.062439e-12,2.215659e-10,3.517937e-16,-4.432365e-20,1.393335e-12
10320,10320.000000,3,2.970069e-12,2.224807e-10,3.518198e-16,-9.158544e-21,1.176513e-10
10321,10321.000000,3,3.296918e-12,2.021199e-10,3.518460e-16,7.517417e-21,8.358861e-11
10322,10322.000000,3,2.813749e-12,1.737526e-10,3.518722e-16,1.276869e-19,8.062264e-11
10323,10323.000000,3,5.194067e-12,1.579104e-10,3.518985e-16,2.780319e-20,5.284203e-11
10324,10324.000000,3,5.954348e-12,1.438105e-10,3.519248e-16,9.218432e-20,3.998151e-11
10325,10325.000000,3,3.666401e-12,1.324039e-10,3.519511e-16,-1.212713e-19,1.152163e-10
10326,10326.000000,3,5.776712e-12,1.219582e-10,3.519774e-16,5.467664e-20,9.426653e-11
10327,10327.000000,3,9.109158e-12,1.127443e-10,3.520038e-16,-6.125769e-20,-7.656393e-12
10328,10328.000000,3,3.986145e-12,1.041378e-10,3.520302e-16,4.930658e-20,-1.348770e-10
10329,10329.000000,3,5.378809e-12,9.626056e-11,3.520566e-16,7.745719e-21,-8.188479e-11
10330,10330.000000,3,7.403855e-12,8.883405e-11,3.520830e-16,2.165890e-20,-9.181857e-11
10331,10331.000000,3,7.901235e-12,8.187762e-11,3.521093e-16,8.689367e-20,7.362046e-11
10332,10332.000000,3,5.748291e-12,7.526868e-11,3.521357e-16,1.118712e-19,-4.121068e-11
10333,10333.000000,3,5.400125e-12,6.900147e-11,3.521585e-16,-1.348536e-19,6.413936e-11
10334,10334.000000,3,8.370193e-12,6.300249e-11,3.521883e-16,8.684073e-20,-4.249816e-11
10335,10335.000000,3,5.258016e-12,5.728062e-11,3.522146e-16,-9.063253e-20,6.677991e-13
10336,10336.000000,3,7.666756e-12,5.176881e-11,3.522408e-16,-7.402605e-20,1.014642e-10
10337,10337.000000,3,7.062795e-12,4.646217e-11,2.825187e-16,-1.832900e-19,-2.708347e-11
10338,10338.000000,3,6.146195e-12,4.133938e-11,3.522930e-16,1.184523e-19,4.104403e-11
10339,10339.000000,3,3.971934e-12,3.638934e-11,3.523190e-16,6.342821e-21,7.719516e-11
10340,10340.000000,3,6.373568e-12,3.159428e-11,3.523449e-16,-5.270133e-20,2.366774e-11
10341,10341.000000,3,4.128253e-12,2.694911e-11,3.523708e-16,1.996152e-20,-9.080514e-11
10342,10342.000000,3,2.906120e-12,2.243805e-11,3.523966e-16,1.920746e-19,2.508005e-11
10343,10343.000000,3,5.279333e-12,1.803890e-11,3.524223e-16,7.206397e-21,-3.157614e-11
10344,10344.000000,3,3.026912e-12,1.377432e-11,3.524479e-16,5.629791e-20,5.432056e-11
10345,10345.000000,3,3.126388e-12,9.600987e-12,3.524735e-16,-5.231090e-20,1.524559e-10
10346,10346.000000,3,2.870593e-12,5.527800e-12,3.524989e-16,1.477345e-20,-8.163199e-11
10347,10347.000000,3,2.948752e-12,1.562750e-12,3.525243e-16,-6.332895e-20,-3.986990e-11
10348,10348.000000,3,3.218759e-12,2.331690e-12,3.525496e-16,1.327559e-19,-2.049160e-10
10349,10349.000000,3,2.238210e-12,6.125989e-12,3.525748e-16,4.233841e-20,-4.809465e-11
10350,10350.000000,3,4.206413e-12,9.843903e-12,3.525998e-16,-9.656176e-20,3.279016e-11
10351,10351.000000,3,3.936407e-12,1.349387e-11,3.526221e-16,1.100183e-19,2.049316e-10
10352,10352.000000,3,2.948752e-12,1.705835e-11,3.526497e-16,-1.171817e-19,3.353566e-11
10353,10353.000000,3,2.778222e-12,2.057221e-11,3.526745e-16,-4.347992e-20,1.396080e-11
10354,10354.000000,3,2.671641e-12,2.400369e-11,3.526993e-16,6.793800e-20,-3.078464e-11
10355,10355.000000,3,2.138734e-12,2.738854e-11,3.527239e-16,-4.922056e-20,8.383894e-11
10356,10356.000000,3,3.019807e-12,3.070277e-11,3.527484e-16,-1.080232e-19,1.492766e-11
10357,10357.000000,3,2.771117e-12,3.397060e-11,3.527728e-16,1.139855e-19,7.794347e-11
10358,10358.000000,3,4.419576e-12,3.718026e-11,3.527971e-16,2.137435e-21,-1.062599e-10
10359,10359.000000,3,5.094591e-12,4.033263e-11,3.528213e-16,-4.792023e-20,-2.598373e-11
10360,10360.000000,3,3.979039e-12,4.344458e-11,3.528455e-16,-2.147030e-20,2.483266e-10
10361,10361.000000,3,3.950618e-12,4.650569e-11,3.528695e-16,6.518514e-20,-1.044808e-10
10362,10362.000000,3,7.091217e-12,4.950462e-11,3.528934e-16,4.566037e-21,6.903630e-12
10363,10363.000000,3,5.243805e-12,5.248180e-11,3.529172e-16,-2.944101e-20,-9.208125e-11
10364,10364.000000,3,1.021760e-11,5.540479e-11,3.529410e-16,3.795105e-21,3.855385e-11
10365,10365.000000,3,7.574386e-12,5.829182e-11,3.529646e-16,8.407464e-21,3.316472e-12
10366,10366.000000,3,9.556800e-12,6.113732e-11,3.529881e-16,1.298905e-19,1.197637e-10
10367,10367.000000,3,5.925926e-12,6.394618e-11,3.530115e-16,9.754114e-21,7.033937e-11
10368,10368.000000,3,1.097789e-11,6.672551e-11,3.530329e-16,-1.897718e-19,-3.712597e-11
10369,10369.000000,3,9.372059e-12,6.946266e-11,3.530562e-16,3.949953e-20,3.614248e-11
10370,10370.000000,3,1.054445e-11,7.215717e-11,3.530812e-16,-4.748017e-21,-1.034656e-10
10371,10371.000000,3,1.305267e-11,7.482059e-11,3.531043e-16,3.862272e-20,-1.152584e-10
10372,10372.000000,3,1.255529e-11,7.746204e-11,3.531255e-16,-4.226562e-20,-1.660733e-10
10373,10373.000000,3,1.242029e-11,8.006618e-11,3.531501e-16,-1.315548e-20,-2.683784e-11
10374,10374.000000,3,1.276135e-11,8.263812e-11,3.531728e-16,7.439001e-20,-2.854106e-13
10375,10375.000000,3,1.651301e-11,8.518009e-11,3.531955e-16,1.034307e-20,-9.539231e-11
10376,10376.000000,3,1.691092e-11,8.768719e-11,3.532180e-16,-3.630330e-20,-4.365822e-11
10377,10377.000000,3,1.715961e-11,9.018053e-11,3.532405e-16,-1.181942e-19,4.331879e-11
10378,10378.000000,3,1.602274e-11,9.263079e-11,3.532628e-16,-1.170791e-19,-8.684409e-11
10379,10379.000000,3,1.513456e-11,9.506951e-11,3.532851e-16,7.890641e-20,-6.718515e-12
10380,10380.000000,3,1.823963e-11,9.747669e-11,3.533073e-16,-1.941227e-20,1.752958e-10
10381,10381.000000,3,1.268319e-11,6.690781e-11,3.533293e-16,1.166391e-19,-2.202628e-10
10382,10382.000000,3,6.536993e-12,2.392664e-11,3.533513e-16,-3.001011e-20,-7.722212e-12
10383,10383.000000,3,3.645084e-12,7.360779e-12,3.533732e-16,1.196765e-20,4.188888e-11
10384,10384.000000,3,5.762502e-12,2.059974e-11,3.533950e-16,-2.863368e-20,4.690892e-11
10385,10385.000000,3,1.012523e-11,3.734391e-11,3.534167e-16,2.809105e-20,-1.370818e-10
10386,10386.000000,3,8.839152e-12,5.259548e-11,3.534383e-16,3.118802e-20,1.975800e-11
10387,10387.000000,3,1.008971e-11,6.597567e-11,3.534599e-16,-5.221495e-20,5.904749e-12
10388,10388.000000,3,1.148948e-11,7.837175e-11,3.534814e-16,6.250838e-20,-6.614487e-12
10389,10389.000000,3,1.716671e-11,8.968981e-11,3.535018e-16,-6.538036e-21,-8.961470e-12
10390,10390.000000,3,1.526246e-11,1.002993e-10,3.535242e-16,4.716253e-20,1.482010e-10
10391,10391.000000,3,1.565326e-11,1.101892e-10,3.535456e-16,1.457095e-19,-8.567964e-11
10392,10392.000000,3,1.890044e-11,1.195268e-10,3.535670e-16,4.219283e-20,-6.754289e-11
10393,10393.000000,3,1.911360e-11,1.283706e-10,2.651913e-16,-5.231090e-20,3.455113e-11
10394,10394.000000,3,1.875122e-11,1.367892e-10,3.536098e-16,-3.532392e-20,-1.728917e-11
10395,10395.000000,3,1.914913e-11,1.448106e-10,3.536313e-16,1.352473e-19,-5.967532e-11
10396,10396.000000,3,2.184919e-11,1.524871e-10,3.536528e-16,-2.191698e-20,-1.645845e-10
10397,10397.000000,3,2.172840e-11,1.598646e-10,3.536743e-16,-4.802611e-20,-6.192813e-11
10398,10398.000000,3,2.082601e-11,1.669513e-10,3.536959e-16,6.276316e-20,1.274533e-11
10399,10399.000000,3,2.069811e-11,1.737834e-10,3.537176e-16,-4.602764e-20,-4.874330e-11
10400,10400.000000,3,2.416556e-11,1.803711e-10,3.537394e-16,7.443302e-20,-9.839449e-12
10401,10401.000000,3,2.017231e-11,1.867557e-10,3.537613e-16,-6.236611e-20,-3.020029e-12
10402,10402.000000,3,2.017941e-11,1.929270e-10,2.825509e-16,6.012280e-20,-9.492437e-11
10403,10403.000000,3,2.275158e-11,1.989289e-10,3.538052e-16,6.483111e-20,1.336103e-11
10404,10404.000000,3,1.868017e-11,2.047480e-10,3.538274e-16,1.520060e-19,-1.887242e-10
10405,10405.000000,3,1.793410e-11,2.104164e-10,3.538496e-16,-1.009193e-19,2.300413e-10
10406,10406.000000,3,2.074785e-11,2.159259e-10,3.538719e-16,-2.704219e-20,7.470324e-11
10407,10407.000000,3,1.939782e-11,2.213045e-10,3.538944e-16,3.746797e-20,1.892926e-10
10408,10408.000000,3,1.953993e-11,2.265319e-10,3.539169e-16,-4.777795e-20,-1.359964e-10
10409,10409.000000,3,1.682565e-11,2.316549e-10,3.539396e-16,-6.868577e-20,1.648061e-10
10410,10410.000000,3,1.592326e-11,2.366556e-10,3.539623e-16,-6.796116e-21,1.890886e-11
10411,10411.000000,3,1.510614e-11,2.415410e-10,3.539852e-16,-2.543084e-20,1.836279e-11
10412,10412.000000,3,1.556089e-11,2.463225e-10,3.540082e-16,1.201496e-19,1.294189e-10
10413,10413.000000,3,1.332978e-11,2.510083e-10,3.540313e-16,7.414847e-21,1.594381e-10
10414,10414.000000,3,1.461586e-11,2.555942e-10,2.655409e-16,-7.126988e-20,-3.564005e-11
10415,10415.000000,3,1.080025e-11,2.600957e-10,3.540779e-16,-1.137076e-19,-1.945517e-11
10416,10416.000000,3,9.478640e-12,2.645058e-10,3.541014e-16,2.151662e-20,-1.056941e-10
10417,10417.000000,3,1.003286e-11,2.688385e-10,3.541250e-16,-9.471218e-20,3.243392e-11
10418,10418.000000,3,1.119105e-11,2.730862e-10,3.541487e-16,-2.156294e-20,-9.716568e-11
10419,10419.000000,3,7.638334e-12,2.772651e-10,3.541726e-16,-1.321504e-20,-1.299044e-11
10420,10420.000000,3,7.219114e-12,2.813674e-10,3.541965e-16,6.769977e-20,1.583346e-10
10421,10421.000000,3,7.212009e-12,2.854208e-10,3.542206e-16,8.716168e-20,3.040029e-11
10422,10422.000000,3,8.924417e-12,2.893878e-10,3.542449e-16,-6.045698e-20,-1.233311e-10
10423,10423.000000,3,5.449863e-12,2.932934e-10,3.542692e-16,2.005748e-20,-1.224410e-10
10424,10424.000000,3,7.624124e-12,2.971454e-10,3.542937e-16,4.572654e-20,-1.441044e-10
10425,10425.000000,3,7.709389e-12,3.009339e-10,3.543182e-16,-9.082112e-20,-4.981539e-11
10426,10426.000000,3,6.082246e-12,3.046683e-10,3.543430e-16,8.258571e-20,-2.013691e-10
10427,10427.000000,3,5.570655e-12,3.083500e-10,3.543678e-16,2.993401e-20,-1.071783e-10
10428,10428.000000,3,6.409095e-12,3.119822e-10,3.543928e-16,-8.566282e-21,-5.150099e-13
10429,10429.000000,3,5.748291e-12,3.155516e-10,3.544178e-16,6.513551e-20,3.248625e-10
10430,10430.000000,3,9.073631e-12,3.190819e-10,3.544431e-16,1.488164e-19,1.418924e-10
10431,10431.000000,3,8.100187e-12,3.225689e-10,3.544684e-16,1.337584e-19,-1.015242e-10
10432,10432.000000,3,8.220979e-12,3.260037e-10,3.544938e-16,1.727484e-19,1.602666e-10
10433,10433.000000,3,5.762502e-12,3.294047e-10,3.545194e-16,5.490825e-20,-2.730419e-11
10434,10434.000000,3,1.090683e-11,3.327574e-10,3.545451e-16,-7.793696e-20,4.220953e-11
10435,10435.000000,3,9.791279e-12,3.360605e-10,3.545710e-16,-2.587421e-20,1.011449e-10
10436,10436.000000,3,1.337241e-11,3.393323e-10,3.545969e-16,8.347907e-20,-1.681744e-10
10437,10437.000000,3,1.406875e-11,3.425584e-10,3.546230e-16,-1.580246e-20,-2.185866e-10
10438,10438.000000,3,1.723777e-11,3.457583e-10,3.546492e-16,-7.289777e-20,1.436079e-11
10439,10439.000000,3,1.948308e-11,3.489162e-10,4.433401e-16,-1.959425e-20,2.158910e-10
10440,10440.000000,3,2.138023e-11,3.520395e-10,3.547019e-16,-1.464738e-19,-2.254346e-10
10441,10441.000000,3,1.929834e-11,3.402785e-10,3.547285e-16,-1.321835e-19,1.168001e-10
10442,10442.000000,3,1.760725e-11,3.229008e-10,3.547551e-16,4.146160e-20,-1.113899e-10
10443,10443.000000,3,1.906386e-11,3.142302e-10,3.547819e-16,2.985129e-20,-9.967710e-11
10444,10444.000000,3,1.674039e-11,3.067335e-10,3.548088e-16,1.846929e-20,7.684732e-11
10445,10445.000000,3,1.360689e-11,3.011256e-10,3.548358e-16,-4.106455e-20,2.523431e-10
10446,10446.000000,3,1.655565e-11,2.961367e-10,3.548630e-16,2.221377e-19,6.148266e-11
10447,10447.000000,3,1.642775e-11,2.920029e-10,3.548863e-16,1.107099e-20,-2.576618e-11
10448,10448.000000,3,1.359268e-11,2.882596e-10,3.549175e-16,-1.005852e-20,-4.365179e-11
10449,10449.000000,3,1.604405e-11,2.850042e-10,3.549449e-16,-3.768635e-21,1.819791e-10
10450,10450.000000,3,1.570299e-11,2.820475e-10,3.549725e-16,-3.765657e-20,-4.870294e-11
10451,10451.000000,3,1.283240e-11,2.793841e-10,3.550001e-16,1.267936e-19,8.241487e-11
10452,10452.000000,3,1.496403e-11,2.769478e-10,3.550277e-16,-1.068817e-19,7.201772e-11
10453,10453.000000,3,1.423217e-11,2.747360e-10,3.550555e-16,2.004556e-19,-5.251737e-11
10454,10454.000000,3,1.388401e-11,2.727063e-10,3.550833e-16,-1.364120e-19,6.555297e-11
10455,10455.000000,3,1.217160e-11,2.708143e-10,3.551112e-16,-1.209239e-19,7.631104e-11
10456,10456.000000,3,1.355716e-11,2.690703e-10,3.551349e-16,7.096217e-20,1.379478e-10
10457,10457.000000,3,1.322320e-11,2.674565e-10,3.551671e-16,7.071071e-20,-7.867179e-11
10458,10458.000000,3,1.518430e-11,2.659406e-10,3.551951e-16,4.685151e-21,1.280947e-10
10459,10459.000000,3,1.288925e-11,2.645317e-10,3.552231e-16,7.594511e-20,-5.996582e-11
10460,10460.000000,3,1.175238e-11,2.632243e-10,3.552512e-16,1.002543e-20,-8.239475e-12
10461,10461.000000,3,1.401190e-11,2.619778e-10,3.552794e-16,-2.620508e-20,1.117489e-10
10462,10462.000000,3,1.772094e-11,2.608256e-10,3.553075e-16,6.934421e-20,-3.628429e-11
10463,10463.000000,3,1.438138e-11,2.597480e-10,3.553314e-16,-1.119870e-19,5.298562e-11
10464,10464.000000,3,1.310241e-11,2.587077e-10,3.553639e-16,3.407984e-21,-8.979004e-11
10465,10465.000000,3,1.308820e-11,2.577598e-10,3.553922e-16,9.909624e-21,9.755512e-12
10466,10466.000000,3,1.215028e-11,2.568425e-10,2.665653e-16,-5.720119e-20,-2.603621e-11
10467,10467.000000,3,1.413980e-11,2.559832e-10,3.554488e-16,-1.314357e-19,1.166113e-10
10468,10468.000000,3,1.097789e-11,2.551810e-10,3.554771e-16,6.741853e-20,-1.696564e-11
10469,10469.000000,3,1.549694e-11,2.544005e-10,3.555054e-16,7.507491e-21,-1.785347e-11
10470,10470.000000,3,1.168843e-11,2.536855e-10,3.555338e-16,-9.266739e-20,1.527764e-10
10471,10471.000000,3,1.215028e-11,2.530041e-10,3.555621e-16,-8.215889e-20,5.400090e-13
10472,10472.000000,3,1.327294e-11,2.523539e-10,3.555905e-16,1.589179e-20,-4.430423e-11
10473,10473.000000,3,1.330136e-11,2.517342e-10,3.556189e-16,-2.921602e-20,-1.436231e-10
10474,10474.000000,3,1.279687e-11,2.511487e-10,3.556473e-16,1.172181e-19,2.288138e-11
10475,10475.000000,3,1.504219e-11,2.505962e-10,3.556757e-16,-1.802989e-19,-1.864621e-10
10476,10476.000000,3,1.534062e-11,2.500737e-10,3.557041e-16,2.328679e-20,3.796288e-11
10477,10477.000000,3,1.686828e-11,2.495741e-10,3.557326e-16,-1.534751e-19,-1.177135e-10
10478,10478.000000,3,1.672618e-11,2.491012e-10,3.557610e-16,2.416029e-20,1.573750e-11
10479,10479.000000,3,1.463007e-11,2.486422e-10,3.557895e-16,-1.232036e-19,-3.524014e-11
10480,10480.000000,3,1.339373e-11,2.482192e-10,3.558180e-16,-8.382648e-20,-1.640361e-11
10481,10481.000000,3,1.539036e-11,2.478171e-10,3.558465e-16,-1.138531e-19,8.817674e-11
10482,10482.000000,3,1.474376e-11,2.474287e-10,3.558750e-16,9.859000e-20,5.958082e-11
10483,10483.000000,3,1.654854e-11,2.470588e-10,3.559035e-16,7.922405e-20,-1.292556e-10
10484,10484.000000,3,1.469402e-11,2.467166e-10,3.559320e-16,-8.343936e-20,-6.537389e-11
10485,10485.000000,3,1.460876e-11,2.463780e-10,3.559605e-16,-7.917111e-20,-9.910468e-12
10486,10486.000000,3,1.236344e-11,2.460732e-10,3.559890e-16,-1.000624e-19,2.171407e-10
10487,10487.000000,3,1.440981e-11,2.457747e-10,3.560176e-16,6.329917e-20,-2.561696e-11
10488,10488.000000,3,1.399059e-11,2.454950e-10,3.560461e-16,3.330560e-20,1.183985e-10
10489,10489.000000,3,1.231371e-11,2.452221e-10,3.560747e-16,2.157353e-19,1.661558e-10
10490,10490.000000,3,1.280398e-11,2.449745e-10,3.561033e-16,-1.418648e-19,9.586807e-11
10491,10491.000000,3,1.583800e-11,2.447307e-10,3.561319e-16,4.246084e-20,2.207058e-11
10492,10492.000000,3,1.648459e-11,2.445006e-10,3.561604e-16,-5.932539e-21,4.084123e-11
10493,10493.000000,3,1.585931e-11,2.442984e-10,4.452306e-16,5.709862e-20,-4.098818e-11
10494,10494.000000,3,1.301004e-11,2.440814e-10,2.671632e-16,5.813425e-21,-9.701313e-11
10495,10495.000000,3,1.536904e-11,2.438916e-10,3.562462e-16,-7.012506e-20,1.425994e-10
10496,10496.000000,3,1.505640e-11,2.437111e-10,3.562749e-16,4.663975e-20,1.549165e-10
10497,10497.000000,3,1.754330e-11,2.435412e-10,3.563035e-16,9.793818e-22,5.409443e-11
10498,10498.000000,3,1.478639e-11,2.433720e-10,3.563321e-16,6.381533e-20,5.834752e-11
10499,10499.000000,3,1.230660e-11,2.432237e-10,3.563608e-16,-4.963084e-22,-1.222175e-10
10500,10500.000000,3,1.453060e-11,2.430807e-10,3.563894e-16,-1.122914e-19,-1.002692e-10
10501,10501.000000,3,1.458744e-11,2.312013e-10,3.564180e-16,-2.296253e-21,-3.343649e-11
10502,10502.000000,3,1.566747e-11,2.149154e-10,3.564467e-16,-9.287584e-21,-4.996038e-12
10503,10503.000000,3,1.141842e-11,2.055169e-10,3.564754e-16,4.407880e-20,-2.172644e-12
10504,10504.000000,3,7.617018e-12,1.971185e-10,3.564995e-16,-9.288246e-20,4.916110e-11
10505,10505.000000,3,1.001865e-11,1.902072e-10,3.565327e-16,-3.167109e-20,3.923529e-11
10506,10506.000000,3,9.606538e-12,1.838358e-10,3.565614e-16,-5.027273e-20,-1.911926e-10
10507,10507.000000,3,8.490986e-12,1.781686e-10,3.565901e-16,3.502944e-20,-5.319126e-11
10508,10508.000000,3,7.069900e-12,1.728375e-10,3.566142e-16,4.892939e-20,-3.958419e-11
10509,10509.000000,3,5.130119e-12,1.679266e-10,3.566474e-16,2.826972e-20,-6.730455e-11
10510,10510.000000,3,5.499601e-12,1.632754e-10,3.566716e-16,9.037775e-20,-1.817456e-10
10511,10511.000000,3,5.343281e-12,1.588871e-10,3.567047e-16,6.078785e-20,7.245595e-11
10512,10512.000000,3,4.540368e-12,1.547176e-10,3.567334e-16,-1.220422e-19,2.481760e-10
10513,10513.000000,3,5.229595e-12,1.507370e-10,3.567574e-16,2.122281e-19,8.305603e-12
10514,10514.000000,3,2.920331e-12,1.469187e-10,3.567905e-16,-9.709777e-20,-1.210443e-10
10515,10515.000000,3,6.401990e-12,1.432474e-10,3.568190e-16,-1.322563e-19,-9.858084e-11
10516,10516.000000,3,3.389289e-12,1.397154e-10,3.568475e-16,8.493491e-21,8.413239e-11
10517,10517.000000,3,4.945377e-12,1.362954e-10,3.568715e-16,7.722558e-20,-8.387475e-11
10518,10518.000000,3,2.096101e-12,1.330061e-10,3.568999e-16,-1.010318e-19,3.160780e-11
10519,10519.000000,3,2.607692e-12,1.298051e-10,3.569326e-16,-1.768843e-20,-1.900689e-10
10520,10520.000000,3,3.126388e-12,1.266933e-10,3.569609e-16,-9.099648e-20,-1.495348e-11
10521,10521.000000,3,2.032152e-12,1.236773e-10,3.569891e-16,-5.457738e-20,6.708280e-11
10522,10522.000000,3,3.254286e-12,1.207543e-10,3.570173e-16,-1.708293e-20,-8.295390e-12
10523,10523.000000,3,2.444267e-12,1.178886e-10,3.570454e-16,-1.311908e-20,1.708889e-10
10524,10524.000000,3,2.870593e-12,1.151006e-10,3.570735e-16,9.275011e-20,1.123432e-10
10525,10525.000000,3,3.673506e-12,1.123694e-10,3.571015e-16,-1.195144e-19,-1.543185e-10
10526,10526.000000,3,4.703793e-12,1.097178e-10,3.571294e-16,-2.390188e-19,8.816210e-11
10527,10527.000000,3,3.666401e-12,1.071170e-10,3.571573e-16,8.364450e-20,-5.510522e-11
10528,10528.000000,3,2.678746e-12,1.045743e-10,3.571851e-16,-3.828192e-21,2.468743e-11
10529,10529.000000,3,2.813749e-12,1.020672e-10,3.572129e-16,-3.549267e-20,-1.242197e-12
10530,10530.000000,3,4.625633e-12,9.963164e-11,4.465507e-16,9.330928e-20,-8.874841e-11
10531,10531.000000,3,2.678746e-12,9.723133e-11,3.572682e-16,-1.613333e-20,-1.160228e-10
10532,10532.000000,3,2.557954e-12,9.488921e-11,3.572958e-16,-9.953299e-20,-6.170212e-11
10533,10533.000000,3,3.730349e-12,9.257684e-11,3.573233e-16,7.719911e-20,-1.428311e-10
10534,10534.000000,3,4.099832e-12,9.031687e-11,3.573507e-16,-9.674704e-21,-1.429795e-10
10535,10535.000000,3,3.161915e-12,8.808287e-11,3.573781e-16,-1.540640e-19,-8.052178e-11
10536,10536.000000,3,3.446132e-12,8.588974e-11,3.574054e-16,2.258865e-20,7.707077e-11
10537,10537.000000,3,5.904610e-12,8.375478e-11,3.574327e-16,-6.524139e-20,-1.490916e-10
10538,10538.000000,3,3.730349e-12,8.163270e-11,3.574561e-16,-1.298310e-19,-3.028242e-11
10539,10539.000000,3,3.701928e-12,7.954193e-11,3.574870e-16,5.227451e-20,-3.373978e-11
10540,10540.000000,3,4.938272e-12,7.748935e-11,2.681356e-16,4.248069e-20,5.527548e-11
10541,10541.000000,3,3.346656e-12,7.547896e-11,3.575411e-16,-3.537024e-21,3.586792e-11
10542,10542.000000,3,2.529532e-12,7.348433e-11,3.575680e-16,-5.583138e-20,-1.336742e-11
10543,10543.000000,3,5.215384e-12,7.152390e-11,3.575949e-16,2.158941e-20,1.149755e-10
10544,10544.000000,3,3.559819e-12,6.958412e-11,4.470226e-16,1.389333e-20,6.241604e-12
10545,10545.000000,3,3.637979e-12,6.767742e-11,3.576449e-16,4.408542e-20,-1.343532e-10
10546,10546.000000,3,4.568790e-12,6.579093e-11,3.576751e-16,6.278301e-20,-3.534769e-11
10547,10547.000000,3,3.502976e-12,6.395040e-11,3.577017e-16,-6.267713e-20,-1.474230e-10
10548,10548.000000,3,4.163780e-12,6.209899e-11,3.577282e-16,5.071279e-20,-1.306501e-10
10549,10549.000000,3,6.238565e-12,6.029754e-11,2.683160e-16,-1.687448e-22,-6.310844e-11
10550,10550.000000,3,4.149570e-12,5.851475e-11,3.577811e-16,1.320842e-19,6.957019e-11
10551,10551.000000,3,5.599077e-12,5.674439e-11,3.578075e-16,3.450998e-20,-1.911946e-10
10552,10552.000000,3,5.691447e-12,5.500822e-11,3.578338e-16,1.310684e-19,-1.098251e-10
10553,10553.000000,3,4.540368e-12,5.328871e-11,3.578600e-16,5.765780e-20,1.927224e-10
10554,10554.000000,3,4.007461e-12,5.159206e-11,3.578862e-16,-1.353929e-19,1.793578e-10
10555,10555.000000,3,2.870593e-12,4.989809e-11,3.579123e-16,-8.073283e-21,1.271902e-10
10556,10556.000000,3,4.263256e-12,4.824607e-11,3.579383e-16,1.020079e-20,-3.309843e-11
10557,10557.000000,3,4.455103e-12,4.660583e-11,3.579643e-16,-1.011112e-19,-5.616034e-11
10558,10558.000000,3,7.680967e-12,4.497624e-11,3.579902e-16,-5.705892e-20,-4.769679e-11
10559,10559.000000,3,2.806644e-12,4.337730e-11,3.580161e-16,1.429368e-21,6.102771e-12
10560,10560.000000,3,3.346656e-12,4.177592e-11,3.580418e-16,4.662652e-20,7.100814e-11
10561,10561.000000,3,6.039613e-12,3.647815e-11,3.580676e-16,6.142312e-20,-1.188675e-10
10562,10562.000000,3,3.694822e-12,2.982481e-11,3.580933e-16,1.111400e-20,-4.663139e-11
10563,10563.000000,3,3.730349e-12,2.538858e-11,3.581189e-16,-1.627329e-19,6.946820e-11
10564,10564.000000,3,3.744560e-12,2.127343e-11,3.581444e-16,-1.896891e-20,-1.642528e-10
10565,10565.000000,3,5.435652e-12,1.763634e-11,3.581699e-16,7.330475e-20,1.004997e-10
10566,10566.000000,3,4.682477e-12,1.419154e-11,3.581925e-16,2.240005e-21,2.160358e-11
10567,10567.000000,3,2.721379e-12,1.096967e-11,3.582207e-16,2.915977e-20,6.614861e-12
10568,10568.000000,3,3.119283e-12,7.874590e-12,3.582460e-16,1.137042e-19,4.749734e-11
10569,10569.000000,3,3.304024e-12,4.914957e-12,3.582712e-16,-1.032255e-19,-1.833951e-10
10570,10570.000000,3,2.771117e-12,2.050138e-12,3.582964e-16,-8.421360e-20,9.109485e-11
10571,10571.000000,3,3.424816e-12,7.256418e-13,3.583215e-16,-7.020778e-20,-5.037307e-11
10572,10572.000000,3,2.700062e-12,3.423484e-12,2.687599e-16,4.426740e-20,3.585819e-11
10573,10573.000000,3,3.822720e-12,6.041390e-12,4.479612e-16,3.690549e-20,-8.578101e-11
10574,10574.000000,3,3.588241e-12,8.591572e-12,3.583965e-16,-3.356037e-20,2.834540e-11
10575,10575.000000,3,2.977174e-12,1.109934e-11,3.584213e-16,1.226543e-20,-1.859196e-10
10576,10576.000000,3,2.430056e-12,1.355271e-11,3.584460e-16,-8.413419e-20,2.281332e-11
10577,10577.000000,3,2.188472e-12,1.595080e-11,3.584707e-16,4.923710e-20,-2.561393e-11
10578,10578.000000,3,3.566925e-12,1.830669e-11,3.584953e-16,-7.126657e-20,4.975247e-11
10579,10579.000000,3,2.749800e-12,2.062683e-11,3.585199e-16,-5.920628e-20,-9.826834e-12
10580,10580.000000,3,2.991385e-12,2.289835e-11,3.585443e-16,3.386477e-20,-8.414659e-11
10581,10581.000000,3,2.557954e-12,2.513412e-11,3.585687e-16,-1.813511e-20,3.337404e-11
10582,10582.000000,3,5.108802e-12,2.734546e-11,3.585930e-16,1.172611e-19,-2.467889e-10
10583,10583.000000,3,3.609557e-12,2.951550e-11,3.586172e-16,-1.601091e-20,1.598788e-10
10584,10584.000000,3,3.709033e-12,3.165490e-11,3.586414e-16,-6.933759e-20,8.413278e-11
10585,10585.000000,3,4.675371e-12,3.376366e-11,3.586655e-16,1.621340e-19,-9.641750e-11
10586,10586.000000,3,2.927436e-12,3.584755e-11,3.586895e-16,-6.558881e-20,-1.870035e-10
10587,10587.000000,3,3.240075e-12,3.790857e-11,3.587134e-16,-1.582562e-20,9.103274e-12
10588,10588.000000,3,5.655920e-12,3.994116e-11,3.587373e-16,-5.456414e-20,-2.647444e-10
10589,10589.000000,3,3.602452e-12,4.194911e-11,3.587610e-16,5.312816e-20,-1.538744e-11
10590,10590.000000,3,4.455103e-12,4.393041e-11,3.587847e-16,-2.981159e-20,-5.990655e-11
10591,10591.000000,3,4.803269e-12,4.588974e-11,3.588084e-16,-2.214197e-20,1.494048e-10
10592,10592.000000,3,7.062795e-12,4.782752e-11,3.588319e-16,3.414932e-20,-2.402722e-11
10593,10593.000000,3,6.188827e-12,4.974443e-11,3.588554e-16,7.466463e-20,7.181077e-11
10594,10594.000000,3,9.116263e-12,5.164247e-11,2.691591e-16,-5.210907e-20,-2.352211e-10
10595,10595.000000,3,5.833556e-12,5.351386e-11,2.691766e-16,-3.012923e-20,-1.683058e-10
10596,10596.000000,3,5.805134e-12,5.536860e-11,3.589254e-16,-6.426862e-20,-5.150566e-11
10597,10597.000000,3,8.078871e-12,5.721712e-11,3.589485e-16,-4.278178e-21,2.083869e-11
10598,10598.000000,3,8.277823e-12,5.903100e-11,3.589716e-16,-9.713747e-20,-1.717644e-10
10599,10599.000000,3,9.151790e-12,6.084155e-11,3.589947e-16,-2.062988e-20,-4.668882e-11
10600,10600.000000,3,7.403855e-12,6.261947e-11,3.590176e-16,1.047575e-19,6.691889e-11
10601,10601.000000,3,1.147527e-11,6.439360e-11,3.590405e-16,2.056040e-20,-2.988923e-11
10602,10602.000000,3,9.379164e-12,6.614065e-11,3.590633e-16,-1.031296e-19,8.198381e-11
10603,10603.000000,3,1.092815e-11,6.788881e-11,3.590860e-16,3.992635e-20,1.348734e-10
10604,10604.000000,3,1.321609e-11,6.960477e-11,4.488858e-16,5.643357e-20,1.130139e-10
10605,10605.000000,3,1.214318e-11,7.131407e-11,3.591312e-16,6.245875e-20,1.867213e-10
10606,10606.000000,3,1.440270e-11,7.300915e-11,3.591538e-16,9.147294e-20,2.211703e-11
10607,10607.000000,3,1.215739e-11,7.467782e-11,3.591762e-16,2.594700e-20,6.467624e-11
10608,10608.000000,3,1.369926e-11,7.634249e-11,3.591986e-16,-5.334322e-20,1.819816e-10
10609,10609.000000,3,1.629985e-11,7.799694e-11,3.592209e-16,4.029031e-20,-1.687429e-10
10610,10610.000000,3,1.404743e-11,7.964029e-11,3.592431e-16,7.415178e-20,-1.069299e-10
10611,10611.000000,3,1.669065e-11,8.126078e-11,3.592652e-16,9.794811e-20,-8.014089e-12
10612,10612.000000,3,1.671907e-11,8.288481e-11,3.592873e-16,2.828627e-20,-4.015990e-11
10613,10613.000000,3,1.490008e-11,8.447754e-11,3.593093e-16,2.796532e-20,-9.440781e-12
10614,10614.000000,3,1.944755e-11,8.606205e-11,3.593313e-16,-7.005227e-20,-2.317247e-10
10615,10615.000000,3,1.788436e-11,8.764878e-11,3.593531e-16,-8.457095e-21,1.008357e-10
10616,10616.000000,3,1.616485e-11,8.920797e-11,3.593749e-16,-1.053233e-19,5.792425e-11
10617,10617.000000,3,1.796963e-11,9.076229e-11,3.593966e-16,-1.090489e-19,-9.706511e-11
10618,10618.000000,3,1.855938e-11,9.230883e-11,3.594183e-16,1.740719e-20,1.798952e-10
10619,10619.000000,3,1.826805e-11,9.384271e-11,3.594399e-16,5.393218e-22,7.571291e-11
10620,10620.000000,3,1.681144e-11,9.535928e-11,3.594614e-16,-7.226250e-21,-1.308171e-10
10621,10621.000000,3,1.745093e-11,8.186962e-11,3.594829e-16,-1.615550e-19,5.699635e-11
10622,10622.000000,3,1.270450e-11,6.274870e-11,2.696282e-16,-1.270020e-19,1.504583e-10
10623,10623.000000,3,1.238476e-11,5.246692e-11,3.595248e-16,-6.445391e-20,-7.853357e-12
10624,10624.000000,3,8.562040e-12,4.340261e-11,3.595461e-16,-4.064435e-20,5.800935e-11
10625,10625.000000,3,6.018297e-12,3.625233e-11,3.595680e-16,5.421011e-20,2.309890e-10
10626,10626.000000,3,5.243805e-12,2.976197e-11,3.595891e-16,-9.923520e-20,1.976167e-10
10627,10627.000000,3,2.799538e-12,2.412870e-11,3.596102e-16,-8.196698e-20,2.683317e-11
10628,10628.000000,3,2.991385e-12,1.895195e-11,2.697234e-16,-6.320322e-20,3.071549e-11
10629,10629.000000,3,2.302158e-12,1.426081e-11,3.596521e-16,-7.224595e-20,-1.642918e-10
10630,10630.000000,3,3.858247e-12,9.885870e-12,3.596731e-16,1.943874e-20,5.227666e-11
10631,10631.000000,3,2.344791e-12,6.054490e-12,3.596940e-16,-3.786833e-20,-2.249276e-11
10632,10632.000000,3,3.005596e-12,4.827028e-12,3.597148e-16,-1.899174e-19,7.816883e-11
10633,10633.000000,3,2.685852e-12,4.539258e-12,3.597357e-16,-8.674147e-20,-6.378623e-11
10634,10634.000000,3,3.041123e-12,4.909628e-12,3.597565e-16,9.764040e-21,-1.060866e-10
10635,10635.000000,3,3.545608e-12,8.113954e-12,3.597773e-16,3.952269e-20,1.489975e-10
10636,10636.000000,3,4.064304e-12,1.115086e-11,3.597981e-16,-5.623836e-20,1.585235e-10
10637,10637.000000,3,5.741185e-12,1.405520e-11,3.598189e-16,-8.566613e-20,1.665659e-10
10638,10638.000000,3,3.538503e-12,1.682010e-11,3.598397e-16,1.796702e-19,-5.783568e-11
10639,10639.000000,3,6.828316e-12,1.948153e-11,3.598606e-16,1.289409e-20,7.877524e-11
10640,10640.000000,3,8.277823e-12,2.202705e-11,3.598814e-16,1.239679e-19,2.520207e-10
10641,10641.000000,3,9.016787e-12,2.448308e-11,3.599022e-16,5.330021e-20,1.455595e-10
10642,10642.000000,3,1.323741e-11,2.684497e-11,3.599231e-16,-4.258326e-21,1.047594e-10
10643,10643.000000,3,8.213874e-12,2.912248e-11,3.599440e-16,-4.544861e-20,-9.983933e-11
10644,10644.000000,3,1.054445e-11,3.132095e-11,3.599649e-16,8.083209e-20,9.203088e-11
10645,10645.000000,3,6.984635e-12,3.344680e-11,3.599858e-16,-9.711100e-21,-1.893937e-10
10646,10646.000000,3,7.695178e-12,3.549716e-11,3.600068e-16,3.497320e-20,-3.664632e-11
10647,10647.000000,3,9.066525e-12,3.749601e-11,3.600278e-16,-2.074238e-20,-4.317804e-11
10648,10648.000000,3,1.016787e-11,3.943978e-11,3.600488e-16,-4.974333e-20,1.535632e-10
10649,10649.000000,3,8.704149e-12,4.132139e-11,3.600698e-16,3.030790e-21,-4.325765e-11
10650,10650.000000,3,1.175948e-11,4.314682e-11,3.600909e-16,1.023421e-19,-7.268353e-11
10651,10651.000000,3,9.492851e-12,4.492229e-11,3.601120e-16,3.105567e-20,-7.920897e-11
10652,10652.000000,3,1.023892e-11,4.665290e-11,3.601331e-16,5.571227e-20,3.229472e-11
10653,10653.000000,3,1.215739e-11,4.833911e-11,3.601543e-16,-1.528299e-19,2.029624e-11
10654,10654.000000,3,1.309530e-11,4.998246e-11,3.601755e-16,-1.105047e-19,-4.308554e-12
10655,10655.000000,3,1.188027e-11,5.157963e-11,3.601967e-16,1.088934e-19,4.128267e-11
10656,10656.000000,3,1.481482e-11,5.314971e-11,3.602180e-16,-6.772624e-20,6.761647e-11
10657,10657.000000,3,1.234213e-11,5.467404e-11,3.602393e-16,4.605742e-20,1.707613e-10
10658,10658.000000,3,1.239897e-11,5.616463e-11,3.602606e-16,-4.020098e-21,-2.387066e-11
10659,10659.000000,3,1.321609e-11,5.763190e-11,3.602820e-16,-1.180221e-20,-4.464201e-11
10660,10660.000000,3,1.449507e-11,5.904499e-11,3.603033e-16,8.006777e-20,1.547706e-10
10661,10661.000000,3,1.507772e-11,6.043788e-11,3.603248e-16,8.304232e-20,1.133856e-10
10662,10662.000000,3,1.281819e-11,6.180856e-11,3.603455e-16,1.063820e-19,3.518000e-11
10663,10663.000000,3,1.443823e-11,6.314993e-11,3.603678e-16,-5.707877e-20,-1.119601e-10
10664,10664.000000,3,1.626432e-11,6.445888e-11,3.603893e-16,3.691211e-20,5.487519e-11
10665,10665.000000,3,1.568168e-11,6.574141e-11,3.604109e-16,3.070494e-21,2.427714e-11
10666,10666.000000,3,1.396216e-11,6.700351e-11,3.604316e-16,1.112624e-19,2.079550e-11
10667,10667.000000,3,1.565326e-11,6.824297e-11,3.604541e-16,1.633020e-19,2.192764e-10
10668,10668.000000,3,1.475087e-11,6.944934e-11,3.604758e-16,-4.964076e-20,-2.861045e-11
10669,10669.000000,3,1.318057e-11,7.065259e-11,3.604975e-16,-1.097172e-19,-1.929470e-10
10670,10670.000000,3,1.610090e-11,7.181722e-11,3.605193e-16,6.434142e-20,-7.164880e-12
10671,10671.000000,3,1.551115e-11,7.297341e-11,3.605401e-16,-5.375020e-20,-5.294645e-11
10672,10672.000000,3,1.399059e-11,7.408851e-11,3.605629e-16,6.341167e-20,-3.658029e-11
10673,10673.000000,3,1.209344e-11,7.521050e-11,3.605847e-16,-1.628355e-19,1.188077e-11
10674,10674.000000,3,1.468692e-11,7.629697e-11,3.606066e-16,6.910929e-20,-1.611810e-10
10675,10675.000000,3,1.228528e-11,7.736145e-11,3.606286e-16,1.133601e-19,-2.296399e-10
10676,10676.000000,3,1.644906e-11,7.841749e-11,3.606505e-16,-6.706119e-20,-2.337711e-11
10677,10677.000000,3,1.502087e-11,7.946532e-11,3.606725e-16,-1.882994e-20,-2.789066e-11
10678,10678.000000,3,1.515588e-11,8.047940e-11,3.606935e-16,-1.193986e-19,2.500244e-10
10679,10679.000000,3,1.700329e-11,8.149703e-11,3.607166e-16,-1.177938e-19,9.946988e-12
10680,10680.000000,3,1.614353e-11,8.247958e-11,3.607388e-16,-1.295034e-19,3.875487e-10
10681,10681.000000,3,1.639222e-11,8.449685e-11,3.607609e-16,-1.433769e-19,-2.231673e-10
10682,10682.000000,3,1.539036e-11,8.690226e-11,3.607831e-16,1.273196e-19,4.203507e-11
10683,10683.000000,3,1.769251e-11,8.869971e-11,4.510052e-16,-6.644907e-20,-1.795356e-11
10684,10684.000000,3,1.608669e-11,9.038459e-11,4.510329e-16,-4.178586e-20,-7.214700e-11
10685,10685.000000,3,1.567457e-11,9.192602e-11,3.608498e-16,-4.596146e-20,-1.526310e-10
10686,10686.000000,3,1.852385e-11,9.341128e-11,3.608721e-16,-7.295733e-20,-5.061658e-11
10687,10687.000000,3,1.461586e-11,9.481127e-11,3.608945e-16,-3.410962e-20,1.846047e-10
10688,10688.000000,3,1.728040e-11,9.618106e-11,2.706876e-16,8.551062e-20,1.682590e-11
10689,10689.000000,3,2.007283e-11,9.748580e-11,3.609393e-16,1.767321e-19,3.043801e-11
10690,10690.000000,3,1.718092e-11,9.877388e-11,3.609617e-16,-1.862281e-19,-2.085800e-10
10691,10691.000000,3,2.054179e-11,1.000204e-10,3.609842e-16,9.633676e-20,1.334763e-11
10692,10692.000000,3,1.804779e-11,1.012366e-10,3.610067e-16,2.011703e-20,2.317970e-10
10693,10693.000000,3,1.734435e-11,1.024261e-10,3.610293e-16,-8.654294e-20,-1.436250e-10
10694,10694.000000,3,1.614353e-11,1.035769e-10,3.610519e-16,-5.496450e-20,-5.150275e-11
10695,10695.000000,3,1.715250e-11,1.047260e-10,3.610745e-16,7.781123e-20,-4.455920e-11
10696,10696.000000,3,1.764988e-11,1.058411e-10,3.610972e-16,6.225361e-20,-3.895644e-11
10697,10697.000000,3,1.934808e-11,1.069431e-10,3.611199e-16,1.777777e-20,1.268534e-10
10698,10698.000000,3,1.890044e-11,1.080223e-10,3.611426e-16,6.715052e-20,2.615436e-12
10699,10699.000000,3,2.036415e-11,1.090807e-10,3.611654e-16,-5.735009e-20,1.562937e-10
10700,10700.000000,3,1.805489e-11,1.101281e-10,3.611882e-16,-2.986453e-20,-8.823983e-12
10701,10701.000000,3,1.971046e-11,1.111562e-10,3.612110e-16,1.860826e-20,1.718936e-10
10702,10702.000000,3,1.816858e-11,1.121705e-10,3.612339e-16,-8.888552e-20,-2.851457e-11
10703,10703.000000,3,1.950440e-11,1.131708e-10,3.612568e-16,9.613162e-20,1.727375e-10
10704,10704.000000,3,1.860201e-11,1.141469e-10,3.612798e-16,-1.020112e-19,-8.067204e-11
10705,10705.000000,3,1.933387e-11,1.151197e-10,3.613028e-16,1.114047e-20,-3.633605e-11
10706,10706.000000,3,1.885780e-11,1.160734e-10,3.613258e-16,-3.330229e-20,1.102790e-11
10707,10707.000000,3,2.096101e-11,1.170066e-10,3.613488e-16,-5.454429e-20,-8.594109e-11
10708,10708.000000,3,1.721645e-11,1.179374e-10,3.613704e-16,7.809908e-20,1.460761e-11
10709,10709.000000,3,1.641354e-11,1.188580e-10,3.613951e-16,1.211820e-19,-4.175153e-11
10710,10710.000000,3,1.698908e-11,1.197586e-10,3.614183e-16,-2.748887e-20,-1.832704e-10
10711,10711.000000,3,2.054890e-11,1.206726e-10,3.614415e-16,-7.967735e-20,-9.554552e-12
10712,10712.000000,3,1.836042e-11,1.215494e-10,3.614647e-16,-8.421360e-20,-7.999805e-11
10713,10713.000000,3,1.988809e-11,1.224263e-10,4.518600e-16,-2.259527e-20,9.107173e-12
10714,10714.000000,3,1.698908e-11,1.232909e-10,3.615096e-16,4.457511e-20,-8.555801e-11
10715,10715.000000,3,1.953282e-11,1.241536e-10,3.615346e-16,-2.257210e-20,1.480152e-11
10716,10716.000000,3,2.032152e-11,1.249953e-10,3.615580e-16,-5.694642e-20,4.735677e-11
10717,10717.000000,3,1.865885e-11,1.258413e-10,3.615797e-16,7.357937e-20,1.821845e-10
10718,10718.000000,3,1.571010e-11,1.266656e-10,3.616049e-16,1.403560e-20,5.491634e-11
10719,10719.000000,3,1.801936e-11,1.274727e-10,3.616284e-16,-4.059802e-21,3.307309e-11
10720,10720.000000,3,1.605116e-11,1.282960e-10,3.616519e-16,-1.399590e-20,-2.518603e-11
10721,10721.000000,3,1.872280e-11,1.290965e-10,3.616755e-16,9.648566e-20,8.186896e-12
10722,10722.000000,3,1.969624e-11,1.298843e-10,3.616990e-16,1.091217e-19,5.949881e-11
10723,10723.000000,3,1.838174e-11,1.306684e-10,3.617208e-16,9.444417e-20,-6.431439e-11
10724,10724.000000,3,1.986677e-11,1.314522e-10,3.617463e-16,-1.895104e-19,1.480965e-10
10725,10725.000000,3,1.939071e-11,1.322276e-10,3.617700e-16,-1.192761e-19,5.016765e-12
10726,10726.000000,3,2.032863e-11,1.329907e-10,3.617937e-16,-6.157202e-20,2.395033e-10
10727,10727.000000,3,1.870148e-11,1.337388e-10,3.618175e-16,-4.510450e-20,6.163221e-11
10728,10728.000000,3,2.127365e-11,1.344922e-10,3.618413e-16,7.337754e-20,1.675980e-10
10729,10729.000000,3,1.551825e-11,1.352278e-10,3.618651e-16,1.369149e-20,1.689126e-10
10730,10730.000000,3,1.800515e-11,1.359646e-10,3.618890e-16,4.344683e-20,-2.092137e-10
10731,10731.000000,3,1.735856e-11,1.367038e-10,3.619129e-16,3.354383e-20,9.928976e-11
10732,10732.000000,3,1.639222e-11,1.374256e-10,3.619368e-16,1.258704e-19,-3.816319e-11
10733,10733.000000,3,2.009415e-11,1.381393e-10,4.524485e-16,-1.844083e-19,-4.092530e-11
10734,10734.000000,3,1.583800e-11,1.388494e-10,3.619847e-16,-9.748158e-20,-6.250028e-11
10735,10735.000000,3,1.649170e-11,1.395501e-10,3.620088e-16,4.697393e-20,1.323305e-10
10736,10736.000000,3,1.727329e-11,1.402445e-10,3.620328e-16,8.223168e-20,-1.484167e-10
10737,10737.000000,3,1.759304e-11,1.409368e-10,4.525711e-16,1.489852e-19,-2.258475e-11
10738,10738.000000,3,1.720935e-11,1.416287e-10,3.620810e-16,-1.288417e-20,-1.816679e-10
10739,10739.000000,3,2.040679e-11,1.423042e-10,3.621052e-16,-9.127111e-20,6.111248e-11
10740,10740.000000,3,1.665512e-11,1.429858e-10,3.621293e-16,-5.876291e-21,-2.130657e-10
10741,10741.000000,3,1.663381e-11,1.370832e-10,3.621536e-16,-8.172214e-20,-4.542505e-11
10742,10742.000000,3,1.608669e-11,1.287304e-10,3.621778e-16,-1.075533e-19,9.634238e-13
10743,10743.000000,3,1.624301e-11,1.242300e-10,3.622021e-16,2.699918e-21,3.990008e-11
10744,10744.000000,3,1.674039e-11,1.202736e-10,3.622264e-16,-3.639595e-20,1.788661e-10
10745,10745.000000,3,1.666933e-11,1.171339e-10,4.528107e-16,3.394418e-20,1.298991e-10
10746,10746.000000,3,1.605827e-11,1.142966e-10,3.622751e-16,2.284342e-20,-1.289265e-10
10747,10747.000000,3,1.705303e-11,1.118425e-10,3.622995e-16,2.193815e-19,-8.714114e-11
10748,10748.000000,3,1.441691e-11,1.095601e-10,3.623239e-16,3.273319e-20,8.786499e-11
10749,10749.000000,3,1.538325e-11,1.075122e-10,3.623483e-16,4.170314e-20,7.555342e-11
10750,10750.000000,3,1.326583e-11,1.055911e-10,3.623728e-16,7.787409e-20,1.142031e-10
10751,10751.000000,3,1.442402e-11,1.038203e-10,3.623972e-16,-3.262069e-20,-1.091970e-10
10752,10752.000000,3,1.299583e-11,1.021547e-10,3.624217e-16,-2.944432e-20,-1.050679e-10
10753,10753.000000,3,1.096367e-11,1.005824e-10,3.624462e-16,2.283680e-20,1.807456e-10
10754,10754.000000,3,1.752198e-11,9.910606e-11,3.624707e-16,-7.319887e-20,-1.436021e-11
10755,10755.000000,3,1.421796e-11,9.768941e-11,3.624952e-16,9.246225e-20,-6.172257e-12
10756,10756.000000,3,1.412559e-11,9.635670e-11,3.625197e-16,7.557453e-20,1.391292e-10
10757,10757.000000,3,1.078604e-11,9.507728e-11,3.625442e-16,-3.550921e-20,-3.818346e-11
10758,10758.000000,3,1.238476e-11,9.385603e-11,3.625687e-16,-7.625944e-20,4.015119e-11
10759,10759.000000,3,1.241318e-11,9.267809e-11,2.719449e-16,6.737882e-20,-8.046047e-11
10760,10760.000000,3,1.276845e-11,9.155898e-11,3.626177e-16,-5.101057e-20,8.542783e-11
10761,10761.000000,3,1.364242e-11,9.046919e-11,3.626422e-16,-2.518930e-20,-1.976189e-10
10762,10762.000000,3,1.033129e-11,8.943579e-11,3.626666e-16,2.051408e-20,-1.034124e-11
10763,10763.000000,3,1.480061e-11,8.841528e-11,3.626911e-16,-8.734366e-20,-4.352671e-12
10764,10764.000000,3,1.342926e-11,8.744139e-11,3.627156e-16,-5.555676e-20,-7.478482e-11
10765,10765.000000,3,1.525535e-11,8.650169e-11,3.627378e-16,-5.518287e-20,-3.410394e-11
10766,10766.000000,3,1.379163e-11,8.558598e-11,3.627645e-16,-1.484591e-19,1.831162e-10
10767,10767.000000,3,1.587352e-11,8.469181e-11,3.627889e-16,-6.781888e-20,4.106410e-12
10768,10768.000000,3,1.546141e-11,8.383116e-11,3.628133e-16,-4.350639e-20,1.329389e-10
10769,10769.000000,3,1.271871e-11,8.299716e-11,3.628377e-16,-1.139491e-19,6.262760e-11
10770,10770.000000,3,1.382716e-11,8.217849e-11,3.628621e-16,1.171288e-20,8.454676e-11
10771,10771.000000,3,1.450928e-11,8.138756e-11,3.628865e-16,1.384899e-19,-1.307585e-10
10772,10772.000000,3,1.169553e-11,8.060153e-11,3.629109e-16,3.121780e-20,-1.949685e-10
10773,10773.000000,3,1.207923e-11,7.984569e-11,3.629352e-16,-2.489814e-20,-1.950488e-11
10774,10774.000000,3,1.000444e-11,7.911849e-11,3.629596e-16,-4.204394e-20,6.512896e-11
10775,10775.000000,3,1.561773e-11,7.839263e-11,3.629839e-16,1.594142e-20,-1.137834e-10
10776,10776.000000,3,1.268319e-11,7.767942e-11,3.630082e-16,1.260292e-20,-3.198594e-12
10777,10777.000000,3,1.263345e-11,7.699485e-11,3.630325e-16,-6.923171e-20,9.101569e-11
10778,10778.000000,3,1.507772e-11,7.631584e-11,3.630568e-16,-8.926271e-20,-2.200930e-11
10779,10779.000000,3,1.150369e-11,7.566214e-11,3.630811e-16,1.350290e-20,-5.108863e-11
10780,10780.000000,3,1.354294e-11,7.501755e-11,3.631053e-16,-1.900530e-20,1.940177e-10
10781,10781.000000,3,1.040235e-11,7.438894e-11,3.631296e-16,9.711762e-20,-1.295928e-10
10782,10782.000000,3,1.526246e-11,7.376832e-11,3.631538e-16,-1.061670e-19,-5.521429e-11
10783,10783.000000,3,1.237055e-11,7.315881e-11,3.631780e-16,-9.850067e-21,-6.826788e-11
10784,10784.000000,3,1.269029e-11,7.256373e-11,3.632022e-16,8.630803e-20,-2.746310e-10
10785,10785.000000,3,1.217160e-11,7.197776e-11,3.632263e-16,7.014492e-21,-1.695447e-10
10786,10786.000000,3,1.122658e-11,7.139356e-11,3.632505e-16,-1.304298e-20,-2.158134e-10
10787,10787.000000,3,1.325162e-11,7.083090e-11,3.632746e-16,-6.895378e-21,4.536990e-11
10788,10788.000000,3,1.392664e-11,7.026379e-11,3.632967e-16,2.643669e-20,1.023642e-11
10789,10789.000000,3,1.070077e-11,6.972511e-11,3.633229e-16,3.464563e-20,1.917963e-11
10790,10790.000000,3,1.397638e-11,6.918666e-11,2.837154e-16,-1.866781e-20,5.756891e-11
10791,10791.000000,3,1.317346e-11,6.865752e-11,3.633711e-16,-2.837891e-20,5.858114e-11
10792,10792.000000,3,1.154632e-11,6.814149e-11,3.633951e-16,1.044861e-19,2.213026e-10
10793,10793.000000,3,1.556799e-11,6.762368e-11,3.634192e-16,2.587421e-21,-5.749803e-11
10794,10794.000000,3,1.306688e-11,6.712253e-11,3.634432e-16,-2.221311e-19,1.572589e-10
10795,10795.000000,3,1.019629e-11,6.662004e-11,3.634672e-16,-6.745823e-20,-7.511190e-11
10796,10796.000000,3,1.107026e-11,6.612488e-11,3.634912e-16,-2.676756e-21,8.642770e-11
10797,10797.000000,3,1.226397e-11,6.563816e-11,3.635152e-16,1.240870e-19,-6.226035e-11
10798,10798.000000,3,1.448086e-11,6.516498e-11,3.635392e-16,8.224161e-20,9.922506e-11
10799,10799.000000,3,1.426770e-11,6.469447e-11,3.635632e-16,-1.359885e-20,2.708869e-10
10800,10800.000000,3,1.762146e-11,6.423662e-11,4.544839e-16,1.155869e-19,1.735251e-10
