step,time_s,picard_iterations,picard_delta_temperature_C,picard_delta_moisture_kgkg,linear_normalized_inf_residual,moisture_balance_residual,energy_balance_residual
1,1.000000,4,5.091039e-12,2.602363e-13,2.944916e-16,-3.328575e-20,1.248762e-10
2,2.000000,4,5.741185e-12,8.295586e-13,3.695213e-16,-5.835263e-20,-3.788459e-11
3,3.000000,4,3.556266e-12,4.893863e-13,3.372476e-16,2.559628e-20,4.465922e-11
4,4.000000,4,5.741185e-12,6.359357e-13,3.374075e-16,1.699228e-19,-2.349928e-10
5,5.000000,4,5.762502e-12,5.337952e-13,3.721426e-16,-4.986906e-19,1.205319e-10
6,6.000000,4,4.099832e-12,5.915268e-13,3.377383e-16,-8.621207e-20,3.064093e-10
7,7.000000,4,3.932854e-12,5.564438e-13,3.378601e-16,7.055520e-20,1.731222e-10
8,8.000000,4,5.215384e-12,5.719869e-13,2.992188e-16,2.244042e-19,3.510845e-10
9,9.000000,4,5.123013e-12,5.111467e-13,3.380076e-16,-3.341148e-20,4.680682e-10
10,10.000000,4,3.758771e-12,4.920508e-13,3.381568e-16,5.995405e-21,-5.663067e-12
11,11.000000,4,6.217249e-12,4.751755e-13,3.004234e-16,-2.479887e-19,4.725596e-11
12,12.000000,4,3.335998e-12,4.489742e-13,3.383753e-16,-2.232064e-19,1.069562e-10
13,13.000000,4,4.877876e-12,4.307665e-13,3.011361e-16,-1.000690e-19,1.923745e-10
14,14.000000,4,3.929301e-12,4.143352e-13,3.385434e-16,-3.417050e-19,8.504765e-11
15,15.000000,4,6.181722e-12,3.681500e-13,3.772444e-16,7.768880e-21,8.855578e-11
16,16.000000,4,4.941825e-12,3.796963e-13,3.021087e-16,-1.051512e-19,3.245074e-11
17,17.000000,4,4.607870e-12,4.103384e-13,3.387690e-16,2.253505e-19,1.479024e-11
18,18.000000,4,3.051781e-12,3.717027e-13,3.388105e-16,1.084136e-19,1.824634e-10
19,19.000000,4,4.408918e-12,3.699263e-13,3.787412e-16,-1.725234e-19,3.276978e-10
20,20.000000,4,3.300471e-12,3.264056e-13,3.389723e-16,4.963084e-22,-4.618264e-11
21,21.000000,4,3.598899e-12,3.264056e-13,3.035436e-16,4.022083e-20,-2.483207e-10
22,22.000000,4,5.119460e-12,2.913225e-13,3.390965e-16,-1.909331e-19,-6.741059e-11
23,23.000000,4,4.092726e-12,2.668976e-13,3.391552e-16,1.631663e-19,7.381251e-11
24,24.000000,4,3.382183e-12,2.589040e-13,3.391859e-16,3.271665e-20,2.405700e-10
25,25.000000,4,4.696687e-12,2.695622e-13,3.045704e-16,-4.937937e-20,1.909689e-10
26,26.000000,4,4.707346e-12,2.398082e-13,3.048139e-16,1.129333e-19,-3.955209e-10
27,27.000000,4,4.131806e-12,2.406964e-13,3.393761e-16,1.334739e-20,-3.867787e-11
28,28.000000,4,4.771294e-12,2.375877e-13,3.394279e-16,1.074805e-19,1.750898e-10
29,29.000000,4,5.037748e-12,2.309264e-13,3.394778e-16,4.813529e-20,3.546191e-10
30,30.000000,4,5.453415e-12,2.269296e-13,3.057423e-16,2.870780e-19,1.690292e-10
31,31.000000,4,3.790745e-12,2.113865e-13,3.395745e-16,-1.282726e-19,4.327218e-11
32,32.000000,4,4.131806e-12,2.104983e-13,3.827284e-16,1.927132e-19,9.912846e-11
33,33.000000,4,4.625633e-12,1.896261e-13,3.063975e-16,4.411851e-20,3.380595e-10
34,34.000000,4,5.705658e-12,1.931788e-13,3.066092e-16,1.074144e-19,4.092396e-11
35,35.000000,4,4.860112e-12,2.011724e-13,3.068174e-16,-5.170210e-20,-2.167380e-11
36,36.000000,4,3.868905e-12,2.007283e-13,3.397971e-16,-1.060909e-19,-1.786898e-11
37,37.000000,4,4.458656e-12,1.829648e-13,3.398080e-16,-3.565413e-19,-6.902365e-11
38,38.000000,4,3.964828e-12,1.567635e-13,3.398793e-16,4.157079e-20,-2.013750e-11
39,39.000000,4,4.980905e-12,1.820766e-13,3.845267e-16,-3.805031e-20,6.330403e-11
40,40.000000,4,4.909850e-12,1.647571e-13,3.399578e-16,1.687118e-19,-2.215529e-10
41,41.000000,4,5.471179e-12,1.940670e-13,3.849974e-16,9.992342e-20,1.824808e-10
42,42.000000,4,4.135359e-12,1.523226e-13,3.400098e-16,9.122148e-20,-9.481069e-11
43,43.000000,4,4.320100e-12,1.749711e-13,3.083832e-16,-3.710534e-19,-2.917658e-10
44,44.000000,4,3.083755e-12,1.576517e-13,3.401054e-16,1.674214e-21,7.473744e-12
45,45.000000,4,3.417711e-12,1.509903e-13,3.401403e-16,-1.563702e-20,1.344757e-10
46,46.000000,4,3.694822e-12,1.594280e-13,3.401748e-16,5.970259e-20,-1.481729e-10
47,47.000000,4,7.666756e-12,1.545430e-13,3.402083e-16,-2.716527e-19,1.011811e-10
48,48.000000,4,4.025225e-12,1.283418e-13,3.092847e-16,2.114274e-20,-1.457706e-10
49,49.000000,4,4.565237e-12,1.545430e-13,3.094590e-16,-9.754776e-20,-1.578106e-10
50,50.000000,4,4.437339e-12,1.310063e-13,3.096314e-16,-4.132594e-19,-2.588235e-12
51,51.000000,4,4.032330e-12,1.407763e-13,3.403364e-16,-2.606876e-19,7.857712e-11
52,52.000000,4,4.714451e-12,1.363354e-13,3.099706e-16,1.544181e-19,2.771866e-11
53,53.000000,4,4.369838e-12,1.527667e-13,3.403968e-16,-1.307475e-19,9.351547e-11
54,54.000000,4,3.900880e-12,1.429967e-13,3.103028e-16,9.076487e-20,-2.586323e-10
55,55.000000,4,3.495870e-12,1.372236e-13,3.104665e-16,2.571539e-20,2.504767e-10
56,56.000000,4,7.108980e-12,1.332268e-13,3.404832e-16,2.179588e-19,7.581269e-11
57,57.000000,4,4.074963e-12,1.181277e-13,3.405108e-16,-9.987710e-20,-1.315439e-11
58,58.000000,4,6.203038e-12,1.132427e-13,3.886852e-16,-1.255395e-19,3.804188e-11
59,59.000000,4,3.240075e-12,1.509903e-13,3.405647e-16,-8.057401e-20,3.286472e-10
60,60.000000,4,4.163780e-12,1.389999e-13,3.405909e-16,3.729592e-20,1.395938e-10
61,61.000000,4,4.575895e-12,1.523226e-13,3.405939e-16,1.381921e-19,-1.883503e-10
62,62.000000,4,3.005596e-12,1.674216e-13,3.406406e-16,-4.603756e-20,2.440463e-10
63,63.000000,4,4.838796e-12,1.296740e-13,3.406644e-16,-3.527098e-20,2.883171e-10
64,64.000000,4,3.836931e-12,1.456613e-13,3.406875e-16,1.093797e-19,1.775790e-10
65,65.000000,4,4.245493e-12,1.501022e-13,3.120205e-16,2.290496e-19,7.523526e-11
66,66.000000,4,4.042988e-12,1.563194e-13,3.407320e-16,1.989535e-19,-3.450509e-10
67,67.000000,4,4.089173e-12,1.287859e-13,3.123142e-16,-8.182471e-20,1.275163e-11
68,68.000000,4,3.979039e-12,1.278977e-13,3.124591e-16,3.586390e-19,3.155863e-10
69,69.000000,4,4.540368e-12,1.403322e-13,3.407945e-16,-2.795076e-19,6.044848e-11
70,70.000000,4,3.645084e-12,1.678657e-13,3.127451e-16,2.836369e-19,-3.464135e-11
71,71.000000,4,5.137224e-12,2.104983e-13,3.128862e-16,3.656006e-19,1.882428e-10
72,72.000000,4,3.389289e-12,1.683098e-13,3.408525e-16,-1.635634e-19,-3.128309e-11
73,73.000000,4,4.170886e-12,1.758593e-13,3.914562e-16,1.321570e-19,3.134704e-10
74,74.000000,4,4.590106e-12,1.620926e-13,3.133026e-16,-1.190346e-19,1.829203e-12
75,75.000000,4,3.193890e-12,1.949552e-13,3.134391e-16,-2.654787e-19,-7.799317e-13
76,76.000000,4,5.027090e-12,2.122746e-13,3.409231e-16,1.200471e-19,-8.018874e-11
77,77.000000,4,4.259704e-12,2.389200e-13,3.409397e-16,6.384511e-20,5.158235e-11
78,78.000000,4,5.112355e-12,2.313705e-13,3.409558e-16,-2.612369e-19,8.108575e-11
79,79.000000,4,5.346834e-12,2.318146e-13,3.409714e-16,-1.229918e-19,-5.476986e-11
80,80.000000,4,2.927436e-12,2.562395e-13,3.409867e-16,9.476181e-21,-5.607281e-11
81,81.000000,4,4.980905e-12,2.584599e-13,3.410016e-16,-3.258827e-19,-2.548864e-10
82,82.000000,4,6.988188e-12,2.851053e-13,3.410160e-16,-5.997390e-20,2.828350e-10
83,83.000000,4,4.206413e-12,2.504663e-13,3.410301e-16,-1.481712e-19,2.206377e-10
84,84.000000,4,5.659473e-12,2.531308e-13,3.410437e-16,3.077906e-19,7.897560e-11
85,85.000000,4,4.344969e-12,2.779998e-13,3.934332e-16,-6.211332e-19,-1.298391e-10
86,86.000000,4,3.485212e-12,2.819966e-13,3.148720e-16,-3.452122e-19,-6.836032e-11
87,87.000000,4,4.728662e-12,2.802203e-13,3.410824e-16,-7.843657e-20,-1.665028e-10
88,88.000000,4,4.341416e-12,3.033129e-13,3.410946e-16,1.204838e-19,-2.737566e-10
89,89.000000,4,4.128253e-12,2.935430e-13,3.411064e-16,1.873994e-19,-2.823946e-10
90,90.000000,4,4.444445e-12,3.086420e-13,3.153647e-16,5.982170e-20,7.508183e-11
91,91.000000,4,4.650502e-12,2.806644e-13,3.154858e-16,-2.733600e-19,1.351781e-10
92,92.000000,4,3.758771e-12,3.006484e-13,3.411396e-16,-2.972821e-19,2.152885e-10
93,93.000000,4,4.607870e-12,3.526068e-13,3.411325e-16,-2.434227e-19,-6.384551e-10
94,94.000000,4,4.636291e-12,3.352874e-13,3.411601e-16,2.715005e-19,1.264332e-10
95,95.000000,4,3.446132e-12,3.397282e-13,3.159618e-16,1.623259e-19,-8.107276e-11
96,96.000000,4,5.261569e-12,3.623768e-13,3.160790e-16,-4.037766e-19,-6.639861e-11
97,97.000000,4,4.835243e-12,3.468337e-13,3.161953e-16,1.262675e-19,-2.620748e-10
98,98.000000,4,4.249046e-12,3.743672e-13,3.411969e-16,1.735293e-19,2.938636e-10
99,99.000000,4,7.716494e-12,3.508305e-13,3.955311e-16,-3.151227e-20,-3.183044e-10
100,100.000000,4,4.693135e-12,3.557155e-13,3.412134e-16,-2.491071e-19,2.384195e-10
101,101.000000,4,4.853007e-12,3.814726e-13,3.166529e-16,-4.089515e-19,7.608347e-11
102,102.000000,4,4.746425e-12,3.810285e-13,3.412120e-16,-1.599436e-20,-2.744788e-11
103,103.000000,4,4.774847e-12,3.876899e-13,3.168773e-16,-2.108914e-19,2.086386e-10
104,104.000000,4,4.270362e-12,3.641532e-13,3.169872e-16,-2.253108e-19,4.269579e-11
105,105.000000,4,4.316547e-12,3.881340e-13,3.412493e-16,8.540474e-20,9.870577e-11
106,106.000000,4,3.794298e-12,3.712586e-13,3.965089e-16,1.490447e-19,4.825301e-11
107,107.000000,4,4.192202e-12,3.939071e-13,3.412616e-16,9.535076e-20,1.282214e-10
108,108.000000,4,4.284573e-12,4.174439e-13,3.412673e-16,-9.139353e-20,-5.425854e-11
109,109.000000,4,5.684342e-12,4.405365e-13,3.412727e-16,5.409033e-19,-2.228685e-10
110,110.000000,4,5.176304e-12,4.201084e-13,3.412779e-16,-7.912479e-20,9.842976e-11
111,111.000000,4,4.657608e-12,4.130030e-13,3.412827e-16,8.918992e-20,-4.003542e-11
112,112.000000,4,4.146017e-12,4.689582e-13,3.412873e-16,1.621936e-20,9.238471e-11
113,113.000000,4,4.401812e-12,4.094503e-13,3.412916e-16,-5.962318e-20,2.153926e-10
114,114.000000,4,4.089173e-12,4.258816e-13,3.975756e-16,-4.798971e-20,-2.308523e-10
115,115.000000,4,4.032330e-12,4.165557e-13,3.412838e-16,-2.135449e-19,-1.667229e-10
116,116.000000,4,5.339729e-12,4.494183e-13,3.978343e-16,-9.712424e-20,8.409218e-11
117,117.000000,4,3.705480e-12,4.676259e-13,3.413062e-16,1.916412e-19,-3.484690e-10
118,118.000000,4,5.812240e-12,4.916068e-13,3.184748e-16,1.767122e-19,5.603429e-11
119,119.000000,4,4.931167e-12,4.636291e-13,3.413119e-16,-1.907677e-19,-1.924733e-10
120,120.000000,4,3.879563e-12,4.765077e-13,3.413143e-16,7.272572e-21,-1.679913e-10
121,121.000000,4,4.295231e-12,4.809486e-13,3.413170e-16,-2.077017e-19,5.633694e-11
122,122.000000,4,5.311307e-12,4.667378e-13,3.413200e-16,-2.669345e-19,2.125627e-10
123,123.000000,4,5.336176e-12,4.800604e-13,3.413079e-16,2.012365e-19,2.511789e-10
124,124.000000,4,4.220624e-12,4.911627e-13,3.413259e-16,-7.312277e-20,6.536116e-11
125,125.000000,4,4.956036e-12,4.773959e-13,3.413287e-16,-4.429188e-19,-4.756129e-11
126,126.000000,4,5.350387e-12,4.698464e-13,3.990855e-16,-2.796400e-19,4.349987e-11
127,127.000000,4,5.492495e-12,4.796163e-13,3.193691e-16,-1.594804e-20,3.168787e-10
128,128.000000,4,4.625633e-12,4.698464e-13,3.413369e-16,2.635993e-19,-4.291666e-10
129,129.000000,4,3.801404e-12,5.098144e-13,3.413394e-16,4.418733e-19,6.912249e-11
130,130.000000,4,4.682477e-12,4.845013e-13,3.413418e-16,3.038731e-19,-8.605050e-11
131,131.000000,4,3.488765e-12,4.738432e-13,3.413441e-16,-9.286922e-20,2.121852e-10
132,132.000000,4,4.764189e-12,4.747314e-13,3.998131e-16,-7.568372e-20,1.411009e-10
133,133.000000,4,6.117773e-12,4.867218e-13,3.413483e-16,-1.559269e-19,2.789002e-11
134,134.000000,4,3.556266e-12,4.800604e-13,3.413503e-16,-2.504173e-19,1.527726e-10
135,135.000000,4,4.078515e-12,5.129230e-13,3.201343e-16,-1.292056e-19,-4.992917e-11
136,136.000000,4,3.868905e-12,5.000445e-13,3.413538e-16,2.549834e-19,-2.383549e-11
137,137.000000,4,4.447998e-12,4.733991e-13,3.203214e-16,1.924353e-19,3.038679e-10
138,138.000000,4,3.225864e-12,4.880540e-13,3.204144e-16,-4.950511e-20,5.693002e-11
139,139.000000,4,2.998490e-12,5.226930e-13,3.205069e-16,-3.140308e-19,-1.467426e-10
140,140.000000,4,5.513812e-12,5.164758e-13,3.413448e-16,-2.235704e-19,-7.691081e-11
141,141.000000,4,3.428369e-12,5.324630e-13,3.413462e-16,3.317656e-19,1.551894e-10
142,142.000000,4,3.971934e-12,5.129230e-13,3.413611e-16,3.687902e-20,6.261347e-11
143,143.000000,4,4.188649e-12,4.827250e-13,3.208733e-16,-2.634074e-19,9.906298e-12
144,144.000000,4,4.991563e-12,5.209166e-13,3.413625e-16,-2.438528e-20,2.812983e-11
145,145.000000,4,5.172751e-12,5.333511e-13,3.413630e-16,1.769571e-19,3.029937e-10
146,146.000000,4,3.502976e-12,5.266898e-13,3.413634e-16,1.073879e-19,-1.850875e-10
147,147.000000,4,3.634426e-12,5.324630e-13,3.413636e-16,9.580075e-20,1.692054e-10
148,148.000000,4,3.822720e-12,5.146994e-13,3.213225e-16,-6.300469e-20,1.270293e-10
149,149.000000,4,4.988010e-12,5.204726e-13,3.214112e-16,-2.713814e-20,7.210788e-12
150,150.000000,4,5.563550e-12,5.173639e-13,3.214996e-16,-6.536050e-20,2.050671e-11
151,151.000000,4,3.556266e-12,5.546674e-13,3.413632e-16,6.578402e-20,6.495915e-11
152,152.000000,4,3.744560e-12,5.355716e-13,3.413628e-16,-3.079957e-19,-3.333365e-10
153,153.000000,4,3.044676e-12,5.591083e-13,3.413622e-16,-2.293739e-19,-2.042810e-12
154,154.000000,4,3.741008e-12,5.280221e-13,3.413477e-16,-1.612010e-20,1.246148e-10
155,155.000000,4,4.426681e-12,5.440093e-13,3.413607e-16,2.349722e-19,4.521694e-11
156,156.000000,4,8.260059e-12,5.413447e-13,3.220218e-16,-1.254469e-19,2.490605e-10
157,157.000000,4,4.941825e-12,5.533352e-13,3.413586e-16,-2.116060e-19,4.724060e-10
158,158.000000,4,3.396394e-12,5.528911e-13,3.413574e-16,2.603965e-19,-2.746623e-10
159,159.000000,4,3.350209e-12,5.559997e-13,3.222781e-16,-3.640653e-19,1.322630e-10
160,160.000000,4,3.471001e-12,5.466738e-13,3.223628e-16,1.611745e-19,5.114498e-11
161,161.000000,4,6.153300e-12,5.382361e-13,4.030590e-16,-1.193125e-19,-2.956324e-11
162,162.000000,4,4.238387e-12,5.386802e-13,3.413512e-16,-4.324103e-19,-3.898581e-11
163,163.000000,4,3.577583e-12,5.524470e-13,3.413493e-16,1.404884e-20,-1.839605e-10
164,164.000000,4,5.556444e-12,6.084022e-13,3.413339e-16,1.119341e-19,2.869911e-10
165,165.000000,4,4.270362e-12,5.484502e-13,3.227813e-16,-2.564525e-19,3.360621e-10
166,166.000000,4,5.087486e-12,5.528911e-13,3.413429e-16,-2.670139e-20,-1.281053e-10
167,167.000000,4,5.023537e-12,5.648815e-13,3.413405e-16,1.747733e-19,-1.312872e-11
168,168.000000,4,4.515499e-12,5.364598e-13,4.037791e-16,-7.827776e-20,5.399869e-11
169,169.000000,4,5.737633e-12,5.968559e-13,3.231049e-16,9.897051e-20,2.732408e-10
170,170.000000,4,6.124878e-12,5.928591e-13,3.413195e-16,1.557747e-20,5.437554e-10
171,171.000000,4,4.686029e-12,5.955236e-13,3.413297e-16,5.881585e-20,3.709513e-10
172,172.000000,4,5.471179e-12,5.631051e-13,3.413137e-16,-2.423176e-19,-2.884855e-10
173,173.000000,4,3.989697e-12,6.026291e-13,3.413236e-16,-2.201028e-19,-1.312026e-10
174,174.000000,4,5.165646e-12,5.857537e-13,3.235137e-16,1.021998e-19,1.977014e-10
175,175.000000,4,4.487077e-12,5.884182e-13,3.413169e-16,-2.392140e-19,1.072593e-10
176,176.000000,4,5.830003e-12,5.644374e-13,3.236730e-16,-5.112903e-19,-3.169837e-10
177,177.000000,4,4.515499e-12,5.924150e-13,3.413098e-16,-4.839933e-19,-2.301934e-10
178,178.000000,4,3.417711e-12,5.990763e-13,3.413061e-16,2.014483e-19,2.204157e-10
179,179.000000,4,6.611600e-12,5.813128e-13,3.239096e-16,-1.121657e-20,4.413702e-10
180,180.000000,4,4.153122e-12,6.132872e-13,3.412982e-16,-1.977226e-19,2.414846e-12
181,181.000000,4,4.018119e-12,5.799805e-13,3.240657e-16,-1.567342e-19,-1.261035e-10
182,182.000000,4,4.121148e-12,6.132872e-13,4.051720e-16,1.564496e-19,-5.199352e-11
183,183.000000,4,3.399947e-12,5.844214e-13,3.242207e-16,-1.917736e-20,5.916112e-11
184,184.000000,4,3.204548e-12,5.675460e-13,4.053650e-16,1.032454e-19,9.087764e-11
185,185.000000,4,3.808509e-12,5.759837e-13,3.412812e-16,-2.795209e-20,3.954592e-11
186,186.000000,4,4.238387e-12,5.715428e-13,3.412779e-16,1.302446e-19,2.081284e-10
187,187.000000,4,4.597212e-12,5.839773e-13,3.412747e-16,2.184749e-19,3.810035e-10
188,188.000000,4,4.920508e-12,6.039613e-13,4.057479e-16,2.008990e-19,-1.008995e-10
189,189.000000,4,4.170886e-12,5.857537e-13,3.246802e-16,-2.425955e-20,-1.638241e-10
190,190.000000,4,4.209966e-12,5.999645e-13,3.247503e-16,3.208865e-19,-2.023600e-10
191,191.000000,4,4.877876e-12,6.044054e-13,3.248317e-16,3.143286e-19,4.262742e-10
192,192.000000,4,7.460699e-12,5.879741e-13,3.412461e-16,1.881472e-19,1.035702e-10
193,193.000000,4,4.241940e-12,5.901946e-13,3.412552e-16,-7.055520e-19,1.647990e-10
194,194.000000,4,3.531397e-12,6.004086e-13,3.412518e-16,-1.148127e-20,1.055089e-11
195,195.000000,4,4.927614e-12,5.662137e-13,3.251324e-16,7.444626e-20,2.743894e-11
196,196.000000,4,4.018119e-12,5.426770e-13,3.412450e-16,2.537393e-19,-2.760822e-10
197,197.000000,4,5.041301e-12,5.857537e-13,3.412416e-16,-3.424792e-19,-3.090750e-12
198,198.000000,4,4.860112e-12,6.079581e-13,3.412381e-16,-7.330144e-20,-5.613554e-11
199,199.000000,4,4.561684e-12,5.990763e-13,3.254297e-16,-4.140734e-19,2.088143e-10
200,200.000000,4,3.797851e-12,5.901946e-13,3.255036e-16,1.589378e-19,3.004574e-11
201,201.000000,4,5.023537e-12,6.035172e-13,4.069640e-16,-6.808689e-20,-4.496801e-10
202,202.000000,4,4.565237e-12,6.088463e-13,3.412237e-16,5.070286e-20,1.781559e-10
203,203.000000,4,5.876188e-12,5.844214e-13,3.412083e-16,-1.184589e-19,-8.367640e-12
204,204.000000,4,4.671818e-12,6.101786e-13,3.257908e-16,-4.657358e-20,4.024214e-11
205,205.000000,4,3.780087e-12,5.906386e-13,3.412124e-16,-4.632211e-21,-2.797573e-11
206,206.000000,4,5.723422e-12,6.066259e-13,3.412085e-16,-4.063111e-21,1.661101e-10
207,207.000000,4,5.787371e-12,6.012968e-13,3.412046e-16,1.591694e-19,3.087055e-10
208,208.000000,4,5.041301e-12,6.075140e-13,3.260868e-16,4.042597e-20,-2.153444e-11
209,209.000000,4,4.011014e-12,5.999645e-13,3.411967e-16,-1.076724e-19,4.094559e-10
210,210.000000,4,5.893952e-12,6.075140e-13,3.411926e-16,8.623854e-20,3.584266e-10
211,211.000000,4,4.106937e-12,5.782042e-13,3.411885e-16,7.646458e-20,-4.291018e-10
212,212.000000,4,4.312994e-12,5.688783e-13,3.411843e-16,1.751373e-19,-4.309231e-11
213,213.000000,4,4.504841e-12,5.759837e-13,3.411801e-16,3.046672e-19,-8.561152e-11
214,214.000000,4,4.398260e-12,5.950795e-13,3.411758e-16,1.549342e-19,-3.237106e-10
215,215.000000,4,4.927614e-12,6.230572e-13,3.265804e-16,3.412616e-20,-9.822099e-11
216,216.000000,4,6.771472e-12,5.835332e-13,3.266571e-16,-1.804710e-19,2.730692e-10
217,217.000000,4,2.696510e-12,5.959677e-13,3.411626e-16,-2.021762e-19,2.907896e-11
218,218.000000,4,5.300649e-12,6.026291e-13,3.267977e-16,1.586996e-19,3.996876e-10
219,219.000000,4,5.080381e-12,6.035172e-13,3.268678e-16,1.232764e-19,-4.028252e-10
220,220.000000,4,3.666401e-12,6.177281e-13,3.411490e-16,-2.752460e-19,-1.960502e-10
221,221.000000,4,3.335998e-12,5.977441e-13,3.411443e-16,-1.673949e-19,1.847670e-10
222,222.000000,4,4.703793e-12,5.844214e-13,3.411396e-16,2.171845e-20,4.938372e-11
223,223.000000,4,4.245493e-12,5.897505e-13,3.411348e-16,-1.737873e-19,3.310408e-11
224,224.000000,4,5.531575e-12,6.101786e-13,3.411300e-16,3.423866e-20,1.386694e-10
225,225.000000,4,4.401812e-12,6.075140e-13,3.411251e-16,-1.234153e-20,1.516162e-10
226,226.000000,4,4.650502e-12,6.119549e-13,3.411201e-16,-1.617701e-19,1.890565e-11
227,227.000000,4,4.632739e-12,6.070699e-13,3.411151e-16,-1.257315e-22,-2.642138e-10
228,228.000000,4,3.431921e-12,5.786482e-13,3.411101e-16,2.642346e-20,1.922528e-10
229,229.000000,4,3.801404e-12,6.168399e-13,3.275571e-16,-1.854539e-19,-2.404993e-10
230,230.000000,4,4.213518e-12,6.128431e-13,3.410998e-16,1.620612e-20,-8.349033e-11
231,231.000000,4,5.531575e-12,6.092904e-13,3.276927e-16,6.626709e-20,-9.549794e-11
232,232.000000,4,4.316547e-12,5.893064e-13,3.410780e-16,1.502822e-19,2.222351e-10
233,233.000000,4,3.925749e-12,6.434853e-13,4.097764e-16,4.681379e-19,1.907277e-10
234,234.000000,4,3.861800e-12,6.283862e-13,3.278948e-16,-1.050453e-19,1.368914e-10
235,235.000000,4,4.838796e-12,6.301626e-13,3.410730e-16,2.315444e-20,3.730526e-10
236,236.000000,4,4.078515e-12,5.941914e-13,3.410675e-16,8.452462e-20,1.502768e-10
237,237.000000,4,4.522605e-12,6.146195e-13,3.280952e-16,-3.000482e-19,7.030354e-11
238,238.000000,4,3.925749e-12,5.759837e-13,3.410562e-16,-1.375502e-19,-1.653873e-10
239,239.000000,4,4.060752e-12,6.328271e-13,3.410505e-16,1.718749e-19,-2.177181e-11
240,240.000000,4,4.884981e-12,6.106227e-13,3.410448e-16,-6.690899e-20,1.694656e-11
241,241.000000,4,4.241940e-12,6.274981e-13,3.410270e-16,1.507851e-19,1.340650e-11
242,242.000000,4,4.380496e-12,6.279421e-13,3.284254e-16,8.510696e-20,3.330891e-11
243,243.000000,4,2.870593e-12,6.554757e-13,3.410202e-16,-3.046539e-19,-1.104149e-10
244,244.000000,4,4.021672e-12,6.656897e-13,3.410104e-16,5.188077e-20,-1.116117e-10
245,245.000000,4,3.520739e-12,6.856737e-13,3.410001e-16,7.862848e-20,9.064061e-11
246,246.000000,4,3.495870e-12,6.705747e-13,3.286854e-16,-2.341053e-19,-2.377536e-10
247,247.000000,4,4.867218e-12,7.145395e-13,3.409780e-16,4.283472e-20,-1.113247e-10
248,248.000000,4,4.785505e-12,6.821210e-13,3.288131e-16,2.080061e-19,3.240630e-10
249,249.000000,4,3.673506e-12,6.936673e-13,4.110953e-16,7.008536e-20,3.090337e-10
250,250.000000,4,5.030643e-12,7.278622e-13,3.289390e-16,1.247455e-19,1.774744e-10
251,251.000000,4,4.636291e-12,7.158718e-13,3.409289e-16,2.215256e-19,-2.496853e-10
252,252.000000,4,4.671818e-12,7.438494e-13,3.409158e-16,5.076771e-19,-1.001281e-10
253,253.000000,4,3.989697e-12,7.398526e-13,3.409023e-16,2.349391e-19,1.871325e-10
254,254.000000,4,3.367973e-12,7.105427e-13,3.408884e-16,-4.812206e-20,-2.596745e-11
255,255.000000,4,3.073097e-12,7.380763e-13,3.292467e-16,-1.236403e-19,1.703622e-10
256,256.000000,4,5.673684e-12,7.438494e-13,3.408598e-16,1.048269e-19,1.711020e-10
257,257.000000,4,4.330758e-12,7.447376e-13,3.408451e-16,2.506490e-19,4.460663e-10
258,258.000000,4,4.455103e-12,7.309708e-13,3.408301e-16,1.424339e-19,-2.783770e-10
259,259.000000,4,2.998490e-12,7.536194e-13,3.408148e-16,1.456169e-19,-7.684631e-12
260,260.000000,4,4.646949e-12,7.625012e-13,4.119195e-16,-6.029816e-20,9.125745e-11
261,261.000000,4,4.138911e-12,7.784884e-13,3.407834e-16,-7.536608e-20,1.007747e-10
262,262.000000,4,6.053824e-12,7.585044e-13,3.296612e-16,1.896229e-19,3.780812e-10
263,263.000000,4,4.394707e-12,7.913670e-13,3.297190e-16,7.996520e-20,-2.176491e-10
264,264.000000,4,5.304202e-12,7.749357e-13,3.407344e-16,-1.835812e-19,-2.173782e-10
265,265.000000,4,3.581135e-12,7.758238e-13,3.407175e-16,-3.615375e-19,-2.056629e-10
266,266.000000,4,3.272049e-12,7.904788e-13,3.298804e-16,-5.064926e-19,-2.454762e-10
267,267.000000,4,3.144152e-12,7.829293e-13,3.406730e-16,3.069039e-19,2.952840e-10
268,268.000000,4,4.462208e-12,7.842615e-13,3.406656e-16,5.511538e-19,-6.504349e-10
269,269.000000,4,4.032330e-12,8.335554e-13,3.300583e-16,-1.485616e-20,1.232265e-10
270,270.000000,4,3.389289e-12,8.175682e-13,3.301136e-16,2.158015e-19,-1.482648e-10
271,271.000000,4,6.231460e-12,8.086865e-13,3.406116e-16,1.104716e-19,-1.037440e-10
272,272.000000,4,3.439027e-12,8.135714e-13,3.405829e-16,4.945349e-19,2.884859e-11
273,273.000000,4,3.886669e-12,8.051337e-13,3.405745e-16,1.292188e-19,2.322711e-10
274,274.000000,4,3.794298e-12,8.255618e-13,3.303319e-16,-1.088702e-19,4.878531e-11
275,275.000000,4,4.273915e-12,8.246737e-13,3.405366e-16,2.039099e-19,-4.942379e-10
276,276.000000,4,3.211653e-12,8.584244e-13,3.304391e-16,-9.020239e-20,-2.912898e-10
277,277.000000,4,4.359180e-12,8.544276e-13,3.304922e-16,3.740114e-19,-3.266274e-10
278,278.000000,4,5.027090e-12,8.291146e-13,3.305340e-16,9.102295e-20,2.168993e-10
279,279.000000,4,3.137046e-12,8.202328e-13,3.404483e-16,5.095433e-20,2.333538e-10
280,280.000000,4,6.021850e-12,8.646417e-13,3.306498e-16,6.063565e-20,-2.080180e-10
281,281.000000,4,4.273915e-12,8.562040e-13,3.404080e-16,-6.326277e-21,1.947408e-10
282,282.000000,4,5.044853e-12,8.348877e-13,3.307534e-16,-3.346442e-20,-3.401257e-11
283,283.000000,4,3.087308e-12,8.544276e-13,3.403767e-16,-1.137473e-19,-2.020231e-10
284,284.000000,4,4.497736e-12,8.859580e-13,3.403559e-16,-4.164093e-19,1.306675e-10
285,285.000000,4,4.739320e-12,8.388845e-13,3.309065e-16,-1.319452e-19,-1.944622e-11
286,286.000000,4,3.677059e-12,8.562040e-13,3.403136e-16,9.178396e-21,2.362415e-10
287,287.000000,4,6.910028e-12,8.779644e-13,3.402922e-16,-4.208695e-20,-3.386913e-10
288,288.000000,4,4.252598e-12,8.615331e-13,3.310571e-16,-5.417702e-20,2.496399e-10
289,289.000000,4,4.096279e-12,8.593126e-13,3.311067e-16,-5.804955e-19,4.277689e-12
290,290.000000,4,3.932854e-12,8.668621e-13,3.402269e-16,1.690559e-19,4.271532e-10
291,291.000000,4,4.188649e-12,8.770762e-13,3.401951e-16,-2.483395e-19,-1.789022e-10
292,292.000000,4,4.472867e-12,9.019452e-13,3.401825e-16,-1.739528e-19,1.590703e-10
293,293.000000,4,4.177991e-12,8.988366e-13,3.401600e-16,1.614657e-20,1.248708e-10
294,294.000000,4,4.273915e-12,8.708589e-13,3.401374e-16,-2.617266e-19,3.893619e-10
295,295.000000,4,4.078515e-12,8.828493e-13,3.401145e-16,9.797789e-20,4.270939e-10
296,296.000000,4,2.959410e-12,9.094947e-13,3.400916e-16,2.114141e-19,2.345169e-10
297,297.000000,4,7.297274e-12,9.121592e-13,4.143672e-16,-1.751042e-19,-1.265026e-10
298,298.000000,4,4.856560e-12,9.157120e-13,3.400451e-16,1.850304e-19,-1.203060e-10
299,299.000000,4,5.066170e-12,8.988366e-13,3.400216e-16,-7.347349e-20,8.494250e-11
300,300.000000,4,3.421263e-12,9.126033e-13,3.399882e-16,2.208903e-19,2.806717e-10
301,301.000000,4,4.956036e-12,9.183765e-13,3.399751e-16,-3.388132e-20,-4.050138e-11
302,302.000000,4,5.091039e-12,9.046097e-13,3.399530e-16,1.955720e-19,1.870046e-10
303,303.000000,4,4.895639e-12,8.921752e-13,3.399313e-16,-8.476947e-20,2.041025e-10
304,304.000000,4,3.691270e-12,8.761880e-13,3.399002e-16,-4.163035e-20,-7.899303e-11
305,305.000000,4,4.835243e-12,8.855139e-13,3.318640e-16,-1.166060e-19,-2.808789e-10
306,306.000000,4,4.508394e-12,8.637535e-13,3.319095e-16,-1.812518e-20,7.467049e-11
307,307.000000,4,4.117595e-12,8.641976e-13,4.149269e-16,9.122148e-20,4.078471e-11
308,308.000000,4,4.263256e-12,9.050538e-13,3.398260e-16,-1.666140e-19,1.706455e-10
309,309.000000,4,3.666401e-12,8.686385e-13,3.398053e-16,8.356509e-20,9.743539e-12
310,310.000000,4,4.117595e-12,8.912870e-13,3.397847e-16,-3.055605e-19,-2.471205e-10
311,311.000000,4,3.314682e-12,8.681944e-13,3.397548e-16,4.462540e-19,-1.263660e-10
312,312.000000,4,5.339729e-12,8.752998e-13,3.321804e-16,-5.377336e-20,-1.070226e-10
313,313.000000,4,4.067857e-12,8.708589e-13,3.322252e-16,6.628033e-20,1.651761e-10
314,314.000000,4,5.297096e-12,8.557599e-13,3.397031e-16,1.492499e-19,-9.070700e-11
315,315.000000,4,3.865352e-12,8.912870e-13,3.396828e-16,1.859634e-19,1.525680e-10
316,316.000000,4,3.794298e-12,8.566481e-13,3.323594e-16,1.277035e-19,-2.674305e-10
317,317.000000,4,3.630873e-12,8.619772e-13,3.396424e-16,-5.782323e-20,-5.248224e-11
318,318.000000,4,3.119283e-12,8.575363e-13,3.396222e-16,-1.291990e-19,2.529976e-12
319,319.000000,4,4.327205e-12,8.357759e-13,3.396020e-16,-3.887947e-19,-1.055152e-10
320,320.000000,4,5.481837e-12,8.730794e-13,3.395819e-16,-6.450024e-20,-8.375811e-11
321,321.000000,4,3.371525e-12,8.695267e-13,3.325816e-16,-3.650116e-19,-2.385410e-10
322,322.000000,4,3.897327e-12,8.846257e-13,3.395416e-16,-1.104385e-19,4.182810e-11
323,323.000000,4,2.948752e-12,8.801848e-13,3.395215e-16,6.117166e-20,8.906653e-12
324,324.000000,4,4.188649e-12,8.997247e-13,3.395014e-16,1.258307e-19,1.660783e-10
325,325.000000,4,4.344969e-12,8.579804e-13,3.394813e-16,2.073510e-19,-3.631939e-11
326,326.000000,4,4.163780e-12,8.708589e-13,3.394612e-16,-3.059311e-19,-7.163736e-11
327,327.000000,4,3.581135e-12,8.717471e-13,3.394411e-16,-1.400251e-20,-1.550760e-11
328,328.000000,4,5.385914e-12,9.001688e-13,3.394210e-16,1.086584e-19,3.372684e-10
329,329.000000,4,5.954348e-12,8.451018e-13,3.329324e-16,-4.615668e-20,2.346041e-10
330,330.000000,4,3.925749e-12,8.872902e-13,3.329759e-16,6.822586e-20,-2.524163e-10
331,331.000000,4,3.858247e-12,8.446577e-13,3.330059e-16,6.379217e-20,8.277068e-11
332,332.000000,4,4.643397e-12,8.846257e-13,3.393405e-16,-5.000141e-20,-1.771385e-10
333,333.000000,4,6.139089e-12,8.690826e-13,3.393203e-16,-1.672890e-19,1.754870e-10
334,334.000000,4,3.840483e-12,8.766321e-13,4.164358e-16,2.404118e-19,-1.591223e-10
335,335.000000,4,3.186784e-12,8.588685e-13,3.392799e-16,3.594596e-20,-2.557516e-10
336,336.000000,4,3.776535e-12,8.579804e-13,3.392597e-16,2.414441e-19,1.075151e-10
337,337.000000,4,4.504841e-12,8.748557e-13,3.392395e-16,3.085251e-19,2.435985e-10
338,338.000000,4,3.769429e-12,8.739676e-13,3.392101e-16,-6.798101e-20,-1.432907e-10
339,339.000000,4,3.950618e-12,8.735235e-13,3.391990e-16,-1.491506e-19,1.659781e-10
340,340.000000,4,3.034017e-12,8.939516e-13,3.391696e-16,-1.959492e-19,3.554734e-11
341,341.000000,4,5.158540e-12,8.806289e-13,3.391584e-16,-1.362532e-20,1.171456e-10
342,342.000000,4,5.659473e-12,8.721912e-13,3.334894e-16,-3.900653e-19,-1.239675e-10
343,343.000000,4,4.700240e-12,8.948398e-13,3.391177e-16,2.011703e-21,-2.433631e-11
344,344.000000,4,3.918643e-12,8.730794e-13,3.390973e-16,3.009945e-19,7.031420e-11
345,345.000000,4,3.808509e-12,8.530954e-13,3.336155e-16,8.557018e-20,-3.349587e-11
346,346.000000,4,3.744560e-12,8.792966e-13,3.390565e-16,3.075855e-19,-9.704038e-11
347,347.000000,4,4.074963e-12,8.686385e-13,3.390360e-16,6.982066e-20,-2.174136e-10
348,348.000000,4,3.684164e-12,8.548717e-13,3.337406e-16,-7.759616e-20,4.161338e-12
349,349.000000,4,3.854694e-12,8.895107e-13,3.337821e-16,-2.768805e-19,3.190403e-11
350,350.000000,4,4.320100e-12,8.459899e-13,4.172626e-16,-1.309791e-19,1.158629e-11
351,351.000000,4,3.481659e-12,8.637535e-13,3.338513e-16,-2.416691e-20,-1.523046e-10
352,352.000000,4,3.804956e-12,8.695267e-13,3.389333e-16,-7.007874e-21,2.342899e-10
353,353.000000,4,3.904432e-12,8.735235e-13,4.174170e-16,-1.803121e-19,-1.863150e-10
354,354.000000,4,3.691270e-12,8.784085e-13,3.388920e-16,2.348994e-19,-1.262102e-12
355,355.000000,4,4.042988e-12,8.890666e-13,3.388713e-16,-8.029608e-20,7.347833e-11
356,356.000000,4,2.710721e-12,8.868462e-13,3.340697e-16,1.050189e-19,-1.159175e-10
357,357.000000,4,4.028777e-12,8.930634e-13,3.388299e-16,-1.273196e-20,1.391651e-10
358,358.000000,4,3.662848e-12,8.704149e-13,4.176716e-16,-1.093731e-19,5.350365e-11
359,359.000000,4,3.549161e-12,8.868462e-13,3.341913e-16,2.845038e-19,-1.365599e-10
360,360.000000,4,3.200995e-12,8.686385e-13,3.387674e-16,-2.045452e-19,-1.806244e-10
361,361.000000,4,5.005774e-12,8.890666e-13,3.342718e-16,1.026630e-19,-1.822311e-10
362,362.000000,4,4.664713e-12,9.019452e-13,3.343120e-16,4.298692e-20,2.139378e-11
363,363.000000,4,4.376943e-12,8.966161e-13,3.387036e-16,1.246197e-19,-3.272360e-11
364,364.000000,4,4.433787e-12,8.846257e-13,3.343781e-16,-1.099091e-19,6.175682e-11
365,365.000000,4,3.780087e-12,8.584244e-13,3.386603e-16,8.705249e-20,2.281992e-10
366,366.000000,4,3.815614e-12,9.006129e-13,3.386386e-16,2.112288e-20,-1.190594e-10
367,367.000000,4,2.987832e-12,9.214851e-13,3.345107e-16,-1.990594e-19,1.406899e-10
368,368.000000,4,3.176126e-12,8.952838e-13,3.345501e-16,1.485484e-19,-1.634088e-10
369,369.000000,4,3.854694e-12,8.935075e-13,3.385641e-16,-2.466123e-19,1.094653e-10
370,370.000000,4,4.206413e-12,8.841816e-13,3.385505e-16,-3.691211e-19,-3.641043e-11
371,371.000000,4,3.808509e-12,9.099388e-13,3.385283e-16,2.886860e-19,-2.005744e-10
372,372.000000,4,5.961454e-12,8.717471e-13,3.385060e-16,-2.071260e-21,1.787102e-10
373,373.000000,4,3.570477e-12,9.077183e-13,3.384837e-16,1.787306e-19,5.297385e-11
374,374.000000,4,4.256151e-12,9.312551e-13,3.347833e-16,1.211654e-19,4.628031e-11
375,375.000000,4,4.298784e-12,8.784085e-13,3.384387e-16,1.344400e-19,5.714984e-11
376,376.000000,4,5.559997e-12,9.179324e-13,4.185572e-16,-2.234049e-19,2.518390e-10
377,377.000000,4,4.092726e-12,9.001688e-13,3.348980e-16,-1.525453e-19,-1.592373e-10
378,378.000000,4,4.710898e-12,9.228174e-13,3.349359e-16,-6.825894e-20,-6.956258e-11
379,379.000000,4,3.332445e-12,8.881784e-13,3.349738e-16,1.036358e-19,8.113199e-11
380,380.000000,4,4.231282e-12,9.303669e-13,3.350114e-16,2.031556e-21,1.245040e-10
381,381.000000,4,3.620215e-12,9.134915e-13,3.382936e-16,-1.058460e-19,1.452598e-10
382,382.000000,4,4.433787e-12,9.086065e-13,3.382705e-16,2.323451e-19,2.130247e-10
383,383.000000,4,3.954170e-12,9.179324e-13,3.351236e-16,1.098827e-19,2.893457e-10
384,384.000000,4,4.096279e-12,9.054979e-13,3.382328e-16,1.187633e-19,-1.942979e-11
385,385.000000,4,4.028777e-12,9.081624e-13,3.382096e-16,-1.569856e-19,3.339973e-11
386,386.000000,4,3.684164e-12,9.099388e-13,3.381863e-16,4.627116e-19,5.237921e-11
387,387.000000,4,4.362732e-12,9.134915e-13,3.352713e-16,-4.640152e-20,-5.959455e-11
388,388.000000,4,4.650502e-12,8.855139e-13,3.381395e-16,-1.406670e-19,-2.678537e-10
389,389.000000,4,4.277467e-12,9.161560e-13,3.381160e-16,-9.323980e-20,-8.430390e-11
390,390.000000,4,4.856560e-12,9.046097e-13,3.353807e-16,2.766555e-19,-4.682699e-12
391,391.000000,4,4.924061e-12,9.263701e-13,3.380689e-16,-4.118036e-19,2.323199e-10
392,392.000000,4,2.824407e-12,9.356960e-13,3.354530e-16,4.455261e-19,-1.455132e-10
393,393.000000,4,4.042988e-12,9.321433e-13,3.354889e-16,-1.988079e-19,-8.246381e-11
394,394.000000,4,3.215206e-12,9.152679e-13,3.379976e-16,3.255717e-19,-2.045017e-10
395,395.000000,4,3.865352e-12,9.054979e-13,3.379738e-16,-3.291319e-19,3.858114e-11
396,396.000000,4,3.979039e-12,9.259260e-13,3.355959e-16,-1.599106e-19,2.718625e-11
397,397.000000,4,4.629186e-12,9.294787e-13,4.195392e-16,-6.903980e-20,-2.376055e-10
398,398.000000,4,3.637979e-12,9.228174e-13,3.379018e-16,-1.041189e-19,-7.178258e-12
399,399.000000,4,5.030643e-12,9.316992e-13,3.357018e-16,-1.295034e-20,1.494509e-10
400,400.000000,4,6.046719e-12,9.232615e-13,3.357219e-16,1.379076e-20,-1.378104e-10
401,401.000000,4,4.241940e-12,9.330314e-13,3.378293e-16,-1.093533e-19,2.423919e-10
402,402.000000,4,4.362732e-12,9.436896e-13,3.378051e-16,-1.008102e-19,-2.320002e-10
403,403.000000,4,3.119283e-12,9.343637e-13,3.377725e-16,-2.463278e-19,-1.795162e-10
404,404.000000,4,4.128253e-12,9.094947e-13,3.377563e-16,4.059141e-20,5.481970e-11
405,405.000000,4,5.048406e-12,9.108270e-13,3.377318e-16,2.912073e-19,-5.265632e-11
406,406.000000,4,2.948752e-12,9.507950e-13,3.359443e-16,2.234711e-20,2.347889e-10
407,407.000000,4,3.478107e-12,9.334755e-13,3.376827e-16,-6.596931e-20,1.563851e-10
408,408.000000,4,4.728662e-12,9.312551e-13,3.360125e-16,5.227054e-19,1.518308e-10
409,409.000000,4,5.456968e-12,9.134915e-13,3.360464e-16,2.507019e-19,-2.041549e-10
410,410.000000,4,3.900880e-12,9.179324e-13,3.376086e-16,2.064113e-19,1.203553e-10
411,411.000000,4,4.796163e-12,9.272583e-13,3.360985e-16,-2.084363e-19,4.891154e-11
412,412.000000,4,3.343104e-12,9.454659e-13,4.201651e-16,1.304894e-19,-1.563600e-10
413,413.000000,4,4.526157e-12,9.272583e-13,4.202259e-16,6.023198e-20,-1.105396e-10
414,414.000000,4,3.360867e-12,9.321433e-13,3.375090e-16,4.070523e-19,-3.861889e-11
415,415.000000,4,3.442580e-12,9.285905e-13,3.374840e-16,-3.467872e-19,6.004353e-11
416,416.000000,4,3.911538e-12,9.201528e-13,3.374508e-16,-1.244609e-19,7.807910e-11
417,417.000000,4,4.462208e-12,9.507950e-13,3.374337e-16,1.486543e-19,1.978373e-10
418,418.000000,4,6.110668e-12,9.237056e-13,3.363459e-16,3.645021e-19,-6.977108e-11
419,419.000000,4,4.316547e-12,9.348078e-13,3.363786e-16,1.131649e-19,-7.309042e-11
420,420.000000,4,3.566925e-12,9.414691e-13,3.373579e-16,-2.688999e-19,-4.967715e-11
421,421.000000,4,3.012701e-12,9.281464e-13,3.364435e-16,-5.443510e-20,7.702217e-11
422,422.000000,4,4.003908e-12,9.223733e-13,3.364758e-16,3.906939e-20,-1.465321e-10
423,423.000000,4,3.787193e-12,9.174883e-13,3.365080e-16,-1.231109e-19,-2.076495e-11
424,424.000000,4,4.511946e-12,9.250378e-13,3.372614e-16,-3.661432e-19,-3.620659e-12
425,425.000000,4,4.732215e-12,8.864021e-13,3.372379e-16,-1.356444e-19,5.267498e-11
426,426.000000,4,5.247358e-12,9.152679e-13,3.366041e-16,-2.871243e-19,-1.724880e-10
427,427.000000,4,4.867218e-12,9.343637e-13,3.371915e-16,2.070201e-19,-6.174394e-12
428,428.000000,4,5.250911e-12,9.365841e-13,3.366679e-16,4.574772e-19,1.308771e-10
429,429.000000,4,5.410783e-12,9.015011e-13,3.371455e-16,-8.985828e-20,1.713822e-10
430,430.000000,4,4.757084e-12,9.086065e-13,3.367317e-16,1.206625e-19,2.883138e-11
431,431.000000,4,4.380496e-12,9.166001e-13,4.209350e-16,3.321296e-20,-9.984347e-11
432,432.000000,4,3.680611e-12,9.148238e-13,3.370774e-16,-2.774761e-19,1.265184e-10
433,433.000000,4,4.256151e-12,9.063861e-13,3.370470e-16,1.664287e-20,-1.401057e-11
434,434.000000,4,5.766054e-12,9.081624e-13,3.370245e-16,-2.895331e-19,4.393685e-11
435,435.000000,4,5.861978e-12,8.948398e-13,3.370100e-16,8.410772e-21,2.595826e-10
436,436.000000,4,4.561684e-12,9.183765e-13,3.369877e-16,-1.252351e-19,-3.491585e-11
437,437.000000,4,3.559819e-12,8.850698e-13,3.369390e-16,2.365737e-20,-2.153091e-10
438,438.000000,4,4.053646e-12,8.975043e-13,3.369861e-16,9.832861e-20,-3.463843e-10
439,439.000000,4,3.353762e-12,8.695267e-13,3.370179e-16,1.042248e-19,-1.381522e-10
440,440.000000,4,4.476419e-12,8.926193e-13,3.370496e-16,-1.751969e-19,-7.780243e-11
441,441.000000,4,5.126566e-12,8.961720e-13,3.370813e-16,5.073595e-20,-4.221312e-11
442,442.000000,4,4.305889e-12,9.032775e-13,3.371130e-16,-7.956816e-20,1.560967e-10
443,443.000000,4,3.765876e-12,9.086065e-13,3.371294e-16,-6.772293e-20,-1.249689e-11
444,444.000000,4,5.318412e-12,8.690826e-13,4.214704e-16,2.764768e-20,-2.288487e-10
445,445.000000,4,4.018119e-12,9.063861e-13,3.372079e-16,3.086575e-19,-2.855183e-10
446,446.000000,4,5.218936e-12,9.103829e-13,3.372396e-16,-1.457029e-19,-5.719425e-11
447,447.000000,4,4.238387e-12,8.899548e-13,3.372712e-16,-1.941558e-19,2.580380e-10
448,448.000000,4,3.392842e-12,8.957279e-13,3.373027e-16,-1.383774e-19,-2.008327e-11
449,449.000000,4,3.410605e-12,8.966161e-13,3.373342e-16,-1.054821e-19,1.719829e-10
450,450.000000,4,3.080203e-12,8.903989e-13,4.217072e-16,2.455403e-19,-4.267096e-10
451,451.000000,4,4.245493e-12,9.083845e-13,4.217276e-16,-3.948629e-20,-2.087219e-10
452,452.000000,4,3.471001e-12,8.959500e-13,3.374287e-16,2.307702e-19,-3.712397e-10
453,453.000000,4,4.508394e-12,8.764101e-13,3.374601e-16,-1.204640e-19,-2.189242e-10
454,454.000000,4,3.467449e-12,8.972822e-13,3.374915e-16,1.743829e-19,-9.402745e-11
455,455.000000,4,4.359180e-12,8.775203e-13,3.375078e-16,1.203846e-19,2.315479e-10
456,456.000000,4,4.835243e-12,8.750778e-13,3.375542e-16,-1.964322e-19,2.466511e-10
457,457.000000,4,5.062617e-12,8.921752e-13,3.375855e-16,1.161560e-19,-1.084237e-10
458,458.000000,4,5.570655e-12,9.006129e-13,3.376167e-16,-1.654692e-19,-1.190608e-10
459,459.000000,4,3.776535e-12,8.819612e-13,3.376479e-16,-4.762575e-20,2.575604e-10
460,460.000000,4,4.721556e-12,8.923973e-13,3.376791e-16,-3.728864e-19,5.465695e-11
461,461.000000,4,4.675371e-12,8.804069e-13,3.377104e-16,-5.577183e-20,-1.803169e-10
462,462.000000,4,3.382183e-12,8.750778e-13,3.377264e-16,2.488821e-20,5.713106e-10
463,463.000000,4,3.648637e-12,8.719692e-13,3.377725e-16,-1.783269e-19,-9.907097e-11
464,464.000000,4,5.599077e-12,8.884005e-13,4.222545e-16,-2.774430e-19,2.241265e-10
465,465.000000,4,3.595346e-12,8.624212e-13,3.378346e-16,1.909728e-19,1.328648e-11
466,466.000000,4,4.089173e-12,8.621992e-13,3.378656e-16,-5.284030e-20,3.015366e-13
467,467.000000,4,5.012879e-12,9.119372e-13,3.378965e-16,3.085715e-20,-1.701925e-10
468,468.000000,4,3.588241e-12,8.890666e-13,3.379274e-16,7.470434e-20,1.825755e-10
469,469.000000,4,3.534950e-12,8.617551e-13,3.379433e-16,8.040196e-21,-1.628158e-10
470,470.000000,4,3.208100e-12,8.739676e-13,3.379741e-16,2.440977e-19,-6.240652e-11
471,471.000000,4,4.039435e-12,8.719692e-13,3.380199e-16,1.152097e-20,-3.729250e-10
472,472.000000,4,3.527845e-12,8.844037e-13,3.380507e-16,4.800824e-19,1.170859e-10
473,473.000000,4,2.938094e-12,8.639756e-13,3.380813e-16,4.877057e-20,1.479483e-12
474,474.000000,4,3.684164e-12,8.675283e-13,3.381120e-16,3.652565e-19,-2.103280e-10
475,475.000000,4,5.684342e-12,8.593126e-13,3.381426e-16,-1.674544e-19,-1.585243e-10
476,476.000000,4,4.256151e-12,8.886225e-13,3.381732e-16,-1.945727e-19,-5.448730e-11
477,477.000000,4,4.199308e-12,8.959500e-13,3.382037e-16,9.206189e-20,9.313061e-11
478,478.000000,4,4.767742e-12,8.864021e-13,3.382342e-16,-2.200830e-19,-1.619060e-11
479,479.000000,4,4.256151e-12,8.746337e-13,3.382647e-16,1.311710e-19,-6.477707e-12
480,480.000000,4,5.613288e-12,8.741896e-13,4.228502e-16,-5.798205e-20,1.364757e-10
481,481.000000,4,5.666578e-12,8.770762e-13,3.383254e-16,-3.022055e-19,-5.445264e-10
482,482.000000,4,3.751666e-12,8.919532e-13,4.229261e-16,8.635766e-20,-1.914151e-10
483,483.000000,4,3.456790e-12,8.757439e-13,4.229639e-16,-9.368978e-20,2.390592e-10
484,484.000000,4,4.298784e-12,8.884005e-13,3.384162e-16,2.224123e-20,1.681519e-10
485,485.000000,4,5.101697e-12,9.030554e-13,3.384313e-16,-8.111664e-20,-1.079266e-10
486,486.000000,4,4.583001e-12,9.143797e-13,3.384763e-16,1.774997e-19,4.864131e-11
487,487.000000,4,5.115908e-12,9.150458e-13,3.385061e-16,-2.112950e-20,-2.319429e-10
488,488.000000,4,4.284573e-12,9.146017e-13,4.231508e-16,1.071431e-19,-2.337606e-10
489,489.000000,4,3.431921e-12,9.223733e-13,3.385501e-16,-3.456556e-19,-2.721439e-10
490,490.000000,4,5.240253e-12,9.254819e-13,3.385947e-16,1.431353e-19,-3.304690e-12
491,491.000000,4,4.579448e-12,9.117151e-13,3.386238e-16,6.159518e-20,2.174561e-10
492,492.000000,4,4.039435e-12,9.203749e-13,3.386527e-16,2.208308e-19,-3.213481e-10
493,493.000000,4,3.861800e-12,9.334755e-13,3.386815e-16,3.415925e-20,-1.143772e-10
494,494.000000,4,7.133849e-12,9.372503e-13,3.387102e-16,7.643149e-21,-3.590310e-10
495,495.000000,4,3.566925e-12,9.319212e-13,3.387230e-16,-1.838988e-20,-3.975409e-10
496,496.000000,4,4.597212e-12,9.006129e-13,3.387511e-16,1.736947e-19,-1.402714e-10
497,497.000000,4,4.291678e-12,9.199308e-13,3.387948e-16,-1.843885e-19,-3.115264e-10
498,498.000000,4,3.819167e-12,9.545698e-13,3.388227e-16,5.308514e-20,-3.902323e-11
499,499.000000,4,4.792611e-12,9.401369e-13,3.388504e-16,2.089657e-19,-6.184919e-11
500,500.000000,4,4.536815e-12,9.341417e-13,3.388779e-16,9.957269e-20,9.584067e-11
501,501.000000,4,4.611422e-12,9.374723e-13,3.389052e-16,-2.128700e-19,1.362808e-10
502,502.000000,4,3.307576e-12,9.285905e-13,3.389324e-16,-2.569885e-19,-1.130800e-10
503,503.000000,4,3.307576e-12,9.467982e-13,3.389594e-16,-3.010474e-19,-1.256013e-10
504,504.000000,4,5.321965e-12,9.441337e-13,3.389862e-16,5.829969e-21,-2.876432e-10
505,505.000000,4,3.268497e-12,9.419132e-13,3.390128e-16,-2.046974e-19,2.189280e-10
506,506.000000,4,3.776535e-12,9.376944e-13,3.390230e-16,5.229105e-20,1.035569e-10
507,507.000000,4,3.449685e-12,9.303669e-13,3.390656e-16,1.425265e-19,-1.258491e-10
508,508.000000,4,4.366285e-12,9.334755e-13,3.390917e-16,-2.701903e-20,3.305549e-10
509,509.000000,4,5.105250e-12,9.423573e-13,3.391177e-16,2.025732e-19,3.179368e-11
510,510.000000,4,4.785505e-12,9.456880e-13,4.239294e-16,-3.693461e-19,-1.086751e-10
511,511.000000,4,4.227729e-12,9.579004e-13,3.391691e-16,-7.555137e-20,4.531249e-10
512,512.000000,4,3.311129e-12,9.501289e-13,3.391946e-16,1.319320e-19,2.613287e-11
513,513.000000,4,5.801581e-12,9.352519e-13,3.392199e-16,-3.428895e-19,-3.904046e-10
514,514.000000,4,5.908163e-12,9.452439e-13,3.392283e-16,-5.898129e-20,-4.985101e-11
515,515.000000,4,4.458656e-12,9.565682e-13,3.392701e-16,2.149545e-19,3.095550e-10
516,516.000000,4,3.659295e-12,9.623413e-13,3.392948e-16,-3.411094e-19,-1.254457e-10
517,517.000000,4,5.019984e-12,9.465762e-13,3.393025e-16,1.672956e-19,9.124790e-11
518,518.000000,4,6.302514e-12,9.550138e-13,3.393440e-16,-1.925213e-19,9.548384e-11
519,519.000000,4,4.369838e-12,9.374723e-13,3.393684e-16,-1.447897e-20,-2.515517e-10
520,520.000000,4,3.996803e-12,9.579004e-13,3.393755e-16,3.180344e-20,9.443890e-11
521,521.000000,4,4.870770e-12,9.749979e-13,3.394166e-16,4.365793e-19,5.758038e-11
522,522.000000,4,4.781953e-12,9.459100e-13,3.394406e-16,-1.274520e-19,-5.069523e-11
523,523.000000,4,7.034373e-12,9.519052e-13,3.394643e-16,-6.680311e-20,-1.938478e-10
524,524.000000,4,4.074963e-12,9.539036e-13,3.394879e-16,7.438008e-21,3.012746e-11
525,525.000000,4,3.705480e-12,9.692247e-13,3.395114e-16,-6.465244e-20,-1.855296e-10
526,526.000000,4,5.247358e-12,9.696688e-13,3.395347e-16,2.492791e-20,2.729030e-10
527,527.000000,4,3.279155e-12,9.756640e-13,3.395579e-16,4.810155e-19,-3.857714e-11
528,528.000000,4,3.879563e-12,9.676704e-13,3.395809e-16,2.234976e-19,-1.270140e-10
529,529.000000,4,4.291678e-12,9.663381e-13,3.395861e-16,1.313100e-19,-3.644949e-10
530,530.000000,4,3.563372e-12,9.754419e-13,3.396264e-16,-1.087114e-19,2.824250e-10
531,531.000000,4,4.238387e-12,9.710011e-13,3.396313e-16,1.263667e-19,2.780598e-10
532,532.000000,4,3.829825e-12,9.927614e-13,3.396715e-16,1.992446e-19,-1.828271e-11
533,533.000000,4,5.822898e-12,9.690027e-13,3.396937e-16,1.316541e-19,3.823841e-10
534,534.000000,4,3.435474e-12,9.672263e-13,3.397159e-16,2.095811e-19,2.052782e-10
535,535.000000,4,3.474554e-12,9.452439e-13,3.397379e-16,1.415935e-19,-1.086529e-10
536,536.000000,4,4.405365e-12,9.712231e-13,4.246773e-16,-2.864030e-20,6.343326e-11
537,537.000000,4,3.478107e-12,9.696688e-13,3.397815e-16,-6.670384e-20,-3.342704e-10
538,538.000000,4,3.861800e-12,9.969803e-13,3.398031e-16,-2.672124e-20,8.700485e-11
539,539.000000,4,3.790745e-12,1.010525e-12,3.398246e-16,2.002571e-19,-7.408896e-11
540,540.000000,4,4.394707e-12,9.718892e-13,3.398278e-16,8.815098e-20,-1.327209e-10
541,541.000000,4,3.542056e-12,9.912071e-13,3.398671e-16,-3.020996e-19,1.260092e-10
542,542.000000,4,3.765876e-12,9.512391e-13,3.398699e-16,-4.949849e-21,2.615796e-11
543,543.000000,4,3.723244e-12,9.676704e-13,3.399090e-16,-1.650986e-19,-2.693659e-10
544,544.000000,4,3.666401e-12,9.874324e-13,3.399298e-16,2.535871e-19,1.369616e-10
545,545.000000,4,2.671641e-12,9.676704e-13,3.399506e-16,1.064747e-19,8.225376e-11
546,546.000000,4,3.389289e-12,9.670043e-13,3.399711e-16,-1.266711e-19,4.030931e-11
547,547.000000,4,5.769607e-12,9.841017e-13,3.399916e-16,-2.461226e-19,1.879985e-11
548,548.000000,4,4.352074e-12,9.658940e-13,3.400120e-16,-1.662765e-19,2.998712e-12
549,549.000000,4,4.511946e-12,9.872103e-13,3.400323e-16,1.014851e-19,-8.298806e-11
550,550.000000,4,3.410605e-12,9.792167e-13,3.400526e-16,-2.659286e-19,1.643277e-10
551,551.000000,4,4.501288e-12,9.812151e-13,4.250678e-16,-2.829156e-19,-5.787593e-12
552,552.000000,4,5.019984e-12,9.690027e-13,3.400928e-16,-2.709248e-19,2.106577e-10
553,553.000000,4,4.948930e-12,9.792167e-13,3.401128e-16,-1.366238e-19,1.748877e-10
554,554.000000,4,4.614975e-12,9.721113e-13,3.401328e-16,-1.636163e-19,3.240626e-10
555,555.000000,4,3.890221e-12,9.656720e-13,3.401527e-16,3.652830e-20,-1.342526e-11
556,556.000000,4,3.250733e-12,9.576784e-13,3.401725e-16,-1.446176e-19,-2.045053e-11
557,557.000000,4,3.815614e-12,9.878764e-13,3.401922e-16,-9.272364e-20,-2.044815e-10
558,558.000000,4,3.460343e-12,9.678924e-13,3.402119e-16,5.182121e-19,-4.541989e-11
559,559.000000,4,5.666578e-12,9.714451e-13,3.402129e-16,1.555960e-19,1.763838e-10
560,560.000000,4,4.273915e-12,9.741097e-13,3.402511e-16,2.048364e-19,9.128898e-11
561,561.000000,4,4.643397e-12,9.563461e-13,3.402705e-16,9.638308e-20,-2.932175e-10
562,562.000000,4,4.167333e-12,1.007416e-12,3.402713e-16,2.290298e-20,2.177045e-10
563,563.000000,4,5.201173e-12,1.000089e-12,3.403093e-16,-6.135033e-20,1.680156e-10
564,564.000000,4,3.968381e-12,9.789947e-13,3.403286e-16,4.782427e-20,-1.277984e-10
565,565.000000,4,6.750156e-12,9.838796e-13,3.403477e-16,6.035110e-20,2.701883e-10
566,566.000000,4,3.851142e-12,9.894308e-13,3.403482e-16,3.033503e-19,1.301119e-10
567,567.000000,4,4.877876e-12,9.940937e-13,3.403860e-16,2.126185e-20,8.518208e-11
568,568.000000,4,4.853007e-12,9.747758e-13,3.404050e-16,-2.223528e-19,-3.770539e-12
569,569.000000,4,5.464074e-12,9.734435e-13,3.404239e-16,2.437668e-19,6.318635e-11
570,570.000000,4,4.366285e-12,9.736656e-13,3.404427e-16,-2.437337e-19,9.891399e-11
571,571.000000,4,3.421263e-12,9.452439e-13,3.404615e-16,-1.812584e-19,-3.859180e-11
572,572.000000,4,3.581135e-12,9.421353e-13,3.404803e-16,3.053488e-19,-2.144007e-10
573,573.000000,4,3.371525e-12,9.585666e-13,3.404989e-16,8.738998e-20,1.446363e-10
574,574.000000,4,3.769429e-12,9.707790e-13,4.256468e-16,3.672682e-21,-7.719625e-11
575,575.000000,4,4.490630e-12,9.476864e-13,3.405360e-16,2.069937e-20,2.559977e-10
576,576.000000,4,3.655742e-12,9.394707e-13,3.405544e-16,-2.731615e-19,-1.260774e-10
577,577.000000,4,4.213518e-12,9.616752e-13,3.405728e-16,2.532562e-19,2.455280e-10
578,578.000000,4,3.481659e-12,9.674483e-13,3.405722e-16,1.754616e-19,2.538525e-10
579,579.000000,4,5.076828e-12,9.794388e-13,3.406093e-16,-3.503408e-19,1.443663e-10
580,580.000000,4,3.574030e-12,9.414691e-13,3.406275e-16,-3.167440e-19,1.736586e-10
581,581.000000,4,3.616663e-12,9.736656e-13,3.406266e-16,-1.446706e-19,-2.464260e-10
582,582.000000,4,3.307576e-12,9.561241e-13,3.406636e-16,3.855985e-20,1.291189e-12
583,583.000000,4,4.362732e-12,9.725554e-13,3.406815e-16,-7.525358e-20,1.038862e-10
584,584.000000,4,3.705480e-12,9.727774e-13,3.406993e-16,-2.135847e-19,-1.495162e-10
585,585.000000,4,3.829825e-12,9.918733e-13,4.258727e-16,1.733109e-20,-3.538227e-10
586,586.000000,4,4.334311e-12,9.474643e-13,3.407349e-16,-3.419896e-20,-2.668941e-10
587,587.000000,4,4.579448e-12,9.556800e-13,3.407525e-16,1.125429e-19,-2.940785e-10
588,588.000000,4,3.325340e-12,9.496848e-13,3.407701e-16,-1.779762e-19,2.513463e-10
589,589.000000,4,3.705480e-12,9.916512e-13,3.407876e-16,-1.723844e-20,2.442582e-10
590,590.000000,4,5.659473e-12,9.370282e-13,3.408051e-16,3.284900e-20,1.872884e-10
591,591.000000,4,4.238387e-12,9.530154e-13,3.408224e-16,-4.526332e-21,3.039380e-10
592,592.000000,4,4.177991e-12,9.781065e-13,3.408397e-16,-1.048402e-19,-2.479814e-10
593,593.000000,4,6.064482e-12,9.823253e-13,3.408378e-16,2.585105e-19,-2.361515e-10
594,594.000000,4,3.961276e-12,9.456880e-13,3.408741e-16,-2.263894e-19,9.823498e-11
595,595.000000,4,4.678924e-12,9.949819e-13,3.408912e-16,6.949641e-20,1.348937e-10
596,596.000000,4,5.154988e-12,9.683365e-13,3.409082e-16,-3.310046e-20,-5.549339e-11
597,597.000000,4,6.046719e-12,9.665602e-13,3.409251e-16,6.656488e-20,-3.182477e-11
598,598.000000,4,3.360867e-12,9.834356e-13,4.261775e-16,-1.377024e-19,-6.554557e-11
599,599.000000,4,3.989697e-12,9.836576e-13,3.409588e-16,4.216106e-19,2.990879e-10
600,600.000000,4,4.099832e-12,9.547918e-13,3.409755e-16,-3.117544e-19,-2.286664e-10
601,601.000000,4,4.039435e-12,9.900969e-13,3.409728e-16,-4.745370e-20,1.120815e-10
602,602.000000,4,4.565237e-12,9.729995e-13,3.409894e-16,9.932785e-21,-3.255907e-11
603,603.000000,4,5.208278e-12,9.821033e-13,3.410252e-16,-5.999376e-20,2.221328e-10
604,604.000000,4,4.305889e-12,9.852119e-13,3.410417e-16,6.872217e-20,2.463652e-11
605,605.000000,4,3.293366e-12,9.872103e-13,3.410579e-16,3.358287e-19,6.610290e-11
606,606.000000,4,6.455281e-12,9.914292e-13,3.410547e-16,7.432052e-20,-2.408005e-10
607,607.000000,4,3.293366e-12,1.012301e-12,3.410902e-16,-1.245469e-19,3.240446e-10
608,608.000000,4,5.790923e-12,9.865442e-13,3.410866e-16,-4.069729e-21,-2.375271e-10
609,609.000000,4,3.186784e-12,9.672263e-13,3.411220e-16,-1.227801e-19,2.104250e-11
610,610.000000,4,5.211831e-12,9.816592e-13,3.411376e-16,-4.032605e-19,3.135452e-10
611,611.000000,4,4.082068e-12,1.004530e-12,3.411531e-16,-2.498482e-19,-2.155260e-10
612,612.000000,4,4.828138e-12,9.936496e-13,3.411685e-16,-1.643773e-19,1.320366e-11
613,613.000000,4,4.924061e-12,1.026068e-12,3.411837e-16,-1.918000e-19,1.078604e-10
614,614.000000,4,3.833378e-12,1.007638e-12,3.411987e-16,-2.084297e-19,-1.320062e-10
615,615.000000,4,3.275602e-12,1.003420e-12,3.412136e-16,-2.071062e-19,-1.779026e-10
616,616.000000,4,3.311129e-12,1.016076e-12,3.412283e-16,-3.462644e-19,9.089640e-11
617,617.000000,4,2.938094e-12,1.004974e-12,3.412429e-16,1.283718e-19,1.509015e-11
618,618.000000,4,3.314682e-12,1.001199e-12,3.412573e-16,2.191367e-19,-3.002478e-10
619,619.000000,4,3.200995e-12,9.856560e-13,3.412716e-16,2.006277e-19,-1.169131e-11
620,620.000000,4,4.597212e-12,1.012523e-12,3.412653e-16,-2.147295e-19,1.279163e-10
621,621.000000,4,4.440892e-12,1.035172e-12,3.412995e-16,2.011902e-19,1.087055e-10
622,622.000000,4,5.570655e-12,1.006972e-12,3.413133e-16,-4.858528e-20,1.376537e-10
623,623.000000,4,4.732215e-12,1.014522e-12,3.413270e-16,-9.312730e-20,2.701928e-11
624,624.000000,4,5.179857e-12,1.028067e-12,3.413405e-16,2.779128e-19,-1.325597e-10
625,625.000000,4,3.613110e-12,1.004308e-12,3.413538e-16,-5.155651e-19,1.780627e-10
626,626.000000,4,4.050094e-12,1.008305e-12,3.413669e-16,1.157987e-19,1.806268e-10
627,627.000000,4,4.583001e-12,1.030953e-12,3.413799e-16,2.755967e-19,-5.185186e-12
628,628.000000,4,3.961276e-12,1.022737e-12,3.413928e-16,-1.019947e-19,-3.005003e-10
629,629.000000,4,3.868905e-12,1.048939e-12,3.414056e-16,4.991539e-20,1.231164e-10
630,630.000000,4,3.545608e-12,1.023182e-12,3.414181e-16,-1.671170e-19,-2.754803e-10
631,631.000000,4,3.314682e-12,1.020739e-12,3.414096e-16,-7.596827e-21,1.235834e-11
632,632.000000,4,4.526157e-12,1.021405e-12,3.414428e-16,1.925478e-19,6.301404e-11
633,633.000000,4,4.028777e-12,1.012301e-12,3.414550e-16,-1.275843e-20,1.688825e-10
634,634.000000,4,3.776535e-12,1.016964e-12,3.414670e-16,-3.459468e-19,-1.547384e-10
635,635.000000,4,5.027090e-12,1.070033e-12,3.414788e-16,-4.425747e-20,-6.597345e-11
636,636.000000,4,5.456968e-12,1.018741e-12,3.414905e-16,9.649558e-20,-6.287681e-11
637,637.000000,4,3.591794e-12,1.014966e-12,3.415021e-16,-1.025042e-19,-6.023693e-11
638,638.000000,4,3.183231e-12,9.905410e-13,3.415135e-16,-2.812613e-19,5.814282e-11
639,639.000000,4,3.012701e-12,9.945378e-13,3.415248e-16,-5.778353e-20,3.173504e-10
640,640.000000,4,3.751666e-12,1.019629e-12,3.415145e-16,1.410972e-19,-2.870462e-10
641,641.000000,4,4.465761e-12,9.898748e-13,3.415469e-16,-2.561348e-19,-1.134788e-10
642,642.000000,4,3.950618e-12,1.039835e-12,3.415578e-16,2.080459e-19,-8.006262e-12
643,643.000000,4,4.831691e-12,1.024514e-12,3.415685e-16,7.026403e-20,-1.028533e-11
644,644.000000,4,3.549161e-12,1.028955e-12,3.415791e-16,6.161304e-19,-3.241070e-10
645,645.000000,4,4.721556e-12,1.029177e-12,3.415896e-16,-1.331430e-19,-4.383103e-10
646,646.000000,4,3.311129e-12,1.017852e-12,3.415999e-16,-1.867377e-19,1.045077e-10
647,647.000000,4,4.163780e-12,1.039169e-12,3.416101e-16,1.049990e-19,-6.185807e-11
648,648.000000,4,5.478284e-12,1.008971e-12,3.416201e-16,-3.218196e-19,-2.002680e-10
649,649.000000,4,4.522605e-12,1.032285e-12,3.416300e-16,5.686701e-19,1.271983e-10
650,650.000000,4,3.648637e-12,1.045164e-12,4.270224e-16,2.299827e-19,2.826961e-10
651,651.000000,4,3.911538e-12,1.038725e-12,3.416495e-16,3.554958e-19,8.464962e-11
652,652.000000,4,3.883116e-12,1.030065e-12,3.416590e-16,6.512228e-20,-3.701994e-11
653,653.000000,4,3.048228e-12,1.025624e-12,3.416463e-16,4.661328e-20,-2.302425e-11
654,654.000000,4,7.169376e-12,1.019851e-12,3.416776e-16,6.162165e-19,-4.149014e-11
655,655.000000,4,4.902745e-12,1.028511e-12,3.416868e-16,4.235959e-19,2.375877e-11
656,656.000000,4,4.543921e-12,1.030509e-12,3.416958e-16,3.670035e-20,4.761129e-10
657,657.000000,4,5.154988e-12,1.045608e-12,3.417047e-16,-2.331988e-20,2.276599e-10
658,658.000000,4,5.076828e-12,9.996448e-13,3.417134e-16,5.796882e-21,-1.093279e-10
659,659.000000,4,3.087308e-12,1.050493e-12,3.417220e-16,1.789622e-19,-2.146054e-10
660,660.000000,4,3.268497e-12,1.019407e-12,3.417305e-16,1.533063e-19,-3.527039e-10
661,661.000000,4,4.416023e-12,1.014300e-12,3.417389e-16,1.301651e-20,-2.507397e-10
662,662.000000,4,5.393019e-12,9.949819e-13,3.417471e-16,4.362220e-20,2.304332e-10
663,663.000000,4,4.188649e-12,1.025402e-12,3.417552e-16,-8.881273e-20,1.681322e-11
664,664.000000,4,3.886669e-12,1.006972e-12,3.417406e-16,-1.144818e-19,1.410252e-10
665,665.000000,4,5.289991e-12,1.010525e-12,3.417711e-16,-2.512511e-19,-1.574534e-10
666,666.000000,4,4.472867e-12,1.016964e-12,3.417789e-16,-3.123434e-20,1.063605e-10
667,667.000000,4,3.687717e-12,1.013856e-12,3.417867e-16,8.070636e-20,-3.001202e-10
668,668.000000,4,5.172751e-12,9.914292e-13,3.417945e-16,2.440514e-19,-3.399510e-10
669,669.000000,4,3.737455e-12,1.002087e-12,3.418021e-16,2.021960e-19,2.145395e-11
670,670.000000,4,3.318235e-12,1.029843e-12,3.418098e-16,-1.897883e-20,1.413007e-10
671,671.000000,4,6.380674e-12,9.838796e-13,3.418175e-16,-1.455308e-19,2.392380e-10
672,672.000000,4,4.607870e-12,9.825474e-13,4.272532e-16,-3.939431e-19,1.258700e-10
673,673.000000,4,4.447998e-12,1.010303e-12,3.418102e-16,1.745285e-19,-3.395753e-10
674,674.000000,4,4.067857e-12,1.013856e-12,3.418405e-16,2.918293e-21,4.632006e-11
675,675.000000,4,4.110490e-12,9.872103e-13,3.418481e-16,1.979807e-19,6.451950e-12
676,676.000000,4,4.042988e-12,9.729995e-13,3.418557e-16,1.106900e-19,-1.497147e-10
677,677.000000,4,5.375256e-12,9.945378e-13,3.418634e-16,9.190969e-20,3.895584e-10
678,678.000000,4,5.101697e-12,9.905410e-13,3.418711e-16,9.814994e-20,8.566259e-11
679,679.000000,4,5.091039e-12,9.716672e-13,3.418787e-16,-3.669373e-19,5.363110e-11
680,680.000000,4,3.691270e-12,9.938717e-13,3.418863e-16,-1.782276e-19,-1.429641e-10
681,681.000000,4,5.464074e-12,9.929835e-13,3.418939e-16,-9.145971e-20,-1.739364e-11
682,682.000000,4,3.957723e-12,9.827694e-13,4.273489e-16,-5.048647e-19,-1.965830e-10
683,683.000000,4,4.220624e-12,9.876544e-13,3.418868e-16,-3.902307e-20,3.424865e-10
684,684.000000,4,3.858247e-12,9.685586e-13,3.419168e-16,4.323177e-20,-7.248002e-11
685,685.000000,4,5.769607e-12,1.014300e-12,3.419244e-16,-2.529187e-20,2.404765e-11
686,686.000000,4,2.952305e-12,9.996448e-13,3.419320e-16,3.519819e-20,-2.811462e-10
687,687.000000,4,4.561684e-12,9.763301e-13,3.419397e-16,5.011391e-20,2.342890e-10
688,688.000000,4,3.904432e-12,9.809931e-13,3.419473e-16,3.505856e-19,4.647076e-10
689,689.000000,4,4.170886e-12,9.794388e-13,3.419549e-16,2.597744e-19,7.279422e-11
690,690.000000,4,4.188649e-12,9.789947e-13,3.419624e-16,-9.165161e-20,1.787683e-10
691,691.000000,4,4.263256e-12,9.914292e-13,3.419476e-16,-2.796797e-19,5.807843e-11
692,692.000000,4,5.268674e-12,9.428014e-13,4.274720e-16,1.279218e-19,-1.000389e-10
693,693.000000,4,5.218936e-12,9.932055e-13,3.419851e-16,2.371361e-19,-8.485257e-11
694,694.000000,4,3.296918e-12,1.002531e-12,3.419704e-16,1.675074e-19,-1.658005e-10
695,695.000000,4,4.021672e-12,1.009637e-12,3.420002e-16,-1.126752e-19,7.947332e-11
696,696.000000,4,3.986145e-12,9.721113e-13,3.420077e-16,5.097352e-19,1.690728e-10
697,697.000000,4,4.739320e-12,9.969803e-13,3.420152e-16,-1.004727e-19,3.520091e-10
698,698.000000,4,3.819167e-12,9.894308e-13,4.275005e-16,1.621274e-19,-9.441337e-11
699,699.000000,4,3.939959e-12,9.809931e-13,3.420303e-16,1.578658e-19,-3.213874e-11
700,700.000000,4,5.858425e-12,9.916512e-13,4.275192e-16,1.443397e-19,1.700999e-10
701,701.000000,4,4.774847e-12,9.559020e-13,4.275285e-16,-3.383301e-19,-1.773959e-10
702,702.000000,4,5.201173e-12,9.643397e-13,3.420525e-16,3.143750e-19,4.413589e-10
703,703.000000,4,3.915090e-12,9.585666e-13,3.420600e-16,-1.985631e-19,-7.258860e-11
704,704.000000,4,3.577583e-12,9.816592e-13,3.420674e-16,-3.205689e-19,9.243761e-11
705,705.000000,4,5.602629e-12,9.905410e-13,3.420748e-16,1.108885e-19,4.144103e-10
706,706.000000,4,5.535128e-12,9.836576e-13,4.276026e-16,-1.088768e-19,-1.702594e-11
707,707.000000,4,4.007461e-12,9.927614e-13,4.275840e-16,9.091708e-20,7.405232e-11
708,708.000000,4,5.432099e-12,9.574563e-13,3.420968e-16,2.449116e-19,3.089347e-10
709,709.000000,4,3.549161e-12,9.872103e-13,3.421041e-16,4.889233e-19,1.186202e-10
710,710.000000,4,4.533263e-12,9.767742e-13,3.421114e-16,4.451555e-20,5.273737e-11
711,711.000000,4,4.970246e-12,9.738876e-13,3.421186e-16,1.090224e-19,-4.131495e-10
712,712.000000,4,4.416023e-12,9.918733e-13,3.421259e-16,8.701278e-20,2.522702e-10
713,713.000000,4,4.455103e-12,9.849899e-13,3.421331e-16,-1.117819e-19,-2.798775e-10
714,714.000000,4,3.460343e-12,9.940937e-13,3.421403e-16,-5.334322e-20,1.601914e-10
715,715.000000,4,4.760636e-12,9.570122e-13,3.421475e-16,6.738544e-20,4.136407e-10
716,716.000000,4,3.954170e-12,9.747758e-13,3.421546e-16,-1.868568e-19,8.612711e-11
717,717.000000,4,5.435652e-12,9.741097e-13,3.421395e-16,-7.516756e-20,-1.447149e-10
718,718.000000,4,4.380496e-12,9.585666e-13,3.421688e-16,-3.280532e-19,2.307101e-10
719,719.000000,4,4.732215e-12,9.587886e-13,3.421759e-16,1.239315e-19,2.609144e-10
720,720.000000,4,3.321787e-12,9.643397e-13,3.421830e-16,1.043836e-19,-1.282596e-10
721,721.000000,4,4.607870e-12,9.676704e-13,3.421900e-16,5.061684e-20,-1.134111e-10
722,722.000000,4,4.796163e-12,9.523493e-13,3.421970e-16,-5.869674e-21,-2.407825e-10
723,723.000000,4,3.907985e-12,9.610091e-13,3.421817e-16,1.031991e-19,-2.951759e-10
724,724.000000,4,4.526157e-12,9.572343e-13,3.422109e-16,1.381028e-19,-5.873346e-11
725,725.000000,4,3.911538e-12,9.869883e-13,3.422178e-16,9.568825e-21,9.926993e-11
726,726.000000,4,4.003908e-12,9.554579e-13,3.422247e-16,-6.414289e-20,-2.425340e-10
727,727.000000,4,7.378986e-12,9.610091e-13,3.422315e-16,-1.076791e-19,-9.365397e-11
728,728.000000,4,5.151435e-12,9.889867e-13,3.422382e-16,6.134041e-20,3.687317e-11
729,729.000000,4,4.192202e-12,9.967582e-13,3.422448e-16,-1.560857e-19,-2.039355e-10
730,730.000000,4,5.986323e-12,9.658940e-13,3.422514e-16,2.793190e-19,3.414913e-11
731,731.000000,4,4.739320e-12,9.847678e-13,3.422579e-16,-6.279260e-19,3.983041e-10
732,732.000000,4,5.510259e-12,9.738876e-13,3.422643e-16,-1.131682e-19,-1.207332e-10
733,733.000000,4,4.973799e-12,9.696688e-13,3.422706e-16,-1.277994e-19,3.893286e-11
734,734.000000,4,4.433787e-12,9.652279e-13,3.422768e-16,-1.538225e-20,1.488578e-10
735,735.000000,4,4.774847e-12,9.667822e-13,3.422605e-16,-1.508678e-19,5.683054e-11
736,736.000000,4,4.220624e-12,9.856560e-13,3.422891e-16,-2.464336e-20,2.285936e-10
737,737.000000,4,5.709211e-12,9.812151e-13,3.422951e-16,-1.264594e-19,-1.616214e-10
738,738.000000,4,4.728662e-12,9.749979e-13,3.423009e-16,-2.359450e-20,-4.130727e-10
739,739.000000,4,3.346656e-12,9.845458e-13,3.423067e-16,-1.338610e-19,-2.464686e-10
740,740.000000,4,4.057199e-12,9.918733e-13,3.423124e-16,1.713521e-19,-4.288507e-10
741,741.000000,4,3.574030e-12,1.002087e-12,3.423180e-16,1.537927e-19,7.047340e-11
742,742.000000,4,4.686029e-12,9.732215e-13,3.423236e-16,-4.987237e-20,-3.018292e-10
743,743.000000,4,3.822720e-12,9.858780e-13,3.423290e-16,-3.133658e-19,4.599610e-11
744,744.000000,4,6.153300e-12,9.909851e-13,3.423343e-16,-5.722105e-19,-3.721405e-10
745,745.000000,4,4.551026e-12,9.707790e-13,3.423396e-16,-4.393090e-19,-1.438600e-10
746,746.000000,4,4.707346e-12,9.605650e-13,3.423447e-16,1.230878e-19,2.051381e-10
747,747.000000,4,4.281020e-12,9.894308e-13,3.423498e-16,3.876962e-19,1.739009e-10
748,748.000000,4,3.510081e-12,9.727774e-13,3.423548e-16,-1.001120e-19,-2.406213e-10
749,749.000000,4,3.499423e-12,9.887646e-13,3.423597e-16,4.135572e-20,1.128861e-10
750,750.000000,4,5.794476e-12,9.834356e-13,4.279556e-16,1.225617e-19,-5.121770e-11
751,751.000000,4,4.103384e-12,9.872103e-13,4.279328e-16,-1.153520e-19,-2.257723e-10
752,752.000000,4,4.114042e-12,9.756640e-13,3.423509e-16,1.459676e-19,7.244605e-11
753,753.000000,4,4.046541e-12,9.880985e-13,3.423785e-16,8.271144e-20,2.314802e-10
754,754.000000,4,4.110490e-12,9.685586e-13,3.423829e-16,1.091878e-21,7.454926e-11
755,755.000000,4,4.128253e-12,9.581225e-13,3.423873e-16,8.989137e-20,2.876481e-10
756,756.000000,4,4.764189e-12,9.787726e-13,3.423916e-16,-2.772279e-19,1.433227e-10
757,757.000000,4,4.391154e-12,9.718892e-13,3.423958e-16,-2.735255e-19,2.261316e-10
758,758.000000,4,4.440892e-12,9.838796e-13,3.423999e-16,-2.090451e-19,5.697616e-10
759,759.000000,4,3.339551e-12,1.004974e-12,3.424040e-16,1.274090e-19,5.241185e-11
760,760.000000,4,4.085621e-12,9.712231e-13,3.424080e-16,-6.369291e-19,-3.095240e-10
761,761.000000,4,3.808509e-12,9.592327e-13,3.424118e-16,-1.759248e-19,-8.081358e-11
762,762.000000,4,3.790745e-12,9.781065e-13,3.424156e-16,3.224515e-19,-1.895661e-10
763,763.000000,4,3.208100e-12,9.872103e-13,3.424193e-16,-7.792703e-20,1.900591e-10
764,764.000000,4,4.472867e-12,9.714451e-13,3.424229e-16,-4.157641e-19,1.617759e-10
765,765.000000,4,4.458656e-12,9.727774e-13,3.424265e-16,-3.251746e-19,-2.961467e-10
766,766.000000,4,5.137224e-12,9.949819e-13,3.424300e-16,-3.088527e-19,-3.451235e-10
767,767.000000,4,3.161915e-12,9.841017e-13,3.424333e-16,-2.450771e-20,2.285905e-11
768,768.000000,4,3.947065e-12,9.543477e-13,3.424366e-16,-4.060927e-19,1.705023e-10
769,769.000000,4,5.009326e-12,1.018297e-12,3.424163e-16,3.852412e-19,2.578258e-10
770,770.000000,4,5.748291e-12,9.852119e-13,3.424429e-16,2.387144e-19,-1.291722e-11
771,771.000000,4,2.778222e-12,9.741097e-13,3.424460e-16,-2.510328e-20,-1.205294e-10
772,772.000000,4,3.833378e-12,9.783285e-13,3.424490e-16,-2.391478e-19,-7.604006e-11
773,773.000000,4,3.549161e-12,9.841017e-13,3.424283e-16,1.096180e-19,-1.551017e-10
774,774.000000,4,4.199308e-12,9.918733e-13,3.424547e-16,-3.051271e-19,1.801035e-10
775,775.000000,4,3.566925e-12,1.010969e-12,3.424574e-16,-2.516250e-19,1.063065e-10
776,776.000000,4,5.311307e-12,9.667822e-13,4.280455e-16,-1.965083e-19,-8.755352e-11
777,777.000000,4,5.364598e-12,9.732215e-13,3.424627e-16,1.133568e-19,1.897948e-10
778,778.000000,4,4.735767e-12,9.845458e-13,3.424652e-16,1.018723e-19,-5.877743e-11
779,779.000000,4,5.641709e-12,9.510170e-13,3.424676e-16,-1.372524e-19,1.375362e-10
780,780.000000,4,4.391154e-12,9.721113e-13,3.424461e-16,-3.446762e-19,4.599077e-10
781,781.000000,4,3.705480e-12,9.672263e-13,3.424483e-16,-2.537228e-19,-1.287592e-11
782,782.000000,4,6.686207e-12,9.798828e-13,3.424743e-16,3.121449e-20,-6.931389e-11
783,783.000000,4,6.583178e-12,9.481305e-13,3.424764e-16,3.436770e-20,-1.253704e-10
784,784.000000,4,5.496048e-12,9.656720e-13,3.424785e-16,2.093561e-19,-4.683809e-11
785,785.000000,4,3.577583e-12,9.896528e-13,3.424805e-16,2.330796e-19,2.504215e-10
786,786.000000,4,4.462208e-12,9.812151e-13,3.424824e-16,-1.052835e-20,-1.178613e-12
787,787.000000,4,3.520739e-12,9.552359e-13,3.424842e-16,-3.780712e-19,-1.408691e-10
788,788.000000,4,4.774847e-12,9.714451e-13,3.424861e-16,-3.025992e-19,-1.254055e-10
789,789.000000,4,3.598899e-12,9.390266e-13,3.424879e-16,1.038608e-19,1.100475e-10
790,790.000000,4,4.185097e-12,9.647838e-13,3.424898e-16,7.937625e-21,7.261125e-11
791,791.000000,4,5.748291e-12,9.601209e-13,3.424916e-16,3.665105e-19,-9.347634e-11
792,792.000000,4,3.748113e-12,9.652279e-13,3.424934e-16,1.716135e-19,1.026468e-11
793,793.000000,4,4.028777e-12,9.590106e-13,3.424952e-16,1.569426e-19,-1.526481e-10
794,794.000000,4,2.906120e-12,9.527934e-13,3.424970e-16,2.235340e-19,9.888845e-11
795,795.000000,4,4.163780e-12,9.456880e-13,3.424988e-16,5.853792e-20,-9.141710e-11
796,796.000000,4,3.577583e-12,9.501289e-13,3.425007e-16,-1.006613e-19,3.335074e-10
797,797.000000,4,3.581135e-12,9.643397e-13,3.424787e-16,3.300384e-19,7.439249e-11
798,798.000000,4,4.138911e-12,9.554579e-13,3.425043e-16,-7.911486e-20,1.946971e-10
799,799.000000,4,3.414158e-12,9.443557e-13,3.425061e-16,-3.381217e-19,1.742699e-10
800,800.000000,4,5.083933e-12,9.694467e-13,3.425079e-16,1.084864e-19,9.342926e-11
801,801.000000,4,5.041301e-12,9.314771e-13,3.425098e-16,-1.014289e-19,-6.438938e-11
802,802.000000,4,5.627498e-12,9.521273e-13,3.425116e-16,-1.769306e-19,-1.998801e-11
803,803.000000,4,4.451550e-12,9.716672e-13,3.425135e-16,-6.713729e-20,1.169385e-10
804,804.000000,4,3.520739e-12,9.705570e-13,3.425153e-16,-1.819036e-19,3.563150e-11
805,805.000000,4,4.209966e-12,9.596768e-13,3.425171e-16,-7.438670e-20,2.650546e-11
806,806.000000,4,5.783818e-12,9.372503e-13,3.425190e-16,6.269367e-20,-2.636340e-10
807,807.000000,4,4.337863e-12,9.254819e-13,3.425208e-16,2.183955e-19,-9.646950e-11
808,808.000000,4,4.700240e-12,9.587886e-13,3.425227e-16,1.387215e-19,-7.481882e-11
809,809.000000,4,4.458656e-12,9.368062e-13,3.425245e-16,5.809455e-20,6.520873e-11
810,810.000000,4,4.433787e-12,9.436896e-13,3.425263e-16,1.453025e-19,1.578635e-10
811,811.000000,4,4.284573e-12,9.645618e-13,3.425282e-16,9.060936e-20,-4.029426e-10
812,812.000000,4,4.749978e-12,9.461321e-13,3.425300e-16,-2.155434e-19,-4.310388e-10
813,813.000000,4,6.167511e-12,9.430234e-13,3.425319e-16,-2.038107e-19,2.417369e-10
814,814.000000,4,4.945377e-12,9.223733e-13,3.425337e-16,7.973359e-20,7.467493e-11
815,815.000000,4,4.050094e-12,9.217072e-13,3.425356e-16,-5.228774e-20,-5.079936e-11
816,816.000000,4,3.886669e-12,9.425793e-13,3.425374e-16,-3.164958e-19,-4.189458e-10
817,817.000000,4,4.035883e-12,9.450218e-13,3.425392e-16,-2.458679e-19,6.281220e-10
818,818.000000,4,3.812062e-12,9.365841e-13,3.425175e-16,1.389928e-19,5.028866e-12
819,819.000000,4,4.952483e-12,9.516832e-13,3.425429e-16,1.810599e-19,2.138822e-11
820,820.000000,4,4.931167e-12,9.356960e-13,3.425447e-16,3.429822e-20,6.296963e-11
821,821.000000,4,3.868905e-12,9.374723e-13,3.425465e-16,2.791503e-19,-2.458131e-10
822,822.000000,4,4.828138e-12,9.323653e-13,3.425483e-16,4.463400e-19,-2.607314e-10
823,823.000000,4,5.314860e-12,9.630075e-13,3.425501e-16,2.323716e-20,-2.143841e-11
824,824.000000,4,4.629186e-12,9.401369e-13,3.425519e-16,-8.522938e-20,-1.465206e-10
825,825.000000,4,5.563550e-12,9.032775e-13,3.425537e-16,2.678245e-19,-3.593059e-10
826,826.000000,4,5.048406e-12,9.139356e-13,3.425555e-16,1.642582e-19,1.954215e-10
827,827.000000,4,3.225864e-12,9.332535e-13,3.425572e-16,-2.565550e-19,-8.227241e-11
828,828.000000,4,3.783640e-12,9.365841e-13,3.425590e-16,1.638281e-19,-1.509655e-10
829,829.000000,4,4.046541e-12,9.257040e-13,3.425607e-16,3.360339e-19,1.385025e-10
830,830.000000,4,3.712586e-12,9.148238e-13,3.425625e-16,-1.506792e-20,-2.204361e-10
831,831.000000,4,4.739320e-12,9.414691e-13,3.425642e-16,-3.798446e-19,-3.099565e-11
832,832.000000,4,4.440892e-12,9.552359e-13,3.425660e-16,2.492692e-19,1.595666e-10
833,833.000000,4,3.716139e-12,9.254819e-13,3.425677e-16,1.779629e-19,2.555134e-10
834,834.000000,4,6.057377e-12,9.343637e-13,3.425693e-16,-1.832536e-19,2.642819e-10
835,835.000000,4,4.270362e-12,9.086065e-13,3.425477e-16,-1.367495e-19,8.589085e-11
836,836.000000,4,4.238387e-12,9.277024e-13,3.425727e-16,2.739258e-19,5.311129e-11
837,837.000000,4,4.490630e-12,9.552359e-13,3.425510e-16,1.983281e-19,-1.597731e-10
838,838.000000,4,4.170886e-12,9.472423e-13,3.425761e-16,1.108389e-19,-8.288437e-11
839,839.000000,4,4.003908e-12,9.279244e-13,4.281929e-16,-9.182367e-20,-1.932938e-10
840,840.000000,4,4.256151e-12,9.461321e-13,3.425793e-16,2.603170e-19,4.873391e-11
841,841.000000,4,4.899192e-12,9.110490e-13,3.425576e-16,2.480880e-20,2.741078e-10
842,842.000000,4,5.442757e-12,9.405809e-13,3.425825e-16,3.148216e-19,1.026157e-10
843,843.000000,4,4.217071e-12,9.099388e-13,3.425842e-16,-2.690852e-19,2.493903e-10
844,844.000000,4,6.043166e-12,9.003909e-13,3.425857e-16,-8.306879e-20,2.964651e-11
845,845.000000,4,3.460343e-12,9.265921e-13,3.425873e-16,-2.508475e-19,-1.769784e-10
846,846.000000,4,3.286260e-12,9.268142e-13,3.425888e-16,2.819693e-20,1.709521e-11
847,847.000000,4,4.042988e-12,9.421353e-13,3.425903e-16,4.719826e-19,-2.606972e-10
848,848.000000,4,3.058886e-12,9.163781e-13,3.425918e-16,-1.756998e-19,-9.349588e-11
849,849.000000,4,4.803269e-12,9.363621e-13,3.425933e-16,1.767354e-19,4.214584e-11
850,850.000000,4,4.661160e-12,9.057199e-13,3.425947e-16,-7.128643e-20,-2.806644e-13
851,851.000000,4,3.563372e-12,9.328094e-13,3.425961e-16,-2.513636e-19,1.388138e-10
852,852.000000,4,4.934719e-12,9.177104e-13,3.425975e-16,2.514232e-19,1.558571e-10
853,853.000000,4,5.286438e-12,9.323653e-13,3.425988e-16,-6.050330e-20,1.451284e-11
854,854.000000,4,5.204726e-12,9.401369e-13,4.282209e-16,-2.594402e-19,-2.659961e-11
855,855.000000,4,4.810374e-12,9.305889e-13,3.426014e-16,-3.299458e-20,1.738614e-10
856,856.000000,4,4.060752e-12,9.283685e-13,4.282241e-16,2.071757e-19,4.475131e-11
857,857.000000,4,3.417711e-12,9.130474e-13,3.426038e-16,1.453522e-20,-2.540590e-11
858,858.000000,4,3.897327e-12,9.194867e-13,3.426050e-16,-4.259285e-19,5.611329e-10
859,859.000000,4,4.035883e-12,9.356960e-13,3.426061e-16,-8.307209e-20,-5.502461e-10
860,860.000000,4,3.421263e-12,9.483525e-13,4.282590e-16,-2.446039e-19,2.678822e-10
861,861.000000,4,4.082068e-12,9.299228e-13,3.425849e-16,-6.818615e-20,-3.208322e-11
862,862.000000,4,3.407052e-12,9.148238e-13,3.426093e-16,-1.078313e-19,-3.053913e-11
863,863.000000,4,4.575895e-12,9.146017e-13,3.426103e-16,9.721027e-21,-1.487064e-10
864,864.000000,4,3.947065e-12,9.252599e-13,3.426112e-16,-8.718484e-21,-2.366036e-10
865,865.000000,4,3.574030e-12,9.117151e-13,3.426121e-16,-9.357067e-21,2.507359e-10
866,866.000000,4,4.867218e-12,9.214851e-13,3.426130e-16,-1.004826e-19,5.933076e-11
867,867.000000,4,4.867218e-12,9.157120e-13,3.426139e-16,-2.930105e-19,-8.571055e-11
868,868.000000,4,4.522605e-12,9.161560e-13,3.426147e-16,2.544341e-19,8.940049e-11
869,869.000000,4,6.437517e-12,9.150458e-13,3.426155e-16,2.456396e-20,2.669780e-10
870,870.000000,4,3.691270e-12,9.232615e-13,3.426162e-16,-1.158119e-19,3.898704e-11
871,871.000000,4,5.144329e-12,9.034995e-13,3.425934e-16,-1.697573e-19,1.577498e-10
872,872.000000,4,4.543921e-12,9.259260e-13,3.426175e-16,-4.471110e-19,5.585403e-10
873,873.000000,4,3.669953e-12,9.190426e-13,4.282434e-16,1.508513e-19,-2.623741e-10
874,874.000000,4,3.879563e-12,9.015011e-13,3.426188e-16,3.440211e-19,6.210588e-11
875,875.000000,4,3.236522e-12,9.157120e-13,3.426193e-16,2.435451e-19,-2.453655e-10
876,876.000000,4,2.970069e-12,9.221512e-13,3.426198e-16,7.620319e-20,5.238476e-11
877,877.000000,4,5.073275e-12,9.143797e-13,3.426203e-16,2.927723e-19,-4.195178e-11
878,878.000000,4,3.407052e-12,9.257040e-13,3.426207e-16,-3.545296e-20,2.952842e-10
879,879.000000,4,4.444445e-12,9.201528e-13,3.426212e-16,1.610256e-19,1.057416e-10
880,880.000000,4,5.279333e-12,9.001688e-13,3.426216e-16,-2.501626e-19,4.986456e-11
881,881.000000,4,5.456968e-12,8.923973e-13,3.426219e-16,6.286573e-20,7.873080e-11
882,882.000000,4,3.314682e-12,9.148238e-13,3.425986e-16,3.940490e-19,-2.809046e-10
883,883.000000,4,3.996803e-12,9.292567e-13,3.426224e-16,4.023340e-19,-7.188916e-12
884,884.000000,4,5.911716e-12,9.348078e-13,3.426226e-16,2.792959e-19,2.433165e-11
885,885.000000,4,4.121148e-12,9.001688e-13,3.426228e-16,1.785387e-20,1.526130e-10
886,886.000000,4,4.440892e-12,9.161560e-13,3.426230e-16,-5.637070e-20,7.300294e-11
887,887.000000,4,4.114042e-12,9.281464e-13,3.426231e-16,2.290959e-20,-1.266187e-11
888,888.000000,4,4.913403e-12,9.052759e-13,3.426232e-16,1.033016e-19,1.747802e-10
889,889.000000,4,4.558132e-12,8.841816e-13,3.426232e-16,2.490773e-19,-2.223257e-10
890,890.000000,4,6.945555e-12,9.314771e-13,3.426232e-16,2.172673e-19,-2.689147e-10
891,891.000000,4,3.698375e-12,9.066081e-13,3.426232e-16,-1.256256e-19,-2.692611e-10
892,892.000000,4,4.554579e-12,9.032775e-13,3.426232e-16,-1.976300e-20,3.097647e-10
893,893.000000,4,3.996803e-12,9.028334e-13,3.426231e-16,-3.207442e-19,-6.047918e-11
894,894.000000,4,5.240253e-12,9.230394e-13,3.426229e-16,-2.780253e-19,-1.235803e-10
895,895.000000,4,6.721734e-12,9.150458e-13,4.282784e-16,-2.047834e-19,6.310819e-11
896,896.000000,4,3.673506e-12,9.210410e-13,4.282486e-16,6.839791e-20,-3.314815e-11
897,897.000000,4,4.916956e-12,8.848478e-13,3.426223e-16,5.494663e-19,3.571192e-10
898,898.000000,4,3.968381e-12,9.079404e-13,3.426220e-16,-1.160005e-19,-1.395226e-10
899,899.000000,4,3.531397e-12,9.245937e-13,3.426217e-16,1.591264e-19,-2.570744e-11
900,900.000000,4,4.625633e-12,8.968382e-13,3.426213e-16,4.807110e-19,9.204992e-11
901,901.000000,4,4.877876e-12,9.252599e-13,3.426209e-16,-1.338908e-19,1.587206e-10
902,902.000000,4,4.288125e-12,9.234835e-13,3.426205e-16,-1.108290e-19,-1.193987e-10
903,903.000000,4,5.531575e-12,9.168222e-13,3.426200e-16,1.192761e-19,1.239973e-10
904,904.000000,4,3.183231e-12,9.197088e-13,3.426195e-16,1.274718e-19,1.877778e-10
905,905.000000,4,4.405365e-12,9.086065e-13,3.425952e-16,1.295960e-19,-4.383165e-10
906,906.000000,4,4.305889e-12,9.419132e-13,3.426183e-16,6.841115e-20,2.735634e-10
907,907.000000,4,5.201173e-12,9.223733e-13,3.426176e-16,-1.039104e-19,-1.502354e-10
908,908.000000,4,4.572343e-12,9.303669e-13,4.282414e-16,-2.344428e-19,2.468603e-11
909,909.000000,4,4.302336e-12,9.028334e-13,3.426160e-16,-1.784626e-19,5.706413e-11
910,910.000000,4,4.398260e-12,9.274803e-13,3.426151e-16,2.588248e-19,-1.005462e-10
911,911.000000,4,4.686029e-12,9.297008e-13,4.282377e-16,-2.350947e-19,1.394258e-10
912,912.000000,4,4.938272e-12,9.396928e-13,3.426130e-16,-2.089160e-19,3.302869e-11
913,913.000000,4,4.039435e-12,9.190426e-13,3.426118e-16,8.861090e-20,1.518456e-10
914,914.000000,4,3.307576e-12,9.214851e-13,3.426104e-16,-6.900010e-20,-1.375389e-10
915,915.000000,4,5.048406e-12,9.381385e-13,3.425849e-16,2.321201e-19,-2.197020e-10
916,916.000000,4,3.915090e-12,9.325873e-13,3.425834e-16,-1.194350e-19,1.336447e-10
917,917.000000,4,4.071410e-12,9.230394e-13,3.426058e-16,-1.874755e-19,-1.520140e-10
918,918.000000,4,4.128253e-12,9.217072e-13,3.426041e-16,-1.681493e-20,-1.380873e-10
919,919.000000,4,3.598899e-12,9.396928e-13,3.426023e-16,-6.092682e-20,-9.917089e-11
920,920.000000,4,4.128253e-12,9.201528e-13,4.282201e-16,-5.039184e-20,8.794121e-11
921,921.000000,4,3.399947e-12,9.512391e-13,3.425983e-16,-2.694094e-19,8.027623e-11
922,922.000000,4,4.352074e-12,9.123813e-13,3.425961e-16,1.258803e-19,1.712537e-10
923,923.000000,4,5.201173e-12,9.052759e-13,3.425695e-16,1.189056e-19,4.775433e-10
924,924.000000,4,4.142464e-12,9.485746e-13,3.425915e-16,1.452364e-19,1.994138e-10
925,925.000000,4,4.071410e-12,9.359180e-13,3.425890e-16,-4.009179e-19,1.851874e-10
926,926.000000,4,4.327205e-12,9.168222e-13,3.425865e-16,2.284342e-20,2.415610e-10
927,927.000000,4,5.595524e-12,9.365841e-13,3.425593e-16,1.567011e-19,4.146754e-10
928,928.000000,4,3.574030e-12,8.941736e-13,4.281956e-16,1.661607e-19,3.773506e-10
929,929.000000,4,5.094591e-12,9.465762e-13,3.425781e-16,2.586660e-19,-5.491163e-12
930,930.000000,4,3.897327e-12,9.467982e-13,3.425752e-16,-1.890174e-19,-1.854432e-10
931,931.000000,4,3.872458e-12,9.257040e-13,3.425721e-16,-1.548714e-19,-2.621277e-10
932,932.000000,4,4.881429e-12,8.983925e-13,3.425689e-16,1.576143e-19,2.636154e-10
933,933.000000,4,3.854694e-12,9.379164e-13,3.425656e-16,2.279842e-19,8.132028e-11
934,934.000000,4,4.213518e-12,9.279244e-13,3.425623e-16,3.375823e-19,9.528422e-11
935,935.000000,4,5.101697e-12,9.112711e-13,3.425588e-16,6.124445e-21,1.095168e-11
936,936.000000,4,4.245493e-12,9.146017e-13,3.425552e-16,-7.044932e-20,9.437873e-11
937,937.000000,4,6.405543e-12,9.261480e-13,3.425266e-16,9.621434e-20,-2.441172e-10
938,938.000000,4,3.627321e-12,9.203749e-13,3.425477e-16,-1.927695e-19,8.897372e-11
939,939.000000,4,3.943512e-12,9.368062e-13,3.425439e-16,-3.257834e-19,-4.123235e-11
940,940.000000,4,4.330758e-12,8.972822e-13,3.425399e-16,-2.282324e-19,-1.753708e-11
941,941.000000,4,3.844036e-12,9.441337e-13,3.425359e-16,-1.071993e-19,-2.045231e-10
942,942.000000,4,4.671818e-12,8.975043e-13,3.425317e-16,-1.693173e-19,-2.058678e-10
943,943.000000,4,4.455103e-12,9.494627e-13,3.425023e-16,7.645134e-20,2.569092e-10
944,944.000000,4,4.998668e-12,9.128254e-13,3.425231e-16,5.967281e-20,-4.446576e-11
945,945.000000,4,4.870770e-12,9.310330e-13,3.425186e-16,9.299826e-20,-2.096558e-10
946,946.000000,4,4.845901e-12,9.074963e-13,3.425141e-16,1.273792e-19,-2.645786e-10
947,947.000000,4,3.939959e-12,9.283685e-13,3.425095e-16,1.313828e-19,-1.055751e-10
948,948.000000,4,5.467626e-12,9.263701e-13,3.425048e-16,1.349165e-19,-3.301812e-10
949,949.000000,4,3.826273e-12,9.126033e-13,3.425000e-16,7.355952e-20,2.213660e-10
950,950.000000,4,4.607870e-12,9.208190e-13,3.424950e-16,5.420018e-20,1.829048e-10
951,951.000000,4,7.542411e-12,9.416912e-13,3.424900e-16,1.050420e-19,3.217249e-10
952,952.000000,4,5.247358e-12,9.328094e-13,3.424849e-16,-2.272298e-19,-3.167968e-10
953,953.000000,4,4.924061e-12,9.046097e-13,3.424797e-16,2.345487e-19,2.704490e-10
954,954.000000,4,5.609735e-12,9.185985e-13,3.424745e-16,9.501327e-20,2.097829e-10
955,955.000000,4,4.092726e-12,9.359180e-13,3.424691e-16,-6.543330e-20,8.862422e-11
956,956.000000,4,3.584688e-12,9.454659e-13,3.424637e-16,1.472878e-19,1.520708e-10
957,957.000000,4,5.098144e-12,9.066081e-13,4.280406e-16,-3.998194e-19,-3.543184e-10
958,958.000000,4,4.316547e-12,9.210410e-13,3.424525e-16,-1.133833e-19,1.049392e-10
959,959.000000,4,4.778400e-12,8.992806e-13,3.424468e-16,-1.488660e-19,-2.834426e-10
960,960.000000,4,4.259704e-12,9.303669e-13,3.424410e-16,-4.910442e-19,-1.680389e-11
961,961.000000,4,3.414158e-12,9.126033e-13,3.424351e-16,-1.771159e-19,1.218279e-10
962,962.000000,4,4.217071e-12,9.077183e-13,3.424292e-16,1.944536e-19,-2.560481e-10
963,963.000000,4,3.662848e-12,8.857359e-13,3.424231e-16,3.157183e-20,4.002043e-11
964,964.000000,4,3.904432e-12,8.917311e-13,3.424170e-16,1.025373e-19,5.680789e-11
965,965.000000,4,3.591794e-12,8.921752e-13,3.424108e-16,1.908471e-20,-2.155121e-11
966,966.000000,4,5.403678e-12,8.997247e-13,3.424045e-16,1.205996e-19,-2.708411e-11
967,967.000000,4,3.971934e-12,9.110490e-13,3.423982e-16,4.058942e-19,-1.061546e-10
968,968.000000,4,3.577583e-12,8.961720e-13,3.423659e-16,-1.421890e-19,1.864873e-10
969,969.000000,4,6.956213e-12,9.099388e-13,3.423855e-16,1.239679e-19,-4.044911e-10
970,970.000000,4,3.783640e-12,8.821832e-13,3.423792e-16,3.215847e-19,-1.370544e-10
971,971.000000,4,4.995115e-12,8.886225e-13,3.423729e-16,-1.656346e-20,5.282397e-11
972,972.000000,4,5.044853e-12,9.097167e-13,3.423666e-16,5.960002e-20,-2.032761e-10
973,973.000000,4,4.067857e-12,8.761880e-13,3.423603e-16,-1.160369e-19,-1.420961e-10
974,974.000000,4,4.430234e-12,8.972822e-13,3.423281e-16,1.951385e-19,2.984120e-10
975,975.000000,4,4.401812e-12,8.868462e-13,3.423477e-16,-2.576998e-19,1.895279e-10
976,976.000000,4,3.687717e-12,8.744117e-13,3.423415e-16,-5.982170e-20,2.368301e-10
977,977.000000,4,4.234835e-12,8.602008e-13,3.423352e-16,-2.366564e-19,-5.182801e-10
978,978.000000,4,4.213518e-12,8.724133e-13,3.423291e-16,-2.145707e-19,1.431246e-10
979,979.000000,4,3.783640e-12,8.850698e-13,3.423229e-16,6.130401e-20,1.661067e-10
980,980.000000,4,5.744738e-12,8.926193e-13,3.423168e-16,-3.598567e-20,-1.025575e-10
981,981.000000,4,4.384049e-12,8.972822e-13,4.278563e-16,2.292581e-19,3.745049e-10
982,982.000000,4,4.632739e-12,8.693046e-13,3.423047e-16,-8.291658e-21,1.280385e-10
983,983.000000,4,5.073275e-12,8.935075e-13,3.422986e-16,1.315713e-19,1.918514e-10
984,984.000000,4,5.492495e-12,8.590906e-13,3.422926e-16,-9.461954e-20,2.049476e-10
985,985.000000,4,3.673506e-12,8.744117e-13,3.422867e-16,-5.441492e-19,4.257927e-11
986,986.000000,4,6.252776e-12,8.815171e-13,3.422807e-16,-1.473308e-19,-4.488010e-11
987,987.000000,4,6.018297e-12,8.835155e-13,3.422493e-16,-3.422940e-19,3.993286e-10
988,988.000000,4,6.178169e-12,8.912870e-13,3.422689e-16,-1.486146e-19,-1.331424e-11
989,989.000000,4,3.755218e-12,8.786305e-13,3.422631e-16,-2.531173e-21,3.836309e-11
990,990.000000,4,4.675371e-12,8.675283e-13,3.422318e-16,1.568698e-19,1.225242e-11
991,991.000000,4,6.316725e-12,8.981704e-13,3.422514e-16,-1.896791e-19,-3.064224e-10
992,992.000000,4,3.804956e-12,8.835155e-13,4.277754e-16,-7.103165e-20,2.324407e-11
993,993.000000,4,4.764189e-12,8.668621e-13,3.422399e-16,-1.651350e-19,7.622702e-11
994,994.000000,4,4.863665e-12,8.726353e-13,3.422342e-16,3.407984e-20,5.183152e-10
995,995.000000,4,4.487077e-12,8.728573e-13,3.422032e-16,-1.237859e-19,-9.049916e-11
996,996.000000,4,5.393019e-12,8.748557e-13,3.421975e-16,-1.583985e-19,2.783098e-10
997,997.000000,4,5.666578e-12,8.886225e-13,3.422172e-16,1.906651e-19,2.338028e-10
998,998.000000,4,6.021850e-12,8.530954e-13,4.277329e-16,-3.953262e-20,5.109690e-11
999,999.000000,4,6.942003e-12,8.584244e-13,3.421808e-16,-1.168442e-19,-1.439315e-10
1000,1000.000000,4,4.590106e-12,8.801848e-13,3.422004e-16,7.676236e-21,-3.179679e-13
1001,1001.000000,4,3.929301e-12,8.695267e-13,4.277121e-16,-3.407918e-19,3.692926e-10
1002,1002.000000,4,4.504841e-12,8.852918e-13,4.277052e-16,-1.396943e-19,-1.886091e-10
1003,1003.000000,4,4.334311e-12,8.588685e-13,3.421838e-16,-1.980436e-19,-9.590906e-11
1004,1004.000000,4,4.096279e-12,8.992806e-13,4.276915e-16,1.085261e-19,-1.695333e-10
1005,1005.000000,4,6.203038e-12,8.673062e-13,3.421728e-16,8.168905e-20,-5.654339e-10
1006,1006.000000,4,4.821032e-12,8.510970e-13,3.421423e-16,1.037284e-20,4.822498e-11
1007,1007.000000,4,3.307576e-12,8.713030e-13,3.421620e-16,1.216088e-19,2.327738e-11
1008,1008.000000,4,3.332445e-12,8.746337e-13,3.421566e-16,3.197781e-19,3.029577e-12
1009,1009.000000,4,5.108802e-12,8.593126e-13,3.421261e-16,-4.640483e-20,8.513679e-11
1010,1010.000000,4,4.117595e-12,8.675283e-13,3.421458e-16,2.888515e-20,1.514175e-10
1011,1011.000000,4,5.041301e-12,8.459899e-13,3.421404e-16,-2.452756e-20,6.828804e-11
1012,1012.000000,4,3.456790e-12,8.706369e-13,3.421350e-16,2.323219e-19,-1.147868e-10
1013,1013.000000,4,4.249046e-12,8.513190e-13,3.421297e-16,-8.187103e-20,1.590639e-11
1014,1014.000000,4,4.273915e-12,8.433254e-13,3.421244e-16,2.393265e-19,-1.951594e-11
1015,1015.000000,4,4.014566e-12,8.446577e-13,3.421191e-16,2.621633e-19,-6.249445e-11
1016,1016.000000,4,3.780087e-12,8.535395e-13,3.421138e-16,-2.743196e-19,2.294849e-10
1017,1017.000000,4,3.751666e-12,8.417711e-13,4.276356e-16,4.521005e-19,-1.567244e-10
1018,1018.000000,4,4.369838e-12,8.573142e-13,3.421032e-16,-3.802384e-20,5.376064e-10
1019,1019.000000,4,5.790923e-12,8.439915e-13,3.420980e-16,-1.583257e-19,2.059730e-10
1020,1020.000000,4,4.842349e-12,8.475443e-13,3.420928e-16,2.412323e-19,-1.512230e-10
1021,1021.000000,4,3.794298e-12,8.570922e-13,3.420876e-16,5.599351e-20,-1.183498e-11
1022,1022.000000,4,5.957901e-12,8.664180e-13,3.420823e-16,5.502405e-20,-2.654215e-10
1023,1023.000000,4,3.570477e-12,8.728573e-13,3.420771e-16,-4.366521e-20,2.458322e-10
1024,1024.000000,4,4.298784e-12,8.806289e-13,3.420471e-16,3.575405e-19,2.676259e-10
1025,1025.000000,4,4.270362e-12,8.955059e-13,3.420667e-16,-9.519194e-20,-1.294036e-10
1026,1026.000000,4,4.423129e-12,8.952838e-13,3.420615e-16,-7.872112e-20,-1.966787e-10
1027,1027.000000,4,3.161915e-12,8.817391e-13,3.420562e-16,2.947476e-19,2.509388e-10
1028,1028.000000,4,3.851142e-12,8.792966e-13,3.420508e-16,1.205864e-19,8.302248e-12
1029,1029.000000,4,5.801581e-12,8.884005e-13,3.420453e-16,-3.278944e-19,-1.762075e-10
1030,1030.000000,4,6.156853e-12,8.923973e-13,3.420397e-16,4.589860e-20,-1.834874e-10
1031,1031.000000,4,4.579448e-12,9.074963e-13,3.420340e-16,-1.350621e-19,-2.512759e-10
1032,1032.000000,4,6.057377e-12,8.992806e-13,3.420282e-16,6.091027e-20,9.045742e-11
1033,1033.000000,4,6.927792e-12,8.866241e-13,3.420223e-16,-9.816649e-20,-3.968088e-10
1034,1034.000000,4,4.710898e-12,8.830714e-13,3.420162e-16,3.635293e-20,-3.754286e-11
1035,1035.000000,4,4.533263e-12,8.886225e-13,3.420100e-16,1.839186e-19,-3.393730e-11
1036,1036.000000,4,3.776535e-12,8.892886e-13,3.420036e-16,-1.981660e-19,-4.550538e-11
1037,1037.000000,4,5.083933e-12,8.910650e-13,3.419716e-16,-1.886071e-19,-5.430900e-11
1038,1038.000000,4,3.545608e-12,8.839596e-13,3.419903e-16,-1.937687e-19,-2.614304e-10
1039,1039.000000,4,5.595524e-12,8.881784e-13,3.419835e-16,-2.974905e-19,7.870327e-11
1040,1040.000000,4,5.126566e-12,8.868462e-13,3.419765e-16,1.572503e-19,-1.344902e-10
1041,1041.000000,4,4.988010e-12,9.114931e-13,3.419693e-16,-5.264839e-20,-3.381211e-10
1042,1042.000000,4,3.293366e-12,8.968382e-13,3.419363e-16,1.206691e-19,-4.940937e-12
1043,1043.000000,4,3.872458e-12,8.839596e-13,3.419546e-16,-1.436316e-19,1.250928e-10
1044,1044.000000,4,4.273915e-12,9.108270e-13,3.419470e-16,1.129267e-20,1.414775e-10
1045,1045.000000,4,4.142464e-12,8.921752e-13,3.419132e-16,-9.242916e-20,1.461342e-10
1046,1046.000000,4,7.389644e-12,8.850698e-13,3.419052e-16,-3.515187e-20,-1.492499e-10
1047,1047.000000,4,7.247536e-12,8.772982e-13,3.419231e-16,-3.904491e-19,5.538641e-10
1048,1048.000000,4,4.899192e-12,9.021672e-13,3.419149e-16,9.975136e-20,4.675060e-11
1049,1049.000000,4,4.256151e-12,8.972822e-13,3.419065e-16,3.274973e-19,-1.192371e-10
1050,1050.000000,4,4.998668e-12,8.839596e-13,3.418980e-16,-2.402066e-19,-8.493739e-11
1051,1051.000000,4,5.307754e-12,8.695267e-13,3.418893e-16,1.223169e-19,8.149881e-11
1052,1052.000000,4,3.847589e-12,8.764101e-13,3.418540e-16,-3.379860e-20,-1.707359e-10
1053,1053.000000,4,4.110490e-12,8.735235e-13,4.273062e-16,-3.608989e-19,-1.623328e-10
1054,1054.000000,4,4.764189e-12,9.017231e-13,3.418623e-16,-3.149540e-19,-6.166312e-11
1055,1055.000000,4,5.737633e-12,8.868462e-13,3.418530e-16,1.002212e-20,-2.269878e-10
1056,1056.000000,4,5.108802e-12,9.019452e-13,3.418168e-16,3.518727e-19,-3.473932e-11
1057,1057.000000,4,5.673684e-12,8.988366e-13,3.418339e-16,2.120329e-19,-4.605094e-10
1058,1058.000000,4,5.329071e-12,8.832934e-13,3.418242e-16,-1.911681e-19,2.407226e-10
1059,1059.000000,4,3.911538e-12,9.079404e-13,3.418143e-16,8.548084e-20,1.443152e-10
1060,1060.000000,4,6.824763e-12,9.003909e-13,3.418043e-16,9.501658e-20,1.954303e-11
1061,1061.000000,4,4.387601e-12,8.730794e-13,3.417671e-16,-4.140535e-20,6.614798e-11
1062,1062.000000,4,3.844036e-12,8.717471e-13,3.417567e-16,2.700381e-19,1.535572e-11
1063,1063.000000,4,3.964828e-12,8.988366e-13,3.417734e-16,4.929335e-20,-1.147189e-10
1064,1064.000000,4,5.055512e-12,8.844037e-13,3.417628e-16,-2.277195e-19,2.654499e-11
1065,1065.000000,4,4.892087e-12,8.599788e-13,3.417247e-16,-3.174388e-20,9.031265e-11
1066,1066.000000,4,4.856560e-12,8.892886e-13,3.417411e-16,-1.043075e-19,-2.430776e-10
1067,1067.000000,4,3.680611e-12,8.937295e-13,3.417301e-16,1.622895e-19,1.562537e-10
1068,1068.000000,4,3.868905e-12,8.926193e-13,4.271487e-16,2.024045e-19,5.849898e-11
1069,1069.000000,4,3.957723e-12,8.928414e-13,3.417077e-16,2.210723e-19,1.592015e-10
1070,1070.000000,4,4.892087e-12,8.784085e-13,3.416963e-16,1.202257e-19,1.394751e-11
1071,1071.000000,4,6.419754e-12,8.857359e-13,3.416847e-16,-2.462848e-19,7.361978e-11
1072,1072.000000,4,5.226042e-12,8.868462e-13,3.416731e-16,8.125230e-20,1.627130e-10
1073,1073.000000,4,5.407230e-12,8.706369e-13,3.416612e-16,1.229190e-20,-3.799232e-10
1074,1074.000000,4,6.959766e-12,8.819612e-13,3.416215e-16,-1.670111e-19,-3.765730e-10
1075,1075.000000,4,5.609735e-12,8.546497e-13,3.416093e-16,6.349108e-20,-3.523386e-10
1076,1076.000000,4,4.323653e-12,8.899548e-13,3.416250e-16,-8.287357e-20,-1.332445e-11
1077,1077.000000,4,3.911538e-12,8.668621e-13,3.416126e-16,1.445812e-19,1.458162e-10
1078,1078.000000,4,4.632739e-12,8.826273e-13,3.416001e-16,-1.277498e-19,-1.471134e-11
1079,1079.000000,4,5.339729e-12,8.737455e-13,3.415875e-16,-1.792897e-19,2.268918e-10
1080,1080.000000,4,3.463896e-12,8.932854e-13,3.415748e-16,-1.096511e-20,-9.783729e-12
1081,1081.000000,4,4.352074e-12,8.661960e-13,3.415620e-16,-2.455436e-19,-3.684342e-10
1082,1082.000000,4,3.971934e-12,8.761880e-13,3.415490e-16,2.714079e-19,1.542797e-10
1083,1083.000000,4,4.721556e-12,8.835155e-13,3.415359e-16,1.834157e-19,-2.149969e-10
1084,1084.000000,4,6.274092e-12,8.770762e-13,3.415227e-16,1.140748e-19,-1.961564e-10
1085,1085.000000,4,6.945555e-12,8.664180e-13,3.415093e-16,-6.972802e-20,1.026730e-10
1086,1086.000000,4,7.670309e-12,8.659740e-13,3.414959e-16,-4.566533e-19,-1.609637e-10
1087,1087.000000,4,5.631051e-12,8.635315e-13,3.414824e-16,-2.384298e-19,-2.002700e-10
1088,1088.000000,4,4.146017e-12,8.790746e-13,3.414688e-16,6.756411e-20,-2.167715e-10
1089,1089.000000,4,4.124701e-12,8.864021e-13,3.414268e-16,1.279020e-19,3.349601e-10
1090,1090.000000,4,6.693313e-12,8.877343e-13,3.414416e-16,3.150532e-19,-3.684741e-11
1091,1091.000000,4,4.877876e-12,8.457679e-13,3.414280e-16,-9.454344e-20,1.526153e-10
1092,1092.000000,4,4.206413e-12,8.575363e-13,3.414143e-16,-2.746769e-19,4.673462e-11
1093,1093.000000,4,3.019807e-12,8.621992e-13,3.414006e-16,8.775063e-20,2.916503e-10
1094,1094.000000,4,3.634426e-12,8.648637e-13,3.413870e-16,-3.137132e-19,1.007310e-10
1095,1095.000000,4,6.075140e-12,8.473222e-13,4.266811e-16,6.321314e-20,-5.506440e-11
1096,1096.000000,4,5.442757e-12,8.577583e-13,3.413312e-16,2.240700e-19,1.260028e-10
1097,1097.000000,4,3.385736e-12,8.433254e-13,3.413459e-16,-2.309720e-19,2.571570e-10
1098,1098.000000,4,6.416201e-12,8.288925e-13,3.413323e-16,-2.023615e-20,5.056711e-11
1099,1099.000000,4,5.094591e-12,8.533174e-13,3.413186e-16,3.533153e-19,8.868017e-12
1100,1100.000000,4,3.936407e-12,8.468781e-13,4.265958e-16,-2.296253e-20,3.328355e-10
1101,1101.000000,4,4.853007e-12,8.628653e-13,3.412630e-16,-2.237358e-20,-6.507772e-11
1102,1102.000000,4,4.803269e-12,8.411050e-13,3.412778e-16,9.201557e-21,-6.412160e-11
1103,1103.000000,4,5.112355e-12,8.582024e-13,3.412642e-16,-1.671897e-19,5.297851e-11
1104,1104.000000,4,5.055512e-12,8.324452e-13,3.412506e-16,-1.989138e-19,-5.466823e-10
1105,1105.000000,4,4.838796e-12,8.320011e-13,3.412370e-16,3.262036e-19,-3.388561e-10
1106,1106.000000,4,5.240253e-12,8.339995e-13,3.412235e-16,-2.489648e-19,-2.667608e-10
1107,1107.000000,4,4.593659e-12,8.431034e-13,3.412099e-16,5.121241e-20,-4.403051e-10
1108,1108.000000,4,3.954170e-12,8.522072e-13,3.411964e-16,1.094195e-19,1.186931e-10
1109,1109.000000,4,3.396394e-12,8.464340e-13,3.411829e-16,6.088380e-20,-3.045031e-11
1110,1110.000000,4,4.039435e-12,8.499867e-13,3.411694e-16,-6.012610e-20,-3.280043e-11
1111,1111.000000,4,5.705658e-12,8.382184e-13,3.411560e-16,5.469318e-20,6.087220e-11
1112,1112.000000,4,6.501466e-12,8.508749e-13,3.411425e-16,-7.577636e-20,-4.413354e-10
1113,1113.000000,4,3.264944e-12,8.331114e-13,3.411290e-16,-1.338709e-20,-2.206875e-10
1114,1114.000000,4,6.288303e-12,8.164580e-13,3.411156e-16,4.410196e-20,-3.269958e-10
1115,1115.000000,4,3.794298e-12,8.510970e-13,3.411022e-16,-1.328783e-20,-2.009433e-10
1116,1116.000000,4,3.794298e-12,8.570922e-13,3.410887e-16,1.654361e-19,-3.544223e-10
1117,1117.000000,4,3.858247e-12,8.442136e-13,3.410753e-16,-6.185326e-20,-9.447998e-12
1118,1118.000000,4,4.362732e-12,8.331114e-13,3.410620e-16,-1.660912e-19,8.792878e-11
1119,1119.000000,4,3.876011e-12,8.397727e-13,3.410486e-16,-2.882030e-19,1.470624e-10
1120,1120.000000,4,4.416023e-12,8.555379e-13,3.410352e-16,-5.151946e-19,3.729657e-10
1121,1121.000000,4,3.780087e-12,8.284484e-13,3.410219e-16,1.422949e-19,-2.451013e-10
1122,1122.000000,4,6.469492e-12,8.315570e-13,3.410085e-16,2.170191e-20,1.647651e-10
1123,1123.000000,4,4.046541e-12,8.320011e-13,3.409951e-16,-8.771423e-21,-1.254286e-11
1124,1124.000000,4,4.835243e-12,8.140155e-13,3.409818e-16,-8.891530e-20,1.261435e-11
1125,1125.000000,4,4.298784e-12,8.100187e-13,3.409685e-16,1.558739e-20,6.262013e-11
1126,1126.000000,4,4.483525e-12,8.129053e-13,3.409552e-16,2.220980e-19,-7.851719e-11
1127,1127.000000,4,4.828138e-12,8.053558e-13,4.261423e-16,3.094317e-20,1.912515e-11
1128,1128.000000,4,5.485390e-12,8.286705e-13,3.409286e-16,1.473010e-19,5.821921e-11
1129,1129.000000,4,3.105072e-12,8.435475e-13,3.409153e-16,-1.961742e-20,-1.948921e-10
1130,1130.000000,4,6.878054e-12,8.162360e-13,3.409019e-16,1.756733e-19,2.942286e-10
1131,1131.000000,4,4.842349e-12,8.257839e-13,3.408886e-16,-2.337877e-19,2.453060e-11
1132,1132.000000,4,4.760636e-12,8.339995e-13,3.408753e-16,-3.795799e-19,4.317799e-10
1133,1133.000000,4,3.755218e-12,8.208989e-13,3.408621e-16,-1.069313e-19,8.638423e-11
1134,1134.000000,4,5.243805e-12,8.189005e-13,3.408488e-16,2.986354e-19,2.530895e-10
1135,1135.000000,4,3.403500e-12,8.266721e-13,3.408355e-16,1.664718e-19,1.818661e-10
1136,1136.000000,4,4.714451e-12,8.195666e-13,3.408223e-16,-1.213540e-19,1.990133e-10
1137,1137.000000,4,6.039613e-12,8.117951e-13,3.407811e-16,-7.435030e-20,-4.205187e-10
1138,1138.000000,4,5.265122e-12,8.530954e-13,3.407957e-16,2.005615e-19,1.521538e-10
1139,1139.000000,4,6.153300e-12,8.337775e-13,3.407546e-16,-2.020571e-19,-3.046638e-10
1140,1140.000000,4,4.028777e-12,8.262280e-13,3.407692e-16,6.061580e-21,2.345768e-11
1141,1141.000000,4,4.206413e-12,8.100187e-13,3.407559e-16,1.268399e-19,-1.295994e-10
1142,1142.000000,4,8.228085e-12,8.091305e-13,3.407148e-16,-1.723183e-20,4.777183e-10
1143,1143.000000,4,3.332445e-12,8.253398e-13,3.407294e-16,1.115701e-19,1.340572e-10
1144,1144.000000,4,5.400125e-12,7.998047e-13,3.407161e-16,3.477467e-20,1.972347e-10
1145,1145.000000,4,4.845901e-12,8.311130e-13,3.407029e-16,2.507846e-19,-2.011022e-10
1146,1146.000000,4,6.313172e-12,8.415491e-13,3.406896e-16,1.868502e-19,4.647918e-10
1147,1147.000000,4,3.669953e-12,8.357759e-13,3.406763e-16,5.621883e-19,-2.984550e-10
1148,1148.000000,4,5.165646e-12,8.160139e-13,3.406630e-16,1.701742e-19,1.493112e-10
1149,1149.000000,4,4.089173e-12,7.920331e-13,3.406496e-16,3.489147e-19,2.146159e-10
1150,1150.000000,4,4.462208e-12,8.399947e-13,3.406363e-16,-1.221150e-19,-2.770708e-10
1151,1151.000000,4,4.227729e-12,8.162360e-13,3.406229e-16,-3.831170e-20,8.193002e-11
1152,1152.000000,4,4.487077e-12,8.251178e-13,3.406094e-16,-1.688772e-19,2.454756e-10
1153,1153.000000,4,5.673684e-12,8.100187e-13,4.257450e-16,8.781019e-20,1.573497e-11
1154,1154.000000,4,5.641709e-12,8.244516e-13,3.405825e-16,-2.972523e-19,5.724710e-11
1155,1155.000000,4,5.098144e-12,8.317791e-13,3.405689e-16,3.861676e-19,3.277840e-10
1156,1156.000000,4,6.224354e-12,8.113510e-13,3.405553e-16,-1.568004e-19,-8.040724e-11
1157,1157.000000,4,5.631051e-12,8.324452e-13,3.405417e-16,-5.764125e-20,-2.082543e-10
1158,1158.000000,4,3.428369e-12,8.015810e-13,3.405280e-16,6.289881e-20,-2.387512e-11
1159,1159.000000,4,4.238387e-12,8.080203e-13,3.405143e-16,8.212249e-20,-2.665113e-11
1160,1160.000000,4,4.455103e-12,8.313350e-13,3.405006e-16,-1.197791e-19,-9.121148e-12
1161,1161.000000,4,4.007461e-12,8.122392e-13,3.404868e-16,-6.921285e-19,2.736735e-10
1162,1162.000000,4,3.247180e-12,8.166801e-13,3.404730e-16,-3.982610e-19,1.216014e-10
1163,1163.000000,4,5.606182e-12,8.231194e-13,3.404591e-16,1.192033e-19,-1.819696e-10
1164,1164.000000,4,3.414158e-12,8.293366e-13,3.404452e-16,2.134556e-19,1.225735e-10
1165,1165.000000,4,6.998846e-12,8.388845e-13,3.404312e-16,5.909709e-19,1.365632e-10
1166,1166.000000,4,3.783640e-12,8.324452e-13,3.893972e-16,7.049233e-20,2.327933e-10
1167,1167.000000,4,4.398260e-12,8.133494e-13,3.404031e-16,-3.192719e-19,-1.748379e-12
1168,1168.000000,4,4.241940e-12,8.106849e-13,3.403890e-16,1.498289e-19,-1.863025e-10
1169,1169.000000,4,4.753531e-12,8.153478e-13,3.403749e-16,1.856524e-20,-1.861444e-10
1170,1170.000000,4,5.606182e-12,8.051337e-13,3.403607e-16,2.462417e-19,-2.680522e-12
1171,1171.000000,4,5.048406e-12,8.131273e-13,3.403465e-16,3.486070e-20,4.302598e-10
1172,1172.000000,4,4.153122e-12,8.186785e-13,3.403322e-16,-1.909563e-19,1.301537e-11
1173,1173.000000,4,4.511946e-12,8.193446e-13,3.403179e-16,-1.726260e-19,3.458229e-10
1174,1174.000000,4,4.192202e-12,8.291146e-13,3.403035e-16,-3.900653e-20,-6.451861e-11
1175,1175.000000,4,4.995115e-12,8.033574e-13,3.402891e-16,-4.456849e-20,3.843326e-11
1176,1176.000000,4,4.508394e-12,8.093526e-13,3.402746e-16,-7.902222e-20,9.254464e-11
1177,1177.000000,4,5.890399e-12,7.909229e-13,3.402601e-16,-1.098297e-19,-1.858624e-10
1178,1178.000000,4,3.421263e-12,7.949197e-13,3.402455e-16,1.547853e-19,4.151159e-10
1179,1179.000000,4,4.170886e-12,8.091305e-13,3.402028e-16,-9.883485e-20,2.652283e-10
1180,1180.000000,4,4.558132e-12,8.235634e-13,3.402163e-16,-2.268460e-20,4.044320e-12
1181,1181.000000,4,4.419576e-12,7.962520e-13,3.402017e-16,-6.374585e-20,1.366693e-10
1182,1182.000000,4,4.614975e-12,8.271162e-13,3.401587e-16,-2.383372e-19,3.534373e-11
1183,1183.000000,4,4.845901e-12,8.029133e-13,3.401722e-16,-1.344334e-20,2.878986e-11
1184,1184.000000,4,4.899192e-12,7.949197e-13,3.401291e-16,8.267836e-20,6.009149e-11
1185,1185.000000,4,5.147882e-12,7.829293e-13,3.401425e-16,1.192199e-19,-3.405427e-10
1186,1186.000000,4,6.529888e-12,8.242296e-13,3.401276e-16,-2.654290e-19,3.593978e-10
1187,1187.000000,4,3.709033e-12,7.855938e-13,3.401127e-16,2.408353e-19,1.963358e-10
1188,1188.000000,4,5.545786e-12,8.100187e-13,3.400694e-16,3.048855e-19,-4.934098e-11
1189,1189.000000,4,3.851142e-12,8.133494e-13,3.400827e-16,2.362461e-19,-4.223959e-10
1190,1190.000000,4,4.870770e-12,8.111289e-13,3.400676e-16,-2.638673e-19,-2.491869e-10
1191,1191.000000,4,3.957723e-12,8.164580e-13,3.400525e-16,4.503833e-20,1.930163e-10
1192,1192.000000,4,4.465761e-12,8.193446e-13,3.880838e-16,4.834805e-19,3.578018e-10
1193,1193.000000,4,4.259704e-12,7.978063e-13,3.400221e-16,-1.675736e-19,1.877689e-10
1194,1194.000000,4,4.341416e-12,8.133494e-13,3.400069e-16,2.560124e-19,3.459872e-10
1195,1195.000000,4,4.011014e-12,8.006928e-13,3.399916e-16,-6.730603e-20,3.244782e-11
1196,1196.000000,4,4.522605e-12,7.818191e-13,3.399763e-16,6.868908e-21,3.926774e-10
1197,1197.000000,4,6.426859e-12,7.971401e-13,3.399609e-16,-1.712926e-20,3.239555e-10
1198,1198.000000,4,4.447998e-12,8.142376e-13,3.399455e-16,-1.461992e-19,1.422675e-10
1199,1199.000000,4,4.796163e-12,7.935874e-13,3.399300e-16,-7.874098e-20,1.009997e-10
1200,1200.000000,4,4.714451e-12,8.018031e-13,4.248576e-16,1.124039e-19,-2.427347e-11
1201,1201.000000,4,3.936407e-12,7.962520e-13,3.398990e-16,-8.986490e-20,-1.286398e-10
1202,1202.000000,4,5.670131e-12,7.978063e-13,3.398834e-16,-3.248471e-19,-7.136958e-12
1203,1203.000000,4,3.527845e-12,7.640555e-13,3.398678e-16,6.841776e-20,-4.558975e-11
1204,1204.000000,4,5.556444e-12,8.026912e-13,3.398521e-16,1.086915e-19,-7.262368e-11
1205,1205.000000,4,4.703793e-12,7.907008e-13,3.398364e-16,2.302838e-19,-2.378409e-11
1206,1206.000000,4,7.034373e-12,7.658318e-13,3.398207e-16,2.625504e-19,5.035083e-12
1207,1207.000000,4,6.767920e-12,7.891465e-13,3.398050e-16,-2.486406e-19,1.830021e-10
1208,1208.000000,4,4.867218e-12,7.680523e-13,3.397607e-16,1.444654e-19,-1.098788e-10
1209,1209.000000,4,6.387779e-12,8.064660e-13,3.397735e-16,-1.353698e-19,-9.790302e-11
1210,1210.000000,4,5.343281e-12,7.627232e-13,3.397577e-16,-3.674502e-19,2.970140e-10
1211,1211.000000,4,3.716139e-12,7.989165e-13,3.397420e-16,-3.280301e-19,2.481229e-10
1212,1212.000000,4,4.035883e-12,7.840395e-13,3.397263e-16,-3.836464e-20,3.498846e-10
1213,1213.000000,4,6.128431e-12,8.002488e-13,3.397106e-16,1.804246e-20,-1.977627e-10
1214,1214.000000,4,4.288125e-12,7.949197e-13,3.396665e-16,-2.991416e-20,2.607647e-11
1215,1215.000000,4,4.778400e-12,7.756018e-13,3.396793e-16,-1.148458e-20,1.034444e-10
1216,1216.000000,4,4.249046e-12,7.744916e-13,3.396636e-16,-3.741536e-19,-3.665366e-10
1217,1217.000000,4,4.810374e-12,7.591705e-13,3.396481e-16,5.500089e-20,-1.761560e-10
1218,1218.000000,4,5.329071e-12,7.951417e-13,3.396325e-16,3.230637e-19,-6.149814e-10
1219,1219.000000,4,6.700418e-12,7.633894e-13,3.396170e-16,2.282588e-19,-1.385532e-10
1220,1220.000000,4,4.007461e-12,7.809309e-13,3.396015e-16,5.781331e-20,2.640324e-10
1221,1221.000000,4,4.845901e-12,7.811529e-13,3.395577e-16,-2.001446e-20,1.853819e-10
1222,1222.000000,4,3.900880e-12,7.687184e-13,4.244278e-16,3.983371e-20,1.108713e-10
1223,1223.000000,4,4.092726e-12,7.869261e-13,3.395551e-16,-3.489445e-19,1.940448e-10
1224,1224.000000,4,4.394707e-12,7.711609e-13,3.395397e-16,-3.548638e-19,-7.305223e-11
1225,1225.000000,4,6.103562e-12,7.862599e-13,3.395244e-16,1.791276e-19,1.844556e-10
1226,1226.000000,4,3.936407e-12,7.780443e-13,3.395091e-16,8.464705e-20,2.511014e-11
1227,1227.000000,4,4.515499e-12,7.818191e-13,3.394938e-16,-2.053956e-19,-2.684932e-10
1228,1228.000000,4,3.904432e-12,7.749357e-13,3.394504e-16,-1.063920e-19,-2.694045e-10
1229,1229.000000,4,5.023537e-12,7.631673e-13,3.394633e-16,-2.560157e-19,1.769007e-10
1230,1230.000000,4,4.391154e-12,7.505108e-13,4.242750e-16,-2.429893e-19,1.618763e-10
1231,1231.000000,4,3.957723e-12,7.573941e-13,3.394329e-16,-1.078974e-19,1.224896e-10
1232,1232.000000,4,2.806644e-12,7.618350e-13,3.394178e-16,-3.603530e-19,6.597389e-12
1233,1233.000000,4,7.339906e-12,7.762679e-13,3.393747e-16,-2.444021e-19,1.378933e-10
1234,1234.000000,4,3.517187e-12,7.638334e-13,3.393876e-16,1.826746e-20,-2.413003e-11
1235,1235.000000,4,7.091217e-12,7.711609e-13,3.393726e-16,2.429992e-19,-5.041145e-10
1236,1236.000000,4,4.462208e-12,7.691625e-13,3.393576e-16,-3.163403e-19,-3.259948e-10
1237,1237.000000,4,4.725109e-12,7.887024e-13,3.393426e-16,5.519280e-20,-2.056768e-10
1238,1238.000000,4,4.085621e-12,7.751577e-13,3.393276e-16,4.527325e-20,1.756240e-10
1239,1239.000000,4,4.149570e-12,7.593925e-13,3.393126e-16,1.017002e-19,-3.097878e-10
1240,1240.000000,4,3.559819e-12,7.669421e-13,3.392977e-16,-2.740946e-20,-4.869949e-10
1241,1241.000000,4,4.344969e-12,7.707168e-13,3.392828e-16,1.778736e-19,1.185247e-10
1242,1242.000000,4,6.785683e-12,7.738254e-13,3.392402e-16,-1.055582e-19,1.089173e-11
1243,1243.000000,4,4.007461e-12,7.873702e-13,3.392531e-16,3.278117e-19,-9.355627e-11
1244,1244.000000,4,5.172751e-12,7.618350e-13,3.392383e-16,-6.959898e-20,2.283271e-10
1245,1245.000000,4,5.883294e-12,7.531753e-13,3.392235e-16,-3.524120e-20,1.129199e-10
1246,1246.000000,4,6.068035e-12,7.511769e-13,3.392088e-16,2.480582e-19,9.169376e-11
1247,1247.000000,4,5.144329e-12,7.600587e-13,3.391940e-16,5.851145e-20,-1.729648e-10
1248,1248.000000,4,4.952483e-12,7.769341e-13,3.391793e-16,-2.808080e-19,1.459703e-10
1249,1249.000000,4,4.302336e-12,7.593925e-13,3.391646e-16,2.214495e-19,-2.132197e-10
1250,1250.000000,4,4.078515e-12,7.540635e-13,3.391499e-16,-1.530615e-19,-3.285461e-11
1251,1251.000000,4,5.695000e-12,7.696066e-13,3.391353e-16,-5.261530e-20,-2.037313e-10
1252,1252.000000,4,6.167511e-12,7.671641e-13,4.238663e-16,-2.054253e-19,-4.794387e-12
1253,1253.000000,4,6.128431e-12,7.718270e-13,3.851991e-16,-2.820686e-20,1.642539e-10
1254,1254.000000,4,3.694822e-12,7.498446e-13,3.390915e-16,-5.309441e-19,1.403349e-10
1255,1255.000000,4,4.497736e-12,7.702727e-13,3.390493e-16,-5.666187e-20,2.132294e-11
1256,1256.000000,4,4.220624e-12,7.340795e-13,3.390623e-16,-2.142034e-19,7.344214e-11
1257,1257.000000,4,5.627498e-12,7.618350e-13,3.390478e-16,7.134267e-20,-2.532339e-10
1258,1258.000000,4,4.270362e-12,7.573941e-13,3.390333e-16,2.585866e-19,-1.323004e-10
1259,1259.000000,4,4.931167e-12,7.722711e-13,3.390188e-16,9.311407e-20,1.674887e-10
1260,1260.000000,4,5.691447e-12,7.627232e-13,3.390043e-16,-6.399400e-20,2.171863e-10
1261,1261.000000,4,4.373391e-12,7.551737e-13,4.237031e-16,1.981528e-19,1.067817e-10
1262,1262.000000,4,6.430412e-12,7.625012e-13,4.237193e-16,-1.570121e-19,-4.214629e-11
1263,1263.000000,4,4.757084e-12,7.682743e-13,3.389610e-16,-2.077845e-19,-2.305134e-11
1264,1264.000000,4,5.819345e-12,7.651657e-13,4.236833e-16,5.729715e-20,1.437428e-11
1265,1265.000000,4,4.344969e-12,7.682743e-13,3.389322e-16,-3.144610e-20,8.165424e-11
1266,1266.000000,4,4.789058e-12,7.704948e-13,3.389178e-16,2.798120e-19,4.990404e-10
1267,1267.000000,4,4.138911e-12,7.704948e-13,3.389034e-16,2.554797e-19,2.272538e-11
1268,1268.000000,4,4.689582e-12,7.629453e-13,3.388889e-16,2.252644e-19,-8.232126e-11
1269,1269.000000,4,4.867218e-12,7.733814e-13,3.388744e-16,-4.303986e-20,-3.945377e-10
1270,1270.000000,4,4.806822e-12,7.762679e-13,3.388598e-16,2.440646e-19,-2.664096e-10
1271,1271.000000,4,4.860112e-12,7.442935e-13,3.388451e-16,-4.111088e-20,-9.589263e-11
1272,1272.000000,4,5.794476e-12,7.827072e-13,3.388303e-16,1.221580e-19,1.849751e-10
1273,1273.000000,4,4.884981e-12,7.491785e-13,3.388155e-16,-4.180902e-20,2.790750e-10
1274,1274.000000,4,2.891909e-12,7.855938e-13,4.234661e-16,4.244793e-19,-3.324803e-10
1275,1275.000000,4,5.559997e-12,7.869261e-13,3.387855e-16,3.870180e-19,2.956564e-10
1276,1276.000000,4,4.330758e-12,7.547296e-13,3.387703e-16,1.797298e-19,-2.565392e-10
1277,1277.000000,4,4.071410e-12,7.869261e-13,3.387551e-16,1.184357e-19,-1.708398e-10
1278,1278.000000,4,5.428547e-12,7.736034e-13,3.387397e-16,1.566118e-19,-2.771356e-10
1279,1279.000000,4,4.490630e-12,7.993606e-13,3.387243e-16,2.560918e-19,-9.044809e-11
1280,1280.000000,4,4.991563e-12,7.676082e-13,3.387087e-16,1.399590e-19,9.032908e-11
1281,1281.000000,4,4.511946e-12,7.838175e-13,3.386929e-16,2.955516e-19,-2.343064e-10
1282,1282.000000,4,5.282885e-12,7.542855e-13,3.386771e-16,-6.270360e-20,-7.951240e-11
1283,1283.000000,4,5.801581e-12,7.855938e-13,3.386612e-16,3.195895e-20,1.907483e-10
1284,1284.000000,4,4.575895e-12,7.440715e-13,3.386451e-16,-6.729941e-20,2.675979e-10
1285,1285.000000,4,4.369838e-12,7.784884e-13,3.386289e-16,3.809001e-20,2.370264e-10
1286,1286.000000,4,6.153300e-12,7.516210e-13,3.386126e-16,9.854037e-20,1.891172e-10
1287,1287.000000,4,3.652190e-12,7.658318e-13,3.385962e-16,-1.386884e-19,-7.900347e-12
1288,1288.000000,4,6.934897e-12,7.540635e-13,3.385797e-16,9.499342e-21,-1.198242e-10
1289,1289.000000,4,5.204726e-12,7.676082e-13,3.385631e-16,2.151497e-19,1.047549e-10
1290,1290.000000,4,4.959588e-12,7.578382e-13,3.385464e-16,-3.491033e-19,-9.707257e-11
1291,1291.000000,4,6.242118e-12,7.758238e-13,3.385295e-16,1.853215e-20,-3.516218e-10
1292,1292.000000,4,4.405365e-12,7.434053e-13,3.384840e-16,-1.472646e-19,4.380940e-11
1293,1293.000000,4,5.385914e-12,7.531753e-13,3.384954e-16,4.287178e-19,3.040364e-10
1294,1294.000000,4,5.929479e-12,7.749357e-13,3.384782e-16,-9.118177e-20,3.161871e-11
1295,1295.000000,4,4.739320e-12,7.702727e-13,3.384609e-16,-2.374670e-20,-1.539520e-10
1296,1296.000000,4,2.771117e-12,7.653878e-13,3.384147e-16,-1.047575e-19,7.105148e-10
1297,1297.000000,4,4.209966e-12,7.416290e-13,3.384259e-16,-4.381410e-20,5.925038e-11
1298,1298.000000,4,6.906475e-12,7.505108e-13,3.384083e-16,1.382120e-19,-3.856453e-10
1299,1299.000000,4,4.572343e-12,7.693846e-13,3.383905e-16,-1.805570e-19,-1.525882e-10
1300,1300.000000,4,4.632739e-12,7.589485e-13,3.383437e-16,3.800233e-19,8.789103e-11
1301,1301.000000,4,5.215384e-12,7.658318e-13,3.383547e-16,2.327521e-19,1.309592e-10
1302,1302.000000,4,4.682477e-12,7.638334e-13,4.228845e-16,-7.912810e-20,3.303198e-10
1303,1303.000000,4,5.144329e-12,7.505108e-13,3.383184e-16,-4.123992e-20,6.591749e-11
1304,1304.000000,4,4.021672e-12,7.758238e-13,4.228387e-16,-9.601582e-20,5.002661e-10
1305,1305.000000,4,4.796163e-12,7.749357e-13,3.382816e-16,2.617994e-19,-5.808807e-10
1306,1306.000000,4,5.655920e-12,7.782663e-13,3.382631e-16,-2.177570e-19,8.905277e-11
1307,1307.000000,4,4.583001e-12,7.929213e-13,3.382445e-16,4.794339e-20,1.528200e-10
1308,1308.000000,4,4.853007e-12,7.400747e-13,3.382258e-16,-2.304889e-19,2.244960e-10
1309,1309.000000,4,3.495870e-12,7.682743e-13,3.382069e-16,-2.003696e-19,-1.012461e-10
1310,1310.000000,4,4.099832e-12,7.474021e-13,3.381880e-16,-3.161584e-19,-1.054734e-10
1311,1311.000000,4,4.447998e-12,7.567280e-13,3.381396e-16,1.779332e-19,-7.708767e-11
1312,1312.000000,4,5.119460e-12,7.351897e-13,3.381498e-16,-1.548648e-19,-3.588374e-11
1313,1313.000000,4,6.721734e-12,7.456258e-13,3.381306e-16,7.929353e-20,1.418057e-10
1314,1314.000000,4,3.655742e-12,7.553957e-13,3.381113e-16,4.061788e-20,-1.942140e-10
1315,1315.000000,4,4.554579e-12,7.587264e-13,3.380918e-16,-2.115233e-19,-2.261142e-10
1316,1316.000000,4,5.790923e-12,7.553957e-13,4.225904e-16,-1.460834e-19,3.187268e-10
1317,1317.000000,4,4.732215e-12,7.707168e-13,3.380230e-16,-1.884384e-19,-2.068514e-10
1318,1318.000000,4,3.726797e-12,7.500667e-13,3.380032e-16,-9.394456e-20,-2.798961e-11
1319,1319.000000,4,4.011014e-12,7.489565e-13,3.380130e-16,-2.266508e-19,2.713971e-10
1320,1320.000000,4,5.606182e-12,7.704948e-13,3.379931e-16,-5.951730e-20,-1.419953e-10
1321,1321.000000,4,5.293543e-12,7.491785e-13,3.379731e-16,-1.259697e-19,3.312097e-10
1322,1322.000000,4,5.528022e-12,7.371881e-13,3.379529e-16,7.446280e-20,1.959237e-10
1323,1323.000000,4,4.888534e-12,7.369660e-13,3.379327e-16,-8.511027e-20,-3.082410e-10
1324,1324.000000,4,4.256151e-12,7.198686e-13,3.379124e-16,3.341512e-19,5.347944e-10
1325,1325.000000,4,4.426681e-12,7.436274e-13,3.378620e-16,1.891299e-19,-1.118803e-10
1326,1326.000000,4,4.106937e-12,7.387424e-13,3.378715e-16,8.966638e-21,1.499294e-10
1327,1327.000000,4,5.105250e-12,7.429612e-13,3.378510e-16,-1.845473e-19,-2.569061e-10
1328,1328.000000,4,3.204548e-12,7.458478e-13,3.813166e-16,1.472812e-19,-2.619984e-10
1329,1329.000000,4,4.625633e-12,7.447376e-13,3.378098e-16,9.803745e-21,-5.325296e-11
1330,1330.000000,4,5.499601e-12,7.407408e-13,3.377891e-16,1.538126e-19,-1.635647e-10
1331,1331.000000,4,4.980905e-12,7.167600e-13,3.377683e-16,-1.335632e-19,-1.107292e-11
1332,1332.000000,4,3.733902e-12,7.271961e-13,3.377476e-16,-3.618750e-20,1.800058e-10
1333,1333.000000,4,3.574030e-12,7.269740e-13,3.377269e-16,3.355045e-21,2.035745e-10
1334,1334.000000,4,4.590106e-12,7.172041e-13,3.377061e-16,-2.006376e-19,-1.679767e-11
1335,1335.000000,4,5.414336e-12,7.549517e-13,3.376853e-16,2.043533e-19,-2.851990e-10
1336,1336.000000,4,5.549339e-12,7.296386e-13,3.809012e-16,9.230012e-20,8.423662e-11
1337,1337.000000,4,4.945377e-12,7.345236e-13,3.376438e-16,4.673240e-20,3.239959e-10
1338,1338.000000,4,4.209966e-12,7.218670e-13,3.376230e-16,-1.799912e-19,2.233187e-10
1339,1339.000000,4,4.209966e-12,7.194245e-13,3.376022e-16,4.014308e-19,-1.034439e-10
1340,1340.000000,4,4.476419e-12,7.240875e-13,3.375815e-16,8.192397e-20,2.663909e-10
1341,1341.000000,4,3.883116e-12,7.276402e-13,3.375607e-16,3.140639e-20,6.612222e-11
1342,1342.000000,4,4.352074e-12,7.414069e-13,3.375399e-16,-8.506725e-21,1.159517e-11
1343,1343.000000,4,7.673862e-12,7.203127e-13,3.375192e-16,-1.143097e-19,-1.285341e-10
1344,1344.000000,4,4.185097e-12,7.289724e-13,3.374984e-16,-4.234205e-19,-4.007927e-10
1345,1345.000000,4,4.490630e-12,7.067680e-13,3.374776e-16,1.855267e-19,-4.748202e-12
1346,1346.000000,4,5.371703e-12,7.285283e-13,3.374569e-16,1.997641e-19,1.495502e-10
1347,1347.000000,4,4.625633e-12,7.196466e-13,3.374362e-16,3.511150e-19,2.734777e-10
1348,1348.000000,4,4.732215e-12,7.172041e-13,3.374154e-16,-6.557557e-20,9.715384e-11
1349,1349.000000,4,3.787193e-12,7.325252e-13,3.373947e-16,-1.468709e-19,-1.622968e-11
1350,1350.000000,4,4.277467e-12,7.238654e-13,4.216801e-16,-7.282498e-20,-1.196261e-10
1351,1351.000000,4,5.158540e-12,7.218670e-13,3.373533e-16,4.373469e-20,-1.969038e-10
1352,1352.000000,4,3.609557e-12,7.200907e-13,3.800819e-16,-4.840661e-20,1.296927e-10
1353,1353.000000,4,4.405365e-12,7.449596e-13,4.216025e-16,3.100935e-19,9.080070e-11
1354,1354.000000,4,5.339729e-12,7.374101e-13,3.372912e-16,-4.143182e-20,3.229421e-10
1355,1355.000000,4,6.235013e-12,7.125411e-13,3.372705e-16,2.122711e-19,-2.286829e-10
1356,1356.000000,4,4.959588e-12,7.314149e-13,4.215249e-16,1.406869e-19,4.725642e-11
1357,1357.000000,4,3.733902e-12,6.847856e-13,3.372291e-16,6.534727e-20,9.007950e-11
1358,1358.000000,4,3.598899e-12,7.107648e-13,3.372084e-16,-2.636754e-19,2.430181e-10
1359,1359.000000,4,5.144329e-12,7.074341e-13,3.371877e-16,3.500959e-20,2.384226e-10
1360,1360.000000,4,6.608047e-12,7.176482e-13,3.371372e-16,1.958433e-19,4.477498e-10
1361,1361.000000,4,5.620393e-12,7.220891e-13,3.371464e-16,-1.373848e-19,-3.442802e-11
1362,1362.000000,4,3.950618e-12,7.127632e-13,3.371257e-16,2.070036e-19,5.698997e-12
1363,1363.000000,4,5.574208e-12,7.123191e-13,3.371051e-16,-1.088934e-19,2.677578e-10
1364,1364.000000,4,4.767742e-12,7.176482e-13,4.213183e-16,-2.872567e-19,-2.204903e-12
1365,1365.000000,4,4.291678e-12,7.160939e-13,3.370638e-16,-9.175418e-20,2.002558e-10
1366,1366.000000,4,5.449863e-12,7.089884e-13,3.370431e-16,-2.151993e-20,2.100475e-10
1367,1367.000000,4,4.149570e-12,7.065459e-13,3.793336e-16,2.452888e-19,1.541447e-10
1368,1368.000000,4,4.771294e-12,7.189804e-13,3.370018e-16,-3.022617e-19,1.512102e-10
1369,1369.000000,4,5.364598e-12,7.145395e-13,3.369514e-16,-1.986656e-19,1.639200e-10
1370,1370.000000,4,4.181544e-12,6.974421e-13,3.369308e-16,-2.646316e-20,7.774226e-11
1371,1371.000000,4,4.472867e-12,6.949996e-13,3.369399e-16,2.740615e-20,-1.131939e-10
1372,1372.000000,4,4.316547e-12,7.078782e-13,3.368895e-16,4.589198e-20,6.095568e-11
1373,1373.000000,4,4.362732e-12,7.192025e-13,3.368986e-16,1.224459e-19,-2.875695e-10
1374,1374.000000,4,7.410961e-12,6.934453e-13,3.368780e-16,4.465452e-19,9.964696e-11
1375,1375.000000,4,6.529888e-12,6.972201e-13,3.368277e-16,2.175551e-19,2.099814e-10
1376,1376.000000,4,4.810374e-12,7.225331e-13,3.368367e-16,-1.641358e-19,-1.607527e-10
1377,1377.000000,4,3.442580e-12,6.974421e-13,3.368161e-16,-5.592303e-19,2.765699e-11
1378,1378.000000,4,4.288125e-12,7.016610e-13,3.367955e-16,1.277299e-19,1.097580e-10
1379,1379.000000,4,3.943512e-12,7.160939e-13,3.367748e-16,-3.100041e-19,-2.129297e-10
1380,1380.000000,4,4.831691e-12,7.229772e-13,3.367542e-16,-1.069015e-19,-3.279785e-10
1381,1381.000000,4,5.243805e-12,6.938894e-13,3.367335e-16,2.174559e-19,-7.769785e-12
1382,1382.000000,4,4.416023e-12,6.974421e-13,3.367129e-16,5.431599e-20,-2.681566e-10
1383,1383.000000,4,5.211831e-12,6.961098e-13,3.366923e-16,-3.373243e-20,1.378755e-10
1384,1384.000000,4,4.433787e-12,7.087664e-13,3.366717e-16,-1.135719e-19,3.100640e-10
1385,1385.000000,4,3.495870e-12,6.765699e-13,3.784413e-16,-8.992777e-20,-2.226885e-11
1386,1386.000000,4,4.384049e-12,6.843415e-13,3.366304e-16,-8.814437e-20,1.863576e-10
1387,1387.000000,4,4.185097e-12,7.001066e-13,3.366097e-16,-1.778008e-19,-2.273532e-10
1388,1388.000000,4,4.781953e-12,6.898926e-13,3.365891e-16,2.343436e-19,1.011462e-10
1389,1389.000000,4,4.781953e-12,7.054357e-13,3.365684e-16,3.590890e-19,1.410898e-10
1390,1390.000000,4,4.881429e-12,6.896705e-13,4.206477e-16,-2.480152e-19,4.591216e-11
1391,1391.000000,4,5.830003e-12,6.870060e-13,3.365271e-16,-2.324245e-19,-1.437410e-10
1392,1392.000000,4,4.323653e-12,7.027712e-13,3.780944e-16,1.231407e-19,5.023981e-12
1393,1393.000000,4,4.803269e-12,7.185363e-13,3.364859e-16,-6.778249e-20,1.529807e-10
1394,1394.000000,4,5.400125e-12,6.830092e-13,3.364653e-16,-2.725130e-19,8.109247e-11
1395,1395.000000,4,4.810374e-12,6.983303e-13,3.779522e-16,-1.141840e-19,1.427591e-10
1396,1396.000000,4,4.376943e-12,6.936673e-13,3.364241e-16,5.177224e-19,-5.646417e-11
1397,1397.000000,4,4.352074e-12,6.918910e-13,3.364034e-16,2.319414e-19,3.557226e-10
1398,1398.000000,4,3.556266e-12,7.134293e-13,3.363533e-16,5.194694e-20,-1.557465e-10
1399,1399.000000,4,4.387601e-12,7.016610e-13,3.363622e-16,-5.370057e-19,-1.759726e-10
1400,1400.000000,4,4.646949e-12,7.081002e-13,3.363416e-16,-1.202820e-19,-2.402207e-10
1401,1401.000000,4,3.673506e-12,6.845635e-13,3.363210e-16,-2.637383e-19,2.865619e-11
1402,1402.000000,4,5.400125e-12,6.890044e-13,3.776119e-16,9.149610e-20,6.758549e-11
1403,1403.000000,4,6.458833e-12,6.867840e-13,3.362798e-16,-2.846494e-20,-2.730745e-10
1404,1404.000000,4,4.462208e-12,6.872281e-13,3.362592e-16,-7.891965e-20,-1.328977e-10
1405,1405.000000,4,4.938272e-12,6.994405e-13,4.202614e-16,-2.650287e-20,1.483085e-10
1406,1406.000000,4,4.078515e-12,6.983303e-13,3.774141e-16,1.358727e-19,-5.333898e-10
1407,1407.000000,4,5.531575e-12,6.907808e-13,3.361974e-16,1.481878e-19,-1.738027e-10
1408,1408.000000,4,3.044676e-12,6.827872e-13,3.773214e-16,-1.735557e-19,1.462350e-10
1409,1409.000000,4,4.618528e-12,6.985523e-13,3.361268e-16,-4.588867e-20,-7.463763e-11
1410,1410.000000,4,4.693135e-12,7.009948e-13,3.361357e-16,-8.560658e-20,3.624971e-10
1411,1411.000000,4,4.604317e-12,6.963319e-13,4.201071e-16,-1.975969e-19,-9.169687e-11
1412,1412.000000,4,3.943512e-12,6.969980e-13,3.360945e-16,7.305990e-20,2.660325e-10
1413,1413.000000,4,4.249046e-12,6.703527e-13,3.360739e-16,1.839286e-19,-5.693623e-11
1414,1414.000000,4,4.213518e-12,6.825651e-13,3.360534e-16,8.895831e-20,-2.283689e-10
1415,1415.000000,4,4.398260e-12,6.976641e-13,3.360328e-16,1.080728e-19,2.470824e-11
1416,1416.000000,4,5.133671e-12,7.116530e-13,4.199785e-16,-2.525614e-19,-2.734488e-10
1417,1417.000000,4,4.298784e-12,7.129852e-13,3.359917e-16,5.825006e-20,1.867217e-11
1418,1418.000000,4,3.684164e-12,6.774581e-13,4.199271e-16,7.110445e-21,1.024882e-10
1419,1419.000000,4,4.597212e-12,6.963319e-13,3.359505e-16,-2.469730e-19,2.487019e-10
1420,1420.000000,4,4.185097e-12,6.863399e-13,3.359299e-16,9.295856e-20,3.270051e-11
1421,1421.000000,4,4.494183e-12,6.847856e-13,3.359093e-16,2.403886e-19,-3.117213e-10
1422,1422.000000,4,5.272227e-12,6.701306e-13,3.358887e-16,1.000955e-19,-3.756635e-10
1423,1423.000000,4,5.080381e-12,6.827872e-13,3.358682e-16,-2.248707e-19,-4.374048e-10
1424,1424.000000,4,5.019984e-12,6.774581e-13,3.358182e-16,2.612799e-19,3.986056e-11
1425,1425.000000,4,3.716139e-12,6.956657e-13,3.765034e-16,1.298343e-19,-1.858824e-11
1426,1426.000000,4,3.545608e-12,6.898926e-13,3.358064e-16,7.621311e-20,7.174528e-11
1427,1427.000000,4,4.057199e-12,7.183143e-13,3.357859e-16,3.974338e-19,-3.214025e-10
1428,1428.000000,4,4.689582e-12,6.863399e-13,3.357653e-16,4.094412e-19,-4.638823e-11
1429,1429.000000,4,4.050094e-12,6.634693e-13,3.357447e-16,-7.129966e-20,1.871712e-10
1430,1430.000000,4,4.067857e-12,6.947776e-13,3.357241e-16,-4.646108e-20,1.821472e-10
1431,1431.000000,4,3.289813e-12,6.890044e-13,3.357035e-16,-1.903210e-19,-1.653953e-10
1432,1432.000000,4,4.817480e-12,6.714629e-13,3.356829e-16,3.128496e-19,-1.401990e-11
1433,1433.000000,4,3.481659e-12,6.858958e-13,3.356623e-16,8.525585e-20,3.656222e-10
1434,1434.000000,4,5.307754e-12,6.818990e-13,3.356417e-16,2.412720e-20,4.002887e-11
1435,1435.000000,4,3.289813e-12,6.639134e-13,3.356211e-16,5.492810e-20,-2.042002e-10
1436,1436.000000,4,3.403500e-12,6.670220e-13,3.356005e-16,-1.738403e-20,3.150458e-11
1437,1437.000000,4,6.437517e-12,6.925571e-13,3.355800e-16,-4.025524e-19,3.672067e-10
1438,1438.000000,4,5.542233e-12,6.963319e-13,3.758821e-16,-1.570651e-19,-5.601151e-10
1439,1439.000000,4,7.169376e-12,6.665779e-13,3.355388e-16,-7.433045e-20,-4.292566e-11
1440,1440.000000,4,3.446132e-12,6.770140e-13,3.355181e-16,-4.825110e-20,-9.241097e-11
1441,1441.000000,4,5.059064e-12,6.783463e-13,4.193353e-16,1.756171e-19,8.562973e-11
1442,1442.000000,4,4.973799e-12,6.774581e-13,3.354769e-16,-1.777346e-19,-1.654614e-10
1443,1443.000000,4,7.865708e-12,6.603607e-13,3.354563e-16,-3.128298e-19,-3.246416e-10
1444,1444.000000,4,6.497913e-12,6.779022e-13,3.354356e-16,3.434884e-19,-1.387224e-10
1445,1445.000000,4,4.174439e-12,6.838974e-13,3.354150e-16,-2.645324e-20,-1.440981e-11
1446,1446.000000,4,4.476419e-12,6.568079e-13,3.353944e-16,-3.539440e-19,4.340128e-11
1447,1447.000000,4,6.160406e-12,6.532552e-13,3.353738e-16,1.329412e-19,6.099556e-10
1448,1448.000000,4,5.030643e-12,6.530332e-13,3.353241e-16,2.457388e-19,-1.980776e-10
1449,1449.000000,4,5.982770e-12,6.818990e-13,4.191294e-16,-5.915003e-20,1.208083e-10
1450,1450.000000,4,3.758771e-12,6.641354e-13,3.353122e-16,2.499277e-19,-4.210632e-11
1451,1451.000000,4,4.789058e-12,6.525891e-13,3.352917e-16,1.599503e-19,-3.805907e-10
1452,1452.000000,4,5.805134e-12,6.614709e-13,3.352712e-16,-3.862603e-19,1.534395e-10
1453,1453.000000,4,4.522605e-12,6.570300e-13,3.352218e-16,2.809701e-19,3.379759e-10
1454,1454.000000,4,4.689582e-12,6.723511e-13,3.352305e-16,1.017664e-19,7.764145e-11
1455,1455.000000,4,6.618706e-12,6.667999e-13,3.351812e-16,-5.320095e-20,1.387628e-10
1456,1456.000000,4,4.220624e-12,6.770140e-13,3.351899e-16,9.945689e-20,-3.031562e-10
1457,1457.000000,4,4.035883e-12,6.732392e-13,3.351697e-16,3.812972e-20,-9.001111e-11
1458,1458.000000,4,5.258016e-12,6.419310e-13,3.749768e-16,2.809436e-19,-1.205107e-10
1459,1459.000000,4,4.824585e-12,6.596945e-13,3.351295e-16,-2.665705e-19,-2.782614e-10
1460,1460.000000,4,3.915090e-12,6.263878e-13,3.351095e-16,5.095433e-21,9.152146e-11
1461,1461.000000,4,6.082246e-12,6.727952e-13,3.350895e-16,-1.438831e-19,2.343836e-10
1462,1462.000000,4,1.373479e-11,6.545875e-13,3.350696e-16,-7.388377e-21,2.044498e-11
1463,1463.000000,4,4.021672e-12,6.650236e-13,3.350497e-16,3.325134e-19,8.276979e-11
1464,1464.000000,4,3.652190e-12,6.759038e-13,3.350299e-16,9.087737e-20,1.013185e-10
1465,1465.000000,4,4.348522e-12,6.321610e-13,3.350102e-16,2.806690e-19,-3.752998e-12
1466,1466.000000,4,8.135714e-12,6.332712e-13,3.349905e-16,-2.713252e-19,-3.261138e-10
1467,1467.000000,4,5.066170e-12,6.574741e-13,3.349709e-16,-1.755410e-19,-1.218163e-10
1468,1468.000000,4,4.700240e-12,6.705747e-13,3.349513e-16,-2.218796e-19,3.274887e-10
1469,1469.000000,4,5.041301e-12,6.508127e-13,3.349318e-16,-9.713747e-20,3.182357e-10
1470,1470.000000,4,6.053824e-12,6.599166e-13,3.349123e-16,1.403130e-19,-3.507723e-10
1471,1471.000000,4,3.907985e-12,6.494805e-13,3.348929e-16,-1.446110e-19,-6.310774e-11
1472,1472.000000,4,5.272227e-12,6.621370e-13,3.348736e-16,-2.402596e-19,7.264500e-11
1473,1473.000000,4,4.796163e-12,6.432632e-13,3.348543e-16,-1.236966e-19,2.621827e-10
1474,1474.000000,4,4.057199e-12,6.588063e-13,4.185084e-16,4.118102e-19,2.720970e-10
1475,1475.000000,4,4.781953e-12,6.428191e-13,3.348158e-16,7.723882e-20,1.703411e-10
1476,1476.000000,4,4.138911e-12,6.334933e-13,3.347967e-16,1.034538e-19,1.874181e-10
1477,1477.000000,4,4.035883e-12,6.710188e-13,3.347776e-16,2.051838e-19,8.721157e-11
1478,1478.000000,4,5.705658e-12,6.790124e-13,3.741221e-16,5.913680e-20,4.610312e-11
1479,1479.000000,4,4.462208e-12,6.610268e-13,3.347115e-16,-1.216882e-19,-2.830562e-10
1480,1480.000000,4,5.130119e-12,6.501466e-13,3.347207e-16,2.398493e-19,7.767964e-11
1481,1481.000000,4,5.719869e-12,6.494805e-13,3.346737e-16,3.709309e-19,1.464087e-10
1482,1482.000000,4,3.826273e-12,6.366019e-13,3.346830e-16,-6.614467e-20,4.132210e-10
1483,1483.000000,4,4.028777e-12,6.694645e-13,3.346642e-16,2.673448e-20,-1.845546e-11
1484,1484.000000,4,5.186962e-12,6.556977e-13,3.346454e-16,-4.207901e-19,2.899312e-10
1485,1485.000000,4,4.789058e-12,6.539214e-13,3.346268e-16,4.065427e-20,-3.566591e-10
1486,1486.000000,4,3.730349e-12,6.368239e-13,3.346082e-16,-1.546530e-19,1.922236e-10
1487,1487.000000,4,3.694822e-12,6.472600e-13,3.345617e-16,-1.887097e-19,-3.270939e-11
1488,1488.000000,4,7.190692e-12,6.528111e-13,3.345711e-16,8.616244e-20,-2.220579e-10
1489,1489.000000,4,5.073275e-12,6.417089e-13,3.345526e-16,2.724965e-19,7.384315e-11
1490,1490.000000,4,3.694822e-12,6.536993e-13,4.181329e-16,4.189835e-20,2.303047e-11
1491,1491.000000,4,4.025225e-12,6.306067e-13,3.345157e-16,-2.264986e-19,-4.039036e-11
1492,1492.000000,4,4.753531e-12,6.405987e-13,3.344974e-16,3.603497e-19,-1.928719e-10
1493,1493.000000,4,6.622258e-12,6.343814e-13,3.344514e-16,-4.354345e-19,8.662138e-11
1494,1494.000000,4,4.256151e-12,6.490364e-13,3.344608e-16,-2.934704e-19,-2.681366e-11
1495,1495.000000,4,6.728840e-12,6.401546e-13,3.734196e-16,-4.240790e-19,-1.188800e-10
1496,1496.000000,4,4.078515e-12,6.485923e-13,3.343969e-16,-4.808235e-20,-2.989808e-10
1497,1497.000000,4,4.419576e-12,6.350476e-13,3.344063e-16,-3.248239e-19,-8.471179e-11
1498,1498.000000,4,4.668266e-12,6.166179e-13,3.343883e-16,5.738317e-20,3.658394e-10
1499,1499.000000,4,3.950618e-12,6.539214e-13,3.343702e-16,6.097314e-20,-4.572875e-11
1500,1500.000000,4,4.320100e-12,6.172840e-13,4.179059e-16,5.307720e-19,-1.731504e-12
1501,1501.000000,4,5.044853e-12,6.556977e-13,3.343343e-16,5.802837e-20,-4.220859e-10
1502,1502.000000,4,4.817480e-12,6.574741e-13,3.343164e-16,-1.167979e-19,7.273870e-11
1503,1503.000000,4,5.741185e-12,6.572520e-13,3.730902e-16,-1.500473e-19,8.093437e-11
1504,1504.000000,4,4.689582e-12,6.610268e-13,3.342807e-16,-2.059944e-19,-2.118750e-12
1505,1505.000000,4,5.172751e-12,6.465939e-13,4.177944e-16,7.440324e-20,1.082574e-10
1506,1506.000000,4,3.876011e-12,6.494805e-13,3.342451e-16,-2.316271e-19,3.162826e-10
1507,1507.000000,4,5.776712e-12,6.585843e-13,3.342274e-16,-1.761597e-19,3.670269e-10
1508,1508.000000,4,4.369838e-12,6.556977e-13,3.342096e-16,2.274681e-19,-2.607314e-10
1509,1509.000000,4,7.332801e-12,6.448175e-13,3.341918e-16,-4.237051e-19,8.479084e-11
1510,1510.000000,4,3.652190e-12,6.554757e-13,3.341740e-16,-1.289641e-19,1.335820e-11
1511,1511.000000,4,5.062617e-12,6.763479e-13,4.176611e-16,2.026758e-19,1.396616e-11
1512,1512.000000,4,6.863843e-12,6.405987e-13,3.341384e-16,-7.941265e-20,2.632539e-10
1513,1513.000000,4,4.831691e-12,6.576961e-13,3.341205e-16,-2.028214e-19,-5.167244e-11
1514,1514.000000,4,4.789058e-12,6.366019e-13,3.341025e-16,7.572011e-20,-2.504037e-10
1515,1515.000000,4,6.224354e-12,6.670220e-13,3.340845e-16,-5.193702e-20,-2.092371e-10
1516,1516.000000,4,3.666401e-12,6.634693e-13,3.340665e-16,-1.229951e-19,-1.543357e-10
1517,1517.000000,4,3.403500e-12,6.543655e-13,3.340484e-16,-1.168277e-19,-1.464038e-10
1518,1518.000000,4,4.312994e-12,6.694645e-13,3.340302e-16,5.623174e-20,-5.368062e-11
1519,1519.000000,4,4.028777e-12,6.286083e-13,3.340119e-16,-3.440377e-19,1.026201e-11
1520,1520.000000,4,7.013057e-12,6.503686e-13,3.339936e-16,3.227559e-19,5.204992e-11
1521,1521.000000,4,4.803269e-12,6.619150e-13,3.339752e-16,-8.068320e-20,-2.827893e-10
1522,1522.000000,4,5.151435e-12,6.838974e-13,3.339568e-16,-6.440428e-20,-1.843152e-10
1523,1523.000000,4,3.961276e-12,6.521450e-13,3.339383e-16,-3.371919e-20,-3.193312e-11
1524,1524.000000,4,4.362732e-12,6.632472e-13,3.339197e-16,2.828329e-19,3.044232e-11
1525,1525.000000,4,6.735945e-12,6.443734e-13,3.339011e-16,-1.762722e-19,3.795964e-10
1526,1526.000000,4,7.325696e-12,6.401546e-13,3.338824e-16,-7.347680e-20,1.776961e-10
1527,1527.000000,4,3.566925e-12,6.861178e-13,3.338636e-16,-1.791772e-19,-1.111191e-10
1528,1528.000000,4,7.865708e-12,6.539214e-13,3.338170e-16,2.005185e-19,4.264145e-12
1529,1529.000000,4,4.689582e-12,6.470380e-13,3.338258e-16,-1.719212e-20,-2.883143e-10
1530,1530.000000,4,3.474554e-12,6.503686e-13,3.338068e-16,1.078478e-19,-5.594014e-11
1531,1531.000000,4,4.071410e-12,6.636913e-13,3.337877e-16,2.166154e-19,8.685630e-11
1532,1532.000000,4,5.037748e-12,6.543655e-13,3.337686e-16,-1.106867e-19,2.865388e-10
1533,1533.000000,4,6.409095e-12,6.434853e-13,3.337215e-16,-6.721008e-20,3.031944e-10
1534,1534.000000,4,4.455103e-12,6.665779e-13,3.337301e-16,-8.729402e-20,2.285740e-10
1535,1535.000000,4,5.293543e-12,6.354917e-13,3.337108e-16,3.805097e-19,-2.047442e-10
1536,1536.000000,4,4.462208e-12,6.339373e-13,3.336914e-16,-1.642284e-19,-1.220846e-11
1537,1537.000000,4,5.535128e-12,6.414869e-13,3.336719e-16,2.050548e-19,1.681979e-10
1538,1538.000000,4,5.499601e-12,6.341594e-13,3.336524e-16,-3.558200e-20,-2.733165e-10
1539,1539.000000,4,4.050094e-12,6.517009e-13,3.714472e-16,1.773608e-19,-1.487521e-11
1540,1540.000000,4,4.519052e-12,6.490364e-13,3.336131e-16,-1.600727e-19,-2.331793e-10
1541,1541.000000,4,4.515499e-12,6.474821e-13,3.335933e-16,-1.083143e-19,1.776623e-10
1542,1542.000000,4,4.909850e-12,6.332712e-13,4.169316e-16,8.285041e-20,-3.547242e-10
1543,1543.000000,4,4.305889e-12,6.155076e-13,3.335536e-16,-2.413746e-19,1.442744e-10
1544,1544.000000,4,3.502976e-12,6.274981e-13,4.168818e-16,1.996748e-19,6.084466e-12
1545,1545.000000,4,4.718004e-12,6.448175e-13,3.334854e-16,1.592488e-20,-1.255591e-10
1546,1546.000000,4,6.512124e-12,6.241674e-13,3.334936e-16,-8.932227e-20,-7.580558e-11
1547,1547.000000,4,9.293899e-12,6.377121e-13,3.334734e-16,1.680765e-19,-2.641367e-10
1548,1548.000000,4,6.139089e-12,6.357137e-13,3.334532e-16,4.220937e-20,1.878910e-10
1549,1549.000000,4,5.506706e-12,6.554757e-13,4.167912e-16,1.731355e-19,2.245564e-10
1550,1550.000000,4,5.819345e-12,6.334933e-13,3.334126e-16,-3.031749e-19,5.112870e-10
1551,1551.000000,4,4.931167e-12,6.299405e-13,3.333922e-16,4.381410e-20,2.091429e-10
1552,1552.000000,4,5.371703e-12,6.534773e-13,3.333717e-16,-8.246329e-20,5.969967e-10
1553,1553.000000,4,4.547474e-12,6.337153e-13,3.333512e-16,-1.030998e-19,-4.889058e-10
1554,1554.000000,4,3.865352e-12,6.468159e-13,3.333306e-16,-4.269906e-20,-9.349854e-11
1555,1555.000000,4,4.945377e-12,6.630252e-13,3.333099e-16,7.241139e-20,8.818235e-11
1556,1556.000000,4,3.169021e-12,6.259437e-13,3.332892e-16,7.727190e-20,-1.377694e-10
1557,1557.000000,4,4.305889e-12,6.408207e-13,3.332685e-16,-1.452264e-19,-3.598055e-11
1558,1558.000000,4,4.085621e-12,6.541434e-13,3.705413e-16,-2.437238e-19,-2.799632e-10
1559,1559.000000,4,5.833556e-12,6.259437e-13,3.331981e-16,-4.631914e-19,1.972538e-10
1560,1560.000000,4,4.810374e-12,6.343814e-13,3.332058e-16,-1.394627e-20,-3.053309e-10
1561,1561.000000,4,5.094591e-12,6.394885e-13,3.331848e-16,1.144818e-21,-1.776490e-10
1562,1562.000000,4,5.165646e-12,6.241674e-13,3.331637e-16,-1.255892e-19,-3.527623e-11
1563,1563.000000,4,4.604317e-12,6.386003e-13,4.164282e-16,-1.744689e-20,2.272618e-10
1564,1564.000000,4,5.108802e-12,6.050715e-13,3.331214e-16,3.656138e-21,1.261746e-11
1565,1565.000000,4,5.947243e-12,6.179501e-13,3.331002e-16,-8.590767e-20,2.939169e-10
1566,1566.000000,4,4.568790e-12,6.390444e-13,4.163127e-16,-1.565224e-19,1.405285e-10
1567,1567.000000,4,6.842527e-12,5.977441e-13,3.330575e-16,1.924949e-19,2.329670e-10
1568,1568.000000,4,5.030643e-12,6.072920e-13,3.330362e-16,-7.881708e-20,-1.230940e-10
1569,1569.000000,4,4.440892e-12,6.208367e-13,3.330148e-16,-5.944451e-20,-2.239058e-10
1570,1570.000000,4,4.419576e-12,6.181722e-13,3.329935e-16,-2.535871e-19,5.734035e-11
1571,1571.000000,4,5.307754e-12,6.301626e-13,3.329721e-16,-9.391809e-20,-9.102319e-11
1572,1572.000000,4,3.588241e-12,6.210588e-13,3.329220e-16,-6.083417e-20,1.851652e-10
1573,1573.000000,4,6.338041e-12,6.055156e-13,3.329294e-16,-2.535639e-19,2.851763e-10
1574,1574.000000,4,7.389644e-12,6.308287e-13,3.328794e-16,9.396772e-22,-1.873182e-10
1575,1575.000000,4,6.146195e-12,6.001866e-13,3.328868e-16,2.390221e-19,-2.818528e-10
1576,1576.000000,4,4.156675e-12,6.319389e-13,3.328369e-16,-1.468974e-19,-9.752821e-11
1577,1577.000000,4,4.202860e-12,6.274981e-13,3.328443e-16,1.035829e-19,-2.450813e-10
1578,1578.000000,4,6.401990e-12,6.290524e-13,4.159932e-16,-3.312858e-19,-1.865854e-10
1579,1579.000000,4,4.419576e-12,6.290524e-13,3.328019e-16,1.944437e-19,-3.154002e-10
1580,1580.000000,4,4.131806e-12,6.281642e-13,3.327808e-16,-3.418704e-19,-1.499725e-10
1581,1581.000000,4,6.110668e-12,6.183942e-13,4.159139e-16,5.882909e-20,1.251452e-10
1582,1582.000000,4,5.407230e-12,6.172840e-13,3.694590e-16,1.765634e-19,1.986171e-10
1583,1583.000000,4,5.144329e-12,6.044054e-13,3.327176e-16,-2.333113e-19,9.229550e-11
1584,1584.000000,4,3.737455e-12,6.139533e-13,3.326966e-16,3.077343e-19,1.589449e-10
1585,1585.000000,4,8.089529e-12,6.192824e-13,3.326756e-16,-5.863056e-21,2.110090e-10
1586,1586.000000,4,3.808509e-12,6.006307e-13,3.326547e-16,1.958764e-19,-2.284217e-10
1587,1587.000000,4,4.934719e-12,5.919709e-13,3.326338e-16,-9.534745e-20,-2.455280e-11
1588,1588.000000,4,4.050094e-12,6.159517e-13,3.326130e-16,-2.404779e-19,-1.080780e-10
1589,1589.000000,4,5.329071e-12,6.270540e-13,3.325639e-16,1.237793e-19,-1.278431e-10
1590,1590.000000,4,4.078515e-12,5.924150e-13,3.325714e-16,3.752422e-20,-3.396221e-10
1591,1591.000000,4,4.597212e-12,6.323830e-13,3.325507e-16,2.239079e-19,-3.747127e-10
1592,1592.000000,4,4.988010e-12,6.041834e-13,3.325300e-16,-3.539010e-20,-1.831326e-10
1593,1593.000000,4,4.909850e-12,6.143974e-13,3.324811e-16,2.488854e-19,-2.321396e-10
1594,1594.000000,4,3.502976e-12,6.001866e-13,3.324887e-16,1.417854e-19,-2.698908e-10
1595,1595.000000,4,4.060752e-12,6.266099e-13,3.324400e-16,1.868965e-19,1.756613e-10
1596,1596.000000,4,4.376943e-12,6.177281e-13,3.324476e-16,3.270010e-20,6.048495e-12
1597,1597.000000,4,4.341416e-12,6.044054e-13,3.688246e-16,2.072253e-19,-5.847367e-11
1598,1598.000000,4,3.709033e-12,5.730971e-13,3.324067e-16,-2.175750e-19,-4.531486e-12
1599,1599.000000,4,5.655920e-12,5.919709e-13,3.323863e-16,1.751836e-19,-2.159739e-11
1600,1600.000000,4,4.675371e-12,6.170620e-13,3.323659e-16,2.389758e-19,-2.784728e-10
1601,1601.000000,4,5.417888e-12,5.877521e-13,3.323455e-16,-1.730594e-19,-6.201262e-12
1602,1602.000000,4,5.258016e-12,5.859757e-13,3.323252e-16,-2.146501e-19,-2.628666e-10
1603,1603.000000,4,5.449863e-12,6.212808e-13,3.685702e-16,2.530246e-19,1.001133e-10
1604,1604.000000,4,3.723244e-12,6.150636e-13,3.322847e-16,-1.410178e-19,6.018741e-11
1605,1605.000000,4,5.243805e-12,6.088463e-13,3.322645e-16,-1.682816e-20,9.787149e-11
1606,1606.000000,4,4.355627e-12,5.899725e-13,3.322164e-16,2.300753e-19,1.368514e-10
1607,1607.000000,4,4.355627e-12,6.137313e-13,3.684077e-16,-1.402237e-19,1.386020e-10
1608,1608.000000,4,4.440892e-12,6.137313e-13,3.322041e-16,-5.212694e-19,1.545422e-10
1609,1609.000000,4,4.590106e-12,5.808687e-13,3.321840e-16,1.325607e-19,-9.204770e-11
1610,1610.000000,4,6.252776e-12,5.988543e-13,4.151703e-16,-5.430606e-20,-1.997482e-10
1611,1611.000000,4,4.838796e-12,5.961898e-13,3.321440e-16,-4.741730e-20,-6.068746e-11
1612,1612.000000,4,2.756906e-12,5.968559e-13,3.321240e-16,4.192482e-20,1.278901e-10
1613,1613.000000,4,7.347012e-12,5.986323e-13,3.321041e-16,-3.816611e-20,7.596057e-11
1614,1614.000000,4,5.890399e-12,6.261658e-13,3.320842e-16,4.564052e-20,-5.289760e-10
1615,1615.000000,4,5.648815e-12,6.070699e-13,3.320643e-16,-3.862371e-19,-2.665606e-10
1616,1616.000000,4,4.696687e-12,6.121770e-13,3.320168e-16,5.560242e-19,-2.318208e-10
1617,1617.000000,4,5.925926e-12,5.810907e-13,3.679928e-16,2.343634e-19,2.417848e-10
1618,1618.000000,4,3.694822e-12,5.739853e-13,3.320049e-16,-1.010848e-19,-1.805724e-10
1619,1619.000000,4,6.231460e-12,6.055156e-13,3.319852e-16,3.910513e-19,-1.817386e-10
1620,1620.000000,4,4.941825e-12,6.106227e-13,3.319655e-16,-3.406462e-19,-2.340426e-10
1621,1621.000000,4,6.892265e-12,5.908607e-13,3.319458e-16,-7.983947e-21,-1.017924e-10
1622,1622.000000,4,4.451550e-12,6.037393e-13,3.319262e-16,-2.225943e-19,-4.201328e-10
1623,1623.000000,4,4.273915e-12,6.368239e-13,3.319065e-16,2.372288e-19,-2.369775e-10
1624,1624.000000,4,4.426681e-12,6.219469e-13,3.318869e-16,-2.252380e-19,-4.493952e-10
1625,1625.000000,4,5.037748e-12,6.241674e-13,3.318674e-16,-2.080061e-19,2.813976e-10
1626,1626.000000,4,5.691447e-12,6.252776e-13,3.318478e-16,-8.220852e-20,-3.771019e-10
1627,1627.000000,4,4.106937e-12,6.197265e-13,3.318283e-16,-2.027221e-19,1.648726e-11
1628,1628.000000,4,4.604317e-12,6.163958e-13,3.318088e-16,1.491804e-19,1.291647e-10
1629,1629.000000,4,6.558309e-12,6.012968e-13,3.317892e-16,3.693858e-20,-1.663683e-10
1630,1630.000000,4,4.227729e-12,6.090684e-13,3.317697e-16,1.076658e-19,-6.655965e-11
1631,1631.000000,4,5.208278e-12,6.044054e-13,3.317502e-16,1.064151e-19,1.052611e-10
1632,1632.000000,4,4.853007e-12,5.973000e-13,3.317306e-16,-2.634769e-19,1.416769e-10
1633,1633.000000,4,5.329071e-12,6.190604e-13,3.317110e-16,2.367656e-19,-3.368728e-11
1634,1634.000000,4,3.883116e-12,5.790923e-13,3.316914e-16,1.269458e-19,-1.825184e-10
1635,1635.000000,4,5.741185e-12,6.128431e-13,3.316443e-16,1.268564e-19,3.719909e-10
1636,1636.000000,4,4.650502e-12,5.977441e-13,3.316521e-16,-3.104276e-19,-2.360965e-10
1637,1637.000000,4,4.718004e-12,6.077361e-13,3.316324e-16,3.992735e-19,-3.409864e-10
1638,1638.000000,4,4.085621e-12,5.981882e-13,3.316127e-16,2.769368e-19,-1.333311e-10
1639,1639.000000,4,6.380674e-12,6.070699e-13,3.315929e-16,-2.856255e-19,-5.131819e-10
1640,1640.000000,4,4.881429e-12,5.939693e-13,3.670118e-16,7.846966e-20,-1.999885e-10
1641,1641.000000,4,8.654411e-12,6.075140e-13,3.315533e-16,2.891658e-19,4.264296e-10
1642,1642.000000,4,3.957723e-12,6.106227e-13,3.315334e-16,5.689679e-20,-1.486544e-11
1643,1643.000000,4,4.689582e-12,5.975220e-13,3.315135e-16,1.244841e-19,1.058229e-10
1644,1644.000000,4,4.042988e-12,5.941914e-13,3.314935e-16,1.821055e-19,-1.356870e-10
1645,1645.000000,4,3.780087e-12,6.121770e-13,3.667923e-16,-9.821943e-20,1.701301e-10
1646,1646.000000,4,5.037748e-12,5.655476e-13,3.314535e-16,-2.229252e-19,-7.894041e-11
1647,1647.000000,4,5.407230e-12,6.001866e-13,3.314334e-16,7.615356e-20,-3.629448e-10
1648,1648.000000,4,5.371703e-12,5.795364e-13,3.314133e-16,-1.051082e-19,-4.281775e-11
1649,1649.000000,4,5.115908e-12,5.986323e-13,3.666160e-16,-1.737774e-19,-1.526317e-10
1650,1650.000000,4,5.734080e-12,6.181722e-13,3.313729e-16,2.038272e-19,-1.198348e-10
1651,1651.000000,4,6.259882e-12,6.039613e-13,3.313250e-16,-3.203505e-20,1.469709e-10
1652,1652.000000,4,6.338041e-12,5.986323e-13,3.313324e-16,2.334668e-19,-8.015588e-11
1653,1653.000000,4,6.814105e-12,5.984102e-13,3.313121e-16,-1.219165e-19,9.997692e-11
1654,1654.000000,4,4.902745e-12,5.877521e-13,3.312918e-16,1.300063e-19,-2.729816e-11
1655,1655.000000,4,4.447998e-12,6.032952e-13,3.312714e-16,3.785079e-19,-1.037543e-10
1656,1656.000000,4,6.522782e-12,5.999645e-13,3.312510e-16,-5.608285e-20,2.653815e-10
1657,1657.000000,4,4.881429e-12,5.875300e-13,3.312027e-16,-2.966402e-19,7.770762e-11
1658,1658.000000,4,4.892087e-12,5.913048e-13,3.312100e-16,5.820043e-21,-8.669510e-11
1659,1659.000000,4,4.696687e-12,5.997425e-13,3.311894e-16,7.639509e-20,2.625820e-10
1660,1660.000000,4,5.037748e-12,6.132872e-13,3.311688e-16,4.729157e-20,2.513376e-10
1661,1661.000000,4,8.320455e-12,6.019629e-13,3.311482e-16,1.866186e-19,1.279385e-10
1662,1662.000000,4,9.322321e-12,6.072920e-13,3.311275e-16,1.044200e-19,-2.654574e-10
1663,1663.000000,4,6.203038e-12,5.950795e-13,3.311068e-16,-3.980195e-19,6.009415e-11
1664,1664.000000,4,5.350387e-12,5.868639e-13,3.310582e-16,6.246537e-20,1.544720e-10
1665,1665.000000,4,4.732215e-12,5.755396e-13,4.138316e-16,-2.713152e-21,3.540097e-10
1666,1666.000000,4,6.814105e-12,5.786482e-13,3.310445e-16,-2.233719e-20,-1.726495e-10
1667,1667.000000,4,4.163780e-12,6.028511e-13,3.310236e-16,6.506934e-20,1.032499e-10
1668,1668.000000,4,6.743051e-12,5.961898e-13,3.310027e-16,8.114642e-20,4.247447e-11
1669,1669.000000,4,4.959588e-12,6.006307e-13,3.309539e-16,2.497027e-19,-1.486020e-10
1670,1670.000000,4,3.595346e-12,6.101786e-13,3.309329e-16,4.951669e-19,-8.213341e-11
1671,1671.000000,4,5.016432e-12,5.950795e-13,3.309398e-16,-7.060152e-20,-4.437175e-10
1672,1672.000000,4,6.018297e-12,5.926371e-13,3.309187e-16,-2.500402e-20,1.375251e-10
1673,1673.000000,4,5.570655e-12,5.901946e-13,4.135871e-16,4.036244e-19,1.388512e-10
1674,1674.000000,4,4.682477e-12,5.921930e-13,3.308765e-16,-3.565248e-19,2.094787e-10
1675,1675.000000,4,3.829825e-12,6.079581e-13,3.308554e-16,-2.024905e-19,-3.945466e-11
1676,1676.000000,4,4.860112e-12,6.050715e-13,3.308062e-16,-1.392575e-19,1.707341e-10
1677,1677.000000,4,7.041479e-12,5.866418e-13,3.308129e-16,4.202111e-19,2.762590e-11
1678,1678.000000,4,4.170886e-12,5.875300e-13,3.307917e-16,2.925804e-19,3.003287e-11
1679,1679.000000,4,6.131984e-12,5.953016e-13,3.307423e-16,-7.381760e-20,6.092815e-11
1680,1680.000000,4,7.965184e-12,5.773160e-13,3.307490e-16,-1.417391e-19,1.322804e-10
1681,1681.000000,4,5.158540e-12,6.068479e-13,3.306996e-16,1.548184e-19,-9.751089e-11
1682,1682.000000,4,4.142464e-12,5.655476e-13,3.307063e-16,8.718484e-21,-1.161711e-10
1683,1683.000000,4,4.710898e-12,5.986323e-13,3.306848e-16,-4.784413e-21,1.844702e-11
1684,1684.000000,4,5.456968e-12,5.886402e-13,3.306634e-16,-1.318592e-19,1.881650e-11
1685,1685.000000,4,4.824585e-12,5.915268e-13,3.306418e-16,-1.596789e-20,3.966605e-12
1686,1686.000000,4,3.762324e-12,5.901946e-13,3.306203e-16,-5.033890e-20,1.386922e-10
1687,1687.000000,4,5.648815e-12,5.861978e-13,3.305987e-16,2.063319e-20,1.077520e-10
1688,1688.000000,4,3.836931e-12,5.759837e-13,3.305770e-16,-9.816649e-20,3.000578e-11
1689,1689.000000,4,5.016432e-12,5.981882e-13,4.131589e-16,-4.116051e-20,4.093463e-10
1690,1690.000000,4,6.032508e-12,6.048495e-13,3.647722e-16,-1.143131e-19,2.707270e-10
1691,1691.000000,4,6.366463e-12,5.953016e-13,3.305117e-16,8.129531e-20,4.583312e-11
1692,1692.000000,4,5.485390e-12,5.955236e-13,3.304898e-16,-1.734532e-19,3.894938e-10
1693,1693.000000,4,4.618528e-12,5.955236e-13,3.304678e-16,-1.569261e-19,-1.596416e-10
1694,1694.000000,4,4.085621e-12,6.126211e-13,3.304458e-16,-9.939071e-20,3.411094e-11
1695,1695.000000,4,4.959588e-12,5.717649e-13,4.129941e-16,-2.689164e-19,-2.016276e-10
1696,1696.000000,4,4.767742e-12,5.848655e-13,3.304015e-16,-7.726860e-20,-2.154579e-10
1697,1697.000000,4,5.073275e-12,5.864198e-13,4.129384e-16,-1.220985e-19,2.679714e-10
1698,1698.000000,4,6.494361e-12,5.913048e-13,3.303569e-16,1.003866e-19,-4.802025e-10
1699,1699.000000,4,6.231460e-12,5.986323e-13,3.643394e-16,2.073609e-19,2.472107e-10
1700,1700.000000,4,5.101697e-12,5.864198e-13,3.303119e-16,6.622408e-20,5.089218e-11
1701,1701.000000,4,3.883116e-12,6.064038e-13,3.642463e-16,8.424007e-21,-1.171592e-10
1702,1702.000000,4,4.511946e-12,5.946355e-13,3.302666e-16,1.847822e-19,2.016356e-10
1703,1703.000000,4,4.590106e-12,5.706546e-13,3.302439e-16,-4.492914e-20,-4.100942e-10
1704,1704.000000,4,6.146195e-12,5.921930e-13,3.302211e-16,-1.586168e-19,-1.346177e-10
1705,1705.000000,4,7.545964e-12,5.906386e-13,3.301981e-16,-2.527963e-19,-1.388920e-10
1706,1706.000000,4,5.080381e-12,5.979661e-13,3.301752e-16,-7.613370e-21,-1.302616e-10
1707,1707.000000,4,4.412470e-12,5.868639e-13,3.639551e-16,1.706507e-19,2.505467e-10
1708,1708.000000,4,4.426681e-12,5.790923e-13,3.301289e-16,-7.731492e-20,-2.334577e-11
1709,1709.000000,4,3.652190e-12,6.072920e-13,3.301057e-16,1.968955e-19,2.598912e-10
1710,1710.000000,4,4.199308e-12,5.706546e-13,3.300824e-16,-2.202286e-19,-2.196243e-11
1711,1711.000000,4,4.696687e-12,6.004086e-13,3.300590e-16,-4.324831e-20,1.732694e-10
1712,1712.000000,4,3.815614e-12,5.908607e-13,4.125444e-16,-3.764036e-19,1.130074e-11
1713,1713.000000,4,5.350387e-12,5.637713e-13,4.124788e-16,-1.462985e-19,1.683595e-10
1714,1714.000000,4,4.867218e-12,5.677681e-13,3.299884e-16,-3.818266e-20,3.435208e-11
1715,1715.000000,4,3.907985e-12,5.857537e-13,3.299647e-16,1.655585e-19,-1.534266e-10
1716,1716.000000,4,6.217249e-12,5.808687e-13,3.299409e-16,4.973010e-21,-9.157786e-11
1717,1717.000000,4,4.916956e-12,5.666578e-13,3.299171e-16,1.261947e-20,-2.093548e-10
1718,1718.000000,4,6.892265e-12,5.659917e-13,3.298931e-16,1.925676e-19,9.916201e-11
1719,1719.000000,4,5.172751e-12,5.608847e-13,3.298691e-16,1.083871e-19,7.046408e-11
1720,1720.000000,4,5.286438e-12,5.599965e-13,3.633160e-16,1.942584e-19,-1.808402e-10
1721,1721.000000,4,4.455103e-12,5.762057e-13,3.298208e-16,-2.429793e-19,-1.446621e-10
1722,1722.000000,4,5.620393e-12,5.837553e-13,3.297673e-16,-3.169127e-19,1.561196e-10
1723,1723.000000,4,6.991741e-12,5.615508e-13,3.297723e-16,-8.742968e-20,-1.311360e-10
1724,1724.000000,4,6.529888e-12,5.793144e-13,3.297479e-16,-2.260685e-19,2.690475e-10
1725,1725.000000,4,6.046719e-12,5.828671e-13,3.297234e-16,-1.712429e-19,-3.531753e-11
1726,1726.000000,4,6.480150e-12,5.677681e-13,3.296989e-16,-2.206091e-19,-8.597523e-11
1727,1727.000000,4,5.140777e-12,5.684342e-13,3.296743e-16,4.684489e-20,-1.780047e-10
1728,1728.000000,4,5.176304e-12,5.564438e-13,3.296496e-16,1.258969e-19,8.381607e-11
1729,1729.000000,4,4.000356e-12,5.924150e-13,3.296248e-16,3.314678e-19,-3.582583e-10
1730,1730.000000,4,4.064304e-12,5.642153e-13,3.296000e-16,-3.901017e-19,8.999157e-11
1731,1731.000000,4,6.210144e-12,5.677681e-13,3.295751e-16,2.015508e-19,-1.980154e-10
1732,1732.000000,4,6.139089e-12,5.508927e-13,3.295205e-16,2.772379e-19,4.775162e-10
1733,1733.000000,4,5.741185e-12,5.886402e-13,3.295251e-16,8.366436e-20,1.813598e-10
1734,1734.000000,4,3.431921e-12,5.713208e-13,3.294703e-16,-3.963221e-19,-3.013145e-12
1735,1735.000000,4,4.654055e-12,5.668799e-13,3.294748e-16,3.430219e-19,-2.003375e-10
1736,1736.000000,4,4.973799e-12,5.657697e-13,3.294495e-16,-8.042181e-20,3.401626e-10
1737,1737.000000,4,4.931167e-12,5.744294e-13,3.624666e-16,-4.330787e-20,5.108003e-11
1738,1738.000000,4,3.446132e-12,5.442313e-13,3.293988e-16,-4.224114e-19,-2.111005e-10
1739,1739.000000,4,5.137224e-12,5.617729e-13,3.293733e-16,-2.007236e-19,-1.331131e-10
1740,1740.000000,4,5.016432e-12,5.586642e-13,3.293180e-16,-3.167936e-19,-1.495652e-10
1741,1741.000000,4,7.240430e-12,5.795364e-13,3.293222e-16,7.818511e-21,-3.463736e-10
1742,1742.000000,4,4.639844e-12,5.433431e-13,3.292965e-16,3.965173e-20,1.411227e-11
1743,1743.000000,4,6.281198e-12,5.579981e-13,3.292708e-16,-3.406396e-19,-5.586047e-10
1744,1744.000000,4,3.822720e-12,5.355716e-13,3.292450e-16,-2.197323e-20,1.952896e-10
1745,1745.000000,4,4.753531e-12,5.768719e-13,3.620687e-16,-7.823474e-20,2.566449e-10
1746,1746.000000,4,3.929301e-12,5.455636e-13,3.291932e-16,-2.693366e-19,1.300395e-10
1747,1747.000000,4,6.266987e-12,5.622169e-13,3.291672e-16,3.923119e-19,-1.490617e-10
1748,1748.000000,4,5.869083e-12,5.413447e-13,3.291412e-16,-8.172544e-22,-5.893064e-11
1749,1749.000000,4,5.776712e-12,5.517808e-13,3.291151e-16,-4.756289e-20,-6.094769e-11
1750,1750.000000,4,4.277467e-12,5.533352e-13,3.290890e-16,5.844858e-20,-1.626033e-11
1751,1751.000000,4,4.007461e-12,5.355716e-13,3.290328e-16,3.938869e-19,1.024216e-10
1752,1752.000000,4,4.206413e-12,5.673240e-13,3.290367e-16,-2.189282e-19,2.408886e-10
1753,1753.000000,4,3.772982e-12,5.688783e-13,3.290105e-16,1.862182e-19,7.166712e-12
1754,1754.000000,4,7.609913e-12,5.411227e-13,3.289844e-16,-3.942409e-19,1.970273e-10
1755,1755.000000,4,5.570655e-12,5.455636e-13,3.289582e-16,-3.652466e-19,1.234972e-10
1756,1756.000000,4,6.124878e-12,5.455636e-13,3.289320e-16,-3.475581e-19,2.389355e-10
1757,1757.000000,4,5.442757e-12,5.422329e-13,3.289057e-16,-3.964875e-19,1.783675e-10
1758,1758.000000,4,3.751666e-12,5.389023e-13,3.614390e-16,5.108502e-19,-1.209144e-10
1759,1759.000000,4,4.469314e-12,5.559997e-13,3.288232e-16,-1.538589e-19,-2.700222e-10
1760,1760.000000,4,6.991741e-12,5.333511e-13,3.288270e-16,2.197918e-19,-1.976685e-10
1761,1761.000000,4,4.199308e-12,5.340173e-13,3.612993e-16,-3.571667e-19,9.494805e-11
1762,1762.000000,4,4.980905e-12,5.342393e-13,3.287745e-16,-2.782636e-21,-1.019722e-10
1763,1763.000000,4,4.412470e-12,5.422329e-13,3.287483e-16,1.092242e-19,1.964255e-10
1764,1764.000000,4,4.902745e-12,5.504486e-13,3.287220e-16,4.473161e-19,6.160628e-11
1765,1765.000000,4,8.213874e-12,5.437872e-13,3.286958e-16,-1.417556e-19,-1.636922e-10
1766,1766.000000,4,4.767742e-12,5.562217e-13,3.286695e-16,-2.447661e-19,5.335599e-11
1767,1767.000000,4,6.878054e-12,5.642153e-13,3.286432e-16,2.884908e-19,8.473222e-11
1768,1768.000000,4,4.447998e-12,5.346834e-13,3.609642e-16,-1.447765e-19,1.030722e-10
1769,1769.000000,4,4.838796e-12,5.151435e-13,3.285907e-16,-5.977538e-20,1.845897e-10
1770,1770.000000,4,3.844036e-12,5.395684e-13,3.285645e-16,-3.604357e-19,-2.730549e-10
1771,1771.000000,4,4.213518e-12,5.360157e-13,3.285082e-16,-1.453919e-19,-1.673439e-10
1772,1772.000000,4,4.924061e-12,5.528911e-13,3.285120e-16,2.999258e-19,-2.172018e-10
1773,1773.000000,4,5.762502e-12,5.435652e-13,3.284857e-16,1.287920e-19,1.875899e-10
1774,1774.000000,4,8.277823e-12,5.624390e-13,3.284595e-16,-1.514402e-20,-3.617231e-10
1775,1775.000000,4,5.599077e-12,5.360157e-13,3.284332e-16,-5.194694e-22,-3.089675e-10
1776,1776.000000,4,7.297274e-12,5.542233e-13,3.284070e-16,-1.257315e-20,-1.895275e-10
1777,1777.000000,4,6.004086e-12,5.284662e-13,3.283807e-16,3.558961e-19,1.068385e-10
1778,1778.000000,4,8.803624e-12,5.588863e-13,4.104431e-16,1.875450e-19,3.745195e-10
1779,1779.000000,4,4.320100e-12,5.400125e-13,3.283282e-16,4.778457e-20,-1.255245e-10
1780,1780.000000,4,5.613288e-12,5.340173e-13,4.103400e-16,-3.652830e-20,2.709832e-12
1781,1781.000000,4,4.661160e-12,5.577760e-13,3.282757e-16,-8.229454e-20,8.329470e-11
1782,1782.000000,4,5.812240e-12,5.397904e-13,3.282494e-16,9.439454e-20,-5.651080e-11
1783,1783.000000,4,7.425172e-12,5.335732e-13,3.282232e-16,-1.264461e-19,2.172156e-10
1784,1784.000000,4,5.911716e-12,5.526690e-13,3.281969e-16,1.445647e-19,2.576321e-10
1785,1785.000000,4,4.703793e-12,5.402345e-13,3.281707e-16,4.275928e-19,1.144445e-10
1786,1786.000000,4,4.170886e-12,5.320189e-13,3.281444e-16,1.701941e-19,-1.446305e-10
1787,1787.000000,4,4.490630e-12,5.457856e-13,3.281182e-16,-3.264220e-19,-7.314016e-11
1788,1788.000000,4,5.627498e-12,5.282441e-13,3.280919e-16,-5.023964e-20,3.483307e-10
1789,1789.000000,4,3.609557e-12,5.309087e-13,3.280357e-16,-2.413647e-19,6.204814e-11
1790,1790.000000,4,4.121148e-12,5.260237e-13,3.280394e-16,3.099909e-19,3.219132e-10
1791,1791.000000,4,4.199308e-12,5.357936e-13,3.280132e-16,1.196136e-19,-1.638512e-11
1792,1792.000000,4,4.838796e-12,5.400125e-13,3.279869e-16,-6.151577e-20,2.417488e-11
1793,1793.000000,4,6.082246e-12,5.415668e-13,3.597948e-16,-7.504183e-20,-1.559486e-10
1794,1794.000000,4,4.078515e-12,5.182521e-13,3.279344e-16,-4.380749e-20,1.599432e-11
1795,1795.000000,4,4.774847e-12,5.488943e-13,3.279081e-16,2.425062e-19,3.441127e-10
1796,1796.000000,4,6.011192e-12,5.195844e-13,4.098523e-16,-4.916431e-19,-7.096057e-11
1797,1797.000000,4,4.646949e-12,5.171419e-13,3.278556e-16,4.949518e-20,1.050324e-10
1798,1798.000000,4,5.186962e-12,5.389023e-13,3.278293e-16,-5.128189e-20,-1.726588e-10
1799,1799.000000,4,4.114042e-12,5.317968e-13,3.595156e-16,-3.017654e-19,8.943202e-11
1800,1800.000000,4,5.222489e-12,5.280221e-13,4.097210e-16,-5.634754e-20,-1.211511e-10
1801,1801.000000,4,4.490630e-12,5.697665e-13,3.277206e-16,2.052434e-19,2.361582e-10
1802,1802.000000,4,6.338041e-12,5.382361e-13,4.096553e-16,-4.991870e-20,-9.676260e-11
1803,1803.000000,4,4.853007e-12,5.397904e-13,3.276979e-16,4.654479e-19,2.366658e-10
1804,1804.000000,4,5.613288e-12,5.537792e-13,3.276717e-16,-6.806704e-20,-1.256835e-10
1805,1805.000000,4,6.096457e-12,5.351275e-13,3.276454e-16,2.500732e-20,3.378231e-11
1806,1806.000000,4,5.940137e-12,5.417888e-13,3.276191e-16,1.215658e-19,7.521983e-11
1807,1807.000000,4,4.099832e-12,5.058176e-13,3.275928e-16,3.089056e-19,2.840164e-10
1808,1808.000000,4,4.753531e-12,5.362377e-13,4.094208e-16,-9.889771e-20,-2.869283e-10
1809,1809.000000,4,4.249046e-12,5.300205e-13,3.275402e-16,3.282253e-20,8.934897e-11
1810,1810.000000,4,5.051959e-12,5.273559e-13,3.275139e-16,8.732049e-20,-1.693086e-10
1811,1811.000000,4,3.744560e-12,5.173639e-13,3.274875e-16,5.571227e-20,6.449241e-11
1812,1812.000000,4,4.298784e-12,5.266898e-13,4.092892e-16,-2.841299e-19,2.144445e-10
1813,1813.000000,4,5.002221e-12,5.200285e-13,3.274348e-16,8.648339e-20,3.183911e-10
1814,1814.000000,4,4.753531e-12,5.220269e-13,3.274084e-16,2.997504e-19,-1.942499e-10
1815,1815.000000,4,5.030643e-12,5.389023e-13,3.273820e-16,-1.162420e-19,5.118839e-10
1816,1816.000000,4,5.201173e-12,5.184742e-13,3.273556e-16,1.087147e-19,-1.551483e-10
1817,1817.000000,4,4.156675e-12,5.373479e-13,3.273291e-16,-5.007586e-19,2.928147e-11
1818,1818.000000,4,3.737455e-12,5.280221e-13,3.273026e-16,1.498951e-19,2.744471e-12
1819,1819.000000,4,5.400125e-12,5.420109e-13,3.272762e-16,3.976224e-19,-3.397926e-10
1820,1820.000000,4,4.064304e-12,5.295764e-13,3.272497e-16,3.327913e-20,-2.086309e-10
1821,1821.000000,4,4.519052e-12,5.451195e-13,3.272231e-16,8.116627e-20,-1.828520e-10
1822,1822.000000,4,5.158540e-12,5.335732e-13,3.271966e-16,-1.958962e-19,2.270886e-10
1823,1823.000000,4,5.492495e-12,5.195844e-13,3.583878e-16,-6.387158e-20,-1.200666e-10
1824,1824.000000,4,6.728840e-12,5.222489e-13,4.088919e-16,5.437224e-20,3.308687e-10
1825,1825.000000,4,7.901235e-12,5.375700e-13,3.271168e-16,-3.522664e-19,-2.746261e-10
1826,1826.000000,4,4.227729e-12,5.371259e-13,3.270902e-16,2.835344e-19,-3.382779e-10
1827,1827.000000,4,3.701928e-12,5.420109e-13,3.270635e-16,1.442768e-19,8.071144e-11
1828,1828.000000,4,4.789058e-12,4.967138e-13,3.270368e-16,4.955871e-19,3.128737e-10
1829,1829.000000,4,5.535128e-12,5.462297e-13,3.270101e-16,-5.662217e-20,-3.712350e-10
1830,1830.000000,4,4.590106e-12,5.218048e-13,3.269834e-16,1.893052e-19,1.544112e-10
1831,1831.000000,4,6.473044e-12,5.253575e-13,4.086584e-16,2.545003e-19,-1.545652e-11
1832,1832.000000,4,4.980905e-12,5.044853e-13,3.269299e-16,-1.117091e-19,-1.357967e-10
1833,1833.000000,4,4.611422e-12,5.053735e-13,3.269031e-16,-3.403352e-20,7.065948e-11
1834,1834.000000,4,4.646949e-12,5.178080e-13,4.085953e-16,1.555596e-19,-8.253398e-11
1835,1835.000000,4,6.856737e-12,5.297984e-13,3.268494e-16,8.959690e-20,-2.272285e-10
1836,1836.000000,4,5.236700e-12,5.271339e-13,3.268226e-16,-6.271683e-20,-4.483924e-11
1837,1837.000000,4,5.620393e-12,5.282441e-13,3.267957e-16,4.251808e-19,2.355791e-10
1838,1838.000000,4,5.414336e-12,4.984901e-13,3.267688e-16,-2.568363e-19,-2.397256e-10
1839,1839.000000,4,4.924061e-12,5.142553e-13,3.267418e-16,2.359020e-19,1.367209e-10
1840,1840.000000,4,5.364598e-12,5.173639e-13,3.266849e-16,-1.155307e-19,-3.738521e-11
1841,1841.000000,4,7.112533e-12,5.195844e-13,3.266879e-16,-1.348536e-19,9.617240e-11
1842,1842.000000,4,4.938272e-12,5.278000e-13,3.266609e-16,2.744188e-19,1.965486e-10
1843,1843.000000,4,5.357492e-12,4.893863e-13,3.266339e-16,-2.941123e-20,-2.717089e-10
1844,1844.000000,4,5.208278e-12,5.331291e-13,3.266069e-16,-3.084490e-19,3.432841e-10
1845,1845.000000,4,6.629364e-12,5.069278e-13,3.265798e-16,1.827440e-19,-4.411937e-10
1846,1846.000000,4,6.366463e-12,5.369039e-13,3.265527e-16,-5.387593e-20,6.283862e-12
1847,1847.000000,4,5.492495e-12,5.160317e-13,3.265256e-16,4.631417e-19,-3.138800e-10
1848,1848.000000,4,5.741185e-12,5.206946e-13,3.264985e-16,-9.764702e-20,-6.807266e-11
1849,1849.000000,4,6.089351e-12,5.104805e-13,3.571587e-16,-2.218929e-19,2.779386e-10
1850,1850.000000,4,4.398260e-12,5.144773e-13,4.080177e-16,-2.241329e-20,-1.348006e-10
1851,1851.000000,4,6.011192e-12,5.275780e-13,3.264170e-16,-1.532038e-19,-3.377076e-11
1852,1852.000000,4,8.519407e-12,4.924949e-13,3.263597e-16,4.146822e-20,-1.092419e-10
1853,1853.000000,4,6.195933e-12,5.193623e-13,3.263625e-16,-1.751704e-19,1.253344e-10
1854,1854.000000,4,5.933032e-12,5.044853e-13,3.263353e-16,-2.584311e-19,2.281166e-10
1855,1855.000000,4,5.982770e-12,5.202505e-13,3.263080e-16,-1.592422e-19,-8.770273e-11
1856,1856.000000,4,5.620393e-12,5.360157e-13,3.262807e-16,4.147219e-19,1.516129e-10
1857,1857.000000,4,4.547474e-12,4.931611e-13,3.262533e-16,-9.240600e-20,6.743939e-12
1858,1858.000000,4,5.641709e-12,5.069278e-13,3.261959e-16,-3.674138e-19,-1.286979e-10
1859,1859.000000,4,4.597212e-12,4.991563e-13,3.261986e-16,-6.011221e-19,2.841691e-10
1860,1860.000000,4,5.336176e-12,5.182521e-13,3.261712e-16,-1.277630e-19,9.874057e-11
1861,1861.000000,4,4.632739e-12,5.047074e-13,3.261438e-16,-5.473950e-20,1.541274e-10
1862,1862.000000,4,5.471179e-12,4.860556e-13,3.261164e-16,-2.291952e-20,-8.670886e-11
1863,1863.000000,4,6.096457e-12,4.831691e-13,3.260889e-16,2.078573e-19,4.616529e-10
1864,1864.000000,4,5.613288e-12,4.960476e-13,3.260313e-16,6.188965e-20,-1.134826e-11
1865,1865.000000,4,6.771472e-12,4.651834e-13,3.260340e-16,-9.314385e-20,8.877921e-11
1866,1866.000000,4,5.854872e-12,4.967138e-13,3.260065e-16,5.332006e-20,-2.013634e-11
1867,1867.000000,4,8.199663e-12,4.976020e-13,3.259790e-16,1.337419e-19,9.027001e-11
1868,1868.000000,4,6.643575e-12,4.922729e-13,3.259515e-16,-2.796334e-19,-1.588862e-11
1869,1869.000000,4,7.538858e-12,4.840572e-13,3.259240e-16,2.941123e-20,-3.651679e-10
1870,1870.000000,4,5.435652e-12,4.833911e-13,3.258966e-16,-3.210718e-19,5.873479e-11
1871,1871.000000,4,4.533263e-12,4.738432e-13,3.258692e-16,3.687240e-19,-4.685141e-11
1872,1872.000000,4,6.437517e-12,4.898304e-13,3.258419e-16,-2.918459e-19,-1.582463e-10
1873,1873.000000,4,5.222489e-12,5.042633e-13,3.258146e-16,4.131337e-19,1.641904e-10
1874,1874.000000,4,5.265122e-12,4.871659e-13,3.257874e-16,-7.054527e-20,3.218985e-10
1875,1875.000000,4,6.167511e-12,4.884981e-13,3.257603e-16,-4.599257e-19,-1.323004e-10
1876,1876.000000,4,4.973799e-12,4.842793e-13,3.257332e-16,1.258572e-19,2.664091e-11
1877,1877.000000,4,4.568790e-12,5.024869e-13,3.257062e-16,-3.023477e-19,8.676926e-11
1878,1878.000000,4,7.005951e-12,4.802825e-13,3.256793e-16,-1.634509e-21,4.039435e-12
1879,1879.000000,4,7.943868e-12,5.024869e-13,3.256525e-16,3.599162e-19,5.617991e-10
1880,1880.000000,4,5.478284e-12,4.933831e-13,3.256257e-16,2.308496e-19,4.825607e-11
1881,1881.000000,4,4.220624e-12,4.951595e-13,3.255991e-16,2.242983e-20,3.515570e-10
1882,1882.000000,4,4.256151e-12,4.864997e-13,3.255725e-16,-5.932539e-20,-1.844840e-10
1883,1883.000000,4,5.563550e-12,4.707346e-13,3.255460e-16,-2.016435e-19,-1.898242e-10
1884,1884.000000,4,7.283063e-12,4.896084e-13,3.255196e-16,-4.174053e-19,-9.324852e-11
1885,1885.000000,4,7.439382e-12,4.807266e-13,3.254933e-16,-3.119298e-19,-2.740492e-10
1886,1886.000000,4,3.986145e-12,4.602985e-13,3.254671e-16,2.070764e-19,1.078408e-10
1887,1887.000000,4,7.148060e-12,4.927170e-13,3.254410e-16,1.328121e-20,3.306155e-10
1888,1888.000000,4,4.838796e-12,4.851675e-13,3.554576e-16,-3.591287e-20,1.694338e-10
1889,1889.000000,4,5.776712e-12,4.949374e-13,3.554179e-16,-5.936179e-20,2.233813e-10
1890,1890.000000,4,7.609913e-12,4.976020e-13,3.253631e-16,9.080127e-20,-2.190124e-10
1891,1891.000000,4,3.659295e-12,4.889422e-13,3.253373e-16,-1.175523e-19,3.295608e-10
1892,1892.000000,4,6.878054e-12,4.984901e-13,3.253116e-16,-3.792458e-20,-1.996368e-10
1893,1893.000000,4,5.314860e-12,4.802825e-13,3.252860e-16,-1.648935e-19,-9.611067e-11
1894,1894.000000,4,5.002221e-12,4.878320e-13,3.252605e-16,3.812641e-19,5.707168e-11
1895,1895.000000,4,4.646949e-12,4.760636e-13,3.252351e-16,-3.253004e-19,1.470588e-10
1896,1896.000000,4,5.989875e-12,4.769518e-13,3.252097e-16,1.604400e-19,-2.842935e-10
1897,1897.000000,4,7.226220e-12,4.776179e-13,3.251845e-16,-1.648637e-19,-5.813305e-11
1898,1898.000000,4,5.066170e-12,4.636291e-13,3.251305e-16,-1.244013e-19,5.962519e-11
1899,1899.000000,4,4.888534e-12,4.853895e-13,3.251342e-16,3.746466e-20,2.046425e-10
1900,1900.000000,4,4.597212e-12,4.996004e-13,3.251092e-16,2.487398e-19,-3.194431e-10
1901,1901.000000,4,5.229595e-12,4.742873e-13,4.063196e-16,-2.418974e-19,-7.190781e-11
1902,1902.000000,4,3.744560e-12,4.720668e-13,3.250594e-16,-3.491662e-19,-3.179501e-11
1903,1903.000000,4,5.421441e-12,4.876100e-13,3.250347e-16,1.398200e-19,-7.198242e-11
1904,1904.000000,4,4.625633e-12,5.095924e-13,3.250100e-16,1.434000e-20,2.800826e-10
1905,1905.000000,4,5.272227e-12,4.731771e-13,3.249854e-16,-2.068613e-20,-1.241403e-10
1906,1906.000000,4,1.004707e-11,4.887202e-13,3.249609e-16,4.466444e-20,9.308687e-11
1907,1907.000000,4,5.670131e-12,4.887202e-13,3.547229e-16,-4.114727e-20,-1.531859e-10
1908,1908.000000,4,5.449863e-12,4.749534e-13,3.249122e-16,1.176846e-19,-9.687628e-11
1909,1909.000000,4,4.959588e-12,4.727330e-13,3.248879e-16,1.071431e-19,-1.897020e-10
1910,1910.000000,4,5.080381e-12,4.773959e-13,3.248637e-16,1.294372e-19,3.809908e-10
1911,1911.000000,4,7.794654e-12,4.740652e-13,3.248396e-16,1.447301e-19,-5.887735e-11
1912,1912.000000,4,4.803269e-12,4.798384e-13,3.248156e-16,-1.570915e-19,-1.470868e-10
1913,1913.000000,4,5.066170e-12,4.842793e-13,3.247916e-16,4.137888e-20,1.124030e-10
1914,1914.000000,4,5.648815e-12,4.738432e-13,3.247677e-16,1.708393e-19,1.108296e-10
1915,1915.000000,4,4.263256e-12,4.971579e-13,3.247439e-16,1.216518e-19,-1.213869e-10
1916,1916.000000,4,4.057199e-12,5.000445e-13,3.247202e-16,1.382881e-19,8.960654e-11
1917,1917.000000,4,5.101697e-12,4.749534e-13,3.246966e-16,1.383377e-19,9.358470e-11
1918,1918.000000,4,4.561684e-12,4.813927e-13,3.246730e-16,1.886435e-19,1.107709e-10
1919,1919.000000,4,5.357492e-12,4.691803e-13,3.246495e-16,2.367920e-19,-2.091127e-11
1920,1920.000000,4,4.931167e-12,4.951595e-13,3.246261e-16,-5.466704e-19,-1.662239e-10
1921,1921.000000,4,4.021672e-12,4.833911e-13,3.245750e-16,-5.106219e-19,-1.665370e-10
1922,1922.000000,4,3.723244e-12,4.984901e-13,3.245794e-16,-1.470959e-19,2.210063e-10
1923,1923.000000,4,4.000356e-12,5.158096e-13,3.245562e-16,-5.704899e-20,-1.490710e-10
1924,1924.000000,4,4.455103e-12,5.118128e-13,3.245331e-16,4.820544e-19,2.573941e-11
1925,1925.000000,4,4.206413e-12,4.909406e-13,3.245100e-16,2.173500e-20,3.423426e-10
1926,1926.000000,4,4.753531e-12,5.064837e-13,3.244870e-16,7.160075e-21,-3.470997e-10
1927,1927.000000,4,6.480150e-12,5.158096e-13,3.244640e-16,-6.035110e-20,-3.666436e-10
1928,1928.000000,4,4.945377e-12,5.031531e-13,3.244411e-16,-2.804341e-19,-2.969576e-10
1929,1929.000000,4,4.718004e-12,5.069278e-13,3.244183e-16,3.316994e-20,1.501466e-12
1930,1930.000000,4,4.860112e-12,4.993783e-13,3.243954e-16,-3.935064e-20,2.413705e-10
1931,1931.000000,4,3.780087e-12,4.880540e-13,3.243726e-16,2.774397e-19,2.639826e-10
1932,1932.000000,4,4.959588e-12,4.760636e-13,3.243498e-16,-1.399590e-20,-9.542411e-11
1933,1933.000000,4,5.400125e-12,4.969358e-13,3.243269e-16,-6.303116e-21,-3.010046e-10
1934,1934.000000,4,4.241940e-12,5.058176e-13,3.243041e-16,2.479656e-19,1.840754e-10
1935,1935.000000,4,4.419576e-12,4.916068e-13,3.242813e-16,6.797770e-20,1.970437e-10
1936,1936.000000,4,6.366463e-12,4.851675e-13,3.536163e-16,-8.052438e-20,-4.298926e-10
1937,1937.000000,4,6.657785e-12,4.847234e-13,3.242357e-16,-2.394225e-19,-1.548117e-10
1938,1938.000000,4,4.405365e-12,4.749534e-13,3.242129e-16,1.087478e-19,-1.604166e-10
1939,1939.000000,4,5.165646e-12,4.858336e-13,3.241901e-16,-3.655477e-20,1.601594e-10
1940,1940.000000,4,5.734080e-12,4.980460e-13,3.241672e-16,6.317675e-20,-1.888147e-10
1941,1941.000000,4,5.336176e-12,5.038192e-13,3.241444e-16,-2.440811e-19,-4.385976e-10
1942,1942.000000,4,3.993250e-12,4.725109e-13,3.241215e-16,-3.226004e-20,8.212098e-12
1943,1943.000000,4,7.744916e-12,4.780620e-13,3.240986e-16,1.234220e-19,5.094147e-11
1944,1944.000000,4,7.467804e-12,5.098144e-13,3.240757e-16,-1.394461e-19,-2.731890e-10
1945,1945.000000,4,6.032508e-12,4.738432e-13,3.240254e-16,-1.534552e-19,-2.899427e-10
1946,1946.000000,4,5.627498e-12,4.967138e-13,3.240298e-16,-3.901315e-19,-4.702305e-10
1947,1947.000000,4,5.158540e-12,4.918288e-13,3.240069e-16,-2.235968e-19,-3.377774e-10
1948,1948.000000,4,5.115908e-12,4.951595e-13,3.239839e-16,1.846399e-19,1.019806e-10
1949,1949.000000,4,6.373568e-12,5.020429e-13,3.239609e-16,1.604730e-20,4.113510e-11
1950,1950.000000,4,4.831691e-12,4.947154e-13,3.239379e-16,2.499012e-19,-1.973115e-10
1951,1951.000000,4,4.192202e-12,4.545253e-13,3.238874e-16,-2.870912e-19,3.194778e-11
1952,1952.000000,4,8.242296e-12,4.740652e-13,3.238917e-16,-3.636451e-19,-1.288165e-10
1953,1953.000000,4,4.696687e-12,4.802825e-13,4.048015e-16,-2.398394e-19,2.509370e-10
1954,1954.000000,4,4.696687e-12,5.004885e-13,3.238456e-16,-7.531976e-20,1.117981e-10
1955,1955.000000,4,4.995115e-12,4.767298e-13,3.238224e-16,-2.550926e-19,-4.135350e-10
1956,1956.000000,4,4.959588e-12,4.989342e-13,3.237993e-16,8.108024e-20,-9.876944e-11
1957,1957.000000,4,5.051959e-12,4.778400e-13,3.237761e-16,2.509236e-19,1.154477e-10
1958,1958.000000,4,5.492495e-12,4.802825e-13,3.237529e-16,-8.597054e-20,1.276694e-10
1959,1959.000000,4,5.684342e-12,4.800604e-13,3.237297e-16,-9.474858e-20,-2.694289e-10
1960,1960.000000,4,3.758771e-12,5.111467e-13,3.237065e-16,-3.950615e-20,-1.294778e-10
1961,1961.000000,4,3.552714e-12,4.807266e-13,3.236832e-16,-4.143513e-20,-2.178524e-10
1962,1962.000000,4,6.927792e-12,4.900524e-13,3.236599e-16,1.519465e-19,-3.460077e-11
1963,1963.000000,4,6.963319e-12,5.104805e-13,3.236091e-16,3.007496e-19,-2.808753e-10
1964,1964.000000,4,6.473044e-12,4.884981e-13,3.236133e-16,-3.867764e-19,-1.341580e-10
1965,1965.000000,4,3.566925e-12,4.858336e-13,3.235899e-16,-1.992612e-19,-1.234777e-10
1966,1966.000000,4,4.867218e-12,4.953815e-13,3.235666e-16,8.775394e-20,-5.293206e-10
1967,1967.000000,4,4.369838e-12,4.776179e-13,3.235432e-16,-3.395576e-19,-4.715117e-11
1968,1968.000000,4,5.741185e-12,4.882761e-13,3.523232e-16,3.486467e-19,6.002798e-11
1969,1969.000000,4,4.874323e-12,4.709566e-13,3.234964e-16,-4.488017e-19,-1.572986e-10
1970,1970.000000,4,5.634604e-12,4.882761e-13,3.234729e-16,-1.491638e-19,-3.653704e-10
1971,1971.000000,4,4.447998e-12,4.953815e-13,3.234495e-16,-1.100547e-19,-2.168044e-11
1972,1972.000000,4,8.100187e-12,4.891643e-13,3.233984e-16,-9.789517e-20,-3.205813e-10
1973,1973.000000,4,8.220979e-12,5.049294e-13,3.234025e-16,2.369707e-20,-7.808110e-11
1974,1974.000000,4,6.295409e-12,4.733991e-13,3.233514e-16,7.872112e-20,1.554721e-10
1975,1975.000000,4,5.819345e-12,4.760636e-13,3.233278e-16,-3.494573e-19,7.178969e-11
1976,1976.000000,4,5.996981e-12,4.818368e-13,3.233318e-16,-2.692407e-19,-4.590892e-10
1977,1977.000000,4,5.648815e-12,4.904965e-13,3.233082e-16,-2.445940e-19,-6.572520e-12
1978,1978.000000,4,6.174616e-12,4.778400e-13,3.232846e-16,2.563929e-20,-4.216840e-10
1979,1979.000000,4,5.087486e-12,4.949374e-13,3.232610e-16,9.934770e-20,1.782099e-10
1980,1980.000000,4,4.646949e-12,4.676259e-13,3.232373e-16,1.030038e-19,8.932499e-11
1981,1981.000000,4,4.433787e-12,4.898304e-13,3.232136e-16,-3.746500e-19,3.419309e-11
1982,1982.000000,4,5.648815e-12,4.756195e-13,3.517513e-16,4.596709e-19,-1.238036e-10
1983,1983.000000,4,8.391510e-12,4.889422e-13,3.231662e-16,3.442726e-20,-4.346306e-10
1984,1984.000000,4,4.959588e-12,4.951595e-13,3.516665e-16,-1.962106e-19,1.321561e-10
1985,1985.000000,4,8.114398e-12,4.982681e-13,4.038640e-16,-1.975109e-19,-7.550893e-11
1986,1986.000000,4,5.989875e-12,4.933831e-13,3.230674e-16,4.038428e-19,-2.029110e-10
1987,1987.000000,4,5.314860e-12,4.860556e-13,3.515433e-16,-1.074309e-19,3.193539e-10
1988,1988.000000,4,7.332801e-12,5.004885e-13,3.230475e-16,2.543779e-19,-1.865574e-10
1989,1989.000000,4,4.618528e-12,4.907186e-13,3.230236e-16,6.631342e-20,-2.413749e-10
1990,1990.000000,4,6.075140e-12,4.789502e-13,3.514228e-16,-4.720554e-20,-4.624194e-10
1991,1991.000000,4,6.359357e-12,4.749534e-13,3.229759e-16,1.731686e-19,-1.940954e-10
1992,1992.000000,4,4.654055e-12,4.860556e-13,3.229520e-16,1.604499e-19,-2.326401e-10
1993,1993.000000,4,5.286438e-12,4.742873e-13,3.229281e-16,4.638829e-21,-1.099432e-11
1994,1994.000000,4,6.750156e-12,4.585221e-13,3.229042e-16,-4.133355e-19,-1.832317e-10
1995,1995.000000,4,5.641709e-12,4.860556e-13,3.228803e-16,8.837267e-20,3.387615e-10
1996,1996.000000,4,5.663026e-12,4.487521e-13,3.228563e-16,-1.915419e-19,-1.484501e-11
1997,1997.000000,4,6.480150e-12,4.769518e-13,3.228323e-16,-8.691352e-20,4.013541e-10
1998,1998.000000,4,4.298784e-12,4.753975e-13,3.228083e-16,-7.305990e-20,-2.640870e-10
1999,1999.000000,4,4.682477e-12,4.802825e-13,3.227843e-16,-1.471025e-19,-4.006040e-11
2000,2000.000000,4,5.343281e-12,4.751755e-13,3.227602e-16,-7.610062e-22,1.983889e-10
2001,2001.000000,4,4.014566e-12,4.987122e-13,3.227362e-16,-1.532633e-19,2.535749e-10
2002,2002.000000,4,5.968559e-12,4.740652e-13,3.227121e-16,-9.148618e-20,-1.485634e-10
2003,2003.000000,4,4.838796e-12,4.696243e-13,3.226880e-16,-3.875242e-19,-2.389764e-10
2004,2004.000000,4,4.803269e-12,4.751755e-13,4.033298e-16,1.621539e-19,-2.808225e-10
2005,2005.000000,4,5.307754e-12,4.756195e-13,3.226397e-16,-3.022220e-19,2.974865e-11
2006,2006.000000,4,6.188827e-12,4.725109e-13,3.507631e-16,1.331066e-19,-8.457990e-11
2007,2007.000000,4,4.533263e-12,4.691803e-13,3.225913e-16,3.477897e-19,-2.760299e-10
2008,2008.000000,4,5.009326e-12,4.594103e-13,3.225671e-16,2.760136e-20,-4.269736e-10
2009,2009.000000,4,6.643575e-12,4.840572e-13,3.225151e-16,-1.046218e-19,-4.416250e-10
2010,2010.000000,4,5.478284e-12,4.651834e-13,3.225186e-16,6.331902e-20,-2.527569e-10
2011,2011.000000,4,5.442757e-12,4.480860e-13,3.224943e-16,-2.514629e-21,1.508762e-10
2012,2012.000000,4,4.064304e-12,4.594103e-13,3.224423e-16,8.641721e-20,2.289320e-10
2013,2013.000000,4,4.384049e-12,4.742873e-13,3.224457e-16,-1.126157e-19,-1.323262e-10
2014,2014.000000,4,3.709033e-12,4.551914e-13,3.224214e-16,3.142525e-19,1.556351e-10
2015,2015.000000,4,5.847767e-12,4.773959e-13,3.223970e-16,1.275810e-19,6.660894e-11
2016,2016.000000,4,6.529888e-12,4.742873e-13,3.223449e-16,2.915613e-19,-2.013993e-10
2017,2017.000000,4,4.931167e-12,4.864997e-13,3.223483e-16,1.108290e-19,-4.072409e-10
2018,2018.000000,4,4.391154e-12,4.427569e-13,3.223239e-16,-3.093523e-19,3.573355e-10
2019,2019.000000,4,6.210144e-12,4.583001e-13,3.222995e-16,-2.576072e-19,-1.977538e-10
2020,2020.000000,4,4.355627e-12,4.807266e-13,3.222750e-16,-7.280844e-20,1.478435e-10
2021,2021.000000,4,5.293543e-12,4.296563e-13,3.222506e-16,-1.350422e-19,-3.793010e-10
2022,2022.000000,4,4.185097e-12,4.867218e-13,3.222261e-16,-5.771074e-20,-4.457741e-10
2023,2023.000000,4,4.405365e-12,4.423129e-13,3.222016e-16,-2.375762e-19,-3.698553e-11
2024,2024.000000,4,5.037748e-12,4.576339e-13,3.221771e-16,-1.979940e-19,1.236691e-10
2025,2025.000000,4,4.824585e-12,4.649614e-13,4.026559e-16,-3.198542e-20,-3.375389e-10
2026,2026.000000,4,6.600942e-12,4.665157e-13,3.221280e-16,1.554405e-19,-6.510126e-11
2027,2027.000000,4,7.744916e-12,4.700684e-13,3.221034e-16,6.945008e-20,-1.129585e-11
2028,2028.000000,4,8.107293e-12,4.585221e-13,3.220788e-16,4.337603e-19,2.528910e-11
2029,2029.000000,4,6.529888e-12,4.583001e-13,3.220542e-16,-3.824552e-20,2.411529e-10
2030,2030.000000,4,5.044853e-12,4.485301e-13,3.497705e-16,-3.265709e-20,9.522072e-11
2031,2031.000000,4,5.833556e-12,4.447553e-13,3.220049e-16,-2.346910e-19,-2.133582e-10
2032,2032.000000,4,4.916956e-12,4.647394e-13,3.219802e-16,-1.966738e-19,-3.371996e-10
2033,2033.000000,4,4.597212e-12,4.773959e-13,4.024096e-16,9.852383e-20,1.150591e-11
2034,2034.000000,4,5.854872e-12,4.547474e-13,3.219308e-16,2.442102e-19,-1.451337e-10
2035,2035.000000,4,5.009326e-12,4.558576e-13,3.219061e-16,-9.007335e-20,3.760858e-10
2036,2036.000000,4,4.462208e-12,4.864997e-13,3.218814e-16,-9.859000e-20,-2.207550e-10
2037,2037.000000,4,4.732215e-12,4.660716e-13,3.218566e-16,-2.535110e-19,-3.961387e-10
2038,2038.000000,4,5.854872e-12,4.711787e-13,3.218319e-16,2.170423e-19,5.344036e-11
2039,2039.000000,4,3.637979e-12,4.596323e-13,3.218071e-16,6.855276e-19,-1.149334e-10
2040,2040.000000,4,4.540368e-12,4.558576e-13,4.021931e-16,5.914672e-20,-4.384098e-10
2041,2041.000000,4,4.099832e-12,4.702905e-13,3.217575e-16,1.184655e-19,-9.257617e-11
2042,2042.000000,4,4.369838e-12,4.689582e-13,3.217327e-16,7.576974e-21,-2.542508e-10
2043,2043.000000,4,4.639844e-12,4.596323e-13,3.492316e-16,7.710978e-20,2.718537e-10
2044,2044.000000,4,6.330936e-12,4.709566e-13,3.216830e-16,1.283189e-19,-9.602097e-12
2045,2045.000000,4,5.421441e-12,4.689582e-13,3.216581e-16,-2.879019e-19,-4.246350e-10
2046,2046.000000,4,6.167511e-12,4.578560e-13,3.216332e-16,-1.360480e-19,-2.217355e-10
2047,2047.000000,4,5.854872e-12,4.498624e-13,3.216083e-16,2.859332e-19,1.077494e-10
2048,2048.000000,4,7.233325e-12,4.727330e-13,3.215834e-16,1.663394e-19,-3.825065e-10
2049,2049.000000,4,4.526157e-12,4.651834e-13,3.489927e-16,-2.070962e-19,-8.249579e-11
2050,2050.000000,4,6.764367e-12,4.560796e-13,3.215336e-16,2.694227e-19,-1.145510e-10
2051,2051.000000,4,6.785683e-12,4.409806e-13,3.215087e-16,9.661470e-22,3.554885e-10
2052,2052.000000,4,6.799894e-12,4.545253e-13,3.488775e-16,1.457525e-19,1.221552e-10
2053,2053.000000,4,3.964828e-12,4.378720e-13,3.214590e-16,-1.275612e-19,6.653789e-11
2054,2054.000000,4,6.465939e-12,4.487521e-13,3.214341e-16,1.218007e-19,-1.743516e-10
2055,2055.000000,4,3.232969e-12,4.378720e-13,3.214093e-16,4.016127e-20,4.629497e-11
2056,2056.000000,4,5.094591e-12,4.709566e-13,3.487215e-16,1.967069e-19,-1.922373e-11
2057,2057.000000,4,5.918821e-12,4.527489e-13,3.213598e-16,3.029797e-20,1.475642e-10
2058,2058.000000,4,5.421441e-12,4.440892e-13,3.213351e-16,1.170791e-19,-1.965343e-10
2059,2059.000000,4,5.364598e-12,4.236611e-13,3.486054e-16,-2.434293e-19,-2.610290e-10
2060,2060.000000,4,4.639844e-12,4.505285e-13,3.212858e-16,-2.395449e-19,-4.380687e-10
2061,2061.000000,4,5.421441e-12,4.516387e-13,3.212611e-16,5.541117e-20,2.760090e-10
2062,2062.000000,4,4.405365e-12,4.496403e-13,3.212365e-16,1.149252e-19,1.783738e-10
2063,2063.000000,4,5.130119e-12,4.574119e-13,3.212120e-16,1.361374e-19,-1.668368e-10
2064,2064.000000,4,5.698553e-12,4.281020e-13,3.211874e-16,-1.313464e-19,-3.170619e-11
2065,2065.000000,4,5.286438e-12,4.520828e-13,3.211629e-16,-1.108422e-19,3.544121e-10
2066,2066.000000,4,5.336176e-12,4.349854e-13,3.211384e-16,1.920548e-19,-1.567928e-10
2067,2067.000000,4,4.568790e-12,4.634071e-13,3.211140e-16,1.394329e-19,2.696132e-10
2068,2068.000000,4,5.599077e-12,4.451994e-13,3.210896e-16,-1.474367e-19,1.679146e-11
2069,2069.000000,4,5.783818e-12,4.456435e-13,3.210377e-16,8.830318e-20,7.005285e-11
2070,2070.000000,4,5.790923e-12,4.665157e-13,3.210409e-16,-1.149185e-19,3.343459e-10
2071,2071.000000,4,5.584866e-12,4.509726e-13,3.210166e-16,-5.406452e-21,2.342215e-11
2072,2072.000000,4,6.266987e-12,4.518608e-13,3.209923e-16,-4.521932e-19,2.227618e-10
2073,2073.000000,4,5.108802e-12,4.614087e-13,3.209681e-16,1.846267e-19,5.739005e-10
2074,2074.000000,4,4.547474e-12,4.483081e-13,3.209439e-16,-2.530776e-19,4.470362e-10
2075,2075.000000,4,5.002221e-12,4.485301e-13,3.209197e-16,-4.942603e-19,9.407142e-12
2076,2076.000000,4,5.542233e-12,4.392042e-13,3.208956e-16,-6.725640e-20,-4.500600e-10
2077,2077.000000,4,6.139089e-12,4.463097e-13,3.208715e-16,-5.548728e-21,-4.383161e-10
2078,2078.000000,4,6.409095e-12,4.496403e-13,3.208474e-16,2.920609e-20,2.654263e-10
2079,2079.000000,4,6.288303e-12,4.733991e-13,3.208234e-16,2.124332e-19,7.938983e-12
2080,2080.000000,4,5.329071e-12,4.445333e-13,3.207721e-16,6.489927e-19,-2.000879e-10
2081,2081.000000,4,6.373568e-12,4.474199e-13,3.207754e-16,7.195148e-20,-2.724581e-10
2082,2082.000000,4,6.060930e-12,4.438672e-13,3.207515e-16,5.014700e-20,1.182676e-10
2083,2083.000000,4,5.989875e-12,4.167777e-13,3.207276e-16,-8.049129e-20,4.250866e-11
2084,2084.000000,4,5.364598e-12,4.565237e-13,3.207037e-16,-5.449234e-19,-2.247522e-10
2085,2085.000000,4,8.903100e-12,4.440892e-13,3.206798e-16,3.648859e-19,-1.606719e-10
2086,2086.000000,4,5.833556e-12,4.429790e-13,3.206560e-16,3.695082e-19,-2.984901e-11
2087,2087.000000,4,5.734080e-12,4.409806e-13,3.206322e-16,-2.216745e-19,-1.539266e-10
2088,2088.000000,4,6.195933e-12,4.316547e-13,3.206085e-16,-1.212647e-20,1.338680e-10
2089,2089.000000,4,4.710898e-12,4.611866e-13,3.205848e-16,1.753590e-19,-1.216067e-10
2090,2090.000000,4,3.510081e-12,4.578560e-13,4.006676e-16,4.169983e-20,-1.401190e-10
2091,2091.000000,4,7.666756e-12,4.576339e-13,3.205375e-16,2.824921e-19,8.894707e-11
2092,2092.000000,4,3.957723e-12,4.565237e-13,3.205138e-16,-3.796163e-19,2.536225e-10
2093,2093.000000,4,3.588241e-12,4.423129e-13,3.204902e-16,-1.289707e-19,-1.104516e-10
2094,2094.000000,4,7.176482e-12,4.587442e-13,3.204397e-16,2.942480e-19,-8.712009e-11
2095,2095.000000,4,5.016432e-12,4.463097e-13,3.204431e-16,-1.383608e-19,-3.526357e-10
2096,2096.000000,4,5.314860e-12,4.285461e-13,3.204196e-16,-8.044497e-20,-1.579439e-10
2097,2097.000000,4,4.583001e-12,4.647394e-13,3.203961e-16,9.480152e-20,-2.156963e-10
2098,2098.000000,4,6.387779e-12,4.403145e-13,3.471404e-16,-3.942343e-19,1.372493e-10
2099,2099.000000,4,6.764367e-12,4.301004e-13,3.203493e-16,3.225674e-20,-2.500284e-10
2100,2100.000000,4,5.194067e-12,4.489742e-13,3.203259e-16,1.081621e-19,1.026317e-10
2101,2101.000000,4,7.325696e-12,4.360956e-13,3.203025e-16,1.562610e-19,-1.098210e-10
2102,2102.000000,4,4.362732e-12,4.396483e-13,3.202792e-16,-4.461713e-19,-3.821161e-10
2103,2103.000000,4,6.203038e-12,4.567458e-13,3.202559e-16,2.481343e-19,1.074585e-10
2104,2104.000000,4,6.899370e-12,4.496403e-13,3.202059e-16,-2.297478e-19,2.946714e-10
2105,2105.000000,4,7.020162e-12,4.398704e-13,3.201826e-16,-2.216513e-19,-8.188383e-11
2106,2106.000000,4,4.590106e-12,4.531930e-13,3.201862e-16,-2.089028e-19,-1.505920e-10
2107,2107.000000,4,4.732215e-12,4.369838e-13,3.468075e-16,5.300044e-19,-4.205849e-10
2108,2108.000000,4,6.380674e-12,4.281020e-13,3.201398e-16,-4.061027e-19,-3.823959e-10
2109,2109.000000,4,5.854872e-12,4.316547e-13,3.201166e-16,-4.636513e-20,1.033915e-10
2110,2110.000000,4,4.291678e-12,4.507505e-13,3.200935e-16,1.633847e-19,2.901368e-11
2111,2111.000000,4,7.496226e-12,4.232170e-13,4.000879e-16,3.076219e-19,-1.667688e-10
2112,2112.000000,4,7.624124e-12,4.447553e-13,3.200472e-16,-2.689065e-19,-8.473089e-11
2113,2113.000000,4,5.648815e-12,4.440892e-13,3.465837e-16,2.077812e-19,1.350631e-10
2114,2114.000000,4,4.988010e-12,4.447553e-13,3.465437e-16,-7.975675e-20,3.127956e-10
2115,2115.000000,4,6.863843e-12,4.449774e-13,3.199779e-16,-2.288213e-19,3.928347e-10
2116,2116.000000,4,5.883294e-12,4.447553e-13,3.199548e-16,1.924750e-19,-7.537881e-11
2117,2117.000000,4,7.560175e-12,4.538592e-13,3.998814e-16,-1.461595e-19,-4.021228e-11
2118,2118.000000,4,4.312994e-12,4.878320e-13,3.199086e-16,-7.452236e-20,1.441780e-11
2119,2119.000000,4,6.728840e-12,4.523049e-13,3.198855e-16,-1.082118e-19,5.326983e-11
2120,2120.000000,4,5.336176e-12,4.314327e-13,3.198625e-16,4.319206e-20,2.207412e-10
2121,2121.000000,4,3.439027e-12,4.443113e-13,3.198394e-16,-3.638801e-19,5.933787e-11
2122,2122.000000,4,6.977530e-12,4.469758e-13,3.197898e-16,-1.194019e-19,2.027929e-10
2123,2123.000000,4,6.494361e-12,4.618528e-13,3.462074e-16,-8.788629e-20,-1.323541e-10
2124,2124.000000,4,4.341416e-12,4.249934e-13,3.197702e-16,5.813425e-21,-1.727773e-10
2125,2125.000000,4,5.933032e-12,4.325429e-13,3.197471e-16,2.690653e-20,-1.949241e-10
2126,2126.000000,4,3.367973e-12,4.416467e-13,3.197241e-16,-3.202248e-19,6.949818e-11
2127,2127.000000,4,5.783818e-12,4.412026e-13,3.197010e-16,1.278358e-19,-2.267750e-10
2128,2128.000000,4,5.975664e-12,4.578560e-13,3.196779e-16,-1.823503e-19,-2.621503e-11
2129,2129.000000,4,3.595346e-12,4.469758e-13,3.459832e-16,7.752337e-20,9.655698e-11
2130,2130.000000,4,6.117773e-12,4.334311e-13,3.196318e-16,1.883656e-19,-6.146212e-10
2131,2131.000000,4,5.002221e-12,4.265477e-13,3.195822e-16,1.628454e-19,-2.228271e-10
2132,2132.000000,4,5.272227e-12,4.569678e-13,3.195857e-16,1.059519e-19,6.459278e-12
2133,2133.000000,4,4.725109e-12,4.460876e-13,3.195626e-16,9.732607e-20,3.250644e-11
2134,2134.000000,4,5.591971e-12,4.285461e-13,3.195395e-16,-3.837390e-19,3.501155e-11
2135,2135.000000,4,4.384049e-12,4.614087e-13,3.195165e-16,-4.415821e-20,-2.009686e-10
2136,2136.000000,4,5.606182e-12,4.267697e-13,3.194934e-16,-1.212812e-19,-1.945337e-10
2137,2137.000000,4,4.902745e-12,4.363176e-13,3.194703e-16,4.349514e-19,-1.346474e-10
2138,2138.000000,4,5.414336e-12,4.491962e-13,3.194208e-16,7.544218e-20,-3.109069e-11
2139,2139.000000,4,3.808509e-12,4.196643e-13,3.194242e-16,5.073363e-19,3.922920e-10
2140,2140.000000,4,3.886669e-12,4.349854e-13,3.193746e-16,4.181563e-19,-3.306968e-10
2141,2141.000000,4,6.515677e-12,4.263256e-13,3.193780e-16,-3.136007e-20,-9.646062e-11
2142,2142.000000,4,4.590106e-12,4.409806e-13,3.193550e-16,-1.155274e-19,1.528733e-10
2143,2143.000000,4,4.156675e-12,4.312106e-13,3.193319e-16,2.929774e-19,1.414819e-10
2144,2144.000000,4,5.513812e-12,4.307665e-13,3.193088e-16,2.056933e-19,-5.987943e-10
2145,2145.000000,4,7.510437e-12,4.569678e-13,3.192857e-16,2.194973e-19,3.801759e-11
2146,2146.000000,4,5.577760e-12,4.356515e-13,3.192626e-16,-9.972820e-20,-3.196137e-10
2147,2147.000000,4,7.354117e-12,4.296563e-13,3.192396e-16,-5.521927e-20,1.753522e-10
2148,2148.000000,4,4.874323e-12,4.594103e-13,3.192165e-16,-2.521577e-19,-9.256018e-11
2149,2149.000000,4,3.794298e-12,4.574119e-13,3.989587e-16,-6.517521e-20,-4.186584e-10
2150,2150.000000,4,5.954348e-12,4.232170e-13,3.191703e-16,3.480445e-20,2.842477e-10
2151,2151.000000,4,3.879563e-12,4.174439e-13,3.191472e-16,-8.013726e-21,-3.615011e-10
2152,2152.000000,4,5.549339e-12,4.274359e-13,3.191242e-16,2.474627e-19,-1.331726e-10
2153,2153.000000,4,5.101697e-12,4.449774e-13,3.450879e-16,1.776519e-19,-3.190426e-11
2154,2154.000000,4,5.876188e-12,4.176659e-13,3.190780e-16,2.304856e-20,-1.188534e-10
2155,2155.000000,4,5.407230e-12,4.605205e-13,3.190549e-16,-6.587236e-19,-1.835416e-10
2156,2156.000000,4,5.215384e-12,4.301004e-13,3.190318e-16,-2.356141e-19,-5.216596e-10
2157,2157.000000,4,4.888534e-12,4.338752e-13,3.190087e-16,4.217629e-20,3.510303e-11
2158,2158.000000,4,5.407230e-12,4.396483e-13,3.189856e-16,1.689268e-19,1.550129e-10
2159,2159.000000,4,5.677236e-12,4.278800e-13,3.986702e-16,3.132070e-19,1.090918e-10
2160,2160.000000,4,4.938272e-12,4.509726e-13,3.189394e-16,1.817713e-19,1.473883e-10
2161,2161.000000,4,5.911716e-12,4.296563e-13,3.189164e-16,1.368885e-19,-5.354872e-11
2162,2162.000000,4,7.453593e-12,4.416467e-13,3.188933e-16,-7.546203e-20,1.756764e-10
2163,2163.000000,4,5.201173e-12,4.301004e-13,3.188702e-16,-3.998293e-19,1.973777e-10
2164,2164.000000,4,5.378809e-12,4.409806e-13,3.188207e-16,-1.874888e-19,-4.100142e-10
2165,2165.000000,4,4.995115e-12,4.352074e-13,3.188240e-16,-1.083607e-20,-1.921707e-10
2166,2166.000000,4,4.838796e-12,4.400924e-13,3.985011e-16,-2.638044e-20,-1.505414e-10
2167,2167.000000,4,4.057199e-12,4.407585e-13,3.187777e-16,-5.610601e-20,2.055081e-10
2168,2168.000000,4,4.817480e-12,4.529710e-13,3.187546e-16,2.383901e-19,5.940581e-11
2169,2169.000000,4,4.362732e-12,4.354295e-13,3.187315e-16,-2.157287e-19,-3.571943e-11
2170,2170.000000,4,7.048584e-12,4.374279e-13,3.187083e-16,4.048685e-19,-4.170975e-11
2171,2171.000000,4,4.462208e-12,4.487521e-13,3.186851e-16,4.256341e-20,7.277157e-11
2172,2172.000000,4,4.341416e-12,4.285461e-13,3.186619e-16,9.319348e-20,-2.884142e-10
2173,2173.000000,4,4.348522e-12,4.558576e-13,3.982652e-16,-3.099016e-19,-1.438067e-10
2174,2174.000000,4,4.789058e-12,4.543033e-13,3.982692e-16,6.544653e-21,1.166818e-10
2175,2175.000000,4,5.371703e-12,4.281020e-13,3.185920e-16,-8.811128e-21,-1.591198e-10
2176,2176.000000,4,4.142464e-12,4.245493e-13,3.185421e-16,1.243914e-19,3.693303e-10
2177,2177.000000,4,5.549339e-12,4.218847e-13,3.981484e-16,-1.620811e-19,-1.537925e-11
2178,2178.000000,4,6.146195e-12,4.323208e-13,3.185218e-16,-5.440962e-19,3.942193e-10
2179,2179.000000,4,4.192202e-12,4.265477e-13,3.980897e-16,3.264055e-20,3.379625e-10
2180,2180.000000,4,5.229595e-12,4.207745e-13,3.184747e-16,-3.123963e-19,1.514242e-10
2181,2181.000000,4,6.167511e-12,4.527489e-13,3.184511e-16,2.713616e-19,1.630087e-10
2182,2182.000000,4,6.394885e-12,4.352074e-13,3.184275e-16,5.506376e-20,6.698064e-11
2183,2183.000000,4,4.995115e-12,4.414247e-13,3.184038e-16,-6.684612e-20,-1.161808e-10
2184,2184.000000,4,5.023537e-12,4.478640e-13,3.979751e-16,2.103653e-19,-2.584071e-10
2185,2185.000000,4,7.332801e-12,4.169998e-13,3.183563e-16,1.410178e-19,-7.939072e-11
2186,2186.000000,4,5.861978e-12,4.116707e-13,3.978823e-16,6.759720e-21,-6.927969e-11
2187,2187.000000,4,6.544099e-12,4.301004e-13,3.183087e-16,1.663493e-19,-3.383742e-10
2188,2188.000000,4,4.988010e-12,4.376499e-13,3.182847e-16,1.631829e-19,2.609317e-10
2189,2189.000000,4,4.781953e-12,4.458656e-13,3.182608e-16,2.094653e-19,8.641710e-11
2190,2190.000000,4,5.101697e-12,4.327649e-13,3.436501e-16,1.333713e-19,3.579181e-11
2191,2191.000000,4,6.089351e-12,4.325429e-13,3.182127e-16,-1.036722e-19,1.667866e-11
2192,2192.000000,4,5.684342e-12,4.367617e-13,3.181886e-16,-9.679006e-20,-2.554335e-10
2193,2193.000000,4,5.009326e-12,4.127809e-13,3.181645e-16,6.704133e-20,3.318754e-10
2194,2194.000000,4,4.575895e-12,4.360956e-13,3.181403e-16,-1.259531e-19,-1.638791e-10
2195,2195.000000,4,5.194067e-12,4.272138e-13,3.181161e-16,-1.552221e-19,3.655298e-11
2196,2196.000000,4,7.382539e-12,4.312106e-13,3.180918e-16,-1.330106e-21,1.719531e-10
2197,2197.000000,4,5.016432e-12,4.205525e-13,3.180675e-16,-1.201066e-19,-1.031042e-10
2198,2198.000000,4,5.684342e-12,4.118927e-13,3.180431e-16,5.145659e-19,2.208047e-10
2199,2199.000000,4,4.988010e-12,4.407585e-13,3.180186e-16,6.083748e-20,1.705258e-10
2200,2200.000000,4,6.032508e-12,4.294343e-13,3.179942e-16,-1.553147e-19,4.509482e-10
2201,2201.000000,4,5.336176e-12,4.347633e-13,3.179697e-16,-4.776770e-19,-1.916507e-10
2202,2202.000000,4,6.536993e-12,4.392042e-13,3.179451e-16,2.738596e-19,4.243632e-10
2203,2203.000000,4,5.215384e-12,4.258816e-13,3.179205e-16,-8.159310e-20,6.284706e-11
2204,2204.000000,4,4.469314e-12,4.214407e-13,3.178958e-16,9.721357e-20,-1.997753e-10
2205,2205.000000,4,4.988010e-12,4.365397e-13,3.178711e-16,-1.083805e-19,1.066596e-10
2206,2206.000000,4,5.712764e-12,4.232170e-13,3.178464e-16,2.082708e-19,3.599743e-11
2207,2207.000000,4,4.938272e-12,4.287681e-13,3.429576e-16,1.649100e-19,-1.593259e-10
2208,2208.000000,4,4.526157e-12,4.232170e-13,3.429167e-16,-3.662028e-19,-2.358362e-10
2209,2209.000000,4,6.551204e-12,4.332090e-13,3.177719e-16,-1.798588e-19,1.378351e-10
2210,2210.000000,4,5.492495e-12,4.083400e-13,3.177470e-16,6.530194e-19,-5.668355e-11
2211,2211.000000,4,5.307754e-12,4.369838e-13,3.177220e-16,-2.479226e-19,2.196314e-10
2212,2212.000000,4,5.123013e-12,4.074519e-13,3.176970e-16,-4.072276e-19,2.123439e-10
2213,2213.000000,4,6.352252e-12,4.414247e-13,3.970559e-16,-1.733737e-19,-3.433334e-10
2214,2214.000000,4,5.051959e-12,4.307665e-13,3.176468e-16,-9.275673e-20,2.540603e-10
2215,2215.000000,4,5.151435e-12,4.136691e-13,3.176217e-16,-1.286762e-19,2.353477e-10
2216,2216.000000,4,6.259882e-12,4.212186e-13,3.425911e-16,-4.422769e-20,2.289231e-10
2217,2217.000000,4,4.519052e-12,4.269918e-13,3.969301e-16,-6.393114e-20,-5.864909e-11
2218,2218.000000,4,6.231460e-12,4.176659e-13,3.175461e-16,2.508276e-19,-3.470557e-12
2219,2219.000000,4,5.641709e-12,4.309886e-13,3.174935e-16,-1.701180e-19,2.896989e-10
2220,2220.000000,4,5.719869e-12,4.314327e-13,3.174954e-16,9.175749e-20,8.375078e-12
2221,2221.000000,4,4.284573e-12,4.156675e-13,3.174700e-16,-3.030095e-19,2.570966e-11
2222,2222.000000,4,4.753531e-12,4.281020e-13,3.967716e-16,-6.155547e-20,-9.190426e-11
2223,2223.000000,4,6.608047e-12,4.172218e-13,3.174192e-16,1.685794e-20,-2.100617e-10
2224,2224.000000,4,4.007461e-12,3.941292e-13,3.173937e-16,1.587657e-19,1.863443e-10
2225,2225.000000,4,4.774847e-12,4.098943e-13,3.966759e-16,-1.628222e-20,9.171242e-11
2226,2226.000000,4,4.888534e-12,4.229950e-13,3.173425e-16,-2.238020e-19,4.327037e-10
2227,2227.000000,4,4.575895e-12,4.241052e-13,3.173169e-16,-2.193054e-19,-1.550919e-10
2228,2228.000000,4,5.208278e-12,4.320988e-13,3.172913e-16,-3.504136e-19,-2.822520e-10
2229,2229.000000,4,3.282707e-12,4.207745e-13,3.420729e-16,1.895931e-19,-1.504445e-10
2230,2230.000000,4,5.286438e-12,4.078959e-13,3.172401e-16,5.923275e-20,-9.060717e-10
2231,2231.000000,4,4.170886e-12,4.114487e-13,3.419963e-16,6.328263e-20,5.555822e-11
2232,2232.000000,4,6.323830e-12,4.181100e-13,3.171888e-16,3.056565e-19,3.214740e-10
2233,2233.000000,4,3.524292e-12,4.027889e-13,3.171358e-16,1.566283e-19,-2.883089e-10
2234,2234.000000,4,5.549339e-12,3.907985e-13,3.171376e-16,3.754507e-19,4.898175e-10
2235,2235.000000,4,4.604317e-12,4.014566e-13,3.171120e-16,-4.470911e-19,-3.714367e-10
2236,2236.000000,4,5.279333e-12,4.112266e-13,3.170864e-16,1.443960e-19,7.845236e-11
2237,2237.000000,4,5.613288e-12,3.981260e-13,3.170609e-16,-8.607972e-20,6.302647e-11
2238,2238.000000,4,4.817480e-12,4.025669e-13,3.170354e-16,9.892418e-20,-1.949059e-10
2239,2239.000000,4,4.853007e-12,4.043432e-13,3.170099e-16,2.659386e-19,-9.625767e-11
2240,2240.000000,4,5.812240e-12,4.112266e-13,3.169845e-16,-1.877237e-19,1.971689e-10
2241,2241.000000,4,3.943512e-12,3.941292e-13,3.169591e-16,-2.974012e-19,-2.746190e-10
2242,2242.000000,4,7.560175e-12,4.225509e-13,3.169337e-16,1.676199e-19,-2.280349e-10
2243,2243.000000,4,6.494361e-12,4.114487e-13,3.169084e-16,-1.888619e-19,2.771694e-10
2244,2244.000000,4,4.824585e-12,3.901324e-13,3.168831e-16,1.150410e-19,1.872298e-10
2245,2245.000000,4,5.137224e-12,4.027889e-13,3.414722e-16,-2.535673e-19,7.265921e-11
2246,2246.000000,4,3.879563e-12,3.925749e-13,3.168326e-16,-1.028616e-19,2.672218e-11
2247,2247.000000,4,5.073275e-12,3.930190e-13,3.168074e-16,1.509638e-19,1.780220e-10
2248,2248.000000,4,4.973799e-12,4.007905e-13,3.959440e-16,5.160284e-20,2.697162e-10
2249,2249.000000,4,8.817835e-12,4.098943e-13,3.167572e-16,-3.122508e-19,-9.745627e-11
2250,2250.000000,4,3.801404e-12,4.156675e-13,3.167321e-16,-3.840037e-19,-1.588423e-10
2251,2251.000000,4,5.918821e-12,4.047873e-13,3.167071e-16,-1.151303e-19,-2.555098e-10
2252,2252.000000,4,4.419576e-12,3.876899e-13,3.958189e-16,2.358027e-19,-3.000289e-10
2253,2253.000000,4,4.945377e-12,4.451994e-13,3.958214e-16,7.362238e-20,5.993694e-11
2254,2254.000000,4,7.375434e-12,4.081180e-13,3.166322e-16,7.050226e-20,-4.390537e-10
2255,2255.000000,4,6.494361e-12,4.058975e-13,3.166073e-16,1.570419e-19,-1.235900e-12
2256,2256.000000,4,6.323830e-12,3.899103e-13,3.165825e-16,5.496450e-20,5.757697e-10
2257,2257.000000,4,4.988010e-12,4.229950e-13,3.165308e-16,2.442830e-20,-4.351364e-11
2258,2258.000000,4,6.465939e-12,4.070078e-13,3.165329e-16,-3.986382e-19,-1.301070e-10
2259,2259.000000,4,4.312994e-12,3.914646e-13,3.956018e-16,-3.439252e-19,-1.387779e-11
2260,2260.000000,4,5.535128e-12,3.843592e-13,3.164835e-16,-2.229417e-20,-4.780394e-10
2261,2261.000000,4,5.286438e-12,4.030110e-13,3.164589e-16,3.464663e-19,-2.816547e-11
2262,2262.000000,4,5.272227e-12,4.038991e-13,3.164342e-16,4.974102e-19,-9.446133e-11
2263,2263.000000,4,5.847767e-12,4.012346e-13,3.164097e-16,-3.974107e-20,-7.827072e-11
2264,2264.000000,4,4.519052e-12,4.105605e-13,3.163585e-16,-1.262046e-19,-1.778688e-10
2265,2265.000000,4,7.958079e-12,3.907985e-13,3.163607e-16,-1.070008e-19,2.165383e-10
2266,2266.000000,4,5.208278e-12,3.945733e-13,3.163362e-16,5.419357e-19,2.812390e-10
2267,2267.000000,4,5.201173e-12,4.085621e-13,3.163118e-16,-8.738336e-20,1.898863e-10
2268,2268.000000,4,3.325340e-12,3.905765e-13,3.162874e-16,-2.588778e-19,4.875345e-10
2269,2269.000000,4,5.968559e-12,4.061196e-13,3.952957e-16,-9.765694e-20,-6.782752e-11
2270,2270.000000,4,6.806999e-12,4.058975e-13,3.162388e-16,-2.464336e-19,1.475087e-11
2271,2271.000000,4,4.867218e-12,3.974598e-13,3.162145e-16,8.678448e-20,1.144178e-10
2272,2272.000000,4,3.979039e-12,4.038991e-13,3.161903e-16,-2.817907e-19,-1.370015e-11
2273,2273.000000,4,6.387779e-12,3.912426e-13,3.161661e-16,2.710902e-19,-4.603966e-10
2274,2274.000000,4,5.286438e-12,4.127809e-13,3.161419e-16,1.046648e-19,3.342495e-10
2275,2275.000000,4,5.719869e-12,3.959055e-13,3.161178e-16,-6.235354e-19,-4.000711e-11
2276,2276.000000,4,5.741185e-12,4.103384e-13,3.160937e-16,3.130085e-19,9.893286e-11
2277,2277.000000,4,6.913581e-12,4.076739e-13,3.160696e-16,3.236758e-19,2.250160e-10
2278,2278.000000,4,4.021672e-12,3.954614e-13,3.160456e-16,-1.319055e-19,-2.312106e-10
2279,2279.000000,4,6.068035e-12,3.921308e-13,3.160216e-16,4.043987e-19,5.054965e-10
2280,2280.000000,4,6.480150e-12,3.941292e-13,3.949642e-16,7.871451e-21,4.530616e-10
2281,2281.000000,4,6.068035e-12,4.196643e-13,3.159738e-16,2.912503e-19,-8.294609e-11
2282,2282.000000,4,7.055689e-12,4.085621e-13,3.159499e-16,-2.000421e-19,-3.583218e-10
2283,2283.000000,4,6.473044e-12,3.819167e-13,3.159260e-16,4.513064e-19,1.272444e-10
2284,2284.000000,4,4.817480e-12,4.063416e-13,3.159022e-16,2.898672e-19,-1.903437e-10
2285,2285.000000,4,6.572520e-12,4.023448e-13,3.158784e-16,-2.187893e-19,4.280420e-10
2286,2286.000000,4,4.362732e-12,4.167777e-13,3.158547e-16,-1.023222e-19,-1.235660e-10
2287,2287.000000,4,6.011192e-12,4.154455e-13,3.158309e-16,3.141467e-19,-5.925576e-10
2288,2288.000000,4,6.117773e-12,4.087841e-13,3.158072e-16,-1.710610e-20,2.605316e-10
2289,2289.000000,4,5.300649e-12,4.016787e-13,3.157835e-16,1.771722e-19,2.707750e-10
2290,2290.000000,4,3.957723e-12,4.056755e-13,3.946670e-16,-5.715487e-20,3.347980e-10
2291,2291.000000,4,4.320100e-12,4.003464e-13,3.157360e-16,-1.599999e-19,3.098344e-10
2292,2292.000000,4,4.845901e-12,4.030110e-13,3.157123e-16,7.977330e-21,2.402727e-10
2293,2293.000000,4,5.698553e-12,4.256595e-13,3.156885e-16,-2.876405e-19,4.593343e-10
2294,2294.000000,4,6.451728e-12,4.083400e-13,3.396918e-16,4.259451e-19,2.313549e-10
2295,2295.000000,4,5.648815e-12,3.952394e-13,3.156146e-16,-4.023770e-19,7.953505e-11
2296,2296.000000,4,4.476419e-12,4.125589e-13,3.396171e-16,-1.272105e-19,-2.396350e-11
2297,2297.000000,4,4.739320e-12,4.243272e-13,3.155930e-16,-2.718810e-19,6.358087e-10
2298,2298.000000,4,5.087486e-12,3.861356e-13,3.155690e-16,-1.692908e-19,1.355818e-10
2299,2299.000000,4,7.716494e-12,3.976819e-13,3.155450e-16,-1.530086e-19,1.503824e-10
2300,2300.000000,4,4.831691e-12,4.156675e-13,3.155210e-16,2.762419e-19,-8.177281e-11
2301,2301.000000,4,6.586731e-12,3.939071e-13,3.154969e-16,-1.620844e-19,3.125593e-10
2302,2302.000000,4,5.250911e-12,4.327649e-13,3.154728e-16,4.633733e-19,-2.865077e-10
2303,2303.000000,4,6.153300e-12,4.058975e-13,3.154486e-16,1.121094e-19,2.554428e-10
2304,2304.000000,4,3.971934e-12,4.127809e-13,3.154244e-16,-4.355602e-20,1.598690e-10
2305,2305.000000,4,5.130119e-12,3.996803e-13,3.154001e-16,2.693168e-19,1.709739e-10
2306,2306.000000,4,8.299139e-12,3.905765e-13,3.153757e-16,2.130751e-19,5.374368e-11
2307,2307.000000,4,5.215384e-12,4.065637e-13,3.153513e-16,1.533361e-19,-2.177694e-10
2308,2308.000000,4,5.996981e-12,4.014566e-13,3.153269e-16,4.168593e-19,-3.775895e-10
2309,2309.000000,4,5.080381e-12,4.254375e-13,3.391078e-16,6.095328e-20,1.042064e-10
2310,2310.000000,4,5.655920e-12,4.174439e-13,3.152779e-16,-1.794618e-19,-3.361240e-10
2311,2311.000000,4,5.641709e-12,4.189982e-13,3.152533e-16,-2.183426e-19,1.608247e-10
2312,2312.000000,4,6.352252e-12,4.161116e-13,3.152286e-16,3.252110e-19,9.336976e-12
2313,2313.000000,4,4.291678e-12,4.052314e-13,3.152039e-16,2.148784e-19,-1.561475e-10
2314,2314.000000,4,4.980905e-12,3.954614e-13,3.151792e-16,-2.096241e-19,-2.337983e-10
2315,2315.000000,4,4.156675e-12,3.945733e-13,3.151544e-16,6.051984e-20,6.790035e-11
2316,2316.000000,4,4.902745e-12,4.032330e-13,3.151295e-16,1.845275e-20,-9.931478e-11
2317,2317.000000,4,5.648815e-12,4.107825e-13,3.151046e-16,-9.180050e-20,3.079883e-10
2318,2318.000000,4,6.764367e-12,3.994582e-13,3.150529e-16,-4.380120e-19,-3.934897e-11
2319,2319.000000,4,5.499601e-12,3.876899e-13,3.150546e-16,1.043803e-19,3.231504e-10
2320,2320.000000,4,4.177991e-12,4.047873e-13,3.150295e-16,-2.271736e-19,-9.730439e-12
2321,2321.000000,4,4.469314e-12,3.832490e-13,3.150044e-16,4.996005e-19,1.871037e-10
2322,2322.000000,4,6.146195e-12,3.936851e-13,3.385887e-16,-8.016704e-20,-2.799165e-10
2323,2323.000000,4,5.094591e-12,4.003464e-13,3.936590e-16,-3.174223e-19,-1.051794e-10
2324,2324.000000,4,3.943512e-12,3.843592e-13,3.936273e-16,2.409213e-19,-4.513945e-10
2325,2325.000000,4,7.844392e-12,3.992362e-13,3.149034e-16,-1.856690e-19,3.567471e-10
2326,2326.000000,4,5.819345e-12,3.943512e-13,3.148780e-16,1.709187e-19,5.423750e-11
2327,2327.000000,4,6.096457e-12,3.803624e-13,3.148526e-16,-3.607566e-19,-7.289325e-11
2328,2328.000000,4,5.393019e-12,3.905765e-13,3.383466e-16,-2.224123e-20,1.191292e-10
2329,2329.000000,4,7.773338e-12,3.885781e-13,3.148015e-16,5.547073e-20,4.386229e-10
2330,2330.000000,4,7.077006e-12,3.685940e-13,3.147760e-16,-9.044393e-20,-1.808820e-10
2331,2331.000000,4,5.520917e-12,3.950174e-13,3.934042e-16,-3.094317e-20,-3.254521e-10
2332,2332.000000,4,6.501466e-12,3.923528e-13,3.381844e-16,-5.663209e-20,-2.890310e-11
2333,2333.000000,4,5.329071e-12,3.888001e-13,3.146989e-16,-6.194028e-19,-6.115908e-11
2334,2334.000000,4,5.329071e-12,4.056755e-13,3.933076e-16,1.113352e-19,1.717551e-10
2335,2335.000000,4,6.423306e-12,4.014566e-13,3.380624e-16,3.269018e-21,-3.009388e-10
2336,2336.000000,4,5.641709e-12,3.841372e-13,3.146214e-16,1.293181e-19,-3.614709e-10
2337,2337.000000,4,4.988010e-12,3.825829e-13,3.145955e-16,1.376164e-19,-3.086420e-12
2338,2338.000000,4,4.192202e-12,3.768097e-13,3.145695e-16,-2.888779e-19,-1.867138e-10
2339,2339.000000,4,6.998846e-12,3.921308e-13,3.145435e-16,3.239868e-19,-1.253766e-10
2340,2340.000000,4,5.627498e-12,4.047873e-13,3.145174e-16,-9.061598e-20,1.413403e-11
2341,2341.000000,4,5.414336e-12,4.054534e-13,3.144913e-16,-2.270181e-19,-6.623408e-10
2342,2342.000000,4,5.059064e-12,3.967937e-13,3.144651e-16,-1.440452e-19,3.033485e-11
2343,2343.000000,4,7.368328e-12,3.832490e-13,3.144389e-16,6.945670e-20,-1.875389e-11
2344,2344.000000,4,4.874323e-12,4.072298e-13,3.144127e-16,-1.420765e-19,3.519807e-11
2345,2345.000000,4,6.380674e-12,3.916867e-13,3.143864e-16,-1.660482e-19,1.677392e-10
2346,2346.000000,4,5.286438e-12,3.921308e-13,3.143600e-16,1.030601e-19,4.940639e-10
2347,2347.000000,4,4.575895e-12,3.856915e-13,3.143337e-16,-4.693257e-19,-1.766778e-10
2348,2348.000000,4,4.703793e-12,3.732570e-13,3.143073e-16,3.899991e-19,1.204095e-10
2349,2349.000000,4,5.094591e-12,3.854694e-13,3.928511e-16,-1.315978e-19,-1.099889e-10
2350,2350.000000,4,6.927792e-12,3.708145e-13,3.142272e-16,-3.221438e-19,-8.006928e-13
2351,2351.000000,4,6.558309e-12,3.763656e-13,3.142280e-16,-9.808708e-20,-3.811524e-10
2352,2352.000000,4,5.741185e-12,3.870237e-13,3.142016e-16,-1.949731e-19,9.529311e-11
2353,2353.000000,4,5.279333e-12,3.650413e-13,3.141752e-16,-2.078771e-19,9.980416e-11
2354,2354.000000,4,4.810374e-12,3.803624e-13,3.141488e-16,-1.629413e-19,-2.706333e-10
2355,2355.000000,4,4.639844e-12,3.825829e-13,3.141225e-16,4.261469e-19,-6.612355e-11
2356,2356.000000,4,7.808865e-12,3.856915e-13,3.140961e-16,2.931528e-20,4.041758e-10
2357,2357.000000,4,6.998846e-12,3.672618e-13,3.925533e-16,-1.274421e-19,4.609264e-10
2358,2358.000000,4,4.909850e-12,3.863576e-13,3.140436e-16,2.685425e-19,1.467182e-10
2359,2359.000000,4,6.252776e-12,3.863576e-13,3.140173e-16,4.338728e-20,3.210352e-10
2360,2360.000000,4,6.934897e-12,3.714806e-13,3.139911e-16,7.252389e-20,1.782952e-10
2361,2361.000000,4,5.726974e-12,3.961276e-13,3.139649e-16,1.099819e-20,-9.166490e-11
2362,2362.000000,4,7.709389e-12,3.941292e-13,3.139387e-16,-1.358330e-19,-1.733662e-10
2363,2363.000000,4,6.401990e-12,3.719247e-13,3.139126e-16,-4.338066e-19,-3.248877e-10
2364,2364.000000,4,3.964828e-12,3.701484e-13,3.138866e-16,-2.087771e-19,-5.240661e-10
2365,2365.000000,4,3.865352e-12,3.843592e-13,3.138605e-16,3.999352e-19,-1.184559e-10
2366,2366.000000,4,6.131984e-12,3.825829e-13,3.138346e-16,2.888846e-20,-1.276392e-10
2367,2367.000000,4,4.568790e-12,3.863576e-13,3.368475e-16,1.684537e-19,-3.592295e-10
2368,2368.000000,4,5.456968e-12,3.763656e-13,3.137827e-16,-5.530099e-19,7.325518e-11
2369,2369.000000,4,4.149570e-12,3.965717e-13,3.137568e-16,1.141972e-19,1.067266e-10
2370,2370.000000,4,8.412826e-12,3.745892e-13,3.137310e-16,2.301845e-19,7.083112e-10
2371,2371.000000,4,5.215384e-12,3.748113e-13,3.136784e-16,-2.630236e-19,-4.481748e-12
2372,2372.000000,4,5.755396e-12,3.692602e-13,3.136795e-16,4.466775e-22,1.184630e-10
2373,2373.000000,4,5.123013e-12,3.561595e-13,3.136538e-16,2.058422e-19,5.539347e-11
2374,2374.000000,4,7.744916e-12,3.814726e-13,3.136282e-16,-1.364980e-19,2.832969e-10
2375,2375.000000,4,5.108802e-12,3.708145e-13,3.136026e-16,1.556324e-19,4.522294e-11
2376,2376.000000,4,4.654055e-12,3.876899e-13,3.135770e-16,-1.357999e-19,-1.654961e-10
2377,2377.000000,4,7.290168e-12,3.881340e-13,3.135515e-16,3.582751e-19,-7.993917e-11
2378,2378.000000,4,4.177991e-12,3.812506e-13,3.135260e-16,4.771806e-19,1.555556e-11
2379,2379.000000,4,6.139089e-12,3.808065e-13,3.135006e-16,2.206190e-19,-7.251799e-11
2380,2380.000000,4,5.613288e-12,3.550493e-13,3.134752e-16,3.701799e-20,-1.079266e-10
2381,2381.000000,4,8.029133e-12,3.874678e-13,3.134499e-16,-6.398077e-20,-7.554686e-10
2382,2382.000000,4,6.707523e-12,3.990142e-13,3.134246e-16,1.938448e-19,3.898482e-11
2383,2383.000000,4,5.208278e-12,3.610445e-13,3.133993e-16,-7.970051e-20,2.072134e-10
2384,2384.000000,4,6.487255e-12,3.861356e-13,3.133741e-16,2.314782e-20,1.758349e-10
2385,2385.000000,4,5.684342e-12,3.683720e-13,3.916861e-16,-1.146737e-19,8.370415e-11
2386,2386.000000,4,5.599077e-12,3.694822e-13,3.133238e-16,-2.345421e-19,-3.053180e-10
2387,2387.000000,4,5.542233e-12,3.830269e-13,3.132987e-16,2.194676e-20,1.207368e-10
2388,2388.000000,4,5.172751e-12,3.634870e-13,3.132736e-16,-3.358618e-19,-8.416690e-11
2389,2389.000000,4,4.931167e-12,3.639311e-13,3.132486e-16,-4.745370e-20,2.687295e-10
2390,2390.000000,4,6.039613e-12,3.610445e-13,3.132236e-16,-2.779691e-19,8.658230e-11
2391,2391.000000,4,5.123013e-12,3.856915e-13,3.131987e-16,6.012280e-19,-3.312075e-10
2392,2392.000000,4,6.949108e-12,3.668177e-13,3.131738e-16,3.215416e-20,6.066272e-10
2393,2393.000000,4,8.178347e-12,3.652634e-13,3.914362e-16,-2.178463e-19,-2.855587e-10
2394,2394.000000,4,7.268852e-12,3.648193e-13,3.131241e-16,2.629773e-20,3.671730e-11
2395,2395.000000,4,5.428547e-12,3.590461e-13,3.130993e-16,-1.422751e-20,-1.023825e-10
2396,2396.000000,4,5.904610e-12,3.761436e-13,3.130746e-16,2.754644e-19,1.881029e-11
2397,2397.000000,4,9.343637e-12,3.717027e-13,3.912797e-16,4.788052e-20,-3.351999e-10
2398,2398.000000,4,4.419576e-12,3.892442e-13,3.130253e-16,1.873663e-19,8.892709e-11
2399,2399.000000,4,8.789414e-12,4.076739e-13,3.130006e-16,-4.571629e-19,1.626468e-10
2400,2400.000000,4,5.250911e-12,3.652634e-13,3.129761e-16,4.539567e-21,1.418030e-10
2401,2401.000000,4,6.245671e-12,3.552714e-13,3.129515e-16,-6.736559e-21,-1.487543e-10
2402,2402.000000,4,4.732215e-12,3.874678e-13,3.129270e-16,1.488760e-19,3.943823e-11
2403,2403.000000,4,6.963319e-12,3.794742e-13,3.129026e-16,1.029410e-19,6.442624e-11
2404,2404.000000,4,5.670131e-12,3.830269e-13,3.128521e-16,1.810864e-20,-1.897922e-10
2405,2405.000000,4,6.814105e-12,3.774758e-13,3.128537e-16,9.413977e-20,4.266454e-11
2406,2406.000000,4,5.158540e-12,3.705924e-13,3.128033e-16,-8.093135e-21,4.230087e-10
2407,2407.000000,4,4.135359e-12,3.781420e-13,3.354430e-16,-3.950482e-19,-2.751737e-10
2408,2408.000000,4,5.790923e-12,3.896883e-13,3.909434e-16,4.477628e-19,-4.231171e-10
2409,2409.000000,4,4.682477e-12,3.765876e-13,3.127564e-16,2.163574e-19,3.863443e-11
2410,2410.000000,4,5.478284e-12,3.848033e-13,3.127320e-16,2.752228e-19,2.495528e-10
2411,2411.000000,4,5.286438e-12,3.781420e-13,3.127077e-16,4.407218e-20,4.569056e-10
2412,2412.000000,4,6.245671e-12,3.981260e-13,3.126834e-16,5.047456e-20,2.413887e-10
2413,2413.000000,4,4.838796e-12,3.732570e-13,3.126591e-16,-1.816489e-21,-3.817400e-10
2414,2414.000000,4,5.307754e-12,3.912426e-13,3.907609e-16,-2.130519e-19,8.756684e-11
2415,2415.000000,4,4.959588e-12,3.745892e-13,3.126103e-16,2.313459e-20,3.166254e-10
2416,2416.000000,4,4.710898e-12,3.772538e-13,3.125859e-16,8.699955e-20,-6.298828e-11
2417,2417.000000,4,5.108802e-12,3.919087e-13,3.907019e-16,-2.998629e-19,-1.190430e-10
2418,2418.000000,4,4.170886e-12,3.734790e-13,3.125371e-16,-2.431448e-19,9.458967e-11
2419,2419.000000,4,5.989875e-12,3.756995e-13,3.125126e-16,-3.726052e-19,7.534164e-10
2420,2420.000000,4,6.295409e-12,3.783640e-13,3.124881e-16,-2.271405e-19,-4.091896e-10
2421,2421.000000,4,4.249046e-12,3.659295e-13,3.124635e-16,-1.142303e-19,-9.587398e-11
2422,2422.000000,4,6.998846e-12,3.916867e-13,3.124389e-16,3.444711e-20,2.601839e-10
2423,2423.000000,4,6.835421e-12,3.770317e-13,3.124143e-16,-1.569890e-19,-2.075189e-10
2424,2424.000000,4,5.741185e-12,3.828049e-13,3.904544e-16,1.237197e-19,-3.243703e-10
2425,2425.000000,4,5.968559e-12,3.737011e-13,3.123649e-16,1.367760e-19,-7.858514e-11
2426,2426.000000,4,7.652545e-12,3.739231e-13,3.123402e-16,-1.517711e-19,-3.516889e-10
2427,2427.000000,4,4.618528e-12,3.961276e-13,3.123154e-16,1.124271e-19,2.019096e-11
2428,2428.000000,4,5.947243e-12,3.714806e-13,3.122906e-16,1.762490e-19,4.248335e-11
2429,2429.000000,4,7.830181e-12,3.810285e-13,3.122657e-16,-1.652343e-19,-1.123683e-10
2430,2430.000000,4,4.952483e-12,3.721468e-13,3.122408e-16,1.595433e-19,5.676926e-11
2431,2431.000000,4,5.613288e-12,3.863576e-13,3.122158e-16,-1.924849e-19,-9.008350e-11
2432,2432.000000,4,6.806999e-12,3.625988e-13,3.121909e-16,7.528667e-20,-1.439000e-10
2433,2433.000000,4,5.165646e-12,3.774758e-13,3.121658e-16,-3.186300e-20,-3.142238e-10
2434,2434.000000,4,6.821210e-12,3.739231e-13,3.901431e-16,-3.059476e-19,5.655409e-10
2435,2435.000000,4,8.576251e-12,3.683720e-13,3.343905e-16,-3.984231e-19,-6.116463e-10
2436,2436.000000,4,4.661160e-12,3.796963e-13,3.120905e-16,1.458088e-19,-2.067990e-11
2437,2437.000000,4,5.236700e-12,3.954614e-13,3.120653e-16,3.758709e-21,1.483293e-10
2438,2438.000000,4,3.645084e-12,3.834710e-13,3.120401e-16,1.152428e-19,1.124341e-10
2439,2439.000000,4,8.149925e-12,3.588241e-13,3.120148e-16,6.040404e-20,4.044320e-12
2440,2440.000000,4,4.611422e-12,3.566036e-13,3.119895e-16,1.748097e-19,-8.689938e-11
2441,2441.000000,4,4.845901e-12,3.650413e-13,3.119641e-16,-2.799179e-21,1.296314e-10
2442,2442.000000,4,5.272227e-12,3.750333e-13,3.119387e-16,-1.506627e-19,5.782308e-11
2443,2443.000000,4,5.805134e-12,3.685940e-13,3.119133e-16,-2.928517e-19,5.840839e-11
2444,2444.000000,4,5.634604e-12,3.852474e-13,3.118878e-16,1.804313e-19,2.519007e-11
2445,2445.000000,4,4.682477e-12,3.761436e-13,3.118622e-16,2.646184e-19,-1.489080e-10
2446,2446.000000,4,5.414336e-12,3.612666e-13,3.118367e-16,-2.759805e-20,3.757226e-10
2447,2447.000000,4,4.909850e-12,3.579359e-13,3.118111e-16,-1.251359e-19,-6.290346e-11
2448,2448.000000,4,5.798029e-12,3.455014e-13,3.117854e-16,5.412077e-20,-4.132961e-10
2449,2449.000000,4,6.323830e-12,3.852474e-13,3.117598e-16,2.556021e-19,-2.549472e-11
2450,2450.000000,4,7.098322e-12,3.621548e-13,3.117340e-16,2.401537e-19,3.009912e-10
2451,2451.000000,4,5.755396e-12,3.850253e-13,3.117083e-16,-6.577409e-20,2.151470e-10
2452,2452.000000,4,4.661160e-12,3.730349e-13,3.337337e-16,-9.922528e-20,-1.560019e-10
2453,2453.000000,4,5.030643e-12,3.712586e-13,3.116566e-16,-5.860409e-20,4.890088e-11
2454,2454.000000,4,5.634604e-12,3.563816e-13,3.116307e-16,9.796796e-20,1.209459e-10
2455,2455.000000,4,7.872814e-12,3.577139e-13,3.116048e-16,2.482965e-19,3.617218e-10
2456,2456.000000,4,4.881429e-12,3.790301e-13,3.115789e-16,-2.778036e-19,2.290479e-11
2457,2457.000000,4,5.442757e-12,3.690381e-13,3.894078e-16,-3.407653e-20,2.580758e-10
2458,2458.000000,4,9.038104e-12,3.679279e-13,3.115268e-16,5.773390e-20,2.673461e-11
2459,2459.000000,4,4.753531e-12,3.386180e-13,3.115008e-16,-5.246641e-20,-6.997070e-11
2460,2460.000000,4,7.410961e-12,3.768097e-13,3.114747e-16,7.885016e-20,6.281420e-11
2461,2461.000000,4,4.966694e-12,3.881340e-13,3.114485e-16,-1.929018e-19,3.202700e-10
2462,2462.000000,4,6.409095e-12,3.648193e-13,3.333429e-16,-2.664514e-20,-1.211387e-10
2463,2463.000000,4,5.478284e-12,3.756995e-13,3.113961e-16,1.772780e-19,6.425038e-11
2464,2464.000000,4,4.661160e-12,3.623768e-13,3.113699e-16,1.852223e-19,4.324452e-11
2465,2465.000000,4,5.059064e-12,3.488321e-13,3.113168e-16,-4.275200e-20,3.244178e-10
2466,2466.000000,4,4.916956e-12,3.399503e-13,3.113172e-16,-6.365320e-20,-6.199308e-10
2467,2467.000000,4,5.449863e-12,3.557155e-13,3.112909e-16,7.162391e-20,8.181900e-12
2468,2468.000000,4,5.037748e-12,3.796963e-13,3.112378e-16,3.096700e-19,-9.592194e-11
2469,2469.000000,4,5.186962e-12,3.523848e-13,3.112114e-16,3.275404e-19,-4.459886e-10
2470,2470.000000,4,7.574386e-12,3.663736e-13,3.112118e-16,-3.710401e-20,-9.263657e-11
2471,2471.000000,4,5.869083e-12,3.750333e-13,3.111854e-16,3.472173e-20,-2.570397e-10
2472,2472.000000,4,6.409095e-12,3.630429e-13,3.889487e-16,7.224595e-20,3.355183e-10
2473,2473.000000,4,8.157031e-12,3.641532e-13,3.111326e-16,2.745843e-19,3.871987e-10
2474,2474.000000,4,5.286438e-12,3.548273e-13,3.111062e-16,1.741017e-19,5.624390e-11
2475,2475.000000,4,5.705658e-12,3.628209e-13,3.110799e-16,2.584575e-19,-1.684115e-10
2476,2476.000000,4,8.299139e-12,3.801404e-13,3.110535e-16,1.430692e-19,-2.276863e-10
2477,2477.000000,4,4.853007e-12,3.579359e-13,3.887840e-16,-1.003205e-20,-4.588285e-11
2478,2478.000000,4,7.510437e-12,3.603784e-13,3.110009e-16,-2.810660e-19,-4.811285e-10
2479,2479.000000,4,7.027268e-12,3.510525e-13,3.109747e-16,-2.823531e-19,-6.953060e-11
2480,2480.000000,4,4.888534e-12,3.477219e-13,3.109484e-16,-1.103823e-19,4.396945e-10
2481,2481.000000,4,6.139089e-12,3.430589e-13,3.109222e-16,2.209830e-19,-3.087521e-10
2482,2482.000000,4,6.146195e-12,3.450573e-13,3.108960e-16,-3.380290e-19,2.992984e-11
2483,2483.000000,4,5.833556e-12,3.630429e-13,3.325798e-16,-3.501456e-19,3.560117e-10
2484,2484.000000,4,6.465939e-12,3.592682e-13,3.108437e-16,-1.561121e-19,1.865059e-10
2485,2485.000000,4,6.934897e-12,3.574918e-13,3.325068e-16,2.014086e-19,-4.114118e-10
2486,2486.000000,4,6.103562e-12,3.645972e-13,3.107916e-16,-9.838817e-20,1.191380e-10
2487,2487.000000,4,6.615153e-12,3.534950e-13,3.107655e-16,-1.237098e-19,3.785421e-10
2488,2488.000000,4,5.208278e-12,3.601563e-13,3.107395e-16,-2.401669e-19,8.745715e-11
2489,2489.000000,4,5.684342e-12,3.594902e-13,3.107135e-16,-2.097796e-19,-3.060765e-10
2490,2490.000000,4,7.879919e-12,3.508305e-13,3.106876e-16,1.312967e-19,2.239222e-10
2491,2491.000000,4,4.583001e-12,3.754774e-13,3.106617e-16,3.807645e-19,1.104201e-10
2492,2492.000000,4,4.568790e-12,3.548273e-13,3.106094e-16,-1.328882e-19,-1.437082e-10
2493,2493.000000,4,6.458833e-12,3.490541e-13,3.106100e-16,-1.963694e-19,-9.547074e-11
2494,2494.000000,4,4.845901e-12,3.474998e-13,3.105842e-16,-9.423242e-20,1.191447e-11
2495,2495.000000,4,4.440892e-12,3.537171e-13,3.105584e-16,-2.836237e-20,2.059330e-10
2496,2496.000000,4,5.137224e-12,3.521627e-13,3.105327e-16,-5.904746e-20,3.442771e-10
2497,2497.000000,4,7.148060e-12,3.408385e-13,3.105070e-16,-2.806260e-19,-2.526157e-11
2498,2498.000000,4,6.671996e-12,3.599343e-13,3.104813e-16,3.740842e-20,-3.638334e-11
2499,2499.000000,4,4.554579e-12,3.703704e-13,3.104557e-16,6.149592e-20,2.231273e-10
2500,2500.000000,4,7.226220e-12,3.499423e-13,3.104301e-16,1.072522e-19,5.817657e-10
2501,2501.000000,4,5.272227e-12,3.670397e-13,3.104045e-16,4.544332e-19,1.797229e-11
2502,2502.000000,4,5.051959e-12,3.614886e-13,3.103789e-16,-1.672890e-19,5.006440e-10
2503,2503.000000,4,4.440892e-12,3.526068e-13,3.103534e-16,9.893080e-20,-1.682392e-10
2504,2504.000000,4,6.011192e-12,3.639311e-13,3.103279e-16,9.711762e-20,3.831651e-10
2505,2505.000000,4,5.336176e-12,3.539391e-13,3.103025e-16,-1.937389e-19,1.038405e-10
2506,2506.000000,4,4.355627e-12,3.435030e-13,3.102771e-16,-4.364536e-20,1.547882e-10
2507,2507.000000,4,5.584866e-12,3.534950e-13,3.102517e-16,-4.271561e-21,-2.475224e-10
2508,2508.000000,4,5.499601e-12,3.526068e-13,3.102263e-16,-7.351650e-20,-3.614886e-13
2509,2509.000000,4,3.502976e-12,3.552714e-13,3.102010e-16,6.372269e-20,1.460925e-10
2510,2510.000000,4,7.112533e-12,3.694822e-13,3.101757e-16,1.019848e-19,-3.286158e-10
2511,2511.000000,4,7.524648e-12,3.406164e-13,3.101505e-16,-3.117644e-19,-1.327694e-11
2512,2512.000000,4,4.625633e-12,3.561595e-13,3.101253e-16,-2.666665e-19,1.280132e-10
2513,2513.000000,4,5.762502e-12,3.503864e-13,3.101001e-16,2.236531e-19,4.775513e-11
2514,2514.000000,4,7.965184e-12,3.343992e-13,3.315038e-16,-4.209853e-19,-1.067502e-10
2515,2515.000000,4,6.863843e-12,3.321787e-13,3.100498e-16,-2.863931e-19,1.966689e-10
2516,2516.000000,4,4.718004e-12,3.532730e-13,3.100247e-16,-4.802081e-19,2.177067e-10
2517,2517.000000,4,5.847767e-12,3.432810e-13,3.099996e-16,-2.349193e-19,-8.642287e-11
2518,2518.000000,4,6.288303e-12,3.446132e-13,3.099746e-16,8.749917e-20,1.889999e-11
2519,2519.000000,4,4.874323e-12,3.730349e-13,3.099495e-16,8.357171e-20,-3.738281e-10
2520,2520.000000,4,6.757261e-12,3.284040e-13,3.099246e-16,1.018756e-20,2.877032e-10
2521,2521.000000,4,5.599077e-12,3.568257e-13,3.098996e-16,-1.486774e-19,-1.572307e-10
2522,2522.000000,4,4.789058e-12,3.426148e-13,3.312335e-16,-5.074621e-19,-5.381651e-11
2523,2523.000000,4,6.536993e-12,3.488321e-13,3.098498e-16,-1.699393e-19,1.708775e-10
2524,2524.000000,4,5.179857e-12,3.448353e-13,3.098249e-16,-1.466426e-19,-4.879031e-11
2525,2525.000000,4,4.796163e-12,3.501643e-13,3.098001e-16,-1.100746e-19,-6.754464e-11
2526,2526.000000,4,5.258016e-12,3.474998e-13,3.097753e-16,1.093996e-19,-8.015810e-12
2527,2527.000000,4,4.966694e-12,3.743672e-13,3.097505e-16,-8.222506e-20,3.767404e-10
2528,2528.000000,4,5.393019e-12,3.557155e-13,3.871251e-16,5.574536e-20,2.256959e-10
2529,2529.000000,4,8.014922e-12,3.435030e-13,3.097011e-16,1.391450e-19,2.439684e-10
2530,2530.000000,4,8.682832e-12,3.412826e-13,3.096764e-16,-8.233425e-20,1.105187e-10
2531,2531.000000,4,4.583001e-12,3.517187e-13,3.096518e-16,2.880243e-19,-1.184914e-10
2532,2532.000000,4,4.547474e-12,3.299583e-13,3.870341e-16,-3.361331e-20,-2.435758e-10
2533,2533.000000,4,6.160406e-12,3.472778e-13,3.096027e-16,-5.732693e-20,1.228129e-11
2534,2534.000000,4,6.131984e-12,3.430589e-13,3.095783e-16,4.261635e-20,-2.457692e-10
2535,2535.000000,4,8.434142e-12,3.481659e-13,3.095539e-16,5.035876e-20,-5.027490e-11
2536,2536.000000,4,8.078871e-12,3.446132e-13,3.095295e-16,2.960612e-19,-3.697536e-10
2537,2537.000000,4,6.572520e-12,3.415046e-13,3.095052e-16,3.040484e-19,-2.563261e-10
2538,2538.000000,4,6.444623e-12,3.372858e-13,3.094809e-16,9.982416e-20,4.511191e-11
2539,2539.000000,4,5.407230e-12,3.401723e-13,3.094567e-16,7.999498e-20,-2.254450e-10
2540,2540.000000,4,4.831691e-12,3.428369e-13,3.094326e-16,7.313931e-20,-4.862457e-10
2541,2541.000000,4,7.119638e-12,3.410605e-13,3.094085e-16,-1.455044e-19,3.173675e-10
2542,2542.000000,4,5.776712e-12,3.457234e-13,3.093845e-16,6.151908e-20,2.938605e-10
2543,2543.000000,4,7.133849e-12,3.583800e-13,3.305600e-16,-4.022083e-19,1.576277e-10
2544,2544.000000,4,5.087486e-12,3.512746e-13,3.093366e-16,9.769665e-20,2.580491e-10
2545,2545.000000,4,5.066170e-12,3.512746e-13,3.093127e-16,-1.226543e-20,9.763035e-11
2546,2546.000000,4,4.163780e-12,3.437250e-13,3.092889e-16,-9.970504e-20,1.219198e-10
2547,2547.000000,4,5.776712e-12,3.541611e-13,3.092652e-16,1.806695e-19,3.640608e-10
2548,2548.000000,4,5.208278e-12,3.521627e-13,3.304075e-16,-6.921516e-20,1.745071e-10
2549,2549.000000,4,5.428547e-12,3.392842e-13,3.092178e-16,-3.809994e-19,-2.966609e-10
2550,2550.000000,4,6.536993e-12,3.561595e-13,3.091943e-16,-7.734470e-20,6.288925e-11
2551,2551.000000,4,4.689582e-12,3.348433e-13,3.091707e-16,-6.362673e-19,2.349343e-10
2552,2552.000000,4,4.142464e-12,3.419487e-13,3.091473e-16,-2.211550e-20,-1.092602e-10
2553,2553.000000,4,4.831691e-12,3.463896e-13,3.091238e-16,2.144846e-19,-1.755014e-10
2554,2554.000000,4,4.583001e-12,3.355094e-13,3.091005e-16,1.014653e-19,3.264233e-11
2555,2555.000000,4,4.675371e-12,3.446132e-13,3.090772e-16,2.115299e-19,-2.137273e-10
2556,2556.000000,4,5.165646e-12,3.215206e-13,3.090539e-16,2.298536e-19,2.046785e-10
2557,2557.000000,4,6.608047e-12,3.577139e-13,3.090308e-16,-2.060639e-19,-8.928902e-11
2558,2558.000000,4,5.357492e-12,3.403944e-13,3.090076e-16,-2.630666e-19,-1.123630e-10
2559,2559.000000,4,5.300649e-12,3.366196e-13,3.089845e-16,-9.118177e-20,-6.063328e-11
2560,2560.000000,4,4.654055e-12,3.346212e-13,3.089615e-16,-1.957870e-19,-6.201661e-11
2561,2561.000000,4,5.648815e-12,3.346212e-13,3.089385e-16,-1.674875e-19,2.972267e-10
2562,2562.000000,4,5.087486e-12,3.390621e-13,3.089156e-16,-1.134296e-19,-1.735945e-12
2563,2563.000000,4,4.426681e-12,3.472778e-13,3.088928e-16,-5.767103e-20,9.844037e-11
2564,2564.000000,4,5.726974e-12,3.490541e-13,3.088700e-16,-1.160468e-19,-3.093863e-10
2565,2565.000000,4,3.986145e-12,3.368417e-13,3.088472e-16,2.756927e-19,-1.534817e-10
2566,2566.000000,4,5.833556e-12,3.379519e-13,3.298632e-16,-3.823957e-19,-1.606177e-10
2567,2567.000000,4,6.323830e-12,3.281819e-13,3.298314e-16,-2.250361e-19,5.634258e-10
2568,2568.000000,4,4.924061e-12,3.421707e-13,3.087792e-16,-2.699851e-19,4.809504e-10
2569,2569.000000,4,4.909850e-12,3.461675e-13,3.087567e-16,5.755423e-19,-1.942517e-10
2570,2570.000000,4,7.112533e-12,3.501643e-13,3.087342e-16,-3.905616e-20,1.673164e-10
2571,2571.000000,4,5.492495e-12,3.408385e-13,3.087117e-16,7.209706e-20,-1.747757e-11
2572,2572.000000,4,5.819345e-12,3.381739e-13,3.296857e-16,4.058148e-20,6.990408e-11
2573,2573.000000,4,7.048584e-12,3.572698e-13,3.086670e-16,-7.188530e-20,1.334022e-10
2574,2574.000000,4,8.654411e-12,3.455014e-13,3.086447e-16,-2.874618e-19,-4.536673e-10
2575,2575.000000,4,5.186962e-12,3.415046e-13,3.086224e-16,1.766031e-19,-1.985598e-10
2576,2576.000000,4,6.778578e-12,3.539391e-13,3.086002e-16,-3.533153e-19,2.030900e-10
2577,2577.000000,4,5.471179e-12,3.514966e-13,3.085781e-16,1.709385e-19,7.182122e-11
2578,2578.000000,4,4.810374e-12,3.472778e-13,3.085560e-16,1.910225e-19,1.210854e-11
2579,2579.000000,4,4.924061e-12,3.437250e-13,3.085340e-16,-1.266579e-19,-2.443614e-10
2580,2580.000000,4,5.677236e-12,3.248513e-13,3.856399e-16,-1.210000e-19,-3.550951e-10
2581,2581.000000,4,5.464074e-12,3.474998e-13,3.084659e-16,3.953592e-20,-1.673395e-10
2582,2582.000000,4,5.314860e-12,3.488321e-13,3.084681e-16,-2.313359e-19,-2.868550e-11
2583,2583.000000,4,8.284928e-12,3.448353e-13,3.855278e-16,-1.944007e-19,-3.026637e-10
2584,2584.000000,4,6.238565e-12,3.386180e-13,3.084244e-16,1.767850e-19,-4.683973e-10
2585,2585.000000,4,6.529888e-12,3.548273e-13,3.084026e-16,-2.627324e-19,2.708278e-10
2586,2586.000000,4,8.355983e-12,3.652634e-13,3.083809e-16,-1.126852e-19,-1.196914e-10
2587,2587.000000,4,6.806999e-12,3.506084e-13,3.083592e-16,1.822908e-19,-9.812906e-11
2588,2588.000000,4,7.055689e-12,3.599343e-13,3.083376e-16,9.156559e-20,1.418168e-10
2589,2589.000000,4,8.206769e-12,3.543832e-13,3.082920e-16,1.671236e-20,-4.212160e-10
2590,2590.000000,4,7.780443e-12,3.319567e-13,3.082942e-16,1.182306e-19,-1.183342e-10
2591,2591.000000,4,7.553069e-12,3.490541e-13,3.082726e-16,-4.195460e-19,-1.733280e-11
2592,2592.000000,4,4.035883e-12,3.501643e-13,3.082509e-16,1.835911e-19,1.690847e-10
2593,2593.000000,4,7.794654e-12,3.672618e-13,3.082292e-16,-1.854274e-19,3.793157e-10
2594,2594.000000,4,4.725109e-12,3.601563e-13,3.082074e-16,3.708151e-19,3.396963e-10
2595,2595.000000,4,3.915090e-12,3.472778e-13,3.081857e-16,3.895591e-19,-1.426126e-10
2596,2596.000000,4,6.082246e-12,3.546052e-13,3.081639e-16,1.567474e-19,4.733041e-10
2597,2597.000000,4,6.814105e-12,3.652634e-13,3.081180e-16,1.467849e-19,1.766338e-10
2598,2598.000000,4,5.876188e-12,3.601563e-13,3.288649e-16,-8.172214e-20,6.111733e-10
2599,2599.000000,4,7.290168e-12,3.435030e-13,3.080982e-16,-2.687775e-19,2.804357e-10
2600,2600.000000,4,6.252776e-12,3.634870e-13,3.080762e-16,4.011826e-20,1.177516e-10
2601,2601.000000,4,4.973799e-12,3.503864e-13,3.080300e-16,2.762122e-20,-1.289382e-10
2602,2602.000000,4,6.693313e-12,3.432810e-13,3.850099e-16,-4.859521e-20,1.319678e-10
2603,2603.000000,4,4.099832e-12,3.546052e-13,3.080099e-16,1.078577e-19,1.354112e-10
2604,2604.000000,4,5.059064e-12,3.304024e-13,3.079876e-16,2.851490e-19,-3.745986e-10
2605,2605.000000,4,4.853007e-12,3.559375e-13,3.079654e-16,-2.922561e-19,2.029563e-10
2606,2606.000000,4,8.029133e-12,3.672618e-13,3.079430e-16,3.265378e-20,-1.229488e-10
2607,2607.000000,4,5.172751e-12,3.634870e-13,3.079206e-16,-9.950983e-20,5.551670e-10
2608,2608.000000,4,5.044853e-12,3.572698e-13,3.285170e-16,2.745313e-19,4.857181e-11
2609,2609.000000,4,5.556444e-12,3.355094e-13,3.284840e-16,-3.280400e-19,-1.316645e-10
2610,2610.000000,4,5.073275e-12,3.432810e-13,3.078531e-16,4.005275e-19,-2.263634e-10
2611,2611.000000,4,5.151435e-12,3.359535e-13,3.284137e-16,-2.594038e-20,-2.336233e-10
2612,2612.000000,4,5.996981e-12,3.574918e-13,3.078077e-16,2.653595e-21,1.634604e-11
2613,2613.000000,4,5.222489e-12,3.579359e-13,3.077849e-16,-1.368918e-19,6.028067e-12
2614,2614.000000,4,5.947243e-12,3.572698e-13,3.283076e-16,-4.773494e-20,2.794041e-10
2615,2615.000000,4,5.101697e-12,3.597123e-13,3.077392e-16,-1.855201e-20,-2.381877e-10
2616,2616.000000,4,5.385914e-12,3.455014e-13,3.077162e-16,-2.565583e-20,2.380500e-10
2617,2617.000000,4,6.906475e-12,3.532730e-13,3.076932e-16,2.714807e-20,4.150458e-11
2618,2618.000000,4,8.469669e-12,3.559375e-13,3.076701e-16,-3.367320e-19,3.715761e-10
2619,2619.000000,4,8.114398e-12,3.681500e-13,3.076470e-16,1.167417e-19,4.234884e-10
2620,2620.000000,4,5.236700e-12,3.592682e-13,3.076238e-16,-7.097210e-20,2.225540e-10
2621,2621.000000,4,8.370193e-12,3.408385e-13,3.076005e-16,-1.088801e-19,3.339347e-10
2622,2622.000000,4,7.062795e-12,3.288481e-13,3.075771e-16,-2.567833e-19,-3.957918e-10
2623,2623.000000,4,5.528022e-12,3.410605e-13,3.844113e-16,1.545736e-19,-2.072760e-10
2624,2624.000000,4,5.130119e-12,3.474998e-13,3.279500e-16,-3.605449e-19,-8.587753e-10
2625,2625.000000,4,7.396750e-12,3.552714e-13,3.843834e-16,7.889980e-20,3.016294e-10
2626,2626.000000,4,5.677236e-12,3.512746e-13,3.074832e-16,-3.257900e-19,-3.353655e-10
2627,2627.000000,4,4.774847e-12,3.321787e-13,3.074595e-16,-5.769122e-19,1.754010e-10
2628,2628.000000,4,5.215384e-12,3.417266e-13,3.074358e-16,-2.490145e-19,-1.542171e-10
2629,2629.000000,4,9.066525e-12,3.630429e-13,3.277691e-16,2.498449e-19,-2.117746e-10
2630,2630.000000,4,4.874323e-12,3.286260e-13,3.842042e-16,-3.547281e-20,-4.301093e-11
2631,2631.000000,4,6.302514e-12,3.541611e-13,3.073644e-16,-1.209901e-19,3.283707e-10
2632,2632.000000,4,5.108802e-12,3.457234e-13,3.073404e-16,-2.911113e-19,2.249516e-10
2633,2633.000000,4,6.288303e-12,3.412826e-13,3.073164e-16,5.393416e-19,3.123848e-10
2634,2634.000000,4,7.219114e-12,3.461675e-13,3.072923e-16,-5.620858e-20,-4.832668e-11
2635,2635.000000,4,5.485390e-12,3.703704e-13,3.072682e-16,-1.075633e-19,6.046008e-11
2636,2636.000000,4,7.283063e-12,3.395062e-13,3.840238e-16,-8.331032e-20,-5.442358e-11
2637,2637.000000,4,5.563550e-12,3.457234e-13,3.072198e-16,-8.550731e-20,-1.604619e-10
2638,2638.000000,4,4.646949e-12,3.419487e-13,3.071955e-16,1.479727e-19,2.837641e-11
2639,2639.000000,4,5.030643e-12,3.572698e-13,3.071712e-16,-6.895378e-20,-4.129541e-11
2640,2640.000000,4,5.961454e-12,3.326228e-13,3.071468e-16,-3.015239e-19,3.959206e-10
2641,2641.000000,4,4.412470e-12,3.379519e-13,3.071223e-16,-3.176969e-19,-1.080664e-10
2642,2642.000000,4,7.958079e-12,3.421707e-13,3.070978e-16,-1.666372e-19,-4.662404e-11
2643,2643.000000,4,5.869083e-12,3.423928e-13,3.070732e-16,2.474395e-19,-2.088174e-10
2644,2644.000000,4,5.769607e-12,3.221867e-13,3.070486e-16,-1.717227e-19,-3.245963e-10
2645,2645.000000,4,7.894130e-12,3.328449e-13,3.837483e-16,1.392707e-19,4.541909e-10
2646,2646.000000,4,7.709389e-12,3.401723e-13,3.069992e-16,-1.891266e-19,-7.695533e-11
2647,2647.000000,4,4.206413e-12,3.359535e-13,3.069744e-16,1.721594e-19,-4.209628e-10
2648,2648.000000,4,5.123013e-12,3.237410e-13,3.069496e-16,1.334209e-19,1.173430e-10
2649,2649.000000,4,6.465939e-12,3.406164e-13,3.836243e-16,-2.299728e-19,2.892788e-10
2650,2650.000000,4,4.959588e-12,3.297362e-13,3.068999e-16,1.370473e-19,3.591398e-10
2651,2651.000000,4,5.343281e-12,3.512746e-13,3.068750e-16,-1.056806e-19,-4.935474e-10
2652,2652.000000,4,6.203038e-12,3.264056e-13,3.068501e-16,-1.222970e-19,2.757297e-10
2653,2653.000000,4,7.695178e-12,3.255174e-13,3.068252e-16,-1.579783e-19,-1.709877e-11
2654,2654.000000,4,5.975664e-12,3.386180e-13,3.068003e-16,-5.118594e-21,9.394174e-11
2655,2655.000000,4,6.366463e-12,3.337330e-13,3.834376e-16,2.597215e-19,9.435608e-11
2656,2656.000000,4,5.783818e-12,3.343992e-13,3.067505e-16,5.785334e-19,-5.537304e-11
2657,2657.000000,4,5.840661e-12,3.315126e-13,3.067256e-16,2.274548e-19,2.525535e-12
2658,2658.000000,4,5.144329e-12,3.526068e-13,3.067007e-16,2.272166e-19,3.417133e-11
2659,2659.000000,4,1.067235e-11,3.252953e-13,3.066758e-16,8.443860e-21,-2.190839e-10
2660,2660.000000,4,5.179857e-12,3.346212e-13,3.066509e-16,8.229124e-20,2.285701e-10
2661,2661.000000,4,5.329071e-12,3.321787e-13,3.066260e-16,3.472603e-19,-2.319966e-10
2662,2662.000000,4,4.526157e-12,3.148592e-13,3.266076e-16,1.139226e-19,-9.058931e-11
2663,2663.000000,4,6.551204e-12,3.523848e-13,3.065511e-16,6.241706e-19,3.437055e-10
2664,2664.000000,4,9.066525e-12,3.168577e-13,3.065515e-16,-6.584358e-20,-3.321077e-11
2665,2665.000000,4,7.247536e-12,3.330669e-13,3.065266e-16,-1.106205e-19,-9.420464e-12
2666,2666.000000,4,8.768097e-12,3.295142e-13,3.064766e-16,1.594473e-20,-2.498530e-10
2667,2667.000000,4,7.140954e-12,3.506084e-13,3.064771e-16,-3.824023e-19,3.347527e-10
2668,2668.000000,4,8.135714e-12,3.292921e-13,3.830339e-16,-2.840207e-20,-4.949086e-10
2669,2669.000000,4,4.845901e-12,3.375078e-13,3.064275e-16,-9.203542e-20,-1.798859e-10
2670,2670.000000,4,9.180212e-12,3.235190e-13,3.830035e-16,1.261980e-19,4.036318e-10
2671,2671.000000,4,5.634604e-12,3.299583e-13,3.063781e-16,-4.795497e-19,4.527387e-10
2672,2672.000000,4,5.378809e-12,3.241851e-13,3.063534e-16,4.662983e-20,1.209943e-10
2673,2673.000000,4,5.080381e-12,3.430589e-13,3.063287e-16,-1.546265e-19,-1.608553e-10
2674,2674.000000,4,6.806999e-12,3.217426e-13,3.063041e-16,7.047744e-19,1.540434e-10
2675,2675.000000,4,4.391154e-12,3.270717e-13,3.062795e-16,-2.863931e-19,-5.526957e-11
2676,2676.000000,4,7.162271e-12,3.275158e-13,3.062549e-16,-2.089028e-19,2.505836e-10
2677,2677.000000,4,6.743051e-12,3.275158e-13,3.261090e-16,1.001881e-19,6.765433e-11
2678,2678.000000,4,6.195933e-12,3.452794e-13,3.062057e-16,2.267798e-20,3.328577e-10
2679,2679.000000,4,5.584866e-12,3.328449e-13,3.061561e-16,1.154976e-19,1.632068e-10
2680,2680.000000,4,1.005418e-11,3.297362e-13,3.061316e-16,2.761360e-19,-2.604317e-11
2681,2681.000000,4,5.762502e-12,3.181899e-13,3.061321e-16,1.731951e-19,-4.639449e-10
2682,2682.000000,4,6.139089e-12,3.241851e-13,3.060826e-16,-7.584254e-20,-3.139307e-10
2683,2683.000000,4,7.652545e-12,3.184120e-13,3.060832e-16,2.097498e-19,-6.137140e-10
2684,2684.000000,4,6.892265e-12,3.330669e-13,3.060587e-16,-4.349316e-19,1.827178e-10
2685,2685.000000,4,5.030643e-12,3.406164e-13,3.060343e-16,-2.423573e-19,-2.628657e-10
2686,2686.000000,4,4.376943e-12,3.463896e-13,3.060099e-16,-9.617133e-20,2.266969e-10
2687,2687.000000,4,6.004086e-12,3.204104e-13,3.059855e-16,-8.781680e-20,4.718226e-11
2688,2688.000000,4,6.977530e-12,3.190781e-13,3.059362e-16,-9.746173e-20,3.105178e-10
2689,2689.000000,4,5.513812e-12,3.228529e-13,3.059368e-16,9.709115e-20,-6.107466e-10
2690,2690.000000,4,4.270362e-12,3.308465e-13,3.823595e-16,1.612307e-19,2.176397e-10
2691,2691.000000,4,7.297274e-12,3.290701e-13,3.256512e-16,-2.860060e-20,-2.273279e-10
2692,2692.000000,4,4.689582e-12,3.292921e-13,3.823299e-16,1.398465e-19,-1.841363e-10
2693,2693.000000,4,7.922552e-12,3.408385e-13,3.058148e-16,1.032321e-19,1.524900e-10
2694,2694.000000,4,7.652545e-12,3.292921e-13,3.058154e-16,-1.898743e-19,-4.278484e-10
2695,2695.000000,4,5.542233e-12,3.261835e-13,3.057912e-16,-2.266012e-19,2.269847e-10
2696,2696.000000,4,4.909850e-12,3.270717e-13,3.057670e-16,2.479490e-19,1.794680e-10
2697,2697.000000,4,6.835421e-12,3.255174e-13,3.057428e-16,8.676794e-20,2.963252e-10
2698,2698.000000,4,5.016432e-12,3.039791e-13,3.057186e-16,-8.066996e-20,-1.591625e-10
2699,2699.000000,4,5.925926e-12,3.190781e-13,3.056945e-16,-2.176974e-19,-2.397953e-10
2700,2700.000000,4,6.089351e-12,3.297362e-13,3.056703e-16,1.475690e-19,-2.872191e-11
2701,2701.000000,4,5.606182e-12,3.037570e-13,3.056462e-16,1.089562e-19,-2.943397e-10
2702,2702.000000,4,6.117773e-12,3.155254e-13,3.056222e-16,1.616311e-20,-1.303095e-10
2703,2703.000000,4,5.222489e-12,3.195222e-13,3.055981e-16,-3.088792e-19,2.892215e-10
2704,2704.000000,4,5.755396e-12,3.190781e-13,3.055740e-16,2.110965e-20,9.695356e-11
2705,2705.000000,4,6.664891e-12,3.255174e-13,3.055500e-16,-4.570007e-20,-2.079674e-10
2706,2706.000000,4,7.027268e-12,3.124168e-13,3.818766e-16,1.300328e-21,-4.666019e-10
2707,2707.000000,4,5.478284e-12,3.161915e-13,3.055020e-16,9.351773e-20,6.956036e-11
2708,2708.000000,4,7.119638e-12,3.128608e-13,3.054780e-16,3.088262e-19,-2.819585e-10
2709,2709.000000,4,5.968559e-12,3.168577e-13,3.054541e-16,-1.064714e-19,5.025842e-10
2710,2710.000000,4,3.630873e-12,3.266276e-13,3.054302e-16,-2.434161e-19,-2.873253e-10
2711,2711.000000,4,5.215384e-12,3.126388e-13,3.817273e-16,7.148164e-20,3.545786e-11
2712,2712.000000,4,8.334666e-12,3.077538e-13,3.053826e-16,3.137926e-19,-2.143801e-10
2713,2713.000000,4,6.281198e-12,3.228529e-13,3.053588e-16,-5.554121e-19,5.508753e-10
2714,2714.000000,4,4.753531e-12,3.215206e-13,3.053351e-16,2.110336e-19,-9.050005e-11
2715,2715.000000,4,6.593837e-12,3.137490e-13,3.053115e-16,4.864484e-20,-1.579097e-10
2716,2716.000000,4,6.920686e-12,3.186340e-13,3.052879e-16,6.032463e-20,-2.429479e-10
2717,2717.000000,4,7.958079e-12,2.950973e-13,3.815500e-16,-1.568401e-19,6.795586e-11
2718,2718.000000,4,4.298784e-12,3.304024e-13,3.248134e-16,-2.678113e-19,-1.381046e-10
2719,2719.000000,4,6.252776e-12,3.124168e-13,3.051932e-16,2.026725e-19,1.039409e-10
2720,2720.000000,4,6.217249e-12,3.155254e-13,3.051941e-16,-2.085322e-19,2.811684e-10
2721,2721.000000,4,5.464074e-12,3.239631e-13,3.051708e-16,7.689471e-20,-8.953283e-12
2722,2722.000000,4,6.174616e-12,3.204104e-13,3.051476e-16,6.965853e-20,2.542504e-10
2723,2723.000000,4,6.949108e-12,3.195222e-13,3.246685e-16,2.583318e-19,-1.976219e-10
2724,2724.000000,4,3.879563e-12,3.288481e-13,3.051013e-16,2.417948e-19,-2.650982e-10
2725,2725.000000,4,5.925926e-12,3.095302e-13,3.050782e-16,2.122181e-19,-2.056764e-10
2726,2726.000000,4,4.497736e-12,3.177458e-13,3.050553e-16,-3.435182e-19,7.625145e-11
2727,2727.000000,4,7.432277e-12,3.057554e-13,3.050323e-16,3.124195e-19,3.807923e-10
2728,2728.000000,4,4.668266e-12,3.335110e-13,3.245255e-16,-1.485186e-19,7.213341e-12
2729,2729.000000,4,5.499601e-12,3.395062e-13,3.049867e-16,1.884384e-19,3.172476e-10
2730,2730.000000,4,6.835421e-12,3.170797e-13,3.049639e-16,-2.387740e-19,2.438245e-10
2731,2731.000000,4,5.854872e-12,3.264056e-13,3.049174e-16,-1.835778e-19,3.101563e-11
2732,2732.000000,4,7.716494e-12,3.157474e-13,3.049186e-16,1.467518e-19,-2.312226e-10
2733,2733.000000,4,4.604317e-12,3.168577e-13,3.048961e-16,-3.350313e-19,-1.090923e-10
2734,2734.000000,4,8.029133e-12,3.119727e-13,3.048736e-16,2.692341e-19,3.869491e-10
2735,2735.000000,4,5.073275e-12,3.375078e-13,3.048512e-16,-2.735321e-20,7.535714e-10
2736,2736.000000,4,6.956213e-12,3.124168e-13,3.048288e-16,2.454510e-19,6.278813e-10
2737,2737.000000,4,6.842527e-12,3.053113e-13,3.809785e-16,-6.275885e-19,-6.883702e-10
2738,2738.000000,4,5.492495e-12,3.159695e-13,3.809803e-16,4.098514e-20,7.050316e-11
2739,2739.000000,4,4.845901e-12,3.159695e-13,3.047621e-16,-1.567408e-19,1.699147e-10
2740,2740.000000,4,5.790923e-12,3.343992e-13,3.808955e-16,-5.018703e-19,-1.826268e-10
2741,2741.000000,4,7.396750e-12,3.355094e-13,3.047179e-16,3.710070e-20,3.113882e-10
2742,2742.000000,4,4.789058e-12,3.228529e-13,3.046959e-16,-1.391649e-19,7.960477e-11
2743,2743.000000,4,6.146195e-12,3.310685e-13,3.241090e-16,1.051380e-19,9.099654e-11
2744,2744.000000,4,5.918821e-12,3.161915e-13,3.046521e-16,-1.102466e-20,-4.710756e-10
2745,2745.000000,4,9.045209e-12,3.161915e-13,3.046303e-16,1.539218e-20,8.249224e-11
2746,2746.000000,4,5.591971e-12,3.304024e-13,3.046086e-16,4.212467e-19,-5.236322e-10
2747,2747.000000,4,5.314860e-12,3.330669e-13,3.045869e-16,-7.035998e-20,-8.448620e-11
2748,2748.000000,4,5.037748e-12,3.308465e-13,3.045652e-16,1.257348e-19,2.614216e-10
2749,2749.000000,4,5.783818e-12,2.926548e-13,3.045437e-16,5.633762e-20,-6.835061e-10
2750,2750.000000,4,4.170886e-12,3.124168e-13,3.045221e-16,2.998232e-19,2.099152e-10
2751,2751.000000,4,4.803269e-12,2.982059e-13,3.238893e-16,-1.156729e-20,-5.074217e-10
2752,2752.000000,4,5.123013e-12,3.059775e-13,3.044793e-16,-1.838789e-19,-3.530807e-10
2753,2753.000000,4,4.583001e-12,3.108624e-13,3.044348e-16,-8.585142e-20,-2.204503e-10
2754,2754.000000,4,7.055689e-12,3.401723e-13,3.044366e-16,1.571114e-19,1.708820e-10
2755,2755.000000,4,3.737455e-12,3.392842e-13,3.044154e-16,-1.176416e-19,-3.584288e-11
2756,2756.000000,4,6.416201e-12,3.170797e-13,3.804640e-16,7.035998e-20,-1.417924e-10
2757,2757.000000,4,4.696687e-12,3.157474e-13,3.043731e-16,1.280873e-19,6.556231e-10
2758,2758.000000,4,8.228085e-12,3.292921e-13,3.804113e-16,-1.219264e-20,1.372191e-11
2759,2759.000000,4,4.924061e-12,3.155254e-13,3.043081e-16,-5.183445e-20,-2.150204e-10
2760,2760.000000,4,5.890399e-12,2.835510e-13,3.043101e-16,-2.710505e-19,8.812493e-10
2761,2761.000000,4,7.723600e-12,3.288481e-13,3.042892e-16,2.551455e-19,3.492859e-10
2762,2762.000000,4,5.677236e-12,3.255174e-13,3.042684e-16,3.295818e-20,-1.186091e-10
2763,2763.000000,4,5.805134e-12,3.061995e-13,3.235697e-16,-4.309611e-20,2.556422e-10
2764,2764.000000,4,5.655920e-12,3.341771e-13,3.802835e-16,-4.935621e-20,-2.066507e-10
2765,2765.000000,4,4.789058e-12,3.346212e-13,3.041834e-16,-1.844116e-19,-5.509770e-11
2766,2766.000000,4,6.970424e-12,3.181899e-13,3.802035e-16,-1.739859e-19,-1.657670e-10
2767,2767.000000,4,6.359357e-12,3.277378e-13,3.041649e-16,1.159443e-19,4.014744e-11
2768,2768.000000,4,9.087842e-12,3.144152e-13,3.041444e-16,-2.210127e-19,-1.778622e-11
2769,2769.000000,4,5.137224e-12,3.261835e-13,3.041239e-16,-2.799278e-19,9.806689e-11
2770,2770.000000,4,8.029133e-12,3.097522e-13,3.041034e-16,1.830948e-19,-2.338183e-10
2771,2771.000000,4,5.890399e-12,3.244072e-13,3.040830e-16,4.203500e-19,4.801315e-11
2772,2772.000000,4,5.591971e-12,3.073097e-13,3.040626e-16,-1.379340e-19,-2.016107e-10
2773,2773.000000,4,5.449863e-12,3.368417e-13,3.040422e-16,1.202721e-20,-3.227525e-10
2774,2774.000000,4,5.442757e-12,3.177458e-13,3.040219e-16,-2.374273e-19,1.076690e-10
2775,2775.000000,4,5.506706e-12,3.095302e-13,3.040016e-16,-1.863704e-19,8.375034e-11
2776,2776.000000,4,6.117773e-12,3.184120e-13,3.039813e-16,-2.760864e-19,-3.386829e-10
2777,2777.000000,4,7.126744e-12,3.332890e-13,3.039610e-16,4.839007e-20,8.518075e-12
2778,2778.000000,4,4.831691e-12,3.101963e-13,3.039408e-16,-2.903602e-19,1.462355e-10
2779,2779.000000,4,4.760636e-12,3.115286e-13,3.039205e-16,1.419872e-19,-2.568767e-10
2780,2780.000000,4,6.281198e-12,3.608225e-13,3.039003e-16,2.759640e-19,-1.082276e-10
2781,2781.000000,4,6.281198e-12,3.286260e-13,3.038801e-16,3.891488e-19,-1.759388e-10
2782,2782.000000,4,5.513812e-12,3.301803e-13,3.230471e-16,-3.952633e-19,1.248268e-10
2783,2783.000000,4,8.064660e-12,3.241851e-13,3.038398e-16,-1.882994e-19,-2.561302e-10
2784,2784.000000,4,4.789058e-12,3.315126e-13,3.038196e-16,-2.427047e-19,1.615974e-10
2785,2785.000000,4,7.304379e-12,3.150813e-13,3.037995e-16,5.184139e-19,4.118070e-10
2786,2786.000000,4,5.087486e-12,3.115286e-13,3.229366e-16,4.885329e-20,2.571694e-10
2787,2787.000000,4,4.796163e-12,3.168577e-13,3.037593e-16,3.151459e-19,1.997287e-10
2788,2788.000000,4,6.522782e-12,3.173017e-13,3.796460e-16,1.764575e-19,5.427596e-10
2789,2789.000000,4,5.520917e-12,3.006484e-13,3.036967e-16,1.130458e-19,1.894400e-10
2790,2790.000000,4,5.179857e-12,3.246292e-13,3.036990e-16,1.230580e-19,-3.301182e-10
2791,2791.000000,4,4.227729e-12,3.288481e-13,3.036790e-16,6.168484e-19,6.020384e-11
2792,2792.000000,4,6.473044e-12,3.133049e-13,3.036589e-16,1.126719e-19,-2.175176e-10
2793,2793.000000,4,5.300649e-12,3.186340e-13,3.036389e-16,6.938391e-21,8.881029e-11
2794,2794.000000,4,5.840661e-12,3.057554e-13,3.036189e-16,-8.752233e-20,-3.412510e-10
2795,2795.000000,4,4.959588e-12,3.186340e-13,3.794706e-16,2.753552e-19,1.806515e-10
2796,2796.000000,4,7.766232e-12,3.352874e-13,3.035789e-16,-9.761062e-20,4.908007e-10
2797,2797.000000,4,5.762502e-12,3.235190e-13,3.035589e-16,-6.640275e-20,3.454388e-10
2798,2798.000000,4,5.016432e-12,3.155254e-13,3.035389e-16,3.681615e-20,7.051915e-11
2799,2799.000000,4,6.650680e-12,3.368417e-13,3.035189e-16,1.061835e-19,-5.293068e-10
2800,2800.000000,4,6.117773e-12,3.108624e-13,3.034990e-16,-1.710146e-19,-5.266454e-12
2801,2801.000000,4,8.199663e-12,3.237410e-13,3.793209e-16,-5.711186e-20,1.057074e-10
2802,2802.000000,4,7.013057e-12,3.279599e-13,3.034368e-16,-2.436775e-19,-5.737393e-10
2803,2803.000000,4,3.467449e-12,3.139711e-13,3.034392e-16,-1.443596e-20,1.750831e-10
2804,2804.000000,4,6.771472e-12,3.415046e-13,3.034193e-16,9.894734e-20,-1.071552e-10
2805,2805.000000,4,5.883294e-12,3.035350e-13,3.033993e-16,8.272468e-20,6.704504e-11
2806,2806.000000,4,5.357492e-12,3.201883e-13,3.033794e-16,8.137406e-19,-4.762812e-11
2807,2807.000000,4,4.654055e-12,3.297362e-13,3.033596e-16,4.423199e-19,2.152016e-10
2808,2808.000000,4,6.515677e-12,3.055334e-13,3.033397e-16,-8.804180e-20,-1.275513e-10
2809,2809.000000,4,4.931167e-12,2.879919e-13,3.033198e-16,-2.079466e-19,5.713297e-11
2810,2810.000000,4,8.483880e-12,3.310685e-13,3.033000e-16,-1.757428e-19,-4.512475e-10
2811,2811.000000,4,5.819345e-12,3.170797e-13,3.032801e-16,-1.973653e-19,-2.062750e-11
2812,2812.000000,4,5.037748e-12,3.057554e-13,3.032603e-16,6.946497e-19,3.872573e-10
2813,2813.000000,4,5.172751e-12,3.257394e-13,3.032405e-16,9.089391e-20,-3.139462e-10
2814,2814.000000,4,5.577760e-12,3.066436e-13,3.221649e-16,-7.812225e-20,2.363691e-10
2815,2815.000000,4,5.776712e-12,3.232969e-13,3.221375e-16,1.326202e-19,-1.518154e-10
2816,2816.000000,4,4.632739e-12,3.228529e-13,3.031810e-16,6.633757e-19,-2.245533e-10
2817,2817.000000,4,6.878054e-12,3.179679e-13,3.031613e-16,1.376693e-19,-2.352278e-10
2818,2818.000000,4,8.213874e-12,3.139711e-13,3.031415e-16,-9.202219e-20,1.209002e-10
2819,2819.000000,4,6.103562e-12,3.235190e-13,3.031217e-16,-1.342878e-19,1.106790e-10
2820,2820.000000,4,7.588596e-12,3.232969e-13,3.031020e-16,-2.558139e-19,-5.459340e-10
2821,2821.000000,4,4.554579e-12,3.230749e-13,3.030822e-16,-1.802989e-19,-1.305280e-10
2822,2822.000000,4,5.812240e-12,3.375078e-13,3.030625e-16,1.763483e-19,-1.722249e-10
2823,2823.000000,4,4.597212e-12,3.244072e-13,3.030428e-16,-4.782097e-20,5.916689e-11
2824,2824.000000,4,4.803269e-12,3.248513e-13,3.030231e-16,-3.147058e-19,-2.066711e-10
2825,2825.000000,4,4.767742e-12,3.141931e-13,3.030034e-16,9.200895e-20,-3.552958e-10
2826,2826.000000,4,5.933032e-12,3.357314e-13,3.029837e-16,-8.833627e-20,6.390666e-11
2827,2827.000000,4,8.732570e-12,3.284040e-13,3.217997e-16,-1.091746e-19,-8.232615e-11
2828,2828.000000,4,4.618528e-12,3.128608e-13,3.029442e-16,7.917111e-20,1.478524e-10
2829,2829.000000,4,5.861978e-12,3.199663e-13,3.029245e-16,-3.592280e-20,3.090790e-10
2830,2830.000000,4,7.631229e-12,3.266276e-13,3.029048e-16,-1.494219e-20,-2.234160e-10
2831,2831.000000,4,6.522782e-12,3.357314e-13,3.028851e-16,-5.564940e-20,8.047163e-11
2832,2832.000000,4,5.094591e-12,3.179679e-13,3.028653e-16,-3.825082e-19,3.407177e-10
2833,2833.000000,4,6.956213e-12,3.221867e-13,3.028455e-16,-4.283373e-19,1.298250e-10
2834,2834.000000,4,7.851497e-12,3.352874e-13,3.028257e-16,2.964549e-19,2.101821e-10
2835,2835.000000,4,5.506706e-12,3.224088e-13,3.215623e-16,-2.985526e-19,5.652900e-11
2836,2836.000000,4,7.382539e-12,3.266276e-13,3.027860e-16,8.857450e-20,-2.399414e-11
2837,2837.000000,4,6.451728e-12,3.257394e-13,3.027661e-16,7.636531e-21,4.004188e-10
2838,2838.000000,4,6.544099e-12,3.286260e-13,3.027461e-16,-9.453682e-20,-1.514371e-10
2839,2839.000000,4,5.044853e-12,3.337330e-13,3.027261e-16,-4.433093e-19,-1.623448e-10
2840,2840.000000,4,7.126744e-12,3.295142e-13,3.027061e-16,2.596355e-20,-3.849654e-10
2841,2841.000000,4,6.380674e-12,3.206324e-13,3.026860e-16,-5.490825e-20,-2.515259e-10
2842,2842.000000,4,4.035883e-12,3.419487e-13,3.026437e-16,3.121416e-19,1.151306e-10
2843,2843.000000,4,6.082246e-12,3.230749e-13,3.026458e-16,6.963206e-20,2.421685e-10
2844,2844.000000,4,4.384049e-12,3.357314e-13,3.026256e-16,-2.181308e-19,-2.577565e-10
2845,2845.000000,4,5.890399e-12,3.419487e-13,3.026053e-16,-1.101771e-19,-3.189573e-10
2846,2846.000000,4,5.599077e-12,3.177458e-13,3.025850e-16,1.867939e-19,1.534284e-10
2847,2847.000000,4,7.531753e-12,3.341771e-13,3.025647e-16,-2.157320e-19,-2.159628e-10
2848,2848.000000,4,5.400125e-12,3.337330e-13,3.025443e-16,-6.501838e-19,1.555911e-11
2849,2849.000000,4,6.906475e-12,3.135270e-13,3.211357e-16,1.374179e-19,-3.046696e-10
2850,2850.000000,4,6.778578e-12,3.388401e-13,3.025035e-16,2.067654e-19,2.124385e-10
2851,2851.000000,4,6.849632e-12,3.208545e-13,3.024830e-16,-2.218366e-19,-5.510556e-10
2852,2852.000000,4,5.506706e-12,3.308465e-13,3.024624e-16,-5.146387e-20,-4.431833e-11
2853,2853.000000,4,5.321965e-12,3.339551e-13,3.024418e-16,-2.855229e-19,-2.013310e-10
2854,2854.000000,4,5.350387e-12,3.053113e-13,3.209809e-16,1.662137e-19,1.920668e-10
2855,2855.000000,4,5.286438e-12,3.355094e-13,3.024005e-16,2.208638e-19,1.734288e-10
2856,2856.000000,4,4.924061e-12,3.208545e-13,3.023797e-16,3.217666e-19,-2.440039e-10
2857,2857.000000,4,6.743051e-12,3.277378e-13,3.023590e-16,2.001314e-19,-3.522751e-10
2858,2858.000000,4,6.757261e-12,3.199663e-13,3.023381e-16,2.193451e-19,-7.623990e-11
2859,2859.000000,4,4.398260e-12,3.361755e-13,3.023173e-16,2.998794e-19,2.578560e-11
2860,2860.000000,4,6.878054e-12,3.330669e-13,3.022964e-16,9.829222e-20,-9.355317e-11
2861,2861.000000,4,5.854872e-12,3.295142e-13,3.022754e-16,-4.831397e-20,2.804112e-11
2862,2862.000000,4,5.499601e-12,3.264056e-13,3.777897e-16,-3.708780e-19,-2.500129e-10
2863,2863.000000,4,5.812240e-12,3.266276e-13,3.022334e-16,7.465470e-20,-2.194307e-10
2864,2864.000000,4,5.847767e-12,3.133049e-13,3.022123e-16,-1.716598e-19,1.357847e-11
2865,2865.000000,4,5.250911e-12,3.408385e-13,3.021911e-16,-2.931396e-19,1.055085e-10
2866,2866.000000,4,6.842527e-12,3.173017e-13,3.021700e-16,2.416889e-19,-4.759988e-10
2867,2867.000000,4,4.177991e-12,3.281819e-13,3.021260e-16,1.175457e-19,4.000569e-10
2868,2868.000000,4,1.011102e-11,3.210765e-13,3.021275e-16,1.632226e-19,-6.201106e-10
2869,2869.000000,4,7.666756e-12,3.310685e-13,3.021062e-16,6.217420e-20,4.088330e-10
2870,2870.000000,4,4.028777e-12,2.946532e-13,3.204786e-16,1.977855e-19,-3.776495e-10
2871,2871.000000,4,4.881429e-12,3.317346e-13,3.020634e-16,4.990182e-19,1.533502e-10
2872,2872.000000,4,5.258016e-12,3.173017e-13,3.020420e-16,-3.097030e-19,5.285861e-11
2873,2873.000000,4,4.533263e-12,3.341771e-13,3.020205e-16,-2.788922e-20,9.096324e-11
2874,2874.000000,4,5.712764e-12,3.257394e-13,3.019990e-16,-3.545627e-19,5.260685e-10
2875,2875.000000,4,7.219114e-12,3.306244e-13,3.019775e-16,-7.735793e-20,-1.545724e-10
2876,2876.000000,4,5.549339e-12,3.168577e-13,3.019559e-16,-1.799019e-19,-2.697291e-10
2877,2877.000000,4,5.442757e-12,3.270717e-13,3.019342e-16,-2.570348e-19,4.967138e-12
2878,2878.000000,4,5.982770e-12,3.235190e-13,3.019126e-16,5.168224e-20,-2.062572e-10
2879,2879.000000,4,6.139089e-12,3.042011e-13,3.201924e-16,1.986061e-19,2.970384e-10
2880,2880.000000,4,6.465939e-12,3.201883e-13,3.018691e-16,2.294169e-19,2.112550e-10
2881,2881.000000,4,1.030998e-11,3.113065e-13,3.018473e-16,1.387645e-19,5.341461e-11
2882,2882.000000,4,5.165646e-12,2.984279e-13,3.018255e-16,5.228112e-20,-3.739693e-10
2883,2883.000000,4,6.579626e-12,3.070877e-13,3.018036e-16,-1.564893e-19,-1.701026e-10
2884,2884.000000,4,4.334311e-12,3.117506e-13,3.017817e-16,-1.141509e-19,-7.571588e-11
2885,2885.000000,4,6.679102e-12,3.110845e-13,3.017597e-16,-6.425870e-20,-1.530061e-10
2886,2886.000000,4,6.352252e-12,2.990941e-13,3.199806e-16,3.007298e-20,1.080469e-10
2887,2887.000000,4,6.465939e-12,3.028688e-13,3.017158e-16,-2.499177e-19,-1.558513e-10
2888,2888.000000,4,5.279333e-12,3.157474e-13,3.016938e-16,1.019748e-19,4.553802e-10
2889,2889.000000,4,4.547474e-12,2.793321e-13,3.016717e-16,7.597158e-19,-9.481438e-11
2890,2890.000000,4,6.473044e-12,2.819966e-13,3.016497e-16,4.210018e-20,1.191403e-11
2891,2891.000000,4,5.655920e-12,3.164136e-13,3.016277e-16,-2.875677e-19,1.183764e-11
2892,2892.000000,4,6.942003e-12,2.973177e-13,3.016058e-16,3.134882e-19,-2.439138e-10
2893,2893.000000,4,7.609913e-12,3.070877e-13,3.015838e-16,3.282253e-21,6.274092e-12
2894,2894.000000,4,4.682477e-12,3.079759e-13,3.015620e-16,-5.537809e-20,1.445408e-10
2895,2895.000000,4,5.464074e-12,3.008704e-13,3.015172e-16,-2.198315e-20,-5.517897e-11
2896,2896.000000,4,4.185097e-12,2.911005e-13,3.015183e-16,-1.182041e-19,2.522267e-10
2897,2897.000000,4,7.077006e-12,2.937650e-13,3.014966e-16,-1.437640e-20,2.259366e-10
2898,2898.000000,4,7.887024e-12,2.833289e-13,3.196541e-16,-3.030790e-20,-4.038698e-10
2899,2899.000000,4,5.265122e-12,3.048672e-13,3.014533e-16,1.043935e-19,1.937752e-10
2900,2900.000000,4,4.703793e-12,2.873257e-13,3.014317e-16,3.681913e-19,-2.221880e-10
2901,2901.000000,4,8.292034e-12,3.033129e-13,3.014102e-16,-3.028474e-20,4.327054e-10
2902,2902.000000,4,5.080381e-12,3.184120e-13,3.767360e-16,-3.918189e-20,4.163221e-10
2903,2903.000000,4,4.746425e-12,3.030909e-13,3.013674e-16,4.170645e-20,-6.138423e-11
2904,2904.000000,4,6.224354e-12,3.046452e-13,3.013462e-16,1.262377e-19,4.604095e-11
2905,2905.000000,4,5.258016e-12,2.855494e-13,3.013249e-16,3.785973e-19,-2.576019e-10
2906,2906.000000,4,6.380674e-12,2.886580e-13,3.012813e-16,-5.368965e-19,-2.047509e-10
2907,2907.000000,4,6.991741e-12,3.055334e-13,3.012828e-16,-4.381410e-20,-4.295608e-10
2908,2908.000000,4,4.845901e-12,3.068656e-13,3.193961e-16,1.972131e-19,-2.345670e-10
2909,2909.000000,4,1.001155e-11,2.933209e-13,3.193710e-16,3.312362e-20,3.064913e-10
2910,2910.000000,4,5.130119e-12,3.026468e-13,3.193459e-16,-2.277129e-19,-1.718985e-10
2911,2911.000000,4,5.734080e-12,2.953193e-13,3.011993e-16,1.779265e-19,3.927392e-10
2912,2912.000000,4,5.442757e-12,2.922107e-13,3.764733e-16,8.313496e-20,1.737868e-10
2913,2913.000000,4,4.853007e-12,2.986500e-13,3.011580e-16,-4.198967e-19,3.500120e-10
2914,2914.000000,4,7.261747e-12,2.799982e-13,3.011375e-16,7.370179e-20,-1.994662e-10
2915,2915.000000,4,5.279333e-12,2.771117e-13,3.011170e-16,1.768611e-19,-1.341398e-10
2916,2916.000000,4,6.117773e-12,2.948752e-13,3.010967e-16,-3.837986e-19,-4.088507e-10
2917,2917.000000,4,5.300649e-12,2.988720e-13,3.010764e-16,-2.047868e-19,2.179501e-10
2918,2918.000000,4,4.774847e-12,2.937650e-13,3.010562e-16,1.776122e-20,-1.701292e-10
2919,2919.000000,4,5.407230e-12,2.879919e-13,3.010360e-16,-4.247407e-20,-2.682561e-10
2920,2920.000000,4,6.892265e-12,3.048672e-13,3.191002e-16,-5.758997e-19,-2.202678e-10
2921,2921.000000,4,6.252776e-12,2.968736e-13,3.009960e-16,-1.472381e-20,-5.229150e-11
2922,2922.000000,4,6.025402e-12,2.842171e-13,3.009761e-16,-1.783666e-19,2.856284e-10
2923,2923.000000,4,5.513812e-12,2.908784e-13,3.009563e-16,-3.191362e-19,1.934453e-11
2924,2924.000000,4,5.790923e-12,2.946532e-13,3.009148e-16,-7.033351e-20,1.240070e-10
2925,2925.000000,4,5.755396e-12,2.722267e-13,3.009168e-16,5.142747e-20,3.719438e-10
2926,2926.000000,4,5.975664e-12,2.913225e-13,3.008972e-16,1.427515e-19,-2.704335e-10
2927,2927.000000,4,6.423306e-12,2.973177e-13,3.008777e-16,1.197592e-19,-1.278284e-10
2928,2928.000000,4,6.082246e-12,2.893241e-13,3.760458e-16,-2.618556e-19,7.284662e-11
2929,2929.000000,4,6.394885e-12,3.064216e-13,3.008389e-16,2.637416e-19,6.837642e-11
2930,2930.000000,4,7.283063e-12,3.002043e-13,3.008196e-16,8.495807e-20,4.048304e-10
2931,2931.000000,4,6.011192e-12,2.724487e-13,3.188393e-16,-1.460106e-19,-1.121814e-10
2932,2932.000000,4,4.384049e-12,3.113065e-13,3.007812e-16,6.304771e-20,1.184999e-10
2933,2933.000000,4,7.347012e-12,2.833289e-13,3.007622e-16,3.937314e-19,-1.700169e-10
2934,2934.000000,4,6.224354e-12,3.106404e-13,3.007432e-16,6.153893e-20,-1.474900e-10
2935,2935.000000,4,7.709389e-12,2.968736e-13,3.007242e-16,-1.148424e-19,6.525447e-12
2936,2936.000000,4,4.945377e-12,2.908784e-13,3.006841e-16,1.210860e-19,-5.719794e-10
2937,2937.000000,4,6.217249e-12,2.937650e-13,3.006866e-16,4.327346e-19,-7.142420e-11
2938,2938.000000,4,5.250911e-12,2.986500e-13,3.006678e-16,-1.062067e-19,-2.865130e-11
2939,2939.000000,4,5.918821e-12,3.010925e-13,3.006492e-16,7.354959e-20,-3.110845e-11
2940,2940.000000,4,8.526513e-12,2.924327e-13,3.006306e-16,3.582519e-19,7.558487e-11
2941,2941.000000,4,5.677236e-12,3.188561e-13,3.006121e-16,4.024498e-19,3.417484e-10
2942,2942.000000,4,6.906475e-12,2.970957e-13,3.757158e-16,2.861052e-20,7.220722e-10
2943,2943.000000,4,5.805134e-12,2.993161e-13,3.185614e-16,1.054357e-19,-1.528719e-10
2944,2944.000000,4,6.522782e-12,3.022027e-13,3.005570e-16,3.604721e-19,4.602247e-10
2945,2945.000000,4,5.165646e-12,3.133049e-13,3.756473e-16,-2.401636e-19,1.844063e-10
2946,2946.000000,4,4.511946e-12,3.195222e-13,3.005206e-16,1.238653e-19,-1.672973e-11
2947,2947.000000,4,4.305889e-12,2.944311e-13,3.005025e-16,2.907374e-20,4.943912e-11
2948,2948.000000,4,3.836931e-12,2.908784e-13,3.004845e-16,-3.452917e-19,-1.060756e-10
2949,2949.000000,4,8.036238e-12,2.915446e-13,3.004665e-16,1.922368e-19,1.956324e-10
2950,2950.000000,4,5.137224e-12,3.115286e-13,3.004485e-16,-8.780688e-20,-4.408061e-10
2951,2951.000000,4,7.176482e-12,3.090861e-13,3.004306e-16,3.259555e-19,3.971143e-10
2952,2952.000000,4,6.146195e-12,3.212985e-13,3.183378e-16,8.642383e-21,-1.549174e-10
2953,2953.000000,4,5.705658e-12,3.219647e-13,3.003948e-16,-1.589709e-19,-5.444174e-10
2954,2954.000000,4,4.447998e-12,3.035350e-13,3.003769e-16,-1.050222e-19,-1.558274e-10
2955,2955.000000,4,8.313350e-12,3.126388e-13,3.003591e-16,-1.592124e-19,-4.450067e-10
2956,2956.000000,4,6.629364e-12,3.230749e-13,3.003412e-16,1.231109e-19,7.051422e-10
2957,2957.000000,4,5.762502e-12,3.006484e-13,3.753783e-16,-1.009789e-19,-3.004708e-11
2958,2958.000000,4,6.835421e-12,3.157474e-13,3.003056e-16,-2.383968e-19,4.079834e-10
2959,2959.000000,4,6.863843e-12,2.848832e-13,3.002878e-16,-2.092436e-19,-2.714975e-10
2960,2960.000000,4,5.499601e-12,3.101963e-13,3.002700e-16,-5.033229e-20,1.716631e-10
2961,2961.000000,4,6.330936e-12,3.159695e-13,3.002521e-16,1.594374e-19,3.264651e-10
2962,2962.000000,4,5.826450e-12,3.035350e-13,3.002343e-16,-4.024796e-19,-2.202256e-10
2963,2963.000000,4,5.023537e-12,3.053113e-13,3.002165e-16,1.248811e-19,-3.313438e-11
2964,2964.000000,4,7.425172e-12,3.124168e-13,3.752225e-16,-8.577532e-20,-3.811840e-11
2965,2965.000000,4,7.517542e-12,2.993161e-13,3.001809e-16,-6.776925e-20,2.986456e-11
2966,2966.000000,4,6.160406e-12,3.141931e-13,3.001631e-16,4.610804e-19,2.700737e-10
2967,2967.000000,4,5.201173e-12,3.270717e-13,3.751816e-16,2.592252e-19,-4.175105e-11
2968,2968.000000,4,6.892265e-12,3.153033e-13,3.179317e-16,1.847690e-19,3.958713e-10
2969,2969.000000,4,8.299139e-12,3.079759e-13,3.001096e-16,1.443662e-19,4.204024e-10
2970,2970.000000,4,8.448353e-12,3.059775e-13,3.178803e-16,2.892948e-19,4.109237e-10
2971,2971.000000,4,5.968559e-12,2.955414e-13,3.000739e-16,-1.402402e-19,5.025038e-10
2972,2972.000000,4,4.916956e-12,3.084200e-13,3.000354e-16,-9.097663e-20,-8.534018e-11
2973,2973.000000,4,6.075140e-12,2.970957e-13,3.000175e-16,-2.910054e-19,-2.645573e-11
2974,2974.000000,4,6.458833e-12,3.228529e-13,3.749996e-16,2.619185e-19,-8.123990e-11
2975,2975.000000,4,6.757261e-12,3.046452e-13,3.000025e-16,-1.910556e-19,5.636380e-12
2976,2976.000000,4,6.188827e-12,3.153033e-13,3.749549e-16,-1.572470e-19,-8.398438e-11
2977,2977.000000,4,7.858603e-12,3.010925e-13,2.999667e-16,5.575859e-20,1.338911e-10
2978,2978.000000,4,6.885159e-12,3.057554e-13,2.999488e-16,1.710841e-19,2.132019e-10
2979,2979.000000,4,7.368328e-12,3.141931e-13,2.999309e-16,-1.429897e-19,2.036691e-10
2980,2980.000000,4,5.265122e-12,3.048672e-13,2.999129e-16,-2.350053e-19,2.913740e-10
2981,2981.000000,4,6.593837e-12,3.017586e-13,2.998950e-16,-3.332214e-20,-1.714957e-10
2982,2982.000000,4,9.528378e-12,3.084200e-13,2.998771e-16,-4.954812e-20,3.725775e-11
2983,2983.000000,4,8.157031e-12,3.033129e-13,2.998591e-16,-2.160596e-20,4.242078e-10
2984,2984.000000,4,5.513812e-12,3.084200e-13,2.998412e-16,-1.834124e-19,-2.060352e-11
2985,2985.000000,4,7.013057e-12,2.977618e-13,2.998232e-16,9.879183e-20,-3.180927e-10
2986,2986.000000,4,5.080381e-12,3.077538e-13,2.998052e-16,3.290127e-19,-3.260032e-10
2987,2987.000000,4,5.236700e-12,3.232969e-13,3.174429e-16,-4.902534e-20,2.573870e-10
2988,2988.000000,4,5.570655e-12,2.897682e-13,2.997692e-16,-1.193886e-19,3.821889e-10
2989,2989.000000,4,6.068035e-12,3.164136e-13,2.997512e-16,-6.120475e-20,4.653624e-10
2990,2990.000000,4,6.203038e-12,3.153033e-13,2.997125e-16,2.270776e-20,2.971192e-10
2991,2991.000000,4,6.188827e-12,3.110845e-13,2.997152e-16,2.385291e-19,4.224803e-10
2992,2992.000000,4,4.760636e-12,2.977618e-13,2.996972e-16,-5.846513e-21,3.354201e-10
2993,2993.000000,4,6.544099e-12,2.846612e-13,2.996792e-16,5.087161e-20,-4.921121e-10
2994,2994.000000,4,6.295409e-12,3.033129e-13,3.745505e-16,2.419007e-19,-4.252620e-10
2995,2995.000000,4,6.338041e-12,3.024248e-13,2.996223e-16,-3.482133e-19,9.566348e-11
2996,2996.000000,4,8.682832e-12,2.928768e-13,2.996250e-16,1.345161e-19,3.117413e-10
2997,2997.000000,4,4.199308e-12,3.159695e-13,2.996069e-16,-1.064714e-19,3.401963e-10
2998,2998.000000,4,8.164136e-12,3.099743e-13,2.995889e-16,1.263336e-19,2.559233e-10
2999,2999.000000,4,7.531753e-12,3.064216e-13,2.995708e-16,4.467106e-20,-1.545506e-10
3000,3000.000000,4,6.451728e-12,3.133049e-13,2.995320e-16,9.443756e-20,-1.093161e-10
3001,3001.000000,4,9.379164e-12,3.064216e-13,3.744182e-16,-7.621047e-19,-1.072635e-10
3002,3002.000000,4,6.195933e-12,3.212985e-13,3.170533e-16,2.102528e-19,-4.754104e-10
3003,3003.000000,4,6.608047e-12,3.164136e-13,2.994983e-16,-4.242775e-20,-1.874456e-11
3004,3004.000000,4,5.513812e-12,3.115286e-13,2.994802e-16,2.957435e-19,3.497829e-10
3005,3005.000000,4,5.776712e-12,3.042011e-13,2.994621e-16,-1.196136e-19,3.137002e-11
3006,3006.000000,4,7.631229e-12,3.177458e-13,3.742790e-16,-2.611906e-20,-3.378613e-10
3007,3007.000000,4,4.476419e-12,2.784439e-13,2.994258e-16,1.659622e-19,3.301421e-10
3008,3008.000000,4,6.721734e-12,3.093081e-13,3.742337e-16,-2.591722e-20,-3.814886e-10
3009,3009.000000,4,7.489120e-12,3.017586e-13,3.168771e-16,1.860098e-19,-3.078404e-10
3010,3010.000000,4,5.961454e-12,2.977618e-13,2.993714e-16,1.708293e-20,1.892317e-10
3011,3011.000000,4,5.357492e-12,2.886580e-13,2.993533e-16,5.952392e-21,-8.694157e-11
3012,3012.000000,4,5.428547e-12,2.953193e-13,2.993351e-16,-3.466747e-19,3.242309e-10
3013,3013.000000,4,8.171241e-12,3.024248e-13,2.993170e-16,3.746367e-19,-1.893139e-10
3014,3014.000000,4,6.984635e-12,3.090861e-13,2.992989e-16,3.383830e-19,-5.603074e-11
3015,3015.000000,4,5.918821e-12,3.124168e-13,2.992809e-16,5.448539e-19,2.708211e-10
3016,3016.000000,4,7.389644e-12,2.939871e-13,2.992628e-16,1.621307e-19,-1.518479e-10
3017,3017.000000,4,5.364598e-12,2.988720e-13,2.992448e-16,-5.364101e-20,-2.205702e-11
3018,3018.000000,4,6.252776e-12,2.937650e-13,3.740334e-16,1.885773e-19,2.902150e-10
3019,3019.000000,4,4.583001e-12,3.115286e-13,2.992087e-16,2.440944e-19,-3.468852e-10
3020,3020.000000,4,5.954348e-12,2.939871e-13,3.739627e-16,-2.316801e-19,-1.191816e-10
3021,3021.000000,4,5.528022e-12,3.066436e-13,2.991728e-16,3.931292e-19,-1.091767e-10
3022,3022.000000,4,4.924061e-12,2.919887e-13,2.991549e-16,1.882994e-20,-9.443779e-11
3023,3023.000000,4,6.544099e-12,2.928768e-13,2.991369e-16,-1.004462e-19,1.996927e-10
3024,3024.000000,4,6.068035e-12,2.993161e-13,3.738731e-16,-1.614789e-19,4.827738e-11
3025,3025.000000,4,6.281198e-12,2.939871e-13,2.991012e-16,-1.656082e-19,5.037393e-11
3026,3026.000000,4,6.245671e-12,2.919887e-13,2.990833e-16,-7.297387e-20,9.013545e-11
3027,3027.000000,4,5.108802e-12,2.884359e-13,2.990655e-16,-3.974768e-20,2.635754e-10
3028,3028.000000,4,5.876188e-12,2.857714e-13,2.990477e-16,2.446900e-19,8.190870e-11
3029,3029.000000,4,6.423306e-12,3.026468e-13,3.737619e-16,1.051380e-19,-3.518905e-10
3030,3030.000000,4,3.758771e-12,2.875478e-13,2.990122e-16,-1.527902e-19,1.011395e-10
3031,3031.000000,4,5.790923e-12,2.948752e-13,2.989945e-16,-2.538088e-19,3.225029e-10
3032,3032.000000,4,5.428547e-12,2.819966e-13,2.989768e-16,-2.921933e-19,-1.467777e-10
3033,3033.000000,4,5.563550e-12,2.979839e-13,2.989591e-16,-1.266910e-20,3.233862e-10
3034,3034.000000,4,5.897505e-12,2.728928e-13,2.989415e-16,4.965896e-19,-1.796807e-10
3035,3035.000000,4,5.641709e-12,2.975398e-13,2.989239e-16,8.034240e-20,1.745901e-10
3036,3036.000000,4,5.734080e-12,3.013145e-13,2.989063e-16,4.200622e-19,-1.539582e-10
3037,3037.000000,4,6.330936e-12,2.964295e-13,3.161957e-16,1.652310e-19,-6.657652e-11
3038,3038.000000,4,5.741185e-12,2.962075e-13,2.988712e-16,-3.553105e-19,-1.238387e-11
3039,3039.000000,4,5.542233e-12,2.997602e-13,2.988536e-16,2.605553e-19,8.646506e-11
3040,3040.000000,4,5.194067e-12,2.937650e-13,2.988361e-16,1.134627e-19,1.049649e-10
3041,3041.000000,4,7.233325e-12,2.742251e-13,2.988187e-16,6.703472e-20,8.109931e-10
3042,3042.000000,4,5.819345e-12,2.953193e-13,2.988012e-16,-2.181110e-20,-2.129275e-10
3043,3043.000000,4,4.945377e-12,3.137490e-13,2.987838e-16,-2.410735e-19,3.238068e-10
3044,3044.000000,4,6.600942e-12,2.904343e-13,3.734327e-16,-1.359190e-19,-6.094414e-11
3045,3045.000000,4,6.650680e-12,2.835510e-13,2.987490e-16,-2.455899e-19,-3.736802e-10
3046,3046.000000,4,8.405721e-12,2.953193e-13,2.987317e-16,2.993864e-19,-2.795950e-10
3047,3047.000000,4,4.668266e-12,2.966516e-13,2.987144e-16,3.541326e-20,6.296341e-11
3048,3048.000000,4,8.597567e-12,3.084200e-13,2.986971e-16,-1.318658e-19,2.349791e-10
3049,3049.000000,4,4.909850e-12,2.793321e-13,2.986798e-16,-1.850866e-19,-2.462204e-10
3050,3050.000000,4,5.968559e-12,2.953193e-13,2.986626e-16,4.377109e-20,3.030243e-11
3051,3051.000000,4,5.449863e-12,2.977618e-13,2.986454e-16,-3.160492e-19,7.753886e-11
3052,3052.000000,4,6.330936e-12,2.791101e-13,3.732852e-16,-3.801987e-19,-2.752025e-10
3053,3053.000000,4,5.286438e-12,2.804423e-13,2.986110e-16,1.233525e-19,6.103029e-11
3054,3054.000000,4,5.478284e-12,3.061995e-13,3.732173e-16,-2.867173e-19,-3.604019e-10
3055,3055.000000,4,4.710898e-12,2.922107e-13,2.985768e-16,4.251113e-19,-1.257310e-10
3056,3056.000000,4,4.902745e-12,2.862155e-13,2.985597e-16,-8.670176e-20,-3.418426e-10
3057,3057.000000,4,6.302514e-12,2.797762e-13,3.731532e-16,3.319641e-20,5.801817e-10
3058,3058.000000,4,4.959588e-12,2.904343e-13,2.985256e-16,-2.425757e-19,-3.039120e-10
3059,3059.000000,4,4.625633e-12,2.908784e-13,3.156769e-16,9.895396e-20,1.315992e-10
3060,3060.000000,4,5.343281e-12,2.873257e-13,2.984716e-16,-5.414989e-19,-9.740342e-11
3061,3061.000000,4,6.551204e-12,2.997602e-13,2.984746e-16,5.878938e-20,2.129985e-10
3062,3062.000000,4,5.989875e-12,3.075318e-13,2.984576e-16,-3.719335e-20,4.196719e-10
3063,3063.000000,4,8.583356e-12,3.115286e-13,2.984407e-16,8.448492e-20,1.757718e-10
3064,3064.000000,4,7.361223e-12,3.104184e-13,2.984238e-16,2.247582e-19,6.076331e-10
3065,3065.000000,4,7.226220e-12,3.259615e-13,2.984069e-16,1.504178e-19,2.909699e-10
3066,3066.000000,4,5.037748e-12,3.059775e-13,2.983701e-16,-3.435678e-19,3.459140e-10
3067,3067.000000,4,7.290168e-12,3.272937e-13,2.983732e-16,4.453176e-19,-2.944902e-10
3068,3068.000000,4,6.650680e-12,3.059775e-13,2.983563e-16,-1.907942e-19,2.163048e-10
3069,3069.000000,4,4.888534e-12,3.212985e-13,3.154191e-16,-1.742009e-19,-4.640364e-10
3070,3070.000000,4,6.977530e-12,2.913225e-13,2.983226e-16,-1.391980e-19,-1.591749e-11
3071,3071.000000,4,6.593837e-12,3.077538e-13,2.983057e-16,4.081011e-19,-1.316853e-10
3072,3072.000000,4,7.318590e-12,3.024248e-13,2.982887e-16,-1.088338e-19,6.302616e-10
3073,3073.000000,4,5.407230e-12,3.135270e-13,2.982717e-16,1.048700e-19,3.442624e-10
3074,3074.000000,4,4.590106e-12,3.284040e-13,2.982547e-16,4.417144e-20,-1.933196e-10
3075,3075.000000,4,6.515677e-12,3.084200e-13,3.152517e-16,1.801864e-19,4.181460e-10
3076,3076.000000,4,5.918821e-12,3.042011e-13,2.982204e-16,6.633989e-20,4.869616e-11
3077,3077.000000,4,3.893774e-12,2.959855e-13,2.982032e-16,1.771920e-19,-1.620566e-10
3078,3078.000000,4,6.778578e-12,3.268497e-13,2.981859e-16,-2.011042e-20,-3.747820e-10
3079,3079.000000,4,4.384049e-12,3.119727e-13,3.726855e-16,1.530946e-19,-1.222564e-10
3080,3080.000000,4,7.396750e-12,3.150813e-13,2.981511e-16,-3.000350e-20,-1.228435e-10
3081,3081.000000,4,6.942003e-12,2.955414e-13,2.981336e-16,-1.472282e-19,-5.807559e-10
3082,3082.000000,4,6.878054e-12,3.086420e-13,2.981160e-16,-1.306482e-19,-3.857732e-10
3083,3083.000000,4,4.831691e-12,3.101963e-13,3.726229e-16,2.233321e-19,3.891909e-11
3084,3084.000000,4,6.927792e-12,3.077538e-13,2.980805e-16,7.004896e-20,2.217178e-10
3085,3085.000000,4,5.982770e-12,3.042011e-13,2.980627e-16,3.559821e-19,4.318430e-10
3086,3086.000000,4,4.405365e-12,3.024248e-13,2.980448e-16,-1.714679e-19,-1.392397e-11
3087,3087.000000,4,5.975664e-12,3.157474e-13,2.980268e-16,1.145149e-20,-3.448757e-10
3088,3088.000000,4,6.870948e-12,3.104184e-13,2.980087e-16,-1.485749e-19,-1.783453e-10
3089,3089.000000,4,1.067235e-11,3.195222e-13,2.979905e-16,-3.908825e-19,3.259988e-10
3090,3090.000000,4,6.124878e-12,2.917666e-13,2.979722e-16,6.483442e-20,-1.577649e-10
3091,3091.000000,4,5.087486e-12,3.228529e-13,2.979538e-16,-6.647223e-20,-1.011911e-10
3092,3092.000000,4,5.975664e-12,2.957634e-13,3.723934e-16,-2.315841e-19,-1.453726e-11
3093,3093.000000,4,6.146195e-12,3.101963e-13,2.979168e-16,4.911633e-19,2.328240e-10
3094,3094.000000,4,7.325696e-12,3.077538e-13,3.723728e-16,5.117171e-19,1.721987e-10
3095,3095.000000,4,6.124878e-12,3.022027e-13,2.978795e-16,-4.888307e-20,2.637512e-10
3096,3096.000000,4,7.233325e-12,3.241851e-13,2.978607e-16,-9.070863e-20,-1.494325e-10
3097,3097.000000,4,8.256507e-12,3.252953e-13,3.145981e-16,5.558985e-19,-1.142562e-10
3098,3098.000000,4,7.020162e-12,3.190781e-13,2.978019e-16,5.145593e-19,-1.386389e-10
3099,3099.000000,4,7.965184e-12,3.155254e-13,2.978038e-16,-6.750786e-20,4.153522e-10
3100,3100.000000,4,4.632739e-12,3.019807e-13,2.977846e-16,4.073368e-19,-9.715428e-11
3101,3101.000000,4,7.062795e-12,2.928768e-13,2.977654e-16,3.912564e-19,-1.003224e-10
3102,3102.000000,4,6.679102e-12,2.997602e-13,2.977460e-16,-1.574422e-19,6.876171e-10
3103,3103.000000,4,4.860112e-12,3.113065e-13,2.977266e-16,-9.421918e-20,1.426153e-10
3104,3104.000000,4,7.069900e-12,3.188561e-13,2.977071e-16,3.710401e-20,-5.895862e-11
3105,3105.000000,4,7.297274e-12,2.855494e-13,2.976875e-16,3.136139e-19,-1.304574e-10
3106,3106.000000,4,5.670131e-12,3.053113e-13,2.976679e-16,5.064066e-19,-1.835998e-11
3107,3107.000000,4,4.959588e-12,3.115286e-13,2.976481e-16,-3.075193e-19,-1.286260e-11
3108,3108.000000,4,5.719869e-12,3.024248e-13,3.142530e-16,-5.325786e-19,-2.841296e-10
3109,3109.000000,4,6.082246e-12,3.006484e-13,2.976084e-16,3.115228e-19,-1.571645e-10
3110,3110.000000,4,6.664891e-12,3.161915e-13,2.975884e-16,2.649228e-19,-1.436722e-10
3111,3111.000000,4,7.020162e-12,3.146372e-13,2.975683e-16,-1.698533e-19,-3.211054e-10
3112,3112.000000,4,4.746425e-12,2.877698e-13,2.975481e-16,-1.121260e-19,-1.034484e-10
3113,3113.000000,4,8.348877e-12,3.081979e-13,2.975278e-16,3.934170e-19,3.515721e-10
3114,3114.000000,4,6.103562e-12,2.993161e-13,2.975075e-16,-3.262036e-19,-2.922547e-10
3115,3115.000000,4,7.645440e-12,2.879919e-13,3.140319e-16,2.081517e-19,9.893641e-11
3116,3116.000000,4,5.293543e-12,3.106404e-13,2.974666e-16,1.566680e-19,-2.733942e-10
3117,3117.000000,4,4.966694e-12,3.275158e-13,2.974460e-16,-4.865476e-20,-1.278351e-10
3118,3118.000000,4,5.357492e-12,3.153033e-13,2.974253e-16,-1.619190e-19,-2.777285e-10
3119,3119.000000,4,5.208278e-12,3.017586e-13,2.974046e-16,-4.582713e-19,8.989520e-11
3120,3120.000000,4,7.325696e-12,3.155254e-13,3.717025e-16,1.799680e-19,3.818990e-11
3121,3121.000000,4,5.407230e-12,3.101963e-13,2.973629e-16,-3.869220e-20,-1.505134e-10
3122,3122.000000,4,8.114398e-12,2.784439e-13,2.973419e-16,-2.208539e-19,-2.126788e-10
3123,3123.000000,4,7.126744e-12,3.075318e-13,3.716510e-16,5.028332e-19,-7.081891e-12
3124,3124.000000,4,4.412470e-12,3.010925e-13,2.972997e-16,-2.284441e-19,3.237099e-11
3125,3125.000000,4,5.741185e-12,2.799982e-13,2.972785e-16,-4.147914e-19,-1.371747e-11
3126,3126.000000,4,4.632739e-12,2.933209e-13,2.972572e-16,-4.860513e-21,-1.102389e-10
3127,3127.000000,4,6.508571e-12,2.915446e-13,3.715173e-16,-1.672956e-19,-5.253331e-10
3128,3128.000000,4,6.046719e-12,2.751133e-13,3.136306e-16,1.641987e-19,-1.129896e-10
3129,3129.000000,4,7.212009e-12,2.922107e-13,2.971930e-16,5.915996e-21,-1.260156e-10
3130,3130.000000,4,5.350387e-12,2.837730e-13,2.971716e-16,1.049064e-19,-1.398792e-11
3131,3131.000000,4,9.620749e-12,3.101963e-13,2.971501e-16,-1.763781e-19,-1.143166e-10
3132,3132.000000,4,4.689582e-12,3.075318e-13,2.971285e-16,-2.637217e-19,-8.380630e-11
3133,3133.000000,4,5.819345e-12,2.755574e-13,2.971070e-16,-1.957870e-19,-1.253735e-10
3134,3134.000000,4,5.336176e-12,2.924327e-13,3.134576e-16,-1.649729e-20,-1.746190e-10
3135,3135.000000,4,9.194423e-12,2.888800e-13,2.970640e-16,3.075193e-19,-8.018031e-12
3136,3136.000000,4,6.210144e-12,2.784439e-13,2.970424e-16,-1.588485e-19,-2.748646e-11
3137,3137.000000,4,5.172751e-12,2.846612e-13,2.970209e-16,-1.875318e-19,-4.535678e-10
3138,3138.000000,4,5.684342e-12,2.937650e-13,3.133477e-16,1.687647e-19,6.465761e-11
3139,3139.000000,4,5.996981e-12,2.795542e-13,3.711949e-16,-1.992149e-19,6.457501e-11
3140,3140.000000,4,6.600942e-12,2.868816e-13,2.969565e-16,-3.071785e-19,-6.299006e-11
3141,3141.000000,4,6.167511e-12,2.975398e-13,2.969351e-16,3.175778e-19,1.717089e-10
3142,3142.000000,4,6.949108e-12,2.917666e-13,2.969137e-16,-7.576644e-20,-4.557164e-10
3143,3143.000000,4,6.018297e-12,2.600142e-13,2.968923e-16,3.761290e-19,1.641514e-10
3144,3144.000000,4,6.998846e-12,2.842171e-13,3.131831e-16,-4.632542e-19,-2.595679e-10
3145,3145.000000,4,9.670487e-12,2.779998e-13,2.968497e-16,3.117247e-19,4.761342e-10
3146,3146.000000,4,5.123013e-12,2.842171e-13,2.968284e-16,1.017432e-20,-3.634768e-10
3147,3147.000000,4,5.883294e-12,2.915446e-13,2.968072e-16,2.115266e-19,-1.424172e-10
3148,3148.000000,4,6.117773e-12,2.833289e-13,2.967860e-16,4.564713e-20,5.114265e-11
3149,3149.000000,4,4.973799e-12,2.930989e-13,2.967648e-16,3.459666e-19,1.696021e-11
3150,3150.000000,4,6.586731e-12,2.930989e-13,2.967437e-16,8.789952e-20,-3.880993e-10
3151,3151.000000,4,6.963319e-12,2.804423e-13,2.967226e-16,-1.370109e-19,-2.535785e-10
3152,3152.000000,4,4.767742e-12,2.990941e-13,3.129663e-16,9.508607e-20,1.684461e-10
3153,3153.000000,4,6.593837e-12,2.760014e-13,2.966805e-16,-8.382979e-20,2.163159e-11
3154,3154.000000,4,8.128609e-12,2.944311e-13,2.966596e-16,1.150542e-19,1.215743e-10
3155,3155.000000,4,4.796163e-12,2.888800e-13,2.966386e-16,-6.141684e-19,-8.665690e-11
3156,3156.000000,4,4.774847e-12,2.968736e-13,2.966177e-16,-3.204233e-19,2.150160e-10
3157,3157.000000,4,8.945733e-12,2.846612e-13,2.965969e-16,9.886132e-20,8.759469e-10
3158,3158.000000,4,7.410961e-12,2.846612e-13,2.965761e-16,-2.668882e-19,7.234968e-11
3159,3159.000000,4,8.832046e-12,2.988720e-13,2.965553e-16,-1.145314e-19,1.983822e-10
3160,3160.000000,4,7.204903e-12,2.871037e-13,3.127570e-16,-7.784762e-20,-1.207368e-10
3161,3161.000000,4,9.571011e-12,2.864375e-13,2.965139e-16,-3.383930e-19,-1.027520e-10
3162,3162.000000,4,7.474910e-12,2.722267e-13,2.964932e-16,-1.227668e-19,-3.517657e-10
3163,3163.000000,4,4.824585e-12,2.924327e-13,3.705638e-16,-4.101294e-19,3.135479e-10
3164,3164.000000,4,5.549339e-12,2.717826e-13,2.964520e-16,-4.451456e-19,2.304326e-10
3165,3165.000000,4,5.108802e-12,2.735590e-13,2.964315e-16,-1.694066e-19,2.310840e-10
3166,3166.000000,4,4.682477e-12,2.691181e-13,2.964110e-16,-8.561319e-20,-2.400746e-10
3167,3167.000000,4,4.639844e-12,2.782219e-13,2.963691e-16,-1.396115e-19,-1.068479e-11
3168,3168.000000,4,4.447998e-12,2.786660e-13,2.963701e-16,-1.508976e-19,2.590945e-10
3169,3169.000000,4,4.611422e-12,2.635669e-13,2.963497e-16,8.942484e-20,3.601786e-11
3170,3170.000000,4,5.648815e-12,2.637890e-13,2.963294e-16,4.973672e-19,-2.016840e-10
3171,3171.000000,4,8.270717e-12,2.728928e-13,2.963091e-16,-3.268025e-20,-8.411449e-11
3172,3172.000000,4,5.876188e-12,2.882139e-13,2.962888e-16,1.447897e-20,2.698761e-10
3173,3173.000000,4,8.228085e-12,2.871037e-13,2.962686e-16,3.757749e-19,9.709611e-11
3174,3174.000000,4,4.696687e-12,2.795542e-13,2.962484e-16,-2.274085e-20,1.371525e-11
3175,3175.000000,4,8.689938e-12,2.566836e-13,2.962282e-16,1.205235e-19,-1.815437e-12
3176,3176.000000,4,6.103562e-12,2.804423e-13,2.962081e-16,-2.276368e-19,3.188116e-11
3177,3177.000000,4,6.103562e-12,2.868816e-13,3.702085e-16,7.083313e-20,-1.061817e-12
3178,3178.000000,4,5.925926e-12,2.486900e-13,2.961680e-16,4.530634e-20,1.602261e-10
3179,3179.000000,4,5.307754e-12,2.724487e-13,2.961480e-16,1.940996e-19,-5.437863e-10
3180,3180.000000,4,7.062795e-12,2.537970e-13,2.961280e-16,1.774302e-19,-2.835860e-10
3181,3181.000000,4,7.524648e-12,2.908784e-13,2.961081e-16,2.894040e-19,-6.137109e-10
3182,3182.000000,4,5.982770e-12,2.842171e-13,2.960882e-16,1.911581e-19,-2.040110e-10
3183,3183.000000,4,7.382539e-12,2.797762e-13,2.960684e-16,-8.761828e-20,-3.194853e-10
3184,3184.000000,4,6.309619e-12,2.993161e-13,3.121417e-16,2.207315e-19,6.725642e-11
3185,3185.000000,4,7.290168e-12,2.928768e-13,2.960288e-16,-3.693725e-19,-1.649147e-10
3186,3186.000000,4,7.943868e-12,2.806644e-13,2.960090e-16,1.809441e-19,5.177245e-10
3187,3187.000000,4,5.172751e-12,2.884359e-13,2.959893e-16,-2.272728e-19,3.052256e-10
3188,3188.000000,4,6.259882e-12,2.851053e-13,2.959696e-16,-4.500359e-19,-1.971046e-11
3189,3189.000000,4,5.066170e-12,2.955414e-13,3.699112e-16,1.760141e-19,-2.005653e-10
3190,3190.000000,4,7.048584e-12,2.737810e-13,2.959303e-16,-1.023818e-19,-7.254197e-12
3191,3191.000000,4,7.446488e-12,2.715606e-13,3.698622e-16,1.083210e-19,8.752732e-11
3192,3192.000000,4,5.258016e-12,2.751133e-13,2.958912e-16,-1.995689e-19,-7.605028e-12
3193,3193.000000,4,5.904610e-12,2.779998e-13,2.958716e-16,1.984472e-19,1.548193e-10
3194,3194.000000,4,5.236700e-12,3.024248e-13,3.118861e-16,1.752994e-19,-2.841518e-10
3195,3195.000000,4,6.338041e-12,3.121947e-13,3.697646e-16,-5.454495e-19,4.886171e-10
3196,3196.000000,4,4.455103e-12,2.868816e-13,2.958131e-16,-1.939871e-19,1.079830e-10
3197,3197.000000,4,5.172751e-12,2.791101e-13,2.957936e-16,3.335093e-19,4.970646e-10
3198,3198.000000,4,6.181722e-12,2.937650e-13,2.957742e-16,-2.872666e-19,-1.746772e-10
3199,3199.000000,4,5.719869e-12,2.906564e-13,2.957548e-16,3.017853e-19,8.565904e-11
3200,3200.000000,4,6.309619e-12,2.717826e-13,2.957354e-16,-1.416596e-19,1.273528e-10
3201,3201.000000,4,6.771472e-12,2.826628e-13,2.956952e-16,-3.178491e-19,-3.923484e-11
3202,3202.000000,4,7.197798e-12,2.871037e-13,2.956966e-16,2.844211e-19,3.898490e-10
3203,3203.000000,4,5.790923e-12,2.746692e-13,2.956772e-16,-3.732173e-19,5.026779e-11
3204,3204.000000,4,5.535128e-12,2.697842e-13,2.956579e-16,8.581833e-20,5.413181e-11
3205,3205.000000,4,5.400125e-12,2.888800e-13,3.695223e-16,-2.419669e-20,2.267222e-10
3206,3206.000000,4,6.650680e-12,2.817746e-13,2.956193e-16,6.367636e-20,-2.391864e-12
3207,3207.000000,4,7.737810e-12,2.686740e-13,2.956000e-16,1.473374e-20,-1.777600e-10
3208,3208.000000,4,5.428547e-12,2.875478e-13,2.955807e-16,2.430190e-19,-3.718004e-11
3209,3209.000000,4,3.311129e-12,2.875478e-13,2.955614e-16,-5.667511e-20,-4.756702e-10
3210,3210.000000,4,7.482015e-12,2.988720e-13,2.955422e-16,6.508588e-20,8.568923e-11
3211,3211.000000,4,6.750156e-12,2.819966e-13,2.955229e-16,-2.902544e-19,-2.810512e-10
3212,3212.000000,4,6.401990e-12,2.957634e-13,2.955037e-16,-2.057860e-19,-2.595923e-11
3213,3213.000000,4,1.051603e-11,2.879919e-13,2.954845e-16,4.144175e-20,2.868199e-10
3214,3214.000000,4,6.295409e-12,2.826628e-13,2.954653e-16,-5.039614e-19,-4.245568e-10
3215,3215.000000,4,6.565415e-12,2.728928e-13,2.954461e-16,-2.087473e-19,-3.468772e-10
3216,3216.000000,4,6.693313e-12,2.848832e-13,2.954269e-16,1.693834e-19,1.076423e-10
3217,3217.000000,4,8.448353e-12,2.919887e-13,2.954078e-16,-2.027684e-19,5.368883e-10
3218,3218.000000,4,5.059064e-12,2.777778e-13,2.953886e-16,-2.187396e-19,-1.949343e-10
3219,3219.000000,4,9.052314e-12,2.753353e-13,3.112485e-16,3.156554e-19,-1.276952e-10
3220,3220.000000,4,8.299139e-12,2.737810e-13,2.953504e-16,6.929457e-20,4.922995e-11
3221,3221.000000,4,6.700418e-12,2.773337e-13,2.953313e-16,-7.949206e-20,-1.845959e-10
3222,3222.000000,4,7.176482e-12,2.569056e-13,2.953122e-16,3.683336e-19,4.622605e-10
3223,3223.000000,4,6.451728e-12,2.691181e-13,2.952931e-16,2.996743e-19,-4.098877e-10
3224,3224.000000,4,8.547829e-12,2.682299e-13,2.952740e-16,1.106106e-19,-3.300489e-10
3225,3225.000000,4,5.620393e-12,2.775558e-13,2.952549e-16,1.739395e-19,-4.239231e-11
3226,3226.000000,4,6.352252e-12,2.933209e-13,3.690191e-16,1.178402e-19,-3.800631e-10
3227,3227.000000,4,6.863843e-12,2.691181e-13,3.689953e-16,2.083469e-19,2.320277e-11
3228,3228.000000,4,6.515677e-12,2.939871e-13,2.951978e-16,-1.837664e-20,-6.413758e-11
3229,3229.000000,4,5.485390e-12,2.782219e-13,3.689478e-16,-1.223731e-19,-1.729021e-10
3230,3230.000000,4,5.876188e-12,2.751133e-13,2.951598e-16,-1.492300e-19,-8.212897e-11
3231,3231.000000,4,6.316725e-12,2.624567e-13,2.951408e-16,9.809700e-20,-1.374145e-11
3232,3232.000000,4,4.718004e-12,2.802203e-13,2.951218e-16,5.287934e-19,5.098144e-12
3233,3233.000000,4,5.528022e-12,2.842171e-13,2.951029e-16,-1.295332e-19,-3.255387e-10
3234,3234.000000,4,5.734080e-12,2.913225e-13,3.108721e-16,-1.903177e-20,-3.049712e-10
3235,3235.000000,4,6.131984e-12,2.644551e-13,2.950649e-16,1.238455e-19,-4.645933e-10
3236,3236.000000,4,7.702283e-12,2.684519e-13,2.950460e-16,-2.442697e-19,-4.892002e-10
3237,3237.000000,4,6.082246e-12,2.926548e-13,2.950271e-16,-1.250697e-21,-2.708349e-10
3238,3238.000000,4,5.563550e-12,2.713385e-13,2.950082e-16,5.309176e-20,-9.227374e-11
3239,3239.000000,4,5.663026e-12,2.788880e-13,3.687110e-16,1.228363e-19,-1.987055e-10
3240,3240.000000,4,7.005951e-12,2.946532e-13,2.949704e-16,8.569591e-22,-8.706547e-11
3241,3241.000000,4,6.593837e-12,2.939871e-13,2.949515e-16,-2.472939e-20,6.017853e-11
3242,3242.000000,4,6.529888e-12,2.817746e-13,2.949326e-16,7.559107e-20,-1.432028e-10
3243,3243.000000,4,7.602807e-12,2.671197e-13,2.949138e-16,-2.763577e-19,1.084794e-10
3244,3244.000000,4,6.252776e-12,2.806644e-13,2.948949e-16,-2.448322e-19,2.744001e-10
3245,3245.000000,4,6.558309e-12,2.788880e-13,2.948761e-16,2.827237e-19,1.216711e-10
3246,3246.000000,4,6.579626e-12,2.897682e-13,2.948572e-16,3.691277e-19,-3.763070e-10
3247,3247.000000,4,5.798029e-12,3.070877e-13,2.948384e-16,8.471322e-20,-3.800684e-10
3248,3248.000000,4,5.549339e-12,2.966516e-13,2.948196e-16,-2.072220e-19,1.867115e-10
3249,3249.000000,4,6.927792e-12,2.722267e-13,3.685010e-16,3.616434e-21,3.067862e-10
3250,3250.000000,4,6.345147e-12,2.733369e-13,2.947820e-16,4.669038e-19,3.380438e-10
3251,3251.000000,4,7.702283e-12,2.791101e-13,3.684540e-16,1.053233e-19,7.079448e-11
3252,3252.000000,4,7.332801e-12,2.797762e-13,2.947445e-16,1.295464e-19,6.284084e-11
3253,3253.000000,4,5.243805e-12,2.871037e-13,2.947257e-16,2.591888e-19,1.182485e-10
3254,3254.000000,4,6.785683e-12,2.904343e-13,3.103704e-16,-3.313950e-19,-3.590928e-10
3255,3255.000000,4,6.160406e-12,2.662315e-13,2.946882e-16,5.954377e-20,-9.745804e-11
3256,3256.000000,4,5.954348e-12,2.835510e-13,2.946695e-16,-1.426754e-19,-2.947242e-11
3257,3257.000000,4,5.115908e-12,2.946532e-13,2.946507e-16,2.889408e-19,1.100453e-10
3258,3258.000000,4,5.954348e-12,2.964295e-13,2.946320e-16,4.930658e-20,2.130554e-10
3259,3259.000000,4,6.153300e-12,2.942091e-13,3.102435e-16,-3.647105e-19,-1.879594e-10
3260,3260.000000,4,5.250911e-12,2.913225e-13,2.945946e-16,3.007728e-19,-1.392020e-10
3261,3261.000000,4,6.671996e-12,2.782219e-13,2.945759e-16,-5.591410e-20,-2.782761e-10
3262,3262.000000,4,5.769607e-12,2.693401e-13,2.945572e-16,8.347907e-20,4.816845e-10
3263,3263.000000,4,5.144329e-12,2.942091e-13,2.945385e-16,1.961973e-19,-1.515086e-10
3264,3264.000000,4,5.968559e-12,2.675637e-13,2.945198e-16,9.580406e-20,4.439276e-10
3265,3265.000000,4,5.414336e-12,2.844391e-13,2.945011e-16,-4.696732e-20,1.802900e-10
3266,3266.000000,4,6.686207e-12,2.877698e-13,2.944824e-16,2.555922e-19,-9.536505e-11
3267,3267.000000,4,6.799894e-12,2.711165e-13,3.680544e-16,7.553813e-20,1.874501e-12
3268,3268.000000,4,6.650680e-12,2.751133e-13,2.944451e-16,-3.233217e-19,-4.143041e-11
3269,3269.000000,4,8.888890e-12,2.535749e-13,2.944265e-16,-1.643707e-19,-1.560725e-10
3270,3270.000000,4,4.256151e-12,2.722267e-13,2.944078e-16,8.267836e-20,-2.607483e-10
3271,3271.000000,4,4.426681e-12,2.819966e-13,2.943892e-16,-1.336592e-19,8.066792e-11
3272,3272.000000,4,7.375434e-12,2.746692e-13,2.943706e-16,-1.697540e-19,-1.710965e-10
3273,3273.000000,4,5.421441e-12,2.982059e-13,2.943519e-16,-6.440759e-20,-4.342349e-10
3274,3274.000000,4,6.203038e-12,2.751133e-13,2.943333e-16,-3.808770e-19,3.673239e-11
3275,3275.000000,4,1.107736e-11,2.648992e-13,2.943147e-16,-1.752068e-19,-1.649108e-10
3276,3276.000000,4,5.030643e-12,2.893241e-13,2.942759e-16,-3.683336e-19,-8.131140e-11
3277,3277.000000,4,6.835421e-12,2.806644e-13,2.942775e-16,-8.251292e-20,-2.382272e-10
3278,3278.000000,4,5.314860e-12,3.008704e-13,2.942589e-16,1.936463e-19,2.573071e-10
3279,3279.000000,4,4.668266e-12,2.839950e-13,2.942403e-16,-3.006702e-19,-5.253371e-10
3280,3280.000000,4,6.444623e-12,2.993161e-13,2.942217e-16,2.603303e-20,3.340350e-10
3281,3281.000000,4,4.973799e-12,2.855494e-13,3.096967e-16,-4.364503e-19,4.875065e-10
3282,3282.000000,4,5.130119e-12,2.760014e-13,2.941846e-16,-4.994847e-20,-9.433476e-11
3283,3283.000000,4,6.536993e-12,2.875478e-13,2.941660e-16,-4.815978e-19,-9.987478e-11
3284,3284.000000,4,7.368328e-12,2.666756e-13,2.941475e-16,-3.880370e-19,2.304397e-10
3285,3285.000000,4,5.556444e-12,2.744471e-13,3.676359e-16,-4.945547e-20,-4.651013e-10
3286,3286.000000,4,4.654055e-12,2.711165e-13,2.941104e-16,3.084689e-19,-3.021934e-10
3287,3287.000000,4,4.497736e-12,2.751133e-13,2.940918e-16,4.249690e-19,-2.053300e-10
3288,3288.000000,4,4.931167e-12,2.762235e-13,2.940733e-16,3.447556e-19,-5.598855e-11
3289,3289.000000,4,6.131984e-12,2.711165e-13,2.940547e-16,7.000926e-20,1.769296e-11
3290,3290.000000,4,7.155165e-12,2.786660e-13,2.940362e-16,8.263203e-20,1.704632e-10
3291,3291.000000,4,7.283063e-12,2.666756e-13,2.940177e-16,-3.597971e-19,-1.796594e-10
3292,3292.000000,4,6.167511e-12,2.851053e-13,2.939992e-16,5.289224e-19,-3.682312e-10
3293,3293.000000,4,4.611422e-12,2.713385e-13,2.939807e-16,-2.600656e-20,1.693410e-10
3294,3294.000000,4,8.142820e-12,2.666756e-13,2.939622e-16,1.842561e-19,5.304068e-11
3295,3295.000000,4,7.965184e-12,2.753353e-13,2.939437e-16,7.729837e-20,-1.383516e-10
3296,3296.000000,4,6.849632e-12,2.953193e-13,2.939252e-16,-2.054915e-19,-1.003198e-10
3297,3297.000000,4,6.735945e-12,2.702283e-13,2.939067e-16,-5.873512e-19,-5.862155e-11
3298,3298.000000,4,6.323830e-12,2.728928e-13,2.938883e-16,2.460234e-19,-2.541127e-10
3299,3299.000000,4,5.314860e-12,2.664535e-13,2.938698e-16,2.913264e-19,-1.807265e-10
3300,3300.000000,4,5.634604e-12,2.668976e-13,2.938513e-16,-2.122678e-19,-1.802558e-11
3301,3301.000000,4,4.824585e-12,2.713385e-13,2.938329e-16,-7.654729e-20,6.936807e-11
3302,3302.000000,4,5.101697e-12,2.602363e-13,2.938144e-16,2.376655e-20,-1.489164e-11
3303,3303.000000,4,6.515677e-12,2.651213e-13,2.937960e-16,1.804478e-19,-1.791562e-10
3304,3304.000000,4,5.151435e-12,2.666756e-13,3.671968e-16,-1.823238e-19,-1.717675e-10
3305,3305.000000,4,6.885159e-12,2.615685e-13,2.937591e-16,-3.060568e-20,3.819403e-10
3306,3306.000000,4,3.872458e-12,2.602363e-13,3.671508e-16,-1.823999e-19,1.052922e-10
3307,3307.000000,4,5.940137e-12,2.624567e-13,2.937222e-16,-8.714182e-20,-3.715073e-10
3308,3308.000000,4,6.977530e-12,2.611245e-13,2.937039e-16,-2.548841e-19,-1.107812e-10
3309,3309.000000,4,4.689582e-12,2.642331e-13,2.936855e-16,2.694127e-19,-1.021796e-10
3310,3310.000000,4,6.153300e-12,2.708944e-13,2.936671e-16,-9.403389e-20,-1.994787e-10
3311,3311.000000,4,5.236700e-12,2.806644e-13,3.089694e-16,7.322534e-20,-1.725877e-10
3312,3312.000000,4,7.219114e-12,2.549072e-13,2.936305e-16,-5.018008e-20,-2.059481e-10
3313,3313.000000,4,6.586731e-12,2.471356e-13,2.936122e-16,2.771254e-19,4.725287e-11
3314,3314.000000,4,5.563550e-12,2.902123e-13,2.935940e-16,-2.366299e-19,2.866756e-10
3315,3315.000000,4,8.043344e-12,2.833289e-13,2.935758e-16,4.542214e-20,-1.348699e-10
3316,3316.000000,4,4.810374e-12,2.711165e-13,3.088573e-16,3.158837e-20,3.417697e-10
3317,3317.000000,4,6.629364e-12,2.609024e-13,2.935197e-16,-1.605194e-19,6.188872e-11
3318,3318.000000,4,4.853007e-12,2.859935e-13,3.088130e-16,-1.783964e-19,8.973622e-11
3319,3319.000000,4,6.011192e-12,2.722267e-13,2.935035e-16,-1.169336e-19,-1.182330e-10
3320,3320.000000,4,5.691447e-12,2.822187e-13,2.934856e-16,-3.254790e-20,-3.445555e-11
3321,3321.000000,4,6.622258e-12,2.584599e-13,3.668099e-16,-9.265415e-20,2.153371e-10
3322,3322.000000,4,5.449863e-12,2.720046e-13,2.934498e-16,-6.776594e-20,-3.090155e-10
3323,3323.000000,4,7.041479e-12,2.648992e-13,2.934320e-16,-5.155916e-19,-8.755130e-11
3324,3324.000000,4,5.428547e-12,2.626788e-13,3.667678e-16,-1.447103e-19,-1.511102e-11
3325,3325.000000,4,6.203038e-12,2.542411e-13,2.933965e-16,-4.374197e-19,3.248850e-10
3326,3326.000000,4,6.338041e-12,2.586820e-13,3.667236e-16,-1.981495e-19,2.303797e-10
3327,3327.000000,4,7.382539e-12,2.855494e-13,2.933612e-16,-1.322496e-20,-1.995826e-10
3328,3328.000000,4,5.464074e-12,2.691181e-13,2.933437e-16,1.792236e-19,3.308980e-10
3329,3329.000000,4,5.520917e-12,2.742251e-13,2.933262e-16,5.635350e-19,-3.674199e-10
3330,3330.000000,4,5.549339e-12,2.702283e-13,2.933087e-16,1.575779e-19,1.791469e-10
3331,3331.000000,4,6.188827e-12,2.606804e-13,2.932913e-16,2.626034e-19,-4.484577e-10
3332,3332.000000,4,6.515677e-12,2.626788e-13,2.932740e-16,1.473837e-19,-2.194147e-10
3333,3333.000000,4,7.013057e-12,2.706724e-13,2.932567e-16,-1.762887e-19,-2.869083e-10
3334,3334.000000,4,4.817480e-12,2.378098e-13,2.932394e-16,-1.938183e-19,2.181819e-10
3335,3335.000000,4,6.494361e-12,2.629008e-13,2.932222e-16,8.892522e-20,-6.488219e-10
3336,3336.000000,4,6.920686e-12,2.584599e-13,2.932051e-16,1.418350e-19,-2.316942e-10
3337,3337.000000,4,7.339906e-12,2.604583e-13,2.931880e-16,-3.127371e-19,-1.695901e-10
3338,3338.000000,4,6.806999e-12,2.522427e-13,3.664637e-16,-2.135317e-19,2.201164e-10
3339,3339.000000,4,5.840661e-12,2.591261e-13,3.083636e-16,4.470680e-19,-9.068302e-12
3340,3340.000000,4,9.357848e-12,2.677858e-13,2.931370e-16,3.218163e-19,-4.886163e-10
3341,3341.000000,4,6.600942e-12,2.364775e-13,3.083220e-16,2.490442e-19,-3.199219e-10
3342,3342.000000,4,6.330936e-12,2.675637e-13,2.931033e-16,2.440514e-20,1.117728e-10
3343,3343.000000,4,7.169376e-12,2.589040e-13,2.930865e-16,1.338477e-19,-3.107066e-10
3344,3344.000000,4,5.904610e-12,2.682299e-13,2.930698e-16,-5.530199e-20,-1.354143e-10
3345,3345.000000,4,5.776712e-12,2.504663e-13,2.930531e-16,1.650655e-19,2.474190e-10
3346,3346.000000,4,7.297274e-12,2.720046e-13,2.930365e-16,-2.431249e-20,-1.186744e-10
3347,3347.000000,4,4.703793e-12,2.426948e-13,3.081985e-16,-1.790912e-19,-3.979816e-10
3348,3348.000000,4,6.316725e-12,2.533529e-13,2.930034e-16,8.095782e-20,-7.156675e-11
3349,3349.000000,4,7.467804e-12,2.668976e-13,2.929869e-16,3.284734e-19,9.568391e-11
3350,3350.000000,4,4.938272e-12,2.324807e-13,3.081356e-16,-1.595334e-19,1.094485e-10
3351,3351.000000,4,6.991741e-12,2.631229e-13,2.929541e-16,-3.433627e-19,-3.241487e-10
3352,3352.000000,4,5.812240e-12,2.524647e-13,2.929378e-16,-1.534883e-19,2.448846e-10
3353,3353.000000,4,5.634604e-12,2.446932e-13,3.661283e-16,2.151993e-20,-3.894440e-10
3354,3354.000000,4,5.670131e-12,2.786660e-13,2.929053e-16,-2.379302e-19,5.585443e-11
3355,3355.000000,4,4.931167e-12,2.531308e-13,2.928891e-16,-3.664013e-19,-3.960188e-10
3356,3356.000000,4,5.371703e-12,2.446932e-13,2.928729e-16,2.728968e-19,-1.381402e-10
3357,3357.000000,4,5.471179e-12,2.646772e-13,3.660711e-16,-3.806023e-20,-2.842344e-10
3358,3358.000000,4,5.819345e-12,2.615685e-13,2.928408e-16,2.217737e-19,2.992584e-11
3359,3359.000000,4,5.357492e-12,2.875478e-13,2.928248e-16,-3.062487e-19,-3.155982e-10
3360,3360.000000,4,5.435652e-12,2.415845e-13,2.927902e-16,-1.671236e-19,-2.455400e-10
3361,3361.000000,4,8.611778e-12,2.604583e-13,2.927930e-16,3.205159e-20,2.997687e-10
3362,3362.000000,4,5.890399e-12,2.839950e-13,2.927771e-16,-6.928796e-20,-1.055724e-10
3363,3363.000000,4,5.137224e-12,2.646772e-13,2.927613e-16,-9.677351e-20,-1.620482e-11
3364,3364.000000,4,4.057199e-12,2.691181e-13,2.927456e-16,-5.095499e-19,-4.759717e-10
3365,3365.000000,4,5.492495e-12,2.613465e-13,3.658891e-16,-2.544937e-19,6.139089e-11
3366,3366.000000,4,5.009326e-12,2.433609e-13,2.927142e-16,-9.065238e-20,-1.214016e-10
3367,3367.000000,4,6.274092e-12,2.537970e-13,2.926985e-16,2.716395e-19,2.877552e-10
3368,3368.000000,4,5.833556e-12,2.831069e-13,3.077690e-16,-6.651194e-20,2.781020e-11
3369,3369.000000,4,6.217249e-12,2.793321e-13,2.926674e-16,-1.128440e-19,4.487801e-10
3370,3370.000000,4,6.380674e-12,2.771117e-13,2.926519e-16,2.841465e-19,-2.856857e-10
3371,3371.000000,4,5.584866e-12,2.722267e-13,2.926363e-16,-2.895298e-19,1.865441e-10
3372,3372.000000,4,5.506706e-12,2.713385e-13,2.926208e-16,2.443194e-19,9.468515e-11
3373,3373.000000,4,6.558309e-12,2.728928e-13,3.657337e-16,1.524593e-19,3.432836e-10
3374,3374.000000,4,6.551204e-12,2.555733e-13,3.076402e-16,-6.259110e-20,-3.120646e-10
3375,3375.000000,4,6.288303e-12,2.664535e-13,2.925745e-16,-3.456457e-19,-1.722218e-10
3376,3376.000000,4,5.485390e-12,2.655653e-13,2.925590e-16,1.848815e-19,-2.079599e-10
3377,3377.000000,4,5.584866e-12,2.564615e-13,2.925436e-16,3.069105e-19,-3.612377e-10
3378,3378.000000,4,4.639844e-12,2.580158e-13,3.075533e-16,-1.364286e-19,6.622702e-12
3379,3379.000000,4,6.551204e-12,2.655653e-13,2.925127e-16,2.480615e-19,-2.100911e-10
3380,3380.000000,4,6.991741e-12,2.660094e-13,2.924973e-16,2.565848e-19,-5.796386e-11
3381,3381.000000,4,4.355627e-12,2.671197e-13,2.924818e-16,1.095617e-19,5.785283e-10
3382,3382.000000,4,6.558309e-12,2.779998e-13,2.924664e-16,2.906415e-19,3.173199e-10
3383,3383.000000,4,6.046719e-12,2.715606e-13,2.924510e-16,-1.899471e-19,1.314824e-10
3384,3384.000000,4,6.629364e-12,2.633449e-13,2.924355e-16,-1.687118e-20,-2.891309e-10
3385,3385.000000,4,6.153300e-12,2.557954e-13,2.924201e-16,8.760835e-20,1.310205e-10
3386,3386.000000,4,5.016432e-12,2.879919e-13,2.924046e-16,-1.263998e-19,-7.167689e-11
3387,3387.000000,4,5.421441e-12,2.799982e-13,2.923892e-16,-2.343436e-19,1.275144e-10
3388,3388.000000,4,6.927792e-12,2.668976e-13,2.923737e-16,9.012960e-20,1.968083e-10
3389,3389.000000,4,6.018297e-12,2.626788e-13,2.923582e-16,-2.041879e-19,-4.274874e-10
3390,3390.000000,4,5.520917e-12,2.680078e-13,2.923428e-16,1.420501e-19,-2.897158e-10
3391,3391.000000,4,3.495870e-12,2.824407e-13,3.653862e-16,-2.515092e-19,2.826073e-10
3392,3392.000000,4,6.814105e-12,2.973177e-13,2.923118e-16,2.907507e-19,4.531877e-10
3393,3393.000000,4,1.211475e-11,2.902123e-13,3.072240e-16,8.085525e-20,-6.622343e-10
3394,3394.000000,4,5.634604e-12,2.580158e-13,2.922808e-16,-9.730953e-21,1.882641e-10
3395,3395.000000,4,6.977530e-12,2.597922e-13,2.922653e-16,-1.030469e-19,-8.306689e-11
3396,3396.000000,4,8.604673e-12,2.515765e-13,2.922498e-16,-1.102466e-20,-5.617107e-11
3397,3397.000000,4,6.266987e-12,2.655653e-13,2.922343e-16,-1.963495e-19,-1.658900e-10
3398,3398.000000,4,5.996981e-12,2.731149e-13,2.922004e-16,-1.031163e-19,5.294654e-11
3399,3399.000000,4,7.510437e-12,2.871037e-13,3.070895e-16,-3.778561e-20,-1.961697e-10
3400,3400.000000,4,8.775203e-12,2.677858e-13,2.921877e-16,-1.821352e-19,-2.618572e-11
3401,3401.000000,4,5.059064e-12,2.726708e-13,2.921722e-16,-2.566344e-19,-2.942309e-10
3402,3402.000000,4,5.293543e-12,2.828848e-13,2.921566e-16,1.448757e-19,-5.846856e-10
3403,3403.000000,4,5.663026e-12,2.862155e-13,2.921411e-16,-4.140767e-19,2.209055e-10
3404,3404.000000,4,4.789058e-12,2.757794e-13,3.651339e-16,2.317429e-20,-1.733165e-10
3405,3405.000000,4,7.268852e-12,2.637890e-13,2.921099e-16,-1.779762e-19,-8.800125e-10
3406,3406.000000,4,5.336176e-12,2.693401e-13,2.920943e-16,-4.231856e-21,-1.385030e-10
3407,3407.000000,4,6.025402e-12,2.673417e-13,3.069118e-16,1.296225e-19,6.058709e-11
3408,3408.000000,4,5.975664e-12,2.740030e-13,3.068912e-16,-1.823272e-19,-5.523804e-11
3409,3409.000000,4,6.295409e-12,2.426948e-13,2.920475e-16,-5.008744e-20,1.142513e-10
3410,3410.000000,4,6.266987e-12,2.824407e-13,2.920319e-16,3.966728e-19,-4.083449e-10
3411,3411.000000,4,7.410961e-12,2.740030e-13,2.920163e-16,1.714017e-19,3.159397e-10
3412,3412.000000,4,4.220624e-12,2.911005e-13,3.649779e-16,4.674729e-19,7.066925e-11
3413,3413.000000,4,5.890399e-12,2.726708e-13,2.919850e-16,1.281204e-19,-8.534728e-11
3414,3414.000000,4,4.753531e-12,2.651213e-13,2.919694e-16,4.438883e-19,1.193952e-10
3415,3415.000000,4,5.456968e-12,2.635669e-13,2.919538e-16,3.261739e-20,1.030593e-10
3416,3416.000000,4,6.501466e-12,2.748912e-13,2.919381e-16,-1.415670e-19,-1.521006e-10
3417,3417.000000,4,7.432277e-12,2.664535e-13,2.919224e-16,4.999480e-21,-3.993414e-10
3418,3418.000000,4,6.139089e-12,2.537970e-13,2.919068e-16,-3.225276e-19,4.458460e-10
3419,3419.000000,4,6.814105e-12,2.713385e-13,2.918911e-16,-5.353844e-20,-1.090998e-10
3420,3420.000000,4,5.307754e-12,2.693401e-13,2.918754e-16,2.857347e-19,1.036407e-10
3421,3421.000000,4,6.217249e-12,2.517986e-13,2.918597e-16,2.950983e-19,1.060068e-10
3422,3422.000000,4,6.913581e-12,2.702283e-13,2.918440e-16,-2.197554e-19,1.528808e-10
3423,3423.000000,4,5.734080e-12,2.569056e-13,2.918283e-16,-1.409913e-19,-5.925131e-10
3424,3424.000000,4,7.140954e-12,2.551293e-13,2.918126e-16,-1.204375e-21,-2.205258e-11
3425,3425.000000,4,5.357492e-12,2.717826e-13,2.917969e-16,-1.329412e-19,-3.989000e-10
3426,3426.000000,4,7.339906e-12,2.573497e-13,3.647035e-16,-4.895917e-20,8.285861e-11
3427,3427.000000,4,5.528022e-12,2.626788e-13,2.917655e-16,-2.093164e-19,9.161294e-11
3428,3428.000000,4,5.520917e-12,2.402523e-13,3.064566e-16,-1.909431e-19,1.774532e-10
3429,3429.000000,4,4.817480e-12,2.702283e-13,2.917341e-16,1.472845e-19,-3.086629e-10
3430,3430.000000,4,4.909850e-12,2.529088e-13,3.646251e-16,-2.613097e-19,-3.228302e-10
3431,3431.000000,4,6.245671e-12,2.542411e-13,3.646056e-16,3.056862e-19,-3.991265e-10
3432,3432.000000,4,6.970424e-12,2.677858e-13,2.916872e-16,-3.761687e-19,-1.027831e-10
3433,3433.000000,4,7.567280e-12,2.604583e-13,3.063574e-16,-1.129201e-19,-3.358820e-10
3434,3434.000000,4,6.181722e-12,2.622347e-13,2.916560e-16,2.095745e-20,-2.487814e-10
3435,3435.000000,4,3.879563e-12,2.353673e-13,3.645278e-16,-7.211261e-19,8.570922e-11
3436,3436.000000,4,4.732215e-12,2.613465e-13,2.916250e-16,-3.164628e-19,-1.218119e-10
3437,3437.000000,4,8.355983e-12,2.509104e-13,2.916096e-16,1.714580e-19,1.398095e-10
3438,3438.000000,4,7.545964e-12,2.342571e-13,3.062590e-16,5.831623e-20,-7.874590e-12
3439,3439.000000,4,5.847767e-12,2.393641e-13,2.915789e-16,-3.824652e-19,2.868639e-10
3440,3440.000000,4,5.513812e-12,2.624567e-13,2.915636e-16,-2.144515e-19,-9.102896e-11
3441,3441.000000,4,6.693313e-12,2.498002e-13,2.915483e-16,-5.256898e-20,5.510521e-10
3442,3442.000000,4,7.048584e-12,2.513545e-13,2.915331e-16,6.441752e-20,5.563319e-10
3443,3443.000000,4,6.316725e-12,2.478018e-13,2.915180e-16,-8.322430e-20,-1.616827e-10
3444,3444.000000,4,6.224354e-12,2.529088e-13,2.915029e-16,-3.470618e-19,3.782015e-10
3445,3445.000000,4,6.757261e-12,2.646772e-13,3.061287e-16,-1.517612e-19,-1.317702e-11
3446,3446.000000,4,5.051959e-12,2.398082e-13,3.643187e-16,-2.183691e-19,4.968106e-10
3447,3447.000000,4,6.259882e-12,2.515765e-13,2.914580e-16,5.152012e-20,5.340000e-10
3448,3448.000000,4,5.734080e-12,2.491340e-13,3.060732e-16,1.001385e-19,-1.662128e-10
3449,3449.000000,4,6.231460e-12,2.562395e-13,2.914284e-16,-1.221150e-19,-1.122129e-10
3450,3450.000000,4,5.428547e-12,2.549072e-13,2.914136e-16,-3.283907e-20,-2.587641e-10
3451,3451.000000,4,6.160406e-12,2.389200e-13,2.913812e-16,2.541430e-20,1.760645e-10
3452,3452.000000,4,8.888890e-12,2.482459e-13,2.913843e-16,-3.095475e-19,1.859513e-10
3453,3453.000000,4,7.993606e-12,2.675637e-13,2.913698e-16,2.664580e-19,5.831562e-10
3454,3454.000000,4,5.520917e-12,2.424727e-13,2.913553e-16,1.217610e-20,3.239791e-10
3455,3455.000000,4,6.686207e-12,2.378098e-13,2.913408e-16,-3.649322e-19,1.807003e-10
3456,3456.000000,4,5.499601e-12,2.433609e-13,2.913264e-16,-1.565026e-19,-1.449241e-10
3457,3457.000000,4,8.498091e-12,2.360334e-13,2.913121e-16,-3.210023e-19,1.100990e-10
3458,3458.000000,4,6.345147e-12,2.491340e-13,2.912978e-16,7.940934e-21,-3.576801e-10
3459,3459.000000,4,5.719869e-12,2.517986e-13,2.912836e-16,-2.632420e-19,-2.076774e-10
3460,3460.000000,4,5.933032e-12,2.617906e-13,3.058553e-16,-3.249132e-19,-1.563989e-10
3461,3461.000000,4,7.375434e-12,2.355893e-13,2.912553e-16,-9.703159e-20,2.640790e-10
3462,3462.000000,4,6.323830e-12,2.435829e-13,3.058217e-16,5.990773e-20,-5.177014e-11
3463,3463.000000,4,6.160406e-12,2.198242e-13,2.912272e-16,1.212448e-19,-4.610090e-11
3464,3464.000000,4,5.563550e-12,2.586820e-13,3.639949e-16,5.556305e-19,2.284306e-10
3465,3465.000000,4,5.023537e-12,2.700062e-13,2.911994e-16,-1.397373e-19,-1.710627e-10
3466,3466.000000,4,6.792789e-12,2.546852e-13,3.639603e-16,2.742600e-20,-4.824465e-10
3467,3467.000000,4,7.233325e-12,2.502443e-13,2.911718e-16,1.074441e-19,5.119767e-10
3468,3468.000000,4,5.513812e-12,2.486900e-13,2.911581e-16,5.786790e-19,-1.646239e-11
3469,3469.000000,4,7.318590e-12,2.313705e-13,2.911445e-16,-1.412824e-21,-2.598721e-10
3470,3470.000000,4,5.073275e-12,2.451372e-13,2.911309e-16,-2.573657e-19,-9.833245e-11
3471,3471.000000,4,4.206413e-12,2.180478e-13,2.911173e-16,-1.080430e-19,1.320082e-10
3472,3472.000000,4,8.554935e-12,2.466916e-13,2.911038e-16,1.417887e-19,-7.980816e-11
3473,3473.000000,4,4.227729e-12,2.429168e-13,2.910904e-16,-3.391871e-19,-1.322440e-10
3474,3474.000000,4,5.890399e-12,2.546852e-13,2.910770e-16,3.384492e-20,3.889307e-10
3475,3475.000000,4,6.203038e-12,2.524647e-13,3.638083e-16,8.298938e-20,3.791141e-10
3476,3476.000000,4,6.608047e-12,2.406964e-13,2.910504e-16,-1.694529e-19,-2.186380e-10
3477,3477.000000,4,7.560175e-12,2.389200e-13,2.910372e-16,-1.496601e-19,1.440572e-10
3478,3478.000000,4,8.789414e-12,2.366995e-13,2.910241e-16,-1.902449e-19,4.857896e-10
3479,3479.000000,4,6.025402e-12,2.526868e-13,3.055302e-16,-6.928134e-20,-2.478773e-10
3480,3480.000000,4,5.400125e-12,2.458034e-13,2.909979e-16,2.816517e-19,-1.432512e-10
3481,3481.000000,4,6.217249e-12,2.313705e-13,2.909849e-16,6.721934e-19,-3.922356e-10
3482,3482.000000,4,4.767742e-12,2.340350e-13,2.909719e-16,-7.200276e-19,8.206147e-11
3483,3483.000000,4,5.279333e-12,2.735590e-13,2.909590e-16,-2.224851e-19,-8.685719e-11
3484,3484.000000,4,7.879919e-12,2.546852e-13,2.909462e-16,2.365406e-20,3.876757e-10
3485,3485.000000,4,5.883294e-12,2.273737e-13,2.909334e-16,-2.693366e-19,-1.658393e-10
3486,3486.000000,4,7.226220e-12,2.529088e-13,2.909206e-16,2.930105e-19,-6.453460e-11
3487,3487.000000,4,6.927792e-12,2.247091e-13,2.909079e-16,2.378574e-19,-2.365930e-11
3488,3488.000000,4,1.123368e-11,2.584599e-13,2.908953e-16,-1.589014e-19,-4.138596e-10
3489,3489.000000,4,4.469314e-12,2.575717e-13,2.908827e-16,-5.541779e-20,4.832357e-11
3490,3490.000000,4,4.689582e-12,2.575717e-13,2.908701e-16,1.471687e-19,-1.780061e-10
3491,3491.000000,4,5.343281e-12,2.455813e-13,2.908576e-16,-8.581172e-20,-1.620259e-11
3492,3492.000000,4,8.299139e-12,2.464695e-13,3.635563e-16,1.766328e-19,4.917888e-11
3493,3493.000000,4,7.219114e-12,2.611245e-13,2.908325e-16,-2.059217e-19,-2.569647e-10
3494,3494.000000,4,6.252776e-12,2.422507e-13,2.908201e-16,-1.352606e-19,1.380589e-10
3495,3495.000000,4,5.201173e-12,2.531308e-13,2.908076e-16,3.558399e-19,-2.796936e-10
3496,3496.000000,4,8.505197e-12,2.446932e-13,3.052277e-16,5.915996e-20,-4.511529e-10
3497,3497.000000,4,6.075140e-12,2.500222e-13,3.052094e-16,2.188687e-19,3.793854e-10
3498,3498.000000,4,8.157031e-12,2.700062e-13,2.907703e-16,-1.277167e-20,-3.028511e-10
3499,3499.000000,4,6.814105e-12,2.600142e-13,2.907579e-16,2.068282e-20,1.974292e-10
3500,3500.000000,4,7.283063e-12,2.662315e-13,3.634319e-16,2.366101e-19,-2.729346e-10
3501,3501.000000,4,5.215384e-12,2.509104e-13,3.051361e-16,3.388463e-19,-3.743699e-10
3502,3502.000000,4,6.757261e-12,2.577938e-13,3.051177e-16,-4.440868e-19,-3.049117e-10
3503,3503.000000,4,5.904610e-12,2.544631e-13,2.907084e-16,-2.164235e-20,2.817573e-10
3504,3504.000000,4,6.060930e-12,2.520206e-13,2.906795e-16,-2.327984e-19,1.737765e-10
3505,3505.000000,4,4.938272e-12,2.540190e-13,2.906837e-16,-1.909464e-19,-4.868075e-10
3506,3506.000000,4,7.240430e-12,2.569056e-13,3.633186e-16,3.852676e-20,1.136073e-10
3507,3507.000000,4,6.771472e-12,2.566836e-13,3.050256e-16,3.122541e-19,4.737579e-10
3508,3508.000000,4,5.634604e-12,2.575717e-13,2.906467e-16,-3.386511e-19,3.916760e-10
3509,3509.000000,4,6.203038e-12,2.498002e-13,2.906344e-16,4.169321e-20,7.017609e-10
3510,3510.000000,4,6.281198e-12,2.489120e-13,2.906220e-16,-3.217600e-19,2.297407e-11
3511,3511.000000,4,5.435652e-12,2.573497e-13,2.906097e-16,-1.543684e-19,-4.571943e-11
3512,3512.000000,4,5.762502e-12,2.489120e-13,3.632261e-16,3.052859e-19,-4.861400e-11
3513,3513.000000,4,6.750156e-12,2.358114e-13,3.632313e-16,1.511292e-19,-1.842868e-10
3514,3514.000000,4,6.799894e-12,2.424727e-13,2.905727e-16,7.963102e-20,-5.076091e-10
3515,3515.000000,4,5.080381e-12,2.540190e-13,2.905604e-16,1.477245e-19,1.687539e-11
3516,3516.000000,4,5.016432e-12,2.513545e-13,2.905481e-16,3.460427e-19,-4.604543e-10
3517,3517.000000,4,6.046719e-12,2.515765e-13,2.905358e-16,1.892192e-19,2.260583e-10
3518,3518.000000,4,4.938272e-12,2.704503e-13,2.905235e-16,-1.910423e-19,4.689338e-10
3519,3519.000000,4,5.570655e-12,2.484679e-13,2.905112e-16,-4.314243e-20,1.164691e-10
3520,3520.000000,4,7.915446e-12,2.593481e-13,3.047832e-16,-1.001054e-19,1.493441e-10
3521,3521.000000,4,5.407230e-12,2.475797e-13,3.631082e-16,-2.421091e-19,2.544023e-10
3522,3522.000000,4,6.920686e-12,2.597922e-13,2.904743e-16,1.910787e-20,7.624346e-11
3523,3523.000000,4,4.028777e-12,2.564615e-13,2.904620e-16,-4.346702e-19,5.650058e-11
3524,3524.000000,4,7.077006e-12,2.620126e-13,2.904333e-16,-7.618333e-20,2.576823e-10
3525,3525.000000,4,8.554935e-12,2.637890e-13,2.904374e-16,6.759389e-20,1.948326e-10
3526,3526.000000,4,7.410961e-12,2.569056e-13,2.904251e-16,-1.017432e-19,2.871881e-11
3527,3527.000000,4,6.345147e-12,2.557954e-13,2.904128e-16,1.492068e-19,-4.907506e-10
3528,3528.000000,4,7.297274e-12,2.295941e-13,2.904005e-16,5.497442e-20,1.337512e-10
3529,3529.000000,4,5.094591e-12,2.744471e-13,2.903883e-16,-1.229819e-19,-2.969096e-10
3530,3530.000000,4,6.920686e-12,2.404743e-13,3.629494e-16,2.428933e-20,1.066400e-10
3531,3531.000000,4,6.380674e-12,2.389200e-13,3.629341e-16,2.544408e-21,-3.837886e-10
3532,3532.000000,4,6.622258e-12,2.404743e-13,2.903514e-16,3.638602e-20,3.768807e-11
3533,3533.000000,4,7.240430e-12,2.373657e-13,2.903391e-16,2.504173e-19,-4.434555e-10
3534,3534.000000,4,6.814105e-12,2.433609e-13,2.903268e-16,-2.135152e-19,-4.525975e-10
3535,3535.000000,4,5.222489e-12,2.771117e-13,3.628727e-16,2.603170e-19,-4.829559e-11
3536,3536.000000,4,6.544099e-12,2.327027e-13,3.044875e-16,-3.201851e-19,-7.465317e-11
3537,3537.000000,4,8.327561e-12,2.589040e-13,3.044689e-16,1.646288e-19,-8.268186e-11
3538,3538.000000,4,5.911716e-12,2.307043e-13,3.044503e-16,-7.107798e-20,-3.630150e-10
3539,3539.000000,4,6.039613e-12,2.595701e-13,2.902655e-16,-1.000558e-19,4.735057e-11
3540,3540.000000,4,6.743051e-12,2.773337e-13,3.044131e-16,-1.513641e-19,9.700551e-11
3541,3541.000000,4,6.075140e-12,2.513545e-13,3.043939e-16,8.513012e-20,-5.729861e-11
3542,3542.000000,4,5.201173e-12,2.431388e-13,2.902287e-16,-4.473128e-19,8.112133e-11
3543,3543.000000,4,6.245671e-12,2.533529e-13,2.902164e-16,2.249402e-19,-1.996447e-11
3544,3544.000000,4,5.549339e-12,2.668976e-13,2.902042e-16,3.145602e-19,-3.516734e-10
3545,3545.000000,4,6.664891e-12,2.760014e-13,2.901919e-16,-1.403262e-19,2.849276e-10
3546,3546.000000,4,5.861978e-12,2.700062e-13,2.901797e-16,2.074701e-19,-1.867670e-10
3547,3547.000000,4,6.942003e-12,2.644551e-13,2.901674e-16,-1.065210e-19,-3.964864e-10
3548,3548.000000,4,8.512302e-12,2.708944e-13,3.042519e-16,2.736909e-19,1.436837e-10
3549,3549.000000,4,6.735945e-12,2.502443e-13,2.901428e-16,4.937904e-19,5.124212e-11
3550,3550.000000,4,8.995471e-12,2.777778e-13,2.901305e-16,3.132037e-20,-1.012892e-10
3551,3551.000000,4,6.060930e-12,2.688960e-13,2.901182e-16,2.139089e-20,3.740075e-10
3552,3552.000000,4,6.707523e-12,2.888800e-13,2.901058e-16,-4.569710e-19,-7.389911e-11
3553,3553.000000,4,5.307754e-12,2.624567e-13,2.900934e-16,-1.211323e-19,-4.957235e-11
3554,3554.000000,4,5.421441e-12,2.791101e-13,3.041244e-16,-2.327289e-19,2.174483e-10
3555,3555.000000,4,6.131984e-12,2.864375e-13,2.900685e-16,-3.232556e-19,-2.197797e-12
3556,3556.000000,4,5.677236e-12,2.473577e-13,3.625493e-16,-4.926026e-19,-1.815477e-10
3557,3557.000000,4,4.902745e-12,2.773337e-13,2.900434e-16,3.703784e-20,-3.506284e-10
3558,3558.000000,4,6.188827e-12,2.813305e-13,2.900308e-16,-2.882096e-19,1.358305e-10
3559,3559.000000,4,6.323830e-12,2.811085e-13,2.900181e-16,4.614642e-19,-9.174173e-11
3560,3560.000000,4,8.071765e-12,2.768896e-13,2.900054e-16,-7.138238e-20,1.818892e-10
3561,3561.000000,4,7.865708e-12,2.748912e-13,3.039711e-16,1.472150e-19,1.426197e-10
3562,3562.000000,4,5.677236e-12,2.899903e-13,3.624747e-16,6.950302e-20,-4.698233e-10
3563,3563.000000,4,5.059064e-12,2.877698e-13,2.899668e-16,-6.931774e-21,4.292167e-11
3564,3564.000000,4,5.378809e-12,2.871037e-13,3.039025e-16,-2.294897e-19,-6.565681e-11
3565,3565.000000,4,6.927792e-12,2.711165e-13,2.899409e-16,4.743186e-19,-1.989342e-11
3566,3566.000000,4,5.329071e-12,2.735590e-13,2.899278e-16,-5.856108e-20,-2.355685e-10
3567,3567.000000,4,7.808865e-12,2.726708e-13,2.899147e-16,1.320842e-20,-1.388254e-10
3568,3568.000000,4,5.883294e-12,2.646772e-13,2.899015e-16,-1.979873e-19,-2.498526e-10
3569,3569.000000,4,7.382539e-12,2.657874e-13,2.898883e-16,2.479226e-20,1.081544e-10
3570,3570.000000,4,6.664891e-12,2.582379e-13,3.623226e-16,1.118745e-19,-3.905121e-10
3571,3571.000000,4,7.503331e-12,2.964295e-13,3.037455e-16,-1.976631e-19,4.667968e-10
3572,3572.000000,4,5.606182e-12,2.913225e-13,3.622890e-16,1.861752e-19,1.020339e-11
3573,3573.000000,4,8.498091e-12,2.724487e-13,3.036996e-16,2.052268e-19,-3.572311e-10
3574,3574.000000,4,6.416201e-12,2.884359e-13,2.898211e-16,1.719675e-19,-3.218723e-10
3575,3575.000000,4,6.302514e-12,2.629008e-13,2.898075e-16,1.068916e-19,1.937752e-10
3576,3576.000000,4,6.700418e-12,2.711165e-13,2.897938e-16,-6.154555e-19,2.543321e-10
3577,3577.000000,4,9.642065e-12,2.764455e-13,2.897801e-16,9.488754e-20,-2.136691e-11
3578,3578.000000,4,5.009326e-12,2.711165e-13,2.897663e-16,1.183563e-19,1.794556e-10
3579,3579.000000,4,7.140954e-12,2.693401e-13,2.897525e-16,1.856226e-19,-1.429052e-10
3580,3580.000000,4,5.961454e-12,2.846612e-13,2.897386e-16,-3.184811e-19,1.757940e-10
3581,3581.000000,4,9.102052e-12,2.970957e-13,2.897246e-16,-1.224227e-21,6.236180e-10
3582,3582.000000,4,7.247536e-12,2.766676e-13,2.897106e-16,-1.035829e-19,-3.049143e-10
3583,3583.000000,4,6.053824e-12,2.939871e-13,2.896965e-16,7.702375e-20,5.126077e-10
3584,3584.000000,4,5.421441e-12,2.535749e-13,2.896823e-16,-2.630765e-20,2.181189e-11
3585,3585.000000,4,6.586731e-12,2.731149e-13,2.896681e-16,1.464705e-19,-2.545337e-10
3586,3586.000000,4,4.604317e-12,2.939871e-13,2.896539e-16,1.289773e-19,-3.945564e-10
3587,3587.000000,4,5.826450e-12,2.788880e-13,2.896396e-16,-3.402359e-20,2.400480e-10
3588,3588.000000,4,7.204903e-12,2.922107e-13,2.896252e-16,-5.242671e-20,4.162457e-10
3589,3589.000000,4,7.865708e-12,2.724487e-13,2.896108e-16,-2.738630e-20,4.761969e-11
3590,3590.000000,4,7.005951e-12,2.733369e-13,2.895963e-16,2.741508e-19,8.088596e-11
3591,3591.000000,4,7.318590e-12,2.866596e-13,3.032771e-16,8.015711e-20,2.217724e-10
3592,3592.000000,4,5.961454e-12,2.760014e-13,2.895671e-16,1.730793e-20,3.662559e-10
3593,3593.000000,4,6.622258e-12,2.642331e-13,3.619187e-16,6.197899e-20,-3.584342e-10
3594,3594.000000,4,5.911716e-12,2.813305e-13,2.895378e-16,-1.124238e-19,2.722778e-10
3595,3595.000000,4,6.942003e-12,2.731149e-13,2.895230e-16,3.971857e-19,2.523377e-10
3596,3596.000000,4,6.387779e-12,2.851053e-13,3.618632e-16,-8.451801e-20,-4.533978e-10
3597,3597.000000,4,6.593837e-12,2.615685e-13,2.894933e-16,-3.955081e-19,-1.727032e-10
3598,3598.000000,4,8.839152e-12,2.631229e-13,3.031088e-16,1.649431e-19,-4.359801e-10
3599,3599.000000,4,5.961454e-12,2.706724e-13,3.618071e-16,-6.358074e-19,-1.878373e-10
3600,3600.000000,4,5.002221e-12,2.717826e-13,2.894483e-16,7.768549e-20,-2.223315e-10
3601,3601.000000,4,7.439382e-12,2.835510e-13,3.617694e-16,1.477444e-19,-2.459206e-10
3602,3602.000000,4,7.695178e-12,2.826628e-13,2.894181e-16,-2.594733e-19,-3.920260e-10
3603,3603.000000,4,6.231460e-12,2.686740e-13,2.894029e-16,-1.012469e-20,-3.004486e-11
3604,3604.000000,4,6.188827e-12,2.537970e-13,2.893876e-16,-4.530369e-19,-1.208003e-10
3605,3605.000000,4,8.554935e-12,2.586820e-13,2.893723e-16,4.824117e-20,5.770007e-11
3606,3606.000000,4,6.693313e-12,2.573497e-13,2.893570e-16,-1.860329e-19,4.926815e-10
3607,3607.000000,4,6.487255e-12,2.662315e-13,2.893416e-16,1.833032e-20,-1.565592e-11
3608,3608.000000,4,8.341772e-12,2.542411e-13,2.893262e-16,2.018652e-19,2.431135e-10
3609,3609.000000,4,5.364598e-12,2.673417e-13,2.893107e-16,-1.367098e-19,9.823520e-11
3610,3610.000000,4,8.071765e-12,2.307043e-13,3.028386e-16,-1.523005e-20,8.024692e-11
3611,3611.000000,4,6.799894e-12,2.715606e-13,2.892798e-16,-4.428427e-19,2.372085e-10
3612,3612.000000,4,7.354117e-12,2.347011e-13,2.892643e-16,3.471346e-19,-1.372951e-10
3613,3613.000000,4,7.482015e-12,2.622347e-13,2.892488e-16,-1.188758e-19,-1.133107e-10
3614,3614.000000,4,4.156675e-12,2.549072e-13,2.892333e-16,-3.334762e-19,-2.837446e-10
3615,3615.000000,4,3.829825e-12,2.380318e-13,3.615223e-16,-5.539430e-19,2.162630e-10
3616,3616.000000,4,8.732570e-12,2.589040e-13,2.891846e-16,-3.032146e-19,-1.555258e-10
3617,3617.000000,4,9.507062e-12,2.371436e-13,3.026911e-16,-4.238076e-19,-2.382046e-10
3618,3618.000000,4,6.210144e-12,2.520206e-13,2.891716e-16,-1.883556e-19,3.011911e-10
3619,3619.000000,4,5.805134e-12,2.673417e-13,2.891562e-16,-2.158015e-19,6.613421e-11
3620,3620.000000,4,4.867218e-12,2.540190e-13,3.614038e-16,-1.457625e-19,2.713385e-12
3621,3621.000000,4,4.760636e-12,2.404743e-13,3.614069e-16,2.387806e-19,-1.121330e-10
3622,3622.000000,4,5.400125e-12,2.620126e-13,3.025912e-16,-2.444484e-19,4.794534e-10
3623,3623.000000,4,6.473044e-12,2.486900e-13,2.890949e-16,1.146969e-19,3.042224e-10
3624,3624.000000,4,7.439382e-12,2.449152e-13,3.613275e-16,-9.239607e-20,1.484870e-10
3625,3625.000000,4,5.748291e-12,2.622347e-13,2.890645e-16,4.996171e-22,-2.606848e-10
3626,3626.000000,4,6.004086e-12,2.635669e-13,3.025114e-16,-1.192794e-19,-2.821028e-10
3627,3627.000000,4,6.323830e-12,2.449152e-13,2.890342e-16,4.944886e-20,2.725673e-10
3628,3628.000000,4,6.508571e-12,2.509104e-13,2.890192e-16,-5.869674e-20,2.104072e-10
3629,3629.000000,4,8.149925e-12,2.662315e-13,2.890041e-16,3.304553e-19,-4.355987e-10
3630,3630.000000,4,6.522782e-12,2.462475e-13,2.889891e-16,-4.737164e-19,-7.343059e-11
3631,3631.000000,4,6.366463e-12,2.473577e-13,2.889742e-16,-4.991539e-20,2.616547e-10
3632,3632.000000,4,5.918821e-12,2.351452e-13,2.889592e-16,-9.210822e-20,4.171725e-10
3633,3633.000000,4,5.634604e-12,2.571277e-13,2.889444e-16,3.595853e-19,-7.843948e-12
3634,3634.000000,4,7.652545e-12,2.438050e-13,3.611401e-16,-4.492749e-19,2.390101e-10
3635,3635.000000,4,5.584866e-12,2.406964e-13,3.023356e-16,-1.749520e-19,2.936806e-11
3636,3636.000000,4,4.305889e-12,2.700062e-13,2.889000e-16,-1.542295e-19,-1.788569e-10
3637,3637.000000,4,6.224354e-12,2.413625e-13,2.888853e-16,-1.721925e-19,-1.230087e-10
3638,3638.000000,4,6.814105e-12,2.435829e-13,2.888706e-16,-2.082179e-19,-4.235901e-11
3639,3639.000000,4,7.368328e-12,2.695622e-13,3.610483e-16,-1.152031e-19,1.762430e-10
3640,3640.000000,4,6.096457e-12,2.624567e-13,2.888414e-16,1.593481e-20,-2.275886e-10
3641,3641.000000,4,6.693313e-12,2.593481e-13,3.022192e-16,2.913959e-19,5.928507e-10
3642,3642.000000,4,6.046719e-12,2.362555e-13,2.888123e-16,-4.444309e-19,-3.487455e-10
3643,3643.000000,4,7.432277e-12,2.751133e-13,2.887979e-16,-5.018008e-19,-1.548388e-10
3644,3644.000000,4,6.025402e-12,2.586820e-13,3.021641e-16,2.581432e-19,1.741385e-10
3645,3645.000000,4,7.503331e-12,2.533529e-13,2.887691e-16,2.139685e-19,-1.787535e-10
3646,3646.000000,4,5.378809e-12,2.688960e-13,2.887548e-16,4.246447e-19,-2.574487e-10
3647,3647.000000,4,8.093082e-12,2.542411e-13,2.887405e-16,2.162813e-19,6.660272e-11
3648,3648.000000,4,8.363088e-12,2.517986e-13,2.887262e-16,1.913633e-19,2.917537e-10
3649,3649.000000,4,7.084111e-12,2.371436e-13,2.887120e-16,-1.109580e-19,-7.559202e-10
3650,3650.000000,4,7.212009e-12,2.640110e-13,2.886978e-16,-8.875648e-20,-9.394929e-11
3651,3651.000000,4,5.670131e-12,2.351452e-13,2.886837e-16,1.788927e-19,5.924727e-11
3652,3652.000000,4,4.661160e-12,2.726708e-13,2.886696e-16,-1.603903e-19,-1.507408e-10
3653,3653.000000,4,5.130119e-12,2.553513e-13,3.607982e-16,-9.578421e-20,8.151702e-11
3654,3654.000000,4,7.737810e-12,2.504663e-13,3.019778e-16,-1.199246e-19,-1.035318e-10
3655,3655.000000,4,7.418066e-12,2.480238e-13,2.886276e-16,-2.715766e-19,-2.172134e-10
3656,3656.000000,4,7.318590e-12,2.400302e-13,2.886137e-16,1.993505e-19,-1.539990e-10
3657,3657.000000,4,9.315215e-12,2.602363e-13,2.885998e-16,-1.765667e-19,-1.490923e-10
3658,3658.000000,4,5.158540e-12,2.542411e-13,2.885860e-16,-2.323054e-20,1.959943e-11
3659,3659.000000,4,5.712764e-12,2.602363e-13,2.885722e-16,3.112912e-19,5.896750e-11
3660,3660.000000,4,4.718004e-12,2.511324e-13,2.885584e-16,-3.154569e-19,1.409401e-10
3661,3661.000000,4,8.171241e-12,2.495781e-13,3.606597e-16,-2.640758e-19,-2.916001e-10
3662,3662.000000,4,4.128253e-12,2.566836e-13,3.018309e-16,5.716050e-19,-4.451532e-10
3663,3663.000000,4,6.906475e-12,2.442491e-13,2.885173e-16,2.300555e-20,-1.564175e-10
3664,3664.000000,4,5.911716e-12,2.513545e-13,2.885037e-16,-4.087265e-20,-2.226823e-10
3665,3665.000000,4,7.212009e-12,2.515765e-13,2.884902e-16,-1.149549e-19,2.158074e-10
3666,3666.000000,4,8.917311e-12,2.624567e-13,3.017539e-16,9.452027e-20,3.901772e-10
3667,3667.000000,4,6.210144e-12,2.424727e-13,2.884631e-16,-3.475813e-20,3.992549e-10
3668,3668.000000,4,4.718004e-12,2.549072e-13,2.884497e-16,1.417060e-19,-1.991118e-11
3669,3669.000000,4,4.831691e-12,2.495781e-13,2.884362e-16,1.143991e-19,1.366018e-11
3670,3670.000000,4,6.544099e-12,2.393641e-13,3.605285e-16,1.770828e-20,2.780460e-10
3671,3671.000000,4,7.176482e-12,2.646772e-13,3.604909e-16,-7.259337e-20,2.930260e-10
3672,3672.000000,4,7.602807e-12,2.426948e-13,2.883961e-16,-2.944432e-20,-2.887077e-10
3673,3673.000000,4,6.799894e-12,2.355893e-13,2.883827e-16,1.004131e-19,-1.342917e-10
3674,3674.000000,4,6.942003e-12,2.573497e-13,2.883694e-16,3.061991e-19,8.912870e-11
3675,3675.000000,4,5.776712e-12,2.322587e-13,2.883561e-16,8.946455e-20,2.973657e-10
3676,3676.000000,4,6.032508e-12,2.482459e-13,3.604285e-16,2.032548e-19,4.285639e-11
3677,3677.000000,4,7.332801e-12,2.349232e-13,2.883295e-16,1.031759e-19,3.768195e-10
3678,3678.000000,4,6.679102e-12,2.435829e-13,2.883162e-16,-1.477709e-19,4.501288e-10
3679,3679.000000,4,6.927792e-12,2.668976e-13,3.015064e-16,1.837698e-19,-2.492739e-10
3680,3680.000000,4,9.855228e-12,2.557954e-13,3.603621e-16,9.362361e-20,-3.486131e-10
3681,3681.000000,4,6.409095e-12,2.486900e-13,2.882764e-16,2.159471e-19,-5.117240e-12
3682,3682.000000,4,5.513812e-12,2.444711e-13,3.603082e-16,-8.873994e-20,5.226930e-12
3683,3683.000000,4,5.698553e-12,2.544631e-13,2.882499e-16,1.969385e-19,-1.217377e-10
3684,3684.000000,4,5.677236e-12,2.509104e-13,2.882367e-16,-3.052561e-19,1.193134e-10
3685,3685.000000,4,5.172751e-12,2.604583e-13,2.882234e-16,-1.845076e-19,-2.760765e-10
3686,3686.000000,4,7.062795e-12,2.473577e-13,3.013696e-16,2.362825e-19,-3.089751e-10
3687,3687.000000,4,6.245671e-12,2.391420e-13,2.881970e-16,-3.744481e-20,2.551275e-10
3688,3688.000000,4,4.973799e-12,2.520206e-13,2.881837e-16,-3.033801e-19,4.986687e-10
3689,3689.000000,4,8.206769e-12,2.464695e-13,2.881705e-16,-5.693319e-20,1.033476e-10
3690,3690.000000,4,6.068035e-12,2.429168e-13,2.881573e-16,-1.216948e-19,4.134426e-11
3691,3691.000000,4,4.867218e-12,2.575717e-13,3.012744e-16,-7.151473e-20,-1.646185e-10
3692,3692.000000,4,6.721734e-12,2.378098e-13,2.881309e-16,1.629413e-19,2.195759e-10
3693,3693.000000,4,4.902745e-12,2.664535e-13,2.881176e-16,-5.208260e-20,-1.638778e-10
3694,3694.000000,4,8.398615e-12,2.651213e-13,3.601305e-16,-2.762386e-19,-5.169682e-10
3695,3695.000000,4,5.762502e-12,2.524647e-13,3.011953e-16,-2.765331e-19,-4.624301e-11
3696,3696.000000,4,8.697043e-12,2.537970e-13,2.880780e-16,-6.403040e-20,-2.204201e-10
3697,3697.000000,4,6.068035e-12,2.353673e-13,2.880648e-16,-6.445060e-20,-1.520735e-10
3698,3698.000000,4,6.181722e-12,2.298162e-13,2.880516e-16,3.354714e-19,-2.840217e-10
3699,3699.000000,4,6.679102e-12,2.748912e-13,3.600273e-16,-3.269349e-20,4.016520e-11
3700,3700.000000,4,6.039613e-12,2.569056e-13,3.600107e-16,3.614779e-20,-4.604406e-11
3701,3701.000000,4,6.124878e-12,2.626788e-13,2.880119e-16,-3.183686e-19,-2.072609e-11
3702,3702.000000,4,5.819345e-12,2.418066e-13,2.879987e-16,5.500420e-20,2.820708e-10
3703,3703.000000,4,7.133849e-12,2.440270e-13,2.879855e-16,-2.189944e-19,-2.850471e-10
3704,3704.000000,4,6.430412e-12,2.415845e-13,2.879723e-16,1.356312e-19,-2.562262e-10
3705,3705.000000,4,7.872814e-12,2.542411e-13,2.879591e-16,-1.968690e-20,-8.440448e-11
3706,3706.000000,4,5.755396e-12,2.458034e-13,3.599117e-16,-4.633833e-19,3.571143e-11
3707,3707.000000,4,5.591971e-12,2.622347e-13,3.598952e-16,2.007038e-19,-1.209655e-11
3708,3708.000000,4,5.776712e-12,2.411404e-13,2.879195e-16,3.350710e-19,-5.514078e-10
3709,3709.000000,4,5.215384e-12,2.569056e-13,3.598622e-16,-3.123335e-19,2.910840e-10
3710,3710.000000,4,6.821210e-12,2.382539e-13,2.878931e-16,1.978219e-19,-2.494276e-10
3711,3711.000000,4,5.130119e-12,2.420286e-13,2.878799e-16,-1.385660e-19,-5.887735e-11
3712,3712.000000,4,5.414336e-12,2.473577e-13,3.008671e-16,2.137236e-19,-1.328271e-10
3713,3713.000000,4,8.171241e-12,2.440270e-13,2.878535e-16,4.972348e-20,6.090461e-11
3714,3714.000000,4,6.416201e-12,2.577938e-13,3.008282e-16,2.870383e-19,2.326876e-10
3715,3715.000000,4,4.803269e-12,2.653433e-13,2.878271e-16,-3.675494e-19,1.079581e-11
3716,3716.000000,4,5.968559e-12,2.489120e-13,2.878139e-16,-9.348464e-20,-2.876961e-10
3717,3717.000000,4,6.593837e-12,2.537970e-13,3.597509e-16,5.716149e-19,1.668212e-10
3718,3718.000000,4,6.068035e-12,2.486900e-13,2.877875e-16,-2.738398e-19,-1.610743e-10
3719,3719.000000,4,5.563550e-12,2.668976e-13,3.007312e-16,-2.843913e-19,-4.027521e-10
3720,3720.000000,4,6.522782e-12,2.480238e-13,3.596808e-16,1.673320e-19,-3.069860e-10
3721,3721.000000,4,5.549339e-12,2.504663e-13,2.877480e-16,-3.172569e-19,2.912954e-10
3722,3722.000000,4,4.341416e-12,2.611245e-13,2.877348e-16,-2.382611e-20,-1.888747e-10
3723,3723.000000,4,8.249401e-12,2.442491e-13,2.877216e-16,-3.128496e-19,-2.736829e-10
3724,3724.000000,4,5.528022e-12,2.231548e-13,2.877084e-16,-3.366195e-19,9.015100e-11
3725,3725.000000,4,5.961454e-12,2.722267e-13,2.876952e-16,1.092871e-19,-4.741496e-11
3726,3726.000000,4,4.980905e-12,2.473577e-13,2.876820e-16,1.758354e-19,2.406599e-10
3727,3727.000000,4,5.584866e-12,2.455813e-13,3.005743e-16,-1.618693e-19,3.184564e-12
3728,3728.000000,4,5.911716e-12,2.504663e-13,2.876556e-16,7.459515e-20,-1.260547e-10
3729,3729.000000,4,9.514167e-12,2.455813e-13,3.005348e-16,-1.867675e-19,-6.842038e-11
3730,3730.000000,4,6.956213e-12,2.626788e-13,2.876292e-16,-1.809342e-19,-4.602518e-10
3731,3731.000000,4,6.885159e-12,2.398082e-13,2.876160e-16,1.247719e-19,4.577045e-10
3732,3732.000000,4,6.259882e-12,2.537970e-13,2.876028e-16,2.329407e-19,-6.145373e-10
3733,3733.000000,4,6.011192e-12,2.531308e-13,3.594870e-16,-1.801699e-19,9.997381e-11
3734,3734.000000,4,7.396750e-12,2.302603e-13,2.875764e-16,-1.674776e-19,-3.197420e-10
3735,3735.000000,4,7.432277e-12,2.642331e-13,2.875632e-16,2.513107e-19,-2.696021e-11
3736,3736.000000,4,6.679102e-12,2.491340e-13,3.003958e-16,2.196661e-19,3.815170e-12
3737,3737.000000,4,4.590106e-12,2.655653e-13,3.594209e-16,5.600708e-19,2.315002e-10
3738,3738.000000,4,4.959588e-12,2.635669e-13,2.875234e-16,2.698726e-19,-1.358775e-10
3739,3739.000000,4,5.414336e-12,2.589040e-13,2.875102e-16,2.772941e-19,4.759464e-10
3740,3740.000000,4,4.874323e-12,2.531308e-13,2.874969e-16,-1.613399e-19,-4.208269e-10
3741,3741.000000,4,7.965184e-12,2.335909e-13,2.874836e-16,1.428574e-19,4.066081e-12
3742,3742.000000,4,5.002221e-12,2.329248e-13,2.874704e-16,-1.944834e-19,-2.072635e-10
3743,3743.000000,4,7.283063e-12,2.731149e-13,2.874571e-16,1.051843e-19,-8.100454e-11
3744,3744.000000,4,5.513812e-12,2.340350e-13,3.002361e-16,4.155755e-21,1.121956e-10
3745,3745.000000,4,6.103562e-12,2.400302e-13,2.874305e-16,9.263099e-20,2.578693e-11
3746,3746.000000,4,7.013057e-12,2.478018e-13,3.592508e-16,-2.392901e-19,2.877756e-10
3747,3747.000000,4,6.984635e-12,2.675637e-13,2.874038e-16,1.236734e-19,-2.079226e-10
3748,3748.000000,4,8.434142e-12,2.675637e-13,2.873905e-16,4.063310e-19,-1.507181e-10
3749,3749.000000,4,6.977530e-12,2.491340e-13,3.592007e-16,1.148127e-19,5.522263e-10
3750,3750.000000,4,7.183587e-12,2.620126e-13,2.873638e-16,2.532099e-19,-1.089084e-11
3751,3751.000000,4,9.038104e-12,2.589040e-13,3.000959e-16,1.115767e-19,-1.401443e-10
3752,3752.000000,4,6.878054e-12,2.642331e-13,2.873370e-16,-1.369116e-19,-2.495506e-10
3753,3753.000000,4,6.679102e-12,2.540190e-13,2.873237e-16,-1.793923e-19,8.127783e-10
3754,3754.000000,4,6.600942e-12,2.455813e-13,2.873103e-16,8.226808e-20,3.617369e-10
3755,3755.000000,4,6.032508e-12,2.478018e-13,2.872969e-16,2.428172e-19,-1.302958e-10
3756,3756.000000,4,7.780443e-12,2.375877e-13,2.872835e-16,3.184050e-19,4.093414e-10
3757,3757.000000,4,6.224354e-12,2.462475e-13,2.872700e-16,-2.790444e-19,-1.921050e-10
3758,3758.000000,4,5.975664e-12,2.406964e-13,2.872566e-16,-1.023355e-19,-9.733059e-11
3759,3759.000000,4,7.865708e-12,2.440270e-13,2.872432e-16,7.524035e-21,-2.826916e-10
3760,3760.000000,4,8.967049e-12,2.498002e-13,2.872297e-16,-1.719014e-19,-2.685501e-10
3761,3761.000000,4,5.051959e-12,2.511324e-13,2.872163e-16,1.216849e-19,4.063558e-10
3762,3762.000000,4,6.053824e-12,2.582379e-13,3.589828e-16,2.561547e-19,-4.945075e-10
3763,3763.000000,4,7.865708e-12,2.406964e-13,2.871893e-16,-3.275304e-19,4.701302e-10
3764,3764.000000,4,7.311485e-12,2.635669e-13,2.871758e-16,1.479462e-19,2.904432e-11
3765,3765.000000,4,6.650680e-12,2.440270e-13,2.871623e-16,1.217114e-19,-1.066822e-10
3766,3766.000000,4,5.428547e-12,2.577938e-13,2.871488e-16,-3.474489e-20,1.125500e-11
3767,3767.000000,4,6.224354e-12,2.522427e-13,2.871353e-16,8.828333e-20,1.414158e-11
3768,3768.000000,4,6.636469e-12,2.626788e-13,2.871218e-16,2.411099e-19,8.077983e-13
3769,3769.000000,4,6.153300e-12,2.418066e-13,2.871083e-16,2.260122e-19,-3.668186e-10
3770,3770.000000,4,5.201173e-12,2.691181e-13,2.870947e-16,4.061258e-19,-6.673995e-11
3771,3771.000000,4,1.041656e-11,2.495781e-13,2.870812e-16,4.577287e-20,-2.721445e-10
3772,3772.000000,4,7.162271e-12,2.673417e-13,2.870676e-16,2.058025e-19,-2.212897e-11
3773,3773.000000,4,6.465939e-12,2.642331e-13,3.587969e-16,-3.213861e-19,1.616214e-10
3774,3774.000000,4,6.153300e-12,2.515765e-13,2.870405e-16,-1.617667e-19,-3.742864e-10
3775,3775.000000,4,5.464074e-12,2.617906e-13,3.587629e-16,5.037927e-19,3.109433e-10
3776,3776.000000,4,9.215739e-12,2.624567e-13,2.995924e-16,-3.075458e-19,3.987610e-11
3777,3777.000000,4,5.677236e-12,2.524647e-13,2.869998e-16,-1.174762e-19,3.232392e-10
3778,3778.000000,4,5.961454e-12,2.320366e-13,2.869862e-16,9.679668e-20,-3.798233e-10
3779,3779.000000,4,5.577760e-12,2.402523e-13,2.869725e-16,2.694954e-20,-5.483716e-10
3780,3780.000000,4,5.456968e-12,2.589040e-13,2.869589e-16,-3.885929e-19,1.313842e-10
3781,3781.000000,4,6.586731e-12,2.429168e-13,2.869453e-16,1.675107e-19,-3.966001e-10
3782,3782.000000,4,5.762502e-12,2.471356e-13,2.869317e-16,2.166320e-19,2.866747e-10
3783,3783.000000,4,6.785683e-12,2.351452e-13,2.869180e-16,-5.635747e-20,1.602900e-10
3784,3784.000000,4,5.826450e-12,2.673417e-13,2.869044e-16,1.127546e-19,1.396798e-10
3785,3785.000000,4,7.887024e-12,2.504663e-13,2.868907e-16,-3.199204e-20,3.866560e-10
3786,3786.000000,4,6.508571e-12,2.560174e-13,3.585755e-16,6.624426e-19,-4.128000e-10
3787,3787.000000,4,7.162271e-12,2.360334e-13,2.993743e-16,-2.180680e-19,-1.843228e-10
3788,3788.000000,4,4.931167e-12,2.360334e-13,2.868497e-16,6.247530e-20,1.661720e-10
3789,3789.000000,4,7.233325e-12,2.564615e-13,2.868361e-16,-5.710557e-19,-4.085310e-11
3790,3790.000000,4,5.684342e-12,2.613465e-13,2.868224e-16,-1.126951e-19,-1.781846e-10
3791,3791.000000,4,4.789058e-12,2.524647e-13,2.868088e-16,2.013622e-19,2.325025e-10
3792,3792.000000,4,6.920686e-12,2.347011e-13,2.867951e-16,2.181209e-19,-3.065703e-10
3793,3793.000000,4,5.428547e-12,2.524647e-13,2.992633e-16,7.635473e-19,-1.813580e-10
3794,3794.000000,4,7.048584e-12,2.369216e-13,2.867679e-16,8.606318e-20,-3.707670e-10
3795,3795.000000,4,6.302514e-12,2.533529e-13,2.867543e-16,5.591311e-19,-7.526824e-11
3796,3796.000000,4,5.933032e-12,2.464695e-13,2.867408e-16,8.153685e-20,-3.758194e-11
3797,3797.000000,4,6.892265e-12,2.540190e-13,2.867273e-16,2.541397e-19,1.903970e-10
3798,3798.000000,4,5.613288e-12,2.280398e-13,2.867137e-16,-3.141996e-19,6.825842e-10
3799,3799.000000,4,4.284573e-12,2.244871e-13,2.867003e-16,1.121657e-19,-3.547460e-10
3800,3800.000000,4,5.236700e-12,2.635669e-13,2.866868e-16,3.636617e-19,3.116263e-11
3801,3801.000000,4,4.540368e-12,2.260414e-13,2.866734e-16,1.872406e-19,6.946799e-11
3802,3802.000000,4,4.803269e-12,2.478018e-13,2.866600e-16,8.890206e-20,3.354770e-10
3803,3803.000000,4,7.268852e-12,2.340350e-13,2.866466e-16,1.872439e-19,-2.913265e-10
3804,3804.000000,4,7.823076e-12,2.611245e-13,2.866332e-16,-2.589141e-19,9.717205e-11
3805,3805.000000,4,6.593837e-12,2.309264e-13,2.990442e-16,-4.748348e-20,8.944223e-11
3806,3806.000000,4,5.819345e-12,2.411404e-13,2.866066e-16,-5.897566e-19,-3.303446e-11
3807,3807.000000,4,7.801759e-12,2.391420e-13,2.865934e-16,1.797166e-19,1.991700e-10
3808,3808.000000,4,6.572520e-12,2.500222e-13,3.582048e-16,1.929283e-19,1.363252e-10
3809,3809.000000,4,5.158540e-12,2.404743e-13,3.581883e-16,1.618958e-19,-1.435030e-11
3810,3810.000000,4,6.366463e-12,2.526868e-13,2.989547e-16,3.109140e-19,-4.210476e-10
3811,3811.000000,4,5.982770e-12,2.231548e-13,2.865407e-16,-2.102859e-19,-2.524931e-10
3812,3812.000000,4,5.776712e-12,2.373657e-13,2.865113e-16,1.989866e-20,3.004805e-10
3813,3813.000000,4,6.529888e-12,2.222666e-13,2.865145e-16,-5.773059e-20,8.988321e-11
3814,3814.000000,4,6.224354e-12,2.398082e-13,2.865015e-16,1.218801e-19,-3.931033e-11
3815,3815.000000,4,5.520917e-12,2.240430e-13,2.864885e-16,-3.958291e-19,-7.156942e-12
3816,3816.000000,4,9.080736e-12,2.247091e-13,2.864755e-16,7.277535e-20,-2.042571e-10
3817,3817.000000,4,1.063682e-11,2.400302e-13,2.864626e-16,-1.790184e-19,-5.240297e-11
3818,3818.000000,4,6.259882e-12,2.395861e-13,2.864497e-16,-6.030808e-20,-2.219278e-10
3819,3819.000000,4,7.041479e-12,2.351452e-13,2.864368e-16,-1.542262e-19,-8.229906e-11
3820,3820.000000,4,4.718004e-12,2.253753e-13,2.987786e-16,-1.721528e-19,-3.090204e-10
3821,3821.000000,4,5.144329e-12,2.322587e-13,2.864111e-16,6.846408e-20,-2.296225e-10
3822,3822.000000,4,5.144329e-12,2.300382e-13,2.987422e-16,1.948440e-19,-2.351248e-10
3823,3823.000000,4,6.146195e-12,2.182698e-13,2.987263e-16,-5.480237e-20,2.630220e-10
3824,3824.000000,4,6.586731e-12,2.244871e-13,2.863729e-16,4.402785e-19,1.297606e-10
3825,3825.000000,4,6.345147e-12,2.218226e-13,2.986901e-16,-3.870246e-19,-2.739271e-10
3826,3826.000000,4,5.492495e-12,2.353673e-13,2.863475e-16,-2.549966e-19,-3.956222e-10
3827,3827.000000,4,7.318590e-12,2.327027e-13,2.986556e-16,1.228562e-19,3.078204e-10
3828,3828.000000,4,5.655920e-12,2.344791e-13,2.863223e-16,2.875611e-19,2.149734e-10
3829,3829.000000,4,8.633094e-12,2.282619e-13,2.863097e-16,9.282621e-20,-3.540559e-10
3830,3830.000000,4,4.753531e-12,2.378098e-13,3.578516e-16,1.684140e-20,-1.042064e-10
3831,3831.000000,4,4.938272e-12,2.251532e-13,2.985884e-16,-6.045698e-20,-2.105116e-11
3832,3832.000000,4,6.977530e-12,2.311484e-13,3.578403e-16,3.370596e-20,-4.075140e-11
3833,3833.000000,4,5.407230e-12,2.466916e-13,2.862598e-16,-5.964303e-20,-2.074962e-11
3834,3834.000000,4,8.306245e-12,2.335909e-13,2.862474e-16,-1.001385e-19,4.403464e-10
3835,3835.000000,4,5.762502e-12,2.511324e-13,2.862350e-16,2.576932e-19,-7.616929e-11
3836,3836.000000,4,5.663026e-12,2.373657e-13,3.577585e-16,-4.647299e-19,-6.777170e-10
3837,3837.000000,4,5.094591e-12,2.347011e-13,2.862103e-16,-5.208591e-20,3.464860e-10
3838,3838.000000,4,5.435652e-12,2.231548e-13,2.861980e-16,1.853315e-19,3.581770e-10
3839,3839.000000,4,5.954348e-12,2.458034e-13,2.861858e-16,1.203051e-19,-6.911560e-10
3840,3840.000000,4,6.153300e-12,2.244871e-13,2.984353e-16,-4.618977e-20,3.236877e-10
3841,3841.000000,4,6.224354e-12,2.444711e-13,2.861613e-16,-5.304544e-20,-6.000191e-10
3842,3842.000000,4,5.208278e-12,2.609024e-13,2.861492e-16,-8.506064e-20,-1.056466e-10
3843,3843.000000,4,4.639844e-12,2.264855e-13,2.861370e-16,-3.630463e-19,3.628586e-10
3844,3844.000000,4,5.897505e-12,2.393641e-13,2.983676e-16,-1.303471e-19,-1.692113e-10
3845,3845.000000,4,6.863843e-12,2.327027e-13,2.861128e-16,-3.071123e-19,-4.773857e-10
3846,3846.000000,4,4.853007e-12,2.395861e-13,2.861008e-16,-2.843847e-19,1.530673e-10
3847,3847.000000,4,5.130119e-12,2.180478e-13,2.860887e-16,-1.358561e-20,-2.491030e-10
3848,3848.000000,4,5.854872e-12,2.242651e-13,3.575763e-16,-3.129886e-19,1.803659e-10
3849,3849.000000,4,5.094591e-12,2.431388e-13,3.575614e-16,-4.897240e-20,-2.595333e-10
3850,3850.000000,4,5.201173e-12,2.493561e-13,2.860528e-16,-3.812608e-19,-3.741807e-11
3851,3851.000000,4,5.762502e-12,2.322587e-13,3.575511e-16,4.286913e-19,6.078249e-11
3852,3852.000000,4,5.847767e-12,2.495781e-13,3.575167e-16,-1.548184e-19,-1.371250e-10
3853,3853.000000,4,6.217249e-12,2.238210e-13,2.860171e-16,1.021039e-19,-2.935843e-10
3854,3854.000000,4,8.185452e-12,2.406964e-13,2.860053e-16,-6.802733e-21,-1.128448e-10
3855,3855.000000,4,6.885159e-12,2.429168e-13,2.859934e-16,-3.464365e-19,-1.733373e-10
3856,3856.000000,4,8.078871e-12,2.287059e-13,2.859816e-16,2.806491e-19,-2.856009e-10
3857,3857.000000,4,6.721734e-12,2.016165e-13,2.859699e-16,1.220091e-19,-1.446190e-10
3858,3858.000000,4,7.389644e-12,2.235989e-13,2.859581e-16,-1.751373e-19,-5.204788e-10
3859,3859.000000,4,6.160406e-12,2.193801e-13,3.574330e-16,8.180155e-20,3.798104e-10
3860,3860.000000,4,8.867573e-12,2.438050e-13,2.859347e-16,1.354723e-19,-5.462328e-10
3861,3861.000000,4,5.890399e-12,2.180478e-13,2.859230e-16,1.132510e-19,3.649752e-10
3862,3862.000000,4,7.155165e-12,2.271516e-13,2.859113e-16,1.470562e-19,4.941922e-10
3863,3863.000000,4,6.586731e-12,2.464695e-13,2.858997e-16,3.428829e-20,-1.004423e-10
3864,3864.000000,4,7.176482e-12,2.491340e-13,2.858881e-16,1.326831e-19,-1.414646e-11
3865,3865.000000,4,6.856737e-12,2.324807e-13,2.858765e-16,-3.261540e-19,-3.621548e-11
3866,3866.000000,4,4.199308e-12,2.249312e-13,2.858649e-16,1.291295e-19,-3.998495e-10
3867,3867.000000,4,9.030998e-12,2.366995e-13,2.858534e-16,9.655183e-20,3.453065e-10
3868,3868.000000,4,4.874323e-12,2.329248e-13,2.979657e-16,1.533361e-19,1.400609e-10
3869,3869.000000,4,5.101697e-12,2.395861e-13,2.858303e-16,6.674355e-20,-7.649303e-11
3870,3870.000000,4,7.766232e-12,2.422507e-13,2.858189e-16,-3.322751e-19,1.076277e-10
3871,3871.000000,4,4.682477e-12,2.384759e-13,2.858074e-16,-3.176307e-19,3.440319e-10
3872,3872.000000,4,5.712764e-12,2.384759e-13,2.857959e-16,5.756184e-20,-5.237961e-10
3873,3873.000000,4,6.956213e-12,2.338130e-13,2.857845e-16,1.839087e-19,-6.502532e-11
3874,3874.000000,4,8.093082e-12,2.289280e-13,2.857731e-16,-1.682485e-19,2.867147e-10
3875,3875.000000,4,6.231460e-12,2.231548e-13,2.857617e-16,-5.496748e-19,-7.571765e-11
3876,3876.000000,4,8.590462e-12,2.506884e-13,2.857504e-16,1.534850e-19,3.865051e-10
3877,3877.000000,4,6.153300e-12,2.295941e-13,3.571547e-16,1.194780e-20,3.347749e-10
3878,3878.000000,4,5.982770e-12,2.320366e-13,2.857277e-16,-2.268592e-19,5.246337e-11
3879,3879.000000,4,6.480150e-12,2.506884e-13,2.857164e-16,1.426092e-19,2.998690e-10
3880,3880.000000,4,5.577760e-12,2.304823e-13,2.857051e-16,-6.220398e-22,-4.056342e-10
3881,3881.000000,4,6.600942e-12,2.364775e-13,2.856939e-16,-2.495306e-19,1.335763e-10
3882,3882.000000,4,5.663026e-12,2.229328e-13,2.977352e-16,-9.381883e-20,-1.096376e-10
3883,3883.000000,4,7.062795e-12,2.320366e-13,3.570702e-16,-3.907270e-19,1.968159e-10
3884,3884.000000,4,4.320100e-12,2.369216e-13,2.856602e-16,3.075325e-19,3.950866e-10
3885,3885.000000,4,5.876188e-12,2.398082e-13,2.856490e-16,2.788889e-19,-5.165282e-10
3886,3886.000000,4,6.231460e-12,2.362555e-13,2.856379e-16,7.077357e-20,2.636780e-10
3887,3887.000000,4,6.728840e-12,2.415845e-13,3.570144e-16,-2.545863e-19,-2.686797e-10
3888,3888.000000,4,6.437517e-12,2.411404e-13,2.856156e-16,1.289806e-19,4.653327e-10
3889,3889.000000,4,5.826450e-12,2.315925e-13,2.976211e-16,-2.332649e-20,-1.765006e-10
3890,3890.000000,4,8.739676e-12,2.364775e-13,3.569918e-16,1.785056e-20,-1.899170e-11
3891,3891.000000,4,6.181722e-12,2.295941e-13,2.855823e-16,3.413510e-19,2.809135e-10
3892,3892.000000,4,5.783818e-12,2.189360e-13,2.855713e-16,-3.580766e-19,-4.963137e-10
3893,3893.000000,4,6.046719e-12,2.167155e-13,2.855603e-16,-2.067422e-19,-2.839418e-10
3894,3894.000000,4,9.627854e-12,2.331468e-13,2.855493e-16,-7.777483e-20,-8.490342e-11
3895,3895.000000,4,5.265122e-12,2.065015e-13,2.855383e-16,3.894035e-20,8.614420e-11
3896,3896.000000,4,6.920686e-12,2.313705e-13,2.855273e-16,-1.356576e-20,1.197782e-10
3897,3897.000000,4,9.329426e-12,2.307043e-13,2.974916e-16,2.580671e-19,1.137417e-10
3898,3898.000000,4,7.808865e-12,2.426948e-13,3.568630e-16,3.967919e-19,2.372877e-10
3899,3899.000000,4,6.039613e-12,2.302603e-13,3.568493e-16,5.691003e-22,-2.776566e-10
3900,3900.000000,4,5.734080e-12,2.293721e-13,2.854836e-16,1.355517e-19,-2.815743e-10
3901,3901.000000,4,6.266987e-12,2.211564e-13,2.974271e-16,4.902137e-19,-5.448493e-10
3902,3902.000000,4,5.513812e-12,2.382539e-13,2.854619e-16,2.740516e-19,-2.267757e-10
3903,3903.000000,4,5.002221e-12,2.291500e-13,2.854510e-16,4.037965e-20,4.376339e-10
3904,3904.000000,4,9.819701e-12,2.338130e-13,2.973769e-16,2.292945e-20,3.729375e-10
3905,3905.000000,4,6.174616e-12,1.991740e-13,2.854294e-16,-1.836771e-19,-1.558365e-10
3906,3906.000000,4,7.517542e-12,2.287059e-13,2.854186e-16,2.683374e-20,-2.885381e-11
3907,3907.000000,4,6.387779e-12,2.557954e-13,2.854079e-16,2.787830e-19,-1.482370e-11
3908,3908.000000,4,7.631229e-12,2.324807e-13,2.973133e-16,-4.845955e-20,-1.166924e-10
3909,3909.000000,4,5.677236e-12,2.218226e-13,2.853864e-16,-1.224757e-19,1.149862e-10
3910,3910.000000,4,5.485390e-12,2.440270e-13,2.853757e-16,-7.015153e-20,-3.051936e-11
3911,3911.000000,4,1.162448e-11,2.462475e-13,3.566876e-16,5.641868e-19,-7.925971e-11
3912,3912.000000,4,5.357492e-12,2.438050e-13,2.853543e-16,2.413614e-19,-2.360390e-10
3913,3913.000000,4,8.263612e-12,2.295941e-13,2.853436e-16,-1.020609e-19,-2.143008e-10
3914,3914.000000,4,4.945377e-12,2.282619e-13,3.566661e-16,-8.061041e-20,2.495848e-11
3915,3915.000000,4,6.430412e-12,2.444711e-13,3.566342e-16,-2.337282e-20,4.718870e-11
3916,3916.000000,4,5.854872e-12,2.275957e-13,3.566209e-16,-1.573132e-19,-1.981932e-10
3917,3917.000000,4,9.364953e-12,2.366995e-13,2.853010e-16,6.007647e-20,2.545224e-10
3918,3918.000000,4,6.934897e-12,2.313705e-13,2.971489e-16,-9.509268e-20,8.029555e-11
3919,3919.000000,4,5.321965e-12,2.291500e-13,2.852798e-16,1.123179e-19,3.271658e-10
3920,3920.000000,4,5.663026e-12,2.362555e-13,2.852692e-16,-1.353962e-19,-2.068965e-10
3921,3921.000000,4,4.121148e-12,2.329248e-13,2.852586e-16,2.070268e-20,1.630456e-10
3922,3922.000000,4,6.025402e-12,2.304823e-13,2.852480e-16,1.550236e-19,2.775322e-10
3923,3923.000000,4,6.153300e-12,2.464695e-13,2.852374e-16,7.935309e-20,1.949945e-10
3924,3924.000000,4,9.059420e-12,2.371436e-13,2.852268e-16,-1.096114e-19,-3.364748e-10
3925,3925.000000,4,5.748291e-12,2.429168e-13,2.852163e-16,-3.606838e-20,1.695315e-10
3926,3926.000000,4,7.183587e-12,2.464695e-13,2.852057e-16,2.624379e-19,5.480556e-10
3927,3927.000000,4,6.181722e-12,2.464695e-13,2.970039e-16,-3.990485e-19,1.463627e-10
3928,3928.000000,4,6.700418e-12,2.351452e-13,2.851847e-16,3.022121e-19,6.332113e-11
3929,3929.000000,4,6.089351e-12,2.495781e-13,3.564492e-16,3.118471e-20,-2.458052e-10
3930,3930.000000,4,6.281198e-12,2.065015e-13,2.851636e-16,-4.227786e-19,2.867371e-10
3931,3931.000000,4,7.126744e-12,2.231548e-13,3.564230e-16,-2.708719e-19,-9.070300e-11
3932,3932.000000,4,5.009326e-12,2.322587e-13,2.851426e-16,2.852714e-19,1.055727e-10
3933,3933.000000,4,5.933032e-12,2.458034e-13,2.851322e-16,4.375785e-20,2.691030e-10
3934,3934.000000,4,7.105427e-12,2.273737e-13,3.563837e-16,8.936198e-20,-5.222174e-10
3935,3935.000000,4,7.574386e-12,2.349232e-13,2.851112e-16,-3.717350e-20,-8.681122e-11
3936,3936.000000,4,6.131984e-12,2.602363e-13,3.563575e-16,-9.045385e-20,-2.470260e-10
3937,3937.000000,4,6.927792e-12,2.442491e-13,2.850903e-16,4.237812e-20,3.794611e-10
3938,3938.000000,4,4.831691e-12,2.158274e-13,2.850798e-16,1.172975e-19,2.579943e-10
3939,3939.000000,4,5.741185e-12,2.269296e-13,2.850694e-16,-8.933551e-23,8.945444e-11
3940,3940.000000,4,4.732215e-12,2.153833e-13,2.850590e-16,-3.093060e-19,-4.068121e-10
3941,3941.000000,4,1.021050e-11,2.091660e-13,2.850486e-16,-2.623552e-19,1.641434e-10
3942,3942.000000,4,7.965184e-12,2.324807e-13,2.850381e-16,-2.250924e-20,-2.556224e-10
3943,3943.000000,4,5.641709e-12,2.087219e-13,2.850277e-16,5.573146e-19,-2.731455e-10
3944,3944.000000,4,6.160406e-12,2.422507e-13,2.850173e-16,-1.509935e-19,-3.136376e-10
3945,3945.000000,4,5.805134e-12,2.313705e-13,2.967119e-16,-2.517011e-19,2.519864e-10
3946,3946.000000,4,6.522782e-12,2.431388e-13,2.966941e-16,7.233198e-20,-7.997958e-11
3947,3947.000000,4,6.863843e-12,2.369216e-13,2.849862e-16,1.030601e-19,8.087508e-11
3948,3948.000000,4,5.869083e-12,2.144951e-13,2.849758e-16,3.492158e-19,-1.596119e-10
3949,3949.000000,4,6.750156e-12,2.207123e-13,2.849655e-16,5.260538e-20,-1.156042e-10
3950,3950.000000,4,5.762502e-12,2.220446e-13,2.849551e-16,1.275479e-19,-2.623166e-10
3951,3951.000000,4,4.945377e-12,2.191580e-13,2.849448e-16,-2.804738e-19,-3.725613e-10
3952,3952.000000,4,7.453593e-12,2.540190e-13,2.849344e-16,3.646278e-19,-1.148817e-10
3953,3953.000000,4,6.934897e-12,2.382539e-13,2.849241e-16,-2.349557e-19,-3.512579e-10
3954,3954.000000,4,6.963319e-12,2.391420e-13,2.849138e-16,2.042673e-19,-5.986651e-10
3955,3955.000000,4,6.714629e-12,2.349232e-13,2.849035e-16,2.269684e-19,1.108444e-10
3956,3956.000000,4,7.517542e-12,2.382539e-13,2.848932e-16,3.680259e-19,2.473981e-10
3957,3957.000000,4,5.499601e-12,2.242651e-13,3.560854e-16,1.275777e-19,5.192224e-11
3958,3958.000000,4,7.673862e-12,2.240430e-13,2.848726e-16,-5.112042e-19,3.069636e-10
3959,3959.000000,4,6.309619e-12,2.233769e-13,2.964844e-16,-1.358065e-19,-1.202682e-11
3960,3960.000000,4,6.508571e-12,2.293721e-13,2.848521e-16,2.855064e-19,1.301370e-10
3961,3961.000000,4,8.462564e-12,2.335909e-13,2.848418e-16,-3.644889e-20,-2.913474e-10
3962,3962.000000,4,6.835421e-12,2.424727e-13,2.848316e-16,3.600221e-20,4.697620e-10
3963,3963.000000,4,7.808865e-12,2.213785e-13,2.848213e-16,-2.221807e-20,-6.586220e-11
3964,3964.000000,4,6.913581e-12,2.355893e-13,3.559956e-16,1.593448e-19,5.970984e-10
3965,3965.000000,4,5.769607e-12,2.295941e-13,2.848009e-16,1.550997e-19,-2.058473e-10
3966,3966.000000,4,5.741185e-12,2.322587e-13,2.847906e-16,2.369343e-19,-5.493273e-11
3967,3967.000000,4,6.146195e-12,2.298162e-13,2.847804e-16,-3.273286e-19,2.097766e-11
3968,3968.000000,4,4.497736e-12,2.249312e-13,3.559446e-16,-1.172347e-19,-2.295297e-10
3969,3969.000000,4,5.798029e-12,2.351452e-13,2.847601e-16,2.386582e-19,-2.188094e-10
3970,3970.000000,4,5.748291e-12,2.273737e-13,2.847499e-16,-2.045287e-19,-1.072098e-11
3971,3971.000000,4,9.038104e-12,2.307043e-13,2.963022e-16,4.607396e-20,-3.824050e-10
3972,3972.000000,4,7.055689e-12,2.149392e-13,2.847296e-16,1.336327e-19,-1.917260e-10
3973,3973.000000,4,8.576251e-12,1.985079e-13,3.558814e-16,1.595466e-20,3.717722e-10
3974,3974.000000,4,5.520917e-12,2.182698e-13,2.847095e-16,-2.374075e-19,9.175993e-12
3975,3975.000000,4,8.320455e-12,2.224887e-13,2.962420e-16,5.317779e-20,-2.102551e-10
3976,3976.000000,4,8.490986e-12,2.375877e-13,3.558438e-16,3.257503e-19,6.033998e-10
3977,3977.000000,4,7.190692e-12,2.300382e-13,2.846795e-16,-2.250957e-19,-6.500511e-10
3978,3978.000000,4,5.535128e-12,2.129408e-13,2.846696e-16,-7.421795e-20,-9.965717e-11
3979,3979.000000,4,7.759127e-12,2.096101e-13,2.846597e-16,-3.421616e-19,-1.914227e-10
3980,3980.000000,4,6.622258e-12,2.309264e-13,3.558122e-16,2.467414e-19,-6.422962e-10
3981,3981.000000,4,5.179857e-12,2.302603e-13,2.961554e-16,2.072882e-19,-1.829863e-10
3982,3982.000000,4,6.188827e-12,2.378098e-13,2.846302e-16,9.144316e-20,-3.132179e-10
3983,3983.000000,4,9.698908e-12,2.102762e-13,2.961284e-16,7.716272e-20,-1.634484e-10
3984,3984.000000,4,9.052314e-12,2.151612e-13,2.846107e-16,-5.383854e-19,-8.358603e-11
3985,3985.000000,4,8.277823e-12,2.282619e-13,2.961001e-16,-2.112090e-19,9.158985e-11
3986,3986.000000,4,5.925926e-12,2.189360e-13,2.845913e-16,-4.322184e-19,-1.220302e-10
3987,3987.000000,4,8.434142e-12,2.187139e-13,3.557093e-16,1.425431e-19,5.348944e-11
3988,3988.000000,4,6.508571e-12,2.178258e-13,2.845721e-16,4.076677e-20,-1.322189e-10
3989,3989.000000,4,6.387779e-12,2.309264e-13,2.845626e-16,1.134197e-19,6.346450e-10
3990,3990.000000,4,5.769607e-12,2.160494e-13,2.845530e-16,2.127906e-19,1.551650e-10
3991,3991.000000,4,1.052314e-11,2.096101e-13,2.845436e-16,-1.663857e-19,-3.108627e-10
3992,3992.000000,4,7.325696e-12,2.131628e-13,2.960021e-16,-3.420028e-19,-2.217000e-10
3993,3993.000000,4,6.970424e-12,2.426948e-13,2.959883e-16,2.740780e-19,-2.784495e-10
3994,3994.000000,4,8.391510e-12,2.216005e-13,3.556267e-16,1.181644e-19,4.422940e-10
3995,3995.000000,4,7.482015e-12,2.116085e-13,2.845061e-16,3.059245e-19,8.935741e-12
3996,3996.000000,4,6.330936e-12,2.158274e-13,2.959470e-16,-2.903404e-20,1.991696e-10
3997,3997.000000,4,7.652545e-12,2.109424e-13,2.844876e-16,-8.900463e-22,-1.435563e-10
3998,3998.000000,4,6.721734e-12,2.171596e-13,2.844783e-16,-2.614155e-19,5.455345e-10
3999,3999.000000,4,5.996981e-12,2.031708e-13,3.555690e-16,-2.580969e-19,-7.040792e-10
4000,4000.000000,4,6.373568e-12,2.091660e-13,2.844600e-16,5.718928e-19,4.379674e-11
4001,4001.000000,4,9.485746e-12,2.116085e-13,2.844510e-16,1.808647e-19,-5.752139e-10
4002,4002.000000,4,7.453593e-12,2.213785e-13,2.844419e-16,4.107779e-20,2.451788e-10
4003,4003.000000,4,5.535128e-12,2.133849e-13,2.844329e-16,-5.189731e-20,7.817857e-11
4004,4004.000000,4,8.405721e-12,2.244871e-13,2.844239e-16,-3.904623e-20,-1.897649e-10
4005,4005.000000,4,9.173107e-12,2.429168e-13,2.844150e-16,-8.222175e-20,2.114304e-10
4006,4006.000000,4,5.528022e-12,2.089440e-13,2.844060e-16,-6.066079e-19,1.329685e-10
4007,4007.000000,4,6.785683e-12,2.371436e-13,2.843972e-16,-1.879321e-19,-1.326910e-10
4008,4008.000000,4,4.710898e-12,2.222666e-13,2.843883e-16,-2.195536e-19,1.392395e-10
4009,4009.000000,4,7.780443e-12,2.100542e-13,2.843796e-16,2.568660e-19,-2.852918e-10
4010,4010.000000,4,6.735945e-12,2.271516e-13,2.843708e-16,4.320861e-20,-3.489584e-10
4011,4011.000000,4,4.099832e-12,2.129408e-13,2.843621e-16,-1.350621e-20,-7.554379e-11
4012,4012.000000,4,7.801759e-12,2.222666e-13,2.843534e-16,-5.172526e-20,1.820419e-10
4013,4013.000000,4,6.934897e-12,2.176037e-13,2.843447e-16,4.787391e-20,2.854565e-10
4014,4014.000000,4,5.819345e-12,2.147171e-13,2.843361e-16,2.654555e-19,-2.851308e-10
4015,4015.000000,4,7.787548e-12,2.067235e-13,3.554094e-16,2.082907e-19,7.141621e-12
4016,4016.000000,4,9.968915e-12,2.224887e-13,2.843190e-16,-1.133337e-19,-1.418647e-10
4017,4017.000000,4,4.895639e-12,2.273737e-13,2.843105e-16,1.354128e-19,-5.403411e-11
4018,4018.000000,4,5.179857e-12,2.138290e-13,2.843020e-16,2.288809e-19,1.491629e-10
4019,4019.000000,4,5.002221e-12,2.151612e-13,2.842936e-16,-9.598273e-20,-6.398970e-11
4020,4020.000000,4,7.766232e-12,2.136069e-13,2.956266e-16,-4.631351e-19,-7.978684e-11
4021,4021.000000,4,7.162271e-12,2.124967e-13,2.842768e-16,-3.563329e-19,-3.949459e-10
4022,4022.000000,4,6.330936e-12,2.067235e-13,2.955992e-16,-4.732863e-19,6.958190e-11
4023,4023.000000,4,8.313350e-12,1.831868e-13,2.955879e-16,-3.667289e-19,-4.924654e-10
4024,4024.000000,4,5.222489e-12,2.020606e-13,2.955750e-16,-3.687902e-20,4.275729e-10
4025,4025.000000,4,5.748291e-12,1.960654e-13,3.552878e-16,-1.675868e-20,-1.802576e-10
4026,4026.000000,4,7.510437e-12,2.109424e-13,3.552775e-16,2.860887e-19,1.563663e-10
4027,4027.000000,4,6.167511e-12,1.894040e-13,2.842273e-16,2.653265e-20,-4.217726e-10
4028,4028.000000,4,6.366463e-12,2.138290e-13,3.552572e-16,-3.364739e-19,-4.650147e-11
4029,4029.000000,4,5.996981e-12,2.244871e-13,2.842111e-16,-1.730131e-20,2.617395e-10
4030,4030.000000,4,6.281198e-12,2.342571e-13,2.842030e-16,-1.711271e-19,-4.591931e-10
4031,4031.000000,4,7.673862e-12,2.025047e-13,2.954860e-16,-3.667553e-19,1.569411e-10
4032,4032.000000,4,8.334666e-12,2.053913e-13,2.841870e-16,-2.313128e-19,3.987097e-10
4033,4033.000000,4,6.565415e-12,2.102762e-13,2.841791e-16,-1.446904e-20,-1.296785e-11
4034,4034.000000,4,6.593837e-12,1.949552e-13,2.841712e-16,7.301689e-20,1.160230e-10
4035,4035.000000,4,6.878054e-12,2.071676e-13,2.841633e-16,-2.777209e-19,1.709022e-10
4036,4036.000000,4,7.133849e-12,2.209344e-13,2.841554e-16,-2.778566e-19,-2.011777e-10
4037,4037.000000,4,7.119638e-12,2.053913e-13,2.841476e-16,7.183236e-21,8.225824e-10
4038,4038.000000,4,6.856737e-12,2.207123e-13,3.551583e-16,-1.501134e-19,-3.464926e-10
4039,4039.000000,4,6.323830e-12,2.033929e-13,2.841321e-16,7.653737e-20,1.540224e-10
4040,4040.000000,4,5.428547e-12,2.218226e-13,2.841244e-16,-1.118712e-19,-4.440159e-11
4041,4041.000000,4,6.330936e-12,2.022826e-13,2.841167e-16,-2.148519e-19,3.028082e-10
4042,4042.000000,4,6.387779e-12,2.060574e-13,2.841091e-16,-1.775361e-19,8.718626e-11
4043,4043.000000,4,5.570655e-12,2.122746e-13,2.953352e-16,3.534708e-20,5.851097e-11
4044,4044.000000,4,5.712764e-12,2.027267e-13,2.840939e-16,2.471781e-19,7.630852e-10
4045,4045.000000,4,7.297274e-12,2.156053e-13,2.840864e-16,-2.567337e-19,-1.603893e-10
4046,4046.000000,4,6.984635e-12,1.831868e-13,2.840789e-16,5.372207e-19,-5.206457e-11
4047,4047.000000,4,7.297274e-12,1.953993e-13,2.840714e-16,4.418402e-19,3.530523e-10
4048,4048.000000,4,6.814105e-12,2.229328e-13,2.840640e-16,2.276765e-19,-1.561309e-10
4049,4049.000000,4,6.266987e-12,1.867395e-13,2.840566e-16,-1.942485e-19,-2.882630e-10
4050,4050.000000,4,6.025402e-12,2.020606e-13,2.840492e-16,1.617634e-20,-5.984171e-10
4051,4051.000000,4,6.572520e-12,1.971756e-13,3.550362e-16,-6.360026e-19,-5.793255e-11
4052,4052.000000,4,7.929657e-12,2.138290e-13,2.840346e-16,8.650324e-20,-6.494183e-11
4053,4053.000000,4,5.755396e-12,2.091660e-13,2.952153e-16,-5.173618e-19,1.872720e-10
4054,4054.000000,4,6.387779e-12,2.209344e-13,2.840201e-16,3.500297e-20,-4.361591e-10
4055,4055.000000,4,7.020162e-12,1.723066e-13,2.840130e-16,-1.901357e-19,1.259748e-10
4056,4056.000000,4,7.851497e-12,1.882938e-13,3.549912e-16,-2.010810e-19,-1.222353e-10
4057,4057.000000,4,5.961454e-12,2.240430e-13,2.839987e-16,2.612700e-19,2.004930e-11
4058,4058.000000,4,7.496226e-12,1.993961e-13,2.951555e-16,2.026956e-19,1.041969e-10
4059,4059.000000,4,7.290168e-12,2.025047e-13,2.839845e-16,-1.044961e-19,-4.772405e-12
4060,4060.000000,4,7.943868e-12,2.162714e-13,2.839775e-16,3.326193e-19,-5.042113e-10
4061,4061.000000,4,7.780443e-12,1.916245e-13,2.839705e-16,2.610350e-19,-2.110547e-10
4062,4062.000000,4,6.785683e-12,2.020606e-13,2.839636e-16,-1.401939e-19,3.524301e-10
4063,4063.000000,4,6.188827e-12,1.965095e-13,2.950963e-16,-1.732215e-19,3.234899e-10
4064,4064.000000,4,6.437517e-12,2.158274e-13,2.839497e-16,-1.301453e-19,3.833875e-10
4065,4065.000000,4,6.274092e-12,2.242651e-13,3.549127e-16,-8.622200e-20,1.417908e-10
4066,4066.000000,4,5.371703e-12,2.082778e-13,2.839360e-16,3.194505e-19,-6.840972e-11
4067,4067.000000,4,9.585222e-12,2.102762e-13,3.548957e-16,3.765789e-19,-8.456880e-11
4068,4068.000000,4,7.545964e-12,2.249312e-13,3.548873e-16,-3.692303e-19,-5.158205e-10
4069,4069.000000,4,7.538858e-12,2.098322e-13,2.839157e-16,3.735713e-19,-1.239973e-10
4070,4070.000000,4,8.384404e-12,2.351452e-13,2.839090e-16,2.083701e-19,-1.327431e-10
4071,4071.000000,4,5.165646e-12,1.927347e-13,2.839024e-16,-1.074077e-19,-1.435643e-10
4072,4072.000000,4,8.100187e-12,2.065015e-13,2.838957e-16,6.962743e-19,-2.143563e-10
4073,4073.000000,4,7.077006e-12,2.124967e-13,3.548457e-16,2.534481e-20,1.331983e-10
4074,4074.000000,4,6.117773e-12,2.127187e-13,2.838825e-16,-3.195266e-19,2.460288e-10
4075,4075.000000,4,8.320455e-12,2.000622e-13,2.838760e-16,3.648561e-19,-2.513656e-11
4076,4076.000000,4,6.735945e-12,1.774136e-13,2.949451e-16,1.711701e-19,1.049094e-11
4077,4077.000000,4,7.197798e-12,2.053913e-13,2.838630e-16,2.062691e-19,-2.535370e-10
4078,4078.000000,4,9.116263e-12,1.918465e-13,2.838566e-16,3.372746e-19,-1.713230e-11
4079,4079.000000,4,8.704149e-12,2.047251e-13,3.548127e-16,3.322950e-20,1.155815e-10
4080,4080.000000,4,6.266987e-12,1.645351e-13,2.948993e-16,-3.502713e-19,-3.706135e-10
4081,4081.000000,4,7.894130e-12,2.060574e-13,3.547968e-16,1.377256e-19,-3.617318e-10
4082,4082.000000,4,5.435652e-12,2.189360e-13,3.547733e-16,-1.887825e-19,-7.059753e-11
4083,4083.000000,4,6.458833e-12,2.222666e-13,2.838248e-16,2.187099e-19,-4.585612e-10
4084,4084.000000,4,6.131984e-12,2.335909e-13,3.547577e-16,-7.676236e-22,1.507687e-10
4085,4085.000000,4,7.112533e-12,2.058353e-13,2.838123e-16,-2.940098e-19,5.317968e-13
4086,4086.000000,4,8.689938e-12,2.073897e-13,2.838061e-16,-3.836563e-19,1.886968e-10
4087,4087.000000,4,6.508571e-12,2.000622e-13,2.837999e-16,-3.307134e-19,-1.552092e-12
4088,4088.000000,4,7.531753e-12,2.133849e-13,2.947948e-16,3.129423e-19,-8.530712e-10
4089,4089.000000,4,8.604673e-12,2.282619e-13,2.837876e-16,-1.661707e-19,6.222611e-10
4090,4090.000000,4,5.996981e-12,2.253753e-13,2.837814e-16,2.292349e-19,-4.964473e-11
4091,4091.000000,4,6.835421e-12,2.091660e-13,2.837752e-16,1.198022e-19,1.646547e-10
4092,4092.000000,4,5.037748e-12,2.526868e-13,2.837691e-16,-1.311677e-19,2.626701e-10
4093,4093.000000,4,7.183587e-12,2.506884e-13,2.837629e-16,-6.148268e-20,-2.797611e-10
4094,4094.000000,4,6.714629e-12,2.167155e-13,2.837567e-16,-1.745715e-19,2.524330e-10
4095,4095.000000,4,6.103562e-12,2.378098e-13,2.837505e-16,8.101738e-20,5.399370e-11
4096,4096.000000,4,7.183587e-12,2.171596e-13,2.837318e-16,9.131412e-20,1.567952e-10
4097,4097.000000,4,5.442757e-12,2.353673e-13,2.837379e-16,1.912640e-19,-2.793106e-10
4098,4098.000000,4,5.670131e-12,2.415845e-13,2.837316e-16,8.345260e-20,2.631924e-10
4099,4099.000000,4,6.039613e-12,2.415845e-13,2.837253e-16,1.861752e-19,7.291079e-11
4100,4100.000000,4,8.029133e-12,2.347011e-13,2.837189e-16,-3.210983e-19,-1.180798e-10
4101,4101.000000,4,5.925926e-12,2.131628e-13,2.837125e-16,-1.511689e-19,-1.226175e-10
4102,4102.000000,4,5.734080e-12,2.275957e-13,2.945909e-16,1.638479e-20,-1.956635e-11
4103,4103.000000,4,5.321965e-12,2.151612e-13,3.546245e-16,8.937190e-20,1.714393e-10
4104,4104.000000,4,6.330936e-12,2.147171e-13,2.836930e-16,-9.424234e-20,1.167888e-10
4105,4105.000000,4,5.876188e-12,2.307043e-13,2.945451e-16,-2.000288e-19,-3.337506e-10
4106,4106.000000,4,8.981260e-12,2.231548e-13,2.945298e-16,-3.689523e-19,1.757750e-11
4107,4107.000000,4,8.661516e-12,2.469136e-13,3.545758e-16,-6.827880e-20,2.271294e-10
4108,4108.000000,4,5.350387e-12,2.347011e-13,2.836665e-16,-4.958319e-19,5.946044e-11
4109,4109.000000,4,6.131984e-12,2.147171e-13,2.836597e-16,1.490613e-19,8.579737e-11
4110,4110.000000,4,7.226220e-12,2.353673e-13,3.545504e-16,8.610288e-20,-1.381457e-10
4111,4111.000000,4,6.004086e-12,2.295941e-13,2.944504e-16,-2.411761e-19,-1.561364e-10
4112,4112.000000,4,8.157031e-12,2.045031e-13,3.545490e-16,1.243616e-19,5.892271e-10
4113,4113.000000,4,6.806999e-12,2.540190e-13,2.944204e-16,-1.411468e-19,-1.821920e-11
4114,4114.000000,4,6.103562e-12,2.360334e-13,2.836253e-16,-2.446139e-20,-2.898990e-10
4115,4115.000000,4,5.627498e-12,2.498002e-13,2.836183e-16,3.205821e-20,-2.378147e-10
4116,4116.000000,4,6.963319e-12,2.284839e-13,2.836112e-16,2.730225e-19,1.012650e-10
4117,4117.000000,4,4.973799e-12,2.386980e-13,2.836041e-16,2.368582e-19,1.941103e-10
4118,4118.000000,4,6.195933e-12,2.582379e-13,3.544802e-16,-1.550534e-19,-8.386625e-12
4119,4119.000000,4,6.259882e-12,2.222666e-13,2.943246e-16,8.250630e-20,-8.879564e-13
4120,4120.000000,4,7.837286e-12,2.331468e-13,2.835825e-16,-4.205618e-19,-1.605061e-10
4121,4121.000000,4,5.371703e-12,2.271516e-13,2.835752e-16,-9.647242e-20,-1.436580e-10
4122,4122.000000,4,5.499601e-12,2.133849e-13,2.835679e-16,9.929145e-20,-2.531584e-10
4123,4123.000000,4,8.824941e-12,2.120526e-13,2.835605e-16,-3.948795e-19,1.636906e-10
4124,4124.000000,4,6.295409e-12,2.147171e-13,2.835531e-16,-4.814324e-19,3.752003e-10
4125,4125.000000,4,1.028155e-11,2.169376e-13,2.835456e-16,-2.253935e-19,1.430982e-10
4126,4126.000000,4,5.051959e-12,2.613465e-13,2.835381e-16,3.455894e-19,2.706013e-11
4127,4127.000000,4,8.036238e-12,1.902922e-13,2.835305e-16,-1.415405e-19,7.391154e-11
4128,4128.000000,4,7.212009e-12,2.415845e-13,2.941779e-16,-3.561542e-19,-3.079166e-10
4129,4129.000000,4,5.748291e-12,2.284839e-13,2.835152e-16,-2.124663e-19,8.259970e-11
4130,4130.000000,4,6.558309e-12,2.389200e-13,2.835075e-16,-3.715993e-19,-1.380134e-10
4131,4131.000000,4,6.139089e-12,2.220446e-13,2.834998e-16,-9.518202e-20,9.306844e-11
4132,4132.000000,4,7.212009e-12,2.251532e-13,2.834920e-16,3.338501e-21,1.005398e-10
4133,4133.000000,4,5.030643e-12,2.566836e-13,2.834841e-16,2.108980e-19,1.593148e-11
4134,4134.000000,4,4.952483e-12,2.389200e-13,2.834763e-16,2.294930e-20,-2.622524e-11
4135,4135.000000,4,5.250911e-12,2.333689e-13,2.834683e-16,-2.100079e-19,1.625777e-10
4136,4136.000000,4,7.972289e-12,2.189360e-13,2.834604e-16,-4.127962e-20,2.883960e-11
4137,4137.000000,4,6.068035e-12,2.455813e-13,2.834524e-16,-3.376253e-19,1.051750e-10
4138,4138.000000,4,7.510437e-12,2.309264e-13,2.834443e-16,-1.189817e-20,3.308105e-10
4139,4139.000000,4,6.323830e-12,2.202682e-13,3.542787e-16,-4.772402e-19,3.655187e-10
4140,4140.000000,4,7.048584e-12,2.591261e-13,2.834281e-16,-3.036315e-19,-3.027580e-10
4141,4141.000000,4,4.718004e-12,2.597922e-13,2.834199e-16,-5.145063e-20,1.598632e-11
4142,4142.000000,4,5.719869e-12,2.338130e-13,2.834117e-16,1.311247e-20,1.802869e-10
4143,4143.000000,4,6.366463e-12,2.422507e-13,2.834034e-16,-3.028374e-19,2.745957e-10
4144,4144.000000,4,8.341772e-12,2.275957e-13,2.833951e-16,1.791640e-19,-2.960083e-10
4145,4145.000000,4,9.258372e-12,2.076117e-13,2.938990e-16,-2.337712e-19,-5.577288e-10
4146,4146.000000,4,6.913581e-12,2.209344e-13,3.542230e-16,1.984539e-19,-8.642287e-11
4147,4147.000000,4,6.018297e-12,2.238210e-13,2.833700e-16,2.543150e-19,2.624594e-10
4148,4148.000000,4,7.425172e-12,2.493561e-13,2.833616e-16,7.982955e-20,1.522737e-10
4149,4149.000000,4,7.148060e-12,2.131628e-13,2.833531e-16,4.978635e-20,6.985612e-11
4150,4150.000000,4,6.721734e-12,2.282619e-13,3.541641e-16,8.472976e-20,2.606533e-10
4151,4151.000000,4,5.471179e-12,2.049472e-13,2.833362e-16,-8.791276e-20,8.015810e-14
4152,4152.000000,4,6.124878e-12,2.167155e-13,2.833277e-16,3.703850e-19,-2.385683e-10
4153,4153.000000,4,5.663026e-12,2.147171e-13,2.833192e-16,-8.635435e-20,-1.689315e-10
4154,4154.000000,4,5.769607e-12,1.962874e-13,2.833108e-16,2.977850e-23,-3.250222e-11
4155,4155.000000,4,5.627498e-12,2.171596e-13,2.833023e-16,1.819466e-19,2.095608e-10
4156,4156.000000,4,5.456968e-12,2.142730e-13,2.832938e-16,4.023406e-20,2.206970e-10
4157,4157.000000,4,6.906475e-12,2.138290e-13,2.832854e-16,2.259626e-19,3.156200e-10
4158,4158.000000,4,6.053824e-12,2.520206e-13,3.540796e-16,-4.565706e-20,1.899114e-10
4159,4159.000000,4,6.863843e-12,2.084999e-13,2.832686e-16,-7.928030e-20,2.006839e-12
4160,4160.000000,4,7.851497e-12,2.298162e-13,2.832602e-16,-3.219089e-19,-2.826264e-10
4161,4161.000000,4,5.648815e-12,2.060574e-13,2.832519e-16,-4.464459e-20,2.137741e-10
4162,4162.000000,4,6.593837e-12,1.818545e-13,2.832436e-16,-2.795804e-19,-2.872436e-10
4163,4163.000000,4,6.764367e-12,2.180478e-13,3.540441e-16,2.586792e-19,-1.303972e-10
4164,4164.000000,4,8.142820e-12,2.058353e-13,3.540172e-16,1.538986e-19,-8.328249e-11
4165,4165.000000,4,7.609913e-12,2.167155e-13,2.832188e-16,3.532127e-19,1.140414e-10
4166,4166.000000,4,4.376943e-12,2.000622e-13,3.539968e-16,-3.645286e-19,7.280732e-11
4167,4167.000000,4,6.075140e-12,2.269296e-13,2.832025e-16,-4.747355e-20,-2.536391e-10
4168,4168.000000,4,7.531753e-12,2.102762e-13,2.831944e-16,6.719684e-20,1.024281e-10
4169,4169.000000,4,7.929657e-12,2.224887e-13,2.831863e-16,-7.033351e-20,-4.147840e-10
4170,4170.000000,4,6.117773e-12,2.051692e-13,2.831782e-16,-5.114491e-19,-1.752187e-10
4171,4171.000000,4,7.702283e-12,1.905143e-13,3.539463e-16,-3.166778e-20,-2.165024e-10
4172,4172.000000,4,6.956213e-12,1.951772e-13,3.539364e-16,-6.351754e-20,-2.778568e-10
4173,4173.000000,4,7.581491e-12,2.149392e-13,2.831543e-16,-1.641358e-19,6.270320e-10
4174,4174.000000,4,6.139089e-12,2.462475e-13,2.831463e-16,2.856387e-19,2.718794e-10
4175,4175.000000,4,6.401990e-12,2.253753e-13,2.831385e-16,-1.324482e-20,-2.626617e-10
4176,4176.000000,4,6.494361e-12,2.364775e-13,2.831306e-16,-2.557907e-19,-1.966916e-11
4177,4177.000000,4,7.688072e-12,2.104983e-13,3.538872e-16,-3.486004e-19,-6.117993e-10
4178,4178.000000,4,5.996981e-12,2.113865e-13,2.831150e-16,4.066321e-19,-7.334289e-11
4179,4179.000000,4,7.389644e-12,2.018385e-13,2.831073e-16,-4.764560e-22,-1.410898e-10
4180,4180.000000,4,7.034373e-12,1.911804e-13,2.830996e-16,1.089893e-20,1.783675e-10
4181,4181.000000,4,6.032508e-12,2.258194e-13,2.934070e-16,4.342698e-20,-5.573053e-11
4182,4182.000000,4,5.584866e-12,1.976197e-13,2.830844e-16,-1.066401e-19,1.125084e-10
4183,4183.000000,4,5.634604e-12,2.027267e-13,2.830768e-16,-8.950094e-20,-2.956191e-11
4184,4184.000000,4,7.929657e-12,2.173817e-13,2.830692e-16,-5.576190e-20,-3.530976e-10
4185,4185.000000,4,7.737810e-12,1.827427e-13,2.830617e-16,2.066330e-19,4.282108e-10
4186,4186.000000,4,5.805134e-12,2.180478e-13,2.830542e-16,-1.702635e-19,-2.845653e-10
4187,4187.000000,4,6.998846e-12,1.803002e-13,2.830468e-16,-1.961675e-19,-1.374283e-10
4188,4188.000000,4,8.334666e-12,2.222666e-13,2.830394e-16,5.049210e-19,-4.422862e-11
4189,4189.000000,4,5.826450e-12,2.329248e-13,2.830321e-16,-1.071927e-19,-3.543061e-10
4190,4190.000000,4,9.158896e-12,2.244871e-13,2.932959e-16,-5.601667e-20,-6.625958e-10
4191,4191.000000,4,6.096457e-12,1.816325e-13,2.830175e-16,-1.475856e-19,-1.966975e-10
4192,4192.000000,4,8.995471e-12,2.060574e-13,2.932712e-16,-3.752422e-20,-3.889693e-10
4193,4193.000000,4,7.268852e-12,1.911804e-13,2.830030e-16,3.182329e-19,5.202616e-11
4194,4194.000000,4,5.044853e-12,2.273737e-13,2.829958e-16,4.327511e-19,3.141156e-10
4195,4195.000000,4,5.854872e-12,2.344791e-13,2.829887e-16,2.490972e-19,6.859180e-11
4196,4196.000000,4,6.586731e-12,2.118306e-13,2.829816e-16,-1.595631e-19,-5.291478e-10
4197,4197.000000,4,7.432277e-12,1.783018e-13,2.932102e-16,-9.733269e-20,-5.477330e-11
4198,4198.000000,4,6.025402e-12,1.896261e-13,2.829675e-16,-9.766356e-20,-1.526668e-11
4199,4199.000000,4,5.861978e-12,2.353673e-13,2.829605e-16,2.060838e-19,-2.788210e-10
4200,4200.000000,4,6.735945e-12,1.958433e-13,2.931740e-16,3.308722e-20,-6.237344e-10
4201,4201.000000,4,5.528022e-12,2.022826e-13,2.829466e-16,-3.443057e-20,4.648326e-11
4202,4202.000000,4,7.666756e-12,1.947331e-13,2.829397e-16,3.853669e-20,-1.011731e-10
4203,4203.000000,4,5.712764e-12,2.258194e-13,3.536504e-16,3.263095e-19,-1.888238e-10
4204,4204.000000,4,5.798029e-12,2.113865e-13,3.536419e-16,-2.504935e-19,6.573639e-10
4205,4205.000000,4,5.357492e-12,2.240430e-13,2.829192e-16,1.227073e-19,-5.905767e-10
4206,4206.000000,4,7.737810e-12,2.209344e-13,2.829125e-16,2.046180e-19,-6.429262e-10
4207,4207.000000,4,6.764367e-12,1.771916e-13,2.930820e-16,-2.179224e-19,6.635514e-11
4208,4208.000000,4,6.401990e-12,1.854072e-13,2.828991e-16,-1.772946e-19,2.007949e-10
4209,4209.000000,4,6.131984e-12,1.962874e-13,2.828924e-16,9.115530e-20,-2.806984e-10
4210,4210.000000,4,7.538858e-12,1.920686e-13,2.828857e-16,1.792236e-19,-2.687324e-10
4211,4211.000000,4,5.748291e-12,2.069456e-13,2.828791e-16,-1.901159e-19,-1.512113e-10
4212,4212.000000,4,5.599077e-12,2.402523e-13,2.828724e-16,4.931254e-19,2.289848e-10
4213,4213.000000,4,6.743051e-12,2.393641e-13,2.828658e-16,-3.839905e-19,-2.489475e-10
4214,4214.000000,4,6.991741e-12,2.187139e-13,2.828592e-16,7.554144e-20,-1.004448e-10
4215,4215.000000,4,5.464074e-12,1.965095e-13,3.535502e-16,-4.136896e-19,-1.087246e-10
4216,4216.000000,4,7.140954e-12,2.138290e-13,2.828460e-16,-2.059448e-19,-3.919185e-10
4217,4217.000000,4,6.245671e-12,1.876277e-13,2.828393e-16,5.247998e-19,-2.693348e-10
4218,4218.000000,4,6.401990e-12,2.136069e-13,2.929323e-16,1.832404e-19,-2.107683e-10
4219,4219.000000,4,6.330936e-12,2.182698e-13,2.828261e-16,1.185813e-19,-1.637546e-10
4220,4220.000000,4,8.661516e-12,2.382539e-13,3.535243e-16,4.123595e-19,-1.608511e-10
4221,4221.000000,4,9.485746e-12,2.162714e-13,2.828128e-16,-1.508447e-19,1.979128e-11
4222,4222.000000,4,6.778578e-12,2.444711e-13,2.828061e-16,1.285372e-19,-1.115334e-10
4223,4223.000000,4,6.473044e-12,2.353673e-13,2.827995e-16,2.644860e-19,2.262828e-10
4224,4224.000000,4,7.226220e-12,2.049472e-13,2.827928e-16,-4.839371e-19,1.947775e-12
4225,4225.000000,4,6.338041e-12,2.080558e-13,3.534671e-16,1.175060e-19,-4.173812e-10
4226,4226.000000,4,6.416201e-12,2.162714e-13,3.534587e-16,-6.414289e-20,-1.042808e-10
4227,4227.000000,4,5.975664e-12,2.049472e-13,2.827727e-16,-3.841427e-21,4.935496e-10
4228,4228.000000,4,8.334666e-12,1.958433e-13,2.827660e-16,3.359247e-19,1.538716e-10
4229,4229.000000,4,8.412826e-12,2.235989e-13,2.827592e-16,4.297600e-19,-2.706380e-10
4230,4230.000000,4,5.009326e-12,2.156053e-13,3.534250e-16,-3.942078e-19,1.780591e-10
4231,4231.000000,4,8.462564e-12,2.178258e-13,3.534166e-16,-2.309521e-19,2.371203e-10
4232,4232.000000,4,5.556444e-12,2.493561e-13,2.827389e-16,4.955474e-20,-6.442158e-11
4233,4233.000000,4,6.430412e-12,2.360334e-13,3.534152e-16,8.545768e-20,2.614395e-10
4234,4234.000000,4,6.536993e-12,1.847411e-13,3.534067e-16,1.988476e-19,-7.070460e-10
4235,4235.000000,4,5.307754e-12,2.091660e-13,3.533826e-16,-9.661139e-20,1.814606e-10
4236,4236.000000,4,9.237056e-12,2.122746e-13,2.827117e-16,8.758188e-20,1.980245e-10
4237,4237.000000,4,7.531753e-12,2.247091e-13,2.827048e-16,9.060606e-20,-1.423868e-10
4238,4238.000000,4,7.034373e-12,2.216005e-13,2.826980e-16,-2.422944e-19,-3.361948e-10
4239,4239.000000,4,5.101697e-12,2.253753e-13,2.826911e-16,4.492947e-19,1.531901e-10
4240,4240.000000,4,7.759127e-12,2.051692e-13,2.826842e-16,4.030686e-20,-1.227687e-10
4241,4241.000000,4,7.780443e-12,2.084999e-13,2.826773e-16,2.843847e-20,-3.616463e-10
4242,4242.000000,4,5.599077e-12,2.624567e-13,2.826704e-16,-1.213706e-19,2.911749e-10
4243,4243.000000,4,8.164136e-12,2.109424e-13,2.826634e-16,3.036415e-20,-5.531631e-10
4244,4244.000000,4,9.571011e-12,2.218226e-13,3.533049e-16,-2.430819e-19,3.803549e-10
4245,4245.000000,4,6.572520e-12,2.284839e-13,2.925503e-16,1.298806e-19,2.119080e-10
4246,4246.000000,4,7.069900e-12,2.047251e-13,3.532875e-16,-8.447168e-21,1.135876e-10
4247,4247.000000,4,4.568790e-12,2.022826e-13,2.826355e-16,-4.639557e-19,-2.700933e-10
4248,4248.000000,4,6.856737e-12,2.327027e-13,2.826285e-16,-3.868492e-19,1.645009e-10
4249,4249.000000,4,6.366463e-12,2.327027e-13,2.826215e-16,-8.894177e-20,2.339062e-11
4250,4250.000000,4,6.942003e-12,2.142730e-13,3.532681e-16,-1.979212e-19,4.293299e-11
4251,4251.000000,4,4.803269e-12,2.486900e-13,2.826074e-16,2.144350e-19,2.211433e-10
4252,4252.000000,4,6.842527e-12,2.426948e-13,3.532347e-16,-1.984208e-19,5.098078e-11
4253,4253.000000,4,5.094591e-12,2.249312e-13,2.825932e-16,1.391980e-19,-3.409324e-10
4254,4254.000000,4,7.332801e-12,2.375877e-13,2.825861e-16,-4.625859e-19,1.715315e-10
4255,4255.000000,4,9.244161e-12,2.100542e-13,2.825790e-16,-1.665578e-19,3.252278e-10
4256,4256.000000,4,7.432277e-12,2.080558e-13,2.825719e-16,-6.145720e-19,-1.066456e-10
4257,4257.000000,4,8.192558e-12,1.909584e-13,2.825647e-16,7.586901e-20,-7.768763e-11
4258,4258.000000,4,5.520917e-12,2.207123e-13,2.825576e-16,1.799283e-20,1.233247e-10
4259,4259.000000,4,6.352252e-12,2.113865e-13,3.531723e-16,-1.505105e-19,-2.012730e-10
4260,4260.000000,4,5.705658e-12,2.482459e-13,2.825432e-16,-3.517238e-19,-6.914580e-11
4261,4261.000000,4,8.185452e-12,2.013945e-13,3.531543e-16,-5.933532e-20,1.980534e-10
4262,4262.000000,4,5.286438e-12,2.053913e-13,3.531610e-16,-9.246556e-20,1.552025e-11
4263,4263.000000,4,7.190692e-12,2.298162e-13,2.825216e-16,-6.516198e-20,-2.500402e-10
4264,4264.000000,4,8.220979e-12,2.025047e-13,2.922714e-16,-2.977817e-19,4.112339e-10
4265,4265.000000,4,9.492851e-12,2.602363e-13,2.825071e-16,1.528928e-19,1.600438e-10
4266,4266.000000,4,5.464074e-12,2.302603e-13,2.824998e-16,-3.051635e-20,-4.837177e-10
4267,4267.000000,4,4.753531e-12,2.386980e-13,2.824926e-16,-3.226236e-19,2.693716e-10
4268,4268.000000,4,5.179857e-12,2.182698e-13,3.530907e-16,-5.909378e-21,4.300942e-10
4269,4269.000000,4,7.744916e-12,2.120526e-13,2.824779e-16,3.370199e-19,1.016729e-10
4270,4270.000000,4,8.199663e-12,2.113865e-13,3.530724e-16,-5.124318e-19,1.509206e-10
4271,4271.000000,4,6.274092e-12,2.535749e-13,3.530631e-16,-9.735585e-20,-4.395504e-10
4272,4272.000000,4,8.775203e-12,2.386980e-13,2.824558e-16,7.397973e-20,5.567424e-10
4273,4273.000000,4,5.428547e-12,2.504663e-13,2.824484e-16,4.292240e-19,-5.428944e-10
4274,4274.000000,4,1.172396e-11,2.107203e-13,2.824410e-16,2.669940e-19,1.601268e-10
4275,4275.000000,4,8.455459e-12,1.998401e-13,2.824335e-16,-5.765780e-20,3.327263e-10
4276,4276.000000,4,7.908341e-12,2.500222e-13,2.824260e-16,3.755731e-20,-1.142471e-10
4277,4277.000000,4,7.290168e-12,2.473577e-13,2.824184e-16,1.932195e-19,1.032561e-10
4278,4278.000000,4,5.584866e-12,2.360334e-13,3.530135e-16,-1.452695e-19,2.282561e-10
4279,4279.000000,4,7.432277e-12,2.744471e-13,2.824032e-16,-2.217903e-19,-4.394336e-10
4280,4280.000000,4,5.670131e-12,2.378098e-13,2.823955e-16,3.743290e-19,-3.096168e-11
4281,4281.000000,4,6.920686e-12,2.144951e-13,2.823879e-16,-6.386496e-20,-3.575540e-10
4282,4282.000000,4,6.068035e-12,2.398082e-13,2.823801e-16,-2.866214e-19,-2.193126e-10
4283,4283.000000,4,7.382539e-12,2.127187e-13,2.823724e-16,-1.069379e-19,-1.226783e-10
4284,4284.000000,4,7.588596e-12,2.231548e-13,3.529396e-16,-5.606630e-20,-1.509599e-10
4285,4285.000000,4,5.528022e-12,2.204903e-13,2.823567e-16,5.403111e-19,8.423640e-11
4286,4286.000000,4,9.016787e-12,2.127187e-13,2.823489e-16,-3.332545e-20,2.248921e-10
4287,4287.000000,4,7.439382e-12,2.342571e-13,3.529100e-16,2.102958e-19,2.748624e-10
4288,4288.000000,4,6.274092e-12,2.400302e-13,2.823330e-16,2.663522e-19,-2.052081e-10
4289,4289.000000,4,7.048584e-12,2.224887e-13,2.823250e-16,-3.334696e-19,2.325833e-10
4290,4290.000000,4,7.560175e-12,2.526868e-13,2.823170e-16,-3.243077e-19,-3.222698e-10
4291,4291.000000,4,7.190692e-12,2.546852e-13,2.823089e-16,6.347784e-20,-1.117784e-10
4292,4292.000000,4,6.238565e-12,2.240430e-13,2.918191e-16,1.573364e-19,1.036107e-10
4293,4293.000000,4,7.176482e-12,2.571277e-13,2.822927e-16,2.457719e-20,-2.030538e-10
4294,4294.000000,4,6.416201e-12,2.491340e-13,2.822845e-16,-5.260935e-19,2.939822e-10
4295,4295.000000,4,6.906475e-12,2.544631e-13,3.528453e-16,-5.492479e-22,-2.608174e-10
4296,4296.000000,4,5.883294e-12,2.300382e-13,3.528186e-16,-4.117904e-19,-1.495992e-10
4297,4297.000000,4,6.323830e-12,2.586820e-13,2.822597e-16,2.296915e-19,8.086398e-11
4298,4298.000000,4,8.505197e-12,2.284839e-13,3.527978e-16,-2.698594e-20,2.319218e-10
4299,4299.000000,4,5.421441e-12,2.167155e-13,2.822430e-16,7.330144e-20,4.059837e-10
4300,4300.000000,4,6.160406e-12,2.515765e-13,3.527933e-16,1.371631e-19,9.136802e-11
4301,4301.000000,4,7.240430e-12,2.351452e-13,2.822262e-16,9.896058e-20,-1.335014e-10
4302,4302.000000,4,1.026734e-11,2.247091e-13,2.822177e-16,-1.441313e-19,2.253642e-11
4303,4303.000000,4,6.025402e-12,2.442491e-13,2.916334e-16,2.375530e-19,-1.299356e-10
4304,4304.000000,4,5.215384e-12,2.118306e-13,3.527508e-16,-6.764021e-20,5.351031e-11
4305,4305.000000,4,8.526513e-12,2.260414e-13,2.821921e-16,-2.177040e-19,5.852208e-11
4306,4306.000000,4,6.210144e-12,2.211564e-13,2.821834e-16,-1.051909e-19,2.473732e-11
4307,4307.000000,4,5.947243e-12,2.231548e-13,2.821748e-16,-1.686423e-19,-2.077445e-10
4308,4308.000000,4,6.046719e-12,2.222666e-13,2.821661e-16,-2.152225e-19,4.925704e-11
4309,4309.000000,4,1.082157e-11,2.244871e-13,3.526800e-16,1.662765e-19,1.024467e-10
4310,4310.000000,4,6.913581e-12,2.484679e-13,2.821486e-16,-3.489246e-19,4.316660e-10
4311,4311.000000,4,6.586731e-12,2.136069e-13,2.821398e-16,1.475028e-19,-1.547102e-10
4312,4312.000000,4,6.679102e-12,2.335909e-13,2.821310e-16,3.194538e-19,-2.116778e-10
4313,4313.000000,4,4.774847e-12,2.520206e-13,2.821221e-16,2.144681e-19,-4.389078e-10
4314,4314.000000,4,6.323830e-12,2.282619e-13,2.821132e-16,-1.486543e-19,6.924461e-11
4315,4315.000000,4,5.478284e-12,2.533529e-13,3.526135e-16,-4.204195e-19,1.476224e-10
4316,4316.000000,4,6.359357e-12,2.016165e-13,2.820953e-16,3.205722e-19,3.641560e-10
4317,4317.000000,4,8.895995e-12,2.637890e-13,2.820863e-16,1.085592e-20,1.042408e-10
4318,4318.000000,4,6.870948e-12,2.222666e-13,2.820772e-16,-2.430985e-19,2.302447e-10
4319,4319.000000,4,4.497736e-12,2.184919e-13,2.820682e-16,2.422514e-19,-8.505818e-11
4320,4320.000000,4,6.259882e-12,2.164935e-13,3.525569e-16,5.128520e-20,1.604210e-10
4321,4321.000000,4,7.382539e-12,2.500222e-13,2.820499e-16,-2.278122e-19,1.364671e-10
4322,4322.000000,4,7.588596e-12,1.842970e-13,3.525340e-16,-2.063253e-19,-1.144973e-10
4323,4323.000000,4,5.933032e-12,2.151612e-13,2.912925e-16,-9.066892e-20,-6.265100e-10
4324,4324.000000,4,5.698553e-12,2.235989e-13,2.820223e-16,6.152239e-20,-1.122871e-10
4325,4325.000000,4,7.531753e-12,2.460254e-13,3.524992e-16,1.850568e-19,6.472201e-11
4326,4326.000000,4,5.613288e-12,2.253753e-13,2.820037e-16,-2.851292e-19,2.875118e-10
4327,4327.000000,4,7.084111e-12,2.307043e-13,2.819944e-16,2.143390e-20,2.224094e-10
4328,4328.000000,4,7.673862e-12,2.087219e-13,2.819850e-16,3.668050e-20,3.171203e-10
4329,4329.000000,4,5.151435e-12,2.140510e-13,2.819757e-16,-3.840302e-19,-1.423774e-10
4330,4330.000000,4,6.160406e-12,2.047251e-13,2.819664e-16,4.258326e-20,2.329212e-10
4331,4331.000000,4,6.153300e-12,1.949552e-13,2.819571e-16,2.993070e-19,-3.305400e-11
4332,4332.000000,4,6.806999e-12,2.040590e-13,2.911673e-16,-7.283822e-20,-1.859783e-10
4333,4333.000000,4,5.172751e-12,1.887379e-13,3.524063e-16,5.954708e-20,2.957257e-11
4334,4334.000000,4,8.661516e-12,2.025047e-13,2.819294e-16,2.897680e-19,-3.882066e-10
4335,4335.000000,4,6.423306e-12,1.956213e-13,2.819203e-16,1.176317e-19,1.983163e-10
4336,4336.000000,4,7.645440e-12,1.803002e-13,2.911191e-16,2.053790e-19,2.954903e-11
4337,4337.000000,4,7.176482e-12,2.322587e-13,2.819022e-16,1.079305e-20,-2.850309e-10
4338,4338.000000,4,4.853007e-12,2.051692e-13,2.910951e-16,-5.126204e-20,-3.394571e-10
4339,4339.000000,4,7.105427e-12,1.891820e-13,2.818844e-16,-2.810429e-19,-2.659017e-10
4340,4340.000000,4,6.494361e-12,1.827427e-13,2.910717e-16,5.459061e-20,1.811373e-10
4341,4341.000000,4,6.231460e-12,2.042810e-13,2.818668e-16,-5.190889e-19,-5.537459e-11
4342,4342.000000,4,6.899370e-12,1.911804e-13,2.818582e-16,3.167771e-20,-2.400746e-12
4343,4343.000000,4,6.458833e-12,1.967315e-13,3.523120e-16,-1.000227e-20,1.067619e-10
4344,4344.000000,4,5.833556e-12,2.078338e-13,2.818411e-16,-2.018354e-19,1.230152e-10
4345,4345.000000,4,7.737810e-12,1.783018e-13,2.818327e-16,-8.910390e-21,2.124825e-10
4346,4346.000000,4,9.123369e-12,1.922906e-13,2.818244e-16,2.460234e-19,2.933549e-10
4347,4347.000000,4,6.572520e-12,1.720846e-13,2.818162e-16,-4.020396e-19,1.724718e-10
4348,4348.000000,4,6.444623e-12,2.056133e-13,3.522600e-16,3.615242e-19,-4.775393e-10
4349,4349.000000,4,7.283063e-12,1.663114e-13,2.817999e-16,-3.773631e-19,-1.432912e-10
4350,4350.000000,4,7.602807e-12,1.771916e-13,2.817920e-16,4.488778e-19,2.954430e-10
4351,4351.000000,4,6.174616e-12,1.818545e-13,2.817841e-16,-1.715573e-19,2.760263e-10
4352,4352.000000,4,5.606182e-12,1.985079e-13,2.817763e-16,-2.888515e-20,-1.818716e-10
4353,4353.000000,4,7.482015e-12,1.902922e-13,2.817686e-16,-3.590229e-19,5.153877e-12
4354,4354.000000,4,5.641709e-12,1.716405e-13,3.522012e-16,-3.760495e-19,1.297253e-10
4355,4355.000000,4,7.474910e-12,1.985079e-13,2.817535e-16,2.900691e-19,1.460903e-10
4356,4356.000000,4,6.949108e-12,1.698641e-13,2.817460e-16,-3.451031e-19,-2.825629e-11
4357,4357.000000,4,7.553069e-12,1.694200e-13,2.817387e-16,1.199412e-20,2.824767e-10
4358,4358.000000,4,5.329071e-12,1.803002e-13,3.521487e-16,3.533749e-19,-2.426093e-10
4359,4359.000000,4,6.679102e-12,1.831868e-13,2.908720e-16,-1.415902e-19,-2.029237e-10
4360,4360.000000,4,6.359357e-12,1.985079e-13,2.817172e-16,-1.550666e-19,2.441707e-10
4361,4361.000000,4,8.519407e-12,1.685319e-13,2.817102e-16,-1.273825e-19,6.317942e-10
4362,4362.000000,4,6.878054e-12,1.760814e-13,3.521138e-16,2.792595e-19,-6.733978e-10
4363,4363.000000,4,6.835421e-12,1.822986e-13,2.816966e-16,4.129385e-19,-9.257439e-11
4364,4364.000000,4,5.641709e-12,1.978417e-13,2.816898e-16,2.031291e-19,3.080840e-10
4365,4365.000000,4,6.743051e-12,1.558753e-13,3.520888e-16,1.121392e-19,-4.589777e-10
4366,4366.000000,4,9.741541e-12,1.740830e-13,2.816767e-16,-1.005686e-19,7.064207e-10
4367,4367.000000,4,6.231460e-12,1.705303e-13,2.816702e-16,1.426390e-20,4.308542e-10
4368,4368.000000,4,6.586731e-12,1.671996e-13,2.816639e-16,8.658927e-20,-3.240763e-11
4369,4369.000000,4,7.048584e-12,1.858513e-13,3.520571e-16,2.511717e-19,4.078071e-11
4370,4370.000000,4,6.870948e-12,2.104983e-13,3.520494e-16,1.065673e-19,8.317724e-11
4371,4371.000000,4,5.776712e-12,1.798561e-13,2.816454e-16,5.906599e-19,3.181944e-11
4372,4372.000000,4,6.892265e-12,2.107203e-13,2.907540e-16,3.969210e-19,2.268719e-11
4373,4373.000000,4,7.929657e-12,1.856293e-13,2.907455e-16,-3.089354e-19,3.515137e-10
4374,4374.000000,4,5.080381e-12,1.911804e-13,2.816276e-16,4.859719e-19,3.387450e-10
4375,4375.000000,4,4.455103e-12,1.902922e-13,2.816219e-16,3.446564e-19,-4.274363e-10
4376,4376.000000,4,7.560175e-12,1.636469e-13,2.816162e-16,1.642053e-19,-1.732487e-10
4377,4377.000000,4,7.979395e-12,2.062794e-13,2.816106e-16,3.176903e-19,7.697358e-10
4378,4378.000000,4,5.229595e-12,1.696421e-13,3.520064e-16,4.418799e-20,3.561846e-10
4379,4379.000000,4,4.845901e-12,1.738609e-13,2.815997e-16,-1.444324e-19,-2.541036e-10
4380,4380.000000,4,8.313350e-12,1.654232e-13,2.815944e-16,-2.111296e-19,4.356735e-10
4381,4381.000000,4,5.606182e-12,1.767475e-13,2.815892e-16,-3.141698e-19,3.345269e-10
4382,4382.000000,4,7.176482e-12,1.378897e-13,2.815840e-16,2.675598e-19,-5.276279e-10
4383,4383.000000,4,8.753887e-12,1.851852e-13,2.906616e-16,5.889890e-19,-1.643661e-10
4384,4384.000000,4,6.934897e-12,1.691980e-13,2.815739e-16,7.183236e-20,4.359000e-10
4385,4385.000000,4,6.018297e-12,1.989520e-13,2.815690e-16,4.775479e-19,6.265877e-12
4386,4386.000000,4,5.186962e-12,1.885159e-13,2.815642e-16,5.034552e-20,1.915226e-10
4387,4387.000000,4,6.785683e-12,1.856293e-13,2.815594e-16,1.203151e-19,-3.018221e-10
4388,4388.000000,4,9.606538e-12,1.607603e-13,2.815548e-16,-1.957142e-19,-7.956213e-11
4389,4389.000000,4,9.450218e-12,1.556533e-13,3.519237e-16,1.187335e-19,-1.005156e-10
4390,4390.000000,4,4.817480e-12,1.689759e-13,2.815456e-16,4.266928e-20,-3.763281e-10
4391,4391.000000,4,7.283063e-12,1.927347e-13,2.815411e-16,-3.588144e-19,7.119105e-11
4392,4392.000000,4,6.671996e-12,1.700862e-13,2.815367e-16,-1.960120e-19,-2.150482e-10
4393,4393.000000,4,8.157031e-12,1.869616e-13,2.815323e-16,2.188621e-19,-1.720115e-10
4394,4394.000000,4,7.652545e-12,1.647571e-13,3.518961e-16,-2.316404e-19,-1.997142e-10
4395,4395.000000,4,5.520917e-12,1.774136e-13,2.815236e-16,-1.255131e-19,4.235932e-10
4396,4396.000000,4,6.600942e-12,1.849632e-13,3.518992e-16,-5.196150e-19,-6.813616e-11
4397,4397.000000,4,6.920686e-12,2.071676e-13,3.518802e-16,9.545664e-21,2.072291e-10
4398,4398.000000,4,6.082246e-12,2.033929e-13,2.815109e-16,1.436912e-19,-5.703618e-10
4399,4399.000000,4,7.467804e-12,1.607603e-13,3.518835e-16,1.655255e-19,-3.252747e-10
4400,4400.000000,4,7.545964e-12,1.707523e-13,3.518647e-16,2.123075e-19,-3.842160e-10
4401,4401.000000,4,8.974155e-12,1.871836e-13,2.814986e-16,-9.327950e-20,-1.561391e-10
4402,4402.000000,4,8.192558e-12,1.838529e-13,2.814946e-16,-2.940892e-19,1.810727e-10
4403,4403.000000,4,5.762502e-12,1.474376e-13,3.518496e-16,-5.574205e-20,-4.126155e-10
4404,4404.000000,4,5.883294e-12,1.783018e-13,2.814866e-16,-4.484642e-20,-5.842853e-10
4405,4405.000000,4,5.563550e-12,1.272316e-13,2.814826e-16,2.194113e-19,2.431388e-10
4406,4406.000000,4,6.885159e-12,1.996181e-13,2.814787e-16,2.208208e-19,-1.356000e-10
4407,4407.000000,4,5.876188e-12,1.585398e-13,2.814748e-16,2.603965e-20,-9.359291e-11
4408,4408.000000,4,7.624124e-12,2.082778e-13,2.814709e-16,-1.680070e-19,-1.142220e-10
4409,4409.000000,4,7.574386e-12,1.638689e-13,2.814670e-16,1.968028e-20,-2.444873e-10
4410,4410.000000,4,5.748291e-12,1.985079e-13,2.904082e-16,-2.162416e-19,2.496432e-10
4411,4411.000000,4,6.387779e-12,1.891820e-13,2.903987e-16,-1.306548e-19,1.406208e-10
4412,4412.000000,4,6.934897e-12,2.127187e-13,2.814556e-16,-3.527429e-20,-3.359202e-10
4413,4413.000000,4,7.894130e-12,1.838529e-13,2.814519e-16,-2.707759e-19,1.300877e-10
4414,4414.000000,4,8.235190e-12,1.822986e-13,2.814482e-16,8.217212e-20,-1.731000e-10
4415,4415.000000,4,6.821210e-12,1.725287e-13,2.814444e-16,5.145063e-21,-2.699030e-10
4416,4416.000000,4,7.318590e-12,1.647571e-13,2.814407e-16,-2.133663e-19,-2.160807e-10
4417,4417.000000,4,7.773338e-12,1.683098e-13,2.814371e-16,2.245531e-19,1.518465e-10
4418,4418.000000,4,7.375434e-12,1.847411e-13,2.814334e-16,2.349160e-19,7.087930e-11
4419,4419.000000,4,6.977530e-12,1.865175e-13,3.517740e-16,-1.891762e-19,-9.662826e-11
4420,4420.000000,4,8.064660e-12,2.029488e-13,2.814262e-16,-1.685298e-19,1.565279e-10
4421,4421.000000,4,7.482015e-12,1.600942e-13,2.814226e-16,5.320095e-20,-1.755074e-10
4422,4422.000000,4,7.119638e-12,2.033929e-13,2.814191e-16,2.087705e-19,2.050160e-11
4423,4423.000000,4,6.259882e-12,1.785239e-13,2.814155e-16,1.124966e-20,2.857683e-10
4424,4424.000000,4,8.647305e-12,1.725287e-13,2.814120e-16,-1.657372e-19,-8.126930e-10
4425,4425.000000,4,5.741185e-12,1.858513e-13,2.814085e-16,-4.215610e-19,1.274503e-10
4426,4426.000000,4,5.314860e-12,1.829648e-13,2.814050e-16,-4.455459e-19,4.857621e-10
4427,4427.000000,4,5.144329e-12,1.656453e-13,2.814016e-16,4.082103e-19,8.272583e-11
4428,4428.000000,4,6.927792e-12,2.193801e-13,2.813981e-16,-2.101039e-20,-5.084406e-10
4429,4429.000000,4,7.077006e-12,1.962874e-13,3.517434e-16,-3.216475e-19,-7.486123e-11
4430,4430.000000,4,6.551204e-12,1.187939e-13,2.902217e-16,-1.309228e-19,-1.407607e-11
4431,4431.000000,4,8.405721e-12,1.509903e-13,2.813880e-16,3.289863e-19,7.740542e-11
4432,4432.000000,4,6.124878e-12,1.845191e-13,2.813846e-16,3.427638e-19,-3.136140e-10
4433,4433.000000,4,5.428547e-12,1.711964e-13,2.901922e-16,-1.594308e-19,-4.387817e-10
4434,4434.000000,4,7.410961e-12,1.989520e-13,2.813780e-16,7.102834e-20,2.866374e-11
4435,4435.000000,4,6.920686e-12,2.022826e-13,2.813747e-16,1.656016e-20,7.097094e-10
4436,4436.000000,4,6.643575e-12,1.936229e-13,3.517012e-16,-1.027325e-19,5.177592e-11
4437,4437.000000,4,6.181722e-12,1.618705e-13,2.813681e-16,5.128189e-20,9.662471e-11
4438,4438.000000,4,5.805134e-12,1.960654e-13,2.813649e-16,2.337447e-19,1.005562e-10
4439,4439.000000,4,6.089351e-12,1.882938e-13,3.517021e-16,9.623419e-20,-1.294425e-10
4440,4440.000000,4,6.274092e-12,1.827427e-13,2.813585e-16,2.108186e-19,-1.653753e-10
4441,4441.000000,4,8.533618e-12,1.829648e-13,3.516811e-16,-1.462687e-19,-5.332788e-10
4442,4442.000000,4,5.954348e-12,1.916245e-13,2.813521e-16,2.058356e-19,-5.419323e-10
4443,4443.000000,4,6.572520e-12,1.871836e-13,3.516733e-16,-3.598533e-19,-3.944634e-10
4444,4444.000000,4,5.883294e-12,1.811884e-13,2.813459e-16,-1.264594e-20,-2.099738e-10
4445,4445.000000,4,5.677236e-12,2.005063e-13,2.813427e-16,-1.407133e-19,1.747291e-10
4446,4446.000000,4,6.409095e-12,1.836309e-13,3.516746e-16,-1.269590e-19,1.760143e-10
4447,4447.000000,4,6.288303e-12,2.129408e-13,2.813366e-16,-3.327979e-19,3.231526e-10
4448,4448.000000,4,7.318590e-12,1.687539e-13,3.516540e-16,5.090800e-19,-3.136229e-10
4449,4449.000000,4,8.199663e-12,1.989520e-13,2.900364e-16,-7.404921e-21,4.953065e-10
4450,4450.000000,4,6.259882e-12,1.658673e-13,2.813274e-16,7.315254e-20,3.862988e-10
4451,4451.000000,4,7.297274e-12,1.958433e-13,3.516425e-16,1.172181e-19,9.619949e-11
4452,4452.000000,4,7.098322e-12,1.891820e-13,2.813213e-16,1.545173e-21,-5.389820e-10
4453,4453.000000,4,5.371703e-12,1.942890e-13,2.813182e-16,-1.557780e-19,-2.551581e-11
4454,4454.000000,4,8.036238e-12,1.818545e-13,2.813152e-16,-2.236928e-19,-1.661997e-10
4455,4455.000000,4,7.084111e-12,2.196021e-13,2.813121e-16,-1.476881e-19,2.106111e-10
4456,4456.000000,4,5.215384e-12,1.780798e-13,2.813090e-16,-4.905280e-19,2.348806e-10
4457,4457.000000,4,6.714629e-12,1.942890e-13,2.813059e-16,-8.092804e-20,8.987877e-11
4458,4458.000000,4,6.117773e-12,1.849632e-13,2.813027e-16,1.365080e-19,-1.780436e-10
4459,4459.000000,4,6.657785e-12,1.820766e-13,3.516116e-16,1.290633e-19,2.006915e-10
4460,4460.000000,4,7.041479e-12,2.218226e-13,3.516076e-16,3.642804e-19,-1.574969e-10
4461,4461.000000,4,5.428547e-12,1.771916e-13,2.899032e-16,-3.344126e-20,-2.716118e-10
4462,4462.000000,4,9.059420e-12,2.178258e-13,2.812901e-16,-2.883353e-19,3.100804e-10
4463,4463.000000,4,7.055689e-12,2.089440e-13,2.812868e-16,4.405101e-19,1.861038e-10
4464,4464.000000,4,6.444623e-12,1.643130e-13,2.812836e-16,1.970377e-19,5.673688e-10
4465,4465.000000,4,6.096457e-12,2.022826e-13,2.812803e-16,2.688469e-19,-1.055476e-10
4466,4466.000000,4,7.041479e-12,1.905143e-13,3.515833e-16,2.356340e-19,-1.122273e-10
4467,4467.000000,4,6.203038e-12,1.907363e-13,2.812737e-16,-3.099313e-19,3.714853e-10
4468,4468.000000,4,7.162271e-12,2.133849e-13,3.515749e-16,-7.558776e-20,-8.353429e-11
4469,4469.000000,4,6.444623e-12,1.902922e-13,3.515707e-16,5.152343e-20,2.353844e-10
4470,4470.000000,4,6.217249e-12,2.124967e-13,2.897991e-16,1.998468e-20,2.337452e-10
4471,4471.000000,4,7.410961e-12,1.998401e-13,2.812602e-16,1.535677e-19,-1.263301e-11
4472,4472.000000,4,5.442757e-12,2.307043e-13,2.812568e-16,-8.437242e-22,-1.549059e-10
4473,4473.000000,4,6.785683e-12,2.167155e-13,2.812533e-16,-4.413472e-19,-2.795186e-10
4474,4474.000000,4,7.638334e-12,2.098322e-13,2.812498e-16,9.239607e-20,-2.549516e-12
4475,4475.000000,4,8.263612e-12,1.927347e-13,2.812463e-16,1.142833e-20,-3.850231e-11
4476,4476.000000,4,5.968559e-12,2.013945e-13,2.812428e-16,-4.100301e-19,-5.161460e-10
4477,4477.000000,4,7.986500e-12,2.060574e-13,2.812392e-16,-5.169647e-19,3.772915e-10
4478,4478.000000,4,9.222845e-12,2.162714e-13,2.812356e-16,8.194382e-20,-9.097012e-11
4479,4479.000000,4,6.892265e-12,2.160494e-13,2.812320e-16,-2.148717e-19,-9.926193e-11
4480,4480.000000,4,6.160406e-12,1.736389e-13,2.812284e-16,-2.462914e-19,-1.199050e-10
4481,4481.000000,4,5.897505e-12,2.040590e-13,2.812247e-16,-2.219954e-19,-2.421419e-10
4482,4482.000000,4,7.034373e-12,2.062794e-13,2.812210e-16,-2.750342e-19,-7.512984e-10
4483,4483.000000,4,6.970424e-12,1.800782e-13,2.896442e-16,1.032189e-19,-2.032134e-10
4484,4484.000000,4,7.339906e-12,1.889600e-13,2.812136e-16,3.881131e-20,2.404386e-10
4485,4485.000000,4,8.590462e-12,2.113865e-13,2.812098e-16,-2.581664e-19,1.571592e-10
4486,4486.000000,4,5.584866e-12,1.925127e-13,2.812060e-16,3.626955e-19,-4.109142e-10
4487,4487.000000,4,6.934897e-12,1.607603e-13,2.812022e-16,-3.272360e-19,-3.125411e-10
4488,4488.000000,4,7.787548e-12,1.887379e-13,3.514846e-16,-1.393038e-19,-7.591261e-12
4489,4489.000000,4,9.578116e-12,2.009504e-13,2.811945e-16,-1.247984e-19,-1.525671e-10
4490,4490.000000,4,7.183587e-12,2.184919e-13,2.811906e-16,-1.906651e-19,-3.708320e-10
4491,4491.000000,4,4.980905e-12,2.036149e-13,2.811867e-16,-4.498870e-20,-2.047378e-10
4492,4492.000000,4,6.131984e-12,2.251532e-13,2.811828e-16,1.679243e-19,-3.342966e-10
4493,4493.000000,4,4.845901e-12,1.951772e-13,2.811788e-16,-2.623850e-19,2.488176e-10
4494,4494.000000,4,4.945377e-12,1.871836e-13,3.514552e-16,3.449575e-19,6.064416e-11
4495,4495.000000,4,6.508571e-12,1.771916e-13,3.514501e-16,-2.970968e-19,4.418665e-11
4496,4496.000000,4,8.959944e-12,2.324807e-13,3.514585e-16,2.756397e-19,1.281537e-10
4497,4497.000000,4,8.149925e-12,2.169376e-13,3.514535e-16,2.385423e-19,1.645639e-10
4498,4498.000000,4,6.842527e-12,2.005063e-13,2.894604e-16,-2.985526e-19,1.496128e-10
4499,4499.000000,4,8.768097e-12,2.087219e-13,2.811546e-16,-2.594700e-20,3.597407e-10
4500,4500.000000,4,7.759127e-12,2.000622e-13,3.514382e-16,-2.443922e-19,2.325213e-10
4501,4501.000000,4,6.956213e-12,2.129408e-13,2.811464e-16,-2.145640e-19,-1.965079e-10
4502,4502.000000,4,5.400125e-12,1.956213e-13,2.811422e-16,2.921933e-20,3.674123e-10
4503,4503.000000,4,5.769607e-12,2.084999e-13,2.893992e-16,6.009633e-20,-2.823792e-10
4504,4504.000000,4,6.160406e-12,2.167155e-13,2.811338e-16,-1.408655e-19,1.049882e-10
4505,4505.000000,4,5.591971e-12,2.084999e-13,2.811296e-16,-2.094355e-19,-5.630756e-10
4506,4506.000000,4,6.522782e-12,1.969536e-13,3.513932e-16,-3.167175e-19,-5.127283e-10
4507,4507.000000,4,7.304379e-12,1.927347e-13,2.811211e-16,9.002703e-20,-3.964695e-11
4508,4508.000000,4,7.872814e-12,2.069456e-13,3.513961e-16,2.280868e-19,-4.333236e-10
4509,4509.000000,4,1.067946e-11,1.947331e-13,2.811126e-16,-4.692331e-19,4.723322e-10
4510,4510.000000,4,6.011192e-12,2.031708e-13,2.811083e-16,-4.115554e-19,2.172402e-10
4511,4511.000000,4,5.570655e-12,2.298162e-13,3.513663e-16,2.573326e-19,1.040372e-10
4512,4512.000000,4,7.197798e-12,2.171596e-13,2.810996e-16,5.439871e-20,-8.395462e-11
4513,4513.000000,4,6.252776e-12,2.029488e-13,2.810953e-16,6.092682e-20,-2.645153e-10
4514,4514.000000,4,7.425172e-12,2.116085e-13,2.892684e-16,-2.597149e-19,-2.267186e-10
4515,4515.000000,4,5.712764e-12,2.149392e-13,2.810866e-16,-1.356312e-19,-1.082876e-10
4516,4516.000000,4,6.856737e-12,1.703082e-13,2.810823e-16,8.324746e-20,5.068057e-11
4517,4517.000000,4,8.562040e-12,2.107203e-13,2.810779e-16,1.001087e-19,-2.202309e-10
4518,4518.000000,4,6.110668e-12,1.871836e-13,3.513284e-16,-1.220786e-19,-2.599556e-10
4519,4519.000000,4,6.949108e-12,1.985079e-13,2.810693e-16,1.573165e-19,-1.580296e-10
4520,4520.000000,4,6.217249e-12,1.874056e-13,3.513175e-16,-8.282394e-20,2.993976e-10
4521,4521.000000,4,6.295409e-12,1.578737e-13,3.513257e-16,1.115039e-21,-3.224803e-10
4522,4522.000000,4,7.467804e-12,1.907363e-13,3.513203e-16,5.155287e-19,-2.215670e-10
4523,4523.000000,4,8.284928e-12,2.096101e-13,3.513013e-16,-4.949783e-19,-2.254574e-10
4524,4524.000000,4,6.458833e-12,1.736389e-13,2.810476e-16,-4.755825e-19,-2.603207e-10
4525,4525.000000,4,7.894130e-12,2.193801e-13,2.810433e-16,-1.235808e-19,-1.868807e-10
4526,4526.000000,4,8.249401e-12,2.002842e-13,3.512987e-16,4.531262e-19,7.140177e-11
4527,4527.000000,4,5.101697e-12,2.009504e-13,2.810346e-16,-2.141802e-19,3.917715e-10
4528,4528.000000,4,7.112533e-12,1.922906e-13,2.810303e-16,1.298078e-19,-5.943246e-11
4529,4529.000000,4,6.124878e-12,2.187139e-13,2.810260e-16,-7.701382e-20,2.673639e-12
4530,4530.000000,4,6.430412e-12,1.776357e-13,2.810217e-16,1.873465e-19,-8.416401e-11
4531,4531.000000,4,1.286793e-11,2.136069e-13,2.810174e-16,8.878626e-20,3.300320e-10
4532,4532.000000,4,5.229595e-12,1.809664e-13,3.512664e-16,1.641954e-19,2.427207e-10
4533,4533.000000,4,7.446488e-12,2.129408e-13,2.810089e-16,-1.385693e-20,5.674772e-10
4534,4534.000000,4,5.400125e-12,1.700862e-13,3.512422e-16,-4.628373e-19,-7.214651e-11
4535,4535.000000,4,6.998846e-12,2.147171e-13,2.810003e-16,1.862381e-19,-1.111800e-11
4536,4536.000000,4,5.201173e-12,2.027267e-13,2.809961e-16,-2.703061e-19,-1.078220e-10
4537,4537.000000,4,7.119638e-12,1.489919e-13,2.809918e-16,-3.547381e-19,3.995888e-10
4538,4538.000000,4,6.473044e-12,2.007283e-13,2.809876e-16,2.391909e-19,-2.277265e-10
4539,4539.000000,4,6.508571e-12,1.818545e-13,2.809833e-16,-2.679635e-19,-3.130762e-10
4540,4540.000000,4,5.663026e-12,1.789680e-13,2.889735e-16,4.324831e-20,-1.362872e-10
4541,4541.000000,4,5.357492e-12,1.763034e-13,3.512051e-16,3.159929e-19,1.181677e-10
4542,4542.000000,4,7.361223e-12,2.038369e-13,2.809707e-16,-3.946743e-19,-1.271607e-10
4543,4543.000000,4,7.645440e-12,1.703082e-13,2.889384e-16,-8.235741e-20,1.978246e-10
4544,4544.000000,4,6.835421e-12,1.814104e-13,2.809622e-16,-7.847297e-20,4.833576e-10
4545,4545.000000,4,4.774847e-12,1.663114e-13,2.809581e-16,-2.162316e-19,1.194802e-10
4546,4546.000000,4,6.757261e-12,1.776357e-13,2.809539e-16,-4.203732e-20,1.572789e-10
4547,4547.000000,4,6.444623e-12,1.882938e-13,2.809497e-16,2.917598e-19,2.328371e-10
4548,4548.000000,4,5.840661e-12,2.071676e-13,2.888839e-16,-1.632987e-19,-2.129696e-10
4549,4549.000000,4,4.213518e-12,2.011724e-13,2.888727e-16,1.839418e-19,3.841105e-11
4550,4550.000000,4,8.874679e-12,2.178258e-13,2.809372e-16,-2.740284e-20,5.186906e-10
4551,4551.000000,4,5.989875e-12,2.291500e-13,2.809331e-16,-4.483782e-19,2.342844e-10
4552,4552.000000,4,5.968559e-12,1.800782e-13,2.809289e-16,-1.572570e-19,-1.652654e-10
4553,4553.000000,4,4.824585e-12,2.076117e-13,2.809248e-16,5.357483e-20,-6.655299e-11
4554,4554.000000,4,7.574386e-12,1.680878e-13,2.809207e-16,3.309384e-19,3.361396e-10
4555,4555.000000,4,1.011813e-11,1.705303e-13,3.511457e-16,-4.056891e-19,-5.448975e-12
4556,4556.000000,4,6.657785e-12,1.929568e-13,3.511271e-16,-1.274354e-19,5.178333e-10
4557,4557.000000,4,7.347012e-12,2.133849e-13,3.511354e-16,-8.105708e-20,1.272498e-10
4558,4558.000000,4,7.190692e-12,1.920686e-13,2.809042e-16,-2.791271e-19,-8.296053e-11
4559,4559.000000,4,6.579626e-12,1.763034e-13,2.809002e-16,-1.982520e-19,-2.624310e-10
4560,4560.000000,4,5.996981e-12,2.058353e-13,2.808961e-16,-5.045537e-19,2.621279e-10
4561,4561.000000,4,9.386270e-12,2.140510e-13,3.511016e-16,-1.251160e-19,-3.176166e-10
4562,4562.000000,4,6.025402e-12,2.160494e-13,2.808879e-16,-3.181469e-19,1.590674e-10
4563,4563.000000,4,6.131984e-12,1.902922e-13,2.808839e-16,-1.431850e-19,2.469154e-10
4564,4564.000000,4,6.828316e-12,2.324807e-13,2.808798e-16,-5.779676e-20,-2.532776e-10
4565,4565.000000,4,6.600942e-12,1.858513e-13,2.886917e-16,-2.548510e-19,-4.224896e-10
4566,4566.000000,4,5.506706e-12,1.907363e-13,3.510764e-16,-1.965083e-19,-5.332934e-11
4567,4567.000000,4,7.922552e-12,2.087219e-13,2.808677e-16,-1.187931e-19,-1.626375e-10
4568,4568.000000,4,1.003997e-11,1.825207e-13,2.808637e-16,1.711900e-19,2.011193e-10
4569,4569.000000,4,6.814105e-12,2.082778e-13,2.808597e-16,-4.672247e-20,-1.123368e-11
4570,4570.000000,4,6.664891e-12,2.053913e-13,3.510562e-16,-4.345246e-19,1.239560e-10
4571,4571.000000,4,6.259882e-12,1.849632e-13,2.808516e-16,1.309923e-19,2.162321e-10
4572,4572.000000,4,5.861978e-12,1.905143e-13,2.808475e-16,6.723324e-20,-2.575917e-11
4573,4573.000000,4,8.121503e-12,2.216005e-13,2.808435e-16,2.089194e-19,1.324532e-10
4574,4574.000000,4,4.938272e-12,1.936229e-13,2.808394e-16,9.658823e-20,-4.495033e-10
4575,4575.000000,4,5.684342e-12,1.965095e-13,2.808353e-16,1.444555e-19,1.308951e-10
4576,4576.000000,4,5.634604e-12,2.098322e-13,2.808311e-16,-2.147030e-20,2.183178e-10
4577,4577.000000,4,6.608047e-12,2.244871e-13,2.808270e-16,1.825621e-19,-1.971869e-10
4578,4578.000000,4,5.968559e-12,2.051692e-13,3.510151e-16,-1.533593e-19,-5.099019e-10
4579,4579.000000,4,4.561684e-12,1.909584e-13,2.808186e-16,9.032151e-20,-1.740166e-10
4580,4580.000000,4,5.670131e-12,2.080558e-13,2.808144e-16,2.602840e-19,-5.829028e-10
4581,4581.000000,4,6.004086e-12,2.000622e-13,2.808101e-16,7.593187e-20,-5.435119e-11
4582,4582.000000,4,7.787548e-12,2.375877e-13,2.808059e-16,-1.651516e-19,-4.075387e-10
4583,4583.000000,4,7.013057e-12,2.169376e-13,2.808016e-16,1.182504e-19,-3.297371e-10
4584,4584.000000,4,6.608047e-12,2.018385e-13,3.509965e-16,4.038594e-19,9.204859e-12
4585,4585.000000,4,6.444623e-12,2.111644e-13,2.807929e-16,7.876976e-19,3.257445e-10
4586,4586.000000,4,5.179857e-12,2.180478e-13,2.807885e-16,-1.708690e-19,4.595413e-11
4587,4587.000000,4,5.456968e-12,2.136069e-13,3.509665e-16,4.390344e-20,2.915381e-10
4588,4588.000000,4,6.558309e-12,1.936229e-13,3.509745e-16,6.818284e-20,-6.726997e-11
4589,4589.000000,4,5.265122e-12,1.887379e-13,3.509552e-16,4.918317e-19,1.847034e-11
4590,4590.000000,4,6.878054e-12,2.033929e-13,3.509496e-16,-4.348323e-20,-3.884646e-10
4591,4591.000000,4,6.671996e-12,2.418066e-13,2.807660e-16,6.174506e-19,-3.555358e-10
4592,4592.000000,4,7.894130e-12,1.956213e-13,2.883447e-16,-4.417475e-20,-8.776690e-11
4593,4593.000000,4,7.560175e-12,2.224887e-13,2.807569e-16,9.050018e-20,-2.937739e-11
4594,4594.000000,4,7.872814e-12,2.129408e-13,3.509266e-16,1.010682e-19,2.008405e-10
4595,4595.000000,4,6.338041e-12,2.220446e-13,2.807475e-16,-2.002439e-19,-2.508793e-11
4596,4596.000000,4,7.233325e-12,2.280398e-13,3.509148e-16,-7.037984e-20,-3.422125e-10
4597,4597.000000,4,1.003286e-11,2.444711e-13,2.807381e-16,1.536273e-19,-2.213372e-10
4598,4598.000000,4,8.064660e-12,2.047251e-13,2.807333e-16,3.070263e-19,2.391141e-10
4599,4599.000000,4,7.446488e-12,2.144951e-13,2.807286e-16,2.554698e-19,-2.476805e-10
4600,4600.000000,4,8.512302e-12,1.874056e-13,2.807237e-16,1.038145e-19,-1.673617e-10
4601,4601.000000,4,5.513812e-12,2.100542e-13,2.807189e-16,-5.330914e-19,2.587237e-10
4602,4602.000000,4,7.837286e-12,2.067235e-13,3.508786e-16,-4.531759e-19,-9.444845e-11
4603,4603.000000,4,7.581491e-12,2.311484e-13,3.508724e-16,1.189916e-19,-1.560292e-10
4604,4604.000000,4,6.068035e-12,2.189360e-13,2.807041e-16,1.870322e-19,-1.686351e-10
4605,4605.000000,4,6.778578e-12,2.153833e-13,2.881683e-16,3.935957e-19,-3.263743e-10
4606,4606.000000,4,6.522782e-12,2.267075e-13,2.806941e-16,8.580179e-20,-3.403273e-10
4607,4607.000000,4,5.783818e-12,2.060574e-13,3.508474e-16,-4.897769e-19,-2.377816e-10
4608,4608.000000,4,5.698553e-12,2.144951e-13,3.508410e-16,-1.691981e-19,2.467695e-10
4609,4609.000000,4,7.545964e-12,2.240430e-13,2.806789e-16,-1.727186e-19,1.546470e-10
4610,4610.000000,4,8.320455e-12,2.202682e-13,2.806738e-16,4.288601e-19,2.400502e-11
4611,4611.000000,4,6.643575e-12,1.976197e-13,2.880855e-16,-5.024560e-19,5.592304e-11
4612,4612.000000,4,9.741541e-12,1.927347e-13,2.806634e-16,-2.012200e-19,1.817724e-11
4613,4613.000000,4,9.293899e-12,2.138290e-13,3.508227e-16,-7.531645e-20,-2.864642e-11
4614,4614.000000,4,6.302514e-12,2.116085e-13,2.806529e-16,1.198353e-19,-6.888778e-11
4615,4615.000000,4,7.901235e-12,2.018385e-13,3.508096e-16,-1.352771e-19,2.387333e-10
4616,4616.000000,4,5.606182e-12,2.331468e-13,2.806424e-16,-7.507491e-20,7.826428e-11
4617,4617.000000,4,5.826450e-12,2.133849e-13,2.806370e-16,4.234238e-19,-6.228016e-10
4618,4618.000000,4,6.302514e-12,2.393641e-13,3.507754e-16,6.194259e-20,2.515259e-10
4619,4619.000000,4,5.641709e-12,2.366995e-13,2.806263e-16,-2.238351e-20,1.611673e-10
4620,4620.000000,4,7.169376e-12,2.386980e-13,3.507619e-16,3.316266e-19,9.681012e-11
4621,4621.000000,4,6.949108e-12,2.076117e-13,3.507550e-16,5.895151e-20,-3.945924e-10
4622,4622.000000,4,7.268852e-12,2.156053e-13,2.806099e-16,-2.766985e-19,-1.250813e-10
4623,4623.000000,4,7.574386e-12,2.235989e-13,2.806044e-16,1.545438e-19,6.896916e-10
4624,4624.000000,4,8.355983e-12,1.671996e-13,2.805989e-16,-2.724534e-19,1.158214e-10
4625,4625.000000,4,7.936762e-12,2.049472e-13,2.878939e-16,5.782323e-20,3.806602e-10
4626,4626.000000,4,7.808865e-12,2.098322e-13,3.507204e-16,6.622077e-20,-1.003984e-09
4627,4627.000000,4,7.489120e-12,2.067235e-13,2.805821e-16,-2.672025e-19,-3.537539e-10
4628,4628.000000,4,7.496226e-12,1.698641e-13,3.507063e-16,1.780854e-19,2.637754e-10
4629,4629.000000,4,4.490630e-12,2.315925e-13,2.878438e-16,-9.974806e-20,-1.486606e-10
4630,4630.000000,4,8.206769e-12,2.009504e-13,2.805652e-16,9.573458e-20,-1.799738e-10
4631,4631.000000,4,6.536993e-12,2.018385e-13,2.805595e-16,-3.129721e-20,-4.453913e-10
4632,4632.000000,4,6.892265e-12,2.176037e-13,2.805539e-16,4.759333e-19,9.534262e-11
4633,4633.000000,4,6.060930e-12,1.940670e-13,3.506710e-16,3.843478e-19,-1.699547e-10
4634,4634.000000,4,7.759127e-12,2.060574e-13,2.805426e-16,1.237925e-19,5.820560e-10
4635,4635.000000,4,8.988366e-12,1.922906e-13,2.805370e-16,7.300696e-20,-5.605525e-10
4636,4636.000000,4,4.966694e-12,1.894040e-13,2.805313e-16,-1.279946e-19,2.191902e-10
4637,4637.000000,4,7.830181e-12,1.973977e-13,2.805257e-16,1.339503e-19,-1.326195e-10
4638,4638.000000,4,6.011192e-12,2.082778e-13,2.805202e-16,3.246552e-19,6.248113e-11
4639,4639.000000,4,8.213874e-12,2.389200e-13,2.805146e-16,-5.533838e-20,-3.520426e-10
4640,4640.000000,4,7.176482e-12,1.807443e-13,2.805090e-16,-3.794211e-19,-3.543972e-10
4641,4641.000000,4,8.768097e-12,1.976197e-13,3.506152e-16,-8.600362e-20,3.706417e-10
4642,4642.000000,4,6.636469e-12,2.080558e-13,2.804980e-16,2.244968e-19,-1.022769e-10
4643,4643.000000,4,6.146195e-12,1.714184e-13,2.804925e-16,-2.468605e-19,-3.228839e-11
4644,4644.000000,4,1.101341e-11,1.849632e-13,3.505947e-16,9.904992e-20,1.216629e-10
4645,4645.000000,4,6.572520e-12,1.922906e-13,2.876543e-16,-4.905512e-20,1.491247e-10
4646,4646.000000,4,5.201173e-12,2.071676e-13,2.804762e-16,2.913099e-19,-3.493228e-10
4647,4647.000000,4,9.585222e-12,2.033929e-13,2.804708e-16,2.071591e-19,7.641532e-11
4648,4648.000000,4,5.329071e-12,1.978417e-13,2.804655e-16,1.454084e-19,-3.454304e-10
4649,4649.000000,4,4.767742e-12,1.738609e-13,2.804602e-16,-5.571789e-19,7.825185e-11
4650,4650.000000,4,6.060930e-12,1.927347e-13,3.505546e-16,-1.906354e-19,8.534085e-11
4651,4651.000000,4,6.480150e-12,1.894040e-13,2.804496e-16,1.378248e-19,-3.481544e-10
4652,4652.000000,4,4.625633e-12,2.096101e-13,2.804444e-16,1.083243e-19,-3.333054e-10
4653,4653.000000,4,6.458833e-12,1.791900e-13,2.804392e-16,-2.355016e-19,2.120983e-10
4654,4654.000000,4,5.037748e-12,1.891820e-13,2.804340e-16,-4.942437e-19,-1.355576e-10
4655,4655.000000,4,6.671996e-12,1.998401e-13,2.804288e-16,-2.714939e-19,3.093059e-11
4656,4656.000000,4,8.128609e-12,2.238210e-13,2.804237e-16,-1.551923e-19,1.235636e-10
4657,4657.000000,4,7.858603e-12,1.838529e-13,2.804186e-16,1.464738e-19,-1.729492e-10
4658,4658.000000,4,6.018297e-12,1.774136e-13,2.875089e-16,-9.504636e-20,1.321414e-10
4659,4659.000000,4,7.311485e-12,1.771916e-13,2.804085e-16,1.537001e-19,-6.397627e-10
4660,4660.000000,4,9.450218e-12,1.565414e-13,2.804035e-16,-1.467815e-19,-2.261524e-10
4661,4661.000000,4,6.970424e-12,1.854072e-13,2.803985e-16,1.723414e-19,4.249612e-10
4662,4662.000000,4,1.222134e-11,2.056133e-13,2.803936e-16,1.135951e-19,5.132188e-10
4663,4663.000000,4,8.093082e-12,1.707523e-13,2.803887e-16,-1.035498e-19,2.355258e-10
4664,4664.000000,4,8.832046e-12,1.814104e-13,2.803838e-16,-1.516818e-19,-4.285017e-12
4665,4665.000000,4,5.819345e-12,1.882938e-13,2.803789e-16,-8.653633e-20,-1.154405e-10
4666,4666.000000,4,6.139089e-12,1.798561e-13,3.504539e-16,-9.984401e-20,-2.404743e-11
4667,4667.000000,4,4.980905e-12,1.794120e-13,2.803693e-16,-3.384492e-20,1.085110e-10
4668,4668.000000,4,5.378809e-12,1.794120e-13,3.504420e-16,6.144959e-20,-6.459442e-10
4669,4669.000000,4,1.124789e-11,1.918465e-13,2.803598e-16,-5.854123e-20,1.263407e-10
4670,4670.000000,4,7.418066e-12,1.696421e-13,2.803551e-16,-8.801202e-20,-2.770273e-11
4671,4671.000000,4,5.137224e-12,1.705303e-13,3.504244e-16,4.803272e-20,7.202083e-11
4672,4672.000000,4,8.590462e-12,1.574296e-13,2.803458e-16,5.899088e-19,-2.079630e-10
4673,4673.000000,4,8.448353e-12,2.193801e-13,2.803412e-16,-1.903475e-19,3.844169e-11
4674,4674.000000,4,7.545964e-12,1.991740e-13,2.803366e-16,2.132935e-19,7.933350e-10
4675,4675.000000,4,4.902745e-12,1.938449e-13,2.803320e-16,-9.070201e-19,-1.210905e-10
4676,4676.000000,4,6.863843e-12,1.754152e-13,2.803275e-16,1.125297e-20,-2.776648e-10
4677,4677.000000,4,7.524648e-12,1.718625e-13,3.504037e-16,1.352705e-19,3.579559e-11
4678,4678.000000,4,7.148060e-12,1.463274e-13,3.503846e-16,6.690237e-20,-1.794960e-10
4679,4679.000000,4,8.569145e-12,1.956213e-13,2.803140e-16,-4.258988e-20,2.296916e-10
4680,4680.000000,4,6.544099e-12,2.229328e-13,2.803096e-16,-2.960645e-19,3.786167e-10
4681,4681.000000,4,6.430412e-12,1.609823e-13,3.503681e-16,-1.223235e-19,7.211276e-11
4682,4682.000000,4,6.096457e-12,2.056133e-13,2.803008e-16,3.815122e-19,2.391287e-11
4683,4683.000000,4,6.963319e-12,2.138290e-13,2.872419e-16,2.102958e-19,-4.491001e-10
4684,4684.000000,4,6.771472e-12,1.783018e-13,3.503518e-16,9.138030e-20,-2.608718e-10
4685,4685.000000,4,6.473044e-12,1.798561e-13,2.802879e-16,-4.492517e-19,7.620859e-11
4686,4686.000000,4,6.799894e-12,1.920686e-13,3.503412e-16,2.995188e-19,-9.191936e-11
4687,4687.000000,4,6.373568e-12,1.969536e-13,2.802794e-16,6.920855e-20,2.297873e-10
4688,4688.000000,4,7.382539e-12,1.947331e-13,2.802752e-16,-2.673448e-21,2.587219e-10
4689,4689.000000,4,5.528022e-12,1.929568e-13,2.802710e-16,-4.475246e-19,3.145677e-10
4690,4690.000000,4,5.556444e-12,2.078338e-13,2.802668e-16,4.881358e-20,1.544460e-10
4691,4691.000000,4,5.641709e-12,1.938449e-13,2.871512e-16,5.065389e-19,2.476004e-10
4692,4692.000000,4,4.916956e-12,1.809664e-13,2.802585e-16,-6.032330e-19,-8.901369e-11
4693,4693.000000,4,7.553069e-12,1.969536e-13,2.802543e-16,-6.541774e-19,-2.446821e-11
4694,4694.000000,4,8.583356e-12,1.958433e-13,2.802501e-16,-5.106020e-20,-3.761442e-10
4695,4695.000000,4,6.167511e-12,2.269296e-13,2.802460e-16,3.692270e-19,-2.619618e-10
4696,4696.000000,4,7.510437e-12,1.820766e-13,2.802418e-16,-2.073742e-19,-2.544063e-10
4697,4697.000000,4,8.846257e-12,2.047251e-13,3.502971e-16,1.104055e-19,-1.618146e-10
4698,4698.000000,4,9.158896e-12,1.560974e-13,2.802335e-16,-2.845700e-19,-8.679923e-11
4699,4699.000000,4,7.005951e-12,2.076117e-13,3.502734e-16,-1.675107e-19,6.349983e-10
4700,4700.000000,4,7.453593e-12,2.129408e-13,3.502682e-16,-9.485446e-20,-2.224299e-10
4701,4701.000000,4,1.039524e-11,1.836309e-13,3.502630e-16,3.358419e-19,5.936163e-11
4702,4702.000000,4,5.094591e-12,1.891820e-13,2.802168e-16,-1.134627e-19,-3.731628e-10
4703,4703.000000,4,7.382539e-12,2.033929e-13,3.502525e-16,-5.048449e-20,-1.242795e-10
4704,4704.000000,4,7.688072e-12,1.887379e-13,2.802084e-16,4.844003e-19,-2.851575e-10
4705,4705.000000,4,8.185452e-12,1.885159e-13,2.802042e-16,3.037308e-19,-3.177454e-10
4706,4706.000000,4,7.304379e-12,1.818545e-13,2.802000e-16,1.233756e-19,-3.081202e-11
4707,4707.000000,4,6.124878e-12,1.891820e-13,2.801958e-16,2.199970e-19,-1.111378e-10
4708,4708.000000,4,5.691447e-12,1.965095e-13,3.502261e-16,-3.522069e-19,4.038394e-10
4709,4709.000000,4,4.156675e-12,1.914024e-13,2.801873e-16,1.055284e-19,-1.567488e-10
4710,4710.000000,4,6.082246e-12,2.022826e-13,2.801830e-16,-5.919867e-19,9.183099e-11
4711,4711.000000,4,6.195933e-12,2.089440e-13,2.869144e-16,-2.031589e-19,-8.976908e-11
4712,4712.000000,4,6.679102e-12,2.120526e-13,2.801745e-16,2.018618e-19,2.202540e-10
4713,4713.000000,4,5.890399e-12,2.047251e-13,3.501993e-16,1.427681e-19,2.561362e-10
4714,4714.000000,4,8.853362e-12,2.184919e-13,2.801659e-16,-2.892022e-19,-2.935714e-10
4715,4715.000000,4,7.339906e-12,2.280398e-13,2.801615e-16,-1.628255e-19,8.501533e-11
4716,4716.000000,4,7.204903e-12,1.898481e-13,2.801572e-16,-8.121259e-20,-4.420710e-10
4717,4717.000000,4,5.677236e-12,2.038369e-13,2.868417e-16,-3.354912e-19,1.210478e-10
4718,4718.000000,4,7.176482e-12,1.976197e-13,2.801485e-16,-1.631366e-19,-2.926988e-10
4719,4719.000000,4,5.741185e-12,1.891820e-13,2.801441e-16,7.542233e-20,1.474643e-10
4720,4720.000000,4,9.592327e-12,1.818545e-13,3.501613e-16,-3.163767e-19,-7.710965e-11
4721,4721.000000,4,7.617018e-12,1.971756e-13,3.501692e-16,-9.704483e-21,3.386436e-10
4722,4722.000000,4,6.593837e-12,1.907363e-13,2.801309e-16,-1.907048e-19,4.604317e-11
4723,4723.000000,4,6.473044e-12,2.322587e-13,2.867686e-16,-6.592299e-20,-9.412449e-11
4724,4724.000000,4,7.034373e-12,1.929568e-13,2.801221e-16,2.907540e-19,9.992895e-11
4725,4725.000000,4,7.702283e-12,2.176037e-13,2.801176e-16,-1.693239e-19,-1.860652e-10
4726,4726.000000,4,5.627498e-12,1.891820e-13,3.501280e-16,1.844480e-19,2.626352e-10
4727,4727.000000,4,7.432277e-12,1.763034e-13,2.801087e-16,-2.008858e-19,2.267884e-10
4728,4728.000000,4,6.849632e-12,1.980638e-13,2.801042e-16,-5.808892e-19,-4.383633e-10
4729,4729.000000,4,5.400125e-12,2.149392e-13,3.501247e-16,6.464582e-20,1.507585e-10
4730,4730.000000,4,7.148060e-12,1.889600e-13,2.800952e-16,1.827771e-19,2.018321e-10
4731,4731.000000,4,8.917311e-12,1.962874e-13,2.800907e-16,3.820813e-19,2.756348e-10
4732,4732.000000,4,9.848122e-12,2.038369e-13,2.866580e-16,-4.121841e-19,-2.425464e-10
4733,4733.000000,4,7.219114e-12,2.318146e-13,2.866457e-16,-1.263336e-19,1.760141e-10
4734,4734.000000,4,8.171241e-12,2.042810e-13,2.800771e-16,4.209092e-19,-3.183704e-10
4735,4735.000000,4,8.505197e-12,1.985079e-13,2.800725e-16,1.646652e-19,2.175784e-10
4736,4736.000000,4,6.934897e-12,1.914024e-13,2.866086e-16,2.401074e-19,-2.165079e-10
4737,4737.000000,4,1.045208e-11,2.318146e-13,2.800633e-16,2.209664e-19,7.228751e-11
4738,4738.000000,4,6.018297e-12,1.936229e-13,2.800587e-16,-1.318559e-19,-4.134439e-10
4739,4739.000000,4,8.022027e-12,2.036149e-13,3.500541e-16,-1.470231e-19,5.925171e-10
4740,4740.000000,4,6.025402e-12,2.324807e-13,3.500483e-16,1.237826e-19,-2.871059e-11
4741,4741.000000,4,5.805134e-12,1.549871e-13,2.865469e-16,2.165493e-19,-1.850680e-10
4742,4742.000000,4,5.520917e-12,1.971756e-13,3.500502e-16,-1.025803e-19,1.541975e-10
4743,4743.000000,4,4.945377e-12,1.894040e-13,2.800355e-16,1.258837e-19,-2.690270e-11
4744,4744.000000,4,6.899370e-12,1.798561e-13,2.800308e-16,-8.011079e-20,3.130829e-12
4745,4745.000000,4,6.217249e-12,1.805223e-13,3.500191e-16,-3.627452e-19,-2.417480e-10
4746,4746.000000,4,4.781953e-12,2.191580e-13,3.500133e-16,-2.318289e-19,-1.572014e-10
4747,4747.000000,4,7.361223e-12,2.005063e-13,2.800168e-16,1.484624e-20,2.957030e-10
4748,4748.000000,4,7.780443e-12,1.714184e-13,2.800012e-16,-3.150135e-19,5.726377e-10
4749,4749.000000,4,6.153300e-12,1.749711e-13,2.800073e-16,1.945595e-19,-1.690581e-11
4750,4750.000000,4,6.501466e-12,1.689759e-13,2.800026e-16,3.835140e-19,-8.739010e-12
4751,4751.000000,4,7.368328e-12,1.909584e-13,3.499839e-16,-2.353494e-20,-2.202545e-10
4752,4752.000000,4,7.254641e-12,1.827427e-13,2.799933e-16,-2.101270e-19,-9.325207e-11
4753,4753.000000,4,8.213874e-12,1.709743e-13,2.799886e-16,-4.153009e-19,3.479463e-10
4754,4754.000000,4,5.783818e-12,2.160494e-13,3.499799e-16,2.057463e-19,1.218179e-10
4755,4755.000000,4,6.842527e-12,1.838529e-13,2.799793e-16,2.548444e-19,3.407357e-10
4756,4756.000000,4,6.558309e-12,2.100542e-13,2.799746e-16,5.532184e-20,2.709506e-10
4757,4757.000000,4,6.011192e-12,2.056133e-13,3.499490e-16,1.380730e-19,-1.880180e-10
4758,4758.000000,4,7.176482e-12,1.725287e-13,2.799654e-16,-3.990154e-19,-5.640244e-11
4759,4759.000000,4,8.860468e-12,1.869616e-13,2.799608e-16,1.008399e-19,-2.675011e-10
4760,4760.000000,4,6.757261e-12,1.703082e-13,3.499319e-16,1.188261e-19,1.208318e-10
4761,4761.000000,4,5.719869e-12,1.769696e-13,2.799518e-16,2.718248e-19,1.960461e-10
4762,4762.000000,4,6.195933e-12,1.891820e-13,2.799473e-16,3.045216e-19,2.878147e-10
4763,4763.000000,4,7.240430e-12,1.749711e-13,2.799428e-16,3.547546e-19,-5.087550e-10
4764,4764.000000,4,5.677236e-12,2.136069e-13,2.799384e-16,1.069181e-19,-1.744254e-10
4765,4765.000000,4,5.599077e-12,2.022826e-13,2.799339e-16,4.291016e-19,3.186853e-10
4766,4766.000000,4,5.719869e-12,1.878497e-13,2.799295e-16,-1.778107e-19,-4.885856e-10
4767,4767.000000,4,8.583356e-12,1.818545e-13,2.862635e-16,7.116632e-19,5.316452e-10
4768,4768.000000,4,6.771472e-12,2.011724e-13,2.799208e-16,2.086712e-19,1.420755e-10
4769,4769.000000,4,7.645440e-12,1.745271e-13,2.799165e-16,3.490206e-19,-3.811902e-10
4770,4770.000000,4,6.799894e-12,1.743050e-13,2.799122e-16,6.091358e-21,4.527771e-10
4771,4771.000000,4,8.604673e-12,2.096101e-13,2.799080e-16,4.029461e-19,6.894929e-12
4772,4772.000000,4,9.748646e-12,1.709743e-13,2.799038e-16,-9.812347e-20,5.646030e-10
4773,4773.000000,4,1.071498e-11,1.931788e-13,2.798996e-16,2.500302e-19,-5.082006e-10
4774,4774.000000,4,5.137224e-12,1.789680e-13,2.798954e-16,1.512086e-20,1.549192e-10
4775,4775.000000,4,6.856737e-12,2.000622e-13,2.798913e-16,-1.938448e-19,2.438931e-10
4776,4776.000000,4,5.542233e-12,2.118306e-13,3.498589e-16,-3.530672e-19,-4.037732e-10
4777,4777.000000,4,5.798029e-12,1.609823e-13,2.798831e-16,1.694397e-19,3.917719e-10
4778,4778.000000,4,1.148237e-11,1.703082e-13,3.498357e-16,1.138962e-19,-1.694753e-10
4779,4779.000000,4,7.005951e-12,1.638689e-13,2.861422e-16,-6.282701e-19,3.984557e-10
4780,4780.000000,4,6.430412e-12,1.796341e-13,2.798710e-16,-4.287608e-19,-2.101233e-10
4781,4781.000000,4,9.073631e-12,1.931788e-13,2.798670e-16,2.035294e-19,-2.417970e-10
4782,4782.000000,4,6.274092e-12,1.991740e-13,2.798631e-16,6.959567e-20,-3.626335e-10
4783,4783.000000,4,8.981260e-12,2.009504e-13,2.798592e-16,5.410423e-20,1.247005e-10
4784,4784.000000,4,6.139089e-12,1.640910e-13,2.798553e-16,-4.441960e-19,6.418224e-10
4785,4785.000000,4,4.540368e-12,1.882938e-13,3.498014e-16,2.844840e-20,8.766943e-11
4786,4786.000000,4,7.496226e-12,1.685319e-13,2.798477e-16,2.668485e-19,3.785594e-10
4787,4787.000000,4,6.821210e-12,2.144951e-13,2.798439e-16,4.300148e-19,-1.300058e-10
4788,4788.000000,4,6.018297e-12,1.767475e-13,2.798401e-16,-7.484330e-20,3.138334e-11
4789,4789.000000,4,5.975664e-12,1.847411e-13,2.798364e-16,3.238611e-19,6.768741e-11
4790,4790.000000,4,7.275958e-12,1.916245e-13,3.497780e-16,-7.770204e-20,-1.015426e-10
4791,4791.000000,4,6.949108e-12,1.747491e-13,2.798290e-16,2.374008e-19,-4.667271e-10
4792,4792.000000,4,7.197798e-12,1.914024e-13,2.798254e-16,-7.109783e-20,2.421334e-10
4793,4793.000000,4,6.821210e-12,1.594280e-13,3.497643e-16,-2.152986e-19,-2.140259e-10
4794,4794.000000,4,8.981260e-12,1.691980e-13,3.497727e-16,-4.225569e-19,1.431866e-10
4795,4795.000000,4,9.201528e-12,1.996181e-13,2.798146e-16,2.773735e-19,3.572402e-10
4796,4796.000000,4,7.851497e-12,1.918465e-13,2.798110e-16,1.998898e-19,3.388154e-10
4797,4797.000000,4,6.508571e-12,1.609823e-13,2.798075e-16,1.182140e-19,5.571166e-11
4798,4798.000000,4,7.183587e-12,1.680878e-13,2.859581e-16,-1.089595e-19,-8.098922e-11
4799,4799.000000,4,6.316725e-12,1.583178e-13,3.497380e-16,-1.745417e-19,-1.998524e-10
4800,4800.000000,4,6.743051e-12,1.700862e-13,3.497465e-16,-6.242567e-20,1.733049e-10
4801,4801.000000,4,7.908341e-12,1.703082e-13,2.797938e-16,4.601473e-19,9.623857e-11
4802,4802.000000,4,6.259882e-12,1.654232e-13,2.797904e-16,2.444848e-19,-1.390055e-10
4803,4803.000000,4,6.934897e-12,1.854072e-13,2.797871e-16,-2.844178e-19,-1.048495e-11
4804,4804.000000,4,7.418066e-12,1.738609e-13,2.859027e-16,-2.137931e-19,-5.131695e-11
4805,4805.000000,4,7.780443e-12,1.614264e-13,3.497130e-16,2.820024e-20,-2.294571e-10
4806,4806.000000,4,5.371703e-12,1.829648e-13,2.858849e-16,2.004656e-19,1.787392e-10
4807,4807.000000,4,6.558309e-12,1.734168e-13,2.797740e-16,5.637070e-20,-3.261416e-10
4808,4808.000000,4,7.446488e-12,1.612044e-13,2.797708e-16,-5.844196e-20,-1.182718e-10
4809,4809.000000,4,5.414336e-12,1.532108e-13,2.797676e-16,3.089354e-19,6.898571e-11
4810,4810.000000,4,8.284928e-12,1.856293e-13,2.797645e-16,-1.254072e-19,3.054377e-10
4811,4811.000000,4,5.719869e-12,1.696421e-13,2.797614e-16,2.567933e-19,3.434224e-10
4812,4812.000000,4,7.538858e-12,1.723066e-13,2.797583e-16,-3.159400e-19,9.016565e-11
4813,4813.000000,4,6.494361e-12,1.749711e-13,3.496816e-16,-5.633762e-20,1.926099e-10
4814,4814.000000,4,7.460699e-12,1.767475e-13,2.797523e-16,4.349249e-19,1.373122e-10
4815,4815.000000,4,5.670131e-12,1.243450e-13,2.797493e-16,-2.931991e-19,-1.538156e-10
4816,4816.000000,4,8.590462e-12,1.803002e-13,2.857989e-16,5.667180e-20,4.662359e-11
4817,4817.000000,4,5.030643e-12,1.563194e-13,3.496670e-16,1.185747e-19,-6.019185e-11
4818,4818.000000,4,8.199663e-12,1.618705e-13,2.857823e-16,4.819816e-20,-2.951497e-10
4819,4819.000000,4,8.675727e-12,1.780798e-13,3.496600e-16,-5.291309e-20,2.936826e-10
4820,4820.000000,4,4.810374e-12,1.638689e-13,2.797350e-16,-9.411992e-20,4.088050e-10
4821,4821.000000,4,7.268852e-12,1.780798e-13,2.797323e-16,-2.193815e-19,-2.719895e-10
4822,4822.000000,4,5.300649e-12,1.583178e-13,2.797296e-16,-2.960314e-20,3.155363e-10
4823,4823.000000,4,7.190692e-12,1.676437e-13,2.797269e-16,-5.244788e-19,-5.313434e-10
4824,4824.000000,4,6.295409e-12,1.758593e-13,2.797243e-16,-3.306638e-19,7.566481e-11
4825,4825.000000,4,6.615153e-12,1.598721e-13,2.797218e-16,-7.172979e-20,-2.443454e-10
4826,4826.000000,4,6.075140e-12,1.625367e-13,3.496490e-16,-1.865061e-19,-1.150962e-10
4827,4827.000000,4,5.783818e-12,1.649791e-13,2.797167e-16,2.819329e-19,4.509995e-10
4828,4828.000000,4,5.677236e-12,1.749711e-13,2.797143e-16,-6.758396e-20,-2.057163e-10
4829,4829.000000,4,9.016787e-12,1.587619e-13,2.797118e-16,-4.505653e-19,-5.921987e-10
4830,4830.000000,4,6.103562e-12,1.554312e-13,3.496248e-16,1.341588e-19,7.345391e-10
4831,4831.000000,4,5.542233e-12,1.589839e-13,2.797071e-16,-7.774505e-20,-2.873970e-10
4832,4832.000000,4,6.203038e-12,1.512124e-13,3.496191e-16,4.807044e-19,4.686163e-11
4833,4833.000000,4,5.719869e-12,1.929568e-13,2.797026e-16,1.636362e-19,-2.589593e-10
4834,4834.000000,4,8.419931e-12,1.716405e-13,3.496255e-16,1.700716e-19,2.764260e-10
4835,4835.000000,4,7.609913e-12,1.483258e-13,2.796982e-16,3.056168e-19,4.448557e-10
4836,4836.000000,4,8.135714e-12,1.845191e-13,2.796960e-16,-2.421356e-19,5.804712e-11
4837,4837.000000,4,7.808865e-12,1.858513e-13,3.496056e-16,-1.846002e-19,-1.615317e-10
4838,4838.000000,4,6.934897e-12,1.700862e-13,2.796919e-16,3.156687e-19,2.710303e-10
4839,4839.000000,4,6.373568e-12,1.492140e-13,2.856156e-16,-6.335972e-19,2.733291e-10
4840,4840.000000,4,8.803624e-12,1.416645e-13,2.796879e-16,-2.104215e-19,-7.564123e-10
4841,4841.000000,4,7.275958e-12,1.649791e-13,2.796765e-16,3.750635e-19,-8.108492e-11
4842,4842.000000,4,7.787548e-12,1.756373e-13,2.796840e-16,5.012152e-19,-4.664089e-10
4843,4843.000000,4,6.004086e-12,1.383338e-13,3.495910e-16,1.839650e-20,1.213067e-10
4844,4844.000000,4,8.959944e-12,1.749711e-13,2.796803e-16,-8.661574e-20,3.085119e-10
4845,4845.000000,4,6.671996e-12,1.294520e-13,2.855705e-16,-3.129092e-19,4.868137e-10
4846,4846.000000,4,9.357848e-12,1.600942e-13,3.495959e-16,-4.936051e-19,4.705625e-10
4847,4847.000000,4,5.016432e-12,1.523226e-13,2.796750e-16,-1.742175e-19,-3.698153e-11
4848,4848.000000,4,5.996981e-12,1.367795e-13,2.796733e-16,1.171916e-19,8.577183e-11
4849,4849.000000,4,5.954348e-12,1.620926e-13,3.495781e-16,3.031253e-19,-1.381786e-10
4850,4850.000000,4,7.858603e-12,1.640910e-13,3.495761e-16,1.400417e-19,2.968958e-12
4851,4851.000000,4,6.643575e-12,1.960654e-13,2.796685e-16,2.052169e-19,6.810597e-11
4852,4852.000000,4,7.318590e-12,1.585398e-13,2.796670e-16,-8.724108e-20,1.393576e-10
4853,4853.000000,4,7.055689e-12,1.454392e-13,2.796655e-16,-1.792136e-19,-3.054994e-10
4854,4854.000000,4,8.441248e-12,1.325606e-13,2.796641e-16,-2.147857e-19,3.581437e-10
4855,4855.000000,4,7.688072e-12,1.632028e-13,2.796626e-16,-7.224926e-20,-2.445240e-10
4856,4856.000000,4,5.492495e-12,1.358913e-13,3.495766e-16,-5.258784e-19,3.571581e-10
4857,4857.000000,4,8.832046e-12,1.796341e-13,3.495636e-16,2.122545e-20,1.861935e-10
4858,4858.000000,4,6.302514e-12,1.574296e-13,2.796586e-16,1.192530e-19,-2.519884e-10
4859,4859.000000,4,7.297274e-12,1.791900e-13,2.796573e-16,-2.627787e-20,-7.375522e-10
4860,4860.000000,4,7.759127e-12,1.416645e-13,2.796561e-16,-2.232163e-19,-3.333347e-10
4861,4861.000000,4,7.048584e-12,1.592060e-13,4.194689e-16,9.833523e-20,2.206619e-10
4862,4862.000000,4,5.030643e-12,1.614264e-13,2.796537e-16,-5.033890e-19,-2.902101e-11
4863,4863.000000,4,8.121503e-12,1.478817e-13,2.796526e-16,-2.657268e-19,2.794951e-10
4864,4864.000000,4,6.146195e-12,1.538769e-13,2.796515e-16,-1.289839e-19,2.533402e-10
4865,4865.000000,4,5.854872e-12,1.727507e-13,2.796504e-16,1.423545e-19,2.662648e-11
4866,4866.000000,4,6.167511e-12,1.874056e-13,2.796494e-16,2.092965e-19,-5.876766e-11
4867,4867.000000,4,8.533618e-12,1.771916e-13,2.796484e-16,1.942154e-19,-4.176648e-10
4868,4868.000000,4,7.524648e-12,1.607603e-13,2.796474e-16,-1.090389e-19,-6.585421e-11
4869,4869.000000,4,6.615153e-12,1.576517e-13,3.495470e-16,-1.258307e-20,4.749585e-10
4870,4870.000000,4,1.178790e-11,1.652012e-13,3.495458e-16,1.626436e-19,-3.636837e-10
4871,4871.000000,4,8.348877e-12,1.973977e-13,3.495446e-16,3.419929e-19,-7.731615e-11
4872,4872.000000,4,6.757261e-12,1.685319e-13,2.796436e-16,-3.672980e-19,1.062672e-10
4873,4873.000000,4,6.970424e-12,1.749711e-13,2.796426e-16,2.277758e-19,4.816880e-11
4874,4874.000000,4,5.258016e-12,2.000622e-13,2.796416e-16,5.344844e-19,-2.085219e-10
4875,4875.000000,4,7.915446e-12,1.414424e-13,2.796406e-16,2.072253e-20,-1.628675e-11
4876,4876.000000,4,9.997336e-12,1.956213e-13,2.796396e-16,2.232362e-19,-1.761407e-10
4877,4877.000000,4,7.140954e-12,1.758593e-13,2.796386e-16,5.194363e-20,7.924459e-10
4878,4878.000000,4,6.565415e-12,1.674216e-13,3.495357e-16,-2.594038e-21,6.236955e-10
4879,4879.000000,4,7.148060e-12,2.078338e-13,2.796364e-16,-2.935863e-19,1.654648e-10
4880,4880.000000,4,9.251266e-12,1.958433e-13,2.796353e-16,-2.263166e-21,2.286933e-10
4881,4881.000000,4,5.407230e-12,1.820766e-13,2.796342e-16,-2.827171e-19,8.904744e-11
4882,4882.000000,4,7.773338e-12,2.242651e-13,3.495300e-16,-1.748858e-19,-3.439731e-10
4883,4883.000000,4,5.854872e-12,1.858513e-13,2.796318e-16,-3.356170e-19,4.956031e-10
4884,4884.000000,4,7.560175e-12,2.013945e-13,2.796305e-16,-2.204469e-19,-1.969223e-10
4885,4885.000000,4,7.879919e-12,1.925127e-13,2.852218e-16,-5.087128e-19,3.550471e-10
4886,4886.000000,4,8.036238e-12,1.880718e-13,3.495349e-16,-1.994696e-19,2.468785e-10
4887,4887.000000,4,7.005951e-12,1.800782e-13,2.796266e-16,-1.466889e-19,-3.675460e-10
4888,4888.000000,4,6.480150e-12,1.898481e-13,2.796252e-16,-2.294136e-19,-1.149485e-10
4889,4889.000000,4,5.861978e-12,1.945111e-13,2.796237e-16,-9.182036e-20,-3.294667e-10
4890,4890.000000,4,6.956213e-12,1.572076e-13,3.495164e-16,-1.138796e-19,-1.048128e-10
4891,4891.000000,4,8.249401e-12,1.938449e-13,2.796207e-16,-1.632226e-19,-3.496672e-10
4892,4892.000000,4,8.810730e-12,1.940670e-13,2.851458e-16,-7.613370e-20,5.318992e-10
4893,4893.000000,4,5.783818e-12,1.678657e-13,2.796176e-16,2.777143e-19,3.820464e-10
4894,4894.000000,4,6.323830e-12,2.011724e-13,2.796159e-16,-1.647810e-19,-1.419400e-10
4895,4895.000000,4,1.148948e-11,1.534328e-13,2.796143e-16,-5.590748e-20,3.462479e-10
4896,4896.000000,4,6.082246e-12,2.144951e-13,2.796125e-16,-4.709636e-20,2.271772e-10
4897,4897.000000,4,5.542233e-12,2.164935e-13,2.796108e-16,-1.254337e-20,-1.212355e-10
4898,4898.000000,4,4.220624e-12,2.029488e-13,2.796090e-16,1.270980e-19,-3.125378e-10
4899,4899.000000,4,8.995471e-12,2.018385e-13,2.796071e-16,3.521473e-20,-3.505629e-10
4900,4900.000000,4,6.615153e-12,1.996181e-13,2.796052e-16,-5.223811e-20,5.874092e-10
4901,4901.000000,4,6.210144e-12,2.011724e-13,2.796033e-16,-1.764476e-19,3.478684e-10
4902,4902.000000,4,6.764367e-12,1.747491e-13,2.796013e-16,-4.162207e-19,4.900591e-11
4903,4903.000000,4,4.384049e-12,1.747491e-13,2.850216e-16,2.893511e-19,6.317884e-10
4904,4904.000000,4,8.412826e-12,1.829648e-13,3.494966e-16,6.779572e-20,2.998102e-10
4905,4905.000000,4,7.723600e-12,1.716405e-13,2.795952e-16,-6.313042e-21,4.816936e-10
4906,4906.000000,4,7.830181e-12,1.829648e-13,2.795931e-16,-1.274851e-20,1.229936e-10
4907,4907.000000,4,1.008260e-11,1.953993e-13,2.795909e-16,-2.269982e-19,-3.060268e-10
4908,4908.000000,4,6.217249e-12,1.940670e-13,2.795887e-16,1.821981e-19,-2.547962e-12
4909,4909.000000,4,8.832046e-12,1.767475e-13,2.849519e-16,-4.043921e-20,-1.743685e-10
4910,4910.000000,4,9.237056e-12,2.078338e-13,2.849401e-16,-8.367428e-20,-6.978329e-11
4911,4911.000000,4,6.856737e-12,2.240430e-13,2.795818e-16,-6.708799e-19,-2.425986e-10
4912,4912.000000,4,7.496226e-12,1.967315e-13,2.849151e-16,-3.358883e-19,2.894951e-11
4913,4913.000000,4,6.792789e-12,2.062794e-13,2.795770e-16,-2.069010e-19,3.756018e-11
4914,4914.000000,4,6.401990e-12,1.905143e-13,2.795746e-16,-2.167412e-19,-5.439458e-10
4915,4915.000000,4,8.071765e-12,1.962874e-13,2.795721e-16,-3.226468e-19,-2.101270e-10
4916,4916.000000,4,5.805134e-12,1.887379e-13,3.494499e-16,9.293209e-20,-2.201181e-10
4917,4917.000000,4,7.901235e-12,1.936229e-13,2.795670e-16,1.847591e-19,-1.812375e-10
4918,4918.000000,4,1.023892e-11,1.993961e-13,2.795643e-16,3.916535e-19,4.673788e-10
4919,4919.000000,4,7.169376e-12,1.927347e-13,2.795617e-16,-6.910929e-20,1.841853e-10
4920,4920.000000,4,7.361223e-12,1.989520e-13,2.848209e-16,-3.430219e-19,-8.737455e-13
4921,4921.000000,4,7.176482e-12,1.907363e-13,2.795563e-16,1.968822e-19,5.256329e-11
4922,4922.000000,4,7.680967e-12,1.920686e-13,2.847993e-16,-3.116320e-19,-2.095184e-10
4923,4923.000000,4,6.153300e-12,1.783018e-13,3.494384e-16,-2.267633e-19,2.406164e-11
4924,4924.000000,4,7.339906e-12,1.640910e-13,2.795479e-16,4.444210e-19,-9.970114e-11
4925,4925.000000,4,7.553069e-12,1.458833e-13,2.795450e-16,-1.654361e-23,-4.765002e-10
4926,4926.000000,4,5.471179e-12,1.820766e-13,2.795421e-16,-7.629252e-20,-3.660694e-11
4927,4927.000000,4,6.281198e-12,1.842970e-13,2.847528e-16,-4.708643e-19,-1.761493e-10
4928,4928.000000,4,5.883294e-12,1.638689e-13,2.795362e-16,2.891393e-19,-3.253822e-10
4929,4929.000000,4,5.350387e-12,1.578737e-13,3.494043e-16,3.642573e-19,-2.051608e-10
4930,4930.000000,4,6.451728e-12,1.589839e-13,2.795304e-16,-9.095016e-20,-2.970275e-10
4931,4931.000000,4,8.327561e-12,2.007283e-13,2.795274e-16,-7.970712e-21,-8.866285e-11
4932,4932.000000,4,7.787548e-12,1.851852e-13,2.795245e-16,3.815189e-19,-2.720471e-10
4933,4933.000000,4,5.577760e-12,1.616485e-13,2.795216e-16,8.742637e-20,-1.561484e-11
4934,4934.000000,4,7.624124e-12,1.283418e-13,2.795188e-16,1.513443e-19,-3.585665e-10
4935,4935.000000,4,7.084111e-12,1.594280e-13,2.795160e-16,-3.735812e-19,-3.315941e-10
4936,4936.000000,4,8.263612e-12,1.509903e-13,2.795133e-16,-3.158804e-19,3.800671e-11
4937,4937.000000,4,4.860112e-12,1.234568e-13,2.795106e-16,-3.418671e-19,-1.284493e-10
4938,4938.000000,4,8.235190e-12,1.629807e-13,2.846674e-16,1.903012e-19,3.047940e-10
4939,4939.000000,4,7.005951e-12,1.649791e-13,2.795054e-16,-3.108942e-19,-4.724683e-10
4940,4940.000000,4,9.052314e-12,1.474376e-13,2.846541e-16,9.580108e-19,-5.501866e-10
4941,4941.000000,4,6.345147e-12,1.465494e-13,2.795005e-16,3.594431e-19,4.192837e-10
4942,4942.000000,4,5.698553e-12,1.287859e-13,2.846426e-16,4.779251e-19,-1.021050e-10
4943,4943.000000,4,5.783818e-12,1.456613e-13,2.794959e-16,1.888023e-19,-1.331402e-11
4944,4944.000000,4,9.023893e-12,1.494360e-13,2.794937e-16,1.036623e-20,2.679428e-10
4945,4945.000000,4,8.391510e-12,1.361133e-13,2.794916e-16,1.870851e-19,1.663971e-10
4946,4946.000000,4,5.620393e-12,1.423306e-13,2.794895e-16,-2.302738e-19,3.478131e-10
4947,4947.000000,4,5.442757e-12,1.207923e-13,3.493479e-16,-1.983678e-19,-2.748453e-10
4948,4948.000000,4,5.364598e-12,1.358913e-13,3.493456e-16,5.070286e-20,3.656677e-10
4949,4949.000000,4,6.600942e-12,1.436629e-13,3.493549e-16,-1.433901e-19,1.322615e-10
4950,4950.000000,4,5.627498e-12,1.303402e-13,2.794822e-16,-5.748740e-19,-8.985857e-11
4951,4951.000000,4,6.735945e-12,1.216804e-13,2.794806e-16,-5.784970e-20,-4.203273e-10
4952,4952.000000,4,6.373568e-12,1.389999e-13,2.794790e-16,4.724028e-19,7.916223e-10
4953,4953.000000,4,6.870948e-12,1.116884e-13,2.794776e-16,1.138432e-19,4.227789e-10
4954,4954.000000,4,6.714629e-12,1.347811e-13,3.493453e-16,1.487271e-20,1.568896e-10
4955,4955.000000,4,6.785683e-12,1.054712e-13,3.493437e-16,-3.618419e-20,4.933387e-11
4956,4956.000000,4,9.038104e-12,1.467715e-13,2.794737e-16,-4.925033e-20,1.655969e-10
4957,4957.000000,4,7.524648e-12,1.423306e-13,2.794726e-16,-2.521280e-19,-2.016638e-10
4958,4958.000000,4,6.863843e-12,8.593126e-14,2.794716e-16,6.474508e-20,5.030931e-11
4959,4959.000000,4,9.421797e-12,1.296740e-13,2.794706e-16,3.248636e-19,-2.992298e-10
4960,4960.000000,4,5.179857e-12,1.352252e-13,3.493372e-16,-4.738785e-19,5.799103e-10
4961,4961.000000,4,7.901235e-12,1.243450e-13,2.794690e-16,-2.845733e-19,-1.044413e-10
4962,4962.000000,4,6.650680e-12,9.925394e-14,2.794683e-16,4.483683e-19,-3.539391e-12
4963,4963.000000,4,1.224976e-11,1.003642e-13,2.794677e-16,-1.597120e-20,-4.235612e-11
4964,4964.000000,4,6.572520e-12,1.392220e-13,2.845248e-16,8.877964e-20,5.784770e-10
4965,4965.000000,4,5.520917e-12,1.287859e-13,3.493335e-16,-3.422543e-20,-1.858023e-10
4966,4966.000000,4,7.645440e-12,1.412204e-13,2.794664e-16,8.727086e-20,-2.515244e-10
4967,4967.000000,4,6.785683e-12,1.427747e-13,2.794662e-16,2.477803e-19,2.182654e-10
4968,4968.000000,4,6.174616e-12,1.358913e-13,2.845093e-16,3.080586e-19,1.937503e-10
4969,4969.000000,4,6.650680e-12,9.481305e-14,2.794659e-16,-2.754181e-20,6.933210e-11
4970,4970.000000,4,8.498091e-12,1.290079e-13,3.493220e-16,-5.022972e-20,7.431278e-11
4971,4971.000000,4,6.160406e-12,1.385558e-13,2.844973e-16,-2.984269e-19,2.816174e-10
4972,4972.000000,4,7.219114e-12,1.103562e-13,3.493225e-16,-4.328735e-19,3.645129e-11
4973,4973.000000,4,6.544099e-12,1.378897e-13,3.493228e-16,1.566151e-19,-1.949541e-10
4974,4974.000000,4,1.023182e-11,1.205702e-13,2.794667e-16,1.356510e-19,-6.293870e-10
4975,4975.000000,4,7.780443e-12,1.207923e-13,2.844822e-16,-4.105231e-19,2.761236e-11
4976,4976.000000,4,4.845901e-12,1.125766e-13,2.794676e-16,-5.743942e-21,-6.946221e-11
4977,4977.000000,4,6.679102e-12,1.092459e-13,2.844751e-16,-2.964351e-19,3.207714e-10
4978,4978.000000,4,6.444623e-12,7.838175e-14,2.844701e-16,-5.987894e-19,5.403797e-10
4979,4979.000000,4,6.551204e-12,1.147971e-13,2.794696e-16,5.078525e-19,1.089253e-10
4980,4980.000000,4,6.131984e-12,9.703349e-14,2.794704e-16,2.944002e-19,-4.251168e-10
4981,4981.000000,4,5.734080e-12,1.154632e-13,2.794713e-16,-1.500837e-19,1.817841e-10
4982,4982.000000,4,7.176482e-12,1.048051e-13,2.794722e-16,4.541751e-19,2.995721e-10
4983,4983.000000,4,7.204903e-12,1.145750e-13,2.794733e-16,-3.288473e-19,3.095553e-10
4984,4984.000000,4,9.357848e-12,1.199041e-13,2.794744e-16,3.981915e-19,5.975846e-10
4985,4985.000000,4,8.760992e-12,1.381117e-13,2.794756e-16,1.181048e-19,9.954526e-11
4986,4986.000000,4,6.707523e-12,1.174616e-13,3.493462e-16,-2.150835e-19,-1.264091e-10
4987,4987.000000,4,7.354117e-12,1.405542e-13,2.844348e-16,-4.354080e-19,-3.606970e-10
4988,4988.000000,4,1.050182e-11,1.318945e-13,2.794797e-16,-1.505568e-19,5.968113e-10
4989,4989.000000,4,7.744916e-12,1.227907e-13,2.794812e-16,-6.202862e-20,2.628231e-10
4990,4990.000000,4,5.506706e-12,1.298961e-13,3.493440e-16,1.282825e-19,-2.848388e-12
4991,4991.000000,4,9.734435e-12,1.691980e-13,2.794843e-16,1.036424e-19,-9.765388e-11
4992,4992.000000,4,7.226220e-12,1.236788e-13,2.794860e-16,-2.373214e-19,1.378160e-10
4993,4993.000000,4,5.769607e-12,1.205702e-13,2.794877e-16,-1.957407e-19,2.132352e-10
4994,4994.000000,4,7.219114e-12,1.367795e-13,2.794894e-16,-3.578582e-19,3.274052e-10
4995,4995.000000,4,7.197798e-12,1.327827e-13,2.794912e-16,4.401362e-19,1.093314e-10
4996,4996.000000,4,1.105604e-11,1.376677e-13,2.794930e-16,5.558389e-19,-1.356080e-10
4997,4997.000000,4,6.174616e-12,1.230127e-13,2.843861e-16,4.377109e-20,-3.932654e-11
4998,4998.000000,4,9.478640e-12,1.252332e-13,2.794967e-16,-2.089723e-19,-1.522413e-10
4999,4999.000000,4,9.073631e-12,1.463274e-13,2.843760e-16,1.061703e-19,2.780154e-10
5000,5000.000000,4,6.949108e-12,1.443290e-13,2.795005e-16,3.540498e-19,4.708907e-10
5001,5001.000000,4,8.128609e-12,1.560974e-13,3.493690e-16,-3.121945e-19,-2.615832e-10
5002,5002.000000,4,6.423306e-12,1.174616e-13,2.795044e-16,-1.911085e-19,2.075307e-10
5003,5003.000000,4,7.062795e-12,1.367795e-13,2.843541e-16,-6.515007e-19,-1.524691e-10
5004,5004.000000,4,7.325696e-12,1.201261e-13,3.493765e-16,-2.726387e-19,4.274359e-11
5005,5005.000000,4,7.304379e-12,1.236788e-13,3.493881e-16,1.443265e-19,-2.978240e-11
5006,5006.000000,4,1.028866e-11,1.345590e-13,2.795125e-16,-2.919087e-19,1.582772e-10
5007,5007.000000,4,6.366463e-12,1.201261e-13,2.795146e-16,2.515092e-19,8.324719e-11
5008,5008.000000,4,5.151435e-12,1.092459e-13,2.795167e-16,-3.756293e-19,-3.046230e-12
5009,5009.000000,4,5.059064e-12,1.199041e-13,2.795188e-16,-3.366691e-19,2.262257e-11
5010,5010.000000,4,6.828316e-12,1.068035e-13,3.493922e-16,-3.312031e-20,-7.597281e-10
5011,5011.000000,4,5.719869e-12,1.660894e-13,2.795231e-16,7.090261e-20,1.637377e-10
5012,5012.000000,4,6.956213e-12,1.125766e-13,2.795252e-16,-1.714646e-19,-5.576428e-11
5013,5013.000000,4,6.977530e-12,1.405542e-13,2.795274e-16,-1.819797e-21,1.212259e-10
5014,5014.000000,4,9.009682e-12,1.265654e-13,2.795296e-16,-1.847061e-19,4.515068e-10
5015,5015.000000,4,5.016432e-12,1.065814e-13,2.795318e-16,-1.675471e-19,3.365064e-10
5016,5016.000000,4,9.286794e-12,1.441069e-13,2.795340e-16,2.035063e-19,7.064327e-11
5017,5017.000000,4,6.188827e-12,1.247891e-13,3.494113e-16,-2.796631e-19,-2.763989e-11
5018,5018.000000,4,8.313350e-12,1.092459e-13,2.795385e-16,1.299699e-19,3.384171e-10
5019,5019.000000,4,7.140954e-12,1.518785e-13,2.795407e-16,3.505889e-19,-1.371394e-10
5020,5020.000000,4,8.753887e-12,1.330047e-13,3.494198e-16,8.344598e-20,-2.802010e-10
5021,5021.000000,4,5.989875e-12,1.163514e-13,2.842620e-16,-5.944120e-20,-2.240867e-10
5022,5022.000000,4,6.792789e-12,1.361133e-13,2.795476e-16,3.268621e-19,1.604941e-10
5023,5023.000000,4,8.050449e-12,1.445510e-13,3.494284e-16,2.397169e-20,6.846665e-10
5024,5024.000000,4,5.840661e-12,1.245670e-13,2.842462e-16,-1.039931e-20,-1.466249e-11
5025,5025.000000,4,8.228085e-12,1.298961e-13,2.795545e-16,-1.608337e-19,4.587886e-11
5026,5026.000000,4,6.018297e-12,1.310063e-13,2.842342e-16,1.275182e-20,-8.189807e-10
5027,5027.000000,4,6.934897e-12,1.678657e-13,3.494402e-16,1.882994e-19,-1.139384e-10
5028,5028.000000,4,6.231460e-12,1.254552e-13,2.795616e-16,-3.453380e-19,1.859779e-11
5029,5029.000000,4,5.769607e-12,1.201261e-13,2.795640e-16,-2.661073e-19,-5.485099e-10
5030,5030.000000,4,7.069900e-12,1.278977e-13,2.795663e-16,-2.759905e-19,-4.445730e-10
5031,5031.000000,4,7.048584e-12,1.387779e-13,2.795687e-16,-7.383745e-20,-1.624425e-10
5032,5032.000000,4,7.787548e-12,1.254552e-13,2.795712e-16,1.902185e-20,2.371787e-10
5033,5033.000000,4,7.794654e-12,1.352252e-13,2.795736e-16,1.021833e-19,3.094744e-10
5034,5034.000000,4,6.437517e-12,1.201261e-13,2.795690e-16,-1.347510e-19,1.122613e-10
5035,5035.000000,4,6.487255e-12,1.258993e-13,2.795785e-16,2.091179e-19,-9.092422e-10
5036,5036.000000,4,8.114398e-12,1.048051e-13,2.795809e-16,2.487795e-19,-1.153724e-10
5037,5037.000000,4,7.752021e-12,1.243450e-13,2.795764e-16,1.333084e-19,-5.462053e-11
5038,5038.000000,4,5.414336e-12,1.334488e-13,2.795859e-16,-3.849368e-20,-2.193001e-11
5039,5039.000000,4,5.265122e-12,1.441069e-13,2.841662e-16,3.920207e-19,1.935414e-10
5040,5040.000000,4,6.330936e-12,1.316725e-13,2.795909e-16,4.430082e-19,-2.473799e-12
5041,5041.000000,4,6.451728e-12,1.225686e-13,3.494830e-16,3.474159e-22,-4.302874e-10
5042,5042.000000,4,5.861978e-12,1.119105e-13,2.795959e-16,2.521809e-19,1.009488e-10
5043,5043.000000,4,6.423306e-12,1.423306e-13,2.841458e-16,3.584835e-19,4.285690e-10
5044,5044.000000,4,8.910206e-12,1.196820e-13,2.841401e-16,2.127906e-19,-5.928882e-10
5045,5045.000000,4,8.505197e-12,1.147971e-13,2.796036e-16,-2.725130e-19,4.859384e-10
5046,5046.000000,4,6.551204e-12,1.163514e-13,2.796062e-16,1.726293e-19,2.152609e-10
5047,5047.000000,4,6.842527e-12,1.454392e-13,3.495023e-16,-5.127196e-19,-3.348559e-10
5048,5048.000000,4,6.870948e-12,1.469935e-13,2.796114e-16,4.325791e-19,1.798284e-10
5049,5049.000000,4,6.167511e-12,1.365574e-13,2.796140e-16,3.671292e-19,-3.780924e-10
5050,5050.000000,4,5.890399e-12,1.392220e-13,2.796166e-16,3.841625e-19,-2.037526e-10
5051,5051.000000,4,5.464074e-12,1.472156e-13,2.796192e-16,1.228793e-19,2.054152e-10
5052,5052.000000,4,7.105427e-12,1.219025e-13,3.495272e-16,-2.840538e-19,-5.280740e-10
5053,5053.000000,4,5.236700e-12,1.409983e-13,2.796244e-16,-7.104820e-20,-1.272531e-10
5054,5054.000000,4,6.494361e-12,1.381117e-13,2.796270e-16,4.039288e-20,1.647318e-10
5055,5055.000000,4,5.478284e-12,1.398881e-13,2.796296e-16,-1.095650e-19,-1.913978e-10
5056,5056.000000,4,5.968559e-12,1.276756e-13,2.796322e-16,-1.564232e-19,2.585889e-10
5057,5057.000000,4,6.977530e-12,1.147971e-13,2.796348e-16,2.716461e-20,-5.110334e-11
5058,5058.000000,4,7.503331e-12,1.258993e-13,2.840552e-16,7.945235e-20,-3.529776e-10
5059,5059.000000,4,7.553069e-12,1.862954e-13,2.796399e-16,-8.139457e-20,-2.573601e-10
5060,5060.000000,4,4.504841e-12,1.461054e-13,2.796425e-16,-2.584046e-19,-1.454497e-10
5061,5061.000000,4,7.418066e-12,1.667555e-13,2.796450e-16,2.553507e-19,-3.093903e-11
5062,5062.000000,4,7.048584e-12,1.392220e-13,3.495508e-16,-4.723433e-19,-1.978513e-10
5063,5063.000000,4,7.901235e-12,1.589839e-13,2.796501e-16,3.443057e-19,-4.242384e-10
5064,5064.000000,4,5.854872e-12,1.534328e-13,2.796527e-16,-8.659919e-20,-2.534906e-11
5065,5065.000000,4,5.627498e-12,1.432188e-13,3.495603e-16,4.411387e-19,1.969103e-10
5066,5066.000000,4,5.989875e-12,1.645351e-13,2.796577e-16,1.405777e-19,2.253588e-10
5067,5067.000000,4,8.171241e-12,1.518785e-13,3.495665e-16,2.112255e-19,-7.158576e-10
5068,5068.000000,4,8.242296e-12,1.545430e-13,2.796627e-16,-3.105468e-19,-4.196437e-10
5069,5069.000000,4,7.503331e-12,1.543210e-13,2.839848e-16,-6.233302e-20,2.207057e-11
5070,5070.000000,4,5.947243e-12,1.481038e-13,2.796676e-16,1.188890e-19,-3.967993e-10
5071,5071.000000,4,6.671996e-12,1.885159e-13,3.495789e-16,-2.955219e-19,-1.856970e-10
5072,5072.000000,4,7.538858e-12,1.580958e-13,2.796725e-16,2.101303e-19,1.044635e-10
5073,5073.000000,4,6.728840e-12,1.580958e-13,2.796750e-16,-8.329378e-20,5.892353e-11
5074,5074.000000,4,6.750156e-12,1.283418e-13,2.796774e-16,8.331363e-20,1.968259e-10
5075,5075.000000,4,8.490986e-12,1.267875e-13,2.839454e-16,4.765288e-19,-8.748069e-11
5076,5076.000000,4,7.744916e-12,1.596501e-13,2.796822e-16,2.266243e-19,-2.395124e-10
5077,5077.000000,4,5.975664e-12,1.498801e-13,2.796846e-16,5.973237e-20,-1.820175e-10
5078,5078.000000,4,7.268852e-12,1.465494e-13,2.796870e-16,-2.324212e-19,-1.059675e-10
5079,5079.000000,4,6.942003e-12,1.678657e-13,2.839173e-16,3.871867e-20,3.284781e-10
5080,5080.000000,4,6.814105e-12,1.243450e-13,2.796917e-16,4.432034e-20,1.222578e-11
5081,5081.000000,4,8.142820e-12,1.363354e-13,3.496088e-16,3.136272e-19,-1.342548e-10
5082,5082.000000,4,5.499601e-12,1.338929e-13,2.838988e-16,-3.331222e-20,-2.687157e-10
5083,5083.000000,4,1.023892e-11,1.512124e-13,2.796987e-16,2.114605e-19,3.878644e-10
5084,5084.000000,4,6.522782e-12,1.261213e-13,3.496175e-16,1.034340e-19,-1.928890e-10
5085,5085.000000,4,7.077006e-12,1.436629e-13,2.797034e-16,-1.195905e-19,-4.019269e-10
5086,5086.000000,4,5.783818e-12,1.258993e-13,2.797057e-16,-1.100150e-19,-2.480698e-10
5087,5087.000000,4,5.648815e-12,1.261213e-13,2.838651e-16,3.131706e-20,3.512106e-10
5088,5088.000000,4,9.059420e-12,1.594280e-13,2.797102e-16,4.809724e-19,-5.627030e-10
5089,5089.000000,4,7.510437e-12,1.385558e-13,3.496406e-16,4.676548e-20,-3.142477e-10
5090,5090.000000,4,5.755396e-12,1.618705e-13,2.797148e-16,9.962232e-20,2.882481e-10
5091,5091.000000,4,8.803624e-12,1.407763e-13,2.797170e-16,-1.842958e-19,2.536711e-10
5092,5092.000000,4,8.704149e-12,1.596501e-13,2.797192e-16,-4.945217e-19,5.115026e-10
5093,5093.000000,4,4.618528e-12,1.509903e-13,2.797215e-16,-3.326821e-19,2.045131e-10
5094,5094.000000,4,6.096457e-12,1.643130e-13,3.496457e-16,2.688469e-19,-2.033902e-10
5095,5095.000000,4,9.009682e-12,1.272316e-13,2.797259e-16,-3.029433e-19,-2.202520e-10
5096,5096.000000,4,1.047340e-11,1.738609e-13,2.797281e-16,3.607798e-19,2.279623e-10
5097,5097.000000,4,5.414336e-12,1.318945e-13,2.797303e-16,-3.613820e-19,-8.902701e-11
5098,5098.000000,4,7.702283e-12,1.465494e-13,2.797253e-16,-2.432904e-20,-6.473611e-10
5099,5099.000000,4,5.648815e-12,1.714184e-13,2.837833e-16,-3.064208e-20,-5.142522e-10
5100,5100.000000,4,7.354117e-12,1.503242e-13,2.837764e-16,2.627456e-19,-1.344844e-10
5101,5101.000000,4,6.139089e-12,1.405542e-13,2.797390e-16,2.672852e-19,1.193612e-10
5102,5102.000000,4,6.806999e-12,1.352252e-13,2.797411e-16,1.691816e-19,-8.970580e-11
5103,5103.000000,4,7.098322e-12,1.447731e-13,2.797432e-16,-5.171632e-19,2.265044e-10
5104,5104.000000,4,6.757261e-12,1.612044e-13,2.797454e-16,-1.165001e-19,-4.378422e-10
5105,5105.000000,4,5.243805e-12,1.627587e-13,2.797475e-16,-8.073283e-22,4.117182e-10
5106,5106.000000,4,7.098322e-12,1.612044e-13,2.837278e-16,1.071232e-19,2.525540e-10
5107,5107.000000,4,6.401990e-12,1.640910e-13,2.797517e-16,-5.176364e-19,-2.718381e-11
5108,5108.000000,4,8.355983e-12,1.720846e-13,2.797538e-16,-6.650234e-19,3.103349e-10
5109,5109.000000,4,6.146195e-12,1.552092e-13,3.496858e-16,-1.703827e-19,-1.885359e-10
5110,5110.000000,4,9.364953e-12,1.751932e-13,2.797578e-16,7.351518e-19,-3.405043e-10
5111,5111.000000,4,5.201173e-12,1.829648e-13,2.836826e-16,3.921399e-19,4.239693e-10
5112,5112.000000,4,4.760636e-12,1.680878e-13,2.797618e-16,3.723802e-19,-5.869594e-11
5113,5113.000000,4,9.301004e-12,1.825207e-13,2.836636e-16,8.128208e-20,4.399370e-11
5114,5114.000000,4,7.887024e-12,1.536549e-13,2.797655e-16,2.633313e-19,9.147905e-11
5115,5115.000000,4,6.913581e-12,1.727507e-13,3.497000e-16,3.723140e-19,8.580536e-11
5116,5116.000000,4,5.947243e-12,1.867395e-13,3.497022e-16,1.249837e-19,2.330887e-10
5117,5117.000000,4,6.586731e-12,1.771916e-13,2.797708e-16,-2.267004e-19,2.464851e-10
5118,5118.000000,4,6.160406e-12,1.982858e-13,2.797725e-16,-2.136409e-19,-9.989520e-11
5119,5119.000000,4,7.254641e-12,1.607603e-13,3.497083e-16,-2.757324e-19,-9.195862e-10
5120,5120.000000,4,5.996981e-12,2.082778e-13,2.797756e-16,2.484553e-19,3.925662e-10
5121,5121.000000,4,7.162271e-12,1.696421e-13,3.497120e-16,5.268644e-19,5.008438e-12
5122,5122.000000,4,6.274092e-12,2.253753e-13,3.497231e-16,-6.007019e-19,-2.682827e-10
5123,5123.000000,4,8.171241e-12,1.905143e-13,2.797798e-16,2.376589e-19,2.259131e-10
5124,5124.000000,4,6.473044e-12,2.202682e-13,2.797811e-16,4.157013e-19,-2.193039e-10
5125,5125.000000,4,4.632739e-12,1.465494e-13,2.797823e-16,3.746599e-19,2.733869e-10
5126,5126.000000,4,5.840661e-12,1.973977e-13,2.797835e-16,1.452198e-19,-2.930880e-10
5127,5127.000000,4,6.330936e-12,1.902922e-13,2.797846e-16,-3.608493e-20,-2.414602e-10
5128,5128.000000,4,8.284928e-12,1.851852e-13,2.797856e-16,-2.435187e-19,-4.930967e-11
5129,5129.000000,4,7.901235e-12,1.580958e-13,2.797865e-16,1.741281e-19,2.261766e-10
5130,5130.000000,4,6.629364e-12,2.102762e-13,2.797874e-16,1.764873e-19,4.257672e-10
5131,5131.000000,4,6.721734e-12,2.235989e-13,2.797883e-16,3.540333e-21,1.142464e-11
5132,5132.000000,4,6.430412e-12,2.002842e-13,2.797890e-16,-3.483754e-19,-1.641889e-10
5133,5133.000000,4,5.307754e-12,2.011724e-13,2.797897e-16,-2.369045e-20,-3.722112e-10
5134,5134.000000,4,9.542589e-12,2.087219e-13,2.797903e-16,2.255821e-19,3.066509e-10
5135,5135.000000,4,7.766232e-12,1.767475e-13,3.497386e-16,-1.935338e-19,-1.065641e-10
5136,5136.000000,4,7.034373e-12,1.787459e-13,2.834223e-16,1.911284e-19,5.479892e-10
5137,5137.000000,4,7.148060e-12,2.016165e-13,2.797918e-16,-5.171533e-19,-4.628387e-11
5138,5138.000000,4,7.695178e-12,1.691980e-13,2.833996e-16,-2.454046e-19,-8.892997e-11
5139,5139.000000,4,8.377299e-12,2.167155e-13,2.797924e-16,2.402199e-19,-5.317109e-10
5140,5140.000000,4,5.627498e-12,2.251532e-13,3.497408e-16,1.746476e-19,1.576923e-10
5141,5141.000000,4,7.048584e-12,1.758593e-13,2.797928e-16,1.819996e-19,3.368652e-10
5142,5142.000000,4,5.023537e-12,1.876277e-13,2.797928e-16,-2.710770e-19,-7.183523e-10
5143,5143.000000,4,8.022027e-12,2.029488e-13,2.797846e-16,-2.004854e-19,3.226355e-10
5144,5144.000000,4,6.401990e-12,1.858513e-13,2.797928e-16,3.156786e-19,-3.724379e-10
5145,5145.000000,4,5.762502e-12,1.763034e-13,2.797927e-16,-3.787164e-19,1.093967e-10
5146,5146.000000,4,4.874323e-12,2.058353e-13,3.497406e-16,3.443718e-19,-4.158207e-11
5147,5147.000000,4,7.695178e-12,1.989520e-13,2.832951e-16,4.066122e-19,2.918044e-11
5148,5148.000000,4,6.544099e-12,2.244871e-13,3.497295e-16,6.918539e-21,-1.135594e-10
5149,5149.000000,4,6.842527e-12,1.958433e-13,2.832713e-16,2.592384e-20,-5.567733e-10
5150,5150.000000,4,8.604673e-12,1.925127e-13,3.497389e-16,3.141632e-20,-4.061933e-10
5151,5151.000000,4,5.726974e-12,2.058353e-13,2.797906e-16,-8.172544e-22,-1.874854e-10
5152,5152.000000,4,6.714629e-12,1.865175e-13,2.797900e-16,-3.492191e-19,1.691036e-10
5153,5153.000000,4,6.949108e-12,1.940670e-13,2.797894e-16,6.922509e-20,-1.666809e-10
5154,5154.000000,4,1.099920e-11,2.040590e-13,2.797887e-16,1.171453e-19,-8.295862e-10
5155,5155.000000,4,5.627498e-12,2.040590e-13,2.797880e-16,4.459761e-19,-8.779355e-11
5156,5156.000000,4,8.256507e-12,2.069456e-13,2.797871e-16,-1.939209e-19,-2.831553e-10
5157,5157.000000,4,7.638334e-12,2.566836e-13,2.831742e-16,2.232163e-19,1.733889e-10
5158,5158.000000,4,6.593837e-12,2.084999e-13,3.497208e-16,-1.740256e-19,-1.154021e-10
5159,5159.000000,4,5.648815e-12,2.082778e-13,2.797843e-16,1.584216e-20,-1.700671e-10
5160,5160.000000,4,8.874679e-12,2.022826e-13,2.797832e-16,4.769689e-19,-5.954910e-10
5161,5161.000000,4,8.974155e-12,2.067235e-13,2.797821e-16,-2.069043e-19,-3.948719e-10
5162,5162.000000,4,6.586731e-12,2.216005e-13,3.497261e-16,1.889545e-19,-1.967004e-11
5163,5163.000000,4,7.084111e-12,2.011724e-13,2.831022e-16,2.262835e-19,2.816041e-10
5164,5164.000000,4,5.165646e-12,2.062794e-13,2.797783e-16,-2.759805e-20,8.200995e-11
5165,5165.000000,4,6.920686e-12,2.033929e-13,2.830831e-16,3.261011e-19,-1.116907e-11
5166,5166.000000,4,9.166001e-12,1.627587e-13,2.797755e-16,-7.755315e-20,-1.982803e-10
5167,5167.000000,4,5.030643e-12,1.645351e-13,2.797741e-16,-2.204006e-19,-4.716005e-11
5168,5168.000000,4,6.451728e-12,1.900702e-13,2.797725e-16,4.131205e-19,5.976553e-11
5169,5169.000000,4,7.133849e-12,1.600942e-13,3.497025e-16,3.116817e-20,-3.767446e-10
5170,5170.000000,4,7.993606e-12,1.569855e-13,2.797694e-16,-1.404089e-19,-1.129201e-10
5171,5171.000000,4,6.650680e-12,1.800782e-13,2.797678e-16,-1.989005e-19,-6.545275e-11
5172,5172.000000,4,7.240430e-12,1.618705e-13,2.797662e-16,-4.234437e-19,-4.952325e-10
5173,5173.000000,4,6.572520e-12,1.725287e-13,2.797646e-16,1.919985e-19,9.672063e-11
5174,5174.000000,4,6.295409e-12,1.612044e-13,2.797630e-16,-3.671689e-20,4.089860e-10
5175,5175.000000,4,7.901235e-12,1.636469e-13,3.496906e-16,-4.298262e-19,3.231850e-10
5176,5176.000000,4,7.680967e-12,1.636469e-13,2.797599e-16,6.484103e-19,1.538221e-10
5177,5177.000000,4,7.901235e-12,1.809664e-13,2.829737e-16,-5.510446e-19,-1.360130e-10
5178,5178.000000,4,4.689582e-12,1.720846e-13,2.797568e-16,-1.270715e-19,1.257681e-10
5179,5179.000000,4,6.849632e-12,1.609823e-13,2.797553e-16,7.125367e-19,8.697976e-11
5180,5180.000000,4,6.650680e-12,1.603162e-13,2.797538e-16,1.947746e-19,-2.895710e-10
5181,5181.000000,4,5.826450e-12,1.727507e-13,2.797524e-16,3.928115e-19,3.625389e-11
5182,5182.000000,4,6.480150e-12,1.543210e-13,2.829328e-16,-4.126870e-19,-4.293459e-10
5183,5183.000000,4,8.100187e-12,1.463274e-13,2.797496e-16,-2.582590e-19,2.578990e-10
5184,5184.000000,4,8.988366e-12,1.798561e-13,3.496743e-16,2.887754e-19,2.420226e-10
5185,5185.000000,4,5.357492e-12,1.689759e-13,2.797470e-16,-2.001545e-19,-2.088067e-10
5186,5186.000000,4,7.688072e-12,1.127987e-13,3.496712e-16,-8.531541e-20,-4.220195e-10
5187,5187.000000,4,9.023893e-12,1.607603e-13,2.797446e-16,2.007600e-19,-5.429737e-10
5188,5188.000000,4,7.553069e-12,1.683098e-13,2.797434e-16,-1.606219e-19,1.238467e-10
5189,5189.000000,4,6.288303e-12,1.549871e-13,2.828772e-16,2.977155e-19,-1.149680e-10
5190,5190.000000,4,7.432277e-12,1.403322e-13,2.797412e-16,-7.578298e-20,-3.307035e-10
5191,5191.000000,4,6.480150e-12,1.838529e-13,2.797402e-16,-2.613924e-19,1.145475e-10
5192,5192.000000,4,7.936762e-12,1.412204e-13,2.828565e-16,-4.693654e-19,5.080421e-10
5193,5193.000000,4,6.387779e-12,1.472156e-13,2.797383e-16,-4.490664e-19,4.067091e-10
5194,5194.000000,4,8.455459e-12,1.723066e-13,2.797374e-16,-2.588645e-19,-5.597811e-11
5195,5195.000000,4,5.414336e-12,1.281197e-13,2.797366e-16,2.884875e-20,-1.912315e-10
5196,5196.000000,4,7.545964e-12,1.481038e-13,2.828263e-16,7.597257e-19,-1.888318e-10
5197,5197.000000,4,6.252776e-12,1.245670e-13,2.797351e-16,-5.473057e-19,3.175167e-10
5198,5198.000000,4,6.018297e-12,1.265654e-13,3.496574e-16,-4.939228e-19,1.335076e-10
5199,5199.000000,4,7.368328e-12,1.485478e-13,3.496566e-16,-3.157977e-19,-4.019227e-10
5200,5200.000000,4,8.007817e-12,1.332268e-13,3.496665e-16,-1.049858e-20,-2.149116e-10
5201,5201.000000,4,6.551204e-12,1.385558e-13,2.797326e-16,-1.245238e-19,-2.877376e-10
5202,5202.000000,4,6.984635e-12,1.256772e-13,2.797321e-16,8.304562e-20,-1.548002e-10
5203,5203.000000,4,6.806999e-12,1.449951e-13,3.496541e-16,5.154990e-20,9.827827e-11
5204,5204.000000,4,7.176482e-12,1.507683e-13,2.797313e-16,2.030894e-20,-2.903164e-10
5205,5205.000000,4,7.730705e-12,1.356693e-13,2.797309e-16,-5.049077e-19,1.874574e-10
5206,5206.000000,4,6.110668e-12,1.321165e-13,2.797306e-16,-2.751931e-19,1.780900e-10
5207,5207.000000,4,5.407230e-12,1.600942e-13,2.797304e-16,2.623056e-19,3.561063e-11
5208,5208.000000,4,5.492495e-12,1.678657e-13,2.797302e-16,1.541534e-19,-1.723834e-10
5209,5209.000000,4,8.377299e-12,1.183498e-13,2.797300e-16,1.975870e-19,3.800324e-10
5210,5210.000000,4,7.027268e-12,1.587619e-13,2.797299e-16,4.814853e-19,1.235350e-10
5211,5211.000000,4,9.855228e-12,1.678657e-13,2.827273e-16,4.402255e-20,2.465894e-11
5212,5212.000000,4,6.053824e-12,1.501022e-13,2.797299e-16,8.873332e-20,4.767986e-11
5213,5213.000000,4,4.945377e-12,1.032507e-13,2.797299e-16,2.607306e-19,-5.496290e-10
5214,5214.000000,4,6.210144e-12,1.272316e-13,2.827084e-16,1.420368e-19,2.054414e-10
5215,5215.000000,4,5.528022e-12,1.487699e-13,2.797301e-16,-3.504599e-20,-1.387730e-10
5216,5216.000000,4,7.808865e-12,1.252332e-13,2.797303e-16,-7.691953e-19,2.867491e-10
5217,5217.000000,4,1.089973e-11,1.443290e-13,3.496531e-16,-4.329530e-19,4.721203e-10
5218,5218.000000,4,8.377299e-12,1.139089e-13,3.496535e-16,3.756823e-19,1.197469e-10
5219,5219.000000,4,8.157031e-12,1.101341e-13,2.826777e-16,-4.191026e-19,-5.293299e-11
5220,5220.000000,4,6.828316e-12,1.600942e-13,3.496644e-16,-3.171841e-19,4.157030e-10
5221,5221.000000,4,7.020162e-12,1.474376e-13,2.797319e-16,-1.117025e-20,-8.164487e-10
5222,5222.000000,4,9.293899e-12,1.636469e-13,2.797324e-16,-3.620801e-19,1.225282e-10
5223,5223.000000,4,6.338041e-12,1.634248e-13,3.496563e-16,5.837116e-19,-9.650991e-11
5224,5224.000000,4,6.018297e-12,8.570922e-14,2.797334e-16,-2.736280e-19,-1.376725e-10
5225,5225.000000,4,1.034550e-11,1.327827e-13,3.496577e-16,6.675017e-20,1.280336e-10
5226,5226.000000,4,6.856737e-12,1.243450e-13,2.797347e-16,3.992867e-19,7.155139e-10
5227,5227.000000,4,6.025402e-12,1.540990e-13,2.797354e-16,3.119497e-19,-4.069463e-10
5228,5228.000000,4,7.332801e-12,1.432188e-13,2.826256e-16,1.328121e-20,2.418539e-10
5229,5229.000000,4,7.780443e-12,1.496581e-13,2.826200e-16,4.790997e-19,-2.117044e-10
5230,5230.000000,4,6.906475e-12,1.187939e-13,3.496625e-16,7.007874e-21,1.837108e-11
5231,5231.000000,4,7.133849e-12,1.272316e-13,2.797386e-16,1.648273e-19,1.040426e-10
5232,5232.000000,4,8.867573e-12,1.365574e-13,3.496744e-16,1.831312e-19,-1.609131e-10
5233,5233.000000,4,5.258016e-12,1.179057e-13,3.496660e-16,2.507284e-19,-3.197718e-10
5234,5234.000000,4,6.259882e-12,1.152411e-13,3.496673e-16,4.231360e-19,-1.928033e-10
5235,5235.000000,4,6.608047e-12,1.036948e-13,3.496782e-16,-1.073813e-19,-1.926006e-10
5236,5236.000000,4,6.700418e-12,1.227907e-13,3.496701e-16,-2.777143e-19,-6.439560e-11
5237,5237.000000,4,7.467804e-12,8.171241e-14,2.797448e-16,2.458645e-19,-1.353184e-10
5238,5238.000000,4,5.563550e-12,1.250111e-13,2.797460e-16,-3.600552e-20,-7.190537e-11
5239,5239.000000,4,6.743051e-12,1.374456e-13,3.496840e-16,3.275635e-22,-6.095826e-10
5240,5240.000000,4,6.963319e-12,1.665335e-13,3.496763e-16,5.995405e-21,4.006500e-10
5241,5241.000000,4,6.160406e-12,1.378897e-13,2.797498e-16,4.975326e-20,1.463696e-11
5242,5242.000000,4,7.631229e-12,1.361133e-13,2.797512e-16,3.595589e-20,4.907443e-10
5243,5243.000000,4,9.073631e-12,1.196820e-13,2.797526e-16,-2.777011e-19,-1.547980e-10
5244,5244.000000,4,9.578116e-12,9.392487e-14,2.797541e-16,-1.850602e-19,1.245177e-10
5245,5245.000000,4,9.777068e-12,1.163514e-13,2.797556e-16,5.029390e-19,3.118263e-10
5246,5246.000000,4,9.329426e-12,1.278977e-13,2.797572e-16,3.817273e-20,-6.562577e-10
5247,5247.000000,4,6.131984e-12,1.447731e-13,2.797588e-16,-1.108157e-19,5.815282e-11
5248,5248.000000,4,6.380674e-12,1.278977e-13,2.825219e-16,2.270776e-19,1.515232e-10
5249,5249.000000,4,8.704149e-12,1.600942e-13,3.496935e-16,-2.554962e-19,1.313618e-10
5250,5250.000000,4,6.679102e-12,1.205702e-13,2.797638e-16,2.281066e-19,-1.313143e-10
5251,5251.000000,4,7.048584e-12,1.405542e-13,2.797656e-16,2.739291e-20,3.655964e-12
5252,5252.000000,4,7.247536e-12,9.658940e-14,2.825028e-16,-9.772643e-20,1.398630e-10
5253,5253.000000,4,4.540368e-12,1.318945e-13,2.797693e-16,-2.619416e-19,-3.569258e-10
5254,5254.000000,4,8.427037e-12,1.310063e-13,2.797712e-16,2.733534e-19,6.395713e-10
5255,5255.000000,4,8.284928e-12,1.021405e-13,2.797732e-16,-6.125140e-19,-1.645468e-10
5256,5256.000000,4,8.725465e-12,1.065814e-13,3.497190e-16,-1.637851e-19,5.802758e-11
5257,5257.000000,4,7.354117e-12,1.083578e-13,3.497127e-16,-3.894432e-19,5.234591e-11
5258,5258.000000,4,7.872814e-12,1.290079e-13,3.497241e-16,4.894792e-19,2.807776e-10
5259,5259.000000,4,5.599077e-12,1.243450e-13,3.497268e-16,8.601355e-20,1.197975e-11
5260,5260.000000,4,6.409095e-12,1.048051e-13,3.497207e-16,3.982345e-19,-2.799347e-10
5261,5261.000000,4,6.039613e-12,1.001421e-13,3.497235e-16,-6.284587e-20,3.773402e-10
5262,5262.000000,4,4.888534e-12,1.059153e-13,2.797881e-16,1.361903e-19,-7.360579e-11
5263,5263.000000,4,6.963319e-12,1.099121e-13,2.824529e-16,2.508508e-19,5.504956e-10
5264,5264.000000,4,5.009326e-12,1.085798e-13,2.797927e-16,3.880139e-20,2.495779e-10
5265,5265.000000,4,7.311485e-12,1.354472e-13,3.497352e-16,-1.573959e-20,2.350617e-10
5266,5266.000000,4,7.560175e-12,1.301181e-13,2.797975e-16,6.357048e-20,2.795870e-10
5267,5267.000000,4,6.252776e-12,1.105782e-13,3.497500e-16,-2.508740e-19,2.571410e-10
5268,5268.000000,4,7.297274e-12,1.156852e-13,2.824299e-16,1.190048e-19,-6.179381e-10
5269,5269.000000,4,6.316725e-12,1.236788e-13,3.497563e-16,-1.612374e-19,-3.551519e-10
5270,5270.000000,4,8.220979e-12,1.227907e-13,3.497510e-16,-2.864361e-20,5.151635e-10
5271,5271.000000,4,5.087486e-12,1.092459e-13,2.824188e-16,2.584377e-19,1.934826e-10
5272,5272.000000,4,5.371703e-12,1.034728e-13,2.798129e-16,-2.311804e-20,2.259881e-11
5273,5273.000000,4,7.744916e-12,1.296740e-13,2.798156e-16,1.220091e-19,3.551910e-10
5274,5274.000000,4,4.874323e-12,1.116884e-13,2.798184e-16,1.958234e-19,-1.415110e-10
5275,5275.000000,4,6.572520e-12,1.001421e-13,2.798212e-16,-4.969039e-20,-2.601719e-11
5276,5276.000000,4,7.688072e-12,1.334488e-13,2.798240e-16,-5.137453e-20,1.701597e-10
5277,5277.000000,4,6.522782e-12,8.770762e-14,2.798269e-16,3.128199e-19,2.436367e-10
5278,5278.000000,4,5.790923e-12,1.347811e-13,2.798298e-16,-1.984737e-19,-3.868430e-10
5279,5279.000000,4,7.410961e-12,1.116884e-13,3.497826e-16,3.740114e-19,3.840812e-10
5280,5280.000000,4,6.302514e-12,9.214851e-14,3.497863e-16,-2.932289e-19,-2.413054e-10
5281,5281.000000,4,7.759127e-12,1.236788e-13,3.497901e-16,-3.111324e-19,-3.393215e-10
5282,5282.000000,4,6.352252e-12,1.076916e-13,2.798418e-16,-4.982671e-19,9.951218e-11
5283,5283.000000,4,5.407230e-12,1.445510e-13,3.497979e-16,4.268484e-19,-3.759704e-10
5284,5284.000000,4,6.991741e-12,1.398881e-13,2.798480e-16,-1.781416e-20,6.683987e-11
5285,5285.000000,4,9.244161e-12,1.405542e-13,3.498058e-16,2.283052e-19,-4.994383e-11
5286,5286.000000,4,6.942003e-12,1.381117e-13,3.498180e-16,-9.642941e-20,3.330010e-10
5287,5287.000000,4,6.210144e-12,1.278977e-13,2.798576e-16,3.041907e-19,-1.784717e-10
5288,5288.000000,4,6.203038e-12,1.199041e-13,2.798609e-16,-5.705958e-19,-1.997613e-10
5289,5289.000000,4,8.903100e-12,1.540990e-13,2.823331e-16,7.594180e-20,-3.029970e-10
5290,5290.000000,4,7.133849e-12,1.507683e-13,2.798675e-16,9.078804e-20,-2.768230e-11
5291,5291.000000,4,9.400480e-12,1.427747e-13,3.498385e-16,8.623854e-20,-1.507361e-10
5292,5292.000000,4,8.029133e-12,1.507683e-13,2.798741e-16,2.381321e-19,-2.334071e-10
5293,5293.000000,4,5.606182e-12,1.640910e-13,2.823076e-16,-1.508645e-19,-4.087781e-10
5294,5294.000000,4,7.631229e-12,1.592060e-13,2.798807e-16,-2.275475e-19,2.061815e-10
5295,5295.000000,4,8.547829e-12,1.501022e-13,2.798840e-16,8.683411e-20,-2.301850e-10
5296,5296.000000,4,6.110668e-12,1.334488e-13,2.798872e-16,3.004916e-19,5.448191e-10
5297,5297.000000,4,5.748291e-12,1.381117e-13,2.798905e-16,1.274851e-19,5.533718e-10
5298,5298.000000,4,9.059420e-12,1.447731e-13,2.822738e-16,-3.845960e-19,2.806539e-10
5299,5299.000000,4,6.039613e-12,1.436629e-13,2.798969e-16,-2.205594e-19,1.415110e-10
5300,5300.000000,4,6.757261e-12,1.605382e-13,2.799001e-16,-3.151889e-19,-5.188672e-11
5301,5301.000000,4,1.005418e-11,1.709743e-13,2.799033e-16,-1.329114e-19,1.246825e-11
5302,5302.000000,4,6.693313e-12,1.543210e-13,2.822456e-16,-5.061783e-19,2.867073e-10
5303,5303.000000,4,7.524648e-12,1.505462e-13,2.799095e-16,3.439285e-19,-9.746473e-10
5304,5304.000000,4,7.297274e-12,1.405542e-13,2.822311e-16,1.362830e-19,3.240896e-11
5305,5305.000000,4,1.323741e-11,1.343370e-13,3.498863e-16,8.681757e-20,-7.633894e-12
5306,5306.000000,4,7.020162e-12,1.336709e-13,3.498900e-16,-1.145811e-20,-5.554690e-10
5307,5307.000000,4,7.155165e-12,1.560974e-13,2.822089e-16,1.087577e-20,3.152478e-10
5308,5308.000000,4,9.961809e-12,1.665335e-13,2.799246e-16,4.011396e-19,-1.225759e-10
5309,5309.000000,4,6.394885e-12,1.254552e-13,2.799275e-16,-1.225981e-19,-4.775136e-11
5310,5310.000000,4,7.382539e-12,1.345590e-13,2.799304e-16,6.776264e-20,-4.673191e-10
5311,5311.000000,4,7.652545e-12,1.059153e-13,2.821772e-16,3.041014e-19,-3.547007e-10
5312,5312.000000,4,9.528378e-12,1.538769e-13,2.799360e-16,1.550368e-19,-3.381462e-10
5313,5313.000000,4,8.157031e-12,1.560974e-13,2.821618e-16,2.699984e-19,1.551166e-10
5314,5314.000000,4,8.292034e-12,1.434408e-13,3.499184e-16,-1.006745e-19,1.283789e-10
5315,5315.000000,4,6.494361e-12,1.487699e-13,2.799442e-16,-3.433230e-19,-3.981770e-10
5316,5316.000000,4,6.444623e-12,1.743050e-13,2.799469e-16,-4.156152e-19,-2.929359e-10
5317,5317.000000,4,6.167511e-12,1.461054e-13,2.799495e-16,-5.522489e-19,-1.210878e-10
5318,5318.000000,4,7.752021e-12,1.663114e-13,2.799521e-16,5.158298e-20,6.776824e-11
5319,5319.000000,4,5.364598e-12,1.731948e-13,3.499347e-16,3.327284e-19,1.066782e-10
5320,5320.000000,4,7.354117e-12,1.534328e-13,3.499379e-16,-2.245663e-19,-2.011107e-10
5321,5321.000000,4,4.682477e-12,1.660894e-13,2.799596e-16,-2.881864e-19,1.325939e-10
5322,5322.000000,4,8.327561e-12,1.649791e-13,2.820920e-16,2.917135e-19,1.481257e-10
5323,5323.000000,4,7.354117e-12,1.445510e-13,3.499556e-16,1.158913e-19,-7.648193e-11
5324,5324.000000,4,7.055689e-12,1.387779e-13,2.799668e-16,-3.109438e-19,1.868987e-10
5325,5325.000000,4,8.732570e-12,1.416645e-13,3.499528e-16,-4.194467e-19,-1.548341e-10
5326,5326.000000,4,7.510437e-12,1.612044e-13,2.799715e-16,1.056475e-20,1.731106e-10
5327,5327.000000,4,7.240430e-12,1.756373e-13,2.820511e-16,2.043897e-19,5.521494e-11
5328,5328.000000,4,6.501466e-12,1.469935e-13,3.499699e-16,8.003369e-19,3.131584e-11
5329,5329.000000,4,6.700418e-12,1.521006e-13,2.820346e-16,3.292146e-19,-2.796852e-11
5330,5330.000000,4,5.741185e-12,1.485478e-13,2.820262e-16,-1.580047e-19,-1.063925e-10
5331,5331.000000,4,7.752021e-12,1.718625e-13,2.799824e-16,8.571246e-20,-4.478311e-10
5332,5332.000000,4,7.489120e-12,1.336709e-13,2.799845e-16,2.900989e-19,-1.990068e-10
5333,5333.000000,4,9.173107e-12,1.312284e-13,2.820010e-16,-2.558503e-19,-7.854872e-11
5334,5334.000000,4,7.325696e-12,1.429967e-13,3.383911e-16,-6.345302e-19,2.308498e-10
5335,5335.000000,4,7.830181e-12,1.842970e-13,2.799905e-16,3.337740e-19,-4.146417e-10
5336,5336.000000,4,7.794654e-12,1.507683e-13,2.799925e-16,-6.280948e-20,6.002729e-10
5337,5337.000000,4,9.620749e-12,1.645351e-13,2.799944e-16,4.023671e-19,-5.837701e-10
5338,5338.000000,4,5.798029e-12,1.614264e-13,3.499863e-16,2.375464e-19,-1.717748e-10
5339,5339.000000,4,6.757261e-12,1.565414e-13,3.499886e-16,1.760902e-20,-4.262259e-10
5340,5340.000000,4,7.361223e-12,1.716405e-13,2.799999e-16,7.771461e-19,-5.387100e-10
5341,5341.000000,4,9.606538e-12,1.552092e-13,2.800016e-16,1.138068e-19,-6.172407e-10
5342,5342.000000,4,7.240430e-12,1.467715e-13,2.800034e-16,3.026224e-19,5.750282e-10
5343,5343.000000,4,7.162271e-12,1.558753e-13,2.800051e-16,-3.765723e-19,5.013279e-11
5344,5344.000000,4,5.194067e-12,1.232348e-13,2.800067e-16,2.458215e-19,1.213210e-10
5345,5345.000000,4,8.547829e-12,1.683098e-13,2.819029e-16,1.716168e-19,-4.448801e-10
5346,5346.000000,4,6.075140e-12,1.421085e-13,3.500125e-16,-2.783066e-19,-1.207270e-10
5347,5347.000000,4,7.098322e-12,1.183498e-13,3.500053e-16,-2.500799e-19,4.524625e-11
5348,5348.000000,4,7.624124e-12,1.258993e-13,2.800131e-16,4.173093e-19,-5.653142e-10
5349,5349.000000,4,6.792789e-12,1.785239e-13,2.800147e-16,2.561150e-19,2.138503e-10
5350,5350.000000,4,8.157031e-12,1.514344e-13,2.800162e-16,-1.551791e-21,-3.721135e-11
5351,5351.000000,4,6.515677e-12,1.392220e-13,2.800177e-16,-4.401726e-19,-8.450529e-11
5352,5352.000000,4,7.176482e-12,1.350031e-13,2.800193e-16,-2.007071e-19,-5.774197e-10
5353,5353.000000,4,5.975664e-12,1.225686e-13,2.800209e-16,-8.227800e-20,-1.377598e-10
5354,5354.000000,4,7.730705e-12,1.365574e-13,2.800224e-16,-1.237462e-21,2.028706e-10
5355,5355.000000,4,9.741541e-12,1.341149e-13,2.800240e-16,5.884894e-20,5.223832e-10
5356,5356.000000,4,6.799894e-12,1.214584e-13,3.500321e-16,-1.325044e-19,1.001279e-10
5357,5357.000000,4,6.053824e-12,1.543210e-13,2.800273e-16,9.424234e-20,-4.428768e-10
5358,5358.000000,4,1.109157e-11,1.283418e-13,2.818269e-16,-1.031428e-19,1.572891e-10
5359,5359.000000,4,8.895995e-12,1.356693e-13,2.800307e-16,-1.118050e-19,1.814087e-10
5360,5360.000000,4,8.576251e-12,1.090239e-13,2.818164e-16,1.667927e-20,1.092506e-10
5361,5361.000000,4,8.085976e-12,1.265654e-13,2.800342e-16,-5.291673e-19,1.212184e-10
5362,5362.000000,4,7.737810e-12,1.532108e-13,2.800361e-16,1.039931e-19,-4.142595e-10
5363,5363.000000,4,6.636469e-12,1.219025e-13,3.500385e-16,9.119832e-20,2.736256e-11
5364,5364.000000,4,8.533618e-12,1.170175e-13,3.500409e-16,7.722889e-20,-2.453464e-10
5365,5365.000000,4,9.848122e-12,1.183498e-13,3.500434e-16,-7.455875e-20,-5.685075e-11
5366,5366.000000,4,7.965184e-12,1.059153e-13,2.800438e-16,-4.489275e-20,-3.131571e-10
5367,5367.000000,4,7.091217e-12,1.267875e-13,2.817802e-16,-2.114373e-19,-3.671621e-10
5368,5368.000000,4,7.950973e-12,1.327827e-13,2.817770e-16,1.692412e-19,1.024341e-10
5369,5369.000000,4,7.233325e-12,1.134648e-13,3.500538e-16,2.728803e-19,-8.683054e-12
5370,5370.000000,4,5.456968e-12,1.103562e-13,2.800523e-16,-4.944191e-19,1.170215e-10
5371,5371.000000,4,1.023182e-11,1.403322e-13,2.817617e-16,-8.241035e-20,-4.662344e-10
5372,5372.000000,4,7.858603e-12,1.096900e-13,3.500623e-16,-7.271976e-19,-9.798717e-11
5373,5373.000000,4,6.203038e-12,1.383338e-13,2.817543e-16,7.904538e-21,-3.254057e-10
5374,5374.000000,4,5.591971e-12,1.261213e-13,2.800615e-16,-2.573524e-20,-2.444023e-10
5375,5375.000000,4,7.261747e-12,9.658940e-14,3.500713e-16,3.087170e-19,4.291194e-10
5376,5376.000000,4,6.998846e-12,1.170175e-13,2.800664e-16,-5.452775e-21,1.324336e-10
5377,5377.000000,4,5.250911e-12,1.185718e-13,2.800689e-16,1.029873e-19,3.717653e-10
5378,5378.000000,4,6.608047e-12,1.154632e-13,3.500809e-16,3.992635e-19,-3.368295e-10
5379,5379.000000,4,6.167511e-12,1.161293e-13,2.800741e-16,-3.191461e-19,-4.552725e-10
5380,5380.000000,4,9.805490e-12,7.149836e-14,2.800768e-16,3.008324e-19,-2.959697e-10
5381,5381.000000,4,8.455459e-12,1.305622e-13,3.500910e-16,1.956117e-19,-2.180320e-10
5382,5382.000000,4,5.989875e-12,1.252332e-13,3.500945e-16,-1.310287e-19,3.707317e-10
5383,5383.000000,4,7.233325e-12,1.305622e-13,2.800851e-16,5.109660e-20,2.008538e-10
5384,5384.000000,4,1.035971e-11,1.134648e-13,2.800880e-16,-2.922131e-19,-8.168843e-11
5385,5385.000000,4,8.576251e-12,1.281197e-13,2.800909e-16,3.346012e-19,-2.773841e-10
5386,5386.000000,4,7.503331e-12,1.028067e-13,2.800939e-16,-1.993340e-19,1.066347e-10
5387,5387.000000,4,6.920686e-12,1.132427e-13,3.501130e-16,-8.050783e-20,-6.895200e-10
5388,5388.000000,4,6.195933e-12,1.212364e-13,3.501250e-16,-2.771849e-19,4.090965e-10
5389,5389.000000,4,5.378809e-12,1.076916e-13,2.801031e-16,2.445311e-19,-7.671597e-11
5390,5390.000000,4,8.668621e-12,1.185718e-13,2.816860e-16,-1.570320e-19,-6.675371e-11
5391,5391.000000,4,5.030643e-12,9.681145e-14,2.801095e-16,-3.576332e-19,1.657450e-10
5392,5392.000000,4,7.403855e-12,1.303402e-13,2.816788e-16,-5.011821e-19,2.119835e-10
5393,5393.000000,4,6.217249e-12,1.134648e-13,2.801161e-16,2.024872e-19,-2.088618e-10
5394,5394.000000,4,7.837286e-12,8.459899e-14,2.801195e-16,1.324978e-19,1.701690e-10
5395,5395.000000,4,7.965184e-12,1.141309e-13,2.801229e-16,1.860726e-19,3.652951e-10
5396,5396.000000,4,7.133849e-12,9.081624e-14,2.801263e-16,1.538159e-19,-5.518928e-10
5397,5397.000000,4,7.538858e-12,9.503509e-14,2.816614e-16,-6.300138e-20,-2.435174e-11
5398,5398.000000,4,7.851497e-12,1.474376e-13,2.816580e-16,2.545499e-19,4.496699e-10
5399,5399.000000,4,7.901235e-12,1.123546e-13,2.816532e-16,-1.054622e-19,-8.991408e-11
5400,5400.000000,4,6.039613e-12,8.681944e-14,2.801407e-16,2.964715e-19,4.518931e-10
5401,5401.000000,4,9.308110e-12,1.296740e-13,2.801444e-16,2.459704e-19,-4.308763e-10
5402,5402.000000,4,6.330936e-12,1.145750e-13,3.501851e-16,1.897420e-19,3.047789e-10
5403,5403.000000,4,9.769963e-12,1.034728e-13,2.801519e-16,1.416001e-19,1.992848e-10
5404,5404.000000,4,9.180212e-12,8.970602e-14,3.501870e-16,4.161943e-19,-2.112051e-10
5405,5405.000000,4,5.300649e-12,1.578737e-13,2.801596e-16,2.958163e-19,-3.073646e-10
5406,5406.000000,4,5.400125e-12,1.250111e-13,2.801636e-16,3.069700e-19,-4.884815e-11
5407,5407.000000,4,7.013057e-12,1.327827e-13,2.801675e-16,-2.584245e-19,4.443367e-10
5408,5408.000000,4,8.355983e-12,1.261213e-13,2.816087e-16,-1.657637e-19,2.482281e-11
5409,5409.000000,4,5.975664e-12,1.292300e-13,2.801755e-16,-3.729228e-19,2.827605e-11
5410,5410.000000,4,6.643575e-12,1.332268e-13,2.801795e-16,2.081848e-20,5.573941e-10
5411,5411.000000,4,7.759127e-12,1.332268e-13,3.502219e-16,3.408977e-19,-3.729328e-11
5412,5412.000000,4,6.330936e-12,1.312284e-13,2.801876e-16,-2.082245e-19,-2.094991e-12
5413,5413.000000,4,8.455459e-12,1.778577e-13,3.502319e-16,6.571123e-20,4.809186e-10
5414,5414.000000,4,7.993606e-12,1.294520e-13,2.801956e-16,1.187765e-19,5.737366e-11
5415,5415.000000,4,9.123369e-12,1.301181e-13,3.502419e-16,-1.995491e-19,-2.730054e-10
5416,5416.000000,4,4.995115e-12,1.569855e-13,2.815542e-16,-1.482473e-19,-2.016847e-10
5417,5417.000000,4,8.604673e-12,1.421085e-13,2.815453e-16,4.014936e-19,-4.847514e-10
5418,5418.000000,4,5.719869e-12,1.598721e-13,3.502565e-16,-1.765336e-19,-1.296911e-10
5419,5419.000000,4,5.904610e-12,1.494360e-13,2.802152e-16,-7.118385e-20,4.057066e-11
5420,5420.000000,4,6.437517e-12,1.623146e-13,3.502737e-16,2.975666e-19,-1.550557e-10
5421,5421.000000,4,1.271161e-11,1.512124e-13,3.502707e-16,1.268829e-19,3.631917e-11
5422,5422.000000,4,8.235190e-12,1.629807e-13,2.815086e-16,-4.465750e-19,3.643410e-10
5423,5423.000000,4,8.810730e-12,1.725287e-13,3.502877e-16,-2.429165e-19,-1.561973e-10
5424,5424.000000,4,6.181722e-12,1.494360e-13,2.802337e-16,-9.378905e-20,-4.111123e-10
5425,5425.000000,4,8.235190e-12,1.749711e-13,2.802373e-16,3.572196e-19,1.290945e-10
5426,5426.000000,4,7.780443e-12,1.472156e-13,3.502931e-16,9.182367e-20,-3.299427e-10
5427,5427.000000,4,7.247536e-12,2.033929e-13,3.502974e-16,-2.187132e-19,-2.177518e-10
5428,5428.000000,4,5.726974e-12,1.638689e-13,3.503016e-16,-1.348602e-19,-1.939338e-10
5429,5429.000000,4,9.350742e-12,1.600942e-13,2.814517e-16,4.141660e-19,-8.639955e-11
5430,5430.000000,4,7.275958e-12,1.427747e-13,2.802544e-16,-6.637794e-19,-6.752667e-10
5431,5431.000000,4,6.643575e-12,1.540990e-13,2.814333e-16,1.095849e-20,-9.018564e-11
5432,5432.000000,4,8.220979e-12,1.871836e-13,2.802608e-16,3.445009e-19,-7.067060e-10
5433,5433.000000,4,7.347012e-12,1.787459e-13,3.503217e-16,5.151549e-19,-2.860645e-11
5434,5434.000000,4,8.967049e-12,1.543210e-13,2.802670e-16,7.840680e-20,-2.854916e-11
5435,5435.000000,4,5.954348e-12,1.312284e-13,2.802700e-16,-1.356576e-20,1.073417e-10
5436,5436.000000,4,6.245671e-12,1.700862e-13,2.802730e-16,-5.199988e-20,1.472722e-10
5437,5437.000000,4,7.396750e-12,1.438849e-13,2.813825e-16,-1.294869e-19,-4.973948e-10
5438,5438.000000,4,7.148060e-12,1.572076e-13,3.503484e-16,-1.032123e-19,-1.090079e-10
5439,5439.000000,4,7.375434e-12,1.509903e-13,2.802815e-16,-4.808235e-20,-2.634521e-10
5440,5440.000000,4,5.989875e-12,1.618705e-13,2.813541e-16,-1.540144e-19,-2.355132e-10
5441,5441.000000,4,7.780443e-12,2.011724e-13,2.802869e-16,4.048851e-19,-4.916230e-10
5442,5442.000000,4,7.830181e-12,1.181277e-13,2.802895e-16,2.371163e-19,4.316325e-11
5443,5443.000000,4,8.881784e-12,1.696421e-13,2.802920e-16,-1.149417e-19,-4.025107e-10
5444,5444.000000,4,5.101697e-12,1.534328e-13,3.503596e-16,-3.540664e-19,-1.294325e-10
5445,5445.000000,4,8.007817e-12,1.563194e-13,2.802970e-16,-6.805877e-19,6.162471e-10
5446,5446.000000,4,5.350387e-12,1.725287e-13,3.503655e-16,2.537426e-19,-5.025977e-10
5447,5447.000000,4,8.768097e-12,1.414424e-13,2.803017e-16,-4.225636e-19,-1.958205e-10
5448,5448.000000,4,1.116263e-11,1.512124e-13,2.812814e-16,-5.402383e-19,3.448766e-10
5449,5449.000000,4,5.847767e-12,1.654232e-13,3.503739e-16,-1.421824e-19,4.855316e-11
5450,5450.000000,4,7.318590e-12,1.614264e-13,2.803083e-16,6.175730e-20,3.373501e-10
5451,5451.000000,4,6.700418e-12,2.100542e-13,2.812527e-16,-1.232532e-19,4.976897e-10
5452,5452.000000,4,5.393019e-12,1.973977e-13,2.812431e-16,5.823021e-20,1.277667e-10
5453,5453.000000,4,5.861978e-12,1.563194e-13,2.803143e-16,1.288383e-19,1.040441e-10
5454,5454.000000,4,8.149925e-12,1.791900e-13,2.803163e-16,-1.246594e-19,-2.172289e-10
5455,5455.000000,4,6.011192e-12,1.514344e-13,2.803181e-16,-1.453158e-19,-2.435456e-10
5456,5456.000000,4,9.158896e-12,1.962874e-13,3.503909e-16,-1.117157e-19,4.506515e-10
5457,5457.000000,4,7.986500e-12,1.740830e-13,3.503931e-16,-2.706237e-19,4.089928e-10
5458,5458.000000,4,9.862333e-12,1.740830e-13,3.504042e-16,2.789584e-19,-3.471519e-10
5459,5459.000000,4,5.215384e-12,1.829648e-13,2.811744e-16,-3.697994e-19,1.166838e-10
5460,5460.000000,4,5.442757e-12,1.776357e-13,2.803266e-16,-1.399656e-19,-5.462732e-10
5461,5461.000000,4,8.853362e-12,1.756373e-13,2.803281e-16,2.984269e-19,-8.300471e-11
5462,5462.000000,4,7.965184e-12,1.485478e-13,2.803296e-16,-8.766460e-20,3.837695e-10
5463,5463.000000,4,5.712764e-12,1.592060e-13,2.803310e-16,-2.296485e-19,-1.660605e-10
5464,5464.000000,4,6.629364e-12,1.858513e-13,2.811296e-16,4.626024e-19,-5.745275e-10
5465,5465.000000,4,7.524648e-12,1.487699e-13,2.803337e-16,3.360934e-19,-5.045981e-10
5466,5466.000000,4,7.446488e-12,1.578737e-13,3.504094e-16,1.970013e-20,-4.743494e-11
5467,5467.000000,4,5.385914e-12,1.434408e-13,2.803362e-16,1.653369e-20,-2.810034e-10
5468,5468.000000,4,5.258016e-12,1.751932e-13,2.803374e-16,-9.555260e-20,2.206568e-10
5469,5469.000000,4,7.609913e-12,1.298961e-13,2.803386e-16,1.139623e-19,-6.157319e-11
5470,5470.000000,4,5.613288e-12,1.580958e-13,2.803397e-16,-2.101204e-19,3.308465e-12
5471,5471.000000,4,6.814105e-12,1.512124e-13,2.810770e-16,-4.716915e-20,1.439109e-10
5472,5472.000000,4,6.679102e-12,1.347811e-13,2.803419e-16,-2.463278e-19,-3.094172e-10
5473,5473.000000,4,8.235190e-12,1.185718e-13,2.803431e-16,1.818441e-19,4.181715e-10
5474,5474.000000,4,7.140954e-12,1.465494e-13,3.504208e-16,-3.577622e-19,5.078533e-10
5475,5475.000000,4,5.115908e-12,1.234568e-13,2.803453e-16,-3.446266e-19,3.150318e-10
5476,5476.000000,4,5.371703e-12,1.592060e-13,2.803464e-16,5.207598e-20,4.483858e-11
5477,5477.000000,4,7.908341e-12,1.327827e-13,2.803476e-16,-6.412635e-20,-1.697056e-10
5478,5478.000000,4,7.254641e-12,1.167955e-13,2.803488e-16,5.906400e-20,3.243537e-10
5479,5479.000000,4,5.776712e-12,1.303402e-13,2.803500e-16,-3.683932e-20,-7.741541e-11
5480,5480.000000,4,6.465939e-12,1.418865e-13,2.803512e-16,1.150939e-19,-2.419676e-10
5481,5481.000000,4,9.308110e-12,1.139089e-13,2.803524e-16,-4.807574e-21,-6.983969e-10
5482,5482.000000,4,7.538858e-12,1.263434e-13,2.803537e-16,6.501772e-19,2.989502e-10
5483,5483.000000,4,6.309619e-12,1.656453e-13,3.504346e-16,4.134944e-19,2.637164e-10
5484,5484.000000,4,4.810374e-12,1.387779e-13,2.803564e-16,2.543051e-19,-5.756839e-11
5485,5485.000000,4,6.203038e-12,1.159073e-13,2.803578e-16,-5.967810e-19,-1.960270e-10
5486,5486.000000,4,7.545964e-12,1.347811e-13,2.803592e-16,1.790482e-19,8.400369e-11
5487,5487.000000,4,8.370193e-12,1.436629e-13,2.803607e-16,8.924286e-20,-2.921208e-10
5488,5488.000000,4,6.508571e-12,1.283418e-13,2.803622e-16,6.420245e-20,-1.980991e-10
5489,5489.000000,4,8.014922e-12,1.285638e-13,3.504547e-16,1.924552e-19,-2.688079e-10
5490,5490.000000,4,8.938628e-12,1.307843e-13,2.809581e-16,8.180485e-20,4.301932e-10
5491,5491.000000,4,6.579626e-12,1.212364e-13,2.803670e-16,5.386931e-20,-1.755471e-10
5492,5492.000000,4,7.439382e-12,1.363354e-13,2.803687e-16,4.134249e-20,2.044840e-10
5493,5493.000000,4,5.272227e-12,1.363354e-13,2.803704e-16,1.171188e-19,-3.615330e-10
5494,5494.000000,4,7.837286e-12,1.372236e-13,2.809360e-16,1.091018e-19,-4.399878e-10
5495,5495.000000,4,5.101697e-12,1.150191e-13,2.809291e-16,7.077357e-20,-2.390408e-10
5496,5496.000000,4,6.210144e-12,1.165734e-13,2.803758e-16,4.534472e-19,1.312674e-10
5497,5497.000000,4,5.854872e-12,1.036948e-13,3.504632e-16,-1.336525e-19,3.630345e-10
5498,5498.000000,4,6.068035e-12,1.123546e-13,2.803796e-16,3.523789e-19,1.371268e-10
5499,5499.000000,4,7.702283e-12,1.092459e-13,3.504682e-16,-4.190894e-19,-4.488698e-10
5500,5500.000000,4,8.121503e-12,1.152411e-13,2.809043e-16,4.502510e-20,-2.850562e-10
5501,5501.000000,4,6.870948e-12,1.234568e-13,2.803857e-16,2.725395e-20,2.156373e-10
5502,5502.000000,4,7.190692e-12,1.414424e-13,2.803878e-16,-1.128506e-19,-6.750556e-11
5503,5503.000000,4,5.726974e-12,1.101341e-13,2.803899e-16,-2.642180e-19,8.730772e-11
5504,5504.000000,4,8.306245e-12,1.292300e-13,3.504815e-16,-4.450563e-20,-6.393155e-10
5505,5505.000000,4,9.073631e-12,1.421085e-13,2.803944e-16,1.771358e-19,-1.433496e-10
5506,5506.000000,4,9.428902e-12,1.296740e-13,3.504872e-16,9.622096e-20,-2.425531e-10
5507,5507.000000,4,7.098322e-12,1.298961e-13,2.808694e-16,-2.322095e-19,2.278708e-10
5508,5508.000000,4,5.535128e-12,1.241229e-13,3.504931e-16,-6.667539e-19,-1.019436e-10
5509,5509.000000,4,7.595702e-12,1.108003e-13,2.804038e-16,1.557085e-20,2.910250e-11
5510,5510.000000,4,9.045209e-12,1.243450e-13,2.804062e-16,-4.610605e-19,2.912932e-10
5511,5511.000000,4,6.274092e-12,1.068035e-13,2.804087e-16,-6.811998e-20,-1.888900e-10
5512,5512.000000,4,9.762857e-12,9.570122e-14,2.808441e-16,3.562369e-19,4.658489e-10
5513,5513.000000,4,8.320455e-12,1.132427e-13,3.505089e-16,1.474036e-20,-1.340388e-10
5514,5514.000000,4,8.945733e-12,1.032507e-13,2.808348e-16,6.425208e-20,-4.929206e-10
5515,5515.000000,4,6.920686e-12,1.121325e-13,2.804192e-16,2.740482e-19,2.460185e-10
5516,5516.000000,4,7.197798e-12,1.023626e-13,2.804219e-16,6.351424e-19,3.051590e-10
5517,5517.000000,4,8.846257e-12,9.503509e-14,2.804246e-16,3.399712e-20,-3.099314e-10
5518,5518.000000,4,9.343637e-12,1.192380e-13,3.505260e-16,3.406462e-19,4.403955e-11
5519,5519.000000,4,8.803624e-12,1.183498e-13,2.808122e-16,-5.451120e-20,-2.095674e-10
5520,5520.000000,4,6.338041e-12,1.310063e-13,2.804332e-16,1.402832e-19,-2.677896e-10
5521,5521.000000,4,6.501466e-12,1.361133e-13,2.804361e-16,5.954377e-20,-5.604539e-11
5522,5522.000000,4,6.224354e-12,1.376677e-13,2.804391e-16,5.045140e-20,2.438113e-10
5523,5523.000000,4,5.705658e-12,8.837375e-14,2.804421e-16,1.955786e-20,3.427463e-10
5524,5524.000000,4,7.091217e-12,1.383338e-13,2.807907e-16,-2.171978e-19,-6.314327e-11
5525,5525.000000,4,7.524648e-12,9.103829e-14,3.505522e-16,-1.579882e-19,3.765012e-10
5526,5526.000000,4,7.055689e-12,1.409983e-13,3.505562e-16,-1.109249e-19,3.056465e-10
5527,5527.000000,4,7.062795e-12,1.378897e-13,2.807749e-16,-3.657693e-19,2.344336e-11
5528,5528.000000,4,6.387779e-12,1.278977e-13,2.804578e-16,-1.633781e-19,6.569328e-10
5529,5529.000000,4,7.119638e-12,1.525446e-13,2.804610e-16,6.518514e-20,2.108745e-10
5530,5530.000000,4,7.396750e-12,1.394440e-13,2.807605e-16,2.038471e-19,-2.011648e-10
5531,5531.000000,4,7.737810e-12,1.167955e-13,2.804676e-16,2.216877e-19,-1.028607e-10
5532,5532.000000,4,9.087842e-12,1.298961e-13,3.505807e-16,1.581238e-20,-2.346248e-10
5533,5533.000000,4,9.798384e-12,1.365574e-13,2.804743e-16,1.869759e-19,-5.583511e-11
5534,5534.000000,4,6.799894e-12,1.161293e-13,2.804777e-16,-5.866332e-19,-2.007495e-10
5535,5535.000000,4,5.904610e-12,1.099121e-13,3.505935e-16,1.252252e-19,-2.414324e-11
5536,5536.000000,4,5.329071e-12,1.341149e-13,2.804846e-16,1.265818e-19,-1.642219e-10
5537,5537.000000,4,6.778578e-12,1.250111e-13,2.807282e-16,-3.462909e-19,8.640133e-11
5538,5538.000000,4,8.725465e-12,1.363354e-13,3.506066e-16,4.176336e-19,-4.475333e-10
5539,5539.000000,4,7.069900e-12,1.185718e-13,2.807171e-16,3.211148e-19,1.397689e-10
5540,5540.000000,4,7.851497e-12,1.239009e-13,2.807137e-16,-1.951087e-19,-2.270197e-10
5541,5541.000000,4,7.908341e-12,1.292300e-13,2.805022e-16,-2.596123e-19,4.575147e-10
5542,5542.000000,4,6.586731e-12,1.081357e-13,2.805057e-16,-6.782881e-20,3.474920e-11
5543,5543.000000,4,7.496226e-12,1.132427e-13,2.806978e-16,9.207182e-20,6.756323e-10
5544,5544.000000,4,7.112533e-12,1.219025e-13,3.506334e-16,-9.872566e-20,-3.819662e-10
5545,5545.000000,4,1.010392e-11,1.030287e-13,2.805166e-16,-2.922561e-19,8.147594e-11
5546,5546.000000,4,6.345147e-12,1.132427e-13,2.806848e-16,9.236299e-20,1.298455e-10
5547,5547.000000,4,6.863843e-12,1.008083e-13,2.805239e-16,-1.698864e-19,-2.442011e-10
5548,5548.000000,4,1.210765e-11,1.130207e-13,3.506518e-16,-1.468246e-19,7.446306e-10
5549,5549.000000,4,9.507062e-12,1.141309e-13,2.805313e-16,3.136470e-19,-9.007295e-11
5550,5550.000000,4,1.279687e-11,1.176836e-13,2.806657e-16,9.147294e-20,8.813061e-12
5551,5551.000000,4,6.210144e-12,1.230127e-13,2.806609e-16,-7.918104e-20,6.787526e-11
5552,5552.000000,4,1.010392e-11,1.152411e-13,3.506705e-16,-4.196056e-19,1.411651e-10
5553,5553.000000,4,9.443113e-12,9.814372e-14,2.805463e-16,-1.872737e-21,7.421991e-10
5554,5554.000000,4,1.030998e-11,1.105782e-13,2.806466e-16,-4.194831e-19,-4.861269e-10
5555,5555.000000,4,5.925926e-12,1.318945e-13,3.506847e-16,-2.684333e-19,2.887490e-11
5556,5556.000000,4,7.034373e-12,1.003642e-13,3.506971e-16,5.799198e-20,-5.085634e-10
5557,5557.000000,4,7.631229e-12,1.068035e-13,2.805615e-16,1.948904e-19,-1.612876e-11
5558,5558.000000,4,7.297274e-12,1.083578e-13,2.805654e-16,1.142171e-19,-1.265206e-10
5559,5559.000000,4,6.892265e-12,1.416645e-13,2.805692e-16,4.215345e-19,-1.637351e-10
5560,5560.000000,4,6.153300e-12,1.405542e-13,2.805731e-16,2.375464e-19,-4.441807e-10
5561,5561.000000,4,7.133849e-12,7.882583e-14,2.806134e-16,-1.689136e-19,-2.562633e-10
5562,5562.000000,4,6.700418e-12,1.307843e-13,3.507261e-16,3.177896e-19,1.033367e-10
5563,5563.000000,4,6.743051e-12,1.130207e-13,2.805848e-16,-1.196930e-19,-3.516658e-10
5564,5564.000000,4,9.386270e-12,1.290079e-13,2.805887e-16,-3.960938e-19,1.574583e-10
5565,5565.000000,4,7.069900e-12,1.358913e-13,2.805945e-16,5.171533e-20,-9.555134e-11
5566,5566.000000,4,7.567280e-12,1.074696e-13,2.805966e-16,2.400247e-19,-2.622104e-10
5567,5567.000000,4,6.018297e-12,1.090239e-13,2.806006e-16,-2.800867e-19,-1.943795e-10
5568,5568.000000,4,1.096367e-11,1.290079e-13,2.806046e-16,1.259300e-20,-3.236951e-10
5569,5569.000000,4,9.137580e-12,1.270095e-13,2.806086e-16,-1.553578e-19,5.912265e-10
5570,5570.000000,4,7.538858e-12,9.681145e-14,2.806126e-16,-9.946681e-20,4.521583e-11
5571,5571.000000,4,6.735945e-12,1.096900e-13,2.806166e-16,-2.806889e-19,6.236406e-10
5572,5572.000000,4,5.840661e-12,1.199041e-13,2.806207e-16,1.162817e-19,3.121254e-10
5573,5573.000000,4,7.418066e-12,1.210143e-13,3.507735e-16,1.521086e-19,5.072848e-10
5574,5574.000000,4,6.970424e-12,1.123546e-13,3.507786e-16,-5.285022e-20,-2.117342e-10
5575,5575.000000,4,6.139089e-12,1.167955e-13,3.507911e-16,5.333661e-20,6.417470e-10
5576,5576.000000,4,7.872814e-12,1.201261e-13,2.806370e-16,-4.939360e-19,4.940603e-12
5577,5577.000000,4,8.384404e-12,1.454392e-13,2.806411e-16,3.056962e-19,4.755283e-10
5578,5578.000000,4,7.773338e-12,1.412204e-13,2.806452e-16,1.347543e-19,-2.966212e-10
5579,5579.000000,4,7.737810e-12,1.056932e-13,2.806494e-16,-1.889247e-19,-1.776372e-10
5580,5580.000000,4,6.338041e-12,1.068035e-13,2.806535e-16,6.119482e-20,-3.566126e-10
5581,5581.000000,4,5.648815e-12,1.305622e-13,2.806518e-16,-1.265553e-19,-6.107856e-10
5582,5582.000000,4,8.668621e-12,1.001421e-13,2.806619e-16,-3.777899e-20,-2.064888e-10
5583,5583.000000,4,9.869439e-12,1.294520e-13,3.508252e-16,5.720847e-19,-1.518825e-10
5584,5584.000000,4,7.375434e-12,1.296740e-13,2.806703e-16,4.511774e-19,5.248812e-11
5585,5585.000000,4,5.279333e-12,1.358913e-13,2.806745e-16,1.867774e-19,6.630788e-10
5586,5586.000000,4,8.661516e-12,1.501022e-13,2.806787e-16,1.321967e-19,-2.792644e-11
5587,5587.000000,4,7.808865e-12,1.194600e-13,3.508537e-16,4.503171e-19,1.215165e-10
5588,5588.000000,4,1.114131e-11,1.265654e-13,3.508517e-16,1.429103e-19,-2.729716e-11
5589,5589.000000,4,7.375434e-12,1.227907e-13,2.806915e-16,3.961434e-19,3.768249e-10
5590,5590.000000,4,6.643575e-12,1.265654e-13,2.806958e-16,-1.966638e-19,2.098182e-10
5591,5591.000000,4,5.897505e-12,1.216804e-13,2.807001e-16,-1.559633e-19,2.390452e-10
5592,5592.000000,4,5.819345e-12,1.036948e-13,2.807044e-16,1.825389e-19,2.334881e-10
5593,5593.000000,4,7.908341e-12,7.527312e-14,3.508859e-16,1.324746e-19,2.232310e-10
5594,5594.000000,4,9.521273e-12,1.221245e-13,2.807131e-16,-9.658492e-20,-2.409276e-10
5595,5595.000000,4,5.286438e-12,8.881784e-14,3.508895e-16,-1.374774e-19,-3.515489e-10
5596,5596.000000,4,5.925926e-12,1.005862e-13,2.807218e-16,-3.467872e-20,2.515180e-10
5597,5597.000000,4,7.695178e-12,1.254552e-13,3.509005e-16,3.499934e-19,-2.043058e-10
5598,5598.000000,4,6.501466e-12,1.061373e-13,2.807306e-16,-5.965296e-20,-4.177683e-10
5599,5599.000000,4,4.924061e-12,1.167955e-13,2.807350e-16,-1.411832e-20,-2.783285e-11
5600,5600.000000,4,1.239187e-11,1.414424e-13,2.807394e-16,-1.375337e-19,-4.463607e-11
5601,5601.000000,4,5.776712e-12,1.181277e-13,3.509226e-16,-4.927647e-19,4.790168e-11
5602,5602.000000,4,5.741185e-12,1.079137e-13,3.509282e-16,4.043590e-19,5.705395e-10
5603,5603.000000,4,7.240430e-12,1.261213e-13,2.807528e-16,3.281756e-19,1.115845e-10
5604,5604.000000,4,8.292034e-12,1.247891e-13,3.509394e-16,5.274335e-19,4.484435e-11
5605,5605.000000,4,8.050449e-12,1.252332e-13,2.807618e-16,-2.007402e-19,-4.562628e-11
5606,5606.000000,4,6.920686e-12,1.070255e-13,2.807605e-16,2.426584e-19,-1.570720e-10
5607,5607.000000,4,5.755396e-12,1.512124e-13,3.509563e-16,2.028478e-19,2.359886e-10
5608,5608.000000,4,6.096457e-12,9.903189e-14,2.807753e-16,1.214301e-19,-3.859665e-10
5609,5609.000000,4,6.345147e-12,1.159073e-13,3.509677e-16,5.954642e-19,3.046340e-10
5610,5610.000000,4,5.712764e-12,1.267875e-13,2.807845e-16,5.313345e-19,-5.676803e-11
5611,5611.000000,4,5.876188e-12,1.039169e-13,2.807891e-16,-6.056716e-19,-6.513512e-11
5612,5612.000000,4,7.702283e-12,1.094680e-13,2.807937e-16,-1.712628e-19,3.152913e-10
5613,5613.000000,4,7.318590e-12,1.074696e-13,2.807983e-16,-3.966827e-19,2.640735e-10
5614,5614.000000,4,6.643575e-12,1.312284e-13,2.808029e-16,-4.931552e-19,2.880995e-10
5615,5615.000000,4,1.057998e-11,1.372236e-13,3.510023e-16,-3.921564e-19,-2.277486e-10
5616,5616.000000,4,7.936762e-12,1.270095e-13,2.808122e-16,-1.283784e-20,2.703882e-11
5617,5617.000000,4,7.155165e-12,9.636736e-14,2.808169e-16,9.384860e-20,6.860890e-11
5618,5618.000000,4,5.762502e-12,8.149037e-14,3.510269e-16,-3.245857e-20,1.218734e-10
5619,5619.000000,4,7.162271e-12,1.152411e-13,2.808262e-16,7.358599e-20,2.432394e-10
5620,5620.000000,4,6.423306e-12,1.103562e-13,2.808309e-16,-4.052854e-20,1.632423e-10
5621,5621.000000,4,9.514167e-12,9.636736e-14,2.808357e-16,2.930271e-19,1.387073e-10
5622,5622.000000,4,6.004086e-12,1.103562e-13,2.808404e-16,5.050103e-20,-3.173422e-10
5623,5623.000000,4,8.483880e-12,6.972201e-14,2.808452e-16,-7.307314e-20,-1.134742e-10
5624,5624.000000,4,6.885159e-12,1.194600e-13,2.808499e-16,-3.061726e-19,-1.548709e-10
5625,5625.000000,4,8.675727e-12,1.099121e-13,3.510614e-16,-1.608833e-19,6.194656e-11
5626,5626.000000,4,6.515677e-12,1.210143e-13,2.808595e-16,2.096638e-19,2.068875e-10
5627,5627.000000,4,6.558309e-12,1.190159e-13,2.808643e-16,-2.655912e-19,-2.671068e-10
5628,5628.000000,4,6.934897e-12,9.348078e-14,2.808691e-16,-1.723183e-19,1.690441e-10
5629,5629.000000,4,6.053824e-12,1.281197e-13,2.808740e-16,-3.690549e-20,-2.571864e-10
5630,5630.000000,4,6.870948e-12,1.132427e-13,3.510916e-16,1.204706e-20,-1.890410e-10
5631,5631.000000,4,6.153300e-12,1.001421e-13,3.511046e-16,5.990012e-19,3.587399e-10
5632,5632.000000,4,6.792789e-12,1.054712e-13,3.511038e-16,-1.124966e-22,-5.294476e-11
5633,5633.000000,4,6.664891e-12,9.769963e-14,2.808935e-16,-2.079102e-19,4.428322e-10
5634,5634.000000,4,6.885159e-12,7.371881e-14,3.511160e-16,-2.262901e-19,1.676977e-10
5635,5635.000000,4,6.089351e-12,1.152411e-13,2.809033e-16,-1.160237e-19,-5.714595e-11
5636,5636.000000,4,6.224354e-12,8.792966e-14,3.511284e-16,-3.911572e-20,3.150260e-10
5637,5637.000000,4,5.428547e-12,1.032507e-13,3.511346e-16,-2.094090e-20,-1.100862e-10
5638,5638.000000,4,6.437517e-12,8.237855e-14,2.809181e-16,-2.920212e-19,-9.046119e-11
5639,5639.000000,4,1.249845e-11,1.223466e-13,2.809231e-16,3.728335e-19,3.898271e-10
5640,5640.000000,4,5.051959e-12,1.192380e-13,2.809281e-16,-3.187855e-19,-5.567606e-10
5641,5641.000000,4,5.961454e-12,9.525714e-14,2.809331e-16,1.594473e-19,2.787360e-10
5642,5642.000000,4,7.503331e-12,1.314504e-13,2.809381e-16,-5.278107e-19,2.678020e-10
5643,5643.000000,4,5.087486e-12,1.179057e-13,2.809431e-16,-7.710978e-20,3.422810e-10
5644,5644.000000,4,8.064660e-12,1.207923e-13,2.809482e-16,2.129494e-19,1.268616e-10
5645,5645.000000,4,9.244161e-12,1.108003e-13,2.809532e-16,-4.205717e-20,-1.310558e-10
5646,5646.000000,4,8.029133e-12,1.134648e-13,2.809583e-16,-5.554849e-19,-1.808753e-10
5647,5647.000000,4,6.011192e-12,1.287859e-13,2.809634e-16,-3.713148e-19,-2.452577e-10
5648,5648.000000,4,7.908341e-12,1.108003e-13,2.809685e-16,5.434213e-19,1.854701e-10
5649,5649.000000,4,7.801759e-12,1.227907e-13,2.809735e-16,-1.022726e-19,-1.727097e-10
5650,5650.000000,4,6.842527e-12,1.401101e-13,2.809786e-16,-2.156956e-19,-2.565265e-10
5651,5651.000000,4,5.982770e-12,1.205702e-13,3.512228e-16,-4.451555e-20,-5.091062e-10
5652,5652.000000,4,8.725465e-12,1.241229e-13,3.512291e-16,4.580165e-19,-8.691392e-11
5653,5653.000000,4,7.155165e-12,1.412204e-13,2.809938e-16,-2.084495e-22,-7.725276e-11
5654,5654.000000,4,7.418066e-12,1.401101e-13,2.809989e-16,-2.015376e-19,4.215146e-10
5655,5655.000000,4,7.354117e-12,1.170175e-13,2.810039e-16,-2.253008e-19,6.140577e-11
5656,5656.000000,4,1.075051e-11,1.494360e-13,2.810089e-16,3.612529e-19,3.011971e-10
5657,5657.000000,4,6.750156e-12,1.092459e-13,2.810139e-16,-2.654356e-19,-6.034047e-10
5658,5658.000000,4,5.471179e-12,1.221245e-13,3.512666e-16,-5.166074e-19,-2.471950e-10
5659,5659.000000,4,6.025402e-12,1.159073e-13,2.810237e-16,8.313165e-20,-7.179390e-11
5660,5660.000000,4,7.119638e-12,1.243450e-13,3.512858e-16,1.499910e-19,1.337019e-10
5661,5661.000000,4,9.848122e-12,1.381117e-13,2.810335e-16,1.301982e-19,1.424322e-10
5662,5662.000000,4,5.258016e-12,1.512124e-13,3.512980e-16,-2.921139e-19,-3.988366e-10
5663,5663.000000,4,7.183587e-12,1.139089e-13,2.810432e-16,-1.909695e-19,-6.205192e-11
5664,5664.000000,4,6.266987e-12,1.509903e-13,3.513030e-16,-1.654361e-19,-4.205429e-10
5665,5665.000000,4,7.126744e-12,1.110223e-13,2.810528e-16,-2.841961e-19,-3.323097e-11
5666,5666.000000,4,6.970424e-12,1.287859e-13,2.810575e-16,-3.329203e-19,3.559241e-10
5667,5667.000000,4,5.847767e-12,1.183498e-13,2.810622e-16,3.672880e-19,2.327672e-10
5668,5668.000000,4,7.936762e-12,1.401101e-13,3.513265e-16,-5.165577e-20,-1.869245e-10
5669,5669.000000,4,8.370193e-12,1.378897e-13,3.513323e-16,-8.962337e-20,1.843805e-10
5670,5670.000000,4,6.615153e-12,1.632028e-13,2.810761e-16,-3.631885e-19,2.470346e-11
5671,5671.000000,4,7.361223e-12,1.285638e-13,3.513509e-16,-2.957535e-19,2.668986e-10
5672,5672.000000,4,7.680967e-12,1.243450e-13,3.513566e-16,3.169094e-20,-1.229016e-10
5673,5673.000000,4,9.364953e-12,1.190159e-13,2.810898e-16,5.443146e-19,-2.031014e-10
5674,5674.000000,4,7.275958e-12,1.239009e-13,2.810943e-16,5.623836e-20,-1.540876e-10
5675,5675.000000,4,7.560175e-12,1.545430e-13,2.810987e-16,2.204536e-19,-4.276605e-10
5676,5676.000000,4,8.412826e-12,1.414424e-13,2.811031e-16,-1.129035e-19,-1.305069e-10
5677,5677.000000,4,8.363088e-12,1.312284e-13,3.513771e-16,4.127466e-19,-6.372299e-10
5678,5678.000000,4,7.226220e-12,1.285638e-13,2.811119e-16,-1.644865e-19,-2.103493e-10
5679,5679.000000,4,1.052314e-11,1.807443e-13,2.811162e-16,2.618589e-19,-2.482536e-11
5680,5680.000000,4,7.538858e-12,1.079137e-13,2.811205e-16,-3.311436e-19,-3.649160e-10
5681,5681.000000,4,8.412826e-12,1.461054e-13,2.811247e-16,-6.306094e-20,-1.552405e-10
5682,5682.000000,4,7.624124e-12,1.523226e-13,3.514112e-16,6.775602e-20,-3.372386e-10
5683,5683.000000,4,4.675371e-12,1.625367e-13,2.811331e-16,3.933277e-19,5.225699e-10
5684,5684.000000,4,7.815970e-12,1.194600e-13,2.811373e-16,-2.257707e-19,-4.789160e-10
5685,5685.000000,4,7.389644e-12,1.547651e-13,2.811414e-16,-2.139585e-19,6.366319e-11
5686,5686.000000,4,6.579626e-12,1.687539e-13,2.811455e-16,2.528195e-19,-1.515426e-10
5687,5687.000000,4,6.920686e-12,1.632028e-13,2.811495e-16,-2.090980e-19,4.157408e-10
5688,5688.000000,4,6.565415e-12,1.159073e-13,2.811536e-16,-4.421611e-19,2.989986e-11
5689,5689.000000,4,7.993606e-12,1.691980e-13,2.811576e-16,-2.220153e-20,-4.010547e-11
5690,5690.000000,4,7.119638e-12,1.552092e-13,2.811615e-16,2.549933e-19,2.036280e-10
5691,5691.000000,4,8.434142e-12,1.454392e-13,3.514493e-16,-4.042994e-19,1.047088e-10
5692,5692.000000,4,7.098322e-12,1.412204e-13,2.811694e-16,5.162567e-19,-3.091760e-11
5693,5693.000000,4,9.244161e-12,1.620926e-13,2.811732e-16,-4.801254e-19,-1.626346e-10
5694,5694.000000,4,8.846257e-12,1.667555e-13,2.811771e-16,-1.129962e-19,-3.320465e-10
5695,5695.000000,4,7.631229e-12,1.305622e-13,2.811809e-16,-2.360310e-19,-1.763240e-10
5696,5696.000000,4,8.313350e-12,1.416645e-13,3.514732e-16,1.103691e-19,3.413905e-10
5697,5697.000000,4,9.030998e-12,1.365574e-13,2.811884e-16,6.599909e-20,1.310507e-11
5698,5698.000000,4,1.111999e-11,1.623146e-13,2.811921e-16,1.788431e-19,4.879953e-10
5699,5699.000000,4,9.201528e-12,1.267875e-13,2.811958e-16,2.981391e-19,8.264989e-11
5700,5700.000000,4,1.003286e-11,1.521006e-13,2.811995e-16,-6.750125e-20,5.005053e-10
5701,5701.000000,4,6.011192e-12,1.534328e-13,2.812031e-16,1.586632e-19,2.358413e-11
5702,5702.000000,4,6.835421e-12,1.367795e-13,3.515006e-16,-1.717922e-19,1.094151e-10
5703,5703.000000,4,9.784173e-12,1.281197e-13,2.812102e-16,-4.487620e-20,-2.934037e-10
5704,5704.000000,4,7.098322e-12,1.296740e-13,3.515094e-16,-1.001848e-19,1.472538e-10
5705,5705.000000,4,7.929657e-12,9.814372e-14,2.812173e-16,-1.849576e-21,3.710545e-10
5706,5706.000000,4,8.277823e-12,1.161293e-13,2.812208e-16,5.044478e-20,5.084460e-10
5707,5707.000000,4,5.158540e-12,1.381117e-13,2.812242e-16,-1.690625e-19,-2.786352e-10
5708,5708.000000,4,5.073275e-12,1.187939e-13,2.812277e-16,3.096997e-19,8.619683e-11
5709,5709.000000,4,6.920686e-12,1.258993e-13,3.515310e-16,-4.285887e-19,6.546865e-10
5710,5710.000000,4,7.482015e-12,1.272316e-13,3.515353e-16,-3.986349e-19,5.639768e-10
5711,5711.000000,4,6.892265e-12,9.592327e-14,2.812380e-16,-1.095750e-19,2.648831e-10
5712,5712.000000,4,6.089351e-12,1.436629e-13,2.812414e-16,2.129361e-19,1.137570e-10
5713,5713.000000,4,8.974155e-12,1.350031e-13,2.812448e-16,-3.501224e-19,2.457256e-10
5714,5714.000000,4,7.212009e-12,1.469935e-13,2.812483e-16,-1.677059e-19,-1.928793e-10
5715,5715.000000,4,5.854872e-12,1.363354e-13,2.812518e-16,-1.937886e-19,4.379428e-10
5716,5716.000000,4,8.064660e-12,9.325873e-14,2.812552e-16,6.098869e-19,1.885836e-11
5717,5717.000000,4,6.494361e-12,1.221245e-13,2.812588e-16,4.376844e-19,-2.739418e-10
5718,5718.000000,4,8.341772e-12,1.283418e-13,2.812623e-16,-4.678004e-19,-3.012590e-11
5719,5719.000000,4,5.520917e-12,1.156852e-13,2.812659e-16,4.320861e-20,1.346284e-10
5720,5720.000000,4,8.888890e-12,1.003642e-13,2.812695e-16,3.704942e-19,-7.103744e-10
5721,5721.000000,4,4.305889e-12,1.136868e-13,3.515914e-16,-1.522145e-19,-4.589242e-10
5722,5722.000000,4,6.096457e-12,1.338929e-13,3.515883e-16,7.790718e-20,-4.700286e-10
5723,5723.000000,4,5.918821e-12,1.183498e-13,3.515929e-16,-2.868762e-19,-6.640610e-11
5724,5724.000000,4,6.181722e-12,1.179057e-13,2.812842e-16,3.107618e-19,2.058244e-10
5725,5725.000000,4,6.259882e-12,8.060219e-14,2.812880e-16,-6.749595e-19,3.558405e-10
5726,5726.000000,4,8.945733e-12,6.705747e-14,2.812918e-16,-5.413765e-19,-1.399127e-10
5727,5727.000000,4,7.837286e-12,9.880985e-14,2.812956e-16,-8.182140e-20,-4.403863e-10
5728,5728.000000,4,6.764367e-12,7.904788e-14,3.516244e-16,5.046761e-19,-6.963663e-11
5729,5729.000000,4,6.473044e-12,1.136868e-13,2.813035e-16,2.318124e-19,-2.341640e-10
5730,5730.000000,4,6.608047e-12,1.010303e-13,2.813015e-16,-3.402459e-19,-2.695683e-10
5731,5731.000000,4,5.769607e-12,1.101341e-13,2.813114e-16,7.068622e-19,4.572798e-10
5732,5732.000000,4,7.517542e-12,1.139089e-13,2.813155e-16,-2.565253e-20,9.504331e-11
5733,5733.000000,4,7.460699e-12,1.063594e-13,2.813196e-16,-1.167979e-19,6.776113e-11
5734,5734.000000,4,6.934897e-12,8.881784e-14,2.813237e-16,1.569823e-19,5.138214e-10
5735,5735.000000,4,6.998846e-12,1.088019e-13,2.813279e-16,4.006201e-20,-6.839451e-11
5736,5736.000000,4,6.366463e-12,1.136868e-13,2.813321e-16,1.427714e-20,3.007962e-10
5737,5737.000000,4,6.693313e-12,1.112443e-13,2.813364e-16,2.276897e-19,1.375150e-10
5738,5738.000000,4,6.316725e-12,9.636736e-14,3.516686e-16,-3.383202e-19,-5.813601e-10
5739,5739.000000,4,4.618528e-12,1.099121e-13,2.813451e-16,-8.996416e-21,-1.502347e-10
5740,5740.000000,4,6.636469e-12,9.436896e-14,3.516868e-16,3.720625e-19,1.973682e-10
5741,5741.000000,4,6.885159e-12,8.570922e-14,2.813539e-16,3.801358e-19,1.358490e-10
5742,5742.000000,4,7.219114e-12,1.003642e-13,2.813584e-16,-1.954826e-19,-1.091840e-10
5743,5743.000000,4,7.325696e-12,9.592327e-14,2.813629e-16,1.010517e-19,-2.737464e-10
5744,5744.000000,4,7.858603e-12,8.881784e-14,2.813674e-16,6.384180e-20,-1.128946e-10
5745,5745.000000,4,6.252776e-12,9.747758e-14,3.517080e-16,-1.684801e-20,-2.668271e-10
5746,5746.000000,4,8.697043e-12,8.792966e-14,2.813767e-16,-5.802407e-19,5.248354e-10
5747,5747.000000,4,8.085976e-12,1.034728e-13,2.813814e-16,4.672578e-20,5.812018e-11
5748,5748.000000,4,1.065814e-11,9.769963e-14,2.813861e-16,6.388481e-20,3.733160e-10
5749,5749.000000,4,7.929657e-12,1.154632e-13,2.813909e-16,4.113503e-19,-5.046799e-10
5750,5750.000000,4,6.004086e-12,7.105427e-14,2.813957e-16,3.080189e-19,-1.294725e-10
5751,5751.000000,4,7.510437e-12,1.045830e-13,3.517507e-16,3.794443e-20,1.576196e-10
5752,5752.000000,4,6.565415e-12,6.528111e-14,2.814055e-16,2.198216e-19,1.071775e-10
5753,5753.000000,4,6.266987e-12,9.769963e-14,2.814104e-16,2.234810e-19,5.314020e-10
5754,5754.000000,4,7.140954e-12,1.212364e-13,2.814154e-16,7.274888e-20,-4.265786e-10
5755,5755.000000,4,5.705658e-12,1.052491e-13,2.814204e-16,4.186560e-19,2.100220e-11
5756,5756.000000,4,7.574386e-12,1.041389e-13,2.814255e-16,3.614051e-19,-3.320256e-10
5757,5757.000000,4,8.043344e-12,9.370282e-14,2.814306e-16,2.295691e-19,-4.125306e-10
5758,5758.000000,4,7.091217e-12,8.837375e-14,3.517880e-16,-1.524891e-19,5.533263e-11
5759,5759.000000,4,6.096457e-12,9.836576e-14,2.814410e-16,2.338605e-19,3.882310e-10
5760,5760.000000,4,8.974155e-12,1.076916e-13,2.814462e-16,1.725366e-19,-2.934893e-10
5761,5761.000000,4,7.972289e-12,1.061373e-13,2.814515e-16,1.560824e-19,7.075229e-11
5762,5762.000000,4,7.979395e-12,9.614531e-14,2.814568e-16,-7.045428e-19,-3.801959e-12
5763,5763.000000,4,8.959944e-12,1.014744e-13,2.814621e-16,1.435291e-19,-2.661293e-10
5764,5764.000000,4,8.810730e-12,7.704948e-14,2.814675e-16,-3.677446e-19,-1.302255e-10
5765,5765.000000,4,4.952483e-12,7.438494e-14,3.518346e-16,-2.657632e-19,-6.594714e-11
5766,5766.000000,4,6.487255e-12,1.272316e-13,2.814784e-16,1.375436e-19,2.705358e-11
5767,5767.000000,4,6.309619e-12,9.792167e-14,2.814839e-16,1.580246e-20,3.017608e-11
5768,5768.000000,4,8.931522e-12,9.459100e-14,2.814895e-16,-6.093012e-20,-6.886047e-12
5769,5769.000000,4,6.927792e-12,6.461498e-14,2.814951e-16,-8.873663e-19,-7.062229e-11
5770,5770.000000,4,7.410961e-12,7.904788e-14,2.815007e-16,-3.154304e-19,5.421129e-10
5771,5771.000000,4,5.549339e-12,8.193446e-14,2.815064e-16,1.231308e-19,1.698758e-10
5772,5772.000000,4,6.693313e-12,6.838974e-14,3.518901e-16,5.447812e-20,-6.010838e-10
5773,5773.000000,4,6.792789e-12,1.016964e-13,3.518973e-16,-2.342311e-19,-5.733003e-11
5774,5774.000000,4,9.414691e-12,9.392487e-14,3.518982e-16,5.950870e-19,2.637105e-10
5775,5775.000000,4,7.545964e-12,6.306067e-14,2.815294e-16,-2.997703e-19,4.212288e-10
5776,5776.000000,4,7.453593e-12,6.328271e-14,3.519191e-16,-7.228566e-20,-9.524670e-11
5777,5777.000000,4,5.861978e-12,1.059153e-13,2.815412e-16,-1.129465e-19,-2.177384e-10
5778,5778.000000,4,8.661516e-12,5.817569e-14,2.815471e-16,1.528365e-19,3.929324e-11
5779,5779.000000,4,7.865708e-12,6.705747e-14,2.815531e-16,7.352312e-20,4.248366e-10
5780,5780.000000,4,7.212009e-12,8.704149e-14,3.519427e-16,2.660875e-20,8.529100e-11
5781,5781.000000,4,5.229595e-12,6.705747e-14,2.815651e-16,6.067535e-19,-1.211065e-11
5782,5782.000000,4,5.982770e-12,1.050271e-13,3.519579e-16,4.082169e-19,1.243993e-10
5783,5783.000000,4,7.005951e-12,1.214584e-13,3.519656e-16,-1.483896e-19,1.709357e-10
5784,5784.000000,4,6.409095e-12,8.992806e-14,2.815835e-16,3.961500e-19,-2.711296e-10
5785,5785.000000,4,8.775203e-12,7.771561e-14,2.815897e-16,8.174199e-20,2.589344e-10
5786,5786.000000,4,6.686207e-12,5.573320e-14,3.519889e-16,7.250734e-20,-8.370536e-10
5787,5787.000000,4,7.723600e-12,8.482104e-14,2.816022e-16,7.772189e-21,1.495138e-10
5788,5788.000000,4,6.345147e-12,8.104628e-14,3.520047e-16,4.819750e-19,-8.141998e-11
5789,5789.000000,4,5.975664e-12,8.837375e-14,2.816149e-16,-1.558077e-19,-9.277346e-11
5790,5790.000000,4,8.647305e-12,6.350476e-14,2.816213e-16,3.559491e-19,4.516199e-10
5791,5791.000000,4,7.588596e-12,7.682743e-14,2.816277e-16,5.992758e-20,3.708939e-10
5792,5792.000000,4,9.897860e-12,6.283862e-14,2.816341e-16,-1.801136e-19,2.062233e-10
5793,5793.000000,4,6.316725e-12,8.348877e-14,2.816406e-16,1.304298e-19,1.062314e-10
5794,5794.000000,4,7.005951e-12,8.326673e-14,2.816472e-16,-1.079371e-19,-5.751123e-10
5795,5795.000000,4,8.888890e-12,9.192647e-14,2.816537e-16,2.526640e-19,-6.121150e-10
5796,5796.000000,4,1.125500e-11,7.660539e-14,2.816603e-16,-5.795724e-19,5.174242e-10
5797,5797.000000,4,7.730705e-12,6.772360e-14,2.816670e-16,7.411274e-19,-3.495543e-10
5798,5798.000000,4,8.270717e-12,8.615331e-14,2.816736e-16,3.403054e-19,-2.504221e-10
5799,5799.000000,4,6.608047e-12,8.526513e-14,2.816803e-16,1.015149e-19,-2.503990e-10
5800,5800.000000,4,7.169376e-12,7.438494e-14,2.816871e-16,2.334535e-19,1.072404e-10
5801,5801.000000,4,4.789058e-12,6.883383e-14,2.816938e-16,1.855598e-19,2.036742e-10
5802,5802.000000,4,6.536993e-12,7.793766e-14,2.817007e-16,3.830839e-20,-9.478374e-11
5803,5803.000000,4,8.718359e-12,6.039613e-14,2.817075e-16,-7.032028e-20,-9.270135e-10
5804,5804.000000,4,7.595702e-12,9.547918e-14,2.817144e-16,3.934270e-19,1.956253e-10
5805,5805.000000,4,6.963319e-12,8.526513e-14,2.817213e-16,1.476418e-19,-7.589518e-11
5806,5806.000000,4,6.110668e-12,9.814372e-14,3.521547e-16,-3.159367e-19,-3.130696e-10
5807,5807.000000,4,7.553069e-12,8.126833e-14,2.817352e-16,-4.904188e-20,1.191114e-10
5808,5808.000000,4,7.538858e-12,7.083223e-14,2.817422e-16,-2.841432e-19,1.532232e-10
5809,5809.000000,4,8.277823e-12,1.008083e-13,2.817493e-16,-1.963859e-19,3.899046e-10
5810,5810.000000,4,8.277823e-12,8.193446e-14,2.817563e-16,-4.779582e-19,-6.023249e-11
5811,5811.000000,4,7.048584e-12,5.262457e-14,2.817635e-16,1.496270e-19,1.362553e-10
5812,5812.000000,4,6.991741e-12,6.217249e-14,2.817706e-16,4.940915e-19,-1.392962e-10
5813,5813.000000,4,7.148060e-12,6.350476e-14,2.817778e-16,-6.819145e-19,-6.926126e-11
5814,5814.000000,4,6.288303e-12,5.551115e-14,2.817850e-16,3.974107e-20,-6.851608e-11
5815,5815.000000,4,7.936762e-12,8.171241e-14,2.817922e-16,-3.958225e-19,1.535105e-10
5816,5816.000000,4,7.752021e-12,6.217249e-14,3.522440e-16,-3.457615e-20,3.706495e-10
5817,5817.000000,4,6.593837e-12,7.949197e-14,2.818068e-16,2.086844e-19,2.357294e-10
5818,5818.000000,4,5.229595e-12,1.032507e-13,3.522624e-16,4.455790e-19,4.111579e-10
5819,5819.000000,4,6.750156e-12,7.527312e-14,2.818216e-16,5.054901e-19,1.212550e-10
5820,5820.000000,4,7.347012e-12,6.172840e-14,3.522862e-16,-7.288388e-19,-2.686150e-10
5821,5821.000000,4,8.320455e-12,7.527312e-14,3.522902e-16,-1.433703e-19,-5.393042e-11
5822,5822.000000,4,6.650680e-12,1.008083e-13,3.523048e-16,-4.245091e-19,3.050423e-10
5823,5823.000000,4,8.760992e-12,7.061018e-14,2.818514e-16,-3.012724e-19,-2.032137e-10
5824,5824.000000,4,9.244161e-12,9.459100e-14,3.523236e-16,-1.173604e-20,6.471979e-11
5825,5825.000000,4,5.506706e-12,6.328271e-14,2.818665e-16,2.425955e-20,1.089869e-10
5826,5826.000000,4,5.982770e-12,6.750156e-14,2.818741e-16,1.157523e-19,-1.445591e-10
5827,5827.000000,4,6.025402e-12,6.883383e-14,3.523470e-16,1.301287e-19,-2.104138e-10
5828,5828.000000,4,9.059420e-12,8.948398e-14,2.818893e-16,1.558110e-19,-1.706625e-10
5829,5829.000000,4,7.744916e-12,7.260859e-14,2.818970e-16,4.748348e-20,-3.050233e-10
5830,5830.000000,4,5.186962e-12,8.415491e-14,2.819047e-16,-6.551270e-22,-3.518474e-11
5831,5831.000000,4,4.398260e-12,8.282264e-14,3.523854e-16,2.723740e-19,1.071354e-10
5832,5832.000000,4,6.430412e-12,8.104628e-14,2.819201e-16,4.028006e-19,2.012623e-10
5833,5833.000000,4,7.482015e-12,8.748557e-14,2.819279e-16,3.440410e-19,3.227492e-10
5834,5834.000000,4,8.093082e-12,8.570922e-14,2.819356e-16,5.028596e-20,-7.401524e-11
5835,5835.000000,4,6.863843e-12,6.528111e-14,2.819434e-16,1.932625e-20,-4.215441e-10
5836,5836.000000,4,8.277823e-12,7.682743e-14,2.819511e-16,2.223461e-20,5.451726e-10
5837,5837.000000,4,6.828316e-12,8.282264e-14,2.819589e-16,1.681063e-19,-1.403888e-11
5838,5838.000000,4,9.947598e-12,6.061818e-14,2.819667e-16,2.046445e-19,-4.834698e-10
5839,5839.000000,4,7.908341e-12,1.074696e-13,2.819744e-16,4.881358e-20,-5.443090e-12
5840,5840.000000,4,5.428547e-12,9.747758e-14,2.819822e-16,1.183365e-19,2.067702e-11
5841,5841.000000,4,6.608047e-12,8.704149e-14,2.819900e-16,-3.544965e-19,-6.368484e-11
5842,5842.000000,4,7.190692e-12,9.769963e-14,2.819978e-16,-6.779572e-21,-5.770766e-10
5843,5843.000000,4,6.444623e-12,8.970602e-14,3.525019e-16,-3.683303e-19,-7.836809e-11
5844,5844.000000,4,5.783818e-12,9.903189e-14,2.820133e-16,-3.110398e-19,2.796086e-11
5845,5845.000000,4,6.089351e-12,9.547918e-14,2.820211e-16,3.029665e-19,-1.545852e-11
5846,5846.000000,4,6.430412e-12,8.482104e-14,2.820288e-16,8.986159e-20,1.263912e-10
5847,5847.000000,4,6.814105e-12,1.103562e-13,2.820366e-16,6.104427e-19,2.838729e-12
5848,5848.000000,4,8.562040e-12,1.050271e-13,3.525504e-16,-4.108441e-20,2.875113e-10
5849,5849.000000,4,5.684342e-12,8.970602e-14,2.820521e-16,1.350290e-20,4.966153e-10
5850,5850.000000,4,9.237056e-12,1.070255e-13,2.820599e-16,3.878815e-20,-1.637611e-10
5851,5851.000000,4,5.861978e-12,6.505907e-14,2.820676e-16,8.252285e-20,-5.271865e-10
5852,5852.000000,4,8.185452e-12,8.149037e-14,2.820754e-16,-1.737973e-19,-7.768608e-11
5853,5853.000000,4,8.675727e-12,8.215650e-14,2.820831e-16,-8.878957e-20,-4.197126e-10
5854,5854.000000,4,6.977530e-12,9.436896e-14,2.820908e-16,-8.443529e-20,4.485190e-11
5855,5855.000000,4,9.272583e-12,6.039613e-14,2.820986e-16,-2.862177e-19,-6.991729e-11
5856,5856.000000,4,6.892265e-12,1.174616e-13,3.526278e-16,-2.164467e-19,8.795908e-11
5857,5857.000000,4,7.695178e-12,9.348078e-14,2.821140e-16,1.587095e-19,-1.565488e-10
5858,5858.000000,4,6.636469e-12,9.814372e-14,2.821217e-16,-8.174199e-20,-1.609219e-10
5859,5859.000000,4,6.636469e-12,1.025846e-13,3.526567e-16,1.156299e-19,5.385714e-11
5860,5860.000000,4,7.617018e-12,9.259260e-14,2.821371e-16,-6.123784e-19,-2.466972e-10
5861,5861.000000,4,7.723600e-12,9.903189e-14,2.821448e-16,6.542999e-20,4.064880e-10
5862,5862.000000,4,8.121503e-12,7.882583e-14,2.821525e-16,4.536159e-19,-1.194547e-10
5863,5863.000000,4,7.609913e-12,7.993606e-14,2.821602e-16,2.250163e-19,-2.110361e-10
5864,5864.000000,4,8.917311e-12,1.054712e-13,2.821679e-16,-2.605023e-19,-2.065912e-10
5865,5865.000000,4,5.805134e-12,1.081357e-13,2.821755e-16,9.419602e-20,2.370848e-10
5866,5866.000000,4,6.153300e-12,8.149037e-14,2.821832e-16,-1.197096e-19,-3.843448e-11
5867,5867.000000,4,6.956213e-12,1.176836e-13,2.821909e-16,1.582132e-19,-1.585132e-11
5868,5868.000000,4,6.721734e-12,9.126033e-14,2.821985e-16,6.901002e-20,-1.279876e-10
5869,5869.000000,4,7.027268e-12,9.681145e-14,2.822062e-16,3.639131e-19,6.183242e-10
5870,5870.000000,4,8.796519e-12,1.016964e-13,3.527621e-16,-8.025968e-20,4.374096e-10
5871,5871.000000,4,4.931167e-12,1.048051e-13,2.822215e-16,2.405739e-19,-1.696948e-10
5872,5872.000000,4,5.854872e-12,9.836576e-14,2.822291e-16,2.167213e-21,-3.804890e-11
5873,5873.000000,4,7.887024e-12,1.048051e-13,2.822367e-16,1.151303e-19,-3.728012e-10
5874,5874.000000,4,7.290168e-12,8.926193e-14,3.528003e-16,-8.672162e-21,1.032859e-10
5875,5875.000000,4,7.716494e-12,1.152411e-13,2.822520e-16,5.186191e-19,-4.968572e-10
5876,5876.000000,4,9.549694e-12,9.880985e-14,2.822596e-16,2.650221e-19,9.755052e-11
5877,5877.000000,4,8.988366e-12,9.481305e-14,2.822672e-16,5.679091e-20,-3.098576e-10
5878,5878.000000,4,6.330936e-12,8.038015e-14,2.822748e-16,-2.060474e-19,-3.033389e-10
5879,5879.000000,4,6.366463e-12,1.074696e-13,2.822824e-16,-1.025539e-19,-3.126105e-10
5880,5880.000000,4,8.007817e-12,8.304468e-14,3.528573e-16,4.842547e-19,6.306156e-11
5881,5881.000000,4,8.938628e-12,9.214851e-14,2.822976e-16,5.260769e-19,5.265626e-10
5882,5882.000000,4,7.602807e-12,1.203482e-13,2.823052e-16,3.472173e-20,5.959377e-11
5883,5883.000000,4,8.029133e-12,1.341149e-13,2.823128e-16,-7.373488e-20,9.443379e-11
5884,5884.000000,4,7.240430e-12,1.143530e-13,2.823204e-16,1.865921e-19,1.633784e-10
5885,5885.000000,4,6.451728e-12,1.265654e-13,3.529047e-16,-3.868095e-19,-5.945043e-10
5886,5886.000000,4,7.418066e-12,1.274536e-13,3.529194e-16,-5.558753e-19,5.342109e-10
5887,5887.000000,4,7.261747e-12,1.170175e-13,2.823430e-16,-1.654361e-21,-1.574861e-10
5888,5888.000000,4,6.963319e-12,1.236788e-13,2.823506e-16,-6.135695e-20,-2.818511e-10
5889,5889.000000,4,7.375434e-12,1.667555e-13,2.823581e-16,1.705316e-19,9.233903e-11
5890,5890.000000,4,7.887024e-12,1.159073e-13,2.823656e-16,-3.792458e-20,1.680136e-10
5891,5891.000000,4,6.295409e-12,1.265654e-13,2.823730e-16,4.288204e-19,-3.678069e-10
5892,5892.000000,4,8.952838e-12,1.549871e-13,2.823804e-16,2.686815e-19,2.938884e-10
5893,5893.000000,4,5.805134e-12,1.081357e-13,2.823877e-16,-6.259110e-20,5.158052e-11
5894,5894.000000,4,6.380674e-12,1.376677e-13,2.823950e-16,3.723603e-19,7.860379e-14
5895,5895.000000,4,7.290168e-12,1.250111e-13,3.529973e-16,1.024215e-19,-2.220952e-10
5896,5896.000000,4,7.865708e-12,1.576517e-13,2.824093e-16,2.457752e-19,-3.108612e-10
5897,5897.000000,4,9.400480e-12,1.272316e-13,2.824164e-16,2.608696e-19,-3.541391e-10
5898,5898.000000,4,7.901235e-12,1.676437e-13,2.824234e-16,4.368440e-19,2.202888e-10
5899,5899.000000,4,7.958079e-12,1.452172e-13,2.824303e-16,-4.061159e-19,2.069104e-10
5900,5900.000000,4,1.018918e-11,1.818545e-13,2.824371e-16,-1.721528e-19,2.396777e-10
5901,5901.000000,4,1.482192e-11,1.332268e-13,2.824439e-16,-1.873730e-19,3.158627e-10
5902,5902.000000,4,5.627498e-12,1.443290e-13,2.824505e-16,3.363978e-20,-1.277820e-10
5903,5903.000000,4,8.043344e-12,1.720846e-13,2.824571e-16,2.896323e-19,1.705458e-10
5904,5904.000000,4,7.091217e-12,1.554312e-13,2.824636e-16,-4.913188e-19,1.076916e-14
5905,5905.000000,4,7.617018e-12,1.711964e-13,3.530875e-16,2.272100e-19,-1.418499e-10
5906,5906.000000,4,6.572520e-12,1.627587e-13,2.824763e-16,2.783297e-20,1.702440e-10
5907,5907.000000,4,1.005418e-11,1.521006e-13,2.824826e-16,-4.856576e-19,1.707605e-10
5908,5908.000000,4,7.645440e-12,1.512124e-13,2.824887e-16,-2.497953e-19,-5.349823e-10
5909,5909.000000,4,6.430412e-12,1.536549e-13,2.824947e-16,3.305678e-19,3.546090e-10
5910,5910.000000,4,8.604673e-12,1.467715e-13,2.825007e-16,-2.580406e-19,-2.427284e-10
5911,5911.000000,4,5.755396e-12,1.618705e-13,2.825065e-16,-1.085923e-19,-2.905108e-10
5912,5912.000000,4,6.124878e-12,1.800782e-13,2.825123e-16,-2.210690e-19,-2.615919e-10
5913,5913.000000,4,9.052314e-12,1.514344e-13,2.825180e-16,-2.233222e-19,1.498388e-10
5914,5914.000000,4,6.011192e-12,1.589839e-13,2.825236e-16,-3.242151e-19,1.226219e-11
5915,5915.000000,4,5.364598e-12,1.569855e-13,2.825290e-16,-1.459411e-19,1.383827e-10
5916,5916.000000,4,7.510437e-12,1.902922e-13,3.531614e-16,-1.518240e-19,-2.914141e-10
5917,5917.000000,4,6.245671e-12,1.616485e-13,3.531680e-16,2.355810e-20,5.685935e-10
5918,5918.000000,4,5.577760e-12,2.033929e-13,2.825449e-16,4.034524e-19,-4.956023e-10
5919,5919.000000,4,7.801759e-12,1.916245e-13,3.531808e-16,1.593415e-19,1.045187e-10
5920,5920.000000,4,8.839152e-12,1.731948e-13,2.825551e-16,-2.132472e-20,5.459058e-10
5921,5921.000000,4,6.131984e-12,1.523226e-13,2.825600e-16,2.281894e-19,2.372758e-11
5922,5922.000000,4,9.180212e-12,1.931788e-13,2.825648e-16,-3.075424e-19,3.847256e-12
5923,5923.000000,4,8.597567e-12,1.683098e-13,2.825696e-16,-2.530048e-19,-6.579770e-11
5924,5924.000000,4,6.878054e-12,1.820766e-13,2.825742e-16,5.100594e-19,-3.097328e-10
5925,5925.000000,4,6.302514e-12,1.849632e-13,2.825788e-16,3.752786e-19,9.942580e-11
5926,5926.000000,4,6.352252e-12,1.696421e-13,2.825832e-16,-2.488159e-21,-5.739329e-10
5927,5927.000000,4,8.220979e-12,1.953993e-13,3.532345e-16,-4.528318e-20,-2.136942e-10
5928,5928.000000,4,5.798029e-12,1.669775e-13,2.825919e-16,-1.289541e-19,-1.934343e-10
5929,5929.000000,4,5.442757e-12,1.660894e-13,3.532451e-16,2.360575e-19,-1.272099e-10
5930,5930.000000,4,7.673862e-12,1.731948e-13,2.826002e-16,-5.219940e-19,-3.689737e-10
5931,5931.000000,4,9.812595e-12,1.636469e-13,3.532553e-16,2.429760e-19,4.828219e-10
5932,5932.000000,4,6.643575e-12,1.869616e-13,2.826081e-16,5.257891e-20,-4.469936e-11
5933,5933.000000,4,7.801759e-12,1.927347e-13,2.826120e-16,-6.933428e-20,-8.924206e-11
5934,5934.000000,4,7.418066e-12,1.867395e-13,3.532620e-16,-3.598368e-19,-2.922098e-10
5935,5935.000000,4,5.307754e-12,1.876277e-13,2.826194e-16,1.076129e-19,5.558766e-10
5936,5936.000000,4,6.814105e-12,1.678657e-13,2.826229e-16,-6.199520e-19,-1.883771e-11
5937,5937.000000,4,5.975664e-12,1.647571e-13,2.826264e-16,1.999329e-19,2.079101e-10
5938,5938.000000,4,6.380674e-12,1.740830e-13,2.826298e-16,1.056740e-19,2.659474e-10
5939,5939.000000,4,6.608047e-12,1.816325e-13,2.826331e-16,1.253212e-19,2.226258e-10
5940,5940.000000,4,7.297274e-12,1.767475e-13,2.826363e-16,-2.564094e-19,1.876773e-10
5941,5941.000000,4,9.038104e-12,1.558753e-13,2.826395e-16,-2.937947e-19,-1.222820e-10
5942,5942.000000,4,6.217249e-12,1.809664e-13,2.826425e-16,-1.439724e-19,-2.990244e-10
5943,5943.000000,4,6.565415e-12,1.640910e-13,2.826455e-16,1.072953e-19,4.187117e-10
5944,5944.000000,4,7.041479e-12,1.700862e-13,2.826484e-16,2.889276e-19,4.345889e-10
5945,5945.000000,4,6.210144e-12,1.643130e-13,3.533057e-16,2.414706e-20,-1.573571e-10
5946,5946.000000,4,4.860112e-12,1.652012e-13,2.826539e-16,-7.233860e-20,1.413172e-10
5947,5947.000000,4,6.771472e-12,1.465494e-13,2.826565e-16,2.788161e-19,4.369495e-10
5948,5948.000000,4,5.876188e-12,1.574296e-13,2.826591e-16,-1.670111e-19,4.550008e-10
5949,5949.000000,4,9.379164e-12,1.447731e-13,3.533270e-16,-4.480738e-19,5.769740e-11
5950,5950.000000,4,5.414336e-12,1.691980e-13,2.826641e-16,6.717732e-19,1.635725e-10
5951,5951.000000,4,6.814105e-12,1.478817e-13,2.826665e-16,3.786833e-20,2.319916e-10
5952,5952.000000,4,6.892265e-12,1.623146e-13,3.533277e-16,4.947202e-20,1.442380e-10
5953,5953.000000,4,5.414336e-12,1.414424e-13,2.826713e-16,-2.946450e-19,-1.438963e-10
5954,5954.000000,4,9.194423e-12,1.603162e-13,2.826737e-16,-1.372359e-19,2.331845e-10
5955,5955.000000,4,7.304379e-12,1.765255e-13,2.826760e-16,8.818076e-20,7.673762e-11
5956,5956.000000,4,8.100187e-12,1.563194e-13,2.826783e-16,-2.104347e-21,-3.676613e-10
5957,5957.000000,4,6.558309e-12,1.343370e-13,2.826807e-16,-5.141788e-19,-1.143862e-10
5958,5958.000000,4,9.663381e-12,1.412204e-13,2.826830e-16,-9.013291e-20,1.163067e-10
5959,5959.000000,4,8.427037e-12,1.669775e-13,2.826786e-16,1.752332e-19,-4.771123e-10
5960,5960.000000,4,4.355627e-12,1.689759e-13,2.826877e-16,3.999120e-19,5.559593e-10
5961,5961.000000,4,6.920686e-12,1.620926e-13,2.826901e-16,1.007738e-19,2.845264e-10
5962,5962.000000,4,6.991741e-12,1.441069e-13,2.826924e-16,-9.963556e-20,7.876100e-11
5963,5963.000000,4,8.533618e-12,1.356693e-13,3.533685e-16,-2.844112e-19,-2.963423e-10
5964,5964.000000,4,7.908341e-12,1.529887e-13,3.533631e-16,6.719155e-19,2.004501e-10
5965,5965.000000,4,8.547829e-12,1.210143e-13,2.826997e-16,2.047371e-19,9.808032e-11
5966,5966.000000,4,6.735945e-12,1.296740e-13,3.533693e-16,1.806232e-20,3.926737e-10
5967,5967.000000,4,4.746425e-12,1.376677e-13,2.827046e-16,-1.300096e-19,-8.897805e-11
5968,5968.000000,4,6.416201e-12,1.445510e-13,2.827071e-16,-4.620896e-19,-4.130590e-10
5969,5969.000000,4,5.890399e-12,1.414424e-13,2.827096e-16,2.813738e-20,8.282119e-11
5970,5970.000000,4,5.897505e-12,1.669775e-13,2.827122e-16,8.896162e-20,-1.061167e-10
5971,5971.000000,4,6.821210e-12,1.338929e-13,2.827147e-16,-2.307172e-19,-1.508718e-10
5972,5972.000000,4,8.128609e-12,1.461054e-13,2.827173e-16,-7.479367e-20,-3.820539e-10
5973,5973.000000,4,8.959944e-12,1.674216e-13,2.827200e-16,-3.630959e-19,-1.825486e-10
5974,5974.000000,4,9.499956e-12,1.167955e-13,2.827226e-16,-3.337839e-19,4.905634e-10
5975,5975.000000,4,8.938628e-12,1.361133e-13,2.827253e-16,1.554107e-19,-1.227008e-10
5976,5976.000000,4,6.373568e-12,1.498801e-13,2.827280e-16,5.597630e-19,-5.658309e-10
5977,5977.000000,4,5.137224e-12,1.310063e-13,2.827308e-16,-1.908835e-19,1.354439e-10
5978,5978.000000,4,6.195933e-12,1.243450e-13,2.827336e-16,-5.088815e-19,2.950586e-10
5979,5979.000000,4,8.341772e-12,1.179057e-13,3.534123e-16,-3.868757e-19,3.541070e-10
5980,5980.000000,4,5.904610e-12,1.385558e-13,2.827392e-16,3.586126e-19,4.112932e-12
5981,5981.000000,4,6.195933e-12,1.285638e-13,3.534276e-16,3.233317e-19,-2.469929e-10
5982,5982.000000,4,1.084288e-11,1.336709e-13,2.827450e-16,3.999253e-20,-4.128010e-10
5983,5983.000000,4,6.579626e-12,1.414424e-13,2.827479e-16,2.302077e-19,-1.291767e-10
5984,5984.000000,4,7.304379e-12,1.156852e-13,2.827509e-16,2.123009e-19,-1.053646e-10
5985,5985.000000,4,6.004086e-12,1.285638e-13,3.534423e-16,-1.406207e-19,2.446460e-10
5986,5986.000000,4,9.229950e-12,1.123546e-13,3.534381e-16,-3.927222e-19,-3.924916e-11
5987,5987.000000,4,6.366463e-12,1.467715e-13,2.827599e-16,-2.249733e-19,-4.604138e-10
5988,5988.000000,4,7.254641e-12,1.498801e-13,3.534458e-16,8.213573e-20,2.067393e-10
5989,5989.000000,4,9.272583e-12,1.323386e-13,3.534497e-16,-7.707338e-20,8.890821e-11
5990,5990.000000,4,7.979395e-12,1.358913e-13,2.827693e-16,-1.826481e-19,2.013182e-10
5991,5991.000000,4,7.595702e-12,1.416645e-13,2.827725e-16,7.281175e-20,2.419852e-10
5992,5992.000000,4,6.636469e-12,1.485478e-13,2.827757e-16,-6.617445e-20,-8.522982e-11
5993,5993.000000,4,5.073275e-12,1.207923e-13,2.827789e-16,-4.964606e-19,2.771398e-10
5994,5994.000000,4,5.890399e-12,1.327827e-13,2.827822e-16,1.540640e-19,-1.476360e-10
5995,5995.000000,4,5.833556e-12,1.154632e-13,2.827855e-16,1.413222e-19,3.431329e-10
5996,5996.000000,4,9.706014e-12,1.039169e-13,2.827888e-16,-2.090054e-19,5.653790e-10
5997,5997.000000,4,1.039524e-11,1.176836e-13,2.827922e-16,1.820360e-19,-5.688737e-10
5998,5998.000000,4,6.394885e-12,1.105782e-13,3.534944e-16,-3.192652e-19,-4.681543e-10
5999,5999.000000,4,6.693313e-12,1.454392e-13,3.534909e-16,-4.719032e-19,-9.726719e-11
6000,6000.000000,4,4.966694e-12,1.172396e-13,2.828024e-16,5.200319e-20,-1.669022e-10
6001,6001.000000,4,8.668621e-12,1.292300e-13,2.828059e-16,2.571771e-19,2.520723e-10
6002,6002.000000,4,9.151790e-12,1.061373e-13,2.828094e-16,1.057203e-19,1.613955e-10
6003,6003.000000,4,5.371703e-12,1.347811e-13,2.828129e-16,-2.822803e-19,-8.788170e-11
6004,6004.000000,4,4.781953e-12,1.205702e-13,3.535129e-16,7.179266e-20,-2.022897e-10
6005,6005.000000,4,6.927792e-12,1.181277e-13,3.535174e-16,-6.375577e-20,5.231989e-10
6006,6006.000000,4,1.089262e-11,9.525714e-14,2.828237e-16,-1.264329e-19,2.173084e-11
6007,6007.000000,4,6.735945e-12,9.769963e-14,2.828273e-16,-4.631484e-19,2.558376e-11
6008,6008.000000,4,6.281198e-12,1.101341e-13,2.828310e-16,-4.095272e-19,4.871425e-11
6009,6009.000000,4,5.506706e-12,1.232348e-13,2.828347e-16,2.344991e-19,1.511982e-10
6010,6010.000000,4,9.514167e-12,1.196820e-13,2.828385e-16,2.179687e-19,1.351386e-10
6011,6011.000000,4,8.228085e-12,8.393286e-14,2.828423e-16,2.540404e-19,-2.708404e-10
6012,6012.000000,4,7.752021e-12,1.281197e-13,2.828461e-16,1.599668e-19,3.427024e-10
6013,6013.000000,4,8.064660e-12,1.243450e-13,3.535549e-16,-2.441407e-19,-1.811830e-10
6014,6014.000000,4,7.140954e-12,8.548717e-14,3.535673e-16,5.509718e-19,-2.026697e-10
6015,6015.000000,4,8.590462e-12,1.096900e-13,2.828578e-16,3.307002e-19,-7.936640e-11
6016,6016.000000,4,1.013234e-11,1.070255e-13,2.828617e-16,1.081290e-20,-2.254464e-10
6017,6017.000000,4,6.295409e-12,1.154632e-13,3.535822e-16,3.189840e-19,4.449402e-10
6018,6018.000000,4,7.261747e-12,8.792966e-14,2.828698e-16,-5.734678e-19,-2.095594e-10
6019,6019.000000,4,8.220979e-12,1.254552e-13,3.535924e-16,3.113210e-19,-6.070523e-10
6020,6020.000000,4,5.243805e-12,1.048051e-13,2.828780e-16,-5.631446e-20,4.446687e-11
6021,6021.000000,4,7.368328e-12,1.030287e-13,2.828822e-16,1.362366e-19,-1.774937e-10
6022,6022.000000,4,6.068035e-12,1.052491e-13,2.828864e-16,-2.423011e-19,1.720712e-11
6023,6023.000000,4,8.753887e-12,1.050271e-13,2.828907e-16,5.637137e-19,5.128391e-10
6024,6024.000000,4,6.593837e-12,9.414691e-14,2.828950e-16,4.925364e-20,9.783441e-11
6025,6025.000000,4,7.325696e-12,9.769963e-14,2.828994e-16,-2.775290e-19,4.974344e-10
6026,6026.000000,4,5.996981e-12,8.126833e-14,2.829037e-16,-2.612435e-19,-6.072365e-11
6027,6027.000000,4,7.382539e-12,1.203482e-13,2.829082e-16,1.359753e-19,1.909130e-10
6028,6028.000000,4,6.849632e-12,9.525714e-14,3.536337e-16,-2.289967e-20,5.517328e-10
6029,6029.000000,4,7.212009e-12,7.283063e-14,3.536394e-16,-5.700598e-20,-1.140150e-10
6030,6030.000000,4,5.641709e-12,9.969803e-14,2.829217e-16,-3.284569e-20,-3.303124e-10
6031,6031.000000,4,9.642065e-12,1.352252e-13,2.829263e-16,-3.037407e-21,-5.339817e-11
6032,6032.000000,4,9.393375e-12,1.165734e-13,3.536567e-16,-3.061991e-19,-3.573208e-11
6033,6033.000000,4,7.219114e-12,1.021405e-13,2.829356e-16,-2.827866e-19,-2.245748e-11
6034,6034.000000,4,8.569145e-12,1.110223e-13,2.829404e-16,3.963684e-19,-1.079938e-10
6035,6035.000000,4,6.039613e-12,1.076916e-13,2.829451e-16,3.440807e-19,-5.632167e-10
6036,6036.000000,4,6.799894e-12,9.059420e-14,2.829499e-16,6.053606e-19,7.005974e-11
6037,6037.000000,4,8.114398e-12,9.303669e-14,3.536935e-16,-9.369640e-20,6.041287e-10
6038,6038.000000,4,7.162271e-12,9.814372e-14,2.829597e-16,-8.425331e-20,-1.839117e-10
6039,6039.000000,4,1.016076e-11,1.196820e-13,2.829646e-16,-2.274250e-19,5.439242e-10
6040,6040.000000,4,6.778578e-12,9.703349e-14,3.339504e-16,-2.017593e-19,-1.795213e-10
6041,6041.000000,4,9.166001e-12,7.283063e-14,2.829746e-16,3.254195e-19,2.462849e-10
6042,6042.000000,4,5.961454e-12,8.593126e-14,2.829796e-16,-2.493420e-19,-4.256421e-10
6043,6043.000000,4,6.615153e-12,9.103829e-14,2.829847e-16,-5.712278e-19,-9.460122e-11
6044,6044.000000,4,7.432277e-12,9.259260e-14,2.829899e-16,-2.072782e-19,-2.303985e-10
6045,6045.000000,4,7.219114e-12,9.925394e-14,3.537371e-16,-4.942437e-19,4.388366e-10
6046,6046.000000,4,6.416201e-12,8.837375e-14,2.830002e-16,-4.703812e-19,-5.712875e-12
6047,6047.000000,4,6.060930e-12,9.547918e-14,2.830055e-16,1.364848e-20,7.370113e-10
6048,6048.000000,4,7.467804e-12,9.769963e-14,2.830055e-16,-1.458485e-19,2.051538e-10
6049,6049.000000,4,8.185452e-12,8.459899e-14,3.537635e-16,-7.955161e-20,2.922150e-10
6050,6050.000000,4,6.316725e-12,9.592327e-14,2.830215e-16,1.266414e-19,-3.839845e-10
6051,6051.000000,4,6.728840e-12,9.081624e-14,3.537836e-16,-9.435484e-20,4.203454e-10
6052,6052.000000,4,1.003997e-11,8.970602e-14,3.537839e-16,-2.422944e-19,1.461069e-10
6053,6053.000000,4,7.844392e-12,8.837375e-14,2.830378e-16,-2.379005e-19,3.038674e-10
6054,6054.000000,4,7.112533e-12,8.548717e-14,3.537977e-16,-5.477590e-20,1.778612e-10
6055,6055.000000,4,6.707523e-12,8.615331e-14,2.830489e-16,-2.003663e-19,-9.093248e-11
6056,6056.000000,4,6.387779e-12,1.092459e-13,3.538117e-16,1.740388e-19,1.017859e-10
6057,6057.000000,4,7.823076e-12,8.371082e-14,2.830601e-16,4.119029e-19,-3.032660e-10
6058,6058.000000,4,7.894130e-12,6.927792e-14,2.830658e-16,-5.008744e-20,-2.954315e-11
6059,6059.000000,4,8.824941e-12,1.001421e-13,3.538394e-16,1.360381e-19,-6.394831e-10
6060,6060.000000,4,8.682832e-12,1.014744e-13,2.830772e-16,-9.019577e-20,1.445781e-10
6061,6061.000000,4,6.565415e-12,9.992007e-14,2.830830e-16,-2.379170e-19,-1.907803e-10
6062,6062.000000,4,5.407230e-12,6.905587e-14,2.830888e-16,-5.575528e-20,3.828102e-10
6063,6063.000000,4,1.152500e-11,9.503509e-14,2.830947e-16,-1.643707e-19,1.050083e-10
6064,6064.000000,4,7.148060e-12,7.882583e-14,2.831006e-16,-1.608932e-19,3.229728e-11
6065,6065.000000,4,7.048584e-12,8.193446e-14,2.831065e-16,2.043467e-19,-1.793530e-10
6066,6066.000000,4,6.416201e-12,5.973000e-14,2.831125e-16,1.427879e-19,-7.182721e-11
6067,6067.000000,4,6.707523e-12,1.003642e-13,2.831185e-16,-5.716943e-19,3.695564e-10
6068,6068.000000,4,4.057199e-12,5.395684e-14,2.831245e-16,-2.704947e-19,-5.843714e-11
6069,6069.000000,4,7.119638e-12,7.172041e-14,2.831306e-16,-5.750229e-20,3.874004e-10
6070,6070.000000,4,6.473044e-12,7.416290e-14,2.831368e-16,-2.726851e-19,1.222906e-10
6071,6071.000000,4,7.432277e-12,9.392487e-14,2.831429e-16,-4.548368e-19,2.033477e-10
6072,6072.000000,4,6.167511e-12,8.593126e-14,2.831492e-16,4.961098e-20,-3.498943e-10
6073,6073.000000,4,7.283063e-12,9.992007e-14,2.831554e-16,-1.193291e-19,1.613714e-10
6074,6074.000000,4,8.917311e-12,7.815970e-14,2.831618e-16,5.308316e-19,-6.013423e-11
6075,6075.000000,4,6.934897e-12,7.194245e-14,2.831681e-16,7.946559e-19,-4.384271e-13
6076,6076.000000,4,7.631229e-12,5.595524e-14,3.539623e-16,2.729696e-19,4.625111e-11
6077,6077.000000,4,7.148060e-12,6.838974e-14,2.831810e-16,-8.915022e-20,-4.055303e-10
6078,6078.000000,4,4.348522e-12,5.373479e-14,2.831876e-16,-4.286218e-19,7.445600e-12
6079,6079.000000,4,6.430412e-12,9.614531e-14,2.831942e-16,2.962465e-19,2.359346e-11
6080,6080.000000,4,8.597567e-12,7.904788e-14,2.832008e-16,1.937422e-19,1.517114e-10
6081,6081.000000,4,6.494361e-12,7.505108e-14,2.832075e-16,-4.024730e-20,-1.087488e-10
6082,6082.000000,4,5.620393e-12,7.549517e-14,3.540122e-16,-6.613706e-19,4.438250e-11
6083,6083.000000,4,8.753887e-12,7.971401e-14,2.832211e-16,2.171250e-19,9.777714e-10
6084,6084.000000,4,7.112533e-12,7.505108e-14,2.832280e-16,6.359795e-19,2.403778e-10
6085,6085.000000,4,5.762502e-12,1.132427e-13,3.540436e-16,4.955441e-19,3.952760e-11
6086,6086.000000,4,9.052314e-12,4.929390e-14,2.832419e-16,-1.531177e-19,-6.758651e-10
6087,6087.000000,4,8.405721e-12,7.238654e-14,2.832489e-16,-6.116173e-20,-8.806023e-11
6088,6088.000000,4,6.210144e-12,6.128431e-14,2.832560e-16,-3.411955e-20,3.385071e-10
6089,6089.000000,4,6.195933e-12,5.684342e-14,2.832632e-16,-2.254398e-19,-3.547540e-11
6090,6090.000000,4,6.664891e-12,5.595524e-14,2.832704e-16,2.239244e-19,1.480459e-10
6091,6091.000000,4,9.464429e-12,6.661338e-14,2.832777e-16,7.586338e-19,6.115328e-10
6092,6092.000000,4,7.872814e-12,6.794565e-14,2.832850e-16,5.769088e-20,-2.511547e-10
6093,6093.000000,3,4.452971e-11,9.854051e-11,2.832924e-16,2.084164e-20,6.879042e-11
6094,6094.000000,3,5.029221e-11,9.674772e-11,2.832999e-16,-6.081432e-20,-2.950862e-10
6095,6095.000000,3,4.359890e-11,9.495338e-11,2.833074e-16,9.080127e-20,1.240064e-10
6096,6096.000000,3,4.013856e-11,9.322854e-11,3.541385e-16,-2.540636e-19,-3.742379e-10
6097,6097.000000,3,4.128253e-11,9.148193e-11,2.833225e-16,8.127215e-20,1.200409e-10
6098,6098.000000,3,3.934275e-11,8.977863e-11,2.833302e-16,2.716130e-20,-1.229080e-10
6099,6099.000000,3,4.519762e-11,8.806444e-11,2.833379e-16,2.142398e-20,5.788585e-10
6100,6100.000000,3,4.497025e-11,8.638779e-11,2.833457e-16,2.245828e-19,-7.120503e-10
6101,6101.000000,3,3.517187e-11,8.473178e-11,2.833536e-16,-2.019313e-20,-1.360700e-11
6102,6102.000000,3,3.905143e-11,8.307266e-11,2.833615e-16,-1.824860e-19,-7.249157e-11
6103,6103.000000,3,2.734879e-11,8.142531e-11,2.833694e-16,4.048553e-20,-4.533074e-11
6104,6104.000000,3,3.622347e-11,7.980461e-11,2.833774e-16,-5.349377e-19,-4.104252e-10
6105,6105.000000,3,3.066702e-11,7.821477e-11,2.833855e-16,-1.574158e-19,4.641260e-10
6106,6106.000000,3,3.343104e-11,7.661782e-11,2.833936e-16,4.671618e-19,-2.159725e-10
6107,6107.000000,3,2.389555e-11,7.502310e-11,3.542475e-16,5.614902e-21,-6.530738e-10
6108,6108.000000,3,2.382450e-11,7.346745e-11,2.834100e-16,1.720900e-19,2.338675e-10
6109,6109.000000,3,2.717826e-11,7.193779e-11,2.834183e-16,1.432412e-19,-3.902216e-10
6110,6110.000000,3,2.366818e-11,7.037726e-11,3.542787e-16,-3.721055e-19,-6.344661e-10
6111,6111.000000,3,1.967493e-11,6.882872e-11,2.834351e-16,-7.624752e-19,3.327927e-11
6112,6112.000000,3,2.002309e-11,6.734013e-11,2.834435e-16,1.940698e-19,7.159495e-12
6113,6113.000000,3,2.600586e-11,6.584844e-11,2.834484e-16,4.701662e-19,-4.672343e-10
6114,6114.000000,3,1.650591e-11,6.433765e-11,2.834606e-16,-1.152792e-19,2.689732e-10
6115,6115.000000,3,1.749356e-11,6.286816e-11,2.834692e-16,1.377421e-20,-4.311750e-10
6116,6116.000000,3,1.620037e-11,6.137024e-11,2.834778e-16,-1.425894e-19,1.301493e-10
6117,6117.000000,3,2.217604e-11,5.992629e-11,2.834866e-16,2.577759e-19,2.872910e-10
6118,6118.000000,3,9.542589e-12,5.845480e-11,2.834953e-16,3.906807e-19,2.932058e-10
6119,6119.000000,3,1.460876e-11,5.701040e-11,2.835041e-16,-1.211389e-19,3.417653e-10
6120,6120.000000,3,1.717382e-11,5.559486e-11,2.835130e-16,7.775498e-22,-2.337409e-10
6121,6121.000000,3,2.354028e-11,7.822809e-11,2.835219e-16,1.766759e-19,5.866163e-11
6122,6122.000000,4,6.380674e-12,7.105427e-14,2.835309e-16,-6.824902e-20,2.842224e-10
6123,6123.000000,4,5.208278e-12,7.061018e-14,2.835399e-16,2.286658e-20,5.770662e-11
6124,6124.000000,4,9.777068e-12,8.237855e-14,2.835490e-16,2.453054e-19,-1.010314e-10
6125,6125.000000,4,7.474910e-12,5.817569e-14,2.835582e-16,3.546289e-20,-2.067962e-10
6126,6126.000000,4,5.186962e-12,9.325873e-14,3.544550e-16,5.579863e-19,8.445888e-11
6127,6127.000000,4,9.023893e-12,5.950795e-14,2.835765e-16,-1.905328e-19,-2.572431e-11
6128,6128.000000,4,6.608047e-12,6.483702e-14,3.544822e-16,-4.295582e-19,-1.174841e-10
6129,6129.000000,4,7.659651e-12,8.482104e-14,2.835950e-16,-2.827204e-19,-5.025224e-10
6130,6130.000000,4,7.894130e-12,1.076916e-13,2.836043e-16,-2.685822e-19,5.414669e-12
6131,6131.000000,4,8.022027e-12,9.836576e-14,3.545170e-16,6.956159e-19,-5.454834e-10
6132,6132.000000,4,7.517542e-12,1.258993e-13,2.836228e-16,5.785632e-20,9.522664e-10
6133,6133.000000,4,5.769607e-12,7.815970e-14,2.836321e-16,-1.940566e-20,6.300915e-11
6134,6134.000000,4,8.235190e-12,1.085798e-13,3.545516e-16,2.391181e-19,-1.875015e-10
6135,6135.000000,4,6.437517e-12,1.070255e-13,2.836504e-16,-5.638063e-21,-4.824060e-10
6136,6136.000000,4,8.711254e-12,9.192647e-14,2.836595e-16,-4.394380e-19,1.325606e-12
6137,6137.000000,4,5.840661e-12,9.503509e-14,2.836686e-16,-2.083668e-19,3.821783e-10
6138,6138.000000,4,5.925926e-12,1.112443e-13,2.836776e-16,1.418284e-19,5.745682e-11
6139,6139.000000,4,6.608047e-12,1.150191e-13,2.836866e-16,1.021237e-19,-3.965619e-10
6140,6140.000000,4,7.901235e-12,1.372236e-13,2.836955e-16,2.940627e-19,-2.529379e-10
6141,6141.000000,4,8.391510e-12,1.108003e-13,3.546260e-16,-3.599989e-19,2.053488e-10
6142,6142.000000,4,9.507062e-12,1.376677e-13,2.837131e-16,-2.436940e-19,9.574141e-11
6143,6143.000000,4,7.446488e-12,1.032507e-13,2.837218e-16,5.995240e-19,-5.075863e-10
6144,6144.000000,4,6.302514e-12,1.163514e-13,2.837304e-16,1.734101e-19,-1.843000e-10
6145,6145.000000,4,7.993606e-12,1.205702e-13,2.837390e-16,2.087274e-19,-3.538991e-11
6146,6146.000000,4,6.927792e-12,1.272316e-13,3.546843e-16,4.230930e-19,3.739932e-10
6147,6147.000000,4,7.780443e-12,1.163514e-13,2.837559e-16,2.224222e-19,-3.395906e-11
6148,6148.000000,4,8.576251e-12,1.374456e-13,2.837642e-16,4.357918e-20,-1.104814e-10
6149,6149.000000,4,7.212009e-12,1.296740e-13,2.837724e-16,3.023180e-20,4.087729e-10
6150,6150.000000,4,7.368328e-12,1.356693e-13,2.837806e-16,-4.797284e-19,1.938605e-11
6151,6151.000000,4,6.373568e-12,1.572076e-13,2.837887e-16,-4.574309e-20,9.228840e-11
6152,6152.000000,4,7.588596e-12,1.663114e-13,2.837967e-16,3.303395e-19,8.182222e-11
6153,6153.000000,4,9.194423e-12,1.294520e-13,2.838046e-16,5.221826e-20,3.683631e-11
6154,6154.000000,4,6.764367e-12,1.461054e-13,3.547605e-16,1.011377e-19,-3.342951e-10
6155,6155.000000,4,9.492851e-12,1.152411e-13,2.838202e-16,2.236233e-19,2.923201e-10
6156,6156.000000,4,5.918821e-12,1.514344e-13,2.838279e-16,-2.774132e-19,-1.896634e-10
6157,6157.000000,4,6.423306e-12,1.476597e-13,2.838355e-16,2.243413e-19,3.649956e-10
6158,6158.000000,4,8.348877e-12,1.201261e-13,2.838430e-16,-5.320790e-19,-5.849893e-10
6159,6159.000000,4,5.300649e-12,1.374456e-13,2.838505e-16,-2.086480e-19,-2.101143e-10
6160,6160.000000,4,8.910206e-12,1.154632e-13,2.838578e-16,5.051691e-19,-4.117662e-11
6161,6161.000000,4,8.050449e-12,1.385558e-13,2.838651e-16,-9.137368e-20,1.793711e-10
6162,6162.000000,4,6.885159e-12,1.467715e-13,3.548403e-16,-4.515414e-20,1.434749e-10
6163,6163.000000,4,7.517542e-12,1.640910e-13,2.838793e-16,4.272388e-19,-2.876730e-10
6164,6164.000000,4,6.984635e-12,1.518785e-13,2.838863e-16,1.696448e-19,-7.949023e-10
6165,6165.000000,4,6.345147e-12,1.378897e-13,2.838933e-16,3.645617e-19,-4.554578e-10
6166,6166.000000,4,1.006839e-11,1.636469e-13,2.839001e-16,3.557340e-19,2.534534e-10
6167,6167.000000,4,9.649170e-12,1.361133e-13,2.839069e-16,7.252720e-21,-7.457213e-11
6168,6168.000000,4,5.400125e-12,1.540990e-13,3.548862e-16,-2.319348e-19,1.820963e-10
6169,6169.000000,4,6.487255e-12,1.365574e-13,2.839202e-16,2.529882e-19,5.330546e-10
6170,6170.000000,4,7.560175e-12,1.287859e-13,3.549025e-16,1.378116e-19,5.491499e-10
6171,6171.000000,4,1.148237e-11,1.070255e-13,2.839331e-16,-1.660052e-19,-3.296114e-10
6172,6172.000000,4,1.254108e-11,1.536549e-13,2.839395e-16,-2.246325e-19,3.861420e-10
6173,6173.000000,4,6.444623e-12,1.267875e-13,2.839458e-16,-4.843308e-20,-5.874593e-10
6174,6174.000000,4,6.707523e-12,1.720846e-13,2.839519e-16,-1.670177e-19,-1.278628e-10
6175,6175.000000,4,7.936762e-12,1.301181e-13,3.549415e-16,-8.732380e-20,3.047324e-10
6176,6176.000000,4,8.618883e-12,1.552092e-13,2.839641e-16,1.943477e-19,3.129388e-10
6177,6177.000000,4,7.929657e-12,1.687539e-13,2.839701e-16,2.912338e-20,1.740033e-10
6178,6178.000000,4,5.798029e-12,1.516565e-13,2.839759e-16,-2.951579e-19,9.394374e-11
6179,6179.000000,4,5.648815e-12,1.589839e-13,2.839817e-16,1.995821e-19,3.541258e-10
6180,6180.000000,4,6.423306e-12,1.578737e-13,2.839875e-16,-3.301013e-19,8.794898e-11
6181,6181.000000,4,9.137580e-12,1.616485e-13,2.839931e-16,-4.330853e-19,1.435968e-10
6182,6182.000000,4,8.270717e-12,1.274536e-13,2.839987e-16,-3.073174e-19,3.053759e-10
6183,6183.000000,4,6.330936e-12,1.374456e-13,2.840042e-16,-3.914053e-19,-4.153605e-10
6184,6184.000000,4,6.060930e-12,1.199041e-13,3.550054e-16,-3.971790e-20,9.111933e-12
6185,6185.000000,4,8.888890e-12,1.074696e-13,2.840149e-16,-3.459567e-19,4.752032e-11
6186,6186.000000,4,9.379164e-12,1.185718e-13,2.840202e-16,-1.271344e-19,3.425826e-11
6187,6187.000000,4,7.226220e-12,1.250111e-13,2.840254e-16,-1.284115e-20,3.948086e-11
6188,6188.000000,4,9.229950e-12,1.256772e-13,2.840306e-16,-1.359223e-20,-4.901546e-11
6189,6189.000000,4,6.522782e-12,1.321165e-13,2.840357e-16,2.703226e-21,2.626991e-10
6190,6190.000000,4,7.879919e-12,1.212364e-13,2.840407e-16,-1.060379e-19,-2.835672e-10
6191,6191.000000,4,5.634604e-12,1.338929e-13,3.550572e-16,-1.653799e-19,1.792689e-10
6192,6192.000000,4,1.202238e-11,9.703349e-14,2.840507e-16,2.118972e-19,6.342271e-11
6193,6193.000000,4,7.034373e-12,1.183498e-13,2.840557e-16,7.743403e-20,4.376476e-10
6194,6194.000000,4,7.595702e-12,1.538769e-13,2.840607e-16,1.652938e-19,3.870581e-10
6195,6195.000000,4,9.194423e-12,1.227907e-13,2.840657e-16,1.871844e-19,-6.196947e-10
6196,6196.000000,4,6.089351e-12,1.418865e-13,2.840707e-16,-1.039898e-19,-2.626934e-10
6197,6197.000000,4,8.654411e-12,1.216804e-13,2.840756e-16,4.376679e-19,3.289249e-10
6198,6198.000000,4,5.108802e-12,1.270095e-13,2.840806e-16,-9.386846e-20,3.899915e-10
6199,6199.000000,4,7.545964e-12,8.815171e-14,3.551003e-16,-4.846550e-19,-8.913433e-10
6200,6200.000000,4,4.483525e-12,9.325873e-14,2.840906e-16,7.046255e-20,2.740561e-10
6201,6201.000000,4,6.629364e-12,9.503509e-14,2.840957e-16,-2.184352e-19,-4.793356e-10
6202,6202.000000,4,7.773338e-12,9.370282e-14,2.841008e-16,-3.873621e-19,-1.709030e-10
6203,6203.000000,4,5.705658e-12,1.028067e-13,3.551256e-16,-4.501881e-19,-4.377096e-10
6204,6204.000000,4,1.249845e-11,8.837375e-14,3.551320e-16,2.603766e-19,1.454739e-10
6205,6205.000000,4,7.958079e-12,9.126033e-14,2.841161e-16,6.543330e-20,-8.533174e-13
6206,6206.000000,4,8.363088e-12,8.482104e-14,2.841213e-16,-1.702172e-19,-5.594636e-12
6207,6207.000000,4,5.812240e-12,9.237056e-14,2.841265e-16,-3.209461e-20,-1.327730e-10
6208,6208.000000,4,8.228085e-12,1.216804e-13,2.841317e-16,3.664609e-19,-3.200440e-11
6209,6209.000000,4,1.050893e-11,1.039169e-13,2.841370e-16,4.761119e-19,3.615990e-10
6210,6210.000000,4,7.851497e-12,1.059153e-13,2.841423e-16,1.715341e-19,-8.752488e-11
6211,6211.000000,4,6.416201e-12,7.327472e-14,3.551780e-16,3.558200e-20,2.607905e-10
6212,6212.000000,4,5.840661e-12,9.769963e-14,3.551912e-16,8.073283e-22,-4.841157e-10
6213,6213.000000,4,8.149925e-12,6.195044e-14,2.841584e-16,2.501262e-19,3.729108e-10
6214,6214.000000,4,7.744916e-12,7.172041e-14,2.841638e-16,1.289111e-19,-1.256222e-10
6215,6215.000000,4,6.586731e-12,8.104628e-14,2.841693e-16,-2.961637e-20,-9.704071e-11
6216,6216.000000,4,6.124878e-12,1.052491e-13,3.552121e-16,2.335958e-19,-5.607892e-11
6217,6217.000000,4,8.249401e-12,8.637535e-14,2.841804e-16,1.778438e-20,4.596710e-10
6218,6218.000000,4,8.718359e-12,1.056932e-13,2.841860e-16,3.772738e-19,2.899686e-10
6219,6219.000000,4,6.330936e-12,9.037215e-14,2.841916e-16,3.786469e-19,2.988926e-10
6220,6220.000000,4,8.469669e-12,1.096900e-13,2.841973e-16,5.502802e-19,4.648415e-11
6221,6221.000000,4,7.048584e-12,8.326673e-14,2.842030e-16,-3.351570e-19,6.893242e-11
6222,6222.000000,4,7.119638e-12,8.881784e-14,2.842087e-16,3.437266e-19,-4.059741e-11
6223,6223.000000,4,7.503331e-12,1.036948e-13,2.842145e-16,-6.902326e-20,8.737122e-12
6224,6224.000000,4,7.169376e-12,8.215650e-14,3.552754e-16,1.294935e-19,1.928482e-10
6225,6225.000000,4,1.022471e-11,8.792966e-14,2.842262e-16,8.078841e-19,1.125317e-10
6226,6226.000000,4,7.148060e-12,9.636736e-14,3.552839e-16,1.791739e-19,-1.623917e-10
6227,6227.000000,4,7.588596e-12,8.371082e-14,2.842380e-16,-8.609296e-21,-3.682916e-10
6228,6228.000000,4,6.686207e-12,1.110223e-13,2.842440e-16,2.175386e-19,-1.884757e-10
6229,6229.000000,4,8.832046e-12,8.459899e-14,2.842500e-16,2.033375e-19,6.793738e-10
6230,6230.000000,4,6.934897e-12,8.704149e-14,2.842561e-16,1.998402e-19,2.654735e-10
6231,6231.000000,4,7.581491e-12,9.081624e-14,2.842622e-16,-9.839479e-20,-2.813747e-10
6232,6232.000000,4,7.041479e-12,1.152411e-13,3.553293e-16,2.141405e-20,-3.514884e-10
6233,6233.000000,4,6.743051e-12,1.174616e-13,2.842745e-16,-6.355725e-20,1.558255e-10
6234,6234.000000,4,6.764367e-12,7.993606e-14,2.842807e-16,-2.207580e-20,-5.561374e-11
6235,6235.000000,4,9.187318e-12,6.816769e-14,2.842869e-16,-2.921966e-19,-1.001563e-10
6236,6236.000000,4,9.116263e-12,1.063594e-13,3.553606e-16,1.444456e-19,2.840003e-10
6237,6237.000000,4,4.561684e-12,1.125766e-13,2.842995e-16,-2.137468e-19,1.186230e-10
6238,6238.000000,4,1.141842e-11,8.681944e-14,3.553765e-16,1.108091e-19,4.205347e-11
6239,6239.000000,4,9.549694e-12,1.014744e-13,2.843123e-16,1.311842e-19,-6.392108e-10
6240,6240.000000,4,1.264766e-11,9.992007e-14,2.843187e-16,4.400601e-21,2.847680e-10
6241,6241.000000,4,8.938628e-12,5.950795e-14,2.843252e-16,-4.530501e-19,4.502619e-10
6242,6242.000000,4,1.065814e-11,1.181277e-13,3.554088e-16,-1.485616e-19,-1.834034e-10
6243,6243.000000,4,7.453593e-12,8.282264e-14,2.843383e-16,7.015153e-20,6.500890e-10
6244,6244.000000,4,7.823076e-12,8.371082e-14,2.843448e-16,4.366918e-19,-1.410611e-10
6245,6245.000000,4,8.860468e-12,8.926193e-14,3.554393e-16,-3.944229e-19,-1.400758e-10
6246,6246.000000,4,8.981260e-12,7.593925e-14,3.554419e-16,5.618575e-19,-8.118299e-10
6247,6247.000000,4,6.124878e-12,8.237855e-14,3.554503e-16,-3.751529e-19,-1.219990e-10
6248,6248.000000,4,7.894130e-12,9.081624e-14,3.554587e-16,1.222705e-19,3.658475e-10
6249,6249.000000,4,5.528022e-12,8.526513e-14,2.843783e-16,-5.561863e-19,2.686055e-10
6250,6250.000000,4,6.473044e-12,6.683543e-14,2.843851e-16,1.585077e-19,4.446008e-10
6251,6251.000000,4,7.574386e-12,9.836576e-14,2.843919e-16,6.045102e-19,-2.814006e-10
6252,6252.000000,4,6.288303e-12,1.072475e-13,2.843987e-16,-7.155443e-20,-2.646960e-11
6253,6253.000000,4,8.917311e-12,6.195044e-14,3.555070e-16,-1.814305e-19,4.638111e-10
6254,6254.000000,4,6.423306e-12,8.704149e-14,2.844125e-16,3.405139e-19,1.651412e-10
6255,6255.000000,4,5.293543e-12,9.103829e-14,2.844194e-16,-3.469195e-20,2.362306e-10
6256,6256.000000,4,7.759127e-12,7.593925e-14,2.844264e-16,-1.345393e-19,1.984821e-10
6257,6257.000000,4,8.398615e-12,6.861178e-14,2.844333e-16,1.259366e-19,2.643752e-11
6258,6258.000000,4,7.439382e-12,7.127632e-14,2.844403e-16,5.067308e-19,-2.608774e-10
6259,6259.000000,4,6.494361e-12,6.306067e-14,2.844473e-16,-2.801826e-20,-2.636574e-10
6260,6260.000000,4,7.936762e-12,1.121325e-13,2.844544e-16,-2.394225e-19,1.453451e-10
6261,6261.000000,4,7.439382e-12,7.083223e-14,2.844614e-16,-2.537459e-19,2.084530e-10
6262,6262.000000,4,9.258372e-12,7.172041e-14,2.844685e-16,8.460734e-20,2.889109e-10
6263,6263.000000,4,6.878054e-12,7.327472e-14,3.555891e-16,7.904869e-20,-3.312952e-10
6264,6264.000000,4,6.110668e-12,9.547918e-14,3.555980e-16,1.702999e-19,2.955096e-10
6265,6265.000000,4,6.281198e-12,1.045830e-13,2.844899e-16,2.927591e-19,7.127321e-11
6266,6266.000000,4,8.874679e-12,1.134648e-13,2.844970e-16,-2.772709e-21,8.996603e-11
6267,6267.000000,4,9.158896e-12,6.550316e-14,3.556249e-16,-8.698962e-20,-6.675316e-11
6268,6268.000000,4,7.347012e-12,6.417089e-14,2.845114e-16,-1.125727e-19,-5.040000e-10
6269,6269.000000,4,6.949108e-12,6.505907e-14,2.845186e-16,-2.465428e-19,-1.396361e-10
6270,6270.000000,4,6.473044e-12,6.972201e-14,2.845258e-16,-3.014875e-19,5.613010e-11
6271,6271.000000,4,5.691447e-12,8.659740e-14,3.556664e-16,-1.906651e-19,-4.211284e-10
6272,6272.000000,4,6.814105e-12,1.012523e-13,2.845404e-16,4.134910e-19,3.015788e-11
6273,6273.000000,4,6.842527e-12,5.706546e-14,2.845477e-16,-1.930375e-19,3.878903e-10
6274,6274.000000,4,8.782308e-12,9.947598e-14,2.845550e-16,-1.739792e-19,-2.293212e-10
6275,6275.000000,4,7.105427e-12,9.192647e-14,2.845623e-16,4.074361e-20,-3.834081e-10
6276,6276.000000,4,6.735945e-12,8.548717e-14,2.845696e-16,-8.468675e-20,-4.939591e-10
6277,6277.000000,4,7.474910e-12,7.149836e-14,2.845770e-16,-6.315359e-20,-3.189896e-10
6278,6278.000000,4,6.608047e-12,7.682743e-14,3.557251e-16,-6.771962e-20,-9.949319e-11
6279,6279.000000,4,7.489120e-12,1.068035e-13,2.845917e-16,8.710874e-19,-1.391924e-10
6280,6280.000000,4,9.606538e-12,8.837375e-14,2.845991e-16,1.618594e-19,-5.851319e-10
6281,6281.000000,4,8.313350e-12,9.925394e-14,2.846065e-16,2.839380e-19,-3.296611e-10
6282,6282.000000,4,6.401990e-12,9.370282e-14,2.846140e-16,7.541240e-20,-5.458789e-10
6283,6283.000000,4,6.096457e-12,7.638334e-14,2.846214e-16,-1.978186e-19,-4.359773e-10
6284,6284.000000,4,7.183587e-12,8.748557e-14,2.846289e-16,1.139987e-19,-4.479028e-10
6285,6285.000000,4,1.188738e-11,7.771561e-14,2.846364e-16,4.098018e-19,4.632039e-10
6286,6286.000000,4,5.471179e-12,6.239453e-14,3.557996e-16,-2.640559e-19,3.421861e-10
6287,6287.000000,4,9.180212e-12,8.948398e-14,2.846514e-16,3.903300e-19,-3.864341e-10
6288,6288.000000,4,6.558309e-12,1.028067e-13,2.846589e-16,-1.837995e-20,5.178419e-10
6289,6289.000000,4,7.844392e-12,7.638334e-14,2.846665e-16,4.625561e-19,2.530647e-10
6290,6290.000000,4,1.101341e-11,9.103829e-14,2.846740e-16,1.472348e-19,-1.955954e-10
6291,6291.000000,4,6.117773e-12,8.437695e-14,3.558520e-16,2.952538e-19,3.383229e-10
6292,6292.000000,4,8.448353e-12,7.438494e-14,2.846892e-16,1.428706e-20,9.798817e-11
6293,6293.000000,4,6.778578e-12,8.260059e-14,2.846968e-16,-1.393634e-20,1.491340e-10
6294,6294.000000,4,6.536993e-12,9.658940e-14,2.847044e-16,4.692099e-20,1.753132e-10
6295,6295.000000,4,5.755396e-12,1.061373e-13,2.847121e-16,-4.238143e-20,2.320550e-10
6296,6296.000000,4,6.984635e-12,8.038015e-14,2.847197e-16,-2.041846e-19,-1.045297e-11
6297,6297.000000,4,8.178347e-12,6.861178e-14,2.847274e-16,-4.906835e-21,3.862840e-10
6298,6298.000000,4,8.007817e-12,6.217249e-14,3.559137e-16,1.546298e-19,1.673934e-10
6299,6299.000000,4,5.904610e-12,8.437695e-14,2.847427e-16,-5.695635e-19,2.179104e-10
6300,6300.000000,4,7.595702e-12,1.136868e-13,2.847505e-16,-1.014884e-19,-1.644669e-10
6301,6301.000000,4,6.863843e-12,5.395684e-14,3.559427e-16,1.687614e-19,1.179665e-10
6302,6302.000000,4,6.991741e-12,7.194245e-14,2.847659e-16,4.761252e-21,3.330823e-10
6303,6303.000000,4,7.709389e-12,6.328271e-14,2.847737e-16,-4.526597e-19,1.783407e-10
6304,6304.000000,4,7.212009e-12,6.838974e-14,2.847814e-16,-2.289338e-19,-2.025174e-10
6305,6305.000000,4,9.684697e-12,6.039613e-14,2.847892e-16,6.635941e-19,-6.641132e-12
6306,6306.000000,4,7.958079e-12,7.460699e-14,2.847970e-16,1.891034e-19,5.530221e-11
6307,6307.000000,4,1.370637e-11,7.327472e-14,2.848048e-16,3.951607e-20,5.071775e-10
6308,6308.000000,4,7.602807e-12,8.593126e-14,2.848127e-16,1.205268e-19,2.992780e-10
6309,6309.000000,4,6.309619e-12,6.505907e-14,2.848205e-16,-1.067030e-19,4.311659e-10
6310,6310.000000,4,8.554935e-12,7.038814e-14,3.560305e-16,1.366072e-19,-5.203415e-11
6311,6311.000000,4,8.739676e-12,7.860379e-14,3.560404e-16,-1.958631e-19,-2.757317e-11
6312,6312.000000,4,7.936762e-12,1.008083e-13,2.848442e-16,-2.617067e-19,-2.415531e-10
6313,6313.000000,4,8.284928e-12,5.861978e-14,3.560652e-16,3.268158e-19,-4.430600e-11
6314,6314.000000,4,7.688072e-12,7.305268e-14,2.848602e-16,2.802223e-19,-6.211109e-11
6315,6315.000000,4,5.989875e-12,6.261658e-14,2.848682e-16,4.620035e-19,2.931205e-10
6316,6316.000000,4,8.462564e-12,8.126833e-14,2.848762e-16,2.906051e-20,-3.058126e-10
6317,6317.000000,4,8.782308e-12,8.570922e-14,2.848843e-16,-1.079934e-19,-2.389772e-10
6318,6318.000000,4,7.474910e-12,7.727152e-14,3.561107e-16,1.289144e-19,3.233155e-10
6319,6319.000000,4,5.279333e-12,6.639134e-14,3.561209e-16,4.570967e-19,-1.032018e-10
6320,6320.000000,4,9.166001e-12,6.128431e-14,2.849087e-16,2.167544e-19,-5.957579e-11
6321,6321.000000,4,8.604673e-12,5.462297e-14,2.849169e-16,1.551956e-19,-2.950521e-10
6322,6322.000000,4,8.206769e-12,7.793766e-14,2.849251e-16,4.221930e-20,-3.202327e-11
6323,6323.000000,4,5.954348e-12,6.084022e-14,2.849334e-16,-4.627149e-19,1.170364e-11
6324,6324.000000,4,8.427037e-12,5.084821e-14,2.849417e-16,-3.419730e-19,-2.065138e-10
6325,6325.000000,4,7.226220e-12,6.328271e-14,2.849501e-16,-1.391682e-19,-1.942804e-10
6326,6326.000000,4,9.492851e-12,5.107026e-14,2.849585e-16,-3.672682e-22,-2.967704e-11
6327,6327.000000,4,9.677592e-12,9.015011e-14,3.328755e-16,2.842159e-19,-4.725117e-10
6328,6328.000000,4,6.117773e-12,6.306067e-14,3.562192e-16,1.570551e-19,2.630475e-10
6329,6329.000000,4,6.657785e-12,7.616130e-14,3.328732e-16,-4.824018e-19,4.387011e-10
6330,6330.000000,4,5.840661e-12,5.018208e-14,2.849924e-16,1.932559e-19,-4.972882e-10
6331,6331.000000,4,6.480150e-12,6.727952e-14,3.562512e-16,1.517380e-20,-2.833003e-10
6332,6332.000000,4,1.119815e-11,6.261658e-14,3.562619e-16,-1.438467e-19,-1.978160e-10
6333,6333.000000,4,6.863843e-12,5.373479e-14,2.850182e-16,-1.031362e-19,5.208388e-10
6334,6334.000000,4,7.901235e-12,7.149836e-14,2.850268e-16,-2.222270e-19,-7.753587e-11
6335,6335.000000,4,6.103562e-12,5.195844e-14,2.850356e-16,1.501498e-20,4.388708e-10
6336,6336.000000,4,8.505197e-12,9.436896e-14,2.850443e-16,6.862290e-21,4.047508e-10
6337,6337.000000,3,4.740741e-11,9.925105e-11,2.850531e-16,2.983409e-19,-4.162399e-10
6338,6338.000000,3,4.682477e-11,9.810464e-11,2.850619e-16,-2.368483e-19,-1.492975e-10
6339,6339.000000,3,4.811085e-11,9.699241e-11,2.850708e-16,-3.432535e-19,-5.502794e-10
6340,6340.000000,3,4.744294e-11,9.589485e-11,2.850797e-16,2.474792e-19,-2.571152e-10
6341,6341.000000,3,4.886402e-11,9.482259e-11,3.563564e-16,3.583545e-19,-5.545643e-10
6342,6342.000000,3,4.411760e-11,9.369572e-11,3.563719e-16,3.124724e-19,-2.835426e-10
6343,6343.000000,3,4.261835e-11,9.263301e-11,2.851065e-16,3.462115e-19,-7.482028e-10
6344,6344.000000,3,4.436629e-11,9.153522e-11,2.851156e-16,3.488386e-20,-2.160062e-10
6345,6345.000000,3,3.866063e-11,9.049894e-11,3.564016e-16,5.252067e-19,2.769817e-10
6346,6346.000000,3,4.268941e-11,8.944734e-11,3.564130e-16,-4.604187e-19,1.188427e-10
6347,6347.000000,3,3.797140e-11,8.841483e-11,2.851429e-16,-6.131063e-21,2.965489e-10
6348,6348.000000,3,3.809220e-11,8.740075e-11,3.564401e-16,-1.556258e-19,3.052012e-10
6349,6349.000000,3,3.252865e-11,8.635248e-11,3.564475e-16,2.538320e-19,-6.085721e-10
6350,6350.000000,3,2.822276e-11,8.536216e-11,3.564632e-16,3.007463e-19,1.376269e-10
6351,6351.000000,3,3.762324e-11,8.436563e-11,3.328589e-16,-4.679526e-20,2.090955e-10
6352,6352.000000,3,3.317524e-11,8.335799e-11,2.851892e-16,-7.012506e-20,1.897714e-10
6353,6353.000000,3,3.090150e-11,8.235901e-11,3.328582e-16,2.286790e-19,-2.626864e-10
6354,6354.000000,3,2.727774e-11,8.141088e-11,2.852079e-16,-5.353513e-20,-9.902279e-11
6355,6355.000000,3,3.528555e-11,8.045342e-11,2.852173e-16,5.815411e-20,-3.679854e-10
6356,6356.000000,3,3.351630e-11,7.945977e-11,2.852268e-16,3.608162e-20,9.129253e-11
6357,6357.000000,3,2.749800e-11,7.851053e-11,3.328569e-16,2.756728e-19,-5.783041e-10
6358,6358.000000,3,2.673062e-11,7.755485e-11,2.852458e-16,3.253731e-19,-2.343712e-10
6359,6359.000000,3,2.682299e-11,7.661671e-11,2.852554e-16,-4.122999e-20,-1.414063e-10
6360,6360.000000,3,2.194867e-11,7.570367e-11,2.852650e-16,2.402563e-19,2.920316e-10
6361,6361.000000,3,3.497291e-11,7.667711e-11,2.852746e-16,2.055941e-19,-2.466225e-10
6362,6362.000000,3,2.350475e-11,7.842527e-11,3.566054e-16,1.720536e-21,-3.662056e-10
6363,6363.000000,3,2.487610e-11,7.910539e-11,3.566137e-16,-4.062549e-19,-8.295808e-12
6364,6364.000000,3,3.043965e-11,7.957657e-11,2.853037e-16,9.528790e-20,9.216217e-11
6365,6365.000000,3,3.579714e-11,7.978818e-11,2.853135e-16,1.862811e-19,-4.487588e-10
6366,6366.000000,3,3.468870e-11,7.994716e-11,2.853233e-16,6.346130e-20,6.393298e-10
6367,6367.000000,3,3.166178e-11,7.997425e-11,2.853331e-16,-1.954198e-19,2.969383e-10
6368,6368.000000,3,2.707878e-11,7.995826e-11,3.566787e-16,2.716494e-19,1.263893e-10
6369,6369.000000,3,3.078782e-11,7.990031e-11,3.566874e-16,-2.714608e-19,-4.825740e-11
6370,6370.000000,3,2.713563e-11,7.977907e-11,3.566998e-16,-1.598874e-19,4.526283e-10
6371,6371.000000,3,3.126388e-11,7.962409e-11,3.328524e-16,-3.345118e-20,-6.802952e-10
6372,6372.000000,3,2.679457e-11,7.946288e-11,2.853827e-16,4.344683e-20,-2.534196e-10
6373,6373.000000,3,2.857803e-11,7.925416e-11,2.853927e-16,-2.589406e-19,-6.348136e-10
6374,6374.000000,3,2.705036e-11,7.903567e-11,3.567534e-16,-2.317628e-19,-1.483295e-10
6375,6375.000000,3,3.135625e-11,7.880430e-11,2.854128e-16,-1.789655e-19,-4.456933e-10
6376,6376.000000,3,3.851142e-11,7.852097e-11,2.854229e-16,5.114292e-20,-3.930276e-10
6377,6377.000000,3,2.637535e-11,7.828449e-11,2.854330e-16,-1.801798e-19,-3.136413e-11
6378,6378.000000,3,2.010836e-11,7.796541e-11,2.854431e-16,1.048005e-19,2.326799e-10
6379,6379.000000,3,2.886225e-11,7.765633e-11,2.854533e-16,1.655221e-19,2.735252e-10
6380,6380.000000,3,2.505374e-11,7.736167e-11,3.568293e-16,-4.644619e-19,-2.876421e-10
6381,6381.000000,3,3.218048e-11,7.704259e-11,2.854737e-16,7.586901e-21,-4.877346e-10
6382,6382.000000,3,2.491163e-11,7.668000e-11,3.568514e-16,-4.787788e-19,5.261747e-11
6383,6383.000000,3,2.544454e-11,7.637269e-11,2.854941e-16,7.918765e-20,3.807564e-10
6384,6384.000000,3,2.285105e-11,7.601808e-11,3.568770e-16,-9.557576e-20,1.523282e-10
6385,6385.000000,3,2.988543e-11,7.567880e-11,3.568899e-16,2.355016e-19,8.482892e-11
6386,6386.000000,3,2.527401e-11,7.533973e-11,2.855250e-16,-1.757196e-19,-9.890611e-11
6387,6387.000000,3,2.196288e-11,7.494871e-11,2.855353e-16,-5.860740e-20,4.004069e-10
6388,6388.000000,3,3.250022e-11,7.462764e-11,2.855457e-16,-9.093362e-20,-2.856082e-10
6389,6389.000000,3,3.032596e-11,7.425438e-11,2.855560e-16,1.048104e-19,-6.090027e-10
6390,6390.000000,3,2.842881e-11,7.385470e-11,3.328465e-16,-1.511888e-19,-3.326965e-10
6391,6391.000000,3,2.372502e-11,7.345813e-11,3.328463e-16,-4.742392e-20,3.137522e-10
6392,6392.000000,3,1.981704e-11,7.311574e-11,3.328461e-16,-2.763610e-19,-2.069069e-10
6393,6393.000000,3,2.283684e-11,7.272583e-11,2.855977e-16,3.110001e-19,-2.516620e-11
6394,6394.000000,3,2.354739e-11,7.232592e-11,2.856082e-16,-2.968453e-19,-6.114409e-11
6395,6395.000000,3,2.144418e-11,7.192846e-11,2.856187e-16,2.759905e-19,2.137760e-10
6396,6396.000000,3,2.088996e-11,7.151435e-11,3.328453e-16,3.566803e-20,-8.955336e-11
6397,6397.000000,3,2.386003e-11,7.113243e-11,2.856397e-16,-7.796707e-19,5.281885e-10
6398,6398.000000,3,1.995204e-11,7.074563e-11,3.570595e-16,4.158866e-19,-6.735279e-12
6399,6399.000000,3,1.737988e-11,7.033618e-11,2.856608e-16,-9.012629e-20,2.085701e-10
6400,6400.000000,3,2.663825e-11,6.995404e-11,3.570893e-16,-7.980639e-20,1.004252e-11
6401,6401.000000,3,1.825384e-11,6.956946e-11,2.856820e-16,1.393005e-19,3.733389e-10
6402,6402.000000,3,2.282974e-11,6.912027e-11,2.856926e-16,3.246188e-19,1.626790e-10
6403,6403.000000,3,2.581402e-11,6.876233e-11,3.328443e-16,-2.490178e-19,-3.884972e-10
6404,6404.000000,3,2.058442e-11,6.833911e-11,2.857139e-16,-5.161607e-20,5.390055e-11
6405,6405.000000,3,2.477663e-11,6.795164e-11,2.857246e-16,2.104017e-20,-2.500642e-10
6406,6406.000000,3,1.660538e-11,6.750800e-11,2.857353e-16,2.298569e-20,-1.204624e-10
6407,6407.000000,3,1.804779e-11,6.712675e-11,2.857460e-16,3.603397e-19,2.393120e-10
6408,6408.000000,3,2.518163e-11,6.670087e-11,2.857568e-16,-3.195928e-19,2.199542e-10
6409,6409.000000,3,2.486900e-11,6.629763e-11,2.857675e-16,1.987186e-19,-2.717926e-10
6410,6410.000000,3,1.974598e-11,6.588219e-11,2.857783e-16,-3.133757e-19,5.860720e-10
6411,6411.000000,3,1.236344e-11,6.548695e-11,2.857891e-16,-2.088399e-19,5.671991e-10
6412,6412.000000,3,1.227107e-11,6.507794e-11,2.857999e-16,-4.830404e-20,-1.589553e-10
6413,6413.000000,3,2.036415e-11,6.469780e-11,2.858108e-16,-3.755962e-19,2.154792e-10
6414,6414.000000,3,2.549427e-11,6.421597e-11,2.858216e-16,-1.942716e-19,-7.575751e-11
6415,6415.000000,3,2.652456e-11,6.382850e-11,2.858325e-16,-2.386813e-19,1.212337e-10
6416,6416.000000,3,2.710721e-11,6.342415e-11,2.858434e-16,4.483253e-19,2.074974e-11
6417,6417.000000,3,1.938361e-11,6.299383e-11,2.858543e-16,-2.414606e-19,-4.180792e-10
6418,6418.000000,3,1.643485e-11,6.258238e-11,2.858652e-16,-4.266134e-19,-1.992625e-10
6419,6419.000000,3,2.032863e-11,6.217027e-11,2.858762e-16,1.068386e-19,-8.580581e-11
6420,6420.000000,3,1.694644e-11,6.179790e-11,2.858871e-16,2.875478e-19,5.338102e-10
6421,6421.000000,3,1.578826e-11,6.132739e-11,2.858981e-16,7.185553e-20,5.014575e-10
6422,6422.000000,3,2.050626e-11,6.079404e-11,3.573834e-16,6.777918e-20,-1.462023e-10
6423,6423.000000,3,1.588774e-11,6.033196e-11,2.859201e-16,-1.869395e-19,-1.166497e-10
6424,6424.000000,3,1.206502e-11,5.986323e-11,2.859311e-16,2.546294e-19,1.075081e-10
6425,6425.000000,3,1.607958e-11,5.943290e-11,2.859422e-16,1.202257e-19,9.789158e-11
6426,6426.000000,3,1.221423e-11,5.898548e-11,2.859533e-16,6.570461e-20,2.367861e-10
6427,6427.000000,3,1.849543e-11,5.853518e-11,2.859643e-16,3.253798e-20,3.149038e-10
6428,6428.000000,3,1.215739e-11,5.808798e-11,3.328450e-16,-3.117743e-19,-4.042611e-11
6429,6429.000000,3,1.548273e-11,5.763123e-11,2.859866e-16,-9.079796e-20,-2.319542e-10
6430,6430.000000,3,1.359979e-11,5.721490e-11,2.859977e-16,8.736682e-20,-2.436655e-10
6431,6431.000000,3,1.208633e-11,5.674750e-11,3.328455e-16,-8.774401e-20,3.568983e-10
6432,6432.000000,3,1.425349e-11,5.634071e-11,2.860200e-16,3.730419e-19,4.014411e-10
6433,6433.000000,3,1.787726e-11,5.588241e-11,2.860312e-16,-3.480776e-20,-5.690604e-11
6434,6434.000000,3,8.313350e-12,5.545808e-11,2.860424e-16,-6.102939e-20,-7.233658e-11
6435,6435.000000,3,1.701039e-11,5.503287e-11,2.860537e-16,-3.976423e-20,4.846867e-11
6436,6436.000000,3,1.016076e-11,5.463430e-11,2.860649e-16,1.455871e-19,5.773113e-10
6437,6437.000000,3,1.670486e-11,5.414691e-11,3.328470e-16,-2.876769e-19,-2.771821e-10
6438,6438.000000,3,1.441691e-11,5.377854e-11,3.328473e-16,8.771622e-19,-1.360567e-11
6439,6439.000000,3,1.866596e-11,5.333467e-11,2.860988e-16,-4.460621e-19,1.657885e-10
6440,6440.000000,3,1.082867e-11,5.285106e-11,3.328478e-16,-7.954169e-21,-8.046663e-11
6441,6441.000000,3,8.306245e-12,5.246203e-11,2.861214e-16,-3.843346e-19,-9.401302e-11
6442,6442.000000,3,9.499956e-12,5.202305e-11,2.861328e-16,-3.381746e-19,-5.204749e-10
6443,6443.000000,3,1.032419e-11,5.158474e-11,2.861442e-16,4.225569e-20,3.112290e-10
6444,6444.000000,3,7.148060e-12,5.118239e-11,3.328492e-16,9.875544e-20,-2.800206e-10
6445,6445.000000,3,7.801759e-12,5.074363e-11,3.577060e-16,4.206114e-19,-3.003686e-11
6446,6446.000000,3,1.342926e-11,5.034417e-11,2.861784e-16,-2.281364e-20,-1.582341e-10
6447,6447.000000,3,1.122658e-11,4.990675e-11,2.861898e-16,-7.073718e-20,-5.533933e-10
6448,6448.000000,3,9.030998e-12,4.949197e-11,2.862013e-16,-4.991704e-19,5.684586e-11
6449,6449.000000,3,8.448353e-12,4.907141e-11,2.862128e-16,4.393057e-19,-3.070955e-10
6450,6450.000000,3,8.263612e-12,4.865375e-11,2.862243e-16,3.700938e-19,2.518801e-10
6451,6451.000000,3,1.514167e-11,4.821277e-11,2.862358e-16,1.802791e-19,4.444213e-10
6452,6452.000000,3,8.299139e-12,4.781442e-11,2.862473e-16,-3.077112e-19,5.005740e-11
6453,6453.000000,3,5.812240e-12,4.741341e-11,3.328528e-16,-9.514562e-20,7.538048e-11
6454,6454.000000,3,1.328004e-11,4.696554e-11,2.862683e-16,4.794339e-21,-6.262846e-11
6455,6455.000000,3,9.997336e-12,4.655765e-11,2.862820e-16,9.628382e-22,1.653284e-10
6456,6456.000000,3,1.200817e-11,4.615708e-11,2.862936e-16,-9.139353e-20,1.515794e-10
6457,6457.000000,3,1.040945e-11,4.574119e-11,2.863052e-16,3.830707e-19,2.922235e-10
6458,6458.000000,3,1.222844e-11,4.533018e-11,2.863168e-16,-1.467418e-19,-3.099998e-11
6459,6459.000000,3,5.876188e-12,4.488987e-11,2.863285e-16,-6.073392e-19,4.039213e-12
6460,6460.000000,3,8.462564e-12,4.449618e-11,2.863402e-16,-1.422651e-19,-2.055817e-10
6461,6461.000000,3,7.503331e-12,4.410272e-11,2.863518e-16,-1.245469e-19,4.432421e-11
6462,6462.000000,3,1.249845e-11,4.365974e-11,2.863635e-16,-1.640034e-19,-6.122814e-10
6463,6463.000000,3,4.682477e-12,4.327094e-11,2.863753e-16,1.637156e-20,2.663372e-10
6464,6464.000000,3,1.074341e-11,4.286527e-11,2.863870e-16,-1.975704e-19,-1.265454e-10
6465,6465.000000,3,6.984635e-12,4.245759e-11,2.863988e-16,-4.727668e-19,-9.977574e-11
6466,6466.000000,3,7.091217e-12,4.204326e-11,3.328595e-16,-1.207717e-19,1.037589e-10
6467,6467.000000,3,9.315215e-12,4.161649e-11,2.864223e-16,4.135903e-20,-2.679216e-10
6468,6468.000000,3,8.029133e-12,4.120704e-11,2.864341e-16,-1.612903e-19,9.312739e-11
6469,6469.000000,3,1.204370e-11,4.080691e-11,2.864459e-16,1.315614e-19,-2.157898e-10
6470,6470.000000,3,1.775646e-11,4.039236e-11,2.864578e-16,-5.041236e-19,-8.299477e-10
6471,6471.000000,3,8.270717e-12,3.997735e-11,2.864696e-16,5.225565e-19,1.997856e-10
6472,6472.000000,3,7.005951e-12,3.958056e-11,2.864815e-16,2.041482e-20,4.525436e-10
6473,6473.000000,3,6.792789e-12,3.919776e-11,2.864934e-16,-8.697308e-20,-1.003497e-11
6474,6474.000000,3,9.627854e-12,3.879830e-11,3.328645e-16,1.303240e-19,3.139760e-10
6475,6475.000000,3,8.817835e-12,3.839573e-11,2.865172e-16,-4.369995e-19,-3.437668e-10
6476,6476.000000,3,1.418954e-11,3.797052e-11,2.865292e-16,-1.256851e-19,-5.667644e-10
6477,6477.000000,3,5.563550e-12,3.758194e-11,2.865411e-16,7.697081e-20,-3.831008e-10
6478,6478.000000,3,5.847767e-12,3.716627e-11,3.581890e-16,-7.273829e-19,-2.259284e-10
6479,6479.000000,3,7.204903e-12,3.675971e-11,2.865651e-16,2.197422e-19,-1.428779e-11
6480,6480.000000,3,7.503331e-12,3.639133e-11,2.865771e-16,-3.154768e-19,1.567754e-10
6481,6481.000000,3,9.826806e-12,5.664158e-11,3.328686e-16,2.928286e-19,3.248614e-10
6482,6482.000000,3,2.574296e-11,8.494205e-11,2.866011e-16,-4.063442e-20,3.508902e-10
6483,6483.000000,4,6.934897e-12,4.973799e-14,3.582665e-16,-1.125760e-19,-3.894848e-10
6484,6484.000000,4,6.124878e-12,5.950795e-14,2.866253e-16,7.381098e-20,3.069992e-10
6485,6485.000000,4,6.259882e-12,6.927792e-14,2.866374e-16,4.227455e-19,-2.711925e-10
6486,6486.000000,4,6.203038e-12,6.394885e-14,3.583095e-16,-1.005852e-20,-3.125658e-10
6487,6487.000000,4,6.423306e-12,8.437695e-14,2.866616e-16,-2.788062e-19,2.899925e-10
6488,6488.000000,4,6.743051e-12,8.526513e-14,3.583397e-16,-1.260987e-19,-1.421830e-10
6489,6489.000000,4,6.885159e-12,5.218048e-14,2.866857e-16,4.093055e-19,-4.448295e-10
6490,6490.000000,4,6.060930e-12,8.726353e-14,2.866978e-16,3.921928e-19,-3.561226e-10
6491,6491.000000,4,7.275958e-12,9.836576e-14,3.583850e-16,2.893776e-19,-2.082681e-10
6492,6492.000000,4,7.176482e-12,1.001421e-13,2.867219e-16,-1.113749e-19,2.958900e-11
6493,6493.000000,4,6.963319e-12,5.639933e-14,2.867338e-16,4.032241e-19,-3.795813e-10
6494,6494.000000,4,9.855228e-12,1.059153e-13,3.328281e-16,-3.159896e-19,3.366891e-10
6495,6495.000000,4,6.693313e-12,7.926992e-14,3.584470e-16,1.154843e-19,1.501808e-10
6496,6496.000000,4,7.133849e-12,7.993606e-14,2.867694e-16,4.314640e-19,1.186341e-10
6497,6497.000000,4,6.004086e-12,7.993606e-14,3.584738e-16,-2.830777e-19,-1.144528e-10
6498,6498.000000,4,6.487255e-12,9.370282e-14,3.584910e-16,2.509004e-20,5.917091e-10
6499,6499.000000,4,8.078871e-12,7.571721e-14,2.868043e-16,3.811880e-19,-8.939205e-11
6500,6500.000000,4,6.899370e-12,1.216804e-13,2.868158e-16,4.961760e-20,7.417289e-12
6501,6501.000000,4,5.243805e-12,1.345590e-13,2.868273e-16,1.683809e-19,3.705500e-10
6502,6502.000000,4,6.586731e-12,1.412204e-13,3.585483e-16,7.429405e-20,-1.739520e-10
6503,6503.000000,4,7.304379e-12,7.993606e-14,3.327799e-16,4.105761e-19,-6.205780e-11
6504,6504.000000,4,6.998846e-12,1.294520e-13,3.585733e-16,-2.530709e-19,2.630891e-10
6505,6505.000000,4,8.071765e-12,8.437695e-14,2.868721e-16,1.570651e-20,-1.438610e-10
6506,6506.000000,4,4.817480e-12,9.814372e-14,3.327614e-16,-1.478536e-19,3.989350e-10
6507,6507.000000,4,5.726974e-12,9.081624e-14,2.868940e-16,-4.092261e-19,-2.912025e-10
6508,6508.000000,4,7.517542e-12,1.059153e-13,2.869048e-16,4.451952e-19,3.856212e-10
6509,6509.000000,4,6.373568e-12,1.239009e-13,3.586411e-16,3.553072e-19,8.681478e-11
6510,6510.000000,4,6.970424e-12,9.903189e-14,2.869261e-16,-4.593632e-19,6.699679e-10
6511,6511.000000,4,5.897505e-12,1.383338e-13,2.869366e-16,6.002386e-19,1.223454e-10
6512,6512.000000,4,1.003286e-11,1.258993e-13,2.869470e-16,-3.897675e-20,1.040501e-11
6513,6513.000000,4,6.359357e-12,1.036948e-13,2.869574e-16,1.256951e-19,-3.307601e-10
6514,6514.000000,4,6.501466e-12,1.478817e-13,2.869676e-16,1.027722e-19,1.842221e-10
6515,6515.000000,4,7.077006e-12,1.065814e-13,2.869777e-16,-4.466643e-19,5.043743e-13
6516,6516.000000,4,6.259882e-12,1.374456e-13,2.869878e-16,3.236261e-20,-3.973699e-10
6517,6517.000000,4,7.929657e-12,1.108003e-13,3.326842e-16,2.840935e-19,-5.133820e-10
6518,6518.000000,4,5.293543e-12,1.116884e-13,2.870076e-16,-4.938235e-19,1.711773e-10
6519,6519.000000,4,7.645440e-12,1.323386e-13,3.326689e-16,-5.883901e-20,-1.507404e-10
6520,6520.000000,4,8.547829e-12,1.127987e-13,2.870270e-16,-2.364115e-19,3.789397e-10
6521,6521.000000,4,9.613643e-12,1.108003e-13,2.870365e-16,1.938250e-19,-4.927758e-11
6522,6522.000000,4,8.228085e-12,1.454392e-13,2.870460e-16,-3.367287e-20,4.023448e-12
6523,6523.000000,4,6.728840e-12,1.476597e-13,2.870554e-16,1.909894e-19,2.213478e-10
6524,6524.000000,4,7.645440e-12,1.529887e-13,2.870646e-16,5.588730e-19,1.093496e-10
6525,6525.000000,4,7.759127e-12,1.385558e-13,2.870738e-16,2.023085e-19,6.973403e-10
6526,6526.000000,4,7.851497e-12,1.409983e-13,2.870829e-16,-2.070301e-19,-4.073920e-10
6527,6527.000000,4,8.171241e-12,1.134648e-13,3.588648e-16,3.955346e-19,-1.853496e-10
6528,6528.000000,4,7.311485e-12,1.523226e-13,3.588716e-16,2.501725e-20,2.856975e-10
6529,6529.000000,4,5.890399e-12,1.578737e-13,3.588825e-16,3.449045e-19,-4.940023e-10
6530,6530.000000,4,8.256507e-12,1.481038e-13,2.871183e-16,1.686390e-19,1.293018e-10
6531,6531.000000,4,6.565415e-12,1.387779e-13,2.871269e-16,8.137141e-20,-1.177828e-10
6532,6532.000000,4,6.892265e-12,1.505462e-13,2.871354e-16,9.291885e-20,-3.024474e-10
6533,6533.000000,4,7.517542e-12,1.616485e-13,2.871438e-16,3.143286e-19,2.813012e-10
6534,6534.000000,4,5.755396e-12,1.434408e-13,3.325421e-16,-2.657103e-19,-4.106093e-10
6535,6535.000000,4,8.476775e-12,1.538769e-13,3.325311e-16,4.366190e-20,4.027901e-10
6536,6536.000000,4,7.936762e-12,1.452172e-13,3.589558e-16,-3.011268e-19,-5.362377e-12
6537,6537.000000,4,7.716494e-12,1.616485e-13,3.325127e-16,5.828315e-20,-2.667778e-10
6538,6538.000000,4,5.762502e-12,1.232348e-13,3.325052e-16,-4.940353e-19,1.732737e-10
6539,6539.000000,4,7.048584e-12,1.483258e-13,3.589855e-16,1.906751e-19,1.166558e-10
6540,6540.000000,4,6.160406e-12,1.394440e-13,3.589952e-16,1.261053e-19,5.459430e-10
6541,6541.000000,4,7.133849e-12,1.509903e-13,3.590048e-16,2.130817e-21,2.831457e-10
6542,6542.000000,4,8.832046e-12,1.152411e-13,3.324707e-16,-1.206956e-19,1.875048e-10
6543,6543.000000,4,6.643575e-12,1.445510e-13,2.872231e-16,-2.485843e-20,-8.395880e-10
6544,6544.000000,4,7.943868e-12,9.503509e-14,2.872305e-16,1.114113e-19,1.577739e-10
6545,6545.000000,4,7.517542e-12,1.123546e-13,3.590420e-16,-2.935995e-19,5.144306e-10
6546,6546.000000,4,7.510437e-12,1.278977e-13,3.590564e-16,2.577396e-19,-4.276250e-10
6547,6547.000000,4,1.047340e-11,1.219025e-13,2.872523e-16,3.179351e-19,5.746073e-10
6548,6548.000000,4,7.190692e-12,1.141309e-13,3.324366e-16,-2.374240e-19,-3.122693e-10
6549,6549.000000,4,7.347012e-12,8.570922e-14,3.590777e-16,1.252351e-20,7.286294e-11
6550,6550.000000,4,7.453593e-12,7.993606e-14,3.590920e-16,-3.375923e-19,-1.154448e-10
6551,6551.000000,4,9.734435e-12,8.815171e-14,2.872806e-16,8.475954e-20,-5.115441e-11
6552,6552.000000,4,5.769607e-12,8.082424e-14,2.872876e-16,5.295710e-19,-4.104224e-10
6553,6553.000000,4,6.920686e-12,8.837375e-14,3.324158e-16,1.828168e-19,2.010958e-10
6554,6554.000000,4,8.554935e-12,9.237056e-14,3.591215e-16,-2.122446e-19,7.318997e-10
6555,6555.000000,4,1.005418e-11,5.595524e-14,3.324070e-16,-3.211479e-19,-4.933776e-10
6556,6556.000000,4,8.554935e-12,9.370282e-14,3.324057e-16,2.342708e-19,3.009464e-10
6557,6557.000000,4,8.142820e-12,1.152411e-13,3.591479e-16,2.223594e-19,7.610157e-11
6558,6558.000000,4,6.309619e-12,7.793766e-14,2.873298e-16,-6.473118e-19,-3.562702e-10
6559,6559.000000,4,6.842527e-12,8.282264e-14,3.591711e-16,-1.118481e-19,3.146170e-10
6560,6560.000000,4,7.169376e-12,5.284662e-14,3.323944e-16,-2.027850e-19,2.751585e-10
6561,6561.000000,4,7.517542e-12,8.770762e-14,2.873513e-16,2.223461e-20,8.235290e-11
6562,6562.000000,4,8.725465e-12,6.372680e-14,3.323896e-16,2.757357e-19,3.523154e-10
6563,6563.000000,4,6.814105e-12,6.195044e-14,3.323873e-16,5.229568e-19,-1.478115e-10
6564,6564.000000,4,5.869083e-12,8.237855e-14,2.873732e-16,-9.232328e-20,2.591010e-10
6565,6565.000000,4,7.752021e-12,8.726353e-14,2.873806e-16,7.021109e-20,1.929928e-10
6566,6566.000000,4,6.991741e-12,9.192647e-14,2.873881e-16,-1.873266e-19,-4.428876e-10
6567,6567.000000,4,4.639844e-12,7.194245e-14,3.592394e-16,5.170144e-19,-2.320768e-10
6568,6568.000000,4,6.522782e-12,9.259260e-14,3.323780e-16,-6.474839e-20,-2.042329e-10
6569,6569.000000,4,6.728840e-12,8.926193e-14,2.874109e-16,-1.121591e-19,4.375844e-10
6570,6570.000000,4,6.295409e-12,7.016610e-14,3.323751e-16,4.802048e-19,3.710554e-10
6571,6571.000000,4,8.419931e-12,7.016610e-14,2.874265e-16,6.097975e-21,1.983240e-10
6572,6572.000000,4,6.750156e-12,6.283862e-14,3.323725e-16,2.232527e-19,-2.949079e-10
6573,6573.000000,4,1.105604e-11,6.239453e-14,3.323695e-16,-6.802072e-20,-9.520051e-11
6574,6574.000000,4,6.615153e-12,6.883383e-14,3.323703e-16,-2.152324e-20,9.336198e-12
6575,6575.000000,4,7.119638e-12,6.439294e-14,3.593229e-16,4.002231e-20,7.267550e-10
6576,6576.000000,3,5.103118e-11,9.812906e-11,2.874665e-16,-1.033678e-19,-8.672474e-11
6577,6577.000000,3,4.835954e-11,9.511636e-11,2.874747e-16,-8.968292e-20,-6.597906e-10
6578,6578.000000,3,4.288125e-11,9.212453e-11,2.874830e-16,1.930375e-19,2.062155e-10
6579,6579.000000,3,4.200729e-11,8.917111e-11,3.323665e-16,-5.647394e-19,3.311031e-10
6580,6580.000000,3,3.331024e-11,8.631851e-11,2.874997e-16,2.865221e-19,2.445656e-10
6581,6581.000000,3,2.948752e-11,8.350365e-11,2.875082e-16,1.373682e-19,2.475560e-10
6582,6582.000000,3,2.772538e-11,8.075984e-11,2.875168e-16,-4.621028e-19,5.672860e-10
6583,6583.000000,3,2.310685e-11,7.802448e-11,3.594023e-16,-1.392079e-19,8.750523e-11
6584,6584.000000,3,2.902567e-11,7.535306e-11,3.594132e-16,3.658984e-19,2.611567e-11
6585,6585.000000,3,3.067413e-11,7.273671e-11,2.875429e-16,-3.979003e-19,-3.504664e-10
6586,6586.000000,3,2.386003e-11,7.014145e-11,3.323626e-16,2.781676e-19,4.498169e-11
6587,6587.000000,3,3.087308e-11,6.760614e-11,3.323645e-16,3.226137e-19,-4.129106e-10
6588,6588.000000,3,1.774936e-11,6.511058e-11,2.875696e-16,-1.873200e-19,2.224149e-10
6589,6589.000000,3,2.829381e-11,6.268053e-11,2.875786e-16,3.245195e-20,-8.967305e-11
6590,6590.000000,3,2.318501e-11,6.020939e-11,2.875878e-16,2.328348e-19,-3.455365e-10
6591,6591.000000,3,1.976019e-11,5.784595e-11,2.875969e-16,-6.591637e-20,2.236817e-10
6592,6592.000000,3,2.448530e-11,5.546763e-11,3.323656e-16,9.985724e-20,-6.697031e-10
6593,6593.000000,3,1.694644e-11,5.311596e-11,2.876155e-16,-4.101889e-19,-4.380696e-11
6594,6594.000000,3,1.200817e-11,5.082801e-11,4.431553e-16,-9.593310e-20,4.137402e-10
6595,6595.000000,3,2.188472e-11,4.860645e-11,2.876344e-16,1.506627e-19,-1.528891e-10
6596,6596.000000,3,9.364953e-12,4.634759e-11,2.876439e-16,2.015574e-19,5.369623e-10
6597,6597.000000,3,1.243450e-11,4.415868e-11,2.876535e-16,2.254762e-19,-2.604306e-11
6598,6598.000000,3,8.597567e-12,4.196354e-11,2.876632e-16,1.222573e-20,8.214587e-10
6599,6599.000000,3,1.078604e-11,3.984479e-11,2.876729e-16,-4.527193e-19,5.576399e-10
6600,6600.000000,3,1.090683e-11,3.772183e-11,2.876827e-16,1.609958e-19,-2.761695e-10
6601,6601.000000,3,1.126921e-11,3.955747e-11,2.876926e-16,3.162113e-19,3.547846e-10
6602,6602.000000,3,7.382539e-12,4.308931e-11,2.877025e-16,-1.549706e-19,8.267875e-10
6603,6603.000000,3,1.170974e-11,4.420997e-11,3.596406e-16,-2.557278e-19,3.318987e-10
6604,6604.000000,3,7.773338e-12,4.510747e-11,3.323732e-16,-2.266508e-19,1.531605e-10
6605,6605.000000,3,1.034550e-11,4.543699e-11,3.596623e-16,-3.581030e-20,6.678185e-10
6606,6606.000000,3,1.029576e-11,4.561751e-11,3.323724e-16,-2.307569e-19,-5.946384e-10
6607,6607.000000,3,9.855228e-12,4.561196e-11,3.596879e-16,-2.678576e-19,6.102987e-10
6608,6608.000000,3,9.961809e-12,4.550449e-11,3.323753e-16,-3.702791e-20,2.056156e-10
6609,6609.000000,3,6.636469e-12,4.525069e-11,2.877738e-16,-3.762712e-19,-3.389861e-10
6610,6610.000000,3,1.032419e-11,4.491518e-11,3.597269e-16,-3.515352e-19,6.182244e-11
6611,6611.000000,3,1.355716e-11,4.456346e-11,2.877947e-16,-5.022972e-20,-3.586251e-10
6612,6612.000000,3,6.586731e-12,4.412559e-11,3.323755e-16,1.634509e-20,-8.126966e-11
6613,6613.000000,3,9.521273e-12,4.365663e-11,3.323780e-16,-3.281062e-19,-1.166844e-13
6614,6614.000000,3,7.020162e-12,4.312484e-11,2.878265e-16,1.705547e-19,2.840256e-10
6615,6615.000000,3,5.286438e-12,4.262790e-11,3.597933e-16,-3.873224e-19,6.338841e-11
6616,6616.000000,3,1.102052e-11,4.200862e-11,2.878479e-16,1.719245e-19,7.463653e-10
6617,6617.000000,3,6.508571e-12,4.144773e-11,2.878587e-16,-2.833557e-19,-3.259661e-10
6618,6618.000000,3,1.178790e-11,4.079581e-11,3.598338e-16,-2.442598e-19,-1.007527e-12
6619,6619.000000,3,7.403855e-12,4.019496e-11,2.878804e-16,-2.473369e-19,3.477136e-10
6620,6620.000000,3,8.412826e-12,3.952416e-11,2.878913e-16,3.233780e-19,1.256979e-10
6621,6621.000000,3,5.677236e-12,3.885003e-11,3.323830e-16,-8.713190e-20,3.801973e-10
6622,6622.000000,3,8.142820e-12,3.816636e-11,2.879133e-16,-5.283467e-19,-2.119438e-10
6623,6623.000000,3,6.757261e-12,3.752643e-11,3.323844e-16,1.579253e-19,2.846260e-10
6624,6624.000000,3,9.265477e-12,3.683986e-11,2.879354e-16,2.779327e-21,1.063877e-10
6625,6625.000000,3,8.661516e-12,3.612466e-11,2.879465e-16,-8.656280e-20,-2.223991e-10
6626,6626.000000,3,7.446488e-12,3.542766e-11,3.599470e-16,3.724993e-19,-7.689516e-12
6627,6627.000000,3,9.002576e-12,3.469536e-11,2.879688e-16,1.075765e-19,4.188433e-10
6628,6628.000000,3,6.643575e-12,3.398615e-11,2.879800e-16,5.238369e-20,-1.976351e-10
6629,6629.000000,3,1.048761e-11,3.325318e-11,2.879913e-16,1.801599e-19,-3.822613e-10
6630,6630.000000,3,7.496226e-12,3.250289e-11,2.880026e-16,2.495108e-19,4.753942e-11
6631,6631.000000,3,9.151790e-12,3.181233e-11,2.880139e-16,7.160737e-20,5.085898e-11
6632,6632.000000,3,1.289635e-11,3.108935e-11,2.880253e-16,-3.187954e-20,-3.336559e-10
6633,6633.000000,3,7.879919e-12,3.038036e-11,2.880367e-16,1.119837e-19,-2.261423e-10
6634,6634.000000,3,1.247003e-11,2.962408e-11,3.323935e-16,7.117062e-20,3.911852e-10
6635,6635.000000,3,5.911716e-12,2.888956e-11,3.323945e-16,1.299004e-20,2.255985e-10
6636,6636.000000,3,7.680967e-12,2.817013e-11,2.880711e-16,-1.138631e-19,-1.448901e-10
6637,6637.000000,3,1.016076e-11,2.742762e-11,3.601033e-16,-5.910404e-19,1.339155e-10
6638,6638.000000,3,7.339906e-12,2.667377e-11,3.323974e-16,-7.140223e-20,-4.482414e-11
6639,6639.000000,3,7.815970e-12,2.593903e-11,3.601323e-16,2.997802e-19,2.113819e-10
6640,6640.000000,3,1.322320e-11,2.521050e-11,3.323995e-16,-3.678505e-19,-1.539459e-10
6641,6641.000000,3,7.574386e-12,2.445000e-11,3.601615e-16,4.375554e-19,-1.461865e-10
6642,6642.000000,3,1.068656e-11,2.372702e-11,3.324016e-16,-1.386818e-19,-9.084611e-11
6643,6643.000000,3,1.157474e-11,2.300982e-11,3.324008e-16,5.757177e-22,2.646823e-10
6644,6644.000000,3,1.112710e-11,2.226930e-11,2.881644e-16,-1.229753e-19,6.722700e-11
6645,6645.000000,3,9.649170e-12,2.152967e-11,3.602178e-16,7.504844e-20,-2.205678e-10
6646,6646.000000,3,7.268852e-12,2.081624e-11,2.881881e-16,-1.387910e-19,3.788235e-10
6647,6647.000000,3,8.348877e-12,2.007194e-11,3.602475e-16,5.043122e-19,-1.539124e-11
6648,6648.000000,3,1.161737e-11,1.937250e-11,2.882119e-16,-1.569162e-19,-9.029566e-11
6649,6649.000000,3,1.369926e-11,1.859468e-11,2.882238e-16,1.265586e-20,-3.009206e-10
6650,6650.000000,3,1.303846e-11,1.788480e-11,2.882358e-16,3.546752e-19,-1.172006e-10
6651,6651.000000,3,1.179501e-11,1.714828e-11,3.324103e-16,-3.177631e-19,5.104143e-10
6652,6652.000000,3,1.089262e-11,1.656519e-11,2.882598e-16,-3.719732e-19,2.559044e-10
6653,6653.000000,3,1.778488e-11,1.597811e-11,2.882718e-16,1.648803e-19,1.092368e-10
6654,6654.000000,3,1.330847e-11,1.545453e-11,3.324142e-16,2.361534e-19,4.191937e-10
6655,6655.000000,3,1.191580e-11,1.499423e-11,2.882961e-16,1.785221e-19,1.353519e-10
6656,6656.000000,3,8.370193e-12,1.456613e-11,3.603830e-16,-3.939133e-19,-1.226367e-10
6657,6657.000000,3,1.007550e-11,1.419576e-11,3.603982e-16,8.153685e-20,-6.302348e-10
6658,6658.000000,3,1.094946e-11,1.387002e-11,2.883326e-16,-1.597782e-20,-2.963457e-10
6659,6659.000000,3,1.247713e-11,1.352163e-11,3.604288e-16,-2.000652e-19,4.408859e-10
6660,6660.000000,3,1.121236e-11,1.324985e-11,2.883571e-16,-4.480904e-19,-2.479378e-10
6661,6661.000000,3,1.212186e-11,1.753597e-11,2.883694e-16,1.055482e-20,2.208830e-10
6662,6662.000000,3,7.013057e-12,2.730460e-11,3.324263e-16,3.004750e-19,-3.593402e-10
6663,6663.000000,3,5.371703e-12,3.259482e-11,2.883941e-16,3.943170e-19,-1.618403e-10
6664,6664.000000,3,5.599077e-12,3.727618e-11,2.884065e-16,-2.353560e-19,6.129057e-10
6665,6665.000000,3,7.204903e-12,4.100609e-11,2.884190e-16,-7.048902e-20,1.749611e-10
6666,6666.000000,3,8.498091e-12,4.435763e-11,3.324261e-16,-2.137865e-19,-1.862810e-10
6667,6667.000000,3,9.528378e-12,4.729972e-11,3.324263e-16,2.533125e-19,-3.187553e-10
6668,6668.000000,3,1.268319e-11,4.998246e-11,2.884564e-16,-2.095745e-19,-3.690597e-10
6669,6669.000000,3,1.316636e-11,5.246292e-11,2.884689e-16,-9.586692e-20,-2.612017e-10
6670,6670.000000,3,1.282530e-11,5.470491e-11,2.884815e-16,5.517295e-20,-1.079162e-10
6671,6671.000000,3,1.247003e-11,5.684053e-11,2.884940e-16,2.969645e-19,-4.779732e-12
6672,6672.000000,3,1.572431e-11,5.884138e-11,2.885066e-16,4.884237e-19,-2.266672e-10
6673,6673.000000,3,1.001865e-11,6.071099e-11,3.606468e-16,-1.551460e-20,-3.881195e-10
6674,6674.000000,3,1.419664e-11,6.247425e-11,3.324275e-16,3.576795e-19,1.648232e-11
6675,6675.000000,3,1.601563e-11,6.412715e-11,3.324272e-16,-1.378315e-19,2.356867e-10
6676,6676.000000,3,1.885070e-11,6.573320e-11,3.324249e-16,-2.866280e-19,6.543490e-10
6677,6677.000000,3,2.629008e-11,6.728484e-11,3.607117e-16,-2.154475e-19,3.684220e-12
6678,6678.000000,3,1.139000e-11,6.870371e-11,2.885819e-16,6.814645e-20,3.267754e-10
6679,6679.000000,3,2.599165e-11,7.008505e-11,3.324254e-16,-8.447168e-21,5.906736e-11
6680,6680.000000,3,2.284395e-11,7.142442e-11,3.607588e-16,2.613858e-19,5.251316e-11
6681,6681.000000,3,1.719513e-11,7.273404e-11,3.324243e-16,-2.346347e-19,-6.727735e-11
6682,6682.000000,3,2.373213e-11,7.393797e-11,2.886321e-16,-7.383679e-19,3.591002e-10
6683,6683.000000,3,3.085887e-11,7.512946e-11,2.886446e-16,-1.775295e-19,-1.595690e-10
6684,6684.000000,3,2.204814e-11,7.632006e-11,2.886571e-16,-2.161059e-19,2.306924e-10
6685,6685.000000,3,2.113154e-11,7.744583e-11,3.608371e-16,-2.491038e-19,-4.132112e-10
6686,6686.000000,3,1.784173e-11,7.849699e-11,3.324189e-16,9.080458e-20,9.778789e-12
6687,6687.000000,3,2.669509e-11,7.953371e-11,2.886946e-16,-2.969678e-19,-3.876049e-10
6688,6688.000000,3,2.959410e-11,8.053869e-11,3.608817e-16,8.670838e-20,-7.019483e-10
6689,6689.000000,3,2.791722e-11,8.153145e-11,3.324165e-16,-2.758019e-19,-1.557867e-10
6690,6690.000000,3,3.068124e-11,8.247913e-11,2.887320e-16,1.534784e-19,2.696072e-10
6691,6691.000000,3,2.694378e-11,8.341838e-11,2.887444e-16,-7.395954e-19,-2.806568e-10
6692,6692.000000,3,3.249312e-11,8.428480e-11,3.324138e-16,-1.615881e-19,3.221636e-10
6693,6693.000000,3,3.151968e-11,8.517409e-11,2.887692e-16,1.286365e-19,-4.278674e-10
6694,6694.000000,3,3.031175e-11,8.606160e-11,2.887816e-16,2.834516e-19,-1.678244e-10
6695,6695.000000,3,2.670930e-11,8.689560e-11,3.324127e-16,-2.115399e-19,-2.544194e-10
6696,6696.000000,3,3.878142e-11,8.768009e-11,3.610057e-16,-5.693650e-20,3.774586e-11
6697,6697.000000,3,2.625455e-11,8.846879e-11,2.888186e-16,4.240889e-19,-1.082024e-10
6698,6698.000000,3,3.556266e-11,8.926482e-11,2.888310e-16,2.087605e-19,7.584313e-10
6699,6699.000000,3,3.429079e-11,8.997803e-11,3.324066e-16,-6.717037e-20,-8.880952e-12
6700,6700.000000,3,3.412026e-11,9.072676e-11,3.324073e-16,-3.472173e-19,3.101966e-10
6701,6701.000000,3,4.055067e-11,9.146262e-11,3.610826e-16,3.625533e-19,1.657840e-10
6702,6702.000000,3,3.203127e-11,9.214918e-11,3.610979e-16,2.003431e-19,1.681023e-10
6703,6703.000000,3,3.073808e-11,9.284840e-11,3.324019e-16,1.005852e-19,4.711376e-10
6704,6704.000000,3,3.745271e-11,9.352075e-11,3.611285e-16,6.720015e-21,6.241557e-11
6705,6705.000000,3,3.311129e-11,9.416379e-11,2.889168e-16,-1.297152e-19,-3.242483e-10
6706,6706.000000,3,3.635137e-11,9.481971e-11,2.889290e-16,-1.147597e-19,2.086719e-10
6707,6707.000000,3,3.981881e-11,9.543522e-11,3.611765e-16,-4.135903e-19,-6.876932e-11
6708,6708.000000,3,4.290968e-11,9.607137e-11,2.889534e-16,-2.460631e-19,-2.474392e-10
6709,6709.000000,3,3.917222e-11,9.665335e-11,2.889656e-16,-8.111664e-20,-8.193596e-11
6710,6710.000000,3,4.681056e-11,9.727130e-11,3.323950e-16,-1.235245e-19,-1.760382e-10
6711,6711.000000,3,4.045830e-11,9.786461e-11,2.889899e-16,-2.462318e-19,-8.132323e-11
6712,6712.000000,3,3.468870e-11,9.841683e-11,2.890020e-16,2.066628e-20,-3.578814e-10
6713,6713.000000,3,4.109069e-11,9.897727e-11,3.323910e-16,-8.873332e-20,1.401361e-10
6714,6714.000000,3,3.434053e-11,9.953971e-11,3.323896e-16,7.700721e-20,-2.022987e-10
6715,6715.000000,4,7.823076e-12,6.039613e-14,2.890383e-16,-1.742803e-19,-5.243916e-12
6716,6716.000000,4,6.302514e-12,5.173639e-14,3.323868e-16,-2.621335e-19,-2.847955e-10
6717,6717.000000,4,6.153300e-12,7.172041e-14,3.613280e-16,-1.040428e-19,-3.789189e-10
6718,6718.000000,4,7.737810e-12,4.907186e-14,2.890744e-16,-3.503937e-21,-3.704703e-11
6719,6719.000000,4,9.606538e-12,5.906386e-14,3.323805e-16,8.435290e-19,2.616263e-11
6720,6720.000000,4,8.306245e-12,6.439294e-14,3.323810e-16,1.915552e-19,-4.357659e-11
6721,6721.000000,4,8.839152e-12,6.661338e-14,2.891105e-16,6.640606e-20,-1.895167e-10
6722,6722.000000,4,8.178347e-12,7.016610e-14,3.614006e-16,3.501588e-19,-2.312059e-10
6723,6723.000000,4,8.917311e-12,6.350476e-14,3.614156e-16,3.089288e-19,-3.690859e-11
6724,6724.000000,4,1.026734e-11,6.483702e-14,3.323717e-16,2.482071e-19,1.453285e-10
6725,6725.000000,4,9.109158e-12,5.973000e-14,2.891583e-16,-6.609835e-20,2.410399e-10
6726,6726.000000,4,4.902745e-12,6.461498e-14,3.614603e-16,-1.485716e-19,4.205765e-10
6727,6727.000000,4,7.034373e-12,6.905587e-14,3.614752e-16,3.152518e-19,4.735823e-11
6728,6728.000000,4,6.359357e-12,5.617729e-14,2.891941e-16,-2.488755e-19,5.741736e-10
6729,6729.000000,4,5.108802e-12,5.528911e-14,3.323625e-16,2.575311e-19,-2.019932e-10
6730,6730.000000,4,7.098322e-12,6.750156e-14,3.323601e-16,-2.334436e-19,-2.514441e-10
6731,6731.000000,4,7.077006e-12,8.881784e-14,2.892276e-16,-1.139094e-19,-2.762017e-10
6732,6732.000000,4,6.956213e-12,7.793766e-14,2.892415e-16,8.922632e-20,7.923440e-12
6733,6733.000000,4,6.963319e-12,7.571721e-14,3.615640e-16,-4.211011e-20,2.432382e-10
6734,6734.000000,4,9.528378e-12,7.283063e-14,3.615813e-16,4.730811e-20,-2.989076e-11
6735,6735.000000,4,1.013234e-11,5.617729e-14,3.615934e-16,1.891530e-19,-1.250188e-10
6736,6736.000000,4,8.903100e-12,7.194245e-14,3.323428e-16,6.064557e-20,-2.072008e-10
6737,6737.000000,4,6.274092e-12,7.749357e-14,2.893002e-16,4.785207e-19,-5.812795e-11
6738,6738.000000,4,9.769963e-12,6.616929e-14,3.616372e-16,-2.175022e-19,-1.042733e-10
6739,6739.000000,4,6.728840e-12,9.992007e-14,3.323346e-16,2.362428e-19,-3.007328e-11
6740,6740.000000,4,7.510437e-12,6.483702e-14,3.323336e-16,-1.667398e-19,4.119283e-11
6741,6741.000000,4,6.814105e-12,6.195044e-14,3.323308e-16,-1.421427e-20,3.178122e-10
6742,6742.000000,4,7.510437e-12,6.306067e-14,3.323278e-16,-1.247885e-19,-4.875689e-10
6743,6743.000000,4,6.657785e-12,6.061818e-14,3.323249e-16,-1.738304e-19,-6.992096e-11
6744,6744.000000,4,6.259882e-12,7.727152e-14,2.893813e-16,2.707031e-19,6.813017e-11
6745,6745.000000,4,5.108802e-12,8.926193e-14,3.323189e-16,-1.068023e-19,-2.360285e-10
6746,6746.000000,4,5.776712e-12,5.484502e-14,2.894020e-16,1.266579e-20,2.978039e-10
6747,6747.000000,4,6.103562e-12,7.305268e-14,3.323128e-16,-1.184920e-19,5.057225e-10
6748,6748.000000,4,8.846257e-12,7.549517e-14,3.323097e-16,-1.738701e-19,-2.466801e-10
6749,6749.000000,4,7.247536e-12,8.104628e-14,3.323047e-16,1.384039e-19,-6.109968e-11
6750,6750.000000,4,9.016787e-12,7.371881e-14,2.894497e-16,1.752299e-20,-5.287802e-10
6751,6751.000000,4,9.592327e-12,6.816769e-14,2.894610e-16,-1.008499e-19,5.926426e-11
6752,6752.000000,4,1.038103e-11,6.572520e-14,2.894723e-16,4.082202e-19,-1.277131e-10
6753,6753.000000,4,8.583356e-12,6.772360e-14,3.618544e-16,-1.692081e-19,-4.354608e-10
6754,6754.000000,4,6.707523e-12,9.636736e-14,3.322904e-16,-1.008532e-19,8.974232e-11
6755,6755.000000,4,6.927792e-12,9.303669e-14,2.895059e-16,5.186522e-19,4.290280e-10
6756,6756.000000,4,7.403855e-12,7.616130e-14,3.618933e-16,-4.045244e-20,-5.240033e-10
6757,6757.000000,4,6.934897e-12,5.107026e-14,2.895282e-16,-5.587109e-20,1.204903e-11
6758,6758.000000,4,5.471179e-12,6.750156e-14,2.895393e-16,-2.900194e-19,-1.753995e-10
6759,6759.000000,4,7.382539e-12,7.371881e-14,3.619348e-16,1.068784e-19,2.754387e-10
6760,6760.000000,4,6.352252e-12,9.858780e-14,3.322702e-16,6.412304e-20,-4.233480e-11
6761,6761.000000,4,6.956213e-12,1.194600e-13,3.322667e-16,-1.433041e-19,4.368659e-10
6762,6762.000000,4,6.849632e-12,6.483702e-14,3.322632e-16,2.714244e-19,4.356531e-10
6763,6763.000000,4,7.510437e-12,8.282264e-14,3.322596e-16,5.331444e-19,-1.043114e-10
6764,6764.000000,4,6.700418e-12,7.438494e-14,3.322561e-16,-1.105841e-19,-5.080071e-10
6765,6765.000000,4,7.027268e-12,7.926992e-14,3.322506e-16,-1.669482e-19,3.134711e-10
6766,6766.000000,4,9.642065e-12,6.994405e-14,2.896269e-16,-4.812438e-19,-3.021524e-10
6767,6767.000000,4,8.064660e-12,8.637535e-14,3.620440e-16,-7.419810e-20,1.325616e-10
6768,6768.000000,4,8.839152e-12,6.927792e-14,2.896485e-16,2.605189e-19,-1.488547e-10
6769,6769.000000,4,5.556444e-12,9.880985e-14,3.322380e-16,-3.800432e-19,3.905787e-11
6770,6770.000000,4,7.048584e-12,7.727152e-14,2.896675e-16,6.820931e-20,-2.318049e-10
6771,6771.000000,4,1.017497e-11,8.837375e-14,3.322305e-16,7.677890e-20,-2.589771e-10
6772,6772.000000,4,7.354117e-12,8.482104e-14,2.896915e-16,-2.683572e-19,-3.576350e-11
6773,6773.000000,4,5.407230e-12,9.858780e-14,3.322230e-16,-6.692090e-19,1.284628e-11
6774,6774.000000,4,6.799894e-12,1.105782e-13,3.621376e-16,1.171453e-19,5.300712e-10
6775,6775.000000,4,1.048051e-11,8.237855e-14,2.897234e-16,-6.848725e-20,-7.732814e-12
6776,6776.000000,4,6.544099e-12,8.015810e-14,2.897339e-16,3.766650e-20,5.674662e-10
6777,6777.000000,4,8.043344e-12,9.592327e-14,3.322078e-16,-1.502822e-19,-1.867190e-10
6778,6778.000000,4,5.890399e-12,9.370282e-14,2.897550e-16,-4.595948e-19,7.835754e-11
6779,6779.000000,4,6.970424e-12,6.106227e-14,2.897655e-16,-2.306941e-19,1.955044e-10
6780,6780.000000,4,8.483880e-12,6.039613e-14,3.622166e-16,-6.068429e-19,-3.443817e-10
6781,6781.000000,4,6.146195e-12,7.660539e-14,3.622296e-16,6.881084e-19,5.506195e-11
6782,6782.000000,4,8.071765e-12,7.815970e-14,3.321901e-16,-1.446573e-19,-1.033504e-10
6783,6783.000000,4,6.437517e-12,7.460699e-14,2.898073e-16,9.933777e-20,4.711050e-10
6784,6784.000000,4,7.453593e-12,7.105427e-14,3.622685e-16,-9.107259e-20,-1.642284e-10
6785,6785.000000,4,8.206769e-12,7.083223e-14,3.622850e-16,-1.247488e-19,5.986343e-10
6786,6786.000000,4,6.913581e-12,5.617729e-14,3.622943e-16,-1.096875e-19,-9.188117e-11
6787,6787.000000,4,8.057555e-12,5.728751e-14,3.623107e-16,3.790406e-19,-1.658532e-10
6788,6788.000000,4,7.652545e-12,5.973000e-14,3.321796e-16,-6.845879e-19,2.833140e-10
6789,6789.000000,3,4.479972e-11,9.961387e-11,2.898692e-16,9.680991e-20,2.594249e-10
6790,6790.000000,3,4.143175e-11,9.463141e-11,2.898795e-16,-3.328244e-20,3.035858e-10
6791,6791.000000,3,4.010303e-11,9.003021e-11,3.321766e-16,1.637421e-19,-1.561362e-11
6792,6792.000000,3,4.223466e-11,8.563483e-11,2.899001e-16,-4.223849e-19,-3.849064e-10
6793,6793.000000,3,3.067413e-11,8.143708e-11,2.899104e-16,1.074243e-19,2.113092e-10
6794,6794.000000,3,3.560530e-11,7.747980e-11,3.321749e-16,3.012790e-19,-5.897527e-11
6795,6795.000000,3,3.665690e-11,7.367529e-11,2.899311e-16,-3.334861e-20,-5.604295e-11
6796,6796.000000,3,2.791012e-11,7.000889e-11,3.624234e-16,4.344353e-20,1.549499e-10
6797,6797.000000,3,3.080203e-11,6.650036e-11,3.321722e-16,-1.781085e-19,-3.885261e-10
6798,6798.000000,3,2.564349e-11,6.311862e-11,2.899624e-16,1.849410e-19,2.790919e-10
6799,6799.000000,3,1.995204e-11,5.983591e-11,2.899729e-16,2.569422e-19,-4.044776e-11
6800,6800.000000,3,2.408740e-11,5.669398e-11,3.321743e-16,-3.020070e-19,3.095328e-10
6801,6801.000000,3,1.922018e-11,5.362955e-11,3.321745e-16,-7.318894e-21,1.817351e-10
6802,6802.000000,3,1.571721e-11,5.063283e-11,2.900047e-16,-1.412494e-19,-7.373280e-11
6803,6803.000000,3,1.372058e-11,4.771983e-11,2.900154e-16,1.133899e-19,-2.722301e-10
6804,6804.000000,3,1.291767e-11,4.493317e-11,2.900262e-16,7.379775e-20,1.814838e-10
6805,6805.000000,3,6.210144e-12,4.220135e-11,3.625430e-16,-1.444224e-19,4.599129e-10
6806,6806.000000,3,7.972289e-12,3.950751e-11,2.900478e-16,-2.011472e-19,-4.403759e-10
6807,6807.000000,3,5.968559e-12,3.687495e-11,2.900587e-16,-1.292387e-19,-4.242601e-11
6808,6808.000000,3,6.799894e-12,3.433520e-11,2.900697e-16,1.216948e-20,-5.260653e-11
6809,6809.000000,3,7.595702e-12,3.181966e-11,2.900807e-16,3.044620e-19,7.036211e-10
6810,6810.000000,3,8.924417e-12,2.938849e-11,3.321801e-16,-6.271485e-19,-9.141515e-11
6811,6811.000000,3,7.808865e-12,2.699663e-11,2.901029e-16,8.395221e-20,-3.338587e-10
6812,6812.000000,3,9.670487e-12,2.465117e-11,3.321821e-16,-5.063338e-19,4.079528e-10
6813,6813.000000,3,5.890399e-12,2.236300e-11,2.901253e-16,1.411468e-19,4.910866e-11
6814,6814.000000,3,6.600942e-12,2.009459e-11,3.626679e-16,-1.876707e-20,1.003595e-10
6815,6815.000000,3,8.014922e-12,1.787082e-11,3.321857e-16,2.104447e-19,2.206280e-11
6816,6816.000000,3,9.350742e-12,1.614131e-11,3.321870e-16,2.252380e-19,2.730027e-10
6817,6817.000000,3,1.163869e-11,1.483036e-11,3.321883e-16,2.356604e-19,1.184720e-10
6818,6818.000000,3,1.068656e-11,1.394551e-11,2.901823e-16,-1.838227e-19,-1.320393e-10
6819,6819.000000,3,1.809752e-11,1.323386e-11,3.321912e-16,-2.284673e-19,6.691209e-11
6820,6820.000000,3,1.330136e-11,1.271960e-11,3.627542e-16,7.023888e-19,3.618300e-11
6821,6821.000000,3,1.985967e-11,1.227418e-11,3.321944e-16,-8.076261e-20,3.514065e-10
6822,6822.000000,3,1.490008e-11,1.196421e-11,3.627862e-16,1.934345e-19,4.639963e-10
6823,6823.000000,3,1.399059e-11,1.172928e-11,2.902407e-16,-2.185312e-19,5.761330e-10
6824,6824.000000,3,1.695355e-11,1.159495e-11,2.902526e-16,9.198248e-20,1.835495e-10
6825,6825.000000,3,2.795986e-11,1.151212e-11,3.321994e-16,1.962205e-19,1.517237e-10
6826,6826.000000,3,1.543299e-11,1.142797e-11,2.902765e-16,2.015508e-19,1.672711e-10
6827,6827.000000,3,2.064127e-11,1.139333e-11,3.322051e-16,-3.695545e-19,6.441725e-11
6828,6828.000000,3,1.765699e-11,1.135780e-11,3.322071e-16,5.972906e-20,-8.567691e-11
6829,6829.000000,3,1.771383e-11,1.139289e-11,2.903127e-16,3.782730e-19,-6.671902e-10
6830,6830.000000,3,2.198419e-11,1.145661e-11,2.903231e-16,5.855479e-19,-1.215631e-10
6831,6831.000000,3,1.992362e-11,1.315281e-11,3.322114e-16,-3.612562e-19,-2.302096e-10
6832,6832.000000,3,2.614797e-11,1.491673e-11,2.903495e-16,-3.054546e-19,-2.448060e-10
6833,6833.000000,3,2.962253e-11,1.660583e-11,3.322177e-16,6.854349e-20,1.338632e-10
6834,6834.000000,3,3.252865e-11,1.828626e-11,3.322180e-16,1.877899e-19,2.658539e-10
6835,6835.000000,3,2.619771e-11,1.996558e-11,2.903867e-16,-1.761564e-19,-4.974074e-10
6836,6836.000000,3,2.759037e-11,2.161604e-11,3.322227e-16,-4.072706e-19,-4.670876e-10
6837,6837.000000,3,2.930989e-11,2.324496e-11,2.904118e-16,-8.237065e-20,-3.091410e-10
6838,6838.000000,3,3.111467e-11,2.482770e-11,2.904245e-16,-1.461562e-19,-6.271650e-10
6839,6839.000000,3,2.496847e-11,2.641487e-11,2.904372e-16,6.158856e-19,3.293081e-10
6840,6840.000000,3,2.671641e-11,2.799339e-11,3.322345e-16,1.937853e-19,-3.634953e-10
6841,6841.000000,3,2.676614e-11,7.657430e-12,3.630764e-16,-8.199213e-19,2.007799e-11
6842,6842.000000,3,8.235190e-12,2.321032e-11,3.322366e-16,-1.402203e-19,7.186224e-11
6843,6843.000000,3,9.144685e-12,3.991474e-11,2.904884e-16,3.094086e-19,-4.425687e-10
6844,6844.000000,3,1.742251e-11,5.467382e-11,2.905014e-16,4.808864e-19,-1.636528e-10
6845,6845.000000,3,1.016787e-11,6.652434e-11,2.905144e-16,-5.615895e-20,2.578282e-11
6846,6846.000000,3,1.868017e-11,7.736611e-11,3.322344e-16,7.584915e-20,-8.468524e-10
6847,6847.000000,3,2.079759e-11,8.687340e-11,2.905406e-16,-7.789394e-20,4.084259e-10
6848,6848.000000,3,2.826539e-11,9.568191e-11,3.322314e-16,-2.890103e-19,5.528644e-11
6849,6849.000000,4,7.354117e-12,6.483702e-14,2.905668e-16,-5.115616e-20,5.189699e-10
6850,6850.000000,4,6.970424e-12,6.683543e-14,3.632232e-16,3.728864e-19,-5.066031e-11
6851,6851.000000,4,7.105427e-12,4.884981e-14,3.632397e-16,4.127300e-19,5.245033e-10
6852,6852.000000,4,7.069900e-12,7.127632e-14,2.906063e-16,-9.661470e-20,4.196237e-10
6853,6853.000000,4,6.039613e-12,5.884182e-14,3.322200e-16,1.415471e-19,-4.949636e-10
6854,6854.000000,4,7.645440e-12,8.260059e-14,2.906326e-16,9.007004e-20,1.657154e-10
6855,6855.000000,4,7.815970e-12,6.306067e-14,3.322142e-16,-6.137018e-20,2.732037e-10
6856,6856.000000,4,8.185452e-12,6.217249e-14,3.322110e-16,-3.861709e-19,5.523171e-10
6857,6857.000000,4,7.865708e-12,6.439294e-14,3.322058e-16,-2.417717e-19,-2.398199e-10
6858,6858.000000,4,7.254641e-12,8.659740e-14,3.322042e-16,-2.284375e-19,-1.337576e-10
6859,6859.000000,4,7.752021e-12,6.261658e-14,3.322006e-16,-6.050992e-20,-2.673223e-10
6860,6860.000000,4,6.970424e-12,8.815171e-14,3.321968e-16,2.376027e-19,-1.464021e-10
6861,6861.000000,4,8.562040e-12,9.281464e-14,2.907232e-16,5.459491e-19,3.138305e-10
6862,6862.000000,4,1.195133e-11,5.662137e-14,3.321889e-16,3.174322e-19,4.031591e-10
6863,6863.000000,4,6.963319e-12,6.550316e-14,2.907485e-16,-9.556914e-20,-4.806110e-10
6864,6864.000000,4,5.698553e-12,8.459899e-14,3.321804e-16,2.496001e-19,2.817181e-10
6865,6865.000000,4,9.656276e-12,8.926193e-14,3.634649e-16,2.026791e-19,2.737133e-11
6866,6866.000000,4,8.178347e-12,8.326673e-14,3.321716e-16,-1.957473e-19,1.513296e-10
6867,6867.000000,4,9.222845e-12,1.116884e-13,3.321669e-16,-5.247468e-19,-9.852952e-11
6868,6868.000000,4,9.954704e-12,7.105427e-14,2.908108e-16,1.196004e-19,-2.789224e-10
6869,6869.000000,4,7.460699e-12,1.316725e-13,2.908230e-16,-3.695711e-19,6.815648e-11
6870,6870.000000,4,9.862333e-12,8.948398e-14,2.908352e-16,2.966369e-19,1.049799e-10
6871,6871.000000,4,7.403855e-12,1.016964e-13,3.321474e-16,2.453418e-19,3.417024e-10
6872,6872.000000,4,6.096457e-12,7.749357e-14,2.908592e-16,1.348238e-19,5.049761e-11
6873,6873.000000,4,6.849632e-12,6.483702e-14,3.321370e-16,-2.144648e-19,-4.381420e-10
6874,6874.000000,4,9.791279e-12,1.090239e-13,3.636011e-16,-2.356803e-20,-1.216049e-10
6875,6875.000000,4,8.242296e-12,1.083578e-13,2.908948e-16,-3.337078e-19,1.409434e-10
6876,6876.000000,4,7.879919e-12,9.436896e-14,3.321208e-16,6.579725e-20,-1.929079e-10
6877,6877.000000,4,7.027268e-12,7.394085e-14,3.321152e-16,3.139845e-19,1.146488e-10
6878,6878.000000,4,9.961809e-12,1.110223e-13,2.909296e-16,4.290453e-19,3.341515e-10
6879,6879.000000,4,7.489120e-12,6.905587e-14,3.321037e-16,-4.077339e-19,3.770801e-10
6880,6880.000000,4,5.201173e-12,1.179057e-13,3.636905e-16,2.400809e-19,7.537526e-11
6881,6881.000000,4,1.309530e-11,9.570122e-14,3.320900e-16,5.301632e-19,4.641557e-10
6882,6882.000000,4,7.744916e-12,1.432188e-13,3.320859e-16,-4.280362e-19,4.067922e-10
6883,6883.000000,4,7.979395e-12,1.270095e-13,3.637294e-16,-1.758652e-19,-1.068594e-10
6884,6884.000000,4,1.141132e-11,1.194600e-13,3.637463e-16,-3.256114e-20,3.969280e-11
6885,6885.000000,4,9.521273e-12,1.216804e-13,2.910080e-16,-1.817481e-20,-5.496881e-11
6886,6886.000000,4,7.595702e-12,9.792167e-14,3.320591e-16,-1.706341e-19,-1.666989e-11
6887,6887.000000,4,9.777068e-12,1.216804e-13,2.910297e-16,-2.713086e-19,8.385503e-11
6888,6888.000000,4,6.828316e-12,1.059153e-13,2.910404e-16,6.047352e-20,1.944273e-10
6889,6889.000000,4,7.617018e-12,1.245670e-13,3.320415e-16,-1.839650e-20,-1.235034e-10
6890,6890.000000,4,7.453593e-12,1.305622e-13,3.638236e-16,1.314555e-20,2.049727e-11
6891,6891.000000,4,1.006839e-11,1.010303e-13,2.910721e-16,5.932870e-20,-3.309508e-11
6892,6892.000000,4,8.149925e-12,1.312284e-13,2.910826e-16,1.304729e-19,3.939747e-10
6893,6893.000000,4,6.245671e-12,1.174616e-13,3.320145e-16,-3.165455e-19,-1.307043e-11
6894,6894.000000,4,5.933032e-12,1.161293e-13,3.320076e-16,3.585332e-20,-9.127432e-11
6895,6895.000000,4,7.602807e-12,1.048051e-13,3.638880e-16,-6.237140e-19,-2.032752e-10
6896,6896.000000,4,6.686207e-12,1.316725e-13,3.639006e-16,1.672162e-19,1.408246e-10
6897,6897.000000,4,1.033129e-11,1.274536e-13,3.319864e-16,-4.146888e-19,-2.364711e-10
6898,6898.000000,4,7.396750e-12,1.365574e-13,3.319774e-16,8.586135e-21,-5.561517e-10
6899,6899.000000,4,6.693313e-12,1.294520e-13,3.319720e-16,8.408456e-20,-1.059580e-10
6900,6900.000000,4,8.178347e-12,1.527667e-13,3.319647e-16,1.906883e-19,-4.966360e-10
6901,6901.000000,4,6.494361e-12,1.125766e-13,2.911728e-16,-1.733605e-19,-1.529439e-10
6902,6902.000000,4,7.460699e-12,1.256772e-13,3.639781e-16,-3.256809e-19,5.875855e-11
6903,6903.000000,4,6.615153e-12,1.227907e-13,2.911920e-16,4.266598e-20,-2.233898e-10
6904,6904.000000,4,7.169376e-12,8.526513e-14,3.319412e-16,6.191281e-20,-1.366832e-10
6905,6905.000000,4,1.165290e-11,1.199041e-13,4.425790e-16,-1.626039e-19,6.143375e-11
6906,6906.000000,4,9.038104e-12,9.814372e-14,2.912203e-16,1.364153e-19,-2.335976e-11
6907,6907.000000,4,9.592327e-12,1.139089e-13,3.319265e-16,1.525983e-20,-7.408330e-11
6908,6908.000000,4,9.364953e-12,1.112443e-13,3.640443e-16,-5.858755e-20,-1.167980e-10
6909,6909.000000,4,9.670487e-12,8.526513e-14,2.912480e-16,1.086584e-19,-1.663625e-11
6910,6910.000000,4,5.726974e-12,8.837375e-14,3.319133e-16,7.754984e-20,1.497087e-10
6911,6911.000000,4,6.899370e-12,1.016964e-13,3.319091e-16,6.645900e-20,1.681076e-10
6912,6912.000000,4,5.606182e-12,8.681944e-14,3.319051e-16,-1.366271e-19,1.098753e-10
6913,6913.000000,4,8.107293e-12,7.682743e-14,2.912844e-16,4.250319e-19,-7.862422e-11
6914,6914.000000,4,8.590462e-12,9.059420e-14,3.318954e-16,-2.668154e-20,5.663093e-10
6915,6915.000000,4,8.995471e-12,7.749357e-14,2.913025e-16,-1.230150e-19,2.161826e-10
6916,6916.000000,4,5.968559e-12,1.016964e-13,3.318899e-16,-3.942343e-20,1.002946e-10
6917,6917.000000,4,7.396750e-12,6.106227e-14,3.641463e-16,-2.096539e-19,2.282774e-10
6918,6918.000000,4,6.373568e-12,5.639933e-14,3.641619e-16,-1.002543e-20,-2.070011e-12
6919,6919.000000,4,8.121503e-12,1.045830e-13,3.318794e-16,-3.050642e-19,1.818867e-11
6920,6920.000000,4,6.792789e-12,6.572520e-14,3.318761e-16,6.429840e-20,-3.831120e-10
6921,6921.000000,4,1.100631e-11,1.008083e-13,3.641915e-16,2.512776e-19,2.185342e-10
6922,6922.000000,4,7.744916e-12,5.484502e-14,3.318696e-16,1.182173e-19,-5.906524e-10
6923,6923.000000,4,7.098322e-12,6.394885e-14,3.318665e-16,1.243352e-19,-2.378175e-11
6924,6924.000000,4,9.215739e-12,6.750156e-14,2.913839e-16,2.224785e-20,-2.239040e-10
6925,6925.000000,4,7.119638e-12,8.260059e-14,3.318604e-16,-2.617398e-19,1.077206e-10
6926,6926.000000,4,7.439382e-12,8.482104e-14,3.318575e-16,6.476030e-19,-4.643006e-10
6927,6927.000000,4,6.096457e-12,5.506706e-14,3.318546e-16,2.491336e-19,-1.321643e-10
6928,6928.000000,4,7.155165e-12,6.816769e-14,3.318499e-16,7.984278e-20,-3.433032e-12
6929,6929.000000,4,1.193712e-11,8.726353e-14,3.642828e-16,2.698065e-19,-6.543373e-10
6930,6930.000000,4,7.283063e-12,6.483702e-14,3.318462e-16,-2.416360e-19,3.229360e-10
6931,6931.000000,4,8.078871e-12,7.149836e-14,3.318435e-16,1.338180e-19,-2.293657e-10
6932,6932.000000,4,1.177369e-11,8.348877e-14,3.318409e-16,-5.537015e-19,3.518611e-10
6933,6933.000000,4,5.606182e-12,6.616929e-14,3.318383e-16,5.894555e-19,-1.474053e-10
6934,6934.000000,4,6.863843e-12,8.637535e-14,3.318339e-16,1.868667e-19,-1.567133e-10
6935,6935.000000,4,7.602807e-12,6.661338e-14,3.318333e-16,-4.489605e-19,-5.195877e-11
6936,6936.000000,4,6.515677e-12,8.082424e-14,3.318308e-16,-8.867045e-20,1.686027e-10
6937,6937.000000,4,5.272227e-12,6.439294e-14,2.915041e-16,-1.642284e-19,1.670009e-11
6938,6938.000000,4,6.856737e-12,8.104628e-14,3.318242e-16,3.960541e-19,-1.357462e-10
6939,6939.000000,4,1.247003e-11,7.460699e-14,2.915230e-16,-8.799216e-20,1.101942e-10
6940,6940.000000,4,9.769963e-12,7.105427e-14,3.318214e-16,-3.566803e-20,-2.511285e-10
6941,6941.000000,4,8.739676e-12,6.572520e-14,2.915421e-16,2.120891e-21,-3.510658e-11
6942,6942.000000,4,6.878054e-12,8.970602e-14,3.318169e-16,9.014283e-20,9.061318e-11
6943,6943.000000,4,7.013057e-12,5.595524e-14,2.915612e-16,1.161328e-19,-4.446510e-11
6944,6944.000000,4,1.255529e-11,5.684342e-14,3.318126e-16,-1.527505e-19,-4.497184e-10
6945,6945.000000,4,6.650680e-12,7.727152e-14,3.318105e-16,-3.268356e-20,-1.364193e-10
6946,6946.000000,4,6.998846e-12,8.015810e-14,3.318085e-16,5.513986e-20,1.631165e-10
6947,6947.000000,4,5.712764e-12,6.461498e-14,2.915998e-16,-1.376031e-19,-5.329615e-11
6948,6948.000000,4,6.494361e-12,7.127632e-14,3.318025e-16,2.109410e-19,2.626622e-10
6949,6949.000000,4,6.586731e-12,5.817569e-14,3.318025e-16,2.066066e-19,-2.220069e-11
6950,6950.000000,4,7.730705e-12,4.174439e-14,3.645325e-16,-3.569880e-19,5.367995e-11
6951,6951.000000,4,5.599077e-12,6.861178e-14,3.317967e-16,-6.759555e-19,-3.171542e-10
6952,6952.000000,4,6.451728e-12,7.194245e-14,3.317948e-16,-3.050642e-21,-5.785553e-10
6953,6953.000000,4,7.425172e-12,5.950795e-14,3.317949e-16,-1.853414e-19,4.780412e-10
6954,6954.000000,4,5.634604e-12,7.438494e-14,3.645818e-16,-8.003800e-21,-7.935708e-11
6955,6955.000000,4,8.448353e-12,5.728751e-14,2.916784e-16,-2.642677e-20,-4.533075e-10
6956,6956.000000,4,6.380674e-12,4.840572e-14,3.317895e-16,-7.786549e-19,1.713406e-10
6957,6957.000000,4,6.806999e-12,7.349676e-14,3.646230e-16,7.923398e-20,1.143525e-10
6958,6958.000000,4,1.087841e-11,6.128431e-14,3.317861e-16,-1.349959e-19,3.290860e-10
6959,6959.000000,4,7.517542e-12,4.352074e-14,2.917184e-16,1.766196e-20,3.498394e-10
6960,6960.000000,4,8.597567e-12,4.440892e-14,3.317828e-16,-6.363136e-19,8.903982e-10
6961,6961.000000,4,9.407586e-12,5.639933e-14,2.917386e-16,-2.173003e-19,-3.467194e-10
6962,6962.000000,4,6.963319e-12,6.683543e-14,2.917488e-16,1.926140e-19,-3.372791e-10
6963,6963.000000,4,6.153300e-12,6.106227e-14,3.317777e-16,-8.780688e-20,-4.545402e-10
6964,6964.000000,4,1.050182e-11,5.462297e-14,3.317760e-16,-1.678614e-19,1.012614e-10
6965,6965.000000,4,9.869439e-12,5.262457e-14,3.647205e-16,3.250257e-19,-6.310860e-10
6966,6966.000000,4,8.597567e-12,7.505108e-14,3.647369e-16,2.376258e-19,5.184780e-10
6967,6967.000000,4,8.192558e-12,5.018208e-14,3.317709e-16,-5.960498e-19,-7.817524e-12
6968,6968.000000,4,6.075140e-12,5.506706e-14,2.918101e-16,-2.753717e-19,-1.641269e-10
6969,6969.000000,4,5.286438e-12,4.662937e-14,3.317676e-16,-1.796107e-19,-1.336008e-10
6970,6970.000000,4,5.535128e-12,7.682743e-14,3.317659e-16,-1.432908e-19,-6.583601e-10
6971,6971.000000,4,8.789414e-12,7.016610e-14,2.918411e-16,3.908461e-19,-3.664966e-10
6972,6972.000000,4,6.792789e-12,6.838974e-14,3.317607e-16,5.259016e-19,1.330562e-10
6973,6973.000000,4,1.139000e-11,6.150636e-14,3.317610e-16,3.950284e-20,-5.290315e-10
6974,6974.000000,4,1.068656e-11,6.572520e-14,2.918724e-16,-2.960645e-19,9.635137e-11
6975,6975.000000,4,1.661959e-11,5.018208e-14,3.648535e-16,4.802975e-19,-4.716223e-10
6976,6976.000000,4,9.364953e-12,5.906386e-14,3.317562e-16,-3.319079e-19,3.293744e-10
6977,6977.000000,4,6.345147e-12,4.796163e-14,3.317546e-16,-1.221481e-19,2.857105e-10
6978,6978.000000,4,1.175238e-11,5.595524e-14,3.317530e-16,1.598444e-19,-7.366724e-10
6979,6979.000000,4,1.085709e-11,6.217249e-14,3.317515e-16,1.535909e-20,-2.054422e-10
6980,6980.000000,4,7.631229e-12,5.506706e-14,3.317499e-16,2.980464e-19,6.490648e-10
6981,6981.000000,4,9.443113e-12,4.840572e-14,3.317484e-16,1.219893e-19,1.913611e-10
6982,6982.000000,4,9.379164e-12,5.884182e-14,3.317468e-16,1.723514e-19,2.774094e-10
6983,6983.000000,4,8.867573e-12,7.105427e-14,3.317453e-16,-3.226435e-19,2.928405e-10
6984,6984.000000,4,6.984635e-12,6.461498e-14,3.317438e-16,-3.775120e-19,-2.198464e-10
6985,6985.000000,4,7.247536e-12,6.727952e-14,3.317423e-16,1.845043e-19,1.972306e-10
6986,6986.000000,4,5.577760e-12,5.728751e-14,2.919992e-16,-4.198107e-19,-1.044983e-10
6987,6987.000000,4,6.330936e-12,9.081624e-14,3.317394e-16,1.893086e-19,-3.943790e-11
6988,6988.000000,4,6.259882e-12,6.306067e-14,2.920206e-16,-2.707892e-19,1.665149e-10
6989,6989.000000,4,9.670487e-12,5.573320e-14,3.317346e-16,-3.152551e-19,7.042733e-11
6990,6990.000000,4,1.070788e-11,6.661338e-14,3.317350e-16,-1.635634e-19,-4.155403e-10
6991,6991.000000,4,1.031708e-11,6.616929e-14,2.920528e-16,1.243716e-19,-1.772869e-10
6992,6992.000000,4,9.187318e-12,5.906386e-14,3.317322e-16,-2.857115e-19,-6.199063e-11
6993,6993.000000,4,9.521273e-12,7.727152e-14,3.650897e-16,4.806581e-20,-5.263074e-10
6994,6994.000000,4,7.162271e-12,5.084821e-14,3.317294e-16,4.502046e-19,-3.382246e-10
6995,6995.000000,4,5.890399e-12,6.217249e-14,3.317280e-16,-2.395614e-19,-3.319881e-10
6996,6996.000000,4,7.403855e-12,5.750955e-14,3.317267e-16,-2.214131e-19,2.500882e-10
6997,6997.000000,4,8.924417e-12,6.150636e-14,2.921178e-16,2.752460e-19,-4.906008e-10
6998,6998.000000,3,4.372680e-11,9.992895e-11,2.921287e-16,3.154602e-19,1.412847e-10
6999,6999.000000,3,4.205702e-11,9.951395e-11,3.651712e-16,2.108417e-19,4.037178e-10
7000,7000.000000,3,4.847323e-11,9.915557e-11,2.921505e-16,1.037284e-19,-2.370167e-10
7001,7001.000000,3,4.524026e-11,9.874523e-11,3.651985e-16,3.157183e-19,1.492274e-10
7002,7002.000000,3,3.964828e-11,9.833934e-11,3.317168e-16,2.456362e-19,-2.918299e-11
7003,7003.000000,3,3.557687e-11,9.795009e-11,3.317174e-16,-4.814621e-19,1.036037e-10
7004,7004.000000,3,3.575451e-11,9.755086e-11,2.921943e-16,-4.480109e-19,-5.384115e-11
7005,7005.000000,3,3.620215e-11,9.720336e-11,2.922053e-16,2.266508e-19,1.757211e-10
7006,7006.000000,3,4.160228e-11,9.681411e-11,4.422848e-16,2.025434e-19,6.798661e-10
7007,7007.000000,3,4.020251e-11,9.644574e-11,3.317123e-16,-2.284971e-19,-5.609566e-10
7008,7008.000000,3,3.853273e-11,9.606271e-11,3.317111e-16,-3.658785e-20,2.104515e-10
7009,7009.000000,3,3.746692e-11,9.570478e-11,3.317099e-16,4.358084e-19,-1.767679e-10
7010,7010.000000,3,3.588951e-11,9.531043e-11,3.653224e-16,1.654957e-19,2.092463e-10
7011,7011.000000,3,4.565237e-11,9.494139e-11,3.653394e-16,-4.475874e-19,5.072281e-10
7012,7012.000000,3,3.740297e-11,9.457368e-11,3.317062e-16,1.017167e-19,1.527669e-10
7013,7013.000000,3,3.382894e-11,9.421197e-11,3.317051e-16,2.362858e-19,1.420231e-11
7014,7014.000000,3,4.611422e-11,9.385048e-11,2.923049e-16,-1.317930e-19,2.198997e-11
7015,7015.000000,3,3.680611e-11,9.351275e-11,2.923160e-16,-4.620962e-20,-4.800665e-11
7016,7016.000000,3,3.354472e-11,9.312839e-11,3.316996e-16,-4.363973e-19,3.246162e-10
7017,7017.000000,3,4.389022e-11,9.276158e-11,2.923383e-16,-3.592809e-19,4.043350e-10
7018,7018.000000,3,4.259704e-11,9.239565e-11,2.923495e-16,6.466567e-20,-5.174995e-10
7019,7019.000000,3,2.859935e-11,9.209189e-11,2.923607e-16,-1.654560e-19,2.981219e-10
7020,7020.000000,3,2.953726e-11,9.171286e-11,3.316970e-16,2.640758e-19,1.585167e-10
7021,7021.000000,3,4.036593e-11,8.621237e-11,4.422615e-16,3.410565e-19,-9.229373e-11
7022,7022.000000,3,2.612666e-11,7.867307e-11,3.316936e-16,3.363647e-20,-1.018358e-10
7023,7023.000000,3,2.290079e-11,7.414824e-11,2.924057e-16,-1.008432e-19,4.504510e-10
7024,7024.000000,3,2.671641e-11,7.013301e-11,3.316946e-16,-1.564199e-19,2.798264e-10
7025,7025.000000,3,2.542322e-11,6.674772e-11,3.655323e-16,-1.039766e-19,1.698542e-10
7026,7026.000000,3,1.856648e-11,6.360756e-11,3.316941e-16,-3.030492e-19,-1.493256e-11
7027,7027.000000,3,2.544454e-11,6.080003e-11,3.316940e-16,9.216116e-20,-7.471947e-10
7028,7028.000000,3,2.530243e-11,5.811240e-11,3.316940e-16,-7.702375e-20,-2.451367e-11
7029,7029.000000,3,1.825384e-11,5.562861e-11,3.316921e-16,2.864295e-19,6.195610e-10
7030,7030.000000,3,1.372769e-11,5.323963e-11,3.656033e-16,-2.556418e-19,2.282194e-10
7031,7031.000000,3,1.237055e-11,5.097145e-11,2.924964e-16,-4.445566e-19,-2.171881e-10
7032,7032.000000,3,8.704149e-12,4.880785e-11,2.925078e-16,2.638574e-19,5.214676e-10
7033,7033.000000,3,1.318767e-11,4.671619e-11,2.925192e-16,7.677890e-20,-5.458209e-10
7034,7034.000000,3,1.828226e-11,4.470468e-11,2.925307e-16,6.128416e-20,-3.553080e-11
7035,7035.000000,3,9.215739e-12,4.276490e-11,3.316938e-16,3.732140e-19,-3.179645e-10
7036,7036.000000,3,9.265477e-12,4.090572e-11,2.925516e-16,-4.347661e-21,-1.640852e-10
7037,7037.000000,3,9.656276e-12,3.907363e-11,2.925654e-16,2.277658e-19,-8.477263e-11
7038,7038.000000,3,9.436008e-12,3.728329e-11,2.925771e-16,1.419442e-21,4.728573e-11
7039,7039.000000,3,7.965184e-12,3.553047e-11,2.925887e-16,-4.240426e-19,2.116307e-11
7040,7040.000000,3,5.520917e-12,3.386180e-11,3.657506e-16,5.249288e-20,-5.209324e-10
7041,7041.000000,3,1.011102e-11,3.216316e-11,2.926122e-16,9.822935e-20,-1.265850e-10
7042,7042.000000,3,1.351452e-11,3.059930e-11,2.926240e-16,-1.944801e-19,3.840946e-10
7043,7043.000000,3,8.604673e-12,2.899014e-11,2.926358e-16,-2.382512e-19,1.650298e-10
7044,7044.000000,3,8.888890e-12,2.745715e-11,2.926477e-16,-4.020131e-19,6.374307e-11
7045,7045.000000,3,9.386270e-12,2.594103e-11,3.658219e-16,1.151435e-20,-3.978179e-11
7046,7046.000000,3,6.501466e-12,2.442113e-11,3.317035e-16,-6.235287e-20,-2.569174e-10
7047,7047.000000,3,6.558309e-12,2.295653e-11,2.926835e-16,2.457620e-19,2.264612e-10
7048,7048.000000,3,7.837286e-12,2.152278e-11,3.658694e-16,4.733326e-19,3.564429e-10
7049,7049.000000,3,8.689938e-12,2.010614e-11,2.927076e-16,-6.026838e-20,-6.859135e-11
7050,7050.000000,3,7.723600e-12,1.869105e-11,3.317076e-16,-2.166585e-19,-1.015221e-10
7051,7051.000000,3,6.806999e-12,1.728706e-11,2.927319e-16,-1.566945e-19,-1.682547e-10
7052,7052.000000,3,1.433165e-11,1.599432e-11,3.317080e-16,4.998950e-19,-2.876313e-10
7053,7053.000000,3,7.311485e-12,1.490719e-11,3.317111e-16,3.117809e-20,3.052312e-10
7054,7054.000000,3,1.266898e-11,1.404388e-11,3.659607e-16,-5.495788e-20,-1.632793e-10
7055,7055.000000,3,8.569145e-12,1.331024e-11,2.927809e-16,1.968690e-21,1.857516e-10
7056,7056.000000,3,8.014922e-12,1.270783e-11,3.659892e-16,2.626662e-19,6.384154e-10
7057,7057.000000,3,8.142820e-12,1.221268e-11,3.317163e-16,-7.906854e-20,9.875673e-11
7058,7058.000000,3,1.099920e-11,1.189160e-11,3.317177e-16,7.121926e-19,4.251971e-11
7059,7059.000000,3,1.458034e-11,1.154521e-11,3.660382e-16,4.164259e-19,-6.874196e-11
7060,7060.000000,3,1.276135e-11,1.124767e-11,2.928431e-16,-1.595234e-19,-3.055717e-10
7061,7061.000000,3,9.350742e-12,1.101919e-11,3.317221e-16,9.589339e-20,-2.989980e-11
7062,7062.000000,3,1.723066e-11,1.084710e-11,3.660853e-16,4.572787e-19,3.785585e-10
7063,7063.000000,3,1.216449e-11,1.068923e-11,3.661011e-16,-6.373890e-19,-3.457121e-10
7064,7064.000000,3,1.084999e-11,1.057843e-11,3.317268e-16,4.586948e-19,-3.097737e-10
7065,7065.000000,3,1.188027e-11,1.048206e-11,2.929063e-16,-1.605955e-19,-7.524315e-12
7066,7066.000000,3,2.003020e-11,1.041700e-11,3.661488e-16,2.401239e-19,1.917232e-10
7067,7067.000000,3,1.701039e-11,1.032729e-11,3.317317e-16,1.868072e-19,-1.124942e-10
7068,7068.000000,3,1.805489e-11,1.027423e-11,3.661788e-16,2.965277e-20,-1.981610e-10
7069,7069.000000,3,2.381029e-11,1.024469e-11,3.317352e-16,-1.632160e-19,1.475791e-10
7070,7070.000000,3,1.909939e-11,1.023426e-11,3.317350e-16,2.584542e-19,2.139823e-10
7071,7071.000000,3,1.840306e-11,1.022715e-11,3.662274e-16,4.926423e-19,6.949424e-11
7072,7072.000000,3,1.198686e-11,1.021427e-11,3.317387e-16,-2.007865e-19,4.520300e-10
7073,7073.000000,3,1.405454e-11,1.023004e-11,4.423233e-16,-3.927784e-20,-1.159148e-10
7074,7074.000000,3,2.385292e-11,1.023981e-11,3.317444e-16,-1.922070e-19,-1.097220e-10
7075,7075.000000,3,2.066969e-11,1.118905e-11,3.317463e-16,6.526786e-20,-4.433885e-10
7076,7076.000000,3,1.835332e-11,1.227174e-11,3.317482e-16,1.760902e-19,7.294976e-11
7077,7077.000000,3,2.449951e-11,1.326694e-11,3.317502e-16,4.426409e-19,-1.108886e-10
7078,7078.000000,3,2.696510e-11,1.431300e-11,3.663424e-16,-1.763417e-19,-2.269404e-10
7079,7079.000000,3,2.213341e-11,1.534572e-11,3.317543e-16,-4.426806e-19,-6.771406e-11
7080,7080.000000,3,2.616929e-11,1.634093e-11,3.317563e-16,7.396980e-20,4.689286e-10
7081,7081.000000,3,1.620037e-11,8.529177e-12,3.663924e-16,3.896583e-19,-2.108529e-10
7082,7082.000000,3,1.678302e-11,8.665735e-12,2.931286e-16,-1.743597e-19,6.785644e-10
7083,7083.000000,3,1.051603e-11,1.282352e-11,3.317602e-16,-9.541694e-20,3.889182e-10
7084,7084.000000,3,7.730705e-12,1.907341e-11,3.317610e-16,-2.025170e-19,-3.065055e-10
7085,7085.000000,3,7.418066e-12,2.402634e-11,3.664597e-16,1.254568e-19,2.771718e-10
7086,7086.000000,3,8.540724e-12,2.850098e-11,3.317621e-16,-2.229384e-19,3.843791e-10
7087,7087.000000,3,7.467804e-12,3.240963e-11,2.931961e-16,-7.935971e-19,-7.451752e-10
7088,7088.000000,3,6.870948e-12,3.602008e-11,3.317628e-16,-9.582391e-20,7.154999e-11
7089,7089.000000,3,8.490986e-12,3.929612e-11,3.317630e-16,4.061457e-20,-3.832474e-10
7090,7090.000000,3,8.299139e-12,4.232437e-11,3.317631e-16,4.580926e-20,4.562564e-10
7091,7091.000000,3,7.368328e-12,4.516565e-11,2.932506e-16,-3.735548e-21,-3.225691e-10
7092,7092.000000,3,1.403322e-11,4.780598e-11,3.317631e-16,4.238407e-19,-8.235909e-10
7093,7093.000000,3,7.361223e-12,5.035328e-11,3.317629e-16,-1.304001e-19,-1.265278e-10
7094,7094.000000,3,1.526956e-11,5.268275e-11,3.317627e-16,4.447188e-19,-2.828032e-10
7095,7095.000000,3,1.470113e-11,5.495293e-11,3.317605e-16,-2.040224e-19,2.126277e-10
7096,7096.000000,3,1.053735e-11,5.709255e-11,3.666487e-16,-3.404345e-20,2.206339e-10
7097,7097.000000,3,1.386269e-11,5.914735e-11,2.933326e-16,2.971233e-20,1.441196e-10
7098,7098.000000,3,1.935518e-11,6.107248e-11,3.317613e-16,-4.004216e-20,-4.231265e-11
7099,7099.000000,3,2.120970e-11,6.296097e-11,3.666984e-16,1.327195e-19,-2.429735e-10
7100,7100.000000,3,2.236078e-11,6.476264e-11,2.933736e-16,-1.872935e-19,-6.379347e-11
7101,7101.000000,3,2.200551e-11,6.650280e-11,3.667340e-16,-1.470926e-19,-4.125867e-10
7102,7102.000000,3,2.057021e-11,6.818102e-11,3.667494e-16,1.825588e-19,8.036322e-11
7103,7103.000000,3,2.393818e-11,6.982037e-11,3.667680e-16,-1.340595e-19,-3.806747e-10
7104,7104.000000,3,1.994493e-11,7.135559e-11,3.317574e-16,-1.184258e-19,-1.408874e-10
7105,7105.000000,3,2.280842e-11,7.287149e-11,3.317566e-16,-3.096435e-19,-5.499733e-10
7106,7106.000000,3,2.444978e-11,7.435919e-11,2.934550e-16,5.076871e-19,-2.214557e-10
7107,7107.000000,3,2.670220e-11,7.578049e-11,3.668340e-16,3.801060e-20,2.262941e-10
7108,7108.000000,3,3.124967e-11,7.715073e-11,3.317539e-16,1.320842e-19,-2.700721e-10
7109,7109.000000,3,2.628298e-11,7.851830e-11,3.317530e-16,-2.828627e-20,3.418121e-11
7110,7110.000000,3,2.889777e-11,7.981282e-11,3.317520e-16,-5.109925e-19,-4.924261e-10
7111,7111.000000,3,2.930278e-11,8.108225e-11,4.423346e-16,-1.708029e-19,-1.727242e-10
7112,7112.000000,3,2.762590e-11,8.231948e-11,2.935358e-16,1.241995e-19,3.755809e-10
7113,7113.000000,3,2.619771e-11,8.351053e-11,2.935492e-16,-1.030005e-19,2.935185e-10
7114,7114.000000,3,3.149836e-11,8.471646e-11,3.669514e-16,3.335391e-19,-1.680769e-10
7115,7115.000000,3,3.323208e-11,8.588197e-11,3.317464e-16,1.581966e-19,2.199883e-10
7116,7116.000000,3,3.139888e-11,8.699508e-11,2.935878e-16,-2.743791e-19,2.577555e-11
7117,7117.000000,3,3.343814e-11,8.811307e-11,3.317439e-16,-1.575746e-19,-3.592759e-11
7118,7118.000000,3,3.612399e-11,8.918599e-11,3.317426e-16,2.226704e-19,1.090851e-10
7119,7119.000000,3,3.284129e-11,9.022827e-11,3.317413e-16,-1.325507e-19,-2.312791e-10
7120,7120.000000,3,3.362999e-11,9.126744e-11,3.317400e-16,-3.162311e-19,-7.184098e-11
7121,7121.000000,3,3.384315e-11,9.230838e-11,2.936540e-16,-7.726529e-20,-5.038620e-11
7122,7122.000000,3,2.215472e-11,9.326451e-11,3.317372e-16,-4.610043e-19,2.979355e-10
7123,7123.000000,3,4.064304e-11,9.426104e-11,4.423118e-16,1.140814e-19,-3.857797e-11
7124,7124.000000,3,3.254286e-11,9.521117e-11,2.936949e-16,-2.669477e-19,6.971240e-11
7125,7125.000000,3,3.165468e-11,9.611667e-11,3.317328e-16,-5.893166e-20,9.188478e-11
7126,7126.000000,3,3.669953e-11,9.706680e-11,2.937211e-16,1.457261e-19,8.440132e-11
7127,7127.000000,3,3.582556e-11,9.793544e-11,3.671677e-16,-2.149478e-19,2.541012e-10
7128,7128.000000,3,3.468870e-11,9.884182e-11,2.937472e-16,4.740936e-19,2.629930e-10
7129,7129.000000,3,3.613110e-11,9.972201e-11,3.317266e-16,3.477798e-19,2.284729e-10
7130,7130.000000,4,8.604673e-12,6.394885e-14,3.317231e-16,-1.691915e-19,-2.084800e-10
7131,7131.000000,4,7.489120e-12,7.083223e-14,2.937862e-16,1.257348e-19,3.119277e-10
7132,7132.000000,4,9.279688e-12,6.150636e-14,2.937991e-16,-4.918515e-19,-3.241155e-10
7133,7133.000000,4,8.988366e-12,5.329071e-14,3.317181e-16,-1.192894e-19,-1.008904e-11
7134,7134.000000,4,6.892265e-12,6.661338e-14,3.317183e-16,1.075566e-19,1.676689e-10
7135,7135.000000,4,1.229949e-11,6.261658e-14,3.672952e-16,-3.646775e-19,-9.776602e-11
7136,7136.000000,4,8.803624e-12,4.618528e-14,3.317148e-16,-6.957251e-20,1.060553e-10
7137,7137.000000,4,8.405721e-12,5.706546e-14,3.317130e-16,-1.620215e-19,5.026862e-11
7138,7138.000000,4,9.507062e-12,6.528111e-14,3.869942e-16,-5.953814e-19,-1.080469e-10
7139,7139.000000,4,7.254641e-12,6.505907e-14,3.673593e-16,-1.187534e-19,-1.043715e-11
7140,7140.000000,4,9.386270e-12,7.549517e-14,3.317075e-16,3.065101e-19,4.127272e-10
7141,7141.000000,4,8.228085e-12,5.861978e-14,3.673911e-16,7.477382e-20,1.377127e-10
7142,7142.000000,3,4.466472e-11,9.781909e-11,3.317045e-16,-3.409638e-20,-2.833077e-10
7143,7143.000000,3,4.031619e-11,9.444956e-11,3.317032e-16,1.861620e-19,-7.079376e-11
7144,7144.000000,3,3.063150e-11,9.151080e-11,3.317000e-16,1.444456e-19,-3.995659e-11
7145,7145.000000,3,3.539924e-11,8.922640e-11,2.939654e-16,2.807021e-19,-8.842260e-12
7146,7146.000000,3,3.318945e-11,8.719625e-11,3.316997e-16,2.969413e-19,2.835615e-10
7147,7147.000000,3,2.840750e-11,8.541656e-11,3.316986e-16,2.093760e-19,4.118850e-11
7148,7148.000000,3,3.120704e-11,8.377676e-11,2.940032e-16,-4.231194e-19,1.467894e-10
7149,7149.000000,3,3.105072e-11,8.232948e-11,3.316966e-16,2.463046e-19,-1.069247e-10
7150,7150.000000,3,3.257128e-11,8.094148e-11,3.316957e-16,1.228198e-20,3.279518e-10
7151,7151.000000,3,2.481926e-11,7.967005e-11,2.940409e-16,2.250097e-19,-5.952872e-11
7152,7152.000000,3,2.767564e-11,7.849610e-11,3.316921e-16,-3.901315e-20,-1.109861e-10
7153,7153.000000,3,2.116707e-11,7.739520e-11,3.316932e-16,3.336714e-19,4.371988e-10
7154,7154.000000,3,3.051781e-11,7.637135e-11,3.316924e-16,-5.733685e-20,-7.165260e-10
7155,7155.000000,3,2.102496e-11,7.541034e-11,2.940912e-16,-4.470117e-19,-4.102430e-11
7156,7156.000000,3,2.199840e-11,7.447309e-11,2.941037e-16,1.542990e-19,2.328390e-10
7157,7157.000000,3,2.568612e-11,7.355516e-11,3.676431e-16,1.711371e-19,-2.219809e-10
7158,7158.000000,3,2.636114e-11,7.273582e-11,3.316896e-16,-2.298007e-19,3.716905e-11
7159,7159.000000,3,2.196998e-11,7.190959e-11,3.316889e-16,-2.904099e-19,-2.888560e-10
7160,7160.000000,3,2.633271e-11,7.113243e-11,3.316883e-16,-8.266181e-20,1.017064e-10
7161,7161.000000,3,2.457767e-11,7.040879e-11,2.941665e-16,2.314021e-19,1.066358e-11
7162,7162.000000,3,2.771117e-11,6.967205e-11,3.677238e-16,-8.450808e-20,1.377317e-10
7163,7163.000000,3,2.491873e-11,6.898215e-11,3.316865e-16,-1.688540e-19,1.061403e-10
7164,7164.000000,3,2.144418e-11,6.832601e-11,2.942042e-16,1.099952e-19,1.964175e-10
7165,7165.000000,3,2.641798e-11,6.766876e-11,3.316854e-16,1.723183e-20,2.118803e-10
7166,7166.000000,3,1.564615e-11,6.701550e-11,3.316830e-16,4.968841e-19,5.989609e-11
7167,7167.000000,3,2.242473e-11,6.640644e-11,2.942420e-16,-3.365798e-19,-8.227119e-11
7168,7168.000000,3,1.843148e-11,6.581935e-11,2.942547e-16,-3.036051e-19,-7.358114e-11
7169,7169.000000,3,2.109601e-11,6.524226e-11,2.942673e-16,-1.783567e-19,-2.795323e-10
7170,7170.000000,3,1.807621e-11,6.467804e-11,2.942799e-16,-6.320652e-20,2.429135e-10
7171,7171.000000,3,1.853806e-11,6.418244e-11,3.316807e-16,1.736153e-19,-1.909950e-11
7172,7172.000000,3,1.317346e-11,6.360668e-11,3.316803e-16,2.853310e-19,7.722006e-11
7173,7173.000000,3,2.009415e-11,6.305956e-11,2.943179e-16,-9.334568e-20,-3.188928e-10
7174,7174.000000,3,2.100364e-11,6.257372e-11,3.316814e-16,-6.886444e-20,8.402606e-11
7175,7175.000000,3,2.030021e-11,6.205281e-11,3.679269e-16,-2.409412e-20,4.095126e-10
7176,7176.000000,3,2.367528e-11,6.159206e-11,2.943560e-16,2.136177e-19,-1.294296e-10
7177,7177.000000,3,2.950173e-11,6.111844e-11,3.316804e-16,-1.023884e-19,-4.712374e-10
7178,7178.000000,3,1.588063e-11,6.063816e-11,3.679767e-16,-6.129044e-19,4.047245e-10
7179,7179.000000,3,2.030731e-11,6.016343e-11,2.943941e-16,-1.474135e-19,2.995842e-11
7180,7180.000000,3,1.335820e-11,5.969381e-11,3.316775e-16,-2.366101e-19,6.768908e-11
7181,7181.000000,3,1.710987e-11,5.928724e-11,2.944196e-16,2.881897e-21,1.823039e-10
7182,7182.000000,3,1.411138e-11,5.887069e-11,3.316789e-16,3.743786e-19,9.511408e-11
7183,7183.000000,3,7.496226e-12,5.841794e-11,3.316786e-16,-3.677314e-20,9.540480e-12
7184,7184.000000,3,2.489031e-11,5.799339e-11,2.944579e-16,-1.623822e-19,-3.292010e-10
7185,7185.000000,3,2.083311e-11,5.758327e-11,3.316762e-16,3.513268e-19,2.517346e-10
7186,7186.000000,3,1.276845e-11,5.717915e-11,3.316779e-16,-1.463316e-19,1.028591e-10
7187,7187.000000,3,1.343636e-11,5.678857e-11,3.316777e-16,7.351650e-20,-1.787293e-10
7188,7188.000000,3,2.058442e-11,5.639467e-11,3.681344e-16,4.921923e-19,1.508552e-10
7189,7189.000000,3,1.833200e-11,5.601275e-11,3.316773e-16,-4.024895e-19,-3.479066e-10
7190,7190.000000,3,1.791989e-11,5.562861e-11,2.945349e-16,3.394749e-20,2.265318e-10
7191,7191.000000,3,1.436007e-11,5.525469e-11,2.945478e-16,1.844911e-19,4.042988e-11
7192,7192.000000,3,1.316636e-11,5.488499e-11,3.682008e-16,1.513509e-19,3.648350e-10
7193,7193.000000,3,1.570299e-11,5.450906e-11,3.682149e-16,-2.706965e-19,-8.807005e-11
7194,7194.000000,3,1.590905e-11,5.417133e-11,3.316764e-16,7.821820e-21,-2.619851e-10
7195,7195.000000,3,9.364953e-12,5.379852e-11,3.316763e-16,-5.904514e-19,-2.535235e-10
7196,7196.000000,3,6.373568e-12,5.345524e-11,3.316762e-16,-2.584278e-19,1.672083e-10
7197,7197.000000,3,1.823963e-11,5.311684e-11,2.946252e-16,1.227238e-19,-4.003176e-10
7198,7198.000000,3,1.729461e-11,5.274114e-11,3.316759e-16,6.362673e-20,-1.623062e-10
7199,7199.000000,3,1.483613e-11,5.239542e-11,3.316758e-16,2.488126e-19,-1.827611e-10
7200,7200.000000,3,1.602984e-11,5.209166e-11,2.946640e-16,1.157755e-19,1.814421e-11
7201,7201.000000,3,1.548983e-11,5.405876e-11,2.946770e-16,1.613499e-19,6.767901e-10
7202,7202.000000,3,1.292477e-11,5.689693e-11,3.316753e-16,4.400601e-22,1.714708e-10
7203,7203.000000,3,1.575273e-11,5.842837e-11,3.316750e-16,1.249473e-19,-2.004268e-10
7204,7204.000000,3,1.150369e-11,5.975376e-11,2.947160e-16,-1.118844e-19,-1.521915e-10
7205,7205.000000,3,1.319478e-11,6.078138e-11,2.947290e-16,3.287646e-19,3.959614e-10
7206,7206.000000,3,1.625722e-11,6.172529e-11,3.316738e-16,-2.657169e-19,-2.709353e-10
7207,7207.000000,3,2.165024e-11,6.253975e-11,3.316733e-16,-4.863756e-19,-4.906064e-10
7208,7208.000000,3,1.940492e-11,6.327361e-11,3.684583e-16,-5.027703e-19,-2.884959e-11
7209,7209.000000,3,2.118128e-11,6.391199e-11,2.947812e-16,-2.864063e-19,-2.181709e-10
7210,7210.000000,3,2.316369e-11,6.453260e-11,3.316718e-16,8.812782e-20,-1.106837e-12
7211,7211.000000,3,1.533351e-11,6.510081e-11,3.316713e-16,-1.909067e-19,-3.436592e-10
7212,7212.000000,3,2.052758e-11,6.564549e-11,3.316707e-16,1.837466e-19,6.540142e-10
7213,7213.000000,3,1.789857e-11,6.611489e-11,3.316702e-16,1.328849e-19,-3.895716e-10
7214,7214.000000,3,1.951150e-11,6.658474e-11,2.948466e-16,2.516250e-19,2.503717e-10
7215,7215.000000,3,2.286527e-11,6.698908e-11,2.948597e-16,-1.849576e-21,-6.015312e-10
7216,7216.000000,3,3.346656e-11,6.745071e-11,3.316684e-16,7.829430e-20,-2.319839e-11
7217,7217.000000,3,2.034284e-11,6.778977e-11,2.948859e-16,-1.111234e-19,-3.553806e-10
7218,7218.000000,3,1.787015e-11,6.814838e-11,3.316672e-16,5.780338e-20,-2.279572e-10
7219,7219.000000,3,2.020784e-11,6.853496e-11,3.316665e-16,5.140133e-19,-3.517192e-10
7220,7220.000000,3,1.949729e-11,6.886625e-11,3.316659e-16,-1.831709e-20,-3.292295e-10
7221,7221.000000,3,2.589928e-11,6.917067e-11,4.422177e-16,-4.146822e-20,-3.233687e-10
7222,7222.000000,3,2.172129e-11,6.948686e-11,3.316626e-16,3.113839e-20,-1.861478e-10
7223,7223.000000,3,2.031442e-11,6.977086e-11,2.949644e-16,-3.013353e-19,-1.101888e-10
7224,7224.000000,3,2.292211e-11,7.006595e-11,3.687199e-16,-2.204139e-19,-8.451527e-10
7225,7225.000000,3,2.395950e-11,7.034817e-11,4.422141e-16,2.445146e-19,-6.201511e-10
7226,7226.000000,3,3.217338e-11,7.061596e-11,3.687526e-16,-6.399069e-20,-3.146936e-10
7227,7227.000000,3,2.530953e-11,7.086975e-11,3.316591e-16,4.309578e-19,2.630612e-11
7228,7228.000000,3,1.964651e-11,7.109091e-11,2.950298e-16,-5.339616e-20,1.562005e-10
7229,7229.000000,3,2.415135e-11,7.135648e-11,2.950429e-16,5.206870e-19,-1.553115e-10
7230,7230.000000,3,2.042810e-11,7.158252e-11,3.316589e-16,2.627920e-19,-2.143052e-11
7231,7231.000000,3,1.780620e-11,7.180501e-11,2.950690e-16,1.664817e-19,-3.555302e-10
7232,7232.000000,3,2.118838e-11,7.201484e-11,2.950821e-16,2.518566e-19,1.577633e-10
7233,7233.000000,3,1.760725e-11,7.222378e-11,2.950952e-16,1.796272e-19,-8.907070e-11
7234,7234.000000,3,2.711431e-11,7.244316e-11,3.316559e-16,-1.125032e-19,-6.874473e-11
7235,7235.000000,3,2.643219e-11,7.262857e-11,3.316551e-16,2.393563e-19,-1.372704e-10
7236,7236.000000,3,1.919176e-11,7.283218e-11,4.422058e-16,3.554163e-19,-4.054534e-13
7237,7237.000000,3,2.606271e-11,7.303647e-11,3.316536e-16,-2.196992e-19,-3.815703e-10
7238,7238.000000,3,2.666667e-11,7.319945e-11,3.316528e-16,-1.572900e-19,-6.737921e-11
7239,7239.000000,3,2.319211e-11,7.336265e-11,3.316520e-16,2.708520e-19,6.280054e-11
7240,7240.000000,3,1.623590e-11,7.357159e-11,3.316512e-16,1.379936e-19,5.720381e-10
7241,7241.000000,3,3.067413e-11,7.373280e-11,2.951996e-16,2.519592e-19,-2.736985e-10
7242,7242.000000,3,2.972911e-11,7.389112e-11,2.952126e-16,2.872765e-19,-4.018921e-10
7243,7243.000000,3,2.389555e-11,7.404699e-11,2.952257e-16,6.008640e-21,-2.422114e-10
7244,7244.000000,3,2.820144e-11,7.420797e-11,3.316480e-16,-3.965603e-19,-1.339051e-11
7245,7245.000000,3,3.877432e-11,7.435119e-11,2.952518e-16,8.075599e-20,-6.992457e-10
7246,7246.000000,3,1.877964e-11,7.451906e-11,3.316464e-16,2.301216e-19,-6.621265e-11
7247,7247.000000,3,2.092548e-11,7.466072e-11,2.952778e-16,8.452793e-20,-3.238981e-10
7248,7248.000000,3,2.654588e-11,7.479128e-11,3.316447e-16,3.363482e-19,1.596582e-10
7249,7249.000000,3,2.773248e-11,7.493939e-11,3.316420e-16,-2.538353e-19,1.270349e-10
7250,7250.000000,3,3.016254e-11,7.506107e-11,3.316431e-16,-9.047040e-20,-5.749925e-10
7251,7251.000000,3,2.450662e-11,7.522494e-11,3.316403e-16,3.455663e-19,5.730428e-10
7252,7252.000000,3,2.370371e-11,7.534351e-11,3.316414e-16,4.409170e-19,5.183706e-10
7253,7253.000000,3,2.602007e-11,7.548095e-11,3.316405e-16,1.003304e-19,-1.239135e-10
7254,7254.000000,3,2.165024e-11,7.558265e-11,2.953689e-16,3.960739e-19,5.766166e-10
7255,7255.000000,3,2.563638e-11,7.570344e-11,3.316388e-16,4.075221e-19,-3.107226e-11
7256,7256.000000,3,2.525979e-11,7.583267e-11,2.953950e-16,-4.166674e-20,3.595024e-10
7257,7257.000000,3,2.509637e-11,7.595347e-11,3.316371e-16,-6.505941e-20,-5.326086e-10
7258,7258.000000,3,2.197709e-11,7.602963e-11,3.316343e-16,-1.809474e-19,-2.340358e-10
7259,7259.000000,3,1.919176e-11,7.622947e-11,2.954340e-16,1.179063e-19,2.298207e-10
7260,7260.000000,3,2.643930e-11,7.628742e-11,3.316344e-16,-1.777115e-20,4.839011e-10
7261,7261.000000,3,1.725908e-11,6.309486e-11,3.316342e-16,2.197124e-19,3.356633e-10
7262,7262.000000,3,7.688072e-12,4.477152e-11,2.954729e-16,2.652371e-19,5.922873e-12
7263,7263.000000,3,1.013234e-11,3.421619e-11,3.693554e-16,2.271372e-19,-8.020551e-11
7264,7264.000000,3,1.006129e-11,2.481038e-11,3.316361e-16,2.961505e-19,2.816802e-10
7265,7265.000000,3,8.668621e-12,1.710543e-11,3.693878e-16,3.560516e-19,-4.361334e-10
7266,7266.000000,3,1.173817e-11,1.304934e-11,3.316386e-16,-1.747998e-20,-1.405306e-10
7267,7267.000000,3,1.211475e-11,1.163714e-11,3.316401e-16,-2.121553e-20,4.998013e-11
7268,7268.000000,3,1.795541e-11,1.128497e-11,3.316418e-16,-5.577844e-20,-6.187673e-11
7269,7269.000000,3,1.848122e-11,1.118772e-11,3.316418e-16,4.670262e-19,-3.270880e-10
7270,7270.000000,3,1.360689e-11,1.283462e-11,3.316438e-16,4.397954e-19,4.338886e-10
7271,7271.000000,3,1.637801e-11,1.770784e-11,2.955900e-16,8.650655e-20,-4.494602e-10
7272,7272.000000,3,2.103917e-11,2.236211e-11,2.956031e-16,-9.097994e-20,3.881005e-10
7273,7273.000000,3,2.788170e-11,2.677902e-11,2.956162e-16,-4.298858e-19,7.274326e-11
7274,7274.000000,3,1.799094e-11,3.104517e-11,2.956294e-16,-1.682816e-20,-7.029588e-11
7275,7275.000000,3,2.665246e-11,3.507172e-11,3.316559e-16,-9.568494e-20,-5.813524e-10
7276,7276.000000,3,3.425527e-11,3.901590e-11,3.316607e-16,2.366365e-19,-1.905858e-10
7277,7277.000000,3,2.807354e-11,4.282930e-11,2.956692e-16,-1.091548e-20,-1.083899e-10
7278,7278.000000,3,3.225864e-11,4.650058e-11,3.316646e-16,2.132339e-19,4.002552e-10
7279,7279.000000,3,3.492318e-11,5.006839e-11,3.316697e-16,-1.287192e-19,1.344552e-10
7280,7280.000000,3,3.743139e-11,5.356271e-11,2.957095e-16,-1.319221e-19,3.170297e-10
7281,7281.000000,3,3.426948e-11,5.693090e-11,3.316742e-16,2.544408e-21,-1.718389e-10
7282,7282.000000,3,3.826273e-11,6.017298e-11,3.316796e-16,-1.776652e-19,-1.429051e-10
7283,7283.000000,3,3.854694e-11,6.343082e-11,3.696881e-16,-1.233492e-20,2.429600e-10
7284,7284.000000,3,4.610712e-11,6.651946e-11,3.316866e-16,4.452548e-20,-2.613436e-10
7285,7285.000000,3,3.072387e-11,6.959722e-11,3.316903e-16,2.646415e-19,3.877484e-10
7286,7286.000000,3,4.013145e-11,7.260326e-11,2.957920e-16,1.215691e-19,-2.150141e-10
7287,7287.000000,3,4.032330e-11,7.551892e-11,3.316979e-16,-1.236635e-19,2.189106e-10
7288,7288.000000,3,5.180567e-11,7.837397e-11,3.316998e-16,4.429651e-19,6.457270e-10
7289,7289.000000,3,4.211387e-11,8.117662e-11,3.317058e-16,5.572319e-19,-2.881465e-10
7290,7290.000000,3,4.556000e-11,8.398726e-11,3.317099e-16,-4.594823e-19,5.638907e-10
7291,7291.000000,3,5.815792e-11,8.668821e-11,3.317140e-16,-1.679508e-20,4.073554e-10
7292,7292.000000,3,5.372414e-11,8.934276e-11,2.958769e-16,-3.788620e-19,3.504967e-10
7293,7293.000000,3,5.047696e-11,9.194179e-11,3.317225e-16,-2.762717e-19,-8.261247e-11
7294,7294.000000,3,4.435208e-11,9.452483e-11,3.317249e-16,2.761592e-19,6.430118e-11
7295,7295.000000,3,4.354916e-11,9.708812e-11,3.699004e-16,8.709219e-20,3.740574e-10
7296,7296.000000,3,4.913403e-11,9.958190e-11,3.317358e-16,1.926338e-19,-3.005722e-10
7297,7297.000000,4,6.885159e-12,7.593925e-14,3.699361e-16,2.408055e-19,3.956273e-10
7298,7298.000000,4,8.014922e-12,5.151435e-14,3.699546e-16,-1.901986e-19,3.726631e-10
7299,7299.000000,4,7.140954e-12,5.107026e-14,3.317498e-16,-3.632646e-20,3.592122e-10
7300,7300.000000,4,1.004707e-11,5.950795e-14,2.959942e-16,-4.004249e-19,2.098841e-10
7301,7301.000000,4,8.441248e-12,6.306067e-14,3.317574e-16,2.223825e-19,-3.581363e-11
7302,7302.000000,4,8.299139e-12,7.238654e-14,2.960242e-16,2.424566e-19,-3.819868e-10
7303,7303.000000,4,7.666756e-12,6.150636e-14,3.700486e-16,8.553709e-20,2.678452e-11
7304,7304.000000,4,7.290168e-12,5.417888e-14,3.317744e-16,4.746362e-20,-2.940568e-10
7305,7305.000000,4,1.026734e-11,7.727152e-14,3.317795e-16,-4.250782e-19,2.612475e-10
7306,7306.000000,4,5.933032e-12,5.107026e-14,3.317846e-16,3.037473e-19,-2.067633e-10
7307,7307.000000,4,7.823076e-12,7.327472e-14,3.317898e-16,-2.406103e-20,2.287515e-11
7308,7308.000000,4,8.419931e-12,5.906386e-14,2.961161e-16,2.843946e-19,-2.333032e-10
7309,7309.000000,4,8.569145e-12,6.150636e-14,2.961317e-16,-6.217685e-19,8.285927e-12
7310,7310.000000,4,1.237765e-11,5.817569e-14,3.318059e-16,3.091439e-19,8.830887e-10
7311,7311.000000,4,7.190692e-12,5.062617e-14,3.702035e-16,-4.129716e-19,4.721499e-10
7312,7312.000000,4,8.967049e-12,7.105427e-14,3.318168e-16,-4.755296e-20,-8.504963e-11
7313,7313.000000,4,8.490986e-12,6.017409e-14,2.961947e-16,1.236172e-19,3.549293e-10
7314,7314.000000,4,5.911716e-12,6.217249e-14,3.318260e-16,-4.043292e-19,-2.047412e-10
7315,7315.000000,4,8.910206e-12,7.638334e-14,3.318317e-16,3.217402e-19,-5.825702e-10
7316,7316.000000,4,6.444623e-12,5.950795e-14,3.703032e-16,-3.643731e-19,-3.664876e-10
7317,7317.000000,4,1.203659e-11,5.395684e-14,4.424576e-16,-6.432156e-21,-7.048100e-10
7318,7318.000000,4,9.492851e-12,7.416290e-14,3.318510e-16,-4.998090e-19,1.283380e-10
7319,7319.000000,4,7.098322e-12,6.639134e-14,3.318569e-16,-1.690393e-19,1.650535e-11
7320,7320.000000,4,8.185452e-12,5.462297e-14,3.318629e-16,2.674440e-20,1.316242e-10
7321,7321.000000,4,1.126210e-11,4.818368e-14,2.963241e-16,-1.202092e-19,2.904138e-10
7322,7322.000000,4,6.011192e-12,4.907186e-14,2.963406e-16,-9.761393e-20,3.442442e-10
7323,7323.000000,3,4.335732e-11,9.617707e-11,2.963572e-16,4.692364e-19,-6.939688e-11
7324,7324.000000,3,4.090595e-11,8.447310e-11,2.963738e-16,-9.477835e-20,1.089884e-10
7325,7325.000000,3,4.148859e-11,7.518874e-11,3.318831e-16,3.379198e-20,5.898742e-10
7326,7326.000000,3,3.075229e-11,6.675105e-11,3.705092e-16,9.308098e-20,1.227946e-11
7327,7327.000000,3,2.768985e-11,5.934986e-11,2.964241e-16,2.597347e-20,-4.300309e-10
7328,7328.000000,3,2.533795e-11,5.255241e-11,2.964410e-16,-3.346707e-19,-7.080297e-10
7329,7329.000000,3,2.584954e-11,4.637446e-11,3.318940e-16,5.356160e-20,-6.406503e-10
7330,7330.000000,3,2.179945e-11,4.065126e-11,2.964748e-16,-4.733922e-19,2.664055e-10
7331,7331.000000,3,2.290790e-11,3.534240e-11,3.318983e-16,4.528582e-19,-9.890144e-12
7332,7332.000000,3,2.044231e-11,3.026512e-11,3.319003e-16,-4.471408e-19,-1.050319e-10
7333,7333.000000,3,1.902123e-11,2.552891e-11,3.706572e-16,2.105737e-19,-6.144063e-11
7334,7334.000000,3,1.641354e-11,2.104805e-11,3.319038e-16,4.564912e-19,-2.510926e-10
7335,7335.000000,3,1.993072e-11,1.677591e-11,2.965597e-16,2.483924e-19,1.838523e-10
7336,7336.000000,3,1.728040e-11,1.272249e-11,3.707208e-16,2.353825e-20,-2.330149e-10
7337,7337.000000,3,2.125233e-11,8.849810e-12,3.707420e-16,1.985233e-22,-6.953715e-11
7338,7338.000000,3,8.355983e-12,5.129674e-12,3.319092e-16,-2.223925e-19,-5.428854e-10
7339,7339.000000,3,1.080736e-11,4.890977e-12,3.707838e-16,-2.049357e-19,3.700487e-10
7340,7340.000000,3,1.251266e-11,5.229817e-12,2.966442e-16,-5.931547e-20,-2.649470e-11
7341,7341.000000,3,1.010392e-11,6.166179e-12,2.966611e-16,-1.531177e-19,-1.013474e-10
7342,7342.000000,3,6.814105e-12,8.379741e-12,3.319130e-16,4.672214e-19,-2.659269e-10
7343,7343.000000,3,8.256507e-12,1.145928e-11,2.966946e-16,-1.140351e-19,4.112088e-11
7344,7344.000000,3,9.123369e-12,1.444400e-11,3.319144e-16,2.038669e-19,2.813766e-11
7345,7345.000000,3,6.721734e-12,1.733813e-11,3.319149e-16,-4.112378e-19,-2.505632e-10
7346,7346.000000,3,6.771472e-12,2.017564e-11,3.319154e-16,1.139359e-19,-6.965234e-11
7347,7347.000000,3,7.446488e-12,2.290879e-11,3.709516e-16,4.271329e-19,-6.058106e-10
7348,7348.000000,3,6.771472e-12,2.557954e-11,2.967779e-16,-2.343171e-19,-2.257181e-10
7349,7349.000000,3,7.148060e-12,2.815104e-11,2.967944e-16,-2.202120e-19,4.413686e-10
7350,7350.000000,3,9.166001e-12,3.062905e-11,3.710136e-16,3.946413e-19,5.013230e-10
7351,7351.000000,3,9.521273e-12,3.311884e-11,3.319165e-16,-1.458783e-19,3.223261e-11
7352,7352.000000,3,7.950973e-12,3.551937e-11,3.319165e-16,9.568494e-20,-2.760292e-10
7353,7353.000000,3,6.934897e-12,3.782952e-11,3.319145e-16,3.382639e-19,3.158845e-10
7354,7354.000000,3,6.778578e-12,4.014611e-11,3.319144e-16,7.027065e-20,5.012718e-11
7355,7355.000000,3,8.071765e-12,4.236567e-11,3.319162e-16,1.634410e-19,6.790487e-10
7356,7356.000000,3,9.457324e-12,4.454059e-11,3.319159e-16,2.241130e-19,1.013980e-10
7357,7357.000000,3,1.026024e-11,4.669309e-11,3.319156e-16,-9.608199e-20,-4.007522e-11
7358,7358.000000,3,7.638334e-12,4.874678e-11,3.319152e-16,2.465263e-19,4.409216e-10
7359,7359.000000,3,7.460699e-12,5.082224e-11,2.969573e-16,2.480946e-19,5.475854e-10
7360,7360.000000,3,8.256507e-12,5.281930e-11,3.319123e-16,-9.018585e-20,8.185314e-11
7361,7361.000000,3,1.057998e-11,5.476664e-11,2.969894e-16,-2.349259e-19,-3.590311e-10
7362,7362.000000,3,9.670487e-12,5.671286e-11,3.319131e-16,-3.700144e-20,3.503609e-10
7363,7363.000000,3,9.450218e-12,5.860579e-11,2.970212e-16,2.233024e-19,8.770501e-11
7364,7364.000000,3,1.781331e-11,6.045386e-11,3.319098e-16,-2.097498e-19,-1.086410e-10
7365,7365.000000,3,1.857359e-11,6.229772e-11,3.319110e-16,-1.350654e-19,-2.595896e-10
7366,7366.000000,3,1.143263e-11,6.409873e-11,3.319082e-16,-1.720900e-19,1.087099e-10
7367,7367.000000,3,1.384137e-11,6.584466e-11,2.970844e-16,1.583753e-19,2.394468e-11
7368,7368.000000,3,1.131184e-11,6.757350e-11,2.971001e-16,-3.626591e-19,-2.148846e-10
7369,7369.000000,3,1.674039e-11,6.925993e-11,3.713942e-16,-2.937649e-19,-1.538020e-11
7370,7370.000000,3,1.293188e-11,7.097900e-11,3.319064e-16,-3.346773e-20,5.223968e-10
7371,7371.000000,3,2.125944e-11,7.259593e-11,2.971464e-16,-2.621732e-19,-1.004133e-10
7372,7372.000000,3,1.917755e-11,7.425283e-11,3.319042e-16,-2.965608e-20,-4.771554e-10
7373,7373.000000,3,1.659117e-11,7.584489e-11,2.971777e-16,-7.311284e-20,1.866324e-10
7374,7374.000000,3,2.106759e-11,7.743384e-11,2.971931e-16,-1.427151e-19,4.215709e-10
7375,7375.000000,3,1.841016e-11,7.898660e-11,3.715100e-16,-3.803277e-19,4.376695e-10
7376,7376.000000,3,2.680167e-11,8.051049e-11,2.972238e-16,-4.630888e-20,-3.853589e-10
7377,7377.000000,3,1.509903e-11,8.199130e-11,4.425307e-16,-7.927103e-19,2.971904e-10
7378,7378.000000,3,3.171152e-11,8.348877e-11,2.972542e-16,1.719609e-19,-6.141709e-11
7379,7379.000000,3,2.517453e-11,8.496626e-11,3.318952e-16,-1.191008e-19,2.340069e-10
7380,7380.000000,3,2.307132e-11,8.640733e-11,2.972845e-16,-7.619988e-21,-2.185306e-10
7381,7381.000000,3,2.377476e-11,7.289791e-11,2.972996e-16,2.177801e-19,-1.732528e-10
7382,7382.000000,3,1.057288e-11,5.350742e-11,3.318927e-16,2.516614e-20,5.826208e-10
7383,7383.000000,3,9.741541e-12,4.294831e-11,3.716612e-16,6.219637e-19,3.421678e-10
7384,7384.000000,3,6.664891e-12,3.363221e-11,4.425244e-16,-2.393530e-19,-3.058304e-11
7385,7385.000000,3,6.430412e-12,2.618705e-11,3.318939e-16,1.692676e-19,-2.274546e-10
7386,7386.000000,3,7.062795e-12,1.945133e-11,2.973743e-16,2.372023e-20,1.341252e-10
7387,7387.000000,3,9.720225e-12,1.357203e-11,2.973891e-16,3.713247e-19,-3.197775e-10
7388,7388.000000,3,7.716494e-12,1.058464e-11,2.974039e-16,-2.721358e-19,-4.617875e-10
7389,7389.000000,3,1.267608e-11,9.461543e-12,2.974186e-16,2.222303e-19,1.428571e-10
7390,7390.000000,3,1.346478e-11,9.134693e-12,3.318998e-16,3.477467e-21,-1.027592e-10
7391,7391.000000,3,1.755041e-11,9.049428e-12,3.718102e-16,2.936723e-19,-3.246511e-10
7392,7392.000000,3,1.352873e-11,9.869439e-12,3.319031e-16,-7.425766e-20,5.330554e-10
7393,7393.000000,3,1.196554e-11,1.372702e-11,4.425372e-16,-4.710959e-20,1.983022e-10
7394,7394.000000,3,1.130473e-11,1.738720e-11,3.319068e-16,3.556215e-20,3.424955e-11
7395,7395.000000,3,2.494716e-11,2.089440e-11,3.718830e-16,-1.806562e-20,5.292414e-10
7396,7396.000000,3,1.457323e-11,2.418243e-11,3.319110e-16,1.743697e-21,-2.180267e-11
7397,7397.000000,3,1.467271e-11,2.738365e-11,2.975367e-16,-1.378381e-19,1.170356e-10
7398,7398.000000,3,1.487166e-11,3.042744e-11,3.319155e-16,9.022886e-20,-2.474417e-10
7399,7399.000000,3,2.223999e-11,3.337886e-11,2.975664e-16,-3.074895e-19,-2.274727e-10
7400,7400.000000,3,2.755485e-11,3.621148e-11,2.975812e-16,-1.227205e-19,1.109376e-10
7401,7401.000000,3,3.053202e-11,3.895706e-11,3.319229e-16,1.581536e-19,9.868678e-11
7402,7402.000000,3,2.568612e-11,4.162093e-11,3.319256e-16,6.814976e-20,1.389404e-10
7403,7403.000000,3,2.893330e-11,4.419731e-11,2.976261e-16,-3.339130e-19,7.263457e-10
7404,7404.000000,3,2.214051e-11,4.670020e-11,2.976411e-16,-4.413174e-20,-1.955556e-10
7405,7405.000000,3,3.723954e-11,4.913336e-11,4.425759e-16,-1.496403e-19,-3.934559e-10
7406,7406.000000,3,2.846434e-11,5.150347e-11,3.720891e-16,1.129135e-19,-7.852091e-11
7407,7407.000000,3,3.653611e-11,5.382339e-11,2.976864e-16,1.200603e-19,4.182321e-10
7408,7408.000000,3,3.319656e-11,5.609269e-11,2.977011e-16,-1.226014e-19,-5.425422e-10
7409,7409.000000,3,1.965361e-11,5.825029e-11,2.977168e-16,8.393898e-20,-4.106199e-11
7410,7410.000000,3,3.452527e-11,6.041079e-11,2.977321e-16,2.531007e-19,-2.086437e-10
7411,7411.000000,3,3.806377e-11,6.250134e-11,3.319523e-16,5.396758e-19,4.667610e-10
7412,7412.000000,3,2.639666e-11,6.455125e-11,3.319556e-16,-2.765496e-19,-5.453504e-10
7413,7413.000000,3,3.434764e-11,6.656586e-11,3.319590e-16,3.043561e-19,-2.302663e-10
7414,7414.000000,3,3.021938e-11,6.856538e-11,2.977937e-16,-1.577103e-19,2.186811e-10
7415,7415.000000,3,2.591349e-11,7.043854e-11,2.978092e-16,-5.711186e-20,-3.410638e-10
7416,7416.000000,3,3.331735e-11,7.237766e-11,2.978247e-16,1.930110e-19,-1.599606e-10
7417,7417.000000,3,2.857803e-11,7.419532e-11,3.723000e-16,-3.344159e-19,-7.007542e-10
7418,7418.000000,3,2.951595e-11,7.600831e-11,3.723196e-16,7.436354e-20,-2.250346e-10
7419,7419.000000,3,4.217071e-11,7.781087e-11,3.723393e-16,1.685893e-19,5.407994e-10
7420,7420.000000,3,3.640110e-11,7.956924e-11,3.319839e-16,-2.392306e-19,-5.839773e-11
7421,7421.000000,3,4.036593e-11,8.132162e-11,3.319877e-16,4.896909e-21,-3.200543e-10
7422,7422.000000,3,3.610268e-11,8.300760e-11,3.319915e-16,6.736228e-19,-2.378902e-10
7423,7423.000000,3,3.473133e-11,8.469847e-11,2.979349e-16,-1.210000e-19,2.472678e-10
7424,7424.000000,3,3.996092e-11,8.632539e-11,3.319992e-16,3.288870e-20,1.888286e-10
7425,7425.000000,3,4.675371e-11,8.797252e-11,3.320032e-16,-1.766328e-19,3.348589e-10
7426,7426.000000,3,3.166889e-11,8.957701e-11,3.320072e-16,1.304298e-19,-2.682685e-10
7427,7427.000000,3,4.363443e-11,9.117307e-11,2.979990e-16,-5.674360e-19,-1.363656e-10
7428,7428.000000,3,4.071410e-11,9.271206e-11,3.725188e-16,8.909397e-20,1.210002e-10
7429,7429.000000,3,3.682032e-11,9.428169e-11,2.980313e-16,5.170706e-19,-6.716749e-11
7430,7430.000000,3,3.464606e-11,9.578449e-11,2.980475e-16,-9.023217e-20,-2.904056e-10
7431,7431.000000,3,4.166623e-11,9.730727e-11,3.320258e-16,-7.851268e-20,4.576123e-10
7432,7432.000000,3,3.642953e-11,9.878831e-11,3.320300e-16,2.937649e-19,-1.848653e-10
7433,7433.000000,4,7.311485e-12,6.172840e-14,3.726207e-16,-9.004357e-20,-2.205491e-10
7434,7434.000000,4,6.657785e-12,5.395684e-14,3.320407e-16,1.120962e-19,-3.105760e-11
7435,7435.000000,4,1.205080e-11,5.373479e-14,3.726618e-16,2.089789e-20,3.790469e-10
7436,7436.000000,4,6.451728e-12,5.817569e-14,3.320495e-16,-2.520916e-20,1.819069e-10
7437,7437.000000,4,8.611778e-12,5.595524e-14,3.320539e-16,-5.957090e-19,-1.546057e-10
7438,7438.000000,4,6.608047e-12,5.284662e-14,3.320584e-16,-1.947018e-19,-4.881868e-10
7439,7439.000000,4,4.419576e-12,5.173639e-14,3.320629e-16,-2.407790e-19,1.315036e-10
7440,7440.000000,4,1.378453e-11,4.507505e-14,3.320675e-16,-1.660979e-19,-5.424041e-10
7441,7441.000000,3,3.260681e-11,9.383316e-11,3.320713e-16,-9.903006e-20,4.667646e-10
7442,7442.000000,3,2.544454e-11,7.083045e-11,3.320743e-16,8.234748e-20,-9.221091e-11
7443,7443.000000,3,3.319656e-11,5.809997e-11,3.320750e-16,1.079338e-19,-6.504186e-12
7444,7444.000000,3,1.985967e-11,4.687006e-11,3.320793e-16,-4.164093e-19,-1.515508e-10
7445,7445.000000,3,2.003020e-11,3.786105e-11,3.320814e-16,1.003436e-19,-1.043499e-09
7446,7446.000000,3,1.670486e-11,2.963341e-11,2.983139e-16,2.320572e-19,-2.570998e-10
7447,7447.000000,3,2.219025e-11,2.243872e-11,2.983309e-16,3.028242e-19,-2.679845e-10
7448,7448.000000,3,1.514877e-11,1.576472e-11,3.320861e-16,7.591533e-20,1.391165e-10
7449,7449.000000,3,1.693934e-11,9.684475e-12,3.729563e-16,-3.357956e-19,-2.343364e-11
7450,7450.000000,3,1.086420e-11,3.977041e-12,3.320864e-16,-1.245933e-19,-1.412838e-10
7451,7451.000000,3,1.374900e-11,4.078293e-12,2.983992e-16,6.625717e-20,4.541251e-10
7452,7452.000000,3,7.226220e-12,6.409762e-12,2.984163e-16,3.697067e-19,1.844651e-10
7453,7453.000000,3,5.726974e-12,1.114175e-11,3.320906e-16,-4.197114e-19,-6.568135e-12
7454,7454.000000,3,8.562040e-12,1.566236e-11,3.320911e-16,-1.448062e-19,1.117568e-09
7455,7455.000000,3,9.663381e-12,2.001088e-11,2.984674e-16,5.107344e-20,2.878288e-10
7456,7456.000000,3,7.851497e-12,2.412714e-11,3.731051e-16,-6.711743e-20,-8.774959e-11
7457,7457.000000,3,7.133849e-12,2.810352e-11,2.985014e-16,-3.207277e-19,3.254076e-10
7458,7458.000000,3,1.090683e-11,3.190959e-11,3.320917e-16,-4.173788e-19,-5.292942e-10
7459,7459.000000,3,8.988366e-12,3.560174e-11,2.985352e-16,-1.775163e-19,2.019350e-10
7460,7460.000000,3,8.014922e-12,3.913758e-11,3.731901e-16,6.541841e-19,-8.689749e-11
7461,7461.000000,3,1.218581e-11,4.252887e-11,3.320891e-16,1.654229e-19,-6.983636e-12
7462,7462.000000,3,6.387779e-12,4.586687e-11,2.985857e-16,5.545419e-21,1.038403e-10
7463,7463.000000,3,1.556089e-11,4.913159e-11,2.986024e-16,-4.481268e-19,9.974277e-11
7464,7464.000000,3,8.128609e-12,5.222933e-11,3.320895e-16,1.966804e-19,5.489423e-10
7465,7465.000000,3,8.185452e-12,5.527889e-11,2.986357e-16,6.114982e-19,-1.229093e-10
7466,7466.000000,3,1.198686e-11,5.823875e-11,2.986523e-16,-1.456268e-19,1.538881e-10
7467,7467.000000,3,1.860201e-11,6.110756e-11,3.320872e-16,-2.480483e-19,-3.237979e-10
7468,7468.000000,3,1.081446e-11,6.394063e-11,2.986853e-16,8.632755e-19,4.905802e-10
7469,7469.000000,3,1.159606e-11,6.669176e-11,3.320832e-16,3.050576e-19,-3.377162e-10
7470,7470.000000,3,1.897149e-11,6.934520e-11,3.320821e-16,1.525321e-20,-8.648898e-11
7471,7471.000000,3,1.787726e-11,7.198220e-11,2.987343e-16,-1.808680e-19,3.744926e-10
7472,7472.000000,3,1.843148e-11,7.453926e-11,4.427755e-16,5.694311e-21,2.011633e-10
7473,7473.000000,3,1.684697e-11,7.705103e-11,2.987668e-16,2.460962e-19,2.222748e-10
7474,7474.000000,3,2.297185e-11,7.952528e-11,3.320789e-16,-3.734555e-20,1.055430e-10
7475,7475.000000,3,1.930545e-11,8.191803e-11,3.320775e-16,-2.782437e-19,1.581877e-10
7476,7476.000000,3,2.312106e-11,8.427437e-11,2.988151e-16,8.271806e-20,3.591381e-10
7477,7477.000000,3,3.064571e-11,8.658985e-11,3.320743e-16,-3.618088e-20,-3.020226e-10
7478,7478.000000,3,3.071676e-11,8.886025e-11,3.320727e-16,2.144251e-19,-1.822200e-10
7479,7479.000000,3,2.471268e-11,9.112977e-11,3.320709e-16,2.857347e-19,2.898740e-10
7480,7480.000000,3,2.984279e-11,9.329804e-11,2.988787e-16,-1.967234e-19,-5.280030e-10
7481,7481.000000,3,1.863043e-11,9.547518e-11,2.988945e-16,3.680391e-19,2.996453e-10
7482,7482.000000,3,2.855671e-11,9.759038e-11,2.989102e-16,1.492862e-19,5.319635e-10
7483,7483.000000,3,3.174705e-11,9.968315e-11,3.320634e-16,-5.904548e-19,-5.076495e-10
7484,7484.000000,4,5.954348e-12,7.194245e-14,3.320614e-16,4.544233e-19,-1.938344e-11
7485,7485.000000,4,9.620749e-12,8.570922e-14,2.989569e-16,-2.700149e-19,-2.629478e-10
7486,7486.000000,4,6.757261e-12,4.907186e-14,2.989724e-16,-1.495112e-19,-6.301792e-12
7487,7487.000000,4,9.571011e-12,5.462297e-14,3.320549e-16,9.568825e-20,8.255396e-11
7488,7488.000000,4,8.313350e-12,6.661338e-14,3.737533e-16,-4.663644e-20,-5.166906e-11
7489,7489.000000,4,7.702283e-12,6.972201e-14,3.320504e-16,3.108644e-19,-3.290634e-11
7490,7490.000000,4,5.840661e-12,7.038814e-14,2.990337e-16,3.382705e-19,-3.997747e-11
7491,7491.000000,4,6.707523e-12,7.083223e-14,3.738103e-16,4.277020e-19,3.259681e-11
7492,7492.000000,4,7.830181e-12,6.794565e-14,3.320431e-16,-3.996606e-20,9.028012e-11
7493,7493.000000,4,6.494361e-12,5.884182e-14,3.320406e-16,1.291394e-19,-2.958054e-10
7494,7494.000000,4,8.824941e-12,6.905587e-14,2.990940e-16,3.101927e-20,4.181605e-11
7495,7495.000000,4,6.330936e-12,7.482903e-14,3.320354e-16,-2.967527e-19,1.728548e-10
7496,7496.000000,4,7.595702e-12,5.129230e-14,2.991239e-16,-5.167066e-19,-6.196454e-11
7497,7497.000000,4,8.718359e-12,6.616929e-14,3.320300e-16,-1.690294e-19,-1.400056e-10
7498,7498.000000,4,9.173107e-12,8.126833e-14,3.320272e-16,-3.056002e-19,8.673640e-11
7499,7499.000000,4,7.048584e-12,5.973000e-14,3.320244e-16,-1.745781e-19,3.404575e-10
7500,7500.000000,4,7.787548e-12,6.350476e-14,2.991829e-16,1.254403e-19,-9.424533e-11
7501,7501.000000,4,5.726974e-12,6.172840e-14,3.739968e-16,-3.727607e-20,-4.631074e-10
7502,7502.000000,4,7.268852e-12,5.684342e-14,3.320175e-16,-5.453602e-19,4.224118e-10
7503,7503.000000,3,4.411760e-11,9.404255e-11,3.320140e-16,-2.169000e-19,2.054356e-10
7504,7504.000000,3,3.331735e-11,8.629386e-11,3.320127e-16,9.917896e-20,-4.227196e-11
7505,7505.000000,3,2.540190e-11,8.017809e-11,3.320116e-16,-8.013395e-20,2.136981e-10
7506,7506.000000,3,2.278711e-11,7.469070e-11,3.320107e-16,3.642043e-19,1.600647e-11
7507,7507.000000,3,2.447109e-11,6.988254e-11,2.992840e-16,-7.004896e-20,1.189272e-10
7508,7508.000000,3,1.755751e-11,6.550827e-11,2.992982e-16,-2.911345e-20,5.021794e-10
7509,7509.000000,3,1.464429e-11,6.155143e-11,3.741392e-16,5.850483e-20,2.762772e-10
7510,7510.000000,3,1.752909e-11,5.786549e-11,2.993266e-16,4.295747e-19,-3.473593e-10
7511,7511.000000,3,1.460165e-11,5.447376e-11,3.320100e-16,2.204966e-19,-6.387434e-10
7512,7512.000000,3,2.003020e-11,5.125544e-11,3.320098e-16,5.570565e-20,-6.253003e-10
7513,7513.000000,3,1.220712e-11,4.830913e-11,3.320097e-16,-3.006007e-19,-5.274091e-10
7514,7514.000000,3,1.179501e-11,4.545164e-11,3.320077e-16,-1.251193e-19,-6.286523e-10
7515,7515.000000,3,1.456613e-11,4.279110e-11,3.320097e-16,3.596052e-19,3.556125e-10
7516,7516.000000,3,1.387690e-11,4.025247e-11,2.994114e-16,5.710094e-19,-2.545992e-10
7517,7517.000000,3,7.737810e-12,3.781908e-11,3.320080e-16,1.992016e-19,-3.725680e-10
7518,7518.000000,3,8.803624e-12,3.550027e-11,2.994397e-16,2.307801e-19,4.467826e-10
7519,7519.000000,3,9.663381e-12,3.326384e-11,2.994538e-16,-4.208066e-19,-2.031626e-10
7520,7520.000000,3,7.844392e-12,3.115419e-11,3.320109e-16,-9.485115e-20,-2.702213e-10
7521,7521.000000,3,1.548273e-11,2.909961e-11,2.994821e-16,3.470850e-19,3.945380e-10
7522,7522.000000,3,5.684342e-12,2.714273e-11,3.320098e-16,-1.823768e-20,1.429652e-10
7523,7523.000000,3,7.489120e-12,2.522516e-11,2.995105e-16,1.409880e-19,-8.379886e-11
7524,7524.000000,3,6.160406e-12,2.341927e-11,3.320110e-16,-1.183894e-19,-1.444713e-10
7525,7525.000000,3,7.233325e-12,2.160827e-11,3.320136e-16,-2.933050e-19,4.637082e-10
7526,7526.000000,3,8.185452e-12,1.988831e-11,2.995532e-16,-2.049092e-19,9.907392e-11
7527,7527.000000,3,7.446488e-12,1.821321e-11,2.995675e-16,1.424240e-19,-2.491618e-11
7528,7528.000000,3,8.114398e-12,1.660272e-11,3.320159e-16,-2.898209e-19,3.302852e-10
7529,7529.000000,3,1.209344e-11,1.500977e-11,2.995961e-16,-2.023979e-19,-5.639574e-10
7530,7530.000000,3,7.013057e-12,1.349232e-11,3.745118e-16,1.895898e-19,3.708375e-10
7531,7531.000000,3,6.124878e-12,1.203726e-11,2.996248e-16,9.071193e-20,-2.299091e-10
7532,7532.000000,3,8.384404e-12,1.083666e-11,3.745478e-16,1.206923e-19,1.575877e-10
7533,7533.000000,3,7.737810e-12,9.956480e-12,3.320205e-16,1.045920e-19,-4.210004e-10
7534,7534.000000,3,8.149925e-12,9.373169e-12,3.320216e-16,8.156993e-20,-2.441406e-10
7535,7535.000000,3,6.522782e-12,8.896439e-12,3.320226e-16,-5.226326e-19,-2.066044e-10
7536,7536.000000,3,8.533618e-12,8.568923e-12,3.320238e-16,-5.987795e-20,-3.760509e-11
7537,7537.000000,3,1.124789e-11,8.270495e-12,3.746395e-16,-5.087492e-19,6.824691e-10
7538,7538.000000,3,9.542589e-12,8.073986e-12,3.320242e-16,2.975468e-19,1.078708e-09
7539,7539.000000,3,1.092104e-11,7.921219e-12,3.320274e-16,5.545981e-19,4.265882e-11
7540,7540.000000,3,9.443113e-12,7.824408e-12,3.320287e-16,2.283018e-22,-3.948597e-10
7541,7541.000000,3,1.079314e-11,7.761125e-12,2.997701e-16,1.349826e-19,-7.154978e-10
7542,7542.000000,3,9.777068e-12,7.718715e-12,2.997847e-16,1.288119e-19,1.603499e-10
7543,7543.000000,3,1.037392e-11,7.661205e-12,2.997995e-16,9.667425e-20,7.743911e-11
7544,7544.000000,3,1.512035e-11,7.675194e-12,3.747677e-16,4.094412e-19,8.995027e-11
7545,7545.000000,3,1.465139e-11,7.677192e-12,3.747852e-16,7.650759e-20,3.253326e-10
7546,7546.000000,3,1.663381e-11,7.682077e-12,2.998438e-16,-5.479244e-20,-3.642984e-10
7547,7547.000000,3,1.195133e-11,7.813750e-12,3.748223e-16,-4.064170e-19,1.932787e-11
7548,7548.000000,3,1.293188e-11,8.827383e-12,3.320400e-16,2.401868e-19,-3.120533e-10
7549,7549.000000,3,1.026024e-11,9.863443e-12,3.320416e-16,-6.133743e-19,1.808180e-10
7550,7550.000000,3,9.350742e-12,1.089351e-11,3.320411e-16,6.481787e-20,2.045729e-10
7551,7551.000000,3,8.689938e-12,1.189737e-11,2.999182e-16,-5.950406e-20,1.232919e-11
7552,7552.000000,3,2.022915e-11,1.285350e-11,3.320464e-16,-1.908570e-19,-1.047410e-10
7553,7553.000000,3,1.153921e-11,1.380029e-11,3.320481e-16,-5.213786e-19,2.633501e-10
7554,7554.000000,3,9.137580e-12,1.475930e-11,3.320478e-16,3.262698e-19,-4.282785e-11
7555,7555.000000,3,1.122658e-11,1.571454e-11,3.320515e-16,2.656739e-19,3.711886e-10
7556,7556.000000,3,1.917044e-11,1.664335e-11,3.320532e-16,-5.360130e-20,-2.728567e-10
7557,7557.000000,3,1.499956e-11,1.750378e-11,3.750097e-16,-9.872566e-20,8.053502e-12
7558,7558.000000,3,1.569589e-11,1.844591e-11,3.320548e-16,3.163800e-19,-3.898808e-10
7559,7559.000000,3,1.295319e-11,1.929923e-11,3.320586e-16,5.060856e-19,-2.779836e-10
7560,7560.000000,3,1.565326e-11,2.019318e-11,3.320604e-16,1.182537e-19,1.452166e-10
7561,7561.000000,3,1.739409e-11,2.158762e-11,3.320623e-16,1.732811e-19,-5.860020e-10
7562,7562.000000,3,1.730172e-11,2.312750e-11,3.000844e-16,7.159083e-20,-2.015499e-12
7563,7563.000000,3,1.757172e-11,2.436451e-11,3.320663e-16,2.525846e-19,2.718478e-10
7564,7564.000000,3,2.538059e-11,2.559375e-11,3.320683e-16,1.641623e-19,-2.511019e-10
7565,7565.000000,3,1.234923e-11,2.669043e-11,3.751623e-16,2.989398e-19,-6.923879e-10
7566,7566.000000,3,1.097078e-11,2.778910e-11,3.751815e-16,-7.290439e-20,-8.062045e-11
7567,7567.000000,3,2.444978e-11,2.885203e-11,3.320745e-16,2.670338e-19,1.592746e-10
7568,7568.000000,3,1.593037e-11,2.988454e-11,3.320746e-16,3.296149e-20,-4.125232e-10
7569,7569.000000,3,2.041389e-11,3.086975e-11,3.001920e-16,1.978120e-19,-1.217555e-10
7570,7570.000000,3,1.893596e-11,3.186340e-11,3.002075e-16,1.237727e-19,4.550477e-10
7571,7571.000000,3,1.938361e-11,3.281420e-11,3.002230e-16,2.944399e-19,6.430259e-10
7572,7572.000000,3,3.365841e-11,3.377121e-11,3.320854e-16,4.309975e-19,2.662552e-10
7573,7573.000000,3,1.971046e-11,3.467426e-11,3.753170e-16,4.737561e-19,-2.583172e-10
7574,7574.000000,3,2.231104e-11,3.558753e-11,3.320900e-16,2.868001e-20,6.445378e-11
7575,7575.000000,3,1.816858e-11,3.647460e-11,3.002853e-16,-1.204739e-19,8.054057e-11
7576,7576.000000,3,2.937384e-11,3.737965e-11,3.320927e-16,-7.723882e-20,3.476071e-10
7577,7577.000000,3,1.860911e-11,3.823231e-11,3.003162e-16,5.526228e-20,-6.990553e-11
7578,7578.000000,3,2.451372e-11,3.909451e-11,3.003323e-16,2.842193e-21,-6.578821e-11
7579,7579.000000,3,2.079048e-11,3.994782e-11,3.003480e-16,2.625471e-20,-3.405162e-10
7580,7580.000000,3,2.176392e-11,4.080247e-11,3.754547e-16,1.706804e-19,3.407830e-13
7581,7581.000000,3,1.987388e-11,4.162670e-11,3.003796e-16,-5.618872e-20,-1.570097e-10
7582,7582.000000,3,1.554668e-11,4.244582e-11,3.003954e-16,1.672129e-19,-1.375064e-10
7583,7583.000000,3,2.642508e-11,4.324385e-11,3.321117e-16,-1.312636e-19,5.634642e-10
7584,7584.000000,3,2.329870e-11,4.402545e-11,3.321143e-16,-7.074115e-19,2.750677e-10
7585,7585.000000,3,2.585665e-11,4.483103e-11,3.004430e-16,2.179786e-20,3.473560e-10
7586,7586.000000,3,2.928147e-11,4.560752e-11,3.004589e-16,1.982256e-20,1.073883e-10
7587,7587.000000,3,2.545164e-11,4.637868e-11,3.755936e-16,5.828017e-19,1.092773e-10
7588,7588.000000,3,2.753353e-11,4.714673e-11,3.321226e-16,-3.291153e-19,-3.814281e-10
7589,7589.000000,3,2.691536e-11,4.791012e-11,3.005069e-16,-5.505383e-20,1.902640e-10
7590,7590.000000,3,2.862066e-11,4.862444e-11,4.428399e-16,4.981646e-19,2.263624e-10
7591,7591.000000,3,1.941913e-11,4.939493e-11,3.321326e-16,-3.618055e-19,1.413902e-10
7592,7592.000000,3,2.511058e-11,5.012279e-11,3.756939e-16,-2.074238e-20,1.905136e-10
7593,7593.000000,3,2.521716e-11,5.082756e-11,3.321380e-16,1.735094e-20,-3.719006e-10
7594,7594.000000,3,3.018386e-11,5.155543e-11,3.005874e-16,9.076157e-20,-1.930817e-11
7595,7595.000000,3,2.390976e-11,5.227885e-11,3.757545e-16,1.683015e-19,4.492867e-11
7596,7596.000000,3,2.499689e-11,5.299561e-11,3.321463e-16,1.068287e-19,-3.684648e-10
7597,7597.000000,3,3.011991e-11,5.367373e-11,3.321490e-16,-2.783330e-19,3.110227e-10
7598,7598.000000,3,2.122391e-11,5.438028e-11,3.321519e-16,-2.667161e-20,1.916031e-10
7599,7599.000000,3,2.675193e-11,5.507350e-11,3.321547e-16,-2.309819e-20,1.029585e-10
7600,7600.000000,3,2.233236e-11,5.575895e-11,3.006849e-16,3.138687e-19,3.380851e-10
7601,7601.000000,3,2.768985e-11,5.647327e-11,3.007012e-16,3.063281e-19,5.608920e-10
7602,7602.000000,3,1.622169e-11,5.711365e-11,3.321633e-16,3.732140e-19,5.130751e-11
7603,7603.000000,3,3.084466e-11,5.779266e-11,3.759175e-16,2.179025e-19,1.848636e-10
7604,7604.000000,3,2.773959e-11,5.846679e-11,3.007504e-16,2.269784e-21,6.957301e-11
7605,7605.000000,3,2.938094e-11,5.909162e-11,3.321721e-16,-4.786398e-20,5.640225e-10
7606,7606.000000,3,2.589218e-11,5.979151e-11,3.321751e-16,-1.200074e-20,4.135917e-10
7607,7607.000000,3,1.744382e-11,6.039724e-11,3.007999e-16,-1.253443e-19,-6.676069e-10
7608,7608.000000,3,2.639666e-11,6.106293e-11,3.321810e-16,2.897945e-19,2.484420e-10
7609,7609.000000,3,2.774669e-11,6.174083e-11,3.008330e-16,-2.855758e-19,9.942502e-11
7610,7610.000000,3,2.891198e-11,6.234768e-11,3.321871e-16,7.178670e-19,-1.164130e-11
7611,7611.000000,3,2.216183e-11,6.299872e-11,3.008662e-16,-9.425227e-20,-2.071835e-10
7612,7612.000000,3,2.420819e-11,6.358958e-11,3.008828e-16,-1.756270e-19,9.250334e-11
7613,7613.000000,3,3.515765e-11,6.422418e-11,3.008995e-16,-1.914526e-19,9.866691e-11
7614,7614.000000,3,3.051071e-11,6.484369e-11,3.321994e-16,-3.847482e-19,-8.418655e-12
7615,7615.000000,3,2.629719e-11,6.545120e-11,3.761661e-16,3.007199e-19,-2.520052e-10
7616,7616.000000,3,2.705036e-11,6.606538e-11,3.322056e-16,-1.356179e-19,-2.574257e-10
7617,7617.000000,3,2.405187e-11,6.667822e-11,3.009664e-16,3.014246e-21,7.552148e-11
7618,7618.000000,3,2.992095e-11,6.728018e-11,3.322119e-16,1.009160e-21,-4.075947e-10
7619,7619.000000,3,2.833644e-11,6.786705e-11,3.322131e-16,1.039601e-20,-1.887493e-10
7620,7620.000000,3,2.584244e-11,6.846435e-11,3.010168e-16,-3.880867e-19,-3.581996e-10
7621,7621.000000,3,3.425527e-11,6.593170e-11,3.322214e-16,1.714878e-19,8.274104e-11
7622,7622.000000,3,3.292655e-11,6.223133e-11,3.010505e-16,-9.985063e-20,2.355636e-10
7623,7623.000000,3,2.821565e-11,6.029577e-11,3.010674e-16,-3.388231e-19,-4.930827e-10
7624,7624.000000,3,2.349054e-11,5.861844e-11,3.322301e-16,1.445051e-19,1.900439e-10
7625,7625.000000,3,2.651745e-11,5.735457e-11,3.322308e-16,4.030189e-19,1.195629e-10
7626,7626.000000,3,2.937384e-11,5.623013e-11,3.322356e-16,-4.639656e-19,6.073781e-10
7627,7627.000000,3,2.039258e-11,5.526779e-11,3.322383e-16,1.832999e-19,-6.135630e-10
7628,7628.000000,3,2.449241e-11,5.441203e-11,3.764401e-16,-1.698566e-19,-2.741973e-10
7629,7629.000000,3,2.457057e-11,5.369882e-11,3.322417e-16,-1.643310e-19,-5.659896e-10
7630,7630.000000,3,2.605560e-11,5.302292e-11,3.764831e-16,1.956977e-19,-3.143841e-10
7631,7631.000000,3,1.944755e-11,5.240830e-11,3.012035e-16,1.318294e-19,-2.642392e-10
7632,7632.000000,3,2.087575e-11,5.184053e-11,3.322496e-16,-8.909728e-20,6.380835e-11
7633,7633.000000,3,2.267342e-11,5.131917e-11,3.012377e-16,-1.949036e-19,-1.729906e-10
7634,7634.000000,3,2.842881e-11,5.086132e-11,3.322568e-16,-4.471672e-19,3.695347e-10
7635,7635.000000,3,2.756195e-11,5.041900e-11,3.322594e-16,9.981423e-20,7.276091e-11
7636,7636.000000,3,2.135181e-11,5.001710e-11,3.322620e-16,2.723840e-19,-4.238135e-10
7637,7637.000000,3,1.657696e-11,4.962208e-11,3.013062e-16,-2.673249e-19,2.210354e-11
7638,7638.000000,3,1.834621e-11,4.927392e-11,3.013234e-16,-1.932956e-19,2.309973e-10
7639,7639.000000,3,3.166178e-11,4.892908e-11,3.322676e-16,-2.536136e-20,-1.734000e-10
7640,7640.000000,3,2.533085e-11,4.863510e-11,3.322721e-16,2.482369e-19,-1.589162e-10
7641,7641.000000,3,2.789591e-11,4.836243e-11,3.013749e-16,1.242889e-19,-4.118292e-10
7642,7642.000000,3,1.463007e-11,4.809553e-11,3.322771e-16,-4.739977e-19,-3.040269e-10
7643,7643.000000,3,2.737721e-11,4.782041e-11,3.767612e-16,6.809020e-20,-1.963102e-10
7644,7644.000000,3,3.267786e-11,4.761658e-11,3.767831e-16,-1.712694e-19,3.863743e-10
7645,7645.000000,3,2.670930e-11,4.737633e-11,3.768046e-16,3.428366e-19,7.818901e-11
7646,7646.000000,3,2.650324e-11,4.717537e-11,3.014609e-16,1.845241e-19,3.453914e-10
7647,7647.000000,3,1.477929e-11,4.701217e-11,3.322875e-16,-9.454674e-20,-3.747014e-11
7648,7648.000000,3,2.201972e-11,4.679834e-11,3.768692e-16,-1.713885e-19,-3.376571e-10
7649,7649.000000,3,3.101519e-11,4.662337e-11,3.322944e-16,3.142228e-19,2.457013e-10
7650,7650.000000,3,2.048495e-11,4.645018e-11,3.322969e-16,2.780981e-19,-2.024711e-10
7651,7651.000000,3,2.104628e-11,4.632272e-11,3.322993e-16,-8.266843e-20,-2.048469e-10
7652,7652.000000,3,2.395950e-11,4.617662e-11,3.323017e-16,-2.513041e-19,-4.162741e-10
7653,7653.000000,3,2.115996e-11,4.604095e-11,3.015815e-16,-3.823560e-19,-2.553918e-10
7654,7654.000000,3,1.624301e-11,4.591216e-11,3.323066e-16,2.780816e-19,7.763234e-11
7655,7655.000000,3,1.946177e-11,4.581158e-11,3.323090e-16,-1.834620e-19,-2.724650e-10
7656,7656.000000,3,1.585221e-11,4.566192e-11,3.016333e-16,-9.345156e-20,-4.764246e-10
7657,7657.000000,3,2.086153e-11,4.555512e-11,3.323118e-16,8.073283e-21,2.653370e-10
7658,7658.000000,3,2.473399e-11,4.549894e-11,3.323163e-16,-1.219926e-19,-8.822909e-11
7659,7659.000000,3,2.113865e-11,4.540723e-11,3.771064e-16,-7.394002e-20,2.443352e-10
7660,7660.000000,3,2.567191e-11,4.528422e-11,3.017024e-16,2.425558e-19,6.997412e-10
7661,7661.000000,3,1.760014e-11,4.521228e-11,3.017196e-16,2.737306e-20,8.601507e-10
7662,7662.000000,3,2.758327e-11,4.513789e-11,3.323239e-16,-3.275172e-19,2.378431e-11
7663,7663.000000,3,1.652012e-11,4.508083e-11,3.017542e-16,-4.398053e-19,-4.040537e-10
7664,7664.000000,3,2.386003e-11,4.502221e-11,3.017715e-16,-3.988235e-19,-1.058726e-10
7665,7665.000000,3,2.255973e-11,4.496381e-11,3.772355e-16,1.445548e-19,-1.608089e-11
7666,7666.000000,3,2.668799e-11,4.490430e-11,3.018061e-16,-1.361672e-19,4.354669e-10
7667,7667.000000,3,2.044231e-11,4.486767e-11,3.772792e-16,-3.458740e-19,-6.643883e-11
7668,7668.000000,3,2.092548e-11,4.478462e-11,3.018407e-16,1.499943e-19,1.817690e-10
7669,7669.000000,3,1.617195e-11,4.476997e-11,3.018580e-16,-2.803712e-19,-2.660749e-10
7670,7670.000000,3,1.950440e-11,4.470535e-11,3.323450e-16,-3.917362e-19,-7.798842e-11
7671,7671.000000,3,1.797673e-11,4.467049e-11,3.323474e-16,-2.809833e-19,-1.485282e-10
7672,7672.000000,3,1.744382e-11,4.467005e-11,3.019099e-16,4.860480e-19,5.059990e-10
7673,7673.000000,3,1.550404e-11,4.462697e-11,3.019272e-16,-5.166305e-19,-1.914757e-10
7674,7674.000000,3,2.393818e-11,4.462231e-11,3.019446e-16,-2.445444e-19,-2.108247e-10
7675,7675.000000,3,2.234657e-11,4.458478e-11,3.774518e-16,-4.728231e-19,5.702443e-10
7676,7676.000000,3,2.074785e-11,4.457057e-11,3.323592e-16,-1.909133e-21,5.225356e-11
7677,7677.000000,3,1.144684e-11,4.454370e-11,3.323616e-16,6.487180e-19,-3.260637e-10
7678,7678.000000,3,1.966782e-11,4.454836e-11,3.020139e-16,-4.808765e-19,-8.443166e-11
7679,7679.000000,3,1.915623e-11,4.452327e-11,3.020312e-16,1.278490e-19,-1.327433e-11
7680,7680.000000,3,2.036415e-11,4.449108e-11,3.020486e-16,3.146198e-19,9.837112e-11
7681,7681.000000,3,1.190870e-11,3.342393e-11,3.323685e-16,-6.079215e-19,-2.756498e-10
7682,7682.000000,3,1.190870e-11,1.805311e-11,3.776041e-16,9.298172e-20,-2.898659e-10
7683,7683.000000,3,1.557510e-11,9.218182e-12,3.021006e-16,1.745351e-20,5.983738e-10
7684,7684.000000,3,1.014655e-11,3.082867e-12,3.021180e-16,5.518949e-21,-1.514605e-10
7685,7685.000000,3,1.351452e-11,5.175194e-12,3.323745e-16,1.250697e-19,2.571313e-10
7686,7686.000000,3,1.084288e-11,1.114842e-11,3.021527e-16,2.993070e-20,8.991447e-10
7687,7687.000000,3,9.912071e-12,1.649791e-11,3.021701e-16,-4.593665e-19,-4.222850e-11
7688,7688.000000,3,5.890399e-12,2.149658e-11,3.021874e-16,3.123004e-19,-2.840104e-10
7689,7689.000000,3,7.396750e-12,2.608136e-11,3.022048e-16,1.300758e-19,3.827447e-10
7690,7690.000000,3,9.009682e-12,3.047740e-11,3.022221e-16,-2.118674e-19,2.084241e-10
7691,7691.000000,3,6.430412e-12,3.454081e-11,3.777992e-16,-2.181077e-19,-4.587882e-10
7692,7692.000000,3,1.529088e-11,3.847100e-11,3.022566e-16,9.251850e-20,2.463143e-10
7693,7693.000000,3,8.853362e-12,4.218625e-11,3.323746e-16,-2.104347e-19,-3.791062e-11
7694,7694.000000,3,1.093525e-11,4.578604e-11,3.022911e-16,-4.529012e-19,2.079481e-11
7695,7695.000000,3,1.861622e-11,4.920286e-11,3.023082e-16,2.801131e-19,-5.153261e-10
7696,7696.000000,3,1.293188e-11,5.253131e-11,3.023253e-16,3.475151e-20,-1.098093e-10
7697,7697.000000,3,1.822542e-11,5.570766e-11,3.023424e-16,2.938973e-19,1.551847e-10
7698,7698.000000,3,9.720225e-12,5.879364e-11,3.023595e-16,-3.782068e-19,2.739198e-10
7699,7699.000000,3,9.301004e-12,6.183831e-11,3.323700e-16,3.326159e-19,2.459721e-11
7700,7700.000000,3,2.260236e-11,6.472312e-11,3.023934e-16,-3.378669e-19,-1.188116e-11
7701,7701.000000,3,1.033129e-11,6.755752e-11,3.323657e-16,-3.362026e-19,-2.937818e-10
7702,7702.000000,3,2.318501e-11,7.031198e-11,3.323665e-16,3.232622e-21,-5.714124e-11
7703,7703.000000,3,1.654143e-11,7.302803e-11,3.323632e-16,6.582372e-19,-5.263108e-10
7704,7704.000000,3,2.364686e-11,7.566769e-11,3.024606e-16,6.670384e-20,-8.823775e-12
7705,7705.000000,3,2.117417e-11,7.818124e-11,3.024773e-16,2.282787e-19,3.720395e-10
7706,7706.000000,3,2.184208e-11,8.071943e-11,3.781174e-16,-3.304024e-19,2.914455e-10
7707,7707.000000,3,1.798384e-11,8.316259e-11,3.025104e-16,-3.574082e-19,-2.628634e-10
7708,7708.000000,3,2.436451e-11,8.553869e-11,3.025270e-16,1.945694e-19,-7.246376e-11
7709,7709.000000,3,2.639666e-11,8.791301e-11,3.323558e-16,-1.604730e-20,-5.601474e-10
7710,7710.000000,3,2.440714e-11,9.022805e-11,3.025599e-16,7.212519e-19,1.449079e-10
7711,7711.000000,3,2.753353e-11,9.248735e-11,3.323521e-16,2.173500e-20,2.470891e-10
7712,7712.000000,3,2.182077e-11,9.470646e-11,3.025925e-16,-2.800006e-19,5.568712e-11
7713,7713.000000,3,2.917488e-11,9.688805e-11,3.323482e-16,-4.538244e-19,2.657096e-10
7714,7714.000000,3,2.581402e-11,9.902834e-11,3.323441e-16,2.253968e-19,-4.920394e-10
7715,7715.000000,4,6.515677e-12,5.995204e-14,3.026411e-16,4.841654e-20,-2.126064e-10
7716,7716.000000,4,8.107293e-12,5.173639e-14,3.026571e-16,-5.902629e-19,1.558750e-10
7717,7717.000000,4,9.400480e-12,5.617729e-14,3.783410e-16,2.167213e-20,-2.578203e-10
7718,7718.000000,4,8.355983e-12,6.172840e-14,3.323373e-16,-2.169926e-19,2.225447e-10
7719,7719.000000,4,7.027268e-12,5.795364e-14,3.027049e-16,-4.301141e-19,5.425333e-10
7720,7720.000000,4,7.624124e-12,6.838974e-14,3.323325e-16,1.439195e-19,-1.269061e-10
7721,7721.000000,4,7.034373e-12,6.816769e-14,3.323301e-16,2.769467e-19,-5.991772e-10
7722,7722.000000,4,8.888890e-12,5.995204e-14,3.027522e-16,2.971696e-19,-9.115309e-11
7723,7723.000000,4,7.027268e-12,5.018208e-14,3.027679e-16,-1.862248e-19,5.488413e-10
7724,7724.000000,4,6.870948e-12,6.172840e-14,3.027835e-16,1.579452e-19,4.768058e-11
7725,7725.000000,4,7.233325e-12,7.704948e-14,3.027990e-16,-1.762126e-19,9.661594e-11
7726,7726.000000,4,8.149925e-12,5.506706e-14,3.028145e-16,9.721027e-20,2.555706e-11
7727,7727.000000,4,8.910206e-12,5.195844e-14,3.323142e-16,-2.864196e-19,4.688594e-11
7728,7728.000000,4,8.448353e-12,6.195044e-14,3.323094e-16,-1.275215e-19,-1.453880e-10
7729,7729.000000,4,6.551204e-12,5.773160e-14,3.323085e-16,-2.991780e-19,-4.220246e-10
7730,7730.000000,4,7.005951e-12,9.392487e-14,3.323056e-16,7.061145e-20,-1.021404e-10
7731,7731.000000,4,7.723600e-12,5.573320e-14,3.323006e-16,-1.697871e-19,1.956963e-10
7732,7732.000000,4,7.446488e-12,7.349676e-14,3.322996e-16,-1.442934e-20,-2.854953e-10
7733,7733.000000,4,1.124079e-11,6.350476e-14,3.029212e-16,7.425435e-20,-1.856624e-10
7734,7734.000000,4,1.077893e-11,6.794565e-14,3.322935e-16,3.297407e-19,4.261291e-10
7735,7735.000000,4,5.755396e-12,4.640732e-14,3.322903e-16,-1.217775e-19,-7.808437e-11
7736,7736.000000,4,8.171241e-12,7.793766e-14,3.787075e-16,7.707338e-20,-2.381458e-10
7737,7737.000000,4,7.702283e-12,7.593925e-14,3.322819e-16,-2.454708e-19,9.747447e-11
7738,7738.000000,4,7.752021e-12,7.105427e-14,3.322806e-16,-2.579381e-19,1.305586e-10
7739,7739.000000,4,5.762502e-12,7.083223e-14,3.030104e-16,-1.722124e-19,1.353949e-10
7740,7740.000000,4,1.136868e-11,8.215650e-14,3.787801e-16,4.906835e-20,-4.876313e-10
7741,7741.000000,4,6.849632e-12,6.572520e-14,3.787984e-16,5.446587e-19,-2.395693e-10
7742,7742.000000,4,7.553069e-12,5.861978e-14,3.322677e-16,-2.205032e-19,-9.942835e-11
7743,7743.000000,3,2.665956e-11,8.893886e-11,3.322683e-16,9.380228e-21,5.469118e-10
7744,7744.000000,3,2.833644e-11,7.679213e-11,3.030832e-16,-2.860755e-19,-1.119840e-10
7745,7745.000000,3,2.399503e-11,6.701839e-11,3.030965e-16,-2.884875e-20,2.417754e-10
7746,7746.000000,3,2.209788e-11,5.818079e-11,3.788886e-16,3.595125e-19,2.085133e-10
7747,7747.000000,3,1.806200e-11,5.039502e-11,3.322662e-16,-3.143386e-19,-2.958858e-10
7748,7748.000000,3,1.334399e-11,4.319101e-11,3.322663e-16,-1.997807e-19,-1.316516e-10
7749,7749.000000,3,1.517009e-11,3.661005e-11,3.031548e-16,8.560658e-20,-5.599448e-10
7750,7750.000000,3,9.940493e-12,3.047806e-11,3.031691e-16,2.943539e-19,7.437534e-11
7751,7751.000000,3,9.741541e-12,2.475531e-11,3.031833e-16,2.309290e-19,2.437254e-10
7752,7752.000000,3,9.656276e-12,1.934253e-11,3.322684e-16,4.085280e-19,2.095569e-10
7753,7753.000000,3,6.195933e-12,1.421374e-11,3.322673e-16,-1.301321e-20,-4.142614e-11
7754,7754.000000,3,8.064660e-12,1.082356e-11,3.790324e-16,-4.864715e-19,1.629044e-10
7755,7755.000000,3,1.040945e-11,9.504397e-12,3.322696e-16,-3.655443e-19,-5.132073e-10
7756,7756.000000,3,9.336532e-12,8.997691e-12,3.032545e-16,3.654186e-19,-3.053890e-11
7757,7757.000000,3,1.274003e-11,8.823831e-12,3.032688e-16,1.030965e-19,-4.566064e-10
7758,7758.000000,3,8.924417e-12,8.882672e-12,3.032831e-16,-1.774898e-19,-2.899619e-11
7759,7759.000000,3,1.093525e-11,1.197309e-11,3.791205e-16,1.476749e-19,-6.478978e-11
7760,7760.000000,3,1.656275e-11,1.576317e-11,3.033119e-16,-6.414157e-19,-4.015850e-10
7761,7761.000000,3,1.035971e-11,1.943690e-11,3.322813e-16,7.702375e-20,-6.063973e-10
7762,7762.000000,3,2.432898e-11,2.303113e-11,3.033409e-16,-3.060899e-20,-2.257165e-10
7763,7763.000000,3,2.049205e-11,2.642686e-11,3.033554e-16,-1.082217e-19,-7.208134e-11
7764,7764.000000,3,1.576694e-11,2.975242e-11,3.792126e-16,-1.662534e-19,-1.822664e-11
7765,7765.000000,3,1.711697e-11,3.302625e-11,3.033847e-16,2.164897e-19,-1.387713e-10
7766,7766.000000,3,1.195843e-11,3.618839e-11,3.792481e-16,-1.607973e-19,-1.238587e-10
7767,7767.000000,3,1.943334e-11,3.928857e-11,3.034142e-16,-1.160667e-19,-7.503553e-12
7768,7768.000000,3,2.189182e-11,4.226952e-11,3.034290e-16,3.097427e-19,4.108406e-10
7769,7769.000000,3,2.449241e-11,4.518186e-11,3.323000e-16,-3.760562e-19,2.148629e-10
7770,7770.000000,3,2.785328e-11,4.807132e-11,3.323028e-16,4.556442e-20,2.250032e-10
7771,7771.000000,3,2.938805e-11,5.085554e-11,3.034739e-16,-4.268583e-19,1.635104e-10
7772,7772.000000,3,2.745537e-11,5.359135e-11,3.034889e-16,3.243441e-19,2.156747e-11
7773,7773.000000,3,2.412293e-11,5.626610e-11,3.323094e-16,-2.380427e-19,3.579173e-10
7774,7774.000000,3,3.240785e-11,5.888379e-11,3.035193e-16,-1.099191e-19,1.706008e-10
7775,7775.000000,3,2.587797e-11,6.144241e-11,3.035345e-16,4.645115e-20,-3.761868e-10
7776,7776.000000,3,2.598455e-11,6.394973e-11,3.035498e-16,7.860532e-20,6.039585e-11
7777,7777.000000,3,3.043255e-11,6.642509e-11,3.323240e-16,-6.650036e-19,3.744199e-11
7778,7778.000000,3,3.430500e-11,6.886625e-11,3.035807e-16,-1.900166e-19,9.106477e-11
7779,7779.000000,3,3.257128e-11,7.120793e-11,3.035962e-16,-4.215577e-19,-4.848066e-12
7780,7780.000000,3,3.134915e-11,7.356538e-11,3.036117e-16,1.967433e-19,-1.020232e-10
7781,7781.000000,3,3.278444e-11,7.588663e-11,3.036274e-16,-6.583365e-20,2.289086e-10
7782,7782.000000,3,3.430500e-11,7.811862e-11,3.036431e-16,-9.952637e-21,-7.088607e-12
7783,7783.000000,3,2.974332e-11,8.036083e-11,3.036588e-16,2.559264e-19,2.162568e-10
7784,7784.000000,3,3.069545e-11,8.252243e-11,3.036746e-16,-7.431391e-21,-4.907863e-10
7785,7785.000000,3,3.716139e-11,8.468559e-11,3.323504e-16,-1.125991e-19,-2.167765e-10
7786,7786.000000,3,3.193890e-11,8.681944e-11,3.037065e-16,5.501744e-20,-2.496703e-11
7787,7787.000000,3,3.513634e-11,8.891665e-11,3.323582e-16,1.653832e-19,1.663487e-10
7788,7788.000000,3,3.154810e-11,9.095902e-11,3.796729e-16,-9.535738e-20,1.091015e-10
7789,7789.000000,3,2.972200e-11,9.299095e-11,3.037547e-16,-4.919739e-19,-1.887833e-10
7790,7790.000000,3,3.362288e-11,9.502110e-11,3.037707e-16,2.838288e-19,-8.025891e-11
7791,7791.000000,3,3.387157e-11,9.697976e-11,3.037872e-16,1.438864e-19,6.199955e-10
7792,7792.000000,3,4.163070e-11,9.888912e-11,3.038035e-16,-9.199605e-19,1.086686e-10
7793,7793.000000,4,8.121503e-12,5.684342e-14,3.323848e-16,3.908528e-19,2.771179e-10
7794,7794.000000,4,7.105427e-12,5.462297e-14,3.038364e-16,-2.364909e-19,1.671956e-10
7795,7795.000000,4,6.934897e-12,6.616929e-14,3.323934e-16,1.960749e-20,4.119871e-11
7796,7796.000000,4,7.112533e-12,5.639933e-14,3.038695e-16,-2.166353e-19,-8.510734e-11
7797,7797.000000,4,8.022027e-12,3.885781e-14,3.324022e-16,-3.781870e-21,1.257830e-11
7798,7798.000000,4,7.581491e-12,4.085621e-14,3.324067e-16,-7.078284e-19,4.964042e-10
7799,7799.000000,4,7.858603e-12,5.240253e-14,3.798996e-16,-1.736848e-19,6.656897e-11
7800,7800.000000,4,7.140954e-12,5.861978e-14,3.039365e-16,1.574389e-19,-2.193712e-10
7801,7801.000000,3,3.458211e-11,9.049694e-11,3.039534e-16,1.055152e-19,-3.548007e-10
7802,7802.000000,3,3.036860e-11,5.780043e-11,3.039704e-16,-4.429254e-19,2.411230e-10
7803,7803.000000,3,1.548983e-11,3.959166e-11,3.324216e-16,-1.028285e-19,2.176735e-10
7804,7804.000000,3,1.593747e-11,2.354561e-11,3.324251e-16,6.325847e-19,3.307049e-10
7805,7805.000000,3,1.154632e-11,1.065414e-11,3.800271e-16,-4.910144e-20,7.207241e-10
7806,7806.000000,3,1.591616e-11,2.098988e-12,3.324268e-16,-1.841370e-19,-1.864838e-10
7807,7807.000000,3,8.121503e-12,1.147549e-11,3.040561e-16,1.155406e-19,-2.887090e-10
7808,7808.000000,3,6.878054e-12,2.106426e-11,3.800918e-16,3.681582e-19,2.946796e-10
7809,7809.000000,3,6.416201e-12,2.987099e-11,3.040907e-16,3.669340e-19,2.997635e-10
7810,7810.000000,3,9.528378e-12,3.807021e-11,3.041080e-16,-9.581398e-20,3.249387e-10
7811,7811.000000,3,7.645440e-12,4.576273e-11,3.324259e-16,2.398129e-19,-7.801360e-11
7812,7812.000000,3,7.027268e-12,5.305911e-11,3.041426e-16,-1.341952e-19,4.937573e-11
7813,7813.000000,3,9.457324e-12,5.991407e-11,3.041599e-16,8.290335e-20,2.697654e-10
7814,7814.000000,3,9.578116e-12,6.647149e-11,3.802214e-16,-2.628581e-19,-1.576538e-10
7815,7815.000000,3,1.683986e-11,7.274292e-11,3.041943e-16,1.314655e-19,8.270734e-11
7816,7816.000000,3,1.455902e-11,7.874412e-11,3.042115e-16,8.023652e-21,-1.047533e-10
7817,7817.000000,3,2.348344e-11,8.450196e-11,3.042286e-16,2.841729e-19,-1.371752e-10
7818,7818.000000,3,2.488321e-11,9.007217e-11,3.042456e-16,2.615380e-19,-9.904910e-11
7819,7819.000000,3,1.890044e-11,9.541723e-11,3.042626e-16,-2.273158e-19,9.569451e-11
7820,7820.000000,4,1.044498e-11,6.550316e-14,3.042795e-16,-2.452326e-19,-2.529826e-10
7821,7821.000000,4,9.052314e-12,4.618528e-14,3.042964e-16,1.339702e-20,5.712961e-10
7822,7822.000000,4,5.861978e-12,4.884981e-14,3.324066e-16,2.254696e-19,-2.360866e-10
7823,7823.000000,4,1.046629e-11,6.794565e-14,3.043299e-16,2.971696e-19,-3.294565e-10
7824,7824.000000,4,6.764367e-12,5.218048e-14,3.043466e-16,-4.609811e-19,4.631533e-10
7825,7825.000000,4,8.576251e-12,5.684342e-14,3.043632e-16,7.658534e-19,2.102528e-10
7826,7826.000000,4,7.119638e-12,5.750955e-14,3.043797e-16,-5.539860e-19,2.532659e-10
7827,7827.000000,4,8.348877e-12,6.972201e-14,3.804951e-16,2.471913e-19,7.834022e-11
7828,7828.000000,4,4.675371e-12,9.903189e-14,3.323886e-16,-1.084401e-19,2.789380e-11
7829,7829.000000,4,9.549694e-12,7.238654e-14,3.323852e-16,-6.796116e-20,-3.653616e-11
7830,7830.000000,4,8.611778e-12,6.572520e-14,3.805558e-16,-4.718569e-20,7.398027e-11
7831,7831.000000,4,7.290168e-12,6.572520e-14,3.323760e-16,-6.413793e-19,-1.360790e-10
7832,7832.000000,4,9.556800e-12,6.172840e-14,3.044770e-16,1.558077e-19,1.662067e-10
7833,7833.000000,4,8.192558e-12,9.281464e-14,3.806157e-16,5.295478e-19,2.637986e-10
7834,7834.000000,4,5.826450e-12,9.658940e-14,3.806354e-16,-6.760051e-20,-2.595762e-10
7835,7835.000000,4,7.723600e-12,9.392487e-14,3.045240e-16,1.937323e-19,-2.600953e-10
7836,7836.000000,4,7.055689e-12,8.149037e-14,3.806745e-16,-1.485286e-20,-9.888534e-12
7837,7837.000000,4,9.848122e-12,7.482903e-14,3.323520e-16,1.042512e-19,-3.415885e-10
7838,7838.000000,4,6.124878e-12,8.659740e-14,3.045712e-16,-6.482449e-20,2.656939e-10
7839,7839.000000,4,6.842527e-12,7.882583e-14,3.323452e-16,-4.417178e-19,-1.830018e-10
7840,7840.000000,4,7.673862e-12,7.038814e-14,3.323406e-16,-1.447500e-19,2.467741e-10
7841,7841.000000,4,7.098322e-12,9.858780e-14,3.323360e-16,-1.382583e-19,-6.480848e-10
7842,7842.000000,4,6.998846e-12,8.215650e-14,3.323313e-16,6.620423e-20,1.869617e-10
7843,7843.000000,4,7.581491e-12,9.769963e-14,3.323264e-16,-2.228921e-19,2.421846e-10
7844,7844.000000,4,9.251266e-12,7.505108e-14,3.323216e-16,5.973568e-20,3.090823e-10
7845,7845.000000,4,8.306245e-12,8.393286e-14,3.046769e-16,1.604763e-19,-2.764272e-11
7846,7846.000000,4,8.206769e-12,9.836576e-14,3.808646e-16,-4.425152e-19,3.040823e-10
7847,7847.000000,4,8.249401e-12,9.636736e-14,3.323064e-16,-2.294599e-20,3.226894e-10
7848,7848.000000,4,1.305978e-11,8.637535e-14,3.047208e-16,-1.364319e-19,-6.629756e-10
7849,7849.000000,4,6.430412e-12,1.265654e-13,3.322958e-16,2.312830e-19,4.404072e-11
7850,7850.000000,4,9.507062e-12,8.171241e-14,3.322904e-16,2.789849e-19,-1.901736e-10
7851,7851.000000,4,8.682832e-12,8.792966e-14,3.322850e-16,2.095348e-19,-1.098343e-10
7852,7852.000000,4,7.048584e-12,9.281464e-14,3.322794e-16,3.391077e-19,-1.524940e-10
7853,7853.000000,4,8.235190e-12,1.161293e-13,3.322718e-16,-1.765931e-19,-5.334855e-10
7854,7854.000000,4,7.581491e-12,1.081357e-13,3.322681e-16,9.607537e-20,-3.306289e-11
7855,7855.000000,4,6.878054e-12,7.838175e-14,3.810252e-16,-4.031347e-19,-1.837574e-10
7856,7856.000000,4,9.606538e-12,1.139089e-13,3.048340e-16,-6.738213e-20,-5.322247e-10
7857,7857.000000,4,7.901235e-12,1.105782e-13,3.048478e-16,-3.562402e-19,-3.949633e-10
7858,7858.000000,4,7.311485e-12,1.094680e-13,3.322446e-16,2.211087e-19,-3.717887e-11
7859,7859.000000,4,8.789414e-12,1.236788e-13,3.048750e-16,2.380196e-19,-5.454026e-12
7860,7860.000000,4,8.874679e-12,1.247891e-13,3.048885e-16,5.768758e-20,3.215236e-10
7861,7861.000000,4,7.283063e-12,1.387779e-13,3.322253e-16,4.515414e-19,1.004238e-10
7862,7862.000000,4,7.851497e-12,9.392487e-14,3.322232e-16,5.769088e-20,-3.034418e-10
7863,7863.000000,4,7.723600e-12,9.392487e-14,3.811583e-16,1.740950e-19,-9.068285e-11
7864,7864.000000,4,6.615153e-12,1.023626e-13,3.811769e-16,3.440079e-19,-8.385881e-11
7865,7865.000000,4,6.671996e-12,8.282264e-14,3.322134e-16,-3.675031e-19,-1.214581e-10
7866,7866.000000,4,7.489120e-12,8.681944e-14,3.049676e-16,-6.473383e-19,1.287527e-10
7867,7867.000000,4,7.410961e-12,8.570922e-14,3.322085e-16,-1.678217e-19,-1.024786e-10
7868,7868.000000,4,7.304379e-12,6.306067e-14,3.322064e-16,-9.419933e-20,1.881858e-10
7869,7869.000000,4,6.323830e-12,6.639134e-14,3.812551e-16,1.477973e-19,-4.374187e-10
7870,7870.000000,4,7.531753e-12,6.350476e-14,3.322009e-16,-2.591391e-19,7.357676e-11
7871,7871.000000,3,4.178702e-11,9.549228e-11,3.050315e-16,1.101507e-19,8.461493e-11
7872,7872.000000,3,4.286704e-11,8.943557e-11,3.050442e-16,9.512577e-20,-3.655792e-11
7873,7873.000000,3,2.822986e-11,8.375811e-11,3.050569e-16,9.397764e-20,3.267464e-11
7874,7874.000000,3,3.312550e-11,7.832690e-11,3.813344e-16,1.654030e-20,1.261508e-10
7875,7875.000000,3,2.786749e-11,7.322587e-11,3.321954e-16,1.484260e-19,-3.622830e-10
7876,7876.000000,3,2.638956e-11,6.832934e-11,3.050949e-16,6.052977e-20,2.968769e-10
7877,7877.000000,3,2.896883e-11,6.366685e-11,3.321962e-16,3.326193e-19,-2.197413e-10
7878,7878.000000,3,2.224709e-11,5.920375e-11,3.051203e-16,5.821697e-20,1.000594e-11
7879,7879.000000,3,2.110312e-11,5.491207e-11,3.051331e-16,1.950393e-19,-3.094486e-10
7880,7880.000000,3,1.889333e-11,5.075163e-11,3.051459e-16,-3.494044e-19,5.704810e-10
7881,7881.000000,3,1.656275e-11,4.679523e-11,3.321954e-16,2.808510e-19,1.493871e-10
7882,7882.000000,3,1.188738e-11,4.296141e-11,3.051716e-16,5.140100e-20,2.991740e-11
7883,7883.000000,3,9.798384e-12,3.924305e-11,3.051826e-16,1.207485e-19,-3.570605e-10
7884,7884.000000,3,1.399769e-11,3.563838e-11,3.051974e-16,-1.555761e-20,-5.453837e-11
7885,7885.000000,3,1.132605e-11,3.216272e-11,3.815130e-16,-3.980228e-19,2.308633e-10
7886,7886.000000,3,1.229949e-11,2.879386e-11,3.321969e-16,-4.875369e-19,-2.574374e-11
7887,7887.000000,3,6.515677e-12,2.550737e-11,3.321975e-16,-4.127333e-19,-1.220627e-10
7888,7888.000000,3,7.290168e-12,2.232281e-11,3.052497e-16,-3.523922e-19,-3.962709e-10
7889,7889.000000,3,1.217160e-11,1.918221e-11,3.052629e-16,-3.956239e-20,-1.846590e-11
7890,7890.000000,3,7.517542e-12,1.615619e-11,3.052762e-16,-2.263629e-19,2.667410e-10
7891,7891.000000,3,8.533618e-12,1.324385e-11,3.321988e-16,9.042408e-20,-8.631612e-11
7892,7892.000000,3,7.439382e-12,1.127987e-11,3.322018e-16,-4.359771e-19,2.506025e-10
7893,7893.000000,3,6.970424e-12,1.019229e-11,3.322009e-16,-4.711290e-20,1.357897e-11
7894,7894.000000,3,9.926282e-12,9.524603e-12,3.322041e-16,-1.101341e-19,-2.647000e-10
7895,7895.000000,3,8.931522e-12,9.128698e-12,3.053418e-16,-3.541160e-19,-3.283154e-10
7896,7896.000000,3,7.368328e-12,8.928858e-12,3.053570e-16,-1.344334e-19,5.617231e-10
7897,7897.000000,3,1.141842e-11,8.838708e-12,3.322082e-16,8.087179e-20,-1.224959e-10
7898,7898.000000,3,1.418243e-11,8.796963e-12,3.817305e-16,1.717227e-21,-4.721349e-10
7899,7899.000000,3,9.578116e-12,8.838708e-12,3.322113e-16,-2.504207e-19,-3.937101e-10
7900,7900.000000,3,8.583356e-12,1.057088e-11,3.322109e-16,-3.116453e-19,3.422771e-10
7901,7901.000000,3,1.139711e-11,1.293987e-11,3.322146e-16,-6.050661e-20,7.743698e-10
7902,7902.000000,3,1.671197e-11,1.526712e-11,3.322164e-16,-2.158015e-19,-2.537275e-10
7903,7903.000000,3,1.035261e-11,1.756040e-11,3.322182e-16,3.128298e-19,-3.583874e-10
7904,7904.000000,3,1.391243e-11,1.980704e-11,3.054681e-16,5.723428e-20,-2.571066e-11
7905,7905.000000,3,1.468692e-11,2.205303e-11,3.818513e-16,1.473540e-19,3.170775e-10
7906,7906.000000,3,1.779910e-11,2.422174e-11,3.818707e-16,1.471885e-19,1.959770e-10
7907,7907.000000,3,1.880807e-11,2.634248e-11,3.322262e-16,-2.909790e-19,-8.479234e-11
7908,7908.000000,3,1.804068e-11,2.843703e-11,3.322284e-16,-1.571478e-19,-7.474282e-11
7909,7909.000000,3,1.811173e-11,3.050893e-11,3.055396e-16,-2.085157e-20,-2.657602e-11
7910,7910.000000,3,2.646061e-11,3.255352e-11,3.322308e-16,-4.170215e-19,3.588671e-10
7911,7911.000000,3,2.682299e-11,3.457012e-11,3.819594e-16,-5.739409e-19,2.023192e-10
7912,7912.000000,3,1.259792e-11,3.655298e-11,3.055832e-16,-1.902383e-19,-1.503884e-10
7913,7913.000000,3,2.480505e-11,3.850031e-11,3.055979e-16,1.484922e-19,4.975698e-10
7914,7914.000000,3,2.425082e-11,4.042855e-11,3.322425e-16,2.118972e-19,8.915890e-11
7915,7915.000000,3,2.204104e-11,4.233969e-11,3.820342e-16,-3.464464e-19,-3.883787e-10
7916,7916.000000,3,2.355449e-11,4.419332e-11,3.056422e-16,-2.661867e-19,1.874234e-10
7917,7917.000000,3,2.641798e-11,4.605671e-11,3.322482e-16,-4.538773e-19,2.452484e-10
7918,7918.000000,3,2.972911e-11,4.788547e-11,3.056712e-16,-1.566680e-20,3.153912e-10
7919,7919.000000,3,2.841460e-11,4.965650e-11,3.056871e-16,-4.446592e-20,-2.422860e-10
7920,7920.000000,3,1.750777e-11,5.143419e-11,3.322565e-16,1.758619e-19,-3.011021e-10
7921,7921.000000,3,2.263789e-11,5.088285e-11,3.322592e-16,-1.698169e-19,2.910680e-10
7922,7922.000000,3,2.682299e-11,4.943379e-11,3.821657e-16,1.432511e-19,-3.900714e-10
7923,7923.000000,3,2.302158e-11,4.929701e-11,3.322666e-16,-3.275900e-19,-2.474492e-10
7924,7924.000000,3,2.572875e-11,4.934964e-11,3.057631e-16,2.784058e-19,4.437655e-10
7925,7925.000000,3,2.960121e-11,4.966627e-11,3.057785e-16,-1.282097e-19,-1.271347e-10
7926,7926.000000,3,2.470557e-11,5.007639e-11,3.057939e-16,-3.009945e-19,7.049122e-11
7927,7927.000000,3,2.224709e-11,5.060463e-11,3.058094e-16,-1.093136e-19,6.524081e-11
7928,7928.000000,3,2.628298e-11,5.119527e-11,3.322802e-16,1.924915e-19,-5.654496e-10
7929,7929.000000,3,2.248157e-11,5.184453e-11,3.058406e-16,8.116627e-20,-5.270672e-10
7930,7930.000000,3,2.386003e-11,5.244205e-11,3.058562e-16,2.943539e-19,-5.224526e-11
7931,7931.000000,3,2.627587e-11,5.319700e-11,3.058720e-16,-2.126781e-19,3.432865e-10
7932,7932.000000,3,2.842171e-11,5.391043e-11,3.322912e-16,2.895496e-19,-2.219808e-10
7933,7933.000000,3,2.685141e-11,5.464185e-11,3.322920e-16,1.530847e-19,-1.582016e-10
7934,7934.000000,3,2.088285e-11,5.542744e-11,3.823987e-16,8.848516e-20,-3.388174e-10
7935,7935.000000,3,3.691980e-11,5.622036e-11,3.059353e-16,-3.861941e-20,9.676671e-11
7936,7936.000000,3,3.323208e-11,5.700329e-11,3.323006e-16,-3.007331e-19,2.779998e-12
7937,7937.000000,3,2.671641e-11,5.778866e-11,3.323056e-16,-1.308500e-19,6.475653e-11
7938,7938.000000,3,2.681588e-11,5.862044e-11,3.059832e-16,4.524678e-20,-5.916205e-10
7939,7939.000000,3,3.304024e-11,5.942491e-11,3.323114e-16,6.837144e-20,6.555051e-10
7940,7940.000000,3,3.387157e-11,6.022827e-11,3.060154e-16,1.083739e-19,3.599989e-10
7941,7941.000000,3,2.106049e-11,6.102141e-11,3.825392e-16,1.848285e-19,-2.515366e-10
7942,7942.000000,3,3.510792e-11,6.186163e-11,3.060478e-16,-3.657991e-19,-1.534592e-10
7943,7943.000000,3,2.755485e-11,6.266876e-11,3.060641e-16,-1.098727e-19,7.221178e-10
7944,7944.000000,3,2.443556e-11,6.349987e-11,3.826002e-16,4.982274e-20,-4.121868e-10
7945,7945.000000,3,3.142020e-11,6.433698e-11,3.323276e-16,-4.122668e-21,-4.354191e-10
7946,7946.000000,3,2.025757e-11,6.512857e-11,3.061130e-16,8.244344e-20,-6.604717e-13
7947,7947.000000,3,2.596323e-11,6.594059e-11,3.061295e-16,-4.253363e-20,1.874108e-10
7948,7948.000000,3,2.474820e-11,6.678746e-11,3.061459e-16,-9.874551e-20,3.701217e-11
7949,7949.000000,3,3.119283e-11,6.759904e-11,3.061623e-16,-3.657131e-19,1.509399e-10
7950,7950.000000,3,3.610978e-11,6.842127e-11,3.827235e-16,6.122460e-20,2.534393e-10
7951,7951.000000,3,3.003464e-11,6.923373e-11,3.323465e-16,3.681351e-19,3.324253e-10
7952,7952.000000,3,3.079492e-11,7.003731e-11,3.062121e-16,1.595929e-19,4.942491e-10
7953,7953.000000,3,2.394529e-11,7.084866e-11,3.323530e-16,-2.506490e-19,-6.314072e-10
7954,7954.000000,3,2.608402e-11,7.165823e-11,3.323584e-16,-5.332006e-20,-8.997164e-11
7955,7955.000000,3,4.067147e-11,7.244827e-11,3.062621e-16,4.551379e-19,-3.173179e-10
7956,7956.000000,3,3.320366e-11,7.328871e-11,3.323650e-16,1.299269e-19,3.422159e-10
7957,7957.000000,3,3.076650e-11,7.407497e-11,3.062957e-16,2.794282e-19,-5.068658e-10
7958,7958.000000,3,3.125677e-11,7.488632e-11,3.063125e-16,-2.987776e-20,-4.837601e-10
7959,7959.000000,3,3.092993e-11,7.565282e-11,3.323751e-16,1.541501e-19,-2.158260e-10
7960,7960.000000,3,3.091571e-11,7.645884e-11,3.323785e-16,-2.782768e-19,-3.207285e-10
7961,7961.000000,3,2.761880e-11,7.726064e-11,3.323820e-16,3.563792e-19,-2.358408e-10
7962,7962.000000,3,2.859224e-11,7.802647e-11,3.323854e-16,-4.001867e-19,6.496556e-10
7963,7963.000000,3,2.913936e-11,7.881362e-11,3.063972e-16,-2.638772e-19,3.613971e-10
7964,7964.000000,3,3.026202e-11,7.956946e-11,3.064143e-16,2.029107e-19,-2.451738e-10
7965,7965.000000,3,3.349498e-11,8.033663e-11,3.830392e-16,1.975208e-19,7.019953e-10
7966,7966.000000,3,2.624034e-11,8.112511e-11,3.064485e-16,-1.330305e-19,-1.223898e-10
7967,7967.000000,3,3.673506e-11,8.188006e-11,3.064656e-16,-3.639396e-19,1.845444e-10
7968,7968.000000,3,2.388845e-11,8.263856e-11,3.324066e-16,1.438401e-19,-3.166972e-10
7969,7969.000000,3,3.437606e-11,8.342860e-11,3.065001e-16,-6.452009e-20,-2.067987e-10
7970,7970.000000,3,2.891909e-11,8.419310e-11,3.065173e-16,-3.786634e-19,6.375206e-12
7971,7971.000000,3,3.193179e-11,8.493606e-11,3.065346e-16,-5.104366e-20,-6.001960e-11
7972,7972.000000,3,2.741984e-11,8.566903e-11,3.831899e-16,2.391313e-19,-1.757877e-10
7973,7973.000000,3,2.625455e-11,8.643042e-11,3.065693e-16,-4.089581e-19,-3.201249e-10
7974,7974.000000,3,3.315392e-11,8.714762e-11,3.065867e-16,-7.006551e-20,-5.531464e-11
7975,7975.000000,3,3.672085e-11,8.792456e-11,3.324322e-16,-1.011973e-19,8.875059e-11
7976,7976.000000,3,2.896883e-11,8.864487e-11,3.066215e-16,1.569923e-19,-4.059747e-10
7977,7977.000000,3,3.084466e-11,8.939383e-11,3.066390e-16,4.264943e-21,2.202517e-10
7978,7978.000000,3,3.294076e-11,9.011636e-11,3.833207e-16,1.950988e-19,1.388608e-10
7979,7979.000000,3,3.372946e-11,9.082224e-11,3.324453e-16,4.397888e-19,-1.905994e-10
7980,7980.000000,3,2.962963e-11,9.152701e-11,3.066917e-16,5.764456e-20,1.905590e-10
7981,7981.000000,3,3.623057e-11,8.210721e-11,3.324546e-16,-1.049229e-19,-2.195819e-10
7982,7982.000000,3,3.913669e-11,6.875744e-11,3.067269e-16,-1.047773e-19,-3.110356e-11
7983,7983.000000,3,3.140599e-11,6.132161e-11,3.067446e-16,1.737741e-20,4.712770e-10
7984,7984.000000,3,2.805933e-11,5.478951e-11,3.834523e-16,-7.385069e-20,8.317526e-10
7985,7985.000000,3,2.067679e-11,4.955680e-11,3.067801e-16,1.070438e-19,1.808444e-10
7986,7986.000000,3,2.971490e-11,4.476686e-11,3.067979e-16,1.351216e-19,-1.994097e-10
7987,7987.000000,3,2.329870e-11,4.057266e-11,3.324694e-16,-1.914460e-19,1.998378e-10
7988,7988.000000,3,1.810463e-11,3.669376e-11,3.068335e-16,-4.984425e-19,1.654889e-10
7989,7989.000000,3,1.941913e-11,3.313527e-11,3.068513e-16,-4.679063e-19,-2.462156e-10
7990,7990.000000,3,1.610800e-11,2.983080e-11,3.835864e-16,-2.262471e-19,-2.223068e-10
7991,7991.000000,3,8.554935e-12,2.672662e-11,3.324747e-16,-4.862499e-20,4.707783e-10
7992,7992.000000,3,1.018918e-11,2.381473e-11,3.324783e-16,2.580142e-20,-7.471662e-10
7993,7993.000000,3,1.845990e-11,2.106471e-11,3.069226e-16,-1.050288e-19,-4.245341e-10
7994,7994.000000,3,9.301004e-12,1.841771e-11,3.069405e-16,3.257702e-19,-2.724768e-10
7995,7995.000000,3,1.109157e-11,1.593259e-11,3.836972e-16,1.140715e-19,-1.378549e-10
7996,7996.000000,3,8.874679e-12,1.352451e-11,3.069761e-16,-1.227768e-19,3.637916e-10
7997,7997.000000,3,9.734435e-12,1.123568e-11,3.069939e-16,-1.037185e-19,5.630393e-10
7998,7998.000000,3,1.307399e-11,9.052536e-12,3.070117e-16,-2.320242e-19,-1.655290e-10
7999,7999.000000,3,1.416822e-11,6.929790e-12,3.324874e-16,2.339862e-19,5.048759e-10
8000,8000.000000,3,7.709389e-12,4.860334e-12,3.070472e-16,6.912252e-20,1.968143e-10
8001,8001.000000,3,1.418954e-11,4.311884e-12,3.070650e-16,-1.635171e-19,1.790504e-10
8002,8002.000000,3,1.566747e-11,4.356293e-12,3.070827e-16,5.286346e-20,-2.019882e-10
8003,8003.000000,3,6.714629e-12,4.523493e-12,3.324892e-16,1.503616e-19,7.251266e-11
8004,8004.000000,3,8.974155e-12,4.840572e-12,3.838975e-16,5.115285e-20,-3.776840e-11
8005,8005.000000,3,9.848122e-12,5.348832e-12,3.324928e-16,-2.208241e-19,9.239326e-11
8006,8006.000000,3,8.164136e-12,6.247891e-12,3.071532e-16,2.346877e-19,2.610869e-10
8007,8007.000000,3,9.571011e-12,7.697398e-12,3.324922e-16,-1.899637e-19,2.388003e-10
8008,8008.000000,3,9.670487e-12,9.318102e-12,3.324948e-16,-8.743299e-20,-4.647887e-10
8009,8009.000000,3,8.576251e-12,1.089751e-11,3.324954e-16,2.851722e-19,9.381996e-10
8010,8010.000000,3,1.018918e-11,1.241673e-11,3.324959e-16,1.754549e-19,5.171629e-10
8011,8011.000000,3,5.812240e-12,1.387068e-11,3.072408e-16,5.095433e-21,3.388035e-10
8012,8012.000000,3,7.133849e-12,1.532596e-11,3.072582e-16,-2.227498e-19,-8.400947e-11
8013,8013.000000,3,1.018208e-11,1.677369e-11,3.324973e-16,1.838128e-19,-2.477210e-10
8014,8014.000000,3,7.553069e-12,1.814748e-11,3.324977e-16,-3.073869e-19,4.456828e-10
8015,8015.000000,3,7.091217e-12,1.951395e-11,3.841379e-16,5.751618e-19,9.619333e-11
8016,8016.000000,3,1.059419e-11,2.084355e-11,3.324962e-16,1.332125e-19,3.307890e-10
8017,8017.000000,3,1.076472e-11,2.216072e-11,3.324985e-16,8.464374e-20,3.099347e-10
8018,8018.000000,3,7.894130e-12,2.342238e-11,3.073622e-16,-1.377884e-19,2.065015e-13
8019,8019.000000,3,7.439382e-12,2.467493e-11,3.324989e-16,1.467749e-19,9.926282e-12
8020,8020.000000,3,8.348877e-12,2.592571e-11,3.073966e-16,-7.282829e-20,2.421639e-10
8021,8021.000000,3,6.636469e-12,2.712208e-11,3.324992e-16,-1.774468e-19,-1.756095e-10
8022,8022.000000,3,1.109868e-11,2.832135e-11,3.324972e-16,-3.331420e-19,-3.522815e-10
8023,8023.000000,3,7.780443e-12,2.947420e-11,3.074480e-16,2.092436e-20,2.343880e-10
8024,8024.000000,3,1.013234e-11,3.062861e-11,3.324993e-16,-1.952775e-19,-6.268609e-10
8025,8025.000000,3,6.338041e-12,3.175837e-11,3.324972e-16,-1.123973e-20,4.725959e-10
8026,8026.000000,3,8.839152e-12,3.285328e-11,3.074990e-16,-3.671689e-20,-2.287980e-10
8027,8027.000000,3,6.949108e-12,3.393463e-11,3.075160e-16,-3.585696e-19,-3.812843e-10
8028,8028.000000,3,9.805490e-12,3.502754e-11,3.075330e-16,-2.379732e-19,1.458834e-10
8029,8029.000000,3,6.252776e-12,3.609424e-11,3.075499e-16,-2.661900e-19,2.819306e-10
8030,8030.000000,3,7.240430e-12,3.710499e-11,3.075667e-16,5.815411e-19,-1.835907e-10
8031,8031.000000,3,1.006839e-11,3.813905e-11,3.075836e-16,1.381722e-20,-2.441949e-10
8032,8032.000000,3,8.824941e-12,3.910250e-11,3.324983e-16,-3.516510e-19,3.745952e-10
8033,8033.000000,3,1.272582e-11,4.010503e-11,3.076172e-16,1.654725e-19,-3.376309e-10
8034,8034.000000,3,7.133849e-12,4.111111e-11,3.076340e-16,-5.659570e-19,1.015801e-10
8035,8035.000000,3,8.093082e-12,4.205680e-11,3.324953e-16,-3.429756e-19,-2.758784e-10
8036,8036.000000,3,8.313350e-12,4.302803e-11,3.076674e-16,8.649331e-20,-1.797851e-11
8037,8037.000000,3,6.892265e-12,4.395795e-11,3.324967e-16,-3.540333e-20,4.860822e-10
8038,8038.000000,3,1.073630e-11,4.488587e-11,3.324963e-16,7.960455e-20,-5.510786e-11
8039,8039.000000,3,1.185896e-11,4.581668e-11,3.324938e-16,1.480455e-19,-1.322252e-10
8040,8040.000000,3,9.585222e-12,4.671752e-11,3.324934e-16,3.424859e-20,-2.210209e-10
8041,8041.000000,3,1.144684e-11,3.032086e-11,3.846880e-16,-2.124531e-20,3.763418e-10
8042,8042.000000,3,5.840661e-12,1.000178e-11,3.324968e-16,-4.128326e-19,-3.426004e-11
8043,8043.000000,3,9.812595e-12,8.527845e-12,3.077836e-16,-7.784431e-20,6.395107e-10
8044,8044.000000,3,1.126210e-11,1.713474e-11,3.078001e-16,-1.470330e-19,-7.172634e-10
8045,8045.000000,3,1.950440e-11,2.638045e-11,3.325000e-16,-1.791078e-19,5.837040e-10
8046,8046.000000,3,1.298872e-11,3.486145e-11,3.325024e-16,6.073855e-19,1.493709e-10
8047,8047.000000,3,1.826805e-11,4.234679e-11,3.078493e-16,-8.327724e-20,-2.408023e-10
8048,8048.000000,3,1.708855e-11,4.932232e-11,3.325097e-16,-4.334559e-19,1.817422e-10
8049,8049.000000,3,1.812595e-11,5.566703e-11,3.078821e-16,-3.710732e-19,-2.681361e-10
8050,8050.000000,3,2.764011e-11,6.169265e-11,3.078983e-16,-2.992739e-19,5.226289e-10
8051,8051.000000,3,3.038281e-11,6.732659e-11,3.079149e-16,5.360130e-21,-2.034217e-10
8052,8052.000000,3,2.721379e-11,7.264811e-11,3.079313e-16,-3.514856e-20,-3.043223e-10
8053,8053.000000,3,3.549872e-11,7.770384e-11,3.079478e-16,-2.643537e-19,1.975095e-10
8054,8054.000000,3,3.474554e-11,8.254863e-11,4.433729e-16,-1.302876e-19,3.295281e-11
8055,8055.000000,3,3.290523e-11,8.716405e-11,3.079808e-16,1.228099e-19,-3.198218e-10
8056,8056.000000,3,3.953460e-11,9.161738e-11,3.849965e-16,-7.611716e-20,6.641496e-10
8057,8057.000000,3,4.289546e-11,9.588175e-11,3.080139e-16,-2.164500e-19,9.689963e-11
8058,8058.000000,4,6.188827e-12,5.728751e-14,3.850382e-16,2.570679e-19,1.143916e-10
8059,8059.000000,4,6.792789e-12,6.195044e-14,3.080473e-16,5.580822e-20,-1.268387e-10
8060,8060.000000,4,1.134737e-11,4.685141e-14,3.325546e-16,1.226974e-19,6.896023e-10
8061,8061.000000,4,5.989875e-12,5.107026e-14,3.080808e-16,3.025165e-19,2.421419e-10
8062,8062.000000,4,8.931522e-12,4.840572e-14,3.080978e-16,-5.624166e-20,3.002159e-10
8063,8063.000000,4,8.860468e-12,5.129230e-14,3.325686e-16,4.754303e-20,2.599108e-10
8064,8064.000000,4,7.460699e-12,5.506706e-14,3.081318e-16,2.243281e-19,5.734379e-10
8065,8065.000000,4,7.453593e-12,6.150636e-14,3.325784e-16,-2.449778e-20,4.029558e-10
8066,8066.000000,4,9.244161e-12,5.506706e-14,3.325814e-16,-1.131980e-19,-1.446249e-10
8067,8067.000000,4,7.418066e-12,7.638334e-14,3.081833e-16,2.769401e-21,-1.297820e-10
8068,8068.000000,4,6.501466e-12,5.817569e-14,3.082007e-16,1.193919e-19,1.622890e-10
8069,8069.000000,4,8.320455e-12,4.418688e-14,3.082181e-16,-6.020220e-20,1.620354e-10
8070,8070.000000,4,9.677592e-12,4.662937e-14,3.082356e-16,-1.193423e-19,-6.630184e-10
8071,8071.000000,4,9.386270e-12,7.838175e-14,3.853164e-16,-2.707461e-19,-2.480624e-10
8072,8072.000000,4,7.887024e-12,5.040413e-14,3.082707e-16,-4.216934e-19,3.771816e-11
8073,8073.000000,4,7.013057e-12,8.282264e-14,3.082884e-16,2.934341e-19,7.624962e-10
8074,8074.000000,4,8.732570e-12,6.306067e-14,3.853827e-16,4.021487e-19,-2.115174e-10
8075,8075.000000,4,8.114398e-12,7.283063e-14,3.083240e-16,4.823125e-20,-1.765497e-10
8076,8076.000000,4,6.707523e-12,7.527312e-14,3.083420e-16,-1.321272e-19,-6.984993e-11
8077,8077.000000,4,1.077183e-11,6.128431e-14,3.083600e-16,1.525817e-19,3.639839e-10
8078,8078.000000,4,5.876188e-12,7.083223e-14,3.854725e-16,-2.749548e-20,1.493097e-10
8079,8079.000000,4,7.311485e-12,7.593925e-14,3.854952e-16,-2.262736e-19,-1.965144e-10
8080,8080.000000,4,7.837286e-12,8.437695e-14,3.855180e-16,-5.951068e-20,2.440146e-10
8081,8081.000000,4,7.212009e-12,5.950795e-14,3.084327e-16,-7.959463e-20,-1.155140e-10
8082,8082.000000,4,8.085976e-12,6.439294e-14,3.084511e-16,1.495708e-19,3.253232e-10
8083,8083.000000,4,9.315215e-12,6.639134e-14,3.084696e-16,-5.213719e-19,5.177060e-10
8084,8084.000000,4,6.082246e-12,7.771561e-14,3.084881e-16,4.266101e-19,2.173294e-10
8085,8085.000000,4,6.387779e-12,6.084022e-14,3.856334e-16,-1.885641e-20,3.935154e-10
8086,8086.000000,4,1.059419e-11,1.074696e-13,3.085254e-16,1.303570e-19,-5.992742e-10
8087,8087.000000,4,6.025402e-12,8.149037e-14,3.085442e-16,4.028568e-19,-6.867384e-11
8088,8088.000000,4,7.325696e-12,6.195044e-14,3.085630e-16,2.674771e-20,4.371506e-10
8089,8089.000000,4,7.723600e-12,8.948398e-14,3.085819e-16,-1.483896e-19,-2.995336e-10
8090,8090.000000,4,7.965184e-12,7.083223e-14,3.086009e-16,2.093131e-19,-1.458854e-10
8091,8091.000000,4,8.185452e-12,1.050271e-13,3.327352e-16,-1.602580e-19,-4.297895e-12
8092,8092.000000,4,7.432277e-12,8.149037e-14,3.086391e-16,-3.265014e-19,2.723070e-10
8093,8093.000000,4,7.268852e-12,9.170442e-14,3.086583e-16,-4.009543e-19,2.033962e-10
8094,8094.000000,4,1.084288e-11,8.659740e-14,3.086776e-16,4.292869e-19,5.873838e-10
8095,8095.000000,4,7.162271e-12,1.043610e-13,3.086970e-16,4.587544e-20,1.070527e-10
8096,8096.000000,4,7.645440e-12,8.593126e-14,3.087164e-16,2.305617e-19,1.443180e-10
8097,8097.000000,4,1.136158e-11,9.459100e-14,3.327778e-16,-5.104366e-20,1.670459e-10
8098,8098.000000,4,1.243450e-11,1.079137e-13,3.087555e-16,-3.538249e-19,2.121653e-10
8099,8099.000000,4,8.370193e-12,9.769963e-14,3.087752e-16,-4.154035e-19,-1.273124e-10
8100,8100.000000,4,8.469669e-12,9.880985e-14,3.327998e-16,-1.137671e-19,-4.998510e-10
8101,8101.000000,4,7.467804e-12,1.041389e-13,3.860184e-16,-1.483300e-19,-1.049499e-10
8102,8102.000000,4,6.039613e-12,6.261658e-14,3.088346e-16,-1.613796e-19,4.973001e-10
8103,8103.000000,4,9.116263e-12,7.882583e-14,3.088545e-16,-9.708453e-20,4.365858e-10
8104,8104.000000,3,3.154099e-11,9.526335e-11,3.088745e-16,-3.238511e-19,1.668946e-11
8105,8105.000000,3,1.637090e-11,7.836221e-11,3.088946e-16,1.289343e-19,-1.968287e-10
8106,8106.000000,3,1.789147e-11,6.294432e-11,3.089147e-16,2.785283e-20,1.834582e-10
8107,8107.000000,3,3.010570e-11,4.937095e-11,3.089349e-16,1.933915e-19,4.739339e-10
8108,8108.000000,3,1.894307e-11,3.675260e-11,3.089552e-16,4.807574e-21,-1.451580e-10
8109,8109.000000,3,1.141842e-11,2.521916e-11,3.089754e-16,-2.780750e-19,-1.141181e-10
8110,8110.000000,3,1.277556e-11,1.439870e-11,3.089957e-16,3.125188e-19,8.801679e-11
8111,8111.000000,3,6.089351e-12,4.241052e-12,3.328266e-16,-2.470987e-19,-2.716864e-10
8112,8112.000000,3,8.633094e-12,5.350165e-12,3.090361e-16,-3.706166e-19,-2.006469e-10
8113,8113.000000,3,8.981260e-12,1.446132e-11,3.090563e-16,-3.054216e-19,-9.694789e-11
8114,8114.000000,3,8.768097e-12,2.310463e-11,3.090765e-16,2.281364e-20,4.695803e-10
8115,8115.000000,3,7.581491e-12,3.138534e-11,3.328282e-16,-2.921205e-19,-2.821957e-10
8116,8116.000000,3,1.047340e-11,3.929435e-11,3.091166e-16,-2.438198e-19,-4.939817e-10
8117,8117.000000,3,8.874679e-12,4.694667e-11,3.864207e-16,2.242851e-19,5.529807e-11
8118,8118.000000,3,1.077183e-11,5.430567e-11,3.091565e-16,-2.618854e-20,5.384887e-12
8119,8119.000000,3,9.436008e-12,6.140444e-11,3.091763e-16,-2.496431e-19,-1.414955e-10
8120,8120.000000,3,1.426059e-11,6.822942e-11,3.091960e-16,1.312835e-19,-2.887568e-10
8121,8121.000000,3,1.084288e-11,7.488454e-11,3.092156e-16,3.939233e-19,3.417640e-10
8122,8122.000000,3,2.334133e-11,8.132695e-11,3.092351e-16,-1.572735e-19,1.964176e-10
8123,8123.000000,3,2.429346e-11,8.759482e-11,3.092546e-16,3.658719e-19,-1.449106e-10
8124,8124.000000,3,1.577405e-11,9.368240e-11,3.092739e-16,-3.961236e-19,2.994052e-10
8125,8125.000000,3,1.760014e-11,9.957635e-11,3.092931e-16,-1.905526e-19,3.937338e-10
8126,8126.000000,4,9.116263e-12,5.639933e-14,3.093122e-16,-2.569719e-19,3.743843e-10
8127,8127.000000,4,9.030998e-12,5.062617e-14,3.328066e-16,-6.578402e-20,-9.685214e-11
8128,8128.000000,4,9.194423e-12,5.417888e-14,3.093501e-16,-2.094355e-19,-4.331691e-10
8129,8129.000000,4,6.508571e-12,6.572520e-14,3.093688e-16,1.758619e-19,2.409723e-10
8130,8130.000000,4,8.533618e-12,5.417888e-14,3.093875e-16,-9.706799e-20,-5.855765e-10
8131,8131.000000,4,7.609913e-12,6.084022e-14,3.094060e-16,-2.291423e-19,2.422663e-10
8132,8132.000000,4,1.024603e-11,5.684342e-14,3.094244e-16,-3.008952e-20,6.192064e-10
8133,8133.000000,4,8.263612e-12,8.149037e-14,3.094427e-16,9.183028e-20,2.743032e-10
8134,8134.000000,4,6.671996e-12,8.504308e-14,3.094608e-16,2.456760e-19,-7.656170e-11
8135,8135.000000,4,6.131984e-12,8.570922e-14,3.094789e-16,1.339536e-19,-1.868955e-11
8136,8136.000000,4,7.432277e-12,6.217249e-14,3.094968e-16,-4.940915e-20,-8.595846e-12
8137,8137.000000,4,7.055689e-12,9.992007e-14,3.868933e-16,-2.564094e-19,3.330730e-11
8138,8138.000000,4,8.149925e-12,8.482104e-14,3.095323e-16,-3.613787e-19,3.668162e-10
8139,8139.000000,4,1.050182e-11,1.023626e-13,3.095498e-16,-6.940707e-20,5.112876e-10
8140,8140.000000,4,1.021050e-11,8.326673e-14,3.095672e-16,4.080581e-19,-4.549378e-11
8141,8141.000000,4,6.465939e-12,6.905587e-14,3.095845e-16,1.403792e-19,-3.997085e-10
8142,8142.000000,4,5.698553e-12,7.460699e-14,3.096017e-16,-3.638238e-19,2.778667e-10
8143,8143.000000,4,7.176482e-12,7.172041e-14,3.096188e-16,1.316872e-21,2.567695e-10
8144,8144.000000,4,8.959944e-12,1.167955e-13,3.096357e-16,-3.198211e-20,-2.942221e-10
8145,8145.000000,4,8.171241e-12,9.081624e-14,3.870656e-16,-2.220318e-19,-2.058771e-10
8146,8146.000000,4,7.879919e-12,6.150636e-14,3.096694e-16,-5.125277e-19,-2.276517e-10
8147,8147.000000,4,9.478640e-12,1.041389e-13,3.096860e-16,-7.153127e-20,1.040588e-10
8148,8148.000000,4,8.263612e-12,8.748557e-14,3.871277e-16,5.983626e-19,5.054392e-10
8149,8149.000000,4,6.735945e-12,8.704149e-14,3.327086e-16,2.609887e-19,3.560481e-10
8150,8150.000000,4,6.110668e-12,1.096900e-13,3.097351e-16,-4.833282e-19,-1.762365e-10
8151,8151.000000,4,7.922552e-12,9.836576e-14,3.326991e-16,-9.209498e-20,1.794037e-10
8152,8152.000000,4,8.235190e-12,8.681944e-14,3.326932e-16,2.568297e-19,1.962977e-10
8153,8153.000000,4,6.750156e-12,1.079137e-13,3.097831e-16,5.526559e-20,3.781717e-10
8154,8154.000000,4,8.434142e-12,1.261213e-13,3.872486e-16,2.527004e-19,-1.102074e-11
8155,8155.000000,4,1.009681e-11,1.050271e-13,3.326728e-16,1.716069e-19,3.324396e-11
8156,8156.000000,4,7.709389e-12,1.230127e-13,3.872866e-16,-5.056390e-20,4.670900e-10
8157,8157.000000,4,7.091217e-12,8.926193e-14,3.098454e-16,4.633733e-19,-5.875552e-10
8158,8158.000000,4,9.464429e-12,1.232348e-13,3.326536e-16,-1.174100e-19,-4.827184e-10
8159,8159.000000,4,7.581491e-12,8.637535e-14,4.435320e-16,-3.207806e-20,-2.833951e-10
8160,8160.000000,4,9.471535e-12,1.070255e-13,3.326423e-16,1.700055e-19,3.003632e-10
8161,8161.000000,4,7.439382e-12,9.658940e-14,3.099059e-16,-3.893837e-19,-7.757828e-11
8162,8162.000000,4,7.034373e-12,8.748557e-14,3.326327e-16,-1.342713e-19,3.501374e-10
8163,8163.000000,4,6.167511e-12,8.748557e-14,3.326292e-16,-2.793190e-19,-7.997092e-11
8164,8164.000000,4,6.565415e-12,5.906386e-14,3.099487e-16,-1.046913e-19,-1.365477e-10
8165,8165.000000,4,1.033129e-11,5.528911e-14,3.099644e-16,4.342897e-19,-4.061412e-10
8166,8166.000000,4,7.453593e-12,6.439294e-14,3.326215e-16,-1.909464e-19,-3.387700e-10
8167,8167.000000,4,8.746781e-12,5.906386e-14,3.326197e-16,-7.626274e-20,-4.457950e-10
8168,8168.000000,3,3.410605e-11,9.472712e-11,3.100072e-16,-9.314385e-20,-1.196444e-10
8169,8169.000000,3,2.742695e-11,8.518808e-11,3.100213e-16,-1.622564e-19,1.822897e-10
8170,8170.000000,3,2.489031e-11,7.632184e-11,3.875422e-16,7.651421e-20,6.822619e-10
8171,8171.000000,3,2.214762e-11,6.810441e-11,3.100493e-16,2.213006e-19,1.144029e-12
8172,8172.000000,3,2.019362e-11,6.035950e-11,3.100632e-16,6.004504e-19,4.120123e-10
8173,8173.000000,3,1.436007e-11,5.307865e-11,3.100772e-16,-1.832966e-19,-2.250127e-10
8174,8174.000000,3,1.563905e-11,4.622258e-11,3.100911e-16,-3.343960e-19,-5.070833e-12
8175,8175.000000,3,9.862333e-12,3.966760e-11,3.101050e-16,-1.326169e-19,-1.943851e-10
8176,8176.000000,3,7.652545e-12,3.344880e-11,3.101190e-16,-6.541675e-20,4.384892e-10
8177,8177.000000,3,8.917311e-12,2.751599e-11,3.101329e-16,1.626800e-19,-4.719442e-11
8178,8178.000000,3,5.343281e-12,2.180967e-11,3.101469e-16,6.371607e-20,-1.087841e-10
8179,8179.000000,3,6.622258e-12,1.633760e-11,3.101609e-16,1.479595e-19,1.545038e-10
8180,8180.000000,3,7.013057e-12,1.181655e-11,3.101750e-16,-6.354732e-20,-8.571366e-11
8181,8181.000000,3,8.157031e-12,9.907852e-12,3.101891e-16,4.487289e-20,-2.339518e-10
8182,8182.000000,3,1.069367e-11,9.208856e-12,3.102032e-16,-2.154706e-19,-2.654819e-10
8183,8183.000000,3,1.099210e-11,9.001910e-12,3.326218e-16,-8.210926e-20,-1.502615e-11
8184,8184.000000,3,1.088551e-11,9.069412e-12,3.102316e-16,-7.318563e-20,-4.071647e-10
8185,8185.000000,3,9.251266e-12,1.256617e-11,3.102459e-16,2.181838e-19,-5.844770e-10
8186,8186.000000,3,2.122391e-11,1.687139e-11,3.102603e-16,1.749057e-19,-3.217399e-10
8187,8187.000000,3,1.297451e-11,2.105138e-11,3.102748e-16,-1.555927e-19,-1.222922e-11
8188,8188.000000,3,1.896439e-11,2.508238e-11,3.102893e-16,3.301840e-19,3.725262e-10
8189,8189.000000,3,1.384848e-11,2.901523e-11,3.103038e-16,-3.691542e-20,-1.399986e-10
8190,8190.000000,3,1.696066e-11,3.289480e-11,3.103185e-16,8.528894e-20,4.638403e-10
8191,8191.000000,3,1.484324e-11,3.661160e-11,3.103320e-16,1.266844e-19,3.843775e-10
8192,8192.000000,3,2.148681e-11,4.029510e-11,3.103479e-16,2.285004e-20,-1.480551e-10
8193,8193.000000,3,2.017941e-11,4.386713e-11,3.326425e-16,-2.591259e-19,-1.367340e-11
8194,8194.000000,3,2.345502e-11,4.734746e-11,3.103777e-16,-2.428900e-19,-1.545090e-10
8195,8195.000000,3,2.647482e-11,5.076317e-11,3.103927e-16,3.969143e-20,-5.727713e-11
8196,8196.000000,3,2.355449e-11,5.406919e-11,3.104078e-16,-3.245857e-21,-1.845417e-10
8197,8197.000000,3,1.995204e-11,5.733303e-11,3.104230e-16,2.559297e-20,2.000219e-10
8198,8198.000000,3,2.492584e-11,6.053669e-11,3.104382e-16,-7.744727e-20,-5.224078e-10
8199,8199.000000,3,3.012701e-11,6.366840e-11,3.326579e-16,5.409728e-19,3.855994e-10
8200,8200.000000,3,3.423395e-11,6.674972e-11,3.104689e-16,-5.286346e-20,2.384317e-10
8201,8201.000000,3,2.522427e-11,6.976153e-11,3.104844e-16,1.610488e-19,-3.341055e-10
8202,8202.000000,3,3.225864e-11,7.272716e-11,3.104999e-16,-4.954382e-19,3.028776e-10
8203,8203.000000,3,3.377920e-11,7.562773e-11,3.881436e-16,-3.715695e-20,-4.361376e-10
8204,8204.000000,3,3.805667e-11,7.847456e-11,3.105313e-16,5.356292e-19,5.776825e-10
8205,8205.000000,3,2.371081e-11,8.126633e-11,3.881831e-16,4.858859e-20,8.734774e-11
8206,8206.000000,3,2.831513e-11,8.405188e-11,3.105629e-16,-1.758421e-19,2.742763e-10
8207,8207.000000,3,2.452794e-11,8.674994e-11,3.105788e-16,1.583720e-19,7.329348e-11
8208,8208.000000,3,3.441158e-11,8.941381e-11,3.105949e-16,4.081441e-19,1.805156e-11
8209,8209.000000,3,2.948752e-11,9.206746e-11,3.326959e-16,-5.208260e-20,-1.283871e-10
8210,8210.000000,3,2.722089e-11,9.462187e-11,3.327000e-16,-5.324992e-19,7.511254e-10
8211,8211.000000,3,3.428369e-11,9.717316e-11,3.106434e-16,-2.376324e-20,2.092185e-10
8212,8212.000000,3,2.839329e-11,9.967360e-11,3.327082e-16,2.432904e-20,1.398106e-10
8213,8213.000000,4,8.768097e-12,5.706546e-14,3.106761e-16,-2.295294e-19,8.559797e-11
8214,8214.000000,4,1.357847e-11,6.084022e-14,3.327168e-16,-2.052367e-19,3.463077e-11
8215,8215.000000,4,9.727330e-12,5.040413e-14,3.107092e-16,-2.085984e-19,1.306390e-10
8216,8216.000000,4,8.462564e-12,6.106227e-14,3.884072e-16,2.423507e-19,3.073553e-10
8217,8217.000000,4,8.093082e-12,4.996004e-14,3.107425e-16,-6.985044e-20,-8.916104e-10
8218,8218.000000,4,9.187318e-12,6.483702e-14,3.327346e-16,-2.241693e-19,4.746531e-10
8219,8219.000000,4,7.872814e-12,5.817569e-14,3.107762e-16,9.812016e-20,3.942719e-10
8220,8220.000000,4,7.297274e-12,6.084022e-14,3.107931e-16,6.427193e-20,-2.740847e-10
8221,8221.000000,4,1.066525e-11,6.106227e-14,3.108101e-16,7.148164e-20,1.418966e-10
8222,8222.000000,3,3.807799e-11,8.334378e-11,3.108273e-16,-1.258473e-19,1.889180e-10
8223,8223.000000,3,2.957989e-11,7.224599e-11,3.108445e-16,-6.140327e-20,-1.535770e-10
8224,8224.000000,3,2.626166e-11,6.255019e-11,3.108618e-16,-3.645517e-19,1.676026e-10
8225,8225.000000,3,2.935963e-11,5.495315e-11,3.108791e-16,-1.088570e-20,1.992018e-10
8226,8226.000000,3,2.414424e-11,4.809442e-11,3.327617e-16,5.134972e-19,4.457630e-10
8227,8227.000000,3,1.478639e-11,4.218448e-11,3.109140e-16,1.308699e-19,-4.736517e-12
8228,8228.000000,3,1.451639e-11,3.674283e-11,3.109316e-16,-3.880999e-19,2.967309e-10
8229,8229.000000,3,2.089706e-11,3.183720e-11,3.327674e-16,5.559448e-19,-1.030270e-11
8230,8230.000000,3,1.908518e-11,2.728395e-11,3.109668e-16,3.047730e-19,1.891023e-10
8231,8231.000000,3,1.132605e-11,2.309419e-11,3.109844e-16,-1.029277e-19,-1.052997e-09
8232,8232.000000,3,1.421796e-11,1.914224e-11,3.110021e-16,6.874864e-20,-6.894360e-11
8233,8233.000000,3,1.227107e-11,1.546518e-11,3.327712e-16,-6.622077e-20,2.775354e-10
8234,8234.000000,3,9.059420e-12,1.198064e-11,3.110375e-16,-2.988438e-19,5.129139e-10
8235,8235.000000,3,1.626432e-11,8.727019e-12,3.110552e-16,-4.129253e-19,4.938353e-11
8236,8236.000000,3,1.153211e-11,5.600631e-12,3.110729e-16,-1.521648e-19,-3.107158e-10
8237,8237.000000,3,8.640200e-12,3.865797e-12,3.110906e-16,-1.746344e-19,2.914008e-11
8238,8238.000000,3,8.320455e-12,4.007239e-12,3.111083e-16,-3.445373e-19,3.352477e-10
8239,8239.000000,3,1.340084e-11,4.482414e-12,3.111260e-16,1.176681e-19,1.882542e-10
8240,8240.000000,3,7.403855e-12,5.679679e-12,3.327796e-16,2.945888e-19,1.292005e-10
8241,8241.000000,3,6.906475e-12,8.028245e-12,3.327781e-16,-5.388255e-20,3.251093e-10
8242,8242.000000,3,8.377299e-12,1.044831e-11,3.111791e-16,2.002373e-19,6.627504e-10
8243,8243.000000,3,1.089262e-11,1.279865e-11,3.889959e-16,6.769646e-20,3.090831e-10
8244,8244.000000,3,7.275958e-12,1.503198e-11,3.112143e-16,-3.109637e-19,-7.203294e-11
8245,8245.000000,3,7.318590e-12,1.718936e-11,3.112319e-16,5.014700e-20,-3.059871e-10
8246,8246.000000,3,9.762857e-12,1.930034e-11,3.112495e-16,7.783108e-20,2.145094e-10
8247,8247.000000,3,5.059064e-12,2.137579e-11,3.327823e-16,3.108975e-19,-3.015785e-10
8248,8248.000000,3,6.480150e-12,2.331735e-11,3.112845e-16,-2.240468e-19,-1.995554e-10
8249,8249.000000,3,9.542589e-12,2.526201e-11,3.891275e-16,2.016600e-19,2.495646e-10
8250,8250.000000,3,8.384404e-12,2.712186e-11,3.113194e-16,1.103029e-19,4.669663e-10
8251,8251.000000,3,8.085976e-12,2.895195e-11,3.113369e-16,-4.098713e-19,1.899511e-10
8252,8252.000000,3,7.744916e-12,3.069811e-11,3.113543e-16,-8.477940e-20,-6.830231e-10
8253,8253.000000,3,6.174616e-12,3.241940e-11,3.113716e-16,2.628648e-19,-1.798236e-10
8254,8254.000000,3,6.856737e-12,3.408740e-11,3.892362e-16,3.494970e-19,1.076939e-10
8255,8255.000000,3,6.146195e-12,3.576539e-11,3.114062e-16,-1.264329e-19,-1.595527e-10
8256,8256.000000,3,5.918821e-12,3.737100e-11,3.114235e-16,2.268195e-19,4.623973e-11
8257,8257.000000,3,5.961454e-12,3.893041e-11,3.114407e-16,3.265643e-19,3.359846e-11
8258,8258.000000,3,7.517542e-12,4.048495e-11,3.114579e-16,5.298919e-20,2.213295e-10
8259,8259.000000,3,8.974155e-12,4.199396e-11,3.114751e-16,7.464478e-21,-1.325591e-10
8260,8260.000000,3,1.345057e-11,4.345324e-11,3.893653e-16,1.401773e-19,-5.654399e-11
8261,8261.000000,3,8.199663e-12,4.489720e-11,3.115093e-16,-3.978970e-19,-1.245035e-10
8262,8262.000000,3,1.297451e-11,4.632605e-11,3.115264e-16,1.980105e-19,-3.966750e-10
8263,8263.000000,3,1.270450e-11,4.772827e-11,3.327766e-16,3.040054e-20,1.729477e-10
8264,8264.000000,3,1.581668e-11,4.906275e-11,3.115605e-16,4.603426e-20,5.449835e-11
8265,8265.000000,3,8.796519e-12,5.038725e-11,3.115775e-16,4.070192e-19,-3.160369e-10
8266,8266.000000,3,1.758593e-11,5.171152e-11,3.115944e-16,-2.653662e-19,-6.505058e-10
8267,8267.000000,3,1.032419e-11,5.300227e-11,3.116113e-16,-3.765326e-20,-6.400619e-11
8268,8268.000000,3,1.168132e-11,5.424972e-11,3.327752e-16,4.457875e-19,-1.279957e-10
8269,8269.000000,3,9.151790e-12,5.549317e-11,3.116450e-16,3.103648e-19,-1.229437e-10
8270,8270.000000,3,1.461586e-11,5.677703e-11,3.116618e-16,1.084665e-19,2.118875e-10
8271,8271.000000,3,1.546141e-11,5.797318e-11,3.116786e-16,-2.006343e-19,-1.994291e-10
8272,8272.000000,3,7.815970e-12,5.915446e-11,3.116953e-16,-3.033337e-19,-6.336209e-11
8273,8273.000000,3,8.967049e-12,6.030376e-11,3.327710e-16,1.606716e-20,1.885186e-10
8274,8274.000000,3,1.720224e-11,6.144130e-11,3.117287e-16,8.746939e-20,4.187026e-10
8275,8275.000000,3,1.501377e-11,6.259770e-11,3.117453e-16,-9.477835e-20,1.635725e-10
8276,8276.000000,3,2.078338e-11,6.369483e-11,3.117619e-16,-4.511774e-20,2.542495e-10
8277,8277.000000,3,1.124079e-11,6.481837e-11,3.117785e-16,-9.856022e-20,-2.714128e-10
8278,8278.000000,3,1.469402e-11,6.587664e-11,3.117950e-16,-1.928621e-19,1.705380e-11
8279,8279.000000,3,1.568168e-11,6.696621e-11,3.118115e-16,-9.867272e-20,-2.261925e-10
8280,8280.000000,3,1.151079e-11,6.800560e-11,3.327636e-16,2.614817e-19,5.238182e-11
8281,8281.000000,3,1.860201e-11,4.763812e-11,3.118444e-16,5.448142e-19,-3.303365e-10
8282,8282.000000,3,7.545964e-12,1.895040e-11,3.118608e-16,2.363619e-19,2.912357e-10
8283,8283.000000,3,7.901235e-12,9.470646e-12,3.118772e-16,1.855532e-20,-4.909140e-11
8284,8284.000000,3,1.136868e-11,1.144396e-11,3.118935e-16,-4.088257e-20,-1.228401e-11
8285,8285.000000,3,1.299583e-11,2.299561e-11,3.119098e-16,3.197219e-19,-2.534094e-10
8286,8286.000000,3,1.437428e-11,3.355161e-11,3.119260e-16,9.929476e-21,-1.390018e-10
8287,8287.000000,3,2.367528e-11,4.291412e-11,3.119423e-16,1.192530e-19,7.820640e-10
8288,8288.000000,3,1.541878e-11,5.161804e-11,3.119585e-16,1.431651e-19,-3.042291e-10
8289,8289.000000,3,1.877964e-11,5.959166e-11,3.119748e-16,-3.132467e-19,-4.152246e-10
8290,8290.000000,3,2.038547e-11,6.710343e-11,3.899882e-16,4.794206e-19,-1.725233e-10
8291,8291.000000,3,2.076916e-11,7.416867e-11,3.327867e-16,-1.218371e-19,-1.740836e-10
8292,8292.000000,3,3.597478e-11,8.085754e-11,3.900289e-16,2.473005e-19,5.064663e-10
8293,8293.000000,3,2.623324e-11,8.719847e-11,3.120398e-16,-1.179262e-19,-7.277423e-11
8294,8294.000000,3,2.960832e-11,9.328538e-11,3.900698e-16,1.591165e-20,8.898188e-11
8295,8295.000000,3,3.160494e-11,9.905543e-11,3.120726e-16,-9.991349e-20,-2.459218e-10
8296,8296.000000,4,9.030998e-12,6.172840e-14,3.120890e-16,-3.229876e-19,1.517713e-10
8297,8297.000000,4,8.441248e-12,6.505907e-14,3.121055e-16,-1.314853e-19,-8.940820e-11
8298,8298.000000,4,9.983125e-12,6.172840e-14,3.121221e-16,4.934265e-19,-3.134099e-10
8299,8299.000000,4,8.533618e-12,5.950795e-14,3.121387e-16,-4.193177e-19,-2.591843e-10
8300,8300.000000,4,8.597567e-12,4.707346e-14,3.328240e-16,2.880044e-19,-7.685255e-11
8301,8301.000000,4,8.725465e-12,5.906386e-14,3.121723e-16,-4.159064e-20,5.552417e-11
8302,8302.000000,4,5.563550e-12,7.371881e-14,3.121890e-16,1.241830e-19,-7.382864e-11
8303,8303.000000,4,1.212896e-11,4.729550e-14,3.122061e-16,-1.781747e-20,2.930948e-10
8304,8304.000000,4,7.844392e-12,6.727952e-14,3.122231e-16,-1.407299e-19,-1.971961e-10
8305,8305.000000,4,8.739676e-12,6.172840e-14,3.122403e-16,1.716797e-19,3.407896e-11
8306,8306.000000,4,6.401990e-12,5.684342e-14,3.122576e-16,6.575788e-19,-6.930054e-10
8307,8307.000000,4,1.168843e-11,5.329071e-14,3.903436e-16,-9.717718e-20,4.802050e-11
8308,8308.000000,4,6.515677e-12,6.128431e-14,3.328705e-16,-1.973587e-19,-5.557645e-10
8309,8309.000000,4,6.707523e-12,5.706546e-14,3.123099e-16,2.988968e-19,3.307365e-10
8310,8310.000000,4,1.099920e-11,7.771561e-14,3.328807e-16,5.223149e-20,1.793610e-11
8311,8311.000000,4,6.572520e-12,5.107026e-14,3.904312e-16,-9.842457e-20,1.776073e-10
8312,8312.000000,4,5.677236e-12,7.815970e-14,3.123631e-16,-5.072106e-19,-2.103406e-11
8313,8313.000000,4,7.574386e-12,9.792167e-14,3.123810e-16,-5.147677e-19,-1.908894e-10
8314,8314.000000,4,7.247536e-12,8.615331e-14,3.123990e-16,6.776925e-20,2.727496e-11
8315,8315.000000,4,8.732570e-12,5.817569e-14,3.329153e-16,3.311766e-19,3.791757e-10
8316,8316.000000,4,7.226220e-12,8.681944e-14,3.124353e-16,1.916412e-20,3.604019e-10
8317,8317.000000,4,8.675727e-12,9.725554e-14,3.124536e-16,1.598775e-19,6.883600e-10
8318,8318.000000,4,6.018297e-12,8.792966e-14,3.124720e-16,5.025949e-20,4.014218e-10
8319,8319.000000,4,8.640200e-12,1.003642e-13,3.124905e-16,-2.018056e-19,-5.477649e-11
8320,8320.000000,4,1.210054e-11,9.703349e-14,3.125091e-16,1.597021e-19,-9.684344e-10
8321,8321.000000,4,8.512302e-12,8.459899e-14,3.125278e-16,-8.305886e-20,-1.065833e-10
8322,8322.000000,4,9.720225e-12,9.370282e-14,3.125466e-16,-4.780773e-20,-1.739220e-10
8323,8323.000000,4,8.412826e-12,1.074696e-13,3.125655e-16,7.614694e-20,2.684413e-10
8324,8324.000000,4,6.792789e-12,1.114664e-13,3.125845e-16,1.366502e-21,1.004044e-10
8325,8325.000000,4,9.563905e-12,8.060219e-14,3.126035e-16,4.884634e-19,2.273374e-10
8326,8326.000000,4,6.728840e-12,1.023626e-13,3.126227e-16,-5.506045e-20,3.254167e-10
8327,8327.000000,4,8.547829e-12,1.034728e-13,3.126420e-16,-1.145347e-19,1.997338e-11
8328,8328.000000,4,7.474910e-12,8.371082e-14,3.126614e-16,-5.012251e-19,-1.650008e-10
8329,8329.000000,4,5.023537e-12,8.193446e-14,3.908510e-16,-3.322354e-19,-1.727038e-10
8330,8330.000000,4,5.854872e-12,9.570122e-14,3.127004e-16,-2.751269e-19,-7.195730e-11
8331,8331.000000,4,8.505197e-12,9.392487e-14,3.127201e-16,8.842892e-20,-2.152354e-10
8332,8332.000000,4,1.037392e-11,1.352252e-13,3.127398e-16,-3.200097e-19,3.137504e-10
8333,8333.000000,4,9.166001e-12,9.792167e-14,3.127596e-16,-2.185047e-19,-6.001069e-11
8334,8334.000000,4,7.815970e-12,1.014744e-13,3.127796e-16,1.176251e-20,2.712355e-11
8335,8335.000000,4,9.791279e-12,9.459100e-14,3.127996e-16,3.575736e-19,3.050021e-11
8336,8336.000000,4,5.989875e-12,8.348877e-14,3.128197e-16,-1.617667e-19,-3.994236e-10
8337,8337.000000,4,8.554935e-12,1.312284e-13,3.128400e-16,-1.367694e-19,-4.747221e-10
8338,8338.000000,4,8.512302e-12,1.072475e-13,3.128603e-16,-4.043987e-19,1.124328e-10
8339,8339.000000,4,7.545964e-12,1.305622e-13,3.911008e-16,-2.052169e-19,-1.878580e-10
8340,8340.000000,4,6.011192e-12,1.341149e-13,3.129012e-16,-8.294967e-21,4.007206e-10
8341,8341.000000,4,6.764367e-12,1.052491e-13,3.129218e-16,1.933386e-19,-3.837117e-10
8342,8342.000000,4,1.097078e-11,1.136868e-13,3.129424e-16,1.449981e-19,3.643515e-10
8343,8343.000000,4,1.037392e-11,8.504308e-14,3.129632e-16,2.571076e-19,1.337658e-10
8344,8344.000000,4,7.020162e-12,7.460699e-14,3.912277e-16,9.219755e-20,3.950967e-10
8345,8345.000000,4,6.252776e-12,6.039613e-14,3.130050e-16,2.435187e-19,1.358551e-10
8346,8346.000000,4,8.313350e-12,7.038814e-14,3.130261e-16,-5.174511e-19,9.104437e-11
8347,8347.000000,4,1.040945e-11,8.792966e-14,3.130472e-16,-1.284248e-19,-7.991259e-10
8348,8348.000000,4,8.668621e-12,6.994405e-14,3.130683e-16,-2.325039e-20,-4.527924e-10
8349,8349.000000,4,8.185452e-12,7.038814e-14,3.130895e-16,3.322156e-19,2.458701e-10
8350,8350.000000,4,8.292034e-12,5.684342e-14,3.131108e-16,3.230637e-20,-6.717424e-11
8351,8351.000000,4,1.084999e-11,6.106227e-14,3.914151e-16,1.532336e-19,-3.608253e-10
8352,8352.000000,4,7.474910e-12,6.306067e-14,3.914391e-16,-2.674242e-19,-3.490377e-10
8353,8353.000000,4,5.641709e-12,5.195844e-14,3.131747e-16,5.222488e-20,-4.087725e-11
8354,8354.000000,3,2.830802e-11,9.615664e-11,3.131961e-16,1.263469e-19,-5.295628e-10
8355,8355.000000,3,1.656986e-11,9.091750e-11,3.132174e-16,-1.077916e-19,2.272966e-10
8356,8356.000000,3,2.722089e-11,8.594814e-11,3.132387e-16,-2.292084e-19,1.509179e-10
8357,8357.000000,3,1.306688e-11,8.118084e-11,3.132600e-16,-4.679758e-19,-2.630199e-11
8358,8358.000000,3,2.465583e-11,7.660828e-11,3.132813e-16,1.348668e-19,7.246081e-10
8359,8359.000000,3,1.637090e-11,7.224421e-11,3.133025e-16,5.989615e-19,-1.828101e-10
8360,8360.000000,3,1.483613e-11,6.801604e-11,3.133238e-16,-1.985763e-19,1.589161e-10
8361,8361.000000,3,2.325606e-11,6.396594e-11,3.133449e-16,3.738360e-19,3.119449e-12
8362,8362.000000,3,1.467981e-11,6.004730e-11,3.133661e-16,-8.647677e-20,1.968028e-10
8363,8363.000000,3,2.324896e-11,5.626766e-11,3.133872e-16,2.984799e-19,-4.042067e-10
8364,8364.000000,3,1.826805e-11,5.259970e-11,3.134083e-16,2.661768e-19,6.031043e-10
8365,8365.000000,3,2.181366e-11,4.902989e-11,3.134293e-16,-2.600623e-19,3.113133e-10
8366,8366.000000,3,7.560175e-12,4.563083e-11,3.134502e-16,3.302767e-20,-3.275921e-10
8367,8367.000000,3,1.804779e-11,4.224265e-11,3.134712e-16,-3.313156e-19,5.801848e-10
8368,8368.000000,3,1.315215e-11,3.901612e-11,3.134920e-16,3.907502e-19,-7.882239e-11
8369,8369.000000,3,1.011102e-11,3.587086e-11,3.135128e-16,2.937848e-19,-1.613748e-10
8370,8370.000000,3,1.303135e-11,3.278511e-11,3.135336e-16,-2.630765e-20,4.410877e-10
8371,8371.000000,3,1.008971e-11,2.978173e-11,3.135543e-16,2.394158e-19,-8.917977e-11
8372,8372.000000,3,1.281109e-11,2.685629e-11,3.135750e-16,-1.353830e-19,5.280118e-11
8373,8373.000000,3,1.180922e-11,2.396838e-11,3.135956e-16,5.718134e-20,-3.244976e-10
8374,8374.000000,3,1.589484e-11,2.120815e-11,3.136161e-16,4.352624e-20,-2.699147e-10
8375,8375.000000,3,7.879919e-12,1.847567e-11,3.136366e-16,-2.287717e-19,-8.381810e-10
8376,8376.000000,3,1.033840e-11,1.579559e-11,3.136570e-16,5.141755e-20,1.965711e-10
8377,8377.000000,3,1.208633e-11,1.319567e-11,3.136774e-16,-9.492725e-21,-1.586218e-10
8378,8378.000000,3,9.301004e-12,1.063838e-11,3.136977e-16,-1.063126e-19,-8.874550e-10
8379,8379.000000,3,7.219114e-12,8.123058e-12,3.137179e-16,1.999461e-20,-4.044877e-10
8380,8380.000000,3,9.649170e-12,5.647705e-12,3.921726e-16,-1.539549e-20,-4.091743e-10
8381,8381.000000,3,7.950973e-12,3.224532e-12,3.137582e-16,2.102064e-19,-4.503584e-10
8382,8382.000000,3,1.274003e-11,2.276401e-12,3.137783e-16,-1.546166e-20,2.248085e-10
8383,8383.000000,3,9.308110e-12,2.615685e-12,3.137983e-16,-2.042838e-19,-5.520388e-10
8384,8384.000000,3,6.210144e-12,3.684830e-12,3.138183e-16,1.664949e-20,-3.712188e-10
8385,8385.000000,3,6.593837e-12,5.952128e-12,3.138382e-16,8.872339e-20,-3.517960e-10
8386,8386.000000,3,5.563550e-12,8.148593e-12,3.138580e-16,2.142100e-19,-2.645071e-10
8387,8387.000000,3,8.334666e-12,1.032263e-11,3.138777e-16,1.805570e-19,2.971938e-10
8388,8388.000000,3,6.984635e-12,1.241829e-11,3.138975e-16,1.736318e-19,1.279527e-10
8389,8389.000000,3,7.005951e-12,1.453260e-11,3.139171e-16,-1.413188e-19,1.191239e-10
8390,8390.000000,3,8.668621e-12,1.658673e-11,3.924194e-16,-2.857413e-20,4.440639e-10
8391,8391.000000,3,8.007817e-12,1.859823e-11,3.139562e-16,1.726822e-19,-5.379630e-10
8392,8392.000000,3,9.123369e-12,2.059108e-11,3.139757e-16,5.509023e-20,9.215506e-11
8393,8393.000000,3,7.617018e-12,2.252554e-11,3.139951e-16,2.622427e-19,5.920425e-11
8394,8394.000000,3,1.008971e-11,2.448020e-11,3.140144e-16,2.544408e-21,-3.566187e-10
8395,8395.000000,3,6.586731e-12,2.640865e-11,3.140337e-16,-6.352416e-20,2.652469e-10
8396,8396.000000,3,6.522782e-12,2.829026e-11,3.140530e-16,1.835878e-19,-5.757339e-13
8397,8397.000000,3,7.396750e-12,3.009881e-11,3.140721e-16,-4.322747e-19,1.536550e-10
8398,8398.000000,3,7.872814e-12,3.197487e-11,3.140912e-16,-2.911014e-20,2.063435e-10
8399,8399.000000,3,9.706014e-12,3.375877e-11,3.141103e-16,-1.391946e-19,3.085872e-10
8400,8400.000000,3,8.256507e-12,3.551759e-11,3.141293e-16,1.122815e-19,-4.029359e-10
8401,8401.000000,3,6.295409e-12,2.867528e-11,3.141482e-16,-1.352606e-20,6.345060e-10
8402,8402.000000,3,6.913581e-12,1.848055e-11,3.141671e-16,9.276334e-20,-3.263072e-10
8403,8403.000000,3,9.379164e-12,1.330402e-11,3.141860e-16,-2.975269e-19,1.033424e-10
8404,8404.000000,3,7.787548e-12,8.840706e-12,3.927549e-16,-1.231937e-19,4.615456e-10
8405,8405.000000,3,7.439382e-12,6.026291e-12,3.142234e-16,-2.140743e-19,-3.433498e-10
8406,8406.000000,3,7.389644e-12,5.151879e-12,3.928017e-16,-2.365803e-19,-1.074795e-10
8407,8407.000000,3,9.066525e-12,4.844125e-12,3.142607e-16,6.307748e-20,-1.669762e-10
8408,8408.000000,3,9.286794e-12,4.812595e-12,3.142793e-16,4.964606e-19,-1.985542e-10
8409,8409.000000,3,8.220979e-12,4.815703e-12,3.142978e-16,3.044190e-19,-2.628024e-10
8410,8410.000000,3,7.254641e-12,6.142642e-12,3.143163e-16,-2.349193e-22,-2.943081e-10
8411,8411.000000,3,9.933387e-12,7.809753e-12,3.143347e-16,3.293899e-19,5.299402e-10
8412,8412.000000,3,8.505197e-12,9.342305e-12,3.143532e-16,1.666703e-19,-5.235977e-10
8413,8413.000000,3,7.901235e-12,1.074896e-11,3.143715e-16,1.442007e-19,8.752443e-13
8414,8414.000000,3,8.036238e-12,1.204881e-11,3.143899e-16,-6.276977e-20,-1.318820e-10
8415,8415.000000,3,8.121503e-12,1.325273e-11,3.144083e-16,1.710775e-19,-3.930665e-10
8416,8416.000000,3,1.173106e-11,1.436495e-11,3.144266e-16,2.783628e-20,8.076734e-10
8417,8417.000000,3,1.117684e-11,1.540967e-11,3.144449e-16,-6.207494e-20,3.476017e-10
8418,8418.000000,3,1.086420e-11,1.642109e-11,3.144632e-16,-7.139230e-20,-3.943790e-13
8419,8419.000000,3,7.709389e-12,1.734124e-11,3.144815e-16,-3.806685e-20,-3.255279e-10
8420,8420.000000,3,6.465939e-12,1.818568e-11,3.144998e-16,1.630373e-19,-2.240798e-10
8421,8421.000000,3,8.192558e-12,1.904565e-11,3.145180e-16,-7.186214e-20,2.911221e-10
8422,8422.000000,3,1.500666e-11,1.983014e-11,3.145363e-16,1.779894e-19,-3.992191e-10
8423,8423.000000,3,1.146105e-11,2.054823e-11,3.145546e-16,-3.670465e-19,-6.353393e-11
8424,8424.000000,3,1.043077e-11,2.127143e-11,3.145728e-16,-1.314258e-19,-3.645662e-10
8425,8425.000000,3,1.301714e-11,2.193778e-11,3.145911e-16,2.757092e-19,6.380035e-10
8426,8426.000000,3,1.563905e-11,2.258926e-11,3.146093e-16,3.313917e-19,-1.819027e-10
8427,8427.000000,3,1.813305e-11,2.318323e-11,3.146275e-16,-2.985063e-19,2.634061e-10
8428,8428.000000,3,1.455902e-11,2.378764e-11,3.146458e-16,-4.127797e-19,-3.416114e-10
8429,8429.000000,3,7.240430e-12,2.436895e-11,3.146640e-16,-7.667964e-20,-5.467573e-10
8430,8430.000000,3,8.775203e-12,2.490008e-11,3.146823e-16,-5.170110e-19,-1.721270e-10
8431,8431.000000,3,8.249401e-12,2.542011e-11,3.147005e-16,-1.005620e-19,-1.797146e-11
8432,8432.000000,3,1.071498e-11,2.591949e-11,3.147187e-16,7.811232e-20,2.397804e-11
8433,8433.000000,3,9.997336e-12,2.640910e-11,3.147370e-16,1.270351e-19,2.114869e-10
8434,8434.000000,3,1.108447e-11,2.684453e-11,3.147552e-16,2.588811e-19,-1.753666e-10
8435,8435.000000,3,1.183764e-11,2.728551e-11,3.147735e-16,3.370993e-19,5.820909e-10
8436,8436.000000,3,7.794654e-12,2.772937e-11,3.147917e-16,6.571454e-20,3.626051e-10
8437,8437.000000,3,1.357137e-11,2.814504e-11,3.148100e-16,7.969389e-20,1.164167e-10
8438,8438.000000,3,2.025047e-11,2.854228e-11,3.148282e-16,7.611054e-20,4.010262e-11
8439,8439.000000,3,9.379164e-12,2.891709e-11,3.148465e-16,-2.619681e-19,1.045519e-10
8440,8440.000000,3,1.482903e-11,2.931522e-11,3.148648e-16,-4.392395e-19,3.648987e-10
8441,8441.000000,3,7.588596e-12,2.965628e-11,3.148830e-16,-1.067956e-19,1.042129e-10
8442,8442.000000,3,1.573852e-11,3.003620e-11,3.149013e-16,-2.594733e-19,6.285822e-10
8443,8443.000000,3,2.017231e-11,3.033884e-11,3.149196e-16,1.297350e-20,4.377199e-10
8444,8444.000000,3,1.277556e-11,3.067502e-11,3.149378e-16,3.923913e-19,-2.288342e-10
8445,8445.000000,3,1.534772e-11,3.099054e-11,3.149561e-16,2.426948e-19,1.638990e-10
8446,8446.000000,3,1.461586e-11,3.131206e-11,3.149744e-16,4.474088e-19,-2.544585e-10
8447,8447.000000,3,1.562483e-11,3.162093e-11,3.149927e-16,4.274307e-19,3.037849e-10
8448,8448.000000,3,9.094947e-12,3.188805e-11,3.150110e-16,1.467418e-19,-8.904430e-11
8449,8449.000000,3,1.233502e-11,3.215184e-11,3.937866e-16,2.501692e-19,3.445333e-10
8450,8450.000000,3,1.109157e-11,3.245981e-11,3.150476e-16,-1.757593e-20,3.134357e-10
8451,8451.000000,3,1.284661e-11,3.273937e-11,3.150659e-16,-1.148061e-19,-1.318489e-10
8452,8452.000000,3,1.043077e-11,3.299383e-11,3.150842e-16,1.267803e-19,3.480002e-10
8453,8453.000000,3,1.266898e-11,3.325318e-11,3.938775e-16,1.542063e-19,7.041050e-10
8454,8454.000000,3,1.046629e-11,3.350475e-11,3.151209e-16,1.156266e-19,1.540093e-11
8455,8455.000000,3,1.993072e-11,3.373191e-11,3.151392e-16,-7.306321e-20,-5.266002e-11
8456,8456.000000,3,1.449507e-11,3.398704e-11,3.151575e-16,-4.493047e-19,1.837598e-10
8457,8457.000000,3,8.668621e-12,3.420109e-11,3.939691e-16,-3.793351e-19,1.954896e-10
8458,8458.000000,3,1.169553e-11,3.443579e-11,3.151942e-16,-2.667492e-20,-1.939144e-10
8459,8459.000000,3,1.222134e-11,3.468337e-11,3.152126e-16,-2.651610e-19,1.136613e-10
8460,8460.000000,3,1.402611e-11,3.488299e-11,3.152309e-16,3.706464e-19,1.195849e-10
8461,8461.000000,3,1.174527e-11,2.555200e-11,3.152493e-16,-1.959061e-19,-2.330092e-10
8462,8462.000000,3,7.730705e-12,1.251288e-11,3.152676e-16,-3.388959e-19,4.548130e-10
8463,8463.000000,3,1.278977e-11,5.085043e-12,3.941075e-16,5.450128e-20,1.246180e-10
8464,8464.000000,3,7.965184e-12,2.866596e-12,3.153044e-16,1.230514e-19,-1.434636e-10
8465,8465.000000,3,6.309619e-12,6.925127e-12,3.153228e-16,-1.889678e-19,-7.115228e-11
8466,8466.000000,3,8.292034e-12,1.185163e-11,3.153411e-16,2.308959e-19,-3.152159e-10
8467,8467.000000,3,8.284928e-12,1.627298e-11,3.153595e-16,9.917896e-20,5.883283e-11
8468,8468.000000,3,7.347012e-12,2.040612e-11,3.153779e-16,1.634112e-19,4.153048e-10
8469,8469.000000,3,6.949108e-12,2.418687e-11,3.153963e-16,2.010545e-19,-4.191691e-11
8470,8470.000000,3,1.080736e-11,2.777623e-11,3.154146e-16,1.565026e-21,-4.324871e-11
8471,8471.000000,3,8.810730e-12,3.115019e-11,3.154329e-16,-6.975780e-20,-4.480843e-10
8472,8472.000000,3,6.778578e-12,3.436273e-11,3.154513e-16,-3.123269e-19,2.960582e-10
8473,8473.000000,3,1.001865e-11,3.741563e-11,3.154695e-16,-1.878726e-19,-6.357378e-10
8474,8474.000000,3,1.087841e-11,4.036194e-11,3.154878e-16,-1.843455e-19,-1.464227e-10
8475,8475.000000,3,8.427037e-12,4.314815e-11,3.943825e-16,-1.695489e-19,2.006912e-10
8476,8476.000000,3,6.345147e-12,4.588774e-11,3.155242e-16,-4.892575e-19,2.427097e-10
8477,8477.000000,3,1.279687e-11,4.852785e-11,3.944280e-16,-1.168244e-19,3.827072e-10
8478,8478.000000,3,8.938628e-12,5.103584e-11,3.155605e-16,9.402397e-20,-6.029846e-11
8479,8479.000000,3,1.006839e-11,5.349077e-11,3.155786e-16,-1.666570e-19,4.050094e-11
8480,8480.000000,3,9.656276e-12,5.586864e-11,3.155966e-16,3.914450e-19,-5.551470e-11
8481,8481.000000,3,1.382006e-11,5.821144e-11,3.156146e-16,-2.132339e-19,-2.483591e-10
8482,8482.000000,3,1.775646e-11,6.044565e-11,3.156326e-16,-1.298640e-19,-2.522003e-10
8483,8483.000000,3,1.613643e-11,6.266831e-11,3.156505e-16,5.046794e-20,-9.519421e-11
8484,8484.000000,3,2.107470e-11,6.481571e-11,3.156683e-16,1.267572e-19,2.485298e-11
8485,8485.000000,3,1.460876e-11,6.690204e-11,3.156861e-16,5.381041e-19,2.763947e-10
8486,8486.000000,3,1.427480e-11,6.893885e-11,3.157039e-16,4.447916e-19,-7.655310e-11
8487,8487.000000,3,1.147527e-11,7.096679e-11,3.157216e-16,3.165058e-19,2.971135e-10
8488,8488.000000,3,1.428191e-11,7.295076e-11,3.157392e-16,2.630203e-19,9.814569e-11
8489,8489.000000,3,2.219025e-11,7.488055e-11,3.157569e-16,-1.602679e-19,-4.517319e-10
8490,8490.000000,3,1.896439e-11,7.672885e-11,3.157744e-16,1.813412e-19,3.852241e-11
8491,8491.000000,3,1.386979e-11,7.859469e-11,3.157919e-16,9.488092e-20,-5.761702e-10
8492,8492.000000,3,1.719513e-11,8.043055e-11,3.158094e-16,-1.178071e-19,-2.911177e-10
8493,8493.000000,3,1.832490e-11,8.221424e-11,3.947835e-16,2.730821e-19,2.694822e-10
8494,8494.000000,3,2.589928e-11,8.400924e-11,3.158442e-16,2.599432e-19,7.451495e-11
8495,8495.000000,3,2.008704e-11,8.570544e-11,3.158615e-16,-2.330697e-19,3.803534e-10
8496,8496.000000,3,2.469847e-11,8.741274e-11,3.158788e-16,5.867358e-20,6.875882e-10
8497,8497.000000,3,2.577139e-11,8.909873e-11,3.948700e-16,1.143660e-19,-3.805295e-11
8498,8498.000000,3,2.168576e-11,9.077050e-11,3.159132e-16,2.603501e-19,-2.342962e-10
8499,8499.000000,3,3.822009e-11,9.240964e-11,3.159303e-16,3.073108e-19,-5.313021e-10
8500,8500.000000,3,2.405187e-11,9.402656e-11,3.159474e-16,1.033976e-20,9.106532e-11
8501,8501.000000,3,2.155787e-11,9.559198e-11,3.159644e-16,2.982549e-19,3.033315e-10
8502,8502.000000,3,2.000178e-11,9.711321e-11,3.159814e-16,4.742260e-19,3.942680e-11
8503,8503.000000,3,2.463452e-11,9.869261e-11,3.159983e-16,-1.210430e-19,4.088899e-10
8504,8504.000000,4,6.139089e-12,5.861978e-14,3.160151e-16,-3.857441e-19,-5.952333e-11
8505,8505.000000,4,9.542589e-12,4.951595e-14,3.160320e-16,-1.117686e-19,-2.541642e-10
8506,8506.000000,4,8.036238e-12,5.329071e-14,3.160487e-16,-3.167969e-19,-3.336803e-10
8507,8507.000000,4,1.011102e-11,6.239453e-14,3.160651e-16,-2.907374e-19,-3.548133e-10
8508,8508.000000,4,6.053824e-12,4.973799e-14,3.160821e-16,-2.351741e-19,-1.419700e-10
8509,8509.000000,4,6.259882e-12,5.662137e-14,3.160987e-16,-1.631994e-19,1.857443e-10
8510,8510.000000,4,7.567280e-12,7.793766e-14,3.161153e-16,3.852114e-19,-1.639267e-11
8511,8511.000000,4,6.650680e-12,5.373479e-14,3.161318e-16,-1.226543e-19,-1.702580e-10
8512,8512.000000,4,6.487255e-12,4.063416e-14,3.161483e-16,-2.119005e-19,1.501810e-10
8513,8513.000000,4,8.839152e-12,5.551115e-14,3.161647e-16,8.166920e-20,-4.418187e-10
8514,8514.000000,4,6.188827e-12,4.729550e-14,3.952263e-16,1.645891e-19,-1.809464e-10
8515,8515.000000,4,6.252776e-12,6.750156e-14,3.161968e-16,-2.656077e-19,6.201284e-11
8516,8516.000000,4,7.062795e-12,5.551115e-14,3.332454e-16,-2.658558e-20,1.079221e-10
8517,8517.000000,4,9.890755e-12,6.972201e-14,3.162298e-16,-2.578157e-20,4.763742e-10
8518,8518.000000,4,9.507062e-12,7.882583e-14,3.162460e-16,-5.401589e-19,-8.815667e-10
8519,8519.000000,4,8.704149e-12,5.107026e-14,3.162621e-16,1.039369e-19,7.344053e-10
8520,8520.000000,4,8.711254e-12,4.352074e-14,3.162782e-16,-5.037398e-19,-5.762169e-12
8521,8521.000000,4,6.728840e-12,6.883383e-14,3.162942e-16,3.551583e-19,-2.261791e-10
8522,8522.000000,3,2.760459e-11,8.306844e-11,3.163102e-16,3.802748e-19,-2.062009e-10
8523,8523.000000,3,2.166445e-11,7.030843e-11,3.163261e-16,-3.257768e-19,2.432037e-10
8524,8524.000000,3,2.127365e-11,5.909273e-11,3.163420e-16,1.211191e-19,2.809509e-10
8525,8525.000000,3,2.022915e-11,5.004686e-11,3.954462e-16,4.797648e-20,-1.256533e-10
8526,8526.000000,3,1.449507e-11,4.182987e-11,3.163728e-16,-4.662420e-19,-1.123041e-10
8527,8527.000000,3,8.498091e-12,3.463207e-11,3.163893e-16,2.022787e-19,-2.301185e-10
8528,8528.000000,3,7.403855e-12,2.793432e-11,3.164050e-16,-6.718361e-20,1.372588e-10
8529,8529.000000,3,7.688072e-12,2.184275e-11,3.164207e-16,-2.238417e-19,1.531553e-13
8530,8530.000000,3,8.796519e-12,1.612332e-11,3.164364e-16,1.689434e-20,2.073819e-10
8531,8531.000000,3,7.268852e-12,1.097611e-11,3.164521e-16,7.916449e-20,1.846144e-10
8532,8532.000000,3,7.929657e-12,8.773648e-12,3.164677e-16,-3.442693e-19,3.980458e-10
8533,8533.000000,3,7.858603e-12,8.003598e-12,3.164834e-16,-8.364450e-20,-2.017894e-10
8534,8534.000000,3,9.897860e-12,7.855050e-12,3.164982e-16,-1.677754e-19,3.387829e-10
8535,8535.000000,3,7.624124e-12,7.929657e-12,3.165148e-16,-4.053185e-20,2.555622e-10
8536,8536.000000,3,1.021760e-11,1.203215e-11,3.165305e-16,4.478951e-19,3.498690e-11
8537,8537.000000,3,9.322321e-12,1.601008e-11,3.956828e-16,2.127178e-20,-4.383582e-11
8538,8538.000000,3,1.013234e-11,1.981659e-11,3.165613e-16,-6.180694e-21,-3.061483e-10
8539,8539.000000,3,2.032152e-11,2.352407e-11,3.165779e-16,-5.667842e-21,-1.618910e-10
8540,8540.000000,3,1.035971e-11,2.706657e-11,3.165938e-16,-1.719113e-19,3.276844e-10
8541,8541.000000,3,1.335110e-11,3.049938e-11,3.166097e-16,-4.268450e-19,-4.355349e-12
8542,8542.000000,3,2.167866e-11,3.384848e-11,3.166256e-16,-3.462578e-20,-4.183977e-10
8543,8543.000000,3,2.005152e-11,3.709055e-11,3.166417e-16,-1.346749e-19,5.214196e-10
8544,8544.000000,3,1.470113e-11,4.021139e-11,3.166577e-16,3.035422e-20,-1.499221e-10
8545,8545.000000,3,1.887912e-11,4.322120e-11,3.166738e-16,2.989629e-19,3.580575e-10
8546,8546.000000,3,1.789857e-11,4.620859e-11,3.166900e-16,3.675958e-19,4.950074e-11
8547,8547.000000,3,1.350742e-11,4.908740e-11,3.167062e-16,3.393856e-19,-2.993041e-10
8548,8548.000000,3,1.723777e-11,5.191736e-11,3.167225e-16,-1.033082e-19,4.722944e-10
8549,8549.000000,3,1.762857e-11,5.466450e-11,3.167389e-16,8.098098e-20,-2.384963e-10
8550,8550.000000,3,2.271605e-11,5.737988e-11,3.167553e-16,-6.337759e-19,-4.018229e-10
8551,8551.000000,3,2.548006e-11,5.996670e-11,3.167717e-16,3.688200e-19,1.331634e-10
8552,8552.000000,3,3.178968e-11,6.257128e-11,3.167882e-16,1.654361e-22,3.981037e-10
8553,8553.000000,3,2.869172e-11,6.505507e-11,3.168048e-16,-7.579754e-19,-1.594503e-10
8554,8554.000000,3,2.945910e-11,6.752554e-11,3.960264e-16,-1.289773e-19,4.663941e-10
8555,8555.000000,3,2.722800e-11,6.996559e-11,3.168379e-16,4.059802e-20,5.904848e-10
8556,8556.000000,3,2.758327e-11,7.230927e-11,3.168549e-16,-3.055407e-19,1.214371e-10
8557,8557.000000,3,2.579981e-11,7.464207e-11,3.168718e-16,3.330031e-19,9.926229e-11
8558,8558.000000,3,2.419398e-11,7.690160e-11,3.168887e-16,2.680992e-19,3.566880e-11
8559,8559.000000,3,2.422240e-11,7.913248e-11,3.169056e-16,-6.289881e-21,2.800709e-10
8560,8560.000000,3,3.096545e-11,8.131984e-11,3.169226e-16,-2.362825e-19,5.264362e-10
8561,8561.000000,3,2.415135e-11,8.350542e-11,3.169397e-16,2.612567e-19,-5.546810e-11
8562,8562.000000,3,3.167600e-11,8.562484e-11,3.169568e-16,1.465003e-19,3.884162e-10
8563,8563.000000,3,3.291944e-11,8.773227e-11,3.169740e-16,-3.632613e-19,3.058448e-10
8564,8564.000000,3,2.693668e-11,8.977219e-11,3.962391e-16,-1.646288e-19,-3.403172e-10
8565,8565.000000,3,2.842171e-11,9.180767e-11,3.170086e-16,-1.323423e-19,-9.128476e-12
8566,8566.000000,3,2.508216e-11,9.380119e-11,3.170261e-16,-2.785283e-20,-2.659297e-10
8567,8567.000000,3,2.648193e-11,9.574230e-11,3.170435e-16,-2.492957e-19,-8.358128e-10
8568,8568.000000,3,3.571188e-11,9.767875e-11,3.170611e-16,1.164273e-19,-7.343878e-11
8569,8569.000000,3,3.318235e-11,9.959211e-11,3.170787e-16,1.995656e-19,5.722900e-10
8570,8570.000000,4,7.602807e-12,4.751755e-14,3.170964e-16,-4.913618e-19,3.231204e-10
8571,8571.000000,4,1.053735e-11,5.639933e-14,3.171141e-16,-3.331884e-21,-1.379758e-10
8572,8572.000000,4,8.974155e-12,5.639933e-14,3.171319e-16,2.459837e-19,1.594583e-10
8573,8573.000000,4,7.609913e-12,6.172840e-14,3.171498e-16,5.281250e-19,-2.751857e-11
8574,8574.000000,4,9.144685e-12,4.640732e-14,3.964596e-16,2.286890e-19,-1.536785e-10
8575,8575.000000,4,9.841017e-12,4.840572e-14,3.171857e-16,1.592190e-19,-1.535352e-10
8576,8576.000000,4,9.713119e-12,4.996004e-14,3.172037e-16,-4.836690e-20,2.812349e-10
8577,8577.000000,4,6.764367e-12,6.039613e-14,3.172218e-16,-2.653331e-19,-9.032514e-11
8578,8578.000000,4,9.549694e-12,4.907186e-14,3.172400e-16,2.404746e-19,4.277284e-10
8579,8579.000000,4,6.458833e-12,6.039613e-14,3.172582e-16,1.580808e-19,-1.511384e-10
8580,8580.000000,4,5.996981e-12,5.795364e-14,3.965956e-16,1.433736e-19,-2.201506e-10
8581,8581.000000,4,8.952838e-12,7.283063e-14,3.966185e-16,1.954529e-19,3.947973e-11
8582,8582.000000,4,8.256507e-12,5.750955e-14,3.173132e-16,9.974144e-20,-2.871943e-10
8583,8583.000000,4,5.769607e-12,5.417888e-14,3.173317e-16,-3.230835e-19,-1.634220e-10
8584,8584.000000,4,6.245671e-12,5.817569e-14,3.173502e-16,2.140644e-19,4.999448e-11
8585,8585.000000,4,5.343281e-12,7.105427e-14,3.173688e-16,1.326732e-19,1.646543e-10
8586,8586.000000,3,2.610534e-11,9.941070e-11,3.967343e-16,1.136050e-19,-2.466545e-10
8587,8587.000000,3,2.802381e-11,9.816792e-11,3.174061e-16,4.366091e-19,7.369483e-11
8588,8588.000000,3,2.671641e-11,9.708745e-11,3.174248e-16,1.403494e-19,-5.603895e-10
8589,8589.000000,3,3.081624e-11,9.616752e-11,3.968045e-16,-2.274614e-19,-2.198906e-10
8590,8590.000000,3,2.571454e-11,9.536860e-11,3.174624e-16,1.045159e-19,-5.521748e-10
8591,8591.000000,3,3.021938e-11,9.465762e-11,3.174813e-16,-5.357153e-20,-3.178339e-10
8592,8592.000000,3,3.176837e-11,9.404877e-11,3.175002e-16,4.219713e-19,2.607783e-10
8593,8593.000000,3,2.812328e-11,9.355339e-11,3.175192e-16,-8.862744e-20,-2.554024e-11
8594,8594.000000,3,2.759037e-11,9.307399e-11,3.969227e-16,-1.447665e-19,8.954737e-11
8595,8595.000000,3,3.038281e-11,9.268586e-11,3.175572e-16,-6.418922e-20,1.994756e-10
8596,8596.000000,3,2.454215e-11,9.234591e-11,3.175762e-16,-1.529589e-19,-4.237724e-10
8597,8597.000000,3,2.448530e-11,9.207146e-11,3.175953e-16,-2.897084e-19,-1.383403e-10
8598,8598.000000,3,2.610534e-11,9.180479e-11,3.176144e-16,3.169425e-19,1.569988e-10
8599,8599.000000,3,2.778933e-11,9.159207e-11,3.176336e-16,4.673240e-20,3.661459e-10
8600,8600.000000,3,2.830802e-11,9.142176e-11,3.970648e-16,-1.076658e-19,4.687168e-10
8601,8601.000000,3,2.992806e-11,9.125789e-11,3.176719e-16,-6.861298e-20,3.717652e-10
8602,8602.000000,3,2.819434e-11,9.109824e-11,3.176912e-16,1.494881e-19,4.395628e-10
8603,8603.000000,3,2.371792e-11,9.099299e-11,3.177104e-16,-1.105841e-19,-2.871101e-10
8604,8604.000000,3,1.962519e-11,9.087597e-11,3.177297e-16,2.790047e-19,-2.148583e-10
8605,8605.000000,3,3.196021e-11,9.083334e-11,3.177489e-16,-1.179857e-19,3.903475e-10
8606,8606.000000,3,2.518163e-11,9.078738e-11,3.177682e-16,-2.843781e-19,6.565465e-11
8607,8607.000000,3,1.936229e-11,9.078560e-11,3.177876e-16,3.352398e-19,-1.008812e-09
8608,8608.000000,3,1.740830e-11,9.076984e-11,3.178069e-16,1.021336e-19,-5.428971e-11
8609,8609.000000,3,2.374634e-11,9.077317e-11,3.178263e-16,2.432275e-19,-1.944947e-10
8610,8610.000000,3,1.977440e-11,9.077428e-11,3.178457e-16,-1.886303e-19,-9.281617e-11
8611,8611.000000,3,2.184208e-11,9.082557e-11,3.178650e-16,2.052103e-19,1.724565e-11
8612,8612.000000,3,2.548717e-11,9.081758e-11,3.178845e-16,-9.671396e-21,5.566381e-13
8613,8613.000000,3,2.661693e-11,9.095702e-11,3.973799e-16,-4.105992e-19,-1.464646e-10
8614,8614.000000,3,1.931255e-11,9.098566e-11,3.179234e-16,1.602745e-19,-4.367535e-10
8615,8615.000000,3,2.783906e-11,9.103962e-11,3.974285e-16,6.059263e-19,8.061198e-10
8616,8616.000000,3,2.481926e-11,9.114021e-11,3.179623e-16,7.296064e-20,-4.563389e-10
8617,8617.000000,3,2.471978e-11,9.124745e-11,3.179818e-16,-4.294656e-19,4.470025e-10
8618,8618.000000,3,1.384137e-11,9.132783e-11,3.180013e-16,-3.996937e-20,-2.223622e-10
8619,8619.000000,3,1.567457e-11,9.143997e-11,3.180208e-16,1.103691e-19,-1.669165e-12
8620,8620.000000,3,2.770406e-11,9.155054e-11,3.180404e-16,6.670120e-19,1.129471e-10
8621,8621.000000,3,2.860645e-11,9.167889e-11,3.180600e-16,-9.117185e-20,5.264009e-10
8622,8622.000000,3,2.935252e-11,9.182455e-11,3.180795e-16,-3.201387e-19,4.393658e-10
8623,8623.000000,3,2.607692e-11,9.191781e-11,3.180991e-16,-2.767548e-19,-3.337026e-10
8624,8624.000000,3,2.111733e-11,9.206502e-11,3.181187e-16,1.389829e-19,7.109363e-11
8625,8625.000000,3,2.227551e-11,9.222978e-11,3.181384e-16,6.119482e-20,-3.459215e-10
8626,8626.000000,3,3.381473e-11,9.232926e-11,3.181580e-16,2.330002e-20,-2.796173e-10
8627,8627.000000,3,2.433609e-11,9.249224e-11,3.181776e-16,2.217307e-19,4.234315e-10
8628,8628.000000,3,2.189182e-11,9.264145e-11,3.181973e-16,2.977850e-20,4.623100e-10
8629,8629.000000,3,2.484057e-11,9.283818e-11,3.182170e-16,-2.981424e-19,5.336193e-11
8630,8630.000000,3,2.552270e-11,9.298162e-11,3.182367e-16,4.417111e-19,3.450128e-10
8631,8631.000000,3,2.852829e-11,9.310974e-11,3.182564e-16,5.264177e-20,-4.707582e-11
8632,8632.000000,3,2.779643e-11,9.331114e-11,3.182761e-16,-1.739528e-19,2.080017e-10
8633,8633.000000,3,2.419398e-11,9.349077e-11,3.182959e-16,-6.196245e-20,9.093695e-11
8634,8634.000000,3,2.076206e-11,9.366241e-11,3.183156e-16,-7.912148e-20,-4.478793e-10
8635,8635.000000,3,2.182077e-11,9.385204e-11,3.183354e-16,-4.220242e-19,2.651335e-11
8636,8636.000000,3,2.297895e-11,9.401480e-11,3.183552e-16,-4.636083e-19,-6.085563e-11
8637,8637.000000,3,1.958256e-11,9.417844e-11,3.183750e-16,-1.534585e-20,3.365235e-10
8638,8638.000000,3,2.388845e-11,9.435808e-11,3.183948e-16,2.257608e-19,-1.760493e-10
8639,8639.000000,3,2.683720e-11,9.456813e-11,3.184146e-16,-1.511821e-19,-1.513663e-10
8640,8640.000000,3,2.446399e-11,9.475376e-11,3.184344e-16,-3.319641e-20,-1.439329e-10
8641,8641.000000,3,1.647749e-11,9.728063e-11,3.184543e-16,-3.377478e-19,-3.971344e-10
8642,8642.000000,4,7.894130e-12,3.463896e-14,3.184741e-16,-1.458584e-19,-1.383992e-10
8643,8643.000000,4,6.693313e-12,5.440093e-14,3.184940e-16,-1.911449e-19,-5.440441e-10
8644,8644.000000,4,1.119105e-11,5.306866e-14,3.185139e-16,-7.145914e-19,4.494088e-10
8645,8645.000000,4,9.485746e-12,8.171241e-14,3.185338e-16,2.802786e-19,-2.076098e-10
8646,8646.000000,4,6.110668e-12,4.862777e-14,3.185537e-16,2.197687e-19,-3.396308e-10
8647,8647.000000,4,8.192558e-12,6.306067e-14,3.185737e-16,6.532080e-20,5.343903e-10
8648,8648.000000,4,7.872814e-12,5.062617e-14,3.185936e-16,7.829099e-20,4.039831e-10
8649,8649.000000,4,6.799894e-12,6.927792e-14,3.186136e-16,3.294561e-19,5.300681e-10
8650,8650.000000,4,7.915446e-12,5.706546e-14,3.186335e-16,1.318228e-19,-4.088179e-10
8651,8651.000000,4,1.088551e-11,5.351275e-14,3.186535e-16,-1.972693e-19,-7.265272e-12
8652,8652.000000,4,7.432277e-12,5.906386e-14,3.186736e-16,-5.816403e-20,-2.583628e-10
8653,8653.000000,4,6.842527e-12,4.285461e-14,3.186936e-16,7.251065e-20,8.288648e-13
8654,8654.000000,4,8.334666e-12,4.174439e-14,3.187136e-16,1.725697e-19,-3.351605e-10
8655,8655.000000,4,8.739676e-12,7.660539e-14,3.187337e-16,3.297473e-19,5.931874e-11
8656,8656.000000,4,8.022027e-12,4.618528e-14,3.187538e-16,1.858840e-20,1.744398e-10
8657,8657.000000,4,6.565415e-12,6.239453e-14,3.187740e-16,1.075666e-19,-6.841105e-11
8658,8658.000000,4,6.643575e-12,8.237855e-14,3.984926e-16,3.123302e-19,-2.552331e-11
8659,8659.000000,4,8.689938e-12,5.639933e-14,3.188143e-16,4.139212e-20,3.387771e-10
8660,8660.000000,4,9.194423e-12,9.436896e-14,3.188345e-16,-1.828896e-19,5.147214e-10
8661,8661.000000,4,5.577760e-12,7.793766e-14,3.985684e-16,1.674445e-19,1.526407e-10
8662,8662.000000,4,6.821210e-12,4.618528e-14,3.188749e-16,1.034141e-19,6.506814e-10
8663,8663.000000,4,1.116263e-11,4.884981e-14,3.188952e-16,9.056635e-20,-3.096301e-10
8664,8664.000000,4,8.178347e-12,4.818368e-14,3.189155e-16,-6.541344e-21,-1.098442e-10
8665,8665.000000,4,9.258372e-12,6.172840e-14,3.189358e-16,1.282130e-20,-1.372443e-10
8666,8666.000000,4,9.251266e-12,5.107026e-14,3.189562e-16,-2.406004e-19,-3.078021e-10
8667,8667.000000,4,7.219114e-12,4.862777e-14,3.189766e-16,4.386605e-19,-1.003342e-10
8668,8668.000000,4,8.654411e-12,6.039613e-14,3.189970e-16,2.798451e-19,-4.412433e-10
8669,8669.000000,4,7.901235e-12,5.084821e-14,3.190174e-16,-3.367949e-20,2.465510e-10
8670,8670.000000,4,7.233325e-12,5.040413e-14,3.190378e-16,7.700257e-19,1.803700e-10
8671,8671.000000,4,7.148060e-12,5.506706e-14,3.988229e-16,-1.945727e-19,-6.136788e-11
8672,8672.000000,4,7.432277e-12,4.041212e-14,3.190788e-16,-3.149441e-19,1.551845e-11
8673,8673.000000,4,6.032508e-12,6.106227e-14,3.190994e-16,-2.133233e-19,-1.017365e-10
8674,8674.000000,4,1.018208e-11,7.394085e-14,3.191199e-16,2.844840e-20,-8.049925e-11
8675,8675.000000,4,6.622258e-12,9.103829e-14,3.191405e-16,-3.125949e-19,1.367803e-10
8676,8676.000000,4,1.018918e-11,6.483702e-14,3.989494e-16,9.154573e-20,-1.139500e-10
8677,8677.000000,4,8.697043e-12,6.861178e-14,3.191817e-16,3.182660e-20,-1.403917e-10
8678,8678.000000,4,8.348877e-12,6.550316e-14,3.192024e-16,-1.735094e-19,-1.371277e-10
8679,8679.000000,4,6.259882e-12,5.639933e-14,3.192231e-16,-2.920874e-19,-1.085221e-10
8680,8680.000000,4,6.721734e-12,6.372680e-14,3.192438e-16,-3.321593e-19,-5.494697e-10
8681,8681.000000,4,7.240430e-12,6.616929e-14,3.192645e-16,-2.499376e-19,-1.263334e-10
8682,8682.000000,4,6.906475e-12,6.128431e-14,3.192853e-16,7.854245e-20,-2.889465e-10
8683,8683.000000,4,7.524648e-12,5.351275e-14,3.193061e-16,-3.889072e-20,-3.994863e-11
8684,8684.000000,4,6.146195e-12,5.440093e-14,3.193269e-16,3.279076e-19,1.614416e-10
8685,8685.000000,4,8.313350e-12,6.128431e-14,3.193477e-16,1.195375e-19,2.325705e-10
8686,8686.000000,4,8.235190e-12,5.928591e-14,3.193686e-16,3.795469e-19,-1.667430e-10
8687,8687.000000,4,1.148948e-11,8.215650e-14,3.193895e-16,-6.815968e-22,7.277788e-10
8688,8688.000000,4,8.007817e-12,5.906386e-14,3.194104e-16,-2.136277e-19,-5.181520e-10
8689,8689.000000,4,8.931522e-12,7.216450e-14,3.194313e-16,6.587666e-21,-4.809553e-11
8690,8690.000000,4,8.661516e-12,6.616929e-14,3.194523e-16,3.436472e-19,3.809297e-10
8691,8691.000000,4,1.124789e-11,5.195844e-14,3.194733e-16,8.376693e-20,-4.058371e-10
8692,8692.000000,4,9.052314e-12,6.927792e-14,3.194943e-16,1.191272e-19,2.279713e-10
8693,8693.000000,4,6.778578e-12,7.904788e-14,3.195154e-16,-7.485455e-19,1.931219e-10
8694,8694.000000,4,6.657785e-12,8.459899e-14,3.195364e-16,-2.068051e-19,-1.769928e-10
8695,8695.000000,4,8.249401e-12,6.505907e-14,3.195575e-16,1.474267e-19,-5.702965e-10
8696,8696.000000,4,8.178347e-12,8.171241e-14,3.994733e-16,2.677782e-19,-3.186301e-11
8697,8697.000000,4,6.778578e-12,5.329071e-14,3.195998e-16,3.935064e-20,-2.143857e-10
8698,8698.000000,4,8.355983e-12,8.215650e-14,3.196210e-16,1.278093e-19,-7.520198e-11
8699,8699.000000,4,1.019629e-11,5.262457e-14,3.196422e-16,3.344788e-20,-2.896482e-10
8700,8700.000000,4,7.524648e-12,8.593126e-14,3.196634e-16,-2.756100e-19,-1.248082e-10
8701,8701.000000,4,6.650680e-12,7.305268e-14,3.196846e-16,-9.994989e-20,-2.736463e-10
8702,8702.000000,4,9.080736e-12,7.038814e-14,3.197059e-16,2.816054e-20,-2.085757e-11
8703,8703.000000,4,9.173107e-12,5.617729e-14,3.197272e-16,5.009604e-19,3.030202e-10
8704,8704.000000,4,7.439382e-12,4.751755e-14,3.197485e-16,1.956911e-19,8.255664e-11
8705,8705.000000,4,6.934897e-12,5.151435e-14,3.197698e-16,-1.434298e-19,-1.115159e-10
8706,8706.000000,4,5.762502e-12,6.017409e-14,3.197912e-16,8.764475e-20,-1.580218e-10
8707,8707.000000,4,6.167511e-12,5.506706e-14,3.198126e-16,1.219529e-19,3.433295e-10
8708,8708.000000,4,9.407586e-12,6.972201e-14,3.198340e-16,4.061788e-20,-3.750348e-10
8709,8709.000000,4,7.261747e-12,5.484502e-14,3.198554e-16,2.968255e-20,-3.643884e-11
8710,8710.000000,4,7.240430e-12,5.728751e-14,3.198768e-16,-9.074502e-20,1.720200e-11
8711,8711.000000,4,7.347012e-12,5.817569e-14,3.998728e-16,5.075481e-19,6.431279e-10
8712,8712.000000,4,8.867573e-12,4.751755e-14,3.199197e-16,-9.388500e-20,-1.212995e-10
8713,8713.000000,4,8.256507e-12,5.195844e-14,3.199412e-16,-1.767222e-19,-1.100351e-10
8714,8714.000000,4,1.227107e-11,4.507505e-14,3.199626e-16,-8.541798e-20,-1.811429e-10
8715,8715.000000,4,9.507062e-12,6.039613e-14,3.199841e-16,3.317855e-19,-5.163519e-10
8716,8716.000000,4,7.467804e-12,4.996004e-14,3.200055e-16,2.320242e-19,-3.776667e-10
8717,8717.000000,4,7.538858e-12,4.374279e-14,3.200270e-16,1.072555e-19,-1.569292e-11
8718,8718.000000,4,7.041479e-12,6.794565e-14,3.200484e-16,-1.497528e-19,-3.623880e-10
8719,8719.000000,4,8.554935e-12,6.217249e-14,3.200699e-16,7.545740e-19,-1.604964e-10
8720,8720.000000,4,9.080736e-12,6.572520e-14,3.200913e-16,3.594530e-19,-1.662950e-10
8721,8721.000000,4,7.567280e-12,7.061018e-14,3.201127e-16,6.112534e-20,2.262557e-10
8722,8722.000000,3,2.120260e-11,9.950862e-11,3.201342e-16,-9.953630e-20,-2.922510e-10
8723,8723.000000,3,1.710276e-11,9.857337e-11,3.201556e-16,1.787041e-19,-3.686469e-10
8724,8724.000000,3,1.542588e-11,9.766499e-11,3.201770e-16,2.071128e-19,1.806230e-10
8725,8725.000000,3,2.025757e-11,9.678325e-11,3.201984e-16,-9.756099e-20,-1.931522e-10
8726,8726.000000,3,1.688960e-11,9.591505e-11,3.202198e-16,-3.241721e-19,4.738438e-10
8727,8727.000000,3,1.976019e-11,9.505974e-11,3.202412e-16,3.916568e-19,-3.252099e-11
8728,8728.000000,3,1.742961e-11,9.430834e-11,4.003258e-16,9.820619e-20,1.991434e-10
8729,8729.000000,3,2.151523e-11,9.347390e-11,3.202839e-16,3.910612e-19,-2.537206e-10
8730,8730.000000,3,1.988809e-11,9.274825e-11,3.203053e-16,2.425790e-19,-2.075527e-10
8731,8731.000000,3,1.480061e-11,9.199308e-11,3.203266e-16,-2.746537e-19,-1.135184e-10
8732,8732.000000,3,1.649170e-11,9.125634e-11,3.203479e-16,8.233425e-20,4.872298e-10
8733,8733.000000,3,1.215739e-11,9.057621e-11,3.203692e-16,7.682854e-21,1.593616e-10
8734,8734.000000,3,1.495692e-11,8.987500e-11,3.203905e-16,6.591041e-19,7.108550e-11
8735,8735.000000,3,1.709566e-11,8.922774e-11,3.204118e-16,-2.067720e-19,2.966429e-10
8736,8736.000000,3,2.015099e-11,8.857892e-11,3.204331e-16,-3.945652e-20,3.553784e-10
8737,8737.000000,3,2.037126e-11,8.795231e-11,4.005680e-16,3.250919e-19,-2.034179e-10
8738,8738.000000,3,2.139444e-11,8.731282e-11,3.204756e-16,1.541633e-19,-1.330527e-11
8739,8739.000000,3,1.784173e-11,8.670065e-11,3.204969e-16,-3.204365e-19,-1.657134e-10
8740,8740.000000,3,1.244871e-11,8.612289e-11,3.205181e-16,-1.365444e-19,-4.570894e-10
8741,8741.000000,3,1.694644e-11,8.552759e-11,4.006742e-16,1.064681e-19,-1.247939e-10
8742,8742.000000,3,2.425082e-11,8.495027e-11,3.205605e-16,3.090843e-19,3.544236e-10
8743,8743.000000,3,1.456613e-11,8.440337e-11,3.205817e-16,-4.368473e-19,-3.682634e-10
8744,8744.000000,3,2.611955e-11,8.384071e-11,3.206029e-16,-5.468690e-19,2.805187e-10
8745,8745.000000,3,1.405454e-11,8.329737e-11,3.206241e-16,4.070688e-19,-4.938486e-10
8746,8746.000000,3,1.607958e-11,8.279599e-11,3.206452e-16,1.184159e-19,6.560952e-11
8747,8747.000000,3,2.012257e-11,8.227574e-11,3.206664e-16,1.094625e-19,-1.271888e-10
8748,8748.000000,3,1.616485e-11,8.176704e-11,3.206875e-16,3.499305e-20,2.721525e-10
8749,8749.000000,3,1.877964e-11,8.126455e-11,3.207086e-16,1.615285e-19,2.334970e-10
8750,8750.000000,3,1.136158e-11,8.076184e-11,3.207297e-16,1.123047e-19,-2.653056e-10
8751,8751.000000,3,1.887912e-11,8.032153e-11,3.207508e-16,7.191839e-20,6.299397e-11
8752,8752.000000,3,2.244605e-11,7.983258e-11,3.207719e-16,2.206918e-19,-6.658915e-10
8753,8753.000000,3,1.842437e-11,7.934498e-11,3.207929e-16,1.694397e-19,7.053232e-10
8754,8754.000000,3,1.706013e-11,7.889933e-11,3.208140e-16,-1.294802e-19,1.384175e-10
8755,8755.000000,3,1.399769e-11,7.845902e-11,3.208350e-16,-1.680864e-19,-2.925233e-10
8756,8756.000000,3,1.675460e-11,7.802270e-11,3.208561e-16,3.988533e-19,2.160294e-10
8757,8757.000000,3,1.726619e-11,7.755152e-11,3.208771e-16,-1.693404e-20,2.232323e-10
8758,8758.000000,3,1.227818e-11,7.712608e-11,3.208981e-16,8.469006e-20,1.415298e-11
8759,8759.000000,3,1.897860e-11,7.675283e-11,3.209191e-16,1.826911e-19,-3.331823e-10
8760,8760.000000,3,1.502087e-11,7.630963e-11,3.209401e-16,1.478999e-21,9.968204e-11
8761,8761.000000,3,1.936229e-11,7.323431e-11,3.209611e-16,-6.738544e-20,8.290130e-10
8762,8762.000000,3,2.330580e-11,6.914136e-11,3.209820e-16,2.740218e-19,1.759773e-10
8763,8763.000000,3,1.443112e-11,6.669754e-11,3.210030e-16,-1.225452e-19,1.397542e-10
8764,8764.000000,3,2.174261e-11,6.441314e-11,3.210239e-16,1.085029e-19,-8.112630e-11
8765,8765.000000,3,1.512035e-11,6.250267e-11,3.210448e-16,-2.163640e-19,1.570735e-10
8766,8766.000000,3,1.488587e-11,6.069145e-11,3.210657e-16,-2.305154e-19,-3.532552e-10
8767,8767.000000,3,1.013234e-11,5.904610e-11,3.210866e-16,2.686583e-19,-1.608273e-10
8768,8768.000000,3,1.619327e-11,5.749357e-11,3.211075e-16,-1.942319e-19,3.860758e-10
8769,8769.000000,3,2.060574e-11,5.603118e-11,3.211284e-16,-3.983702e-20,1.049832e-10
8770,8770.000000,3,1.213607e-11,5.465894e-11,3.211493e-16,-1.966506e-19,4.904105e-10
8771,8771.000000,3,1.763567e-11,5.330958e-11,3.211701e-16,-2.043302e-19,-3.897573e-10
8772,8772.000000,3,1.134026e-11,5.203704e-11,3.211909e-16,-2.054684e-19,2.040376e-11
8773,8773.000000,3,8.277823e-12,5.080625e-11,4.015147e-16,2.054717e-20,3.826596e-10
8774,8774.000000,3,1.114131e-11,4.962297e-11,4.015386e-16,-1.209801e-19,-2.501543e-11
8775,8775.000000,3,1.312372e-11,4.845768e-11,3.212533e-16,6.468552e-21,3.408508e-10
8776,8776.000000,3,1.180211e-11,4.736544e-11,3.212740e-16,3.581725e-19,1.701297e-11
8777,8777.000000,3,7.638334e-12,4.627299e-11,3.212947e-16,2.222469e-20,-1.922987e-10
8778,8778.000000,3,8.547829e-12,4.518030e-11,3.213154e-16,-1.369249e-19,3.478391e-10
8779,8779.000000,3,1.448797e-11,4.416578e-11,3.213361e-16,-5.205613e-19,6.655625e-10
8780,8780.000000,3,1.110578e-11,4.314815e-11,3.213568e-16,8.870023e-20,3.437810e-10
8781,8781.000000,3,1.621459e-11,4.218026e-11,4.017198e-16,-2.234116e-19,2.246942e-10
8782,8782.000000,3,1.236344e-11,4.121192e-11,3.213980e-16,4.200125e-19,8.605841e-11
8783,8783.000000,3,7.609913e-12,4.026113e-11,3.214186e-16,-2.684036e-20,1.157777e-10
8784,8784.000000,3,1.117684e-11,3.932210e-11,3.214391e-16,2.336587e-19,-1.798161e-10
8785,8785.000000,3,1.278266e-11,3.842771e-11,3.214596e-16,-1.525652e-19,1.902725e-10
8786,8786.000000,3,1.565326e-11,3.751333e-11,3.214802e-16,3.871702e-19,3.358727e-10
8787,8787.000000,3,9.265477e-12,3.661671e-11,3.215006e-16,-5.918312e-20,3.848744e-11
8788,8788.000000,3,1.323741e-11,3.576250e-11,3.215211e-16,-2.347936e-19,2.897058e-11
8789,8789.000000,3,1.044498e-11,3.493605e-11,3.215415e-16,3.740643e-19,3.674973e-10
8790,8790.000000,3,1.497824e-11,3.408007e-11,3.215619e-16,2.933017e-19,-4.874723e-11
8791,8791.000000,3,7.425172e-12,3.326184e-11,3.215823e-16,3.565711e-19,-2.189086e-10
8792,8792.000000,3,9.393375e-12,3.248157e-11,3.216027e-16,1.692279e-19,-3.317730e-10
8793,8793.000000,3,7.609913e-12,3.167355e-11,4.020270e-16,2.072584e-20,1.836796e-10
8794,8794.000000,3,7.482015e-12,3.090483e-11,3.216433e-16,-5.943227e-19,-2.504903e-10
8795,8795.000000,3,1.090683e-11,3.009037e-11,3.216636e-16,3.669373e-19,-2.023349e-10
8796,8796.000000,3,8.448353e-12,2.935319e-11,3.216838e-16,3.510025e-19,-2.872407e-10
8797,8797.000000,3,1.144684e-11,2.860379e-11,3.217041e-16,2.900889e-19,3.320828e-10
8798,8798.000000,3,1.573852e-11,2.784795e-11,3.217243e-16,-4.948525e-20,1.506685e-10
8799,8799.000000,3,1.355716e-11,2.710965e-11,3.217445e-16,2.641552e-19,4.028273e-10
8800,8800.000000,3,1.203659e-11,2.639911e-11,3.217646e-16,1.425067e-19,-1.009607e-10
8801,8801.000000,3,9.976020e-12,2.566458e-11,3.217847e-16,-1.384866e-19,2.021328e-10
8802,8802.000000,3,8.071765e-12,2.496958e-11,3.218049e-16,2.333609e-19,1.663314e-10
8803,8803.000000,3,6.650680e-12,2.428191e-11,3.218249e-16,-1.682419e-19,4.084613e-11
8804,8804.000000,3,6.245671e-12,2.356249e-11,3.218450e-16,-7.893288e-20,-4.942588e-11
8805,8805.000000,3,1.579537e-11,2.286238e-11,3.218650e-16,4.573382e-19,-1.873054e-10
8806,8806.000000,3,1.062972e-11,2.218825e-11,3.218851e-16,-1.073350e-19,1.371577e-10
8807,8807.000000,3,1.071498e-11,2.154144e-11,3.219050e-16,2.919418e-19,4.041347e-10
8808,8808.000000,3,6.984635e-12,2.087175e-11,3.219250e-16,-1.597253e-19,-5.483867e-10
8809,8809.000000,3,1.142553e-11,2.020917e-11,4.024312e-16,3.738261e-19,-1.304824e-10
8810,8810.000000,3,8.796519e-12,1.958145e-11,3.219649e-16,-3.376551e-20,4.102544e-10
8811,8811.000000,3,1.017497e-11,1.895728e-11,3.219848e-16,-6.303778e-20,-4.354346e-10
8812,8812.000000,3,7.148060e-12,1.831224e-11,3.220046e-16,-7.816526e-20,-2.983857e-10
8813,8813.000000,3,8.327561e-12,1.771450e-11,3.220245e-16,-4.235628e-19,6.467522e-10
8814,8814.000000,3,1.384848e-11,1.708211e-11,3.220443e-16,-9.266739e-20,2.018080e-10
8815,8815.000000,3,1.082157e-11,1.646083e-11,3.220641e-16,-3.367419e-19,-3.687706e-10
8816,8816.000000,3,1.305978e-11,1.585421e-11,3.220839e-16,-2.776084e-19,-1.528032e-10
8817,8817.000000,3,8.050449e-12,1.524070e-11,3.221036e-16,2.615644e-19,-1.103763e-10
8818,8818.000000,3,7.517542e-12,1.465827e-11,3.221234e-16,1.753656e-19,2.484952e-10
8819,8819.000000,3,1.072920e-11,1.408029e-11,3.221431e-16,-3.803046e-20,-6.362388e-10
8820,8820.000000,3,7.190692e-12,1.348144e-11,3.221628e-16,7.213015e-21,-2.017914e-11
8821,8821.000000,3,7.624124e-12,1.873768e-11,3.221824e-16,2.759210e-19,-3.264908e-10
8822,8822.000000,3,1.065104e-11,2.621214e-11,3.222021e-16,1.176913e-20,2.520907e-10
8823,8823.000000,3,6.181722e-12,3.022782e-11,3.222217e-16,-5.091131e-20,2.613694e-10
8824,8824.000000,3,1.025313e-11,3.384093e-11,3.222413e-16,-3.474159e-20,-4.013676e-10
8825,8825.000000,3,7.489120e-12,3.664202e-11,3.222609e-16,-3.231166e-19,-7.611571e-10
8826,8826.000000,3,7.581491e-12,3.919620e-11,3.222805e-16,-1.039137e-19,-5.885269e-10
8827,8827.000000,3,1.697487e-11,4.142398e-11,3.223000e-16,-3.338600e-19,2.176433e-10
8828,8828.000000,3,9.073631e-12,4.347411e-11,3.223195e-16,-8.763482e-20,-1.601992e-10
8829,8829.000000,3,8.142820e-12,4.534773e-11,3.223390e-16,-5.528875e-21,3.271910e-10
8830,8830.000000,3,8.796519e-12,4.707945e-11,3.223585e-16,-5.355796e-19,1.404175e-10
8831,8831.000000,3,1.293188e-11,4.869749e-11,3.223780e-16,2.074040e-19,4.313991e-10
8832,8832.000000,3,2.158629e-11,5.019385e-11,3.223975e-16,-3.612132e-20,-3.426880e-10
8833,8833.000000,3,1.642775e-11,5.165535e-11,3.224170e-16,4.770913e-19,4.979284e-10
8834,8834.000000,3,2.784617e-11,5.297074e-11,3.224365e-16,5.249222e-19,-1.696886e-10
8835,8835.000000,3,1.541878e-11,5.425482e-11,3.224560e-16,-4.397954e-20,4.188605e-11
8836,8836.000000,3,2.227551e-11,5.548251e-11,3.224755e-16,1.370142e-19,-1.344218e-10
8837,8837.000000,3,2.250289e-11,5.665091e-11,3.224950e-16,7.379113e-20,2.804368e-10
8838,8838.000000,3,1.934097e-11,5.777090e-11,3.225145e-16,1.697242e-19,5.230788e-12
8839,8839.000000,3,1.931255e-11,5.886069e-11,4.031664e-16,8.058063e-20,1.616833e-10
8840,8840.000000,3,2.032863e-11,5.986722e-11,3.225536e-16,3.533848e-19,1.273217e-10
8841,8841.000000,3,2.288658e-11,6.089107e-11,3.225731e-16,1.996847e-19,2.321401e-10
8842,8842.000000,3,1.887202e-11,6.183498e-11,3.225926e-16,3.178425e-19,4.909819e-10
8843,8843.000000,3,1.802647e-11,6.277046e-11,3.226122e-16,-6.285315e-19,9.659040e-11
8844,8844.000000,3,1.945466e-11,6.366307e-11,3.226318e-16,1.602050e-19,-1.085335e-11
8845,8845.000000,3,1.013234e-11,6.453638e-11,3.226514e-16,-6.558550e-20,-4.016683e-10
8846,8846.000000,3,2.220446e-11,6.538570e-11,3.226709e-16,-1.199246e-19,4.442262e-10
8847,8847.000000,3,1.650591e-11,6.618439e-11,3.226906e-16,5.425180e-19,-1.821094e-10
8848,8848.000000,3,1.919176e-11,6.702061e-11,3.227102e-16,-2.005748e-20,-5.389798e-10
8849,8849.000000,3,1.644196e-11,6.779777e-11,4.034123e-16,-2.305121e-19,-2.263189e-10
8850,8850.000000,3,2.528111e-11,6.854339e-11,3.227495e-16,4.398946e-20,5.341168e-10
8851,8851.000000,3,1.483613e-11,6.926348e-11,3.227691e-16,8.634773e-20,1.951799e-10
8852,8852.000000,3,1.764278e-11,6.997158e-11,3.227888e-16,-4.005572e-19,4.398756e-11
8853,8853.000000,3,1.853806e-11,7.070899e-11,3.228085e-16,-2.506258e-19,7.036134e-10
8854,8854.000000,3,1.742961e-11,7.134582e-11,3.228282e-16,-1.462621e-19,9.662224e-11
8855,8855.000000,3,1.770672e-11,7.204326e-11,3.228480e-16,-9.859000e-20,5.135181e-10
8856,8856.000000,3,1.292477e-11,7.269785e-11,3.228677e-16,1.475359e-20,-3.014555e-10
8857,8857.000000,3,1.708855e-11,7.336198e-11,3.228875e-16,-1.216948e-20,-4.511023e-10
8858,8858.000000,3,2.169287e-11,7.397771e-11,3.229073e-16,-2.154938e-19,-4.177899e-10
8859,8859.000000,3,1.933387e-11,7.461964e-11,3.229271e-16,1.615616e-19,4.422747e-10
8860,8860.000000,3,2.143707e-11,7.520717e-11,3.229469e-16,5.165247e-20,5.810682e-10
8861,8861.000000,3,1.706724e-11,7.582002e-11,3.229667e-16,-8.162618e-21,-3.676782e-10
8862,8862.000000,3,1.880807e-11,7.642131e-11,3.229866e-16,8.063026e-20,-1.207886e-10
8863,8863.000000,3,1.540457e-11,7.697842e-11,3.230064e-16,-6.107902e-20,-2.491586e-10
8864,8864.000000,3,2.134470e-11,7.754553e-11,3.230263e-16,1.068056e-19,-1.986193e-10
8865,8865.000000,3,1.254108e-11,7.806600e-11,3.230462e-16,-3.540498e-19,-5.555730e-10
8866,8866.000000,3,1.742961e-11,7.861889e-11,3.230661e-16,2.126516e-19,5.130461e-10
8867,8867.000000,3,2.120970e-11,7.916379e-11,3.230861e-16,3.252110e-19,-5.607986e-12
8868,8868.000000,3,1.353584e-11,7.968826e-11,3.231060e-16,-4.361889e-20,6.248538e-10
8869,8869.000000,3,2.123102e-11,8.018963e-11,3.231260e-16,-5.774382e-20,-2.521462e-10
8870,8870.000000,3,1.584510e-11,8.070566e-11,3.231460e-16,4.083526e-19,4.441358e-10
8871,8871.000000,3,2.491873e-11,8.121659e-11,3.231660e-16,-1.741910e-19,8.866005e-11
8872,8872.000000,3,1.944755e-11,8.169598e-11,3.231860e-16,-5.089146e-20,-2.025477e-10
8873,8873.000000,3,1.193001e-11,8.218848e-11,3.232060e-16,-2.832663e-19,-4.405152e-10
8874,8874.000000,3,1.379163e-11,8.265277e-11,3.232261e-16,-1.246727e-20,4.969841e-11
8875,8875.000000,3,2.049205e-11,8.308598e-11,3.232450e-16,-1.162354e-19,1.560796e-11
8876,8876.000000,3,1.583800e-11,8.358958e-11,3.232663e-16,-6.894583e-19,2.143322e-10
8877,8877.000000,3,1.588774e-11,8.404499e-11,3.232864e-16,-3.756393e-20,3.700397e-10
8878,8878.000000,3,2.713563e-11,8.452283e-11,3.233065e-16,-1.205698e-19,-2.221895e-10
8879,8879.000000,3,1.644906e-11,8.496093e-11,3.233266e-16,2.074933e-19,-7.325293e-11
8880,8880.000000,3,1.836753e-11,8.539303e-11,3.233468e-16,1.226974e-19,8.744222e-11
8881,8881.000000,3,1.878675e-11,9.320700e-11,3.233669e-16,-1.107231e-19,3.951736e-10
8882,8882.000000,4,1.441691e-11,5.839773e-14,3.233871e-16,2.796962e-19,2.615213e-10
8883,8883.000000,4,6.266987e-12,5.084821e-14,3.234073e-16,3.769363e-19,4.381609e-10
8884,8884.000000,4,5.584866e-12,4.640732e-14,3.234275e-16,2.991548e-19,-2.031205e-10
8885,8885.000000,4,7.453593e-12,5.151435e-14,3.234478e-16,-1.579816e-19,1.745182e-10
8886,8886.000000,4,6.615153e-12,5.395684e-14,3.234680e-16,-1.620281e-19,-1.004470e-10
8887,8887.000000,4,1.129052e-11,6.927792e-14,3.234883e-16,-2.286559e-19,6.804612e-10
8888,8888.000000,4,7.645440e-12,4.840572e-14,3.235086e-16,-1.343738e-19,3.188486e-10
8889,8889.000000,4,1.089262e-11,5.218048e-14,3.235289e-16,2.842292e-19,5.415718e-11
8890,8890.000000,4,8.704149e-12,7.416290e-14,3.235493e-16,2.831969e-19,5.725800e-11
8891,8891.000000,4,5.861978e-12,8.326673e-14,3.235697e-16,-5.374358e-20,-3.461847e-10
8892,8892.000000,4,6.231460e-12,1.039169e-13,3.235901e-16,-4.551148e-19,7.407688e-11
8893,8893.000000,4,1.065814e-11,9.836576e-14,3.236106e-16,-2.969380e-19,-4.596901e-10
8894,8894.000000,4,1.063682e-11,6.328271e-14,3.236311e-16,1.287821e-19,6.169863e-10
8895,8895.000000,4,8.348877e-12,7.660539e-14,3.236516e-16,1.083607e-19,-7.345208e-12
8896,8896.000000,4,1.042366e-11,5.551115e-14,3.236722e-16,1.264759e-19,-1.992286e-10
8897,8897.000000,4,1.099920e-11,7.083223e-14,3.236929e-16,-2.424632e-20,-2.569995e-10
8898,8898.000000,4,6.131984e-12,7.838175e-14,3.237136e-16,-3.660969e-19,-2.542888e-11
8899,8899.000000,4,7.659651e-12,5.728751e-14,3.237343e-16,1.615649e-20,5.478729e-10
8900,8900.000000,4,7.247536e-12,6.594725e-14,3.237551e-16,-2.426617e-20,-4.535027e-10
8901,8901.000000,4,7.474910e-12,5.440093e-14,3.237760e-16,-1.492896e-20,-3.576973e-10
8902,8902.000000,4,9.428902e-12,6.883383e-14,3.237969e-16,-1.327493e-19,9.336107e-10
8903,8903.000000,4,1.170974e-11,7.638334e-14,3.238178e-16,-1.614061e-19,2.538756e-10
8904,8904.000000,4,7.375434e-12,1.085798e-13,3.238388e-16,5.647559e-19,-1.437345e-10
8905,8905.000000,4,8.334666e-12,7.660539e-14,3.238599e-16,-3.480081e-19,2.271807e-10
8906,8906.000000,4,8.505197e-12,6.439294e-14,3.238810e-16,1.136149e-19,-5.579380e-10
8907,8907.000000,4,1.050893e-11,1.019185e-13,3.239022e-16,9.126449e-20,-1.745266e-10
8908,8908.000000,4,8.427037e-12,8.615331e-14,3.239234e-16,1.355551e-19,-6.162453e-10
8909,8909.000000,4,8.490986e-12,9.259260e-14,3.239447e-16,-4.894262e-19,1.229085e-10
8910,8910.000000,4,7.823076e-12,9.015011e-14,3.239661e-16,4.197048e-19,4.586195e-11
8911,8911.000000,4,6.970424e-12,8.837375e-14,3.239875e-16,-7.619988e-21,1.490161e-10
8912,8912.000000,4,9.713119e-12,8.526513e-14,3.240090e-16,-2.276666e-19,3.701034e-11
8913,8913.000000,4,8.327561e-12,7.704948e-14,3.240305e-16,-3.556612e-19,1.192421e-12
8914,8914.000000,4,7.162271e-12,1.052491e-13,4.050651e-16,3.685387e-19,-5.439761e-10
8915,8915.000000,4,9.364953e-12,9.259260e-14,3.240737e-16,4.507803e-20,-3.327663e-11
8916,8916.000000,4,7.403855e-12,1.130207e-13,3.240954e-16,3.035422e-19,-7.286964e-11
8917,8917.000000,4,7.986500e-12,1.010303e-13,3.241172e-16,2.682414e-19,-3.080388e-10
8918,8918.000000,4,6.558309e-12,8.903989e-14,3.241390e-16,1.346220e-19,-3.109839e-10
8919,8919.000000,4,7.617018e-12,7.838175e-14,3.241609e-16,2.737207e-19,-4.557220e-10
8920,8920.000000,4,5.691447e-12,9.547918e-14,3.241828e-16,1.348768e-19,3.720631e-10
8921,8921.000000,4,6.906475e-12,1.285638e-13,3.242048e-16,-1.507586e-19,-4.611163e-11
8922,8922.000000,4,1.126921e-11,9.170442e-14,3.242268e-16,4.977311e-20,-4.871922e-10
8923,8923.000000,4,7.510437e-12,1.068035e-13,3.242489e-16,-2.855825e-19,-6.101168e-11
8924,8924.000000,4,9.329426e-12,8.482104e-14,3.242711e-16,1.160137e-19,4.029153e-10
8925,8925.000000,4,7.311485e-12,8.371082e-14,3.242933e-16,7.936963e-20,-8.114480e-10
8926,8926.000000,4,7.418066e-12,9.681145e-14,3.243156e-16,-3.871933e-19,4.960689e-10
8927,8927.000000,4,1.109868e-11,1.065814e-13,3.243379e-16,3.148779e-19,6.113569e-11
8928,8928.000000,4,8.185452e-12,1.039169e-13,3.243603e-16,4.703845e-19,3.064800e-11
8929,8929.000000,4,7.979395e-12,1.001421e-13,3.243828e-16,4.342698e-20,-4.316245e-11
8930,8930.000000,4,6.956213e-12,1.074696e-13,3.244053e-16,-2.758151e-19,1.894652e-11
8931,8931.000000,4,7.432277e-12,1.136868e-13,3.244278e-16,-8.135156e-20,-2.036568e-11
8932,8932.000000,4,7.801759e-12,1.219025e-13,3.244504e-16,-8.412096e-20,3.565828e-10
8933,8933.000000,4,9.123369e-12,9.947598e-14,3.244731e-16,1.281733e-19,-3.049723e-10
8934,8934.000000,4,7.453593e-12,1.219025e-13,4.056167e-16,-1.849576e-19,3.232844e-10
8935,8935.000000,4,6.728840e-12,1.088019e-13,3.245186e-16,-3.333505e-19,-5.211533e-12
8936,8936.000000,4,5.343281e-12,9.969803e-14,4.056768e-16,1.753623e-22,2.667057e-10
8937,8937.000000,4,6.771472e-12,1.068035e-13,3.245643e-16,-3.452850e-19,-1.724406e-10
8938,8938.000000,4,8.775203e-12,1.296740e-13,3.245873e-16,1.129763e-19,4.747909e-10
8939,8939.000000,4,8.625989e-12,1.207923e-13,3.246103e-16,-7.112761e-20,-4.568864e-10
8940,8940.000000,4,1.101341e-11,1.343370e-13,3.246333e-16,-1.836639e-19,3.550138e-10
8941,8941.000000,4,8.377299e-12,9.370282e-14,3.246564e-16,-2.525779e-19,1.130896e-10
8942,8942.000000,4,6.927792e-12,8.149037e-14,3.246796e-16,6.296499e-20,-1.517128e-10
8943,8943.000000,4,7.013057e-12,5.817569e-14,3.247028e-16,2.014780e-19,-1.048195e-11
8944,8944.000000,4,8.597567e-12,7.194245e-14,3.247261e-16,9.207513e-20,3.015279e-10
8945,8945.000000,4,9.066525e-12,6.306067e-14,3.247494e-16,9.746504e-20,2.408489e-10
8946,8946.000000,3,2.063416e-11,9.671797e-11,4.059625e-16,-1.055747e-19,6.998373e-10
8947,8947.000000,3,1.143263e-11,8.411005e-11,3.247962e-16,6.182977e-19,-4.129352e-10
8948,8948.000000,3,1.415401e-11,7.238965e-11,3.248196e-16,4.770615e-19,-7.336677e-11
8949,8949.000000,3,1.543299e-11,6.163203e-11,3.248430e-16,-2.051408e-21,3.567935e-10
8950,8950.000000,3,9.364953e-12,5.147549e-11,4.060831e-16,1.464374e-19,-3.335049e-11
8951,8951.000000,3,9.663381e-12,4.198464e-11,3.248899e-16,-1.096808e-19,2.038892e-10
8952,8952.000000,3,7.233325e-12,3.300515e-11,3.249132e-16,5.236847e-19,-1.792373e-10
8953,8953.000000,3,7.418066e-12,2.444711e-11,3.249366e-16,2.953167e-19,3.866758e-10
8954,8954.000000,3,6.956213e-12,1.630163e-11,3.249599e-16,2.262107e-19,-1.540679e-11
8955,8955.000000,3,7.659651e-12,8.475665e-12,3.249831e-16,1.738800e-19,1.602781e-10
8956,8956.000000,3,7.240430e-12,1.826317e-12,3.250063e-16,3.964743e-19,4.523533e-11
8957,8957.000000,3,7.140954e-12,6.236345e-12,3.250294e-16,2.666566e-19,9.132639e-12
8958,8958.000000,3,8.171241e-12,1.318123e-11,3.250524e-16,-1.465202e-19,-3.844376e-10
8959,8959.000000,3,7.432277e-12,1.991385e-11,3.250753e-16,-9.439454e-20,2.470734e-10
8960,8960.000000,3,1.026024e-11,2.641043e-11,3.250982e-16,1.351514e-19,1.527037e-10
8961,8961.000000,3,6.444623e-12,3.272005e-11,3.251209e-16,4.672909e-20,-6.216039e-10
8962,8962.000000,3,8.682832e-12,3.883960e-11,3.251436e-16,-4.811875e-20,6.359338e-11
8963,8963.000000,3,8.213874e-12,4.480283e-11,3.251661e-16,3.178359e-19,-7.265181e-10
8964,8964.000000,3,6.743051e-12,5.057887e-11,3.251885e-16,2.473667e-19,1.164215e-10
8965,8965.000000,3,9.244161e-12,5.623679e-11,3.252108e-16,1.791574e-19,-3.142872e-10
8966,8966.000000,3,7.403855e-12,6.172018e-11,3.252331e-16,3.454571e-19,1.582749e-10
8967,8967.000000,3,1.819700e-11,6.709189e-11,3.252552e-16,5.404467e-20,8.971035e-11
8968,8968.000000,3,1.335110e-11,7.233791e-11,3.252771e-16,-1.208478e-19,-3.666474e-10
8969,8969.000000,3,1.185185e-11,7.750622e-11,4.066237e-16,-2.636258e-19,2.598430e-11
8970,8970.000000,3,1.357847e-11,8.248646e-11,3.253207e-16,-7.108459e-20,-1.694562e-10
8971,8971.000000,3,1.624301e-11,8.740564e-11,3.253424e-16,-1.886832e-19,-7.936277e-10
8972,8972.000000,3,2.196998e-11,9.223156e-11,3.253639e-16,1.937422e-19,2.521530e-10
8973,8973.000000,3,2.279421e-11,9.695311e-11,3.253852e-16,4.417806e-20,-4.290709e-10
8974,8974.000000,4,8.142820e-12,5.684342e-14,3.254065e-16,-2.535474e-20,-7.136539e-11
8975,8975.000000,4,7.169376e-12,5.395684e-14,3.254276e-16,-1.474367e-19,5.655855e-10
8976,8976.000000,4,7.531753e-12,3.996803e-14,3.254486e-16,1.844414e-19,4.807105e-11
8977,8977.000000,4,6.657785e-12,6.394885e-14,3.254695e-16,4.002231e-20,-2.371889e-11
8978,8978.000000,4,8.000711e-12,5.240253e-14,3.254903e-16,1.498917e-19,2.548603e-11
8979,8979.000000,4,7.368328e-12,6.639134e-14,3.255109e-16,-5.689613e-19,3.159913e-10
8980,8980.000000,4,6.643575e-12,5.306866e-14,3.255314e-16,-2.360145e-19,1.479254e-10
8981,8981.000000,4,6.920686e-12,8.837375e-14,3.255518e-16,2.071690e-19,-3.506408e-10
8982,8982.000000,4,8.633094e-12,6.505907e-14,3.255720e-16,-5.576852e-20,-3.845238e-10
8983,8983.000000,4,6.416201e-12,6.084022e-14,3.255922e-16,3.705769e-22,-6.479556e-11
8984,8984.000000,4,8.455459e-12,8.615331e-14,3.256122e-16,-2.162548e-19,-3.789922e-10
8985,8985.000000,4,6.160406e-12,6.084022e-14,3.256320e-16,7.997182e-21,3.156157e-10
8986,8986.000000,4,7.773338e-12,6.750156e-14,3.256518e-16,-4.223584e-20,1.910530e-10
8987,8987.000000,4,1.065814e-11,8.637535e-14,3.256714e-16,-5.792580e-20,-8.266132e-11
8988,8988.000000,4,8.263612e-12,7.527312e-14,3.256909e-16,5.156644e-20,3.439196e-10
8989,8989.000000,4,6.615153e-12,1.050271e-13,4.071379e-16,-8.504409e-20,-3.107124e-10
8990,8990.000000,4,7.375434e-12,8.837375e-14,3.257296e-16,-1.909728e-19,-2.044309e-11
8991,8991.000000,4,7.936762e-12,8.903989e-14,3.257487e-16,-2.514563e-19,-7.731008e-11
8992,8992.000000,4,8.355983e-12,7.016610e-14,3.257677e-16,-7.175626e-20,-5.441570e-10
8993,8993.000000,4,9.052314e-12,1.114664e-13,3.257866e-16,2.670569e-19,4.393147e-10
8994,8994.000000,4,1.070788e-11,9.370282e-14,3.258053e-16,-2.287022e-19,-5.289478e-10
8995,8995.000000,4,9.698908e-12,7.926992e-14,3.258240e-16,1.186243e-19,4.685706e-10
8996,8996.000000,4,8.022027e-12,8.615331e-14,3.258425e-16,-2.560819e-19,-1.912903e-10
8997,8997.000000,4,7.865708e-12,9.503509e-14,3.258609e-16,5.149034e-20,4.654724e-10
8998,8998.000000,4,9.066525e-12,9.237056e-14,3.258792e-16,3.498312e-19,1.153504e-10
8999,8999.000000,4,9.457324e-12,7.904788e-14,3.258973e-16,-3.078104e-19,4.290235e-11
9000,9000.000000,4,6.259882e-12,9.858780e-14,3.259153e-16,-4.164722e-19,1.686409e-10
9001,9001.000000,4,9.357848e-12,8.282264e-14,3.259333e-16,-1.644435e-19,-2.775706e-10
9002,9002.000000,4,7.936762e-12,8.859580e-14,3.259511e-16,2.072418e-19,-4.109241e-10
9003,9003.000000,4,8.078871e-12,8.437695e-14,3.259689e-16,1.697871e-19,-5.077966e-11
9004,9004.000000,4,6.721734e-12,6.794565e-14,3.259865e-16,1.547820e-19,-2.177977e-10
9005,9005.000000,4,1.018208e-11,5.928591e-14,3.260040e-16,-3.447159e-19,3.025757e-10
9006,9006.000000,4,8.505197e-12,5.062617e-14,3.260213e-16,-4.995840e-20,5.100367e-10
9007,9007.000000,4,7.617018e-12,5.462297e-14,3.260386e-16,5.267916e-19,3.932257e-10
9008,9008.000000,4,7.496226e-12,6.550316e-14,3.260558e-16,5.833278e-20,2.897032e-10
9009,9009.000000,4,8.270717e-12,6.150636e-14,3.345955e-16,-2.124630e-19,3.562357e-10
9010,9010.000000,4,7.190692e-12,5.973000e-14,3.260899e-16,-2.437569e-19,-7.255851e-11
9011,9011.000000,4,7.766232e-12,5.417888e-14,4.076329e-16,-5.527552e-20,-3.675971e-10
9012,9012.000000,3,3.360867e-11,9.932166e-11,4.076546e-16,-2.902511e-19,-5.729624e-10
9013,9013.000000,3,3.328182e-11,9.600809e-11,3.261405e-16,-3.783690e-19,6.260581e-11
9014,9014.000000,3,2.571454e-11,9.289214e-11,3.261572e-16,-1.979377e-19,-4.278933e-11
9015,9015.000000,3,2.638245e-11,8.998957e-11,4.077166e-16,-3.520878e-19,1.445573e-10
9016,9016.000000,3,2.483347e-11,8.726531e-11,3.261906e-16,-3.206020e-19,1.372953e-10
9017,9017.000000,3,2.253842e-11,8.467427e-11,3.262072e-16,-3.323446e-19,1.567491e-10
9018,9018.000000,3,2.298606e-11,8.227241e-11,3.262238e-16,3.010110e-19,-1.203675e-10
9019,9019.000000,3,2.621903e-11,7.996936e-11,3.262403e-16,8.303239e-20,-2.307018e-10
9020,9020.000000,3,1.142553e-11,7.781975e-11,3.262569e-16,-6.023529e-20,2.442832e-10
9021,9021.000000,3,1.860911e-11,7.574719e-11,3.262734e-16,7.179597e-20,6.943857e-11
9022,9022.000000,3,1.072209e-11,7.380518e-11,4.078616e-16,-2.440811e-19,-6.720024e-10
9023,9023.000000,3,2.527401e-11,7.189982e-11,3.263065e-16,-8.530879e-20,3.757823e-10
9024,9024.000000,3,2.479794e-11,7.012657e-11,3.263223e-16,2.629905e-19,-2.608595e-10
9025,9025.000000,3,1.135447e-11,6.846501e-11,3.263395e-16,-6.475832e-20,3.523010e-11
9026,9026.000000,3,2.050626e-11,6.682011e-11,3.263560e-16,1.022660e-19,-5.777784e-11
9027,9027.000000,3,1.101341e-11,6.526091e-11,4.079647e-16,7.252720e-21,-4.182854e-11
9028,9028.000000,3,1.723777e-11,6.375811e-11,4.079853e-16,-2.026229e-19,-3.591741e-10
9029,9029.000000,3,1.676881e-11,6.230483e-11,3.264054e-16,-3.192785e-19,-2.993016e-10
9030,9030.000000,3,1.357847e-11,6.092860e-11,3.264212e-16,2.080955e-19,3.706423e-10
9031,9031.000000,3,1.292477e-11,5.961787e-11,3.264384e-16,-1.322099e-19,1.920519e-10
9032,9032.000000,3,1.375611e-11,5.834200e-11,3.264549e-16,2.098690e-19,-1.222317e-10
9033,9033.000000,3,1.688250e-11,5.710366e-11,3.264715e-16,-1.210397e-19,9.068526e-11
9034,9034.000000,3,2.160760e-11,5.590661e-11,3.264873e-16,1.003536e-19,6.899309e-11
9035,9035.000000,3,1.373479e-11,5.475176e-11,3.265045e-16,3.346905e-19,3.775514e-10
9036,9036.000000,3,8.377299e-12,5.364775e-11,3.265210e-16,1.175788e-19,7.375836e-11
9037,9037.000000,3,8.718359e-12,5.258771e-11,4.081711e-16,8.830318e-20,-1.704371e-10
9038,9038.000000,3,1.431744e-11,5.152145e-11,3.265541e-16,2.108847e-19,4.871919e-10
9039,9039.000000,3,1.168843e-11,5.051715e-11,3.265707e-16,-2.352105e-19,4.706547e-10
9040,9040.000000,3,9.720225e-12,4.956591e-11,3.265872e-16,1.238620e-19,-1.852335e-11
9041,9041.000000,3,1.079314e-11,4.859690e-11,4.082547e-16,1.532435e-19,1.070181e-10
9042,9042.000000,3,1.131184e-11,4.773337e-11,3.266197e-16,2.771651e-19,2.140919e-10
9043,9043.000000,3,7.723600e-12,4.682765e-11,3.266370e-16,-6.669723e-20,-2.306069e-11
9044,9044.000000,3,1.308820e-11,4.597500e-11,4.083170e-16,4.798508e-19,5.936961e-10
9045,9045.000000,3,1.194422e-11,4.514011e-11,3.266702e-16,3.379099e-19,-1.809807e-10
9046,9046.000000,3,1.309530e-11,4.432898e-11,3.266868e-16,-4.770185e-20,-3.297308e-10
9047,9047.000000,3,1.586642e-11,4.354495e-11,3.267035e-16,1.927695e-19,-8.931930e-11
9048,9048.000000,3,1.004707e-11,4.276091e-11,3.267201e-16,-5.877615e-20,-2.913814e-10
9049,9049.000000,3,7.311485e-12,4.201195e-11,3.267368e-16,1.625079e-19,6.199370e-10
9050,9050.000000,3,9.428902e-12,4.130674e-11,3.267535e-16,-8.893515e-20,1.069506e-10
9051,9051.000000,3,6.700418e-12,4.059997e-11,3.267701e-16,2.750806e-19,7.209539e-12
9052,9052.000000,3,9.045209e-12,3.989453e-11,3.267862e-16,-4.697823e-19,-4.888581e-10
9053,9053.000000,3,1.101341e-11,3.924661e-11,3.268036e-16,-3.710600e-19,3.008960e-10
9054,9054.000000,3,1.007550e-11,3.859313e-11,3.268203e-16,2.043169e-19,2.029613e-10
9055,9055.000000,3,1.571721e-11,3.794254e-11,3.268364e-16,2.058522e-19,-1.538181e-10
9056,9056.000000,3,7.290168e-12,3.732481e-11,3.268538e-16,-2.211947e-19,-1.328637e-10
9057,9057.000000,3,1.427480e-11,3.673373e-11,3.268705e-16,-7.238161e-20,-2.208511e-10
9058,9058.000000,3,7.922552e-12,3.613643e-11,3.268873e-16,-5.362645e-19,5.373174e-10
9059,9059.000000,3,8.853362e-12,3.555622e-11,3.269041e-16,4.456353e-19,4.602432e-11
9060,9060.000000,3,1.008260e-11,3.500022e-11,3.269209e-16,-4.060199e-19,-2.799612e-10
9061,9061.000000,3,5.691447e-12,1.640421e-11,3.269371e-16,5.546742e-20,-5.632203e-10
9062,9062.000000,3,8.704149e-12,9.346746e-12,3.269545e-16,-7.790718e-20,5.312913e-10
9063,9063.000000,3,1.418243e-11,2.395995e-11,3.269714e-16,3.360603e-19,-1.076295e-11
9064,9064.000000,3,1.586642e-11,3.725820e-11,3.269876e-16,1.765832e-19,-2.227366e-10
9065,9065.000000,3,1.458034e-11,4.829803e-11,3.270051e-16,-2.451499e-19,-1.688818e-10
9066,9066.000000,3,1.815437e-11,5.847234e-11,3.270219e-16,-2.585502e-19,-4.093878e-10
9067,9067.000000,3,1.872280e-11,6.759748e-11,3.270388e-16,1.388009e-19,3.185300e-10
9068,9068.000000,3,2.913936e-11,7.616996e-11,3.270558e-16,2.289669e-19,-8.878681e-11
9069,9069.000000,3,2.733458e-11,8.410606e-11,3.270727e-16,-1.511888e-19,4.023581e-10
9070,9070.000000,3,3.269207e-11,9.165624e-11,4.088622e-16,-2.630203e-19,3.628983e-11
9071,9071.000000,3,2.295053e-11,9.873635e-11,3.271068e-16,2.127277e-19,9.278997e-11
9072,9072.000000,4,7.297274e-12,5.195844e-14,3.271239e-16,2.712987e-19,-2.226033e-10
9073,9073.000000,4,8.739676e-12,5.995204e-14,3.271411e-16,1.171288e-19,-1.950426e-10
9074,9074.000000,4,7.794654e-12,4.729550e-14,3.271583e-16,-1.648075e-19,-1.433293e-10
9075,9075.000000,4,5.258016e-12,6.150636e-14,3.271757e-16,3.764003e-19,1.760104e-10
9076,9076.000000,4,7.496226e-12,6.217249e-14,3.271931e-16,1.589576e-19,-3.563272e-11
9077,9077.000000,4,8.846257e-12,6.816769e-14,3.272106e-16,-4.579206e-19,-5.900283e-11
9078,9078.000000,4,8.398615e-12,6.661338e-14,3.272282e-16,1.726260e-19,-2.120030e-10
9079,9079.000000,4,5.918821e-12,7.505108e-14,3.272459e-16,4.733458e-20,-2.287801e-10
9080,9080.000000,4,6.764367e-12,6.195044e-14,3.272636e-16,4.796986e-20,-1.335733e-10
9081,9081.000000,4,9.279688e-12,8.837375e-14,3.272816e-16,1.569459e-19,2.552393e-10
9082,9082.000000,4,7.240430e-12,7.971401e-14,3.272997e-16,-1.862480e-20,-3.700447e-10
9083,9083.000000,4,8.384404e-12,6.084022e-14,3.273178e-16,-3.891752e-19,2.379723e-10
9084,9084.000000,4,6.224354e-12,9.947598e-14,3.273361e-16,-3.054381e-19,6.041129e-11
9085,9085.000000,4,7.212009e-12,1.054712e-13,3.273545e-16,4.325327e-19,-4.892613e-10
9086,9086.000000,4,1.045208e-11,8.237855e-14,3.273730e-16,6.885782e-20,1.504460e-11
9087,9087.000000,4,8.945733e-12,8.260059e-14,3.273916e-16,-2.388898e-20,-5.777756e-10
9088,9088.000000,4,7.872814e-12,1.070255e-13,3.274103e-16,-1.067625e-19,1.026938e-10
9089,9089.000000,4,9.912071e-12,8.082424e-14,3.274292e-16,-2.308297e-19,5.494888e-11
9090,9090.000000,4,1.215028e-11,1.103562e-13,3.274481e-16,-4.571066e-19,1.384745e-10
9091,9091.000000,4,6.593837e-12,9.414691e-14,3.274672e-16,1.230845e-19,-5.830796e-10
9092,9092.000000,4,7.148060e-12,1.036948e-13,3.274864e-16,-1.040891e-19,2.045664e-10
9093,9093.000000,4,7.645440e-12,9.259260e-14,3.275057e-16,1.509141e-19,3.601319e-11
9094,9094.000000,4,9.848122e-12,8.948398e-14,4.094055e-16,-3.857673e-19,-3.569939e-10
9095,9095.000000,4,7.446488e-12,1.170175e-13,3.275447e-16,-1.556555e-19,1.223406e-10
9096,9096.000000,4,5.393019e-12,1.179057e-13,3.275644e-16,-1.154049e-19,3.562102e-10
9097,9097.000000,4,6.835421e-12,1.039169e-13,3.275841e-16,1.066600e-19,1.794742e-10
9098,9098.000000,4,7.545964e-12,1.070255e-13,3.276040e-16,3.806354e-20,1.064054e-09
9099,9099.000000,4,8.263612e-12,1.143530e-13,3.276241e-16,1.776784e-20,-3.687817e-10
9100,9100.000000,4,1.169553e-11,1.176836e-13,3.276442e-16,-2.123207e-20,2.491543e-10
9101,9101.000000,4,7.773338e-12,1.023626e-13,3.276645e-16,3.603430e-19,-3.769426e-10
9102,9102.000000,4,7.744916e-12,1.207923e-13,3.276848e-16,8.159640e-20,1.406437e-10
9103,9103.000000,4,8.832046e-12,1.214584e-13,3.277053e-16,1.854340e-19,7.389877e-10
9104,9104.000000,4,7.112533e-12,1.012523e-13,3.277259e-16,-1.397770e-19,3.183081e-10
9105,9105.000000,4,7.354117e-12,1.139089e-13,4.096833e-16,-3.670564e-19,1.012847e-11
9106,9106.000000,4,9.286794e-12,1.323386e-13,3.277675e-16,-3.259158e-19,1.915767e-10
9107,9107.000000,4,7.212009e-12,1.036948e-13,3.277884e-16,4.741300e-19,3.270732e-10
9108,9108.000000,4,5.591971e-12,1.147971e-13,3.278095e-16,1.631333e-19,-2.815063e-11
9109,9109.000000,4,7.304379e-12,1.421085e-13,3.278307e-16,6.934421e-20,3.694661e-11
9110,9110.000000,4,5.691447e-12,1.427747e-13,3.278520e-16,-3.742463e-19,1.532156e-10
9111,9111.000000,4,8.668621e-12,1.287859e-13,3.278734e-16,-1.107694e-19,1.016775e-10
9112,9112.000000,4,1.018918e-11,1.043610e-13,4.098686e-16,2.030563e-19,-1.103317e-10
9113,9113.000000,4,7.723600e-12,1.112443e-13,3.279165e-16,5.331014e-20,6.718619e-11
9114,9114.000000,4,1.084999e-11,1.394440e-13,3.279383e-16,-6.525462e-20,-5.017638e-10
9115,9115.000000,4,7.723600e-12,1.434408e-13,3.279601e-16,-6.077494e-19,8.164445e-10
9116,9116.000000,4,7.894130e-12,1.505462e-13,3.279821e-16,-4.414233e-19,-2.851004e-11
9117,9117.000000,4,5.151435e-12,1.290079e-13,3.280042e-16,2.726553e-19,4.396778e-10
9118,9118.000000,4,1.072209e-11,1.463274e-13,3.280264e-16,4.140866e-20,-4.296429e-10
9119,9119.000000,4,7.666756e-12,1.558753e-13,3.280487e-16,8.074275e-20,6.370635e-11
9120,9120.000000,4,6.778578e-12,1.278977e-13,3.280711e-16,-3.079825e-19,-3.862064e-10
9121,9121.000000,4,8.185452e-12,1.467715e-13,3.280936e-16,-9.169793e-20,-1.730850e-10
9122,9122.000000,4,1.248424e-11,1.099121e-13,3.281162e-16,-1.771887e-19,-1.558266e-10
9123,9123.000000,4,7.865708e-12,1.170175e-13,3.281389e-16,-2.818668e-19,-1.416142e-10
9124,9124.000000,4,5.492495e-12,1.143530e-13,3.281618e-16,3.374798e-19,1.542197e-10
9125,9125.000000,4,6.664891e-12,9.525714e-14,3.281847e-16,-7.078350e-20,-2.049188e-10
9126,9126.000000,4,7.958079e-12,8.504308e-14,3.282078e-16,1.742439e-19,5.246641e-10
9127,9127.000000,4,7.553069e-12,7.815970e-14,3.282309e-16,6.174738e-20,-4.899397e-10
9128,9128.000000,4,8.988366e-12,6.949996e-14,4.103177e-16,2.363023e-19,1.594118e-10
9129,9129.000000,4,7.737810e-12,7.616130e-14,3.282774e-16,-4.268583e-20,9.171283e-11
9130,9130.000000,4,5.314860e-12,7.482903e-14,4.103759e-16,-4.742723e-20,-1.020346e-10
9131,9131.000000,4,7.368328e-12,8.104628e-14,3.283241e-16,1.594440e-19,5.541154e-10
9132,9132.000000,4,9.293899e-12,5.950795e-14,3.283475e-16,2.570811e-19,4.915365e-10
9133,9133.000000,4,7.503331e-12,6.727952e-14,3.283710e-16,-9.472542e-20,7.024353e-11
9134,9134.000000,4,7.631229e-12,5.995204e-14,3.283944e-16,-1.062298e-19,7.269366e-12
9135,9135.000000,4,7.510437e-12,1.079137e-13,3.284179e-16,-2.479193e-19,-2.232699e-11
9136,9136.000000,4,7.844392e-12,5.107026e-14,3.284413e-16,-2.835145e-19,3.126789e-10
9137,9137.000000,4,6.608047e-12,7.527312e-14,3.284647e-16,2.768474e-19,-1.518121e-10
9138,9138.000000,4,8.796519e-12,6.417089e-14,4.106102e-16,9.706137e-20,-3.582129e-11
9139,9139.000000,3,2.170708e-11,9.982348e-11,3.285116e-16,-4.139212e-21,3.873229e-10
9140,9140.000000,3,1.462297e-11,9.542722e-11,3.285349e-16,-2.122976e-19,-1.750828e-10
9141,9141.000000,3,1.276135e-11,9.116974e-11,3.285583e-16,1.529788e-19,6.878273e-11
9142,9142.000000,3,1.266187e-11,8.712564e-11,3.285816e-16,-3.030029e-19,-1.832028e-10
9143,9143.000000,3,9.890755e-12,8.315992e-11,3.286048e-16,1.335632e-19,-1.405235e-10
9144,9144.000000,3,1.630696e-11,7.933543e-11,3.286281e-16,8.311511e-21,1.438248e-10
9145,9145.000000,3,1.261213e-11,7.561862e-11,3.286513e-16,5.623372e-19,-1.722019e-10
9146,9146.000000,3,1.742251e-11,7.204792e-11,3.286744e-16,-6.420907e-20,-5.074509e-11
9147,9147.000000,3,1.188738e-11,6.853895e-11,3.286975e-16,2.017427e-19,-3.535008e-10
9148,9148.000000,3,9.499956e-12,6.515544e-11,3.287205e-16,-1.471389e-19,3.525747e-10
9149,9149.000000,3,1.591616e-11,6.187362e-11,3.287435e-16,-2.949164e-19,-1.462315e-10
9150,9150.000000,3,1.650591e-11,5.866574e-11,3.287664e-16,1.975804e-19,5.966130e-10
9151,9151.000000,3,1.378453e-11,5.556999e-11,3.287893e-16,-3.309814e-19,-4.071221e-10
9152,9152.000000,3,1.939782e-11,5.253997e-11,4.110152e-16,-2.280570e-19,4.669690e-10
9153,9153.000000,3,1.858069e-11,4.955436e-11,3.288349e-16,5.596704e-19,2.880888e-10
9154,9154.000000,3,1.179501e-11,4.663492e-11,3.288576e-16,-1.889578e-19,1.188013e-10
9155,9155.000000,3,7.815970e-12,4.383383e-11,3.288802e-16,-1.801930e-19,2.314203e-11
9156,9156.000000,3,1.312372e-11,4.105338e-11,3.289028e-16,-2.156923e-19,1.725933e-10
9157,9157.000000,3,9.777068e-12,3.835576e-11,3.289253e-16,3.200329e-19,2.895984e-10
9158,9158.000000,3,8.547829e-12,3.569878e-11,3.289478e-16,-1.784394e-20,-3.456902e-10
9159,9159.000000,3,9.173107e-12,3.311995e-11,3.289702e-16,2.448686e-19,1.311971e-10
9160,9160.000000,3,1.006839e-11,3.059197e-11,3.289925e-16,3.132698e-20,-3.075339e-10
9161,9161.000000,3,1.200817e-11,2.810241e-11,3.290148e-16,4.263851e-19,-7.527401e-11
9162,9162.000000,3,8.427037e-12,2.564815e-11,3.290370e-16,-2.025401e-19,1.182246e-10
9163,9163.000000,3,1.167422e-11,2.324829e-11,3.290592e-16,-1.830584e-19,2.497933e-10
9164,9164.000000,3,1.062261e-11,2.091993e-11,3.290813e-16,3.843081e-20,-7.685547e-12
9165,9165.000000,3,9.755752e-12,1.861933e-11,3.291033e-16,-2.361865e-19,-1.259164e-10
9166,9166.000000,3,6.060930e-12,1.634715e-11,3.291253e-16,-6.243559e-20,7.696269e-11
9167,9167.000000,3,1.722356e-11,1.412448e-11,3.291472e-16,3.322487e-19,1.226312e-10
9168,9168.000000,3,8.313350e-12,1.193445e-11,3.291691e-16,3.008456e-19,-9.354564e-11
9169,9169.000000,3,7.332801e-12,9.771739e-12,3.291908e-16,3.155198e-19,-8.582329e-12
9170,9170.000000,3,8.803624e-12,7.687184e-12,3.292126e-16,-3.529083e-20,-1.751867e-10
9171,9171.000000,3,8.114398e-12,5.582201e-12,3.292342e-16,3.157084e-19,-5.772150e-10
9172,9172.000000,3,1.004707e-11,3.546941e-12,3.292558e-16,-4.650409e-20,3.199821e-11
9173,9173.000000,3,7.432277e-12,1.650680e-12,3.292774e-16,2.607075e-19,-1.099467e-10
9174,9174.000000,3,1.047340e-11,1.815215e-12,3.292988e-16,1.325838e-19,1.356118e-10
9175,9175.000000,3,8.782308e-12,2.512213e-12,3.293202e-16,5.006726e-19,-1.511627e-11
9176,9176.000000,3,9.464429e-12,4.348299e-12,3.293416e-16,-6.406018e-20,8.976228e-11
9177,9177.000000,3,6.593837e-12,6.253886e-12,3.293629e-16,-4.769821e-19,1.951818e-10
9178,9178.000000,3,7.581491e-12,8.117729e-12,3.293841e-16,-4.495561e-20,-1.219647e-10
9179,9179.000000,3,6.714629e-12,9.983125e-12,3.294053e-16,2.415367e-19,-7.273315e-11
9180,9180.000000,3,6.572520e-12,1.179101e-11,3.294264e-16,-1.952841e-19,-4.277831e-11
9181,9181.000000,3,8.320455e-12,5.271339e-12,3.294474e-16,1.726591e-19,-3.190640e-10
9182,9182.000000,3,8.419931e-12,2.954659e-11,3.294684e-16,1.166986e-20,1.135618e-10
9183,9183.000000,3,7.091217e-12,4.273737e-11,3.294893e-16,-1.159773e-19,2.539309e-10
9184,9184.000000,3,1.227107e-11,5.437562e-11,3.295102e-16,-3.119100e-19,-4.562455e-10
9185,9185.000000,3,1.653433e-11,6.362466e-11,3.295310e-16,-2.782305e-20,6.333467e-11
9186,9186.000000,3,1.699618e-11,7.203416e-11,4.119381e-16,5.371711e-20,1.049988e-11
9187,9187.000000,3,1.558931e-11,7.939072e-11,3.295725e-16,-1.975274e-19,4.102808e-10
9188,9188.000000,3,2.346212e-11,8.617684e-11,3.295932e-16,5.033890e-20,-1.615975e-10
9189,9189.000000,3,1.774936e-11,9.231504e-11,3.296138e-16,-1.907445e-19,-2.282427e-11
9190,9190.000000,3,1.410427e-11,9.809709e-11,3.296344e-16,-6.872217e-20,-1.591271e-10
9191,9191.000000,4,7.823076e-12,6.683543e-14,3.296550e-16,5.989449e-20,3.774291e-10
9192,9192.000000,4,1.196554e-11,6.394885e-14,3.296756e-16,-9.147625e-20,1.022041e-10
9193,9193.000000,4,1.115552e-11,5.084821e-14,3.296963e-16,-1.994101e-19,6.338158e-10
9194,9194.000000,4,1.045208e-11,7.016610e-14,3.297169e-16,1.365510e-19,2.437043e-10
9195,9195.000000,4,9.492851e-12,8.437695e-14,3.297375e-16,-8.196632e-19,2.728810e-10
9196,9196.000000,4,8.228085e-12,6.328271e-14,3.297582e-16,1.489587e-19,-2.804655e-10
9197,9197.000000,4,7.894130e-12,7.127632e-14,3.297788e-16,1.015910e-19,1.269327e-10
9198,9198.000000,4,1.025313e-11,6.594725e-14,3.297995e-16,1.088702e-19,-1.628067e-10
9199,9199.000000,4,1.182343e-11,5.750955e-14,3.298203e-16,-2.968387e-19,-2.388976e-10
9200,9200.000000,4,8.547829e-12,5.395684e-14,3.298411e-16,1.358197e-19,-8.794428e-10
9201,9201.000000,4,8.256507e-12,6.439294e-14,3.298619e-16,1.756468e-19,-5.763735e-11
9202,9202.000000,4,8.114398e-12,8.393286e-14,4.123535e-16,-8.794584e-20,-4.531022e-10
9203,9203.000000,4,6.870948e-12,7.327472e-14,3.299037e-16,4.686144e-20,-4.412472e-10
9204,9204.000000,4,9.841017e-12,8.193446e-14,3.299247e-16,-5.737325e-21,3.802238e-10
9205,9205.000000,4,5.037748e-12,7.172041e-14,3.299457e-16,-2.280107e-19,-1.731584e-11
9206,9206.000000,4,8.590462e-12,6.949996e-14,3.299668e-16,2.166882e-20,-2.638725e-10
9207,9207.000000,4,6.401990e-12,7.460699e-14,3.299879e-16,-7.554806e-20,4.045490e-10
9208,9208.000000,4,7.702283e-12,6.306067e-14,3.300091e-16,1.207452e-19,-2.654787e-10
9209,9209.000000,4,7.894130e-12,6.994405e-14,3.300303e-16,2.153912e-19,-5.908663e-10
9210,9210.000000,4,7.645440e-12,7.038814e-14,3.300516e-16,5.560639e-20,6.697023e-10
9211,9211.000000,4,8.320455e-12,7.149836e-14,4.125912e-16,-2.649162e-19,3.953266e-10
9212,9212.000000,4,8.782308e-12,1.110223e-13,3.300944e-16,-8.260887e-20,-1.703235e-10
9213,9213.000000,4,7.517542e-12,6.172840e-14,3.301159e-16,-3.177234e-19,-1.042467e-10
9214,9214.000000,4,8.625989e-12,7.616130e-14,3.301374e-16,-9.992342e-20,4.578574e-10
9215,9215.000000,4,6.366463e-12,8.970602e-14,3.301590e-16,-3.989393e-19,2.747652e-10
9216,9216.000000,4,1.108447e-11,8.704149e-14,3.301807e-16,-4.431173e-19,6.975662e-11
9217,9217.000000,4,7.098322e-12,7.993606e-14,3.302024e-16,1.576937e-20,4.593309e-11
9218,9218.000000,4,9.862333e-12,6.616929e-14,3.302242e-16,3.413146e-19,2.373153e-10
9219,9219.000000,4,5.549339e-12,9.237056e-14,3.302461e-16,-2.487001e-19,2.864271e-10
9220,9220.000000,4,6.963319e-12,8.348877e-14,3.302680e-16,1.214566e-19,-5.310540e-11
9221,9221.000000,4,6.842527e-12,8.615331e-14,3.302900e-16,3.941085e-19,2.966211e-10
9222,9222.000000,4,5.449863e-12,9.814372e-14,3.303121e-16,-4.619374e-19,-1.334773e-10
9223,9223.000000,4,6.323830e-12,9.747758e-14,3.303342e-16,-2.536136e-19,-4.799642e-10
9224,9224.000000,4,1.300293e-11,7.838175e-14,4.129455e-16,-2.087771e-19,-1.591279e-10
9225,9225.000000,4,7.048584e-12,1.068035e-13,3.303786e-16,-4.731440e-19,-1.980429e-10
9226,9226.000000,4,6.082246e-12,9.170442e-14,3.304009e-16,-4.192581e-19,-5.891077e-11
9227,9227.000000,4,8.419931e-12,1.152411e-13,3.304233e-16,4.149138e-21,-5.164250e-10
9228,9228.000000,4,9.393375e-12,9.192647e-14,3.304458e-16,-1.442041e-19,-1.520589e-11
9229,9229.000000,4,1.148237e-11,1.081357e-13,3.304683e-16,2.742004e-19,-2.428405e-10
9230,9230.000000,4,1.219291e-11,1.028067e-13,3.304908e-16,7.784100e-20,8.373315e-11
9231,9231.000000,4,8.100187e-12,9.681145e-14,3.305135e-16,4.238209e-19,-1.502975e-10
9232,9232.000000,4,8.434142e-12,1.110223e-13,3.305362e-16,-1.414876e-19,4.240813e-10
9233,9233.000000,4,8.228085e-12,1.074696e-13,3.305589e-16,-6.271022e-20,2.133477e-10
9234,9234.000000,4,6.352252e-12,9.614531e-14,3.305817e-16,2.964152e-19,4.565384e-10
9235,9235.000000,4,8.277823e-12,9.459100e-14,3.306046e-16,-4.405001e-19,1.282292e-10
9236,9236.000000,4,8.185452e-12,1.014744e-13,3.306276e-16,-1.753457e-19,-8.830079e-11
9237,9237.000000,4,9.229950e-12,1.012523e-13,3.306506e-16,1.942749e-19,-7.874594e-11
9238,9238.000000,4,6.089351e-12,1.225686e-13,3.306737e-16,5.715024e-19,1.541646e-10
9239,9239.000000,4,1.035971e-11,1.147971e-13,3.306968e-16,-1.168277e-19,-8.786318e-11
9240,9240.000000,4,7.155165e-12,1.296740e-13,3.307200e-16,-1.691485e-19,1.118811e-11
9241,9241.000000,4,8.391510e-12,9.525714e-14,3.307433e-16,4.084055e-19,-7.203359e-11
9242,9242.000000,4,9.407586e-12,8.837375e-14,4.134583e-16,-1.886700e-19,-1.952382e-11
9243,9243.000000,4,8.135714e-12,6.172840e-14,3.307900e-16,-2.921503e-19,-1.605094e-10
9244,9244.000000,4,8.142820e-12,7.016610e-14,3.308134e-16,-2.044427e-19,2.287487e-10
9245,9245.000000,4,7.787548e-12,7.771561e-14,3.308370e-16,-1.253708e-19,4.976313e-10
9246,9246.000000,4,8.462564e-12,4.862777e-14,3.308605e-16,-3.249860e-19,2.150408e-10
9247,9247.000000,4,9.244161e-12,8.060219e-14,3.308841e-16,4.252072e-19,1.714393e-10
9248,9248.000000,4,9.883649e-12,7.016610e-14,3.309078e-16,-3.576696e-19,1.425266e-10
9249,9249.000000,4,8.597567e-12,4.396483e-14,3.309315e-16,3.946975e-20,5.402347e-11
9250,9250.000000,3,1.247003e-11,9.840395e-11,3.309552e-16,-1.104286e-19,-4.691226e-10
9251,9251.000000,3,8.945733e-12,9.162604e-11,4.137201e-16,8.073945e-20,3.232755e-10
9252,9252.000000,3,1.032419e-11,8.528711e-11,3.310026e-16,3.548340e-19,1.732006e-10
9253,9253.000000,3,7.950973e-12,7.927103e-11,3.310262e-16,2.965840e-19,-2.097172e-10
9254,9254.000000,3,1.087130e-11,7.353096e-11,3.310499e-16,-6.238431e-19,-1.058466e-10
9255,9255.000000,3,1.771383e-11,6.807821e-11,3.310736e-16,-2.484189e-20,-5.432615e-11
9256,9256.000000,3,1.656275e-11,6.284040e-11,3.310972e-16,-3.716026e-19,7.894213e-10
9257,9257.000000,3,1.215028e-11,5.782463e-11,3.311208e-16,1.667861e-19,-3.306180e-11
9258,9258.000000,3,9.734435e-12,5.299738e-11,3.311443e-16,4.573349e-19,-3.200819e-10
9259,9259.000000,3,1.541167e-11,4.836265e-11,3.311678e-16,-1.083210e-19,-1.097024e-10
9260,9260.000000,3,6.401990e-12,4.383671e-11,4.139890e-16,3.199369e-19,3.280395e-10
9261,9261.000000,3,1.281109e-11,3.950196e-11,4.140183e-16,1.518207e-19,7.833676e-10
9262,9262.000000,3,8.064660e-12,3.526934e-11,3.312379e-16,2.215554e-19,-1.888176e-10
9263,9263.000000,3,9.649170e-12,3.120282e-11,3.312612e-16,4.462474e-19,-1.979089e-10
9264,9264.000000,3,8.810730e-12,2.724954e-11,3.312844e-16,8.833296e-20,-3.041056e-10
9265,9265.000000,3,1.281819e-11,2.340639e-11,3.313075e-16,-3.600750e-19,8.375103e-11
9266,9266.000000,3,7.531753e-12,1.962941e-11,3.313306e-16,1.796339e-19,3.166931e-10
9267,9267.000000,3,6.927792e-12,1.596390e-11,3.313536e-16,2.996379e-19,-4.304462e-10
9268,9268.000000,3,9.116263e-12,1.237832e-11,3.313765e-16,5.277115e-19,-3.629339e-10
9269,9269.000000,3,1.037392e-11,8.912204e-12,4.142492e-16,-6.086296e-19,5.766899e-11
9270,9270.000000,3,1.011102e-11,5.500711e-12,3.314221e-16,5.102910e-19,8.545067e-12
9271,9271.000000,3,9.727330e-12,2.161160e-12,3.314448e-16,1.978054e-19,2.236806e-10
9272,9272.000000,3,9.642065e-12,1.108669e-12,3.314674e-16,-3.054249e-19,-4.070757e-10
9273,9273.000000,3,8.753887e-12,4.264145e-12,3.314900e-16,6.337858e-20,-3.199616e-11
9274,9274.000000,3,7.823076e-12,7.419176e-12,3.315125e-16,-3.407819e-19,2.638270e-10
9275,9275.000000,3,7.204903e-12,1.045963e-11,3.315349e-16,1.777380e-19,3.396768e-10
9276,9276.000000,3,6.430412e-12,1.346323e-11,3.315572e-16,-2.054220e-19,3.053441e-10
9277,9277.000000,3,8.633094e-12,1.639933e-11,3.315794e-16,-1.800507e-19,2.833510e-10
9278,9278.000000,3,1.146105e-11,1.931943e-11,4.144995e-16,-1.594705e-19,4.762873e-11
9279,9279.000000,3,6.949108e-12,2.216249e-11,3.316236e-16,5.395203e-20,4.215512e-10
9280,9280.000000,3,9.826806e-12,2.492628e-11,3.316456e-16,1.356245e-20,-9.659207e-11
9281,9281.000000,3,9.343637e-12,2.767808e-11,3.316675e-16,-1.582463e-19,-1.088790e-10
9282,9282.000000,3,1.368505e-11,3.040257e-11,3.316894e-16,-3.786833e-20,-2.888638e-10
9283,9283.000000,3,8.128609e-12,3.308709e-11,4.146367e-16,-2.548709e-19,-5.877735e-10
9284,9284.000000,3,7.872814e-12,3.570144e-11,3.317328e-16,-2.444583e-19,-2.852354e-10
9285,9285.000000,3,8.512302e-12,3.827316e-11,3.317544e-16,-2.845501e-22,-2.943737e-10
9286,9286.000000,3,7.709389e-12,4.081180e-11,4.147199e-16,2.720432e-19,-1.972936e-10
9287,9287.000000,3,1.035971e-11,4.326650e-11,3.317973e-16,-2.489152e-20,4.762333e-10
9288,9288.000000,3,1.222844e-11,4.576117e-11,3.318187e-16,2.780915e-19,-4.307942e-10
9289,9289.000000,3,9.322321e-12,4.816725e-11,3.318400e-16,-4.414497e-19,-4.204408e-10
9290,9290.000000,3,9.841017e-12,5.057910e-11,3.318612e-16,-2.437536e-19,-2.114695e-10
9291,9291.000000,3,1.403322e-11,5.293521e-11,3.318823e-16,-1.701113e-19,-2.865848e-10
9292,9292.000000,3,1.104183e-11,5.526912e-11,3.319033e-16,4.953158e-20,-1.699904e-10
9293,9293.000000,3,1.210765e-11,5.757905e-11,3.319243e-16,2.252777e-19,-1.145256e-11
9294,9294.000000,3,1.021760e-11,5.987455e-11,3.319451e-16,1.997178e-19,-1.723593e-12
9295,9295.000000,3,1.575984e-11,6.209366e-11,3.319659e-16,-3.202049e-19,-2.690063e-10
9296,9296.000000,3,1.726619e-11,6.429413e-11,3.319867e-16,1.465764e-20,-1.070494e-11
9297,9297.000000,3,9.826806e-12,6.649925e-11,3.320073e-16,-2.040655e-19,2.222431e-10
9298,9298.000000,3,1.642064e-11,6.866663e-11,3.320279e-16,-8.320775e-20,1.755417e-10
9299,9299.000000,3,1.220712e-11,7.079048e-11,3.320484e-16,-3.352398e-20,7.576514e-11
9300,9300.000000,3,8.341772e-12,7.289858e-11,3.320688e-16,-7.472750e-20,4.088173e-10
9301,9301.000000,3,1.051603e-11,5.395795e-11,3.320891e-16,-9.549304e-20,8.260279e-11
9302,9302.000000,3,1.026734e-11,2.697575e-11,3.321094e-16,-5.853792e-20,-2.439666e-10
9303,9303.000000,3,6.814105e-12,1.230793e-11,3.321295e-16,1.981925e-19,1.789177e-10
9304,9304.000000,3,8.398615e-12,6.224132e-12,3.321497e-16,-8.652309e-21,-2.738375e-10
9305,9305.000000,3,5.904610e-12,1.089928e-11,3.321697e-16,4.006333e-19,-1.822017e-10
9306,9306.000000,3,7.027268e-12,2.017031e-11,3.321896e-16,7.476058e-20,1.860426e-11
9307,9307.000000,3,9.514167e-12,2.827938e-11,3.322095e-16,1.659192e-19,-2.883718e-10
9308,9308.000000,3,8.888890e-12,3.575762e-11,3.322294e-16,-2.223461e-19,3.249749e-10
9309,9309.000000,3,1.317346e-11,4.259260e-11,3.322492e-16,-1.557151e-19,1.696749e-10
9310,9310.000000,3,1.401901e-11,4.890333e-11,3.322690e-16,2.358921e-19,-4.837583e-10
9311,9311.000000,3,9.514167e-12,5.479994e-11,3.322887e-16,-3.645815e-19,1.692843e-11
9312,9312.000000,3,1.435296e-11,6.036593e-11,3.323084e-16,3.418241e-20,-2.114211e-10
9313,9313.000000,3,1.553957e-11,6.557066e-11,3.323282e-16,3.821078e-19,4.458544e-10
9314,9314.000000,3,2.107470e-11,7.053980e-11,3.323479e-16,-3.028441e-19,5.811146e-11
9315,9315.000000,3,1.838885e-11,7.525158e-11,3.323676e-16,4.127962e-20,-1.783226e-10
9316,9316.000000,3,1.935518e-11,7.973222e-11,3.323874e-16,-2.516680e-19,5.101448e-10
9317,9317.000000,3,1.231371e-11,8.403966e-11,3.324071e-16,5.161607e-21,-2.064167e-10
9318,9318.000000,3,2.016520e-11,8.816414e-11,3.324269e-16,-2.375001e-19,1.232994e-10
9319,9319.000000,3,2.289369e-11,9.213585e-11,3.324468e-16,1.117720e-19,-3.193135e-10
9320,9320.000000,3,2.131628e-11,9.593637e-11,3.324666e-16,-4.949849e-20,-1.426689e-10
9321,9321.000000,3,1.656986e-11,9.963608e-11,3.324865e-16,1.890472e-19,1.620639e-10
9322,9322.000000,4,8.164136e-12,4.907186e-14,3.325065e-16,-9.852052e-20,1.184470e-10
9323,9323.000000,4,8.604673e-12,6.550316e-14,3.325265e-16,2.772246e-19,-4.330390e-10
9324,9324.000000,4,7.368328e-12,5.018208e-14,3.325465e-16,-1.727153e-21,-1.634309e-10
9325,9325.000000,4,8.796519e-12,6.350476e-14,3.325666e-16,-3.588607e-19,-4.491391e-10
9326,9326.000000,4,7.389644e-12,5.950795e-14,3.325867e-16,-2.391015e-19,-4.252753e-10
9327,9327.000000,4,7.759127e-12,5.728751e-14,3.326069e-16,-3.501952e-19,-3.895995e-11
9328,9328.000000,4,9.038104e-12,5.750955e-14,3.326271e-16,-1.387016e-20,-2.730745e-10
9329,9329.000000,4,7.908341e-12,5.928591e-14,3.326474e-16,2.275144e-19,-5.205258e-10
9330,9330.000000,4,6.224354e-12,7.238654e-14,3.326678e-16,-7.280877e-19,1.518585e-10
9331,9331.000000,4,5.876188e-12,7.127632e-14,3.326882e-16,-4.093651e-19,2.656846e-10
9332,9332.000000,4,9.279688e-12,5.706546e-14,3.327086e-16,-3.748452e-20,-1.269506e-10
9333,9333.000000,4,7.759127e-12,5.773160e-14,3.327292e-16,-2.508839e-19,-5.822685e-11
9334,9334.000000,4,8.235190e-12,5.129230e-14,3.327497e-16,9.695219e-20,-7.968189e-11
9335,9335.000000,4,9.691803e-12,5.151435e-14,3.327704e-16,-2.821348e-20,1.791360e-10
9336,9336.000000,4,9.237056e-12,5.218048e-14,3.327911e-16,-2.185941e-19,-6.609764e-11
9337,9337.000000,4,8.391510e-12,6.195044e-14,4.160148e-16,-1.072754e-19,-2.562775e-10
9338,9338.000000,4,6.544099e-12,9.370282e-14,3.328327e-16,-1.370572e-19,-1.259828e-10
9339,9339.000000,4,1.025313e-11,1.085798e-13,3.328536e-16,-2.657599e-19,5.064583e-10
9340,9340.000000,4,7.389644e-12,9.547918e-14,3.328746e-16,-1.180883e-20,-2.703879e-10
9341,9341.000000,4,8.114398e-12,7.016610e-14,4.161195e-16,4.091301e-19,6.552427e-10
9342,9342.000000,4,7.929657e-12,8.060219e-14,3.329167e-16,1.226709e-19,3.473610e-10
9343,9343.000000,4,7.020162e-12,9.636736e-14,3.329378e-16,-3.167705e-19,3.236691e-10
9344,9344.000000,4,9.130474e-12,6.550316e-14,3.329590e-16,1.576937e-19,-6.367003e-10
9345,9345.000000,4,6.870948e-12,1.079137e-13,3.329803e-16,2.531173e-20,2.917930e-10
9346,9346.000000,4,7.212009e-12,6.616929e-14,3.330016e-16,6.895378e-21,4.312822e-11
9347,9347.000000,4,8.640200e-12,5.728751e-14,3.330230e-16,3.172932e-19,-2.579360e-10
9348,9348.000000,4,7.176482e-12,9.925394e-14,3.330445e-16,5.479906e-20,-1.621919e-10
9349,9349.000000,4,6.835421e-12,6.550316e-14,3.330660e-16,-2.726851e-19,1.072305e-10
9350,9350.000000,4,7.432277e-12,7.749357e-14,3.330876e-16,-2.335230e-19,3.477341e-10
9351,9351.000000,4,8.249401e-12,1.123546e-13,3.331093e-16,-4.911666e-19,7.574244e-11
9352,9352.000000,4,1.071498e-11,7.371881e-14,3.331310e-16,2.421522e-19,-5.184547e-11
9353,9353.000000,4,7.446488e-12,6.439294e-14,3.331528e-16,1.719609e-19,7.795192e-10
9354,9354.000000,4,1.113420e-11,7.793766e-14,3.331746e-16,-2.805168e-19,4.506532e-10
9355,9355.000000,4,8.668621e-12,8.992806e-14,3.331965e-16,-3.745606e-19,-6.071714e-10
9356,9356.000000,4,8.817835e-12,8.104628e-14,3.332185e-16,-3.634036e-19,6.151497e-10
9357,9357.000000,4,7.119638e-12,1.105782e-13,3.332405e-16,-5.459491e-19,-2.087066e-10
9358,9358.000000,4,1.111289e-11,1.070255e-13,3.332626e-16,-2.811984e-19,-3.123404e-10
9359,9359.000000,4,9.585222e-12,8.792966e-14,3.332848e-16,-2.713086e-19,-1.408921e-10
9360,9360.000000,4,5.435652e-12,1.045830e-13,3.333070e-16,-1.220356e-19,-2.067233e-10
9361,9361.000000,4,1.049472e-11,1.085798e-13,3.333293e-16,1.654361e-20,2.204046e-10
9362,9362.000000,4,8.249401e-12,5.417888e-14,3.333516e-16,7.377128e-20,4.212290e-10
9363,9363.000000,4,8.476775e-12,7.238654e-14,3.333740e-16,-1.241730e-19,-3.167232e-10
9364,9364.000000,4,9.443113e-12,8.615331e-14,3.333965e-16,-4.172531e-19,1.231683e-10
9365,9365.000000,4,8.874679e-12,4.773959e-14,3.334190e-16,-3.405337e-20,2.042199e-10
9366,9366.000000,4,8.583356e-12,5.351275e-14,3.334416e-16,-3.850890e-19,-4.368357e-11
9367,9367.000000,4,9.521273e-12,6.017409e-14,3.334642e-16,-3.430980e-19,-8.532833e-11
9368,9368.000000,4,6.821210e-12,6.616929e-14,3.334869e-16,2.136740e-19,4.459450e-10
9369,9369.000000,3,1.315215e-11,9.885226e-11,3.335096e-16,-7.248418e-20,2.164203e-10
9370,9370.000000,3,1.394795e-11,9.368950e-11,3.335323e-16,-2.988107e-20,1.560876e-11
9371,9371.000000,3,1.279687e-11,8.896373e-11,3.335550e-16,5.088815e-20,1.217460e-10
9372,9372.000000,3,8.050449e-12,8.443601e-11,3.335778e-16,2.943307e-19,1.622406e-10
9373,9373.000000,3,1.540457e-11,8.019052e-11,3.336006e-16,3.963353e-19,1.381417e-10
9374,9374.000000,3,1.052314e-11,7.615708e-11,3.336233e-16,-4.450232e-20,2.076927e-10
9375,9375.000000,3,1.227107e-11,7.233036e-11,3.336461e-16,4.548534e-19,3.894378e-10
9376,9376.000000,3,1.454481e-11,6.868905e-11,4.170860e-16,-1.882829e-19,-1.899152e-11
9377,9377.000000,3,9.293899e-12,6.519851e-11,3.336916e-16,-4.068405e-20,-3.749177e-10
9378,9378.000000,3,1.565326e-11,6.184231e-11,3.337143e-16,1.322761e-19,2.843425e-10
9379,9379.000000,3,7.794654e-12,5.861445e-11,3.337370e-16,2.615909e-19,5.342011e-10
9380,9380.000000,3,6.693313e-12,5.552403e-11,3.337596e-16,-2.148684e-19,-7.824143e-11
9381,9381.000000,3,8.952838e-12,5.252132e-11,3.337822e-16,-4.196883e-19,-2.147861e-10
9382,9382.000000,3,1.298162e-11,4.960654e-11,3.338048e-16,3.192586e-20,-3.994029e-10
9383,9383.000000,3,6.863843e-12,4.682854e-11,3.338274e-16,-3.929670e-19,4.636432e-10
9384,9384.000000,3,1.162448e-11,4.410006e-11,3.338499e-16,-8.455109e-20,4.277331e-10
9385,9385.000000,3,8.952838e-12,4.147105e-11,3.338724e-16,-1.229521e-19,-3.787527e-11
9386,9386.000000,3,7.922552e-12,3.888445e-11,3.358048e-16,7.062799e-20,-3.071827e-10
9387,9387.000000,3,7.126744e-12,3.640133e-11,3.339172e-16,-2.303863e-19,-2.216934e-11
9388,9388.000000,3,7.602807e-12,3.397438e-11,3.339396e-16,-1.551824e-19,1.162543e-10
9389,9389.000000,3,1.060130e-11,3.161027e-11,3.339619e-16,-4.149138e-20,3.369417e-10
9390,9390.000000,3,9.855228e-12,2.930478e-11,3.339842e-16,-5.126501e-19,-1.816238e-10
9391,9391.000000,3,7.609913e-12,2.702616e-11,3.340064e-16,2.666069e-19,-2.880282e-10
9392,9392.000000,3,1.587352e-11,2.484701e-11,3.340286e-16,1.112525e-19,-8.877735e-11
9393,9393.000000,3,7.688072e-12,2.267808e-11,3.340507e-16,2.399452e-19,-8.338877e-11
9394,9394.000000,3,6.387779e-12,2.058176e-11,3.340728e-16,4.112080e-20,-3.603143e-10
9395,9395.000000,3,7.688072e-12,1.851297e-11,3.340948e-16,-4.126639e-20,2.681645e-10
9396,9396.000000,3,7.197798e-12,1.649436e-11,3.341168e-16,2.093131e-19,-3.191294e-10
9397,9397.000000,3,8.228085e-12,1.451128e-11,3.341387e-16,-2.197653e-20,3.596545e-10
9398,9398.000000,3,1.119815e-11,1.258127e-11,3.341606e-16,2.510989e-20,-4.154926e-10
9399,9399.000000,3,7.979395e-12,1.067590e-11,3.341824e-16,-3.751066e-19,-4.891623e-11
9400,9400.000000,3,7.361223e-12,8.798962e-12,3.342042e-16,3.584008e-19,7.971887e-11
9401,9401.000000,3,7.602807e-12,6.956880e-12,3.342260e-16,2.475917e-20,-7.252788e-10
9402,9402.000000,3,7.659651e-12,5.146328e-12,4.178095e-16,4.683497e-20,2.791308e-10
9403,9403.000000,3,6.608047e-12,3.401279e-12,3.342693e-16,-5.633696e-19,2.371800e-10
9404,9404.000000,3,7.204903e-12,1.673550e-12,3.342908e-16,1.267902e-19,6.590922e-12
9405,9405.000000,3,7.382539e-12,1.769918e-12,3.343124e-16,-2.323021e-19,-4.150864e-10
9406,9406.000000,3,9.364953e-12,2.183809e-12,3.343339e-16,-7.284814e-20,4.780578e-10
9407,9407.000000,3,9.194423e-12,3.450573e-12,3.343553e-16,4.670460e-19,-2.007246e-10
9408,9408.000000,3,6.153300e-12,5.069500e-12,3.343767e-16,-4.804265e-21,-1.010285e-10
9409,9409.000000,3,1.049472e-11,6.665335e-12,3.343980e-16,3.153510e-19,-1.761830e-11
9410,9410.000000,3,9.613643e-12,8.278045e-12,3.344193e-16,3.609816e-20,4.274877e-10
9411,9411.000000,3,7.858603e-12,9.840351e-12,3.344405e-16,-2.643338e-19,-3.065163e-10
9412,9412.000000,3,7.858603e-12,1.137379e-11,3.344617e-16,-3.810490e-19,-5.229417e-10
9413,9413.000000,3,9.670487e-12,1.291900e-11,3.344828e-16,-3.025496e-20,-1.779411e-10
9414,9414.000000,3,6.068035e-12,1.438782e-11,3.345038e-16,-4.155590e-19,-1.912477e-10
9415,9415.000000,3,1.022471e-11,1.589240e-11,3.345249e-16,5.532548e-19,1.131060e-10
9416,9416.000000,3,6.380674e-12,1.739409e-11,3.345458e-16,-4.375289e-19,-7.427062e-10
9417,9417.000000,3,7.666756e-12,1.879230e-11,3.345668e-16,-4.305971e-20,-1.067018e-10
9418,9418.000000,3,9.748646e-12,2.025113e-11,3.345876e-16,2.363520e-19,1.024023e-10
9419,9419.000000,3,1.079314e-11,2.164335e-11,3.346085e-16,3.886657e-19,2.434136e-10
9420,9420.000000,3,7.347012e-12,2.304734e-11,3.346292e-16,-6.594946e-20,1.139747e-10
9421,9421.000000,3,5.243805e-12,1.750022e-11,3.346500e-16,1.247223e-19,1.147285e-10
9422,9422.000000,3,6.394885e-12,9.352741e-12,3.346706e-16,1.684338e-19,5.849756e-10
9423,9423.000000,3,9.741541e-12,5.239142e-12,3.346913e-16,9.726982e-20,6.048219e-10
9424,9424.000000,3,5.854872e-12,3.954170e-12,3.347118e-16,1.758553e-19,2.237599e-10
9425,9425.000000,3,6.359357e-12,3.659295e-12,3.347324e-16,1.096775e-19,-4.752002e-10
9426,9426.000000,3,6.572520e-12,3.743228e-12,3.347529e-16,-3.285925e-19,-7.515696e-11
9427,9427.000000,3,9.798384e-12,5.486500e-12,4.184666e-16,1.425100e-19,5.851281e-11
9428,9428.000000,3,6.963319e-12,7.296608e-12,3.347937e-16,1.723613e-19,2.478493e-10
9429,9429.000000,3,6.274092e-12,8.911982e-12,3.348141e-16,1.813709e-19,-1.593604e-10
9430,9430.000000,3,7.204903e-12,1.033951e-11,3.348344e-16,1.362366e-19,1.437981e-10
9431,9431.000000,3,1.116973e-11,1.167111e-11,3.348547e-16,1.006447e-19,1.547782e-10
9432,9432.000000,3,9.016787e-12,1.288281e-11,3.348750e-16,-6.187278e-19,9.752962e-11
9433,9433.000000,3,1.233502e-11,1.399014e-11,3.348952e-16,2.771022e-19,-1.464094e-10
9434,9434.000000,3,9.023893e-12,1.501488e-11,3.349154e-16,-6.880488e-20,-4.370611e-10
9435,9435.000000,3,1.016076e-11,1.595657e-11,3.349356e-16,2.343866e-19,-1.828500e-10
9436,9436.000000,3,8.000711e-12,1.686362e-11,3.349558e-16,-2.962928e-19,4.091022e-10
9437,9437.000000,3,9.727330e-12,1.762923e-11,3.349760e-16,-9.911278e-20,-2.860130e-10
9438,9438.000000,3,1.203659e-11,1.844525e-11,3.349961e-16,-1.016042e-19,2.599410e-10
9439,9439.000000,3,5.435652e-12,1.919043e-11,3.350163e-16,8.703264e-20,4.665730e-10
9440,9440.000000,3,1.396927e-11,1.987277e-11,3.350364e-16,-9.682315e-20,4.226058e-11
9441,9441.000000,3,7.069900e-12,2.049161e-11,3.350565e-16,4.192581e-19,-3.833755e-10
9442,9442.000000,3,6.174616e-12,2.113043e-11,3.350767e-16,4.734451e-20,4.276572e-10
9443,9443.000000,3,1.444533e-11,2.170575e-11,4.188710e-16,4.863822e-20,2.461191e-10
9444,9444.000000,3,1.186606e-11,2.225553e-11,3.351169e-16,-3.883117e-19,-4.945475e-11
9445,9445.000000,3,1.123368e-11,2.276401e-11,3.351370e-16,4.678103e-19,1.272825e-10
9446,9446.000000,3,5.869083e-12,2.327760e-11,3.351570e-16,4.905942e-19,-1.428930e-10
9447,9447.000000,3,6.103562e-12,2.376610e-11,3.351771e-16,1.533626e-19,-4.057871e-10
9448,9448.000000,3,1.104894e-11,2.419265e-11,3.351972e-16,2.758316e-19,-4.926782e-10
9449,9449.000000,3,1.200107e-11,2.458478e-11,4.190216e-16,2.490475e-20,2.491521e-11
9450,9450.000000,3,1.183054e-11,2.501643e-11,3.352374e-16,2.765430e-20,5.548274e-10
9451,9451.000000,3,1.050182e-11,2.541301e-11,3.352575e-16,2.640030e-20,1.949487e-10
9452,9452.000000,3,9.642065e-12,2.578449e-11,3.352775e-16,-4.771178e-21,1.330501e-10
9453,9453.000000,3,1.376321e-11,2.614575e-11,3.352976e-16,-9.751136e-20,5.254531e-10
9454,9454.000000,3,8.782308e-12,2.647416e-11,3.353177e-16,-1.474797e-19,2.070266e-10
9455,9455.000000,3,1.285372e-11,2.679257e-11,3.353377e-16,-3.582354e-20,1.181274e-10
9456,9456.000000,3,1.451639e-11,2.708922e-11,3.353578e-16,2.908797e-19,3.154693e-10
9457,9457.000000,3,1.043787e-11,2.741385e-11,3.353779e-16,-2.008494e-19,-8.611495e-11
9458,9458.000000,3,1.199396e-11,2.769540e-11,3.353980e-16,-3.818630e-19,-1.857950e-10
9459,9459.000000,3,1.394085e-11,2.798073e-11,3.354180e-16,-2.372354e-21,1.637040e-10
9460,9460.000000,3,1.219291e-11,2.823186e-11,3.354381e-16,3.367915e-19,8.353265e-10
9461,9461.000000,3,7.311485e-12,2.851142e-11,3.354582e-16,-4.839999e-20,-2.269160e-10
9462,9462.000000,3,1.210054e-11,2.876188e-11,3.354783e-16,4.796324e-20,2.818961e-10
9463,9463.000000,3,7.958079e-12,2.902145e-11,4.193729e-16,-9.785216e-20,6.151787e-11
9464,9464.000000,3,1.010392e-11,2.922040e-11,3.355184e-16,-1.237859e-19,5.251134e-10
9465,9465.000000,3,1.102762e-11,2.940914e-11,3.355385e-16,-8.218867e-21,-4.199737e-10
9466,9466.000000,3,1.355005e-11,2.965961e-11,3.355586e-16,-2.031886e-20,-9.604951e-10
9467,9467.000000,3,1.067235e-11,2.984324e-11,3.355787e-16,2.707892e-19,4.512758e-10
9468,9468.000000,3,1.654143e-11,3.005796e-11,3.355987e-16,-4.644785e-20,1.545136e-10
9469,9469.000000,3,1.362821e-11,3.024136e-11,3.356188e-16,-1.217775e-19,1.228876e-10
9470,9470.000000,3,1.177369e-11,3.042855e-11,3.356389e-16,-2.702598e-19,-4.117407e-10
9471,9471.000000,3,7.588596e-12,3.060174e-11,3.356590e-16,-1.265057e-19,-1.468898e-10
9472,9472.000000,3,1.014655e-11,3.079470e-11,3.356791e-16,-9.447064e-20,2.895220e-10
9473,9473.000000,3,1.764278e-11,3.095657e-11,3.358852e-16,2.279941e-19,5.189041e-11
9474,9474.000000,3,1.761435e-11,3.109246e-11,3.357193e-16,1.422718e-19,-1.674269e-10
9475,9475.000000,3,1.144684e-11,3.125300e-11,3.357394e-16,2.044393e-19,3.807819e-10
9476,9476.000000,3,1.642064e-11,3.138911e-11,3.357595e-16,-1.354558e-19,6.921146e-10
9477,9477.000000,3,1.157474e-11,3.153966e-11,3.357796e-16,-1.567838e-19,1.037222e-10
9478,9478.000000,3,1.151790e-11,3.170819e-11,3.357997e-16,1.037384e-19,-3.744385e-10
9479,9479.000000,3,1.130473e-11,3.181078e-11,3.358198e-16,1.798588e-19,4.268391e-12
9480,9480.000000,3,1.082157e-11,3.196288e-11,3.358399e-16,-5.848663e-19,1.966765e-10
9481,9481.000000,3,6.750156e-12,3.263989e-11,3.358600e-16,3.231795e-19,3.366173e-10
9482,9482.000000,3,7.986500e-12,3.348211e-11,3.358801e-16,4.024862e-19,2.273083e-10
9483,9483.000000,3,9.144685e-12,3.403122e-11,3.359002e-16,3.455398e-19,2.230923e-10
9484,9484.000000,3,1.301004e-11,3.452061e-11,3.359204e-16,-1.612473e-19,3.403951e-10
9485,9485.000000,3,1.173817e-11,3.493472e-11,3.359405e-16,-2.882691e-19,4.405557e-10
9486,9486.000000,3,9.407586e-12,3.532952e-11,3.359606e-16,-2.387442e-19,-1.237206e-10
9487,9487.000000,3,8.604673e-12,3.570810e-11,3.359807e-16,-7.121694e-20,5.344931e-10
9488,9488.000000,3,9.364953e-12,3.604717e-11,3.360008e-16,-2.879813e-19,2.983607e-10
9489,9489.000000,3,1.122658e-11,3.637335e-11,3.360210e-16,-3.825247e-19,-2.926936e-12
9490,9490.000000,3,1.291056e-11,3.669820e-11,3.360411e-16,-2.581101e-19,4.755183e-10
9491,9491.000000,3,1.267608e-11,3.696377e-11,3.360612e-16,2.523265e-19,-3.730231e-10
9492,9492.000000,3,1.231371e-11,3.724865e-11,3.360814e-16,1.940864e-19,-2.527204e-10
9493,9493.000000,3,1.094236e-11,3.751999e-11,4.201269e-16,3.025165e-20,-3.551576e-10
9494,9494.000000,3,1.107736e-11,3.777068e-11,4.201521e-16,8.719807e-20,7.413206e-11
9495,9495.000000,3,1.341505e-11,3.804357e-11,3.361418e-16,2.277956e-19,-3.421642e-10
9496,9496.000000,3,1.097078e-11,3.827028e-11,3.361620e-16,1.887295e-20,-2.566296e-10
9497,9497.000000,3,1.201528e-11,3.848988e-11,3.361821e-16,3.107883e-20,5.110234e-10
9498,9498.000000,3,1.046629e-11,3.874079e-11,3.362023e-16,2.523232e-20,5.656079e-10
9499,9499.000000,3,1.163869e-11,3.894307e-11,3.362225e-16,5.697289e-20,-3.281872e-10
9500,9500.000000,3,8.412826e-12,3.913514e-11,3.362426e-16,2.356770e-19,5.160317e-12
9501,9501.000000,3,1.205080e-11,3.934408e-11,3.362628e-16,-3.079362e-19,5.771579e-10
9502,9502.000000,3,1.022471e-11,3.953637e-11,3.362830e-16,-6.739206e-20,-2.525070e-10
9503,9503.000000,3,1.116263e-11,3.972445e-11,3.363032e-16,3.444645e-19,-1.445556e-10
9504,9504.000000,3,1.988809e-11,3.993050e-11,3.363234e-16,1.434662e-20,3.441620e-10
9505,9505.000000,3,7.645440e-12,4.009393e-11,3.363436e-16,-2.090252e-19,-4.995020e-10
9506,9506.000000,3,1.472245e-11,4.031042e-11,3.363638e-16,-2.207249e-20,9.433460e-11
9507,9507.000000,3,1.465139e-11,4.045853e-11,3.363840e-16,2.191632e-19,1.160776e-10
9508,9508.000000,3,1.646328e-11,4.066436e-11,3.364042e-16,1.826415e-20,3.286079e-10
9509,9509.000000,3,1.678302e-11,4.081313e-11,4.205305e-16,3.252474e-21,-1.137942e-10
9510,9510.000000,3,1.436717e-11,4.098344e-11,3.364446e-16,6.903319e-20,8.156481e-11
9511,9511.000000,3,7.105427e-12,4.114131e-11,3.364649e-16,8.677786e-20,-3.748576e-10
9512,9512.000000,3,1.253397e-11,4.133560e-11,3.364851e-16,5.392225e-20,4.235398e-11
9513,9513.000000,3,6.359357e-12,4.147083e-11,3.365053e-16,9.437469e-20,3.446632e-11
9514,9514.000000,3,7.247536e-12,4.162559e-11,3.365256e-16,1.531409e-19,-8.681389e-13
9515,9515.000000,3,8.142820e-12,4.178768e-11,3.365458e-16,-4.065427e-20,-2.791671e-10
9516,9516.000000,3,1.544720e-11,4.189538e-11,3.365661e-16,-3.090181e-19,1.522271e-10
9517,9517.000000,3,1.116973e-11,4.205747e-11,3.365863e-16,1.777148e-19,-5.091687e-10
9518,9518.000000,3,1.238476e-11,4.219936e-11,3.366066e-16,2.394026e-19,-4.586543e-10
9519,9519.000000,3,1.479350e-11,4.234324e-11,3.366268e-16,-2.804473e-19,-4.011861e-10
9520,9520.000000,3,1.001865e-11,4.246448e-11,3.366471e-16,4.534306e-19,-5.928386e-10
9521,9521.000000,3,9.919177e-12,4.260081e-11,3.366674e-16,3.016794e-19,3.525319e-10
9522,9522.000000,3,1.604405e-11,4.271006e-11,3.366877e-16,-2.899797e-19,-1.852349e-10
9523,9523.000000,3,1.249845e-11,4.284795e-11,4.208849e-16,-4.533942e-19,-2.211140e-10
9524,9524.000000,3,1.035261e-11,4.296519e-11,3.367282e-16,7.281175e-20,-4.417579e-10
9525,9525.000000,3,1.301004e-11,4.309664e-11,3.367485e-16,-3.849434e-19,8.699723e-10
9526,9526.000000,3,9.030998e-12,4.320100e-11,3.367688e-16,-4.161248e-19,4.771945e-10
9527,9527.000000,3,1.523404e-11,4.334422e-11,3.367891e-16,-3.560847e-20,-4.648727e-10
9528,9528.000000,3,1.318057e-11,4.343415e-11,3.368095e-16,-2.718645e-19,9.410739e-11
9529,9529.000000,3,1.237765e-11,4.358625e-11,3.368298e-16,-2.874949e-19,-3.986866e-10
9530,9530.000000,3,2.271605e-11,4.368328e-11,3.368501e-16,2.620839e-19,-4.091412e-10
9531,9531.000000,3,1.680434e-11,4.377720e-11,3.368704e-16,-1.027027e-20,9.704945e-11
9532,9532.000000,3,1.092104e-11,4.389933e-11,3.368907e-16,-1.862811e-20,-1.659756e-11
9533,9533.000000,3,1.215028e-11,4.399614e-11,3.369111e-16,-3.767543e-19,2.845976e-10
9534,9534.000000,3,6.970424e-12,4.412137e-11,3.369314e-16,5.805815e-20,5.968151e-10
9535,9535.000000,3,9.961809e-12,4.421241e-11,3.369518e-16,-3.631621e-19,8.743062e-11
9536,9536.000000,3,7.027268e-12,4.434009e-11,3.369721e-16,-2.102759e-19,-1.816946e-10
9537,9537.000000,3,1.443112e-11,4.443157e-11,3.369924e-16,1.109547e-19,2.734112e-10
9538,9538.000000,3,1.455902e-11,4.452705e-11,3.370128e-16,-3.621066e-20,-7.056186e-10
9539,9539.000000,3,1.057998e-11,4.463430e-11,3.370332e-16,3.189211e-19,-3.767948e-10
9540,9540.000000,3,8.029133e-12,4.469358e-11,3.370535e-16,-2.562440e-19,-4.276043e-11
9541,9541.000000,3,1.739409e-11,6.034040e-11,3.370739e-16,-1.588551e-19,-2.560598e-10
9542,9542.000000,3,2.182077e-11,8.185252e-11,3.370943e-16,-4.631748e-19,-4.740667e-10
9543,9543.000000,3,2.551559e-11,9.423817e-11,3.371146e-16,9.115861e-20,7.272968e-10
9544,9544.000000,4,6.487255e-12,5.995204e-14,4.214188e-16,1.689037e-19,1.037333e-10
9545,9545.000000,4,8.910206e-12,6.172840e-14,4.214443e-16,-1.591628e-19,-9.112822e-11
9546,9546.000000,4,8.306245e-12,5.240253e-14,3.371758e-16,1.299600e-19,-5.976037e-10
9547,9547.000000,4,6.799894e-12,5.684342e-14,3.371962e-16,1.194846e-19,1.692808e-10
9548,9548.000000,4,8.526513e-12,4.751755e-14,3.372166e-16,-2.434227e-20,-1.882839e-10
9549,9549.000000,4,9.613643e-12,5.373479e-14,3.372371e-16,2.868001e-20,-3.858551e-10
9550,9550.000000,4,6.437517e-12,8.859580e-14,3.372576e-16,3.507213e-19,3.790067e-10
9551,9551.000000,4,6.956213e-12,1.039169e-13,3.372781e-16,-1.847591e-19,-2.813551e-10
9552,9552.000000,4,8.377299e-12,5.573320e-14,3.372987e-16,-4.200622e-19,5.472738e-10
9553,9553.000000,4,8.490986e-12,7.349676e-14,4.216492e-16,5.145229e-19,2.081538e-11
9554,9554.000000,4,8.135714e-12,8.348877e-14,3.373400e-16,-4.937309e-19,9.846321e-11
9555,9555.000000,4,6.735945e-12,7.704948e-14,3.373608e-16,-1.664949e-20,1.669845e-10
9556,9556.000000,4,1.056577e-11,8.504308e-14,3.373816e-16,2.417121e-19,5.142147e-10
9557,9557.000000,4,7.666756e-12,8.726353e-14,3.374025e-16,-6.139665e-20,5.627007e-11
9558,9558.000000,4,1.021050e-11,8.970602e-14,3.374235e-16,3.505525e-19,-6.337280e-10
9559,9559.000000,4,7.766232e-12,9.570122e-14,3.374446e-16,-5.557992e-20,-3.662293e-11
9560,9560.000000,4,1.077893e-11,1.025846e-13,3.374657e-16,1.426688e-19,-3.988815e-10
9561,9561.000000,4,1.019629e-11,1.234568e-13,3.374869e-16,-3.365599e-19,-2.816906e-10
9562,9562.000000,4,8.988366e-12,1.205702e-13,3.375082e-16,-7.813217e-20,2.164655e-10
9563,9563.000000,4,1.255529e-11,9.969803e-14,3.375296e-16,9.211152e-20,1.924052e-10
9564,9564.000000,4,7.496226e-12,7.971401e-14,3.375511e-16,2.498747e-19,1.680256e-11
9565,9565.000000,4,9.237056e-12,8.859580e-14,3.375727e-16,-2.144085e-19,-6.315050e-11
9566,9566.000000,4,7.602807e-12,1.181277e-13,3.375944e-16,1.262278e-20,-2.400586e-10
9567,9567.000000,4,6.977530e-12,1.054712e-13,3.376161e-16,6.780267e-19,2.968248e-10
9568,9568.000000,4,9.137580e-12,9.658940e-14,3.376380e-16,4.452879e-20,-2.080003e-10
9569,9569.000000,4,8.263612e-12,1.025846e-13,3.376599e-16,-1.890836e-19,-9.449418e-11
9570,9570.000000,4,8.803624e-12,1.192380e-13,3.376820e-16,5.369097e-19,-3.430161e-10
9571,9571.000000,4,6.487255e-12,1.159073e-13,3.377041e-16,-3.652830e-21,1.425133e-10
9572,9572.000000,4,7.375434e-12,1.076916e-13,4.221580e-16,-1.072026e-20,-3.014628e-10
9573,9573.000000,4,1.234923e-11,1.234568e-13,4.221835e-16,-4.614377e-19,1.433800e-10
9574,9574.000000,4,7.887024e-12,9.303669e-14,3.377712e-16,-2.324344e-19,-5.851176e-11
9575,9575.000000,4,7.098322e-12,1.505462e-13,3.377937e-16,4.952959e-19,1.957000e-11
9576,9576.000000,4,7.432277e-12,1.028067e-13,3.378163e-16,-1.822080e-19,5.377239e-10
9577,9577.000000,4,1.130473e-11,1.263434e-13,3.378391e-16,-2.524754e-19,4.632412e-10
9578,9578.000000,4,7.261747e-12,1.334488e-13,3.378619e-16,7.695162e-19,8.221787e-11
9579,9579.000000,4,8.732570e-12,1.407763e-13,3.378848e-16,-3.373209e-19,-1.355370e-10
9580,9580.000000,4,9.471535e-12,1.345590e-13,3.379079e-16,-1.212382e-19,-7.670495e-10
9581,9581.000000,4,7.489120e-12,1.154632e-13,3.379310e-16,-3.409738e-19,-1.924483e-10
9582,9582.000000,4,8.505197e-12,1.201261e-13,3.379542e-16,1.501134e-19,-5.696825e-10
9583,9583.000000,4,8.832046e-12,1.165734e-13,3.379775e-16,-6.123155e-19,-5.994909e-10
9584,9584.000000,4,7.460699e-12,1.543210e-13,3.380009e-16,-2.185411e-19,4.503733e-10
9585,9585.000000,4,6.131984e-12,1.427747e-13,3.380245e-16,2.088664e-19,5.093849e-12
9586,9586.000000,4,6.593837e-12,1.523226e-13,3.380481e-16,4.646770e-20,1.602683e-10
9587,9587.000000,4,7.389644e-12,1.529887e-13,3.380718e-16,-1.828268e-19,-1.049304e-10
9588,9588.000000,4,7.240430e-12,1.658673e-13,3.380956e-16,7.423450e-20,3.167628e-10
9589,9589.000000,4,7.503331e-12,1.438849e-13,3.381195e-16,-3.434917e-19,-2.411518e-11
9590,9590.000000,4,6.430412e-12,1.412204e-13,3.381435e-16,-5.097087e-20,-1.213493e-10
9591,9591.000000,4,1.108447e-11,1.456613e-13,3.381676e-16,1.136149e-19,-3.781824e-10
9592,9592.000000,4,7.844392e-12,1.454392e-13,3.381918e-16,-3.180907e-19,2.134100e-11
9593,9593.000000,4,6.373568e-12,1.745271e-13,3.382160e-16,-2.098326e-19,-2.635585e-10
9594,9594.000000,4,6.551204e-12,1.487699e-13,4.228005e-16,-1.778538e-19,-5.509747e-11
9595,9595.000000,4,8.540724e-12,1.649791e-13,4.228311e-16,-1.228529e-20,2.384420e-10
9596,9596.000000,4,7.062795e-12,1.496581e-13,3.382895e-16,-1.015480e-19,-1.098775e-10
9597,9597.000000,4,6.657785e-12,1.605382e-13,3.383141e-16,-2.018288e-19,-6.111192e-10
9598,9598.000000,4,7.887024e-12,1.763034e-13,3.383389e-16,-1.621936e-19,-7.165831e-11
9599,9599.000000,4,8.462564e-12,1.547651e-13,3.383637e-16,4.846286e-20,4.096072e-10
9600,9600.000000,4,9.315215e-12,1.487699e-13,3.383887e-16,-3.569516e-19,7.896077e-11
9601,9601.000000,4,7.389644e-12,1.678657e-13,3.384137e-16,3.080751e-20,1.717725e-11
9602,9602.000000,4,1.010392e-11,1.392220e-13,3.384388e-16,2.127277e-19,6.538444e-11
9603,9603.000000,4,7.830181e-12,1.343370e-13,3.384640e-16,-8.281071e-20,2.035590e-11
9604,9604.000000,4,8.299139e-12,9.925394e-14,3.384893e-16,-1.441511e-19,-9.669006e-11
9605,9605.000000,4,7.510437e-12,8.770762e-14,3.385147e-16,-2.284640e-19,-3.018882e-10
9606,9606.000000,4,6.522782e-12,1.134648e-13,3.385402e-16,-2.845501e-22,-1.478690e-10
9607,9607.000000,4,5.563550e-12,9.148238e-14,3.385658e-16,8.247322e-20,-3.456495e-10
9608,9608.000000,4,9.030998e-12,5.395684e-14,4.232348e-16,1.774038e-19,-1.564556e-10
9609,9609.000000,4,9.961809e-12,1.147971e-13,3.386170e-16,-1.819797e-21,3.069200e-10
9610,9610.000000,4,7.460699e-12,4.685141e-14,3.386427e-16,1.546100e-19,-8.457525e-11
9611,9611.000000,4,6.657785e-12,7.238654e-14,4.233310e-16,1.946918e-19,2.747601e-10
9612,9612.000000,3,1.069367e-11,9.910894e-11,3.386940e-16,2.353660e-19,-1.839148e-10
9613,9613.000000,3,7.133849e-12,9.021783e-11,3.387197e-16,-3.005412e-19,-3.750382e-12
9614,9614.000000,3,1.188027e-11,8.172774e-11,3.387453e-16,-1.349231e-19,3.905780e-10
9615,9615.000000,3,7.467804e-12,7.364709e-11,3.387710e-16,1.535082e-19,-3.117923e-10
9616,9616.000000,3,1.290346e-11,6.589862e-11,3.387965e-16,-1.565489e-19,2.819321e-11
9617,9617.000000,3,5.556444e-12,5.846701e-11,3.388220e-16,8.552386e-20,2.149347e-10
9618,9618.000000,3,8.405721e-12,5.134204e-11,3.388475e-16,-3.450369e-19,2.658270e-10
9619,9619.000000,3,9.727330e-12,4.447487e-11,3.388728e-16,9.112222e-21,2.694334e-10
9620,9620.000000,3,9.706014e-12,3.780065e-11,3.388981e-16,1.343341e-19,6.447845e-10
9621,9621.000000,3,1.244871e-11,3.134804e-11,3.389233e-16,-2.612038e-19,2.026385e-10
9622,9622.000000,3,1.126210e-11,2.513478e-11,3.389485e-16,-9.046047e-20,-2.062481e-10
9623,9623.000000,3,7.929657e-12,1.907008e-11,3.389735e-16,1.834687e-20,-1.064459e-10
9624,9624.000000,3,1.252687e-11,1.321654e-11,3.389984e-16,5.083918e-19,-8.905501e-11
9625,9625.000000,3,9.023893e-12,7.487566e-12,3.390233e-16,1.981859e-19,1.871375e-10
9626,9626.000000,3,6.515677e-12,1.954881e-12,3.390480e-16,-1.527141e-19,8.386586e-11
9627,9627.000000,3,1.097078e-11,3.450573e-12,3.390727e-16,2.598737e-19,3.181715e-10
9628,9628.000000,3,7.027268e-12,8.748557e-12,4.238678e-16,5.014534e-19,5.070311e-11
9629,9629.000000,3,9.904966e-12,1.390066e-11,3.391216e-16,3.490835e-19,3.685355e-11
9630,9630.000000,3,1.107736e-11,1.896572e-11,3.391459e-16,-2.405474e-19,-1.571843e-11
9631,9631.000000,3,1.427480e-11,2.389267e-11,3.391701e-16,1.214797e-19,2.702648e-10
9632,9632.000000,3,1.082157e-11,2.865375e-11,3.391942e-16,-5.652952e-20,1.082864e-10
9633,9633.000000,3,8.313350e-12,3.342571e-11,3.392182e-16,4.595187e-19,1.676848e-10
9634,9634.000000,3,1.296740e-11,3.801603e-11,3.392420e-16,2.203841e-19,-2.716339e-10
9635,9635.000000,3,8.945733e-12,4.254996e-11,3.392657e-16,4.615006e-20,5.122071e-10
9636,9636.000000,3,8.725465e-12,4.699729e-11,3.392894e-16,-2.010446e-19,-4.780878e-10
9637,9637.000000,3,1.019629e-11,5.135670e-11,3.393129e-16,-9.912602e-20,-2.533485e-10
9638,9638.000000,3,9.585222e-12,5.562772e-11,3.393362e-16,2.121751e-19,-3.774587e-10
9639,9639.000000,3,1.040235e-11,5.982170e-11,3.393595e-16,-1.318758e-19,4.526146e-11
9640,9640.000000,3,9.514167e-12,6.398704e-11,3.393827e-16,4.439511e-19,-3.813726e-10
9641,9641.000000,3,1.174527e-11,6.803735e-11,3.394057e-16,2.001777e-21,-2.294537e-11
9642,9642.000000,3,7.993606e-12,7.201750e-11,3.394286e-16,3.201718e-19,3.293232e-10
9643,9643.000000,3,1.963940e-11,7.590550e-11,3.394514e-16,2.768077e-20,3.991119e-10
9644,9644.000000,3,1.372769e-11,7.978262e-11,4.243425e-16,-1.627594e-19,-5.771651e-10
9645,9645.000000,3,1.004707e-11,8.360002e-11,3.394966e-16,-1.351911e-19,-3.791565e-10
9646,9646.000000,3,1.649170e-11,8.732526e-11,3.395190e-16,-1.168078e-19,-3.714404e-10
9647,9647.000000,3,1.773515e-11,9.101853e-11,3.395413e-16,-5.419059e-19,-2.518239e-10
9648,9648.000000,3,1.792699e-11,9.464451e-11,3.395635e-16,4.679129e-19,1.786760e-10
9649,9649.000000,3,1.463007e-11,9.823120e-11,3.395855e-16,-1.096312e-19,5.251358e-11
9650,9650.000000,4,1.008971e-11,4.107825e-14,3.396075e-16,2.252545e-19,1.314809e-10
9651,9651.000000,4,6.359357e-12,5.062617e-14,3.396293e-16,1.267803e-19,-1.938944e-10
9652,9652.000000,4,9.585222e-12,6.439294e-14,3.396510e-16,3.209891e-19,1.471734e-10
9653,9653.000000,4,6.600942e-12,5.395684e-14,3.396726e-16,-1.145480e-19,-1.094339e-10
9654,9654.000000,4,9.265477e-12,5.373479e-14,3.396941e-16,-2.628482e-19,3.309449e-10
9655,9655.000000,4,6.437517e-12,8.282264e-14,3.397154e-16,4.340051e-20,4.289316e-10
9656,9656.000000,4,9.769963e-12,6.017409e-14,3.397367e-16,-2.933745e-19,4.734686e-10
9657,9657.000000,4,8.640200e-12,7.660539e-14,3.397578e-16,5.043155e-20,2.727170e-10
9658,9658.000000,4,8.327561e-12,9.325873e-14,3.397788e-16,-1.960451e-19,-2.348512e-10
9659,9659.000000,4,8.562040e-12,7.238654e-14,3.397997e-16,-5.566926e-20,-2.502251e-10
9660,9660.000000,4,8.611778e-12,7.105427e-14,3.398205e-16,1.287258e-19,8.888085e-11
9661,9661.000000,4,8.256507e-12,4.862777e-14,3.398411e-16,1.145314e-19,3.469169e-12
9662,9662.000000,3,2.037126e-11,6.158829e-11,3.398616e-16,-1.069975e-19,6.407654e-10
9663,9663.000000,3,9.571011e-12,3.828404e-11,3.398821e-16,1.517380e-20,2.092441e-10
9664,9664.000000,3,7.133849e-12,1.769052e-11,3.399024e-16,1.717028e-19,2.329978e-10
9665,9665.000000,3,8.192558e-12,7.834400e-12,3.399226e-16,1.700286e-19,6.085516e-10
9666,9666.000000,3,8.490986e-12,1.357736e-11,3.399427e-16,-8.347907e-20,-3.150665e-10
9667,9667.000000,3,8.107293e-12,2.657519e-11,3.399627e-16,-2.479557e-20,-6.508414e-10
9668,9668.000000,3,8.398615e-12,3.858536e-11,4.249782e-16,6.339578e-19,-1.968927e-10
9669,9669.000000,3,1.038103e-11,4.949219e-11,3.400024e-16,-2.232825e-19,-3.994771e-10
9670,9670.000000,3,1.823253e-11,5.968470e-11,3.400223e-16,2.245961e-19,1.938549e-10
9671,9671.000000,3,1.786304e-11,6.916845e-11,3.400420e-16,-1.628255e-19,4.854815e-10
9672,9672.000000,3,1.345057e-11,7.808976e-11,3.400618e-16,8.612605e-20,3.546214e-10
9673,9673.000000,3,2.523848e-11,8.652523e-11,3.400816e-16,5.183775e-20,9.066364e-11
9674,9674.000000,3,2.902567e-11,9.455170e-11,3.401013e-16,-9.044062e-20,4.818433e-10
9675,9675.000000,4,6.316725e-12,4.951595e-14,3.401211e-16,2.100973e-19,-1.000309e-10
9676,9676.000000,4,8.256507e-12,5.861978e-14,3.401409e-16,-5.612917e-20,-2.157071e-10
9677,9677.000000,4,8.505197e-12,5.573320e-14,3.401608e-16,-2.174095e-19,1.017391e-10
9678,9678.000000,4,6.899370e-12,5.084821e-14,3.401807e-16,2.962796e-19,1.588271e-10
9679,9679.000000,4,1.055156e-11,5.884182e-14,3.402006e-16,-1.572272e-19,-1.263210e-10
9680,9680.000000,4,7.233325e-12,5.306866e-14,3.402207e-16,2.361137e-19,-9.457510e-11
9681,9681.000000,4,6.892265e-12,5.573320e-14,3.402407e-16,-1.614855e-19,3.269960e-10
9682,9682.000000,4,1.331557e-11,5.551115e-14,4.253252e-16,5.152144e-19,4.669607e-10
9683,9683.000000,4,1.094236e-11,4.973799e-14,3.402811e-16,3.642573e-20,5.556769e-10
9684,9684.000000,4,9.102052e-12,7.860379e-14,3.403014e-16,-9.036121e-21,4.438586e-10
9685,9685.000000,4,7.439382e-12,5.706546e-14,3.403218e-16,1.047277e-19,1.261516e-10
9686,9686.000000,4,9.862333e-12,8.570922e-14,3.403423e-16,-1.669052e-19,1.021678e-10
9687,9687.000000,4,1.057288e-11,9.792167e-14,3.403629e-16,1.709286e-19,-7.697340e-11
9688,9688.000000,4,7.048584e-12,8.215650e-14,4.254795e-16,4.500789e-19,-2.539467e-10
9689,9689.000000,4,7.119638e-12,1.199041e-13,3.404043e-16,-1.210000e-20,-3.207671e-10
9690,9690.000000,4,1.007550e-11,9.747758e-14,3.404252e-16,1.878693e-20,2.178590e-10
9691,9691.000000,4,7.347012e-12,1.045830e-13,3.404461e-16,-1.569228e-19,2.191713e-10
9692,9692.000000,4,7.695178e-12,1.003642e-13,3.404672e-16,-3.017555e-20,-2.929880e-10
9693,9693.000000,4,9.379164e-12,9.481305e-14,3.404884e-16,-7.610723e-20,-4.953910e-10
9694,9694.000000,4,5.698553e-12,1.041389e-13,4.256354e-16,-2.731284e-19,-3.791151e-11
9695,9695.000000,4,7.865708e-12,8.903989e-14,3.405310e-16,2.455237e-19,7.848501e-11
9696,9696.000000,4,8.164136e-12,8.792966e-14,3.405525e-16,9.478497e-20,3.643112e-10
9697,9697.000000,4,6.529888e-12,1.108003e-13,3.405740e-16,-2.562242e-19,2.983939e-10
9698,9698.000000,4,6.522782e-12,1.085798e-13,3.405957e-16,-1.840477e-19,3.093551e-10
9699,9699.000000,4,7.375434e-12,9.814372e-14,3.406175e-16,-1.628520e-19,-3.674894e-10
9700,9700.000000,4,8.427037e-12,1.374456e-13,3.406394e-16,-5.063007e-20,-7.648382e-12
9701,9701.000000,4,6.444623e-12,1.247891e-13,3.406614e-16,-1.865193e-19,2.687994e-10
9702,9702.000000,4,7.439382e-12,9.303669e-14,3.406835e-16,-1.914294e-19,-3.979578e-10
9703,9703.000000,4,8.611778e-12,1.234568e-13,3.407058e-16,2.229980e-19,4.166447e-10
9704,9704.000000,4,1.077183e-11,1.381117e-13,3.407281e-16,1.838889e-19,1.240014e-10
9705,9705.000000,4,1.204370e-11,9.947598e-14,3.407505e-16,5.041170e-20,-8.048618e-10
9706,9706.000000,4,5.975664e-12,1.272316e-13,3.407731e-16,-6.795123e-20,-1.466349e-10
9707,9707.000000,4,8.277823e-12,1.252332e-13,3.407957e-16,-2.678775e-19,-6.483259e-10
9708,9708.000000,4,7.680967e-12,1.341149e-13,3.408185e-16,-2.716660e-19,-1.308904e-11
9709,9709.000000,4,6.671996e-12,1.176836e-13,3.408414e-16,-2.711167e-19,2.375388e-10
9710,9710.000000,4,6.714629e-12,1.219025e-13,3.408643e-16,5.692855e-19,2.462516e-10
9711,9711.000000,4,1.117684e-11,1.296740e-13,4.261093e-16,9.677021e-20,1.078492e-10
9712,9712.000000,4,7.645440e-12,1.418865e-13,4.261382e-16,-6.379482e-19,-7.339076e-11
9713,9713.000000,4,9.734435e-12,1.343370e-13,3.409339e-16,-4.060795e-19,-3.284390e-10
9714,9714.000000,4,8.242296e-12,1.367795e-13,3.409573e-16,-3.924211e-19,-7.577161e-10
9715,9715.000000,4,7.013057e-12,1.514344e-13,3.409808e-16,7.589548e-20,6.378303e-10
9716,9716.000000,4,8.071765e-12,1.381117e-13,3.410044e-16,-2.429926e-19,1.368818e-10
9717,9717.000000,4,9.258372e-12,1.298961e-13,3.410281e-16,5.135468e-20,3.889998e-10
9718,9718.000000,4,7.581491e-12,1.540990e-13,3.410520e-16,-1.907677e-19,-1.651115e-10
9719,9719.000000,4,1.125500e-11,1.387779e-13,3.410759e-16,-1.192397e-19,6.294796e-10
9720,9720.000000,4,6.167511e-12,1.483258e-13,3.410999e-16,-4.974830e-19,-6.811982e-10
9721,9721.000000,4,8.448353e-12,1.381117e-13,3.411241e-16,5.523350e-19,5.698066e-10
9722,9722.000000,4,1.001865e-11,1.554312e-13,3.411483e-16,2.065602e-19,3.535173e-10
9723,9723.000000,4,8.746781e-12,1.378897e-13,3.411727e-16,2.801892e-19,2.234330e-10
9724,9724.000000,4,8.128609e-12,1.372236e-13,3.411971e-16,-4.784413e-20,2.414149e-10
9725,9725.000000,4,5.947243e-12,1.345590e-13,4.265271e-16,-1.113981e-19,-4.027180e-11
9726,9726.000000,4,1.176659e-11,1.507683e-13,3.412463e-16,-1.684735e-19,1.381251e-10
9727,9727.000000,4,8.370193e-12,1.347811e-13,3.412711e-16,-5.200319e-20,-5.703776e-11
9728,9728.000000,4,8.867573e-12,1.290079e-13,3.412959e-16,5.865703e-20,-2.933030e-11
9729,9729.000000,4,7.403855e-12,1.547651e-13,3.413208e-16,4.305177e-19,7.553906e-11
9730,9730.000000,4,7.609913e-12,1.119105e-13,3.413458e-16,3.228718e-19,-3.157082e-10
9731,9731.000000,4,7.574386e-12,1.256772e-13,3.413709e-16,-2.005086e-19,2.742466e-10
9732,9732.000000,4,1.034550e-11,1.405542e-13,3.413960e-16,-1.910820e-19,5.288757e-10
9733,9733.000000,4,9.791279e-12,1.296740e-13,3.414212e-16,2.187926e-19,8.005263e-11
9734,9734.000000,4,7.574386e-12,1.214584e-13,3.414465e-16,-7.797997e-20,-2.115382e-10
9735,9735.000000,4,8.689938e-12,1.219025e-13,3.414719e-16,-3.265676e-19,2.318969e-10
9736,9736.000000,4,9.329426e-12,1.030287e-13,3.414972e-16,2.503776e-19,-2.918886e-10
9737,9737.000000,4,8.363088e-12,1.394440e-13,3.415227e-16,-1.134429e-19,1.921130e-10
9738,9738.000000,4,8.199663e-12,9.858780e-14,3.415481e-16,2.408287e-19,-1.206122e-10
9739,9739.000000,4,9.990231e-12,1.285638e-13,3.415737e-16,-2.248872e-19,3.562261e-10
9740,9740.000000,4,5.435652e-12,1.341149e-13,3.415992e-16,-1.780291e-19,-6.447297e-11
9741,9741.000000,4,6.266987e-12,1.356693e-13,4.270310e-16,4.357654e-19,-7.599549e-11
9742,9742.000000,4,8.526513e-12,1.283418e-13,3.416505e-16,-1.571081e-19,-3.481577e-10
9743,9743.000000,4,8.313350e-12,1.274536e-13,3.416761e-16,-1.154347e-19,1.867385e-10
9744,9744.000000,4,9.308110e-12,1.223466e-13,3.417018e-16,1.989535e-19,1.787974e-10
9745,9745.000000,4,7.794654e-12,1.145750e-13,3.417276e-16,2.844277e-19,-4.827979e-11
9746,9746.000000,4,9.016787e-12,1.301181e-13,3.417534e-16,-1.361837e-19,4.840427e-10
9747,9747.000000,4,9.109158e-12,9.503509e-14,3.417792e-16,-1.730429e-19,2.323139e-10
9748,9748.000000,4,8.284928e-12,1.447731e-13,3.418050e-16,-1.167317e-19,1.749971e-10
9749,9749.000000,4,1.105604e-11,1.125766e-13,3.418309e-16,1.193357e-19,-3.192574e-11
9750,9750.000000,4,9.748646e-12,1.316725e-13,3.418568e-16,3.248074e-19,-2.615848e-10
9751,9751.000000,4,6.444623e-12,1.190159e-13,3.418827e-16,1.805371e-19,2.597445e-10
9752,9752.000000,4,9.137580e-12,1.374456e-13,3.419086e-16,1.531111e-19,3.118719e-11
9753,9753.000000,4,8.029133e-12,1.303402e-13,3.419346e-16,-8.434264e-20,1.173555e-10
9754,9754.000000,4,9.762857e-12,1.267875e-13,3.419606e-16,-3.014610e-19,-2.301778e-10
9755,9755.000000,4,1.009681e-11,1.101341e-13,3.419866e-16,-9.692572e-20,8.559894e-12
9756,9756.000000,4,6.593837e-12,1.119105e-13,3.420126e-16,4.204063e-20,-6.618527e-11
9757,9757.000000,4,5.812240e-12,1.503242e-13,3.420387e-16,2.072617e-19,1.297630e-10
9758,9758.000000,4,7.794654e-12,1.212364e-13,3.420648e-16,1.903971e-19,-2.600240e-10
9759,9759.000000,4,9.826806e-12,1.001421e-13,3.420909e-16,3.977217e-19,-4.796148e-10
9760,9760.000000,4,5.677236e-12,1.230127e-13,3.421170e-16,-3.544237e-19,2.739549e-10
9761,9761.000000,4,9.713119e-12,1.070255e-13,3.421432e-16,4.882682e-20,-1.780422e-11
9762,9762.000000,4,6.572520e-12,1.190159e-13,3.421693e-16,-2.677782e-19,-2.400356e-10
9763,9763.000000,4,1.069367e-11,1.323386e-13,3.421955e-16,-1.101507e-19,-3.682079e-11
9764,9764.000000,4,8.306245e-12,1.383338e-13,3.422217e-16,7.481683e-20,-4.053840e-10
9765,9765.000000,4,7.048584e-12,1.370015e-13,3.422479e-16,1.259564e-19,-1.198251e-10
9766,9766.000000,4,8.533618e-12,9.747758e-14,4.278427e-16,8.325077e-20,-1.161313e-10
9767,9767.000000,4,7.524648e-12,1.367795e-13,4.278756e-16,1.016274e-19,-4.797625e-10
9768,9768.000000,4,6.416201e-12,1.267875e-13,3.423268e-16,1.565919e-19,-2.147023e-10
9769,9769.000000,4,7.808865e-12,1.370015e-13,3.423531e-16,3.666627e-19,5.827457e-10
9770,9770.000000,4,7.268852e-12,1.225686e-13,3.423794e-16,-9.257805e-20,-2.694918e-10
9771,9771.000000,4,1.155342e-11,1.316725e-13,3.424057e-16,1.994961e-19,6.600913e-11
9772,9772.000000,4,1.121947e-11,1.108003e-13,3.424321e-16,3.037837e-19,8.901898e-12
9773,9773.000000,4,1.081446e-11,1.130207e-13,3.424585e-16,1.643112e-19,2.282712e-11
9774,9774.000000,4,7.105427e-12,1.294520e-13,4.281061e-16,1.457989e-19,-2.484598e-10
9775,9775.000000,4,6.785683e-12,1.307843e-13,3.425113e-16,-3.484416e-20,-2.390937e-10
9776,9776.000000,4,7.702283e-12,1.196820e-13,3.425377e-16,-3.329137e-19,7.392268e-10
9777,9777.000000,4,7.581491e-12,1.334488e-13,3.425642e-16,6.952288e-20,2.814549e-10
9778,9778.000000,4,7.638334e-12,1.332268e-13,3.425907e-16,-1.587128e-19,2.314193e-10
9779,9779.000000,4,6.636469e-12,1.252332e-13,3.426172e-16,-2.464370e-19,-8.797965e-11
9780,9780.000000,4,1.111289e-11,1.139089e-13,3.426437e-16,-2.018321e-22,-2.255459e-10
9781,9781.000000,4,9.315215e-12,1.203482e-13,3.426702e-16,1.195938e-19,-3.208622e-11
9782,9782.000000,4,1.098499e-11,1.156852e-13,3.426967e-16,-1.478833e-19,-2.902840e-12
9783,9783.000000,4,8.370193e-12,1.116884e-13,3.427233e-16,-4.774520e-19,8.449016e-11
9784,9784.000000,4,8.071765e-12,9.814372e-14,3.427499e-16,2.251586e-19,2.917373e-10
9785,9785.000000,4,9.023893e-12,8.570922e-14,3.427765e-16,7.357606e-20,-4.158757e-10
9786,9786.000000,4,1.043787e-11,9.059420e-14,3.428031e-16,1.037814e-19,4.873313e-10
9787,9787.000000,4,6.060930e-12,9.126033e-14,3.428297e-16,4.048255e-19,4.485715e-10
9788,9788.000000,4,1.167422e-11,1.045830e-13,3.428563e-16,2.663753e-19,-7.542152e-11
9789,9789.000000,4,9.627854e-12,5.795364e-14,4.285988e-16,-2.513636e-20,1.161011e-11
9790,9790.000000,4,7.787548e-12,8.748557e-14,3.429096e-16,3.391904e-19,-1.420272e-10
9791,9791.000000,4,1.132605e-11,5.706546e-14,3.429361e-16,6.776264e-21,-3.445696e-10
9792,9792.000000,4,1.094946e-11,7.283063e-14,3.429627e-16,3.281095e-19,5.183893e-10
9793,9793.000000,4,7.325696e-12,8.726353e-14,3.429892e-16,-6.123784e-20,5.911467e-10
9794,9794.000000,4,7.958079e-12,5.750955e-14,3.430157e-16,8.960020e-20,-6.581516e-10
9795,9795.000000,4,7.311485e-12,4.862777e-14,3.430422e-16,6.345799e-20,-2.173679e-11
9796,9796.000000,3,8.206769e-12,9.860601e-11,3.430686e-16,1.712495e-19,3.181584e-10
9797,9797.000000,3,6.750156e-12,9.430590e-11,3.430912e-16,-2.674540e-19,-1.273733e-10
9798,9798.000000,3,9.102052e-12,9.013856e-11,3.431212e-16,3.845927e-19,2.719778e-10
9799,9799.000000,3,7.631229e-12,8.607626e-11,3.431474e-16,1.055019e-19,-6.375538e-10
9800,9800.000000,3,9.677592e-12,8.217671e-11,3.431736e-16,-5.122696e-19,-2.675653e-11
9801,9801.000000,3,1.068656e-11,7.833578e-11,3.431997e-16,-1.746211e-19,1.784927e-10
9802,9802.000000,3,7.496226e-12,7.465295e-11,3.432258e-16,5.162600e-20,-1.795286e-10
9803,9803.000000,3,9.194423e-12,7.100565e-11,3.432517e-16,1.763516e-19,5.741185e-11
9804,9804.000000,3,1.017497e-11,6.750467e-11,3.432776e-16,-2.509269e-19,5.344116e-10
9805,9805.000000,3,9.798384e-12,6.406409e-11,3.433035e-16,-6.753103e-21,-2.440162e-10
9806,9806.000000,3,8.085976e-12,6.071255e-11,3.433292e-16,-2.458282e-19,1.439557e-12
9807,9807.000000,3,8.149925e-12,5.746470e-11,3.433549e-16,-3.612794e-20,1.216642e-10
9808,9808.000000,3,7.574386e-12,5.425793e-11,3.433805e-16,-8.982189e-20,-1.793618e-11
9809,9809.000000,3,8.931522e-12,5.113288e-11,4.292534e-16,-1.237793e-20,5.518004e-10
9810,9810.000000,3,7.233325e-12,4.805489e-11,3.434315e-16,3.057193e-19,2.255485e-10
9811,9811.000000,3,1.281109e-11,4.507239e-11,3.434569e-16,2.617563e-19,-3.812286e-11
9812,9812.000000,3,9.940493e-12,4.211431e-11,3.434822e-16,1.543287e-19,1.579331e-10
9813,9813.000000,3,7.588596e-12,3.920109e-11,3.435074e-16,2.236101e-19,4.861449e-10
9814,9814.000000,3,8.277823e-12,3.637846e-11,3.435326e-16,-2.398427e-19,-4.843428e-11
9815,9815.000000,3,1.175238e-11,3.358913e-11,3.435576e-16,2.592913e-19,5.409674e-11
9816,9816.000000,3,1.251266e-11,3.085399e-11,3.435826e-16,3.496724e-19,8.141532e-11
9817,9817.000000,3,1.109157e-11,2.815170e-11,3.436075e-16,6.882804e-20,3.104079e-10
9818,9818.000000,3,5.783818e-12,2.549516e-11,3.436323e-16,-2.808708e-19,-3.565420e-11
9819,9819.000000,3,7.226220e-12,2.288192e-11,3.436571e-16,2.864758e-19,-3.543117e-10
9820,9820.000000,3,8.668621e-12,2.031753e-11,3.436817e-16,1.447996e-19,-2.639874e-10
9821,9821.000000,3,8.917311e-12,1.778933e-11,3.437063e-16,-2.513504e-19,2.784527e-11
9822,9822.000000,3,8.476775e-12,1.530576e-11,3.437308e-16,-2.086083e-19,-9.903206e-11
9823,9823.000000,3,9.677592e-12,1.284217e-11,3.437553e-16,-1.637884e-19,2.290736e-10
9824,9824.000000,3,9.052314e-12,1.045031e-11,3.437796e-16,1.939474e-19,-5.171077e-11
9825,9825.000000,3,8.071765e-12,8.069545e-12,4.297548e-16,7.084637e-20,-4.460074e-11
9826,9826.000000,3,5.677236e-12,5.689893e-12,3.438281e-16,5.514615e-19,1.556410e-10
9827,9827.000000,3,1.400480e-11,3.365086e-12,3.438522e-16,3.507908e-20,-4.963251e-10
9828,9828.000000,3,6.636469e-12,1.080913e-12,3.438762e-16,-2.483196e-20,6.892437e-11
9829,9829.000000,3,8.235190e-12,1.125322e-12,3.439001e-16,-6.167459e-21,-3.414424e-10
9830,9830.000000,3,9.805490e-12,3.386180e-12,3.439240e-16,-1.330007e-19,-2.482677e-10
9831,9831.000000,3,8.839152e-12,5.577538e-12,3.439478e-16,-1.361771e-19,7.903832e-11
9832,9832.000000,3,9.130474e-12,7.752021e-12,3.439715e-16,-8.294967e-20,-1.172937e-10
9833,9833.000000,3,8.320455e-12,9.899415e-12,3.439951e-16,1.871612e-19,2.067605e-10
9834,9834.000000,3,7.979395e-12,1.203904e-11,3.440187e-16,3.592876e-19,2.690310e-10
9835,9835.000000,3,8.910206e-12,1.413092e-11,3.440422e-16,-7.088607e-20,8.358943e-11
9836,9836.000000,3,8.874679e-12,1.622480e-11,3.440656e-16,-1.472282e-19,-1.087061e-10
9837,9837.000000,3,8.405721e-12,1.825562e-11,3.440889e-16,4.321192e-20,9.726120e-11
9838,9838.000000,3,7.801759e-12,2.030021e-11,3.441121e-16,4.329596e-19,-1.360623e-10
9839,9839.000000,3,9.471535e-12,2.225509e-11,3.441353e-16,2.352171e-19,5.507830e-10
9840,9840.000000,3,1.099210e-11,2.426015e-11,3.441584e-16,1.151832e-19,5.313854e-11
9841,9841.000000,3,8.327561e-12,1.052713e-11,3.441814e-16,-3.824883e-20,-3.334845e-10
9842,9842.000000,3,5.449863e-12,9.227952e-12,3.442043e-16,9.166816e-20,-4.914442e-11
9843,9843.000000,3,1.042366e-11,1.975020e-11,3.442272e-16,-2.216414e-19,1.312613e-10
9844,9844.000000,3,8.149925e-12,2.898637e-11,3.442500e-16,1.214930e-19,4.297146e-10
9845,9845.000000,3,1.133316e-11,3.621126e-11,3.442727e-16,1.935669e-19,1.717062e-10
9846,9846.000000,3,1.021760e-11,4.275069e-11,3.442953e-16,-3.218461e-19,4.749823e-10
9847,9847.000000,3,8.000711e-12,4.836487e-11,3.443179e-16,2.560620e-20,1.577970e-10
9848,9848.000000,3,1.703171e-11,5.357959e-11,3.443405e-16,-2.887456e-19,-2.170040e-10
9849,9849.000000,3,1.590195e-11,5.824807e-11,3.443629e-16,6.171098e-20,8.451763e-11
9850,9850.000000,3,1.139000e-11,6.259215e-11,3.443854e-16,-3.169392e-19,4.517668e-10
9851,9851.000000,3,1.258371e-11,6.662337e-11,3.444077e-16,8.676463e-20,-1.998166e-10
9852,9852.000000,3,9.585222e-12,7.036949e-11,3.444301e-16,1.001980e-19,3.068195e-10
9853,9853.000000,3,2.075495e-11,7.387913e-11,3.444524e-16,-6.242567e-19,3.684805e-11
9854,9854.000000,3,9.485746e-12,7.720935e-11,3.444748e-16,-2.088499e-19,2.341876e-10
9855,9855.000000,3,1.485745e-11,8.035705e-11,3.444971e-16,4.227555e-20,-1.887865e-11
9856,9856.000000,3,2.150813e-11,8.331869e-11,3.445194e-16,-3.990253e-19,2.052899e-10
9857,9857.000000,3,1.359979e-11,8.615597e-11,3.445417e-16,2.283879e-19,1.210680e-10
9858,9858.000000,3,8.590462e-12,8.889312e-11,3.445640e-16,-5.988788e-21,4.246326e-10
9859,9859.000000,3,1.168132e-11,9.147150e-11,3.445863e-16,-1.323721e-19,-4.579115e-11
9860,9860.000000,3,1.236344e-11,9.396905e-11,3.446086e-16,-1.785585e-19,1.799550e-10
9861,9861.000000,3,1.104894e-11,9.635226e-11,3.446310e-16,-3.304785e-19,-6.414984e-11
9862,9862.000000,3,2.342659e-11,9.867529e-11,3.446533e-16,1.606616e-19,1.260166e-10
9863,9863.000000,4,8.732570e-12,4.951595e-14,3.446757e-16,3.555884e-19,4.720828e-11
9864,9864.000000,4,8.228085e-12,5.884182e-14,3.446980e-16,2.566113e-19,-1.521508e-10
9865,9865.000000,4,7.318590e-12,5.040413e-14,3.447204e-16,-1.970410e-19,1.673313e-10
9866,9866.000000,4,8.604673e-12,8.060219e-14,4.309286e-16,1.188195e-19,1.887336e-10
9867,9867.000000,4,6.735945e-12,5.928591e-14,3.447653e-16,2.986354e-19,-3.379012e-10
9868,9868.000000,4,7.005951e-12,6.550316e-14,3.447878e-16,-3.596879e-19,-7.657780e-11
9869,9869.000000,4,6.799894e-12,5.040413e-14,3.448103e-16,-6.278830e-19,1.055744e-10
9870,9870.000000,4,1.274714e-11,5.773160e-14,3.448328e-16,1.486278e-20,-1.071876e-10
9871,9871.000000,4,9.137580e-12,5.973000e-14,3.448554e-16,1.561221e-19,5.682787e-10
9872,9872.000000,4,7.212009e-12,7.571721e-14,3.448779e-16,-6.255173e-19,-1.052161e-10
9873,9873.000000,4,7.872814e-12,6.972201e-14,3.449005e-16,-8.483895e-20,5.116357e-10
9874,9874.000000,4,6.956213e-12,8.859580e-14,3.449232e-16,-3.507113e-19,4.970667e-10
9875,9875.000000,4,6.863843e-12,6.350476e-14,3.449459e-16,-2.048232e-19,-4.596578e-10
9876,9876.000000,4,8.746781e-12,5.062617e-14,3.449686e-16,8.059055e-20,-1.858268e-10
9877,9877.000000,4,7.418066e-12,5.573320e-14,3.449913e-16,9.661800e-20,2.723683e-10
9878,9878.000000,4,6.302514e-12,5.440093e-14,3.450141e-16,6.766668e-20,-3.884175e-10
9879,9879.000000,4,6.679102e-12,8.859580e-14,3.450369e-16,1.707565e-19,-5.389568e-10
9880,9880.000000,4,1.078604e-11,7.882583e-14,3.450597e-16,-4.490003e-19,-3.006814e-10
9881,9881.000000,4,9.350742e-12,7.260859e-14,3.450826e-16,3.110861e-20,-1.973475e-10
9882,9882.000000,4,6.060930e-12,6.306067e-14,3.451055e-16,-2.190837e-19,-6.370923e-11
9883,9883.000000,4,7.432277e-12,5.173639e-14,3.451284e-16,1.239778e-20,1.277387e-10
9884,9884.000000,4,9.485746e-12,5.417888e-14,3.451514e-16,-3.282782e-19,-2.106961e-10
9885,9885.000000,4,6.160406e-12,5.218048e-14,3.451744e-16,2.592682e-19,8.970581e-11
9886,9886.000000,4,9.492851e-12,4.818368e-14,3.451974e-16,-2.194874e-19,-2.609604e-10
9887,9887.000000,4,9.535484e-12,7.549517e-14,3.452205e-16,4.639921e-19,3.121478e-11
9888,9888.000000,4,7.581491e-12,8.193446e-14,3.452436e-16,-2.425294e-19,-1.445520e-10
9889,9889.000000,4,6.870948e-12,8.437695e-14,3.452668e-16,1.949168e-19,-3.799360e-10
9890,9890.000000,4,1.072209e-11,7.460699e-14,3.452899e-16,2.066032e-19,-2.547705e-10
9891,9891.000000,4,1.128342e-11,1.032507e-13,3.453131e-16,-3.702460e-20,-1.120769e-10
9892,9892.000000,4,7.467804e-12,7.505108e-14,4.316705e-16,-1.115767e-19,9.912696e-12
9893,9893.000000,4,9.656276e-12,7.815970e-14,4.316996e-16,-3.036911e-19,-5.376562e-10
9894,9894.000000,4,8.327561e-12,8.304468e-14,3.453830e-16,-8.887229e-20,-5.787484e-11
9895,9895.000000,4,6.423306e-12,9.170442e-14,3.454063e-16,-1.994167e-20,-4.405970e-11
9896,9896.000000,4,8.512302e-12,6.772360e-14,3.454297e-16,1.089728e-19,5.416165e-10
9897,9897.000000,4,6.018297e-12,7.172041e-14,3.454531e-16,1.020046e-19,-5.724567e-11
9898,9898.000000,4,9.194423e-12,1.043610e-13,3.454766e-16,1.422751e-20,1.701215e-10
9899,9899.000000,4,6.558309e-12,8.526513e-14,3.455001e-16,-3.965702e-19,4.828355e-10
9900,9900.000000,4,7.972289e-12,9.214851e-14,3.455236e-16,4.448677e-19,1.143773e-10
9901,9901.000000,4,1.237765e-11,6.727952e-14,3.455472e-16,3.050973e-20,-9.130910e-11
9902,9902.000000,4,8.014922e-12,4.729550e-14,3.455707e-16,1.911383e-19,7.134715e-11
9903,9903.000000,4,9.016787e-12,5.151435e-14,3.455944e-16,6.626378e-20,1.352989e-10
9904,9904.000000,4,6.863843e-12,5.484502e-14,4.320196e-16,-9.540039e-20,1.905664e-10
9905,9905.000000,3,1.146816e-11,9.288481e-11,3.456417e-16,7.385069e-21,-4.656003e-10
9906,9906.000000,3,1.226397e-11,8.605228e-11,3.456654e-16,-3.477600e-19,1.797068e-10
9907,9907.000000,3,1.052314e-11,7.998180e-11,3.456892e-16,-9.986717e-20,2.499954e-11
9908,9908.000000,3,7.254641e-12,7.438161e-11,3.457129e-16,1.741546e-19,9.221196e-11
9909,9909.000000,3,9.606538e-12,6.924394e-11,3.457367e-16,-2.609490e-19,2.281035e-10
9910,9910.000000,3,1.069367e-11,6.443934e-11,3.457605e-16,3.376551e-20,-2.465952e-10
9911,9911.000000,3,8.810730e-12,5.993406e-11,3.457842e-16,3.638271e-20,-1.178919e-10
9912,9912.000000,3,2.123102e-11,5.566592e-11,3.458080e-16,-2.600656e-21,1.980474e-10
9913,9913.000000,3,9.890755e-12,5.161183e-11,3.458318e-16,2.099815e-19,-3.284353e-10
9914,9914.000000,3,1.666933e-11,4.777023e-11,3.458555e-16,3.160161e-20,-1.338651e-10
9915,9915.000000,3,1.000444e-11,4.407585e-11,3.458792e-16,1.701113e-19,-2.531119e-10
9916,9916.000000,3,1.338663e-11,4.055045e-11,3.459029e-16,-1.538622e-19,-2.839048e-12
9917,9917.000000,3,1.015366e-11,3.716938e-11,3.459266e-16,3.134684e-20,-6.024917e-11
9918,9918.000000,3,8.483880e-12,3.389000e-11,4.324377e-16,7.012837e-20,-1.424548e-10
9919,9919.000000,3,8.952838e-12,3.072431e-11,3.459738e-16,-4.647762e-20,-5.238414e-10
9920,9920.000000,3,1.321609e-11,2.767409e-11,3.459973e-16,6.682296e-20,4.327327e-10
9921,9921.000000,3,8.519407e-12,2.470579e-11,3.460208e-16,6.690237e-20,-2.054666e-10
9922,9922.000000,3,7.744916e-12,2.186873e-11,3.460421e-16,4.424159e-19,1.118428e-10
9923,9923.000000,3,8.569145e-12,1.908673e-11,3.460677e-16,-1.241433e-20,1.979070e-11
9924,9924.000000,3,9.158896e-12,1.633849e-11,3.460911e-16,-1.607311e-19,7.444963e-10
9925,9925.000000,3,8.718359e-12,1.369904e-11,3.461144e-16,-2.102528e-19,-2.590091e-10
9926,9926.000000,3,9.109158e-12,1.113465e-11,3.461376e-16,-2.517938e-20,-2.394878e-10
9927,9927.000000,3,7.233325e-12,8.609335e-12,3.461608e-16,4.013249e-19,-2.230232e-10
9928,9928.000000,3,9.407586e-12,6.133316e-12,3.461840e-16,1.844547e-19,6.889220e-11
9929,9929.000000,3,7.176482e-12,3.749445e-12,3.462071e-16,-4.542545e-20,3.415734e-10
9930,9930.000000,3,7.155165e-12,1.406431e-12,3.462282e-16,4.533612e-20,1.162194e-10
9931,9931.000000,3,9.066525e-12,1.065370e-12,3.462531e-16,1.084368e-19,1.660346e-10
9932,9932.000000,3,8.917311e-12,3.151479e-12,3.462761e-16,-1.425133e-19,-1.821639e-10
9933,9933.000000,3,7.290168e-12,5.344614e-12,3.462989e-16,-1.484988e-19,-1.730858e-10
9934,9934.000000,3,9.698908e-12,7.510881e-12,3.463217e-16,-1.027689e-20,3.213385e-10
9935,9935.000000,3,8.562040e-12,9.641621e-12,3.463445e-16,3.242184e-19,-4.352905e-10
9936,9936.000000,3,6.075140e-12,1.172151e-11,3.463672e-16,-9.787863e-20,-3.174800e-10
9937,9937.000000,3,6.949108e-12,1.378719e-11,3.463898e-16,7.412862e-20,3.082788e-10
9938,9938.000000,3,7.261747e-12,1.579092e-11,3.464124e-16,7.785424e-21,-9.480527e-11
9939,9939.000000,3,6.942003e-12,1.779554e-11,3.464349e-16,2.798815e-19,-1.957305e-10
9940,9940.000000,3,8.043344e-12,1.975242e-11,3.464574e-16,-7.667633e-20,9.449500e-11
9941,9941.000000,3,7.226220e-12,2.165135e-11,3.464798e-16,-1.567838e-19,-1.321098e-10
9942,9942.000000,3,1.234213e-11,2.355738e-11,3.465021e-16,4.984590e-20,1.452211e-10
9943,9943.000000,3,9.642065e-12,2.543810e-11,3.465244e-16,3.621992e-19,6.399538e-10
9944,9944.000000,3,7.950973e-12,2.726930e-11,3.465466e-16,2.103024e-19,8.473539e-11
9945,9945.000000,3,1.198686e-11,2.908362e-11,3.465687e-16,-3.966199e-19,1.920120e-10
9946,9946.000000,3,8.107293e-12,3.086464e-11,3.465908e-16,9.254828e-20,3.675215e-10
9947,9947.000000,3,8.050449e-12,3.262923e-11,4.332661e-16,4.775876e-19,-8.632894e-11
9948,9948.000000,3,8.547829e-12,3.437539e-11,3.466348e-16,-6.877841e-20,-1.477655e-10
9949,9949.000000,3,7.659651e-12,3.608602e-11,3.466567e-16,-2.281827e-19,2.494469e-10
9950,9950.000000,3,9.002576e-12,3.777090e-11,3.466786e-16,-1.782276e-19,-1.363861e-10
9951,9951.000000,3,8.746781e-12,3.945244e-11,3.467004e-16,2.521247e-20,-3.479272e-10
9952,9952.000000,3,9.819701e-12,4.110845e-11,3.467221e-16,5.050434e-20,2.940365e-10
9953,9953.000000,3,7.652545e-12,4.276068e-11,3.467438e-16,-5.683393e-20,-6.452412e-10
9954,9954.000000,3,9.187318e-12,4.436451e-11,3.467654e-16,1.148921e-19,3.820446e-10
9955,9955.000000,3,7.794654e-12,4.597545e-11,3.467870e-16,1.313596e-19,1.531360e-10
9956,9956.000000,3,1.384137e-11,4.755440e-11,3.468085e-16,2.835674e-19,-6.421358e-11
9957,9957.000000,3,1.146105e-11,4.911049e-11,4.335374e-16,-1.322397e-19,1.829998e-10
9958,9958.000000,3,1.314504e-11,5.064194e-11,3.468513e-16,5.982170e-20,2.911494e-10
9959,9959.000000,3,1.271161e-11,5.214051e-11,3.468726e-16,-4.143844e-20,-2.240048e-10
9960,9960.000000,3,1.379874e-11,5.368395e-11,3.468938e-16,-3.370265e-20,-6.702884e-10
9961,9961.000000,3,6.778578e-12,4.429990e-11,3.469150e-16,1.763549e-19,1.728671e-10
9962,9962.000000,3,7.162271e-12,3.074740e-11,3.469362e-16,-1.826282e-19,-1.165775e-10
9963,9963.000000,3,9.890755e-12,2.360845e-11,3.469573e-16,-2.631096e-19,-4.366650e-10
9964,9964.000000,3,1.089973e-11,1.734479e-11,3.469783e-16,-1.795842e-19,-4.195924e-11
9965,9965.000000,3,1.055156e-11,1.241629e-11,3.469993e-16,9.977453e-20,3.711607e-10
9966,9966.000000,3,7.524648e-12,8.017809e-12,3.470202e-16,-3.565909e-19,2.121723e-10
9967,9967.000000,3,7.375434e-12,4.981571e-12,3.470410e-16,6.432487e-20,-1.471054e-10
9968,9968.000000,3,1.427480e-11,4.274359e-12,3.470619e-16,-2.732674e-19,1.042245e-10
9969,9969.000000,3,1.019629e-11,4.142686e-12,3.470826e-16,1.932195e-19,3.531376e-10
9970,9970.000000,3,8.299139e-12,5.222267e-12,3.471034e-16,1.924254e-19,6.275598e-10
9971,9971.000000,3,5.222489e-12,7.855494e-12,3.471241e-16,-3.754738e-20,1.361739e-10
9972,9972.000000,3,7.027268e-12,1.034373e-11,3.471448e-16,1.782640e-19,-1.489820e-10
9973,9973.000000,3,8.036238e-12,1.265898e-11,3.471655e-16,2.386515e-19,1.144615e-11
9974,9974.000000,3,1.259792e-11,1.482814e-11,4.339826e-16,-2.348498e-19,-3.905978e-10
9975,9975.000000,3,1.058709e-11,1.686074e-11,3.472067e-16,-8.458087e-20,-9.015796e-11
9976,9976.000000,3,1.111289e-11,1.883982e-11,3.472274e-16,4.692430e-20,2.502174e-10
9977,9977.000000,3,7.482015e-12,2.066902e-11,3.472480e-16,-8.566613e-20,2.973324e-11
9978,9978.000000,3,9.194423e-12,2.242961e-11,3.472686e-16,3.405668e-20,-3.619555e-10
9979,9979.000000,3,1.057998e-11,2.409117e-11,3.472892e-16,9.162183e-20,-8.363885e-11
9980,9980.000000,3,5.520917e-12,2.568612e-11,3.473098e-16,2.313194e-19,-1.862404e-10
9981,9981.000000,3,6.913581e-12,2.723288e-11,3.473304e-16,2.557312e-20,5.086972e-10
9982,9982.000000,3,8.796519e-12,2.868639e-11,3.473510e-16,2.581796e-20,1.301843e-10
9983,9983.000000,3,1.640643e-11,3.010681e-11,3.473717e-16,-2.537161e-19,-4.186050e-10
9984,9984.000000,3,8.085976e-12,3.147593e-11,3.473923e-16,3.179384e-19,-1.953687e-12
9985,9985.000000,3,1.065104e-11,3.277689e-11,3.474129e-16,-2.882228e-20,2.433870e-10
9986,9986.000000,3,1.132605e-11,3.405476e-11,3.474336e-16,-1.184093e-19,1.431077e-12
9987,9987.000000,3,1.415401e-11,3.526379e-11,3.474543e-16,-2.914654e-20,1.081261e-10
9988,9988.000000,3,8.895995e-12,3.645950e-11,3.474749e-16,-2.357233e-19,1.178305e-10
9989,9989.000000,3,1.083578e-11,3.758971e-11,3.474956e-16,3.000019e-19,2.344744e-10
9990,9990.000000,3,1.384137e-11,3.870149e-11,3.475163e-16,9.139022e-20,1.065551e-10
9991,9991.000000,3,6.110668e-12,3.979506e-11,3.475370e-16,8.291658e-21,-1.175911e-10
9992,9992.000000,3,7.972289e-12,4.081846e-11,3.475578e-16,-1.775824e-19,-2.701631e-10
9993,9993.000000,3,9.791279e-12,4.181322e-11,3.475785e-16,-1.908372e-19,-5.050204e-10
9994,9994.000000,3,1.452349e-11,4.284373e-11,3.475993e-16,-2.365538e-19,-3.177355e-10
9995,9995.000000,3,1.239187e-11,4.377010e-11,3.476200e-16,1.662104e-19,-4.165965e-10
9996,9996.000000,3,8.398615e-12,4.471046e-11,3.476408e-16,1.944669e-19,-4.484049e-11
9997,9997.000000,3,1.504219e-11,4.562795e-11,3.476616e-16,1.539913e-19,4.229451e-10
9998,9998.000000,3,1.610090e-11,4.651368e-11,3.476825e-16,-2.870813e-19,-3.402995e-11
9999,9999.000000,3,1.403322e-11,4.735745e-11,3.477033e-16,-7.861855e-20,-4.561776e-11
10000,10000.000000,3,1.507772e-11,4.822920e-11,3.477242e-16,1.380399e-20,4.084405e-11
10001,10001.000000,3,1.397638e-11,4.903455e-11,3.477450e-16,1.114477e-19,-1.678206e-10
10002,10002.000000,3,1.563905e-11,4.986056e-11,3.477659e-16,1.777909e-19,-5.936736e-10
10003,10003.000000,3,1.955414e-11,5.062661e-11,3.477869e-16,-2.813274e-19,-2.130402e-10
10004,10004.000000,3,9.379164e-12,5.140954e-11,3.478078e-16,-5.171202e-20,-1.332003e-10
10005,10005.000000,3,1.772804e-11,5.216139e-11,3.478287e-16,-1.368818e-19,2.269117e-10
10006,10006.000000,3,9.173107e-12,5.289524e-11,3.478497e-16,2.943076e-19,-2.557154e-10
10007,10007.000000,3,9.833911e-12,5.358869e-11,3.478707e-16,-1.323853e-19,3.262703e-10
10008,10008.000000,3,2.027178e-11,5.429346e-11,3.478917e-16,1.168641e-19,4.404418e-11
10009,10009.000000,3,1.218581e-11,5.499512e-11,3.479127e-16,-1.257348e-19,4.126188e-11
10010,10010.000000,3,1.552536e-11,5.567213e-11,3.479338e-16,-1.955786e-20,-3.164657e-10
10011,10011.000000,3,1.042366e-11,5.634182e-11,3.479548e-16,-4.291744e-20,1.349754e-10
10012,10012.000000,3,2.013678e-11,5.698975e-11,3.479759e-16,6.975449e-20,-1.258336e-10
10013,10013.000000,3,1.840306e-11,5.761613e-11,4.349962e-16,2.077348e-19,-1.359971e-10
10014,10014.000000,3,9.052314e-12,5.827760e-11,3.480181e-16,-3.390415e-19,-7.409071e-11
10015,10015.000000,3,1.433875e-11,5.886980e-11,4.350490e-16,-2.704550e-20,1.898481e-11
10016,10016.000000,3,8.228085e-12,5.947687e-11,3.480604e-16,-1.343838e-19,-6.552274e-10
10017,10017.000000,3,1.687539e-11,6.006040e-11,3.480816e-16,5.447481e-20,2.936784e-10
10018,10018.000000,3,1.072920e-11,6.065926e-11,3.481027e-16,-1.572537e-19,6.365922e-11
10019,10019.000000,3,1.155342e-11,6.122303e-11,3.481240e-16,9.803745e-21,-2.657551e-10
10020,10020.000000,3,1.348610e-11,6.179923e-11,3.481452e-16,-2.223792e-20,9.503509e-11
10021,10021.000000,3,1.543299e-11,7.288792e-11,3.481664e-16,-3.288275e-19,2.827520e-10
10022,10022.000000,3,1.800515e-11,8.785950e-11,3.481877e-16,1.826713e-19,2.872216e-11
10023,10023.000000,3,1.166711e-11,9.662982e-11,3.482090e-16,4.558030e-19,1.393691e-11
10024,10024.000000,4,7.894130e-12,4.374279e-14,3.482303e-16,-2.979835e-19,-2.037940e-10
10025,10025.000000,4,1.057998e-11,6.772360e-14,3.482516e-16,2.504736e-19,4.467841e-10
10026,10026.000000,4,7.190692e-12,4.596323e-14,3.482729e-16,-2.964582e-19,-2.789019e-11
10027,10027.000000,4,5.769607e-12,6.084022e-14,3.482943e-16,-1.398299e-19,-4.014492e-11
10028,10028.000000,4,7.695178e-12,6.616929e-14,3.483157e-16,-1.026630e-19,2.628260e-10
10029,10029.000000,4,9.968915e-12,5.639933e-14,3.483371e-16,3.547943e-19,2.934638e-10
10030,10030.000000,4,7.354117e-12,5.973000e-14,3.483585e-16,4.638167e-20,-1.382549e-10
10031,10031.000000,4,7.979395e-12,9.636736e-14,3.483800e-16,-1.846863e-19,-8.006147e-11
10032,10032.000000,4,8.661516e-12,6.727952e-14,3.484016e-16,7.803192e-19,-1.996495e-10
10033,10033.000000,4,6.963319e-12,8.193446e-14,3.484232e-16,1.362830e-19,1.908432e-10
10034,10034.000000,4,1.102052e-11,8.237855e-14,3.484448e-16,-1.719841e-19,-2.071463e-10
10035,10035.000000,4,7.794654e-12,5.817569e-14,3.484665e-16,-3.594795e-19,-1.135356e-10
10036,10036.000000,4,9.784173e-12,8.393286e-14,3.484883e-16,1.577930e-19,-2.290147e-11
10037,10037.000000,4,7.972289e-12,7.860379e-14,3.485101e-16,-2.606942e-20,-3.388078e-10
10038,10038.000000,4,7.560175e-12,7.349676e-14,3.485320e-16,-3.727474e-19,-1.726947e-10
10039,10039.000000,4,1.107736e-11,8.304468e-14,3.485540e-16,-5.682532e-19,-3.026291e-10
10040,10040.000000,4,6.984635e-12,8.903989e-14,3.485760e-16,1.810136e-19,8.193460e-11
10041,10041.000000,4,6.473044e-12,6.927792e-14,3.485982e-16,-6.498331e-20,-2.987639e-10
10042,10042.000000,4,5.812240e-12,8.371082e-14,3.486203e-16,1.430162e-19,-4.749796e-11
10043,10043.000000,4,7.887024e-12,9.681145e-14,3.486426e-16,-1.542923e-19,-2.963020e-10
10044,10044.000000,4,6.735945e-12,1.090239e-13,3.486649e-16,-2.420364e-19,-1.074508e-10
10045,10045.000000,4,6.082246e-12,1.079137e-13,3.486873e-16,-1.627825e-19,-1.163784e-10
10046,10046.000000,4,1.001155e-11,9.436896e-14,3.487098e-16,-1.977293e-19,2.491245e-11
10047,10047.000000,4,6.210144e-12,8.615331e-14,4.359155e-16,-2.687344e-20,-4.631638e-10
10048,10048.000000,4,8.469669e-12,1.041389e-13,3.487550e-16,3.842386e-19,-6.793198e-11
10049,10049.000000,4,5.563550e-12,6.883383e-14,3.487777e-16,-8.662235e-21,1.754989e-10
10050,10050.000000,4,8.668621e-12,1.001421e-13,3.488005e-16,2.646316e-20,-4.677453e-10
10051,10051.000000,4,9.535484e-12,8.837375e-14,3.488234e-16,-7.838363e-20,-2.854948e-10
10052,10052.000000,4,6.913581e-12,1.036948e-13,3.488463e-16,-1.613333e-20,2.027626e-10
10053,10053.000000,4,1.035261e-11,8.171241e-14,4.360867e-16,1.609330e-19,6.429746e-11
10054,10054.000000,4,6.764367e-12,9.059420e-14,3.488925e-16,1.004660e-19,-1.513237e-10
10055,10055.000000,4,9.066525e-12,1.321165e-13,3.489157e-16,-1.730164e-19,2.440041e-10
10056,10056.000000,4,7.091217e-12,1.412204e-13,3.489389e-16,-9.788524e-20,-1.814370e-10
10057,10057.000000,4,6.423306e-12,1.028067e-13,3.489623e-16,-7.835055e-21,2.415494e-11
10058,10058.000000,4,5.570655e-12,1.227907e-13,3.489857e-16,-7.225588e-20,-2.679295e-10
10059,10059.000000,4,8.839152e-12,1.298961e-13,3.490092e-16,3.335523e-20,2.119616e-10
10060,10060.000000,4,9.130474e-12,1.012523e-13,3.490328e-16,1.003304e-19,4.046664e-11
10061,10061.000000,4,6.117773e-12,1.070255e-13,3.490565e-16,-1.400185e-19,2.885818e-10
10062,10062.000000,4,1.200817e-11,9.547918e-14,3.490802e-16,2.877927e-20,-4.139826e-11
10063,10063.000000,4,9.045209e-12,1.194600e-13,3.491041e-16,-4.998355e-19,-2.725462e-11
10064,10064.000000,4,7.489120e-12,1.310063e-13,3.491280e-16,-2.177206e-19,1.082108e-11
10065,10065.000000,4,7.666756e-12,1.267875e-13,4.364370e-16,-9.330928e-20,8.659168e-11
10066,10066.000000,4,7.659651e-12,1.278977e-13,3.491760e-16,4.578941e-20,-2.563311e-10
10067,10067.000000,4,6.380674e-12,1.265654e-13,3.492002e-16,-4.186295e-19,1.891214e-11
10068,10068.000000,4,7.077006e-12,1.256772e-13,3.492244e-16,-1.002113e-19,2.607505e-10
10069,10069.000000,4,7.631229e-12,1.436629e-13,3.492487e-16,-3.137198e-19,-3.508119e-10
10070,10070.000000,4,6.544099e-12,1.245670e-13,3.492731e-16,-1.767189e-20,-8.663859e-11
10071,10071.000000,4,8.355983e-12,1.227907e-13,3.492975e-16,2.081253e-19,-2.886019e-10
10072,10072.000000,4,5.947243e-12,1.165734e-13,3.493221e-16,8.206624e-20,-2.772022e-11
10073,10073.000000,4,9.102052e-12,1.334488e-13,3.493467e-16,3.263989e-19,-5.749411e-11
10074,10074.000000,4,6.934897e-12,1.258993e-13,3.493714e-16,9.259129e-20,-2.343317e-11
10075,10075.000000,4,8.398615e-12,1.336709e-13,3.493961e-16,-3.614084e-19,5.499447e-11
10076,10076.000000,4,7.588596e-12,1.247891e-13,3.494210e-16,-9.059613e-20,-1.656730e-10
10077,10077.000000,4,6.991741e-12,1.376677e-13,3.494459e-16,2.039794e-19,7.572324e-11
10078,10078.000000,4,7.759127e-12,1.554312e-13,3.494709e-16,2.689793e-19,3.220492e-10
10079,10079.000000,4,1.126921e-11,1.389999e-13,3.494959e-16,-3.077343e-19,1.314940e-10
10080,10080.000000,4,7.617018e-12,1.316725e-13,3.495211e-16,-2.054055e-19,-1.353096e-10
10081,10081.000000,4,9.016787e-12,1.327827e-13,3.495463e-16,-2.648632e-20,6.215959e-11
10082,10082.000000,4,8.903100e-12,9.325873e-14,3.495716e-16,-1.010914e-19,1.462421e-10
10083,10083.000000,4,7.247536e-12,1.130207e-13,3.495970e-16,-3.908031e-19,1.613885e-10
10084,10084.000000,4,8.242296e-12,8.237855e-14,3.496224e-16,3.560318e-19,-3.103159e-10
10085,10085.000000,4,9.571011e-12,7.527312e-14,3.496479e-16,-1.896560e-19,-1.243909e-10
10086,10086.000000,4,9.123369e-12,7.549517e-14,3.496735e-16,-1.772350e-19,-3.692832e-10
10087,10087.000000,4,9.237056e-12,1.041389e-13,3.496991e-16,1.277200e-19,-2.111066e-10
10088,10088.000000,4,8.192558e-12,7.238654e-14,4.371560e-16,6.008309e-20,-1.988547e-10
10089,10089.000000,4,6.942003e-12,5.662137e-14,3.497505e-16,3.755301e-19,-1.435221e-11
10090,10090.000000,4,7.297274e-12,6.350476e-14,3.497763e-16,-2.348366e-19,-5.954635e-10
10091,10091.000000,4,7.538858e-12,5.195844e-14,3.498020e-16,1.947282e-19,5.820078e-10
10092,10092.000000,3,9.130474e-12,9.615664e-11,3.498278e-16,-2.388368e-19,-1.790629e-10
10093,10093.000000,3,1.075051e-11,8.928880e-11,3.498535e-16,-3.270176e-19,-3.870946e-10
10094,10094.000000,3,1.011813e-11,8.268830e-11,3.498793e-16,2.871640e-20,-8.540543e-11
10095,10095.000000,3,1.053735e-11,7.646772e-11,3.499050e-16,1.910258e-19,4.132292e-10
10096,10096.000000,3,8.505197e-12,7.048606e-11,3.499306e-16,6.721339e-20,-2.324327e-10
10097,10097.000000,3,1.283240e-11,6.475354e-11,3.499563e-16,5.746093e-19,-1.748147e-11
10098,10098.000000,3,8.462564e-12,5.921974e-11,3.499819e-16,3.814957e-20,-2.627873e-10
10099,10099.000000,3,8.355983e-12,5.391687e-11,3.500074e-16,-9.471549e-20,-3.232623e-12
10100,10100.000000,3,6.664891e-12,4.879763e-11,3.500329e-16,-4.170578e-19,-4.625664e-10
10101,10101.000000,3,7.830181e-12,4.379674e-11,3.500583e-16,5.510677e-20,1.640219e-10
10102,10102.000000,3,7.752021e-12,3.901479e-11,3.500836e-16,1.477907e-19,3.990105e-10
10103,10103.000000,3,1.087841e-11,3.433076e-11,3.501089e-16,1.106966e-19,2.719371e-11
10104,10104.000000,3,1.181633e-11,2.979128e-11,3.501341e-16,-5.784639e-20,-8.074169e-11
10105,10105.000000,3,8.945733e-12,2.541078e-11,3.501593e-16,-3.546950e-19,1.368102e-10
10106,10106.000000,3,7.617018e-12,2.111489e-11,3.501843e-16,4.335353e-19,-5.445650e-10
10107,10107.000000,3,6.224354e-12,1.693246e-11,3.502093e-16,1.506230e-19,1.793182e-10
10108,10108.000000,3,1.229949e-11,1.286371e-11,3.502342e-16,1.155240e-19,1.991441e-10
10109,10109.000000,3,7.652545e-12,8.873124e-12,3.502590e-16,3.658190e-19,6.996721e-11
10110,10110.000000,3,1.121947e-11,4.981349e-12,3.502837e-16,-4.688460e-20,-1.882376e-10
10111,10111.000000,3,5.769607e-12,1.202372e-12,3.503084e-16,3.587648e-20,2.537101e-10
10112,10112.000000,3,6.416201e-12,2.529532e-12,3.503329e-16,-6.855673e-21,3.328065e-10
10113,10113.000000,3,1.121236e-11,6.152412e-12,3.503574e-16,-2.073676e-19,3.656560e-10
10114,10114.000000,3,5.172751e-12,9.737322e-12,3.503817e-16,-2.829222e-19,-4.637704e-10
10115,10115.000000,3,6.814105e-12,1.324807e-11,3.504060e-16,7.614032e-20,1.414764e-10
10116,10116.000000,3,7.688072e-12,1.664202e-11,3.504302e-16,-2.305319e-19,-3.545551e-10
10117,10117.000000,3,1.085709e-11,2.003842e-11,3.504543e-16,8.785320e-20,-3.199026e-10
10118,10118.000000,3,1.183764e-11,2.330247e-11,3.504783e-16,-4.754634e-21,-4.826958e-10
10119,10119.000000,3,1.054445e-11,2.656897e-11,3.505022e-16,-4.496554e-21,2.092630e-10
10120,10120.000000,3,6.508571e-12,2.972889e-11,3.505260e-16,1.668192e-19,-3.593693e-10
10121,10121.000000,3,8.427037e-12,3.289968e-11,3.505497e-16,-6.312712e-20,2.838534e-10
10122,10122.000000,3,1.035971e-11,3.596856e-11,3.505734e-16,5.802507e-20,5.027264e-10
10123,10123.000000,3,7.609913e-12,3.897349e-11,4.382461e-16,1.228926e-19,3.397585e-10
10124,10124.000000,3,1.012523e-11,4.198308e-11,3.506203e-16,2.030232e-20,-3.988257e-10
10125,10125.000000,3,9.428902e-12,4.492917e-11,3.506437e-16,5.133814e-20,4.069689e-11
10126,10126.000000,3,7.979395e-12,4.777001e-11,3.506669e-16,1.351613e-19,-3.076458e-10
10127,10127.000000,3,7.375434e-12,5.060730e-11,3.506901e-16,-3.579707e-20,-5.212246e-10
10128,10128.000000,3,9.443113e-12,5.344458e-11,3.507132e-16,-2.973119e-19,3.470478e-10
10129,10129.000000,3,1.249845e-11,5.617751e-11,3.507361e-16,-6.294514e-20,-6.027652e-10
10130,10130.000000,3,1.319478e-11,5.892153e-11,3.507590e-16,7.654498e-19,-2.419743e-10
10131,10131.000000,3,1.507061e-11,6.159695e-11,3.507818e-16,1.327658e-19,-1.559756e-10
10132,10132.000000,3,1.210765e-11,6.425394e-11,3.508045e-16,2.325833e-19,6.195738e-11
10133,10133.000000,3,1.593037e-11,6.687095e-11,3.508271e-16,-1.514071e-20,-1.034162e-10
10134,10134.000000,3,6.927792e-12,6.945444e-11,3.508496e-16,-1.843554e-19,-2.474318e-10
10135,10135.000000,3,1.265477e-11,7.201595e-11,3.508720e-16,5.126766e-19,7.513476e-11
10136,10136.000000,3,1.855227e-11,7.451195e-11,3.508943e-16,2.221807e-20,-1.787861e-10
10137,10137.000000,3,1.195133e-11,7.701906e-11,3.509166e-16,1.875285e-19,1.208164e-10
10138,10138.000000,3,1.642775e-11,7.946199e-11,3.509387e-16,4.953158e-21,6.964601e-11
10139,10139.000000,3,1.458744e-11,8.190870e-11,3.509608e-16,4.456849e-21,-3.998077e-11
10140,10140.000000,3,1.529799e-11,8.431589e-11,3.509827e-16,4.876064e-20,1.805084e-11
10141,10141.000000,3,1.191580e-11,5.734169e-11,3.510046e-16,-1.149748e-19,-2.918947e-10
10142,10142.000000,3,9.791279e-12,1.931322e-11,3.510264e-16,-1.117256e-19,5.184471e-10
10143,10143.000000,3,9.542589e-12,6.938228e-12,3.510481e-16,9.829553e-20,-4.433610e-10
10144,10144.000000,3,8.810730e-12,1.987899e-11,4.388371e-16,3.349420e-20,-5.390760e-11
10145,10145.000000,3,1.018208e-11,3.457234e-11,3.510912e-16,-4.039288e-20,2.969020e-10
10146,10146.000000,3,1.740830e-11,4.795209e-11,3.511126e-16,-2.858736e-20,6.736270e-11
10147,10147.000000,3,2.007283e-11,5.965828e-11,3.511340e-16,8.467021e-20,2.527389e-10
10148,10148.000000,3,1.794120e-11,7.048118e-11,3.511553e-16,1.120532e-19,2.195975e-10
10149,10149.000000,3,1.787015e-11,8.037593e-11,3.511765e-16,-4.852010e-19,-6.618328e-11
10150,10150.000000,3,1.469402e-11,8.962364e-11,3.511977e-16,-9.885801e-20,-3.600666e-10
10151,10151.000000,3,1.889333e-11,9.822121e-11,3.512189e-16,1.052505e-19,-1.785066e-10
10152,10152.000000,4,8.583356e-12,4.818368e-14,3.512401e-16,1.454647e-19,-1.046062e-10
10153,10153.000000,4,7.396750e-12,6.239453e-14,3.512613e-16,-3.534410e-19,6.311519e-10
10154,10154.000000,4,1.213607e-11,5.373479e-14,4.391020e-16,1.392939e-19,1.800790e-10
10155,10155.000000,4,7.915446e-12,6.283862e-14,3.513038e-16,-6.299245e-19,1.229438e-10
10156,10156.000000,4,9.194423e-12,5.617729e-14,3.513251e-16,-4.476106e-19,1.151994e-10
10157,10157.000000,4,8.590462e-12,5.573320e-14,3.513464e-16,9.795142e-20,-2.353490e-10
10158,10158.000000,4,1.019629e-11,5.995204e-14,3.513678e-16,4.888604e-19,-3.797560e-10
10159,10159.000000,4,9.670487e-12,7.771561e-14,3.513892e-16,9.093693e-20,3.837957e-10
10160,10160.000000,4,9.698908e-12,5.750955e-14,3.514107e-16,3.635062e-19,4.189125e-10
10161,10161.000000,4,6.792789e-12,8.459899e-14,4.392889e-16,-1.038277e-19,5.403488e-10
10162,10162.000000,4,8.945733e-12,1.101341e-13,3.514539e-16,2.333708e-19,1.380854e-10
10163,10163.000000,4,8.292034e-12,1.068035e-13,3.514756e-16,1.628520e-19,-2.569916e-10
10164,10164.000000,4,8.597567e-12,1.039169e-13,3.514974e-16,-5.714164e-21,3.024068e-10
10165,10165.000000,4,5.684342e-12,1.041389e-13,3.515193e-16,1.087246e-20,1.093853e-10
10166,10166.000000,4,7.133849e-12,9.037215e-14,3.515413e-16,2.709513e-20,3.953139e-10
10167,10167.000000,4,7.588596e-12,1.030287e-13,3.515634e-16,-4.789376e-20,2.417791e-10
10168,10168.000000,4,8.000711e-12,7.260859e-14,3.515855e-16,2.246325e-19,-1.835838e-11
10169,10169.000000,4,7.496226e-12,1.114664e-13,3.516078e-16,-1.743465e-19,-2.023811e-10
10170,10170.000000,4,8.327561e-12,1.019185e-13,3.516301e-16,-1.901225e-19,8.771600e-11
10171,10171.000000,4,1.111999e-11,9.836576e-14,3.516526e-16,-7.193493e-20,3.551440e-10
10172,10172.000000,4,8.832046e-12,1.054712e-13,3.516751e-16,-4.085941e-20,-1.008154e-10
10173,10173.000000,4,6.558309e-12,1.316725e-13,3.516978e-16,-1.120333e-20,-1.150778e-10
10174,10174.000000,4,6.970424e-12,1.156852e-13,3.517205e-16,1.576275e-20,8.444548e-11
10175,10175.000000,4,9.961809e-12,1.112443e-13,3.517434e-16,-3.857309e-20,-1.580489e-10
10176,10176.000000,4,6.146195e-12,1.183498e-13,3.517663e-16,-6.349769e-20,-8.989175e-11
10177,10177.000000,4,8.469669e-12,1.116884e-13,3.517894e-16,-2.375133e-19,1.890330e-10
10178,10178.000000,4,9.343637e-12,1.216804e-13,3.518126e-16,4.164457e-19,-3.180145e-11
10179,10179.000000,4,9.400480e-12,1.481038e-13,3.518358e-16,2.280537e-19,4.592001e-10
10180,10180.000000,4,7.702283e-12,1.221245e-13,3.518592e-16,-2.503313e-19,1.139442e-10
10181,10181.000000,4,6.352252e-12,1.134648e-13,3.518827e-16,-1.940334e-19,-4.700714e-10
10182,10182.000000,4,7.680967e-12,1.134648e-13,3.519063e-16,2.991681e-19,-8.854421e-11
10183,10183.000000,4,6.245671e-12,1.196820e-13,3.519300e-16,1.825753e-20,7.426661e-11
10184,10184.000000,4,8.206769e-12,1.298961e-13,3.519538e-16,-3.087402e-19,-2.001618e-10
10185,10185.000000,4,8.910206e-12,1.587619e-13,3.519777e-16,-3.003327e-19,-3.747667e-10
10186,10186.000000,4,9.706014e-12,1.529887e-13,3.520017e-16,-7.301358e-20,2.371714e-10
10187,10187.000000,4,8.562040e-12,1.332268e-13,3.520258e-16,-2.730755e-19,2.757978e-11
10188,10188.000000,4,1.043077e-11,1.625367e-13,3.520501e-16,2.323120e-19,-2.042552e-10
10189,10189.000000,4,7.737810e-12,1.336709e-13,3.520744e-16,1.769968e-19,2.223724e-10
10190,10190.000000,4,5.954348e-12,1.536549e-13,3.520989e-16,1.125495e-19,-2.930978e-11
10191,10191.000000,4,6.266987e-12,1.409983e-13,3.521234e-16,1.038443e-19,1.583969e-10
10192,10192.000000,4,6.444623e-12,1.392220e-13,3.521481e-16,-1.693867e-19,6.747108e-11
10193,10193.000000,4,9.514167e-12,1.330047e-13,3.521728e-16,5.581815e-20,-3.485924e-10
10194,10194.000000,4,6.671996e-12,1.398881e-13,3.521977e-16,-5.335977e-20,5.637190e-11
10195,10195.000000,4,1.072920e-11,1.632028e-13,3.522226e-16,1.636527e-19,-3.006436e-10
10196,10196.000000,4,8.355983e-12,1.461054e-13,3.522477e-16,5.057448e-19,-6.895263e-10
10197,10197.000000,4,6.856737e-12,1.580958e-13,3.522729e-16,1.509902e-19,4.313635e-10
10198,10198.000000,4,8.526513e-12,1.540990e-13,3.522982e-16,-1.099555e-19,-1.199860e-10
10199,10199.000000,4,5.435652e-12,1.634248e-13,3.523236e-16,7.987190e-19,-8.208738e-12
10200,10200.000000,4,7.815970e-12,1.594280e-13,3.523490e-16,-3.435248e-19,1.446313e-10
10201,10201.000000,4,8.995471e-12,1.805223e-13,3.523746e-16,-2.712391e-19,-3.549993e-10
10202,10202.000000,4,9.684697e-12,1.461054e-13,3.524003e-16,2.457719e-20,4.070315e-10
10203,10203.000000,4,8.427037e-12,1.352252e-13,3.524261e-16,-4.294722e-21,3.091532e-10
10204,10204.000000,4,9.421797e-12,1.354472e-13,3.524520e-16,-3.390150e-19,-5.811095e-11
10205,10205.000000,4,7.318590e-12,1.159073e-13,3.524780e-16,-2.333311e-20,3.009648e-11
10206,10206.000000,4,8.093082e-12,1.343370e-13,3.525041e-16,1.859601e-19,2.939003e-10
10207,10207.000000,4,8.320455e-12,1.088019e-13,3.525303e-16,-2.859960e-19,1.780208e-10
10208,10208.000000,4,8.576251e-12,9.814372e-14,3.525566e-16,3.914616e-19,-1.045041e-10
10209,10209.000000,4,7.894130e-12,1.283418e-13,3.525829e-16,-1.429467e-19,8.803436e-11
10210,10210.000000,4,8.270717e-12,1.121325e-13,3.526093e-16,3.662756e-21,-6.054280e-10
10211,10211.000000,4,8.725465e-12,8.193446e-14,3.526357e-16,-1.994266e-19,-7.657015e-10
10212,10212.000000,4,9.329426e-12,9.547918e-14,3.526622e-16,-2.259758e-19,-2.527998e-10
10213,10213.000000,4,9.201528e-12,9.747758e-14,3.526888e-16,1.824562e-19,3.145148e-10
10214,10214.000000,4,9.464429e-12,1.214584e-13,3.527153e-16,-4.895586e-20,-8.392622e-10
10215,10215.000000,4,6.323830e-12,9.370282e-14,3.527419e-16,1.278722e-19,5.485026e-11
10216,10216.000000,4,6.913581e-12,1.330047e-13,3.527685e-16,7.805276e-20,7.323377e-11
10217,10217.000000,4,9.030998e-12,1.036948e-13,3.527951e-16,1.468775e-19,-5.143480e-10
10218,10218.000000,4,6.984635e-12,8.437695e-14,3.528217e-16,2.969380e-19,-2.808300e-10
10219,10219.000000,4,9.102052e-12,8.681944e-14,3.528483e-16,1.230481e-19,4.487810e-10
10220,10220.000000,4,6.821210e-12,9.903189e-14,3.528749e-16,-7.990896e-20,2.316804e-10
10221,10221.000000,4,6.259882e-12,7.793766e-14,3.529015e-16,2.746604e-19,-1.360899e-11
10222,10222.000000,4,9.585222e-12,9.481305e-14,3.529281e-16,-1.502656e-19,-3.623957e-10
10223,10223.000000,4,8.249401e-12,7.349676e-14,3.529547e-16,1.377554e-19,6.118734e-10
10224,10224.000000,4,5.634604e-12,8.326673e-14,3.529812e-16,-3.828126e-19,-2.975522e-10
10225,10225.000000,4,1.092104e-11,7.416290e-14,3.530078e-16,1.428739e-19,-2.386781e-10
10226,10226.000000,4,5.933032e-12,7.416290e-14,3.530343e-16,1.468643e-19,1.906608e-10
10227,10227.000000,4,7.894130e-12,7.016610e-14,4.413259e-16,2.854303e-19,-5.605572e-10
10228,10228.000000,4,7.098322e-12,6.328271e-14,3.530872e-16,-1.280012e-19,2.382625e-10
10229,10229.000000,4,8.263612e-12,8.304468e-14,3.531136e-16,-1.966638e-19,1.745328e-10
10230,10230.000000,4,8.235190e-12,8.237855e-14,3.531400e-16,5.714825e-20,3.345465e-10
10231,10231.000000,4,9.251266e-12,5.306866e-14,3.531664e-16,-9.284937e-20,1.994290e-10
10232,10232.000000,4,8.888890e-12,5.329071e-14,3.531927e-16,-2.681058e-19,-4.043197e-10
10233,10233.000000,4,7.347012e-12,7.838175e-14,3.532191e-16,1.402567e-20,-7.404146e-10
10234,10234.000000,4,7.887024e-12,7.283063e-14,3.532453e-16,-1.770398e-19,-1.270167e-10
10235,10235.000000,4,7.311485e-12,6.283862e-14,3.532716e-16,-4.851745e-19,-5.687001e-10
10236,10236.000000,4,8.142820e-12,5.284662e-14,3.532978e-16,7.866488e-20,-7.675676e-11
10237,10237.000000,4,6.956213e-12,5.218048e-14,3.533240e-16,1.425695e-19,4.543618e-10
10238,10238.000000,4,9.741541e-12,6.217249e-14,3.533501e-16,-9.631691e-21,-2.606236e-10
10239,10239.000000,4,7.510437e-12,6.550316e-14,3.533762e-16,4.478025e-19,3.093435e-11
10240,10240.000000,4,9.876544e-12,6.794565e-14,3.534023e-16,7.466132e-20,-3.318448e-10
10241,10241.000000,4,1.147527e-11,5.662137e-14,3.534283e-16,1.980568e-19,-1.882639e-10
10242,10242.000000,4,6.728840e-12,6.927792e-14,3.534543e-16,2.581068e-19,-4.419042e-11
10243,10243.000000,4,6.366463e-12,6.927792e-14,3.534802e-16,-2.646548e-19,2.094137e-11
10244,10244.000000,4,8.149925e-12,5.973000e-14,3.535061e-16,-9.708453e-20,-3.319459e-11
10245,10245.000000,4,7.027268e-12,5.795364e-14,3.535320e-16,-2.004424e-20,-2.546299e-10
10246,10246.000000,4,8.213874e-12,4.973799e-14,3.535579e-16,5.189731e-19,-1.043855e-10
10247,10247.000000,4,8.057555e-12,8.948398e-14,3.535837e-16,5.306198e-20,-2.422450e-11
10248,10248.000000,4,5.968559e-12,5.462297e-14,3.536094e-16,7.167024e-20,1.317653e-10
10249,10249.000000,4,9.805490e-12,3.730349e-14,3.536351e-16,1.439195e-19,-6.318580e-10
10250,10250.000000,3,1.770672e-11,9.914025e-11,3.536608e-16,-6.311719e-20,1.139948e-10
10251,10251.000000,3,1.568168e-11,9.776691e-11,3.536865e-16,-2.022490e-19,1.394322e-10
10252,10252.000000,3,1.202949e-11,9.643841e-11,3.537121e-16,1.340198e-19,1.581863e-10
10253,10253.000000,3,6.401990e-12,9.510104e-11,3.537377e-16,4.435078e-19,1.144036e-10
10254,10254.000000,3,6.849632e-12,9.382917e-11,3.537632e-16,1.405347e-19,-3.695755e-10
10255,10255.000000,3,8.405721e-12,9.257195e-11,3.537887e-16,2.844310e-19,6.634159e-10
10256,10256.000000,3,1.022471e-11,9.131851e-11,3.538141e-16,-2.098259e-19,4.030730e-10
10257,10257.000000,3,2.577139e-11,9.008350e-11,3.538396e-16,1.587128e-19,1.353778e-10
10258,10258.000000,3,9.791279e-12,8.886225e-11,3.538649e-16,-2.265317e-19,5.277705e-10
10259,10259.000000,3,1.336531e-11,8.766965e-11,4.423629e-16,-1.252616e-19,-2.454928e-10
10260,10260.000000,3,5.471179e-12,8.649503e-11,3.539156e-16,-9.771981e-20,5.033314e-11
10261,10261.000000,3,1.250555e-11,9.638712e-11,3.539409e-16,1.482010e-19,-5.245897e-10
10262,10262.000000,4,8.270717e-12,5.662137e-14,3.539661e-16,-1.123344e-19,-9.163133e-10
10263,10263.000000,4,6.437517e-12,6.106227e-14,3.539913e-16,2.783430e-19,-3.472000e-10
10264,10264.000000,4,1.336531e-11,8.393286e-14,3.540164e-16,5.023534e-19,9.040131e-10
10265,10265.000000,4,7.148060e-12,6.505907e-14,3.540415e-16,-3.072579e-19,-3.472723e-10
10266,10266.000000,4,6.878054e-12,8.171241e-14,3.540666e-16,-8.048798e-20,6.230382e-11
10267,10267.000000,4,1.016787e-11,9.880985e-14,3.540917e-16,-1.661508e-19,-2.557335e-10
10268,10268.000000,4,6.330936e-12,9.592327e-14,3.541167e-16,-3.385716e-19,-7.234233e-11
10269,10269.000000,4,5.599077e-12,9.015011e-14,3.541417e-16,-4.150792e-20,3.588727e-10
10270,10270.000000,4,7.425172e-12,6.505907e-14,3.541667e-16,7.273895e-20,-3.930291e-10
10271,10271.000000,4,9.116263e-12,8.015810e-14,3.541917e-16,3.996970e-19,3.042333e-10
10272,10272.000000,4,1.288214e-11,1.034728e-13,3.542167e-16,1.008068e-19,4.524883e-10
10273,10273.000000,4,7.879919e-12,8.704149e-14,3.542416e-16,2.315113e-19,-1.651578e-10
10274,10274.000000,4,7.553069e-12,7.949197e-14,4.428298e-16,-3.706034e-19,-1.560186e-10
10275,10275.000000,4,8.810730e-12,8.282264e-14,3.542916e-16,-7.383414e-20,2.162483e-10
10276,10276.000000,4,9.215739e-12,1.023626e-13,3.543166e-16,-9.541363e-20,-3.497547e-10
10277,10277.000000,4,8.327561e-12,9.525714e-14,3.543416e-16,-2.588612e-19,2.367587e-10
10278,10278.000000,4,6.714629e-12,5.928591e-14,3.543666e-16,2.354454e-19,-6.028945e-10
10279,10279.000000,4,7.482015e-12,1.081357e-13,3.543916e-16,-3.647867e-20,3.973254e-10
10280,10280.000000,4,5.904610e-12,1.070255e-13,3.544167e-16,1.897354e-19,-2.415244e-10
10281,10281.000000,4,7.517542e-12,1.070255e-13,3.544418e-16,7.986594e-20,-7.965824e-11
10282,10282.000000,4,8.903100e-12,1.012523e-13,3.544669e-16,-1.545273e-19,-2.355187e-11
10283,10283.000000,4,9.009682e-12,9.814372e-14,3.544920e-16,-3.750338e-19,-2.229784e-11
10284,10284.000000,4,6.245671e-12,9.814372e-14,3.545171e-16,-1.480058e-19,5.271411e-10
10285,10285.000000,4,7.915446e-12,9.436896e-14,3.545423e-16,-3.346442e-19,4.232628e-12
10286,10286.000000,4,5.002221e-12,9.681145e-14,3.545675e-16,-1.096676e-19,1.025296e-10
10287,10287.000000,4,9.322321e-12,8.992806e-14,3.545928e-16,1.621572e-19,-2.101012e-11
10288,10288.000000,4,7.865708e-12,7.616130e-14,3.546181e-16,-2.120891e-19,-2.356371e-10
10289,10289.000000,4,8.149925e-12,1.239009e-13,3.546434e-16,2.963226e-19,7.376960e-11
10290,10290.000000,4,9.350742e-12,9.747758e-14,3.546687e-16,-2.803348e-19,4.861145e-10
10291,10291.000000,4,1.024603e-11,7.682743e-14,3.546941e-16,1.943874e-19,6.334707e-11
10292,10292.000000,4,4.710898e-12,1.161293e-13,3.547195e-16,5.185430e-19,-1.883857e-10
10293,10293.000000,4,8.071765e-12,1.072475e-13,3.547450e-16,-1.595036e-19,9.820599e-11
10294,10294.000000,4,1.185185e-11,1.258993e-13,3.547704e-16,5.739641e-20,-2.519753e-10
10295,10295.000000,4,8.029133e-12,1.156852e-13,3.547960e-16,-4.982506e-19,8.415384e-11
10296,10296.000000,4,1.186606e-11,1.163514e-13,3.548215e-16,-9.203211e-20,-6.451639e-11
10297,10297.000000,4,7.872814e-12,9.592327e-14,3.548471e-16,2.184948e-19,4.987475e-11
10298,10298.000000,4,9.308110e-12,1.059153e-13,3.548727e-16,-1.743631e-19,-6.161120e-12
10299,10299.000000,4,7.311485e-12,9.148238e-14,4.436191e-16,5.193470e-19,2.293978e-10
10300,10300.000000,4,8.320455e-12,9.503509e-14,3.549241e-16,-1.191603e-19,-1.005629e-10
10301,10301.000000,4,8.490986e-12,1.021405e-13,3.549499e-16,2.734494e-19,-1.972900e-10
10302,10302.000000,4,7.595702e-12,1.203482e-13,3.549756e-16,-1.483267e-19,5.330432e-10
10303,10303.000000,4,7.702283e-12,1.108003e-13,3.550015e-16,1.201463e-19,3.659027e-10
10304,10304.000000,4,7.645440e-12,1.050271e-13,3.550273e-16,6.427855e-20,-5.808717e-10
10305,10305.000000,4,6.863843e-12,1.114664e-13,3.550532e-16,6.619430e-20,9.948575e-11
10306,10306.000000,4,8.597567e-12,1.099121e-13,3.550791e-16,1.460338e-19,-2.382155e-10
10307,10307.000000,4,8.171241e-12,1.110223e-13,3.551051e-16,7.355290e-21,3.385078e-10
10308,10308.000000,4,7.268852e-12,1.216804e-13,3.551311e-16,2.824656e-20,-9.030209e-11
10309,10309.000000,4,9.990231e-12,1.052491e-13,3.551572e-16,-3.304256e-19,-1.310036e-10
10310,10310.000000,4,6.586731e-12,1.070255e-13,3.551833e-16,-2.489880e-19,-6.710807e-11
10311,10311.000000,4,9.677592e-12,1.159073e-13,3.552094e-16,-1.493855e-19,6.402024e-10
10312,10312.000000,4,5.798029e-12,1.192380e-13,3.552355e-16,-5.885886e-20,-6.835488e-11
10313,10313.000000,4,8.327561e-12,1.316725e-13,3.552617e-16,-1.382153e-19,-3.865389e-10
10314,10314.000000,4,5.428547e-12,1.165734e-13,3.552880e-16,-2.436312e-19,-6.164617e-12
10315,10315.000000,4,7.219114e-12,1.190159e-13,3.553142e-16,3.757650e-19,7.052235e-11
10316,10316.000000,4,7.204903e-12,1.076916e-13,3.553405e-16,1.112194e-19,1.972327e-10
10317,10317.000000,4,1.158185e-11,1.449951e-13,3.553669e-16,-5.601667e-21,7.026685e-10
10318,10318.000000,4,7.993606e-12,1.114664e-13,3.553933e-16,1.103260e-19,-1.519884e-10
10319,10319.000000,4,9.492851e-12,1.421085e-13,3.554197e-16,4.133918e-20,2.338344e-10
10320,10320.000000,4,8.554935e-12,1.123546e-13,3.554462e-16,-6.940045e-20,-4.626855e-10
10321,10321.000000,4,1.117684e-11,1.323386e-13,3.554727e-16,-1.616377e-19,6.473833e-10
10322,10322.000000,4,9.379164e-12,9.481305e-14,3.554992e-16,2.830910e-19,-5.741993e-10
10323,10323.000000,4,9.194423e-12,1.074696e-13,3.555258e-16,2.687047e-19,8.495602e-10
10324,10324.000000,4,8.789414e-12,7.571721e-14,3.555524e-16,-1.303769e-19,-2.160208e-11
10325,10325.000000,4,9.258372e-12,7.194245e-14,4.444693e-16,4.747024e-20,-6.076631e-10
10326,10326.000000,4,1.578115e-11,5.817569e-14,4.445027e-16,6.677995e-20,3.018452e-10
10327,10327.000000,4,1.026024e-11,7.127632e-14,3.556324e-16,-1.335169e-19,3.159577e-10
10328,10328.000000,4,6.437517e-12,6.150636e-14,3.556591e-16,-2.372983e-19,-3.976152e-10
10329,10329.000000,3,8.235190e-12,9.676748e-11,3.556859e-16,-1.038773e-19,-1.660723e-10
10330,10330.000000,3,8.391510e-12,8.933099e-11,3.557126e-16,1.562412e-19,-3.298925e-10
10331,10331.000000,3,1.137579e-11,8.233147e-11,3.557393e-16,2.039596e-19,1.907840e-10
10332,10332.000000,3,1.023182e-11,7.564549e-11,3.557660e-16,3.170782e-19,-7.757931e-10
10333,10333.000000,3,9.535484e-12,6.938938e-11,3.557927e-16,-9.180712e-20,-9.921539e-11
10334,10334.000000,3,8.846257e-12,6.336021e-11,3.558193e-16,1.587724e-19,-2.130791e-10
10335,10335.000000,3,8.533618e-12,5.758749e-11,3.558459e-16,-2.017030e-19,3.619165e-10
10336,10336.000000,3,1.511324e-11,5.203815e-11,3.558724e-16,-7.456868e-20,-1.842703e-10
10337,10337.000000,3,1.022471e-11,4.671574e-11,3.558989e-16,-1.953503e-19,3.174319e-10
10338,10338.000000,3,8.000711e-12,4.155498e-11,3.559253e-16,9.571803e-20,-1.218775e-10
10339,10339.000000,3,7.894130e-12,3.657674e-11,3.559516e-16,-9.729629e-20,-4.132720e-10
10340,10340.000000,3,7.780443e-12,3.177236e-11,3.559779e-16,2.241296e-19,-9.198815e-11
10341,10341.000000,3,7.737810e-12,2.708633e-11,3.560041e-16,-2.041184e-19,4.726355e-10
10342,10342.000000,3,7.808865e-12,2.254663e-11,3.560302e-16,-2.188852e-19,-1.286248e-10
10343,10343.000000,3,9.912071e-12,1.812550e-11,3.560563e-16,-7.151142e-20,-3.375333e-11
10344,10344.000000,3,8.427037e-12,1.384959e-11,3.560822e-16,-3.277422e-19,3.285175e-10
10345,10345.000000,3,5.350387e-12,9.640289e-12,3.561081e-16,1.532865e-19,2.824695e-10
10346,10346.000000,3,6.401990e-12,5.577538e-12,4.451673e-16,7.379444e-20,-1.717867e-10
10347,10347.000000,3,1.067235e-11,1.561640e-12,3.561596e-16,4.144936e-19,8.206415e-10
10348,10348.000000,3,7.716494e-12,2.344791e-12,3.561852e-16,1.597914e-19,-2.147237e-10
10349,10349.000000,3,9.194423e-12,6.155076e-12,3.562107e-16,-8.962006e-20,2.363371e-10
10350,10350.000000,3,8.320455e-12,9.907852e-12,3.562361e-16,-4.227919e-19,-8.545423e-11
10351,10351.000000,3,1.232792e-11,1.356759e-11,3.562614e-16,-1.142866e-19,1.327377e-11
10352,10352.000000,3,8.242296e-12,1.715716e-11,3.562866e-16,2.870581e-19,-9.328546e-11
10353,10353.000000,3,7.936762e-12,2.067169e-11,3.563117e-16,1.089827e-19,9.453077e-11
10354,10354.000000,3,8.924417e-12,2.412426e-11,3.563368e-16,1.327790e-19,-4.007112e-10
10355,10355.000000,3,6.892265e-12,2.754219e-11,3.563617e-16,7.345364e-22,4.786926e-11
10356,10356.000000,3,9.563905e-12,3.090017e-11,3.563865e-16,-2.554466e-19,-2.645213e-10
10357,10357.000000,3,1.079314e-11,3.415712e-11,3.564112e-16,1.820459e-20,-4.170213e-11
10358,10358.000000,3,9.379164e-12,3.739675e-11,3.564359e-16,1.423776e-19,-2.353595e-10
10359,10359.000000,3,7.517542e-12,4.056688e-11,4.455755e-16,-5.295279e-20,2.027239e-10
10360,10360.000000,3,5.570655e-12,4.368106e-11,3.564848e-16,4.595418e-19,-1.649377e-10
10361,10361.000000,3,7.183587e-12,4.677281e-11,3.565091e-16,-3.283245e-20,-2.017989e-10
10362,10362.000000,3,6.849632e-12,4.978107e-11,3.565334e-16,-6.418260e-20,3.008323e-10
10363,10363.000000,3,9.947598e-12,5.279421e-11,3.565575e-16,3.446630e-19,-4.154751e-10
10364,10364.000000,3,7.069900e-12,5.571965e-11,3.565815e-16,-7.528005e-19,-4.199617e-10
10365,10365.000000,3,6.664891e-12,5.861600e-11,3.566054e-16,-1.193357e-19,7.908116e-11
10366,10366.000000,3,1.137579e-11,6.148637e-11,3.566293e-16,2.018982e-20,-8.052622e-11
10367,10367.000000,3,1.499245e-11,6.430523e-11,3.566530e-16,-4.878347e-19,1.080142e-10
10368,10368.000000,3,8.796519e-12,6.709278e-11,3.566766e-16,9.773966e-21,-2.431142e-10
10369,10369.000000,3,1.171685e-11,6.987033e-11,3.567001e-16,-2.384894e-19,-2.527555e-10
10370,10370.000000,3,1.044498e-11,7.254486e-11,3.567236e-16,-2.392934e-19,-2.150183e-11
10371,10371.000000,3,9.002576e-12,7.522782e-11,3.567469e-16,-2.405210e-19,7.113560e-12
10372,10372.000000,3,8.292034e-12,7.788858e-11,3.567701e-16,3.725423e-19,9.609485e-11
10373,10373.000000,3,1.879386e-11,8.048784e-11,3.567932e-16,-2.306775e-19,2.329852e-10
10374,10374.000000,3,1.079314e-11,8.308687e-11,3.568163e-16,2.618258e-19,1.854385e-10
10375,10375.000000,3,1.341505e-11,8.565171e-11,3.568392e-16,-8.746277e-20,-3.562033e-10
10376,10376.000000,3,2.208367e-11,8.817924e-11,3.568620e-16,2.695682e-19,-7.744075e-11
10377,10377.000000,3,2.137313e-11,9.068568e-11,3.568847e-16,2.438562e-19,-4.717787e-11
10378,10378.000000,3,1.933387e-11,9.315548e-11,3.569074e-16,-6.009897e-19,1.122294e-10
10379,10379.000000,3,1.904965e-11,9.562728e-11,3.569299e-16,1.045854e-19,-5.410239e-11
10380,10380.000000,3,2.111733e-11,9.801604e-11,3.569524e-16,-1.263105e-19,2.952180e-10
10381,10381.000000,3,1.777067e-11,6.724954e-11,3.569747e-16,-1.908537e-19,-1.870897e-10
10382,10382.000000,3,9.755752e-12,2.399592e-11,3.569970e-16,-1.211323e-20,-1.805306e-10
10383,10383.000000,3,8.405721e-12,7.339018e-12,3.570191e-16,1.870553e-19,2.006682e-10
10384,10384.000000,3,6.728840e-12,2.080847e-11,3.570412e-16,-4.224577e-20,2.042236e-10
10385,10385.000000,3,1.022471e-11,3.762035e-11,3.570631e-16,-2.145673e-19,-6.625700e-11
10386,10386.000000,3,9.336532e-12,5.297185e-11,3.570850e-16,2.048695e-19,2.808514e-10
10387,10387.000000,3,1.643485e-11,6.642642e-11,3.571068e-16,1.096147e-19,2.369803e-10
10388,10388.000000,3,1.839595e-11,7.887069e-11,3.571286e-16,2.607604e-20,-1.447730e-10
10389,10389.000000,3,1.661959e-11,9.024714e-11,3.571502e-16,8.679110e-20,2.813527e-10
10390,10390.000000,4,8.178347e-12,4.418688e-14,3.571719e-16,1.854572e-19,3.085274e-10
10391,10391.000000,4,7.680967e-12,5.107026e-14,3.571935e-16,-3.715298e-19,2.044302e-11
10392,10392.000000,4,8.796519e-12,7.038814e-14,3.572152e-16,-1.103790e-19,3.119528e-11
10393,10393.000000,4,1.210054e-11,6.505907e-14,3.572368e-16,2.927458e-19,7.520972e-10
10394,10394.000000,4,1.004707e-11,6.350476e-14,3.572585e-16,-2.799642e-19,5.962074e-11
10395,10395.000000,4,7.410961e-12,9.703349e-14,3.572802e-16,3.675362e-19,-1.117384e-12
10396,10396.000000,4,8.832046e-12,8.038015e-14,3.573019e-16,4.946209e-20,1.890980e-11
10397,10397.000000,4,7.311485e-12,8.104628e-14,3.573238e-16,1.570584e-19,-3.594798e-10
10398,10398.000000,4,9.144685e-12,7.926992e-14,3.573456e-16,-8.822047e-20,-1.324176e-10
10399,10399.000000,4,8.967049e-12,7.127632e-14,3.573676e-16,1.612076e-19,-2.000713e-10
10400,10400.000000,4,6.977530e-12,1.005862e-13,3.573896e-16,-2.241494e-19,-1.157842e-10
10401,10401.000000,4,1.121947e-11,7.793766e-14,3.574117e-16,-1.869428e-21,6.261380e-13
10402,10402.000000,4,1.074341e-11,1.143530e-13,3.574339e-16,-1.228198e-19,3.290011e-10
10403,10403.000000,4,1.135447e-11,9.703349e-14,3.574561e-16,-3.505327e-19,5.728804e-11
10404,10404.000000,4,6.430412e-12,1.096900e-13,3.574785e-16,-1.378976e-19,3.005728e-11
10405,10405.000000,4,8.540724e-12,1.199041e-13,3.575010e-16,-2.513272e-19,-5.091778e-10
10406,10406.000000,4,8.363088e-12,1.185718e-13,3.575236e-16,1.638314e-19,-1.781255e-10
10407,10407.000000,4,7.894130e-12,1.161293e-13,3.575463e-16,-9.853706e-20,9.375156e-11
10408,10408.000000,4,7.588596e-12,8.970602e-14,3.575691e-16,-1.068056e-20,-2.311289e-10
10409,10409.000000,4,9.471535e-12,1.159073e-13,3.575920e-16,-2.143920e-19,5.439790e-10
10410,10410.000000,4,6.792789e-12,1.147971e-13,3.576150e-16,-2.107160e-19,4.217139e-10
10411,10411.000000,4,7.503331e-12,1.145750e-13,3.576382e-16,1.389630e-19,2.255211e-11
10412,10412.000000,4,6.359357e-12,1.278977e-13,3.576615e-16,-1.410012e-19,1.818457e-10
10413,10413.000000,4,7.453593e-12,1.290079e-13,3.576848e-16,-2.227796e-19,1.956229e-10
10414,10414.000000,4,5.663026e-12,1.216804e-13,3.577084e-16,-2.922264e-20,1.267897e-10
10415,10415.000000,4,1.226397e-11,1.407763e-13,3.577320e-16,1.601620e-19,1.851748e-10
10416,10416.000000,4,1.029576e-11,1.341149e-13,3.577557e-16,-6.203855e-21,1.347413e-10
10417,10417.000000,4,6.998846e-12,1.516565e-13,3.577796e-16,-4.933305e-21,-5.557663e-10
10418,10418.000000,4,8.036238e-12,1.705303e-13,3.578036e-16,-3.437101e-20,-3.109898e-10
10419,10419.000000,4,8.540724e-12,1.629807e-13,3.578277e-16,-3.910116e-19,-1.680066e-10
10420,10420.000000,4,8.967049e-12,1.494360e-13,4.473150e-16,3.158176e-20,-2.769672e-10
10421,10421.000000,4,8.306245e-12,1.632028e-13,3.578763e-16,3.212538e-19,-2.678026e-10
10422,10422.000000,4,8.981260e-12,1.627587e-13,3.579008e-16,4.735311e-19,1.650553e-10
10423,10423.000000,4,9.428902e-12,1.503242e-13,4.474068e-16,1.238786e-20,5.476833e-10
10424,10424.000000,4,8.142820e-12,1.716405e-13,3.579502e-16,-1.098794e-19,-1.857834e-10
10425,10425.000000,4,1.033840e-11,1.496581e-13,3.579751e-16,-1.637156e-20,-5.466951e-10
10426,10426.000000,4,6.842527e-12,1.354472e-13,3.580001e-16,4.715591e-20,-7.696403e-12
10427,10427.000000,4,1.030287e-11,1.769696e-13,3.580252e-16,-9.714078e-20,3.399827e-10
10428,10428.000000,4,8.817835e-12,1.463274e-13,3.580505e-16,9.430190e-20,-7.519226e-11
10429,10429.000000,4,7.183587e-12,1.603162e-13,4.475913e-16,7.350989e-20,3.396061e-10
10430,10430.000000,4,8.746781e-12,1.867395e-13,3.581014e-16,-1.846896e-19,-1.613604e-10
10431,10431.000000,4,7.823076e-12,1.814104e-13,3.581270e-16,1.970609e-19,-3.405243e-10
10432,10432.000000,4,1.083578e-11,1.827427e-13,3.581528e-16,1.937588e-20,5.075575e-11
10433,10433.000000,4,7.744916e-12,1.656453e-13,3.581786e-16,-2.960645e-20,5.741690e-11
10434,10434.000000,4,7.595702e-12,1.734168e-13,3.582046e-16,-2.654753e-19,-1.711877e-11
10435,10435.000000,4,7.453593e-12,1.754152e-13,3.582308e-16,1.572206e-19,-5.284362e-10
10436,10436.000000,4,4.220624e-12,1.911804e-13,3.582570e-16,7.861525e-21,2.343140e-10
10437,10437.000000,4,7.794654e-12,1.785239e-13,3.582834e-16,1.615583e-19,-3.911571e-10
10438,10438.000000,4,9.499956e-12,1.996181e-13,3.583099e-16,1.040825e-19,-3.910021e-10
10439,10439.000000,4,1.082867e-11,2.122746e-13,3.583365e-16,2.278519e-19,5.523126e-10
10440,10440.000000,4,8.107293e-12,1.694200e-13,3.583633e-16,1.581834e-19,4.259596e-10
10441,10441.000000,4,5.755396e-12,1.891820e-13,3.583901e-16,-1.671864e-19,4.070148e-10
10442,10442.000000,4,8.320455e-12,1.947331e-13,3.584171e-16,1.108521e-19,-1.518454e-10
10443,10443.000000,4,7.084111e-12,1.871836e-13,3.584442e-16,2.461359e-20,2.417142e-10
10444,10444.000000,4,7.318590e-12,1.689759e-13,3.584714e-16,7.585577e-20,-2.957141e-10
10445,10445.000000,4,8.839152e-12,1.796341e-13,3.584988e-16,-1.220687e-19,2.512390e-10
10446,10446.000000,4,7.332801e-12,1.700862e-13,3.585263e-16,-4.250385e-20,-9.465410e-11
10447,10447.000000,4,7.879919e-12,1.598721e-13,3.585538e-16,7.524035e-21,8.764571e-11
10448,10448.000000,4,8.036238e-12,1.729727e-13,3.585815e-16,-1.120929e-19,-9.233350e-12
10449,10449.000000,4,9.080736e-12,1.512124e-13,3.586093e-16,-2.207348e-19,-1.125573e-10
10450,10450.000000,4,8.924417e-12,1.560974e-13,3.586371e-16,-1.619156e-19,4.835797e-10
10451,10451.000000,4,7.410961e-12,1.620926e-13,3.586651e-16,1.595135e-20,-3.327678e-10
10452,10452.000000,4,1.006129e-11,1.740830e-13,3.586931e-16,-2.228623e-19,-2.895784e-10
10453,10453.000000,4,7.730705e-12,1.414424e-13,3.587212e-16,-2.191565e-19,7.483489e-11
10454,10454.000000,4,6.842527e-12,1.558753e-13,3.587493e-16,-1.278193e-19,-2.585449e-10
10455,10455.000000,4,8.462564e-12,1.414424e-13,3.587776e-16,9.153250e-20,-2.910418e-10
10456,10456.000000,4,9.904966e-12,1.567635e-13,3.588058e-16,-2.693135e-19,-5.328282e-11
10457,10457.000000,4,9.706014e-12,1.587619e-13,3.588342e-16,1.140616e-19,-1.043487e-10
10458,10458.000000,4,7.865708e-12,1.454392e-13,3.588625e-16,-7.884686e-20,-4.912944e-11
10459,10459.000000,4,9.094947e-12,1.507683e-13,3.588909e-16,-3.114070e-19,6.807767e-10
10460,10460.000000,4,7.588596e-12,1.687539e-13,3.589194e-16,1.423677e-19,1.201539e-10
10461,10461.000000,4,1.001155e-11,1.703082e-13,3.589479e-16,-4.485867e-19,3.807478e-11
10462,10462.000000,4,9.080736e-12,1.489919e-13,3.589764e-16,-5.147975e-19,4.848257e-10
10463,10463.000000,4,6.771472e-12,1.454392e-13,3.590049e-16,-2.279048e-20,9.115563e-11
10464,10464.000000,4,1.084999e-11,1.108003e-13,3.590335e-16,4.529211e-19,1.084064e-10
10465,10465.000000,4,1.320899e-11,1.396661e-13,3.590621e-16,-6.943023e-20,3.281938e-10
10466,10466.000000,4,8.661516e-12,1.740830e-13,3.590907e-16,-2.400147e-19,1.514667e-10
10467,10467.000000,4,5.762502e-12,1.296740e-13,3.591194e-16,8.549739e-20,1.146449e-10
10468,10468.000000,4,6.238565e-12,1.298961e-13,3.591480e-16,-2.213701e-19,6.702194e-12
10469,10469.000000,4,8.654411e-12,1.636469e-13,3.591767e-16,-9.295194e-20,-2.997674e-10
10470,10470.000000,4,7.645440e-12,1.421085e-13,3.592054e-16,-1.150344e-19,3.497715e-10
10471,10471.000000,4,7.872814e-12,1.458833e-13,3.592342e-16,2.417022e-20,-6.230624e-11
10472,10472.000000,4,7.730705e-12,1.285638e-13,3.592629e-16,3.642242e-20,9.348458e-11
10473,10473.000000,4,9.102052e-12,1.423306e-13,3.592917e-16,-1.581867e-19,-6.173663e-10
10474,10474.000000,4,6.991741e-12,1.121325e-13,3.593205e-16,1.592786e-19,-1.173778e-10
10475,10475.000000,4,6.316725e-12,1.387779e-13,3.593492e-16,-1.327228e-19,-7.810250e-11
10476,10476.000000,4,1.038813e-11,1.454392e-13,3.593780e-16,3.031121e-20,1.077359e-10
10477,10477.000000,4,7.446488e-12,1.489919e-13,3.594068e-16,-4.037005e-19,-2.469054e-10
10478,10478.000000,4,8.888890e-12,1.598721e-13,3.594357e-16,-2.612435e-19,5.851887e-11
10479,10479.000000,4,6.643575e-12,1.345590e-13,4.493306e-16,-3.497651e-20,-2.924474e-10
10480,10480.000000,4,6.714629e-12,1.356693e-13,3.594934e-16,4.962753e-20,2.355950e-11
10481,10481.000000,4,5.670131e-12,1.452172e-13,3.595222e-16,-3.353589e-19,4.433921e-10
10482,10482.000000,4,8.611778e-12,1.201261e-13,3.595511e-16,8.370406e-20,-4.803816e-10
10483,10483.000000,4,6.934897e-12,1.274536e-13,3.595800e-16,-1.436713e-19,-6.030718e-11
10484,10484.000000,4,6.437517e-12,1.416645e-13,3.596088e-16,-8.507718e-20,5.923492e-10
10485,10485.000000,4,7.410961e-12,1.347811e-13,3.596377e-16,1.001881e-20,5.229186e-10
10486,10486.000000,4,8.583356e-12,1.310063e-13,3.596667e-16,1.213838e-19,-3.737650e-10
10487,10487.000000,4,7.865708e-12,1.332268e-13,4.496137e-16,5.098311e-19,1.352211e-10
10488,10488.000000,4,8.192558e-12,1.498801e-13,3.597245e-16,-1.349661e-19,1.417376e-10
10489,10489.000000,4,8.178347e-12,1.256772e-13,3.597534e-16,-2.088796e-20,6.398834e-10
10490,10490.000000,4,7.744916e-12,1.239009e-13,3.597824e-16,1.891133e-19,-3.280779e-10
10491,10491.000000,4,8.029133e-12,1.316725e-13,3.598113e-16,-9.514562e-20,1.748129e-10
10492,10492.000000,4,1.003997e-11,1.203482e-13,3.598403e-16,-1.767685e-19,-3.664576e-10
10493,10493.000000,4,7.574386e-12,1.216804e-13,3.598693e-16,-7.073056e-20,-4.772902e-11
10494,10494.000000,4,6.970424e-12,1.336709e-13,3.598982e-16,2.297610e-19,-4.348812e-10
10495,10495.000000,4,9.229950e-12,1.303402e-13,3.599272e-16,3.436671e-19,8.065781e-10
10496,10496.000000,4,8.554935e-12,1.338929e-13,3.599562e-16,1.323290e-19,-1.669111e-10
10497,10497.000000,4,6.856737e-12,1.465494e-13,3.599852e-16,1.706077e-19,4.158728e-10
10498,10498.000000,4,8.043344e-12,1.481038e-13,3.600142e-16,2.475718e-19,-3.783460e-11
10499,10499.000000,4,8.114398e-12,1.352252e-13,3.600432e-16,2.227101e-20,5.983134e-10
10500,10500.000000,4,6.636469e-12,1.358913e-13,3.600722e-16,-2.730920e-19,-2.591958e-10
10501,10501.000000,4,1.114842e-11,1.527667e-13,3.601012e-16,-3.430550e-19,-1.155056e-10
10502,10502.000000,4,6.380674e-12,1.181277e-13,3.601303e-16,8.175191e-20,-4.413847e-10
10503,10503.000000,4,1.110578e-11,1.454392e-13,3.601593e-16,-2.086547e-19,-3.402974e-10
10504,10504.000000,4,7.723600e-12,1.050271e-13,3.601883e-16,-2.064643e-20,-1.741307e-10
10505,10505.000000,4,6.920686e-12,9.547918e-14,3.602174e-16,-7.544549e-20,-8.138056e-10
10506,10506.000000,4,7.595702e-12,1.112443e-13,4.503023e-16,-2.612799e-19,-4.331088e-10
10507,10507.000000,4,7.737810e-12,1.167955e-13,3.602755e-16,2.973913e-19,-4.617925e-10
10508,10508.000000,4,1.033840e-11,7.993606e-14,3.603046e-16,4.595352e-19,1.905067e-10
10509,10509.000000,4,9.180212e-12,9.903189e-14,4.504170e-16,9.980430e-20,-2.699892e-10
10510,10510.000000,4,7.752021e-12,1.263434e-13,3.603626e-16,9.691248e-20,1.414703e-10
10511,10511.000000,4,7.830181e-12,9.148238e-14,3.603916e-16,4.861208e-19,-1.098732e-11
10512,10512.000000,4,9.841017e-12,1.050271e-13,3.604206e-16,-3.552509e-19,-3.372124e-11
10513,10513.000000,4,1.146816e-11,7.771561e-14,3.604496e-16,8.713851e-20,-2.764753e-10
10514,10514.000000,4,9.670487e-12,9.747758e-14,4.505981e-16,-1.698963e-19,-3.125737e-11
10515,10515.000000,4,7.403855e-12,8.237855e-14,3.605074e-16,-3.596647e-19,-6.330080e-11
10516,10516.000000,4,7.624124e-12,9.547918e-14,3.605363e-16,-6.995963e-20,-2.966773e-10
10517,10517.000000,4,8.945733e-12,1.030287e-13,3.605651e-16,-8.681426e-20,2.269562e-10
10518,10518.000000,4,8.277823e-12,1.052491e-13,3.605938e-16,-2.617464e-19,-3.195614e-10
10519,10519.000000,4,7.688072e-12,6.949996e-14,3.606225e-16,-3.034694e-19,-3.427841e-10
10520,10520.000000,4,6.593837e-12,6.172840e-14,3.606512e-16,2.423044e-19,1.461665e-10
10521,10521.000000,4,7.226220e-12,8.570922e-14,3.606798e-16,-4.722804e-19,-2.268370e-10
10522,10522.000000,4,6.707523e-12,7.793766e-14,3.607083e-16,9.096671e-20,-4.857603e-11
10523,10523.000000,4,9.379164e-12,6.439294e-14,3.607368e-16,-2.130222e-19,-2.542682e-10
10524,10524.000000,4,1.039524e-11,9.658940e-14,3.607653e-16,-4.597602e-19,6.706864e-10
10525,10525.000000,4,8.533618e-12,6.972201e-14,3.607936e-16,-4.503171e-20,-4.162817e-10
10526,10526.000000,4,6.657785e-12,4.818368e-14,3.608220e-16,1.963859e-19,-3.913329e-11
10527,10527.000000,4,7.396750e-12,5.906386e-14,3.608502e-16,3.493680e-20,-8.374303e-11
10528,10528.000000,4,7.432277e-12,7.127632e-14,3.608784e-16,3.323082e-19,1.358029e-11
10529,10529.000000,4,1.123368e-11,7.083223e-14,3.609065e-16,5.273773e-20,-7.139792e-11
10530,10530.000000,4,8.654411e-12,6.816769e-14,3.609346e-16,-2.116457e-19,7.823136e-11
10531,10531.000000,3,9.073631e-12,9.777446e-11,3.609626e-16,-1.210628e-19,5.361338e-10
10532,10532.000000,3,9.556800e-12,9.541701e-11,3.609905e-16,1.882034e-19,-1.710519e-10
10533,10533.000000,3,1.021050e-11,9.310286e-11,3.610184e-16,-3.574413e-20,1.691601e-10
10534,10534.000000,3,9.663381e-12,9.076895e-11,3.610462e-16,2.808278e-19,1.945412e-10
10535,10535.000000,3,1.063682e-11,8.857004e-11,3.610740e-16,-6.046690e-20,-2.111971e-10
10536,10536.000000,3,1.056577e-11,8.638867e-11,3.611017e-16,-3.480908e-19,-2.195853e-10
10537,10537.000000,3,7.887024e-12,8.421641e-11,3.611293e-16,-4.192151e-21,-2.871435e-10
10538,10538.000000,3,9.038104e-12,8.210166e-11,3.611568e-16,-2.354421e-19,2.344905e-10
10539,10539.000000,3,7.510437e-12,7.995560e-11,3.611843e-16,-2.199738e-19,1.308320e-10
10540,10540.000000,3,1.090683e-11,7.791345e-11,3.612117e-16,1.807092e-19,-2.871142e-10
10541,10541.000000,3,7.993606e-12,7.590217e-11,3.612391e-16,-1.602315e-19,3.022939e-10
10542,10542.000000,3,9.194423e-12,7.389467e-11,3.612663e-16,-2.953697e-20,-1.077052e-10
10543,10543.000000,3,8.327561e-12,7.192291e-11,3.612936e-16,1.724076e-19,2.576853e-10
10544,10544.000000,3,6.934897e-12,6.997780e-11,3.613207e-16,8.127215e-20,2.837780e-10
10545,10545.000000,3,6.274092e-12,6.805512e-11,3.613478e-16,1.191272e-19,-2.502486e-10
10546,10546.000000,3,9.713119e-12,6.616263e-11,3.613748e-16,8.303570e-20,1.717335e-11
10547,10547.000000,3,8.114398e-12,6.430212e-11,3.614018e-16,2.359119e-20,-2.629466e-10
10548,10548.000000,3,7.446488e-12,6.244272e-11,3.614287e-16,-3.709177e-19,-2.850661e-10
10549,10549.000000,3,9.151790e-12,6.064105e-11,3.614555e-16,-3.328641e-19,-1.672504e-10
10550,10550.000000,3,1.220712e-11,5.887246e-11,3.614823e-16,-3.623051e-20,-8.741130e-11
10551,10551.000000,3,1.279687e-11,5.706746e-11,3.615090e-16,-1.398862e-19,-2.165525e-10
10552,10552.000000,3,1.259082e-11,5.531087e-11,3.615356e-16,-7.835717e-20,6.790810e-10
10553,10553.000000,3,8.554935e-12,5.358780e-11,3.615622e-16,-3.708747e-20,4.420480e-10
10554,10554.000000,3,8.299139e-12,5.189715e-11,3.615887e-16,-4.753377e-19,1.531906e-11
10555,10555.000000,3,7.496226e-12,5.018719e-11,3.616151e-16,8.933551e-20,2.316206e-11
10556,10556.000000,3,7.979395e-12,4.850675e-11,3.616415e-16,-1.691485e-19,-1.233545e-10
10557,10557.000000,3,8.434142e-12,4.685163e-11,3.616678e-16,-1.422221e-19,1.601782e-10
10558,10558.000000,3,1.205791e-11,4.522627e-11,3.616941e-16,-5.922613e-22,2.871751e-11
10559,10559.000000,3,1.049472e-11,4.362355e-11,3.617203e-16,1.205765e-19,1.908976e-10
10560,10560.000000,3,9.301004e-12,4.202416e-11,3.617464e-16,7.659692e-20,-1.717153e-10
10561,10561.000000,3,8.135714e-12,3.668399e-11,3.617725e-16,6.749562e-19,3.420135e-11
10562,10562.000000,3,9.016787e-12,2.999756e-11,3.617954e-16,1.524692e-19,-3.886714e-10
10563,10563.000000,3,8.114398e-12,2.551648e-11,3.618244e-16,-1.330967e-19,-3.923867e-10
10564,10564.000000,3,1.296030e-11,2.140332e-11,3.618503e-16,-7.981962e-20,-8.176527e-11
10565,10565.000000,3,1.134737e-11,1.773737e-11,3.618761e-16,-3.496195e-19,6.295107e-10
10566,10566.000000,3,1.026024e-11,1.426570e-11,3.619019e-16,7.161730e-20,3.288245e-12
10567,10567.000000,3,7.247536e-12,1.102762e-11,3.619276e-16,1.823238e-19,3.495092e-10
10568,10568.000000,3,8.128609e-12,7.916556e-12,3.619532e-16,7.323526e-20,7.503308e-11
10569,10569.000000,3,6.814105e-12,4.935385e-12,3.619788e-16,-5.264409e-19,3.072085e-10
10570,10570.000000,3,7.794654e-12,2.064349e-12,3.620042e-16,1.209073e-19,1.569020e-11
10571,10571.000000,3,7.531753e-12,7.274181e-13,3.620297e-16,1.024083e-19,1.644426e-10
10572,10572.000000,3,9.045209e-12,3.434364e-12,4.525688e-16,-3.047697e-19,-2.487010e-10
10573,10573.000000,3,8.256507e-12,6.077361e-12,3.620803e-16,-7.029050e-20,1.277896e-10
10574,10574.000000,3,7.254641e-12,8.651524e-12,3.621055e-16,6.859313e-20,2.826575e-10
10575,10575.000000,3,7.027268e-12,1.115907e-11,3.621307e-16,1.901192e-20,-1.725703e-12
10576,10576.000000,3,9.372059e-12,1.362599e-11,3.621558e-16,-9.639301e-20,-6.563695e-11
10577,10577.000000,3,6.394885e-12,1.604117e-11,3.621808e-16,-1.816753e-19,1.791206e-11
10578,10578.000000,3,8.796519e-12,1.841505e-11,3.622057e-16,1.028980e-19,1.406803e-10
10579,10579.000000,3,9.151790e-12,2.073386e-11,3.622305e-16,-9.137699e-20,-4.909741e-10
10580,10580.000000,3,7.297274e-12,2.300982e-11,3.622553e-16,-2.343568e-20,-5.000080e-10
10581,10581.000000,3,9.535484e-12,2.528400e-11,3.622800e-16,3.692071e-19,2.350000e-10
10582,10582.000000,3,7.233325e-12,2.750000e-11,3.623046e-16,-5.249288e-20,-3.405435e-10
10583,10583.000000,3,1.178790e-11,2.968692e-11,3.623292e-16,2.107325e-19,-4.188970e-10
10584,10584.000000,3,7.545964e-12,3.181899e-11,3.623536e-16,1.325441e-19,-2.090733e-11
10585,10585.000000,3,8.284928e-12,3.395995e-11,3.623780e-16,-8.752894e-20,-6.992015e-11
10586,10586.000000,3,8.803624e-12,3.606138e-11,3.624023e-16,2.382280e-20,-1.391485e-10
10587,10587.000000,3,1.012523e-11,3.811529e-11,4.530332e-16,-1.662534e-19,4.389316e-10
10588,10588.000000,3,9.841017e-12,4.015255e-11,3.624507e-16,2.576535e-19,2.499085e-10
10589,10589.000000,3,7.482015e-12,4.216760e-11,3.624748e-16,-1.754616e-20,-7.106635e-12
10590,10590.000000,3,6.096457e-12,4.415646e-11,3.624988e-16,1.768711e-19,4.174525e-10
10591,10591.000000,3,6.934897e-12,4.614042e-11,3.625227e-16,-2.674109e-19,4.475468e-10
10592,10592.000000,3,7.794654e-12,4.810463e-11,3.625466e-16,2.047040e-19,1.957826e-10
10593,10593.000000,3,5.847767e-12,5.001266e-11,3.625684e-16,2.547749e-19,7.989499e-11
10594,10594.000000,3,1.598721e-11,5.190648e-11,3.625940e-16,1.054688e-19,3.113197e-10
10595,10595.000000,3,8.981260e-12,5.381806e-11,3.626177e-16,1.462124e-19,-5.034285e-11
10596,10596.000000,3,1.167422e-11,5.566325e-11,3.626412e-16,1.212978e-19,-2.645253e-10
10597,10597.000000,3,7.005951e-12,5.750933e-11,3.626647e-16,-2.051408e-19,5.549292e-11
10598,10598.000000,3,1.094946e-11,5.935807e-11,3.626881e-16,-1.775427e-19,2.056399e-10
10599,10599.000000,3,1.185896e-11,6.117196e-11,3.627114e-16,-2.189382e-19,5.891779e-10
10600,10600.000000,3,1.170974e-11,6.297474e-11,3.627346e-16,1.259498e-19,2.165926e-10
10601,10601.000000,3,8.753887e-12,6.475576e-11,3.627578e-16,5.125873e-20,5.702496e-10
10602,10602.000000,3,1.167422e-11,6.650414e-11,3.627809e-16,-4.017120e-20,-2.328656e-10
10603,10603.000000,3,8.782308e-12,6.824719e-11,3.628039e-16,-2.642015e-19,2.994388e-10
10604,10604.000000,3,1.893596e-11,6.998180e-11,3.628268e-16,-2.871872e-19,3.765221e-10
10605,10605.000000,3,1.162448e-11,7.168355e-11,3.628497e-16,-1.446209e-19,6.138978e-10
10606,10606.000000,3,9.045209e-12,7.344014e-11,3.628724e-16,1.579352e-19,3.855800e-10
10607,10607.000000,3,9.563905e-12,7.511480e-11,3.628952e-16,2.373280e-19,-8.376506e-10
10608,10608.000000,3,9.876544e-12,7.676659e-11,3.629178e-16,-1.704124e-19,-1.788975e-10
10609,10609.000000,3,1.301004e-11,7.842771e-11,3.629404e-16,3.523789e-21,4.071890e-11
10610,10610.000000,3,1.600853e-11,8.008527e-11,3.629628e-16,5.175835e-20,-1.231259e-10
10611,10611.000000,3,1.485745e-11,8.169354e-11,3.629853e-16,-3.204597e-19,-2.745525e-10
10612,10612.000000,3,1.628564e-11,8.333156e-11,3.630076e-16,2.791966e-19,2.811926e-11
10613,10613.000000,3,2.366107e-11,8.495515e-11,3.630299e-16,-1.368818e-20,-1.693648e-10
10614,10614.000000,3,2.341238e-11,8.653855e-11,3.630521e-16,7.459515e-20,-4.355565e-10
10615,10615.000000,3,1.416112e-11,8.811196e-11,3.630742e-16,2.338936e-20,-1.541075e-10
10616,10616.000000,3,1.686828e-11,8.970469e-11,3.630963e-16,-3.026290e-19,-6.585238e-11
10617,10617.000000,3,1.571010e-11,9.124879e-11,3.631183e-16,1.428375e-20,6.962150e-11
10618,10618.000000,3,1.912781e-11,9.280399e-11,3.631402e-16,-9.946020e-21,-9.716550e-11
10619,10619.000000,3,1.765699e-11,9.435341e-11,3.631620e-16,-3.094648e-20,1.716341e-10
10620,10620.000000,3,2.243183e-11,9.588885e-11,3.631838e-16,2.246953e-20,-4.306484e-10
10621,10621.000000,3,1.936229e-11,8.232215e-11,4.540069e-16,-8.204308e-20,4.909437e-10
10622,10622.000000,3,1.577405e-11,6.308221e-11,3.632271e-16,1.074044e-19,-2.607504e-10
10623,10623.000000,3,1.609379e-11,5.271716e-11,3.632487e-16,6.567814e-21,3.483330e-11
10624,10624.000000,3,9.741541e-12,4.360845e-11,3.632702e-16,-1.723348e-19,2.527122e-10
10625,10625.000000,3,1.261924e-11,3.642220e-11,4.541145e-16,-1.971271e-19,-1.456837e-10
10626,10626.000000,3,7.830181e-12,2.987388e-11,3.633130e-16,-9.220417e-20,1.308524e-10
10627,10627.000000,3,1.075762e-11,2.423040e-11,3.633343e-16,-3.804832e-19,-2.005361e-10
10628,10628.000000,3,9.187318e-12,1.900857e-11,3.633555e-16,-8.117289e-20,-3.459708e-11
10629,10629.000000,3,7.283063e-12,1.431055e-11,3.633767e-16,-3.485971e-19,4.583546e-10
10630,10630.000000,3,6.494361e-12,9.884982e-12,3.633979e-16,-2.736313e-21,-4.666252e-10
10631,10631.000000,3,7.624124e-12,6.049161e-12,3.634190e-16,-6.681303e-20,7.584899e-11
10632,10632.000000,3,8.022027e-12,4.821477e-12,3.634401e-16,-5.389578e-20,-7.748270e-10
10633,10633.000000,3,7.155165e-12,4.547696e-12,3.634612e-16,-2.474296e-19,-1.851480e-10
10634,10634.000000,3,7.844392e-12,4.979128e-12,3.634823e-16,2.221344e-19,1.652935e-10
10635,10635.000000,3,1.320899e-11,8.190115e-12,3.635033e-16,-1.257612e-19,-4.891744e-10
10636,10636.000000,3,1.173106e-11,1.125300e-11,3.635244e-16,1.594473e-20,1.986940e-10
10637,10637.000000,3,7.865708e-12,1.416511e-11,3.635454e-16,-1.728741e-19,-2.748708e-10
10638,10638.000000,3,6.323830e-12,1.698686e-11,3.635665e-16,7.471757e-20,-1.478937e-10
10639,10639.000000,3,7.247536e-12,1.960387e-11,3.635875e-16,1.777446e-20,5.568057e-11
10640,10640.000000,3,1.093525e-11,2.218248e-11,3.636086e-16,-2.281827e-19,1.050074e-10
10641,10641.000000,3,8.064660e-12,2.468381e-11,3.636297e-16,1.858906e-19,1.978714e-10
10642,10642.000000,3,7.503331e-12,2.700995e-11,3.636508e-16,-7.300365e-20,-9.914539e-11
10643,10643.000000,3,7.361223e-12,2.931411e-11,3.636719e-16,-1.646850e-19,-1.202871e-10
10644,10644.000000,3,6.316725e-12,3.153233e-11,3.636931e-16,5.017975e-19,2.678583e-10
10645,10645.000000,3,1.168843e-11,3.368505e-11,3.637142e-16,-2.898110e-20,-3.196314e-10
10646,10646.000000,3,9.229950e-12,3.573297e-11,3.637354e-16,-5.577183e-20,-8.503365e-12
10647,10647.000000,3,1.342215e-11,3.775424e-11,4.546958e-16,4.469125e-19,-6.169820e-11
10648,10648.000000,3,1.082157e-11,3.970024e-11,3.637779e-16,-8.374046e-20,-5.275998e-10
10649,10649.000000,3,1.306688e-11,4.158718e-11,3.637992e-16,3.293105e-19,6.095080e-11
10650,10650.000000,3,1.082867e-11,4.343437e-11,3.638205e-16,-1.051181e-20,1.014919e-10
10651,10651.000000,3,1.691092e-11,4.522671e-11,3.638418e-16,1.016109e-20,-1.110437e-10
10652,10652.000000,3,9.087842e-12,4.696088e-11,3.638632e-16,3.076450e-19,3.379455e-11
10653,10653.000000,3,1.634959e-11,4.862777e-11,3.638846e-16,-1.791011e-19,-4.292768e-10
10654,10654.000000,3,1.075762e-11,5.027667e-11,3.639060e-16,5.891180e-20,1.087384e-10
10655,10655.000000,3,1.283240e-11,5.192802e-11,3.639274e-16,-9.091708e-20,5.260862e-10
10656,10656.000000,3,8.107293e-12,5.347656e-11,3.639489e-16,-2.428172e-19,-2.935288e-10
10657,10657.000000,3,1.198686e-11,5.501177e-11,3.639705e-16,2.580142e-19,-6.228248e-11
10658,10658.000000,3,1.271871e-11,5.651213e-11,3.639920e-16,2.335131e-19,1.178511e-10
10659,10659.000000,3,1.487166e-11,5.797895e-11,3.640136e-16,-7.922074e-20,-1.085593e-11
10660,10660.000000,3,1.548273e-11,5.941470e-11,3.640353e-16,3.201950e-19,2.612958e-10
10661,10661.000000,3,2.101075e-11,6.082490e-11,3.640569e-16,-3.892712e-20,-3.402395e-11
10662,10662.000000,3,1.361400e-11,6.220935e-11,3.640787e-16,1.002014e-19,7.258166e-12
10663,10663.000000,3,1.148237e-11,6.353940e-11,3.641004e-16,1.352606e-20,1.003158e-10
10664,10664.000000,3,1.352873e-11,6.488188e-11,3.641222e-16,-2.586428e-19,-2.162590e-10
10665,10665.000000,3,1.097789e-11,6.616108e-11,3.641440e-16,-1.300692e-19,2.710086e-10
10666,10666.000000,3,1.122658e-11,6.743672e-11,3.641658e-16,-6.094998e-20,-2.496659e-10
10667,10667.000000,3,1.524114e-11,6.865286e-11,3.641877e-16,-1.137042e-19,-7.226556e-10
10668,10668.000000,3,1.408296e-11,6.989764e-11,3.642096e-16,-8.388604e-20,-2.131876e-10
10669,10669.000000,3,2.138023e-11,7.105516e-11,3.642316e-16,8.124237e-20,1.782093e-10
10670,10670.000000,3,1.617906e-11,7.224910e-11,3.642536e-16,1.750678e-19,1.255942e-10
10671,10671.000000,3,1.545430e-11,7.342105e-11,3.642756e-16,-1.474201e-19,-2.023570e-10
10672,10672.000000,3,2.208367e-11,7.453749e-11,3.642977e-16,-3.497055e-19,-8.638801e-11
10673,10673.000000,3,2.348344e-11,7.568746e-11,3.643198e-16,-2.666599e-19,-6.769796e-11
10674,10674.000000,3,1.027445e-11,7.676371e-11,3.643419e-16,-4.901806e-19,6.134523e-11
10675,10675.000000,3,2.521006e-11,7.784307e-11,3.643641e-16,4.996171e-22,-9.331691e-11
10676,10676.000000,3,1.426770e-11,7.891066e-11,3.643863e-16,5.907062e-20,1.470443e-10
10677,10677.000000,3,1.350742e-11,7.993894e-11,3.644086e-16,-1.975241e-19,4.337883e-10
10678,10678.000000,3,2.275158e-11,8.096279e-11,3.644308e-16,-6.436789e-20,-2.831575e-10
10679,10679.000000,3,1.752198e-11,8.198597e-11,3.644532e-16,-4.995278e-19,-1.161779e-10
10680,10680.000000,3,2.077627e-11,8.296963e-11,3.644755e-16,-1.156762e-19,2.599151e-11
10681,10681.000000,3,1.771383e-11,8.502909e-11,3.644979e-16,-9.258467e-20,-4.295201e-10
10682,10682.000000,3,1.466560e-11,8.743872e-11,3.645203e-16,1.340297e-19,-7.573048e-11
10683,10683.000000,3,1.678302e-11,8.925016e-11,3.645428e-16,-7.653075e-21,3.098153e-10
10684,10684.000000,3,1.846701e-11,9.091594e-11,3.645653e-16,1.233955e-19,1.741559e-10
10685,10685.000000,3,2.482636e-11,9.247358e-11,3.645878e-16,3.041345e-19,1.383417e-10
10686,10686.000000,3,1.274003e-11,9.399037e-11,3.646104e-16,3.678571e-19,-1.313549e-10
10687,10687.000000,3,1.593037e-11,9.537282e-11,3.646330e-16,1.295266e-19,-1.036578e-10
10688,10688.000000,3,2.034284e-11,9.673151e-11,3.646556e-16,-3.418572e-20,-1.815550e-10
10689,10689.000000,3,2.189893e-11,9.809265e-11,3.646782e-16,-3.283973e-19,-1.601132e-10
10690,10690.000000,3,1.266187e-11,9.937917e-11,3.647010e-16,-2.021762e-19,-3.836693e-10
10691,10691.000000,4,6.160406e-12,5.284662e-14,3.647237e-16,3.321064e-19,-4.673650e-10
10692,10692.000000,4,9.052314e-12,4.551914e-14,3.647465e-16,1.898777e-19,-3.927206e-10
10693,10693.000000,4,1.073630e-11,5.839773e-14,3.647693e-16,1.366138e-19,1.381071e-10
10694,10694.000000,4,8.697043e-12,5.373479e-14,3.647921e-16,-2.494446e-20,1.764635e-10
10695,10695.000000,4,6.309619e-12,6.461498e-14,3.648150e-16,2.854733e-19,-4.324465e-10
10696,10696.000000,4,7.077006e-12,5.528911e-14,3.648379e-16,2.664845e-20,5.054330e-10
10697,10697.000000,4,5.840661e-12,6.816769e-14,3.648609e-16,2.103156e-19,3.904093e-10
10698,10698.000000,4,6.551204e-12,4.418688e-14,3.648839e-16,-5.033559e-20,1.901688e-10
10699,10699.000000,4,8.270717e-12,4.085621e-14,4.561318e-16,5.958149e-19,4.966135e-10
10700,10700.000000,4,9.926282e-12,4.440892e-14,3.649300e-16,-4.223915e-20,2.854035e-10
10701,10701.000000,4,9.471535e-12,6.883383e-14,3.649531e-16,-3.274973e-20,3.503700e-10
10702,10702.000000,4,1.026734e-11,5.662137e-14,3.649762e-16,3.018448e-19,-3.487958e-10
10703,10703.000000,4,6.309619e-12,4.618528e-14,3.649994e-16,-4.454897e-19,-2.020087e-11
10704,10704.000000,4,9.670487e-12,7.660539e-14,3.650226e-16,1.736616e-19,1.065434e-10
10705,10705.000000,4,7.332801e-12,8.104628e-14,3.650459e-16,-3.098718e-19,4.487993e-10
10706,10706.000000,4,8.725465e-12,4.951595e-14,3.650692e-16,2.867736e-19,6.609554e-10
10707,10707.000000,4,1.129052e-11,5.129230e-14,3.650925e-16,-2.099947e-19,1.637244e-10
10708,10708.000000,4,1.072920e-11,7.194245e-14,3.651159e-16,3.255981e-19,-3.119918e-10
10709,10709.000000,4,8.007817e-12,7.815970e-14,3.651393e-16,-2.961935e-19,3.644571e-12
10710,10710.000000,4,7.858603e-12,5.440093e-14,3.651627e-16,3.424428e-19,-5.134596e-10
10711,10711.000000,4,8.732570e-12,4.773959e-14,3.651862e-16,-1.984075e-19,-1.038363e-10
10712,10712.000000,4,1.003997e-11,5.662137e-14,3.652097e-16,-2.793223e-19,-1.249660e-11
10713,10713.000000,4,8.697043e-12,6.394885e-14,3.652332e-16,1.103227e-19,5.248390e-10
10714,10714.000000,4,9.769963e-12,6.128431e-14,3.652568e-16,2.267600e-19,4.114598e-10
10715,10715.000000,4,8.206769e-12,4.951595e-14,3.652804e-16,-2.584013e-19,-2.761142e-10
10716,10716.000000,4,9.507062e-12,8.504308e-14,3.653041e-16,1.287887e-19,-2.949711e-10
10717,10717.000000,4,7.652545e-12,7.016610e-14,3.653278e-16,7.321872e-20,-2.868768e-10
10718,10718.000000,4,1.000444e-11,5.684342e-14,3.653515e-16,-2.075065e-19,8.629390e-10
10719,10719.000000,4,1.007550e-11,6.550316e-14,3.653753e-16,-6.629025e-20,2.586434e-10
10720,10720.000000,4,9.023893e-12,7.571721e-14,3.653990e-16,1.004297e-19,1.171994e-10
10721,10721.000000,4,8.903100e-12,8.504308e-14,3.654229e-16,-2.363189e-19,8.183824e-10
10722,10722.000000,4,7.879919e-12,5.839773e-14,3.654467e-16,-2.863203e-19,2.547135e-11
10723,10723.000000,4,7.538858e-12,8.526513e-14,3.654706e-16,-2.117582e-20,-6.201881e-11
10724,10724.000000,4,9.663381e-12,7.926992e-14,3.654946e-16,-1.817382e-19,-6.981584e-10
10725,10725.000000,4,9.293899e-12,5.528911e-14,3.655185e-16,-2.794547e-20,2.320588e-12
10726,10726.000000,4,1.034550e-11,7.482903e-14,3.655425e-16,1.566548e-19,-5.365637e-10
10727,10727.000000,4,7.993606e-12,6.217249e-14,3.655666e-16,8.587127e-20,-1.865791e-10
10728,10728.000000,4,8.867573e-12,7.749357e-14,3.655887e-16,-1.554305e-19,-2.377294e-10
10729,10729.000000,4,1.027445e-11,9.148238e-14,3.656148e-16,-1.808912e-19,2.890549e-10
10730,10730.000000,4,7.801759e-12,5.395684e-14,3.656389e-16,-2.341848e-19,-1.981179e-11
10731,10731.000000,4,6.487255e-12,5.950795e-14,3.656631e-16,2.594634e-19,7.535669e-11
10732,10732.000000,4,8.604673e-12,6.994405e-14,3.656873e-16,2.819859e-19,-4.016237e-11
10733,10733.000000,4,6.934897e-12,9.214851e-14,3.657115e-16,1.396281e-21,-4.090034e-10
10734,10734.000000,4,6.799894e-12,7.172041e-14,4.571672e-16,7.704360e-20,1.982051e-10
10735,10735.000000,4,8.157031e-12,9.592327e-14,3.657601e-16,-2.644662e-20,4.802160e-10
10736,10736.000000,4,7.759127e-12,7.660539e-14,3.657844e-16,-3.215582e-19,-1.125135e-10
10737,10737.000000,4,9.322321e-12,8.326673e-14,3.658088e-16,-3.615441e-20,-5.319052e-10
10738,10738.000000,4,5.741185e-12,7.238654e-14,3.658332e-16,-5.157637e-20,-2.256469e-11
10739,10739.000000,4,5.748291e-12,7.438494e-14,3.658576e-16,-2.903106e-19,-1.662354e-10
10740,10740.000000,4,1.111999e-11,7.238654e-14,3.658821e-16,-3.314314e-19,6.733979e-10
10741,10741.000000,4,9.627854e-12,8.082424e-14,3.659066e-16,-1.407167e-19,-7.659923e-10
10742,10742.000000,4,8.469669e-12,8.215650e-14,3.659311e-16,-2.578454e-19,-2.336052e-10
10743,10743.000000,4,8.249401e-12,7.771561e-14,3.659556e-16,-1.082912e-19,-1.206461e-11
10744,10744.000000,4,7.219114e-12,6.661338e-14,3.659802e-16,2.185014e-19,-4.557274e-10
10745,10745.000000,4,8.476775e-12,5.107026e-14,3.660048e-16,-1.994763e-19,8.920455e-11
10746,10746.000000,4,8.107293e-12,4.218847e-14,3.660295e-16,2.396475e-19,-1.827635e-10
10747,10747.000000,4,6.942003e-12,5.773160e-14,3.660542e-16,-2.072650e-19,2.898754e-10
10748,10748.000000,4,7.979395e-12,7.260859e-14,3.660789e-16,-4.943562e-20,3.904377e-10
10749,10749.000000,4,9.698908e-12,6.927792e-14,3.661036e-16,2.142133e-19,-8.022055e-11
10750,10750.000000,4,6.977530e-12,4.951595e-14,3.661283e-16,1.530615e-20,1.259150e-10
10751,10751.000000,4,9.627854e-12,5.107026e-14,3.661531e-16,4.622947e-20,2.245279e-10
10752,10752.000000,4,8.810730e-12,5.173639e-14,4.577194e-16,1.692974e-19,1.599567e-10
10753,10753.000000,4,5.066170e-12,6.039613e-14,3.662026e-16,-3.215615e-19,1.286168e-11
10754,10754.000000,3,1.563194e-11,9.967005e-11,3.662274e-16,8.052438e-20,3.614198e-10
10755,10755.000000,3,9.961809e-12,9.826739e-11,3.662522e-16,1.455540e-19,-3.504339e-10
10756,10756.000000,3,2.098233e-11,9.690915e-11,3.662770e-16,2.141372e-19,-4.075272e-10
10757,10757.000000,3,1.523404e-11,9.563417e-11,3.662995e-16,-4.280693e-19,3.325242e-10
10758,10758.000000,3,1.895728e-11,9.441070e-11,3.663265e-16,1.034472e-19,7.290066e-11
10759,10759.000000,3,1.355716e-11,9.324119e-11,3.663513e-16,-2.525746e-19,-5.154469e-10
10760,10760.000000,3,1.680434e-11,9.208900e-11,3.663761e-16,3.438722e-19,3.268621e-12
10761,10761.000000,3,1.478639e-11,9.100742e-11,3.664009e-16,9.738563e-20,-2.573054e-11
10762,10762.000000,3,2.151523e-11,8.994405e-11,3.664257e-16,9.681984e-20,3.762910e-10
10763,10763.000000,3,1.654143e-11,8.894729e-11,3.664504e-16,1.141178e-19,-4.645120e-10
10764,10764.000000,3,1.519140e-11,8.797763e-11,3.664752e-16,4.321192e-20,-1.075659e-10
10765,10765.000000,3,1.679012e-11,8.700374e-11,3.664999e-16,-6.775602e-20,2.187824e-10
10766,10766.000000,3,2.116707e-11,8.607381e-11,3.665246e-16,1.759248e-19,-1.149798e-10
10767,10767.000000,3,1.137579e-11,8.517564e-11,3.665494e-16,-7.978322e-20,6.537565e-11
10768,10768.000000,3,2.262368e-11,8.432299e-11,3.665741e-16,4.405862e-19,2.859298e-10
10769,10769.000000,3,7.830181e-12,8.346879e-11,3.665988e-16,2.230145e-19,-2.099937e-10
10770,10770.000000,3,8.796519e-12,8.263434e-11,3.666235e-16,-1.050089e-19,-5.035838e-11
10771,10771.000000,3,1.721645e-11,8.187806e-11,3.666459e-16,6.802072e-20,1.807840e-10
10772,10772.000000,3,2.339107e-11,8.109802e-11,3.666728e-16,-2.846527e-19,-5.888668e-10
10773,10773.000000,3,2.547296e-11,8.035328e-11,3.666974e-16,1.323555e-19,-1.205913e-10
10774,10774.000000,3,1.143263e-11,7.959433e-11,3.667221e-16,-1.230712e-19,1.021667e-10
10775,10775.000000,3,1.903544e-11,7.888024e-11,3.667467e-16,8.148060e-20,-2.943756e-13
10776,10776.000000,3,2.000888e-11,7.817902e-11,3.667713e-16,-5.558654e-21,7.149984e-10
10777,10777.000000,3,1.045919e-11,7.745071e-11,3.667959e-16,-9.052334e-20,-3.512589e-10
10778,10778.000000,3,1.477218e-11,7.676881e-11,3.668205e-16,-1.485286e-20,-3.375484e-10
10779,10779.000000,3,8.839152e-12,7.611956e-11,3.668450e-16,3.188351e-19,-3.656161e-10
10780,10780.000000,3,1.026024e-11,7.545187e-11,3.668696e-16,1.713323e-19,-3.024164e-10
10781,10781.000000,3,1.618616e-11,7.483325e-11,3.668941e-16,-7.444626e-21,-5.919859e-10
10782,10782.000000,3,1.563905e-11,7.418088e-11,3.669186e-16,-9.574450e-20,-1.255647e-10
10783,10783.000000,3,1.155342e-11,7.357626e-11,3.669431e-16,4.461117e-19,1.987131e-10
10784,10784.000000,3,9.286794e-12,7.298873e-11,3.669676e-16,-1.962668e-19,5.961015e-10
10785,10785.000000,3,1.497114e-11,7.241630e-11,3.669921e-16,1.408358e-19,2.292753e-10
10786,10786.000000,3,1.465850e-11,7.181944e-11,3.670165e-16,-2.852284e-19,4.293069e-10
10787,10787.000000,3,1.434586e-11,7.124767e-11,3.670409e-16,5.153037e-19,9.340519e-11
10788,10788.000000,3,1.506351e-11,7.067880e-11,3.670654e-16,6.469545e-20,1.472354e-10
10789,10789.000000,3,1.064393e-11,7.013745e-11,3.670898e-16,-9.791171e-20,7.721307e-11
10790,10790.000000,3,1.605827e-11,6.959855e-11,3.671142e-16,3.233284e-20,5.839089e-11
10791,10791.000000,3,1.307399e-11,6.904100e-11,3.671385e-16,-8.010086e-20,-6.394873e-10
10792,10792.000000,3,9.940493e-12,6.853451e-11,3.671629e-16,1.849510e-19,5.114104e-11
10793,10793.000000,3,9.990231e-12,6.802825e-11,3.671872e-16,3.027150e-20,1.146055e-10
10794,10794.000000,3,1.383427e-11,6.751955e-11,3.672115e-16,2.562936e-20,-9.198223e-11
10795,10795.000000,3,9.059420e-12,6.701684e-11,3.672359e-16,-1.301089e-19,-5.475838e-10
10796,10796.000000,3,1.320188e-11,6.653922e-11,3.672601e-16,-5.012384e-20,2.842424e-10
10797,10797.000000,3,1.141842e-11,6.606271e-11,3.672844e-16,-2.065933e-19,4.687397e-10
10798,10798.000000,3,1.239187e-11,6.554846e-11,3.673087e-16,-1.350951e-20,3.496534e-10
10799,10799.000000,3,1.503508e-11,6.509104e-11,3.673329e-16,7.319225e-20,8.662641e-11
10800,10800.000000,3,9.215739e-12,6.460632e-11,3.673572e-16,2.754743e-19,-4.481733e-10
