step,time_s,picard_iterations,picard_final_delta,linear_normalized_inf_residual,moisture_balance_residual,energy_balance_residual
1,0.250000,3,1.901368e-11,1.485844e-16,-1.750976e-20,3.348993e-12
2,0.500000,3,5.017142e-11,9.164208e-17,1.769505e-20,3.890787e-12
3,0.750000,3,7.812151e-11,1.030971e-16,5.320426e-21,3.449801e-12
4,1.000000,4,6.661338e-15,1.145521e-16,8.576209e-21,8.035183e-13
5,1.250000,4,8.437695e-15,9.164147e-17,-1.655023e-20,3.893593e-12
6,1.500000,4,1.021405e-14,1.603721e-16,-1.771490e-20,5.486575e-12
7,1.750000,4,1.065814e-14,1.489165e-16,-3.123434e-21,3.911573e-12
8,2.000000,4,1.154632e-14,1.489645e-16,-8.073283e-22,5.094723e-12
9,2.250000,4,1.243450e-14,1.490256e-16,-2.052731e-20,4.071878e-12
10,2.500000,4,1.243450e-14,1.145499e-16,-1.952146e-20,3.692251e-12
11,2.750000,4,1.287859e-14,1.491315e-16,-4.910144e-21,1.334750e-12
12,3.000000,4,1.421085e-14,1.491641e-16,-6.703472e-21,3.506535e-12
13,3.250000,4,1.376677e-14,1.030937e-16,-4.685151e-21,2.539136e-12
14,3.500000,4,1.332268e-14,1.492312e-16,1.121657e-20,6.018110e-12
15,3.750000,4,1.421085e-14,1.260022e-16,2.301547e-20,3.772246e-12
16,4.000000,4,1.421085e-14,1.374563e-16,-8.615913e-21,2.841036e-12
17,4.250000,4,1.465494e-14,1.493343e-16,1.070041e-20,2.928335e-12
18,4.500000,4,1.509903e-14,1.030912e-16,5.135137e-21,2.289509e-12
19,4.750000,4,1.465494e-14,1.145452e-16,2.906382e-20,3.326599e-12
20,5.000000,4,1.509903e-14,9.163567e-17,-4.698386e-22,4.249621e-12
21,5.250000,4,1.465494e-14,1.494720e-16,-1.627230e-20,3.646576e-12
22,5.500000,4,1.509903e-14,1.495061e-16,9.052665e-21,4.810066e-12
23,5.750000,4,1.554312e-14,1.030884e-16,-3.639595e-21,3.660527e-12
24,6.000000,4,1.465494e-14,9.163360e-17,1.103128e-20,3.211584e-12
25,6.250000,4,1.509903e-14,1.496074e-16,1.478337e-20,2.785241e-12
26,6.500000,4,1.465494e-14,9.163249e-17,-4.175608e-21,3.990752e-12
27,6.750000,4,1.509903e-14,1.496724e-16,1.164009e-20,3.928795e-12
28,7.000000,4,1.554312e-14,1.145392e-16,-1.707301e-20,1.973748e-12
29,7.250000,4,1.554312e-14,1.497189e-16,6.021875e-21,4.363041e-12
30,7.500000,4,1.554312e-14,1.497423e-16,-3.004320e-21,4.111173e-12
31,7.750000,4,1.598721e-14,1.374443e-16,1.105113e-21,3.455375e-12
32,8.000000,4,1.554312e-14,1.497892e-16,-4.162373e-21,3.467622e-12
33,8.250000,4,1.598721e-14,9.162831e-17,2.448455e-20,3.033448e-12
34,8.500000,4,1.509903e-14,1.145346e-16,-1.323489e-22,4.296070e-12
35,8.750000,4,1.598721e-14,1.145338e-16,-1.072026e-21,4.064402e-12
36,9.000000,4,1.598721e-14,1.498833e-16,8.377685e-21,3.064257e-12
37,9.250000,4,1.598721e-14,1.030789e-16,-6.339512e-21,2.590490e-12
38,9.500000,4,1.643130e-14,1.499304e-16,-2.298900e-20,3.211320e-12
39,9.750000,4,1.598721e-14,1.499538e-16,-3.149904e-21,3.043461e-12
40,10.000000,4,1.643130e-14,1.030766e-16,1.654361e-22,4.055090e-12
41,10.250000,4,1.643130e-14,1.500007e-16,-4.660666e-20,2.896461e-12
42,10.500000,4,1.598721e-14,1.145278e-16,6.988022e-21,2.891347e-12
43,10.750000,4,1.643130e-14,1.259796e-16,5.585123e-21,3.621409e-12
44,11.000000,4,1.687539e-14,1.259787e-16,1.842297e-20,1.428822e-12
45,11.250000,4,1.687539e-14,1.500939e-16,4.757943e-21,1.921220e-12
46,11.500000,4,1.687539e-14,1.501170e-16,1.826415e-21,2.639160e-12
47,11.750000,4,1.687539e-14,1.501401e-16,-3.024172e-21,5.076606e-12
48,12.000000,4,1.643130e-14,1.259746e-16,-1.361208e-20,5.492946e-12
49,12.250000,4,1.643130e-14,1.717821e-16,-2.190374e-20,9.191189e-13
50,12.500000,4,1.643130e-14,1.717807e-16,-1.415471e-20,2.451477e-12
51,12.750000,4,1.687539e-14,9.161558e-17,-7.881377e-21,2.765829e-12
52,13.000000,4,1.643130e-14,1.502535e-16,2.196992e-21,2.209503e-12
53,13.250000,4,1.643130e-14,1.259693e-16,-1.187831e-20,2.709478e-12
54,13.500000,4,1.687539e-14,1.832264e-16,-3.943997e-21,4.206843e-12
55,13.750000,4,1.643130e-14,1.259671e-16,-2.292283e-20,2.617621e-12
56,14.000000,4,1.687539e-14,1.145145e-16,6.882143e-21,3.998343e-12
57,14.250000,4,1.643130e-14,1.503423e-16,-2.175816e-20,1.796653e-12
58,14.500000,4,1.643130e-14,1.030612e-16,2.536467e-20,5.502904e-12
59,14.750000,4,1.687539e-14,8.015799e-17,-1.770167e-20,3.610189e-12
60,15.000000,4,1.643130e-14,1.503957e-16,-5.783647e-21,2.145804e-12
61,15.250000,4,1.643130e-14,1.504135e-16,-1.463779e-20,3.186354e-12
62,15.500000,4,1.687539e-14,1.504313e-16,-1.220919e-20,2.746713e-12
63,15.750000,4,1.643130e-14,1.504490e-16,3.110199e-21,4.751893e-12
64,16.000000,4,1.643130e-14,1.145061e-16,1.750314e-20,2.755615e-12
65,16.250000,4,1.598721e-14,1.145050e-16,-6.418922e-21,4.069814e-12
66,16.500000,4,1.598721e-14,1.505023e-16,-9.754114e-21,2.411071e-12
67,16.750000,4,1.643130e-14,1.505200e-16,-7.431391e-21,3.244446e-12
68,17.000000,4,1.598721e-14,1.505377e-16,-1.462455e-21,4.170941e-12
69,17.250000,4,1.643130e-14,1.374007e-16,-2.580142e-20,3.688438e-12
70,17.500000,4,1.598721e-14,8.014963e-17,9.522503e-21,2.975828e-12
71,17.750000,4,1.643130e-14,1.505907e-16,2.792562e-21,2.494838e-12
72,18.000000,4,1.643130e-14,1.506084e-16,9.747496e-21,3.349016e-12
73,18.250000,4,1.643130e-14,1.506260e-16,-5.333661e-21,2.477935e-12
74,18.500000,4,1.643130e-14,1.506436e-16,1.455838e-21,3.852543e-12
75,18.750000,4,1.643130e-14,1.506611e-16,1.122980e-20,5.085654e-13
76,19.000000,4,1.643130e-14,1.144926e-16,2.447131e-20,2.517209e-12
77,19.250000,4,1.687539e-14,9.159311e-17,1.694066e-21,3.103962e-12
78,19.500000,4,1.598721e-14,1.507137e-16,-5.823352e-22,4.436757e-12
79,19.750000,4,1.598721e-14,1.507311e-16,-1.316872e-20,2.555456e-12
80,20.000000,4,1.687539e-14,1.507485e-16,-3.110199e-22,3.032255e-12
81,20.250000,4,1.598721e-14,1.831786e-16,3.282253e-21,2.165268e-12
82,20.500000,4,1.598721e-14,1.507833e-16,9.919550e-21,4.124437e-12
83,20.750000,4,1.643130e-14,1.508006e-16,1.272535e-20,2.256986e-12
84,21.000000,4,1.598721e-14,1.259313e-16,-2.858074e-20,2.444114e-12
85,21.250000,4,1.598721e-14,1.508352e-16,-6.418922e-22,4.106132e-12
86,21.500000,4,1.598721e-14,1.508515e-16,1.093864e-20,4.405892e-12
87,21.750000,4,1.598721e-14,1.508657e-16,2.852119e-20,4.804893e-12
88,22.000000,4,1.643130e-14,1.259258e-16,2.862045e-20,2.137804e-12
89,22.250000,4,1.598721e-14,1.508943e-16,-1.594804e-20,5.102793e-12
90,22.500000,4,1.598721e-14,1.509086e-16,-2.363751e-20,2.510311e-12
91,22.750000,4,1.598721e-14,1.509228e-16,-5.379983e-21,2.520081e-12
92,23.000000,4,1.598721e-14,1.509371e-16,-1.835679e-20,1.853850e-12
93,23.250000,4,1.643130e-14,1.509514e-16,3.058583e-20,2.218684e-12
94,23.500000,4,1.598721e-14,1.717055e-16,1.496204e-20,3.301664e-12
95,23.750000,4,1.509903e-14,1.144690e-16,5.565271e-21,2.125217e-12
96,24.000000,4,1.598721e-14,1.030210e-16,1.725168e-20,3.337108e-12
97,24.250000,4,1.598721e-14,1.030198e-16,1.442603e-20,2.676706e-12
98,24.500000,4,1.598721e-14,9.157208e-17,4.863822e-21,2.430861e-12
99,24.750000,4,1.643130e-14,1.510369e-16,4.963084e-21,3.219452e-12
100,25.000000,4,1.598721e-14,1.488012e-16,-1.351282e-20,3.983688e-12
101,25.250000,4,1.554312e-14,1.144611e-16,1.547159e-20,1.287970e-12
102,25.500000,4,1.554312e-14,1.259057e-16,2.646316e-20,4.705542e-12
103,25.750000,4,1.598721e-14,8.012089e-17,-1.328121e-20,4.228451e-12
104,26.000000,4,1.598721e-14,1.511079e-16,-1.044895e-20,3.104364e-12
105,26.250000,4,1.598721e-14,1.511221e-16,1.012469e-20,4.121453e-12
106,26.500000,4,1.509903e-14,1.373452e-16,1.535909e-20,2.561729e-12
107,26.750000,4,1.554312e-14,1.511505e-16,1.161362e-20,5.338341e-12
108,27.000000,4,1.598721e-14,9.156127e-17,1.586202e-20,3.603909e-12
109,27.250000,4,1.554312e-14,1.511788e-16,-2.886529e-20,2.455453e-12
110,27.500000,4,1.554312e-14,1.511929e-16,-2.337282e-20,1.511222e-12
111,27.750000,4,1.554312e-14,1.373369e-16,4.513097e-21,3.567438e-12
112,28.000000,4,1.554312e-14,1.512212e-16,2.636390e-20,5.045922e-12
113,28.250000,4,1.554312e-14,1.030001e-16,1.064085e-20,4.921605e-12
114,28.500000,4,1.598721e-14,1.029989e-16,-3.273650e-20,2.643469e-12
115,28.750000,4,1.465494e-14,1.029976e-16,1.800607e-20,1.295741e-12
116,29.000000,4,1.598721e-14,1.144403e-16,-3.891058e-21,2.869288e-12
117,29.250000,4,1.509903e-14,1.373267e-16,-1.342680e-20,3.134923e-12
118,29.500000,4,1.509903e-14,1.513055e-16,-6.981404e-21,3.804873e-12
119,29.750000,4,1.509903e-14,1.029924e-16,4.612359e-21,3.640699e-12
120,30.000000,4,1.554312e-14,1.373215e-16,-9.284275e-21,3.498993e-12
121,30.250000,4,1.554312e-14,1.513476e-16,-8.926933e-21,3.096176e-12
122,30.500000,4,1.598721e-14,1.513615e-16,1.574952e-20,2.817233e-12
123,30.750000,4,1.509903e-14,1.513755e-16,-1.745682e-20,4.156203e-12
124,31.000000,4,1.598721e-14,1.487574e-16,7.821820e-21,1.779590e-12
125,31.250000,4,1.509903e-14,1.029845e-16,-4.268252e-21,3.194611e-12
126,31.500000,4,1.509903e-14,1.029832e-16,-2.267798e-20,4.135983e-12
127,31.750000,4,1.509903e-14,1.029819e-16,-9.178396e-21,3.114495e-12
128,32.000000,4,1.509903e-14,1.029805e-16,1.475028e-20,2.617365e-12
129,32.250000,4,1.598721e-14,1.601899e-16,4.010172e-21,1.500716e-12
130,32.500000,4,1.509903e-14,1.514704e-16,1.414810e-20,3.888195e-12
131,32.750000,4,1.509903e-14,1.601856e-16,2.232726e-20,3.324313e-12
132,33.000000,4,1.509903e-14,1.029751e-16,1.887957e-20,3.014616e-12
133,33.250000,4,1.509903e-14,1.258568e-16,1.833032e-21,5.371897e-12
134,33.500000,4,1.598721e-14,1.830620e-16,1.916412e-20,1.774803e-12
135,33.750000,4,1.465494e-14,9.152979e-17,-1.994498e-20,1.129596e-12
136,34.000000,4,1.509903e-14,1.144107e-16,1.277167e-21,3.018641e-12
137,34.250000,4,1.465494e-14,1.515536e-16,2.178463e-20,1.383782e-12
138,34.500000,4,1.554312e-14,1.515655e-16,1.475690e-20,4.893363e-12
139,34.750000,4,1.554312e-14,1.515774e-16,3.672020e-20,3.541528e-12
140,35.000000,4,1.554312e-14,1.515892e-16,1.774137e-20,1.938227e-12
141,35.250000,4,1.509903e-14,8.008208e-17,-2.541099e-20,8.963663e-13
142,35.500000,4,1.509903e-14,1.029613e-16,1.182537e-20,3.660683e-12
143,35.750000,4,1.509903e-14,1.143998e-16,1.698698e-20,2.816025e-12
144,36.000000,4,1.509903e-14,1.516367e-16,-1.827077e-20,2.255945e-12
145,36.250000,4,1.465494e-14,1.143967e-16,-1.002543e-20,3.951728e-12
146,36.500000,4,1.554312e-14,1.029556e-16,1.343341e-20,3.978651e-12
147,36.750000,4,1.509903e-14,1.516722e-16,2.279710e-20,1.645489e-12
148,37.000000,4,1.465494e-14,1.258311e-16,-1.447235e-20,1.577155e-12
149,37.250000,4,1.465494e-14,9.151226e-17,-1.866119e-20,2.674666e-12
150,37.500000,4,1.509903e-14,1.517077e-16,2.005748e-20,2.777917e-12
151,37.750000,4,1.465494e-14,9.150969e-17,-1.151435e-21,2.880751e-12
152,38.000000,4,1.465494e-14,1.372626e-16,3.122772e-20,2.785133e-12
153,38.250000,4,1.421085e-14,1.517432e-16,4.904188e-20,2.531170e-12
154,38.500000,4,1.509903e-14,1.258205e-16,-6.511566e-21,1.368627e-12
155,38.750000,4,1.509903e-14,1.517667e-16,8.986490e-21,2.112394e-12
156,39.000000,4,1.465494e-14,1.517785e-16,-1.826415e-21,2.535250e-12
157,39.250000,4,1.465494e-14,9.150189e-17,-6.663767e-21,2.579909e-12
158,39.500000,4,1.554312e-14,1.518021e-16,1.733771e-21,5.138584e-12
159,39.750000,4,1.421085e-14,1.518138e-16,1.518704e-20,3.456513e-12
160,40.000000,4,1.554312e-14,1.518256e-16,1.507454e-20,4.110740e-12
161,40.250000,4,1.509903e-14,9.149662e-17,4.020098e-20,4.395401e-12
162,40.500000,4,1.465494e-14,9.149529e-17,8.040196e-21,4.074158e-12
163,40.750000,4,1.421085e-14,1.486777e-16,1.027027e-20,5.071582e-12
164,41.000000,4,1.509903e-14,1.372389e-16,3.189608e-21,5.227069e-12
165,41.250000,4,1.421085e-14,1.518843e-16,3.765326e-21,2.382677e-12
166,41.500000,4,1.554312e-14,1.518960e-16,-1.403560e-20,1.370348e-12
167,41.750000,4,1.465494e-14,1.143607e-16,1.700683e-21,2.185446e-12
168,42.000000,4,1.465494e-14,1.519194e-16,3.887749e-20,3.170963e-12
169,42.250000,4,1.421085e-14,1.029216e-16,1.110407e-20,4.275746e-13
170,42.500000,4,1.421085e-14,1.029201e-16,1.574952e-20,4.317185e-12
171,42.750000,4,1.421085e-14,1.715310e-16,6.220398e-22,2.643052e-12
172,43.000000,4,1.465494e-14,1.519660e-16,-4.863822e-21,2.299633e-12
173,43.250000,4,1.421085e-14,1.519777e-16,3.421219e-21,2.588929e-12
174,43.500000,4,1.376677e-14,1.519893e-16,1.012469e-20,2.966599e-12
175,43.750000,4,1.421085e-14,1.520010e-16,-1.468411e-20,2.993022e-12
176,44.000000,4,1.465494e-14,1.520126e-16,1.011807e-20,3.739370e-12
177,44.250000,4,1.509903e-14,1.520242e-16,-4.829411e-20,1.878747e-12
178,44.500000,4,1.465494e-14,1.520358e-16,-1.236800e-20,2.720213e-12
179,44.750000,3,9.981305e-11,1.520474e-16,-1.348635e-20,3.548328e-12
180,45.000000,3,9.962209e-11,1.520590e-16,1.252021e-20,3.434003e-12
181,45.250000,3,9.943246e-11,1.520705e-16,1.440618e-20,1.795120e-12
182,45.500000,3,9.924461e-11,1.600690e-16,2.148023e-20,6.203871e-12
183,45.750000,3,9.905810e-11,9.146658e-17,-2.392868e-20,4.572814e-12
184,46.000000,3,9.887291e-11,1.521018e-16,2.311474e-20,2.884359e-12
185,46.250000,3,9.868817e-11,1.257627e-16,-2.222138e-20,3.317124e-12
186,46.500000,3,9.850476e-11,1.028951e-16,2.699256e-20,2.712247e-12
187,46.750000,3,9.832313e-11,1.521323e-16,6.716707e-21,4.368922e-12
188,47.000000,3,9.814283e-11,1.028920e-16,-1.508116e-20,2.898431e-12
189,47.250000,3,9.796297e-11,1.143226e-16,-3.001673e-20,4.771461e-13
190,47.500000,3,9.778445e-11,1.521629e-16,-9.171779e-21,1.691425e-12
191,47.750000,3,9.760681e-11,9.145524e-17,6.491713e-21,2.646161e-12
192,48.000000,3,9.743095e-11,1.521832e-16,-1.402898e-21,4.432094e-12
193,48.250000,3,9.725509e-11,1.521933e-16,-1.361870e-20,3.388095e-12
194,48.500000,3,9.708145e-11,1.714705e-16,-3.156521e-20,3.769818e-12
195,48.750000,3,9.690826e-11,1.522137e-16,2.408750e-21,1.969536e-12
196,49.000000,3,9.673640e-11,1.143100e-16,5.829969e-21,2.941342e-12
197,49.250000,3,9.656587e-11,1.522340e-16,4.963084e-22,2.740613e-12
198,49.500000,3,9.639578e-11,1.143064e-16,1.860164e-20,2.128242e-12
199,49.750000,3,9.622747e-11,1.257351e-16,4.710959e-20,3.320844e-12
200,50.000000,3,9.606005e-11,1.143028e-16,-9.879845e-21,3.259615e-12
201,50.250000,3,9.589352e-11,1.028709e-16,-1.124966e-20,4.599765e-12
202,50.500000,3,9.572743e-11,1.257290e-16,1.741050e-20,3.775397e-12
203,50.750000,3,9.556222e-11,1.522948e-16,1.938911e-21,4.707762e-12
204,51.000000,3,9.539880e-11,1.142954e-16,8.424007e-21,3.527234e-12
205,51.250000,3,9.523582e-11,1.523150e-16,-2.672786e-20,1.510375e-12
206,51.500000,3,9.507417e-11,1.142917e-16,-3.513863e-21,7.311374e-13
207,51.750000,3,9.491385e-11,1.142899e-16,2.297577e-20,3.674561e-12
208,52.000000,3,9.475354e-11,1.523453e-16,4.559420e-21,4.895584e-12
209,52.250000,3,9.459455e-11,8.000032e-17,-2.409412e-20,3.797102e-12
210,52.500000,3,9.443735e-11,1.257127e-16,5.631446e-21,3.229861e-12
211,52.750000,3,9.428014e-11,1.523756e-16,1.152759e-20,2.947836e-12
212,53.000000,3,9.412338e-11,1.485647e-16,1.544512e-20,1.408568e-12
213,53.250000,3,9.396883e-11,1.523958e-16,2.627126e-20,3.782280e-12
214,53.500000,3,9.381429e-11,1.028491e-16,-1.913765e-20,1.413952e-12
215,53.750000,3,9.366108e-11,1.028474e-16,3.142625e-20,1.912276e-12
216,54.000000,3,9.350876e-11,1.143195e-16,-2.706535e-20,2.296385e-12
217,54.250000,3,9.335688e-11,1.142712e-16,-2.296253e-20,3.244155e-12
218,54.500000,3,9.320589e-11,1.524461e-16,2.523232e-20,3.655382e-12
219,54.750000,3,9.305534e-11,1.256941e-16,1.308931e-20,3.684691e-12
220,55.000000,3,9.290657e-11,1.524662e-16,-2.589406e-20,3.266776e-12
221,55.250000,3,9.275869e-11,1.143572e-16,-2.764107e-20,3.449130e-12
222,55.500000,3,9.261036e-11,1.143647e-16,-1.654361e-21,2.781386e-12
223,55.750000,3,9.246381e-11,1.524964e-16,2.266475e-20,1.861927e-12
224,56.000000,3,9.231949e-11,1.143798e-16,-1.225551e-20,4.859863e-12
225,56.250000,3,9.217382e-11,1.525164e-16,1.698036e-20,4.575118e-12
226,56.500000,3,9.202905e-11,1.525264e-16,-2.089789e-20,4.715839e-12
227,56.750000,3,9.188605e-11,1.525364e-16,-2.026262e-20,3.142459e-12
228,57.000000,3,9.174306e-11,1.144098e-16,-1.820459e-20,1.760675e-12
229,57.250000,3,9.160095e-11,1.525565e-16,3.227328e-20,9.984236e-13
230,57.500000,3,9.146017e-11,1.256708e-16,3.621066e-20,1.649347e-12
231,57.750000,3,9.131984e-11,1.525764e-16,7.828437e-21,4.160228e-12
232,58.000000,3,9.118040e-11,1.142423e-16,1.460470e-20,4.179185e-12
233,58.250000,3,9.104140e-11,1.525964e-16,5.386600e-21,2.844475e-12
234,58.500000,3,9.090240e-11,1.142384e-16,3.488055e-20,2.587180e-12
235,58.750000,3,9.076606e-11,1.144623e-16,8.615913e-21,2.841533e-12
236,59.000000,3,9.062928e-11,1.256579e-16,-1.318857e-20,2.841893e-12
237,59.250000,3,9.049339e-11,1.144772e-16,2.824987e-20,4.570094e-12
238,59.500000,3,9.035883e-11,1.256536e-16,5.327043e-21,1.429773e-12
239,59.750000,3,9.022383e-11,1.526562e-16,1.674875e-20,5.503181e-12
240,60.000000,3,9.009060e-11,1.526661e-16,1.350621e-20,4.674344e-12
241,60.250000,3,8.995693e-11,1.142246e-16,-1.021072e-20,3.202605e-12
242,60.500000,3,8.982370e-11,9.137807e-17,-8.629148e-21,1.721762e-12
243,60.750000,3,8.969270e-11,1.256426e-16,8.721792e-21,2.463085e-12
244,61.000000,3,8.956125e-11,1.370622e-16,-2.039497e-20,3.518769e-12
245,61.250000,3,8.943069e-11,1.527149e-16,-6.729941e-21,4.874101e-12
246,61.500000,3,8.930101e-11,1.527238e-16,-1.850238e-20,4.019118e-12
247,61.750000,3,8.917134e-11,1.527327e-16,1.336724e-21,1.927569e-12
248,62.000000,3,8.904300e-11,1.145562e-16,1.062100e-20,2.660927e-12
249,62.250000,3,8.891554e-11,1.527504e-16,-2.911014e-20,7.780165e-13
250,62.500000,3,8.878809e-11,1.527593e-16,1.279152e-20,2.914974e-12
251,62.750000,3,8.866285e-11,1.527682e-16,1.950161e-20,3.082229e-12
252,63.000000,3,8.853629e-11,1.370419e-16,1.735094e-20,2.600836e-12
253,63.250000,3,8.841017e-11,1.527860e-16,-5.293956e-22,5.244555e-12
254,63.500000,3,8.828582e-11,1.527948e-16,9.800436e-21,2.897654e-12
255,63.750000,3,8.816237e-11,1.146028e-16,1.363855e-20,2.775308e-12
256,64.000000,3,8.803847e-11,1.528126e-16,2.713814e-20,2.406492e-12
257,64.250000,3,8.791590e-11,1.528214e-16,-4.188843e-21,2.977424e-12
258,64.500000,3,8.779377e-11,1.528303e-16,-2.069937e-20,3.248068e-12
259,64.750000,3,8.767120e-11,1.146294e-16,-8.337981e-21,2.810058e-12
260,65.000000,3,8.755130e-11,1.598579e-16,1.310254e-21,1.482675e-12
261,65.250000,3,8.743051e-11,1.528569e-16,6.815968e-22,3.696626e-12
262,65.500000,3,8.731060e-11,1.528657e-16,9.893080e-21,4.881123e-12
263,65.750000,3,8.719159e-11,1.528746e-16,4.652064e-21,2.495060e-12
264,66.000000,3,8.707346e-11,1.255928e-16,1.588187e-20,4.021949e-12
265,66.250000,3,8.695533e-11,1.528923e-16,5.558654e-21,3.638811e-12
266,66.500000,3,8.683676e-11,1.529011e-16,-9.059282e-21,1.554590e-12
267,66.750000,3,8.672085e-11,1.529100e-16,-1.276505e-20,2.276790e-12
268,67.000000,3,8.660406e-11,1.146891e-16,5.346895e-21,1.377287e-12
269,67.250000,3,8.648859e-11,1.529277e-16,4.685151e-21,4.776235e-12
270,67.500000,3,8.637224e-11,1.529365e-16,5.102050e-21,3.990641e-12
271,67.750000,3,8.625678e-11,9.132760e-17,1.150774e-20,2.280176e-12
272,68.000000,3,8.614354e-11,1.529541e-16,1.403560e-20,3.656853e-12
273,68.250000,3,8.602941e-11,1.529630e-16,1.036292e-20,2.260581e-12
274,68.500000,3,8.591750e-11,1.529718e-16,3.143948e-20,2.510270e-12
275,68.750000,3,8.580425e-11,1.141503e-16,-2.104347e-21,4.474476e-12
276,69.000000,3,8.569234e-11,1.529894e-16,-8.562974e-21,4.246103e-12
277,69.250000,3,8.558088e-11,1.529982e-16,-2.926234e-20,3.747724e-12
278,69.500000,3,8.546897e-11,1.530070e-16,1.058791e-21,4.034550e-12
279,69.750000,3,8.535928e-11,1.530159e-16,1.050850e-20,3.943401e-12
280,70.000000,3,8.524825e-11,1.530247e-16,9.952637e-21,5.899670e-12
281,70.250000,3,8.513901e-11,1.530335e-16,8.966638e-21,2.250422e-12
282,70.500000,3,8.503021e-11,1.141340e-16,-1.694066e-20,3.779921e-12
283,70.750000,3,8.492140e-11,1.027185e-16,3.957232e-21,2.924272e-12
284,71.000000,3,8.481349e-11,1.530598e-16,3.441733e-20,4.281353e-12
285,71.250000,3,8.470558e-11,1.483650e-16,-3.553568e-21,3.965883e-12
286,71.500000,3,8.459855e-11,1.027121e-16,-4.810882e-21,3.182676e-12
287,71.750000,3,8.449197e-11,1.530862e-16,-1.142833e-20,3.589351e-12
288,72.000000,3,8.438539e-11,1.148212e-16,2.032879e-20,5.083101e-12
289,72.250000,3,8.428058e-11,1.531037e-16,-1.850899e-20,5.415834e-12
290,72.500000,3,8.417489e-11,1.148344e-16,-1.040262e-20,2.540024e-12
291,72.750000,3,8.407053e-11,1.027014e-16,-9.840141e-21,1.410094e-12
292,73.000000,3,8.396572e-11,1.531300e-16,7.279189e-22,4.482248e-12
293,73.250000,3,8.386269e-11,1.531388e-16,2.073907e-20,3.670619e-12
294,73.500000,3,8.375833e-11,1.141054e-16,1.866119e-20,1.333933e-12
295,73.750000,3,8.365530e-11,1.531563e-16,1.826415e-20,1.817213e-12
296,74.000000,3,8.355316e-11,1.531650e-16,8.629148e-21,3.343104e-12
297,74.250000,3,8.345102e-11,1.531738e-16,5.227781e-21,3.706202e-12
298,74.500000,3,8.334977e-11,1.483244e-16,-6.352747e-22,3.777423e-12
299,74.750000,3,8.324852e-11,1.531912e-16,-3.308722e-21,4.189982e-12
300,75.000000,3,8.314727e-11,1.149000e-16,-1.332092e-20,2.747358e-12
301,75.250000,3,8.304779e-11,1.140884e-16,1.738403e-20,2.061629e-12
302,75.500000,3,8.294787e-11,1.532174e-16,2.763445e-20,5.666079e-12
303,75.750000,3,8.284839e-11,1.140835e-16,1.248050e-20,2.740919e-12
304,76.000000,3,8.274892e-11,1.140810e-16,-1.575614e-20,1.832201e-12
305,76.250000,3,8.265033e-11,1.532435e-16,-2.990423e-20,2.620071e-12
306,76.500000,3,8.255219e-11,1.254837e-16,2.183757e-21,-1.250111e-13
307,76.750000,3,8.245449e-11,1.532610e-16,-1.673552e-20,2.006006e-12
308,77.000000,3,8.235723e-11,1.532697e-16,-3.785178e-21,3.712863e-12
309,77.250000,3,8.226131e-11,1.149588e-16,-1.295034e-20,3.250955e-12
310,77.500000,3,8.216317e-11,1.140661e-16,1.019087e-21,-1.712519e-13
311,77.750000,3,8.206724e-11,1.368763e-16,1.982586e-20,4.568512e-12
312,78.000000,3,8.197221e-11,1.533044e-16,2.355810e-21,2.775058e-12
313,78.250000,3,8.187673e-11,1.533131e-16,-1.809871e-20,2.166489e-12
314,78.500000,3,8.178302e-11,1.140561e-16,-2.170522e-20,3.733458e-12
315,78.750000,3,8.168710e-11,1.533304e-16,4.433688e-21,2.801870e-12
316,79.000000,3,8.159295e-11,1.150043e-16,-2.089789e-20,3.436640e-12
317,79.250000,3,8.149881e-11,1.533478e-16,5.929231e-21,3.744505e-12
318,79.500000,3,8.140599e-11,1.533558e-16,-2.355810e-21,2.993827e-12
319,79.750000,3,8.131318e-11,1.254477e-16,2.003101e-20,2.593925e-12
320,80.000000,3,8.121992e-11,1.150287e-16,2.079201e-20,2.342848e-12
321,80.250000,3,8.112755e-11,1.533795e-16,7.974021e-21,1.712963e-12
322,80.500000,3,8.103607e-11,1.533874e-16,-1.148127e-20,3.476108e-12
323,80.750000,3,8.094503e-11,1.368398e-16,-1.105113e-20,3.038625e-12
324,81.000000,3,8.085355e-11,1.534031e-16,-3.798413e-21,3.231471e-12
325,81.250000,3,8.076251e-11,1.534110e-16,1.621936e-20,4.163836e-12
326,81.500000,3,8.067191e-11,1.534188e-16,-2.932190e-20,2.006229e-12
327,81.750000,3,8.058132e-11,1.534267e-16,1.057468e-20,4.181322e-12
328,82.000000,3,8.049250e-11,1.534346e-16,-5.227781e-22,4.493794e-12
329,82.250000,3,8.040324e-11,1.534424e-16,3.541657e-20,2.811196e-12
330,82.500000,3,8.031398e-11,1.254167e-16,4.376778e-20,2.420286e-13
331,82.750000,3,8.022560e-11,1.150936e-16,6.756411e-21,2.907452e-12
332,83.000000,3,8.013723e-11,1.534660e-16,-1.929647e-20,4.431733e-12
333,83.250000,3,8.004974e-11,1.534739e-16,-4.559420e-21,4.666934e-12
334,83.500000,3,7.996137e-11,1.140047e-16,2.465660e-20,4.276524e-12
335,83.750000,3,7.987433e-11,1.534896e-16,1.269888e-20,2.749134e-12
336,84.000000,3,7.978773e-11,1.595993e-16,7.735793e-21,4.981238e-12
337,84.250000,3,7.970113e-11,1.823950e-16,-1.612010e-20,3.835710e-12
338,84.500000,3,7.961454e-11,1.535131e-16,2.484851e-20,3.599954e-12
339,84.750000,3,7.952838e-11,1.535210e-16,9.370302e-21,2.850664e-12
340,85.000000,3,7.944356e-11,1.535288e-16,-8.741645e-21,3.715195e-12
341,85.250000,3,7.935830e-11,1.535366e-16,-1.079305e-20,1.912026e-12
342,85.500000,3,7.927214e-11,1.535445e-16,-1.108422e-20,1.980527e-12
343,85.750000,3,7.918821e-11,1.025829e-16,1.915750e-20,2.609857e-12
344,86.000000,3,7.910383e-11,1.535602e-16,1.272535e-20,4.941603e-12
345,86.250000,3,7.902035e-11,1.139757e-16,-7.610062e-22,2.123524e-12
346,86.500000,3,7.893641e-11,1.535758e-16,2.991085e-21,4.157896e-12
347,86.750000,3,7.885292e-11,1.025734e-16,-3.434454e-21,4.798106e-12
348,87.000000,3,7.876988e-11,1.367613e-16,4.453540e-21,2.039868e-12
349,87.250000,3,7.868772e-11,1.025685e-16,1.670243e-20,2.500777e-12
350,87.500000,3,7.860512e-11,1.481511e-16,2.183757e-22,4.991896e-12
351,87.750000,3,7.852252e-11,1.139597e-16,2.396839e-20,2.163991e-12
352,88.000000,3,7.844125e-11,1.536227e-16,-9.807053e-21,1.673939e-12
353,88.250000,3,7.836043e-11,1.536305e-16,1.025704e-21,1.512679e-12
354,88.500000,3,7.827827e-11,1.152288e-16,3.026158e-20,3.143319e-12
355,88.750000,3,7.819745e-11,1.536462e-16,1.536571e-20,1.342759e-12
356,89.000000,3,7.811751e-11,1.139462e-16,-1.484293e-20,3.765488e-12
357,89.250000,3,7.803669e-11,1.536618e-16,-3.381514e-21,3.137934e-12
358,89.500000,3,7.795675e-11,1.139408e-16,-2.126847e-20,3.856304e-12
359,89.750000,3,7.787726e-11,1.536774e-16,-6.749794e-22,4.369338e-12
360,90.000000,3,7.779777e-11,1.536852e-16,2.543746e-20,2.726708e-12
361,90.250000,3,7.771916e-11,1.536930e-16,-1.897883e-20,2.354172e-12
362,90.500000,3,7.763967e-11,1.537007e-16,3.933409e-20,2.016443e-12
363,90.750000,3,7.756196e-11,1.537085e-16,-2.191036e-20,3.449907e-12
364,91.000000,3,7.748291e-11,1.537163e-16,2.691977e-20,2.122191e-12
365,91.250000,3,7.740475e-11,1.537241e-16,2.513306e-20,2.161438e-12
366,91.500000,3,7.732792e-11,9.113512e-17,5.095433e-21,3.744727e-12
367,91.750000,3,7.725021e-11,1.537397e-16,-2.413382e-20,4.863665e-12
368,92.000000,3,7.717338e-11,1.537474e-16,-7.060814e-21,2.705225e-12
369,92.250000,3,7.709611e-11,1.253017e-16,-8.801202e-21,2.129852e-12
370,92.500000,3,7.702017e-11,1.537630e-16,3.235931e-21,2.130074e-12
371,92.750000,3,7.694290e-11,1.537707e-16,5.414393e-20,2.344069e-12
372,93.000000,3,7.686740e-11,1.153339e-16,-2.114274e-20,2.583211e-12
373,93.250000,3,7.679146e-11,1.252895e-16,-6.498331e-21,5.118406e-12
374,93.500000,3,7.671597e-11,1.537940e-16,-1.680169e-20,2.303657e-12
375,93.750000,3,7.664092e-11,1.538018e-16,1.811856e-20,3.622103e-12
376,94.000000,3,7.656631e-11,1.538095e-16,1.461132e-20,4.713618e-12
377,94.250000,3,7.649126e-11,1.538173e-16,9.866610e-21,7.981393e-13
378,94.500000,3,7.641621e-11,1.366627e-16,-3.983702e-21,3.128164e-12
379,94.750000,3,7.634249e-11,1.538328e-16,-3.302105e-21,2.329803e-12
380,95.000000,3,7.626877e-11,1.538405e-16,8.536504e-22,2.941258e-12
381,95.250000,3,7.619505e-11,1.538483e-16,-1.991851e-21,2.012668e-12
382,95.500000,3,7.612178e-11,1.538560e-16,1.243418e-20,2.847778e-12
383,95.750000,3,7.604894e-11,1.538637e-16,-2.594038e-21,3.578249e-12
384,96.000000,3,7.597567e-11,1.154036e-16,-1.793328e-20,1.870559e-12
385,96.250000,3,7.590328e-11,1.138659e-16,-2.351840e-20,1.404099e-12
386,96.500000,3,7.583045e-11,1.538869e-16,3.917527e-21,2.827738e-12
387,96.750000,3,7.575851e-11,1.538946e-16,7.629914e-21,1.294354e-12
388,97.000000,3,7.568612e-11,1.154268e-16,1.872075e-20,2.006284e-12
389,97.250000,3,7.561507e-11,1.154326e-16,6.524801e-21,1.744105e-12
390,97.500000,3,7.554402e-11,1.138518e-16,-2.302209e-20,3.490430e-12
391,97.750000,3,7.547252e-11,1.539255e-16,-3.175050e-20,5.377865e-12
392,98.000000,3,7.540146e-11,1.539332e-16,1.798622e-20,2.153389e-12
393,98.250000,3,7.533130e-11,1.252275e-16,-1.903839e-20,3.291811e-12
394,98.500000,3,7.526069e-11,1.154615e-16,-1.825091e-20,3.362033e-12
395,98.750000,3,7.519052e-11,1.539563e-16,-2.037511e-20,2.896794e-12
396,99.000000,3,7.511991e-11,1.539640e-16,-1.881340e-20,3.210709e-12
397,99.250000,3,7.505019e-11,1.539717e-16,7.279189e-23,2.113199e-12
398,99.500000,3,7.498135e-11,1.252118e-16,1.128936e-20,4.788503e-12
399,99.750000,3,7.491119e-11,1.154903e-16,-2.382280e-20,2.558120e-12
400,100.000000,3,7.484324e-11,1.539948e-16,3.977084e-20,2.870926e-12
401,100.250000,3,7.477352e-11,1.252023e-16,-2.276401e-21,4.482636e-12
402,100.500000,3,7.470558e-11,1.540096e-16,1.876046e-20,3.661571e-12
403,100.750000,3,7.463674e-11,1.540167e-16,-2.255887e-20,-4.881096e-13
404,101.000000,3,7.456835e-11,9.104927e-17,2.705873e-20,2.251366e-12
405,101.250000,3,7.450041e-11,1.540308e-16,4.638829e-21,3.667011e-12
406,101.500000,3,7.443335e-11,1.155284e-16,6.458626e-21,3.697764e-12
407,101.750000,3,7.436540e-11,9.104231e-17,2.289636e-21,4.213296e-12
408,102.000000,3,7.429835e-11,1.024200e-16,-3.599228e-20,3.904710e-12
409,102.250000,3,7.423084e-11,1.540591e-16,2.367060e-20,4.783784e-12
410,102.500000,3,7.416423e-11,1.540661e-16,2.294930e-20,2.721601e-12
411,102.750000,3,7.409851e-11,9.103298e-17,6.531418e-21,3.209988e-12
412,103.000000,3,7.403145e-11,1.540802e-16,7.835055e-21,3.241352e-12
413,103.250000,3,7.396572e-11,1.155655e-16,-5.687694e-20,4.340084e-12
414,103.500000,3,7.389955e-11,1.155708e-16,-7.702706e-21,3.843315e-12
415,103.750000,3,7.383338e-11,1.155760e-16,-2.496100e-20,1.488476e-12
416,104.000000,3,7.376855e-11,9.102126e-17,2.073245e-20,3.224532e-12
417,104.250000,3,7.370282e-11,1.155866e-16,-5.624828e-22,1.716238e-12
418,104.500000,3,7.363843e-11,1.541225e-16,6.273338e-21,2.531475e-12
419,104.750000,3,7.357270e-11,1.251445e-16,2.167875e-20,3.370915e-12
420,105.000000,3,7.350831e-11,1.478942e-16,-1.892589e-21,1.663059e-12
421,105.250000,3,7.344392e-11,1.541437e-16,1.697375e-20,2.702283e-12
422,105.500000,3,7.337952e-11,1.137589e-16,-4.777795e-21,3.220701e-12
423,105.750000,3,7.331513e-11,1.541577e-16,-1.835679e-20,1.778577e-12
424,106.000000,3,7.325163e-11,1.156236e-16,-2.309488e-21,1.302347e-12
425,106.250000,3,7.318812e-11,1.156289e-16,1.118348e-20,5.689782e-12
426,106.500000,3,7.312417e-11,1.541789e-16,2.254563e-20,4.147349e-12
427,106.750000,3,7.306067e-11,1.478672e-16,-4.850587e-21,4.000578e-12
428,107.000000,3,7.299805e-11,1.541929e-16,-3.983702e-21,3.559431e-12
429,107.250000,3,7.293455e-11,1.541999e-16,1.416795e-20,2.127076e-12
430,107.500000,3,7.287237e-11,1.542070e-16,-1.629215e-20,3.844869e-12
431,107.750000,3,7.280976e-11,1.542140e-16,4.258988e-20,1.554423e-12
432,108.000000,3,7.274714e-11,1.137291e-16,-3.136669e-21,3.197220e-12
433,108.250000,3,7.268586e-11,1.250987e-16,-5.618211e-21,5.035361e-12
434,108.500000,3,7.262368e-11,1.250954e-16,2.402132e-20,3.324618e-12
435,108.750000,3,7.256151e-11,1.156816e-16,-4.212665e-20,3.277767e-12
436,109.000000,3,7.250067e-11,1.542491e-16,1.341356e-20,3.200273e-12
437,109.250000,3,7.243894e-11,1.250855e-16,1.003205e-20,4.388934e-12
438,109.500000,3,7.237766e-11,1.364533e-16,-9.410007e-21,4.560019e-12
439,109.750000,3,7.231682e-11,1.542701e-16,-2.956674e-20,2.683187e-12
440,110.000000,3,7.225642e-11,1.157079e-16,8.390920e-21,4.005296e-12
441,110.250000,3,7.219514e-11,1.542842e-16,1.379737e-20,1.848910e-12
442,110.500000,3,7.213519e-11,1.157184e-16,-1.030998e-20,1.906253e-12
443,110.750000,3,7.207435e-11,1.157236e-16,2.508012e-20,2.444656e-12
444,111.000000,3,7.201484e-11,1.250622e-16,-1.250035e-20,3.103406e-12
445,111.250000,3,7.195489e-11,1.543122e-16,5.568580e-20,2.777001e-12
446,111.500000,3,7.189538e-11,1.157394e-16,2.508012e-21,2.716716e-12
447,111.750000,3,7.183543e-11,1.157446e-16,-3.705769e-22,1.288247e-12
448,112.000000,3,7.177636e-11,1.543332e-16,9.151926e-21,2.994827e-12
449,112.250000,3,7.171730e-11,1.543402e-16,9.548973e-21,3.535394e-12
450,112.500000,3,7.165868e-11,1.157604e-16,-2.073907e-20,4.285572e-12
451,112.750000,3,7.159917e-11,1.705073e-16,-1.890604e-20,5.080769e-12
452,113.000000,3,7.154100e-11,1.543611e-16,2.051408e-22,4.292677e-13
453,113.250000,3,7.148193e-11,1.022989e-16,-1.680831e-21,3.554934e-12
454,113.500000,3,7.142420e-11,1.543751e-16,-2.613891e-21,2.280620e-12
455,113.750000,3,7.136558e-11,1.250252e-16,-5.194694e-21,1.816935e-12
456,114.000000,3,7.130829e-11,1.543891e-16,3.096964e-21,3.397116e-12
457,114.250000,3,7.125012e-11,1.022878e-16,2.260519e-20,3.711809e-12
458,114.500000,3,7.119239e-11,1.544030e-16,-8.410772e-21,-3.769207e-14
459,114.750000,3,7.113510e-11,1.544100e-16,-6.908612e-21,1.455891e-12
460,115.000000,3,7.107781e-11,1.250083e-16,2.918293e-21,2.036815e-12
461,115.250000,3,7.102052e-11,1.158179e-16,6.273338e-21,3.981093e-12
462,115.500000,3,7.096368e-11,1.363652e-16,3.275635e-21,3.723410e-12
463,115.750000,3,7.090684e-11,1.544379e-16,-3.283576e-20,2.002398e-12
464,116.000000,3,7.084999e-11,1.544448e-16,1.345988e-20,3.818446e-12
465,116.250000,3,7.079448e-11,9.090271e-17,-4.466775e-21,4.131473e-12
466,116.500000,3,7.073719e-11,1.544587e-16,-1.462455e-21,3.026079e-12
467,116.750000,3,7.068124e-11,1.022600e-16,1.551791e-20,5.256184e-12
468,117.000000,3,7.062573e-11,1.544727e-16,1.950161e-20,4.886536e-12
469,117.250000,3,7.056977e-11,1.158597e-16,1.406207e-20,2.517042e-12
470,117.500000,3,7.051382e-11,1.544866e-16,-1.254668e-20,1.589062e-12
471,117.750000,3,7.045919e-11,1.249707e-16,-2.604626e-20,3.665512e-12
472,118.000000,3,7.040324e-11,1.249672e-16,-5.565271e-21,2.676026e-12
473,118.250000,3,7.034906e-11,1.545074e-16,3.009614e-20,3.193945e-12
474,118.500000,3,7.029355e-11,1.136003e-16,6.551270e-22,2.745970e-12
475,118.750000,3,7.023893e-11,9.087774e-17,9.826906e-21,4.588885e-12
476,119.000000,3,7.018341e-11,1.249534e-16,-2.914984e-20,2.221723e-12
477,119.250000,3,7.012879e-11,1.159014e-16,1.799945e-20,2.631173e-12
478,119.500000,3,7.007506e-11,1.159066e-16,1.168641e-20,2.179978e-12
479,119.750000,3,7.002132e-11,1.545490e-16,2.935499e-20,1.714684e-12
480,120.000000,3,6.996670e-11,1.545560e-16,-2.302871e-21,5.097534e-12
481,120.250000,3,6.991208e-11,1.159222e-16,1.383046e-20,5.252576e-12
482,120.500000,3,6.985834e-11,1.545698e-16,8.079900e-21,2.096268e-12
483,120.750000,3,6.980505e-11,1.545767e-16,-2.514629e-21,1.537825e-12
484,121.000000,3,6.975220e-11,1.249259e-16,-8.516652e-21,2.893408e-12
485,121.250000,3,6.969847e-11,9.085277e-17,1.092540e-20,3.496758e-12
486,121.500000,3,6.964518e-11,1.545975e-16,-6.497669e-20,4.137468e-12
487,121.750000,3,6.959322e-11,1.546044e-16,-3.679299e-21,3.210432e-12
488,122.000000,3,6.953949e-11,1.546113e-16,2.226770e-20,3.642031e-12
489,122.250000,3,6.948753e-11,1.546182e-16,-2.089127e-20,3.346712e-12
490,122.500000,3,6.943468e-11,1.249058e-16,-2.785944e-20,2.093881e-12
491,122.750000,3,6.938183e-11,1.249024e-16,9.548973e-21,2.612244e-12
492,123.000000,3,6.932988e-11,1.546390e-16,-8.960020e-21,4.217127e-12
493,123.250000,3,6.927792e-11,1.546459e-16,2.682712e-20,3.855083e-12
494,123.500000,3,6.922551e-11,1.135385e-16,-1.570981e-20,2.324696e-12
495,123.750000,3,6.917400e-11,1.546597e-16,2.083833e-20,2.563227e-12
496,124.000000,3,6.912249e-11,1.546666e-16,5.002788e-21,1.411593e-12
497,124.250000,3,6.907053e-11,1.546730e-16,1.790681e-20,3.262668e-12
498,124.500000,3,6.901901e-11,1.160096e-16,-7.107136e-21,2.912726e-12
499,124.750000,3,6.896839e-11,1.248758e-16,-1.049527e-20,4.518219e-12
500,125.000000,3,6.891687e-11,1.546923e-16,4.513097e-20,4.476419e-12
501,125.250000,3,6.886580e-11,1.021656e-16,3.523789e-20,2.512601e-12
502,125.500000,3,6.881473e-11,1.475687e-16,3.489379e-20,3.711254e-12
503,125.750000,3,6.876455e-11,1.160336e-16,-2.018321e-21,5.076051e-12
504,126.000000,3,6.871392e-11,1.547178e-16,2.858074e-20,2.167322e-12
505,126.250000,3,6.866374e-11,1.547242e-16,1.576937e-20,2.491007e-12
506,126.500000,3,6.861356e-11,1.547306e-16,1.122319e-20,2.141232e-12
507,126.750000,3,6.856293e-11,1.547370e-16,3.325266e-20,3.236911e-12
508,127.000000,3,6.851275e-11,1.248460e-16,-8.999725e-21,3.220091e-12
509,127.250000,3,6.846346e-11,1.547498e-16,-3.897675e-20,1.240286e-12
510,127.500000,3,6.841328e-11,9.079225e-17,-3.163800e-20,3.130940e-12
511,127.750000,3,6.836354e-11,1.547626e-16,1.173273e-20,2.285006e-12
512,128.000000,3,6.831380e-11,1.160767e-16,5.117932e-20,4.018286e-12
513,128.250000,3,6.826451e-11,1.547754e-16,-1.598113e-20,5.189571e-12
514,128.500000,3,6.821521e-11,1.248261e-16,1.469073e-21,2.615297e-12
515,128.750000,3,6.816681e-11,1.547881e-16,-9.158544e-21,1.962153e-12
516,129.000000,3,6.811751e-11,1.547945e-16,7.993873e-21,3.495204e-12
517,129.250000,3,6.806822e-11,1.548009e-16,1.308931e-20,3.717693e-12
518,129.500000,3,6.801981e-11,1.548073e-16,3.587979e-20,3.692047e-12
519,129.750000,3,6.797141e-11,1.134633e-16,1.979940e-20,2.130518e-12
520,130.000000,3,6.792300e-11,1.548200e-16,4.155755e-21,2.700618e-12
521,130.250000,3,6.787415e-11,1.548264e-16,-9.489416e-21,2.641998e-12
522,130.500000,3,6.782663e-11,1.548328e-16,1.490910e-20,2.060241e-12
523,130.750000,3,6.777823e-11,1.548391e-16,1.092540e-20,2.293721e-12
524,131.000000,3,6.773027e-11,1.361380e-16,-6.319660e-21,3.635425e-12
525,131.250000,3,6.768230e-11,1.548519e-16,5.921290e-20,3.749112e-12
526,131.500000,3,6.763390e-11,1.548583e-16,-7.563740e-21,4.825140e-12
527,131.750000,3,6.758683e-11,1.548646e-16,-1.492234e-20,4.217848e-12
528,132.000000,3,6.753975e-11,1.548710e-16,1.067394e-20,3.975487e-12
529,132.250000,3,6.749135e-11,1.548774e-16,1.050850e-20,1.612044e-12
530,132.500000,3,6.744472e-11,1.247734e-16,-1.769505e-20,2.230993e-12
531,132.750000,3,6.739809e-11,1.548901e-16,2.261843e-20,4.201195e-12
532,133.000000,3,6.735057e-11,1.361092e-16,2.954689e-20,4.541700e-12
533,133.250000,3,6.730394e-11,1.474478e-16,3.362985e-20,3.962164e-12
534,133.500000,3,6.725687e-11,1.549092e-16,4.698386e-22,1.222911e-12
535,133.750000,3,6.721024e-11,1.161866e-16,-1.456500e-20,2.601808e-12
536,134.000000,3,6.716405e-11,1.549219e-16,-3.176374e-21,2.980061e-12
537,134.250000,3,6.711698e-11,1.549282e-16,2.688668e-20,2.957856e-12
538,134.500000,3,6.707124e-11,1.247470e-16,-1.356576e-21,4.261813e-12
539,134.750000,3,6.702550e-11,1.587648e-16,1.935603e-20,2.744582e-12
540,135.000000,3,6.697931e-11,1.549473e-16,-3.639595e-22,5.179857e-12
541,135.250000,3,6.693268e-11,1.162152e-16,2.213535e-20,3.479994e-12
542,135.500000,3,6.688738e-11,1.549600e-16,-1.719874e-20,4.695688e-12
543,135.750000,3,6.684120e-11,1.162247e-16,-2.769401e-20,3.978928e-12
544,136.000000,3,6.679679e-11,1.133884e-16,3.143286e-21,1.884159e-12
545,136.250000,3,6.675061e-11,1.162342e-16,1.338709e-20,3.290590e-12
546,136.500000,3,6.670486e-11,1.162390e-16,3.639595e-21,2.382428e-12
547,136.750000,3,6.666001e-11,1.549917e-16,-2.734328e-20,4.672596e-12
548,137.000000,3,6.661471e-11,1.549980e-16,-8.569591e-21,4.016454e-12
549,137.250000,3,6.656897e-11,9.069874e-17,7.914464e-21,3.257505e-12
550,137.500000,3,6.652456e-11,1.550107e-16,-7.835055e-21,3.120060e-12
551,137.750000,3,6.648060e-11,1.133674e-16,-3.857970e-21,5.453193e-12
552,138.000000,3,6.643486e-11,1.247009e-16,4.883674e-21,3.043121e-12
553,138.250000,3,6.639045e-11,1.550297e-16,-1.484293e-20,3.502199e-12
554,138.500000,3,6.634560e-11,1.020226e-16,4.036641e-21,3.312572e-12
555,138.750000,3,6.630163e-11,1.700331e-16,-3.501952e-20,3.008260e-12
556,139.000000,3,6.625722e-11,1.550487e-16,7.821820e-21,2.250089e-12
557,139.250000,3,6.621326e-11,1.162912e-16,3.434454e-21,5.595191e-12
558,139.500000,3,6.616929e-11,1.020118e-16,-1.304960e-20,2.020606e-12
559,139.750000,3,6.612533e-11,1.550676e-16,3.657462e-20,2.530198e-13
560,140.000000,3,6.608136e-11,1.360085e-16,3.047333e-20,2.333911e-12
561,140.250000,3,6.603784e-11,1.700061e-16,2.551687e-20,-3.865797e-13
562,140.500000,3,6.599388e-11,1.020010e-16,1.619951e-20,8.987255e-13
563,140.750000,3,6.595036e-11,1.473308e-16,-1.868766e-20,1.933897e-12
564,141.000000,3,6.590684e-11,1.550992e-16,-2.754842e-20,1.736833e-12
565,141.250000,3,6.586331e-11,1.551055e-16,1.823106e-20,2.541189e-12
566,141.500000,3,6.582113e-11,1.473191e-16,1.691419e-20,3.264722e-12
567,141.750000,3,6.577805e-11,1.246513e-16,1.678846e-20,2.273515e-12
568,142.000000,3,6.573453e-11,1.586429e-16,-3.714372e-20,3.277156e-12
569,142.250000,3,6.569145e-11,1.019820e-16,-4.273546e-20,1.402767e-12
570,142.500000,3,6.564926e-11,1.163528e-16,8.622531e-21,1.873390e-12
571,142.750000,3,6.560619e-11,1.551434e-16,2.433234e-20,3.624434e-12
572,143.000000,3,6.556400e-11,1.551497e-16,-1.455176e-20,1.622813e-12
573,143.250000,3,6.552092e-11,1.551560e-16,3.050642e-21,1.044720e-12
574,143.500000,3,6.547962e-11,1.163717e-16,1.033645e-20,2.563616e-12
575,143.750000,3,6.543699e-11,1.163764e-16,-1.829062e-20,2.476019e-12
576,144.000000,3,6.539436e-11,1.132923e-16,-1.868766e-20,2.261413e-12
577,144.250000,3,6.535261e-11,1.019604e-16,-6.418922e-21,3.620437e-12
578,144.500000,3,6.531087e-11,1.551874e-16,2.976527e-20,3.921752e-12
579,144.750000,3,6.526824e-11,1.551937e-16,9.476181e-21,2.448375e-12
580,145.000000,3,6.522605e-11,1.359363e-16,-2.271769e-20,3.121503e-12
581,145.250000,3,6.518519e-11,1.019495e-16,1.834356e-20,2.327583e-12
582,145.500000,3,6.514389e-11,1.164094e-16,1.498190e-20,4.016454e-12
583,145.750000,3,6.510215e-11,1.359254e-16,2.326032e-20,3.006151e-12
584,146.000000,3,6.506085e-11,1.552251e-16,-1.543188e-20,3.422596e-12
585,146.250000,3,6.501955e-11,1.019386e-16,1.381722e-20,5.873635e-12
586,146.500000,3,6.497825e-11,1.552377e-16,-2.072584e-20,3.068656e-13
587,146.750000,3,6.493739e-11,1.164330e-16,-3.738856e-20,2.672751e-12
588,147.000000,3,6.489609e-11,1.164377e-16,3.151889e-20,2.641332e-12
589,147.250000,3,6.485523e-11,9.060247e-17,7.715941e-21,3.590572e-12
590,147.500000,3,6.481526e-11,1.552628e-16,-9.727644e-21,3.391509e-12
591,147.750000,3,6.477352e-11,1.164518e-16,-1.424074e-20,2.671308e-12
592,148.000000,3,6.473311e-11,1.019196e-16,-1.631862e-20,4.351075e-12
593,148.250000,3,6.469270e-11,1.552816e-16,-4.810882e-21,2.147615e-12
594,148.500000,3,6.465317e-11,1.552879e-16,6.677002e-21,1.054823e-12
595,148.750000,3,6.461187e-11,1.132349e-16,-3.169756e-21,2.977729e-12
596,149.000000,3,6.457190e-11,1.245551e-16,-8.847524e-21,3.304912e-12
597,149.250000,3,6.453105e-11,1.553067e-16,1.779431e-20,4.287792e-12
598,149.500000,3,6.449197e-11,1.553129e-16,-1.234815e-20,3.396061e-12
599,149.750000,3,6.445156e-11,1.553192e-16,-1.774137e-20,3.141265e-12
600,150.000000,3,6.441159e-11,1.245418e-16,2.991085e-21,2.599920e-12
601,150.250000,3,6.437251e-11,1.553317e-16,-7.517417e-21,4.223399e-12
602,150.500000,3,6.433210e-11,1.584992e-16,-2.191698e-20,2.490230e-12
603,150.750000,3,6.429302e-11,1.698161e-16,4.674563e-20,4.495626e-12
604,151.000000,3,6.425216e-11,1.553500e-16,9.853375e-21,3.661738e-12
605,151.250000,3,6.421352e-11,1.165169e-16,1.445250e-20,2.640221e-12
606,151.500000,3,6.417444e-11,1.018814e-16,3.817604e-20,1.770140e-12
607,151.750000,3,6.413448e-11,1.018787e-16,2.440514e-20,2.572942e-12
608,152.000000,3,6.409628e-11,9.055643e-17,-1.635832e-20,1.975864e-12
609,152.250000,3,6.405676e-11,1.553792e-16,-8.787967e-21,3.924083e-12
610,152.500000,3,6.401812e-11,1.131895e-16,8.880611e-21,3.302247e-12
611,152.750000,3,6.397949e-11,1.553909e-16,3.758709e-21,4.642065e-12
612,153.000000,3,6.394085e-11,1.018650e-16,-5.016023e-21,3.563039e-12
613,153.250000,3,6.390177e-11,1.584525e-16,4.079655e-20,4.239609e-12
614,153.500000,3,6.386314e-11,1.554084e-16,-9.185014e-21,1.453393e-12
615,153.750000,3,6.382495e-11,9.053940e-17,3.130051e-20,1.088241e-12
616,154.000000,3,6.378587e-11,1.554201e-16,-2.942778e-20,6.873391e-13
617,154.250000,3,6.374812e-11,1.131682e-16,-3.308722e-20,2.608802e-12
618,154.500000,3,6.370904e-11,1.131651e-16,-4.929335e-20,4.995004e-12
619,154.750000,3,6.367173e-11,1.554376e-16,-2.220815e-20,1.202594e-12
620,155.000000,3,6.363310e-11,1.554434e-16,-4.671916e-21,4.066747e-12
621,155.250000,3,6.359491e-11,1.131560e-16,-1.232830e-20,1.703082e-12
622,155.500000,3,6.355672e-11,1.018376e-16,1.169303e-20,2.765232e-12
623,155.750000,3,6.351897e-11,1.584098e-16,2.826972e-20,2.197353e-12
624,156.000000,3,6.348166e-11,1.357762e-16,3.249165e-21,1.559086e-12
625,156.250000,3,6.344392e-11,1.554726e-16,3.652830e-20,4.153899e-12
626,156.500000,3,6.340661e-11,1.166088e-16,4.678534e-21,3.454792e-12
627,156.750000,3,6.336887e-11,1.244514e-16,-1.720536e-22,2.327472e-12
628,157.000000,3,6.333112e-11,1.131346e-16,-1.705316e-20,3.737344e-12
629,157.250000,3,6.329337e-11,1.554959e-16,-1.264594e-20,2.754907e-12
630,157.500000,3,6.325651e-11,1.555017e-16,1.723183e-20,4.465983e-12
631,157.750000,3,6.321921e-11,1.244380e-16,1.056806e-20,1.377121e-12
632,158.000000,3,6.318235e-11,1.555133e-16,-2.757489e-20,3.153477e-12
633,158.250000,3,6.314549e-11,1.244313e-16,-6.273338e-21,2.245981e-12
634,158.500000,3,6.310863e-11,1.555250e-16,3.315340e-21,3.580691e-12
635,158.750000,3,6.307177e-11,1.555308e-16,1.518704e-20,2.338019e-12
636,159.000000,3,6.303447e-11,1.131102e-16,-1.608039e-21,2.600364e-12
637,159.250000,3,6.299761e-11,1.166568e-16,1.633847e-20,3.107181e-12
638,159.500000,3,6.296030e-11,1.555482e-16,4.341044e-20,4.064860e-12
639,159.750000,3,6.292433e-11,1.555540e-16,-3.891058e-21,2.878364e-12
640,160.000000,3,6.288747e-11,1.555599e-16,-9.376919e-21,2.689515e-12
641,160.250000,3,6.285195e-11,9.047587e-17,1.764211e-20,2.652323e-12
642,160.500000,3,6.281553e-11,1.555715e-16,-1.975969e-20,3.002154e-12
643,160.750000,3,6.277912e-11,1.555773e-16,7.689471e-21,1.337819e-12
644,161.000000,3,6.274270e-11,1.470113e-16,3.103582e-20,4.048983e-12
645,161.250000,3,6.270717e-11,1.555889e-16,2.370369e-20,3.641198e-12
646,161.500000,3,6.267120e-11,1.555947e-16,-5.783647e-21,5.341505e-12
647,161.750000,3,6.263523e-11,1.556005e-16,1.340033e-20,2.483569e-12
648,162.000000,3,6.259837e-11,1.556063e-16,-1.331430e-20,3.400169e-12
649,162.250000,3,6.256329e-11,1.167091e-16,3.634301e-20,3.214540e-12
650,162.500000,3,6.252820e-11,1.243739e-16,-2.526540e-20,1.878941e-12
651,162.750000,3,6.249179e-11,1.809026e-16,-2.891162e-20,4.315437e-12
652,163.000000,3,6.245671e-11,1.556295e-16,1.657008e-20,1.609268e-12
653,163.250000,3,6.242118e-11,1.356696e-16,1.382384e-20,3.186784e-12
654,163.500000,3,6.238565e-11,1.556411e-16,2.053393e-20,4.760636e-13
655,163.750000,3,6.234968e-11,1.556469e-16,3.355045e-21,-7.724932e-13
656,164.000000,3,6.231504e-11,1.556527e-16,-7.146840e-21,3.142375e-12
657,164.250000,3,6.228040e-11,1.556585e-16,-3.894366e-20,3.873679e-12
658,164.500000,3,6.224488e-11,1.556643e-16,8.701940e-21,2.317369e-12
659,164.750000,3,6.220979e-11,1.556701e-16,1.676861e-20,1.611267e-12
660,165.000000,3,6.217471e-11,1.167569e-16,-8.735027e-21,1.811107e-12
661,165.250000,3,6.214007e-11,1.556816e-16,4.877719e-20,2.874923e-12
662,165.500000,3,6.210499e-11,1.556874e-16,-1.103790e-20,4.351630e-12
663,165.750000,3,6.207079e-11,1.243298e-16,-2.936160e-20,3.441469e-12
664,166.000000,3,6.203571e-11,1.556990e-16,-9.231336e-21,4.760192e-12
665,166.250000,3,6.200107e-11,9.041676e-17,3.912895e-20,8.263390e-13
666,166.500000,3,6.196643e-11,1.167829e-16,-1.347312e-20,2.608136e-12
667,166.750000,3,6.193224e-11,1.557163e-16,-3.164462e-20,2.490674e-12
668,167.000000,3,6.189760e-11,1.557221e-16,-2.018321e-20,2.383538e-12
669,167.250000,3,6.186340e-11,2.335918e-16,1.586863e-20,2.469580e-12
670,167.500000,3,6.182965e-11,1.557337e-16,-4.539567e-21,1.623146e-12
671,167.750000,3,6.179546e-11,1.582034e-16,2.296253e-21,3.512524e-12
672,168.000000,3,6.176082e-11,1.557452e-16,4.142521e-21,1.304623e-12
673,168.250000,3,6.172662e-11,1.557510e-16,1.666934e-20,2.566836e-12
674,168.500000,3,6.169287e-11,1.557567e-16,2.559628e-20,4.184875e-12
675,168.750000,3,6.165912e-11,1.557625e-16,1.088570e-20,3.094414e-12
676,169.000000,3,6.162493e-11,1.557683e-16,4.268252e-20,2.920220e-12
677,169.250000,3,6.159118e-11,1.355806e-16,-1.934279e-20,2.758238e-12
678,169.500000,3,6.155698e-11,1.168349e-16,4.949849e-21,3.999578e-12
679,169.750000,3,6.152412e-11,1.129776e-16,1.905824e-20,3.168799e-12
680,170.000000,3,6.149081e-11,1.557913e-16,8.834289e-21,1.037836e-12
681,170.250000,3,6.145706e-11,1.557971e-16,1.961411e-20,2.545963e-12
682,170.500000,3,6.142331e-11,1.168522e-16,-1.950161e-20,3.634648e-12
683,170.750000,3,6.139045e-11,1.129652e-16,-5.166901e-20,3.201217e-12
684,171.000000,3,6.135714e-11,1.558144e-16,-1.118348e-21,2.266853e-12
685,171.250000,3,6.132428e-11,1.242548e-16,1.965381e-20,4.276912e-12
686,171.500000,3,6.129053e-11,1.581382e-16,-6.630680e-21,4.740319e-12
687,171.750000,3,6.125722e-11,1.558317e-16,-2.316106e-21,3.675060e-12
688,172.000000,3,6.122436e-11,1.168781e-16,2.933513e-20,3.601008e-12
689,172.250000,3,6.119194e-11,1.168824e-16,-5.783647e-21,4.038658e-12
690,172.500000,3,6.115908e-11,1.558489e-16,1.404222e-20,1.564637e-12
691,172.750000,3,6.112622e-11,1.558547e-16,-8.754880e-21,2.649325e-12
692,173.000000,3,6.109291e-11,1.558604e-16,-5.027273e-20,3.008038e-12
693,173.250000,3,6.106093e-11,1.016406e-16,-3.115493e-20,2.193357e-12
694,173.500000,3,6.102807e-11,1.169039e-16,1.313563e-20,2.924994e-12
695,173.750000,3,6.099565e-11,9.034223e-17,-8.715175e-21,1.534328e-12
696,174.000000,3,6.096323e-11,1.558834e-16,2.011703e-20,2.784994e-12
697,174.250000,3,6.093037e-11,1.558891e-16,-2.167875e-20,2.843725e-12
698,174.500000,3,6.089795e-11,9.033474e-17,-9.165161e-21,3.027023e-12
699,174.750000,3,6.086553e-11,1.467899e-16,-1.925676e-20,3.564149e-12
700,175.000000,3,6.083312e-11,1.129122e-16,5.006759e-20,2.285061e-12
701,175.250000,3,6.080203e-11,1.559121e-16,1.919059e-22,1.744271e-12
702,175.500000,3,6.076917e-11,1.559178e-16,-5.955700e-21,1.285305e-12
703,175.750000,3,6.073764e-11,1.016125e-16,2.719770e-21,2.062572e-12
704,176.000000,3,6.070522e-11,1.559293e-16,2.193683e-20,8.804069e-13
705,176.250000,3,6.067369e-11,1.559350e-16,3.466218e-20,3.023026e-12
706,176.500000,3,6.064171e-11,1.169556e-16,3.061230e-20,1.301292e-12
707,176.750000,3,6.060974e-11,1.559465e-16,4.137888e-20,2.560507e-12
708,177.000000,3,6.057821e-11,1.559522e-16,-2.789253e-20,2.327472e-12
709,177.250000,3,6.054668e-11,1.169685e-16,3.090347e-20,2.321143e-12
710,177.500000,3,6.051470e-11,1.241690e-16,9.026195e-21,4.613976e-12
711,177.750000,3,6.048362e-11,1.559694e-16,1.694066e-20,4.950484e-12
712,178.000000,3,6.045253e-11,1.169813e-16,-2.824987e-20,1.982858e-12
713,178.250000,3,6.042056e-11,1.015843e-16,1.436647e-20,3.768985e-12
714,178.500000,3,6.038947e-11,1.354420e-16,-1.977293e-20,4.982237e-12
715,178.750000,3,6.035794e-11,1.559923e-16,1.506792e-20,2.495448e-12
716,179.000000,3,6.032641e-11,1.169985e-16,-1.054821e-20,2.804201e-12
717,179.250000,3,6.029488e-11,1.015730e-16,9.893080e-21,6.283418e-12
718,179.500000,3,6.026468e-11,1.560094e-16,-1.345327e-20,2.058353e-12
719,179.750000,3,6.023360e-11,1.560152e-16,-3.963849e-21,3.924416e-12
720,180.000000,3,6.020251e-11,1.015645e-16,-2.624479e-20,2.898681e-12
721,180.250000,3,6.017142e-11,1.170199e-16,3.355706e-20,5.366152e-12
722,180.500000,3,6.013989e-11,1.170242e-16,1.653038e-20,3.907652e-12
723,180.750000,3,6.010925e-11,1.560376e-16,1.371796e-20,3.741119e-12
724,181.000000,3,6.007861e-11,1.560430e-16,2.226770e-20,3.514300e-12
725,181.250000,3,6.004841e-11,1.560484e-16,1.938250e-20,4.292677e-12
726,181.500000,3,6.001777e-11,1.560537e-16,3.487393e-20,4.135248e-12
727,181.750000,3,5.998668e-11,1.560591e-16,5.624828e-21,3.989808e-12
728,182.000000,3,5.995648e-11,1.170484e-16,-2.821017e-20,3.399503e-12
729,182.250000,3,5.992584e-11,1.466682e-16,1.649729e-20,1.779910e-12
730,182.500000,3,5.989520e-11,1.560752e-16,-3.799075e-20,3.173795e-12
731,182.750000,3,5.986456e-11,1.170605e-16,1.821121e-20,3.679501e-12
732,183.000000,3,5.983436e-11,1.560860e-16,1.435324e-20,3.913758e-12
733,183.250000,3,5.980505e-11,1.560913e-16,-9.079134e-21,4.331868e-12
734,183.500000,3,5.977441e-11,1.560967e-16,9.972489e-21,3.312017e-12
735,183.750000,3,5.974421e-11,1.561021e-16,1.277829e-20,2.365663e-12
736,184.000000,3,5.971446e-11,1.170806e-16,-1.481646e-20,2.045586e-12
737,184.250000,3,5.968426e-11,1.561128e-16,-8.794584e-21,3.366196e-12
738,184.500000,3,5.965406e-11,7.895611e-17,5.459392e-21,1.634359e-12
739,184.750000,3,5.962386e-11,1.170927e-16,8.430625e-21,4.069634e-12
740,185.000000,3,5.959455e-11,1.561289e-16,1.557747e-20,3.334777e-12
741,185.250000,3,5.956435e-11,1.561343e-16,4.283472e-20,3.373191e-12
742,185.500000,3,5.953460e-11,1.240606e-16,-1.611348e-20,2.956080e-12
743,185.750000,3,5.950529e-11,1.561450e-16,4.910144e-21,3.162026e-12
744,186.000000,3,5.947509e-11,1.561503e-16,9.132074e-22,4.025558e-12
745,186.250000,3,5.944578e-11,1.171168e-16,3.149242e-20,4.033551e-12
746,186.500000,3,5.941647e-11,1.353245e-16,-1.363855e-20,3.795964e-12
747,186.750000,3,5.938627e-11,1.171248e-16,-1.178567e-20,3.399836e-12
748,187.000000,3,5.935696e-11,1.561718e-16,2.785944e-20,3.841927e-12
749,187.250000,3,5.932810e-11,1.561771e-16,1.244080e-20,2.123746e-12
750,187.500000,3,5.929834e-11,1.561825e-16,-2.706535e-20,5.116574e-12
751,187.750000,3,5.926948e-11,1.561878e-16,-2.541099e-21,4.306999e-12
752,188.000000,3,5.924017e-11,1.561932e-16,-3.715695e-20,3.453349e-12
753,188.250000,3,5.921041e-11,1.240245e-16,3.090347e-21,4.110601e-12
754,188.500000,3,5.918199e-11,1.562039e-16,-1.297019e-20,3.945733e-12
755,188.750000,3,5.915357e-11,1.562092e-16,3.505261e-20,2.793765e-12
756,189.000000,3,5.912382e-11,1.562146e-16,-1.056144e-20,2.592371e-12
757,189.250000,3,5.909495e-11,1.240114e-16,-1.826415e-21,2.783995e-12
758,189.500000,3,5.906609e-11,1.014612e-16,1.958764e-21,4.132139e-12
759,189.750000,3,5.903766e-11,1.014585e-16,7.874759e-22,2.928657e-12
760,190.000000,3,5.900835e-11,1.171770e-16,1.788695e-20,2.468470e-12
761,190.250000,3,5.897993e-11,1.014531e-16,-1.545173e-20,2.467027e-12
762,190.500000,3,5.895107e-11,1.562467e-16,-3.467541e-21,2.672307e-13
763,190.750000,3,5.892309e-11,1.171890e-16,2.646978e-21,3.074097e-12
764,191.000000,3,5.889333e-11,1.562573e-16,1.107099e-20,3.963163e-12
765,191.250000,3,5.886625e-11,1.239852e-16,9.767349e-21,5.270562e-12
766,191.500000,3,5.883738e-11,1.562680e-16,2.216844e-21,2.209122e-12
767,191.750000,3,5.880851e-11,1.014372e-16,4.422438e-20,1.197598e-12
768,192.000000,3,5.878009e-11,1.014345e-16,-5.810117e-21,3.119394e-12
769,192.250000,3,5.875167e-11,1.562840e-16,1.914427e-20,5.177858e-12
770,192.500000,3,5.872369e-11,1.562894e-16,-1.303637e-21,2.870371e-12
771,192.750000,3,5.869616e-11,1.562947e-16,1.534585e-20,2.248646e-12
772,193.000000,3,5.866729e-11,1.563000e-16,1.859502e-21,1.634026e-12
773,193.250000,3,5.863932e-11,1.239592e-16,8.404155e-21,3.196110e-12
774,193.500000,3,5.861134e-11,1.172330e-16,2.991085e-21,4.578227e-12
775,193.750000,3,5.858336e-11,1.563160e-16,-5.697620e-21,3.234746e-12
776,194.000000,3,5.855538e-11,1.563214e-16,1.395619e-20,3.555267e-12
777,194.250000,3,5.852652e-11,1.563267e-16,1.222242e-20,3.279710e-12
778,194.500000,3,5.849898e-11,1.563320e-16,2.594038e-21,2.398415e-12
779,194.750000,3,5.847145e-11,1.172530e-16,-2.194345e-20,4.056644e-12
780,195.000000,3,5.844392e-11,1.172570e-16,1.335400e-20,4.348633e-12
781,195.250000,3,5.841638e-11,1.014000e-16,-4.027377e-20,2.445044e-12
782,195.500000,3,5.838796e-11,1.563533e-16,1.173273e-20,2.906564e-12
783,195.750000,3,5.836132e-11,1.563587e-16,9.026195e-21,2.243095e-12
784,196.000000,3,5.833423e-11,1.563640e-16,-2.816385e-20,3.759215e-12
785,196.250000,3,5.830580e-11,2.345539e-16,-1.218272e-20,1.758149e-12
786,196.500000,3,5.827872e-11,1.563746e-16,2.878589e-20,4.407696e-12
787,196.750000,3,5.825118e-11,1.126490e-16,-1.377752e-20,2.674416e-12
788,197.000000,3,5.822409e-11,1.563853e-16,-1.678184e-20,2.293499e-12
789,197.250000,3,5.819611e-11,1.172929e-16,-2.450440e-20,3.038347e-12
790,197.500000,3,5.816903e-11,1.351683e-16,-1.128936e-20,1.171063e-12
791,197.750000,3,5.814194e-11,1.564012e-16,-1.738403e-20,3.213985e-12
792,198.000000,3,5.811485e-11,1.564065e-16,3.781208e-20,4.346301e-12
793,198.250000,3,5.808820e-11,1.564118e-16,-3.156521e-21,3.095302e-12
794,198.500000,3,5.806067e-11,1.564172e-16,-9.833523e-21,2.976064e-12
795,198.750000,3,5.803358e-11,1.013630e-16,2.408750e-21,2.234990e-12
796,199.000000,3,5.800693e-11,7.883585e-17,4.695077e-20,3.447242e-12
797,199.250000,3,5.797984e-11,1.564331e-16,-1.422751e-21,5.210055e-12
798,199.500000,3,5.795320e-11,1.564384e-16,2.830943e-20,3.056444e-12
799,199.750000,3,5.792655e-11,1.564437e-16,-2.315444e-20,2.969403e-12
800,200.000000,3,5.789946e-11,1.126109e-16,-5.810117e-21,3.885559e-12
801,200.250000,3,5.787282e-11,1.238688e-16,2.946748e-20,2.999268e-12
802,200.500000,3,5.784573e-11,1.564596e-16,1.886634e-20,3.704592e-12
803,200.750000,3,5.781953e-11,1.238624e-16,2.322723e-20,3.275935e-12
804,201.000000,3,5.779288e-11,1.564702e-16,-2.103686e-20,3.947509e-12
805,201.250000,3,5.776624e-11,9.007705e-17,-1.688110e-20,2.117306e-12
806,201.500000,3,5.773959e-11,1.564808e-16,3.833486e-20,2.266187e-12
807,201.750000,3,5.771383e-11,1.173646e-16,-2.177139e-21,2.608802e-12
808,202.000000,3,5.768719e-11,1.125876e-16,3.269018e-21,3.768097e-12
809,202.250000,3,5.766054e-11,1.125846e-16,-1.923691e-20,4.534817e-12
810,202.500000,3,5.763434e-11,1.565020e-16,3.400705e-20,1.756595e-12
811,202.750000,3,5.760770e-11,1.565073e-16,-7.054196e-21,3.987255e-12
812,203.000000,3,5.758194e-11,1.565126e-16,5.161607e-21,1.757372e-12
813,203.250000,3,5.755574e-11,1.565179e-16,1.258638e-20,3.997025e-12
814,203.500000,3,5.752998e-11,1.565232e-16,1.409516e-21,4.088174e-12
815,203.750000,3,5.750334e-11,1.565285e-16,-1.566349e-20,9.811041e-13
816,204.000000,3,5.747713e-11,9.005137e-17,4.336412e-20,2.555844e-12
817,204.250000,3,5.745182e-11,1.565391e-16,-3.957232e-21,3.238743e-12
818,204.500000,3,5.742606e-11,1.565444e-16,-4.615006e-20,2.159717e-12
819,204.750000,3,5.739942e-11,1.238110e-16,-1.707963e-20,3.102740e-12
820,205.000000,3,5.737322e-11,1.565549e-16,2.400147e-20,3.106071e-12
821,205.250000,3,5.734702e-11,1.174202e-16,9.012960e-21,2.834954e-12
822,205.500000,3,5.732215e-11,1.238014e-16,3.527098e-21,4.406919e-12
823,205.750000,3,5.729595e-11,1.565708e-16,-9.323980e-21,2.377765e-12
824,206.000000,3,5.727063e-11,1.125409e-16,2.011703e-20,3.187339e-12
825,206.250000,3,5.724443e-11,1.012842e-16,-7.669619e-21,4.132139e-12
826,206.500000,3,5.721912e-11,1.174400e-16,-2.646978e-20,3.051670e-12
827,206.750000,3,5.719381e-11,1.565919e-16,-2.600656e-21,5.348499e-12
828,207.000000,3,5.716849e-11,1.565972e-16,-1.822444e-20,3.067324e-12
829,207.250000,3,5.714229e-11,1.566025e-16,1.601422e-21,3.927636e-12
830,207.500000,3,5.711698e-11,1.174558e-16,2.552348e-20,3.232303e-12
831,207.750000,3,5.709166e-11,1.174598e-16,-1.948176e-20,3.943068e-12
832,208.000000,3,5.706635e-11,1.237694e-16,1.045556e-20,3.638423e-12
833,208.250000,3,5.704148e-11,1.012633e-16,-1.686787e-20,1.747602e-12
834,208.500000,3,5.701573e-11,1.566289e-16,2.005748e-20,4.624190e-12
835,208.750000,3,5.699130e-11,1.350107e-16,-1.799945e-20,1.846079e-12
836,209.000000,3,5.696554e-11,1.462578e-16,-3.773267e-20,3.312906e-13
837,209.250000,3,5.694067e-11,1.566447e-16,-2.298239e-20,7.428502e-13
838,209.500000,3,5.691536e-11,1.566499e-16,6.028492e-21,4.117484e-12
839,209.750000,3,5.689049e-11,1.566552e-16,3.695843e-20,4.202971e-12
840,210.000000,3,5.686518e-11,1.566605e-16,-4.215312e-21,3.141154e-12
841,210.250000,3,5.684075e-11,1.566657e-16,-1.175920e-20,3.055445e-12
842,210.500000,3,5.681544e-11,1.574840e-16,1.892589e-20,2.162936e-12
843,210.750000,3,5.679057e-11,1.566763e-16,1.289078e-20,5.210499e-12
844,211.000000,3,5.676615e-11,1.566815e-16,6.068197e-21,4.000689e-12
845,211.250000,3,5.674083e-11,8.998390e-17,1.654361e-22,2.272627e-12
846,211.500000,3,5.671597e-11,1.012293e-16,-3.751430e-20,1.487033e-12
847,211.750000,3,5.669154e-11,1.462163e-16,-1.758255e-20,2.314149e-12
848,212.000000,3,5.666667e-11,1.237183e-16,2.523893e-20,4.536704e-12
849,212.250000,3,5.664269e-11,1.567078e-16,-1.173935e-20,3.486988e-12
850,212.500000,3,5.661782e-11,1.567131e-16,4.872425e-20,3.183454e-12
851,212.750000,3,5.659295e-11,1.349550e-16,-8.033578e-21,3.696932e-12
852,213.000000,3,5.656808e-11,1.567236e-16,-4.605742e-21,2.449041e-12
853,213.250000,3,5.654410e-11,1.124567e-16,-3.330560e-20,3.272493e-12
854,213.500000,3,5.652012e-11,1.574353e-16,-8.357833e-21,3.396172e-12
855,213.750000,3,5.649525e-11,1.175542e-16,-3.308722e-23,1.050604e-12
856,214.000000,3,5.647083e-11,1.175579e-16,1.541865e-20,4.105605e-12
857,214.250000,3,5.644640e-11,1.349341e-16,4.168329e-20,3.745892e-12
858,214.500000,3,5.642242e-11,1.567538e-16,-1.124966e-20,1.860512e-12
859,214.750000,3,5.639800e-11,1.124393e-16,1.239447e-20,1.328049e-12
860,215.000000,3,5.637402e-11,1.567638e-16,4.049876e-21,3.763434e-12
861,215.250000,3,5.634959e-11,1.567687e-16,6.610827e-21,3.271383e-12
862,215.500000,3,5.632605e-11,1.567737e-16,1.173935e-20,1.909917e-12
863,215.750000,3,5.630163e-11,1.567787e-16,-1.462455e-21,4.056311e-12
864,216.000000,3,5.627765e-11,1.175877e-16,-1.023719e-20,3.250955e-12
865,216.250000,3,5.625322e-11,1.567886e-16,1.283784e-21,5.453638e-12
866,216.500000,3,5.622969e-11,1.236609e-16,-5.795558e-20,3.233636e-12
867,216.750000,3,5.620571e-11,1.011745e-16,4.221268e-20,2.790213e-12
868,217.000000,3,5.618173e-11,1.236545e-16,-2.196992e-21,2.097544e-12
869,217.250000,3,5.615819e-11,1.124103e-16,-5.787617e-20,3.311129e-12
870,217.500000,3,5.613421e-11,1.011667e-16,2.530511e-20,4.102718e-12
871,217.750000,3,5.610978e-11,2.352276e-16,-1.497528e-20,1.074030e-12
872,218.000000,3,5.608713e-11,1.568233e-16,-4.709636e-20,5.244249e-12
873,218.250000,3,5.606227e-11,1.236386e-16,2.594038e-20,2.229661e-12
874,218.500000,3,5.603873e-11,1.176249e-16,-1.693404e-20,2.811973e-12
875,218.750000,3,5.601608e-11,1.568382e-16,-5.062345e-21,4.198863e-12
876,219.000000,3,5.599254e-11,1.568432e-16,8.569591e-21,2.301270e-12
877,219.250000,3,5.596812e-11,1.568481e-16,3.422543e-20,2.575939e-12
878,219.500000,3,5.594503e-11,1.568531e-16,9.052665e-21,2.948086e-12
879,219.750000,3,5.592149e-11,1.568580e-16,-9.707792e-21,2.638445e-12
880,220.000000,3,5.589884e-11,1.568630e-16,-4.102816e-21,2.662315e-12
881,220.250000,3,5.587442e-11,1.568679e-16,2.340590e-20,1.522560e-12
882,220.500000,3,5.585177e-11,1.236099e-16,-4.956466e-21,3.250289e-12
883,220.750000,3,5.582823e-11,1.123698e-16,-2.120229e-20,4.155676e-12
884,221.000000,3,5.580469e-11,1.568828e-16,3.271665e-20,2.966183e-12
885,221.250000,3,5.578116e-11,1.123640e-16,-9.310745e-21,4.718004e-12
886,221.500000,3,5.575851e-11,1.123611e-16,-2.420661e-20,2.034595e-12
887,221.750000,3,5.573542e-11,1.573015e-16,-3.182991e-20,3.765654e-12
888,222.000000,3,5.571232e-11,1.569026e-16,3.570773e-20,5.646483e-12
889,222.250000,3,5.568923e-11,1.569075e-16,-1.608701e-20,3.525735e-12
890,222.500000,3,5.566658e-11,1.176844e-16,-2.215521e-20,1.620704e-12
891,222.750000,3,5.564260e-11,1.569174e-16,1.142833e-20,2.198242e-12
892,223.000000,3,5.562040e-11,1.569224e-16,3.136669e-21,6.638246e-12
893,223.250000,3,5.559686e-11,1.569273e-16,-1.586202e-20,2.858824e-12
894,223.500000,3,5.557421e-11,1.123379e-16,1.555100e-21,2.315259e-12
895,223.750000,3,5.555068e-11,1.569372e-16,4.433688e-20,1.694533e-12
896,224.000000,3,5.552847e-11,1.569422e-16,-1.837664e-20,2.339018e-12
897,224.250000,3,5.550538e-11,1.177103e-16,-2.680065e-21,2.269518e-12
898,224.500000,3,5.548317e-11,1.569520e-16,1.732447e-20,4.308109e-12
899,224.750000,3,5.545964e-11,1.235558e-16,9.919550e-21,3.731238e-12
900,225.000000,3,5.543699e-11,1.569619e-16,2.136773e-20,1.755929e-12
901,225.250000,3,5.541523e-11,1.569669e-16,-6.041727e-21,2.320144e-12
902,225.500000,3,5.539214e-11,1.569718e-16,-2.587421e-20,3.294920e-12
903,225.750000,3,5.536904e-11,1.347743e-16,-1.038939e-20,5.873191e-12
904,226.000000,3,5.534684e-11,1.569817e-16,1.923691e-20,1.117662e-12
905,226.250000,3,5.532419e-11,1.569866e-16,-4.737429e-20,1.395217e-12
906,226.500000,3,5.530199e-11,8.984257e-17,-1.287755e-20,3.306577e-12
907,226.750000,3,5.527934e-11,1.569965e-16,-3.293502e-20,2.967404e-12
908,227.000000,3,5.525713e-11,1.570014e-16,1.006513e-20,3.887224e-12
909,227.250000,3,5.523448e-11,1.177548e-16,-1.553776e-20,2.935763e-12
910,227.500000,3,5.521272e-11,1.570113e-16,-6.438774e-21,4.401146e-12
911,227.750000,3,5.518963e-11,1.570162e-16,8.635766e-21,4.122369e-12
912,228.000000,3,5.516787e-11,1.177658e-16,1.090555e-20,2.396749e-12
913,228.250000,3,5.514522e-11,1.177695e-16,1.670905e-20,2.990275e-12
914,228.500000,3,5.512346e-11,1.570310e-16,-1.813180e-21,3.310907e-12
915,228.750000,3,5.510081e-11,1.235049e-16,-2.108980e-20,5.357159e-12
916,229.000000,3,5.507950e-11,1.570408e-16,-5.955700e-23,4.843459e-12
917,229.250000,3,5.505729e-11,1.177843e-16,2.682712e-20,4.431899e-12
918,229.500000,3,5.503509e-11,1.122685e-16,-5.115285e-21,1.022071e-12
919,229.750000,3,5.501288e-11,1.010391e-16,2.752195e-20,2.330913e-12
920,230.000000,3,5.499068e-11,1.570605e-16,-2.620508e-21,4.710898e-12
921,230.250000,3,5.496892e-11,1.570655e-16,7.517417e-21,3.496758e-12
922,230.500000,3,5.494716e-11,1.178028e-16,-1.971337e-20,4.602985e-12
923,230.750000,3,5.492495e-11,1.570753e-16,-1.935603e-20,3.067879e-12
924,231.000000,3,5.490319e-11,1.570802e-16,1.434000e-20,4.004130e-12
925,231.250000,3,5.488143e-11,1.570851e-16,2.793885e-20,3.401723e-12
926,231.500000,3,5.485967e-11,2.356351e-16,4.288104e-21,3.234968e-12
927,231.750000,3,5.483747e-11,1.459152e-16,9.231336e-21,2.204348e-12
928,232.000000,3,5.481615e-11,1.570999e-16,-1.731124e-20,4.380607e-12
929,232.250000,3,5.479395e-11,1.234604e-16,-3.148580e-20,2.454925e-12
930,232.500000,3,5.477263e-11,1.010104e-16,6.485758e-20,3.621659e-12
931,232.750000,3,5.475131e-11,1.571146e-16,-8.516652e-21,3.135492e-12
932,233.000000,3,5.472911e-11,1.571196e-16,1.006513e-20,3.269163e-12
933,233.250000,3,5.470824e-11,1.571245e-16,1.998468e-20,2.173262e-12
934,233.500000,3,5.468603e-11,1.178470e-16,6.114519e-21,4.027445e-12
935,233.750000,3,5.466472e-11,1.571343e-16,-1.528630e-20,2.270184e-12
936,234.000000,3,5.464296e-11,1.571392e-16,5.501082e-20,2.226663e-12
937,234.250000,3,5.462208e-11,1.178581e-16,-9.489416e-21,3.423928e-12
938,234.500000,3,5.460032e-11,1.571490e-16,2.656242e-20,2.800316e-12
939,234.750000,3,5.457901e-11,1.178655e-16,-1.274520e-20,3.061662e-12
940,235.000000,3,5.455814e-11,1.571588e-16,4.179578e-20,3.741119e-12
941,235.250000,3,5.453638e-11,1.571637e-16,1.902515e-20,4.475198e-12
942,235.500000,3,5.451550e-11,1.571687e-16,-2.095745e-20,5.942469e-12
943,235.750000,3,5.449330e-11,1.571736e-16,-4.003554e-21,2.527090e-12
944,236.000000,3,5.447243e-11,1.571785e-16,-9.098987e-21,3.476663e-12
945,236.250000,3,5.445200e-11,1.571834e-16,5.029258e-22,2.242984e-12
946,236.500000,3,5.443024e-11,1.571883e-16,1.712595e-20,2.616907e-12
947,236.750000,3,5.440937e-11,1.682770e-16,-5.968935e-21,2.825851e-12
948,237.000000,3,5.438805e-11,1.571981e-16,-2.448455e-22,2.873701e-12
949,237.250000,3,5.436718e-11,1.346146e-16,1.622597e-20,1.464162e-12
950,237.500000,3,5.434586e-11,2.358118e-16,-8.020343e-21,1.628808e-12
951,237.750000,3,5.432499e-11,1.572128e-16,-3.789149e-20,6.200929e-12
952,238.000000,3,5.430412e-11,1.346042e-16,-1.609363e-20,3.531619e-12
953,238.250000,3,5.428280e-11,1.009506e-16,6.101284e-21,2.985057e-12
954,238.500000,3,5.426237e-11,1.179206e-16,-3.268356e-20,2.368106e-12
955,238.750000,3,5.424194e-11,1.179243e-16,-3.630330e-20,1.868616e-12
956,239.000000,3,5.422063e-11,1.009427e-16,1.174596e-20,3.219758e-12
957,239.250000,3,5.420020e-11,1.572421e-16,-7.146840e-21,4.145129e-12
958,239.500000,3,5.417888e-11,1.572470e-16,2.893809e-20,4.272360e-12
959,239.750000,3,5.415801e-11,1.572519e-16,-3.454968e-20,1.539102e-12
960,240.000000,3,5.413803e-11,1.572568e-16,-1.104452e-20,3.999800e-12
961,240.250000,3,5.411716e-11,8.971526e-17,-9.575443e-21,3.267164e-12
962,240.500000,3,5.409628e-11,1.572666e-16,-1.646420e-20,2.291500e-12
963,240.750000,3,5.407630e-11,1.572715e-16,-7.232867e-21,3.512746e-12
964,241.000000,3,5.405543e-11,1.345619e-16,-1.568334e-21,2.378764e-12
965,241.250000,3,5.403500e-11,1.572813e-16,-6.769646e-21,4.347189e-12
966,241.500000,3,5.401457e-11,1.572861e-16,4.628241e-20,3.294365e-12
967,241.750000,3,5.399414e-11,1.233380e-16,1.458485e-20,3.801848e-12
968,242.000000,3,5.397371e-11,1.233344e-16,-1.038939e-20,4.660605e-12
969,242.250000,3,5.395417e-11,1.179756e-16,1.905824e-21,4.107492e-12
970,242.500000,3,5.393330e-11,1.233273e-16,-2.097730e-20,4.424794e-12
971,242.750000,3,5.391287e-11,1.179829e-16,-7.656384e-21,2.633449e-12
972,243.000000,3,5.389289e-11,1.573154e-16,8.139457e-21,3.467227e-12
973,243.250000,3,5.387246e-11,1.179902e-16,-1.551791e-20,3.987477e-12
974,243.500000,3,5.385159e-11,1.573252e-16,-2.247284e-20,1.816880e-12
975,243.750000,3,5.383205e-11,1.573301e-16,2.070599e-20,3.468004e-12
976,244.000000,3,5.381162e-11,1.573350e-16,1.207022e-20,3.933187e-12
977,244.250000,3,5.379119e-11,1.120926e-16,3.699152e-21,2.392753e-12
978,244.500000,3,5.377121e-11,8.967141e-17,-2.177139e-21,1.673661e-12
979,244.750000,3,5.375123e-11,1.232945e-16,-2.234049e-20,3.738565e-12
980,245.000000,3,5.373213e-11,7.867723e-17,4.301339e-21,3.223755e-12
981,245.250000,3,5.371126e-11,1.573593e-16,-4.248400e-20,4.057754e-12
982,245.500000,3,5.369127e-11,1.573642e-16,8.079900e-21,5.223044e-12
983,245.750000,3,5.367173e-11,1.180268e-16,-1.011807e-20,4.663381e-12
984,246.000000,3,5.365131e-11,1.573740e-16,3.571435e-20,1.656786e-12
985,246.250000,3,5.363177e-11,1.573788e-16,-2.200300e-20,2.079115e-12
986,246.500000,3,5.361223e-11,1.008557e-16,1.474367e-20,2.855605e-12
987,246.750000,3,5.359224e-11,1.573886e-16,1.075997e-20,5.888179e-12
988,247.000000,3,5.357181e-11,1.573934e-16,1.048203e-20,2.490008e-12
989,247.250000,3,5.355227e-11,1.180487e-16,1.295034e-20,3.772649e-12
990,247.500000,3,5.353273e-11,1.574032e-16,-1.126951e-20,5.318745e-12
991,247.750000,3,5.351319e-11,1.574080e-16,1.496866e-20,3.543055e-12
992,248.000000,3,5.349321e-11,1.180597e-16,-1.651053e-20,3.028466e-12
993,248.250000,3,5.347323e-11,1.574178e-16,1.107099e-20,3.751666e-12
994,248.500000,3,5.345369e-11,1.574226e-16,1.164670e-20,3.390621e-12
995,248.750000,3,5.343459e-11,1.574275e-16,3.252474e-20,5.702994e-12
996,249.000000,3,5.341461e-11,1.574323e-16,1.160038e-20,1.985190e-12
997,249.250000,3,5.339507e-11,1.574372e-16,3.159168e-20,1.819767e-12
998,249.500000,3,5.337553e-11,1.574421e-16,-4.705003e-21,3.781642e-12
999,249.750000,3,5.335643e-11,1.574468e-16,-1.660979e-21,1.131317e-12
1000,250.000000,3,5.333645e-11,8.961001e-17,2.177139e-21,2.889244e-12
1001,250.250000,3,5.331735e-11,1.574560e-16,8.404155e-22,3.114620e-12
1002,250.500000,3,5.329737e-11,1.120053e-16,1.427383e-20,3.132050e-12
1003,250.750000,3,5.327827e-11,1.574653e-16,-3.814295e-20,1.828204e-12
1004,251.000000,3,5.325873e-11,1.574699e-16,-2.966601e-20,3.585576e-12
1005,251.250000,3,5.324008e-11,1.574745e-16,-8.337981e-21,2.905787e-12
1006,251.500000,3,5.322009e-11,1.574791e-16,2.521908e-20,2.147837e-12
1007,251.750000,3,5.320100e-11,1.007884e-16,1.285108e-20,2.849165e-12
1008,252.000000,3,5.318190e-11,1.231819e-16,-8.337981e-22,4.245160e-12
1009,252.250000,3,5.316236e-11,1.574930e-16,4.390013e-20,3.768541e-12
1010,252.500000,3,5.314371e-11,1.181232e-16,-1.647744e-21,2.447487e-12
1011,252.750000,3,5.312417e-11,1.181266e-16,2.164566e-20,2.640110e-12
1012,253.000000,3,5.310508e-11,1.119688e-16,-3.677976e-20,3.921530e-12
1013,253.250000,3,5.308554e-11,1.181336e-16,-3.884440e-21,2.788991e-12
1014,253.500000,3,5.306688e-11,1.679421e-16,-1.707301e-21,3.778089e-12
1015,253.750000,3,5.304779e-11,1.231535e-16,5.638063e-21,3.136380e-12
1016,254.000000,3,5.302869e-11,1.231494e-16,3.123434e-21,3.428369e-12
1017,254.250000,3,5.300960e-11,1.007553e-16,1.075997e-20,3.093525e-12
1018,254.500000,3,5.299050e-11,1.575345e-16,3.758709e-21,2.112976e-12
1019,254.750000,3,5.297141e-11,1.119428e-16,-6.220398e-22,3.782086e-12
1020,255.000000,3,5.295275e-11,8.955128e-17,3.947968e-20,2.145950e-12
1021,255.250000,3,5.293410e-11,1.343224e-16,-3.325928e-20,3.634870e-12
1022,255.500000,3,5.291545e-11,1.119316e-16,-4.133918e-20,1.619482e-12
1023,255.750000,3,5.289547e-11,1.181681e-16,1.858179e-20,1.595279e-12
1024,256.000000,3,5.287681e-11,1.575621e-16,8.602678e-22,2.293943e-12
1025,256.250000,3,5.285861e-11,1.575667e-16,-2.977850e-20,1.589728e-12
1026,256.500000,3,5.283951e-11,1.575713e-16,-4.817500e-21,4.086509e-12
1027,256.750000,3,5.282086e-11,1.181819e-16,1.390987e-20,3.536060e-12
1028,257.000000,3,5.280221e-11,1.575805e-16,1.068717e-20,3.048783e-12
1029,257.250000,3,5.278356e-11,1.181889e-16,2.877265e-20,1.808997e-12
1030,257.500000,3,5.276490e-11,1.902323e-16,5.181459e-21,2.169709e-12
1031,257.750000,3,5.274625e-11,1.575943e-16,-3.349751e-20,3.122724e-12
1032,258.000000,3,5.272760e-11,1.181992e-16,8.073283e-21,3.820944e-12
1033,258.250000,3,5.270806e-11,1.576035e-16,1.905162e-20,2.845058e-12
1034,258.500000,3,5.269030e-11,1.576081e-16,1.356576e-21,4.491296e-12
1035,258.750000,3,5.267164e-11,1.182096e-16,-6.617445e-22,3.936962e-12
1036,259.000000,3,5.265344e-11,1.576173e-16,-4.023406e-21,5.095924e-12
1037,259.250000,3,5.263390e-11,1.576219e-16,2.302871e-21,4.390155e-12
1038,259.500000,3,5.261658e-11,7.881327e-17,-7.729176e-21,5.405565e-12
1039,259.750000,3,5.259837e-11,1.576311e-16,-8.404155e-22,3.640532e-12
1040,260.000000,3,5.257839e-11,1.576357e-16,2.369045e-20,4.573675e-12
1041,260.250000,3,5.256018e-11,1.576403e-16,1.374443e-20,2.617573e-12
1042,260.500000,3,5.254197e-11,7.882246e-17,2.382280e-21,4.463874e-12
1043,260.750000,3,5.252376e-11,1.342216e-16,-1.771490e-20,4.615863e-12
1044,261.000000,3,5.250556e-11,1.342169e-16,-4.120683e-20,2.644995e-12
1045,261.250000,3,5.248735e-11,1.576587e-16,2.211550e-20,2.464251e-12
1046,261.500000,3,5.246914e-11,1.576633e-16,2.028247e-20,5.194289e-12
1047,261.750000,3,5.245093e-11,1.576679e-16,-4.888968e-20,3.910650e-12
1048,262.000000,3,5.243228e-11,1.182544e-16,-1.473043e-20,2.940426e-12
1049,262.250000,3,5.241407e-11,1.182578e-16,4.223915e-20,3.432032e-12
1050,262.500000,3,5.239631e-11,1.576817e-16,-1.704654e-20,1.924683e-12
1051,262.750000,3,5.237766e-11,1.576862e-16,1.399590e-20,4.065415e-12
1052,263.000000,3,5.235945e-11,1.576908e-16,1.522674e-20,9.701129e-13
1053,263.250000,3,5.234124e-11,1.453559e-16,-2.032217e-20,3.697820e-12
1054,263.500000,3,5.232348e-11,1.453508e-16,-1.885972e-20,5.007550e-12
1055,263.750000,3,5.230572e-11,1.577046e-16,2.369045e-20,4.069078e-12
1056,264.000000,3,5.228706e-11,1.229804e-16,2.430588e-20,4.185319e-12
1057,264.250000,3,5.226886e-11,1.182853e-16,-1.158715e-20,2.758460e-12
1058,264.500000,3,5.225198e-11,1.006132e-16,4.235165e-21,4.221290e-12
1059,264.750000,3,5.223377e-11,1.182922e-16,-1.521351e-20,3.971490e-12
1060,265.000000,3,5.221601e-11,1.577275e-16,1.690095e-20,1.558087e-12
1061,265.250000,3,5.219825e-11,1.453147e-16,-5.016023e-21,3.579581e-12
1062,265.500000,3,5.217915e-11,1.577367e-16,4.016127e-20,2.360334e-12
1063,265.750000,3,5.216227e-11,1.229498e-16,-1.545835e-20,3.074985e-12
1064,266.000000,3,5.214318e-11,1.577458e-16,1.449220e-21,3.225531e-12
1065,266.250000,3,5.212586e-11,1.577504e-16,-1.642450e-20,4.111045e-12
1066,266.500000,3,5.210810e-11,1.577550e-16,-1.938250e-20,4.646505e-12
1067,266.750000,3,5.209122e-11,1.183197e-16,3.484085e-20,3.556266e-12
1068,267.000000,3,5.207301e-11,1.577642e-16,-1.987219e-20,2.353229e-12
1069,267.250000,3,5.205525e-11,1.183265e-16,-1.189155e-20,3.070766e-12
1070,267.500000,3,5.203704e-11,1.577733e-16,-3.832162e-20,2.945200e-12
1071,267.750000,3,5.201972e-11,1.577779e-16,-1.813180e-20,4.598433e-12
1072,268.000000,3,5.200196e-11,1.183368e-16,2.097730e-21,1.407874e-12
1073,268.250000,3,5.198464e-11,1.577870e-16,4.290090e-20,2.022715e-12
1074,268.500000,3,5.196688e-11,1.229012e-16,3.229313e-21,3.873235e-12
1075,268.750000,3,5.194867e-11,1.577962e-16,-3.063877e-21,2.267297e-12
1076,269.000000,3,5.193135e-11,1.228923e-16,2.108318e-20,3.533840e-12
1077,269.250000,3,5.191403e-11,1.578053e-16,5.657915e-21,3.596012e-12
1078,269.500000,3,5.189627e-11,1.183574e-16,-9.012960e-21,4.392930e-12
1079,269.750000,3,5.187895e-11,1.452206e-16,1.353929e-20,3.593570e-12
1080,270.000000,3,5.186118e-11,1.578190e-16,-8.556356e-21,2.653766e-12
1081,270.250000,3,5.184386e-11,1.578236e-16,-3.681946e-20,3.440137e-12
1082,270.500000,3,5.182699e-11,1.183711e-16,4.453540e-21,5.845324e-12
1083,270.750000,3,5.180967e-11,1.005227e-16,3.510555e-20,2.656320e-12
1084,271.000000,3,5.179190e-11,1.578373e-16,8.933551e-22,2.960743e-12
1085,271.250000,3,5.177458e-11,1.675255e-16,-6.101284e-21,4.367173e-12
1086,271.500000,3,5.175771e-11,1.578464e-16,-1.852223e-20,1.929790e-12
1087,271.750000,3,5.173950e-11,1.578510e-16,4.462143e-20,2.973510e-12
1088,272.000000,3,5.172307e-11,1.578556e-16,-1.999792e-20,2.572276e-12
1089,272.250000,3,5.170486e-11,1.116673e-16,-2.428602e-21,1.647904e-12
1090,272.500000,3,5.168754e-11,1.183985e-16,2.785283e-20,1.485478e-12
1091,272.750000,3,5.167111e-11,1.578693e-16,-3.574744e-20,4.248935e-12
1092,273.000000,3,5.165379e-11,1.578738e-16,-4.681181e-20,3.188338e-12
1093,273.250000,3,5.163603e-11,1.184088e-16,-2.011703e-20,3.482103e-12
1094,273.500000,3,5.161871e-11,1.339760e-16,1.149450e-20,4.820810e-12
1095,273.750000,3,5.160183e-11,1.578875e-16,6.114519e-21,1.920797e-12
1096,274.000000,3,5.158496e-11,1.578921e-16,-5.272118e-20,3.254397e-12
1097,274.250000,3,5.156764e-11,1.578966e-16,1.773475e-21,2.869260e-12
1098,274.500000,3,5.155076e-11,1.184259e-16,1.877369e-20,3.512080e-12
1099,274.750000,3,5.153389e-11,1.579057e-16,-3.046010e-20,3.112954e-12
1100,275.000000,3,5.151701e-11,1.579103e-16,1.111069e-20,4.262812e-12
1101,275.250000,3,5.149969e-11,1.579148e-16,-1.101805e-20,4.792389e-12
1102,275.500000,3,5.148326e-11,1.116135e-16,-1.490249e-20,3.216982e-12
1103,275.750000,3,5.146594e-11,1.579240e-16,-2.331326e-20,3.476108e-12
1104,276.000000,3,5.144862e-11,1.184464e-16,1.551129e-20,3.043343e-12
1105,276.250000,3,5.143219e-11,1.184498e-16,-1.600760e-20,3.596790e-12
1106,276.500000,3,5.141487e-11,1.004371e-16,-1.208345e-20,3.450018e-12
1107,276.750000,3,5.139800e-11,1.579422e-16,-2.466983e-20,3.447909e-12
1108,277.000000,3,5.138112e-11,1.339061e-16,-4.314574e-21,5.825895e-12
1109,277.250000,3,5.136425e-11,1.450595e-16,6.584358e-21,4.202638e-12
1110,277.500000,3,5.134826e-11,1.115800e-16,9.529121e-22,4.568901e-12
1111,277.750000,3,5.133050e-11,1.579604e-16,-4.718238e-21,1.878164e-12
1112,278.000000,3,5.131406e-11,1.579649e-16,9.992342e-22,1.042277e-12
1113,278.250000,3,5.129719e-11,1.184771e-16,2.042805e-20,5.165868e-12
1114,278.500000,3,5.128120e-11,1.115632e-16,-2.069275e-20,6.024181e-12
1115,278.750000,3,5.126477e-11,1.338708e-16,-8.390920e-21,1.423861e-12
1116,279.000000,3,5.124745e-11,1.184873e-16,1.173273e-20,3.202438e-12
1117,279.250000,3,5.123013e-11,1.579876e-16,-1.906486e-20,2.891798e-12
1118,279.500000,3,5.121414e-11,1.227009e-16,1.560394e-20,3.233303e-12
1119,279.750000,3,5.119682e-11,1.226963e-16,4.089581e-20,8.788525e-13
1120,280.000000,3,5.118039e-11,1.580013e-16,1.939573e-20,2.650435e-12
1121,280.250000,3,5.116441e-11,1.115336e-16,-3.078435e-20,2.831624e-12
1122,280.500000,3,5.114709e-11,1.185078e-16,1.993836e-20,2.659761e-12
1123,280.750000,3,5.113066e-11,1.580149e-16,1.044233e-20,1.430633e-12
1124,281.000000,3,5.111422e-11,1.580194e-16,5.166239e-20,3.447465e-12
1125,281.250000,3,5.109735e-11,1.580240e-16,4.317883e-20,5.108469e-12
1126,281.500000,3,5.108136e-11,1.580285e-16,-2.464336e-20,4.105716e-12
1127,281.750000,3,5.106493e-11,1.003573e-16,3.574082e-20,2.956746e-12
1128,282.000000,3,5.104894e-11,1.226542e-16,-8.754880e-21,6.925238e-12
1129,282.250000,3,5.103207e-11,1.185316e-16,1.928323e-20,2.460698e-12
1130,282.500000,3,5.101564e-11,1.226448e-16,8.801202e-22,3.008926e-12
1131,282.750000,3,5.099965e-11,1.114910e-16,-2.592053e-20,2.624345e-12
1132,283.000000,3,5.098277e-11,1.003380e-16,1.249374e-20,2.894351e-12
1133,283.250000,3,5.096723e-11,1.580603e-16,8.218867e-21,3.692380e-12
1134,283.500000,3,5.094991e-11,1.580648e-16,-3.306075e-20,3.835487e-12
1135,283.750000,3,5.093437e-11,1.449160e-16,-2.216844e-21,1.831535e-12
1136,284.000000,3,5.091749e-11,1.185554e-16,-3.002996e-20,4.197531e-12
1137,284.250000,3,5.090195e-11,1.580784e-16,-6.491713e-21,3.054668e-12
1138,284.500000,3,5.088552e-11,1.226070e-16,-1.600098e-20,1.963540e-12
1139,284.750000,3,5.086953e-11,1.226023e-16,1.629877e-20,2.229439e-12
1140,285.000000,3,5.085310e-11,1.114523e-16,1.104452e-20,3.935852e-12
1141,285.250000,3,5.083711e-11,1.580965e-16,1.727815e-20,3.835043e-12
1142,285.500000,3,5.082113e-11,1.581010e-16,-2.726387e-21,5.590639e-12
1143,285.750000,3,5.080469e-11,1.560151e-16,-1.066070e-20,4.308220e-12
1144,286.000000,3,5.078915e-11,1.225786e-16,2.682050e-20,3.739675e-12
1145,286.250000,3,5.077228e-11,1.581146e-16,-1.158715e-20,3.384182e-12
1146,286.500000,3,5.075673e-11,1.185894e-16,-2.618523e-20,3.099077e-12
1147,286.750000,3,5.073986e-11,1.581237e-16,5.284691e-20,4.346967e-12
1148,287.000000,3,5.072431e-11,1.185961e-16,-2.984468e-21,1.865064e-12
1149,287.250000,3,5.070833e-11,1.114134e-16,1.259300e-20,4.444556e-12
1150,287.500000,3,5.069234e-11,1.581372e-16,2.064643e-20,3.407163e-12
1151,287.750000,3,5.067635e-11,1.581418e-16,6.610827e-21,3.351874e-12
1152,288.000000,3,5.066036e-11,1.671005e-16,-2.901750e-20,3.112288e-12
1153,288.250000,3,5.064482e-11,1.186131e-16,1.755608e-20,2.693401e-12
1154,288.500000,3,5.062883e-11,1.225308e-16,-1.191802e-20,3.201883e-12
1155,288.750000,3,5.061285e-11,1.581598e-16,-3.269018e-20,3.256839e-12
1156,289.000000,3,5.059730e-11,1.336595e-16,-1.715242e-20,2.781442e-12
1157,289.250000,3,5.058087e-11,1.581689e-16,-3.008952e-20,2.310485e-12
1158,289.500000,3,5.056533e-11,1.186299e-16,3.740180e-20,2.841172e-12
1159,289.750000,3,5.054934e-11,1.186332e-16,-2.326032e-20,3.390288e-12
1160,290.000000,3,5.053291e-11,1.186364e-16,1.154082e-20,4.453549e-12
1161,290.250000,3,5.051781e-11,1.224971e-16,9.462946e-21,2.772671e-12
1162,290.500000,3,5.050227e-11,1.581905e-16,1.529953e-20,4.444445e-12
1163,290.750000,3,5.048584e-11,1.447579e-16,-2.633743e-21,3.317790e-12
1164,291.000000,3,5.047074e-11,1.581991e-16,1.861487e-20,4.165446e-12
1165,291.250000,3,5.045520e-11,1.582034e-16,-6.617445e-24,2.356226e-12
1166,291.500000,3,5.044010e-11,1.002051e-16,-2.782636e-20,4.139911e-12
1167,291.750000,3,5.042367e-11,1.582120e-16,-1.375105e-20,2.757572e-12
1168,292.000000,3,5.040812e-11,1.447293e-16,1.310916e-20,3.147482e-12
1169,292.250000,3,5.039302e-11,1.224584e-16,3.874514e-20,3.815503e-12
1170,292.500000,3,5.037704e-11,1.582249e-16,-1.611348e-20,3.884892e-12
1171,292.750000,3,5.036105e-11,1.447121e-16,6.392452e-21,2.968181e-12
1172,293.000000,3,5.034551e-11,1.001813e-16,4.300677e-20,1.162181e-12
1173,293.250000,3,5.032996e-11,1.582379e-16,-1.692742e-20,3.958278e-12
1174,293.500000,3,5.031486e-11,1.186816e-16,1.439294e-20,2.322254e-12
1175,293.750000,3,5.029888e-11,1.112993e-16,-7.464478e-21,4.426237e-12
1176,294.000000,3,5.028333e-11,1.001654e-16,1.383708e-20,2.957301e-12
1177,294.250000,3,5.026868e-11,1.335485e-16,-3.124757e-20,3.289036e-12
1178,294.500000,3,5.025269e-11,1.582594e-16,-2.468307e-21,4.308220e-12
1179,294.750000,3,5.023759e-11,1.446660e-16,2.979835e-20,2.618461e-12
1180,295.000000,3,5.022160e-11,1.557880e-16,-1.076658e-20,3.130940e-12
1181,295.250000,3,5.020651e-11,1.112727e-16,7.027726e-21,2.247091e-12
1182,295.500000,3,5.019052e-11,2.374149e-16,-2.499409e-20,2.571721e-12
1183,295.750000,3,5.017586e-11,1.187107e-16,-9.866610e-21,3.055889e-12
1184,296.000000,3,5.016032e-11,1.582852e-16,-2.561613e-20,2.308043e-12
1185,296.250000,3,5.014478e-11,1.582895e-16,-3.931424e-20,4.426348e-12
1186,296.500000,3,5.012968e-11,1.001253e-16,-9.264423e-21,1.154410e-12
1187,296.750000,3,5.011458e-11,1.223705e-16,-9.575443e-21,3.228084e-12
1188,297.000000,3,5.009948e-11,1.583024e-16,2.296915e-20,2.033151e-12
1189,297.250000,3,5.008438e-11,1.583067e-16,3.947968e-20,4.333978e-12
1190,297.500000,3,5.006884e-11,1.583110e-16,2.689330e-20,5.138223e-12
1191,297.750000,3,5.005374e-11,1.223508e-16,-2.485512e-20,2.178702e-12
1192,298.000000,3,5.003820e-11,1.001012e-16,-6.637297e-21,6.324941e-13
1193,298.250000,3,5.002265e-11,1.223410e-16,4.399939e-20,3.940848e-12
1194,298.500000,3,5.000755e-11,1.583282e-16,1.248050e-20,3.472667e-12
1195,298.750000,3,4.999334e-11,1.187493e-16,4.678534e-21,4.843237e-12
1196,299.000000,3,4.997824e-11,1.112056e-16,-2.766092e-20,5.606071e-12
1197,299.250000,3,4.996314e-11,1.334413e-16,-5.097418e-20,3.323231e-12
1198,299.500000,3,4.994760e-11,1.556752e-16,1.070041e-20,3.405942e-12
1199,299.750000,3,4.993250e-11,1.187622e-16,-2.767415e-20,2.974065e-12
1200,300.000000,3,4.991696e-11,1.583539e-16,6.459288e-20,3.959055e-12
1201,300.250000,3,4.990230e-11,1.583582e-16,2.961968e-20,4.445777e-12
1202,300.500000,3,4.988765e-11,1.111787e-16,-1.822444e-20,2.940981e-12
1203,300.750000,3,4.987166e-11,1.583668e-16,-4.049215e-20,4.251044e-12
1204,301.000000,3,4.985745e-11,1.583711e-16,1.310254e-21,4.917622e-12
1205,301.250000,3,4.984191e-11,1.583754e-16,2.508012e-21,3.666623e-12
1206,301.500000,3,4.982814e-11,1.333935e-16,-6.207163e-21,2.137401e-12
1207,301.750000,3,4.981304e-11,1.000413e-16,-1.224227e-20,2.555733e-12
1208,302.000000,3,4.979794e-11,1.667290e-16,-6.974787e-21,3.231526e-12
1209,302.250000,3,4.978240e-11,1.000335e-16,-1.535247e-21,3.552603e-12
1210,302.500000,3,4.976819e-11,1.583968e-16,-2.581465e-20,5.043410e-12
1211,302.750000,3,4.975309e-11,1.584011e-16,1.388340e-20,4.274026e-12
1212,303.000000,3,4.973844e-11,1.444762e-16,2.437205e-20,3.293588e-12
1213,303.250000,3,4.972378e-11,1.333576e-16,-3.246518e-20,2.779443e-12
1214,303.500000,3,4.970868e-11,1.188104e-16,1.199743e-20,3.607226e-12
1215,303.750000,3,4.969403e-11,8.889827e-17,3.013584e-20,4.059530e-12
1216,304.000000,3,4.967893e-11,1.584225e-16,-3.594596e-20,1.581513e-12
1217,304.250000,3,4.966472e-11,1.111144e-16,9.456329e-21,4.508838e-12
1218,304.500000,3,4.964962e-11,1.111102e-16,-1.932294e-21,1.287304e-12
1219,304.750000,3,4.963496e-11,1.584353e-16,1.465764e-20,2.179146e-12
1220,305.000000,3,4.962031e-11,1.584396e-16,-5.327043e-21,2.039480e-12
1221,305.250000,3,4.960521e-11,1.584439e-16,2.669477e-20,1.904477e-12
1222,305.500000,3,4.959055e-11,1.584482e-16,2.341252e-20,3.595568e-12
1223,305.750000,3,4.957634e-11,1.666338e-16,7.173310e-21,2.675637e-12
1224,306.000000,3,4.956169e-11,1.584567e-16,6.604210e-21,3.484546e-12
1225,306.250000,3,4.954659e-11,1.584610e-16,-7.854907e-21,3.568257e-12
1226,306.500000,3,4.953193e-11,1.584653e-16,-2.584112e-20,3.724798e-12
1227,306.750000,3,4.951772e-11,1.584696e-16,2.538452e-20,2.089662e-12
1228,307.000000,3,4.950262e-11,1.584738e-16,2.959983e-20,4.655387e-12
1229,307.250000,3,4.948841e-11,1.110643e-16,-5.213223e-20,6.241452e-12
1230,307.500000,3,4.947420e-11,9.995410e-17,4.168990e-21,3.296474e-12
1231,307.750000,3,4.945910e-11,1.110560e-16,-4.420453e-21,4.240830e-12
1232,308.000000,3,4.944489e-11,1.110518e-16,-1.903839e-20,2.240208e-12
1233,308.250000,3,4.943024e-11,1.221525e-16,1.698698e-20,3.024692e-12
1234,308.500000,3,4.941603e-11,1.188746e-16,-2.130817e-20,2.079448e-12
1235,308.750000,3,4.940182e-11,1.188778e-16,6.597593e-21,4.898082e-12
1236,309.000000,3,4.938716e-11,1.585080e-16,-2.513967e-20,3.256728e-12
1237,309.250000,3,4.937295e-11,1.585123e-16,-1.905824e-21,3.555822e-12
1238,309.500000,3,4.935874e-11,1.585166e-16,-1.303637e-21,2.331690e-12
1239,309.750000,3,4.934408e-11,1.585208e-16,8.271806e-22,2.980727e-12
1240,310.000000,3,4.932899e-11,1.332227e-16,-9.237953e-21,3.606004e-12
1241,310.250000,3,4.931522e-11,1.585294e-16,4.658681e-21,2.281730e-12
1242,310.500000,3,4.930056e-11,1.585336e-16,-4.422438e-20,3.418155e-12
1243,310.750000,3,4.928635e-11,9.990593e-17,-1.869428e-20,2.261968e-12
1244,311.000000,3,4.927214e-11,1.585422e-16,5.201312e-21,3.337997e-12
1245,311.250000,3,4.925749e-11,1.585464e-16,5.565933e-20,3.782974e-12
1246,311.500000,3,4.924328e-11,9.989489e-17,-2.116921e-20,2.922107e-12
1247,311.750000,3,4.922907e-11,1.189162e-16,2.356472e-20,2.936540e-12
1248,312.000000,3,4.921530e-11,9.988754e-17,-2.084495e-20,4.145129e-12
1249,312.250000,3,4.920064e-11,1.585635e-16,6.021875e-22,1.415978e-12
1250,312.500000,3,4.918643e-11,1.585678e-16,8.139457e-21,3.412159e-12
1251,312.750000,3,4.917311e-11,1.109739e-16,1.078644e-21,4.079848e-12
1252,313.000000,3,4.915846e-11,8.877589e-17,2.740946e-20,5.000445e-12
1253,313.250000,3,4.914380e-11,1.331590e-16,3.024172e-21,4.898970e-12
1254,313.500000,3,4.913003e-11,1.585848e-16,-2.481542e-21,4.420686e-12
1255,313.750000,3,4.911582e-11,1.189418e-16,1.083276e-20,3.996137e-12
1256,314.000000,3,4.910117e-11,1.553351e-16,1.989204e-20,1.661782e-12
1257,314.250000,3,4.908740e-11,1.189482e-16,-8.152692e-21,4.109602e-12
1258,314.500000,3,4.907363e-11,1.189514e-16,2.370369e-20,1.397549e-12
1259,314.750000,3,4.905942e-11,1.109415e-16,3.381514e-20,1.859179e-12
1260,315.000000,3,4.904521e-11,1.189578e-16,1.558408e-20,4.252598e-12
1261,315.250000,3,4.903189e-11,1.586146e-16,2.450440e-20,2.889466e-12
1262,315.500000,3,4.901679e-11,1.586189e-16,-2.598671e-20,2.455147e-12
1263,315.750000,3,4.900391e-11,1.586231e-16,-5.313808e-21,3.280931e-12
1264,316.000000,3,4.898970e-11,1.586274e-16,6.178708e-20,2.848832e-12
1265,316.250000,3,4.897549e-11,1.586316e-16,-1.586863e-20,2.049916e-12
1266,316.500000,3,4.896128e-11,1.586359e-16,-5.042493e-21,1.020961e-12
1267,316.750000,3,4.894707e-11,1.586401e-16,-1.358561e-20,3.883338e-12
1268,317.000000,3,4.893375e-11,1.586444e-16,1.753623e-21,3.895329e-12
1269,317.250000,3,4.892042e-11,1.189865e-16,-8.510034e-21,3.418155e-12
1270,317.500000,3,4.890621e-11,1.586529e-16,-9.304128e-21,5.780709e-12
1271,317.750000,3,4.889245e-11,1.586571e-16,-1.539879e-20,2.215117e-12
1272,318.000000,3,4.887912e-11,1.586614e-16,1.070041e-20,4.831247e-12
1273,318.250000,3,4.886491e-11,1.108850e-16,-1.115701e-20,5.265566e-12
1274,318.500000,3,4.885026e-11,1.586699e-16,-1.561717e-21,2.903455e-12
1275,318.750000,3,4.883693e-11,1.586741e-16,1.269888e-20,4.119372e-12
1276,319.000000,3,4.882317e-11,1.586784e-16,2.957998e-21,3.535838e-12
1277,319.250000,3,4.880940e-11,1.586826e-16,-2.779989e-20,2.033262e-12
1278,319.500000,3,4.879563e-11,1.219514e-16,1.306945e-20,1.824985e-12
1279,319.750000,3,4.878142e-11,1.586911e-16,2.608597e-20,2.772005e-12
1280,320.000000,3,4.876766e-11,1.108569e-16,1.412824e-20,2.897904e-12
1281,320.250000,3,4.875433e-11,1.108528e-16,1.291725e-20,3.635314e-12
1282,320.500000,3,4.874057e-11,1.441035e-16,1.770828e-20,2.684519e-12
1283,320.750000,3,4.872724e-11,1.587081e-16,-3.169756e-20,3.229195e-12
1284,321.000000,3,4.871348e-11,1.219249e-16,8.212249e-21,3.217648e-12
1285,321.250000,3,4.869971e-11,1.108368e-16,-2.805797e-21,3.944622e-12
1286,321.500000,3,4.868594e-11,1.587208e-16,-2.674109e-20,3.584466e-12
1287,321.750000,3,4.867218e-11,1.587251e-16,2.290298e-20,3.190781e-12
1288,322.000000,3,4.865885e-11,1.587293e-16,-5.552036e-21,1.145972e-12
1289,322.250000,3,4.864509e-11,2.381004e-16,6.849055e-21,1.589173e-12
1290,322.500000,3,4.863221e-11,1.190534e-16,1.137539e-20,2.398970e-12
1291,322.750000,3,4.861844e-11,1.587420e-16,-2.016997e-20,1.574962e-12
1292,323.000000,3,4.860379e-11,1.218897e-16,5.313808e-21,3.612888e-12
1293,323.250000,3,4.859135e-11,1.440463e-16,2.727049e-20,3.859579e-12
1294,323.500000,3,4.857759e-11,1.587548e-16,-1.041586e-20,3.242517e-12
1295,323.750000,3,4.856382e-11,1.218766e-16,4.086934e-20,1.649125e-12
1296,324.000000,3,4.855050e-11,1.190724e-16,-2.977850e-22,3.489653e-12
1297,324.250000,3,4.853717e-11,1.107889e-16,-1.069379e-20,5.506706e-12
1298,324.500000,3,4.852341e-11,8.862794e-17,4.030024e-21,2.395195e-12
1299,324.750000,3,4.851008e-11,1.661714e-16,-4.493245e-20,4.813261e-12
1300,325.000000,3,4.849676e-11,1.587802e-16,-7.140223e-21,4.368728e-12
1301,325.250000,3,4.848388e-11,1.587844e-16,5.114623e-20,2.501777e-12
1302,325.500000,3,4.847012e-11,1.107690e-16,-1.915750e-20,6.130874e-12
1303,325.750000,3,4.845679e-11,1.587929e-16,-3.743489e-20,3.783640e-12
1304,326.000000,3,4.844347e-11,1.587971e-16,-2.827634e-20,1.299405e-12
1305,326.250000,3,4.843015e-11,1.218328e-16,-4.348323e-20,1.709077e-12
1306,326.500000,3,4.841683e-11,1.588056e-16,7.166693e-21,3.429035e-12
1307,326.750000,3,4.840350e-11,1.328989e-16,-6.021875e-22,3.699707e-12
1308,327.000000,3,4.838974e-11,1.439687e-16,-1.234815e-20,3.137934e-12
1309,327.250000,3,4.837686e-11,1.588183e-16,5.915996e-21,3.625988e-12
1310,327.500000,3,4.836309e-11,1.588225e-16,-3.884440e-21,2.551737e-12
1311,327.750000,3,4.834977e-11,1.588267e-16,-1.365841e-20,2.167155e-12
1312,328.000000,3,4.833689e-11,1.107293e-16,2.396839e-20,3.795853e-12
1313,328.250000,3,4.832312e-11,1.588352e-16,-1.038277e-20,4.492406e-12
1314,328.500000,3,4.830980e-11,8.857705e-17,5.598358e-21,3.532286e-12
1315,328.750000,3,4.829648e-11,1.588436e-16,3.096302e-20,4.654943e-12
1316,329.000000,3,4.828404e-11,1.588478e-16,-2.574848e-20,3.945733e-12
1317,329.250000,3,4.827028e-11,1.191391e-16,2.230079e-21,2.220446e-12
1318,329.500000,3,4.825740e-11,1.588563e-16,-1.846267e-21,3.703038e-12
1319,329.750000,3,4.824408e-11,1.439119e-16,1.179890e-20,3.738121e-12
1320,330.000000,3,4.823120e-11,9.962778e-17,-3.139316e-20,2.767564e-12
1321,330.250000,3,4.821743e-11,1.191517e-16,-1.076658e-20,4.216183e-12
1322,330.500000,3,4.820500e-11,1.588732e-16,-5.863056e-21,5.506706e-13
1323,330.750000,3,4.819212e-11,1.191581e-16,1.882001e-20,2.503109e-12
1324,331.000000,3,4.817924e-11,1.588816e-16,1.647082e-20,1.199041e-12
1325,331.250000,3,4.816592e-11,1.328133e-16,3.781208e-20,2.308820e-12
1326,331.500000,3,4.815259e-11,1.328085e-16,5.790264e-21,2.589040e-12
1327,331.750000,3,4.813971e-11,1.588943e-16,-4.817500e-21,3.408385e-12
1328,332.000000,3,4.812684e-11,1.438656e-16,-2.594038e-21,1.373124e-12
1329,332.250000,3,4.811396e-11,1.589027e-16,1.576937e-20,4.642065e-12
1330,332.500000,3,4.810108e-11,1.106580e-16,-1.197758e-20,4.171774e-12
1331,332.750000,3,4.808820e-11,1.327848e-16,2.747563e-20,3.919309e-12
1332,333.000000,3,4.807488e-11,8.852005e-17,2.854766e-20,1.468603e-12
1333,333.250000,3,4.806200e-11,1.106461e-16,-8.026961e-21,3.928413e-12
1334,333.500000,3,4.804912e-11,1.589232e-16,2.185742e-20,3.967049e-12
1335,333.750000,3,4.803624e-11,1.217020e-16,-8.827671e-21,2.827960e-12
1336,334.000000,3,4.802336e-11,2.383969e-16,-1.909795e-20,4.872547e-12
1337,334.250000,3,4.800960e-11,1.589353e-16,4.840661e-20,2.326805e-12
1338,334.500000,3,4.799716e-11,1.589394e-16,2.806458e-20,2.023937e-12
1339,334.750000,3,4.798428e-11,1.589434e-16,-3.727607e-20,4.359180e-12
1340,335.000000,3,4.797096e-11,1.106185e-16,-5.360792e-20,3.332667e-12
1341,335.250000,3,4.795897e-11,1.437989e-16,-3.035422e-20,3.030021e-12
1342,335.500000,3,4.794609e-11,1.589555e-16,2.030232e-20,3.000045e-12
1343,335.750000,3,4.793232e-11,1.589595e-16,2.172507e-20,2.916334e-12
1344,336.000000,3,4.791989e-11,1.327232e-16,1.891266e-20,2.785772e-12
1345,336.250000,3,4.790746e-11,1.589676e-16,-2.832266e-21,2.849498e-12
1346,336.500000,3,4.789458e-11,1.589716e-16,3.474820e-20,4.697576e-12
1347,336.750000,3,4.788214e-11,1.589757e-16,1.590834e-20,3.864242e-12
1348,337.000000,3,4.786926e-11,1.589797e-16,-4.810882e-21,1.783684e-12
1349,337.250000,3,4.785683e-11,1.105830e-16,-5.718796e-20,3.416600e-12
1350,337.500000,3,4.784306e-11,1.192408e-16,1.220257e-20,4.256817e-12
1351,337.750000,3,4.783152e-11,9.951759e-17,1.283784e-20,3.274048e-12
1352,338.000000,3,4.781819e-11,1.589958e-16,-1.455838e-20,2.439382e-12
1353,338.250000,3,4.780620e-11,1.589999e-16,4.677872e-20,2.811307e-12
1354,338.500000,3,4.779288e-11,1.192529e-16,4.446923e-21,3.738343e-12
1355,338.750000,3,4.778089e-11,1.590079e-16,-5.446157e-21,3.718803e-12
1356,339.000000,3,4.776801e-11,1.590120e-16,-1.608039e-21,2.978062e-12
1357,339.250000,3,4.775513e-11,1.590160e-16,-2.144052e-21,3.532286e-12
1358,339.500000,3,4.774270e-11,1.192650e-16,1.198419e-20,2.862599e-12
1359,339.750000,3,4.772982e-11,1.590240e-16,2.056040e-20,4.020118e-12
1360,340.000000,3,4.771783e-11,1.590281e-16,-4.274869e-21,3.376188e-12
1361,340.250000,3,4.770451e-11,1.215893e-16,2.252578e-20,5.339507e-12
1362,340.500000,3,4.769252e-11,1.192771e-16,-2.086480e-20,2.782219e-12
1363,340.750000,3,4.768008e-11,1.590402e-16,-9.608530e-21,4.275025e-12
1364,341.000000,3,4.766720e-11,1.105239e-16,-1.856855e-20,3.791634e-12
1365,341.250000,3,4.765432e-11,1.590482e-16,-1.348635e-20,5.419221e-12
1366,341.500000,3,4.764189e-11,1.590522e-16,-1.893251e-20,4.471978e-12
1367,341.750000,3,4.762946e-11,1.192922e-16,7.808585e-21,3.963052e-12
1368,342.000000,3,4.761747e-11,1.215590e-16,-2.204933e-20,3.500089e-12
1369,342.250000,3,4.760459e-11,1.590643e-16,3.642242e-20,3.321121e-12
1370,342.500000,3,4.759215e-11,1.590683e-16,-3.596581e-20,2.334355e-12
1371,342.750000,3,4.758016e-11,1.193043e-16,1.455838e-22,2.043254e-12
1372,343.000000,3,4.756728e-11,1.193073e-16,-9.866610e-21,4.066525e-12
1373,343.250000,3,4.755440e-11,1.590804e-16,7.874759e-21,9.294787e-13
1374,343.500000,3,4.754241e-11,1.193133e-16,-1.858840e-20,3.378409e-12
1375,343.750000,3,4.753042e-11,1.590884e-16,5.082198e-21,2.290834e-12
1376,344.000000,3,4.751843e-11,2.386387e-16,1.228860e-20,4.196643e-12
1377,344.250000,3,4.750511e-11,1.193224e-16,-1.905824e-21,3.891110e-12
1378,344.500000,3,4.749356e-11,1.591005e-16,-2.493453e-20,4.476419e-12
1379,344.750000,3,4.748157e-11,1.591045e-16,-1.724506e-20,4.033884e-12
1380,345.000000,3,4.746958e-11,1.591085e-16,-5.022641e-21,3.541833e-12
1381,345.250000,3,4.745626e-11,1.435943e-16,-1.635171e-20,2.509104e-12
1382,345.500000,3,4.744383e-11,1.104532e-16,-1.615980e-20,1.656675e-12
1383,345.750000,3,4.743139e-11,1.591206e-16,1.270549e-20,2.223999e-12
1384,346.000000,3,4.741896e-11,1.325345e-16,2.383604e-20,5.608847e-12
1385,346.250000,3,4.740741e-11,1.591286e-16,1.435324e-20,3.114398e-12
1386,346.500000,3,4.739498e-11,1.591326e-16,3.606507e-21,1.589395e-12
1387,346.750000,3,4.738254e-11,9.939026e-17,9.826906e-21,2.425171e-12
1388,347.000000,3,4.737011e-11,1.591407e-16,-3.397396e-20,1.191713e-12
1389,347.250000,3,4.735856e-11,1.193585e-16,3.487393e-21,3.661293e-12
1390,347.500000,3,4.734613e-11,1.591487e-16,-3.143286e-20,3.147038e-12
1391,347.750000,3,4.733369e-11,1.591527e-16,3.642903e-20,2.089884e-12
1392,348.000000,3,4.732170e-11,9.937261e-17,-3.875176e-20,2.096545e-12
1393,348.250000,3,4.730971e-11,9.936908e-17,-2.773371e-20,2.768896e-12
1394,348.500000,3,4.729728e-11,7.958237e-17,1.857517e-20,2.279510e-12
1395,348.750000,3,4.728529e-11,1.591688e-16,2.321400e-20,2.956746e-12
1396,349.000000,3,4.727285e-11,1.591728e-16,-3.857970e-21,5.495604e-12
1397,349.250000,3,4.726042e-11,1.591768e-16,-2.254563e-20,5.551337e-12
1398,349.500000,3,4.724887e-11,1.591808e-16,2.402794e-20,4.176659e-12
1399,349.750000,3,4.723688e-11,1.591848e-16,6.988022e-20,2.317702e-12
1400,350.000000,3,4.722445e-11,1.193916e-16,-6.160841e-21,2.400524e-12
1401,350.250000,3,4.721246e-11,1.591928e-16,1.961411e-20,4.063860e-12
1402,350.500000,3,4.720047e-11,1.591968e-16,2.177139e-20,5.360379e-12
1403,350.750000,3,4.718892e-11,1.592008e-16,3.642242e-20,4.460654e-12
1404,351.000000,3,4.717693e-11,1.592048e-16,1.741050e-20,3.757439e-12
1405,351.250000,3,4.716494e-11,1.103631e-16,-8.291658e-21,1.993739e-12
1406,351.500000,3,4.715250e-11,9.932323e-17,-3.562171e-20,2.552625e-12
1407,351.750000,3,4.714051e-11,1.592169e-16,2.481542e-21,4.048317e-12
1408,352.000000,3,4.712897e-11,1.592209e-16,1.058791e-20,1.020073e-12
1409,352.250000,3,4.711653e-11,1.194187e-16,2.441837e-21,4.392708e-12
1410,352.500000,3,4.710543e-11,1.194217e-16,1.441279e-20,1.469269e-12
1411,352.750000,3,4.709255e-11,1.592329e-16,-5.955700e-23,2.345679e-12
1412,353.000000,3,4.708145e-11,1.213692e-16,3.848706e-20,4.554579e-12
1413,353.250000,3,4.706902e-11,1.323981e-16,-2.572201e-20,3.097522e-12
1414,353.500000,3,4.705747e-11,1.592449e-16,3.844735e-20,3.996581e-12
1415,353.750000,3,4.704503e-11,1.194367e-16,4.407218e-21,4.250822e-12
1416,354.000000,3,4.703349e-11,9.928798e-17,6.390467e-20,2.042588e-12
1417,354.250000,3,4.702194e-11,9.928446e-17,8.278424e-21,2.753797e-12
1418,354.500000,3,4.700995e-11,1.592609e-16,7.279189e-23,2.347456e-12
1419,354.750000,3,4.699796e-11,1.592649e-16,-1.234153e-20,3.329337e-12
1420,355.000000,3,4.698641e-11,1.592689e-16,9.396772e-21,1.365130e-12
1421,355.250000,3,4.697487e-11,1.592729e-16,-5.410423e-20,3.958611e-12
1422,355.500000,3,4.696243e-11,1.592769e-16,-3.570112e-20,1.424194e-12
1423,355.750000,3,4.695089e-11,7.964044e-17,-1.667596e-20,5.904832e-12
1424,356.000000,3,4.693890e-11,1.194637e-16,-1.764873e-20,1.163958e-12
1425,356.250000,3,4.692735e-11,1.592889e-16,8.655618e-21,2.246425e-12
1426,356.500000,3,4.691536e-11,1.102808e-16,8.549739e-21,4.984457e-12
1427,356.750000,3,4.690426e-11,1.433600e-16,-3.850691e-20,3.843592e-12
1428,357.000000,3,4.689182e-11,1.593009e-16,-6.974787e-21,2.549294e-12
1429,357.250000,3,4.688072e-11,1.593049e-16,1.191802e-20,2.338352e-12
1430,357.500000,3,4.686829e-11,1.593089e-16,-6.134371e-21,3.591349e-12
1431,357.750000,3,4.685674e-11,1.212874e-16,5.049772e-20,2.262635e-12
1432,358.000000,3,4.684519e-11,1.593168e-16,-3.086376e-20,2.699618e-12
1433,358.250000,3,4.683320e-11,1.593208e-16,-3.278944e-20,3.386846e-12
1434,358.500000,3,4.682121e-11,1.322994e-16,-8.397538e-21,3.986589e-12
1435,358.750000,3,4.681011e-11,1.593288e-16,1.017101e-20,4.613199e-12
1436,359.000000,3,4.679812e-11,1.593328e-16,3.630330e-20,1.787459e-12
1437,359.250000,3,4.678702e-11,1.195026e-16,1.783401e-20,3.187672e-12
1438,359.500000,3,4.677547e-11,1.593408e-16,-1.460470e-20,3.249179e-12
1439,359.750000,3,4.676437e-11,1.195086e-16,-8.867376e-21,6.497025e-13
1440,360.000000,3,4.675194e-11,1.212487e-16,-9.112222e-21,3.046008e-12
1441,360.250000,3,4.674039e-11,1.593528e-16,-1.845605e-20,3.458123e-12
1442,360.500000,3,4.672884e-11,1.593568e-16,-3.546950e-20,2.051026e-12
1443,360.750000,3,4.671730e-11,1.593607e-16,3.090347e-21,1.914469e-12
1444,361.000000,3,4.670575e-11,1.212314e-16,8.470329e-22,3.585132e-12
1445,361.250000,3,4.669465e-11,1.593687e-16,-1.158715e-20,3.868239e-12
1446,361.500000,3,4.668266e-11,1.593727e-16,-4.347000e-20,4.244383e-12
1447,361.750000,3,4.667156e-11,1.195325e-16,-2.891823e-21,4.189316e-12
1448,362.000000,3,4.665957e-11,1.593807e-16,3.597905e-20,4.023448e-12
1449,362.250000,3,4.664802e-11,1.593847e-16,5.995405e-21,3.801626e-12
1450,362.500000,3,4.663647e-11,1.593887e-16,-2.878589e-21,4.444889e-12
1451,362.750000,3,4.662493e-11,1.593926e-16,3.531069e-20,3.095302e-12
1452,363.000000,3,4.661382e-11,1.322144e-16,-1.488925e-21,2.138290e-12
1453,363.250000,3,4.660228e-11,1.594006e-16,1.812518e-20,3.859357e-12
1454,363.500000,3,4.659073e-11,1.594046e-16,4.632211e-22,4.958256e-12
1455,363.750000,3,4.658007e-11,1.211835e-16,2.403456e-20,3.897993e-12
1456,364.000000,3,4.656808e-11,1.195594e-16,-5.207929e-21,3.640199e-12
1457,364.250000,3,4.655654e-11,1.594165e-16,-1.220919e-20,3.162803e-12
1458,364.500000,3,4.654499e-11,1.594205e-16,3.065200e-20,3.271605e-12
1459,364.750000,3,4.653389e-11,1.195684e-16,2.944101e-20,1.111999e-12
1460,365.000000,3,4.652234e-11,1.195714e-16,-3.130051e-21,1.508349e-12
1461,365.250000,3,4.651035e-11,9.912861e-17,3.228651e-20,3.603562e-12
1462,365.500000,3,4.649925e-11,9.912502e-17,5.342925e-20,3.466338e-12
1463,365.750000,3,4.648726e-11,1.594404e-16,-3.198873e-20,2.403411e-12
1464,366.000000,3,4.647749e-11,1.594444e-16,-3.102920e-20,3.772982e-12
1465,366.250000,3,4.646550e-11,1.195863e-16,1.807886e-20,4.616973e-12
1466,366.500000,3,4.645395e-11,1.594523e-16,1.535247e-21,2.110534e-12
1467,366.750000,3,4.644285e-11,1.195922e-16,6.399069e-21,4.073630e-12
1468,367.000000,3,4.643175e-11,1.195952e-16,1.921044e-20,2.946532e-12
1469,367.250000,3,4.642065e-11,1.594643e-16,-2.556319e-20,2.708944e-12
1470,367.500000,3,4.640865e-11,1.101070e-16,-9.515886e-21,3.423928e-12
1471,367.750000,3,4.639755e-11,1.431339e-16,-2.912999e-20,2.534417e-12
1472,368.000000,3,4.638645e-11,9.908908e-17,5.149696e-20,5.246470e-12
1473,368.250000,3,4.637490e-11,1.594802e-16,-9.337215e-21,2.609912e-12
1474,368.500000,3,4.636425e-11,1.594841e-16,-4.427071e-21,3.774536e-12
1475,368.750000,3,4.635359e-11,1.594881e-16,2.320076e-20,1.290745e-12
1476,369.000000,3,4.634160e-11,1.320996e-16,-3.605184e-20,3.182565e-12
1477,369.250000,3,4.633005e-11,1.594961e-16,7.993873e-21,9.237056e-13
1478,369.500000,3,4.631939e-11,1.595000e-16,1.429368e-21,1.520117e-12
1479,369.750000,3,4.630829e-11,1.196280e-16,-1.779431e-20,2.946976e-12
1480,370.000000,3,4.629719e-11,1.595080e-16,-1.245403e-20,2.281508e-12
1481,370.250000,3,4.628609e-11,1.196340e-16,-3.274312e-20,2.630340e-12
1482,370.500000,3,4.627498e-11,1.595159e-16,3.243210e-20,3.414380e-12
1483,370.750000,3,4.626344e-11,1.595199e-16,-2.607273e-21,1.351141e-12
1484,371.000000,3,4.625278e-11,1.196429e-16,-3.523128e-20,2.592371e-12
1485,371.250000,3,4.624123e-11,1.210515e-16,2.580804e-21,1.589395e-12
1486,371.500000,3,4.623013e-11,1.595318e-16,1.430030e-20,1.615819e-12
1487,371.750000,3,4.621858e-11,1.210427e-16,1.836341e-20,4.104939e-12
1488,372.000000,3,4.620837e-11,1.100348e-16,-1.809871e-20,3.855360e-12
1489,372.250000,3,4.619727e-11,9.902770e-17,-1.108422e-20,2.611689e-12
1490,372.500000,3,4.618572e-11,1.595476e-16,1.184523e-20,3.169465e-12
1491,372.750000,3,4.617506e-11,9.902046e-17,1.631862e-20,1.194600e-12
1492,373.000000,3,4.616441e-11,1.595556e-16,6.485096e-21,4.370282e-12
1493,373.250000,3,4.615242e-11,1.430191e-16,2.746901e-20,2.100542e-12
1494,373.500000,3,4.614176e-11,1.595635e-16,-3.560847e-20,2.160272e-12
1495,373.750000,3,4.613110e-11,8.800530e-17,1.968690e-20,2.350564e-12
1496,374.000000,3,4.612000e-11,1.595714e-16,-2.139420e-20,3.207656e-12
1497,374.250000,3,4.610889e-11,1.209984e-16,-8.880611e-21,3.525180e-12
1498,374.500000,3,4.609779e-11,1.319934e-16,-1.218933e-20,3.144596e-12
1499,374.750000,3,4.608691e-11,1.196875e-16,2.352502e-20,3.875789e-12
1500,375.000000,3,4.607648e-11,1.429824e-16,2.351840e-20,3.122169e-12
1501,375.250000,3,4.606537e-11,1.595912e-16,2.558304e-20,7.740475e-13
1502,375.500000,3,4.605427e-11,8.798273e-17,4.770516e-20,1.965539e-12
1503,375.750000,3,4.604384e-11,1.196994e-16,-3.668711e-20,2.831069e-12
1504,376.000000,3,4.603251e-11,1.596031e-16,3.458938e-20,1.783240e-12
1505,376.250000,3,4.602163e-11,1.596071e-16,2.505365e-20,3.146816e-12
1506,376.500000,3,4.601119e-11,1.596110e-16,-1.915089e-20,4.594991e-12
1507,376.750000,3,4.600009e-11,1.596150e-16,-3.570773e-20,2.764011e-12
1508,377.000000,3,4.598943e-11,1.596189e-16,1.508777e-21,1.987743e-12
1509,377.250000,3,4.597767e-11,1.209452e-16,1.927662e-20,4.920508e-12
1510,377.500000,3,4.596745e-11,1.209407e-16,3.692534e-20,3.284262e-12
1511,377.750000,3,4.595702e-11,9.894785e-17,1.187831e-20,2.529976e-12
1512,378.000000,3,4.594569e-11,1.596348e-16,4.016789e-20,2.923439e-12
1513,378.250000,3,4.593526e-11,9.894057e-17,2.025600e-20,4.544587e-12
1514,378.500000,3,4.592371e-11,1.648949e-16,-1.404222e-20,2.383427e-12
1515,378.750000,3,4.591350e-11,1.197350e-16,-3.865250e-20,2.839284e-12
1516,379.000000,3,4.590306e-11,1.596506e-16,-5.143078e-20,3.433698e-12
1517,379.250000,3,4.589151e-11,1.197409e-16,4.123330e-20,2.997158e-12
1518,379.500000,3,4.588063e-11,1.209051e-16,-1.629215e-20,3.652634e-12
1519,379.750000,3,4.586997e-11,1.209006e-16,-3.206152e-20,1.910472e-12
1520,380.000000,3,4.585932e-11,1.596662e-16,4.334426e-21,5.293321e-12
1521,380.250000,3,4.584866e-11,7.983502e-17,-3.302105e-21,3.260725e-12
1522,380.500000,3,4.583778e-11,1.596738e-16,2.586759e-20,4.926282e-12
1523,380.750000,3,4.582779e-11,1.596776e-16,-4.497877e-20,1.782796e-12
1524,381.000000,3,4.581713e-11,1.596814e-16,-3.136669e-20,2.916778e-12
1525,381.250000,3,4.580580e-11,1.197639e-16,-1.780093e-20,1.805889e-12
1526,381.500000,3,4.579515e-11,1.596890e-16,2.974541e-20,3.438139e-12
1527,381.750000,3,4.578449e-11,1.596928e-16,-4.256341e-20,2.769118e-12
1528,382.000000,3,4.577361e-11,1.596966e-16,1.519365e-20,2.152056e-12
1529,382.250000,3,4.576339e-11,1.428299e-16,-3.038069e-20,3.338663e-12
1530,382.500000,3,4.575251e-11,1.597042e-16,3.077774e-20,3.162803e-12
1531,382.750000,3,4.574208e-11,1.597080e-16,-1.087246e-20,2.914557e-12
1532,383.000000,3,4.573120e-11,1.597118e-16,-3.791796e-21,3.777867e-12
1533,383.250000,3,4.572098e-11,1.597156e-16,-1.461794e-20,4.619860e-12
1534,383.500000,3,4.571032e-11,1.197895e-16,-2.085819e-20,3.517409e-12
1535,383.750000,3,4.569989e-11,1.318137e-16,5.803499e-21,2.736922e-12
1536,384.000000,3,4.568901e-11,1.208248e-16,-4.691768e-21,5.072831e-12
1537,384.250000,3,4.567857e-11,1.597308e-16,2.577495e-20,2.337464e-12
1538,384.500000,3,4.566725e-11,1.597346e-16,2.431911e-20,5.924594e-12
1539,384.750000,3,4.565748e-11,1.597383e-16,-1.357238e-20,5.064837e-12
1540,385.000000,3,4.564704e-11,1.597421e-16,-4.532288e-20,2.034595e-12
1541,385.250000,3,4.563616e-11,1.317844e-16,-3.092994e-20,3.449019e-12
1542,385.500000,3,4.562528e-11,1.317795e-16,1.711271e-20,1.955547e-12
1543,385.750000,3,4.561529e-11,9.883100e-17,1.985233e-20,4.252154e-12
1544,386.000000,3,4.560530e-11,1.317698e-16,9.754114e-21,2.737366e-12
1545,386.250000,3,4.559397e-11,1.597611e-16,3.160492e-20,4.293010e-12
1546,386.500000,3,4.558398e-11,1.597649e-16,3.181668e-20,3.154588e-12
1547,386.750000,3,4.557332e-11,1.597687e-16,3.317325e-20,2.727152e-12
1548,387.000000,3,4.556311e-11,1.198293e-16,-1.523998e-20,3.616663e-12
1549,387.250000,3,4.555245e-11,1.597762e-16,3.403352e-20,3.749001e-12
1550,387.500000,3,4.554201e-11,1.597800e-16,-3.531730e-20,2.124967e-12
1551,387.750000,3,4.553180e-11,1.597838e-16,-2.955351e-20,1.418199e-12
1552,388.000000,3,4.552181e-11,1.597876e-16,1.979278e-20,4.687584e-12
1553,388.250000,3,4.551071e-11,1.597914e-16,1.219595e-20,3.329337e-12
1554,388.500000,3,4.550049e-11,1.597952e-16,2.374339e-20,3.992584e-12
1555,388.750000,3,4.549006e-11,1.597989e-16,3.337839e-20,4.875655e-12
1556,389.000000,3,4.547984e-11,1.598027e-16,1.318857e-20,2.922995e-12
1557,389.250000,3,4.546985e-11,1.598065e-16,-4.877057e-21,2.271294e-12
1558,389.500000,3,4.545897e-11,1.598103e-16,2.912338e-20,2.228218e-12
1559,389.750000,3,4.544853e-11,1.598141e-16,-1.048203e-20,2.492229e-12
1560,390.000000,3,4.543854e-11,1.207172e-16,-2.713152e-21,4.986234e-12
1561,390.250000,3,4.542811e-11,1.646082e-16,9.734261e-21,5.037970e-12
1562,390.500000,3,4.541767e-11,1.198691e-16,3.887749e-20,3.305578e-12
1563,390.750000,3,4.540723e-11,9.875759e-17,2.774033e-20,6.576961e-13
1564,391.000000,3,4.539746e-11,1.536172e-16,-2.807782e-20,4.173328e-12
1565,391.250000,3,4.538681e-11,1.198776e-16,2.533158e-20,3.859357e-12
1566,391.500000,3,4.537659e-11,1.198804e-16,-2.673448e-20,2.807310e-12
1567,391.750000,3,4.536616e-11,1.598443e-16,1.163347e-20,3.119727e-12
1568,392.000000,3,4.535616e-11,1.598481e-16,-7.153458e-21,2.807310e-12
1569,392.250000,3,4.534617e-11,1.598519e-16,-1.389663e-22,3.731904e-12
1570,392.500000,3,4.533507e-11,1.426126e-16,1.098496e-21,2.492229e-12
1571,392.750000,3,4.532574e-11,1.198946e-16,2.895794e-20,4.720224e-12
1572,393.000000,3,4.531464e-11,1.198974e-16,1.386355e-20,2.330358e-12
1573,393.250000,3,4.530487e-11,1.199002e-16,-4.618977e-21,5.562217e-12
1574,393.500000,3,4.529488e-11,1.199031e-16,-3.201520e-20,1.805445e-12
1575,393.750000,3,4.528466e-11,1.598745e-16,-1.486278e-20,1.960654e-12
1576,394.000000,3,4.527445e-11,1.199087e-16,-1.438633e-20,4.007905e-12
1577,394.250000,3,4.526401e-11,8.773870e-17,1.788034e-20,3.577583e-12
1578,394.500000,3,4.525469e-11,1.598859e-16,1.509439e-20,8.102408e-13
1579,394.750000,3,4.524403e-11,9.869866e-17,-4.685151e-21,2.175593e-12
1580,395.000000,3,4.523382e-11,1.199201e-16,3.496658e-20,2.770006e-12
1581,395.250000,3,4.522338e-11,1.206227e-16,-1.971999e-21,4.330758e-12
1582,395.500000,3,4.521383e-11,1.599010e-16,5.677106e-20,3.375744e-12
1583,395.750000,3,4.520295e-11,1.315785e-16,-3.315340e-21,4.643397e-12
1584,396.000000,3,4.519318e-11,1.096447e-16,-6.266720e-21,2.982281e-12
1585,396.250000,3,4.518297e-11,1.599123e-16,-6.961552e-21,2.503553e-12
1586,396.500000,3,4.517275e-11,1.599161e-16,2.130156e-20,2.022604e-12
1587,396.750000,3,4.516298e-11,8.770590e-17,2.245299e-20,1.985079e-12
1588,397.000000,3,4.515233e-11,1.199427e-16,-2.106333e-20,2.385869e-12
1589,397.250000,3,4.514344e-11,1.599274e-16,2.820355e-20,3.274714e-12
1590,397.500000,3,4.513212e-11,1.205821e-16,1.839650e-20,3.637535e-12
1591,397.750000,3,4.512279e-11,1.096160e-16,-1.125627e-20,3.613110e-12
1592,398.000000,3,4.511258e-11,1.599387e-16,-2.256549e-21,3.143485e-12
1593,398.250000,3,4.510259e-11,9.864697e-17,-1.399590e-20,4.378276e-12
1594,398.500000,3,4.509260e-11,1.599462e-16,-1.927662e-20,2.722933e-12
1595,398.750000,3,4.508260e-11,1.199625e-16,2.961968e-20,3.348877e-12
1596,399.000000,3,4.507261e-11,1.599538e-16,-3.805031e-21,3.381961e-12
1597,399.250000,3,4.506218e-11,1.205504e-16,1.992513e-20,2.334355e-12
1598,399.500000,3,4.505285e-11,1.599613e-16,-2.968586e-20,2.130518e-12
1599,399.750000,3,4.504308e-11,1.205414e-16,-8.741645e-21,4.533263e-12
1600,400.000000,3,4.503242e-11,1.199766e-16,-2.136773e-20,3.922640e-12
1601,400.250000,3,4.502265e-11,1.599726e-16,-2.332649e-20,1.976419e-12
1602,400.500000,3,4.501266e-11,1.599764e-16,4.041935e-20,3.113287e-12
1603,400.750000,3,4.500267e-11,8.765331e-17,3.205490e-20,1.078249e-12
1604,401.000000,3,4.499312e-11,1.599839e-16,-3.947968e-20,3.642198e-12
1605,401.250000,3,4.498335e-11,1.599876e-16,-2.615876e-20,2.595035e-12
1606,401.500000,3,4.497358e-11,1.643314e-16,1.773475e-20,2.543521e-12
1607,401.750000,3,4.496270e-11,1.424152e-16,2.594038e-21,1.266987e-12
1608,402.000000,3,4.495315e-11,1.199992e-16,5.867688e-20,5.642153e-13
1609,402.250000,3,4.494316e-11,1.200020e-16,2.926896e-20,4.299672e-12
1610,402.500000,3,4.493317e-11,1.600065e-16,3.328575e-20,3.159251e-12
1611,402.750000,3,4.492429e-11,1.314404e-16,-7.808585e-22,5.057732e-12
1612,403.000000,3,4.491385e-11,1.095296e-16,8.013726e-21,3.271383e-12
1613,403.250000,3,4.490452e-11,1.200133e-16,3.717019e-20,2.632561e-12
1614,403.500000,3,4.489431e-11,1.095213e-16,3.771944e-22,3.515854e-12
1615,403.750000,3,4.488410e-11,9.856550e-17,4.554787e-20,4.104272e-12
1616,404.000000,3,4.487455e-11,1.095131e-16,2.770724e-20,2.648992e-12
1617,404.250000,3,4.486433e-11,1.423617e-16,-7.265955e-21,4.219292e-12
1618,404.500000,3,4.485545e-11,1.600365e-16,-1.471720e-20,2.946088e-12
1619,404.750000,3,4.484457e-11,1.095007e-16,-7.021109e-21,1.500799e-12
1620,405.000000,3,4.483480e-11,1.204463e-16,-3.586655e-21,3.246070e-12
1621,405.250000,3,4.482570e-11,1.200359e-16,-5.168224e-21,3.304246e-12
1622,405.500000,3,4.481526e-11,1.313860e-16,3.126743e-20,3.495426e-12
1623,405.750000,3,4.480616e-11,1.200415e-16,-2.589406e-20,4.214185e-12
1624,406.000000,3,4.479617e-11,1.642201e-16,9.873228e-21,1.552536e-12
1625,406.250000,3,4.478640e-11,1.600628e-16,2.789253e-20,5.030865e-12
1626,406.500000,3,4.477707e-11,1.313662e-16,4.360896e-21,4.013234e-12
1627,406.750000,3,4.476752e-11,1.600703e-16,1.835679e-20,1.699973e-12
1628,407.000000,3,4.475731e-11,1.600741e-16,-2.084495e-20,1.648903e-12
1629,407.250000,3,4.474798e-11,1.600779e-16,-2.613229e-20,2.751355e-12
1630,407.500000,3,4.473755e-11,1.600816e-16,-9.707792e-21,1.946665e-12
1631,407.750000,3,4.472822e-11,9.850606e-17,3.783855e-20,3.089085e-12
1632,408.000000,3,4.471867e-11,1.600891e-16,1.124966e-22,2.603917e-12
1633,408.250000,3,4.470868e-11,1.532201e-16,3.728930e-20,4.308109e-12
1634,408.500000,3,4.469891e-11,1.600966e-16,7.066769e-20,2.991163e-12
1635,408.750000,3,4.468936e-11,1.200753e-16,-4.513097e-21,4.575007e-12
1636,409.000000,3,4.467982e-11,1.601041e-16,-8.887229e-21,1.749711e-12
1637,409.250000,3,4.467027e-11,1.601079e-16,-1.593481e-20,2.539746e-12
1638,409.500000,3,4.466005e-11,9.848001e-17,-2.454410e-20,5.490941e-12
1639,409.750000,3,4.465095e-11,1.601154e-16,3.106890e-20,3.449685e-12
1640,410.000000,3,4.464140e-11,1.601191e-16,-6.319660e-21,1.645351e-12
1641,410.250000,3,4.463185e-11,1.601229e-16,3.014246e-20,3.198997e-12
1642,410.500000,3,4.462253e-11,1.312868e-16,-1.822444e-20,2.912781e-12
1643,410.750000,3,4.461320e-11,1.200978e-16,1.761564e-20,4.772183e-12
1644,411.000000,3,4.460365e-11,1.601341e-16,6.736559e-21,2.344125e-12
1645,411.250000,3,4.459300e-11,1.201034e-16,2.747563e-20,3.279377e-12
1646,411.500000,3,4.458411e-11,1.601416e-16,5.161607e-22,3.960388e-12
1647,411.750000,3,4.457479e-11,9.844647e-17,-2.943439e-20,2.901901e-12
1648,412.000000,3,4.456480e-11,1.312570e-16,-5.492479e-22,3.878897e-12
1649,412.250000,3,4.455591e-11,1.601528e-16,3.705769e-21,4.001688e-12
1650,412.500000,3,4.454592e-11,1.601566e-16,-2.680727e-20,3.601341e-12
1651,412.750000,3,4.453615e-11,1.421789e-16,8.357833e-21,2.849054e-12
1652,413.000000,3,4.452660e-11,1.093642e-16,-1.752961e-20,5.527800e-12
1653,413.250000,3,4.451750e-11,1.601678e-16,1.523998e-20,3.694600e-12
1654,413.500000,3,4.450773e-11,1.312271e-16,9.496033e-21,4.713785e-12
1655,413.750000,3,4.449818e-11,1.312222e-16,1.387678e-20,1.618927e-12
1656,414.000000,3,4.448886e-11,1.601791e-16,3.982378e-20,2.242651e-12
1657,414.250000,3,4.447931e-11,1.601828e-16,-1.715242e-20,1.477485e-12
1658,414.500000,3,4.446998e-11,1.202733e-16,3.594596e-20,3.772316e-12
1659,414.750000,3,4.446021e-11,1.202687e-16,-3.949953e-20,2.277734e-12
1660,415.000000,3,4.445133e-11,1.202642e-16,-1.707301e-20,4.101164e-12
1661,415.250000,3,4.444178e-11,9.839421e-17,-2.688668e-20,2.890799e-12
1662,415.500000,3,4.443224e-11,1.201511e-16,-2.018321e-20,3.775202e-12
1663,415.750000,3,4.442269e-11,1.602052e-16,-3.196226e-20,2.571721e-12
1664,416.000000,3,4.441336e-11,8.745156e-17,-1.438633e-20,3.486988e-12
1665,416.250000,3,4.440337e-11,1.202413e-16,-2.959321e-20,3.142375e-12
1666,416.500000,3,4.439471e-11,1.093061e-16,-9.132074e-21,5.997647e-12
1667,416.750000,3,4.438561e-11,1.602202e-16,-9.317362e-21,2.704503e-12
1668,417.000000,3,4.437517e-11,1.201680e-16,1.725168e-20,2.470912e-12
1669,417.250000,3,4.436629e-11,1.530111e-16,7.543887e-22,3.154810e-12
1670,417.500000,3,4.435674e-11,1.602314e-16,2.035526e-20,4.832801e-12
1671,417.750000,3,4.434719e-11,1.602351e-16,3.619742e-21,2.372103e-12
1672,418.000000,3,4.433831e-11,1.602389e-16,4.711621e-20,2.329470e-12
1673,418.250000,3,4.432921e-11,1.602426e-16,1.760240e-20,4.445555e-12
1674,418.500000,3,4.431988e-11,1.602464e-16,-2.210888e-20,4.366951e-12
1675,418.750000,3,4.431011e-11,1.201956e-16,1.990527e-20,2.954526e-12
1676,419.000000,3,4.430079e-11,1.420439e-16,-1.106437e-20,3.868239e-12
1677,419.250000,3,4.429213e-11,1.602576e-16,-3.434454e-21,3.028466e-12
1678,419.500000,3,4.428213e-11,1.602613e-16,-4.154432e-20,3.570033e-12
1679,419.750000,3,4.427281e-11,1.201773e-16,1.660979e-21,1.443512e-12
1680,420.000000,3,4.426370e-11,9.832312e-17,-1.949499e-20,3.363088e-12
1681,420.250000,3,4.425460e-11,1.201682e-16,-7.576974e-21,4.515055e-12
1682,420.500000,3,4.424505e-11,1.602762e-16,8.649000e-21,4.207301e-12
1683,420.750000,3,4.423595e-11,1.602800e-16,-1.715242e-20,5.007550e-12
1684,421.000000,3,4.422684e-11,1.602837e-16,3.605184e-20,4.027889e-12
1685,421.250000,3,4.421796e-11,1.602874e-16,1.609363e-20,3.415490e-12
1686,421.500000,3,4.420841e-11,1.602911e-16,1.805901e-20,4.749756e-12
1687,421.750000,3,4.419887e-11,1.602949e-16,4.248400e-21,5.424550e-12
1688,422.000000,3,4.418954e-11,1.092154e-16,3.920174e-20,3.245626e-12
1689,422.250000,3,4.418066e-11,1.202267e-16,1.059453e-20,1.868949e-12
1690,422.500000,3,4.417156e-11,1.092074e-16,1.623921e-20,4.257927e-12
1691,422.750000,3,4.416201e-11,1.603098e-16,2.507350e-20,5.255130e-12
1692,423.000000,3,4.415290e-11,1.603135e-16,-1.110407e-20,3.286038e-12
1693,423.250000,3,4.414402e-11,1.603172e-16,9.608530e-21,2.382761e-12
1694,423.500000,3,4.413447e-11,1.603210e-16,-2.772709e-21,2.592593e-12
1695,423.750000,3,4.412515e-11,1.202435e-16,3.884440e-21,2.830181e-12
1696,424.000000,3,4.411582e-11,1.603284e-16,1.297681e-20,3.506750e-12
1697,424.250000,3,4.410761e-11,1.603321e-16,-1.147465e-20,2.610578e-12
1698,424.500000,3,4.409784e-11,1.603359e-16,-2.552348e-20,3.612888e-12
1699,424.750000,3,4.408851e-11,1.603396e-16,6.776264e-21,3.577805e-12
1700,425.000000,3,4.407941e-11,1.310013e-16,1.277167e-21,3.747891e-12
1701,425.250000,3,4.407075e-11,1.603470e-16,-3.110199e-22,3.352207e-12
1702,425.500000,3,4.406076e-11,1.603508e-16,-5.904746e-20,5.723866e-12
1703,425.750000,3,4.405210e-11,1.603545e-16,2.952042e-20,2.246203e-12
1704,426.000000,3,4.404299e-11,1.202687e-16,4.208695e-20,3.005596e-12
1705,426.250000,3,4.403367e-11,1.202715e-16,1.785387e-20,3.621325e-12
1706,426.500000,3,4.402456e-11,1.603657e-16,-1.334739e-20,2.319700e-12
1707,426.750000,3,4.401546e-11,1.603694e-16,-7.162722e-20,4.156675e-13
1708,427.000000,3,4.400658e-11,1.091364e-16,3.639595e-22,2.497558e-12
1709,427.250000,3,4.399725e-11,1.202826e-16,4.024730e-20,3.444800e-12
1710,427.500000,3,4.398837e-11,1.527801e-16,-1.165994e-20,2.276845e-12
1711,427.750000,3,4.397949e-11,1.418622e-16,6.717368e-20,4.297895e-12
1712,428.000000,3,4.397038e-11,1.202910e-16,7.225588e-20,4.068523e-12
1713,428.250000,3,4.396150e-11,1.603917e-16,4.303986e-20,4.310108e-12
1714,428.500000,3,4.395262e-11,1.603954e-16,1.420765e-20,2.807532e-12
1715,428.750000,3,4.394307e-11,1.603991e-16,-6.743176e-21,3.918421e-12
1716,429.000000,3,4.393375e-11,9.819482e-17,2.865354e-21,5.407896e-12
1717,429.250000,3,4.392575e-11,1.604066e-16,-1.036954e-20,3.506306e-12
1718,429.500000,3,4.391598e-11,1.604103e-16,-1.923691e-20,3.844702e-12
1719,429.750000,3,4.390710e-11,1.203105e-16,1.509439e-20,1.472378e-12
1720,430.000000,3,4.389822e-11,1.203133e-16,1.184523e-20,1.534994e-12
1721,430.250000,3,4.388934e-11,1.199947e-16,-8.483564e-21,3.059553e-12
1722,430.500000,3,4.388045e-11,1.604251e-16,-3.639595e-21,5.753398e-12
1723,430.750000,3,4.387135e-11,1.203216e-16,-2.057364e-20,1.378453e-12
1724,431.000000,3,4.386269e-11,1.604325e-16,-5.790264e-21,3.056222e-12
1725,431.250000,3,4.385359e-11,1.199778e-16,-2.296915e-20,5.140333e-12
1726,431.500000,3,4.384493e-11,1.090669e-16,2.189051e-20,3.381295e-12
1727,431.750000,3,4.383538e-11,1.604433e-16,-2.114274e-20,3.873346e-12
1728,432.000000,3,4.382672e-11,1.604468e-16,-1.731785e-20,5.030421e-12
1729,432.250000,3,4.381739e-11,1.604504e-16,4.063111e-21,3.143708e-12
1730,432.500000,3,4.380851e-11,1.308619e-16,-3.750106e-20,6.281642e-13
1731,432.750000,3,4.379963e-11,1.604576e-16,-1.300990e-20,3.232081e-12
1732,433.000000,3,4.379075e-11,1.308527e-16,3.778561e-21,6.498801e-12
1733,433.250000,3,4.378231e-11,1.604647e-16,5.829969e-20,1.500799e-12
1734,433.500000,3,4.377343e-11,1.604683e-16,6.021875e-21,5.099254e-12
1735,433.750000,3,4.376499e-11,1.203539e-16,-1.508116e-20,3.873346e-12
1736,434.000000,3,4.375611e-11,8.722296e-17,1.132907e-20,3.379519e-12
1737,434.250000,3,4.374701e-11,1.203593e-16,-2.243314e-21,3.578027e-12
1738,434.500000,3,4.373768e-11,1.604826e-16,-3.231960e-20,2.201350e-12
1739,434.750000,3,4.372880e-11,1.203647e-16,-1.911780e-20,3.601119e-12
1740,435.000000,3,4.372014e-11,1.203673e-16,2.864030e-20,1.369793e-12
1741,435.250000,3,4.371126e-11,1.604934e-16,-3.362985e-20,4.987566e-12
1742,435.500000,3,4.370238e-11,1.604969e-16,2.157949e-20,6.522782e-12
1743,435.750000,3,4.369372e-11,1.605005e-16,3.231960e-20,1.885159e-12
1744,436.000000,3,4.368506e-11,1.203781e-16,-1.124966e-20,2.517320e-12
1745,436.250000,3,4.367617e-11,1.198940e-16,9.562208e-21,2.821077e-12
1746,436.500000,3,4.366707e-11,1.605112e-16,3.033437e-20,2.617906e-13
1747,436.750000,3,4.365841e-11,1.605148e-16,-1.574952e-21,3.855138e-12
1748,437.000000,3,4.364953e-11,1.605184e-16,4.698386e-21,1.696865e-12
1749,437.250000,3,4.364109e-11,1.605219e-16,-2.427279e-20,3.294920e-12
1750,437.500000,3,4.363199e-11,8.718056e-17,4.043259e-21,2.722933e-12
1751,437.750000,3,4.362355e-11,8.717755e-17,2.130817e-21,1.477263e-12
1752,438.000000,3,4.361422e-11,1.605327e-16,-1.909795e-20,4.097611e-12
1753,438.250000,3,4.360623e-11,1.605362e-16,1.290402e-21,5.476730e-12
1754,438.500000,3,4.359735e-11,1.416488e-16,1.634509e-20,1.276979e-12
1755,438.750000,3,4.358869e-11,1.605434e-16,-2.706535e-21,4.916512e-12
1756,439.000000,3,4.357958e-11,1.204102e-16,-3.560185e-21,4.720668e-13
1757,439.250000,3,4.357092e-11,1.089494e-16,1.171288e-20,2.944311e-13
1758,439.500000,3,4.356204e-11,1.089456e-16,-4.270899e-20,2.349454e-12
1759,439.750000,3,4.355383e-11,8.715350e-17,-6.882143e-22,2.341460e-12
1760,440.000000,3,4.354517e-11,1.307258e-16,1.536571e-20,2.879252e-12
1761,440.250000,3,4.353629e-11,1.204236e-16,-7.107136e-21,2.290390e-12
1762,440.500000,3,4.352785e-11,9.803758e-17,1.680831e-21,3.914424e-12
1763,440.750000,3,4.351919e-11,1.605719e-16,-3.977084e-20,1.246780e-12
1764,441.000000,3,4.351075e-11,1.605755e-16,-1.093202e-20,3.494982e-12
1765,441.250000,3,4.350142e-11,1.204343e-16,5.172857e-20,2.702283e-12
1766,441.500000,3,4.349321e-11,1.605826e-16,1.627891e-21,3.078204e-12
1767,441.750000,3,4.348477e-11,1.204396e-16,-7.801968e-21,4.687140e-12
1768,442.000000,3,4.347633e-11,1.204423e-16,-3.343795e-20,3.238965e-12
1769,442.250000,3,4.346745e-11,1.204450e-16,1.617304e-20,3.997913e-12
1770,442.500000,3,4.345879e-11,1.524611e-16,-2.344561e-20,4.954703e-12
1771,442.750000,3,4.345035e-11,2.409007e-16,6.140989e-21,4.144907e-12
1772,443.000000,3,4.344125e-11,1.606040e-16,7.874759e-22,4.643619e-12
1773,443.250000,3,4.343281e-11,1.606076e-16,2.652934e-20,2.191136e-12
1774,443.500000,3,4.342438e-11,1.204583e-16,1.488925e-20,2.911227e-12
1775,443.750000,3,4.341572e-11,1.088822e-16,-5.929231e-21,3.971046e-12
1776,444.000000,3,4.340683e-11,9.799061e-17,-1.327459e-20,1.807443e-12
1777,444.250000,3,4.339862e-11,1.306497e-16,1.087246e-20,3.788081e-12
1778,444.500000,3,4.338974e-11,1.204690e-16,3.046672e-20,2.389644e-12
1779,444.750000,3,4.338152e-11,1.633010e-16,-3.566803e-21,1.731948e-12
1780,445.000000,3,4.337286e-11,1.088636e-16,3.198211e-20,5.333955e-12
1781,445.250000,3,4.336442e-11,1.524039e-16,-6.188634e-20,4.338530e-12
1782,445.500000,3,4.335599e-11,9.797058e-17,2.071260e-20,3.159695e-12
1783,445.750000,3,4.334733e-11,1.204824e-16,-1.112392e-20,3.589351e-12
1784,446.000000,3,4.333844e-11,1.415034e-16,-5.863056e-21,4.485745e-12
1785,446.250000,3,4.332978e-11,1.414986e-16,3.472835e-20,1.586065e-12
1786,446.500000,3,4.332201e-11,1.306097e-16,-1.868105e-20,5.720757e-12
1787,446.750000,3,4.331313e-11,1.088377e-16,4.070390e-20,5.660139e-12
1788,447.000000,3,4.330514e-11,1.204957e-16,3.027481e-20,3.464340e-12
1789,447.250000,3,4.329626e-11,1.204984e-16,-1.922368e-20,4.782175e-12
1790,447.500000,3,4.328804e-11,1.305919e-16,1.766858e-21,4.072298e-12
1791,447.750000,3,4.327938e-11,1.606717e-16,9.568825e-21,3.774536e-12
1792,448.000000,3,4.327094e-11,1.205064e-16,-1.500175e-20,3.523848e-12
1793,448.250000,3,4.326273e-11,1.205091e-16,-4.751325e-21,2.603251e-12
1794,448.500000,3,4.325384e-11,1.606823e-16,4.403910e-20,5.878187e-12
1795,448.750000,3,4.324630e-11,1.606859e-16,-1.219595e-20,3.264278e-12
1796,449.000000,3,4.323697e-11,1.606894e-16,1.842958e-20,4.726219e-12
1797,449.250000,3,4.322831e-11,1.606930e-16,3.167109e-20,3.170575e-12
1798,449.500000,3,4.322076e-11,1.606965e-16,9.423242e-21,1.427525e-12
1799,449.750000,3,4.321188e-11,9.791413e-17,-1.052174e-21,5.488054e-12
1800,450.000000,3,4.320366e-11,1.607037e-16,2.552348e-20,2.937872e-12
1801,450.250000,3,4.319545e-11,1.414220e-16,-1.709948e-20,2.244871e-12
1802,450.500000,3,4.318701e-11,1.305389e-16,-4.902203e-20,2.258638e-12
1803,450.750000,3,4.317857e-11,8.702302e-17,-1.542526e-20,5.159873e-12
1804,451.000000,3,4.317013e-11,1.305301e-16,2.349855e-20,2.936540e-12
1805,451.250000,3,4.316125e-11,1.205411e-16,-2.845501e-20,1.529665e-12
1806,451.500000,3,4.315392e-11,1.607250e-16,-1.832370e-20,2.765121e-12
1807,451.750000,3,4.314482e-11,1.196405e-16,1.796636e-20,2.436495e-12
1808,452.000000,3,4.313638e-11,1.413886e-16,-2.383604e-20,4.491740e-12
1809,452.250000,3,4.312772e-11,1.087568e-16,1.068717e-20,2.212897e-12
1810,452.500000,3,4.311973e-11,1.413791e-16,-5.215870e-20,5.690337e-12
1811,452.750000,3,4.311151e-11,1.607427e-16,-4.080978e-20,2.713607e-12
1812,453.000000,3,4.310330e-11,1.205597e-16,7.040961e-21,2.193357e-12
1813,453.250000,3,4.309531e-11,1.607498e-16,1.136215e-20,3.175238e-12
1814,453.500000,3,4.308687e-11,1.205650e-16,-1.679508e-20,5.037082e-12
1815,453.750000,3,4.307799e-11,1.205677e-16,1.327459e-20,3.091971e-12
1816,454.000000,3,4.306977e-11,1.607605e-16,-3.271003e-20,3.710143e-12
1817,454.250000,3,4.306133e-11,1.205730e-16,-1.598113e-20,4.278800e-12
1818,454.500000,3,4.305378e-11,1.607676e-16,1.470396e-20,2.613465e-12
1819,454.750000,3,4.304512e-11,1.205783e-16,6.432156e-21,1.966205e-12
1820,455.000000,3,4.303713e-11,1.607747e-16,1.893251e-20,4.213963e-12
1821,455.250000,3,4.302825e-11,1.087130e-16,1.586202e-20,2.239098e-12
1822,455.500000,3,4.302048e-11,1.413221e-16,-1.077982e-20,2.390088e-12
1823,455.750000,3,4.301182e-11,1.205890e-16,-1.464441e-20,2.602363e-12
1824,456.000000,3,4.300382e-11,1.304424e-16,-9.648235e-21,2.986278e-12
1825,456.250000,3,4.299561e-11,1.205943e-16,-5.819381e-20,2.571943e-12
1826,456.500000,3,4.298784e-11,1.086948e-16,-2.112950e-20,3.662404e-12
1827,456.750000,3,4.297918e-11,1.607995e-16,-7.960786e-21,6.850298e-12
1828,457.000000,3,4.297074e-11,1.608030e-16,1.348635e-20,5.860867e-12
1829,457.250000,3,4.296208e-11,1.304206e-16,-4.777795e-21,2.959855e-12
1830,457.500000,3,4.295453e-11,1.304163e-16,-3.473497e-20,1.807665e-12
1831,457.750000,3,4.294631e-11,2.412205e-16,-6.928465e-21,3.312906e-12
1832,458.000000,3,4.293810e-11,1.608172e-16,-1.299666e-20,2.781997e-12
1833,458.250000,3,4.292966e-11,1.206156e-16,5.143078e-20,5.345058e-12
1834,458.500000,3,4.292167e-11,1.608243e-16,4.949849e-21,1.611378e-12
1835,458.750000,3,4.291278e-11,1.608278e-16,3.605846e-20,2.462697e-12
1836,459.000000,3,4.290546e-11,8.692675e-17,1.124966e-21,4.359402e-12
1837,459.250000,3,4.289702e-11,1.608349e-16,-5.156975e-20,5.493384e-12
1838,459.500000,3,4.288880e-11,1.086512e-16,7.801968e-21,3.345324e-12
1839,459.750000,3,4.288125e-11,1.608420e-16,-8.834289e-21,4.972467e-12
1840,460.000000,3,4.287282e-11,1.608455e-16,1.372458e-20,2.042144e-12
1841,460.250000,3,4.286460e-11,1.412324e-16,-1.588187e-20,4.213296e-12
1842,460.500000,3,4.285616e-11,1.195004e-16,4.328471e-20,4.025003e-12
1843,460.750000,3,4.284839e-11,1.608562e-16,-2.144714e-20,2.242428e-12
1844,461.000000,3,4.283995e-11,1.608597e-16,3.807678e-20,8.495427e-13
1845,461.250000,3,4.283174e-11,1.608632e-16,7.821820e-21,1.974643e-12
1846,461.500000,3,4.282441e-11,1.412089e-16,1.011146e-20,3.397282e-13
1847,461.750000,3,4.281620e-11,9.775678e-17,1.641126e-21,4.503731e-12
1848,462.000000,3,4.280798e-11,1.608738e-16,-1.112392e-20,2.678302e-12
1849,462.250000,3,4.279976e-11,1.206580e-16,-1.405545e-20,3.329559e-12
1850,462.500000,3,4.279177e-11,1.411902e-16,5.466009e-21,1.905143e-12
1851,462.750000,3,4.278378e-11,1.608845e-16,-2.828296e-20,3.043565e-12
1852,463.000000,3,4.277578e-11,1.608880e-16,2.467645e-20,3.815837e-12
1853,463.250000,3,4.276779e-11,1.303164e-16,1.455838e-20,2.420508e-12
1854,463.500000,3,4.275957e-11,1.608951e-16,-8.536504e-22,4.277245e-12
1855,463.750000,3,4.275136e-11,1.608986e-16,-8.503417e-21,1.664224e-12
1856,464.000000,3,4.274336e-11,1.609021e-16,1.151435e-20,3.280265e-12
1857,464.250000,3,4.273537e-11,1.206792e-16,-7.345364e-21,3.959499e-12
1858,464.500000,3,4.272716e-11,1.609092e-16,-4.910144e-21,5.214051e-12
1859,464.750000,3,4.271938e-11,1.206845e-16,8.251954e-21,4.375833e-12
1860,465.000000,3,4.271117e-11,1.520005e-16,-1.711271e-20,4.760636e-13
1861,465.250000,3,4.270362e-11,1.302818e-16,2.384265e-20,4.078515e-12
1862,465.500000,3,4.269518e-11,1.194211e-16,7.126988e-21,2.719824e-12
1863,465.750000,3,4.268719e-11,1.609269e-16,2.543746e-20,2.432943e-12
1864,466.000000,3,4.267919e-11,1.609304e-16,1.657008e-20,1.526779e-12
1865,466.250000,3,4.267120e-11,9.769843e-17,2.036188e-20,2.946532e-13
1866,466.500000,3,4.266343e-11,9.769520e-17,1.322165e-20,4.271472e-12
1867,466.750000,3,4.265543e-11,1.207057e-16,-5.366748e-21,1.675771e-12
1868,467.000000,3,4.264678e-11,1.207084e-16,-4.480010e-20,2.734701e-12
1869,467.250000,3,4.263967e-11,1.609480e-16,-3.431145e-20,4.884093e-12
1870,467.500000,3,4.263168e-11,1.609516e-16,-1.639141e-20,4.496181e-12
1871,467.750000,3,4.262346e-11,1.609551e-16,-4.331118e-20,1.294520e-12
1872,468.000000,3,4.261591e-11,1.609586e-16,4.671916e-21,2.558398e-12
1873,468.250000,3,4.260770e-11,1.207216e-16,2.977850e-21,5.779821e-13
1874,468.500000,3,4.259992e-11,1.609657e-16,2.845501e-21,4.305223e-12
1875,468.750000,3,4.259193e-11,1.410733e-16,-1.334077e-20,4.011236e-12
1876,469.000000,3,4.258394e-11,1.085144e-16,-1.775460e-20,1.949996e-12
1877,469.250000,3,4.257572e-11,1.609763e-16,-1.309592e-20,2.390310e-12
1878,469.500000,3,4.256773e-11,1.410594e-16,4.990215e-20,4.399592e-12
1879,469.750000,3,4.256040e-11,1.844562e-16,3.564156e-20,2.007505e-12
1880,470.000000,3,4.255285e-11,9.765005e-17,3.652830e-21,4.658274e-12
1881,470.250000,3,4.254419e-11,8.679718e-17,1.183861e-20,4.348744e-12
1882,470.500000,3,4.253664e-11,1.207454e-16,-2.414706e-20,2.388312e-12
1883,470.750000,3,4.252909e-11,1.207481e-16,1.152097e-20,1.048717e-12
1884,471.000000,3,4.252088e-11,1.193343e-16,-9.535738e-21,3.943512e-12
1885,471.250000,3,4.251333e-11,8.678575e-17,-3.473497e-20,1.606937e-12
1886,471.500000,3,4.250489e-11,1.207560e-16,4.385381e-20,3.344214e-12
1887,471.750000,3,4.249734e-11,1.627126e-16,3.592611e-20,3.240297e-12
1888,472.000000,3,4.248935e-11,1.410129e-16,6.650532e-21,2.868816e-12
1889,472.250000,3,4.248113e-11,1.610185e-16,-4.648093e-20,4.286349e-12
1890,472.500000,3,4.247402e-11,1.207666e-16,-1.124966e-21,2.026379e-12
1891,472.750000,3,4.246625e-11,1.301529e-16,2.903073e-20,2.918110e-12
1892,473.000000,3,4.245804e-11,1.207718e-16,2.684036e-20,3.207878e-12
1893,473.250000,3,4.245027e-11,1.610326e-16,1.124966e-20,2.383205e-12
1894,473.500000,3,4.244272e-11,1.301401e-16,-1.177243e-20,3.600453e-12
1895,473.750000,3,4.243472e-11,1.610397e-16,1.932294e-20,4.092504e-12
1896,474.000000,3,4.242717e-11,1.735087e-16,-3.302105e-21,1.895373e-12
1897,474.250000,3,4.241896e-11,1.084394e-16,-1.451867e-20,2.431388e-12
1898,474.500000,3,4.241185e-11,1.610502e-16,2.964615e-21,3.115730e-12
1899,474.750000,3,4.240386e-11,1.207903e-16,1.379076e-20,4.741985e-12
1900,475.000000,3,4.239609e-11,1.084287e-16,8.622531e-21,1.962430e-12
1901,475.250000,3,4.238854e-11,1.207956e-16,-4.059802e-20,1.014078e-12
1902,475.500000,3,4.238054e-11,1.207982e-16,1.745020e-20,3.326228e-12
1903,475.750000,3,4.237255e-11,1.208009e-16,-1.991189e-20,3.603340e-12
1904,476.000000,3,4.236478e-11,1.610713e-16,-5.786294e-20,2.692291e-12
1905,476.250000,3,4.235745e-11,1.300931e-16,6.332895e-21,3.283374e-12
1906,476.500000,3,4.234946e-11,1.409296e-16,3.038069e-20,2.878364e-12
1907,476.750000,3,4.234146e-11,1.409250e-16,-9.118839e-21,8.180123e-13
1908,477.000000,3,4.233369e-11,1.610854e-16,-9.740879e-21,2.359002e-12
1909,477.250000,3,4.232636e-11,1.083967e-16,-3.030790e-20,3.317346e-12
1910,477.500000,3,4.231837e-11,1.610924e-16,7.974021e-21,3.386846e-12
1911,477.750000,3,4.231060e-11,1.610959e-16,4.074361e-20,4.377831e-12
1912,478.000000,3,4.230283e-11,1.517405e-16,-1.430030e-20,3.550715e-12
1913,478.250000,3,4.229550e-11,1.611030e-16,3.875176e-20,4.845457e-12
1914,478.500000,3,4.228817e-11,1.611065e-16,-1.000558e-20,3.970158e-12
1915,478.750000,3,4.227996e-11,1.611100e-16,1.340694e-20,3.633094e-12
1916,479.000000,3,4.227241e-11,1.611135e-16,-4.663313e-20,4.711787e-13
1917,479.250000,3,4.226530e-11,1.192052e-16,2.181772e-20,4.413359e-12
1918,479.500000,3,4.225664e-11,1.083648e-16,2.439190e-20,3.910650e-12
1919,479.750000,3,4.224909e-11,1.950503e-16,3.526436e-20,2.632783e-12
1920,480.000000,3,4.224110e-11,1.208457e-16,-2.066628e-20,3.957279e-12
1921,480.250000,3,4.223444e-11,1.208483e-16,6.948317e-22,3.180123e-12
1922,480.500000,3,4.222667e-11,1.300206e-16,-5.234399e-21,3.774536e-12
1923,480.750000,3,4.221867e-11,9.751219e-17,1.144818e-21,2.291944e-12
1924,481.000000,3,4.221112e-11,1.208562e-16,-1.205698e-20,2.857714e-12
1925,481.250000,3,4.220313e-11,8.667161e-17,4.501186e-20,5.156764e-12
1926,481.500000,3,4.219558e-11,1.408365e-16,7.292424e-21,3.073319e-12
1927,481.750000,3,4.218736e-11,1.299985e-16,-1.455838e-21,1.272760e-12
1928,482.000000,3,4.218048e-11,1.611556e-16,5.651298e-21,1.565192e-12
1929,482.250000,3,4.217271e-11,1.611591e-16,-3.751430e-20,2.496447e-12
1930,482.500000,3,4.216560e-11,1.611626e-16,4.748678e-20,2.901679e-12
1931,482.750000,3,4.215739e-11,1.611661e-16,8.404155e-21,2.912781e-12
1932,483.000000,3,4.214984e-11,1.611696e-16,-1.808548e-20,2.101652e-12
1933,483.250000,3,4.214229e-11,1.208799e-16,-2.801826e-20,4.737100e-12
1934,483.500000,3,4.213452e-11,1.208825e-16,-2.534481e-20,3.968159e-12
1935,483.750000,3,4.212719e-11,1.299623e-16,5.790264e-21,3.716139e-12
1936,484.000000,3,4.211942e-11,1.299577e-16,-2.181772e-20,4.199086e-12
1937,484.250000,3,4.211165e-11,1.611872e-16,4.912791e-20,3.011813e-12
1938,484.500000,3,4.210410e-11,1.208930e-16,3.282914e-20,3.750555e-12
1939,484.750000,3,4.209677e-11,2.057446e-16,2.712491e-20,3.296030e-12
1940,485.000000,3,4.208878e-11,9.745450e-17,-2.813076e-20,2.327472e-12
1941,485.250000,3,4.208145e-11,1.612012e-16,-2.022953e-20,2.466694e-12
1942,485.500000,3,4.207390e-11,1.209035e-16,-1.119010e-20,1.965317e-12
1943,485.750000,3,4.206635e-11,1.732339e-16,3.008952e-20,4.162670e-12
1944,486.000000,3,4.205858e-11,1.612117e-16,6.743176e-21,4.533041e-12
1945,486.250000,3,4.205147e-11,1.082635e-16,3.270341e-20,4.460654e-12
1946,486.500000,3,4.204326e-11,1.612186e-16,4.368837e-20,1.106892e-12
1947,486.750000,3,4.203571e-11,1.190813e-16,-3.391441e-20,3.607559e-12
1948,487.000000,3,4.202816e-11,1.623777e-16,-1.786048e-20,2.668310e-12
1949,487.250000,3,4.202083e-11,1.209215e-16,-2.772709e-20,2.928546e-12
1950,487.500000,3,4.201373e-11,1.298928e-16,1.917736e-20,4.681144e-12
1951,487.750000,3,4.200573e-11,1.612355e-16,-1.625244e-20,2.710721e-12
1952,488.000000,3,4.199796e-11,9.741254e-17,-1.011146e-20,4.446665e-12
1953,488.250000,3,4.199108e-11,1.082322e-16,3.771944e-22,1.366685e-12
1954,488.500000,3,4.198375e-11,1.612456e-16,6.313042e-21,5.281331e-12
1955,488.750000,3,4.197576e-11,1.190468e-16,-1.688772e-20,2.541301e-12
1956,489.000000,3,4.196843e-11,1.612524e-16,-2.013027e-20,2.311706e-12
1957,489.250000,3,4.196132e-11,1.612558e-16,2.786606e-20,3.368195e-12
1958,489.500000,3,4.195355e-11,1.612592e-16,-2.936160e-20,3.117728e-12
1959,489.750000,3,4.194645e-11,1.190294e-16,2.415367e-21,2.446710e-12
1960,490.000000,3,4.193845e-11,1.209494e-16,-1.933617e-20,1.853184e-12
1961,490.250000,3,4.193157e-11,1.190207e-16,1.492896e-20,1.525891e-12
1962,490.500000,3,4.192335e-11,1.612727e-16,-7.808585e-22,2.783329e-12
1963,490.750000,3,4.191669e-11,1.612761e-16,-4.017451e-20,3.723244e-12
1964,491.000000,3,4.190870e-11,1.612794e-16,-1.812518e-20,4.515943e-12
1965,491.250000,3,4.190159e-11,1.612828e-16,3.286223e-20,5.529133e-12
1966,491.500000,3,4.189404e-11,1.081808e-16,-2.616538e-20,4.125367e-12
1967,491.750000,3,4.188672e-11,9.735912e-17,-1.226213e-20,4.474421e-12
1968,492.000000,3,4.187872e-11,8.653824e-17,-4.440306e-21,2.051248e-12
1969,492.250000,3,4.187184e-11,1.189857e-16,8.126222e-21,3.796963e-12
1970,492.500000,3,4.186429e-11,1.612997e-16,6.683619e-21,-2.740030e-13
1971,492.750000,3,4.185696e-11,1.209773e-16,-3.595258e-20,3.790079e-12
1972,493.000000,3,4.184963e-11,9.734111e-17,2.288974e-20,2.694955e-12
1973,493.250000,3,4.184186e-11,1.613098e-16,2.602641e-20,3.422596e-12
1974,493.500000,3,4.183476e-11,1.613132e-16,-3.725621e-20,2.893241e-12
1975,493.750000,3,4.182765e-11,1.613166e-16,8.146075e-21,2.982281e-12
1976,494.000000,3,4.181966e-11,1.297689e-16,1.575614e-20,3.347989e-12
1977,494.250000,3,4.181300e-11,1.189504e-16,2.334635e-20,6.943335e-13
1978,494.500000,3,4.180545e-11,1.189459e-16,-3.786502e-20,2.462919e-12
1979,494.750000,3,4.179790e-11,1.209976e-16,1.859502e-21,3.200551e-12
1980,495.000000,3,4.179057e-11,8.066673e-17,-1.884648e-20,2.353895e-12
1981,495.250000,3,4.178302e-11,1.613368e-16,2.172507e-20,3.497647e-12
1982,495.500000,3,4.177614e-11,1.613402e-16,-1.312901e-20,2.637224e-12
1983,495.750000,3,4.176859e-11,1.613436e-16,9.886463e-21,2.406964e-12
1984,496.000000,3,4.176126e-11,9.729755e-17,-4.923379e-21,3.359313e-12
1985,496.250000,3,4.175416e-11,1.613503e-16,-5.757177e-22,1.845191e-12
1986,496.500000,3,4.174683e-11,1.081003e-16,1.280476e-20,4.834355e-12
1987,496.750000,3,4.173928e-11,1.405251e-16,3.453644e-20,2.419398e-12
1988,497.000000,3,4.173240e-11,8.647371e-17,3.467541e-21,3.114620e-12
1989,497.250000,3,4.172485e-11,1.210229e-16,2.056702e-20,3.635092e-12
1990,497.500000,3,4.171730e-11,1.080840e-16,1.750976e-20,5.440093e-12
1991,497.750000,3,4.171019e-11,1.613706e-16,4.241120e-20,3.035128e-12
1992,498.000000,3,4.170286e-11,9.726826e-17,-1.543850e-20,4.887646e-12
1993,498.250000,3,4.169554e-11,1.613773e-16,1.406207e-20,2.396749e-12
1994,498.500000,3,4.168865e-11,1.613807e-16,1.212316e-20,4.751755e-12
1995,498.750000,3,4.168110e-11,1.080636e-16,8.741645e-21,4.091172e-12
1996,499.000000,3,4.167422e-11,1.210406e-16,-1.923691e-20,5.889733e-12
1997,499.250000,3,4.166689e-11,1.613908e-16,-1.162023e-20,4.161338e-12
1998,499.500000,3,4.165956e-11,1.613941e-16,1.770828e-20,3.673506e-12
1999,499.750000,3,4.165224e-11,1.404613e-16,-1.276505e-20,2.569722e-12
2000,500.000000,3,4.164535e-11,1.210507e-16,-3.189608e-20,2.769118e-12
2001,500.250000,3,4.163692e-11,1.210532e-16,-1.655023e-20,3.700373e-12
2002,500.500000,3,4.163070e-11,1.614076e-16,-3.525775e-20,3.147482e-12
2003,500.750000,3,4.162315e-11,1.210582e-16,-1.601422e-20,3.904210e-12
2004,501.000000,3,4.161582e-11,1.210608e-16,1.852885e-22,2.812417e-12
2005,501.250000,3,4.160827e-11,1.210633e-16,3.957232e-21,1.652456e-12
2006,501.500000,3,4.160161e-11,1.210658e-16,-1.857517e-20,2.548406e-12
2007,501.750000,3,4.159384e-11,1.614244e-16,-1.037615e-20,4.075185e-12
2008,502.000000,3,4.158762e-11,1.188112e-16,-2.001115e-20,5.125234e-12
2009,502.250000,3,4.158007e-11,1.614312e-16,-8.357833e-21,2.526201e-12
2010,502.500000,3,4.157297e-11,1.614345e-16,1.159376e-20,3.189449e-12
2011,502.750000,3,4.156542e-11,1.210784e-16,-2.443822e-20,4.235279e-12
2012,503.000000,3,4.155853e-11,1.187930e-16,-2.772709e-21,5.122791e-12
2013,503.250000,3,4.155143e-11,1.614446e-16,-1.382384e-20,3.443024e-12
2014,503.500000,3,4.154366e-11,1.614480e-16,2.311474e-20,4.470424e-12
2015,503.750000,3,4.153677e-11,1.614514e-16,1.445250e-20,2.559508e-12
2016,504.000000,3,4.152967e-11,1.079770e-16,-4.400601e-21,5.772494e-12
2017,504.250000,3,4.152256e-11,1.614581e-16,5.869674e-21,1.741940e-12
2018,504.500000,3,4.151524e-11,1.295625e-16,2.780650e-20,3.108402e-12
2019,504.750000,3,4.150857e-11,1.614648e-16,7.709323e-21,5.121903e-12
2020,505.000000,3,4.150147e-11,1.295525e-16,1.520689e-20,3.957057e-12
2021,505.250000,3,4.149414e-11,1.614715e-16,-3.089023e-20,4.221512e-12
2022,505.500000,3,4.148726e-11,1.614749e-16,2.637714e-20,3.130163e-12
2023,505.750000,3,4.147949e-11,1.211087e-16,1.494219e-20,2.237099e-12
2024,506.000000,3,4.147216e-11,9.714936e-17,-2.693962e-20,2.554845e-12
2025,506.250000,3,4.146550e-11,1.295275e-16,-1.250697e-20,2.152944e-12
2026,506.500000,3,4.145884e-11,1.403160e-16,6.379217e-21,1.537659e-12
2027,506.750000,3,4.145129e-11,1.614917e-16,6.121137e-21,3.861356e-12
2028,507.000000,3,4.144463e-11,1.295124e-16,1.263932e-21,1.968647e-12
2029,507.250000,3,4.143730e-11,1.614984e-16,-1.680831e-21,5.397904e-13
2030,507.500000,3,4.143019e-11,1.615018e-16,-1.516057e-20,3.363088e-12
2031,507.750000,3,4.142309e-11,9.712302e-17,-3.770620e-20,2.006839e-12
2032,508.000000,3,4.141554e-11,1.187013e-16,-5.982170e-21,3.336886e-12
2033,508.250000,3,4.140888e-11,1.186967e-16,-8.344598e-21,2.031264e-12
2034,508.500000,3,4.140177e-11,1.186921e-16,2.163243e-20,1.408429e-12
2035,508.750000,3,4.139489e-11,9.710793e-17,-7.603444e-21,4.454437e-12
2036,509.000000,3,4.138823e-11,1.615219e-16,5.604976e-21,3.363754e-12
2037,509.250000,3,4.138090e-11,1.615253e-16,-8.629148e-21,1.193490e-12
2038,509.500000,3,4.137424e-11,9.709658e-17,-3.150566e-20,4.090062e-12
2039,509.750000,3,4.136669e-11,1.078809e-16,4.142521e-21,2.346567e-12
2040,510.000000,3,4.135958e-11,1.615353e-16,-1.098496e-21,3.476996e-12
2041,510.250000,3,4.135225e-11,1.615387e-16,2.290959e-20,3.643974e-12
2042,510.500000,3,4.134582e-11,1.294419e-16,3.493349e-20,3.724132e-12
2043,510.750000,3,4.133849e-11,1.615454e-16,2.687344e-20,4.150902e-12
2044,511.000000,3,4.133160e-11,1.294318e-16,-2.098392e-20,4.752421e-12
2045,511.250000,3,4.132472e-11,1.615521e-16,-2.385589e-20,2.045475e-12
2046,511.500000,3,4.131784e-11,1.615555e-16,1.588187e-22,4.982903e-12
2047,511.750000,3,4.131051e-11,1.211691e-16,5.444834e-20,-7.209788e-13
2048,512.000000,3,4.130363e-11,1.615622e-16,7.213015e-21,3.644862e-12
2049,512.250000,3,4.129719e-11,1.211741e-16,8.708557e-21,4.358069e-12
2050,512.500000,3,4.128964e-11,1.211767e-16,1.334739e-20,1.265210e-12
2051,512.750000,3,4.128298e-11,1.617454e-16,-3.313355e-20,3.883782e-12
2052,513.000000,3,4.127587e-11,1.186086e-16,-5.518949e-21,3.517853e-12
2053,513.250000,3,4.126854e-11,1.211842e-16,1.953470e-20,4.128697e-12
2054,513.500000,3,4.126166e-11,1.615823e-16,-1.645097e-20,3.820722e-12
2055,513.750000,3,4.125500e-11,1.615856e-16,1.925676e-20,4.275247e-12
2056,514.000000,3,4.124767e-11,1.615890e-16,-6.381202e-20,2.971623e-12
2057,514.250000,3,4.124079e-11,9.702432e-17,-2.594038e-21,3.826939e-12
2058,514.500000,3,4.123435e-11,1.615957e-16,3.527098e-20,2.030376e-12
2059,514.750000,3,4.122791e-11,1.615990e-16,-2.322723e-20,2.018830e-12
2060,515.000000,3,4.121969e-11,1.212018e-16,1.852885e-20,3.091749e-12
2061,515.250000,3,4.121303e-11,1.077878e-16,-1.654361e-20,2.825296e-12
2062,515.500000,3,4.120637e-11,1.616091e-16,-7.477713e-21,3.717471e-12
2063,515.750000,3,4.119927e-11,9.700136e-17,6.895378e-21,3.372858e-13
2064,516.000000,3,4.119238e-11,1.616158e-16,-1.259300e-20,3.355538e-12
2065,516.250000,3,4.118550e-11,1.616191e-16,-1.162023e-20,5.499823e-12
2066,516.500000,3,4.117906e-11,1.616225e-16,-2.717785e-20,2.229994e-12
2067,516.750000,3,4.117195e-11,1.212194e-16,1.485616e-20,2.877920e-12
2068,517.000000,3,4.116485e-11,8.620638e-17,4.764560e-21,3.020917e-12
2069,517.250000,3,4.115819e-11,1.616325e-16,1.801269e-20,3.422373e-12
2070,517.500000,3,4.115130e-11,9.697449e-17,3.458277e-20,2.838396e-12
2071,517.750000,3,4.114398e-11,1.212294e-16,1.709286e-20,3.369971e-12
2072,518.000000,3,4.113776e-11,1.400632e-16,-3.176374e-22,3.400391e-12
2073,518.250000,3,4.113043e-11,1.616459e-16,1.578261e-20,2.193801e-12
2074,518.500000,3,4.112355e-11,1.616492e-16,-3.683932e-20,1.620704e-12
2075,518.750000,3,4.111644e-11,1.212394e-16,-7.345364e-22,2.993161e-12
2076,519.000000,3,4.110978e-11,1.212419e-16,-3.897013e-20,1.837641e-12
2077,519.250000,3,4.110356e-11,1.077195e-16,2.155302e-20,2.010614e-12
2078,519.500000,3,4.109668e-11,1.616626e-16,-5.366748e-21,1.598943e-12
2079,519.750000,3,4.108935e-11,1.616659e-16,-4.963084e-21,3.030687e-12
2080,520.000000,3,4.108269e-11,9.693596e-17,-1.647744e-20,2.305045e-12
2081,520.250000,3,4.107581e-11,1.616726e-16,3.159168e-20,2.938094e-12
2082,520.500000,3,4.106870e-11,8.615843e-17,8.721792e-21,3.872236e-12
2083,520.750000,3,4.106160e-11,1.616793e-16,-5.030582e-20,2.792655e-12
2084,521.000000,3,4.105560e-11,1.212620e-16,2.328017e-20,6.765033e-12
2085,521.250000,3,4.104828e-11,1.616860e-16,-3.145272e-20,4.369172e-12
2086,521.500000,3,4.104184e-11,1.615213e-16,2.031556e-20,2.429834e-12
2087,521.750000,3,4.103518e-11,1.615148e-16,6.639282e-20,3.365086e-12
2088,522.000000,3,4.102807e-11,1.616960e-16,-9.707792e-21,4.341860e-12
2089,522.250000,3,4.102185e-11,1.616994e-16,1.418780e-20,2.048139e-12
2090,522.500000,3,4.101430e-11,1.617027e-16,6.756411e-21,4.750644e-12
2091,522.750000,3,4.100831e-11,1.212795e-16,-4.890954e-20,3.429923e-12
2092,523.000000,3,4.100142e-11,1.617094e-16,-1.389663e-21,3.998357e-12
2093,523.250000,3,4.099432e-11,1.399459e-16,1.290402e-21,1.219691e-12
2094,523.500000,3,4.098788e-11,1.617161e-16,-2.945425e-20,2.118528e-12
2095,523.750000,3,4.098055e-11,1.617194e-16,-1.188493e-20,4.050094e-12
2096,524.000000,3,4.097389e-11,1.617227e-16,-2.428602e-20,2.900125e-12
2097,524.250000,3,4.096745e-11,1.506868e-16,2.588083e-20,3.975265e-12
2098,524.500000,3,4.096035e-11,1.212971e-16,1.702669e-20,3.533840e-12
2099,524.750000,3,4.095346e-11,1.617327e-16,-2.711829e-20,2.809086e-12
2100,525.000000,3,4.094725e-11,1.213021e-16,1.962072e-20,1.697531e-12
2101,525.250000,3,4.094014e-11,1.617394e-16,1.400913e-20,4.483969e-12
2102,525.500000,3,4.093326e-11,1.617427e-16,-3.331222e-20,3.292699e-12
2103,525.750000,3,4.092704e-11,1.617461e-16,9.859993e-22,3.880007e-12
2104,526.000000,3,4.092016e-11,1.213121e-16,2.249931e-21,1.991074e-12
2105,526.250000,3,4.091372e-11,1.617528e-16,1.692081e-20,4.201084e-12
2106,526.500000,3,4.090728e-11,1.617561e-16,1.391649e-20,3.287148e-12
2107,526.750000,3,4.090017e-11,1.213196e-16,2.954027e-20,4.408474e-12
2108,527.000000,3,4.089373e-11,1.617628e-16,-2.666830e-21,3.981482e-12
2109,527.250000,3,4.088663e-11,1.398559e-16,2.183095e-20,5.289991e-12
2110,527.500000,3,4.087952e-11,1.213271e-16,1.191140e-22,4.275025e-12
2111,527.750000,3,4.087397e-11,1.617728e-16,4.261635e-21,3.528955e-12
2112,528.000000,3,4.086642e-11,1.617761e-16,7.881377e-21,3.789857e-12
2113,528.250000,3,4.085998e-11,1.617794e-16,3.546950e-21,2.737144e-12
2114,528.500000,3,4.085310e-11,8.604776e-17,5.088815e-21,6.335821e-12
2115,528.750000,3,4.084688e-11,1.617861e-16,1.101143e-20,4.401146e-12
2116,529.000000,3,4.084000e-11,1.617894e-16,5.194694e-21,3.471001e-12
2117,529.250000,3,4.083378e-11,1.617927e-16,1.680831e-20,4.292122e-12
2118,529.500000,3,4.082623e-11,8.603383e-17,1.334077e-20,3.258727e-12
2119,529.750000,3,4.082001e-11,1.213496e-16,-4.313912e-20,3.598233e-12
2120,530.000000,3,4.081357e-11,1.618027e-16,-2.568230e-20,5.139666e-12
2121,530.250000,3,4.080669e-11,1.618061e-16,1.962072e-20,2.720713e-12
2122,530.500000,3,4.080003e-11,1.618094e-16,3.130051e-21,8.932854e-13
2123,530.750000,3,4.079337e-11,1.397766e-16,6.032463e-20,1.803002e-13
2124,531.000000,3,4.078671e-11,1.213620e-16,-7.887994e-21,2.589706e-12
2125,531.250000,3,4.078071e-11,1.618194e-16,1.615318e-20,3.159695e-12
2126,531.500000,3,4.077383e-11,1.213670e-16,-3.328575e-20,2.286837e-12
2127,531.750000,3,4.076695e-11,1.618260e-16,5.227781e-21,4.299006e-12
2128,532.000000,3,4.076051e-11,1.289984e-16,2.398824e-20,1.885159e-12
2129,532.250000,3,4.075407e-11,1.618327e-16,-2.710505e-20,2.904121e-12
2130,532.500000,3,4.074741e-11,1.618360e-16,2.858736e-21,4.213518e-12
2131,532.750000,3,4.074052e-11,1.618393e-16,-4.344353e-20,1.876943e-12
2132,533.000000,3,4.073408e-11,1.289774e-16,-2.705211e-20,9.741097e-13
2133,533.250000,3,4.072698e-11,1.213845e-16,-9.284275e-21,4.950040e-12
2134,533.500000,3,4.072098e-11,1.618493e-16,2.713152e-20,4.643175e-12
2135,533.750000,3,4.071388e-11,1.397084e-16,3.334530e-20,4.380940e-12
2136,534.000000,3,4.070744e-11,2.256736e-16,6.412304e-21,5.338840e-12
2137,534.250000,3,4.070100e-11,1.213945e-16,1.400913e-20,3.036016e-12
2138,534.500000,3,4.069456e-11,1.618626e-16,9.277658e-21,3.133271e-12
2139,534.750000,3,4.068790e-11,1.213995e-16,5.432922e-21,3.601786e-12
2140,535.000000,3,4.068212e-11,1.611691e-16,-7.080666e-21,2.331024e-12
2141,535.250000,3,4.067524e-11,1.214044e-16,-2.452425e-20,5.330403e-12
2142,535.500000,3,4.066858e-11,1.618759e-16,-3.679299e-21,4.896972e-12
2143,535.750000,3,4.066236e-11,1.504061e-16,-1.074673e-20,3.635980e-12
2144,536.000000,3,4.065503e-11,1.289142e-16,1.122980e-20,4.403811e-12
2145,536.250000,3,4.064904e-11,1.618859e-16,3.328575e-21,3.280265e-12
2146,536.500000,3,4.064193e-11,1.396456e-16,-2.991747e-20,2.244871e-12
2147,536.750000,3,4.063572e-11,1.618925e-16,5.552036e-21,3.683276e-12
2148,537.000000,3,4.062950e-11,1.181520e-16,-8.774732e-21,4.468426e-12
2149,537.250000,3,4.062239e-11,1.618992e-16,4.381410e-20,1.288525e-12
2150,537.500000,3,4.061618e-11,1.214269e-16,9.529121e-21,4.046985e-12
2151,537.750000,3,4.061018e-11,1.181375e-16,-9.462946e-21,3.149259e-12
2152,538.000000,3,4.060352e-11,1.073933e-16,2.200300e-20,2.167821e-12
2153,538.250000,3,4.059664e-11,1.619124e-16,-4.059141e-20,2.600364e-12
2154,538.500000,3,4.058975e-11,1.619158e-16,9.767349e-21,1.473932e-12
2155,538.750000,3,4.058398e-11,1.619191e-16,1.857517e-20,3.545608e-12
2156,539.000000,3,4.057754e-11,1.619224e-16,1.551791e-20,3.118839e-12
2157,539.250000,3,4.057066e-11,1.619257e-16,2.276401e-20,3.493206e-12
2158,539.500000,3,4.056466e-11,1.181035e-16,-4.380749e-21,3.759437e-12
2159,539.750000,3,4.055822e-11,9.662617e-17,3.431145e-20,2.902123e-12
2160,540.000000,3,4.055201e-11,8.588639e-17,3.275635e-21,3.696599e-12
2161,540.250000,3,4.054557e-11,1.619390e-16,2.605950e-20,3.029133e-12
2162,540.500000,3,4.053846e-11,1.619423e-16,-1.036954e-20,1.972866e-12
2163,540.750000,3,4.053224e-11,1.214592e-16,-1.879354e-20,2.355671e-12
2164,541.000000,3,4.052603e-11,1.073405e-16,5.068963e-21,3.034240e-12
2165,541.250000,3,4.051981e-11,1.619523e-16,1.619289e-20,4.226175e-12
2166,541.500000,3,4.051315e-11,1.180649e-16,-1.326798e-20,4.437117e-12
2167,541.750000,3,4.050671e-11,1.619589e-16,-3.785840e-20,6.125545e-12
2168,542.000000,3,4.049983e-11,1.609846e-16,-1.135554e-20,4.073186e-12
2169,542.250000,3,4.049361e-11,1.619655e-16,-9.396772e-21,3.960832e-12
2170,542.500000,3,4.048717e-11,1.619688e-16,6.513551e-20,2.160938e-12
2171,542.750000,3,4.048051e-11,1.619721e-16,1.803254e-20,2.581935e-12
2172,543.000000,3,4.047407e-11,1.619755e-16,1.263932e-21,3.437695e-12
2173,543.250000,3,4.046785e-11,1.180316e-16,1.231506e-20,5.959455e-12
2174,543.500000,3,4.046208e-11,1.619821e-16,-4.638829e-21,3.270051e-12
2175,543.750000,3,4.045519e-11,1.619854e-16,-1.143494e-20,2.125189e-12
2176,544.000000,3,4.044898e-11,1.214915e-16,-1.671567e-20,4.383161e-12
2177,544.250000,3,4.044254e-11,1.072841e-16,-9.906315e-21,2.918332e-12
2178,544.500000,3,4.043610e-11,1.214965e-16,5.962318e-21,3.486100e-12
2179,544.750000,3,4.042988e-11,1.072755e-16,-4.546185e-21,2.872369e-12
2180,545.000000,3,4.042300e-11,1.609068e-16,6.875525e-21,5.990319e-12
2181,545.250000,3,4.041656e-11,1.620053e-16,4.010172e-21,3.660183e-12
2182,545.500000,3,4.041056e-11,1.287151e-16,-5.611593e-20,3.540501e-12
2183,545.750000,3,4.040457e-11,1.287100e-16,-1.718550e-20,2.710498e-12
2184,546.000000,3,4.039835e-11,1.620152e-16,8.801202e-22,3.931744e-12
2185,546.250000,3,4.039169e-11,1.394246e-16,-8.450477e-21,3.114176e-12
2186,546.500000,3,4.038525e-11,1.930418e-16,5.386600e-21,3.385736e-12
2187,546.750000,3,4.037881e-11,1.215186e-16,-2.911676e-22,5.243805e-12
2188,547.000000,3,4.037259e-11,1.286842e-16,-6.485096e-22,4.936274e-12
2189,547.250000,3,4.036660e-11,1.215234e-16,2.615876e-20,3.132161e-12
2190,547.500000,3,4.035972e-11,1.620344e-16,-3.487393e-21,5.057732e-12
2191,547.750000,3,4.035328e-11,1.620376e-16,1.200405e-20,3.451017e-12
2192,548.000000,3,4.034750e-11,1.215306e-16,-2.650948e-20,2.857270e-12
2193,548.250000,3,4.034129e-11,1.620440e-16,-1.516057e-20,4.615641e-12
2194,548.500000,3,4.033462e-11,1.286534e-16,8.390920e-21,6.551870e-12
2195,548.750000,3,4.032841e-11,1.215378e-16,-1.632524e-20,4.449774e-12
2196,549.000000,3,4.032197e-11,9.648231e-17,-1.779431e-20,2.915002e-12
2197,549.250000,3,4.031553e-11,9.647846e-17,3.212108e-20,2.895018e-12
2198,549.500000,3,4.030976e-11,1.620600e-16,2.950057e-20,1.200373e-12
2199,549.750000,3,4.030332e-11,1.620632e-16,-1.723844e-20,3.030465e-12
2200,550.000000,3,4.029665e-11,2.036524e-16,-2.468307e-20,2.355005e-12
2201,550.250000,3,4.029066e-11,1.620697e-16,3.742165e-20,3.846923e-12
2202,550.500000,3,4.028444e-11,1.620729e-16,2.739622e-20,2.416067e-12
2203,550.750000,3,4.027800e-11,9.645538e-17,-4.104801e-20,2.508660e-12
2204,551.000000,3,4.027201e-11,1.620793e-16,1.748329e-20,3.662626e-12
2205,551.250000,3,4.026557e-11,1.620825e-16,2.965939e-20,3.598455e-12
2206,551.500000,3,4.025957e-11,1.215642e-16,-6.260103e-21,3.258283e-12
2207,551.750000,3,4.025336e-11,1.215666e-16,-9.304128e-21,2.170486e-12
2208,552.000000,3,4.024714e-11,9.643616e-17,1.549806e-20,2.091438e-12
2209,552.250000,3,4.024092e-11,1.620953e-16,-1.821783e-20,2.179146e-12
2210,552.500000,3,4.023426e-11,1.392856e-16,1.175920e-20,3.252731e-12
2211,552.750000,3,4.022849e-11,1.392800e-16,8.966638e-21,3.341549e-12
2212,553.000000,3,4.022205e-11,1.215786e-16,-2.922925e-20,4.691358e-12
2213,553.250000,3,4.021605e-11,1.285560e-16,1.693404e-20,5.397016e-12
2214,553.500000,3,4.020917e-11,1.178383e-16,-9.244571e-21,4.796386e-12
2215,553.750000,3,4.020317e-11,1.621144e-16,-1.964719e-20,3.627987e-12
2216,554.000000,3,4.019673e-11,1.621176e-16,2.904397e-20,1.558309e-12
2217,554.250000,3,4.019163e-11,1.621208e-16,2.887191e-20,3.808953e-12
2218,554.500000,3,4.018474e-11,1.606630e-16,-1.694728e-20,2.591038e-12
2219,554.750000,3,4.017853e-11,1.621272e-16,-1.223566e-20,3.960166e-12
2220,555.000000,3,4.017275e-11,1.071001e-16,-2.259196e-20,4.851675e-12
2221,555.250000,3,4.016587e-11,1.216002e-16,2.124200e-21,2.686074e-12
2222,555.500000,3,4.016032e-11,1.216026e-16,8.417390e-21,2.054801e-12
2223,555.750000,3,4.015388e-11,1.621400e-16,-1.383046e-21,2.004841e-12
2224,556.000000,3,4.014744e-11,1.216074e-16,3.211446e-20,3.085754e-12
2225,556.250000,3,4.014167e-11,1.621464e-16,-3.934733e-20,2.794431e-12
2226,556.500000,3,4.013501e-11,1.070746e-16,-1.035630e-20,3.537615e-12
2227,556.750000,3,4.012879e-11,1.621528e-16,5.993420e-20,3.141043e-12
2228,557.000000,3,4.012279e-11,1.621560e-16,1.599436e-20,3.991696e-12
2229,557.250000,3,4.011702e-11,1.177680e-16,-2.386251e-20,1.438405e-12
2230,557.500000,3,4.011058e-11,1.621624e-16,-2.369045e-20,2.913447e-12
2231,557.750000,3,4.010436e-11,1.284640e-16,-2.048099e-20,1.994849e-12
2232,558.000000,3,4.009837e-11,1.284589e-16,-1.363194e-21,7.569501e-13
2233,558.250000,3,4.009215e-11,1.621720e-16,2.812414e-21,2.879474e-12
2234,558.500000,3,4.008593e-11,1.712650e-16,-4.236488e-20,3.268497e-12
2235,558.750000,3,4.007972e-11,1.621784e-16,9.059282e-21,3.027800e-12
2236,559.000000,3,4.007372e-11,1.070321e-16,2.263166e-20,3.545386e-12
2237,559.250000,3,4.006728e-11,1.621847e-16,-1.104452e-20,4.006795e-12
2238,559.500000,3,4.006129e-11,1.216409e-16,3.235931e-20,8.881784e-15
2239,559.750000,3,4.005551e-11,1.284232e-16,2.093098e-20,4.109380e-12
2240,560.000000,3,4.004908e-11,1.621943e-16,2.078539e-20,4.065859e-12
2241,560.250000,3,4.004308e-11,1.621975e-16,-2.693300e-21,4.697798e-12
2242,560.500000,3,4.003686e-11,1.622007e-16,3.241886e-20,1.510125e-12
2243,560.750000,3,4.003153e-11,1.284028e-16,7.967404e-20,2.199574e-12
2244,561.000000,3,4.002532e-11,1.283977e-16,1.109084e-20,4.061196e-12
2245,561.250000,3,4.001910e-11,1.216577e-16,4.181563e-20,2.068123e-12
2246,561.500000,3,4.001266e-11,1.622135e-16,-2.322061e-20,1.633360e-12
2247,561.750000,3,4.000666e-11,1.283825e-16,4.114727e-20,4.763079e-12
2248,562.000000,3,4.000023e-11,1.622198e-16,-1.171949e-20,1.835643e-12
2249,562.250000,3,3.999467e-11,1.069769e-16,-1.147465e-20,6.028289e-12
2250,562.500000,3,3.998846e-11,1.216697e-16,-1.312901e-20,9.607870e-13
2251,562.750000,3,3.998180e-11,1.622294e-16,2.905058e-21,1.791012e-12
2252,563.000000,3,3.997624e-11,1.622326e-16,-7.272572e-21,3.829825e-12
2253,563.250000,3,3.997025e-11,1.622358e-16,-1.092540e-20,2.353673e-12
2254,563.500000,3,3.996403e-11,1.283468e-16,-2.494777e-21,5.501599e-12
2255,563.750000,3,3.995826e-11,1.622421e-16,-3.765326e-21,4.430234e-12
2256,564.000000,3,3.995204e-11,1.069472e-16,5.022641e-21,4.187761e-12
2257,564.250000,3,3.994560e-11,1.622485e-16,3.134684e-20,4.817702e-12
2258,564.500000,3,3.993939e-11,1.622517e-16,-2.362428e-20,2.687628e-12
2259,564.750000,3,3.993361e-11,1.216912e-16,3.519819e-20,5.502265e-12
2260,565.000000,3,3.992717e-11,1.622581e-16,1.905824e-21,2.991829e-12
2261,565.250000,3,3.992162e-11,1.283112e-16,1.596128e-20,3.379519e-13
2262,565.500000,3,3.991607e-11,9.622958e-17,4.571331e-20,2.190026e-12
2263,565.750000,3,3.990963e-11,1.217007e-16,2.521908e-20,3.929301e-12
2264,566.000000,3,3.990364e-11,1.622708e-16,-2.346546e-20,4.545919e-12
2265,566.250000,3,3.989764e-11,1.217055e-16,2.112288e-20,3.884226e-12
2266,566.500000,3,3.989142e-11,1.622772e-16,1.827738e-20,3.756773e-12
2267,566.750000,3,3.988543e-11,1.389707e-16,-3.363647e-20,1.737055e-12
2268,567.000000,3,3.987988e-11,1.217127e-16,-1.500837e-20,4.806378e-12
2269,567.250000,3,3.987322e-11,1.622867e-16,-1.277167e-21,3.187450e-12
2270,567.500000,3,3.986744e-11,1.622899e-16,-9.859993e-21,6.288525e-12
2271,567.750000,3,3.986234e-11,1.217198e-16,3.209461e-21,1.773470e-12
2272,568.000000,3,3.985590e-11,1.622963e-16,-1.052174e-20,3.367751e-12
2273,568.250000,3,3.985012e-11,1.622995e-16,1.191140e-21,3.153255e-12
2274,568.500000,3,3.984368e-11,1.217270e-16,-3.249827e-20,3.220313e-12
2275,568.750000,3,3.983791e-11,1.389267e-16,-4.738091e-21,3.474554e-12
2276,569.000000,3,3.983169e-11,1.217318e-16,-1.750976e-20,3.825606e-12
2277,569.250000,3,3.982548e-11,1.623122e-16,1.232168e-20,3.929079e-12
2278,569.500000,3,3.981970e-11,1.623154e-16,1.748991e-20,1.507239e-12
2279,569.750000,3,3.981371e-11,1.623186e-16,-2.764107e-20,5.816903e-12
2280,570.000000,3,3.980771e-11,1.217413e-16,-2.496100e-20,3.758327e-12
2281,570.250000,3,3.980216e-11,1.623249e-16,8.668853e-22,4.815037e-12
2282,570.500000,3,3.979572e-11,1.623281e-16,2.008395e-20,2.904121e-12
2283,570.750000,3,3.979017e-11,1.623313e-16,1.365179e-20,2.423173e-12
2284,571.000000,3,3.978395e-11,1.623345e-16,-1.251359e-20,4.598544e-13
2285,571.250000,3,3.977796e-11,1.175067e-16,2.610582e-20,3.300027e-12
2286,571.500000,3,3.977241e-11,1.623408e-16,-2.697932e-20,1.947331e-12
2287,571.750000,3,3.976619e-11,1.623440e-16,-4.903527e-20,4.475087e-12
2288,572.000000,3,3.976086e-11,1.623472e-16,3.116817e-21,4.027889e-13
2289,572.250000,3,3.975420e-11,1.623503e-16,1.080629e-20,7.229772e-12
2290,572.500000,3,3.974887e-11,1.217651e-16,1.654361e-20,2.052580e-12
2291,572.750000,3,3.974265e-11,1.281587e-16,-5.024626e-20,7.062795e-12
2292,573.000000,3,3.973688e-11,1.388331e-16,3.288870e-21,5.419887e-12
2293,573.250000,3,3.973022e-11,1.174695e-16,-1.135554e-20,4.267697e-13
2294,573.500000,3,3.972467e-11,1.815365e-16,-6.140989e-21,4.908074e-12
2295,573.750000,3,3.971867e-11,1.067820e-16,-6.948317e-22,2.091438e-12
2296,574.000000,3,3.971268e-11,1.623726e-16,1.522674e-20,5.039524e-12
2297,574.250000,3,3.970690e-11,1.623758e-16,-2.355810e-21,2.519540e-12
2298,574.500000,3,3.970135e-11,1.388000e-16,-1.786048e-20,1.633360e-12
2299,574.750000,3,3.969536e-11,1.623821e-16,-6.035110e-21,2.592815e-12
2300,575.000000,3,3.969003e-11,1.623853e-16,1.486940e-20,1.710854e-12
2301,575.250000,3,3.968403e-11,9.608091e-17,1.487602e-20,4.654943e-12
2302,575.500000,3,3.967715e-11,1.217937e-16,9.773966e-21,3.998579e-12
2303,575.750000,3,3.967160e-11,1.217961e-16,2.059349e-20,3.917311e-12
2304,576.000000,3,3.966583e-11,1.623980e-16,-1.095187e-20,3.350431e-12
2305,576.250000,3,3.966005e-11,1.624012e-16,2.582127e-20,2.483125e-12
2306,576.500000,3,3.965450e-11,1.494296e-16,3.374897e-22,2.075451e-12
2307,576.750000,3,3.964784e-11,1.624075e-16,1.405545e-20,3.609113e-12
2308,577.000000,3,3.964251e-11,1.067269e-16,-2.838884e-21,1.959322e-12
2309,577.250000,3,3.963674e-11,9.605044e-17,1.029674e-20,3.813394e-12
2310,577.500000,3,3.963097e-11,1.067185e-16,-4.147153e-20,3.590683e-12
2311,577.750000,3,3.962497e-11,1.387285e-16,-1.451867e-20,4.966028e-12
2312,578.000000,3,3.961920e-11,1.067100e-16,3.321957e-21,4.430456e-12
2313,578.250000,3,3.961365e-11,1.707293e-16,-6.425539e-21,4.613643e-12
2314,578.500000,3,3.960765e-11,1.624297e-16,1.302975e-20,4.670930e-12
2315,578.750000,3,3.960143e-11,1.387065e-16,4.976319e-21,4.803269e-12
2316,579.000000,3,3.959610e-11,1.624360e-16,-2.459043e-20,3.390843e-12
2317,579.250000,3,3.958989e-11,1.218294e-16,1.135554e-20,1.793010e-12
2318,579.500000,3,3.958478e-11,1.280216e-16,2.990423e-20,3.719025e-12
2319,579.750000,3,3.957856e-11,1.066804e-16,3.123434e-21,3.623324e-12
2320,580.000000,3,3.957235e-11,9.600855e-17,1.687118e-20,5.647705e-12
2321,580.250000,3,3.956679e-11,1.218389e-16,-2.218498e-20,3.080425e-12
2322,580.500000,3,3.956058e-11,1.624551e-16,-1.992844e-20,3.989475e-12
2323,580.750000,3,3.955480e-11,1.218437e-16,4.184872e-20,1.745493e-12
2324,581.000000,3,3.954836e-11,1.624614e-16,1.079967e-20,2.883027e-12
2325,581.250000,3,3.954348e-11,1.624646e-16,3.260084e-20,1.165068e-12
2326,581.500000,3,3.953748e-11,1.279809e-16,1.589179e-20,2.757128e-12
2327,581.750000,3,3.953127e-11,1.812991e-16,3.441071e-21,1.451728e-12
2328,582.000000,3,3.952616e-11,1.624741e-16,2.660213e-20,3.965051e-12
2329,582.250000,3,3.952061e-11,1.066381e-16,4.235165e-21,4.869882e-12
2330,582.500000,3,3.951484e-11,1.624804e-16,1.552783e-20,3.745004e-12
2331,582.750000,3,3.950884e-11,1.386185e-16,4.033333e-21,4.148681e-12
2332,583.000000,3,3.950285e-11,1.624867e-16,4.489936e-20,2.545297e-12
2333,583.250000,3,3.949707e-11,1.624899e-16,-1.411501e-20,4.293677e-12
2334,583.500000,3,3.949130e-11,1.218698e-16,2.131479e-20,3.676170e-12
2335,583.750000,3,3.948575e-11,1.624962e-16,4.786067e-20,4.345635e-12
2336,584.000000,3,3.947953e-11,1.218745e-16,2.145376e-20,3.479661e-12
2337,584.250000,3,3.947420e-11,1.625026e-16,-3.700475e-20,3.291145e-12
2338,584.500000,3,3.946843e-11,1.625057e-16,9.714409e-21,2.303047e-12
2339,584.750000,3,3.946221e-11,1.918724e-16,1.315879e-20,6.195044e-13
2340,585.000000,3,3.945733e-11,1.625121e-16,-4.007525e-20,2.465361e-12
2341,585.250000,3,3.945155e-11,1.492223e-16,-1.790681e-20,2.927436e-12
2342,585.500000,3,3.944578e-11,1.492163e-16,3.808340e-20,4.537926e-12
2343,585.750000,3,3.944001e-11,1.625215e-16,-3.963849e-21,3.558709e-12
2344,586.000000,3,3.943446e-11,1.625247e-16,1.465102e-20,3.426148e-12
2345,586.250000,3,3.942846e-11,8.525632e-17,-4.407218e-21,2.500666e-12
2346,586.500000,3,3.942247e-11,1.598493e-16,2.709844e-21,5.639933e-14
2347,586.750000,3,3.941669e-11,1.385305e-16,-1.893913e-20,2.517098e-12
2348,587.000000,3,3.941136e-11,1.625374e-16,-1.549475e-20,3.785416e-12
2349,587.250000,3,3.940537e-11,1.625405e-16,-8.000491e-21,2.378986e-12
2350,587.500000,3,3.940004e-11,1.598239e-16,1.456500e-20,2.087219e-14
2351,587.750000,3,3.939427e-11,1.625468e-16,5.472627e-21,4.644729e-12
2352,588.000000,3,3.938827e-11,1.625500e-16,-1.061438e-20,5.340173e-12
2353,588.250000,3,3.938205e-11,1.278439e-16,2.206918e-20,3.031131e-12
2354,588.500000,3,3.937739e-11,9.587910e-17,-3.602537e-20,3.021583e-12
2355,588.750000,3,3.937095e-11,1.625595e-16,-5.002788e-20,4.243939e-12
2356,589.000000,3,3.936540e-11,1.625626e-16,-1.672228e-20,2.611023e-12
2357,589.250000,3,3.935940e-11,1.219243e-16,-1.158053e-20,5.229150e-12
2358,589.500000,3,3.935452e-11,1.625690e-16,2.481542e-21,1.693756e-12
2359,589.750000,3,3.934875e-11,1.625721e-16,-3.118802e-20,6.090017e-12
2360,590.000000,3,3.934342e-11,1.625753e-16,4.435673e-20,3.457901e-12
2361,590.250000,3,3.933764e-11,1.278033e-16,-1.854870e-20,9.996448e-13
2362,590.500000,3,3.933187e-11,9.584864e-17,-1.325805e-20,1.672440e-12
2363,590.750000,3,3.932588e-11,1.625847e-16,2.338936e-20,3.829159e-12
2364,591.000000,3,3.932099e-11,1.490860e-16,1.233161e-20,8.779644e-13
2365,591.250000,3,3.931433e-11,1.625911e-16,-5.935848e-21,5.039524e-12
2366,591.500000,3,3.930944e-11,1.625942e-16,-1.879685e-20,4.204637e-12
2367,591.750000,3,3.930301e-11,1.625974e-16,-9.347141e-21,3.710365e-12
2368,592.000000,3,3.929701e-11,1.171204e-16,-2.302209e-20,2.335909e-12
2369,592.250000,3,3.929213e-11,1.384095e-16,2.455072e-21,4.095835e-12
2370,592.500000,3,3.928680e-11,1.626068e-16,-2.503379e-20,3.119061e-12
2371,592.750000,3,3.928036e-11,1.219575e-16,1.549475e-20,4.405365e-12
2372,593.000000,3,3.927525e-11,1.626131e-16,-1.924022e-20,2.574829e-12
2373,593.250000,3,3.926992e-11,1.219622e-16,-8.668853e-21,2.168932e-12
2374,593.500000,3,3.926393e-11,1.277373e-16,-9.578751e-21,2.719602e-12
2375,593.750000,3,3.925837e-11,1.219670e-16,-3.851353e-21,4.763967e-12
2376,594.000000,3,3.925349e-11,9.579533e-17,2.538121e-20,3.766987e-12
2377,594.250000,3,3.924683e-11,1.383655e-16,-2.749879e-20,2.647216e-12
2378,594.500000,3,3.924150e-11,1.626321e-16,-9.277658e-21,3.452572e-12
2379,594.750000,3,3.923595e-11,8.514125e-17,-5.164916e-21,1.899592e-12
2380,595.000000,3,3.923017e-11,1.626384e-16,-1.314886e-20,6.368239e-12
2381,595.250000,3,3.922440e-11,1.219811e-16,-3.510555e-21,3.829603e-12
2382,595.500000,3,3.921907e-11,1.626447e-16,-2.448455e-21,1.745271e-12
2383,595.750000,3,3.921352e-11,1.219859e-16,-6.174076e-21,4.017675e-12
2384,596.000000,3,3.920797e-11,1.626510e-16,-7.034344e-21,4.225953e-12
2385,596.250000,3,3.920331e-11,1.170413e-16,2.741277e-20,3.150591e-12
2386,596.500000,3,3.919709e-11,8.511755e-17,-8.083209e-21,2.867706e-12
2387,596.750000,3,3.919109e-11,1.219953e-16,1.055482e-21,2.636114e-12
2388,597.000000,3,3.918532e-11,1.219977e-16,-4.598793e-20,3.326228e-12
2389,597.250000,3,3.918021e-11,1.382995e-16,2.374339e-20,2.935430e-12
2390,597.500000,3,3.917466e-11,1.626699e-16,-2.782966e-20,5.361045e-12
2391,597.750000,3,3.916889e-11,1.626730e-16,-1.482308e-21,3.347767e-12
2392,598.000000,3,3.916378e-11,1.220071e-16,-1.062100e-20,1.932232e-12
2393,598.250000,3,3.915801e-11,1.063673e-16,-3.756723e-20,3.675504e-12
2394,598.500000,3,3.915246e-11,1.220119e-16,-2.412059e-20,1.259437e-12
2395,598.750000,3,3.914713e-11,1.489024e-16,-2.496762e-20,2.700284e-12
2396,599.000000,3,3.914158e-11,1.220166e-16,-1.204044e-20,2.637224e-12
2397,599.250000,3,3.913536e-11,2.127008e-16,5.805154e-20,5.621725e-12
2398,599.500000,3,3.913025e-11,1.382500e-16,-2.441837e-21,4.139578e-12
2399,599.750000,3,3.912448e-11,1.220237e-16,-1.255329e-20,5.857759e-12
2400,600.000000,3,3.911871e-11,1.220260e-16,5.095433e-22,1.560974e-12
2401,600.250000,3,3.911360e-11,1.627045e-16,2.178794e-20,3.088640e-12
2402,600.500000,3,3.910827e-11,1.220307e-16,-6.832512e-21,2.008838e-12
2403,600.750000,3,3.910339e-11,1.275898e-16,-1.747336e-20,1.926681e-12
2404,601.000000,3,3.909761e-11,1.627140e-16,-4.040612e-20,2.853051e-12
2405,601.250000,3,3.909206e-11,1.627171e-16,4.274869e-21,2.917888e-12
2406,601.500000,3,3.908696e-11,1.627202e-16,1.616311e-20,3.712364e-12
2407,601.750000,3,3.908163e-11,1.063075e-16,-8.069974e-21,6.723733e-12
2408,602.000000,3,3.907652e-11,1.627265e-16,1.793989e-20,1.256550e-12
2409,602.250000,3,3.907097e-11,1.627297e-16,1.540210e-20,1.582956e-12
2410,602.500000,3,3.906608e-11,1.220496e-16,-1.621274e-21,3.159473e-12
2411,602.750000,3,3.906075e-11,1.169190e-16,4.026715e-21,4.167777e-12
2412,603.000000,3,3.905543e-11,1.275428e-16,2.242652e-20,3.779643e-12
2413,603.250000,3,3.904965e-11,1.913062e-16,2.918293e-21,4.153122e-12
2414,603.500000,3,3.904455e-11,1.275322e-16,4.200423e-20,4.072298e-12
2415,603.750000,3,3.903944e-11,1.627485e-16,1.427383e-20,7.631673e-13
2416,604.000000,3,3.903411e-11,1.627517e-16,-6.878834e-21,3.496092e-12
2417,604.250000,3,3.902811e-11,9.563722e-17,-5.935848e-21,4.419798e-12
2418,604.500000,3,3.902301e-11,1.627580e-16,-2.743262e-20,2.401634e-12
2419,604.750000,3,3.901812e-11,1.627611e-16,3.041709e-20,4.619638e-12
2420,605.000000,3,3.901213e-11,1.168753e-16,8.629148e-21,4.575451e-12
2421,605.250000,3,3.900746e-11,1.168704e-16,-1.005852e-20,2.961631e-12
2422,605.500000,3,3.900191e-11,1.274897e-16,1.720536e-21,3.050227e-12
2423,605.750000,3,3.899636e-11,1.627737e-16,-1.096841e-20,3.369305e-12
2424,606.000000,3,3.899125e-11,1.220826e-16,1.968028e-20,4.162892e-12
2425,606.250000,3,3.898570e-11,1.062280e-16,1.513079e-20,2.179146e-12
2426,606.500000,3,3.898104e-11,9.560120e-17,2.150670e-22,4.913847e-12
2427,606.750000,3,3.897549e-11,1.627862e-16,1.538556e-21,1.624478e-12
2428,607.000000,3,3.896994e-11,1.220920e-16,-2.766092e-20,5.070611e-12
2429,607.250000,3,3.896505e-11,1.168311e-16,2.771717e-20,5.095924e-12
2430,607.500000,3,3.895972e-11,1.062056e-16,1.818474e-20,4.337197e-12
2431,607.750000,3,3.895440e-11,8.496093e-17,-2.557973e-20,1.813216e-12
2432,608.000000,3,3.894884e-11,1.628019e-16,-3.300451e-20,3.107958e-12
2433,608.250000,3,3.894374e-11,1.628051e-16,4.159064e-20,4.081846e-12
2434,608.500000,3,3.893841e-11,1.221061e-16,-2.193683e-21,3.178791e-12
2435,608.750000,3,3.893308e-11,1.628113e-16,8.490182e-21,1.555867e-12
2436,609.000000,3,3.892731e-11,1.167965e-16,4.072045e-20,4.997336e-12
2437,609.250000,3,3.892242e-11,1.221132e-16,-1.122319e-20,3.466560e-12
2438,609.500000,3,3.891687e-11,9.555267e-17,-2.816385e-20,3.719469e-12
2439,609.750000,3,3.891198e-11,1.628239e-16,-6.061580e-21,2.763789e-12
2440,610.000000,3,3.890643e-11,1.628270e-16,-2.004755e-20,3.895106e-12
2441,610.250000,3,3.890133e-11,1.628302e-16,1.113054e-20,4.053202e-12
2442,610.500000,3,3.889644e-11,1.167667e-16,1.496204e-20,3.089307e-12
2443,610.750000,3,3.889111e-11,1.221272e-16,2.696609e-20,4.134026e-12
2444,611.000000,3,3.888578e-11,1.592137e-16,8.490182e-21,5.094813e-12
2445,611.250000,3,3.888001e-11,1.628424e-16,-1.605723e-20,3.163469e-12
2446,611.500000,3,3.887490e-11,1.628454e-16,7.318894e-21,4.031442e-12
2447,611.750000,3,3.886980e-11,1.628484e-16,-1.555761e-20,3.771872e-12
2448,612.000000,3,3.886425e-11,1.061243e-16,3.394087e-20,1.449285e-12
2449,612.250000,3,3.885892e-11,1.628545e-16,-6.180694e-21,3.202771e-12
2450,612.500000,3,3.885381e-11,1.628576e-16,-2.415698e-20,3.017142e-12
2451,612.750000,3,3.884848e-11,1.628606e-16,-3.759701e-20,2.763789e-12
2452,613.000000,3,3.884337e-11,1.628637e-16,2.547385e-20,3.753664e-12
2453,613.250000,3,3.883782e-11,1.061015e-16,-2.791900e-20,3.540279e-12
2454,613.500000,3,3.883316e-11,1.628697e-16,3.394749e-21,2.790435e-12
2455,613.750000,3,3.882827e-11,1.628728e-16,-1.762887e-20,3.460121e-12
2456,614.000000,3,3.882272e-11,1.221569e-16,5.303882e-21,4.797496e-12
2457,614.250000,3,3.881717e-11,1.628789e-16,-1.934610e-20,5.098588e-12
2458,614.500000,3,3.881229e-11,1.221614e-16,-6.428848e-21,4.871437e-12
2459,614.750000,3,3.880696e-11,1.628849e-16,1.160700e-20,2.705614e-12
2460,615.000000,3,3.880185e-11,1.628880e-16,-3.583346e-21,2.984946e-12
2461,615.250000,3,3.879652e-11,1.628910e-16,4.695077e-21,-1.185718e-12
2462,615.500000,3,3.879097e-11,1.628941e-16,-2.893809e-20,5.420775e-12
2463,615.750000,3,3.878631e-11,1.628971e-16,1.217279e-20,4.668266e-12
2464,616.000000,3,3.878053e-11,1.629001e-16,-1.735094e-20,2.295941e-12
2465,616.250000,3,3.877543e-11,1.629032e-16,-3.709078e-20,3.147038e-12
2466,616.500000,3,3.877054e-11,1.629062e-16,-1.797298e-20,4.275913e-12
2467,616.750000,3,3.876499e-11,1.629092e-16,3.057921e-20,2.147837e-12
2468,617.000000,3,3.875944e-11,1.629123e-16,-2.696609e-21,2.001066e-12
2469,617.250000,3,3.875478e-11,1.629153e-16,-9.770657e-21,4.153566e-12
2470,617.500000,3,3.874923e-11,1.272282e-16,-1.049196e-20,4.052758e-12
2471,617.750000,3,3.874434e-11,1.221910e-16,8.106370e-22,3.888223e-12
2472,618.000000,3,3.873901e-11,1.629244e-16,3.662756e-21,1.529887e-12
2473,618.250000,3,3.873368e-11,1.629275e-16,5.075580e-21,-1.671996e-13
2474,618.500000,3,3.872858e-11,1.221979e-16,1.157060e-20,2.845280e-12
2475,618.750000,3,3.872369e-11,1.629335e-16,1.457823e-20,4.432232e-12
2476,619.000000,3,3.871792e-11,1.059958e-16,7.874759e-21,3.361533e-12
2477,619.250000,3,3.871303e-11,1.271894e-16,-7.361907e-21,3.882672e-12
2478,619.500000,3,3.870815e-11,1.483811e-16,1.189817e-20,3.799183e-12
2479,619.750000,3,3.870237e-11,9.538369e-17,-1.349628e-20,3.901990e-12
2480,620.000000,3,3.869749e-11,1.629487e-16,-6.897694e-20,5.597300e-12
2481,620.250000,3,3.869260e-11,1.629518e-16,1.817150e-20,5.898615e-12
2482,620.500000,3,3.868705e-11,9.537116e-17,-4.748017e-20,9.483525e-13
2483,620.750000,3,3.868217e-11,1.271560e-16,6.766337e-21,2.169376e-12
2484,621.000000,3,3.867662e-11,1.629609e-16,1.324482e-20,3.946843e-12
2485,621.250000,3,3.867218e-11,1.271448e-16,-5.075580e-20,2.232881e-12
2486,621.500000,3,3.866663e-11,1.271392e-16,4.698386e-21,3.177458e-12
2487,621.750000,3,3.866130e-11,1.629700e-16,-2.781643e-20,2.932321e-12
2488,622.000000,3,3.865575e-11,8.148650e-17,7.861525e-21,1.975753e-12
2489,622.250000,3,3.865086e-11,1.629760e-16,-1.452860e-20,3.184120e-12
2490,622.500000,3,3.864642e-11,9.533767e-17,-3.214755e-20,5.443646e-12
2491,622.750000,3,3.864087e-11,9.533348e-17,1.510763e-20,3.127276e-12
2492,623.000000,3,3.863598e-11,1.629851e-16,5.141755e-21,3.177458e-12
2493,623.250000,3,3.863088e-11,1.165084e-16,2.536467e-20,3.552048e-12
2494,623.500000,3,3.862533e-11,1.059121e-16,1.472051e-20,2.430056e-12
2495,623.750000,3,3.862000e-11,1.629942e-16,-2.468969e-20,4.488854e-12
2496,624.000000,3,3.861511e-11,1.629972e-16,1.815165e-20,4.926726e-12
2497,624.250000,3,3.861045e-11,1.222502e-16,2.771055e-20,3.117728e-12
2498,624.500000,3,3.860490e-11,1.376614e-16,-2.633743e-21,4.173328e-12
2499,624.750000,3,3.860001e-11,1.222548e-16,-5.963641e-20,2.169820e-12
2500,625.000000,3,3.859446e-11,1.164724e-16,2.680065e-21,3.261835e-12
2501,625.250000,3,3.858913e-11,1.058794e-16,8.936859e-21,3.761880e-12
2502,625.500000,3,3.858402e-11,1.630154e-16,7.421464e-21,3.081091e-12
2503,625.750000,3,3.857892e-11,1.376310e-16,1.818143e-20,1.887157e-12
2504,626.000000,3,3.857403e-11,1.222661e-16,-3.300782e-20,1.643574e-12
2505,626.250000,3,3.856937e-11,9.527454e-17,-6.710089e-21,1.680878e-12
2506,626.500000,3,3.856426e-11,1.630275e-16,-5.558985e-20,2.984502e-12
2507,626.750000,3,3.855893e-11,1.222729e-16,1.581238e-20,3.417489e-12
2508,627.000000,3,3.855360e-11,1.376005e-16,-2.680065e-20,2.961853e-12
2509,627.250000,3,3.854872e-11,1.222775e-16,-1.195772e-20,1.083578e-12
2510,627.500000,3,3.854317e-11,1.270045e-16,9.486107e-21,4.272138e-12
2511,627.750000,3,3.853828e-11,1.630427e-16,-2.353163e-20,3.450351e-12
2512,628.000000,3,3.853362e-11,1.269932e-16,-3.999915e-20,3.162359e-12
2513,628.250000,3,3.852763e-11,9.524070e-17,5.401820e-20,3.771872e-12
2514,628.500000,3,3.852318e-11,1.630518e-16,-2.491137e-20,3.192779e-12
2515,628.750000,3,3.851808e-11,1.222911e-16,6.025184e-21,3.145262e-12
2516,629.000000,3,3.851275e-11,8.464709e-17,-6.647223e-21,2.585487e-12
2517,629.250000,3,3.850809e-11,1.222956e-16,4.052854e-20,3.590017e-12
2518,629.500000,3,3.850276e-11,1.375393e-16,-1.144818e-21,2.978728e-12
2519,629.750000,3,3.849765e-11,1.223002e-16,2.297577e-20,2.149836e-12
2520,630.000000,3,3.849299e-11,1.057900e-16,1.974646e-20,7.411849e-13
2521,630.250000,3,3.848766e-11,1.630729e-16,-5.133483e-20,3.283152e-12
2522,630.500000,3,3.848255e-11,9.520249e-17,5.863056e-21,3.126832e-12
2523,630.750000,3,3.847789e-11,9.519824e-17,2.256218e-20,2.476463e-12
2524,631.000000,3,3.847189e-11,1.630820e-16,8.172544e-21,1.887157e-12
2525,631.250000,3,3.846745e-11,1.223138e-16,-1.221249e-20,3.869571e-12
2526,631.500000,3,3.846234e-11,1.630881e-16,-1.223235e-20,3.355982e-12
2527,631.750000,3,3.845746e-11,1.223183e-16,-9.912932e-21,2.126299e-12
2528,632.000000,3,3.845235e-11,1.223206e-16,-1.321835e-20,3.327782e-12
2529,632.250000,3,3.844725e-11,1.630971e-16,-2.285996e-20,1.187050e-12
2530,632.500000,3,3.844236e-11,1.057427e-16,5.061353e-20,2.086331e-12
2531,632.750000,3,3.843659e-11,1.223274e-16,-1.442934e-20,5.009104e-12
2532,633.000000,3,3.843237e-11,1.223297e-16,-1.629877e-20,3.964606e-12
2533,633.250000,3,3.842660e-11,1.223319e-16,-5.932539e-21,3.832934e-12
2534,633.500000,3,3.842215e-11,1.223342e-16,9.896389e-21,1.227463e-12
2535,633.750000,3,3.841727e-11,1.631153e-16,3.643234e-20,4.255707e-12
2536,634.000000,3,3.841261e-11,1.162856e-16,-7.831746e-21,3.965273e-12
2537,634.250000,3,3.840750e-11,1.223410e-16,2.977850e-23,2.497780e-12
2538,634.500000,3,3.840195e-11,1.223432e-16,2.718777e-20,6.585399e-12
2539,634.750000,3,3.839729e-11,1.268399e-16,4.635520e-21,5.654810e-12
2540,635.000000,3,3.839151e-11,1.631304e-16,2.112619e-20,2.840173e-12
2541,635.250000,3,3.838707e-11,1.902428e-16,-3.047333e-21,4.058753e-12
2542,635.500000,3,3.838174e-11,1.223523e-16,-7.444626e-22,4.417355e-12
2543,635.750000,3,3.837686e-11,1.268171e-16,1.222573e-20,3.109735e-12
2544,636.000000,3,3.837219e-11,9.510853e-17,-5.044809e-20,4.991785e-12
2545,636.250000,3,3.836731e-11,1.056714e-16,4.787721e-21,3.360201e-12
2546,636.500000,3,3.836176e-11,1.223614e-16,1.172942e-20,3.992806e-12
2547,636.750000,3,3.835665e-11,1.631515e-16,7.696088e-21,2.972289e-12
2548,637.000000,3,3.835243e-11,1.223659e-16,6.594284e-21,2.335243e-12
2549,637.250000,3,3.834777e-11,1.631575e-16,-1.711602e-20,2.092326e-12
2550,637.500000,3,3.834222e-11,1.223704e-16,-1.397273e-20,2.435385e-12
2551,637.750000,3,3.833689e-11,1.223727e-16,-2.366067e-20,1.900258e-12
2552,638.000000,3,3.833223e-11,1.056380e-16,-9.118839e-21,3.566480e-12
2553,638.250000,3,3.832712e-11,1.631696e-16,-6.456972e-20,3.997913e-12
2554,638.500000,3,3.832179e-11,1.631726e-16,4.263620e-20,3.378409e-12
2555,638.750000,3,3.831691e-11,9.506126e-17,1.918066e-20,3.375744e-12
2556,639.000000,3,3.831202e-11,8.449507e-17,9.727644e-22,2.141176e-12
2557,639.250000,3,3.830714e-11,1.223863e-16,9.697866e-21,3.615996e-12
2558,639.500000,3,3.830247e-11,1.631847e-16,-2.977850e-21,5.162093e-12
2559,639.750000,3,3.829714e-11,1.267254e-16,4.342698e-20,2.959633e-12
2560,640.000000,3,3.829226e-11,1.631907e-16,3.639595e-23,3.705036e-12
2561,640.250000,3,3.828715e-11,1.631937e-16,1.323489e-22,4.226175e-12
2562,640.500000,3,3.828293e-11,1.223976e-16,3.840434e-20,4.216627e-12
2563,640.750000,3,3.827760e-11,1.223998e-16,4.350970e-21,4.723999e-12
2564,641.000000,3,3.827272e-11,1.224021e-16,3.551914e-20,4.694467e-12
2565,641.250000,3,3.826761e-11,1.224044e-16,-3.738856e-21,3.264944e-12
2566,641.500000,3,3.826250e-11,1.055709e-16,6.855673e-21,5.091483e-13
2567,641.750000,3,3.825784e-11,1.632118e-16,5.189400e-20,3.307576e-12
2568,642.000000,3,3.825273e-11,1.632148e-16,-1.544181e-20,3.370859e-12
2569,642.250000,3,3.824785e-11,1.372235e-16,1.991851e-20,2.241096e-12
2570,642.500000,3,3.824296e-11,1.224157e-16,2.571539e-20,4.067857e-12
2571,642.750000,3,3.823852e-11,1.632239e-16,3.374897e-21,2.630784e-12
2572,643.000000,3,3.823342e-11,1.224202e-16,-3.305414e-21,3.581802e-12
2573,643.250000,3,3.822787e-11,1.899671e-16,-2.125523e-20,1.108891e-12
2574,643.500000,3,3.822276e-11,1.224247e-16,-1.518373e-20,3.042233e-12
2575,643.750000,3,3.821854e-11,1.632359e-16,-7.570357e-21,3.121947e-13
2576,644.000000,3,3.821343e-11,1.632389e-16,-2.879912e-20,1.151745e-12
2577,644.250000,3,3.820899e-11,1.632420e-16,-6.091358e-21,2.676526e-12
2578,644.500000,3,3.820366e-11,1.224337e-16,6.319660e-22,3.939293e-12
2579,644.750000,3,3.819878e-11,1.632480e-16,5.084183e-20,7.338574e-13
2580,645.000000,3,3.819389e-11,1.477050e-16,1.281799e-20,4.971357e-12
2581,645.250000,3,3.818834e-11,1.632540e-16,-1.342018e-20,3.137934e-12
2582,645.500000,3,3.818412e-11,1.224428e-16,-1.297019e-20,6.068257e-12
2583,645.750000,3,3.817924e-11,1.632600e-16,-1.394627e-20,2.537304e-12
2584,646.000000,3,3.817435e-11,1.224473e-16,-3.491033e-20,2.125189e-12
2585,646.250000,3,3.816902e-11,1.371233e-16,2.634074e-20,3.357092e-12
2586,646.500000,3,3.816414e-11,1.265695e-16,3.943335e-20,3.143263e-12
2587,646.750000,3,3.815970e-11,1.224540e-16,-1.767189e-20,4.589440e-12
2588,647.000000,3,3.815481e-11,1.632751e-16,-1.639472e-20,1.410871e-12
2589,647.250000,3,3.814993e-11,1.632781e-16,-4.961429e-20,2.136069e-12
2590,647.500000,3,3.814438e-11,1.224608e-16,-1.415141e-20,3.031797e-12
2591,647.750000,3,3.814016e-11,1.224631e-16,2.477571e-20,5.166312e-12
2592,648.000000,3,3.813483e-11,1.632871e-16,1.238455e-20,3.260503e-12
2593,648.250000,3,3.813039e-11,9.489668e-17,3.417910e-21,2.438938e-12
2594,648.500000,3,3.812572e-11,1.224698e-16,-1.246396e-20,3.745448e-12
2595,648.750000,3,3.812084e-11,1.897759e-16,4.883013e-20,2.493339e-12
2596,649.000000,3,3.811573e-11,1.632991e-16,-2.082841e-20,1.940004e-12
2597,649.250000,3,3.811063e-11,1.633021e-16,1.458485e-20,4.330758e-12
2598,649.500000,3,3.810596e-11,1.224789e-16,2.623817e-21,5.102585e-12
2599,649.750000,3,3.810130e-11,1.633081e-16,-2.171515e-20,3.082867e-12
2600,650.000000,3,3.809641e-11,1.897323e-16,4.473393e-21,3.756773e-12
2601,650.250000,3,3.809175e-11,1.224856e-16,-1.836010e-20,2.718492e-12
2602,650.500000,3,3.808664e-11,1.224879e-16,-3.024503e-20,3.465228e-12
2603,650.750000,3,3.808220e-11,1.224901e-16,-1.570981e-20,4.410916e-12
2604,651.000000,3,3.807732e-11,1.633232e-16,-2.020306e-20,4.491962e-12
2605,651.250000,3,3.807221e-11,1.053826e-16,1.640134e-20,4.052980e-12
2606,651.500000,3,3.806777e-11,1.475288e-16,-2.719108e-20,1.321165e-13
2607,651.750000,3,3.806289e-11,1.633322e-16,1.041917e-20,2.138512e-12
2608,652.000000,3,3.805778e-11,1.225014e-16,9.231336e-21,2.713385e-12
2609,652.250000,3,3.805267e-11,1.369721e-16,5.204951e-20,2.560174e-12
2610,652.500000,3,3.804757e-11,1.633412e-16,3.891058e-21,4.666934e-12
2611,652.750000,3,3.804312e-11,1.264241e-16,-3.801722e-21,1.856071e-12
2612,653.000000,3,3.803846e-11,1.264182e-16,-1.496204e-20,5.422551e-12
2613,653.250000,3,3.803380e-11,1.225127e-16,-1.614326e-20,4.035661e-12
2614,653.500000,3,3.802891e-11,8.427103e-17,-3.617426e-20,3.230305e-12
2615,653.750000,3,3.802358e-11,1.633562e-16,6.184002e-20,2.742251e-12
2616,654.000000,3,3.801937e-11,1.895923e-16,-5.542110e-21,3.925305e-12
2617,654.250000,3,3.801492e-11,1.633622e-16,8.655618e-21,2.094991e-12
2618,654.500000,3,3.800982e-11,1.225239e-16,1.014785e-20,8.573142e-13
2619,654.750000,3,3.800449e-11,1.263773e-16,-5.446157e-21,4.716671e-12
2620,655.000000,3,3.800049e-11,1.633712e-16,9.479490e-21,4.413803e-12
2621,655.250000,3,3.799516e-11,1.225307e-16,1.384039e-20,2.371658e-12
2622,655.500000,3,3.799028e-11,8.423983e-17,-1.643442e-20,4.858336e-12
2623,655.750000,3,3.798606e-11,1.633802e-16,5.207929e-21,2.687628e-12
2624,656.000000,3,3.798140e-11,1.633832e-16,-3.021525e-20,5.062617e-13
2625,656.250000,3,3.797607e-11,1.633862e-16,1.007175e-20,1.080469e-12
2626,656.500000,3,3.797140e-11,1.633892e-16,3.719004e-21,3.742118e-12
2627,656.750000,3,3.796696e-11,1.368580e-16,-1.296357e-20,5.391021e-12
2628,657.000000,3,3.796186e-11,9.474344e-17,-1.346650e-21,2.869927e-12
2629,657.250000,3,3.795675e-11,1.633982e-16,-1.847921e-20,2.420730e-12
2630,657.500000,3,3.795231e-11,1.634012e-16,-1.328783e-20,3.252287e-12
2631,657.750000,3,3.794742e-11,1.634042e-16,-2.602641e-20,1.843636e-12
2632,658.000000,3,3.794320e-11,1.634072e-16,-1.832701e-20,4.382050e-12
2633,658.250000,3,3.793765e-11,1.473444e-16,1.273196e-20,4.390488e-12
2634,658.500000,3,3.793366e-11,1.634132e-16,1.446243e-20,3.081757e-12
2635,658.750000,3,3.792833e-11,1.262835e-16,-7.007874e-21,5.140777e-12
2636,659.000000,3,3.792389e-11,1.052313e-16,9.277658e-21,4.069411e-12
2637,659.250000,3,3.791878e-11,1.473170e-16,1.512086e-20,7.642775e-13
2638,659.500000,3,3.791434e-11,1.367880e-16,-1.158053e-21,5.534906e-12
2639,659.750000,3,3.790968e-11,1.634282e-16,-1.740057e-20,3.756329e-12
2640,660.000000,3,3.790501e-11,1.262541e-16,4.527987e-20,2.718270e-12
2641,660.250000,3,3.790035e-11,1.225756e-16,3.308722e-20,1.596723e-12
2642,660.500000,3,3.789546e-11,1.225779e-16,-3.338501e-21,3.441247e-12
2643,660.750000,3,3.789058e-11,1.225801e-16,-2.249600e-20,2.265743e-12
2644,661.000000,3,3.788547e-11,1.262309e-16,-7.209706e-21,4.182210e-12
2645,661.250000,3,3.788081e-11,9.466891e-17,-3.103582e-20,3.485212e-12
2646,661.500000,3,3.787592e-11,1.634492e-16,2.724071e-20,6.087575e-12
2647,661.750000,3,3.787193e-11,1.634521e-16,2.860060e-20,1.295408e-12
2648,662.000000,3,3.786615e-11,1.634551e-16,1.728477e-20,4.408918e-12
2649,662.250000,3,3.786171e-11,1.634581e-16,-3.357030e-20,2.443601e-12
2650,662.500000,3,3.785683e-11,1.634611e-16,-1.343341e-21,4.569678e-12
2651,662.750000,3,3.785217e-11,1.634641e-16,-1.018094e-20,4.666934e-12
2652,663.000000,3,3.784772e-11,1.634671e-16,-1.447897e-20,2.213341e-12
2653,663.250000,3,3.784284e-11,1.156649e-16,1.117025e-20,5.020429e-12
2654,663.500000,3,3.783795e-11,1.634731e-16,1.585540e-20,2.478462e-12
2655,663.750000,3,3.783307e-11,1.226071e-16,2.243976e-20,1.123990e-12
2656,664.000000,3,3.782819e-11,1.226093e-16,1.914758e-20,2.061906e-12
2657,664.250000,3,3.782397e-11,1.682099e-16,8.013726e-21,4.244161e-12
2658,664.500000,3,3.781930e-11,1.634851e-16,-1.156398e-20,4.527045e-12
2659,664.750000,3,3.781464e-11,1.634881e-16,-7.054196e-21,8.604228e-13
2660,665.000000,3,3.780953e-11,1.634911e-16,-8.582826e-21,3.624434e-12
2661,665.250000,3,3.780487e-11,9.460134e-17,2.488159e-20,3.873568e-12
2662,665.500000,3,3.780021e-11,1.226228e-16,-8.238719e-21,5.063505e-12
2663,665.750000,3,3.779554e-11,1.635000e-16,2.748556e-20,3.421263e-12
2664,666.000000,3,3.779133e-11,1.261185e-16,-1.733109e-20,4.561906e-12
2665,666.250000,3,3.778622e-11,1.050941e-16,-1.567011e-20,3.665956e-12
2666,666.500000,3,3.778133e-11,1.226317e-16,1.434993e-20,4.117373e-12
2667,666.750000,3,3.777689e-11,1.635120e-16,1.591495e-21,5.578871e-12
2668,667.000000,3,3.777201e-11,1.635150e-16,8.344598e-21,3.951506e-12
2669,667.250000,3,3.776757e-11,1.365984e-16,1.787703e-20,4.131362e-12
2670,667.500000,3,3.776290e-11,1.050711e-16,-4.969701e-21,4.086287e-12
2671,667.750000,3,3.775757e-11,1.226430e-16,1.711602e-20,4.111378e-12
2672,668.000000,3,3.775291e-11,1.635269e-16,-2.696278e-20,3.981704e-12
2673,668.250000,3,3.774825e-11,1.635299e-16,-8.394229e-21,4.320766e-12
2674,668.500000,3,3.774359e-11,1.365686e-16,5.935848e-21,3.955947e-12
2675,668.750000,3,3.773892e-11,1.635359e-16,-7.715941e-21,4.403589e-12
2676,669.000000,3,3.773448e-11,1.635389e-16,-4.583242e-20,5.476508e-12
2677,669.250000,3,3.772982e-11,1.226564e-16,-7.530652e-21,3.646861e-12
2678,669.500000,3,3.772538e-11,1.226586e-16,-1.856193e-20,2.976286e-12
2679,669.750000,3,3.772005e-11,1.635478e-16,3.745143e-20,3.252065e-12
2680,670.000000,3,3.771561e-11,1.635508e-16,7.156767e-21,4.551914e-14
2681,670.250000,3,3.771095e-11,1.635538e-16,1.073680e-20,2.184475e-12
2682,670.500000,3,3.770606e-11,1.635568e-16,-2.291290e-20,1.154410e-12
2683,670.750000,3,3.770162e-11,1.680187e-16,2.172176e-20,4.183764e-12
2684,671.000000,3,3.769762e-11,1.635628e-16,6.496677e-20,2.550848e-12
2685,671.250000,3,3.769207e-11,1.635658e-16,1.306945e-20,4.231726e-12
2686,671.500000,3,3.768719e-11,1.226766e-16,1.586202e-20,1.761258e-12
2687,671.750000,3,3.768252e-11,1.259923e-16,-3.376882e-20,3.890221e-12
2688,672.000000,3,3.767808e-11,1.259868e-16,1.080960e-20,8.377743e-13
2689,672.250000,3,3.767409e-11,1.635777e-16,1.569989e-20,4.837020e-12
2690,672.500000,3,3.766898e-11,1.635807e-16,-1.254668e-20,2.677192e-12
2691,672.750000,3,3.766432e-11,1.226877e-16,9.618456e-21,-5.262457e-14
2692,673.000000,3,3.765988e-11,1.635866e-16,-4.781104e-21,1.641354e-12
2693,673.250000,3,3.765477e-11,1.259597e-16,3.057921e-20,1.990852e-12
2694,673.500000,3,3.765077e-11,9.446572e-17,2.503379e-20,3.896439e-12
2695,673.750000,3,3.764589e-11,1.226967e-16,-2.201955e-20,1.899148e-12
2696,674.000000,3,3.764145e-11,1.226989e-16,-1.006513e-20,4.534373e-12
2697,674.250000,3,3.763678e-11,8.395872e-17,-1.445912e-20,1.854517e-12
2698,674.500000,3,3.763234e-11,1.364271e-16,2.729034e-20,5.312639e-12
2699,674.750000,3,3.762723e-11,1.049394e-16,1.201066e-20,9.248158e-13
2700,675.000000,3,3.762302e-11,1.636105e-16,-2.998695e-20,2.710276e-12
2701,675.250000,3,3.761813e-11,1.636135e-16,-7.444626e-21,2.964073e-12
2702,675.500000,3,3.761391e-11,1.636165e-16,1.819797e-21,1.442846e-12
2703,675.750000,3,3.760925e-11,1.227146e-16,1.118679e-20,3.672618e-12
2704,676.000000,3,3.760459e-11,1.049170e-16,1.186508e-20,2.913669e-12
2705,676.250000,3,3.759970e-11,1.227190e-16,-7.077688e-20,3.465450e-12
2706,676.500000,3,3.759526e-11,1.363804e-16,1.697044e-20,1.790124e-12
2707,676.750000,3,3.759060e-11,1.636314e-16,3.308722e-24,2.925438e-12
2708,677.000000,3,3.758593e-11,1.636343e-16,1.420104e-20,3.806067e-12
2709,677.250000,3,3.758105e-11,1.636373e-16,-2.888515e-21,5.365708e-12
2710,677.500000,3,3.757705e-11,1.153791e-16,-3.573420e-22,7.940315e-13
2711,677.750000,3,3.757261e-11,1.227325e-16,-6.276646e-21,3.321121e-12
2712,678.000000,3,3.756773e-11,1.258574e-16,-1.954462e-20,3.813838e-12
2713,678.250000,3,3.756329e-11,1.636492e-16,-2.466322e-20,3.027800e-12
2714,678.500000,3,3.755840e-11,1.153595e-16,-1.064416e-20,1.485256e-12
2715,678.750000,3,3.755396e-11,1.363281e-16,-1.017101e-20,2.216671e-12
2716,679.000000,3,3.754930e-11,1.636582e-16,6.481787e-21,5.076384e-12
2717,679.250000,3,3.754508e-11,1.636611e-16,3.374897e-22,2.059242e-12
2718,679.500000,3,3.754042e-11,1.227481e-16,1.505469e-20,4.272582e-12
2719,679.750000,3,3.753575e-11,1.636670e-16,-3.786502e-20,2.969403e-12
2720,680.000000,3,3.753153e-11,1.636699e-16,-1.248381e-20,4.154233e-12
2721,680.250000,3,3.752620e-11,1.153252e-16,9.032812e-22,3.772094e-12
2722,680.500000,3,3.752176e-11,1.636757e-16,-2.084826e-20,5.256684e-12
2723,680.750000,3,3.751777e-11,1.227590e-16,1.052174e-20,3.212319e-12
2724,681.000000,3,3.751310e-11,1.227611e-16,-1.279152e-20,5.295764e-12
2725,681.250000,3,3.750822e-11,1.636844e-16,-2.447131e-20,3.498535e-12
2726,681.500000,3,3.750378e-11,1.636873e-16,-1.545173e-20,2.314815e-12
2727,681.750000,3,3.749956e-11,1.636902e-16,2.060011e-20,4.504175e-12
2728,682.000000,3,3.749467e-11,1.636931e-16,-1.002543e-20,2.608802e-12
2729,682.250000,3,3.749001e-11,1.257668e-16,-2.191367e-20,3.801182e-12
2730,682.500000,3,3.748601e-11,1.257614e-16,-1.406207e-21,3.843370e-12
2731,682.750000,3,3.748091e-11,1.227763e-16,-1.812518e-20,4.380052e-12
2732,683.000000,3,3.747713e-11,1.637047e-16,-3.100273e-21,1.808553e-12
2733,683.250000,3,3.747180e-11,1.227807e-16,2.608597e-20,2.166711e-12
2734,683.500000,3,3.746736e-11,1.637104e-16,-1.324482e-20,3.467227e-12
2735,683.750000,3,3.746270e-11,1.637133e-16,9.416624e-21,4.221956e-12
2736,684.000000,3,3.745848e-11,1.466846e-16,1.598113e-21,3.209211e-12
2737,684.250000,3,3.745404e-11,1.362014e-16,2.259857e-21,3.295364e-12
2738,684.500000,3,3.744915e-11,1.227915e-16,-3.546950e-20,4.177547e-12
2739,684.750000,3,3.744449e-11,1.047615e-16,3.447689e-21,4.634071e-12
2740,685.000000,3,3.743961e-11,1.637278e-16,-1.798622e-20,2.254419e-12
2741,685.250000,3,3.743583e-11,1.257032e-16,4.929996e-21,9.827694e-13
2742,685.500000,3,3.743139e-11,1.466475e-16,9.582060e-21,1.689759e-13
2743,685.750000,3,3.742695e-11,1.047438e-16,4.175608e-21,3.119283e-12
2744,686.000000,3,3.742207e-11,1.637394e-16,2.458381e-20,2.270406e-12
2745,686.250000,3,3.741762e-11,1.637422e-16,-3.516841e-20,1.960876e-12
2746,686.500000,3,3.741296e-11,1.256768e-16,-3.507246e-22,2.964518e-12
2747,686.750000,3,3.740919e-11,1.637480e-16,2.872633e-20,4.618306e-12
2748,687.000000,3,3.740364e-11,1.637509e-16,-3.043363e-20,2.611245e-12
2749,687.250000,3,3.739964e-11,1.637538e-16,-1.576937e-20,2.360556e-12
2750,687.500000,3,3.739520e-11,1.228175e-16,-7.934316e-21,1.999734e-12
2751,687.750000,3,3.739076e-11,1.637596e-16,-1.373120e-20,2.223555e-12
2752,688.000000,3,3.738632e-11,1.228218e-16,-1.559401e-20,4.334977e-12
2753,688.250000,3,3.738165e-11,1.256399e-16,-2.871640e-20,4.313216e-12
2754,688.500000,3,3.737788e-11,1.637682e-16,-9.797127e-21,1.719958e-12
2755,688.750000,3,3.737322e-11,1.256294e-16,4.185534e-21,4.361844e-12
2756,689.000000,3,3.736855e-11,1.360928e-16,2.609589e-20,4.696687e-12
2757,689.250000,3,3.736411e-11,1.228327e-16,1.025704e-20,4.100942e-12
2758,689.500000,3,3.735923e-11,1.637798e-16,1.721197e-20,5.570211e-12
2759,689.750000,3,3.735479e-11,1.228370e-16,2.259527e-20,4.365397e-12
2760,690.000000,3,3.735079e-11,1.360700e-16,-1.737079e-20,2.826184e-12
2761,690.250000,3,3.734613e-11,1.569973e-16,-1.257645e-20,5.765832e-12
2762,690.500000,3,3.734146e-11,1.046605e-16,-2.483196e-20,4.001244e-12
2763,690.750000,3,3.733791e-11,1.360530e-16,1.680169e-20,4.857448e-12
2764,691.000000,3,3.733280e-11,1.046518e-16,4.252701e-20,3.551381e-12
2765,691.250000,3,3.732814e-11,1.255769e-16,9.691248e-21,2.613465e-12
2766,691.500000,3,3.732392e-11,1.638029e-16,-5.889526e-21,5.354606e-12
2767,691.750000,3,3.731926e-11,1.638058e-16,-1.009160e-21,3.605560e-12
2768,692.000000,3,3.731526e-11,1.638086e-16,3.596912e-20,4.080514e-12
2769,692.250000,3,3.731082e-11,1.638115e-16,7.603444e-21,2.234213e-12
2770,692.500000,3,3.730638e-11,1.638144e-16,3.552906e-20,3.594680e-12
2771,692.750000,3,3.730105e-11,1.638173e-16,1.774137e-20,4.422018e-12
2772,693.000000,3,3.729705e-11,1.638202e-16,3.689226e-20,4.232836e-12
2773,693.250000,3,3.729239e-11,1.228673e-16,-1.794320e-20,3.448797e-12
2774,693.500000,3,3.728884e-11,9.414732e-17,-2.682712e-20,1.988631e-12
2775,693.750000,3,3.728418e-11,1.228716e-16,-3.516510e-20,5.784262e-13
2776,694.000000,3,3.727951e-11,9.413949e-17,-1.212647e-20,3.038458e-12
2777,694.250000,3,3.727552e-11,1.638346e-16,3.662756e-21,3.494760e-12
2778,694.500000,3,3.727041e-11,1.359679e-16,1.104782e-20,2.218670e-12
2779,694.750000,3,3.726641e-11,9.412774e-17,-8.099753e-21,2.876144e-12
2780,695.000000,3,3.726175e-11,1.228824e-16,1.019748e-20,4.342970e-12
2781,695.250000,3,3.725731e-11,1.638461e-16,7.057505e-21,3.607115e-12
2782,695.500000,3,3.725265e-11,1.638490e-16,1.104452e-20,2.426503e-12
2783,695.750000,3,3.724865e-11,1.228889e-16,2.650287e-21,3.559597e-12
2784,696.000000,3,3.724421e-11,1.463905e-16,2.557973e-20,3.032241e-12
2785,696.250000,3,3.723977e-11,1.638577e-16,-1.134892e-20,3.777645e-12
2786,696.500000,3,3.723577e-11,1.638605e-16,-1.201066e-20,4.868994e-12
2787,696.750000,3,3.723111e-11,1.254620e-16,-4.913453e-21,3.185230e-12
2788,697.000000,3,3.722667e-11,1.638663e-16,1.406207e-21,4.942269e-12
2789,697.250000,3,3.722223e-11,1.463602e-16,-2.100377e-20,3.169909e-12
2790,697.500000,3,3.721823e-11,1.229040e-16,7.815202e-21,3.640199e-12
2791,697.750000,3,3.721401e-11,1.638749e-16,1.173604e-20,2.302603e-12
2792,698.000000,3,3.720890e-11,1.229084e-16,3.434454e-21,3.771428e-12
2793,698.250000,3,3.720513e-11,1.672410e-16,-5.286346e-20,1.948663e-12
2794,698.500000,3,3.720024e-11,1.045213e-16,-3.702130e-20,4.557910e-12
2795,698.750000,3,3.719580e-11,1.638865e-16,8.781349e-21,3.149037e-12
2796,699.000000,3,3.719203e-11,1.638893e-16,-4.555780e-20,-5.617729e-13
2797,699.250000,3,3.718759e-11,1.254100e-16,-5.135137e-21,3.200329e-12
2798,699.500000,3,3.718270e-11,1.229213e-16,6.925156e-21,7.153167e-12
2799,699.750000,3,3.717848e-11,1.638980e-16,6.405687e-21,3.419931e-12
2800,700.000000,3,3.717404e-11,1.044954e-16,-3.762348e-20,3.488543e-12
2801,700.250000,3,3.716938e-11,1.639037e-16,2.322723e-21,2.472245e-12
2802,700.500000,3,3.716516e-11,1.149354e-16,9.780584e-21,2.228884e-12
2803,700.750000,3,3.716094e-11,9.403415e-17,-9.479490e-21,4.745093e-12
2804,701.000000,3,3.715650e-11,1.639124e-16,-4.870439e-21,3.792966e-12
2805,701.250000,3,3.715250e-11,1.229364e-16,2.690984e-20,4.024336e-12
2806,701.500000,3,3.714806e-11,1.639181e-16,1.902515e-20,3.016032e-12
2807,701.750000,3,3.714340e-11,1.044651e-16,-2.045121e-20,2.582157e-12
2808,702.000000,3,3.713896e-11,1.639239e-16,-3.602868e-20,2.301048e-12
2809,702.250000,3,3.713496e-11,1.639267e-16,-4.543538e-20,4.002798e-12
2810,702.500000,3,3.713074e-11,1.253426e-16,-7.762263e-21,3.570699e-12
2811,702.750000,3,3.712630e-11,1.462270e-16,-2.700579e-20,3.028244e-12
2812,703.000000,3,3.712208e-11,1.639354e-16,2.384596e-20,4.310774e-12
2813,703.250000,3,3.711742e-11,1.229537e-16,-5.677768e-21,1.239675e-12
2814,703.500000,3,3.711320e-11,1.879829e-16,4.314574e-21,4.011680e-12
2815,703.750000,3,3.710854e-11,1.253168e-16,-1.898214e-20,2.815304e-12
2816,704.000000,3,3.710410e-11,1.639469e-16,5.934194e-20,4.536593e-12
2817,704.250000,3,3.710010e-11,1.639497e-16,9.701174e-21,3.076872e-12
2818,704.500000,3,3.709633e-11,1.639526e-16,2.819362e-20,1.983524e-12
2819,704.750000,3,3.709144e-11,1.639555e-16,-1.191140e-20,4.391154e-12
2820,705.000000,3,3.708678e-11,1.639584e-16,-1.013462e-20,5.724754e-12
2821,705.250000,3,3.708345e-11,1.639612e-16,3.155529e-20,2.986944e-12
2822,705.500000,3,3.707856e-11,8.352043e-17,2.301878e-20,4.501288e-12
2823,705.750000,3,3.707457e-11,1.639670e-16,2.642015e-20,2.231104e-12
2824,706.000000,3,3.706968e-11,8.351355e-17,-4.341044e-21,2.906786e-12
2825,706.250000,3,3.706591e-11,1.639727e-16,1.513079e-20,2.166489e-12
2826,706.500000,3,3.706191e-11,1.229817e-16,9.740879e-21,4.326761e-12
2827,706.750000,3,3.705725e-11,1.229839e-16,-1.291725e-20,5.297984e-13
2828,707.000000,3,3.705303e-11,1.639813e-16,-1.108753e-20,4.829026e-12
2829,707.250000,3,3.704859e-11,1.639842e-16,-7.057505e-21,1.612044e-12
2830,707.500000,3,3.704415e-11,1.639871e-16,1.538887e-20,1.988631e-12
2831,707.750000,3,3.703993e-11,9.392570e-17,6.759058e-20,2.458700e-12
2832,708.000000,3,3.703549e-11,1.229946e-16,-5.432922e-21,4.726664e-12
2833,708.250000,3,3.703127e-11,1.639957e-16,-6.736559e-21,4.271916e-12
2834,708.500000,3,3.702749e-11,1.639986e-16,-9.466255e-21,3.545164e-12
2835,708.750000,3,3.702261e-11,1.230011e-16,-3.309053e-20,8.544276e-13
2836,709.000000,3,3.701861e-11,1.640043e-16,1.771490e-20,3.178791e-12
2837,709.250000,3,3.701395e-11,1.640072e-16,-5.853130e-21,4.585443e-12
2838,709.500000,3,3.701017e-11,1.147651e-16,1.893582e-20,4.284795e-12
2839,709.750000,3,3.700507e-11,1.640129e-16,1.730131e-20,4.555023e-12
2840,710.000000,3,3.700151e-11,2.086466e-16,6.054962e-22,2.256417e-12
2841,710.250000,3,3.699729e-11,1.230140e-16,2.153317e-20,4.027889e-12
2842,710.500000,3,3.699285e-11,1.640215e-16,-1.842628e-20,3.449019e-12
2843,710.750000,3,3.698863e-11,1.251726e-16,1.529622e-20,3.087308e-12
2844,711.000000,3,3.698397e-11,1.230204e-16,-1.717227e-21,2.548184e-12
2845,711.250000,3,3.697953e-11,1.640301e-16,-1.415141e-20,2.325251e-12
2846,711.500000,3,3.697576e-11,1.230248e-16,-1.050850e-20,4.810374e-12
2847,711.750000,3,3.697065e-11,1.230269e-16,1.202390e-20,5.107470e-12
2848,712.000000,3,3.696732e-11,2.085782e-16,-1.933617e-20,3.439471e-12
2849,712.250000,3,3.696310e-11,1.042848e-16,-1.128274e-21,2.081224e-12
2850,712.500000,3,3.695888e-11,1.640445e-16,3.143617e-20,3.526068e-12
2851,712.750000,3,3.695466e-11,1.147039e-16,2.334635e-20,5.087264e-12
2852,713.000000,3,3.694955e-11,1.355536e-16,-3.642903e-20,2.483569e-12
2853,713.250000,3,3.694600e-11,1.251213e-16,-2.709844e-21,2.303491e-12
2854,713.500000,3,3.694178e-11,1.230420e-16,-1.597120e-20,2.112088e-12
2855,713.750000,3,3.693756e-11,1.640588e-16,2.697601e-20,3.141709e-12
2856,714.000000,3,3.693312e-11,1.251059e-16,-2.590068e-20,5.311085e-12
2857,714.250000,3,3.692935e-11,1.640645e-16,2.073245e-20,2.457146e-12
2858,714.500000,3,3.692446e-11,8.339713e-17,-1.040924e-20,4.812595e-12
2859,714.750000,3,3.692047e-11,1.640703e-16,-1.744358e-20,2.441825e-12
2860,715.000000,3,3.691647e-11,1.640731e-16,-1.770167e-21,2.567724e-12
2861,715.250000,3,3.691225e-11,1.640760e-16,2.405110e-20,3.424594e-12
2862,715.500000,3,3.690781e-11,1.250752e-16,-7.299042e-21,5.866196e-12
2863,715.750000,3,3.690315e-11,1.640817e-16,1.719874e-20,5.871970e-12
2864,716.000000,3,3.689937e-11,1.250650e-16,-6.716707e-22,3.951062e-12
2865,716.250000,3,3.689538e-11,1.230656e-16,3.672682e-22,1.795897e-12
2866,716.500000,3,3.689071e-11,1.230677e-16,3.931424e-20,3.660183e-12
2867,716.750000,3,3.688694e-11,1.640932e-16,3.711063e-20,1.511458e-12
2868,717.000000,3,3.688250e-11,1.640960e-16,1.081290e-20,3.065992e-12
2869,717.250000,3,3.687828e-11,1.640989e-16,1.138201e-21,1.563416e-12
2870,717.500000,3,3.687406e-11,1.641018e-16,-1.956778e-20,2.259526e-12
2871,717.750000,3,3.686962e-11,1.230785e-16,-4.429387e-20,2.414957e-12
2872,718.000000,3,3.686584e-11,1.146055e-16,-2.653595e-21,4.365397e-12
2873,718.250000,3,3.686162e-11,1.641104e-16,-5.691003e-21,3.957057e-12
2874,718.500000,3,3.685696e-11,1.641132e-16,-3.133360e-20,5.358380e-12
2875,718.750000,3,3.685252e-11,1.250088e-16,-1.574290e-20,5.609513e-12
2876,719.000000,3,3.684897e-11,1.641189e-16,2.803811e-20,4.174439e-12
2877,719.250000,3,3.684431e-11,1.666649e-16,-3.809332e-20,3.187228e-12
2878,719.500000,3,3.684031e-11,1.354097e-16,2.769401e-21,4.917178e-12
2879,719.750000,3,3.683587e-11,1.458198e-16,1.448890e-20,5.230927e-12
2880,720.000000,3,3.683187e-11,1.230978e-16,4.566037e-21,3.550715e-12
2881,720.250000,3,3.682832e-11,1.230999e-16,-2.940462e-20,4.684031e-12
2882,720.500000,3,3.682388e-11,1.641361e-16,-1.619951e-20,3.918421e-12
2883,720.750000,3,3.681899e-11,1.041399e-16,-1.085261e-20,2.365885e-12
2884,721.000000,3,3.681522e-11,9.372207e-17,-2.571539e-20,4.630074e-12
2885,721.250000,3,3.681100e-11,1.231085e-16,8.556356e-21,5.716760e-12
2886,721.500000,3,3.680678e-11,1.249524e-16,-2.348200e-20,3.107514e-12
2887,721.750000,3,3.680256e-11,1.249472e-16,1.272866e-20,3.547607e-12
2888,722.000000,3,3.679834e-11,1.353539e-16,-1.425729e-20,1.865619e-12
2889,722.250000,3,3.679346e-11,1.641561e-16,-3.257437e-20,4.110046e-12
2890,722.500000,3,3.678968e-11,1.231192e-16,-1.617304e-20,5.728085e-12
2891,722.750000,3,3.678480e-11,8.328427e-17,4.080317e-20,3.976819e-12
2892,723.000000,3,3.678147e-11,1.641647e-16,-2.812414e-22,3.685496e-12
2893,723.250000,3,3.677680e-11,1.641676e-16,-4.862168e-20,4.539036e-12
2894,723.500000,3,3.677281e-11,1.641704e-16,-2.019644e-20,2.477130e-12
2895,723.750000,3,3.676859e-11,1.249055e-16,-1.775460e-20,3.699707e-12
2896,724.000000,3,3.676415e-11,1.641761e-16,-5.128520e-21,2.963851e-12
2897,724.250000,3,3.676037e-11,1.641790e-16,-1.674214e-20,4.832135e-12
2898,724.500000,3,3.675571e-11,1.641818e-16,-7.411538e-22,2.870149e-12
2899,724.750000,3,3.675127e-11,1.248845e-16,2.337282e-20,3.310019e-12
2900,725.000000,3,3.674749e-11,1.641876e-16,8.940168e-21,3.894662e-12
2901,725.250000,3,3.674372e-11,1.641904e-16,1.687448e-21,3.717471e-12
2902,725.500000,3,3.673928e-11,1.231450e-16,4.280163e-20,3.537837e-12
2903,725.750000,3,3.673462e-11,1.641961e-16,-2.543084e-20,2.887024e-12
2904,726.000000,3,3.673040e-11,1.352631e-16,3.166778e-20,5.924594e-12
2905,726.250000,3,3.672662e-11,1.248530e-16,-4.460158e-21,3.832046e-12
2906,726.500000,3,3.672218e-11,1.642047e-16,-1.858179e-20,2.656098e-12
2907,726.750000,3,3.671841e-11,1.040354e-16,-2.928881e-20,1.816103e-12
2908,727.000000,3,3.671419e-11,1.040310e-16,1.158053e-21,2.797096e-12
2909,727.250000,3,3.670930e-11,1.642133e-16,1.973653e-20,4.831691e-13
2910,727.500000,3,3.670597e-11,1.248266e-16,2.528857e-20,4.397371e-12
2911,727.750000,3,3.670131e-11,1.642190e-16,-2.954689e-21,2.426503e-12
2912,728.000000,3,3.669776e-11,1.456187e-16,-8.328054e-21,3.387735e-12
2913,728.250000,3,3.669354e-11,1.144099e-16,4.952165e-20,1.859179e-12
2914,728.500000,3,3.668910e-11,1.642275e-16,1.552783e-20,4.032774e-12
2915,728.750000,3,3.668466e-11,1.248002e-16,1.050850e-20,3.575806e-12
2916,729.000000,3,3.668021e-11,1.663932e-16,9.065900e-22,6.010525e-12
2917,729.250000,3,3.667666e-11,1.642361e-16,-1.808217e-20,3.353984e-12
2918,729.500000,3,3.667222e-11,1.663791e-16,1.584878e-21,2.480238e-12
2919,729.750000,3,3.666800e-11,1.247790e-16,-9.211483e-21,4.284795e-12
2920,730.000000,3,3.666401e-11,1.642446e-16,-9.072517e-21,3.219647e-12
2921,730.250000,3,3.666001e-11,1.247684e-16,1.406207e-21,2.883471e-12
2922,730.500000,3,3.665623e-11,1.247631e-16,-2.547716e-21,6.292522e-12
2923,730.750000,3,3.665157e-11,1.642532e-16,-2.084495e-21,2.241540e-12
2924,731.000000,3,3.664846e-11,1.642560e-16,2.141405e-20,2.402523e-12
2925,731.250000,3,3.664336e-11,1.642589e-16,4.906835e-21,4.778622e-12
2926,731.500000,3,3.663958e-11,1.231963e-16,7.451243e-21,3.689493e-12
2927,731.750000,3,3.663514e-11,1.642646e-16,-1.415471e-20,3.365530e-12
2928,732.000000,3,3.663092e-11,1.232006e-16,-1.742704e-20,2.716050e-12
2929,732.250000,3,3.662670e-11,1.143321e-16,1.123311e-20,3.181455e-12
2930,732.500000,3,3.662293e-11,1.642731e-16,2.296253e-20,2.712053e-12
2931,732.750000,3,3.661871e-11,1.232070e-16,1.043902e-20,2.501110e-12
2932,733.000000,3,3.661405e-11,1.232091e-16,-4.307957e-21,1.947331e-12
2933,733.250000,3,3.661071e-11,1.642817e-16,-5.346895e-21,1.341594e-12
2934,733.500000,3,3.660627e-11,1.039160e-16,1.712264e-20,3.800293e-12
2935,733.750000,3,3.660250e-11,1.642874e-16,-8.701940e-21,2.444711e-12
2936,734.000000,3,3.659784e-11,1.642902e-16,-3.374566e-20,2.813527e-12
2937,734.250000,3,3.659384e-11,1.454638e-16,-1.904832e-20,2.945644e-12
2938,734.500000,3,3.658940e-11,1.642959e-16,-3.207476e-20,2.007727e-12
2939,734.750000,3,3.658540e-11,1.454514e-16,7.884686e-21,2.105649e-12
2940,735.000000,3,3.658207e-11,1.232262e-16,-1.203051e-20,2.638556e-12
2941,735.250000,3,3.657763e-11,1.454389e-16,-9.158544e-21,5.409895e-12
2942,735.500000,3,3.657341e-11,1.232305e-16,-5.565271e-21,3.216094e-12
2943,735.750000,3,3.656941e-11,1.246512e-16,-1.660648e-20,1.839195e-12
2944,736.000000,3,3.656475e-11,1.232348e-16,1.121988e-20,3.411715e-12
2945,736.250000,3,3.656120e-11,1.643159e-16,9.810362e-21,3.042233e-12
2946,736.500000,3,3.655698e-11,1.643187e-16,-3.844735e-21,4.243494e-12
2947,736.750000,3,3.655276e-11,1.246298e-16,-1.412824e-21,3.574696e-12
2948,737.000000,3,3.654921e-11,1.038537e-16,-2.462020e-20,4.461542e-12
2949,737.250000,3,3.654477e-11,1.453890e-16,-2.230410e-20,4.411804e-12
2950,737.500000,3,3.654077e-11,1.246138e-16,-2.409412e-20,3.623990e-12
2951,737.750000,3,3.653677e-11,1.453765e-16,1.262278e-20,3.228751e-12
2952,738.000000,3,3.653233e-11,1.643358e-16,9.294201e-21,4.942047e-12
2953,738.250000,3,3.652900e-11,1.232540e-16,-1.412494e-20,2.191136e-12
2954,738.500000,3,3.652434e-11,1.643415e-16,2.742600e-20,1.266320e-12
2955,738.750000,3,3.652012e-11,1.643443e-16,-2.082510e-20,5.579537e-12
2956,739.000000,3,3.651635e-11,1.349635e-16,-1.070372e-20,5.343503e-12
2957,739.250000,3,3.651213e-11,1.661017e-16,1.549475e-20,3.564926e-12
2958,739.500000,3,3.650813e-11,1.232646e-16,-3.010937e-21,3.136380e-12
2959,739.750000,3,3.650413e-11,1.643557e-16,1.452198e-20,4.011680e-12
2960,740.000000,3,3.649991e-11,1.232689e-16,1.671236e-20,5.273559e-13
2961,740.250000,3,3.649592e-11,8.303655e-17,-1.845605e-20,3.232303e-12
2962,740.500000,3,3.649236e-11,1.643642e-16,3.039062e-20,4.017897e-12
2963,740.750000,3,3.648859e-11,1.232753e-16,-2.647640e-20,3.963496e-12
2964,741.000000,3,3.648415e-11,1.232774e-16,-3.780546e-20,1.130207e-12
2965,741.250000,3,3.647993e-11,9.340001e-17,2.848810e-21,3.534728e-12
2966,741.500000,3,3.647616e-11,1.643756e-16,-2.985129e-20,4.529266e-12
2967,741.750000,3,3.647194e-11,1.556533e-16,1.586532e-20,2.754907e-12
2968,742.000000,3,3.646772e-11,1.643813e-16,-1.122980e-20,3.363088e-12
2969,742.250000,3,3.646417e-11,9.338389e-17,1.274851e-20,3.980372e-12
2970,742.500000,3,3.645995e-11,9.337985e-17,-3.626360e-21,3.275380e-12
2971,742.750000,3,3.645595e-11,9.337582e-17,-1.487602e-20,2.603029e-12
2972,743.000000,3,3.645129e-11,1.643926e-16,-1.137539e-20,9.623413e-13
2973,743.250000,3,3.644751e-11,1.232966e-16,-7.974021e-21,3.646417e-12
2974,743.500000,3,3.644329e-11,1.244850e-16,-3.069502e-20,2.936096e-12
2975,743.750000,3,3.643930e-11,1.233009e-16,8.493491e-21,2.239320e-12
2976,744.000000,3,3.643552e-11,1.141013e-16,1.946191e-20,4.390266e-12
2977,744.250000,3,3.643152e-11,1.233051e-16,1.520358e-20,2.753131e-12
2978,744.500000,3,3.642775e-11,1.244634e-16,-1.434993e-20,3.722800e-12
2979,744.750000,3,3.642375e-11,1.233094e-16,-1.370804e-20,3.082201e-12
2980,745.000000,3,3.641931e-11,9.333948e-17,1.206691e-20,2.594591e-12
2981,745.250000,3,3.641532e-11,1.659297e-16,9.515886e-21,1.387113e-12
2982,745.500000,3,3.641176e-11,1.233158e-16,-1.419773e-20,4.289680e-12
2983,745.750000,3,3.640688e-11,1.644239e-16,-3.335192e-20,2.612133e-12
2984,746.000000,3,3.640332e-11,1.036926e-16,1.106106e-20,3.085754e-12
2985,746.250000,3,3.639955e-11,1.140569e-16,-1.148127e-21,4.947154e-12
2986,746.500000,3,3.639511e-11,1.244203e-16,5.528875e-21,4.726664e-12
2987,746.750000,3,3.639156e-11,1.233264e-16,-2.436874e-20,3.361977e-12
2988,747.000000,3,3.638756e-11,1.644381e-16,2.182764e-20,3.458123e-12
2989,747.250000,3,3.638401e-11,1.644409e-16,-1.256984e-20,4.918510e-12
2990,747.500000,3,3.637934e-11,1.233328e-16,7.808585e-22,3.848699e-12
2991,747.750000,3,3.637579e-11,1.243933e-16,2.729365e-20,3.314238e-12
2992,748.000000,3,3.637179e-11,1.644494e-16,8.238719e-22,4.323208e-12
2993,748.250000,3,3.636735e-11,8.292167e-17,3.008621e-20,5.584422e-12
2994,748.500000,3,3.636336e-11,1.233413e-16,2.650287e-21,4.227063e-12
2995,748.750000,3,3.635980e-11,1.644579e-16,9.247879e-21,4.899858e-12
2996,749.000000,3,3.635581e-11,1.243663e-16,-1.392310e-20,4.027445e-12
2997,749.250000,3,3.635181e-11,1.644636e-16,-3.742165e-21,3.188116e-12
2998,749.500000,3,3.634804e-11,1.243555e-16,6.984713e-21,3.964828e-12
2999,749.750000,3,3.634337e-11,1.233520e-16,1.808548e-20,3.356204e-12
3000,750.000000,3,3.633982e-11,9.325850e-17,1.282130e-20,3.170131e-12
3001,750.250000,3,3.633605e-11,1.644749e-16,-4.238804e-20,1.694200e-12
3002,750.500000,3,3.633183e-11,1.644778e-16,-1.420435e-20,3.510303e-12
3003,750.750000,3,3.632783e-11,1.243284e-16,3.685917e-21,2.113199e-12
3004,751.000000,3,3.632361e-11,1.644834e-16,-5.208922e-20,4.155565e-12
3005,751.250000,3,3.632006e-11,1.346774e-16,-9.648235e-21,2.665423e-12
3006,751.500000,3,3.631584e-11,1.644891e-16,1.191802e-20,5.785816e-12
3007,751.750000,3,3.631206e-11,1.450246e-16,-1.141509e-21,3.356426e-12
3008,752.000000,3,3.630807e-11,1.346598e-16,-1.584878e-20,2.817080e-12
3009,752.250000,3,3.630407e-11,1.644976e-16,-8.698631e-21,1.575184e-12
3010,752.500000,3,3.630007e-11,1.233753e-16,1.966374e-20,4.226175e-12
3011,752.750000,3,3.629652e-11,1.035709e-16,1.968690e-21,2.723599e-12
3012,753.000000,3,3.629164e-11,1.035664e-16,-1.112392e-20,2.426725e-12
3013,753.250000,3,3.628808e-11,1.233817e-16,4.354940e-20,4.220846e-12
3014,753.500000,3,3.628453e-11,1.645118e-16,1.170295e-20,4.706235e-12
3015,753.750000,3,3.628009e-11,1.242635e-16,1.985233e-23,2.889022e-12
3016,754.000000,3,3.627632e-11,1.139032e-16,-1.688441e-20,4.501954e-12
3017,754.250000,3,3.627254e-11,1.233901e-16,-2.409081e-20,4.951373e-12
3018,754.500000,3,3.626832e-11,1.233922e-16,-1.321173e-20,1.653122e-12
3019,754.750000,3,3.626455e-11,1.645257e-16,-1.777777e-20,2.899680e-12
3020,755.000000,3,3.626055e-11,1.233963e-16,3.752091e-20,5.032197e-12
3021,755.250000,3,3.625655e-11,1.233984e-16,-1.290733e-20,3.688161e-12
3022,755.500000,3,3.625278e-11,1.234005e-16,4.708312e-21,3.684830e-12
3023,755.750000,3,3.624900e-11,1.035167e-16,8.986490e-21,5.698553e-12
3024,756.000000,3,3.624523e-11,1.234046e-16,-1.705646e-20,5.074163e-12
3025,756.250000,3,3.624101e-11,8.227112e-17,7.924390e-21,2.157385e-12
3026,756.500000,3,3.623701e-11,1.645450e-16,-3.322950e-20,4.134248e-12
3027,756.750000,3,3.623324e-11,1.448981e-16,-2.425294e-21,3.735900e-12
3028,757.000000,3,3.622946e-11,1.645505e-16,2.747232e-20,3.797629e-12
3029,757.250000,3,3.622525e-11,1.645533e-16,-6.008640e-21,3.113287e-12
3030,757.500000,3,3.622169e-11,1.234170e-16,-9.568825e-21,2.651213e-12
3031,757.750000,3,3.621747e-11,1.034805e-16,2.327355e-20,5.126566e-12
3032,758.000000,3,3.621370e-11,1.645615e-16,-1.558739e-20,4.078071e-12
3033,758.250000,3,3.620970e-11,1.552072e-16,-1.151105e-20,3.818723e-12
3034,758.500000,3,3.620548e-11,1.234253e-16,1.381722e-20,5.875300e-13
3035,758.750000,3,3.620215e-11,1.241549e-16,-3.791796e-21,6.436185e-12
3036,759.000000,3,3.619816e-11,1.344953e-16,1.568334e-21,1.303180e-12
3037,759.250000,3,3.619438e-11,9.310802e-17,2.024938e-21,3.603784e-12
3038,759.500000,3,3.619061e-11,1.034488e-16,1.790019e-21,2.530198e-12
3039,759.750000,3,3.618639e-11,1.241332e-16,6.153231e-20,4.769296e-12
3040,760.000000,3,3.618261e-11,1.645836e-16,-2.190043e-20,3.985701e-12
3041,760.250000,3,3.617839e-11,1.234397e-16,-3.890065e-20,4.371392e-12
3042,760.500000,3,3.617506e-11,1.137738e-16,-2.597016e-20,3.255840e-12
3043,760.750000,3,3.617107e-11,1.645918e-16,8.602678e-23,3.622214e-12
3044,761.000000,3,3.616707e-11,1.645946e-16,-1.749983e-20,5.501821e-12
3045,761.250000,3,3.616329e-11,1.241005e-16,-1.176251e-20,3.091083e-12
3046,761.500000,3,3.615952e-11,2.068251e-16,-1.391649e-20,4.848566e-12
3047,761.750000,3,3.615530e-11,1.240896e-16,1.948838e-21,4.430012e-12
3048,762.000000,3,3.615130e-11,1.646056e-16,3.381183e-20,4.209744e-12
3049,762.250000,3,3.614709e-11,1.646084e-16,5.233406e-20,2.228662e-12
3050,762.500000,3,3.614398e-11,1.646111e-16,1.086584e-20,3.257838e-12
3051,762.750000,3,3.614020e-11,1.033899e-16,1.430361e-20,5.312639e-12
3052,763.000000,3,3.613576e-11,1.234625e-16,7.643149e-21,3.405276e-12
3053,763.250000,3,3.613154e-11,1.646194e-16,-2.768739e-20,3.052669e-12
3054,763.500000,3,3.612821e-11,1.646221e-16,1.747005e-21,2.171596e-12
3055,763.750000,3,3.612421e-11,1.653947e-16,-1.997807e-20,3.318013e-12
3056,764.000000,3,3.612066e-11,1.240406e-16,1.463779e-20,5.534018e-12
3057,764.250000,3,3.611689e-11,8.269010e-17,-2.482204e-20,4.972245e-12
3058,764.500000,3,3.611200e-11,1.646331e-16,1.130260e-20,5.656142e-12
3059,764.750000,3,3.610956e-11,1.343596e-16,9.638308e-21,4.384937e-12
3060,765.000000,3,3.610490e-11,1.646386e-16,2.123538e-20,4.246159e-12
3061,765.250000,3,3.610134e-11,1.646414e-16,-1.933287e-20,2.410960e-12
3062,765.500000,3,3.609801e-11,1.343419e-16,5.863056e-21,3.338441e-12
3063,765.750000,3,3.609402e-11,1.033354e-16,-3.781539e-20,3.439915e-12
3064,766.000000,3,3.608935e-11,1.234872e-16,-4.515414e-20,3.788525e-12
3065,766.250000,3,3.608625e-11,1.646524e-16,-2.140413e-20,2.307488e-12
3066,766.500000,3,3.608269e-11,8.265738e-17,-9.320671e-21,4.886536e-12
3067,766.750000,3,3.607825e-11,1.646579e-16,-8.030269e-21,5.098810e-12
3068,767.000000,3,3.607425e-11,1.646606e-16,-3.765988e-20,3.560707e-12
3069,767.250000,3,3.607026e-11,1.646634e-16,-9.678013e-21,5.675460e-12
3070,767.500000,3,3.606715e-11,1.646661e-16,-1.165001e-20,4.227063e-12
3071,767.750000,3,3.606271e-11,1.646689e-16,3.968482e-20,2.887246e-12
3072,768.000000,3,3.605916e-11,1.235037e-16,-3.444711e-20,2.919665e-12
3073,768.250000,3,3.605538e-11,1.652638e-16,-1.466757e-20,3.195666e-12
3074,768.500000,3,3.605116e-11,9.295681e-17,2.807782e-20,3.306910e-12
3075,768.750000,3,3.604783e-11,1.032808e-16,-3.795766e-20,2.975176e-12
3076,769.000000,3,3.604295e-11,1.646826e-16,-5.221164e-21,2.959855e-13
3077,769.250000,3,3.603984e-11,1.445804e-16,1.018756e-20,3.105738e-12
3078,769.500000,3,3.603606e-11,1.135938e-16,2.097068e-20,4.785727e-12
3079,769.750000,3,3.603273e-11,1.646908e-16,1.237462e-20,2.363887e-12
3080,770.000000,3,3.602829e-11,1.239096e-16,-4.324500e-21,4.526157e-12
3081,770.250000,3,3.602474e-11,1.646963e-16,-1.393303e-20,1.038281e-12
3082,770.500000,3,3.602052e-11,1.238987e-16,-3.596581e-20,2.536416e-12
3083,770.750000,3,3.601675e-11,1.235264e-16,2.002108e-20,2.340572e-12
3084,771.000000,3,3.601297e-11,9.291583e-17,-5.012715e-21,4.289680e-12
3085,771.250000,3,3.600920e-11,1.032353e-16,2.471616e-21,2.779998e-12
3086,771.500000,3,3.600542e-11,1.647101e-16,4.470084e-21,1.572964e-12
3087,771.750000,3,3.600187e-11,1.238714e-16,-4.807574e-20,4.972911e-12
3088,772.000000,3,3.599809e-11,1.235367e-16,2.786606e-20,3.138378e-12
3089,772.250000,3,3.599498e-11,1.647183e-16,-5.922613e-21,3.040235e-12
3090,772.500000,3,3.599032e-11,1.235408e-16,-2.744585e-20,6.238121e-12
3091,772.750000,3,3.598655e-11,1.647238e-16,6.068197e-21,2.976508e-12
3092,773.000000,3,3.598255e-11,1.647265e-16,-5.906070e-21,3.516964e-12
3093,773.250000,3,3.597900e-11,1.235469e-16,1.954462e-20,4.935385e-12
3094,773.500000,3,3.597567e-11,1.647320e-16,-2.570546e-20,4.614309e-12
3095,773.750000,3,3.597145e-11,1.647348e-16,-7.924390e-21,3.409939e-12
3096,774.000000,3,3.596767e-11,1.235531e-16,-6.531418e-21,2.593481e-12
3097,774.250000,3,3.596345e-11,1.647402e-16,-6.011949e-21,2.557510e-12
3098,774.500000,3,3.596012e-11,1.235572e-16,-1.857186e-20,3.791856e-12
3099,774.750000,3,3.595657e-11,1.238057e-16,1.823437e-20,1.690426e-12
3100,775.000000,3,3.595235e-11,1.235613e-16,-1.152097e-20,2.930989e-12
3101,775.250000,3,3.594902e-11,1.235634e-16,6.018566e-21,2.540190e-12
3102,775.500000,3,3.594502e-11,1.444208e-16,3.147588e-20,4.004352e-12
3103,775.750000,3,3.594169e-11,1.237838e-16,2.637052e-20,3.121947e-12
3104,776.000000,3,3.593814e-11,1.647594e-16,1.082945e-20,5.313749e-12
3105,776.250000,3,3.593370e-11,1.235716e-16,3.895359e-20,3.676837e-12
3106,776.500000,3,3.593015e-11,1.235737e-16,-1.810202e-20,1.600275e-12
3107,776.750000,3,3.592615e-11,1.031349e-16,-1.290402e-22,4.236833e-12
3108,777.000000,3,3.592215e-11,1.235778e-16,-2.132802e-20,5.737189e-12
3109,777.250000,3,3.591882e-11,1.235799e-16,9.869919e-21,2.527978e-12
3110,777.500000,3,3.591483e-11,1.235819e-16,-1.723844e-21,4.130252e-12
3111,777.750000,3,3.591105e-11,1.647786e-16,-9.608530e-21,4.824363e-12
3112,778.000000,3,3.590728e-11,1.647814e-16,-1.259631e-20,4.340084e-12
3113,778.250000,3,3.590372e-11,1.647841e-16,1.487602e-20,3.586242e-12
3114,778.500000,3,3.589995e-11,1.647868e-16,-9.750805e-21,5.455858e-12
3115,778.750000,3,3.589595e-11,1.647896e-16,-4.106455e-20,3.525846e-12
3116,779.000000,3,3.589262e-11,1.235942e-16,1.757924e-20,4.309886e-13
3117,779.250000,3,3.588863e-11,1.237071e-16,2.124531e-20,3.799627e-12
3118,779.500000,3,3.588418e-11,1.235983e-16,-2.338936e-20,1.610490e-12
3119,779.750000,3,3.588085e-11,1.648005e-16,3.869882e-20,1.141309e-12
3120,780.000000,3,3.587708e-11,9.276796e-17,4.356264e-20,3.289147e-12
3121,780.250000,3,3.587397e-11,1.649135e-16,-1.026697e-20,4.545697e-12
3122,780.500000,3,3.586975e-11,1.339864e-16,4.893931e-20,4.536815e-12
3123,780.750000,3,3.586531e-11,1.236086e-16,1.601422e-20,4.782175e-12
3124,781.000000,3,3.586154e-11,1.648142e-16,-1.214963e-20,3.900658e-12
3125,781.250000,3,3.585776e-11,1.648170e-16,2.870317e-20,3.675726e-12
3126,781.500000,3,3.585399e-11,1.030485e-16,-1.202721e-20,3.390843e-12
3127,781.750000,3,3.584977e-11,1.236168e-16,-9.648235e-21,1.084244e-12
3128,782.000000,3,3.584577e-11,1.648633e-16,-2.306180e-21,2.228884e-12
3129,782.250000,3,3.584222e-11,1.648279e-16,-1.267241e-20,5.933476e-12
3130,782.500000,3,3.583778e-11,1.236230e-16,-2.147030e-20,3.022471e-12
3131,782.750000,3,3.583422e-11,9.272362e-17,-7.610062e-21,7.172041e-13
3132,783.000000,3,3.583001e-11,1.648361e-16,-2.798187e-20,4.158451e-12
3133,783.250000,3,3.582712e-11,1.236291e-16,5.988788e-22,2.858824e-12
3134,783.500000,3,3.582246e-11,1.648416e-16,-8.933551e-21,5.272671e-12
3135,783.750000,3,3.581824e-11,1.648443e-16,1.040262e-20,6.678880e-12
3136,784.000000,3,3.581468e-11,1.236050e-16,-2.800503e-20,4.152678e-12
3137,784.250000,3,3.581069e-11,1.236374e-16,-2.261843e-20,-1.663114e-13
3138,784.500000,3,3.580669e-11,1.648525e-16,4.145829e-21,1.638467e-12
3139,784.750000,3,3.580358e-11,1.648553e-16,-2.491468e-21,2.928102e-12
3140,785.000000,3,3.579936e-11,1.648580e-16,-1.024380e-20,4.424683e-12
3141,785.250000,3,3.579581e-11,1.648607e-16,3.496658e-20,2.424061e-12
3142,785.500000,3,3.579226e-11,2.472952e-16,6.137680e-21,5.006662e-12
3143,785.750000,3,3.578782e-11,1.236497e-16,-1.681824e-20,2.458478e-12
3144,786.000000,3,3.578471e-11,1.648689e-16,3.666064e-21,1.800782e-12
3145,786.250000,3,3.577960e-11,1.648717e-16,-1.290071e-20,3.114176e-12
3146,786.500000,3,3.577649e-11,1.441444e-16,6.279955e-21,4.541478e-12
3147,786.750000,3,3.577227e-11,1.236579e-16,2.085157e-20,3.316458e-12
3148,787.000000,3,3.576872e-11,1.648799e-16,-1.290402e-20,6.399326e-13
3149,787.250000,3,3.576495e-11,9.265250e-17,2.091443e-20,3.859135e-12
3150,787.500000,3,3.576117e-11,9.264858e-17,1.481315e-20,2.497336e-12
3151,787.750000,3,3.575717e-11,9.264467e-17,-5.002127e-20,2.697842e-12
3152,788.000000,3,3.575318e-11,1.648908e-16,1.266579e-20,3.365086e-12
3153,788.250000,3,3.574940e-11,1.441018e-16,1.185184e-20,4.551026e-12
3154,788.500000,3,3.574541e-11,1.235106e-16,-1.752961e-20,3.222533e-12
3155,788.750000,3,3.574185e-11,1.648990e-16,-7.249411e-21,5.060841e-12
3156,789.000000,3,3.573786e-11,1.236763e-16,2.767085e-20,3.846701e-12
3157,789.250000,3,3.573453e-11,1.029125e-16,-3.173065e-20,4.140910e-12
3158,789.500000,3,3.573053e-11,1.236804e-16,2.747563e-20,3.074208e-12
3159,789.750000,3,3.572653e-11,1.236825e-16,-1.090224e-20,3.889555e-12
3160,790.000000,3,3.572298e-11,1.236845e-16,1.731454e-20,1.314726e-12
3161,790.250000,3,3.571965e-11,1.236865e-16,2.838884e-21,3.215872e-12
3162,790.500000,3,3.571587e-11,1.649181e-16,-3.122772e-20,4.576783e-12
3163,790.750000,3,3.571121e-11,1.234639e-16,-1.148127e-21,2.094769e-12
3164,791.000000,3,3.570744e-11,1.236927e-16,-1.535578e-20,4.139800e-12
3165,791.250000,3,3.570411e-11,1.649263e-16,-1.491572e-20,3.277600e-12
3166,791.500000,3,3.570055e-11,1.236968e-16,3.073472e-20,4.295453e-12
3167,791.750000,3,3.569633e-11,1.236988e-16,8.169236e-21,4.970913e-12
3168,792.000000,3,3.569234e-11,1.649345e-16,8.238719e-22,5.966116e-12
3169,792.250000,3,3.568901e-11,1.649372e-16,-3.877823e-20,4.863443e-12
3170,792.500000,3,3.568479e-11,1.237050e-16,-2.223461e-20,1.435074e-12
3171,792.750000,3,3.568146e-11,1.237070e-16,-1.085261e-21,1.707301e-12
3172,793.000000,3,3.567768e-11,1.237091e-16,1.085261e-20,3.733458e-12
3173,793.250000,3,3.567391e-11,1.237111e-16,1.676199e-20,2.849054e-12
3174,793.500000,3,3.566969e-11,1.237132e-16,-2.447793e-20,2.798206e-12
3175,793.750000,3,3.566636e-11,1.237152e-16,-1.560724e-20,1.882050e-12
3176,794.000000,3,3.566258e-11,1.649563e-16,1.967366e-20,2.241984e-12
3177,794.250000,3,3.565881e-11,1.336744e-16,-1.571643e-21,3.998801e-12
3178,794.500000,3,3.565526e-11,1.237213e-16,2.051408e-22,1.326272e-12
3179,794.750000,3,3.565126e-11,1.649645e-16,3.395742e-20,3.059997e-12
3180,795.000000,3,3.564704e-11,1.237254e-16,-1.127943e-20,3.802514e-12
3181,795.250000,3,3.564371e-11,1.649700e-16,-1.040262e-20,3.331113e-12
3182,795.500000,3,3.564016e-11,9.252458e-17,3.252805e-20,2.046363e-12
3183,795.750000,3,3.563638e-11,1.649754e-16,2.390552e-20,3.972378e-12
3184,796.000000,3,3.563239e-11,1.649782e-16,1.597782e-20,2.976286e-12
3185,796.250000,3,3.562883e-11,1.237357e-16,2.779327e-21,2.190470e-12
3186,796.500000,3,3.562506e-11,1.649836e-16,-1.625906e-20,4.189316e-12
3187,796.750000,3,3.562106e-11,1.027838e-16,-1.334408e-20,4.273915e-12
3188,797.000000,3,3.561773e-11,1.237418e-16,2.267798e-20,3.524514e-12
3189,797.250000,3,3.561418e-11,1.237438e-16,3.983702e-21,4.183098e-12
3190,797.500000,3,3.560996e-11,1.649945e-16,-2.564260e-21,2.053691e-12
3191,797.750000,3,3.560685e-11,1.237479e-16,-1.822775e-20,4.007017e-12
3192,798.000000,3,3.560285e-11,1.027625e-16,1.835017e-20,2.380318e-12
3193,798.250000,3,3.559864e-11,1.237520e-16,-1.712595e-20,-1.890710e-12
3194,798.500000,3,3.559575e-11,1.650054e-16,-3.200527e-20,5.338840e-12
3195,798.750000,3,3.559197e-11,1.650081e-16,-1.901192e-20,4.124256e-12
3196,799.000000,3,3.558798e-11,1.650109e-16,1.024380e-20,4.621414e-12
3197,799.250000,3,3.558398e-11,1.650136e-16,-3.236261e-20,6.688428e-12
3198,799.500000,3,3.558065e-11,1.335582e-16,-9.611839e-21,3.349099e-12
3199,799.750000,3,3.557665e-11,1.237643e-16,2.834583e-20,1.901146e-12
3200,800.000000,3,3.557332e-11,1.650217e-16,-3.062884e-20,3.398171e-12
3201,800.250000,3,3.556977e-11,1.650245e-16,1.644766e-20,3.942180e-12
3202,800.500000,3,3.556555e-11,1.650272e-16,-1.219926e-20,4.764633e-12
3203,800.750000,3,3.556200e-11,1.650299e-16,2.928219e-21,3.437473e-12
3204,801.000000,3,3.555845e-11,1.237745e-16,-2.101039e-21,3.814948e-12
3205,801.250000,3,3.555489e-11,1.650354e-16,5.418364e-20,2.808642e-12
3206,801.500000,3,3.555067e-11,1.237786e-16,2.663522e-21,2.964518e-12
3207,801.750000,3,3.554756e-11,1.643184e-16,-3.005643e-20,4.466427e-12
3208,802.000000,3,3.554312e-11,1.650435e-16,-7.490948e-21,2.489120e-12
3209,802.250000,3,3.553979e-11,1.026906e-16,-1.775130e-20,3.982814e-12
3210,802.500000,3,3.553668e-11,1.650490e-16,9.906315e-21,5.339063e-12
3211,802.750000,3,3.553269e-11,1.650517e-16,-1.096841e-20,2.021050e-12
3212,803.000000,3,3.552891e-11,1.232135e-16,-1.368488e-20,4.016121e-12
3213,803.250000,3,3.552558e-11,1.237928e-16,-6.716707e-21,1.475486e-12
3214,803.500000,3,3.552159e-11,1.026695e-16,1.141840e-20,1.387779e-12
3215,803.750000,3,3.551759e-11,1.650626e-16,-8.404155e-22,3.244516e-12
3216,804.000000,3,3.551404e-11,1.650653e-16,2.226439e-20,3.841816e-12
3217,804.250000,3,3.551048e-11,1.437197e-16,-4.393983e-21,2.617240e-12
3218,804.500000,3,3.550693e-11,1.238031e-16,1.055813e-20,3.321343e-12
3219,804.750000,3,3.550316e-11,1.129133e-16,3.037076e-20,1.776801e-12
3220,805.000000,3,3.549938e-11,1.334376e-16,2.235042e-20,2.508216e-12
3221,805.250000,3,3.549627e-11,1.650789e-16,-3.317987e-20,3.720801e-12
3222,805.500000,3,3.549228e-11,1.650816e-16,4.218290e-20,5.230483e-12
3223,805.750000,3,3.548895e-11,1.026317e-16,9.773966e-21,2.767786e-12
3224,806.000000,3,3.548495e-11,1.650870e-16,1.526975e-20,2.871037e-12
3225,806.250000,3,3.548184e-11,1.334103e-16,-3.758709e-21,5.542233e-12
3226,806.500000,3,3.547762e-11,1.026191e-16,2.124200e-21,4.411804e-12
3227,806.750000,3,3.547362e-11,1.650952e-16,-3.639595e-22,1.880496e-12
3228,807.000000,3,3.547074e-11,1.238234e-16,-4.663313e-20,2.982059e-12
3229,807.250000,3,3.546674e-11,1.651006e-16,1.651053e-20,3.787193e-12
3230,807.500000,3,3.546274e-11,1.128626e-16,-1.801599e-20,3.695266e-12
3231,807.750000,3,3.545964e-11,1.651061e-16,-4.562067e-20,4.714007e-12
3232,808.000000,3,3.545542e-11,1.651088e-16,2.866015e-20,-3.255174e-13
3233,808.250000,3,3.545253e-11,1.238336e-16,8.682088e-21,2.478684e-12
3234,808.500000,3,3.544876e-11,1.238357e-16,3.546950e-21,2.758682e-12
3235,808.750000,3,3.544542e-11,1.651169e-16,-1.030998e-20,4.984235e-12
3236,809.000000,3,3.544143e-11,1.651197e-16,2.543084e-20,2.363665e-12
3237,809.250000,3,3.543765e-11,1.651224e-16,1.971006e-20,4.006573e-12
3238,809.500000,3,3.543432e-11,1.435965e-16,-2.452094e-20,4.210188e-12
3239,809.750000,3,3.543055e-11,1.025648e-16,3.242879e-20,5.353051e-12
3240,810.000000,3,3.542699e-11,1.238479e-16,-1.262278e-20,9.221512e-13
3241,810.250000,3,3.542278e-11,1.238499e-16,-2.421985e-20,4.846346e-12
3242,810.500000,3,3.541922e-11,1.238520e-16,6.551270e-21,4.844347e-12
3243,810.750000,3,3.541611e-11,1.651387e-16,-9.684631e-21,3.639533e-12
3244,811.000000,3,3.541256e-11,1.651414e-16,-5.803499e-21,1.772360e-12
3245,811.250000,3,3.540879e-11,1.230477e-16,3.977084e-20,3.699707e-12
3246,811.500000,3,3.540501e-11,1.238601e-16,1.368818e-20,2.693401e-12
3247,811.750000,3,3.540168e-11,1.651495e-16,-1.862811e-21,2.852607e-12
3248,812.000000,3,3.539813e-11,1.435382e-16,-2.445146e-20,5.971446e-12
3249,812.250000,3,3.539458e-11,1.230277e-16,-6.829203e-21,5.116796e-12
3250,812.500000,3,3.539058e-11,1.230228e-16,-1.518704e-20,3.966605e-12
3251,812.750000,3,3.538703e-11,1.238703e-16,3.955909e-20,3.938405e-12
3252,813.000000,3,3.538392e-11,1.651631e-16,2.230079e-21,5.274670e-12
3253,813.250000,3,3.537992e-11,1.651658e-16,-1.778769e-20,4.201972e-12
3254,813.500000,3,3.537659e-11,1.238764e-16,-1.575945e-20,5.767609e-12
3255,813.750000,3,3.537304e-11,1.024982e-16,2.321069e-20,1.406208e-12
3256,814.000000,3,3.536904e-11,1.024940e-16,-8.801202e-22,5.248246e-12
3257,814.250000,3,3.536549e-11,1.238825e-16,-2.851457e-20,5.775602e-12
3258,814.500000,3,3.536194e-11,1.332315e-16,4.410527e-20,2.206901e-12
3259,814.750000,3,3.535838e-11,1.651821e-16,-1.810533e-20,2.079892e-12
3260,815.000000,3,3.535483e-11,1.651848e-16,-1.049527e-20,3.967271e-12
3261,815.250000,3,3.535172e-11,1.024733e-16,-4.192482e-20,3.171463e-12
3262,815.500000,3,3.534772e-11,1.238927e-16,1.133899e-20,1.788347e-12
3263,815.750000,3,3.534395e-11,1.651929e-16,-6.319660e-22,2.070122e-12
3264,816.000000,3,3.534062e-11,1.651956e-16,2.673448e-21,3.996803e-12
3265,816.250000,3,3.533684e-11,1.651983e-16,-7.163384e-21,2.393641e-13
3266,816.500000,3,3.533307e-11,1.652011e-16,-2.513967e-20,4.005685e-13
3267,816.750000,3,3.532952e-11,1.024485e-16,-7.490948e-21,2.404965e-12
3268,817.000000,3,3.532641e-11,1.652065e-16,-2.762783e-21,7.497114e-12
3269,817.250000,3,3.532308e-11,1.434163e-16,1.900861e-20,5.223821e-12
3270,817.500000,3,3.531908e-11,1.652119e-16,-6.511566e-21,4.504619e-12
3271,817.750000,3,3.531553e-11,1.652146e-16,1.379076e-20,4.702683e-12
3272,818.000000,3,3.531220e-11,1.652173e-16,5.257891e-20,7.129852e-13
3273,818.250000,3,3.530887e-11,1.239150e-16,-6.905965e-20,2.224221e-12
3274,818.500000,3,3.530509e-11,1.239170e-16,8.361142e-21,3.422373e-12
3275,818.750000,3,3.530154e-11,1.652254e-16,-1.594804e-21,3.209433e-12
3276,819.000000,3,3.529776e-11,1.239211e-16,6.538036e-21,3.675060e-12
3277,819.250000,3,3.529377e-11,1.433700e-16,1.273858e-20,4.345413e-12
3278,819.500000,3,3.529044e-11,1.652336e-16,-3.050973e-20,1.304956e-12
3279,819.750000,3,3.528711e-11,1.652363e-16,2.104347e-20,4.498624e-12
3280,820.000000,3,3.528355e-11,1.239292e-16,4.676217e-20,1.527223e-12
3281,820.250000,3,3.527978e-11,1.433469e-16,-1.920383e-20,2.774669e-12
3282,820.500000,3,3.527623e-11,1.239333e-16,8.605987e-21,2.826184e-12
3283,820.750000,3,3.527245e-11,1.330972e-16,-4.539567e-21,5.729417e-12
3284,821.000000,3,3.526957e-11,1.239374e-16,-3.478129e-20,3.608669e-12
3285,821.250000,3,3.526601e-11,1.652525e-16,1.477675e-20,2.485123e-12
3286,821.500000,3,3.526202e-11,1.239414e-16,1.223566e-20,5.051959e-12
3287,821.750000,3,3.525913e-11,1.228392e-16,1.559401e-20,5.016876e-12
3288,822.000000,3,3.525535e-11,1.652606e-16,-1.766858e-21,4.163336e-12
3289,822.250000,3,3.525202e-11,9.212197e-17,1.856855e-20,3.932854e-12
3290,822.500000,3,3.524803e-11,1.228244e-16,3.201851e-20,5.065504e-12
3291,822.750000,3,3.524514e-11,1.239516e-16,2.433896e-20,3.339329e-12
3292,823.000000,3,3.524137e-11,1.652715e-16,1.965050e-20,2.352563e-12
3293,823.250000,3,3.523759e-11,1.637461e-16,-1.261285e-20,1.156408e-12
3294,823.500000,3,3.523426e-11,1.652769e-16,-3.717350e-20,2.672973e-12
3295,823.750000,3,3.523049e-11,1.652796e-16,4.585889e-21,2.967848e-12
3296,824.000000,3,3.522715e-11,1.023290e-16,-9.972489e-21,5.123235e-12
3297,824.250000,3,3.522360e-11,1.432548e-16,-2.250593e-20,2.315259e-12
3298,824.500000,3,3.522005e-11,1.652877e-16,9.628382e-21,6.113110e-12
3299,824.750000,3,3.521650e-11,1.239678e-16,-1.349628e-20,5.514700e-12
3300,825.000000,3,3.521294e-11,1.239698e-16,-4.407218e-21,2.852607e-12
3301,825.250000,3,3.520917e-11,1.239719e-16,-1.171288e-21,3.118839e-12
3302,825.500000,3,3.520562e-11,1.239739e-16,-1.928323e-20,2.765788e-12
3303,825.750000,3,3.520251e-11,1.653012e-16,5.576852e-20,3.924860e-12
3304,826.000000,3,3.519918e-11,1.636739e-16,1.484624e-20,3.353762e-12
3305,826.250000,3,3.519562e-11,1.239800e-16,-6.031801e-21,3.707479e-12
3306,826.500000,3,3.519185e-11,1.239820e-16,1.790019e-20,1.747935e-12
3307,826.750000,3,3.518874e-11,1.653120e-16,-1.149119e-20,4.016121e-12
3308,827.000000,3,3.518474e-11,1.636477e-16,7.646458e-21,3.505862e-12
3309,827.250000,3,3.518141e-11,1.239881e-16,-2.562936e-20,1.537881e-12
3310,827.500000,3,3.517808e-11,1.431803e-16,1.983579e-20,4.451550e-12
3311,827.750000,3,3.517431e-11,1.227210e-16,-6.723324e-21,3.710365e-12
3312,828.000000,3,3.517120e-11,2.479883e-16,-6.475170e-21,3.086642e-12
3313,828.250000,3,3.516742e-11,1.022593e-16,2.513306e-20,4.162226e-12
3314,828.500000,3,3.516454e-11,1.653309e-16,1.259300e-20,4.223732e-12
3315,828.750000,3,3.516054e-11,1.240002e-16,-1.743366e-20,4.787504e-12
3316,829.000000,3,3.515743e-11,1.240023e-16,2.842193e-20,3.090195e-12
3317,829.250000,3,3.515344e-11,1.240043e-16,1.250697e-20,1.958433e-12
3318,829.500000,3,3.514988e-11,1.653417e-16,1.843620e-20,1.971534e-12
3319,829.750000,3,3.514677e-11,1.240083e-16,-3.676652e-20,4.028555e-12
3320,830.000000,3,3.514300e-11,1.653471e-16,-4.460158e-20,3.709921e-12
3321,830.250000,3,3.513989e-11,1.240124e-16,-1.074342e-20,5.731193e-12
3322,830.500000,3,3.513589e-11,1.653525e-16,1.743697e-21,4.185985e-12
3323,830.750000,3,3.513256e-11,1.240164e-16,-2.001777e-21,1.772582e-12
3324,831.000000,3,3.512923e-11,1.653579e-16,1.822775e-20,7.278622e-12
3325,831.250000,3,3.512546e-11,1.653606e-16,-1.248381e-20,5.085932e-12
3326,831.500000,3,3.512257e-11,1.653633e-16,-1.963396e-20,2.332579e-12
3327,831.750000,3,3.511902e-11,1.240245e-16,-9.721027e-21,2.621237e-12
3328,832.000000,3,3.511524e-11,1.653687e-16,-4.443614e-21,1.794787e-12
3329,832.250000,3,3.511191e-11,1.653714e-16,2.378310e-20,4.208633e-12
3330,832.500000,3,3.510814e-11,1.653741e-16,3.943997e-21,4.705125e-12
3331,832.750000,3,3.510503e-11,1.430603e-16,-1.254006e-20,3.514744e-12
3332,833.000000,3,3.510148e-11,1.240346e-16,1.118679e-20,4.753753e-12
3333,833.250000,3,3.509770e-11,1.226133e-16,-1.870752e-20,5.425438e-12
3334,833.500000,3,3.509437e-11,1.123911e-16,2.049092e-20,1.977307e-12
3335,833.750000,3,3.509082e-11,1.021696e-16,1.235477e-20,4.154010e-12
3336,834.000000,3,3.508749e-11,1.240427e-16,5.984817e-20,3.476996e-12
3337,834.250000,3,3.508416e-11,1.240447e-16,3.885433e-20,4.830136e-12
3338,834.500000,3,3.508038e-11,1.021574e-16,-2.526540e-20,2.627232e-12
3339,834.750000,3,3.507727e-11,1.653982e-16,-8.294967e-21,1.880052e-12
3340,835.000000,3,3.507394e-11,1.123642e-16,-8.268497e-21,3.814282e-12
3341,835.250000,3,3.507017e-11,1.654034e-16,-1.066401e-20,3.358869e-12
3342,835.500000,3,3.506684e-11,1.654061e-16,3.154205e-20,3.360645e-12
3343,835.750000,3,3.506306e-11,1.654087e-16,-2.393199e-20,8.684164e-13
3344,836.000000,3,3.505973e-11,1.654113e-16,-7.007874e-21,6.308953e-12
3345,836.250000,3,3.505685e-11,1.654139e-16,4.801618e-20,4.602096e-12
3346,836.500000,3,3.505263e-11,1.021249e-16,1.344003e-20,2.692513e-12
3347,836.750000,3,3.504974e-11,1.654192e-16,-5.786956e-21,5.157652e-12
3348,837.000000,3,3.504619e-11,1.654218e-16,1.340363e-20,3.751666e-12
3349,837.250000,3,3.504241e-11,1.654245e-16,5.889526e-22,1.688205e-12
3350,837.500000,3,3.503975e-11,1.240703e-16,6.984713e-21,2.742251e-12
3351,837.750000,3,3.503642e-11,1.654297e-16,-7.348673e-21,-5.018208e-14
3352,838.000000,3,3.503264e-11,1.429408e-16,1.400582e-20,3.669731e-12
3353,838.250000,3,3.502909e-11,1.654350e-16,-4.526994e-20,2.696954e-12
3354,838.500000,3,3.502554e-11,1.429295e-16,-2.579811e-20,2.118306e-12
3355,838.750000,3,3.502199e-11,1.654402e-16,-5.975553e-21,3.659739e-12
3356,839.000000,3,3.501865e-11,1.327097e-16,-5.515640e-21,3.862910e-12
3357,839.250000,3,3.501555e-11,1.654455e-16,-2.870648e-20,3.984590e-12
3358,839.500000,3,3.501177e-11,1.240861e-16,-2.687344e-20,3.477441e-12
3359,839.750000,3,3.500866e-11,1.633156e-16,-5.666849e-20,5.454748e-12
3360,840.000000,3,3.500555e-11,1.654534e-16,-2.415367e-20,2.917222e-12
3361,840.250000,3,3.500134e-11,1.654560e-16,2.107656e-21,2.109646e-12
3362,840.500000,3,3.499889e-11,1.654586e-16,2.926896e-20,5.141221e-12
3363,840.750000,3,3.499490e-11,1.654613e-16,1.872737e-21,4.605205e-12
3364,841.000000,3,3.499245e-11,1.020520e-16,2.391214e-20,2.440048e-12
3365,841.250000,3,3.498912e-11,1.240999e-16,1.196434e-20,2.504219e-12
3366,841.500000,3,3.498579e-11,1.654691e-16,4.430379e-21,3.336664e-12
3367,841.750000,3,3.498224e-11,1.020398e-16,-1.073019e-20,2.264855e-12
3368,842.000000,3,3.497913e-11,1.654744e-16,5.061022e-20,3.543166e-12
3369,842.250000,3,3.497558e-11,1.241078e-16,7.345364e-21,3.229861e-12
3370,842.500000,3,3.497269e-11,1.654796e-16,-2.044790e-20,4.372946e-12
3371,842.750000,3,3.496936e-11,1.428329e-16,1.718550e-20,3.233191e-12
3372,843.000000,3,3.496603e-11,8.274245e-17,-1.461132e-20,6.220136e-12
3373,843.250000,3,3.496292e-11,1.632246e-16,6.538036e-21,4.543921e-12
3374,843.500000,3,3.495959e-11,1.241176e-16,-1.546497e-20,4.092282e-12
3375,843.750000,3,3.495604e-11,1.654928e-16,1.042248e-21,3.294032e-12
3376,844.000000,3,3.495382e-11,1.241216e-16,4.175608e-21,1.846523e-12
3377,844.250000,3,3.494982e-11,1.654980e-16,2.956674e-20,4.256151e-12
3378,844.500000,3,3.494693e-11,1.241255e-16,3.401036e-20,4.559020e-12
3379,844.750000,3,3.494294e-11,1.655033e-16,-1.773475e-20,3.282263e-12
3380,845.000000,3,3.494005e-11,1.655059e-16,7.044270e-21,2.916778e-12
3381,845.250000,3,3.493672e-11,1.241314e-16,-6.885451e-21,5.525358e-12
3382,845.500000,3,3.493339e-11,1.241334e-16,-2.078209e-20,1.910472e-12
3383,845.750000,3,3.493050e-11,1.223695e-16,2.210888e-20,3.216094e-12
3384,846.000000,3,3.492739e-11,1.241373e-16,-3.831501e-21,3.009593e-12
3385,846.250000,3,3.492429e-11,1.241393e-16,2.266475e-21,5.593526e-12
3386,846.500000,3,3.492118e-11,1.655216e-16,-2.370369e-20,3.804956e-12
3387,846.750000,3,3.491762e-11,1.655243e-16,-6.621746e-20,3.441025e-12
3388,847.000000,3,3.491429e-11,1.655269e-16,-1.208015e-20,2.032818e-12
3389,847.250000,3,3.491163e-11,1.655295e-16,-3.451328e-20,3.581579e-12
3390,847.500000,3,3.490785e-11,1.655321e-16,3.078766e-20,3.924194e-12
3391,847.750000,3,3.490497e-11,1.655348e-16,-2.649294e-20,4.801937e-12
3392,848.000000,3,3.490119e-11,1.019379e-16,-1.862811e-21,4.257261e-12
3393,848.250000,3,3.489831e-11,1.241550e-16,-1.202721e-20,3.305578e-12
3394,848.500000,3,3.489475e-11,1.655426e-16,-4.172299e-21,4.345635e-12
3395,848.750000,3,3.489142e-11,1.241589e-16,-3.190601e-20,3.703926e-12
3396,849.000000,3,3.488809e-11,1.655479e-16,-3.090347e-21,2.616574e-12
3397,849.250000,3,3.488498e-11,1.426846e-16,-4.678534e-21,2.952749e-12
3398,849.500000,3,3.488188e-11,1.426789e-16,1.113716e-20,5.444090e-12
3399,849.750000,3,3.487832e-11,1.222913e-16,-3.294495e-20,4.165113e-12
3400,850.000000,3,3.487521e-11,9.171480e-17,9.327289e-21,3.948397e-12
3401,850.250000,3,3.487233e-11,1.241707e-16,4.130278e-20,2.269518e-12
3402,850.500000,3,3.486877e-11,1.241727e-16,-2.226108e-20,3.490985e-12
3403,850.750000,3,3.486544e-11,1.241747e-16,-8.635766e-21,1.458833e-12
3404,851.000000,3,3.486234e-11,1.426446e-16,6.326277e-21,1.544986e-12
3405,851.250000,3,3.485923e-11,1.655715e-16,1.849576e-21,2.229550e-12
3406,851.500000,3,3.485656e-11,1.241806e-16,-4.086272e-21,1.812550e-12
3407,851.750000,3,3.485279e-11,1.120645e-16,-6.534727e-21,2.569278e-12
3408,852.000000,3,3.484923e-11,1.241845e-16,1.321504e-20,2.979617e-12
3409,852.250000,3,3.484613e-11,1.241865e-16,1.124304e-20,2.509326e-12
3410,852.500000,3,3.484280e-11,1.655846e-16,-1.225882e-20,5.537792e-12
3411,852.750000,3,3.483969e-11,1.241904e-16,-4.731473e-21,2.992717e-12
3412,853.000000,3,3.483613e-11,1.222277e-16,-8.559665e-21,3.692380e-12
3413,853.250000,3,3.483303e-11,1.222228e-16,-6.293190e-21,5.907053e-12
3414,853.500000,3,3.482992e-11,1.241963e-16,4.139543e-20,4.447998e-12
3415,853.750000,3,3.482681e-11,1.120286e-16,1.480984e-20,1.459277e-12
3416,854.000000,3,3.482370e-11,1.242002e-16,2.917962e-20,3.861578e-12
3417,854.250000,3,3.482015e-11,1.120197e-16,-2.000123e-20,2.313483e-12
3418,854.500000,3,3.481726e-11,1.656055e-16,6.369291e-21,5.293543e-12
3419,854.750000,3,3.481437e-11,1.656081e-16,3.689226e-21,5.613288e-12
3420,855.000000,3,3.481082e-11,1.425534e-16,-1.713918e-21,4.079181e-12
3421,855.250000,3,3.480749e-11,1.629116e-16,9.843449e-21,5.302203e-12
3422,855.500000,3,3.480416e-11,1.018157e-16,-3.080421e-21,4.203082e-12
3423,855.750000,3,3.480083e-11,1.656186e-16,5.363108e-20,1.421974e-12
3424,856.000000,3,3.479772e-11,1.242159e-16,-2.787268e-20,1.378897e-12
3425,856.250000,3,3.479372e-11,1.242179e-16,2.741938e-20,3.027800e-12
3426,856.500000,3,3.479106e-11,1.656264e-16,7.911155e-21,4.403367e-12
3427,856.750000,3,3.478795e-11,1.656291e-16,-1.237462e-21,2.402967e-12
3428,857.000000,3,3.478484e-11,1.656317e-16,1.458816e-20,3.659073e-12
3429,857.250000,3,3.478107e-11,1.242257e-16,2.967924e-21,3.402612e-12
3430,857.500000,3,3.477818e-11,1.656369e-16,-3.013584e-20,9.761081e-13
3431,857.750000,3,3.477507e-11,1.221348e-16,-7.874759e-21,2.932765e-12
3432,858.000000,3,3.477174e-11,1.656421e-16,1.346650e-21,3.429035e-12
3433,858.250000,3,3.476908e-11,1.424792e-16,3.697166e-20,3.058220e-12
3434,858.500000,3,3.476508e-11,1.221202e-16,-1.263932e-21,4.480194e-12
3435,858.750000,3,3.476197e-11,1.424678e-16,2.286658e-20,4.430234e-12
3436,859.000000,3,3.475864e-11,1.242394e-16,3.427836e-21,4.520606e-12
3437,859.250000,3,3.475553e-11,1.242414e-16,3.146595e-21,5.898615e-12
3438,859.500000,3,3.475287e-11,1.242434e-16,3.218725e-20,3.863576e-12
3439,859.750000,3,3.474931e-11,1.242453e-16,-2.556981e-20,2.300604e-12
3440,860.000000,3,3.474621e-11,1.424393e-16,3.103582e-21,2.130740e-12
3441,860.250000,3,3.474310e-11,1.242493e-16,5.184768e-21,4.504841e-12
3442,860.500000,3,3.473954e-11,1.242512e-16,8.917007e-21,3.882894e-12
3443,860.750000,3,3.473666e-11,1.656709e-16,3.590956e-20,3.326672e-12
3444,861.000000,3,3.473311e-11,1.656735e-16,6.342821e-21,2.275957e-12
3445,861.250000,3,3.473022e-11,1.627552e-16,-4.913453e-21,2.578160e-12
3446,861.500000,3,3.472689e-11,1.424051e-16,2.836237e-20,4.105383e-12
3447,861.750000,3,3.472356e-11,1.656814e-16,2.562936e-20,4.261258e-12
3448,862.000000,3,3.472067e-11,1.322227e-16,3.771944e-22,5.407896e-12
3449,862.250000,3,3.471734e-11,1.656866e-16,-1.145149e-20,2.980283e-12
3450,862.500000,3,3.471379e-11,1.242669e-16,1.656677e-20,5.206058e-12
3451,862.750000,3,3.471134e-11,1.656918e-16,-1.614657e-20,1.353806e-12
3452,863.000000,3,3.470713e-11,1.242708e-16,3.705769e-22,5.373701e-12
3453,863.250000,3,3.470446e-11,1.242728e-16,6.538036e-21,2.514655e-12
3454,863.500000,3,3.470135e-11,1.423595e-16,-1.323158e-20,2.519540e-12
3455,863.750000,3,3.469802e-11,1.242767e-16,2.316106e-21,4.068523e-12
3456,864.000000,3,3.469469e-11,1.657049e-16,-4.564052e-20,5.614398e-12
3457,864.250000,3,3.469158e-11,1.657075e-16,-1.627561e-20,2.832179e-12
3458,864.500000,3,3.468914e-11,1.657101e-16,-2.526540e-20,1.130429e-12
3459,864.750000,3,3.468470e-11,1.657127e-16,1.118017e-20,4.174883e-12
3460,865.000000,3,3.468248e-11,1.657153e-16,1.139855e-20,3.230749e-13
3461,865.250000,3,3.467915e-11,1.219883e-16,-1.999130e-20,1.823208e-12
3462,865.500000,3,3.467582e-11,1.657205e-16,7.990565e-21,2.948974e-12
3463,865.750000,3,3.467271e-11,1.657231e-16,6.756411e-21,3.911982e-12
3464,866.000000,3,3.466916e-11,1.242943e-16,9.419933e-21,2.461142e-12
3465,866.250000,3,3.466627e-11,1.016406e-16,-4.154432e-20,2.155831e-12
3466,866.500000,3,3.466272e-11,1.657310e-16,-9.337215e-21,2.619904e-12
3467,866.750000,3,3.465983e-11,1.657336e-16,1.201397e-20,2.325695e-12
3468,867.000000,3,3.465672e-11,1.243021e-16,1.418449e-20,2.265077e-12
3469,867.250000,3,3.465317e-11,1.422741e-16,2.818701e-20,3.637535e-12
3470,867.500000,3,3.465028e-11,1.657414e-16,-1.863472e-20,3.531619e-12
3471,867.750000,3,3.464740e-11,1.829092e-16,-7.265955e-21,4.221734e-12
3472,868.000000,3,3.464384e-11,1.657466e-16,-4.237812e-20,4.647838e-12
3473,868.250000,3,3.464096e-11,1.657492e-16,5.298588e-20,2.842837e-12
3474,868.500000,3,3.463807e-11,1.657518e-16,-3.751760e-20,1.919798e-12
3475,868.750000,3,3.463407e-11,1.657544e-16,6.303116e-21,3.952838e-12
3476,869.000000,3,3.463141e-11,1.657571e-16,-5.763795e-21,4.680478e-12
3477,869.250000,3,3.462808e-11,1.320694e-16,-1.105775e-20,3.186118e-12
3478,869.500000,3,3.462519e-11,1.243217e-16,5.618211e-21,2.668976e-12
3479,869.750000,3,3.462164e-11,1.657649e-16,-1.585209e-20,3.304912e-12
3480,870.000000,3,3.461831e-11,1.243256e-16,7.193163e-21,4.310774e-12
3481,870.250000,3,3.461564e-11,1.657701e-16,6.379217e-21,8.988366e-13
3482,870.500000,3,3.461276e-11,1.657727e-16,-1.662633e-20,3.374856e-12
3483,870.750000,3,3.460876e-11,1.421944e-16,6.948317e-22,2.881251e-12
3484,871.000000,3,3.460587e-11,1.243334e-16,-1.302313e-20,4.755529e-12
3485,871.250000,3,3.460254e-11,1.218712e-16,2.537790e-21,5.223155e-12
3486,871.500000,3,3.459988e-11,9.139974e-17,-4.000245e-21,3.504752e-12
3487,871.750000,3,3.459699e-11,1.657857e-16,-6.752772e-20,4.647394e-12
3488,872.000000,3,3.459344e-11,1.657883e-16,-3.296480e-20,5.321965e-12
3489,872.250000,3,3.458989e-11,9.138877e-17,2.111627e-20,3.070433e-12
3490,872.500000,3,3.458700e-11,1.657935e-16,-2.834913e-20,3.651746e-12
3491,872.750000,3,3.458434e-11,1.319954e-16,1.541203e-20,5.672351e-12
3492,873.000000,3,3.458100e-11,1.218371e-16,2.778003e-20,3.844924e-12
3493,873.250000,3,3.457745e-11,1.658014e-16,-1.750976e-20,3.451017e-12
3494,873.500000,3,3.457479e-11,1.658040e-16,-1.076327e-20,3.255174e-12
3495,873.750000,3,3.457168e-11,1.658066e-16,1.433008e-20,5.170753e-12
3496,874.000000,3,3.456835e-11,1.421205e-16,-2.342906e-20,1.603606e-12
3497,874.250000,3,3.456502e-11,1.658118e-16,-3.657462e-20,3.048894e-12
3498,874.500000,3,3.456146e-11,1.658144e-16,1.085592e-20,2.259748e-12
3499,874.750000,3,3.455836e-11,1.243627e-16,-3.450998e-21,-8.326673e-14
3500,875.000000,3,3.455614e-11,1.658196e-16,1.448228e-20,5.292433e-12
3501,875.250000,3,3.455236e-11,1.658222e-16,6.878834e-21,2.984724e-12
3502,875.500000,3,3.454947e-11,1.217883e-16,1.266910e-20,4.295675e-12
3503,875.750000,3,3.454637e-11,1.658274e-16,1.556423e-20,9.443557e-13
3504,876.000000,3,3.454304e-11,1.243725e-16,2.745578e-20,3.468781e-12
3505,876.250000,3,3.453993e-11,1.243745e-16,2.761791e-20,1.359579e-12
3506,876.500000,3,3.453704e-11,1.116215e-16,-2.534481e-21,3.922196e-12
3507,876.750000,3,3.453393e-11,1.319110e-16,-3.646543e-20,4.446887e-12
3508,877.000000,3,3.453127e-11,1.658404e-16,-1.179890e-20,2.069234e-12
3509,877.250000,3,3.452771e-11,1.243823e-16,2.279710e-21,3.622658e-12
3510,877.500000,3,3.452438e-11,1.243842e-16,2.748887e-20,3.582468e-12
3511,877.750000,3,3.452127e-11,1.217445e-16,2.614222e-20,2.631673e-12
3512,878.000000,3,3.451839e-11,1.658508e-16,1.084599e-20,3.121281e-12
3513,878.250000,3,3.451461e-11,1.014457e-16,6.954935e-21,1.578515e-12
3514,878.500000,3,3.451195e-11,1.658560e-16,1.986888e-20,1.950440e-12
3515,878.750000,3,3.450862e-11,1.658586e-16,-2.481542e-21,1.108003e-12
3516,879.000000,3,3.450551e-11,1.658612e-16,-1.304298e-20,2.120970e-12
3517,879.250000,3,3.450262e-11,1.622871e-16,-1.591495e-21,3.426814e-12
3518,879.500000,3,3.449885e-11,1.243998e-16,-3.325266e-21,5.128120e-12
3519,879.750000,3,3.449618e-11,1.244018e-16,1.569658e-20,4.648948e-12
3520,880.000000,3,3.449308e-11,1.244037e-16,-1.469073e-21,2.528422e-12
3521,880.250000,3,3.448997e-11,1.658742e-16,-5.232745e-20,9.454659e-13
3522,880.500000,3,3.448664e-11,1.115501e-16,1.727153e-20,3.098855e-12
3523,880.750000,3,3.448397e-11,1.244096e-16,3.049649e-20,4.122258e-12
3524,881.000000,3,3.448042e-11,1.658820e-16,-1.452529e-21,3.889777e-12
3525,881.250000,3,3.447753e-11,1.244135e-16,6.686928e-21,4.102496e-12
3526,881.500000,3,3.447465e-11,2.073590e-16,3.166447e-20,3.118172e-12
3527,881.750000,3,3.447109e-11,1.658898e-16,2.719108e-20,6.674883e-12
3528,882.000000,3,3.446865e-11,8.294622e-17,-7.950860e-21,5.569989e-12
3529,882.250000,3,3.446510e-11,1.658950e-16,2.901750e-20,3.115286e-12
3530,882.500000,3,3.446221e-11,1.658976e-16,3.096964e-21,2.161382e-12
3531,882.750000,3,3.445932e-11,1.244252e-16,2.896787e-20,6.434187e-12
3532,883.000000,3,3.445644e-11,1.244271e-16,3.540664e-20,4.114487e-12
3533,883.250000,3,3.445288e-11,1.659054e-16,1.055813e-20,2.141398e-12
3534,883.500000,3,3.444955e-11,1.621768e-16,1.511755e-20,3.016032e-12
3535,883.750000,3,3.444645e-11,1.621704e-16,3.517172e-21,3.496758e-12
3536,884.000000,3,3.444400e-11,1.659132e-16,-1.464110e-20,2.355893e-13
3537,884.250000,3,3.443956e-11,1.659158e-16,-3.176374e-21,2.960521e-12
3538,884.500000,3,3.443668e-11,1.244388e-16,1.528630e-20,4.807488e-12
3539,884.750000,3,3.443401e-11,1.013403e-16,1.114378e-20,4.107603e-12
3540,885.000000,3,3.443112e-11,1.013362e-16,6.726633e-21,2.434941e-12
3541,885.250000,3,3.442779e-11,1.659262e-16,-2.674771e-20,4.406253e-12
3542,885.500000,3,3.442491e-11,1.013281e-16,-1.376759e-20,3.764100e-12
3543,885.750000,3,3.442224e-11,1.244486e-16,-1.548482e-21,2.825296e-12
3544,886.000000,3,3.441891e-11,1.659340e-16,-4.255679e-20,2.096989e-12
3545,886.250000,3,3.441536e-11,1.244524e-16,-4.571331e-20,3.933742e-12
3546,886.500000,3,3.441225e-11,1.418367e-16,-2.612236e-20,3.165468e-12
3547,886.750000,3,3.440936e-11,1.418310e-16,-4.013480e-20,4.364287e-12
3548,887.000000,3,3.440603e-11,1.215646e-16,-6.358372e-20,2.908118e-12
3549,887.250000,3,3.440315e-11,1.215597e-16,-7.841672e-22,3.860468e-12
3550,887.500000,3,3.440048e-11,1.659496e-16,3.953262e-20,5.008438e-12
3551,887.750000,3,3.439715e-11,1.244641e-16,-3.098949e-20,4.910072e-12
3552,888.000000,3,3.439449e-11,1.659548e-16,-5.757177e-21,3.599121e-12
3553,888.250000,3,3.439093e-11,1.659574e-16,-2.491468e-21,1.766143e-12
3554,888.500000,3,3.438805e-11,1.012795e-16,1.704323e-20,4.623413e-12
3555,888.750000,3,3.438472e-11,1.215306e-16,-8.602678e-22,5.517364e-12
3556,889.000000,3,3.438161e-11,1.659651e-16,1.030998e-20,6.680434e-12
3557,889.250000,3,3.437872e-11,1.244758e-16,-2.205264e-20,4.324763e-12
3558,889.500000,3,3.437539e-11,1.659703e-16,7.715941e-21,2.777556e-12
3559,889.750000,3,3.437295e-11,1.417630e-16,2.146037e-20,2.758460e-12
3560,890.000000,3,3.436984e-11,1.244816e-16,-3.373243e-20,3.658407e-12
3561,890.250000,3,3.436651e-11,1.659781e-16,3.785178e-21,4.223066e-12
3562,890.500000,3,3.436296e-11,1.417460e-16,4.358911e-20,2.834177e-12
3563,890.750000,3,3.436051e-11,1.659833e-16,-2.203278e-20,2.346123e-12
3564,891.000000,3,3.435718e-11,1.417347e-16,-3.120125e-21,2.776224e-12
3565,891.250000,3,3.435408e-11,1.659885e-16,-1.376429e-20,1.957767e-12
3566,891.500000,3,3.435097e-11,1.244933e-16,4.114065e-20,3.117950e-12
3567,891.750000,3,3.434808e-11,1.244953e-16,-3.350081e-20,2.364331e-12
3568,892.000000,3,3.434497e-11,1.214675e-16,-8.042512e-20,2.879252e-12
3569,892.250000,3,3.434208e-11,1.244991e-16,1.202721e-20,4.864553e-12
3570,892.500000,3,3.433898e-11,1.245011e-16,1.226213e-20,2.649436e-12
3571,892.750000,3,3.433609e-11,1.245030e-16,8.162618e-21,2.463363e-12
3572,893.000000,3,3.433276e-11,1.245050e-16,-3.086707e-20,3.524292e-12
3573,893.250000,3,3.432965e-11,1.245069e-16,-7.368525e-21,7.013279e-12
3574,893.500000,3,3.432676e-11,1.245089e-16,-1.901854e-20,4.607648e-12
3575,893.750000,3,3.432388e-11,1.416724e-16,-7.874759e-22,2.362555e-12
3576,894.000000,3,3.432055e-11,1.660170e-16,-9.631691e-21,3.334000e-12
3577,894.250000,3,3.431744e-11,1.517798e-16,-2.077547e-20,5.389023e-12
3578,894.500000,3,3.431433e-11,1.245166e-16,8.738336e-21,3.618217e-12
3579,894.750000,3,3.431122e-11,1.245186e-16,-4.432034e-20,2.877920e-12
3580,895.000000,3,3.430856e-11,1.245205e-16,-3.504930e-20,1.678435e-12
3581,895.250000,3,3.430567e-11,1.660299e-16,9.059282e-21,3.973266e-12
3582,895.500000,3,3.430212e-11,1.245244e-16,8.725101e-21,3.378853e-12
3583,895.750000,3,3.429923e-11,1.112785e-16,1.351613e-20,5.409007e-13
3584,896.000000,3,3.429657e-11,1.315057e-16,1.741711e-20,3.338885e-12
3585,896.250000,3,3.429301e-11,1.416159e-16,-2.351840e-20,2.456702e-12
3586,896.500000,3,3.429035e-11,1.011501e-16,1.461794e-20,4.253264e-12
3587,896.750000,3,3.428746e-11,1.618338e-16,1.709617e-20,4.470202e-12
3588,897.000000,3,3.428369e-11,1.245361e-16,3.537355e-20,2.569056e-13
3589,897.250000,3,3.428102e-11,1.660507e-16,-1.897221e-20,5.658363e-12
3590,897.500000,3,3.427836e-11,1.660532e-16,3.828192e-21,4.726886e-12
3591,897.750000,3,3.427525e-11,1.245419e-16,1.981925e-20,4.750200e-12
3592,898.000000,3,3.427147e-11,1.245438e-16,2.316106e-22,4.031442e-12
3593,898.250000,3,3.426903e-11,1.415706e-16,3.639595e-23,2.707168e-12
3594,898.500000,3,3.426592e-11,1.245477e-16,-1.500837e-20,4.100276e-12
3595,898.750000,3,3.426348e-11,1.245496e-16,6.683619e-21,3.999912e-12
3596,899.000000,3,3.426015e-11,1.660688e-16,3.132698e-20,2.196243e-12
3597,899.250000,3,3.425682e-11,1.660714e-16,3.749775e-20,4.176881e-12
3598,899.500000,3,3.425371e-11,9.099152e-17,-2.970571e-20,5.697220e-12
3599,899.750000,3,3.425082e-11,1.660765e-16,-1.138862e-20,1.851630e-12
3600,900.000000,3,3.424772e-11,1.213123e-16,1.813842e-20,4.410472e-12
3601,900.250000,3,3.424527e-11,1.617433e-16,-1.964058e-20,2.894573e-12
3602,900.500000,3,3.424216e-11,1.660843e-16,-2.178463e-20,3.736567e-12
3603,900.750000,3,3.423950e-11,1.245652e-16,8.503417e-21,5.217826e-12
3604,901.000000,3,3.423706e-11,1.660895e-16,1.771490e-20,6.364020e-12
3605,901.250000,3,3.423439e-11,1.660921e-16,-1.617304e-20,2.398082e-12
3606,901.500000,3,3.423173e-11,1.660946e-16,2.499409e-20,3.682388e-12
3607,901.750000,3,3.422951e-11,1.245729e-16,-1.485616e-21,4.759304e-12
3608,902.000000,3,3.422618e-11,1.245749e-16,1.343341e-21,5.243583e-12
3609,902.250000,3,3.422396e-11,1.661024e-16,1.235477e-20,3.951062e-12
3610,902.500000,3,3.422107e-11,1.245787e-16,2.504703e-20,4.886092e-12
3611,902.750000,3,3.421818e-11,1.245807e-16,3.271996e-20,1.411316e-12
3612,903.000000,3,3.421530e-11,1.245826e-16,-1.280806e-20,2.527312e-12
3613,903.250000,3,3.421219e-11,1.661127e-16,-2.285335e-20,4.508838e-12
3614,903.500000,3,3.420952e-11,1.245865e-16,-4.035318e-20,4.764411e-12
3615,903.750000,3,3.420708e-11,1.212380e-16,1.654361e-23,4.052536e-12
3616,904.000000,3,3.420420e-11,1.661205e-16,4.929996e-22,4.000800e-12
3617,904.250000,3,3.420175e-11,1.245923e-16,7.431391e-21,4.727774e-12
3618,904.500000,3,3.419931e-11,1.414267e-16,3.481438e-20,1.516343e-12
3619,904.750000,3,3.419598e-11,1.661282e-16,-2.217175e-20,2.970735e-12
3620,905.000000,3,3.419354e-11,1.661308e-16,-3.897675e-21,4.774403e-12
3621,905.250000,3,3.419043e-11,1.414091e-16,4.536258e-21,3.228529e-12
3622,905.500000,3,3.418799e-11,1.246020e-16,-5.263847e-20,4.195533e-12
3623,905.750000,3,3.418554e-11,1.661386e-16,-1.558408e-21,3.263390e-12
3624,906.000000,3,3.418221e-11,1.661412e-16,1.295034e-20,3.520073e-12
3625,906.250000,3,3.417955e-11,1.661437e-16,1.174927e-20,2.795097e-12
3626,906.500000,3,3.417688e-11,1.246097e-16,5.009406e-21,3.182565e-12
3627,906.750000,3,3.417422e-11,1.413737e-16,-4.109433e-21,3.388401e-12
3628,907.000000,3,3.417133e-11,1.246136e-16,-7.170002e-21,3.667955e-12
3629,907.250000,3,3.416867e-11,1.246155e-16,2.317098e-20,2.239764e-12
3630,907.500000,3,3.416578e-11,1.246175e-16,3.143948e-20,4.158007e-12
3631,907.750000,3,3.416289e-11,1.661592e-16,-2.526871e-20,3.177902e-12
3632,908.000000,3,3.416045e-11,1.661618e-16,-7.682854e-21,1.147527e-12
3633,908.250000,3,3.415779e-11,1.246233e-16,-1.203051e-20,5.327294e-12
3634,908.500000,3,3.415490e-11,1.246252e-16,3.513201e-20,1.391776e-12
3635,908.750000,3,3.415224e-11,1.661696e-16,1.854208e-20,2.595923e-12
3636,909.000000,3,3.414957e-11,1.661721e-16,1.654361e-20,3.111289e-12
3637,909.250000,3,3.414624e-11,1.661747e-16,-7.355290e-21,3.756551e-12
3638,909.500000,3,3.414424e-11,1.614953e-16,-2.736313e-21,3.712586e-13
3639,909.750000,3,3.414136e-11,1.661799e-16,-2.954689e-21,4.905854e-12
3640,910.000000,3,3.413780e-11,1.246368e-16,-2.167875e-20,3.889999e-12
3641,910.250000,3,3.413492e-11,1.661850e-16,-8.185779e-21,1.996403e-12
3642,910.500000,3,3.413292e-11,1.246407e-16,-2.114274e-21,3.011813e-12
3643,910.750000,3,3.412959e-11,1.412785e-16,-2.918293e-21,2.395639e-12
3644,911.000000,3,3.412670e-11,1.246446e-16,1.656346e-20,5.277556e-12
3645,911.250000,3,3.412404e-11,1.246465e-16,-1.938250e-20,8.526513e-13
3646,911.500000,3,3.412137e-11,1.246484e-16,4.202078e-22,5.471401e-12
3647,911.750000,3,3.411893e-11,1.662005e-16,-5.234730e-20,4.970468e-12
3648,912.000000,3,3.411604e-11,1.662031e-16,5.485862e-21,2.783551e-12
3649,912.250000,3,3.411271e-11,1.412426e-16,-3.310046e-20,3.296918e-12
3650,912.500000,3,3.411027e-11,1.246562e-16,-4.321192e-21,1.792122e-12
3651,912.750000,3,3.410716e-11,1.412306e-16,-1.065740e-20,1.960432e-12
3652,913.000000,3,3.410494e-11,1.311371e-16,1.566018e-20,3.645972e-12
3653,913.250000,3,3.410183e-11,1.662160e-16,1.142833e-20,3.208989e-12
3654,913.500000,3,3.409939e-11,1.412125e-16,9.783892e-21,4.520828e-12
3655,913.750000,3,3.409650e-11,1.613789e-16,-3.303759e-20,5.496492e-12
3656,914.000000,3,3.409362e-11,1.246678e-16,-2.559959e-20,2.423173e-12
3657,914.250000,3,3.409073e-11,1.109385e-16,2.534812e-20,4.252820e-12
3658,914.500000,3,3.408807e-11,1.210187e-16,-4.229871e-20,3.576472e-12
3659,914.750000,3,3.408562e-11,1.662314e-16,2.888515e-21,5.033529e-12
3660,915.000000,3,3.408229e-11,1.662340e-16,-3.156521e-21,3.050893e-12
3661,915.250000,3,3.408029e-11,1.246774e-16,-4.711621e-21,3.153255e-12
3662,915.500000,3,3.407674e-11,1.662392e-16,-4.496554e-21,6.972201e-14
3663,915.750000,3,3.407430e-11,1.109101e-16,-2.110965e-21,2.174927e-12
3664,916.000000,3,3.407141e-11,1.246832e-16,-2.270114e-20,1.262990e-12
3665,916.250000,3,3.406830e-11,1.246852e-16,-1.210992e-20,2.555067e-12
3666,916.500000,3,3.406586e-11,1.662495e-16,7.107136e-21,2.848610e-12
3667,916.750000,3,3.406320e-11,1.310531e-16,-1.237462e-21,1.842748e-12
3668,917.000000,3,3.406053e-11,1.662546e-16,2.894470e-20,1.938227e-12
3669,917.250000,3,3.405742e-11,1.662572e-16,7.259337e-21,2.814415e-12
3670,917.500000,3,3.405476e-11,1.662598e-16,-1.822444e-20,3.786527e-12
3671,917.750000,3,3.405209e-11,1.662624e-16,1.200405e-20,3.734124e-12
3672,918.000000,3,3.404899e-11,1.662649e-16,1.830716e-20,4.028555e-12
3673,918.250000,3,3.404654e-11,1.662675e-16,4.529641e-21,3.086642e-12
3674,918.500000,3,3.404388e-11,1.662701e-16,-2.789253e-20,2.660538e-12
3675,918.750000,3,3.404055e-11,1.662727e-16,4.000245e-21,5.226264e-12
3676,919.000000,3,3.403811e-11,1.662752e-16,1.975307e-20,4.472867e-12
3677,919.250000,3,3.403522e-11,1.410735e-16,-2.018982e-20,4.446665e-12
3678,919.500000,3,3.403211e-11,1.662804e-16,-2.285996e-20,2.918998e-12
3679,919.750000,3,3.403011e-11,1.662829e-16,2.594038e-20,5.347056e-12
3680,920.000000,3,3.402678e-11,1.662854e-16,2.206587e-20,3.953060e-12
3681,920.250000,3,3.402389e-11,1.247159e-16,-7.133606e-21,2.549072e-12
3682,920.500000,3,3.402145e-11,1.662904e-16,2.165559e-20,4.809042e-12
3683,920.750000,3,3.401879e-11,1.247197e-16,7.937625e-21,2.955636e-12
3684,921.000000,3,3.401546e-11,1.611782e-16,9.284275e-21,4.531486e-12
3685,921.250000,3,3.401324e-11,1.662980e-16,-3.325266e-21,4.264589e-12
3686,921.500000,3,3.401079e-11,1.247254e-16,5.939157e-21,3.386624e-12
3687,921.750000,3,3.400702e-11,1.309403e-16,-1.738403e-20,3.718581e-12
3688,922.000000,3,3.400458e-11,1.247291e-16,2.106994e-20,3.286926e-12
3689,922.250000,3,3.400191e-11,1.663080e-16,-2.948072e-21,2.301270e-12
3690,922.500000,3,3.399880e-11,1.663105e-16,-8.463712e-21,4.705347e-12
3691,922.750000,3,3.399703e-11,1.663130e-16,2.544738e-20,3.300915e-12
3692,923.000000,3,3.399347e-11,1.611225e-16,-2.826972e-20,4.059864e-12
3693,923.250000,3,3.399170e-11,1.663181e-16,3.294826e-20,4.120482e-12
3694,923.500000,3,3.398815e-11,1.409699e-16,1.231837e-20,4.218847e-12
3695,923.750000,3,3.398570e-11,1.208261e-16,-8.255263e-21,1.763256e-12
3696,924.000000,3,3.398282e-11,1.663256e-16,2.241659e-20,2.669198e-12
3697,924.250000,3,3.398015e-11,1.663281e-16,4.163696e-20,6.457279e-12
3698,924.500000,3,3.397749e-11,1.247480e-16,5.199988e-20,3.938183e-12
3699,924.750000,3,3.397504e-11,1.409394e-16,-3.249165e-21,7.199574e-12
3700,925.000000,3,3.397171e-11,1.811999e-16,-1.027358e-20,5.805800e-12
3701,925.250000,3,3.396905e-11,1.247536e-16,-1.224889e-20,3.175460e-12
3702,925.500000,3,3.396594e-11,1.247555e-16,4.665299e-21,5.043965e-12
3703,925.750000,3,3.396350e-11,1.247574e-16,1.006513e-20,1.775913e-12
3704,926.000000,3,3.396061e-11,1.663457e-16,4.241782e-21,5.374368e-12
3705,926.250000,3,3.395795e-11,1.663482e-16,2.301216e-20,5.364820e-12
3706,926.500000,3,3.395573e-11,1.408965e-16,-4.590852e-20,2.105427e-12
3707,926.750000,3,3.395262e-11,1.247649e-16,-1.020410e-20,3.819611e-12
3708,927.000000,3,3.394995e-11,1.006316e-16,-4.000245e-21,1.917577e-12
3709,927.250000,3,3.394707e-11,1.247687e-16,1.906817e-20,3.579137e-12
3710,927.500000,3,3.394462e-11,1.663608e-16,-2.955682e-20,4.083844e-12
3711,927.750000,3,3.394174e-11,1.408658e-16,2.138427e-20,1.985523e-12
3712,928.000000,3,3.393885e-11,1.307982e-16,-7.239485e-21,2.713385e-12
3713,928.250000,3,3.393619e-11,1.207316e-16,-1.158715e-20,3.892886e-12
3714,928.500000,3,3.393352e-11,1.663708e-16,-1.328452e-20,2.873479e-12
3715,928.750000,3,3.393041e-11,1.663733e-16,-3.636286e-21,3.667955e-12
3716,929.000000,3,3.392753e-11,1.663758e-16,8.238719e-22,4.593659e-12
3717,929.250000,3,3.392486e-11,1.005921e-16,3.062553e-20,3.859357e-12
3718,929.500000,3,3.392220e-11,1.247856e-16,2.640691e-20,3.516742e-12
3719,929.750000,3,3.391931e-11,1.247875e-16,-3.171741e-20,4.040102e-12
3720,930.000000,3,3.391687e-11,1.663859e-16,1.646089e-20,1.910694e-12
3721,930.250000,3,3.391398e-11,1.663884e-16,2.038173e-21,4.777734e-12
3722,930.500000,3,3.391154e-11,1.663909e-16,-4.863822e-22,3.122613e-12
3723,930.750000,3,3.390843e-11,1.206788e-16,2.182433e-20,3.149037e-12
3724,931.000000,3,3.390599e-11,1.663959e-16,-1.002212e-20,5.063505e-12
3725,931.250000,3,3.390266e-11,1.247988e-16,1.776784e-20,3.816503e-12
3726,931.500000,3,3.390022e-11,1.664009e-16,1.682485e-20,-2.347011e-13
3727,931.750000,3,3.389733e-11,1.206576e-16,1.141840e-20,4.818146e-12
3728,932.000000,3,3.389489e-11,1.248044e-16,7.735793e-21,4.432232e-12
3729,932.250000,3,3.389200e-11,1.664084e-16,1.621274e-21,1.814326e-12
3730,932.500000,3,3.388934e-11,1.664109e-16,2.187066e-21,1.878941e-12
3731,932.750000,3,3.388667e-11,1.248101e-16,1.839319e-20,-3.037570e-13
3732,933.000000,3,3.388356e-11,1.248120e-16,-2.262835e-20,2.826628e-12
3733,933.250000,3,3.388068e-11,1.407302e-16,-8.033578e-21,1.279865e-12
3734,933.500000,3,3.387823e-11,1.248157e-16,-1.734763e-20,4.127365e-12
3735,933.750000,3,3.387557e-11,1.248176e-16,-1.656016e-20,3.491651e-12
3736,934.000000,3,3.387290e-11,1.248195e-16,2.076885e-20,4.298784e-12
3737,934.250000,3,3.387068e-11,1.407054e-16,1.745351e-20,4.394263e-12
3738,934.500000,3,3.386758e-11,1.664310e-16,2.028909e-20,3.683720e-12
3739,934.750000,3,3.386469e-11,1.664335e-16,-2.415367e-22,2.847722e-12
3740,935.000000,3,3.386158e-11,1.406869e-16,8.602678e-22,4.193090e-12
3741,935.250000,3,3.385936e-11,1.248289e-16,-2.635067e-20,3.598455e-12
3742,935.500000,3,3.385670e-11,1.248308e-16,1.302644e-20,5.938805e-12
3743,935.750000,3,3.385381e-11,1.406683e-16,-2.258203e-20,4.951373e-12
3744,936.000000,3,3.385092e-11,1.248345e-16,4.625594e-21,5.241363e-12
3745,936.250000,3,3.384826e-11,1.406559e-16,6.521492e-21,3.123946e-12
3746,936.500000,3,3.384559e-11,1.248383e-16,-1.904832e-20,5.382583e-12
3747,936.750000,3,3.384271e-11,1.607354e-16,-5.514979e-20,4.831691e-12
3748,937.000000,3,3.383982e-11,1.664560e-16,-2.588414e-20,3.582690e-12
3749,937.250000,3,3.383738e-11,1.664585e-16,-1.813180e-21,5.691447e-12
3750,937.500000,3,3.383493e-11,1.664610e-16,-3.024172e-20,2.204903e-12
3751,937.750000,3,3.383249e-11,1.664636e-16,6.925156e-21,2.053469e-12
3752,938.000000,3,3.382916e-11,1.248495e-16,-2.570877e-21,4.454659e-12
3753,938.250000,3,3.382650e-11,1.248514e-16,-3.634962e-20,1.648903e-12
3754,938.500000,3,3.382428e-11,1.248533e-16,1.800276e-20,2.967182e-12
3755,938.750000,3,3.382139e-11,1.104666e-16,4.245091e-21,6.763479e-13
3756,939.000000,3,3.381850e-11,1.248571e-16,-6.253485e-21,3.139933e-12
3757,939.250000,3,3.381651e-11,1.664786e-16,5.001796e-20,4.242162e-12
3758,939.500000,3,3.381340e-11,1.004108e-16,-9.783892e-21,3.883116e-12
3759,939.750000,3,3.380984e-11,1.248627e-16,-3.550259e-21,2.264633e-12
3760,940.000000,3,3.380807e-11,1.204823e-16,1.797629e-20,5.419665e-12
3761,940.250000,3,3.380540e-11,1.664886e-16,2.768739e-20,3.949507e-12
3762,940.500000,3,3.380207e-11,1.104324e-16,-3.271334e-20,4.153122e-12
3763,940.750000,3,3.379963e-11,1.664936e-16,-4.241451e-20,4.376499e-12
3764,941.000000,3,3.379652e-11,1.204610e-16,-3.335523e-20,5.158318e-12
3765,941.250000,3,3.379430e-11,1.664986e-16,-2.285996e-20,4.240830e-12
3766,941.500000,3,3.379119e-11,1.405254e-16,-1.067725e-20,6.440848e-12
3767,941.750000,3,3.378853e-11,1.248777e-16,-2.253240e-20,3.206102e-12
3768,942.000000,3,3.378586e-11,1.248796e-16,7.739102e-21,5.127454e-12
3769,942.250000,3,3.378298e-11,1.605790e-16,5.661224e-21,3.514078e-12
3770,942.500000,3,3.378053e-11,1.248833e-16,1.281137e-20,4.770850e-12
3771,942.750000,3,3.377765e-11,9.031770e-17,7.739102e-21,3.829825e-12
3772,943.000000,3,3.377520e-11,1.248871e-16,1.722521e-20,5.581091e-12
3773,943.250000,3,3.377232e-11,1.665186e-16,1.799945e-20,3.262279e-12
3774,943.500000,3,3.376988e-11,1.103736e-16,-1.356245e-20,3.908429e-12
3775,943.750000,3,3.376699e-11,1.665236e-16,-8.258571e-21,5.395684e-12
3776,944.000000,3,3.376455e-11,1.665261e-16,1.096180e-20,5.244694e-12
3777,944.250000,3,3.376188e-11,1.248965e-16,-1.575945e-20,5.833334e-12
3778,944.500000,3,3.375966e-11,1.248983e-16,-7.398303e-21,-7.518430e-13
3779,944.750000,3,3.375655e-11,1.249002e-16,-3.805031e-21,3.951284e-12
3780,945.000000,3,3.375367e-11,1.404380e-16,-6.011949e-21,2.422951e-12
3781,945.250000,3,3.375078e-11,1.203701e-16,1.892258e-20,1.526335e-12
3782,945.500000,3,3.374812e-11,1.665411e-16,-3.559854e-20,3.940404e-12
3783,945.750000,3,3.374567e-11,1.404193e-16,2.498085e-21,4.482414e-12
3784,946.000000,3,3.374279e-11,1.665461e-16,-3.075127e-20,3.915979e-12
3785,946.250000,3,3.374079e-11,1.404068e-16,1.466426e-20,3.370193e-12
3786,946.500000,3,3.373790e-11,1.249133e-16,-2.696609e-21,9.181544e-13
3787,946.750000,3,3.373457e-11,1.203379e-16,-1.813180e-20,2.925216e-12
3788,947.000000,3,3.373213e-11,1.403880e-16,1.135554e-20,3.567147e-12
3789,947.250000,3,3.372969e-11,1.249189e-16,-4.151785e-20,2.404299e-12
3790,947.500000,3,3.372680e-11,1.504023e-16,-2.224454e-20,4.187539e-12
3791,947.750000,3,3.372347e-11,1.665636e-16,5.770412e-21,5.232703e-12
3792,948.000000,3,3.372147e-11,1.249246e-16,5.416379e-20,3.786527e-12
3793,948.250000,3,3.371881e-11,1.665686e-16,-5.526890e-20,4.540368e-12
3794,948.500000,3,3.371614e-11,1.665711e-16,7.692780e-21,6.231460e-12
3795,948.750000,3,3.371281e-11,1.303196e-16,1.557747e-20,2.048584e-12
3796,949.000000,3,3.371081e-11,1.665761e-16,9.466255e-21,3.674394e-12
3797,949.250000,3,3.370793e-11,1.002369e-16,-1.634509e-21,2.988942e-12
3798,949.500000,3,3.370526e-11,1.249358e-16,1.026697e-20,5.306866e-12
3799,949.750000,3,3.370237e-11,1.665836e-16,1.806232e-20,3.941514e-12
3800,950.000000,3,3.369949e-11,1.665861e-16,1.058129e-20,4.590106e-12
3801,950.250000,3,3.369682e-11,1.665886e-16,-1.683478e-20,4.827472e-12
3802,950.500000,3,3.369460e-11,1.249433e-16,3.019540e-20,2.850831e-12
3803,950.750000,3,3.369194e-11,1.002100e-16,-7.729176e-21,3.121725e-12
3804,951.000000,3,3.368950e-11,1.665961e-16,-2.043467e-20,5.411449e-12
3805,951.250000,3,3.368616e-11,1.249489e-16,1.467749e-20,4.178213e-12
3806,951.500000,3,3.368417e-11,1.249508e-16,6.021875e-22,2.980949e-12
3807,951.750000,3,3.368128e-11,1.666035e-16,2.259196e-20,5.119238e-12
3808,952.000000,3,3.367906e-11,1.402626e-16,1.548151e-20,1.624256e-12
3809,952.250000,3,3.367595e-11,1.402563e-16,3.861279e-21,4.310552e-12
3810,952.500000,3,3.367306e-11,1.249583e-16,2.495438e-20,9.572343e-13
3811,952.750000,3,3.367062e-11,1.666135e-16,-2.516614e-20,7.269740e-13
3812,953.000000,3,3.366796e-11,1.249620e-16,1.878362e-20,3.059331e-12
3813,953.250000,3,3.366529e-11,1.666185e-16,4.360896e-21,3.712586e-12
3814,953.500000,3,3.366241e-11,1.249658e-16,-2.428602e-21,3.726353e-12
3815,953.750000,3,3.366019e-11,1.249676e-16,5.076904e-20,3.334666e-12
3816,954.000000,3,3.365686e-11,1.201820e-16,7.081659e-20,1.541878e-12
3817,954.250000,3,3.365486e-11,1.301913e-16,1.015447e-20,3.052225e-12
3818,954.500000,3,3.365219e-11,1.101569e-16,-4.156417e-20,2.501555e-12
3819,954.750000,3,3.364931e-11,1.666335e-16,-4.820809e-20,4.308554e-12
3820,955.000000,3,3.364664e-11,1.249770e-16,-1.035961e-20,1.493028e-12
3821,955.250000,3,3.364375e-11,1.249788e-16,1.654361e-21,2.435385e-12
3822,955.500000,3,3.364131e-11,1.401745e-16,9.595295e-23,3.270273e-12
3823,955.750000,3,3.363865e-11,1.666434e-16,7.709323e-22,3.949285e-12
3824,956.000000,3,3.363598e-11,1.401619e-16,1.502822e-20,4.573231e-12
3825,956.250000,3,3.363354e-11,1.301445e-16,9.955946e-21,4.685585e-12
3826,956.500000,3,3.363021e-11,1.666509e-16,1.938911e-21,3.282263e-12
3827,956.750000,3,3.362821e-11,1.401430e-16,7.838363e-21,2.413181e-12
3828,957.000000,3,3.362532e-11,1.666559e-16,5.667842e-21,2.652989e-12
3829,957.250000,3,3.362244e-11,1.401304e-16,1.749983e-20,3.948841e-12
3830,957.500000,3,3.362000e-11,1.301153e-16,1.221911e-20,5.028422e-12
3831,957.750000,3,3.361755e-11,1.666634e-16,2.318422e-20,4.644729e-12
3832,958.000000,3,3.361467e-11,1.200956e-16,9.347141e-21,2.753353e-12
3833,958.250000,3,3.361222e-11,1.666684e-16,-1.229852e-20,5.548006e-12
3834,958.500000,3,3.360934e-11,1.250031e-16,1.167317e-20,5.862422e-12
3835,958.750000,3,3.360712e-11,1.666734e-16,2.673448e-20,3.262723e-12
3836,959.000000,3,3.360467e-11,1.250069e-16,8.864067e-21,4.504841e-12
3837,959.250000,3,3.360179e-11,1.400800e-16,-5.700929e-21,4.553247e-12
3838,959.500000,3,3.359912e-11,1.300684e-16,5.167894e-20,3.913758e-12
3839,959.750000,3,3.359646e-11,1.250125e-16,1.664618e-20,5.377920e-13
3840,960.000000,3,3.359379e-11,1.300567e-16,1.414148e-20,5.240253e-13
3841,960.250000,3,3.359069e-11,1.250162e-16,4.670262e-20,2.177813e-12
3842,960.500000,3,3.358758e-11,1.100381e-16,5.337962e-20,3.802736e-12
3843,960.750000,3,3.358491e-11,1.666933e-16,3.378536e-20,3.483880e-12
3844,961.000000,3,3.358225e-11,1.666958e-16,-5.839895e-21,2.517542e-12
3845,961.250000,3,3.357914e-11,1.800386e-16,3.153543e-20,6.814549e-12
3846,961.500000,3,3.357647e-11,1.400239e-16,-2.543746e-20,1.970868e-12
3847,961.750000,3,3.357359e-11,1.667032e-16,-2.361766e-20,3.521627e-12
3848,962.000000,3,3.357070e-11,1.667057e-16,-2.571539e-20,4.019451e-12
3849,962.250000,3,3.356782e-11,1.250312e-16,-1.236800e-20,2.562395e-12
3850,962.500000,3,3.356493e-11,1.667107e-16,-5.483215e-20,1.845191e-12
3851,962.750000,3,3.356138e-11,1.250349e-16,1.697705e-20,4.246381e-12
3852,963.000000,3,3.355893e-11,1.250368e-16,-3.382838e-20,1.973532e-12
3853,963.250000,3,3.355627e-11,1.667182e-16,1.134892e-20,3.150813e-12
3854,963.500000,3,3.355338e-11,1.250405e-16,1.156068e-20,5.499601e-12
3855,963.750000,3,3.355027e-11,1.667231e-16,6.011949e-21,5.225154e-12
3856,964.000000,3,3.354761e-11,1.250442e-16,-1.459808e-20,2.628564e-12
3857,964.250000,3,3.354472e-11,1.667281e-16,-1.093533e-20,2.705391e-12
3858,964.500000,3,3.354206e-11,1.250480e-16,2.142729e-20,4.402256e-12
3859,964.750000,3,3.353895e-11,8.996499e-17,-1.187831e-20,5.305978e-12
3860,965.000000,3,3.353584e-11,1.667356e-16,1.296027e-20,3.840039e-12
3861,965.250000,3,3.353362e-11,1.667381e-16,5.823352e-21,7.820411e-13
3862,965.500000,3,3.353029e-11,1.667406e-16,-5.466009e-21,4.725109e-12
3863,965.750000,3,3.352763e-11,1.667430e-16,3.278282e-20,3.546052e-12
3864,966.000000,3,3.352496e-11,1.667455e-16,-1.536902e-20,3.202327e-12
3865,966.250000,3,3.352207e-11,9.993564e-17,6.779572e-21,3.843592e-12
3866,966.500000,3,3.351919e-11,1.250629e-16,1.430692e-20,3.094858e-12
3867,966.750000,3,3.351630e-11,1.250647e-16,1.120664e-20,5.213607e-12
3868,967.000000,3,3.351386e-11,1.798614e-16,1.991520e-20,2.557510e-12
3869,967.250000,3,3.351053e-11,1.250685e-16,2.302871e-21,4.813483e-12
3870,967.500000,3,3.350786e-11,1.198975e-16,2.087804e-21,6.528111e-14
3871,967.750000,3,3.350520e-11,1.398745e-16,-1.522674e-20,-4.978240e-13
3872,968.000000,3,3.350231e-11,1.098968e-16,-6.849055e-21,6.028067e-12
3873,968.250000,3,3.349987e-11,1.250759e-16,-7.057505e-21,4.044765e-12
3874,968.500000,3,3.349676e-11,1.098876e-16,-2.321400e-20,4.531930e-12
3875,968.750000,3,3.349387e-11,1.398511e-16,-1.338709e-20,3.487877e-12
3876,969.000000,3,3.349121e-11,1.250815e-16,-1.863472e-20,2.087663e-12
3877,969.250000,3,3.348877e-11,8.338892e-17,2.696278e-20,2.676970e-12
3878,969.500000,3,3.348544e-11,1.667803e-16,5.793573e-21,5.393463e-12
3879,969.750000,3,3.348277e-11,1.198523e-16,1.826415e-20,4.613643e-12
3880,970.000000,3,3.348033e-11,1.250890e-16,1.148127e-21,2.915002e-12
3881,970.250000,3,3.347700e-11,1.667878e-16,-5.231090e-21,4.182876e-12
3882,970.500000,3,3.347433e-11,1.398103e-16,4.691768e-21,3.777867e-12
3883,970.750000,3,3.347211e-11,1.250946e-16,4.076346e-21,3.521627e-12
3884,971.000000,3,3.346901e-11,1.250964e-16,-8.592752e-21,5.717204e-12
3885,971.250000,3,3.346590e-11,1.667977e-16,-9.360376e-21,3.923528e-12
3886,971.500000,3,3.346345e-11,1.251002e-16,1.191140e-22,1.929568e-12
3887,971.750000,3,3.346101e-11,1.251020e-16,-1.262278e-20,1.834977e-12
3888,972.000000,3,3.345835e-11,1.251039e-16,1.118348e-21,2.754241e-12
3889,972.250000,3,3.345546e-11,1.668076e-16,3.793119e-20,4.121592e-12
3890,972.500000,3,3.345257e-11,1.668101e-16,-1.378745e-20,3.984368e-12
3891,972.750000,3,3.344969e-11,9.982724e-17,1.927000e-20,6.148859e-12
3892,973.000000,3,3.344747e-11,1.297701e-16,-6.415613e-21,3.248068e-12
3893,973.250000,3,3.344436e-11,1.297647e-16,2.977850e-22,2.228884e-12
3894,973.500000,3,3.344192e-11,1.251150e-16,-1.395288e-20,4.441780e-12
3895,973.750000,3,3.343881e-11,1.251169e-16,1.144487e-20,4.979128e-12
3896,974.000000,3,3.343659e-11,9.980668e-17,2.817046e-20,3.720579e-12
3897,974.250000,3,3.343348e-11,1.668275e-16,-1.184523e-20,7.110756e-12
3898,974.500000,3,3.343081e-11,1.251225e-16,2.213866e-20,3.046452e-12
3899,974.750000,3,3.342771e-11,1.297327e-16,-6.422230e-21,3.746337e-12
3900,975.000000,3,3.342526e-11,1.251262e-16,1.497859e-20,3.342215e-12
3901,975.250000,3,3.342282e-11,1.097648e-16,6.088049e-21,5.242917e-12
3902,975.500000,3,3.341993e-11,1.668399e-16,7.663001e-21,3.788969e-12
3903,975.750000,3,3.341682e-11,1.668424e-16,-3.768304e-20,2.273737e-12
3904,976.000000,3,3.341416e-11,1.251337e-16,-3.027481e-21,1.394440e-12
3905,976.250000,3,3.341172e-11,1.197238e-16,-4.291413e-21,4.275247e-12
3906,976.500000,3,3.340905e-11,1.795784e-16,-2.186735e-20,3.126832e-12
3907,976.750000,3,3.340617e-11,1.396664e-16,1.885310e-20,2.186251e-12
3908,977.000000,3,3.340372e-11,1.596122e-16,-6.935082e-21,4.579448e-12
3909,977.250000,3,3.340084e-11,1.251430e-16,-1.076327e-20,3.377298e-12
3910,977.500000,3,3.339795e-11,1.251448e-16,-1.084268e-20,2.982059e-12
3911,977.750000,3,3.339506e-11,1.668622e-16,-1.322165e-20,4.292566e-12
3912,978.000000,3,3.339284e-11,8.343236e-17,2.438528e-20,4.534151e-12
3913,978.250000,3,3.339040e-11,1.668672e-16,1.415802e-20,3.220535e-12
3914,978.500000,3,3.338729e-11,1.396266e-16,1.769505e-20,3.232969e-12
3915,978.750000,3,3.338441e-11,1.668722e-16,3.007629e-20,2.096545e-12
3916,979.000000,3,3.338108e-11,1.251560e-16,-6.104593e-21,2.728928e-12
3917,979.250000,3,3.337886e-11,1.668771e-16,-1.497197e-20,1.907363e-12
3918,979.500000,3,3.337641e-11,1.251597e-16,-1.382053e-20,3.229417e-12
3919,979.750000,3,3.337353e-11,1.251615e-16,5.863056e-21,8.357759e-13
3920,980.000000,3,3.337131e-11,1.251634e-16,2.878589e-21,2.994938e-12
3921,980.250000,3,3.336820e-11,1.251653e-16,-4.145829e-21,6.256773e-12
3922,980.500000,3,3.336531e-11,1.251671e-16,1.824099e-20,4.064304e-12
3923,980.750000,3,3.336287e-11,1.794544e-16,3.245857e-21,4.077183e-12
3924,981.000000,3,3.336043e-11,1.668945e-16,4.611036e-20,4.806822e-12
3925,981.250000,3,3.335709e-11,1.668969e-16,-2.837560e-20,4.250822e-12
3926,981.500000,3,3.335487e-11,1.251746e-16,1.204044e-20,3.328893e-12
3927,981.750000,3,3.335221e-11,1.395531e-16,2.530842e-20,3.752554e-12
3928,982.000000,3,3.334977e-11,1.794182e-16,-1.295696e-20,1.465938e-12
3929,982.250000,3,3.334710e-11,1.669068e-16,-1.178898e-20,2.647660e-12
3930,982.500000,3,3.334399e-11,1.251820e-16,-7.775498e-22,4.196643e-12
3931,982.750000,3,3.334089e-11,1.669118e-16,1.751307e-20,5.780709e-12
3932,983.000000,3,3.333867e-11,1.295589e-16,-4.079324e-20,1.197709e-12
3933,983.250000,3,3.333578e-11,1.669167e-16,-4.049876e-21,1.818545e-12
3934,983.500000,3,3.333289e-11,1.669192e-16,-1.122980e-20,5.026202e-12
3935,983.750000,3,3.333045e-11,1.669217e-16,-1.497528e-20,3.274714e-12
3936,984.000000,3,3.332778e-11,1.251931e-16,3.669373e-21,2.910117e-12
3937,984.250000,3,3.332556e-11,1.195688e-16,5.909378e-21,2.534861e-12
3938,984.500000,3,3.332268e-11,1.669291e-16,2.666169e-20,3.176570e-12
3939,984.750000,3,3.331957e-11,1.251987e-16,-1.953801e-20,2.521983e-12
3940,985.000000,3,3.331757e-11,1.252006e-16,8.837598e-21,2.213341e-12
3941,985.250000,3,3.331491e-11,1.295121e-16,-7.209706e-21,2.045031e-12
3942,985.500000,3,3.331224e-11,9.962072e-17,-3.560185e-21,4.143352e-12
3943,985.750000,3,3.330936e-11,1.252061e-16,-2.009387e-20,6.529888e-12
3944,986.000000,3,3.330713e-11,1.252080e-16,3.490702e-20,5.349499e-12
3945,986.250000,3,3.330425e-11,1.252098e-16,1.183530e-20,4.398704e-12
3946,986.500000,3,3.330114e-11,1.394467e-16,5.750560e-21,6.274981e-12
3947,986.750000,3,3.329892e-11,1.792814e-16,-7.980639e-21,1.570299e-12
3948,987.000000,3,3.329603e-11,1.669539e-16,-9.429859e-22,3.257394e-12
3949,987.250000,3,3.329337e-11,1.252173e-16,-3.185638e-20,2.069900e-12
3950,987.500000,3,3.329070e-11,1.252191e-16,-1.147465e-20,4.224621e-12
3951,987.750000,3,3.328782e-11,1.252210e-16,3.371588e-21,2.987832e-12
3952,988.000000,3,3.328537e-11,1.394133e-16,1.293380e-20,3.339107e-12
3953,988.250000,3,3.328315e-11,1.669662e-16,1.724506e-20,4.113598e-12
3954,988.500000,3,3.328005e-11,1.252265e-16,6.405687e-21,1.273204e-12
3955,988.750000,3,3.327805e-11,1.393967e-16,-1.749983e-20,2.756906e-12
3956,989.000000,3,3.327516e-11,1.669737e-16,-2.980166e-20,4.398704e-12
3957,989.250000,3,3.327205e-11,1.252321e-16,-6.329586e-21,5.498269e-12
3958,989.500000,3,3.326917e-11,1.095129e-16,-3.996606e-20,3.410161e-12
3959,989.750000,3,3.326672e-11,1.252358e-16,-2.333311e-20,5.541345e-12
3960,990.000000,3,3.326428e-11,1.669835e-16,8.112987e-21,2.970069e-12
3961,990.250000,3,3.326139e-11,1.669860e-16,2.586097e-20,2.417622e-12
3962,990.500000,3,3.325895e-11,1.393579e-16,-4.020098e-21,2.804423e-12
3963,990.750000,3,3.325673e-11,9.953739e-17,1.809209e-20,1.855849e-12
3964,991.000000,3,3.325362e-11,1.669934e-16,-5.886217e-21,8.217871e-13
3965,991.250000,3,3.325096e-11,1.669959e-16,-1.522012e-20,5.581313e-12
3966,991.500000,3,3.324829e-11,1.669984e-16,-4.016789e-21,2.912115e-12
3967,991.750000,3,3.324585e-11,1.252506e-16,1.763549e-21,1.855849e-12
3968,992.000000,3,3.324341e-11,1.592283e-16,3.725621e-21,1.978862e-12
3969,992.250000,3,3.324008e-11,1.670058e-16,3.034098e-21,3.083755e-12
3970,992.500000,3,3.323830e-11,1.670083e-16,1.885310e-20,3.325784e-12
3971,992.750000,3,3.323519e-11,1.670107e-16,2.730358e-20,3.569367e-12
3972,993.000000,3,3.323275e-11,1.393027e-16,3.130051e-21,3.319567e-12
3973,993.250000,3,3.323009e-11,9.949800e-17,1.764211e-20,2.567502e-12
3974,993.500000,3,3.322742e-11,1.252636e-16,-1.882994e-20,4.330758e-12
3975,993.750000,3,3.322453e-11,1.252654e-16,8.041850e-20,3.068656e-12
3976,994.000000,3,3.322165e-11,1.252673e-16,-3.581361e-20,6.278533e-12
3977,994.250000,3,3.321987e-11,1.670255e-16,-7.785424e-21,5.160095e-12
3978,994.500000,3,3.321743e-11,1.691132e-16,1.988542e-21,1.135314e-12
3979,994.750000,3,3.321432e-11,1.252729e-16,6.428848e-21,2.268630e-12
3980,995.000000,3,3.321166e-11,1.670329e-16,3.103582e-21,3.334222e-12
3981,995.250000,3,3.320921e-11,1.790399e-16,5.333661e-21,5.228928e-12
3982,995.500000,3,3.320677e-11,1.252784e-16,1.149781e-20,4.632961e-12
3983,995.750000,3,3.320411e-11,1.252803e-16,-1.469735e-20,4.098943e-12
3984,996.000000,3,3.320100e-11,1.670428e-16,-1.482308e-21,2.928102e-12
3985,996.250000,3,3.319833e-11,9.945095e-17,8.172544e-21,5.680123e-12
3986,996.500000,3,3.319611e-11,1.252858e-16,-4.119029e-20,7.172485e-12
3987,996.750000,3,3.319323e-11,1.252877e-16,-2.008064e-20,3.308243e-12
3988,997.000000,3,3.319078e-11,1.292710e-16,-1.666934e-20,3.014700e-12
3989,997.250000,3,3.318812e-11,1.670552e-16,-3.761356e-20,2.319922e-12
3990,997.500000,3,3.318568e-11,1.252932e-16,1.695389e-20,3.175682e-12
3991,997.750000,3,3.318279e-11,1.670601e-16,-3.979400e-20,2.143619e-12
3992,998.000000,3,3.318013e-11,1.252969e-16,-3.853669e-20,5.026202e-12
3993,998.250000,3,3.317790e-11,1.252988e-16,1.560063e-20,4.118039e-12
3994,998.500000,3,3.317502e-11,1.253006e-16,-1.970675e-20,1.148637e-12
3995,998.750000,3,3.317280e-11,1.491179e-16,-6.981404e-22,3.738787e-12
3996,999.000000,3,3.316991e-11,1.670724e-16,3.477467e-21,3.732570e-12
3997,999.250000,3,3.316702e-11,1.093446e-16,8.427316e-21,4.141354e-12
3998,999.500000,3,3.316458e-11,1.670774e-16,-4.626256e-20,2.922107e-12
3999,999.750000,3,3.316236e-11,1.253099e-16,4.794339e-21,3.542056e-12
4000,1000.000000,3,3.315925e-11,1.670823e-16,-8.275115e-21,4.244605e-12
4001,1000.250000,3,3.315703e-11,1.670848e-16,-4.198769e-21,3.933298e-12
4002,1000.500000,3,3.315415e-11,1.253154e-16,-7.183236e-21,3.013811e-12
4003,1000.750000,3,3.315193e-11,1.253173e-16,-1.253013e-20,3.248068e-12
4004,1001.000000,3,3.314904e-11,1.253191e-16,3.856316e-20,2.771117e-12
4005,1001.250000,3,3.314615e-11,9.937305e-17,-4.149800e-20,2.638334e-12
4006,1001.500000,3,3.314371e-11,1.192430e-16,7.553813e-21,9.858780e-14
4007,1001.750000,3,3.314149e-11,1.670995e-16,1.665611e-20,1.065592e-12
4008,1002.000000,3,3.313905e-11,1.253265e-16,2.644662e-20,4.023892e-12
4009,1002.250000,3,3.313616e-11,1.253284e-16,7.987256e-21,3.210987e-12
4010,1002.500000,3,3.313394e-11,1.390951e-16,3.295488e-21,3.204548e-12
4011,1002.750000,3,3.313083e-11,1.589597e-16,1.740388e-21,4.226175e-12
4012,1003.000000,3,3.312817e-11,1.253339e-16,2.702234e-20,4.597656e-12
4013,1003.250000,3,3.312595e-11,1.390789e-16,-2.004424e-20,6.219025e-12
4014,1003.500000,3,3.312306e-11,1.671168e-16,1.204375e-20,7.311707e-12
4015,1003.750000,3,3.312084e-11,1.671193e-16,-1.438963e-20,6.067591e-12
4016,1004.000000,3,3.311795e-11,1.671217e-16,-5.121902e-21,3.813838e-12
4017,1004.250000,3,3.311595e-11,1.291246e-16,2.765430e-20,7.762679e-13
4018,1004.500000,3,3.311307e-11,1.671266e-16,2.109972e-20,1.725509e-12
4019,1004.750000,3,3.311040e-11,1.253468e-16,-2.908367e-21,4.106493e-12
4020,1005.000000,3,3.310818e-11,1.671316e-16,8.232101e-21,4.421796e-12
4021,1005.250000,3,3.310507e-11,1.390356e-16,1.104121e-20,3.544054e-12
4022,1005.500000,3,3.310263e-11,9.930730e-17,-4.205386e-21,3.258727e-12
4023,1005.750000,3,3.310041e-11,1.253542e-16,-8.301585e-21,4.318101e-12
4024,1006.000000,3,3.309775e-11,1.253561e-16,-4.270899e-20,4.592771e-12
4025,1006.250000,3,3.309486e-11,1.671439e-16,-3.469857e-20,3.481437e-12
4026,1006.500000,3,3.309242e-11,1.253598e-16,-2.162250e-20,4.588108e-12
4027,1006.750000,3,3.308998e-11,9.928804e-17,1.321173e-20,3.565370e-12
4028,1007.000000,3,3.308731e-11,1.092126e-16,1.208345e-20,2.412071e-12
4029,1007.250000,3,3.308442e-11,1.290644e-16,-2.972556e-20,3.540279e-12
4030,1007.500000,3,3.308220e-11,1.671562e-16,3.013584e-20,3.223866e-12
4031,1007.750000,3,3.307976e-11,1.091999e-16,7.418156e-21,6.154854e-12
4032,1008.000000,3,3.307754e-11,1.671611e-16,-1.165994e-20,4.168221e-12
4033,1008.250000,3,3.307488e-11,1.671636e-16,-4.860513e-21,3.166356e-12
4034,1008.500000,3,3.307221e-11,1.253745e-16,-1.867443e-20,4.610756e-12
4035,1008.750000,3,3.306910e-11,1.389602e-16,5.569242e-20,5.089928e-12
4036,1009.000000,3,3.306688e-11,1.671710e-16,-1.961742e-20,6.221912e-12
4037,1009.250000,3,3.306444e-11,1.253801e-16,1.778438e-20,5.773604e-12
4038,1009.500000,3,3.306200e-11,1.091704e-16,1.191471e-20,6.140866e-12
4039,1009.750000,3,3.305933e-11,1.671783e-16,3.682608e-21,4.915623e-12
4040,1010.000000,3,3.305645e-11,1.671808e-16,1.363525e-20,4.682033e-12
4041,1010.250000,3,3.305400e-11,1.091577e-16,1.182868e-20,2.315703e-12
4042,1010.500000,3,3.305156e-11,1.587687e-16,-7.213015e-21,2.595701e-13
4043,1010.750000,3,3.304912e-11,1.253911e-16,3.916866e-20,2.580158e-12
4044,1011.000000,3,3.304668e-11,1.289896e-16,3.970467e-22,1.105560e-12
4045,1011.250000,3,3.304401e-11,1.671931e-16,4.116712e-20,3.888445e-12
4046,1011.500000,3,3.304135e-11,9.921514e-17,3.838118e-22,5.753842e-12
4047,1011.750000,3,3.303890e-11,1.671979e-16,6.528109e-21,5.567546e-12
4048,1012.000000,3,3.303646e-11,1.388905e-16,-2.360112e-20,4.078959e-12
4049,1012.250000,3,3.303402e-11,1.254020e-16,1.407531e-20,5.230705e-12
4050,1012.500000,3,3.303113e-11,1.672051e-16,-3.192255e-20,3.687717e-12
4051,1012.750000,3,3.302891e-11,1.254056e-16,-9.959255e-22,3.305134e-12
4052,1013.000000,3,3.302625e-11,1.289499e-16,-3.474159e-22,2.813305e-12
4053,1013.250000,3,3.302336e-11,1.190261e-16,3.036745e-20,-4.556355e-13
4054,1013.500000,3,3.302114e-11,1.586953e-16,1.424074e-20,2.100320e-12
4055,1013.750000,3,3.301870e-11,1.254128e-16,-1.046218e-20,4.204193e-12
4056,1014.000000,3,3.301581e-11,1.254146e-16,2.499740e-20,5.060175e-12
4057,1014.250000,3,3.301359e-11,1.090905e-16,8.642383e-21,2.753131e-12
4058,1014.500000,3,3.301115e-11,1.672243e-16,-8.519960e-21,1.550315e-12
4059,1014.750000,3,3.300826e-11,1.672267e-16,4.152447e-21,1.481482e-12
4060,1015.000000,3,3.300582e-11,1.672291e-16,2.381288e-20,4.881651e-12
4061,1015.250000,3,3.300316e-11,1.672316e-16,3.095972e-20,4.459766e-12
4062,1015.500000,3,3.300094e-11,1.254255e-16,-2.003762e-20,5.516920e-12
4063,1015.750000,3,3.299827e-11,1.672364e-16,1.612671e-20,2.010614e-12
4064,1016.000000,3,3.299583e-11,1.586344e-16,1.346319e-20,2.580380e-12
4065,1016.250000,3,3.299316e-11,1.254309e-16,3.629338e-20,1.746603e-12
4066,1016.500000,3,3.299094e-11,1.254327e-16,-7.385069e-21,3.622214e-12
4067,1016.750000,3,3.298850e-11,1.254345e-16,-9.989033e-21,2.763345e-12
4068,1017.000000,3,3.298561e-11,1.254363e-16,-5.281383e-20,2.857492e-12
4069,1017.250000,3,3.298295e-11,1.254381e-16,2.820686e-20,4.357625e-12
4070,1017.500000,3,3.298073e-11,1.685103e-16,-1.400913e-20,9.097167e-13
4071,1017.750000,3,3.297806e-11,1.387679e-16,-1.947845e-20,1.538547e-12
4072,1018.000000,3,3.297562e-11,1.254435e-16,-1.002543e-20,5.056178e-12
4073,1018.250000,3,3.297296e-11,1.254453e-16,1.267572e-20,4.799494e-12
4074,1018.500000,3,3.297074e-11,1.387519e-16,-3.447689e-20,5.479617e-12
4075,1018.750000,3,3.296807e-11,9.910473e-17,-2.288974e-20,3.873790e-12
4076,1019.000000,3,3.296541e-11,1.783817e-16,1.466757e-20,1.454836e-12
4077,1019.250000,3,3.296297e-11,9.909715e-17,-2.585767e-20,2.614575e-12
4078,1019.500000,3,3.296030e-11,1.672724e-16,-1.355584e-20,2.532419e-12
4079,1019.750000,3,3.295808e-11,1.254561e-16,-1.159045e-20,5.922596e-12
4080,1020.000000,3,3.295497e-11,1.672772e-16,-1.144818e-20,3.891332e-12
4081,1020.250000,3,3.295253e-11,1.783475e-16,-1.093533e-20,3.604450e-12
4082,1020.500000,3,3.294987e-11,1.254615e-16,-2.375663e-21,3.119727e-12
4083,1020.750000,3,3.294720e-11,1.387038e-16,6.961552e-21,1.015188e-12
4084,1021.000000,3,3.294454e-11,1.672868e-16,2.041482e-21,-8.979484e-13
4085,1021.250000,3,3.294187e-11,1.287861e-16,-1.249704e-20,2.425615e-12
4086,1021.500000,3,3.293898e-11,9.906225e-17,1.907478e-20,3.965051e-12
4087,1021.750000,3,3.293632e-11,1.672940e-16,5.902761e-21,3.573808e-12
4088,1022.000000,3,3.293343e-11,1.254723e-16,2.168868e-20,4.065637e-12
4089,1022.250000,3,3.293055e-11,1.672988e-16,8.705249e-21,1.926237e-12
4090,1022.500000,3,3.292810e-11,1.386646e-16,-7.897920e-21,1.679101e-12
4091,1022.750000,3,3.292566e-11,1.188505e-16,6.279955e-21,1.141309e-12
4092,1023.000000,3,3.292255e-11,1.386532e-16,6.792807e-21,4.019896e-12
4093,1023.250000,3,3.291989e-11,1.386475e-16,-6.329586e-21,2.104095e-12
4094,1023.500000,3,3.291678e-11,1.673108e-16,3.646212e-21,3.122391e-12
4095,1023.750000,3,3.291456e-11,1.673132e-16,-1.254337e-20,3.340883e-12
4096,1024.000000,3,3.291167e-11,1.254867e-16,-1.317202e-20,4.247269e-12
4097,1024.250000,3,3.290901e-11,1.254885e-16,-5.029258e-22,3.972378e-12
4098,1024.500000,3,3.290612e-11,1.673204e-16,7.246102e-22,3.989697e-12
4099,1024.750000,3,3.290346e-11,1.386129e-16,1.649067e-20,2.082778e-13
4100,1025.000000,3,3.290102e-11,1.254939e-16,3.587979e-20,1.392220e-12
4101,1025.250000,3,3.289835e-11,1.584014e-16,-1.354591e-20,3.750333e-12
4102,1025.500000,3,3.289546e-11,1.254975e-16,-5.978861e-21,1.781686e-12
4103,1025.750000,3,3.289302e-11,1.254993e-16,-1.909795e-20,4.847678e-12
4104,1026.000000,3,3.288991e-11,1.187860e-16,1.339040e-20,4.977796e-12
4105,1026.250000,3,3.288814e-11,1.673372e-16,-1.935934e-20,2.753797e-12
4106,1026.500000,3,3.288436e-11,1.187760e-16,2.001777e-21,3.232969e-12
4107,1026.750000,3,3.288236e-11,1.673420e-16,-2.918293e-21,4.115819e-12
4108,1027.000000,3,3.287948e-11,1.781488e-16,-1.601753e-20,5.034639e-12
4109,1027.250000,3,3.287681e-11,1.673468e-16,-3.082075e-20,4.336531e-12
4110,1027.500000,3,3.287437e-11,9.896309e-17,2.626133e-20,3.041123e-12
4111,1027.750000,3,3.287148e-11,9.895886e-17,-2.464998e-20,3.293366e-12
4112,1028.000000,3,3.286882e-11,1.673540e-16,-3.487393e-21,3.264500e-12
4113,1028.250000,3,3.286660e-11,1.781107e-16,-9.469564e-21,4.174439e-12
4114,1028.500000,3,3.286371e-11,1.255191e-16,-6.994639e-21,5.580425e-12
4115,1028.750000,3,3.286083e-11,1.255209e-16,-2.712491e-20,5.073275e-12
4116,1029.000000,3,3.285838e-11,1.255227e-16,1.723514e-20,1.979306e-12
4117,1029.250000,3,3.285594e-11,1.582933e-16,-4.549162e-20,1.356693e-12
4118,1029.500000,3,3.285328e-11,1.255263e-16,3.571766e-20,3.525180e-12
4119,1029.750000,3,3.284994e-11,1.255281e-16,5.413070e-21,6.684875e-12
4120,1030.000000,3,3.284750e-11,1.673731e-16,-7.146840e-21,5.244694e-12
4121,1030.250000,3,3.284506e-11,9.891617e-17,2.440183e-20,2.740475e-12
4122,1030.500000,3,3.284306e-11,9.891187e-17,2.372354e-21,3.243183e-12
4123,1030.750000,3,3.283995e-11,1.186891e-16,2.066628e-20,2.174705e-12
4124,1031.000000,3,3.283707e-11,1.255370e-16,8.040196e-22,4.272138e-12
4125,1031.250000,3,3.283440e-11,2.092314e-16,5.505714e-21,2.530864e-12
4126,1031.500000,3,3.283240e-11,1.673875e-16,7.189854e-21,3.831602e-12
4127,1031.750000,3,3.282974e-11,1.255424e-16,-4.879042e-20,5.050627e-12
4128,1032.000000,3,3.282730e-11,1.186632e-16,-1.043240e-20,2.295497e-12
4129,1032.250000,3,3.282441e-11,1.582106e-16,-6.541344e-21,2.275513e-12
4130,1032.500000,3,3.282197e-11,1.483159e-16,-1.211323e-20,3.817391e-12
4131,1032.750000,3,3.281908e-11,1.255496e-16,3.318649e-20,4.203748e-12
4132,1033.000000,3,3.281642e-11,1.674019e-16,-3.301774e-20,2.081002e-12
4133,1033.250000,3,3.281397e-11,1.482963e-16,2.136773e-20,3.117062e-12
4134,1033.500000,3,3.281131e-11,1.384038e-16,-2.614883e-20,4.555467e-12
4135,1033.750000,3,3.280864e-11,1.674091e-16,-9.568825e-21,1.213252e-12
4136,1034.000000,3,3.280620e-11,1.255586e-16,1.876707e-20,2.679634e-12
4137,1034.250000,3,3.280332e-11,9.884677e-17,8.139457e-22,3.031353e-12
4138,1034.500000,3,3.280087e-11,1.383793e-16,3.375890e-20,-6.963319e-13
4139,1034.750000,3,3.279799e-11,1.674186e-16,-8.205632e-21,2.167599e-12
4140,1035.000000,3,3.279577e-11,1.674210e-16,2.359119e-21,-7.025491e-13
4141,1035.250000,3,3.279332e-11,1.383609e-16,-2.451763e-21,4.376943e-12
4142,1035.500000,3,3.279021e-11,1.383548e-16,-2.749548e-20,3.059775e-12
4143,1035.750000,3,3.278799e-11,1.674282e-16,-3.922160e-20,5.658141e-12
4144,1036.000000,3,3.278577e-11,1.255730e-16,3.157845e-20,3.853362e-12
4145,1036.250000,3,3.278267e-11,1.674330e-16,-8.281732e-21,4.894751e-12
4146,1036.500000,3,3.278000e-11,1.877337e-16,1.640465e-20,1.846523e-12
4147,1036.750000,3,3.277778e-11,1.383239e-16,-2.914323e-20,3.169909e-12
4148,1037.000000,3,3.277512e-11,1.255801e-16,-4.327147e-20,4.101164e-12
4149,1037.250000,3,3.277267e-11,1.255819e-16,-4.976319e-21,1.541878e-12
4150,1037.500000,3,3.276979e-11,1.674450e-16,4.440306e-21,2.781331e-12
4151,1037.750000,3,3.276712e-11,1.086636e-16,9.370302e-21,4.547918e-12
4152,1038.000000,3,3.276490e-11,1.580491e-16,1.641126e-20,4.972911e-12
4153,1038.250000,3,3.276224e-11,1.382867e-16,-5.284030e-20,2.308820e-12
4154,1038.500000,3,3.275957e-11,1.255909e-16,4.367514e-21,5.340617e-12
4155,1038.750000,3,3.275713e-11,1.777812e-16,-1.790019e-21,3.450129e-12
4156,1039.000000,3,3.275469e-11,1.674593e-16,2.752195e-20,3.800071e-12
4157,1039.250000,3,3.275202e-11,1.255963e-16,-8.410772e-21,3.556710e-12
4158,1039.500000,3,3.274980e-11,1.255981e-16,-2.006409e-20,4.720668e-12
4159,1039.750000,3,3.274692e-11,1.283744e-16,3.580038e-21,8.415491e-13
4160,1040.000000,3,3.274403e-11,1.481176e-16,-1.503483e-20,3.592238e-12
4161,1040.250000,3,3.274203e-11,1.674713e-16,-1.641457e-20,3.693046e-12
4162,1040.500000,3,3.273959e-11,1.579778e-16,3.182991e-21,4.122480e-12
4163,1040.750000,3,3.273626e-11,1.256070e-16,-2.812414e-21,4.259260e-12
4164,1041.000000,3,3.273404e-11,1.256088e-16,2.688337e-20,3.856915e-12
4165,1041.250000,3,3.273160e-11,1.256106e-16,-1.111731e-20,4.233947e-12
4166,1041.500000,3,3.272915e-11,1.674832e-16,-7.964095e-21,3.231193e-12
4167,1041.750000,3,3.272671e-11,1.256142e-16,-4.868123e-20,5.345946e-12
4168,1042.000000,3,3.272360e-11,1.674880e-16,2.038835e-20,2.251088e-12
4169,1042.250000,3,3.272094e-11,1.256178e-16,-4.043259e-21,3.938183e-12
4170,1042.500000,3,3.271916e-11,1.256196e-16,4.503833e-20,4.223732e-12
4171,1042.750000,3,3.271672e-11,1.674952e-16,-9.304128e-21,4.854783e-12
4172,1043.000000,3,3.271405e-11,1.282986e-16,-2.925572e-20,2.742695e-12
4173,1043.250000,3,3.271139e-11,1.381615e-16,4.176600e-20,1.085798e-12
4174,1043.500000,3,3.270850e-11,1.256267e-16,-2.094421e-21,3.647749e-12
4175,1043.750000,3,3.270628e-11,1.282811e-16,-4.913453e-21,4.360068e-12
4176,1044.000000,3,3.270362e-11,1.578772e-16,2.485843e-20,4.413359e-12
4177,1044.250000,3,3.270140e-11,1.381362e-16,-4.233510e-20,5.803358e-12
4178,1044.500000,3,3.269807e-11,1.256339e-16,-1.753292e-20,1.636469e-12
4179,1044.750000,3,3.269585e-11,1.256357e-16,-6.587666e-21,3.799627e-12
4180,1045.000000,3,3.269363e-11,1.675166e-16,1.512748e-20,3.598455e-12
4181,1045.250000,3,3.269141e-11,1.256393e-16,3.681946e-20,3.837375e-12
4182,1045.500000,3,3.268830e-11,1.256411e-16,-1.949499e-20,2.642331e-12
4183,1045.750000,3,3.268585e-11,1.380981e-16,-8.414081e-21,4.868994e-12
4184,1046.000000,3,3.268319e-11,1.183644e-16,-1.054490e-20,2.634337e-12
4185,1046.250000,3,3.268119e-11,1.380854e-16,-6.078123e-21,5.579537e-12
4186,1046.500000,3,3.267808e-11,1.675310e-16,5.436231e-21,5.705214e-12
4187,1046.750000,3,3.267608e-11,1.675334e-16,8.195706e-21,4.849010e-12
4188,1047.000000,3,3.267342e-11,1.675357e-16,1.101805e-21,3.082867e-12
4189,1047.250000,3,3.267098e-11,1.256536e-16,-1.494219e-20,3.590461e-12
4190,1047.500000,3,3.266809e-11,1.675405e-16,8.503417e-22,5.246914e-12
4191,1047.750000,3,3.266587e-11,1.675429e-16,-5.426305e-21,2.185363e-12
4192,1048.000000,3,3.266343e-11,1.380408e-16,-1.212647e-20,3.612222e-12
4193,1048.250000,3,3.266076e-11,1.256608e-16,-6.680311e-21,4.607426e-12
4194,1048.500000,3,3.265810e-11,1.256625e-16,4.088588e-20,2.515321e-12
4195,1048.750000,3,3.265566e-11,1.774564e-16,-3.499967e-20,2.915446e-12
4196,1049.000000,3,3.265344e-11,1.478735e-16,2.074900e-20,7.442935e-13
4197,1049.250000,3,3.265033e-11,1.577244e-16,1.277167e-21,5.132339e-12
4198,1049.500000,3,3.264833e-11,1.675596e-16,-3.479783e-20,4.420464e-12
4199,1049.750000,3,3.264589e-11,9.856860e-17,5.485862e-21,3.975043e-12
4200,1050.000000,3,3.264322e-11,1.675644e-16,3.910248e-20,7.203127e-12
4201,1050.250000,3,3.264056e-11,1.182713e-16,-3.119133e-20,4.265921e-12
4202,1050.500000,3,3.263834e-11,1.675691e-16,-4.575963e-21,5.145218e-12
4203,1050.750000,3,3.263589e-11,1.379704e-16,6.875525e-21,1.592504e-12
4204,1051.000000,3,3.263301e-11,2.094674e-16,-7.067431e-21,6.748824e-12
4205,1051.250000,3,3.263056e-11,1.379575e-16,1.563371e-20,2.125855e-12
4206,1051.500000,3,3.262790e-11,1.675787e-16,-6.766337e-21,4.233058e-12
4207,1051.750000,3,3.262612e-11,1.675811e-16,2.224785e-20,7.931433e-13
4208,1052.000000,3,3.262346e-11,1.576436e-16,2.501725e-20,3.991030e-12
4209,1052.250000,3,3.262079e-11,1.256894e-16,-2.220815e-20,3.399503e-12
4210,1052.500000,3,3.261857e-11,1.256912e-16,-2.978843e-20,2.136069e-13
4211,1052.750000,3,3.261569e-11,1.256929e-16,1.177905e-20,3.595346e-12
4212,1053.000000,3,3.261325e-11,1.182106e-16,2.244968e-20,2.142730e-12
4213,1053.250000,3,3.261102e-11,1.675954e-16,-2.554334e-21,3.649969e-12
4214,1053.500000,3,3.260880e-11,1.675977e-16,-3.990319e-21,4.201084e-12
4215,1053.750000,3,3.260547e-11,1.676001e-16,1.892589e-21,4.380052e-12
4216,1054.000000,3,3.260348e-11,1.257019e-16,1.203382e-20,3.892886e-12
4217,1054.250000,3,3.260103e-11,1.257037e-16,-2.035857e-20,4.470646e-12
4218,1054.500000,3,3.259837e-11,1.257055e-16,2.861052e-20,5.522249e-12
4219,1054.750000,3,3.259593e-11,1.575624e-16,-1.055482e-21,4.327649e-12
4220,1055.000000,3,3.259326e-11,1.676120e-16,1.952477e-20,1.998846e-12
4221,1055.250000,3,3.259104e-11,1.676144e-16,3.656138e-21,2.267520e-12
4222,1055.500000,3,3.258860e-11,1.676168e-16,3.151889e-20,5.981438e-12
4223,1055.750000,3,3.258571e-11,1.181496e-16,1.932294e-21,2.487344e-12
4224,1056.000000,3,3.258371e-11,1.181440e-16,4.198769e-21,4.149125e-12
4225,1056.250000,3,3.258038e-11,8.860382e-17,-6.878834e-21,3.680611e-12
4226,1056.500000,3,3.257838e-11,1.378217e-16,2.160596e-21,4.241940e-12
4227,1056.750000,3,3.257639e-11,1.279712e-16,6.782881e-22,4.974687e-12
4228,1057.000000,3,3.257372e-11,1.257233e-16,3.851353e-21,3.615330e-12
4229,1057.250000,3,3.257083e-11,1.870172e-16,3.153212e-21,3.363088e-12
4230,1057.500000,3,3.256861e-11,1.676358e-16,-1.487602e-20,3.422151e-12
4231,1057.750000,3,3.256639e-11,1.181050e-16,-4.728495e-20,5.046630e-12
4232,1058.000000,3,3.256351e-11,1.676406e-16,2.928550e-20,2.148948e-12
4233,1058.250000,3,3.256129e-11,1.676430e-16,-1.762556e-20,2.863931e-12
4234,1058.500000,3,3.255862e-11,1.257340e-16,-7.004565e-21,4.066081e-12
4235,1058.750000,3,3.255662e-11,1.257358e-16,-3.246518e-20,4.705125e-12
4236,1059.000000,3,3.255374e-11,1.082372e-16,4.029031e-20,1.820766e-12
4237,1059.250000,3,3.255152e-11,1.676525e-16,-2.400147e-20,5.559997e-12
4238,1059.500000,3,3.254863e-11,1.574211e-16,-1.521351e-20,4.767742e-12
4239,1059.750000,3,3.254641e-11,1.257429e-16,1.896229e-20,4.959588e-12
4240,1060.000000,3,3.254397e-11,1.257447e-16,-1.810202e-20,4.832135e-12
4241,1060.250000,3,3.254153e-11,1.676620e-16,1.068056e-20,1.892264e-12
4242,1060.500000,3,3.253930e-11,1.573911e-16,9.711100e-21,2.771117e-12
4243,1060.750000,3,3.253664e-11,1.676668e-16,-3.142294e-20,3.368417e-12
4244,1061.000000,3,3.253375e-11,1.868842e-16,-4.510781e-20,4.660272e-12
4245,1061.250000,3,3.253176e-11,1.770398e-16,3.992966e-20,1.326050e-12
4246,1061.500000,3,3.252953e-11,1.676739e-16,-8.940168e-21,3.546496e-12
4247,1061.750000,3,3.252687e-11,1.257572e-16,-5.697951e-20,1.743050e-12
4248,1062.000000,3,3.252443e-11,1.676787e-16,-1.198750e-20,4.093614e-12
4249,1062.250000,3,3.252243e-11,1.573387e-16,2.365737e-21,2.956302e-12
4250,1062.500000,3,3.251954e-11,1.676834e-16,-1.212316e-20,8.326673e-13
4251,1062.750000,3,3.251754e-11,1.257644e-16,-8.907081e-21,2.949196e-12
4252,1063.000000,3,3.251466e-11,1.257661e-16,1.153421e-20,5.387690e-12
4253,1063.250000,3,3.251199e-11,1.573086e-16,3.990319e-20,5.648371e-12
4254,1063.500000,3,3.250977e-11,1.676929e-16,4.871101e-20,1.373124e-12
4255,1063.750000,3,3.250755e-11,1.676953e-16,-4.245091e-21,4.250378e-12
4256,1064.000000,3,3.250467e-11,1.179645e-16,1.212647e-20,2.789768e-12
4257,1064.250000,3,3.250245e-11,1.277888e-16,7.030704e-20,1.893152e-12
4258,1064.500000,3,3.249978e-11,1.257768e-16,-1.728477e-20,5.874412e-12
4259,1064.750000,3,3.249778e-11,1.572634e-16,5.717472e-21,2.411404e-12
4260,1065.000000,3,3.249534e-11,1.677072e-16,3.922490e-20,3.040679e-12
4261,1065.250000,3,3.249290e-11,1.257822e-16,1.582231e-20,2.814193e-12
4262,1065.500000,3,3.249045e-11,1.277582e-16,-9.496033e-22,2.479794e-12
4263,1065.750000,3,3.248779e-11,1.677143e-16,-6.011949e-21,3.915979e-12
4264,1066.000000,3,3.248535e-11,1.257875e-16,3.140970e-20,3.987033e-12
4265,1066.250000,3,3.248268e-11,1.677191e-16,-8.106370e-22,3.938183e-12
4266,1066.500000,3,3.248091e-11,1.375593e-16,6.753103e-21,3.067768e-12
4267,1066.750000,3,3.247780e-11,1.677238e-16,-5.472627e-21,4.329426e-12
4268,1067.000000,3,3.247580e-11,1.677262e-16,-7.196471e-21,3.732126e-12
4269,1067.250000,3,3.247336e-11,1.257964e-16,-1.607377e-20,3.636647e-12
4270,1067.500000,3,3.247069e-11,1.257982e-16,2.545400e-20,5.342837e-12
4271,1067.750000,3,3.246825e-11,1.258000e-16,-2.873295e-20,4.433343e-12
4272,1068.000000,3,3.246581e-11,1.677357e-16,3.387139e-20,3.028688e-12
4273,1068.250000,3,3.246359e-11,1.677381e-16,-1.128274e-21,2.324363e-12
4274,1068.500000,3,3.246092e-11,1.276844e-16,6.061580e-21,3.206768e-12
4275,1068.750000,3,3.245870e-11,1.677428e-16,-6.063234e-20,1.634692e-12
4276,1069.000000,3,3.245582e-11,1.258089e-16,-8.503417e-21,2.563727e-12
4277,1069.250000,3,3.245382e-11,1.258107e-16,3.324604e-20,3.165024e-12
4278,1069.500000,3,3.245115e-11,1.374797e-16,6.988022e-21,3.674838e-12
4279,1069.750000,3,3.244893e-11,1.374731e-16,-9.906315e-21,2.275069e-12
4280,1070.000000,3,3.244671e-11,1.374664e-16,1.298012e-20,6.102674e-12
4281,1070.250000,3,3.244405e-11,1.178227e-16,1.575283e-20,6.368683e-12
4282,1070.500000,3,3.244160e-11,1.677594e-16,4.106125e-21,3.426148e-12
4283,1070.750000,3,3.243938e-11,1.677618e-16,-4.963084e-23,3.612666e-12
4284,1071.000000,3,3.243716e-11,1.258231e-16,3.315009e-20,6.644463e-12
4285,1071.250000,3,3.243428e-11,1.258249e-16,-2.522239e-20,3.551826e-12
4286,1071.500000,3,3.243206e-11,1.677689e-16,-2.306180e-21,2.258194e-12
4287,1071.750000,3,3.242961e-11,1.472356e-16,-5.072272e-21,3.169465e-12
4288,1072.000000,3,3.242717e-11,1.258303e-16,2.464998e-21,3.153477e-12
4289,1072.250000,3,3.242451e-11,1.374065e-16,-9.525812e-21,4.468426e-12
4290,1072.500000,3,3.242273e-11,1.677784e-16,-1.856193e-20,4.479972e-12
4291,1072.750000,3,3.242007e-11,1.258356e-16,9.102295e-21,-4.805045e-13
4292,1073.000000,3,3.241785e-11,1.962664e-16,-2.237027e-20,4.917400e-12
4293,1073.250000,3,3.241518e-11,1.258392e-16,1.889611e-20,2.946088e-12
4294,1073.500000,3,3.241296e-11,1.258409e-16,1.314886e-20,1.600498e-12
4295,1073.750000,3,3.241030e-11,1.677903e-16,4.797648e-21,2.525091e-12
4296,1074.000000,3,3.240808e-11,1.677927e-16,1.002543e-20,5.978329e-12
4297,1074.250000,3,3.240586e-11,1.373531e-16,-1.923691e-20,4.194423e-12
4298,1074.500000,3,3.240319e-11,1.258480e-16,-7.487639e-21,1.637801e-12
4299,1074.750000,3,3.240097e-11,1.177198e-16,-1.538887e-20,3.953282e-12
4300,1075.000000,3,3.239808e-11,1.471425e-16,1.032321e-20,9.987566e-13
4301,1075.250000,3,3.239609e-11,1.678045e-16,-3.996937e-21,4.658940e-12
4302,1075.500000,3,3.239342e-11,1.258552e-16,-5.062345e-22,6.948664e-12
4303,1075.750000,3,3.239098e-11,1.961613e-16,-4.920070e-21,3.033129e-12
4304,1076.000000,3,3.238876e-11,1.678116e-16,-1.432677e-20,5.962342e-12
4305,1076.250000,3,3.238632e-11,1.678140e-16,-1.191471e-20,3.705480e-12
4306,1076.500000,3,3.238410e-11,1.372928e-16,1.780093e-20,2.644551e-12
4307,1076.750000,3,3.238165e-11,1.678187e-16,8.390920e-21,2.658318e-12
4308,1077.000000,3,3.237921e-11,1.274737e-16,-1.331099e-20,1.767919e-12
4309,1077.250000,3,3.237699e-11,1.678235e-16,1.386355e-21,1.922906e-12
4310,1077.500000,3,3.237388e-11,1.568754e-16,1.885310e-20,1.632472e-12
4311,1077.750000,3,3.237188e-11,1.258712e-16,3.084391e-20,1.610267e-12
4312,1078.000000,3,3.236988e-11,1.568601e-16,-3.085384e-20,3.579803e-12
4313,1078.250000,3,3.236722e-11,1.666556e-16,-3.874514e-21,2.836398e-12
4314,1078.500000,3,3.236456e-11,1.372391e-16,1.782078e-20,5.516476e-12
4315,1078.750000,3,3.236278e-11,1.470347e-16,1.919059e-22,5.317968e-12
4316,1079.000000,3,3.235989e-11,1.258800e-16,1.453853e-20,4.979572e-12
4317,1079.250000,3,3.235789e-11,1.678424e-16,2.059349e-20,3.494094e-12
4318,1079.500000,3,3.235523e-11,1.258836e-16,-7.444626e-22,2.809752e-12
4319,1079.750000,3,3.235301e-11,1.678472e-16,-4.718238e-21,4.110490e-12
4320,1080.000000,3,3.235057e-11,1.678495e-16,-4.903527e-21,2.892797e-12
4321,1080.250000,3,3.234812e-11,1.678519e-16,8.367759e-21,5.337064e-12
4322,1080.500000,3,3.234657e-11,1.273865e-16,-1.400251e-20,4.722889e-12
4323,1080.750000,3,3.234479e-11,1.273803e-16,-6.713398e-21,2.247535e-12
4324,1081.000000,3,3.234257e-11,1.258942e-16,3.384823e-20,3.359979e-12
4325,1081.250000,3,3.234102e-11,1.258960e-16,1.041586e-20,2.617018e-12
4326,1081.500000,3,3.233880e-11,1.258978e-16,-1.155075e-20,2.613465e-12
4327,1081.750000,3,3.233680e-11,1.678661e-16,1.565357e-20,3.156142e-12
4328,1082.000000,3,3.233525e-11,1.371462e-16,-1.556092e-20,2.920331e-12
4329,1082.250000,3,3.233325e-11,1.259031e-16,-1.432677e-21,5.958789e-12
4330,1082.500000,3,3.233080e-11,1.371333e-16,-1.284115e-20,3.179235e-12
4331,1082.750000,3,3.232881e-11,1.371269e-16,1.605392e-20,1.281197e-12
4332,1083.000000,3,3.232681e-11,1.567091e-16,-1.964058e-20,5.843770e-12
4333,1083.250000,3,3.232525e-11,1.678803e-16,-4.969701e-21,3.296918e-12
4334,1083.500000,3,3.232348e-11,1.259120e-16,-1.564695e-20,6.171508e-12
4335,1083.750000,3,3.232148e-11,1.678850e-16,-1.877700e-20,5.359713e-12
4336,1084.000000,3,3.231859e-11,1.259155e-16,-3.399381e-20,6.809664e-12
4337,1084.250000,3,3.231704e-11,1.259173e-16,-4.662652e-20,2.366995e-12
4338,1084.500000,3,3.231504e-11,1.259191e-16,7.305659e-21,2.410516e-12
4339,1084.750000,3,3.231304e-11,1.370757e-16,-1.187831e-21,3.344436e-12
4340,1085.000000,3,3.231149e-11,1.272787e-16,-4.059802e-21,2.231104e-12
4341,1085.250000,3,3.230904e-11,1.259244e-16,-1.719874e-20,2.748912e-12
4342,1085.500000,3,3.230705e-11,1.664260e-16,-1.269557e-20,5.146994e-12
4343,1085.750000,3,3.230527e-11,1.259280e-16,2.465991e-20,2.218226e-12
4344,1086.000000,3,3.230305e-11,1.679063e-16,-1.389663e-21,7.239542e-12
4345,1086.250000,3,3.230105e-11,1.259315e-16,2.570216e-20,4.454215e-12
4346,1086.500000,3,3.229950e-11,1.679110e-16,3.712056e-20,4.762857e-12
4347,1086.750000,3,3.229661e-11,9.787513e-17,-4.223584e-20,3.232969e-12
4348,1087.000000,3,3.229483e-11,1.370189e-16,2.047437e-20,4.733991e-13
4349,1087.250000,3,3.229261e-11,1.259386e-16,1.051181e-20,1.693756e-12
4350,1087.500000,3,3.229084e-11,1.272202e-16,-2.702234e-20,4.626077e-12
4351,1087.750000,3,3.228906e-11,1.565715e-16,-2.764768e-20,3.538947e-12
4352,1088.000000,3,3.228684e-11,1.259439e-16,-3.030459e-20,3.202327e-12
4353,1088.250000,3,3.228440e-11,1.679276e-16,-3.119794e-20,4.295675e-12
4354,1088.500000,3,3.228240e-11,1.565501e-16,-1.806562e-21,4.824585e-12
4355,1088.750000,3,3.228040e-11,1.679323e-16,4.539236e-20,3.704148e-12
4356,1089.000000,3,3.227862e-11,1.679347e-16,6.571123e-21,3.182787e-12
4357,1089.250000,3,3.227685e-11,1.679370e-16,2.230741e-20,2.029044e-12
4358,1089.500000,3,3.227418e-11,1.259546e-16,-1.051512e-20,2.887468e-12
4359,1089.750000,3,3.227218e-11,1.259563e-16,1.959425e-20,2.618350e-12
4360,1090.000000,3,3.226974e-11,1.259581e-16,-1.814834e-20,5.939249e-12
4361,1090.250000,3,3.226819e-11,1.679465e-16,-6.432156e-21,1.868283e-12
4362,1090.500000,3,3.226619e-11,1.679489e-16,-1.548482e-20,4.190426e-12
4363,1090.750000,3,3.226419e-11,1.679512e-16,-1.258969e-20,1.810996e-12
4364,1091.000000,3,3.226175e-11,1.564791e-16,1.017101e-20,5.228706e-12
4365,1091.250000,3,3.225975e-11,1.259670e-16,1.097172e-20,3.512746e-12
4366,1091.500000,3,3.225842e-11,1.955812e-16,-3.582685e-20,4.126921e-12
4367,1091.750000,3,3.225598e-11,1.173434e-16,6.319660e-22,3.034906e-12
4368,1092.000000,3,3.225353e-11,1.679630e-16,-4.463467e-21,4.094947e-12
4369,1092.250000,3,3.225131e-11,1.679654e-16,6.286573e-21,3.030909e-12
4370,1092.500000,3,3.224954e-11,1.259758e-16,3.792789e-20,2.605027e-12
4371,1092.750000,3,3.224709e-11,1.759834e-16,-2.429264e-20,2.126299e-12
4372,1093.000000,3,3.224554e-11,1.259794e-16,1.241102e-20,4.312550e-12
4373,1093.250000,3,3.224310e-11,1.259811e-16,-2.616207e-20,3.123279e-12
4374,1093.500000,3,3.224132e-11,1.259829e-16,2.247615e-20,3.460787e-12
4375,1093.750000,3,3.223888e-11,1.679796e-16,-4.929996e-22,4.184653e-12
4376,1094.000000,3,3.223688e-11,1.679819e-16,6.534727e-21,2.172040e-12
4377,1094.250000,3,3.223466e-11,1.259882e-16,-1.065409e-20,4.452883e-12
4378,1094.500000,3,3.223266e-11,1.259900e-16,2.946748e-20,6.050271e-12
4379,1094.750000,3,3.223111e-11,1.679890e-16,-1.193787e-20,1.977529e-12
4380,1095.000000,3,3.222866e-11,1.259935e-16,2.358126e-20,1.912692e-12
4381,1095.250000,3,3.222644e-11,1.679937e-16,-3.754738e-20,2.370992e-12
4382,1095.500000,3,3.222422e-11,1.172645e-16,-2.455734e-20,6.005862e-12
4383,1095.750000,3,3.222222e-11,1.172592e-16,1.880678e-20,2.332357e-12
4384,1096.000000,3,3.222000e-11,1.367963e-16,-2.270445e-20,2.476686e-12
4385,1096.250000,3,3.221778e-11,1.260024e-16,7.083975e-21,3.093081e-12
4386,1096.500000,3,3.221601e-11,1.367841e-16,1.112062e-20,2.399414e-12
4387,1096.750000,3,3.221379e-11,1.758575e-16,-1.978616e-21,3.853806e-12
4388,1097.000000,3,3.221223e-11,1.367720e-16,3.378536e-20,2.591705e-12
4389,1097.250000,3,3.220957e-11,1.260094e-16,-1.710940e-20,4.583001e-12
4390,1097.500000,3,3.220779e-11,1.367598e-16,3.573420e-22,5.379697e-12
4391,1097.750000,3,3.220602e-11,1.562900e-16,-8.569591e-21,2.752465e-12
4392,1098.000000,3,3.220357e-11,1.367476e-16,5.195356e-20,2.410516e-12
4393,1098.250000,3,3.220113e-11,1.680220e-16,-2.978843e-20,4.410694e-12
4394,1098.500000,3,3.219913e-11,1.758028e-16,-8.873994e-21,9.507950e-13
4395,1098.750000,3,3.219713e-11,1.269631e-16,-4.574971e-20,2.547740e-12
4396,1099.000000,3,3.219536e-11,1.260218e-16,2.208903e-20,5.226042e-12
4397,1099.250000,3,3.219314e-11,1.562484e-16,-4.002562e-20,8.011369e-13
4398,1099.500000,3,3.219092e-11,1.367113e-16,5.783647e-21,4.028333e-12
4399,1099.750000,3,3.218914e-11,1.680362e-16,1.376429e-20,2.772449e-12
4400,1100.000000,3,3.218648e-11,1.680385e-16,8.976564e-21,6.728840e-12
4401,1100.250000,3,3.218470e-11,1.260307e-16,1.494550e-20,3.860468e-12
4402,1100.500000,3,3.218226e-11,1.260324e-16,-5.029920e-20,4.012346e-12
4403,1100.750000,3,3.218048e-11,1.680456e-16,-2.058687e-20,2.863487e-12
4404,1101.000000,3,3.217848e-11,1.366750e-16,-1.304629e-20,5.565770e-12
4405,1101.250000,3,3.217626e-11,1.366690e-16,-7.871451e-21,1.146638e-12
4406,1101.500000,3,3.217426e-11,1.680527e-16,-2.536798e-20,3.470557e-12
4407,1101.750000,3,3.217182e-11,1.680550e-16,1.320180e-21,3.012701e-12
4408,1102.000000,3,3.216960e-11,1.680574e-16,1.250366e-20,1.272316e-12
4409,1102.250000,3,3.216760e-11,1.561656e-16,-1.950823e-20,3.412381e-12
4410,1102.500000,3,3.216583e-11,1.680621e-16,4.754634e-20,3.871126e-12
4411,1102.750000,3,3.216361e-11,1.366329e-16,-3.517172e-21,3.234746e-12
4412,1103.000000,3,3.216161e-11,1.680668e-16,3.376882e-20,1.282086e-12
4413,1103.250000,3,3.215916e-11,1.680692e-16,8.043504e-21,5.128342e-12
4414,1103.500000,3,3.215805e-11,1.260536e-16,3.468203e-20,3.306244e-12
4415,1103.750000,3,3.215539e-11,1.260554e-16,-1.729138e-20,4.146017e-12
4416,1104.000000,3,3.215317e-11,1.680762e-16,1.835017e-20,5.245582e-12
4417,1104.250000,3,3.215117e-11,2.146522e-16,-1.555100e-21,3.688605e-12
4418,1104.500000,3,3.214873e-11,1.260607e-16,5.356822e-21,3.460787e-12
4419,1104.750000,3,3.214651e-11,1.260625e-16,3.263062e-20,1.088019e-13
4420,1105.000000,3,3.214473e-11,1.560901e-16,-1.694397e-20,3.363088e-12
4421,1105.250000,3,3.214273e-11,1.268177e-16,1.770167e-21,3.089529e-12
4422,1105.500000,3,3.214096e-11,2.101129e-16,-6.485096e-22,3.088640e-12
4423,1105.750000,3,3.213829e-11,1.260695e-16,1.887957e-20,5.255352e-12
4424,1106.000000,3,3.213629e-11,1.268010e-16,2.199308e-20,2.073453e-12
4425,1106.250000,3,3.213430e-11,9.753497e-17,-2.021629e-20,3.027800e-12
4426,1106.500000,3,3.213230e-11,1.365430e-16,-5.168224e-21,3.404388e-12
4427,1106.750000,3,3.212985e-11,1.365370e-16,2.567899e-20,5.002665e-12
4428,1107.000000,3,3.212808e-11,1.260784e-16,-9.396772e-21,2.008615e-12
4429,1107.250000,3,3.212608e-11,1.260801e-16,-1.528630e-21,3.945289e-12
4430,1107.500000,3,3.212364e-11,1.681092e-16,3.450667e-20,1.470823e-12
4431,1107.750000,3,3.212164e-11,9.750940e-17,-1.422751e-21,3.279155e-12
4432,1108.000000,3,3.211964e-11,1.260854e-16,-7.901229e-21,4.193534e-12
4433,1108.250000,3,3.211764e-11,1.170011e-16,7.841672e-21,3.520739e-12
4434,1108.500000,3,3.211564e-11,1.260889e-16,-6.852364e-21,3.195222e-12
4435,1108.750000,3,3.211365e-11,1.260907e-16,1.304629e-20,4.478640e-12
4436,1109.000000,3,3.211142e-11,1.260925e-16,-1.069379e-20,4.677592e-12
4437,1109.250000,3,3.210943e-11,1.681257e-16,-1.565026e-20,2.087219e-12
4438,1109.500000,3,3.210721e-11,1.364715e-16,-1.038939e-20,3.923084e-12
4439,1109.750000,3,3.210521e-11,1.260977e-16,-8.979873e-21,3.481215e-12
4440,1110.000000,3,3.210321e-11,1.260994e-16,-1.707632e-20,-1.842970e-13
4441,1110.250000,3,3.210077e-11,1.261012e-16,-4.827426e-21,2.992273e-12
4442,1110.500000,3,3.209855e-11,1.681372e-16,-3.406330e-20,5.096368e-12
4443,1110.750000,3,3.209677e-11,9.745845e-17,-3.196226e-21,5.312195e-12
4444,1111.000000,3,3.209477e-11,1.261063e-16,-6.088049e-21,2.073008e-12
4445,1111.250000,3,3.209255e-11,1.261081e-16,3.618419e-20,6.229683e-12
4446,1111.500000,3,3.209033e-11,1.364240e-16,-2.442168e-20,3.378631e-12
4447,1111.750000,3,3.208833e-11,1.364181e-16,-1.794320e-20,4.221956e-12
4448,1112.000000,3,3.208611e-11,1.558997e-16,-2.888515e-21,3.259615e-12
4449,1112.250000,3,3.208456e-11,1.266630e-16,-3.592942e-20,5.541345e-12
4450,1112.500000,3,3.208211e-11,8.407781e-17,6.045036e-21,1.649791e-12
4451,1112.750000,3,3.207967e-11,1.363945e-16,5.475605e-20,1.969092e-12
4452,1113.000000,3,3.207745e-11,1.261202e-16,-5.078889e-21,4.757972e-12
4453,1113.250000,3,3.207545e-11,1.261219e-16,-1.299335e-20,1.940670e-13
4454,1113.500000,3,3.207390e-11,1.681648e-16,7.540578e-21,5.453415e-13
4455,1113.750000,3,3.207123e-11,1.261254e-16,1.630538e-20,4.079848e-12
4456,1114.000000,3,3.206924e-11,1.261271e-16,-1.175920e-20,2.024603e-12
4457,1114.250000,3,3.206702e-11,1.266191e-16,-1.895898e-21,1.002309e-12
4458,1114.500000,3,3.206524e-11,1.261305e-16,-7.213015e-21,3.032241e-12
4459,1114.750000,3,3.206302e-11,1.266081e-16,1.957440e-20,2.596590e-12
4460,1115.000000,3,3.206102e-11,1.752960e-16,2.514629e-20,5.280665e-12
4461,1115.250000,3,3.205880e-11,1.261357e-16,-3.183322e-20,4.057199e-12
4462,1115.500000,3,3.205702e-11,1.363295e-16,-3.037407e-21,3.594458e-12
4463,1115.750000,3,3.205503e-11,1.681856e-16,-2.577495e-21,4.020784e-12
4464,1116.000000,3,3.205258e-11,1.681879e-16,6.468552e-21,2.514877e-12
4465,1116.250000,3,3.205058e-11,1.849947e-16,-2.616538e-20,5.510703e-12
4466,1116.500000,3,3.204881e-11,1.261443e-16,1.098496e-21,1.463718e-12
4467,1116.750000,3,3.204614e-11,1.261461e-16,-2.252578e-20,1.921130e-12
4468,1117.000000,3,3.204415e-11,1.460295e-16,2.545400e-20,3.327560e-12
4469,1117.250000,3,3.204259e-11,1.261495e-16,1.757262e-20,5.000889e-12
4470,1117.500000,3,3.204037e-11,1.168136e-16,-2.860721e-20,6.004530e-12
4471,1117.750000,3,3.203793e-11,1.362766e-16,-4.916762e-21,3.886225e-12
4472,1118.000000,3,3.203593e-11,1.557380e-16,1.031329e-20,3.808065e-12
4473,1118.250000,3,3.203393e-11,1.682086e-16,1.472381e-21,4.642953e-12
4474,1118.500000,3,3.203215e-11,1.682109e-16,-2.014681e-20,4.140244e-12
4475,1118.750000,3,3.203016e-11,1.261599e-16,-3.563825e-20,1.596057e-12
4476,1119.000000,3,3.202771e-11,1.362473e-16,-9.760731e-21,3.930634e-12
4477,1119.250000,3,3.202549e-11,1.261633e-16,-2.037511e-20,2.800871e-12
4478,1119.500000,3,3.202327e-11,1.261650e-16,-3.488386e-20,3.330669e-14
4479,1119.750000,3,3.202194e-11,1.682224e-16,-5.525566e-22,2.801759e-12
4480,1120.000000,3,3.201972e-11,1.556844e-16,2.584112e-21,4.021672e-12
4481,1120.250000,3,3.201750e-11,1.682270e-16,1.899207e-20,3.463896e-12
4482,1120.500000,3,3.201506e-11,1.261719e-16,-4.632211e-21,6.364242e-12
4483,1120.750000,3,3.201306e-11,1.261737e-16,1.297350e-20,3.637091e-12
4484,1121.000000,3,3.201128e-11,1.682339e-16,-2.870317e-20,6.034284e-12
4485,1121.250000,3,3.200928e-11,1.945637e-16,-4.053185e-20,4.019451e-12
4486,1121.500000,3,3.200684e-11,1.361887e-16,-4.096860e-20,2.230660e-12
4487,1121.750000,3,3.200507e-11,1.653649e-16,2.642677e-20,4.181544e-12
4488,1122.000000,3,3.200307e-11,1.261823e-16,5.327043e-22,4.538148e-12
4489,1122.250000,3,3.200085e-11,1.682453e-16,-2.129163e-20,1.560529e-12
4490,1122.500000,3,3.199863e-11,1.361654e-16,-1.233492e-20,2.688960e-12
4491,1122.750000,3,3.199663e-11,1.458852e-16,1.529292e-20,2.444267e-12
4492,1123.000000,3,3.199485e-11,1.261892e-16,-2.481542e-21,2.793765e-12
4493,1123.250000,3,3.199263e-11,1.682545e-16,-3.181006e-20,2.173817e-12
4494,1123.500000,3,3.199019e-11,1.361420e-16,2.529518e-20,2.914113e-12
4495,1123.750000,3,3.198819e-11,1.261944e-16,4.612359e-21,4.027001e-12
4496,1124.000000,3,3.198664e-11,1.261961e-16,7.590209e-21,4.158007e-12
4497,1124.250000,3,3.198397e-11,1.261978e-16,1.921706e-20,2.410072e-12
4498,1124.500000,3,3.198242e-11,1.682660e-16,4.648755e-21,2.706724e-12
4499,1124.750000,3,3.197997e-11,8.750114e-17,1.735756e-20,6.143086e-12
4500,1125.000000,3,3.197753e-11,1.262030e-16,2.240998e-20,4.536815e-12
4501,1125.250000,3,3.197598e-11,1.262047e-16,-9.251188e-21,2.366551e-12
4502,1125.500000,3,3.197376e-11,1.682752e-16,-2.163904e-20,5.072831e-12
4503,1125.750000,3,3.197176e-11,1.166482e-16,2.482534e-20,5.241141e-12
4504,1126.000000,3,3.196954e-11,1.555243e-16,3.391441e-21,4.743761e-12
4505,1126.250000,3,3.196776e-11,1.360780e-16,-5.664533e-21,5.333511e-12
4506,1126.500000,3,3.196576e-11,1.166333e-16,-1.985233e-22,1.765699e-12
4507,1126.750000,3,3.196354e-11,1.682867e-16,-1.164339e-20,2.880807e-12
4508,1127.000000,3,3.196132e-11,1.262167e-16,4.873748e-21,4.417355e-12
4509,1127.250000,3,3.195955e-11,1.263365e-16,-8.341289e-21,3.174350e-12
4510,1127.500000,3,3.195710e-11,1.262202e-16,-1.272535e-20,3.034906e-12
4511,1127.750000,3,3.195533e-11,1.554779e-16,1.560063e-20,2.990053e-12
4512,1128.000000,3,3.195266e-11,1.360373e-16,-2.348200e-20,4.750422e-12
4513,1128.250000,3,3.195133e-11,1.360315e-16,1.300328e-21,3.865352e-12
4514,1128.500000,3,3.194889e-11,1.262271e-16,2.167544e-20,2.937650e-12
4515,1128.750000,3,3.194689e-11,1.683051e-16,-1.560724e-20,1.224798e-12
4516,1129.000000,3,3.194511e-11,1.683074e-16,-2.273092e-21,1.751932e-12
4517,1129.250000,3,3.194267e-11,1.748679e-16,-6.336203e-21,6.445955e-12
4518,1129.500000,3,3.194067e-11,9.714467e-17,-3.242548e-21,5.098144e-12
4519,1129.750000,3,3.193867e-11,1.554249e-16,-3.982378e-20,2.184919e-12
4520,1130.000000,3,3.193645e-11,1.651319e-16,-9.241262e-21,3.845813e-12
4521,1130.250000,3,3.193423e-11,1.359852e-16,8.602678e-23,2.409184e-12
4522,1130.500000,3,3.193246e-11,1.683211e-16,-1.955124e-20,3.850253e-12
4523,1130.750000,3,3.193046e-11,1.262612e-16,-1.503153e-20,3.682388e-12
4524,1131.000000,3,3.192846e-11,1.359678e-16,-5.770412e-21,4.142464e-12
4525,1131.250000,3,3.192646e-11,1.262460e-16,1.615649e-20,4.493739e-12
4526,1131.500000,3,3.192424e-11,1.262477e-16,3.785178e-21,5.227374e-12
4527,1131.750000,3,3.192246e-11,1.262494e-16,-2.317429e-20,3.153922e-12
4528,1132.000000,3,3.192024e-11,1.359447e-16,1.514733e-20,1.647571e-12
4529,1132.250000,3,3.191825e-11,1.683372e-16,-7.219632e-21,2.050804e-12
4530,1132.500000,3,3.191580e-11,1.359331e-16,1.371796e-20,3.868017e-12
4531,1132.750000,3,3.191447e-11,1.165092e-16,4.751325e-20,3.571365e-12
4532,1133.000000,3,3.191247e-11,1.262580e-16,-3.353390e-20,2.648548e-12
4533,1133.250000,3,3.191003e-11,2.038737e-16,-1.716565e-20,4.757972e-12
4534,1133.500000,3,3.190781e-11,1.683487e-16,3.464232e-21,1.918909e-12
4535,1133.750000,3,3.190559e-11,1.683509e-16,2.329671e-20,1.127987e-12
4536,1134.000000,3,3.190448e-11,1.262649e-16,-1.443265e-20,3.724576e-12
4537,1134.250000,3,3.190204e-11,1.553060e-16,8.649000e-21,3.423484e-12
4538,1134.500000,3,3.189982e-11,1.683578e-16,-4.276524e-20,3.392842e-12
4539,1134.750000,3,3.189804e-11,1.455870e-16,1.795975e-20,3.128608e-12
4540,1135.000000,3,3.189604e-11,1.262718e-16,4.757943e-21,4.158451e-12
4541,1135.250000,3,3.189404e-11,1.746896e-16,3.034098e-21,4.708234e-12
4542,1135.500000,3,3.189182e-11,1.262752e-16,1.907148e-20,4.295675e-12
4543,1135.750000,3,3.188960e-11,1.746748e-16,-6.829203e-21,1.308287e-12
4544,1136.000000,3,3.188738e-11,1.262787e-16,1.397273e-20,7.443379e-12
4545,1136.250000,3,3.188538e-11,1.262804e-16,5.532184e-21,6.639134e-12
4546,1136.500000,3,3.188361e-11,1.262821e-16,1.686456e-20,3.096190e-12
4547,1136.750000,3,3.188161e-11,1.746452e-16,2.332649e-21,2.318146e-12
4548,1137.000000,3,3.187917e-11,1.358294e-16,-9.654852e-21,-7.815970e-13
4549,1137.250000,3,3.187672e-11,1.358237e-16,-2.132141e-20,2.526868e-12
4550,1137.500000,3,3.187539e-11,1.552205e-16,-1.803915e-20,6.371348e-12
4551,1137.750000,3,3.187295e-11,1.683876e-16,2.621832e-20,3.521627e-12
4552,1138.000000,3,3.187162e-11,1.683899e-16,-5.399835e-21,2.115197e-12
4553,1138.250000,3,3.186917e-11,1.683922e-16,1.167979e-20,3.655298e-12
4554,1138.500000,3,3.186695e-11,1.551942e-16,-5.458069e-20,4.791278e-12
4555,1138.750000,3,3.186540e-11,1.683968e-16,1.905162e-20,4.916068e-12
4556,1139.000000,3,3.186318e-11,1.357834e-16,4.126308e-20,2.746248e-12
4557,1139.250000,3,3.186096e-11,1.263010e-16,-7.613370e-21,4.572787e-12
4558,1139.500000,3,3.185918e-11,1.684036e-16,-2.297577e-20,5.257572e-12
4559,1139.750000,3,3.185674e-11,1.684059e-16,1.479992e-20,2.851497e-12
4560,1140.000000,3,3.185496e-11,1.684082e-16,2.269784e-21,1.041389e-12
4561,1140.250000,3,3.185274e-11,1.263079e-16,-2.854104e-20,2.356337e-12
4562,1140.500000,3,3.184986e-11,1.263096e-16,-8.708557e-21,3.510525e-12
4563,1140.750000,3,3.184764e-11,1.357432e-16,1.670574e-20,2.815970e-12
4564,1141.000000,3,3.184475e-11,1.684174e-16,-3.643896e-20,3.679723e-12
4565,1141.250000,3,3.184208e-11,1.263148e-16,7.960786e-21,4.161116e-13
4566,1141.500000,3,3.183942e-11,1.684220e-16,-1.117025e-20,7.975842e-13
4567,1141.750000,3,3.183698e-11,1.357200e-16,-3.496327e-20,5.041745e-12
4568,1142.000000,3,3.183476e-11,1.263199e-16,-2.858074e-20,5.180301e-12
4569,1142.250000,3,3.183187e-11,1.163215e-16,-4.467106e-20,5.633272e-12
4570,1142.500000,3,3.182943e-11,1.263233e-16,1.849245e-20,5.688783e-12
4571,1142.750000,3,3.182676e-11,1.684334e-16,7.835055e-21,6.539214e-12
4572,1143.000000,3,3.182454e-11,1.356910e-16,-3.715695e-20,5.855316e-12
4573,1143.250000,3,3.182188e-11,9.691796e-17,-2.721424e-20,3.530065e-12
4574,1143.500000,3,3.181966e-11,1.684403e-16,-3.158506e-20,1.536105e-12
4575,1143.750000,3,3.181677e-11,9.690963e-17,1.811526e-20,1.238565e-12
4576,1144.000000,3,3.181455e-11,1.356677e-16,-4.399939e-20,5.432543e-12
4577,1144.250000,3,3.181211e-11,1.263353e-16,-1.396612e-20,5.242917e-12
4578,1144.500000,3,3.180989e-11,1.744148e-16,-3.847052e-20,1.476597e-12
4579,1144.750000,3,3.180722e-11,1.684517e-16,-2.360773e-20,6.389556e-12
4580,1145.000000,3,3.180545e-11,1.453332e-16,-3.201520e-20,5.123013e-12
4581,1145.250000,3,3.180256e-11,1.263422e-16,-2.071260e-21,2.453593e-12
4582,1145.500000,3,3.179990e-11,1.263439e-16,7.206397e-21,2.306599e-12
4583,1145.750000,3,3.179745e-11,1.550020e-16,-3.266371e-20,4.306777e-12
4584,1146.000000,3,3.179523e-11,1.263474e-16,-3.438755e-20,4.123368e-12
4585,1146.250000,3,3.179257e-11,1.356151e-16,4.066751e-20,1.845635e-12
4586,1146.500000,3,3.179035e-11,1.684677e-16,-3.661101e-20,7.060574e-12
4587,1146.750000,3,3.178791e-11,1.684700e-16,-5.228443e-20,4.503509e-12
4588,1147.000000,3,3.178569e-11,1.263542e-16,1.365510e-20,3.997247e-12
4589,1147.250000,3,3.178302e-11,1.355917e-16,-1.158715e-20,6.052936e-12
4590,1147.500000,3,3.178102e-11,1.684768e-16,2.333311e-20,4.275247e-12
4591,1147.750000,3,3.177836e-11,1.684791e-16,1.797960e-20,4.925838e-12
4592,1148.000000,3,3.177614e-11,1.684814e-16,-2.651279e-20,3.482992e-12
4593,1148.250000,3,3.177303e-11,1.263628e-16,-1.493226e-20,4.492851e-12
4594,1148.500000,3,3.177103e-11,1.684860e-16,-1.091548e-20,1.857625e-12
4595,1148.750000,3,3.176881e-11,1.355565e-16,2.167213e-20,3.212097e-12
4596,1149.000000,3,3.176659e-11,1.684906e-16,1.618627e-20,3.826717e-12
4597,1149.250000,3,3.176437e-11,1.684928e-16,1.591826e-20,1.343370e-12
4598,1149.500000,3,3.176215e-11,1.684951e-16,-1.081621e-20,3.906653e-12
4599,1149.750000,3,3.175948e-11,9.680934e-17,6.452009e-22,3.235634e-12
4600,1150.000000,3,3.175726e-11,1.548882e-16,-1.007506e-20,6.020073e-12
4601,1150.250000,3,3.175460e-11,1.355213e-16,-1.065409e-20,3.124168e-12
4602,1150.500000,3,3.175282e-11,1.263782e-16,-2.638706e-20,1.435740e-12
4603,1150.750000,3,3.175016e-11,1.685066e-16,-6.359365e-21,2.815082e-12
4604,1151.000000,3,3.174772e-11,1.263816e-16,-3.854993e-20,1.221245e-13
4605,1151.250000,3,3.174572e-11,1.685111e-16,-3.949291e-20,3.427036e-12
4606,1151.500000,3,3.174350e-11,1.935600e-16,-5.257560e-21,2.967848e-12
4607,1151.750000,3,3.174105e-11,1.685157e-16,4.112742e-21,2.660094e-12
4608,1152.000000,3,3.173839e-11,1.263885e-16,1.116032e-20,3.052225e-12
4609,1152.250000,3,3.173595e-11,1.263902e-16,2.248939e-20,4.000356e-12
4610,1152.500000,3,3.173373e-11,1.263919e-16,1.413817e-20,3.832490e-12
4611,1152.750000,3,3.173173e-11,1.685248e-16,-7.143532e-21,6.203038e-12
4612,1153.000000,3,3.172929e-11,1.685271e-16,-3.646212e-20,6.727507e-12
4613,1153.250000,3,3.172751e-11,1.354508e-16,1.541865e-20,3.937295e-12
4614,1153.500000,3,3.172484e-11,1.685317e-16,1.111069e-20,4.206413e-12
4615,1153.750000,3,3.172262e-11,1.354391e-16,4.238473e-21,4.979128e-12
4616,1154.000000,3,3.171996e-11,1.685362e-16,6.476162e-20,6.003642e-12
4617,1154.250000,3,3.171818e-11,1.354273e-16,-1.098496e-20,3.584688e-12
4618,1154.500000,3,3.171574e-11,1.264056e-16,-2.999357e-20,4.051870e-12
4619,1154.750000,3,3.171374e-11,1.354156e-16,-1.667265e-20,3.569145e-12
4620,1155.000000,3,3.171086e-11,1.685454e-16,-1.065078e-20,3.463008e-12
4621,1155.250000,3,3.170864e-11,1.685476e-16,-3.857970e-21,1.399769e-12
4622,1155.500000,3,3.170642e-11,1.264124e-16,-1.084930e-20,3.222311e-12
4623,1155.750000,3,3.170397e-11,1.685522e-16,-3.649521e-21,6.066259e-12
4624,1156.000000,3,3.170242e-11,1.353861e-16,1.766527e-20,2.084111e-12
4625,1156.250000,3,3.169975e-11,1.685568e-16,-1.574621e-20,3.169021e-12
4626,1156.500000,3,3.169731e-11,1.264193e-16,3.099611e-20,3.300915e-12
4627,1156.750000,3,3.169509e-11,1.264210e-16,-1.049527e-20,3.219203e-12
4628,1157.000000,3,3.169287e-11,1.685636e-16,1.063093e-20,2.584155e-12
4629,1157.250000,3,3.169087e-11,1.685659e-16,-1.148458e-20,1.816769e-12
4630,1157.500000,3,3.168843e-11,1.264261e-16,-7.626605e-21,4.479972e-12
4631,1157.750000,3,3.168621e-11,1.353449e-16,1.058791e-20,4.964473e-12
4632,1158.000000,3,3.168377e-11,1.264296e-16,-1.106437e-20,6.878942e-12
4633,1158.250000,3,3.168132e-11,1.546664e-16,-1.686456e-20,3.670841e-12
4634,1158.500000,3,3.167910e-11,1.264330e-16,1.610024e-20,3.932410e-12
4635,1158.750000,3,3.167711e-11,1.264347e-16,-4.552802e-21,5.853984e-12
4636,1159.000000,3,3.167466e-11,1.353155e-16,-5.863056e-21,2.425615e-12
4637,1159.250000,3,3.167266e-11,1.264381e-16,-1.122980e-20,3.761436e-12
4638,1159.500000,3,3.167044e-11,1.546328e-16,1.304960e-20,3.510081e-12
4639,1159.750000,3,3.166822e-11,1.264415e-16,1.320180e-21,3.622436e-12
4640,1160.000000,3,3.166578e-11,1.685910e-16,1.177905e-21,5.841994e-12
4641,1160.250000,3,3.166334e-11,1.264449e-16,-2.271107e-20,2.331024e-12
4642,1160.500000,3,3.166134e-11,1.685955e-16,-2.763114e-20,3.994138e-12
4643,1160.750000,3,3.165934e-11,1.264484e-16,-1.627891e-20,7.727152e-14
4644,1161.000000,3,3.165712e-11,1.545923e-16,-1.275843e-20,1.136868e-12
4645,1161.250000,3,3.165490e-11,1.159392e-16,-2.774364e-20,5.074163e-12
4646,1161.500000,3,3.165246e-11,1.159341e-16,-1.241102e-20,5.321521e-12
4647,1161.750000,3,3.165002e-11,1.264552e-16,-1.287093e-21,3.546941e-12
4648,1162.000000,3,3.164780e-11,1.352447e-16,2.899103e-20,3.286260e-12
4649,1162.250000,3,3.164558e-11,1.264586e-16,-1.591495e-21,6.104450e-12
4650,1162.500000,3,3.164358e-11,1.159139e-16,-9.026195e-21,4.079848e-12
4651,1162.750000,3,3.164136e-11,1.264620e-16,-5.446488e-20,-7.300827e-13
4652,1163.000000,3,3.163891e-11,1.264637e-16,3.469195e-20,3.427036e-12
4653,1163.250000,3,3.163736e-11,1.264654e-16,-1.939573e-20,4.001244e-12
4654,1163.500000,3,3.163514e-11,1.686229e-16,-1.584547e-20,5.762502e-12
4655,1163.750000,3,3.163247e-11,1.545182e-16,5.934194e-20,3.274270e-12
4656,1164.000000,3,3.163025e-11,1.264706e-16,-8.784658e-21,5.713652e-12
4657,1164.250000,3,3.162826e-11,1.351916e-16,2.118575e-20,4.362732e-12
4658,1164.500000,3,3.162581e-11,1.544980e-16,-4.880366e-21,3.810285e-12
4659,1164.750000,3,3.162337e-11,1.738026e-16,-1.538225e-20,4.970246e-12
4660,1165.000000,3,3.162115e-11,1.686365e-16,3.916204e-20,2.541523e-12
4661,1165.250000,3,3.161915e-11,1.686388e-16,3.127735e-20,1.659117e-12
4662,1165.500000,3,3.161715e-11,1.264808e-16,2.987446e-20,4.595435e-12
4663,1165.750000,3,3.161471e-11,1.264825e-16,3.050642e-21,3.673506e-12
4664,1166.000000,3,3.161227e-11,1.264842e-16,1.045887e-20,2.765344e-12
4665,1166.250000,3,3.161049e-11,1.264859e-16,7.738109e-20,4.946710e-12
4666,1166.500000,3,3.160783e-11,1.686502e-16,-1.435986e-21,4.257483e-12
4667,1166.750000,3,3.160605e-11,1.264894e-16,-2.339267e-21,2.152500e-12
4668,1167.000000,3,3.160383e-11,1.686547e-16,-1.859502e-21,2.658318e-12
4669,1167.250000,3,3.160139e-11,1.737267e-16,-1.656346e-20,4.116707e-12
4670,1167.500000,3,3.159983e-11,1.264945e-16,1.366502e-20,4.634071e-12
4671,1167.750000,3,3.159695e-11,1.264962e-16,-1.418118e-20,3.786305e-12
4672,1168.000000,3,3.159495e-11,9.650219e-17,5.452775e-21,1.907807e-12
4673,1168.250000,3,3.159273e-11,1.264996e-16,3.787825e-20,3.124168e-12
4674,1168.500000,3,3.159073e-11,1.265013e-16,2.220153e-20,4.003464e-12
4675,1168.750000,3,3.158807e-11,1.265030e-16,-1.411832e-20,3.275602e-12
4676,1169.000000,3,3.158629e-11,1.686729e-16,-7.477713e-21,4.308109e-12
4677,1169.250000,3,3.158385e-11,1.686752e-16,8.907081e-21,3.237854e-12
4678,1169.500000,3,3.158207e-11,1.265081e-16,-6.346130e-21,3.850253e-12
4679,1169.750000,3,3.157963e-11,9.647266e-17,3.123434e-20,4.579004e-12
4680,1170.000000,3,3.157696e-11,1.265115e-16,3.798413e-20,4.458656e-12
4681,1170.250000,3,3.157496e-11,1.265132e-16,-3.370926e-20,6.414869e-12
4682,1170.500000,3,3.157297e-11,1.350440e-16,3.083398e-20,7.500667e-13
4683,1170.750000,3,3.157097e-11,1.265167e-16,4.920070e-21,4.788170e-12
4684,1171.000000,3,3.156853e-11,1.265184e-16,-2.213535e-20,2.649436e-12
4685,1171.250000,3,3.156653e-11,1.265201e-16,6.925156e-21,7.374545e-12
4686,1171.500000,3,3.156453e-11,1.686957e-16,7.166693e-21,6.096457e-12
4687,1171.750000,3,3.156231e-11,1.686980e-16,2.083833e-20,4.034106e-12
4688,1172.000000,3,3.156009e-11,1.265252e-16,-1.786048e-20,3.311573e-12
4689,1172.250000,3,3.155787e-11,1.265269e-16,5.727399e-21,6.028067e-12
4690,1172.500000,3,3.155520e-11,1.253541e-16,-7.805276e-21,2.322142e-12
4691,1172.750000,3,3.155365e-11,1.542752e-16,-7.279189e-22,5.310419e-12
4692,1173.000000,3,3.155121e-11,1.687093e-16,-2.741607e-20,4.208189e-12
4693,1173.250000,3,3.154921e-11,1.542617e-16,-3.667388e-20,5.132783e-12
4694,1173.500000,3,3.154654e-11,1.687139e-16,2.552018e-20,1.708411e-12
4695,1173.750000,3,3.154477e-11,1.349672e-16,1.312570e-20,1.713296e-12
4696,1174.000000,3,3.154277e-11,1.687184e-16,1.167979e-21,4.201084e-12
4697,1174.250000,3,3.154055e-11,1.542347e-16,-1.606385e-20,1.831868e-12
4698,1174.500000,3,3.153811e-11,1.265422e-16,-2.314451e-20,3.919531e-12
4699,1174.750000,3,3.153611e-11,1.265439e-16,-2.034864e-21,5.024425e-12
4700,1175.000000,3,3.153411e-11,1.156608e-16,3.659447e-21,1.988187e-12
4701,1175.250000,3,3.153189e-11,1.542077e-16,-2.115597e-20,5.285106e-12
4702,1175.500000,3,3.152989e-11,1.349258e-16,-8.761497e-21,1.818545e-12
4703,1175.750000,3,3.152723e-11,1.349199e-16,1.744689e-20,4.647394e-12
4704,1176.000000,3,3.152500e-11,1.265524e-16,-3.471512e-20,2.982503e-12
4705,1176.250000,3,3.152323e-11,1.687389e-16,5.214547e-21,1.324718e-12
4706,1176.500000,3,3.152123e-11,1.349022e-16,-8.804510e-21,4.782397e-12
4707,1176.750000,3,3.151857e-11,1.265576e-16,4.271561e-21,2.673861e-12
4708,1177.000000,3,3.151657e-11,1.734305e-16,-1.834356e-20,1.162626e-12
4709,1177.250000,3,3.151479e-11,1.687479e-16,2.366067e-20,1.805667e-12
4710,1177.500000,3,3.151257e-11,1.265627e-16,5.495788e-21,5.069722e-12
4711,1177.750000,3,3.151035e-11,1.445064e-16,2.761129e-20,4.526601e-12
4712,1178.000000,3,3.150813e-11,1.265661e-16,-3.573089e-20,1.738165e-12
4713,1178.250000,3,3.150569e-11,1.265678e-16,-1.386024e-20,1.641798e-12
4714,1178.500000,3,3.150435e-11,1.687593e-16,-7.600135e-21,2.369216e-12
4715,1178.750000,3,3.150191e-11,1.733773e-16,-2.258865e-20,2.348788e-12
4716,1179.000000,3,3.149947e-11,1.348431e-16,1.937257e-20,5.096368e-12
4717,1179.250000,3,3.149725e-11,1.265746e-16,2.201955e-20,2.329692e-12
4718,1179.500000,3,3.149525e-11,1.265763e-16,1.780093e-21,4.778400e-13
4719,1179.750000,3,3.149325e-11,1.540861e-16,-1.109415e-20,3.318679e-12
4720,1180.000000,3,3.149103e-11,1.265797e-16,9.049356e-21,3.073541e-12
4721,1180.250000,3,3.148881e-11,1.687752e-16,-3.841758e-20,4.344969e-12
4722,1180.500000,3,3.148681e-11,1.540658e-16,-2.306841e-20,5.325518e-12
4723,1180.750000,3,3.148459e-11,1.265848e-16,-2.771717e-20,2.864375e-13
4724,1181.000000,3,3.148282e-11,1.265865e-16,-1.575283e-20,7.579715e-12
4725,1181.250000,3,3.148037e-11,1.444177e-16,2.660213e-20,3.011813e-12
4726,1181.500000,3,3.147815e-11,1.265899e-16,-1.049858e-20,1.901146e-12
4727,1181.750000,3,3.147593e-11,1.265916e-16,-8.926933e-21,5.107914e-12
4728,1182.000000,3,3.147371e-11,1.687911e-16,-6.019228e-20,2.895906e-12
4729,1182.250000,3,3.147194e-11,1.347662e-16,-5.416379e-21,2.243983e-12
4730,1182.500000,3,3.146949e-11,1.687956e-16,-1.143494e-20,2.957634e-12
4731,1182.750000,3,3.146816e-11,1.265984e-16,1.503814e-20,3.716139e-12
4732,1183.000000,3,3.146550e-11,1.347485e-16,3.175712e-20,4.026113e-12
4733,1183.250000,3,3.146305e-11,1.688024e-16,4.370822e-21,2.065459e-12
4734,1183.500000,3,3.146150e-11,1.539847e-16,8.351215e-21,2.568168e-12
4735,1183.750000,3,3.145861e-11,1.266052e-16,-6.101284e-21,5.033307e-12
4736,1184.000000,3,3.145706e-11,1.347248e-16,3.746136e-20,2.544631e-12
4737,1184.250000,3,3.145484e-11,1.924556e-16,4.229209e-20,2.554845e-12
4738,1184.500000,3,3.145262e-11,1.539577e-16,-8.079900e-21,5.770495e-12
4739,1184.750000,3,3.145084e-11,1.539509e-16,-4.463797e-20,5.835332e-12
4740,1185.000000,3,3.144796e-11,1.539442e-16,3.347765e-20,6.405543e-12
4741,1185.250000,3,3.144618e-11,1.346952e-16,1.462455e-20,3.040235e-12
4742,1185.500000,3,3.144418e-11,1.688228e-16,1.528961e-20,2.826628e-12
4743,1185.750000,3,3.144152e-11,1.688251e-16,5.075580e-21,2.390532e-12
4744,1186.000000,3,3.143996e-11,1.266205e-16,-1.862811e-21,2.922551e-12
4745,1186.250000,3,3.143774e-11,1.688296e-16,-1.184523e-21,3.270717e-12
4746,1186.500000,3,3.143552e-11,1.539036e-16,-4.804265e-21,4.455991e-12
4747,1186.750000,3,3.143330e-11,1.688341e-16,1.283784e-20,3.949285e-12
4748,1187.000000,3,3.143152e-11,1.688364e-16,-1.243418e-20,6.497025e-12
4749,1187.250000,3,3.142975e-11,1.266290e-16,1.482308e-20,4.431122e-12
4750,1187.500000,3,3.142708e-11,1.688409e-16,1.041586e-20,1.694644e-12
4751,1187.750000,3,3.142531e-11,1.266324e-16,3.083729e-21,4.040324e-12
4752,1188.000000,3,3.142286e-11,1.688455e-16,-1.290402e-21,2.748912e-12
4753,1188.250000,3,3.142109e-11,1.346243e-16,2.276401e-21,4.164669e-12
4754,1188.500000,3,3.141887e-11,1.688500e-16,-2.141405e-20,7.160050e-12
4755,1188.750000,3,3.141665e-11,1.346124e-16,-2.747563e-20,2.839062e-12
4756,1189.000000,3,3.141465e-11,1.730655e-16,1.767850e-20,3.173906e-12
4757,1189.250000,3,3.141221e-11,1.538293e-16,7.024418e-21,4.408029e-12
4758,1189.500000,3,3.141065e-11,1.266443e-16,-5.406452e-21,6.490808e-12
4759,1189.750000,3,3.140821e-11,1.345888e-16,1.057468e-20,2.452705e-12
4760,1190.000000,3,3.140643e-11,1.266477e-16,1.285770e-20,5.832224e-12
4761,1190.250000,3,3.140466e-11,1.345770e-16,3.064870e-20,2.187583e-12
4762,1190.500000,3,3.140199e-11,1.537955e-16,1.141509e-20,2.990053e-12
4763,1190.750000,3,3.139977e-11,1.688704e-16,1.437309e-20,3.952394e-12
4764,1191.000000,3,3.139777e-11,1.345592e-16,-2.316106e-21,3.829825e-12
4765,1191.250000,3,3.139555e-11,1.266562e-16,2.954358e-20,2.100098e-12
4766,1191.500000,3,3.139378e-11,9.610528e-17,-2.095083e-20,3.364420e-12
4767,1191.750000,3,3.139156e-11,1.688794e-16,1.797960e-20,9.854340e-13
4768,1192.000000,3,3.138934e-11,1.537549e-16,-7.616679e-21,2.402523e-13
4769,1192.250000,3,3.138712e-11,1.688840e-16,2.630765e-20,1.909584e-12
4770,1192.500000,3,3.138512e-11,1.345237e-16,7.500874e-21,3.517631e-12
4771,1192.750000,3,3.138312e-11,1.153010e-16,2.722417e-20,3.957279e-12
4772,1193.000000,3,3.138112e-11,1.688907e-16,-7.338746e-21,2.692513e-12
4773,1193.250000,3,3.137890e-11,1.537211e-16,-5.181459e-21,4.866330e-12
4774,1193.500000,3,3.137690e-11,1.688953e-16,-2.907705e-20,3.747225e-12
4775,1193.750000,3,3.137468e-11,9.606725e-17,-2.202617e-20,2.648548e-12
4776,1194.000000,3,3.137268e-11,1.537008e-16,2.017659e-20,2.142286e-12
4777,1194.250000,3,3.137024e-11,1.344823e-16,2.131810e-20,3.411049e-12
4778,1194.500000,3,3.136824e-11,1.344764e-16,-8.020343e-21,5.043077e-12
4779,1194.750000,3,3.136624e-11,1.344705e-16,-2.290629e-20,-2.056133e-13
4780,1195.000000,3,3.136424e-11,1.266816e-16,2.086811e-20,5.480949e-12
4781,1195.250000,3,3.136180e-11,1.689111e-16,-9.529121e-22,1.584510e-12
4782,1195.500000,3,3.136003e-11,1.152452e-16,-1.141178e-20,4.958700e-12
4783,1195.750000,3,3.135803e-11,1.689156e-16,1.151435e-20,5.345946e-12
4784,1196.000000,3,3.135581e-11,1.728526e-16,-1.711602e-20,2.293277e-12
4785,1196.250000,3,3.135381e-11,1.266901e-16,-1.749983e-20,3.735234e-12
4786,1196.500000,3,3.135181e-11,1.689224e-16,-4.168990e-21,7.535750e-12
4787,1196.750000,3,3.134937e-11,1.266935e-16,-1.850238e-20,7.073453e-12
4788,1197.000000,3,3.134737e-11,1.344173e-16,1.352937e-20,1.807443e-12
4789,1197.250000,3,3.134537e-11,1.689292e-16,-2.640030e-20,2.081002e-12
4790,1197.500000,3,3.134359e-11,1.266986e-16,-4.334757e-20,4.186873e-12
4791,1197.750000,3,3.134137e-11,1.689337e-16,-1.666934e-20,6.603607e-13
4792,1198.000000,3,3.133960e-11,1.689360e-16,5.029589e-20,2.076561e-12
4793,1198.250000,3,3.133716e-11,1.267037e-16,5.321087e-20,4.988010e-12
4794,1198.500000,3,3.133516e-11,1.689405e-16,-9.036121e-21,1.419309e-12
4795,1198.750000,3,3.133294e-11,1.267071e-16,-6.571123e-21,2.304823e-13
4796,1199.000000,3,3.133094e-11,1.267088e-16,1.204375e-21,6.820322e-12
4797,1199.250000,3,3.132916e-11,1.343640e-16,3.246188e-20,2.207567e-12
4798,1199.500000,3,3.132672e-11,1.689495e-16,-1.885972e-21,2.902123e-12
4799,1199.750000,3,3.132494e-11,1.267138e-16,4.706658e-20,1.918909e-12
4800,1200.000000,3,3.132250e-11,1.267155e-16,3.002335e-20,1.508571e-12
4801,1200.250000,3,3.132028e-11,1.267172e-16,-4.135903e-21,2.374989e-12
4802,1200.500000,3,3.131961e-11,1.267189e-16,-5.657915e-21,2.179146e-12
4803,1200.750000,3,3.131828e-11,1.343287e-16,7.083975e-21,5.134115e-12
4804,1201.000000,3,3.131695e-11,1.267223e-16,3.705769e-22,3.863576e-14
4805,1201.250000,3,3.131495e-11,1.689654e-16,-3.832824e-20,1.734612e-12
4806,1201.500000,3,3.131384e-11,1.689676e-16,-3.746797e-20,1.933120e-12
4807,1201.750000,3,3.131162e-11,1.267274e-16,8.744953e-21,4.146017e-12
4808,1202.000000,3,3.131095e-11,1.342998e-16,-1.601091e-20,3.475886e-12
4809,1202.250000,3,3.130918e-11,1.342940e-16,2.620177e-20,1.249223e-12
4810,1202.500000,3,3.130740e-11,1.689766e-16,2.110965e-21,8.024692e-13
4811,1202.750000,3,3.130629e-11,1.342826e-16,4.125977e-21,3.571810e-12
4812,1203.000000,3,3.130474e-11,1.689812e-16,3.328575e-21,1.964207e-12
4813,1203.250000,3,3.130296e-11,1.689834e-16,-3.278613e-20,2.336353e-12
4814,1203.500000,3,3.130118e-11,1.689857e-16,-2.610582e-21,4.840572e-12
4815,1203.750000,3,3.129985e-11,1.342597e-16,-5.988788e-21,3.582912e-12
4816,1204.000000,3,3.129808e-11,1.534331e-16,-2.460366e-20,3.168577e-12
4817,1204.250000,3,3.129697e-11,1.342483e-16,-1.201066e-21,3.135714e-12
4818,1204.500000,3,3.129519e-11,1.534201e-16,1.452529e-21,5.492495e-12
4819,1204.750000,3,3.129386e-11,1.342369e-16,2.043798e-20,1.739053e-12
4820,1205.000000,3,3.129186e-11,1.267494e-16,-1.558077e-20,3.308465e-12
4821,1205.250000,3,3.129030e-11,1.534007e-16,-6.021875e-22,3.342659e-12
4822,1205.500000,3,3.128875e-11,1.267528e-16,2.951380e-21,1.251443e-12
4823,1205.750000,3,3.128697e-11,1.533877e-16,-7.308968e-21,4.822809e-12
4824,1206.000000,3,3.128520e-11,1.690082e-16,-1.243087e-20,5.963230e-12
4825,1206.250000,3,3.128409e-11,1.150311e-16,1.846267e-21,4.756195e-12
4826,1206.500000,3,3.128209e-11,1.437828e-16,-7.610062e-21,9.228174e-13
4827,1206.750000,3,3.128053e-11,1.690150e-16,-4.369830e-20,3.689937e-12
4828,1207.000000,3,3.127854e-11,1.150166e-16,9.926167e-21,3.867129e-12
4829,1207.250000,3,3.127720e-11,1.267646e-16,3.171080e-20,2.096101e-12
4830,1207.500000,3,3.127520e-11,1.341748e-16,1.455838e-22,2.310152e-12
4831,1207.750000,3,3.127409e-11,1.150022e-16,-1.969352e-20,3.164580e-12
4832,1208.000000,3,3.127210e-11,1.341636e-16,-4.056494e-21,2.214673e-12
4833,1208.250000,3,3.127076e-11,1.267714e-16,-3.074465e-20,1.529443e-12
4834,1208.500000,3,3.126877e-11,1.341524e-16,-1.684801e-20,3.479439e-12
4835,1208.750000,3,3.126699e-11,1.267748e-16,9.380228e-21,2.220002e-12
4836,1209.000000,3,3.126566e-11,1.341412e-16,4.656034e-20,3.722356e-12
4837,1209.250000,3,3.126410e-11,1.267782e-16,3.816280e-20,1.453504e-12
4838,1209.500000,3,3.126210e-11,1.341300e-16,-1.044895e-20,4.749534e-12
4839,1209.750000,3,3.126077e-11,1.724457e-16,-1.119341e-20,2.394085e-12
4840,1210.000000,3,3.125900e-11,1.267832e-16,-8.255263e-21,6.426859e-12
4841,1210.250000,3,3.125722e-11,1.532723e-16,-6.842438e-21,5.150103e-12
4842,1210.500000,3,3.125544e-11,9.579122e-17,2.750872e-20,1.427747e-12
4843,1210.750000,3,3.125389e-11,1.690511e-16,-1.333746e-20,4.736211e-12
4844,1211.000000,3,3.125256e-11,1.690533e-16,-3.353059e-20,5.114131e-12
4845,1211.250000,3,3.125100e-11,1.690556e-16,3.576398e-20,4.385825e-12
4846,1211.500000,3,3.124900e-11,1.690579e-16,-1.207353e-20,2.435385e-12
4847,1211.750000,3,3.124723e-11,1.267951e-16,-4.235165e-22,3.743228e-12
4848,1212.000000,3,3.124523e-11,1.267968e-16,7.289116e-21,3.891110e-12
4849,1212.250000,3,3.124367e-11,1.532215e-16,-1.888950e-20,4.445333e-12
4850,1212.500000,3,3.124256e-11,1.690669e-16,-8.430625e-21,1.962874e-12
4851,1212.750000,3,3.124012e-11,1.532089e-16,-8.162618e-21,2.228440e-12
4852,1213.000000,3,3.123879e-11,1.690714e-16,-2.053393e-20,3.742784e-12
4853,1213.250000,3,3.123701e-11,1.690736e-16,1.926007e-20,4.655831e-12
4854,1213.500000,3,3.123501e-11,1.690759e-16,-2.164897e-20,3.744116e-12
4855,1213.750000,3,3.123346e-11,2.106275e-16,-1.560724e-20,4.285905e-12
4856,1214.000000,3,3.123213e-11,1.340301e-16,-9.108913e-21,2.552181e-12
4857,1214.250000,3,3.122991e-11,1.531710e-16,9.304128e-21,6.814105e-12
4858,1214.500000,3,3.122835e-11,1.531647e-16,2.993732e-20,5.371703e-12
4859,1214.750000,3,3.122658e-11,1.723032e-16,1.690095e-20,4.126477e-12
4860,1215.000000,3,3.122480e-11,1.340081e-16,-1.400582e-20,3.405720e-12
4861,1215.250000,3,3.122347e-11,1.531458e-16,8.536504e-21,3.438583e-12
4862,1215.500000,3,3.122125e-11,1.690937e-16,-3.804369e-20,-1.060485e-12
4863,1215.750000,3,3.121992e-11,1.722749e-16,-1.369480e-20,1.148859e-12
4864,1216.000000,3,3.121836e-11,1.531270e-16,-8.979873e-21,2.850165e-12
4865,1216.250000,3,3.121614e-11,1.339806e-16,-4.954481e-20,6.215473e-12
4866,1216.500000,3,3.121459e-11,1.339751e-16,-1.550467e-20,3.779199e-12
4867,1216.750000,3,3.121281e-11,1.691048e-16,-4.059802e-21,2.061906e-12
4868,1217.000000,3,3.121103e-11,1.243953e-16,-2.986453e-20,2.768452e-12
4869,1217.250000,3,3.120948e-11,1.691092e-16,1.671236e-20,4.162004e-12
4870,1217.500000,3,3.120770e-11,1.339532e-16,-5.909378e-21,4.302336e-12
4871,1217.750000,3,3.120659e-11,1.268352e-16,-3.263062e-20,3.826717e-12
4872,1218.000000,3,3.120437e-11,1.268369e-16,-1.448228e-20,6.044942e-12
4873,1218.250000,3,3.120260e-11,1.530707e-16,-4.909482e-20,3.840039e-12
4874,1218.500000,3,3.120082e-11,1.691202e-16,-2.688006e-20,3.170353e-12
4875,1218.750000,3,3.119949e-11,1.268418e-16,-1.533262e-20,1.630251e-12
4876,1219.000000,3,3.119749e-11,1.268435e-16,2.895794e-20,1.037836e-12
4877,1219.250000,3,3.119549e-11,1.268451e-16,-4.963745e-20,4.705125e-12
4878,1219.500000,3,3.119394e-11,1.339095e-16,1.482308e-21,7.305268e-13
4879,1219.750000,3,3.119216e-11,1.691313e-16,-3.137661e-20,4.399592e-12
4880,1220.000000,3,3.119016e-11,1.338987e-16,-3.490702e-20,3.735234e-12
4881,1220.250000,3,3.118861e-11,1.268518e-16,-1.303306e-20,3.963052e-12
4882,1220.500000,3,3.118705e-11,1.268534e-16,-1.616311e-20,4.288125e-12
4883,1220.750000,3,3.118505e-11,1.338823e-16,-6.289881e-21,2.307043e-12
4884,1221.000000,3,3.118350e-11,1.691423e-16,1.582893e-20,4.969358e-12
4885,1221.250000,3,3.118172e-11,1.268584e-16,1.068717e-20,3.062439e-12
4886,1221.500000,3,3.118017e-11,1.338660e-16,2.564591e-20,6.228795e-12
4887,1221.750000,3,3.117839e-11,1.529836e-16,5.727399e-21,4.458212e-12
4888,1222.000000,3,3.117662e-11,1.720995e-16,-1.117686e-20,1.817657e-12
4889,1222.250000,3,3.117506e-11,1.268650e-16,-1.426390e-20,1.586287e-12
4890,1222.500000,3,3.117329e-11,1.268666e-16,-1.589179e-20,6.913581e-12
4891,1222.750000,3,3.117151e-11,1.338389e-16,-6.250177e-21,4.175327e-12
4892,1223.000000,3,3.116951e-11,1.691599e-16,-3.148580e-20,4.944933e-12
4893,1223.250000,3,3.116751e-11,1.691621e-16,-1.167648e-20,6.096013e-12
4894,1223.500000,3,3.116640e-11,1.338227e-16,1.138531e-20,6.299850e-12
4895,1223.750000,3,3.116463e-11,1.691666e-16,3.581692e-20,3.784972e-12
4896,1224.000000,3,3.116263e-11,1.338119e-16,-3.975761e-20,5.244249e-12
4897,1224.250000,3,3.116107e-11,1.720369e-16,-2.601318e-20,4.421796e-12
4898,1224.500000,3,3.115930e-11,1.691732e-16,-2.825318e-20,3.518075e-12
4899,1224.750000,3,3.115752e-11,1.691754e-16,4.882351e-20,4.540368e-12
4900,1225.000000,3,3.115552e-11,1.529032e-16,5.568249e-20,6.217249e-12
4901,1225.250000,3,3.115397e-11,1.268848e-16,1.686787e-20,3.694378e-12
4902,1225.500000,3,3.115175e-11,1.268865e-16,5.430275e-20,9.046097e-13
4903,1225.750000,3,3.115064e-11,1.528847e-16,2.175485e-20,-4.245493e-13
4904,1226.000000,3,3.114886e-11,1.337688e-16,-2.541761e-20,4.725553e-12
4905,1226.250000,3,3.114664e-11,1.337634e-16,-2.587421e-20,4.341860e-12
4906,1226.500000,3,3.114486e-11,1.691908e-16,-3.244864e-20,5.296208e-12
4907,1226.750000,3,3.114375e-11,1.146451e-16,-7.868142e-21,4.046541e-12
4908,1227.000000,3,3.114153e-11,1.910675e-16,-1.427052e-20,1.670664e-12
4909,1227.250000,3,3.114020e-11,1.337419e-16,-1.631200e-21,4.162448e-12
4910,1227.500000,3,3.113798e-11,1.268997e-16,2.399486e-20,4.146905e-12
4911,1227.750000,3,3.113687e-11,1.269014e-16,-3.049980e-20,4.487521e-12
4912,1228.000000,3,3.113487e-11,1.269030e-16,1.320180e-21,3.421263e-12
4913,1228.250000,3,3.113287e-11,2.292350e-16,-9.185014e-21,2.640554e-12
4914,1228.500000,3,3.113110e-11,1.692084e-16,-9.979107e-21,5.058176e-12
4915,1228.750000,3,3.112932e-11,1.269080e-16,6.220398e-22,3.459899e-12
4916,1229.000000,3,3.112732e-11,1.692128e-16,-5.389909e-21,3.979039e-12
4917,1229.250000,3,3.112599e-11,1.692151e-16,-1.506792e-20,2.486011e-12
4918,1229.500000,3,3.112421e-11,1.336936e-16,3.447689e-21,1.834088e-12
4919,1229.750000,3,3.112266e-11,1.336883e-16,-1.637156e-20,2.773337e-12
4920,1230.000000,3,3.112088e-11,1.527805e-16,5.856439e-22,3.865352e-12
4921,1230.250000,3,3.111889e-11,1.336776e-16,5.591741e-21,3.057110e-12
4922,1230.500000,3,3.111711e-11,1.269195e-16,-2.611906e-20,5.014655e-12
4923,1230.750000,3,3.111555e-11,1.336669e-16,6.518183e-22,4.083400e-12
4924,1231.000000,3,3.111422e-11,1.692305e-16,4.590852e-20,3.082867e-12
4925,1231.250000,3,3.111178e-11,1.269245e-16,1.855532e-20,4.121148e-12
4926,1231.500000,3,3.111023e-11,1.692349e-16,2.128170e-20,6.037837e-12
4927,1231.750000,3,3.110867e-11,1.527378e-16,2.350186e-20,4.586997e-12
4928,1232.000000,3,3.110689e-11,1.336403e-16,2.725726e-20,2.520206e-12
4929,1232.250000,3,3.110490e-11,1.269311e-16,-1.515726e-20,5.287770e-12
4930,1232.500000,3,3.110356e-11,1.269328e-16,-8.205632e-21,6.317613e-12
4931,1232.750000,3,3.110157e-11,1.269344e-16,2.136111e-20,2.613909e-12
4932,1233.000000,3,3.110001e-11,1.717958e-16,2.251586e-20,2.836398e-12
4933,1233.250000,3,3.109801e-11,1.269377e-16,-5.773721e-21,3.127720e-12
4934,1233.500000,3,3.109624e-11,1.692525e-16,-1.063423e-20,3.236966e-12
4935,1233.750000,3,3.109468e-11,1.692547e-16,1.131583e-21,3.476330e-12
4936,1234.000000,3,3.109246e-11,1.335977e-16,-1.601753e-20,1.943778e-12
4937,1234.250000,3,3.109135e-11,1.335924e-16,-2.312797e-21,1.068035e-12
4938,1234.500000,3,3.108980e-11,1.269460e-16,-1.126289e-20,4.944933e-12
4939,1234.750000,3,3.108780e-11,1.335818e-16,-1.528630e-21,5.381029e-12
4940,1235.000000,3,3.108624e-11,1.692657e-16,2.222138e-20,3.791190e-12
4941,1235.250000,3,3.108402e-11,1.335712e-16,1.451867e-20,2.710276e-12
4942,1235.500000,3,3.108225e-11,1.335659e-16,4.738091e-21,2.243095e-12
4943,1235.750000,3,3.108069e-11,1.717207e-16,-1.706639e-20,4.382716e-12
4944,1236.000000,3,3.107914e-11,1.144759e-16,1.467088e-20,1.158629e-12
4945,1236.250000,3,3.107736e-11,1.692767e-16,2.306180e-20,4.517720e-12
4946,1236.500000,3,3.107536e-11,1.692789e-16,2.756497e-20,6.221246e-12
4947,1236.750000,3,3.107381e-11,1.335394e-16,1.082945e-20,4.310774e-12
4948,1237.000000,3,3.107203e-11,1.269625e-16,-2.689330e-20,1.210587e-12
4949,1237.250000,3,3.107026e-11,1.335288e-16,2.118575e-20,1.567191e-12
4950,1237.500000,3,3.106848e-11,1.144487e-16,-1.468411e-20,2.863487e-12
4951,1237.750000,3,3.106693e-11,1.335182e-16,1.641788e-20,3.359535e-12
4952,1238.000000,3,3.106515e-11,1.692921e-16,2.599332e-20,4.059419e-12
4953,1238.250000,3,3.106293e-11,1.335077e-16,1.797960e-20,2.014389e-12
4954,1238.500000,3,3.106160e-11,1.692965e-16,3.768635e-21,3.909317e-12
4955,1238.750000,3,3.105960e-11,1.334971e-16,2.727380e-20,3.550937e-12
4956,1239.000000,3,3.105827e-11,1.269757e-16,-4.147814e-20,7.441603e-12
4957,1239.250000,3,3.105605e-11,1.693031e-16,7.179266e-20,3.047340e-12
4958,1239.500000,3,3.105471e-11,1.269790e-16,4.268252e-22,2.451372e-13
4959,1239.750000,3,3.105249e-11,1.693075e-16,-2.114274e-21,2.092548e-12
4960,1240.000000,3,3.105094e-11,1.693097e-16,3.887749e-21,3.916423e-12
4961,1240.250000,3,3.104939e-11,1.269839e-16,1.475359e-20,4.574119e-12
4962,1240.500000,3,3.104739e-11,1.334602e-16,6.918539e-21,4.435563e-12
4963,1240.750000,3,3.104561e-11,1.334550e-16,3.028805e-20,2.102762e-12
4964,1241.000000,3,3.104406e-11,1.269889e-16,5.505714e-21,1.777245e-12
4965,1241.250000,3,3.104206e-11,1.269905e-16,1.119672e-20,1.741718e-12
4966,1241.500000,3,3.104073e-11,1.906274e-16,-6.150915e-21,3.980816e-12
4967,1241.750000,3,3.103895e-11,1.334339e-16,5.214547e-21,3.689937e-12
4968,1242.000000,3,3.103739e-11,1.524899e-16,-2.582458e-20,4.402700e-12
4969,1242.250000,3,3.103562e-11,1.429537e-16,-4.462805e-20,2.568168e-12
4970,1242.500000,3,3.103384e-11,1.524779e-16,4.556111e-21,2.067235e-12
4971,1242.750000,3,3.103207e-11,1.270004e-16,2.912668e-20,5.210499e-12
4972,1243.000000,3,3.103007e-11,1.693360e-16,-5.790264e-21,4.097167e-12
4973,1243.250000,3,3.102829e-11,1.905749e-16,-2.768739e-20,5.127010e-12
4974,1243.500000,3,3.102674e-11,1.143405e-16,-5.478914e-20,1.676437e-12
4975,1243.750000,3,3.102518e-11,1.524480e-16,-3.197219e-20,2.998490e-12
4976,1244.000000,3,3.102363e-11,1.333867e-16,-2.409081e-20,2.680522e-12
4977,1244.250000,3,3.102163e-11,1.238542e-16,9.449711e-21,2.962075e-12
4978,1244.500000,3,3.101963e-11,1.270119e-16,-4.427071e-21,4.302780e-12
4979,1244.750000,3,3.101830e-11,1.270136e-16,-2.830281e-20,5.760281e-12
4980,1245.000000,3,3.101630e-11,1.270152e-16,-3.066524e-20,3.621103e-12
4981,1245.250000,3,3.101430e-11,1.524121e-16,6.021875e-21,1.850076e-12
4982,1245.500000,3,3.101275e-11,1.333553e-16,-3.984694e-20,1.218581e-12
4983,1245.750000,3,3.101097e-11,1.333501e-16,-1.198088e-20,-3.401723e-13
4984,1246.000000,3,3.100942e-11,1.270218e-16,-2.301216e-20,4.311218e-12
4985,1246.250000,3,3.100764e-11,1.142911e-16,-2.018321e-22,1.366907e-12
4986,1246.500000,3,3.100564e-11,1.270251e-16,-2.069937e-20,4.220180e-12
4987,1246.750000,3,3.100431e-11,1.693690e-16,-2.641684e-20,4.428458e-12
4988,1247.000000,3,3.100253e-11,2.095091e-16,4.298030e-21,3.667733e-12
4989,1247.250000,3,3.100098e-11,1.333188e-16,2.804142e-20,3.705924e-12
4990,1247.500000,3,3.099920e-11,1.523584e-16,-5.839895e-21,2.419842e-12
4991,1247.750000,3,3.099765e-11,1.713965e-16,1.205698e-20,3.432810e-12
4992,1248.000000,3,3.099587e-11,1.713898e-16,1.383046e-21,3.889777e-12
4993,1248.250000,3,3.099387e-11,1.270366e-16,1.610686e-20,4.002576e-12
4994,1248.500000,3,3.099188e-11,1.270383e-16,-2.289636e-20,3.448797e-12
4995,1248.750000,3,3.099054e-11,1.693865e-16,-5.035876e-21,4.205525e-12
4996,1249.000000,3,3.098855e-11,1.523226e-16,-3.818927e-20,4.319656e-12
4997,1249.250000,3,3.098655e-11,1.693909e-16,3.028805e-20,3.237854e-12
4998,1249.500000,3,3.098544e-11,1.693931e-16,-4.116051e-21,3.346212e-12
4999,1249.750000,3,3.098366e-11,1.693953e-16,-3.715695e-20,5.623058e-12
5000,1250.000000,3,3.098166e-11,1.270481e-16,-1.404222e-20,6.315837e-12
5001,1250.250000,3,3.097966e-11,1.047014e-16,-1.829062e-20,5.432099e-12
5002,1250.500000,3,3.097833e-11,1.332511e-16,-7.514109e-21,1.119105e-12
5003,1250.750000,3,3.097678e-11,1.332459e-16,2.516614e-20,1.057376e-12
5004,1251.000000,3,3.097456e-11,1.694063e-16,-3.245857e-21,5.230039e-12
5005,1251.250000,3,3.097322e-11,1.522692e-16,-5.145063e-21,5.494716e-12
5006,1251.500000,3,3.097145e-11,1.270580e-16,1.704985e-20,3.455902e-12
5007,1251.750000,3,3.096967e-11,1.522573e-16,3.343795e-20,4.296563e-12
5008,1252.000000,3,3.096767e-11,1.332200e-16,1.973984e-20,1.692868e-12
5009,1252.250000,3,3.096612e-11,1.694173e-16,-1.063754e-20,2.934541e-12
5010,1252.500000,3,3.096434e-11,1.694194e-16,-4.996171e-21,3.779199e-12
5011,1252.750000,3,3.096279e-11,1.270662e-16,1.445912e-20,3.129941e-12
5012,1253.000000,3,3.096079e-11,1.712562e-16,-3.246849e-20,4.806378e-12
5013,1253.250000,3,3.095924e-11,1.331941e-16,1.939242e-20,2.361222e-12
5014,1253.500000,3,3.095768e-11,1.331889e-16,-2.204602e-20,5.664802e-12
5015,1253.750000,3,3.095590e-11,9.513123e-17,-3.229975e-20,3.371081e-12
5016,1254.000000,3,3.095368e-11,1.270745e-16,2.045783e-20,5.221157e-12
5017,1254.250000,3,3.095257e-11,1.521981e-16,-1.384700e-20,3.908873e-12
5018,1254.500000,3,3.095058e-11,1.521922e-16,5.188077e-21,7.091217e-12
5019,1254.750000,3,3.094858e-11,1.694392e-16,-1.127613e-20,3.975931e-12
5020,1255.000000,3,3.094680e-11,1.331579e-16,-2.587421e-21,2.791545e-12
5021,1255.250000,3,3.094547e-11,1.694436e-16,2.183426e-20,3.854250e-12
5022,1255.500000,3,3.094347e-11,1.521686e-16,-4.900218e-21,2.594813e-12
5023,1255.750000,3,3.094214e-11,1.270860e-16,-9.267732e-21,3.427481e-12
5024,1256.000000,3,3.094058e-11,1.694501e-16,3.942343e-20,5.621281e-12
5025,1256.250000,3,3.093859e-11,1.694523e-16,-7.669619e-21,2.770673e-12
5026,1256.500000,3,3.093703e-11,1.141088e-16,1.455838e-22,3.426592e-12
5027,1256.750000,3,3.093525e-11,2.541851e-16,-1.172611e-20,2.721823e-12
5028,1257.000000,3,3.093326e-11,1.711499e-16,-3.286885e-20,4.364065e-12
5029,1257.250000,3,3.093170e-11,1.270958e-16,8.457095e-21,5.522693e-12
5030,1257.500000,3,3.092970e-11,1.270975e-16,-8.966638e-22,6.732392e-13
5031,1257.750000,3,3.092837e-11,1.045795e-16,1.030998e-20,2.345679e-12
5032,1258.000000,3,3.092659e-11,1.694677e-16,6.673693e-21,4.333867e-12
5033,1258.250000,3,3.092460e-11,1.694699e-16,1.820459e-20,4.406697e-12
5034,1258.500000,3,3.092326e-11,1.271040e-16,-2.669477e-20,4.891199e-12
5035,1258.750000,3,3.092149e-11,1.694742e-16,1.389333e-20,3.185896e-12
5036,1259.000000,3,3.091971e-11,1.271073e-16,-1.614326e-20,4.247269e-12
5037,1259.250000,3,3.091793e-11,1.694786e-16,-2.962299e-20,2.504219e-12
5038,1259.500000,3,3.091571e-11,1.425698e-16,1.238786e-20,3.825829e-12
5039,1259.750000,3,3.091438e-11,1.694830e-16,-2.169860e-20,3.090861e-12
5040,1260.000000,3,3.091261e-11,1.140470e-16,2.961307e-20,4.292566e-12
5041,1260.250000,3,3.091061e-11,1.271155e-16,-4.309280e-20,4.460432e-12
5042,1260.500000,3,3.090861e-11,1.045349e-16,-1.154413e-20,2.234213e-12
5043,1260.750000,3,3.090683e-11,1.271188e-16,-2.074238e-20,3.101519e-12
5044,1261.000000,3,3.090506e-11,1.520386e-16,-1.737079e-20,1.355804e-12
5045,1261.250000,3,3.090328e-11,1.330285e-16,-2.997372e-20,1.587175e-12
5046,1261.500000,3,3.090106e-11,1.045181e-16,1.852885e-21,6.676881e-12
5047,1261.750000,3,3.089951e-11,1.271254e-16,2.210227e-21,4.532374e-12
5048,1262.000000,3,3.089751e-11,1.695027e-16,2.179786e-20,6.632472e-12
5049,1262.250000,3,3.089551e-11,1.271287e-16,-4.243437e-20,4.016787e-12
5050,1262.500000,3,3.089395e-11,1.271303e-16,-1.544843e-20,6.296297e-12
5051,1262.750000,3,3.089196e-11,1.519955e-16,2.110965e-21,3.006928e-12
5052,1263.000000,3,3.089018e-11,1.695114e-16,1.727153e-20,4.654055e-12
5053,1263.250000,3,3.088862e-11,1.695136e-16,-1.571312e-20,4.728218e-12
5054,1263.500000,3,3.088640e-11,1.695158e-16,-1.505469e-21,5.021761e-12
5055,1263.750000,3,3.088485e-11,1.271385e-16,-4.525340e-20,5.407674e-12
5056,1264.000000,3,3.088263e-11,1.271401e-16,1.914096e-20,2.299938e-12
5057,1264.250000,3,3.088130e-11,1.329632e-16,-2.887522e-20,4.962253e-12
5058,1264.500000,3,3.087863e-11,1.695246e-16,6.481787e-21,4.213518e-12
5059,1264.750000,3,3.087730e-11,1.271451e-16,1.254006e-21,3.692602e-12
5060,1265.000000,3,3.087508e-11,1.695289e-16,4.134910e-20,2.835066e-12
5061,1265.250000,3,3.087330e-11,1.329411e-16,-6.088049e-22,4.284573e-12
5062,1265.500000,3,3.087131e-11,1.519263e-16,-7.656384e-21,4.114042e-12
5063,1265.750000,3,3.086975e-11,1.695355e-16,-1.308269e-20,4.452438e-12
5064,1266.000000,3,3.086797e-11,1.709028e-16,8.132840e-21,3.478107e-12
5065,1266.250000,3,3.086642e-11,1.234246e-16,1.839650e-20,5.365042e-12
5066,1266.500000,3,3.086464e-11,1.519009e-16,7.183236e-21,6.517009e-12
5067,1266.750000,3,3.086242e-11,1.695442e-16,1.956448e-20,6.446399e-12
5068,1267.000000,3,3.086087e-11,1.695464e-16,-3.262400e-21,3.832490e-12
5069,1267.250000,3,3.085865e-11,9.492603e-17,-3.069171e-20,5.925482e-12
5070,1267.500000,3,3.085687e-11,1.271631e-16,9.350450e-21,3.796075e-12
5071,1267.750000,3,3.085510e-11,9.491801e-17,-1.937588e-20,3.964384e-12
5072,1268.000000,3,3.085332e-11,1.708452e-16,-1.253013e-20,3.418155e-12
5073,1268.250000,3,3.085110e-11,1.271680e-16,-3.427506e-20,6.278089e-12
5074,1268.500000,3,3.084955e-11,1.328683e-16,-2.511320e-20,5.734524e-12
5075,1268.750000,3,3.084777e-11,1.138823e-16,-7.196471e-21,3.173906e-12
5076,1269.000000,3,3.084599e-11,2.119549e-16,-1.653699e-20,2.887912e-12
5077,1269.250000,3,3.084422e-11,1.695661e-16,6.722993e-20,4.635847e-12
5078,1269.500000,3,3.084222e-11,1.271762e-16,-1.476683e-20,4.375167e-12
5079,1269.750000,3,3.084044e-11,1.695705e-16,2.937484e-20,3.684608e-12
5080,1270.000000,3,3.083866e-11,1.518107e-16,-7.464478e-21,5.822454e-12
5081,1270.250000,3,3.083711e-11,1.695748e-16,-1.181876e-20,1.520561e-12
5082,1270.500000,3,3.083489e-11,1.328229e-16,1.724175e-20,3.073986e-12
5083,1270.750000,3,3.083311e-11,1.271844e-16,1.004197e-20,4.057199e-12
5084,1271.000000,3,3.083156e-11,1.271860e-16,1.644435e-21,8.282264e-13
5085,1271.250000,3,3.082978e-11,1.695836e-16,5.624828e-21,5.402345e-12
5086,1271.500000,3,3.082801e-11,1.328001e-16,1.750645e-20,4.570122e-12
5087,1271.750000,3,3.082623e-11,1.138238e-16,7.517417e-21,2.347011e-12
5088,1272.000000,3,3.082423e-11,1.271926e-16,-3.082075e-20,6.331824e-12
5089,1272.250000,3,3.082246e-11,1.695923e-16,1.753292e-20,1.593392e-12
5090,1272.500000,3,3.082046e-11,1.517454e-16,-2.495108e-20,5.877521e-12
5091,1272.750000,3,3.081913e-11,1.327715e-16,5.062345e-21,3.045564e-12
5092,1273.000000,3,3.081735e-11,1.695989e-16,-9.459637e-21,2.608136e-12
5093,1273.250000,3,3.081535e-11,1.327600e-16,3.135676e-20,3.941736e-12
5094,1273.500000,3,3.081380e-11,1.327543e-16,2.433565e-20,3.902656e-12
5095,1273.750000,3,3.081180e-11,1.706766e-16,5.740633e-21,2.204903e-12
5096,1274.000000,3,3.081002e-11,1.272057e-16,-1.209007e-20,5.353051e-12
5097,1274.250000,3,3.080802e-11,1.327370e-16,2.240005e-21,3.765432e-12
5098,1274.500000,3,3.080647e-11,1.696120e-16,2.929543e-20,3.169465e-12
5099,1274.750000,3,3.080403e-11,1.272106e-16,-5.727399e-21,5.019984e-12
5100,1275.000000,3,3.080292e-11,1.272122e-16,8.728410e-21,3.155254e-12
5101,1275.250000,3,3.080092e-11,1.516730e-16,2.705211e-20,3.889777e-12
5102,1275.500000,3,3.079892e-11,1.706247e-16,1.283784e-21,2.368328e-12
5103,1275.750000,3,3.079759e-11,1.706172e-16,1.684140e-21,3.442580e-12
5104,1276.000000,3,3.079625e-11,1.326965e-16,-1.351282e-20,5.373479e-12
5105,1276.250000,3,3.079381e-11,1.326907e-16,8.129531e-21,5.863310e-12
5106,1276.500000,3,3.079226e-11,1.326849e-16,3.077112e-21,4.733991e-12
5107,1276.750000,3,3.079026e-11,1.272237e-16,8.089826e-21,2.465583e-12
5108,1277.000000,3,3.078848e-11,1.696338e-16,-5.422996e-21,2.453149e-12
5109,1277.250000,3,3.078693e-11,1.696360e-16,-5.838241e-20,1.555645e-12
5110,1277.500000,3,3.078471e-11,1.516133e-16,7.907847e-22,3.590461e-12
5111,1277.750000,3,3.078315e-11,9.475414e-17,-2.228094e-20,4.817036e-12
5112,1278.000000,3,3.078204e-11,1.326500e-16,2.329341e-20,5.743850e-12
5113,1278.250000,3,3.077960e-11,1.272335e-16,1.172280e-20,1.191935e-12
5114,1278.500000,3,3.077827e-11,1.326383e-16,-1.662633e-20,2.415845e-12
5115,1278.750000,3,3.077605e-11,1.696491e-16,-1.007506e-20,1.769696e-12
5116,1279.000000,3,3.077427e-11,1.272384e-16,-8.086518e-21,2.271072e-12
5117,1279.250000,3,3.077227e-11,1.272401e-16,-1.169303e-20,3.294698e-12
5118,1279.500000,3,3.077072e-11,1.705049e-16,-3.289863e-20,4.479972e-12
5119,1279.750000,3,3.076894e-11,1.272433e-16,-3.841427e-21,1.545875e-12
5120,1280.000000,3,3.076739e-11,1.231315e-16,-1.592488e-20,5.121237e-12
5121,1280.250000,3,3.076561e-11,1.136549e-16,1.045887e-20,4.664269e-12
5122,1280.500000,3,3.076384e-11,1.272482e-16,-3.275635e-21,5.000445e-12
5123,1280.750000,3,3.076228e-11,1.325856e-16,-1.278490e-20,5.106582e-12
5124,1281.000000,3,3.076028e-11,1.325797e-16,-1.476021e-20,3.320455e-12
5125,1281.250000,3,3.075851e-11,1.420434e-16,1.353598e-20,4.198863e-12
5126,1281.500000,3,3.075695e-11,1.272548e-16,6.643915e-21,3.084644e-12
5127,1281.750000,3,3.075473e-11,1.696752e-16,4.476701e-21,3.012257e-12
5128,1282.000000,3,3.075362e-11,1.704294e-16,-1.625575e-20,2.858158e-12
5129,1282.250000,3,3.075162e-11,1.325503e-16,-5.262854e-20,1.849187e-12
5130,1282.500000,3,3.075007e-11,1.696818e-16,-5.647989e-21,3.093970e-12
5131,1282.750000,3,3.074763e-11,1.696839e-16,4.202078e-22,5.542233e-12
5132,1283.000000,3,3.074585e-11,1.696861e-16,-4.440306e-21,6.611600e-12
5133,1283.250000,3,3.074430e-11,1.272662e-16,-1.212316e-20,6.728840e-12
5134,1283.500000,3,3.074230e-11,1.272679e-16,2.084495e-22,2.951861e-12
5135,1283.750000,3,3.074097e-11,1.272695e-16,-1.329776e-20,3.377743e-12
5136,1284.000000,3,3.073874e-11,1.135791e-16,2.775026e-20,4.546141e-12
5137,1284.250000,3,3.073763e-11,1.272728e-16,-3.069502e-20,6.169287e-12
5138,1284.500000,3,3.073541e-11,9.464083e-17,2.140743e-21,2.249756e-12
5139,1284.750000,3,3.073364e-11,1.697014e-16,-7.983947e-21,2.995826e-12
5140,1285.000000,3,3.073208e-11,1.514118e-16,8.950094e-21,2.894573e-12
5141,1285.250000,3,3.073009e-11,1.324794e-16,-5.386600e-21,7.392309e-12
5142,1285.500000,3,3.072831e-11,1.272809e-16,-3.311369e-20,3.617107e-12
5143,1285.750000,3,3.072653e-11,1.324675e-16,-2.438528e-20,3.395506e-12
5144,1286.000000,3,3.072498e-11,1.513847e-16,-4.260642e-20,2.929212e-12
5145,1286.250000,3,3.072298e-11,1.513779e-16,5.915996e-21,3.047784e-12
5146,1286.500000,3,3.072143e-11,1.324497e-16,1.187170e-20,1.859846e-12
5147,1286.750000,3,3.071965e-11,1.892054e-16,7.940934e-23,3.357314e-12
5148,1287.000000,3,3.071787e-11,1.697210e-16,2.769401e-20,2.013056e-12
5149,1287.250000,3,3.071610e-11,1.272924e-16,-8.476947e-21,2.013056e-12
5150,1287.500000,3,3.071454e-11,1.324259e-16,4.764891e-20,3.178346e-12
5151,1287.750000,3,3.071321e-11,1.324200e-16,-2.768408e-20,4.244605e-12
5152,1288.000000,3,3.071143e-11,1.513303e-16,6.276646e-21,2.831957e-12
5153,1288.250000,3,3.070921e-11,1.272989e-16,9.777275e-21,5.306866e-12
5154,1288.500000,3,3.070766e-11,1.273005e-16,3.404675e-20,6.803891e-12
5155,1288.750000,3,3.070610e-11,1.273021e-16,7.891303e-21,4.384937e-12
5156,1289.000000,3,3.070411e-11,1.273038e-16,2.205925e-20,6.485035e-12
5157,1289.250000,3,3.070233e-11,1.323842e-16,5.906070e-21,5.394352e-12
5158,1289.500000,3,3.070033e-11,1.273070e-16,3.110199e-21,2.286171e-12
5159,1289.750000,3,3.069878e-11,1.273087e-16,-2.454741e-20,4.591438e-12
5160,1290.000000,3,3.069700e-11,1.697471e-16,-3.199535e-20,2.068568e-12
5161,1290.250000,3,3.069567e-11,1.512689e-16,-7.567048e-21,4.510170e-12
5162,1290.500000,3,3.069389e-11,1.273136e-16,-1.617634e-20,4.475975e-12
5163,1290.750000,3,3.069189e-11,1.697536e-16,1.417126e-20,3.298695e-12
5164,1291.000000,3,3.069012e-11,1.512483e-16,7.428082e-21,4.254819e-12
5165,1291.250000,3,3.068856e-11,1.697580e-16,-2.549040e-20,2.194689e-12
5166,1291.500000,3,3.068656e-11,1.323303e-16,3.030790e-20,4.331646e-12
5167,1291.750000,3,3.068479e-11,1.701313e-16,-3.387470e-20,5.761613e-12
5168,1292.000000,3,3.068323e-11,1.323183e-16,-1.760240e-21,1.606271e-12
5169,1292.250000,3,3.068168e-11,1.701158e-16,-7.907847e-21,1.174616e-12
5170,1292.500000,3,3.067968e-11,1.512072e-16,3.327251e-20,5.437872e-12
5171,1292.750000,3,3.067813e-11,1.697710e-16,-2.409412e-20,7.382983e-12
5172,1293.000000,3,3.067635e-11,1.273299e-16,6.895378e-21,4.373835e-12
5173,1293.250000,3,3.067480e-11,1.511866e-16,-1.222573e-20,5.046630e-12
5174,1293.500000,3,3.067235e-11,1.697775e-16,2.857413e-20,2.652989e-12
5175,1293.750000,3,3.067102e-11,1.273348e-16,-2.506688e-20,3.142375e-12
5176,1294.000000,3,3.066902e-11,1.273364e-16,-4.499863e-21,3.746337e-12
5177,1294.250000,3,3.066769e-11,1.700540e-16,2.345884e-21,4.395151e-12
5178,1294.500000,3,3.066569e-11,1.697862e-16,-1.920052e-20,1.058265e-12
5179,1294.750000,3,3.066414e-11,1.273413e-16,-7.219632e-21,1.799005e-12
5180,1295.000000,3,3.066281e-11,1.273429e-16,2.239674e-20,7.972289e-12
5181,1295.250000,3,3.066059e-11,1.697927e-16,3.548274e-20,6.546763e-12
5182,1295.500000,3,3.065925e-11,1.889058e-16,2.145707e-20,3.876899e-12
5183,1295.750000,3,3.065725e-11,1.273478e-16,2.624148e-20,2.957634e-12
5184,1296.000000,3,3.065548e-11,1.697993e-16,4.203732e-20,3.550493e-12
5185,1296.250000,3,3.065370e-11,1.273511e-16,1.651053e-20,1.748823e-12
5186,1296.500000,3,3.065193e-11,1.273527e-16,4.996171e-22,2.446932e-12
5187,1296.750000,3,3.065037e-11,1.273543e-16,2.888846e-20,1.557421e-12
5188,1297.000000,3,3.064859e-11,1.321978e-16,-1.813180e-21,5.337508e-12
5189,1297.250000,3,3.064704e-11,1.321918e-16,-1.041586e-20,4.935163e-12
5190,1297.500000,3,3.064504e-11,1.321857e-16,-3.419896e-20,7.692957e-12
5191,1297.750000,3,3.064327e-11,1.273609e-16,7.146840e-21,5.146106e-12
5192,1298.000000,3,3.064171e-11,1.321736e-16,1.396281e-20,5.305534e-12
5193,1298.250000,3,3.063994e-11,1.273641e-16,-1.254668e-20,2.875922e-12
5194,1298.500000,3,3.063816e-11,1.321615e-16,2.259857e-21,5.160317e-12
5195,1298.750000,3,3.063683e-11,1.273674e-16,1.621936e-20,9.876544e-13
5196,1299.000000,3,3.063483e-11,1.321494e-16,2.855427e-20,3.489653e-12
5197,1299.250000,3,3.063350e-11,1.510210e-16,9.635000e-21,4.716671e-12
5198,1299.500000,3,3.063150e-11,1.321373e-16,4.651402e-20,1.616041e-12
5199,1299.750000,3,3.062994e-11,1.510071e-16,-1.400582e-20,2.366551e-12
5200,1300.000000,3,3.062839e-11,1.038126e-16,2.624148e-20,4.706013e-12
5201,1300.250000,3,3.062639e-11,1.509932e-16,3.375890e-20,5.177636e-12
5202,1300.500000,3,3.062528e-11,1.273788e-16,-4.757943e-21,2.334577e-12
5203,1300.750000,3,3.062262e-11,1.273804e-16,-1.687448e-22,3.062883e-12
5204,1301.000000,3,3.062106e-11,1.698427e-16,1.384700e-20,5.089262e-12
5205,1301.250000,3,3.061928e-11,1.320948e-16,-1.882001e-20,4.706902e-12
5206,1301.500000,3,3.061817e-11,1.320887e-16,1.995160e-20,4.979572e-12
5207,1301.750000,3,3.061618e-11,1.698492e-16,1.014785e-20,5.171419e-12
5208,1302.000000,3,3.061462e-11,1.698126e-16,-1.120995e-20,1.406875e-12
5209,1302.250000,3,3.061262e-11,1.698536e-16,1.955786e-20,5.117684e-12
5210,1302.500000,3,3.061085e-11,1.273918e-16,-1.464771e-20,1.389111e-12
5211,1302.750000,3,3.060907e-11,1.273934e-16,-1.835679e-20,3.266720e-12
5212,1303.000000,3,3.060729e-11,1.698601e-16,5.720781e-21,5.225154e-12
5213,1303.250000,3,3.060552e-11,1.698622e-16,-1.323820e-20,5.225598e-12
5214,1303.500000,3,3.060396e-11,1.698644e-16,1.540210e-20,5.688339e-12
5215,1303.750000,3,3.060219e-11,1.320338e-16,-1.601091e-20,2.940759e-12
5216,1304.000000,3,3.060086e-11,1.508888e-16,4.268252e-22,5.256684e-12
5217,1304.250000,3,3.059886e-11,1.320216e-16,-2.862045e-21,3.853806e-12
5218,1304.500000,3,3.059752e-11,1.320155e-16,8.754880e-21,2.747136e-12
5219,1304.750000,3,3.059530e-11,1.698753e-16,-1.161362e-21,3.097522e-12
5220,1305.000000,3,3.059331e-11,1.698774e-16,4.384057e-21,5.135448e-12
5221,1305.250000,3,3.059175e-11,1.274097e-16,-3.476806e-20,1.278533e-12
5222,1305.500000,3,3.059042e-11,1.274113e-16,2.127509e-21,4.994227e-12
5223,1305.750000,3,3.058886e-11,1.698839e-16,-3.563494e-21,1.554756e-12
5224,1306.000000,3,3.058687e-11,1.508330e-16,1.989535e-20,2.965628e-12
5225,1306.250000,3,3.058509e-11,1.274162e-16,1.323489e-20,7.443379e-12
5226,1306.500000,3,3.058354e-11,1.508190e-16,3.714703e-20,5.631939e-12
5227,1306.750000,3,3.058198e-11,1.274195e-16,2.361104e-20,-8.553158e-13
5228,1307.000000,3,3.058021e-11,1.508050e-16,-2.285996e-20,2.950085e-12
5229,1307.250000,3,3.057821e-11,1.319483e-16,2.940131e-20,3.318679e-12
5230,1307.500000,3,3.057665e-11,1.319421e-16,1.733771e-21,5.229595e-12
5231,1307.750000,3,3.057532e-11,1.274260e-16,-1.577599e-20,1.936229e-12
5232,1308.000000,3,3.057399e-11,1.274276e-16,-1.845936e-20,3.156142e-12
5233,1308.250000,3,3.057155e-11,1.274292e-16,1.457161e-20,2.832845e-12
5234,1308.500000,3,3.056999e-11,1.274308e-16,-6.207163e-21,1.356693e-12
5235,1308.750000,3,3.056821e-11,1.319115e-16,6.789498e-21,4.004352e-12
5236,1309.000000,3,3.056666e-11,2.072798e-16,1.522012e-21,1.402878e-12
5237,1309.250000,3,3.056488e-11,1.318992e-16,3.919182e-20,1.026734e-12
5238,1309.500000,3,3.056289e-11,1.318931e-16,-1.350951e-20,2.428280e-12
5239,1309.750000,3,3.056155e-11,1.699186e-16,1.169964e-20,5.426770e-12
5240,1310.000000,3,3.055978e-11,1.699208e-16,-1.116363e-20,2.533085e-12
5241,1310.250000,3,3.055822e-11,1.412942e-16,3.041378e-20,2.830625e-12
5242,1310.500000,3,3.055622e-11,1.274438e-16,2.580804e-20,3.633538e-12
5243,1310.750000,3,3.055511e-11,1.318623e-16,4.782427e-20,3.824496e-12
5244,1311.000000,3,3.055312e-11,1.274471e-16,9.095678e-21,1.801670e-12
5245,1311.250000,3,3.055112e-11,1.274487e-16,3.844735e-21,4.301892e-12
5246,1311.500000,3,3.054956e-11,1.699338e-16,-5.224473e-21,4.088285e-12
5247,1311.750000,3,3.054756e-11,1.318377e-16,1.833694e-20,5.839329e-12
5248,1312.000000,3,3.054579e-11,1.318316e-16,-8.205632e-22,2.909673e-12
5249,1312.250000,3,3.054423e-11,1.506576e-16,-6.498331e-21,1.109779e-12
5250,1312.500000,3,3.054290e-11,1.274568e-16,1.445912e-21,3.965273e-12
5251,1312.750000,3,3.054135e-11,1.274585e-16,-4.800956e-20,3.953282e-12
5252,1313.000000,3,3.053913e-11,1.694660e-16,6.279955e-21,3.580247e-12
5253,1313.250000,3,3.053757e-11,1.274617e-16,9.714409e-21,2.262190e-12
5254,1313.500000,3,3.053602e-11,1.699511e-16,4.090574e-20,1.265654e-12
5255,1313.750000,3,3.053446e-11,1.317884e-16,-2.481542e-20,2.721823e-12
5256,1314.000000,3,3.053291e-11,1.317823e-16,4.602433e-21,4.002132e-12
5257,1314.250000,3,3.053091e-11,1.317761e-16,-2.105009e-20,2.410960e-12
5258,1314.500000,3,3.052913e-11,1.699598e-16,-4.377440e-21,-1.043610e-12
5259,1314.750000,3,3.052758e-11,1.317637e-16,-6.448700e-21,2.590372e-12
5260,1315.000000,3,3.052580e-11,1.317576e-16,-9.664778e-21,6.008527e-13
5261,1315.250000,3,3.052447e-11,1.505730e-16,3.218725e-20,2.340794e-12
5262,1315.500000,3,3.052270e-11,1.505660e-16,-1.300659e-20,2.562395e-12
5263,1315.750000,3,3.052070e-11,1.411490e-16,-1.447235e-20,3.832046e-12
5264,1316.000000,3,3.051936e-11,1.317329e-16,-4.929996e-21,4.278355e-12
5265,1316.250000,3,3.051781e-11,1.699749e-16,-3.388132e-21,2.894573e-12
5266,1316.500000,3,3.051559e-11,1.274828e-16,4.827426e-21,5.614620e-12
5267,1316.750000,3,3.051426e-11,1.411225e-16,-2.725064e-20,4.045209e-12
5268,1317.000000,3,3.051248e-11,1.699814e-16,-1.727153e-20,5.763834e-12
5269,1317.250000,3,3.051071e-11,1.505165e-16,-7.633223e-21,2.631229e-12
5270,1317.500000,3,3.050893e-11,1.699857e-16,6.184002e-21,4.519940e-12
5271,1317.750000,3,3.050737e-11,1.316895e-16,4.088257e-20,2.576162e-12
5272,1318.000000,3,3.050582e-11,1.274925e-16,5.800190e-21,2.027267e-12
5273,1318.250000,3,3.050404e-11,1.274942e-16,-7.576974e-21,3.693934e-12
5274,1318.500000,3,3.050205e-11,1.274958e-16,-1.670243e-20,2.153389e-12
5275,1318.750000,3,3.050071e-11,1.274974e-16,-2.309488e-21,5.371703e-12
5276,1319.000000,3,3.049894e-11,1.274990e-16,-2.364413e-20,1.824318e-12
5277,1319.250000,3,3.049738e-11,1.316524e-16,-4.478356e-20,6.515233e-12
5278,1319.500000,3,3.049561e-11,1.700030e-16,6.640606e-21,2.841727e-12
5279,1319.750000,3,3.049383e-11,1.700052e-16,-1.347643e-20,2.032152e-12
5280,1320.000000,3,3.049228e-11,1.034265e-16,-4.953158e-21,1.326494e-12
5281,1320.250000,3,3.049072e-11,1.700095e-16,-1.573628e-20,4.202860e-12
5282,1320.500000,3,3.048783e-11,1.275088e-16,-2.540768e-20,1.151523e-12
5283,1320.750000,3,3.048561e-11,1.316154e-16,1.883325e-20,5.802026e-12
5284,1321.000000,3,3.048362e-11,1.275120e-16,1.326798e-21,5.011991e-12
5285,1321.250000,3,3.048117e-11,1.316032e-16,3.168433e-20,3.645084e-12
5286,1321.500000,3,3.047984e-11,1.691964e-16,-6.395760e-21,2.701395e-12
5287,1321.750000,3,3.047718e-11,1.275169e-16,-6.604210e-21,2.247535e-12
5288,1322.000000,3,3.047496e-11,1.700247e-16,1.418118e-20,3.083755e-12
5289,1322.250000,3,3.047296e-11,1.879701e-16,1.907809e-20,3.279599e-12
5290,1322.500000,3,3.047074e-11,1.033789e-16,1.101805e-21,5.546674e-12
5291,1322.750000,3,3.046852e-11,1.315671e-16,2.558304e-20,4.355627e-12
5292,1323.000000,3,3.046652e-11,1.127667e-16,-6.657150e-21,2.585043e-12
5293,1323.250000,3,3.046474e-11,1.315551e-16,2.074238e-20,3.447465e-12
5294,1323.500000,3,3.046230e-11,1.503419e-16,2.951380e-21,4.809042e-12
5295,1323.750000,3,3.046030e-11,1.315432e-16,-3.467872e-20,4.588774e-12
5296,1324.000000,3,3.045830e-11,1.275315e-16,1.631531e-20,3.747225e-12
5297,1324.250000,3,3.045608e-11,1.127411e-16,-9.039430e-21,4.758860e-12
5298,1324.500000,3,3.045431e-11,1.275347e-16,-7.798659e-21,3.538059e-12
5299,1324.750000,3,3.045209e-11,1.033367e-16,-8.453786e-21,5.275780e-12
5300,1325.000000,3,3.045009e-11,1.275379e-16,1.144156e-20,2.067679e-12
5301,1325.250000,3,3.044831e-11,1.690811e-16,-6.746485e-21,4.469758e-12
5302,1325.500000,3,3.044587e-11,1.315016e-16,3.132368e-20,6.731504e-12
5303,1325.750000,3,3.044409e-11,1.275428e-16,-1.691750e-20,2.984279e-12
5304,1326.000000,3,3.044209e-11,1.690583e-16,1.570320e-20,4.506617e-12
5305,1326.250000,3,3.044009e-11,1.275460e-16,2.533489e-20,5.332179e-12
5306,1326.500000,3,3.043787e-11,1.314780e-16,-1.474036e-20,2.226219e-12
5307,1326.750000,3,3.043610e-11,1.700657e-16,-6.872217e-21,4.627410e-12
5308,1327.000000,3,3.043410e-11,1.275509e-16,-7.203089e-21,1.970868e-12
5309,1327.250000,3,3.043188e-11,1.700700e-16,1.201397e-20,3.542500e-12
5310,1327.500000,3,3.042988e-11,1.408441e-16,-3.180013e-20,4.188205e-12
5311,1327.750000,3,3.042788e-11,1.314486e-16,2.241659e-20,5.141221e-12
5312,1328.000000,3,3.042633e-11,1.700763e-16,2.848810e-20,5.644818e-12
5313,1328.250000,3,3.042389e-11,1.275588e-16,-3.520481e-21,3.426148e-12
5314,1328.500000,3,3.042233e-11,1.700806e-16,-2.494777e-21,4.797052e-12
5315,1328.750000,3,3.041967e-11,1.314251e-16,1.156068e-20,4.574563e-12
5316,1329.000000,3,3.041811e-11,1.275636e-16,-1.727153e-21,3.249845e-12
5317,1329.250000,3,3.041634e-11,1.314134e-16,-1.386686e-20,2.802203e-12
5318,1329.500000,3,3.041389e-11,1.275668e-16,-1.285108e-20,5.494716e-12
5319,1329.750000,3,3.041212e-11,1.275684e-16,2.416691e-20,3.709921e-12
5320,1330.000000,3,3.041034e-11,1.313959e-16,-2.370369e-20,4.067413e-12
5321,1330.250000,3,3.040834e-11,1.407751e-16,1.717227e-20,4.604317e-12
5322,1330.500000,3,3.040634e-11,1.700975e-16,-1.013131e-20,5.997425e-12
5323,1330.750000,3,3.040412e-11,1.275747e-16,-1.979609e-20,3.302247e-12
5324,1331.000000,3,3.040279e-11,1.701018e-16,2.667823e-20,6.243894e-13
5325,1331.250000,3,3.040102e-11,1.701039e-16,1.001219e-20,6.563639e-13
5326,1331.500000,3,3.039879e-11,1.501269e-16,2.896787e-20,4.040324e-12
5327,1331.750000,3,3.039657e-11,1.275811e-16,2.349855e-20,3.180123e-12
5328,1332.000000,3,3.039458e-11,1.313494e-16,-2.928881e-20,2.811973e-12
5329,1332.250000,3,3.039280e-11,1.275843e-16,-1.671897e-20,4.664269e-12
5330,1332.500000,3,3.039080e-11,1.275859e-16,1.217610e-21,4.483525e-12
5331,1332.750000,3,3.038925e-11,1.313320e-16,-1.439956e-20,6.883383e-12
5332,1333.000000,3,3.038680e-11,1.313262e-16,-1.802261e-20,9.469758e-12
5333,1333.250000,3,3.038525e-11,1.275906e-16,-8.106370e-22,2.952305e-12
5334,1333.500000,3,3.038281e-11,1.275922e-16,-1.459477e-20,3.081979e-12
5335,1333.750000,3,3.038148e-11,1.701251e-16,2.699918e-21,4.564349e-12
5336,1334.000000,3,3.037948e-11,1.313031e-16,1.330106e-20,2.294165e-12
5337,1334.250000,3,3.037726e-11,1.406757e-16,1.231837e-20,2.216893e-12
5338,1334.500000,3,3.037570e-11,1.275986e-16,-1.920383e-20,4.295231e-12
5339,1334.750000,3,3.037348e-11,1.312857e-16,-1.748991e-20,3.290701e-12
5340,1335.000000,3,3.037148e-11,1.701357e-16,1.095849e-20,2.212897e-12
5341,1335.250000,3,3.036926e-11,1.312742e-16,-3.873191e-20,6.064482e-12
5342,1335.500000,3,3.036749e-11,1.312684e-16,1.952146e-22,5.009770e-12
5343,1335.750000,3,3.036593e-11,1.312627e-16,2.410073e-20,4.356071e-12
5344,1336.000000,3,3.036416e-11,1.276081e-16,4.152447e-21,5.820677e-12
5345,1336.250000,3,3.036238e-11,1.701462e-16,8.913698e-21,9.023893e-13
5346,1336.500000,3,3.036038e-11,1.499948e-16,1.608701e-20,5.152323e-12
5347,1336.750000,3,3.035860e-11,1.276129e-16,-2.378971e-20,5.838441e-12
5348,1337.000000,3,3.035638e-11,1.499816e-16,-1.352937e-20,3.686385e-12
5349,1337.250000,3,3.035461e-11,1.276160e-16,1.056475e-20,-2.424727e-13
5350,1337.500000,3,3.035261e-11,1.701568e-16,5.436231e-21,4.446221e-12
5351,1337.750000,3,3.035106e-11,1.312167e-16,1.630208e-20,6.254108e-12
5352,1338.000000,3,3.034928e-11,1.499554e-16,1.169964e-20,4.237499e-12
5353,1338.250000,3,3.034728e-11,1.312052e-16,-1.743697e-21,7.072565e-12
5354,1338.500000,3,3.034484e-11,1.276240e-16,-1.589510e-20,4.972467e-12
5355,1338.750000,3,3.034328e-11,1.276255e-16,-7.173310e-21,3.946177e-12
5356,1339.000000,3,3.034151e-11,1.499292e-16,-1.456830e-20,2.797762e-12
5357,1339.250000,3,3.033973e-11,1.311823e-16,-4.470084e-21,1.139089e-12
5358,1339.500000,3,3.033795e-11,1.701737e-16,4.284796e-21,5.213607e-12
5359,1339.750000,3,3.033596e-11,1.701759e-16,1.262278e-20,1.925127e-12
5360,1340.000000,3,3.033396e-11,1.701780e-16,7.514109e-21,3.593570e-12
5361,1340.250000,3,3.033218e-11,1.498965e-16,-6.878834e-21,4.908962e-12
5362,1340.500000,3,3.032996e-11,1.701822e-16,-2.337943e-20,5.209166e-12
5363,1340.750000,3,3.032841e-11,1.311480e-16,1.779431e-20,4.599432e-12
5364,1341.000000,3,3.032663e-11,1.124077e-16,-6.326277e-21,5.210499e-12
5365,1341.250000,3,3.032463e-11,1.701885e-16,1.186508e-20,2.167155e-12
5366,1341.500000,3,3.032286e-11,1.276430e-16,-2.582127e-20,2.661871e-12
5367,1341.750000,3,3.032086e-11,1.276446e-16,8.864067e-21,3.828049e-12
5368,1342.000000,3,3.031908e-11,1.498509e-16,-2.653595e-21,4.398704e-12
5369,1342.250000,3,3.031708e-11,1.701970e-16,2.821348e-20,4.983125e-12
5370,1342.500000,3,3.031553e-11,1.872973e-16,9.016269e-21,3.782308e-12
5371,1342.750000,3,3.031397e-11,1.311024e-16,-5.111976e-21,5.503153e-12
5372,1343.000000,3,3.031198e-11,1.498249e-16,-2.171515e-20,5.113687e-12
5373,1343.250000,3,3.030998e-11,1.310911e-16,2.332980e-20,3.380407e-12
5374,1343.500000,3,3.030820e-11,1.310854e-16,3.856316e-20,4.318768e-12
5375,1343.750000,3,3.030642e-11,1.702097e-16,-1.954462e-20,5.722089e-12
5376,1344.000000,3,3.030420e-11,1.276588e-16,2.782305e-20,6.492584e-13
5377,1344.250000,3,3.030265e-11,1.702139e-16,-9.578751e-21,3.089529e-12
5378,1344.500000,3,3.030043e-11,1.702160e-16,-6.918539e-21,1.736389e-13
5379,1344.750000,3,3.029865e-11,1.702181e-16,-3.816942e-20,6.372680e-12
5380,1345.000000,3,3.029710e-11,1.702202e-16,1.254006e-21,5.292211e-12
5381,1345.250000,3,3.029466e-11,1.702224e-16,-3.427836e-20,3.702816e-12
5382,1345.500000,3,3.029332e-11,1.310400e-16,1.755939e-20,3.727685e-12
5383,1345.750000,3,3.029155e-11,1.276699e-16,2.587090e-20,5.177192e-12
5384,1346.000000,3,3.028977e-11,1.702287e-16,-1.295696e-20,3.750777e-12
5385,1346.250000,3,3.028799e-11,1.497405e-16,-1.317864e-20,3.077094e-12
5386,1346.500000,3,3.028577e-11,1.310173e-16,-4.192151e-21,4.359624e-12
5387,1346.750000,3,3.028422e-11,1.497276e-16,7.130297e-21,2.720490e-12
5388,1347.000000,3,3.028244e-11,1.702371e-16,7.676236e-22,3.536726e-12
5389,1347.250000,3,3.028044e-11,1.276794e-16,-9.568825e-21,3.941736e-12
5390,1347.500000,3,3.027867e-11,1.309947e-16,1.417788e-20,6.144862e-12
5391,1347.750000,3,3.027689e-11,1.702435e-16,-5.495788e-21,-7.238654e-13
5392,1348.000000,3,3.027445e-11,1.403393e-16,-1.960087e-20,4.198419e-12
5393,1348.250000,3,3.027356e-11,1.309777e-16,3.921498e-20,5.629275e-12
5394,1348.500000,3,3.027112e-11,1.276874e-16,-1.352937e-20,1.368239e-12
5395,1348.750000,3,3.026979e-11,1.276889e-16,1.039270e-20,3.301359e-12
5396,1349.000000,3,3.026779e-11,1.276905e-16,-3.661101e-20,4.422240e-12
5397,1349.250000,3,3.026623e-11,1.702562e-16,-1.840642e-20,1.795897e-12
5398,1349.500000,3,3.026424e-11,1.309495e-16,2.717454e-20,4.518164e-12
5399,1349.750000,3,3.026224e-11,1.276953e-16,7.295733e-21,4.197087e-12
5400,1350.000000,3,3.026046e-11,1.702625e-16,-3.619742e-21,2.966072e-12
5401,1350.250000,3,3.025824e-11,1.496373e-16,1.178898e-20,5.512479e-12
5402,1350.500000,3,3.025669e-11,1.309270e-16,-7.308968e-21,2.513989e-12
5403,1350.750000,3,3.025491e-11,1.309213e-16,5.131829e-21,4.866774e-12
5404,1351.000000,3,3.025336e-11,1.277032e-16,2.253571e-20,6.358469e-12
5405,1351.250000,3,3.025136e-11,1.496115e-16,-1.675206e-20,6.514345e-12
5406,1351.500000,3,3.024980e-11,1.277064e-16,-2.266144e-20,3.256950e-12
5407,1351.750000,3,3.024780e-11,1.277079e-16,2.967262e-20,2.205347e-12
5408,1352.000000,3,3.024581e-11,1.308932e-16,1.285439e-20,3.751222e-12
5409,1352.250000,3,3.024381e-11,1.495858e-16,-1.602745e-20,6.002754e-12
5410,1352.500000,3,3.024203e-11,1.702836e-16,-1.470396e-20,6.652456e-12
5411,1352.750000,3,3.024048e-11,1.308763e-16,2.220484e-20,5.681233e-12
5412,1353.000000,3,3.023870e-11,1.702878e-16,-6.763029e-21,2.386091e-12
5413,1353.250000,3,3.023692e-11,1.277174e-16,9.393463e-21,4.531042e-12
5414,1353.500000,3,3.023515e-11,1.702920e-16,-1.903839e-20,2.193357e-12
5415,1353.750000,3,3.023293e-11,1.277206e-16,1.246396e-20,4.910294e-12
5416,1354.000000,3,3.023115e-11,1.308483e-16,1.405214e-20,4.011014e-12
5417,1354.250000,3,3.022960e-11,1.277238e-16,1.670905e-21,4.338752e-12
5418,1354.500000,3,3.022782e-11,1.277253e-16,-1.403560e-20,3.772538e-12
5419,1354.750000,3,3.022582e-11,1.682119e-16,2.207910e-20,2.913669e-12
5420,1355.000000,3,3.022427e-11,1.277285e-16,-1.672559e-20,2.914557e-12
5421,1355.250000,3,3.022294e-11,1.308202e-16,-8.933551e-23,4.595879e-12
5422,1355.500000,3,3.022071e-11,1.277317e-16,5.197341e-20,9.086065e-13
5423,1355.750000,3,3.021916e-11,1.494960e-16,1.369811e-21,4.326761e-12
5424,1356.000000,3,3.021716e-11,1.703131e-16,2.454079e-20,4.928946e-12
5425,1356.250000,3,3.021561e-11,1.494832e-16,1.514071e-20,2.450484e-12
5426,1356.500000,3,3.021361e-11,1.277380e-16,-1.417457e-20,4.123368e-12
5427,1356.750000,3,3.021161e-11,1.277396e-16,-1.156729e-20,1.376232e-12
5428,1357.000000,3,3.020961e-11,1.277412e-16,-4.654049e-20,6.709300e-12
5429,1357.250000,3,3.020828e-11,1.277427e-16,1.359223e-20,4.598988e-12
5430,1357.500000,3,3.020650e-11,1.681327e-16,5.356822e-21,1.141753e-12
5431,1357.750000,3,3.020473e-11,1.703279e-16,-3.877823e-21,5.990763e-12
5432,1358.000000,3,3.020317e-11,1.703300e-16,9.274349e-21,4.833467e-12
5433,1358.250000,3,3.020095e-11,1.703321e-16,-1.404222e-20,3.827161e-12
5434,1358.500000,3,3.019918e-11,1.494257e-16,-3.227659e-20,6.052936e-12
5435,1358.750000,3,3.019740e-11,1.277522e-16,1.376429e-21,5.756728e-12
5436,1359.000000,3,3.019540e-11,1.307364e-16,-1.272204e-20,6.893153e-12
5437,1359.250000,3,3.019385e-11,1.277554e-16,1.072357e-20,3.856915e-12
5438,1359.500000,3,3.019163e-11,1.307252e-16,3.167109e-20,3.133493e-12
5439,1359.750000,3,3.019029e-11,1.277585e-16,4.698717e-20,2.106759e-12
5440,1360.000000,3,3.018852e-11,1.493875e-16,4.010172e-21,5.436540e-12
5441,1360.250000,3,3.018652e-11,1.277617e-16,-3.318649e-20,6.237233e-12
5442,1360.500000,3,3.018497e-11,1.703510e-16,1.009160e-21,5.126122e-12
5443,1360.750000,3,3.018319e-11,1.493684e-16,-1.443265e-20,2.517986e-12
5444,1361.000000,3,3.018141e-11,1.306918e-16,-3.053620e-20,4.416911e-12
5445,1361.250000,3,3.017941e-11,1.306862e-16,-1.410839e-20,2.378986e-12
5446,1361.500000,3,3.017786e-11,1.703595e-16,4.026715e-21,3.391953e-12
5447,1361.750000,3,3.017608e-11,1.277712e-16,4.245091e-21,4.554579e-12
5448,1362.000000,3,3.017453e-11,1.306695e-16,-1.880347e-20,4.976908e-12
5449,1362.250000,3,3.017253e-11,1.703658e-16,5.975553e-21,5.467626e-12
5450,1362.500000,3,3.017098e-11,1.277759e-16,1.769174e-20,3.641087e-12
5451,1362.750000,3,3.016920e-11,1.493175e-16,1.224227e-22,2.782663e-12
5452,1363.000000,3,3.016720e-11,1.277791e-16,2.776018e-21,6.335377e-12
5453,1363.250000,3,3.016543e-11,1.703742e-16,-1.110407e-20,2.632117e-12
5454,1363.500000,3,3.016365e-11,1.703763e-16,-1.317533e-20,5.987211e-12
5455,1363.750000,3,3.016232e-11,1.277838e-16,-1.774799e-20,2.934986e-12
5456,1364.000000,3,3.015987e-11,1.277854e-16,-7.749028e-21,4.270362e-12
5457,1364.250000,3,3.015854e-11,1.306195e-16,-2.115597e-20,1.600498e-12
5458,1364.500000,3,3.015654e-11,1.492730e-16,-2.535805e-20,5.488054e-12
5459,1364.750000,3,3.015477e-11,1.306084e-16,-1.451537e-20,3.358203e-12
5460,1365.000000,3,3.015321e-11,1.277917e-16,1.896560e-20,2.057909e-12
5461,1365.250000,3,3.015166e-11,1.277933e-16,8.645692e-21,3.267164e-12
5462,1365.500000,3,3.014944e-11,2.052156e-16,-1.477345e-20,4.120704e-12
5463,1365.750000,3,3.014766e-11,1.703953e-16,2.396839e-20,4.098055e-12
5464,1366.000000,3,3.014611e-11,1.277980e-16,3.018878e-20,4.872991e-12
5465,1366.250000,3,3.014433e-11,1.277996e-16,-1.870090e-20,2.811973e-12
5466,1366.500000,3,3.014256e-11,1.305695e-16,-3.028143e-20,4.282796e-12
5467,1366.750000,3,3.014078e-11,1.704037e-16,7.146840e-22,3.983036e-12
5468,1367.000000,3,3.013922e-11,1.278043e-16,1.209669e-20,2.668532e-12
5469,1367.250000,3,3.013745e-11,1.704079e-16,-4.151123e-20,3.562484e-12
5470,1367.500000,3,3.013567e-11,1.704100e-16,-1.352937e-20,4.109157e-12
5471,1367.750000,3,3.013345e-11,1.491907e-16,2.279710e-20,2.831069e-12
5472,1368.000000,3,3.013212e-11,1.278106e-16,-2.579811e-20,5.933032e-12
5473,1368.250000,3,3.013034e-11,1.704163e-16,6.041727e-21,-3.863576e-13
5474,1368.500000,3,3.012857e-11,2.130230e-16,-2.109641e-20,1.627143e-12
5475,1368.750000,3,3.012679e-11,1.278154e-16,-2.307172e-20,5.643486e-12
5476,1369.000000,3,3.012501e-11,1.305142e-16,-1.695389e-20,2.214229e-12
5477,1369.250000,3,3.012324e-11,1.864409e-16,-4.347330e-20,1.218137e-12
5478,1369.500000,3,3.012168e-11,1.491464e-16,-2.143390e-20,4.105605e-12
5479,1369.750000,3,3.011991e-11,9.321257e-17,-6.452009e-21,4.877876e-12
5480,1370.000000,3,3.011769e-11,1.278233e-16,-1.555100e-21,3.785416e-12
5481,1370.250000,3,3.011613e-11,1.304866e-16,-2.790907e-20,1.940226e-12
5482,1370.500000,3,3.011458e-11,1.304810e-16,-5.164916e-21,3.295142e-12
5483,1370.750000,3,3.011302e-11,1.304755e-16,-2.781643e-20,5.641265e-12
5484,1371.000000,3,3.011125e-11,1.397893e-16,1.539549e-20,2.694733e-12
5485,1371.250000,3,3.010903e-11,1.304645e-16,-9.118839e-21,4.011014e-12
5486,1371.500000,3,3.010747e-11,1.490959e-16,9.628382e-21,5.388134e-12
5487,1371.750000,3,3.010547e-11,1.304534e-16,1.462786e-20,3.758327e-12
5488,1372.000000,3,3.010414e-11,1.304479e-16,-2.339267e-21,3.338663e-12
5489,1372.250000,3,3.010237e-11,1.704499e-16,-1.331761e-20,3.296918e-12
5490,1372.500000,3,3.010014e-11,1.677046e-16,2.223461e-20,2.926992e-12
5491,1372.750000,3,3.009903e-11,2.049636e-16,2.431911e-21,4.132250e-12
5492,1373.000000,3,3.009681e-11,1.490581e-16,8.847524e-21,2.811529e-12
5493,1373.250000,3,3.009570e-11,1.704583e-16,-8.622531e-21,4.672707e-12
5494,1373.500000,3,3.009348e-11,1.490455e-16,-1.555100e-21,2.459366e-12
5495,1373.750000,3,3.009193e-11,1.278469e-16,-7.715941e-21,3.975487e-12
5496,1374.000000,3,3.009015e-11,1.304038e-16,-1.495543e-21,4.604317e-12
5497,1374.250000,3,3.008838e-11,1.676550e-16,-2.654919e-20,6.445955e-12
5498,1374.500000,3,3.008660e-11,1.303928e-16,1.856193e-21,4.188205e-12
5499,1374.750000,3,3.008460e-11,1.676408e-16,8.549739e-21,5.869083e-12
5500,1375.000000,3,3.008327e-11,1.278548e-16,9.730953e-21,2.119194e-12
5501,1375.250000,3,3.008127e-11,1.278564e-16,-1.015778e-21,3.432810e-12
5502,1375.500000,3,3.007994e-11,1.278579e-16,1.870090e-20,2.485567e-12
5503,1375.750000,3,3.007816e-11,1.489889e-16,-1.780424e-20,3.416378e-12
5504,1376.000000,3,3.007594e-11,1.704815e-16,-8.248645e-21,1.852296e-12
5505,1376.250000,3,3.007461e-11,1.303543e-16,8.801202e-22,5.404566e-12
5506,1376.500000,3,3.007306e-11,1.704857e-16,-7.183236e-21,2.158274e-12
5507,1376.750000,3,3.007106e-11,1.303433e-16,1.982586e-20,4.553247e-12
5508,1377.000000,3,3.006928e-11,1.489575e-16,-6.772955e-21,5.056844e-12
5509,1377.250000,3,3.006750e-11,1.303323e-16,-1.331099e-20,3.741452e-12
5510,1377.500000,3,3.006639e-11,1.704940e-16,6.096983e-20,2.828848e-12
5511,1377.750000,3,3.006417e-11,1.278721e-16,-1.302313e-20,4.814371e-12
5512,1378.000000,3,3.006195e-11,1.278737e-16,-8.533195e-21,4.021228e-12
5513,1378.250000,3,3.006084e-11,1.705003e-16,2.298569e-20,5.014211e-12
5514,1378.500000,3,3.005907e-11,1.705024e-16,-2.887191e-20,3.520739e-12
5515,1378.750000,3,3.005707e-11,1.675278e-16,-5.006428e-20,4.440004e-12
5516,1379.000000,3,3.005596e-11,1.705066e-16,-7.391686e-21,2.764899e-12
5517,1379.250000,3,3.005396e-11,1.278816e-16,-3.007629e-20,2.445155e-12
5518,1379.500000,3,3.005196e-11,1.302829e-16,1.290402e-20,3.759215e-12
5519,1379.750000,3,3.005041e-11,1.705129e-16,2.176808e-20,4.681588e-12
5520,1380.000000,3,3.004885e-11,1.302720e-16,-1.851892e-20,2.634337e-12
5521,1380.250000,3,3.004774e-11,1.705171e-16,-2.827634e-20,4.290790e-12
5522,1380.500000,3,3.004685e-11,1.302610e-16,-1.478006e-20,3.591349e-12
5523,1380.750000,3,3.004552e-11,1.705213e-16,-5.302559e-20,1.468159e-12
5524,1381.000000,3,3.004486e-11,1.705234e-16,-1.926669e-20,9.552359e-13
5525,1381.250000,3,3.004397e-11,1.488510e-16,-1.149450e-20,4.400924e-12
5526,1381.500000,3,3.004286e-11,1.278957e-16,-1.446243e-20,2.649436e-12
5527,1381.750000,3,3.004175e-11,1.278973e-16,6.286573e-22,2.153389e-12
5528,1382.000000,3,3.004108e-11,1.705318e-16,3.814957e-21,2.665423e-12
5529,1382.250000,3,3.003997e-11,1.705339e-16,-8.026961e-21,3.693934e-12
5530,1382.500000,3,3.003930e-11,1.279020e-16,-4.099507e-21,4.998668e-12
5531,1382.750000,3,3.003842e-11,1.302119e-16,-2.027585e-20,5.913936e-12
5532,1383.000000,3,3.003731e-11,1.279052e-16,3.929770e-20,2.106759e-12
5533,1383.250000,3,3.003620e-11,1.488011e-16,8.936859e-21,3.230749e-12
5534,1383.500000,3,3.003553e-11,1.487949e-16,4.636513e-20,2.691181e-12
5535,1383.750000,3,3.003442e-11,1.301901e-16,1.264263e-20,4.880540e-12
5536,1384.000000,3,3.003353e-11,1.301846e-16,-9.691248e-21,2.942091e-12
5537,1384.250000,3,3.003220e-11,1.301792e-16,1.754946e-20,7.177370e-12
5538,1384.500000,3,3.003087e-11,1.705528e-16,9.009651e-21,4.028777e-12
5539,1384.750000,3,3.002998e-11,1.301683e-16,1.038277e-20,5.733636e-12
5540,1385.000000,3,3.002931e-11,1.487576e-16,1.298012e-20,5.889067e-12
5541,1385.250000,3,3.002776e-11,1.705591e-16,3.336185e-20,2.205347e-12
5542,1385.500000,3,3.002687e-11,1.301520e-16,3.189608e-21,3.891998e-12
5543,1385.750000,3,3.002554e-11,1.279225e-16,1.151766e-20,3.469669e-12
5544,1386.000000,3,3.002443e-11,1.279240e-16,3.692534e-21,1.387779e-12
5545,1386.250000,3,3.002354e-11,1.279256e-16,1.528299e-20,4.561684e-12
5546,1386.500000,3,3.002221e-11,1.279272e-16,-4.390344e-20,1.467715e-12
5547,1386.750000,3,3.002132e-11,1.705717e-16,6.491713e-21,4.220624e-12
5548,1387.000000,3,3.001976e-11,1.487079e-16,5.029258e-21,1.386447e-12
5549,1387.250000,3,3.001932e-11,1.279319e-16,-1.353598e-20,3.912426e-12
5550,1387.500000,3,3.001777e-11,1.705779e-16,-1.571643e-21,3.223199e-12
5551,1387.750000,3,3.001688e-11,1.672755e-16,-2.382280e-22,4.515055e-12
5552,1388.000000,3,3.001555e-11,1.705821e-16,9.271040e-21,4.138911e-12
5553,1388.250000,3,3.001399e-11,1.300923e-16,-2.703557e-20,3.116618e-12
5554,1388.500000,3,3.001333e-11,1.279397e-16,-3.225343e-20,4.757084e-12
5555,1388.750000,3,3.001199e-11,1.279413e-16,3.411293e-21,2.038369e-12
5556,1389.000000,3,3.001110e-11,1.486584e-16,1.908471e-20,1.745715e-12
5557,1389.250000,3,3.000977e-11,1.279445e-16,1.545173e-20,4.572343e-12
5558,1389.500000,3,3.000866e-11,1.279460e-16,-1.692742e-20,3.049561e-12
5559,1389.750000,3,3.000733e-11,1.114799e-16,-1.884979e-20,4.598988e-12
5560,1390.000000,3,3.000622e-11,1.114753e-16,9.085752e-21,4.352074e-12
5561,1390.250000,3,3.000511e-11,1.279507e-16,6.981404e-21,4.161560e-12
5562,1390.500000,3,3.000378e-11,1.300436e-16,-1.155406e-20,2.355005e-12
5563,1390.750000,3,3.000267e-11,1.486151e-16,-6.584358e-22,4.198863e-12
5564,1391.000000,3,3.000133e-11,1.279555e-16,-2.260850e-20,3.624656e-12
5565,1391.250000,3,3.000022e-11,1.300274e-16,2.517938e-21,4.326761e-12
5566,1391.500000,3,2.999889e-11,1.706115e-16,-1.083937e-20,4.150014e-12
5567,1391.750000,3,2.999756e-11,1.300166e-16,1.897552e-20,5.307754e-12
5568,1392.000000,3,2.999667e-11,1.300113e-16,2.984468e-21,9.623413e-13
5569,1392.250000,3,2.999512e-11,9.286133e-17,-7.375142e-21,1.556089e-12
5570,1392.500000,3,2.999423e-11,1.300005e-16,5.449466e-21,2.484679e-12
5571,1392.750000,3,2.999290e-11,1.485658e-16,-4.671916e-21,4.827694e-12
5572,1393.000000,3,2.999134e-11,1.706240e-16,-8.238719e-21,4.421352e-12
5573,1393.250000,3,2.999001e-11,1.485535e-16,2.965608e-20,5.353495e-12
5574,1393.500000,3,2.998890e-11,1.279712e-16,2.198315e-20,6.398881e-12
5575,1393.750000,3,2.998779e-11,1.114059e-16,2.378971e-21,4.221956e-12
5576,1394.000000,3,2.998646e-11,1.279743e-16,-2.252578e-20,6.535661e-12
5577,1394.250000,3,2.998490e-11,1.299627e-16,-5.095433e-21,4.712231e-12
5578,1394.500000,3,2.998424e-11,1.279774e-16,-2.716792e-20,6.035172e-12
5579,1394.750000,3,2.998291e-11,1.279790e-16,2.952042e-20,6.154632e-12
5580,1395.000000,3,2.998135e-11,1.485104e-16,-1.544843e-20,5.427658e-12
5581,1395.250000,3,2.998068e-11,1.279821e-16,-1.945529e-21,2.454481e-12
5582,1395.500000,3,2.997913e-11,1.706450e-16,7.507491e-21,2.358114e-12
5583,1395.750000,3,2.997758e-11,1.706470e-16,1.762556e-20,3.769429e-12
5584,1396.000000,3,2.997647e-11,1.279869e-16,2.931859e-20,1.302958e-12
5585,1396.250000,3,2.997536e-11,1.706512e-16,1.571974e-20,4.213963e-12
5586,1396.500000,3,2.997425e-11,1.299143e-16,-1.995821e-20,3.846701e-12
5587,1396.750000,3,2.997291e-11,1.706554e-16,7.887994e-21,6.766143e-12
5588,1397.000000,3,2.997114e-11,1.279931e-16,-2.184419e-20,4.390266e-12
5589,1397.250000,3,2.997003e-11,1.706596e-16,1.918728e-20,5.365486e-12
5590,1397.500000,3,2.996914e-11,1.279963e-16,-1.426390e-20,5.067502e-12
5591,1397.750000,3,2.996781e-11,1.298875e-16,7.411538e-22,3.975487e-12
5592,1398.000000,3,2.996625e-11,1.298821e-16,-1.698698e-20,6.061374e-12
5593,1398.250000,3,2.996514e-11,1.706680e-16,-4.876395e-20,6.231904e-12
5594,1398.500000,3,2.996381e-11,1.706701e-16,-2.266475e-21,2.185363e-12
5595,1398.750000,3,2.996248e-11,1.706721e-16,-1.311908e-20,8.033574e-13
5596,1399.000000,3,2.996114e-11,1.855152e-16,-1.391980e-20,3.522072e-12
5597,1399.250000,3,2.996026e-11,1.280072e-16,-8.801202e-21,6.012968e-12
5598,1399.500000,3,2.995848e-11,1.298499e-16,-1.844282e-20,3.122835e-12
5599,1399.750000,3,2.995693e-11,1.298446e-16,1.788364e-20,4.110046e-12
5600,1400.000000,3,2.995582e-11,1.483877e-16,-2.051077e-20,1.734168e-12
5601,1400.250000,3,2.995471e-11,1.298338e-16,-3.771944e-20,4.861000e-12
5602,1400.500000,3,2.995337e-11,1.280151e-16,-1.626899e-20,3.261835e-12
5603,1400.750000,3,2.995226e-11,1.298231e-16,1.082614e-20,3.776535e-12
5604,1401.000000,3,2.995093e-11,1.280182e-16,-6.908612e-21,6.927348e-12
5605,1401.250000,3,2.994960e-11,1.280198e-16,3.682608e-21,4.130918e-12
5606,1401.500000,3,2.994849e-11,1.280214e-16,2.899103e-20,5.886847e-12
5607,1401.750000,3,2.994693e-11,1.280229e-16,-1.069379e-20,4.619416e-12
5608,1402.000000,3,2.994582e-11,1.297964e-16,-1.641126e-20,4.677148e-12
5609,1402.250000,3,2.994427e-11,1.280261e-16,3.722644e-20,5.512035e-12
5610,1402.500000,3,2.994294e-11,1.707035e-16,1.162023e-20,3.285372e-12
5611,1402.750000,3,2.994183e-11,1.483204e-16,4.618977e-20,3.168577e-12
5612,1403.000000,3,2.994072e-11,1.707077e-16,-3.185969e-20,4.129586e-12
5613,1403.250000,3,2.993894e-11,1.297696e-16,6.471861e-21,4.190870e-12
5614,1403.500000,3,2.993783e-11,1.483021e-16,-1.493888e-20,6.119549e-12
5615,1403.750000,3,2.993694e-11,1.280355e-16,9.105604e-21,4.548362e-12
5616,1404.000000,3,2.993539e-11,1.280370e-16,-4.483981e-20,1.171951e-12
5617,1404.250000,3,2.993383e-11,1.390160e-16,-1.012469e-20,2.375877e-12
5618,1404.500000,3,2.993272e-11,1.297429e-16,-8.165927e-21,3.860912e-12
5619,1404.750000,3,2.993095e-11,1.280417e-16,-4.456187e-20,6.851408e-12
5620,1405.000000,3,2.992984e-11,1.707244e-16,-3.008290e-20,1.681322e-12
5621,1405.250000,3,2.992850e-11,1.280449e-16,2.502387e-20,3.637091e-12
5622,1405.500000,3,2.992762e-11,1.297216e-16,7.990565e-21,7.219558e-12
5623,1405.750000,3,2.992606e-11,1.297163e-16,3.311700e-20,3.244960e-12
5624,1406.000000,3,2.992517e-11,1.280496e-16,4.483650e-20,4.761080e-12
5625,1406.250000,3,2.992340e-11,1.667643e-16,9.830214e-21,3.575362e-12
5626,1406.500000,3,2.992184e-11,1.297003e-16,6.379217e-21,3.570477e-12
5627,1406.750000,3,2.992073e-11,1.389589e-16,-2.871640e-20,5.098144e-12
5628,1407.000000,3,2.991940e-11,1.707411e-16,4.542876e-21,2.928768e-12
5629,1407.250000,3,2.991829e-11,1.482106e-16,1.352275e-20,6.227019e-12
5630,1407.500000,3,2.991740e-11,2.037812e-16,-7.338746e-21,5.413447e-12
5631,1407.750000,3,2.991563e-11,1.707474e-16,-1.007506e-20,3.602896e-12
5632,1408.000000,3,2.991429e-11,1.667164e-16,2.105671e-20,1.536993e-12
5633,1408.250000,3,2.991318e-11,1.707515e-16,-5.148372e-21,4.103384e-12
5634,1408.500000,3,2.991163e-11,1.280652e-16,9.565517e-21,3.753442e-12
5635,1408.750000,3,2.991074e-11,1.280668e-16,-3.037407e-20,4.040324e-12
5636,1409.000000,3,2.990896e-11,1.280684e-16,2.349193e-20,5.416556e-12
5637,1409.250000,3,2.990741e-11,1.707599e-16,1.197096e-20,4.172218e-12
5638,1409.500000,3,2.990652e-11,1.707620e-16,-1.449882e-20,3.428813e-12
5639,1409.750000,3,2.990519e-11,1.280730e-16,-8.304893e-21,1.460165e-12
5640,1410.000000,3,2.990364e-11,1.280746e-16,-2.617199e-20,3.206768e-12
5641,1410.250000,3,2.990275e-11,1.280762e-16,-2.845501e-22,3.999467e-12
5642,1410.500000,3,2.990097e-11,1.280777e-16,2.240667e-20,4.601652e-12
5643,1410.750000,3,2.989964e-11,1.296098e-16,2.488159e-21,5.353051e-12
5644,1411.000000,3,2.989831e-11,1.280809e-16,1.996814e-20,4.259704e-12
5645,1411.250000,3,2.989697e-11,1.707766e-16,-9.969181e-21,5.269563e-12
5646,1411.500000,3,2.989586e-11,1.280840e-16,8.086518e-21,1.598277e-12
5647,1411.750000,3,2.989431e-11,1.707808e-16,-2.213535e-21,5.321521e-12
5648,1412.000000,3,2.989320e-11,1.280871e-16,7.196471e-21,4.598100e-12
5649,1412.250000,3,2.989209e-11,1.295779e-16,-2.727711e-20,2.624123e-12
5650,1412.500000,3,2.989053e-11,1.280903e-16,-1.429368e-21,3.243183e-12
5651,1412.750000,3,2.988898e-11,1.707891e-16,-6.442083e-21,2.905232e-12
5652,1413.000000,3,2.988787e-11,2.134890e-16,2.951380e-20,5.141221e-12
5653,1413.250000,3,2.988676e-11,2.134916e-16,1.914096e-20,2.185363e-12
5654,1413.500000,3,2.988543e-11,1.295514e-16,-1.993174e-20,3.516298e-12
5655,1413.750000,3,2.988410e-11,1.295461e-16,2.696940e-20,3.363088e-12
5656,1414.000000,3,2.988254e-11,1.707995e-16,8.966638e-22,4.464429e-12
5657,1414.250000,3,2.988121e-11,1.850507e-16,8.404155e-22,3.987921e-12
5658,1414.500000,3,2.988010e-11,1.281028e-16,-3.103582e-20,3.907985e-12
5659,1414.750000,3,2.987877e-11,1.480285e-16,-2.446469e-20,5.007106e-12
5660,1415.000000,3,2.987743e-11,1.281059e-16,1.166325e-20,5.797141e-12
5661,1415.250000,3,2.987566e-11,1.708100e-16,-5.591741e-21,4.786394e-12
5662,1415.500000,3,2.987455e-11,1.295090e-16,8.251954e-21,4.499512e-12
5663,1415.750000,3,2.987322e-11,1.281106e-16,3.805031e-21,5.080381e-12
5664,1416.000000,3,2.987188e-11,1.281122e-16,-2.765430e-20,2.762235e-12
5665,1416.250000,3,2.987033e-11,1.708183e-16,2.799841e-20,1.366462e-12
5666,1416.500000,3,2.986944e-11,1.294878e-16,-1.068386e-20,5.480061e-12
5667,1416.750000,3,2.986789e-11,1.294826e-16,2.961307e-21,4.818812e-12
5668,1417.000000,3,2.986655e-11,1.479740e-16,-3.045679e-20,3.438583e-12
5669,1417.250000,3,2.986500e-11,1.708266e-16,1.627561e-20,6.252776e-12
5670,1417.500000,3,2.986411e-11,1.479619e-16,2.941454e-20,7.243983e-12
5671,1417.750000,3,2.986278e-11,1.281231e-16,4.261635e-21,5.776712e-12
5672,1418.000000,3,2.986100e-11,1.708329e-16,3.920505e-20,2.574829e-12
5673,1418.250000,3,2.985989e-11,1.479438e-16,-9.089061e-21,6.377565e-12
5674,1418.500000,3,2.985812e-11,1.479378e-16,2.703888e-20,4.689582e-12
5675,1418.750000,3,2.985723e-11,1.281293e-16,2.330995e-20,5.611511e-12
5676,1419.000000,3,2.985590e-11,1.281309e-16,2.628780e-20,3.313794e-12
5677,1419.250000,3,2.985456e-11,1.281325e-16,7.312277e-21,2.401634e-12
5678,1419.500000,3,2.985323e-11,1.479136e-16,3.348427e-21,5.043965e-12
5679,1419.750000,3,2.985190e-11,1.281356e-16,5.591741e-22,3.199663e-12
5680,1420.000000,3,2.985079e-11,1.708495e-16,-6.733250e-21,4.928502e-12
5681,1420.250000,3,2.984923e-11,1.281387e-16,2.180448e-21,5.118572e-12
5682,1420.500000,3,2.984790e-11,1.708537e-16,5.939157e-21,3.346212e-12
5683,1420.750000,3,2.984657e-11,1.708558e-16,3.457284e-20,1.987299e-12
5684,1421.000000,3,2.984502e-11,1.293927e-16,2.545731e-20,4.510614e-12
5685,1421.250000,3,2.984391e-11,1.281450e-16,2.728703e-20,3.624656e-12
5686,1421.500000,3,2.984257e-11,1.386238e-16,6.521492e-21,4.443113e-12
5687,1421.750000,3,2.984124e-11,1.708641e-16,-1.592488e-20,1.500133e-12
5688,1422.000000,3,2.983991e-11,1.708662e-16,5.247634e-21,1.825207e-12
5689,1422.250000,3,2.983858e-11,1.281512e-16,-3.672682e-22,7.037482e-12
5690,1422.500000,3,2.983724e-11,1.293611e-16,-1.971999e-21,6.911804e-12
5691,1422.750000,3,2.983613e-11,1.847941e-16,8.893846e-21,7.703616e-12
5692,1423.000000,3,2.983458e-11,2.135932e-16,2.414044e-20,6.002310e-12
5693,1423.250000,3,2.983325e-11,1.281575e-16,2.531173e-20,1.877165e-12
5694,1423.500000,3,2.983191e-11,1.708787e-16,1.989866e-20,4.706457e-12
5695,1423.750000,3,2.983058e-11,1.478112e-16,2.045783e-20,2.637002e-12
5696,1424.000000,3,2.982881e-11,1.108539e-16,1.646420e-20,3.590905e-12
5697,1424.250000,3,2.982792e-11,1.281637e-16,1.121657e-20,7.003287e-12
5698,1424.500000,3,2.982636e-11,1.293190e-16,2.767415e-20,2.807976e-12
5699,1424.750000,3,2.982503e-11,1.293137e-16,1.071033e-20,1.492584e-12
5700,1425.000000,3,2.982392e-11,1.281684e-16,3.013915e-20,2.536638e-12
5701,1425.250000,3,2.982259e-11,1.293032e-16,7.533961e-21,4.310774e-12
5702,1425.500000,3,2.982103e-11,1.708953e-16,-2.025269e-20,6.115108e-12
5703,1425.750000,3,2.982015e-11,1.708974e-16,-1.510763e-20,5.353940e-12
5704,1426.000000,3,2.981837e-11,1.292874e-16,-4.685151e-21,9.547918e-13
5705,1426.250000,3,2.981704e-11,2.136270e-16,-3.556877e-21,2.965184e-12
5706,1426.500000,3,2.981593e-11,1.292769e-16,3.057590e-20,3.575806e-12
5707,1426.750000,3,2.981460e-11,1.281793e-16,-4.059802e-21,5.505818e-12
5708,1427.000000,3,2.981326e-11,1.709078e-16,-1.897883e-20,3.347100e-12
5709,1427.250000,3,2.981171e-11,1.281824e-16,-3.725621e-21,2.584155e-12
5710,1427.500000,3,2.981060e-11,1.709120e-16,2.397831e-20,6.998402e-12
5711,1427.750000,3,2.980927e-11,1.281855e-16,-1.784394e-20,4.109602e-12
5712,1428.000000,3,2.980793e-11,1.709161e-16,3.945652e-20,2.823963e-12
5713,1428.250000,3,2.980660e-11,1.661659e-16,4.129286e-21,2.440270e-12
5714,1428.500000,3,2.980549e-11,1.292349e-16,-9.568825e-21,2.366551e-12
5715,1428.750000,3,2.980416e-11,1.292296e-16,-6.806042e-21,6.403766e-12
5716,1429.000000,3,2.980260e-11,1.709245e-16,-2.640361e-20,1.804779e-12
5717,1429.250000,3,2.980149e-11,1.281949e-16,-5.611593e-21,2.314593e-12
5718,1429.500000,3,2.979950e-11,1.709286e-16,-2.175154e-20,6.957990e-12
5719,1429.750000,3,2.979861e-11,1.709307e-16,-2.029901e-20,2.329248e-12
5720,1430.000000,3,2.979728e-11,1.281996e-16,-4.138881e-20,5.496492e-12
5721,1430.250000,3,2.979550e-11,1.709349e-16,-9.261114e-21,2.878142e-12
5722,1430.500000,3,2.979439e-11,1.709369e-16,8.083209e-21,5.058176e-12
5723,1430.750000,3,2.979306e-11,1.291877e-16,-3.600221e-20,2.663647e-12
5724,1431.000000,3,2.979172e-11,1.660917e-16,2.900757e-20,3.930634e-12
5725,1431.250000,3,2.979039e-11,1.709432e-16,1.292387e-20,1.465938e-12
5726,1431.500000,3,2.978906e-11,1.291719e-16,-3.556877e-21,1.681322e-12
5727,1431.750000,3,2.978817e-11,1.291667e-16,3.050642e-20,5.034639e-12
5728,1432.000000,3,2.978640e-11,1.291615e-16,-2.172176e-20,3.827161e-12
5729,1432.250000,3,2.978529e-11,1.282136e-16,5.131829e-21,2.928324e-12
5730,1432.500000,3,2.978373e-11,9.225070e-17,-4.920070e-21,4.449774e-12
5731,1432.750000,3,2.978218e-11,1.844939e-16,-5.075580e-21,4.596323e-12
5732,1433.000000,3,2.978084e-11,1.291405e-16,2.233057e-20,3.645972e-12
5733,1433.250000,3,2.977996e-11,1.568071e-16,2.065635e-20,4.403589e-12
5734,1433.500000,3,2.977818e-11,1.660243e-16,2.072915e-20,3.960832e-12
5735,1433.750000,3,2.977729e-11,1.291248e-16,-2.938146e-21,4.747314e-12
5736,1434.000000,3,2.977574e-11,1.709660e-16,-5.823352e-22,4.397815e-12
5737,1434.250000,3,2.977418e-11,1.282261e-16,3.009945e-20,3.434142e-12
5738,1434.500000,3,2.977329e-11,1.659974e-16,7.543887e-21,2.675193e-12
5739,1434.750000,3,2.977152e-11,1.709723e-16,-1.063093e-20,3.212541e-12
5740,1435.000000,3,2.977019e-11,1.475413e-16,-1.478999e-21,2.393641e-12
5741,1435.250000,3,2.976885e-11,1.106515e-16,1.943213e-20,3.368861e-12
5742,1435.500000,3,2.976774e-11,1.290882e-16,-3.920505e-20,1.014300e-12
5743,1435.750000,3,2.976641e-11,1.282354e-16,-1.066070e-20,4.641176e-12
5744,1436.000000,3,2.976530e-11,1.475174e-16,1.551460e-20,4.317435e-12
5745,1436.250000,3,2.976375e-11,1.709847e-16,-4.728164e-21,2.522427e-12
5746,1436.500000,3,2.976264e-11,1.282401e-16,2.911676e-21,3.672174e-12
5747,1436.750000,3,2.976153e-11,1.282416e-16,-4.283472e-20,3.516742e-12
5748,1437.000000,3,2.975953e-11,1.709909e-16,1.752299e-20,4.380052e-12
5749,1437.250000,3,2.975886e-11,1.474876e-16,-1.416795e-20,2.942091e-12
5750,1437.500000,3,2.975709e-11,1.290464e-16,1.065740e-20,3.852918e-12
5751,1437.750000,3,2.975553e-11,1.709972e-16,-8.103061e-21,1.600942e-12
5752,1438.000000,3,2.975420e-11,1.282494e-16,-1.345327e-20,2.975842e-12
5753,1438.250000,3,2.975264e-11,1.658967e-16,-1.518042e-20,4.313883e-12
5754,1438.500000,3,2.975198e-11,1.710034e-16,-2.316106e-22,1.833200e-12
5755,1438.750000,3,2.975042e-11,1.282541e-16,1.374112e-20,5.020873e-12
5756,1439.000000,3,2.974931e-11,1.282557e-16,3.623051e-21,4.613199e-12
5757,1439.250000,3,2.974798e-11,1.282572e-16,-2.023946e-20,5.081713e-12
5758,1439.500000,3,2.974665e-11,1.842924e-16,6.769646e-21,3.495870e-12
5759,1439.750000,3,2.974465e-11,1.282603e-16,-3.414602e-20,3.524292e-12
5760,1440.000000,3,2.974354e-11,1.282619e-16,-6.994639e-21,1.738609e-12
5761,1440.250000,3,2.974221e-11,1.282634e-16,-2.656573e-20,3.315570e-12
5762,1440.500000,3,2.974065e-11,1.710200e-16,2.087804e-21,4.102940e-12
5763,1440.750000,3,2.973843e-11,1.710221e-16,2.378641e-20,4.436451e-13
5764,1441.000000,3,2.973644e-11,1.289736e-16,-7.758954e-21,5.013323e-12
5765,1441.250000,3,2.973466e-11,1.710262e-16,-1.392972e-21,4.884537e-12
5766,1441.500000,3,2.973333e-11,1.473868e-16,-3.142955e-20,2.651213e-12
5767,1441.750000,3,2.973177e-11,1.473810e-16,-1.210992e-21,5.444978e-12
5768,1442.000000,3,2.972933e-11,1.473752e-16,2.333311e-20,5.832668e-12
5769,1442.250000,3,2.972844e-11,1.710345e-16,-8.046813e-21,5.441425e-12
5770,1442.500000,3,2.972600e-11,1.282774e-16,-2.388898e-21,1.695533e-12
5771,1442.750000,3,2.972467e-11,1.282790e-16,1.471720e-20,3.254286e-12
5772,1443.000000,3,2.972245e-11,1.710407e-16,4.208364e-20,1.175948e-12
5773,1443.250000,3,2.972089e-11,1.710428e-16,-1.803254e-20,4.526601e-12
5774,1443.500000,3,2.971912e-11,2.138061e-16,-2.098061e-20,3.077538e-12
5775,1443.750000,3,2.971801e-11,1.710470e-16,-7.884686e-21,4.340972e-12
5776,1444.000000,3,2.971601e-11,1.289129e-16,-4.949849e-21,5.572875e-12
5777,1444.250000,3,2.971401e-11,1.289079e-16,3.156190e-20,3.814726e-12
5778,1444.500000,3,2.971223e-11,1.473176e-16,8.586135e-21,7.067680e-12
5779,1444.750000,3,2.971068e-11,1.473119e-16,1.138201e-20,3.563372e-12
5780,1445.000000,3,2.970912e-11,1.282930e-16,2.928219e-20,3.832934e-12
5781,1445.250000,3,2.970690e-11,1.473005e-16,1.293049e-20,1.351808e-12
5782,1445.500000,3,2.970557e-11,1.288829e-16,-1.942551e-20,2.466916e-12
5783,1445.750000,3,2.970402e-11,1.282977e-16,5.558654e-21,3.084200e-12
5784,1446.000000,3,2.970224e-11,1.472834e-16,-3.629669e-21,3.843592e-12
5785,1446.250000,3,2.970091e-11,2.138346e-16,3.117478e-20,2.159162e-12
5786,1446.500000,3,2.969891e-11,1.472721e-16,2.157287e-21,2.114753e-12
5787,1446.750000,3,2.969691e-11,1.710718e-16,7.676236e-21,5.827783e-12
5788,1447.000000,3,2.969558e-11,1.288532e-16,-1.878031e-20,2.400302e-12
5789,1447.250000,3,2.969380e-11,1.288482e-16,2.071922e-20,4.951151e-12
5790,1447.500000,3,2.969269e-11,1.472495e-16,-1.230183e-20,4.375611e-12
5791,1447.750000,3,2.969047e-11,1.710800e-16,2.130486e-20,6.548984e-12
5792,1448.000000,3,2.968892e-11,1.012262e-16,-1.660979e-21,1.756373e-12
5793,1448.250000,3,2.968736e-11,1.288285e-16,1.105113e-21,5.550227e-12
5794,1448.500000,3,2.968581e-11,1.283146e-16,2.437536e-20,1.992628e-12
5795,1448.750000,3,2.968426e-11,1.283161e-16,-8.943477e-21,2.746248e-12
5796,1449.000000,3,2.968270e-11,1.656177e-16,-1.897552e-20,6.278977e-12
5797,1449.250000,3,2.968115e-11,1.710923e-16,-4.295714e-20,2.620126e-12
5798,1449.500000,3,2.967937e-11,1.288039e-16,-1.415471e-20,1.736833e-12
5799,1449.750000,3,2.967782e-11,1.471989e-16,-1.087908e-20,2.240874e-12
5800,1450.000000,3,2.967604e-11,1.283238e-16,-2.070599e-20,4.453771e-12
5801,1450.250000,3,2.967449e-11,2.138755e-16,-4.036641e-20,3.204548e-12
5802,1450.500000,3,2.967249e-11,1.283268e-16,2.517607e-20,5.013323e-12
5803,1450.750000,3,2.967160e-11,1.655736e-16,1.944867e-20,3.159695e-12
5804,1451.000000,3,2.967004e-11,1.711065e-16,6.256794e-21,5.702994e-12
5805,1451.250000,3,2.966827e-11,1.283314e-16,2.869655e-20,3.574918e-13
5806,1451.500000,3,2.966716e-11,1.287648e-16,1.285439e-20,6.098677e-12
5807,1451.750000,3,2.966494e-11,1.283345e-16,3.942343e-20,6.958434e-12
5808,1452.000000,3,2.966360e-11,1.283360e-16,6.230324e-21,6.823431e-12
5809,1452.250000,3,2.966183e-11,1.711167e-16,-7.189854e-21,1.957101e-12
5810,1452.500000,3,2.966005e-11,1.283390e-16,2.244968e-20,2.479794e-12
5811,1452.750000,3,2.965894e-11,1.287405e-16,-1.269888e-20,2.902123e-12
5812,1453.000000,3,2.965694e-11,1.711228e-16,-1.209669e-20,5.415224e-12
5813,1453.250000,3,2.965583e-11,1.471210e-16,2.072584e-20,3.888889e-12
5814,1453.500000,3,2.965406e-11,1.711268e-16,-2.798517e-20,3.236078e-12
5815,1453.750000,3,2.965228e-11,1.471099e-16,-5.429614e-21,3.656631e-12
5816,1454.000000,3,2.965028e-11,1.711309e-16,2.005086e-21,3.354650e-12
5817,1454.250000,3,2.964939e-11,1.287115e-16,-3.600221e-20,3.503864e-12
5818,1454.500000,3,2.964806e-11,1.654800e-16,7.183236e-21,4.857004e-12
5819,1454.750000,3,2.964584e-11,1.283528e-16,2.746901e-20,6.068479e-12
5820,1455.000000,3,2.964473e-11,1.286970e-16,-5.118594e-21,7.342127e-12
5821,1455.250000,3,2.964318e-11,1.286922e-16,-1.022395e-21,6.351364e-12
5822,1455.500000,3,2.964140e-11,1.470713e-16,1.170626e-20,3.911094e-12
5823,1455.750000,3,2.963985e-11,1.470658e-16,-1.712595e-20,7.155609e-12
5824,1456.000000,3,2.963851e-11,1.283604e-16,1.803254e-21,7.823520e-12
5825,1456.250000,3,2.963696e-11,1.283619e-16,-1.942882e-20,3.885781e-12
5826,1456.500000,3,2.963518e-11,1.283634e-16,-1.318857e-20,2.679190e-12
5827,1456.750000,3,2.963341e-11,1.711533e-16,-3.576398e-20,4.416023e-12
5828,1457.000000,3,2.963207e-11,1.286586e-16,-3.150566e-20,1.339817e-12
5829,1457.250000,3,2.963074e-11,1.711574e-16,-3.553568e-21,6.353584e-12
5830,1457.500000,3,2.962874e-11,1.283695e-16,7.616679e-21,2.558842e-12
5831,1457.750000,3,2.962741e-11,1.711614e-16,-1.128936e-20,4.008793e-12
5832,1458.000000,3,2.962586e-11,1.653936e-16,-2.193352e-20,1.040945e-12
5833,1458.250000,3,2.962453e-11,1.711655e-16,-5.740633e-21,2.393197e-12
5834,1458.500000,3,2.962297e-11,1.286299e-16,1.567673e-20,4.596323e-12
5835,1458.750000,3,2.962119e-11,1.283772e-16,-2.442499e-20,4.650946e-12
5836,1459.000000,3,2.962008e-11,1.469947e-16,-2.048099e-21,3.773426e-12
5837,1459.250000,3,2.961809e-11,1.711736e-16,-1.579915e-20,4.612755e-12
5838,1459.500000,3,2.961675e-11,1.711756e-16,-3.568126e-20,3.203660e-12
5839,1459.750000,3,2.961520e-11,1.711777e-16,-4.850587e-21,3.088196e-12
5840,1460.000000,3,2.961364e-11,1.711797e-16,3.103582e-21,2.901235e-12
5841,1460.250000,3,2.961165e-11,1.469675e-16,-7.219632e-21,3.191225e-12
5842,1460.500000,3,2.961054e-11,1.653323e-16,1.946852e-20,4.785505e-12
5843,1460.750000,3,2.960876e-11,2.139823e-16,-2.321400e-20,1.769251e-12
5844,1461.000000,3,2.960765e-11,1.285823e-16,7.222941e-21,3.087308e-12
5845,1461.250000,3,2.960587e-11,1.469458e-16,-1.529292e-20,4.704681e-12
5846,1461.500000,3,2.960454e-11,1.285728e-16,-1.741711e-20,3.139267e-12
5847,1461.750000,3,2.960254e-11,1.377515e-16,1.132576e-20,2.505995e-12
5848,1462.000000,3,2.960099e-11,1.283970e-16,1.820459e-20,3.311573e-12
5849,1462.250000,3,2.960010e-11,1.285586e-16,-4.443614e-21,2.028600e-12
5850,1462.500000,3,2.959832e-11,1.469187e-16,3.533716e-21,1.993072e-12
5851,1462.750000,3,2.959655e-11,1.284015e-16,3.523789e-21,5.391243e-12
5852,1463.000000,3,2.959499e-11,1.712041e-16,-2.233057e-20,3.400391e-12
5853,1463.250000,3,2.959410e-11,1.285397e-16,5.452775e-21,6.126655e-12
5854,1463.500000,3,2.959233e-11,1.836214e-16,2.867339e-20,8.320900e-12
5855,1463.750000,3,2.959100e-11,1.712102e-16,1.960418e-20,4.253931e-12
5856,1464.000000,3,2.958966e-11,2.019688e-16,-1.202059e-20,4.333867e-12
5857,1464.250000,3,2.958789e-11,1.284107e-16,-5.724090e-21,2.778222e-12
5858,1464.500000,3,2.958611e-11,1.285162e-16,2.632420e-20,2.201350e-12
5859,1464.750000,3,2.958456e-11,1.712183e-16,-1.581238e-20,3.958611e-12
5860,1465.000000,3,2.958278e-11,1.712203e-16,8.172544e-21,4.800604e-13
5861,1465.250000,3,2.958167e-11,1.712224e-16,9.505960e-21,2.933653e-12
5862,1465.500000,3,2.957967e-11,1.712244e-16,3.861941e-20,4.699796e-12
5863,1465.750000,3,2.957856e-11,1.712264e-16,1.851561e-20,4.297895e-12
5864,1466.000000,3,2.957723e-11,9.177714e-17,-2.244637e-20,5.161649e-12
5865,1466.250000,3,2.957568e-11,1.468381e-16,2.355810e-21,2.334133e-12
5866,1466.500000,3,2.957412e-11,1.284244e-16,-4.734451e-20,2.343459e-12
5867,1466.750000,3,2.957257e-11,1.651808e-16,6.091358e-21,3.652634e-12
5868,1467.000000,3,2.957123e-11,1.101165e-16,-9.691248e-21,3.740563e-12
5869,1467.250000,3,2.956968e-11,1.284290e-16,4.251708e-21,4.467982e-12
5870,1467.500000,3,2.956813e-11,1.284599e-16,4.893601e-21,6.452616e-12
5871,1467.750000,3,2.956679e-11,1.284320e-16,2.168537e-20,2.156941e-12
5872,1468.000000,3,2.956480e-11,2.140559e-16,-2.039166e-20,5.361045e-12
5873,1468.250000,3,2.956346e-11,1.284350e-16,-7.851598e-21,7.141399e-12
5874,1468.500000,3,2.956191e-11,1.284412e-16,-1.019417e-20,4.688250e-12
5875,1468.750000,3,2.956058e-11,1.712508e-16,-7.947551e-21,4.244605e-12
5876,1469.000000,3,2.955880e-11,1.284396e-16,1.967035e-20,2.580602e-12
5877,1469.250000,3,2.955747e-11,1.284411e-16,6.468552e-21,9.228174e-13
5878,1469.500000,3,2.955591e-11,1.834609e-16,-7.878068e-21,-1.212364e-13
5879,1469.750000,3,2.955480e-11,1.284442e-16,-2.300555e-20,2.209344e-12
5880,1470.000000,3,2.955303e-11,1.712609e-16,1.222242e-20,9.459100e-13
5881,1470.250000,3,2.955125e-11,1.284472e-16,3.252474e-20,6.128875e-12
5882,1470.500000,3,2.955036e-11,1.284487e-16,-1.538556e-21,3.371969e-12
5883,1470.750000,3,2.954859e-11,1.712670e-16,-9.985724e-21,3.200551e-12
5884,1471.000000,3,2.954725e-11,1.712690e-16,-3.710732e-20,4.030554e-12
5885,1471.250000,3,2.954548e-11,1.283901e-16,2.651941e-20,2.803535e-12
5886,1471.500000,3,2.954392e-11,1.283855e-16,-2.663191e-20,4.318768e-12
5887,1471.750000,3,2.954237e-11,1.375509e-16,2.088135e-20,4.446665e-12
5888,1472.000000,3,2.954104e-11,1.833946e-16,5.227781e-21,2.126743e-12
5889,1472.250000,3,2.953948e-11,1.712792e-16,8.066665e-21,5.254464e-12
5890,1472.500000,3,2.953815e-11,1.284609e-16,-3.970467e-22,4.251710e-12
5891,1472.750000,3,2.953660e-11,1.712832e-16,-1.238124e-20,4.961365e-12
5892,1473.000000,3,2.953504e-11,1.284639e-16,-1.174266e-20,4.326761e-12
5893,1473.250000,3,2.953371e-11,1.712873e-16,1.332092e-20,3.978595e-12
5894,1473.500000,3,2.953238e-11,1.284670e-16,1.198088e-20,2.620126e-12
5895,1473.750000,3,2.953060e-11,1.712913e-16,2.615214e-20,4.559464e-12
5896,1474.000000,3,2.952949e-11,1.650076e-16,-8.341289e-21,4.828582e-12
5897,1474.250000,3,2.952749e-11,1.466682e-16,2.263166e-21,5.955236e-12
5898,1474.500000,3,2.952638e-11,1.284731e-16,1.668258e-20,3.932854e-12
5899,1474.750000,3,2.952505e-11,1.284746e-16,4.559420e-21,4.722445e-12
5900,1475.000000,3,2.952349e-11,1.284761e-16,3.739849e-20,5.618617e-12
5901,1475.250000,3,2.952172e-11,1.649780e-16,-2.501394e-20,6.525003e-12
5902,1475.500000,3,2.952016e-11,1.284791e-16,2.649956e-20,-1.452172e-13
5903,1475.750000,3,2.951861e-11,1.649662e-16,1.263270e-20,1.592060e-12
5904,1476.000000,3,2.951750e-11,1.713096e-16,-2.275739e-20,4.675815e-12
5905,1476.250000,3,2.951572e-11,1.284837e-16,1.177905e-20,1.410427e-12
5906,1476.500000,3,2.951461e-11,1.713136e-16,1.340694e-20,2.149392e-12
5907,1476.750000,3,2.951306e-11,1.649426e-16,4.718238e-21,4.015011e-12
5908,1477.000000,3,2.951173e-11,1.466104e-16,8.023652e-21,6.493917e-12
5909,1477.250000,3,2.951017e-11,1.713197e-16,6.048345e-21,2.380318e-12
5910,1477.500000,3,2.950840e-11,1.284913e-16,-2.314782e-20,4.131806e-12
5911,1477.750000,3,2.950729e-11,1.284928e-16,-2.878589e-22,3.573142e-12
5912,1478.000000,3,2.950551e-11,1.284943e-16,-2.313790e-20,5.945022e-12
5913,1478.250000,3,2.950440e-11,2.015533e-16,-5.813425e-21,3.683720e-12
5914,1478.500000,3,2.950262e-11,1.465790e-16,-1.047211e-20,5.267786e-12
5915,1478.750000,3,2.950129e-11,1.713319e-16,1.058791e-22,3.556266e-12
5916,1479.000000,3,2.949974e-11,1.285004e-16,-1.072026e-21,2.680967e-12
5917,1479.250000,3,2.949818e-11,1.285019e-16,-2.875280e-21,4.459100e-12
5918,1479.500000,3,2.949685e-11,1.713379e-16,2.267137e-20,2.939871e-12
5919,1479.750000,3,2.949552e-11,1.713400e-16,2.613891e-21,4.722445e-12
5920,1480.000000,3,2.949374e-11,1.285065e-16,8.867376e-21,3.520295e-12
5921,1480.250000,3,2.949196e-11,1.285080e-16,-4.433688e-22,2.765788e-12
5922,1480.500000,3,2.949085e-11,1.285095e-16,1.488594e-20,3.528289e-12
5923,1480.750000,3,2.948952e-11,1.465321e-16,4.966392e-21,6.075140e-13
5924,1481.000000,3,2.948775e-11,1.713501e-16,2.397169e-20,2.969625e-12
5925,1481.250000,3,2.948619e-11,1.713521e-16,7.629914e-21,3.153033e-12
5926,1481.500000,3,2.948464e-11,1.285156e-16,2.706535e-21,3.934186e-12
5927,1481.750000,3,2.948353e-11,1.285171e-16,-1.282461e-20,3.964384e-12
5928,1482.000000,3,2.948242e-11,1.465061e-16,-2.026262e-20,3.398615e-12
5929,1482.250000,3,2.948064e-11,1.285201e-16,2.464336e-20,2.797318e-12
5930,1482.500000,3,2.947931e-11,1.713622e-16,4.397292e-21,3.844924e-12
5931,1482.750000,3,2.947798e-11,1.285232e-16,-9.310745e-21,3.304912e-12
5932,1483.000000,3,2.947598e-11,1.713663e-16,-1.164009e-20,1.390443e-12
5933,1483.250000,3,2.947420e-11,1.285262e-16,3.414932e-20,2.937206e-12
5934,1483.500000,3,2.947353e-11,1.713703e-16,-9.515886e-21,3.611778e-12
5935,1483.750000,3,2.947176e-11,1.285292e-16,-2.237689e-20,4.024781e-12
5936,1484.000000,3,2.947043e-11,1.647728e-16,7.107136e-21,1.693312e-12
5937,1484.250000,3,2.946887e-11,1.713764e-16,-3.137661e-20,3.188116e-12
5938,1484.500000,3,2.946732e-11,1.713784e-16,8.298276e-21,3.350209e-12
5939,1484.750000,3,2.946576e-11,1.285353e-16,-7.828437e-21,3.490985e-12
5940,1485.000000,3,2.946443e-11,1.713824e-16,1.692742e-20,3.240075e-12
5941,1485.250000,3,2.946310e-11,1.281340e-16,2.290629e-20,3.169021e-12
5942,1485.500000,3,2.946177e-11,1.713865e-16,3.450998e-21,7.407408e-12
5943,1485.750000,3,2.946021e-11,1.285414e-16,-3.523789e-21,3.803624e-12
5944,1486.000000,3,2.945888e-11,1.285429e-16,1.415471e-20,3.591794e-12
5945,1486.250000,3,2.945733e-11,1.285444e-16,-2.021629e-20,3.293366e-12
5946,1486.500000,3,2.945577e-11,1.285459e-16,6.518183e-22,4.333867e-12
5947,1486.750000,3,2.945399e-11,1.285475e-16,1.838657e-20,6.515233e-12
5948,1487.000000,3,2.945288e-11,1.285490e-16,-3.404675e-21,6.960210e-12
5949,1487.250000,3,2.945133e-11,1.285505e-16,1.151105e-20,5.305534e-12
5950,1487.500000,3,2.945000e-11,1.285520e-16,-1.390987e-20,5.190959e-12
5951,1487.750000,3,2.944889e-11,1.285535e-16,7.150149e-21,3.063327e-12
5952,1488.000000,3,2.944733e-11,1.714067e-16,-2.517938e-21,1.066258e-12
5953,1488.250000,3,2.944534e-11,1.285566e-16,2.236696e-21,2.170708e-12
5954,1488.500000,3,2.944422e-11,1.285581e-16,-4.261635e-21,4.162004e-12
5955,1488.750000,3,2.944245e-11,1.463668e-16,4.254024e-20,5.411671e-12
5956,1489.000000,3,2.944089e-11,1.463617e-16,9.191631e-21,4.248157e-12
5957,1489.250000,3,2.944001e-11,1.285626e-16,-5.889526e-21,6.189715e-12
5958,1489.500000,3,2.943867e-11,1.285641e-16,1.272866e-20,9.969803e-13
5959,1489.750000,3,2.943690e-11,1.285656e-16,8.645692e-21,5.275780e-12
5960,1490.000000,3,2.943534e-11,1.285672e-16,-2.387905e-20,3.401723e-12
5961,1490.250000,3,2.943423e-11,1.714249e-16,3.271003e-20,1.777689e-12
5962,1490.500000,3,2.943246e-11,1.463310e-16,3.629338e-20,3.010481e-12
5963,1490.750000,3,2.943112e-11,1.285717e-16,1.375105e-20,1.610712e-12
5964,1491.000000,3,2.942979e-11,2.011910e-16,1.633516e-20,5.483169e-12
5965,1491.250000,3,2.942868e-11,1.714330e-16,4.518722e-20,3.805400e-12
5966,1491.500000,3,2.942691e-11,1.714350e-16,2.267467e-20,5.033307e-12
5967,1491.750000,3,2.942535e-11,1.285778e-16,-1.464771e-20,1.873612e-12
5968,1492.000000,3,2.942402e-11,1.463003e-16,-1.430361e-20,6.943779e-12
5969,1492.250000,3,2.942246e-11,1.285808e-16,-2.942778e-20,2.437162e-12
5970,1492.500000,3,2.942091e-11,1.645764e-16,1.827077e-20,2.941203e-12
5971,1492.750000,3,2.941958e-11,1.462850e-16,-2.726387e-20,2.995382e-12
5972,1493.000000,3,2.941780e-11,1.285853e-16,1.029344e-20,2.655653e-12
5973,1493.250000,3,2.941647e-11,1.645592e-16,-5.114623e-20,6.723511e-13
5974,1493.500000,3,2.941514e-11,1.645535e-16,5.330352e-21,6.269207e-12
5975,1493.750000,3,2.941403e-11,1.285899e-16,2.406103e-20,3.584688e-12
5976,1494.000000,3,2.941247e-11,1.285914e-16,1.914427e-20,3.940848e-12
5977,1494.250000,3,2.941070e-11,1.285929e-16,3.427836e-21,1.547207e-12
5978,1494.500000,3,2.940936e-11,1.462494e-16,2.232395e-20,3.664180e-12
5979,1494.750000,3,2.940803e-11,1.279638e-16,1.144818e-20,3.385736e-12
5980,1495.000000,3,2.940714e-11,1.285975e-16,8.483564e-21,2.269296e-13
5981,1495.250000,3,2.940514e-11,1.714653e-16,-1.108753e-20,4.222844e-12
5982,1495.500000,3,2.940359e-11,1.286005e-16,-2.736313e-20,5.397460e-12
5983,1495.750000,3,2.940204e-11,1.286020e-16,1.211654e-20,3.525180e-12
5984,1496.000000,3,2.940093e-11,1.714714e-16,-4.218621e-21,1.143530e-12
5985,1496.250000,3,2.939959e-11,1.286050e-16,-3.602206e-20,3.460343e-12
5986,1496.500000,3,2.939782e-11,1.714754e-16,3.275304e-20,4.905854e-12
5987,1496.750000,3,2.939671e-11,1.644793e-16,6.382526e-21,6.500134e-12
5988,1497.000000,3,2.939538e-11,1.286096e-16,-3.580369e-20,-1.050715e-12
5989,1497.250000,3,2.939382e-11,1.714814e-16,-2.666830e-20,4.301004e-12
5990,1497.500000,3,2.939249e-11,1.286126e-16,-1.077320e-20,3.401279e-12
5991,1497.750000,3,2.939116e-11,1.286141e-16,6.187311e-22,3.691270e-12
5992,1498.000000,3,2.938982e-11,1.827231e-16,-2.151662e-20,2.389644e-12
5993,1498.250000,3,2.938805e-11,1.714895e-16,-9.591986e-21,2.186695e-12
5994,1498.500000,3,2.938672e-11,1.714915e-16,-6.627371e-21,1.876721e-12
5995,1498.750000,3,2.938516e-11,1.714936e-16,-3.760694e-20,2.942979e-12
5996,1499.000000,3,2.938361e-11,1.714956e-16,-1.469404e-20,5.997869e-12
5997,1499.250000,3,2.938205e-11,1.286232e-16,-2.852119e-20,1.287859e-12
5998,1499.500000,3,2.938094e-11,1.286247e-16,2.196992e-20,3.647305e-12
5999,1499.750000,3,2.937961e-11,1.715016e-16,4.235165e-22,3.622436e-12
6000,1500.000000,3,2.937828e-11,1.286277e-16,-1.280476e-21,4.166445e-12
6001,1500.250000,3,2.937695e-11,1.286292e-16,4.023406e-21,1.697753e-12
6002,1500.500000,3,2.937539e-11,1.715077e-16,3.259753e-20,2.625455e-12
6003,1500.750000,3,2.937450e-11,1.461228e-16,2.861714e-20,3.243628e-12
6004,1501.000000,3,2.937295e-11,1.286338e-16,9.558899e-21,3.041123e-12
6005,1501.250000,3,2.937206e-11,1.286353e-16,1.708955e-20,5.525802e-12
6006,1501.500000,3,2.937028e-11,1.461071e-16,5.075580e-21,4.974687e-12
6007,1501.750000,3,2.936873e-11,1.715178e-16,-1.358231e-20,5.322853e-12
6008,1502.000000,3,2.936762e-11,1.369656e-16,3.887749e-21,5.055956e-12
6009,1502.250000,3,2.936607e-11,1.826142e-16,2.444153e-20,2.247091e-12
6010,1502.500000,3,2.936518e-11,1.286429e-16,3.074134e-20,2.716938e-12
6011,1502.750000,3,2.936384e-11,1.715258e-16,-3.272988e-20,2.725375e-12
6012,1503.000000,3,2.936273e-11,1.286459e-16,1.661971e-20,4.831247e-12
6013,1503.250000,3,2.936140e-11,1.369407e-16,2.632420e-20,3.519407e-12
6014,1503.500000,3,2.936007e-11,1.460648e-16,3.416587e-20,4.928502e-12
6015,1503.750000,3,2.935918e-11,1.715339e-16,2.335296e-20,5.237588e-12
6016,1504.000000,3,2.935763e-11,1.715359e-16,-2.242983e-20,5.339285e-12
6017,1504.250000,3,2.935652e-11,1.286534e-16,5.581815e-21,4.617196e-12
6018,1504.500000,3,2.935474e-11,1.825542e-16,-3.108545e-20,3.546496e-12
6019,1504.750000,3,2.935407e-11,1.286565e-16,-2.078870e-20,3.320455e-12
6020,1505.000000,3,2.935230e-11,1.286580e-16,1.949830e-20,3.551381e-12
6021,1505.250000,3,2.935097e-11,2.144325e-16,-4.701695e-20,2.160050e-12
6022,1505.500000,3,2.934941e-11,1.286610e-16,1.270219e-20,5.037748e-12
6023,1505.750000,3,2.934875e-11,1.286625e-16,6.147606e-21,3.034906e-12
6024,1506.000000,3,2.934697e-11,1.460110e-16,-5.083521e-20,2.057465e-12
6025,1506.250000,3,2.934586e-11,1.825069e-16,6.356056e-21,3.926637e-12
6026,1506.500000,3,2.934453e-11,1.286670e-16,-2.554003e-20,6.516565e-12
6027,1506.750000,3,2.934275e-11,1.459947e-16,5.072272e-21,4.074519e-12
6028,1507.000000,3,2.934186e-11,1.715601e-16,-1.250697e-21,2.705391e-12
6029,1507.250000,3,2.934031e-11,1.286716e-16,-1.954793e-20,4.303669e-12
6030,1507.500000,3,2.933920e-11,1.286731e-16,-4.684820e-20,4.569234e-12
6031,1507.750000,3,2.933764e-11,1.286746e-16,-6.084741e-21,4.511502e-12
6032,1508.000000,3,2.933653e-11,1.715681e-16,-1.244411e-20,2.536638e-12
6033,1508.250000,3,2.933542e-11,1.286776e-16,-1.821121e-20,4.159784e-12
6034,1508.500000,3,2.933409e-11,1.286791e-16,-2.781974e-20,2.245759e-12
6035,1508.750000,3,2.933298e-11,1.286806e-16,-1.946852e-20,1.596057e-12
6036,1509.000000,3,2.933143e-11,1.286821e-16,2.508012e-21,5.247358e-12
6037,1509.250000,3,2.933009e-11,1.286837e-16,1.885972e-20,4.265033e-12
6038,1509.500000,3,2.932854e-11,1.286852e-16,-1.168310e-20,4.530598e-12
6039,1509.750000,3,2.932765e-11,1.286867e-16,-2.179786e-20,5.714540e-12
6040,1510.000000,3,2.932610e-11,1.715843e-16,2.469630e-20,3.143263e-12
6041,1510.250000,3,2.932476e-11,1.715863e-16,1.175258e-20,3.733014e-12
6042,1510.500000,3,2.932343e-11,1.286912e-16,-4.056494e-21,2.023270e-12
6043,1510.750000,3,2.932232e-11,1.715903e-16,1.244080e-20,2.371436e-12
6044,1511.000000,3,2.932032e-11,1.715923e-16,-2.455072e-20,2.391420e-12
6045,1511.250000,3,2.931944e-11,1.094219e-16,4.466775e-21,1.953104e-12
6046,1511.500000,3,2.931810e-11,1.641267e-16,2.213535e-21,4.863665e-12
6047,1511.750000,3,2.931699e-11,1.276492e-16,1.124966e-22,6.113332e-12
6048,1512.000000,3,2.931544e-11,1.549967e-16,3.897675e-21,3.681055e-12
6049,1512.250000,3,2.931388e-11,1.716024e-16,1.308931e-20,2.025491e-12
6050,1512.500000,3,2.931277e-11,1.287033e-16,-6.154224e-22,4.813927e-12
6051,1512.750000,3,2.931189e-11,1.287048e-16,-1.763549e-21,3.761436e-12
6052,1513.000000,3,2.931033e-11,1.287063e-16,-6.045036e-21,5.969891e-12
6053,1513.250000,3,2.930944e-11,1.716104e-16,-1.981263e-20,2.193357e-12
6054,1513.500000,3,2.930722e-11,1.458460e-16,1.359223e-20,4.878764e-12
6055,1513.750000,3,2.930634e-11,1.458404e-16,-1.283784e-20,3.941736e-12
6056,1514.000000,3,2.930522e-11,1.287123e-16,5.638394e-20,1.522338e-12
6057,1514.250000,3,2.930345e-11,1.287138e-16,8.404155e-21,7.001955e-12
6058,1514.500000,3,2.930212e-11,1.716205e-16,3.124096e-20,2.560174e-12
6059,1514.750000,3,2.930123e-11,1.549317e-16,-4.030024e-21,2.990941e-12
6060,1515.000000,3,2.929967e-11,1.287184e-16,-1.394627e-20,6.066259e-12
6061,1515.250000,3,2.929834e-11,1.287199e-16,-3.788487e-21,5.417888e-12
6062,1515.500000,3,2.929701e-11,1.716285e-16,-1.451206e-20,1.390443e-12
6063,1515.750000,3,2.929545e-11,1.457957e-16,1.324151e-20,4.059419e-12
6064,1516.000000,3,2.929434e-11,1.457901e-16,2.429264e-20,3.282707e-12
6065,1516.250000,3,2.929279e-11,1.716346e-16,1.241102e-20,1.889600e-12
6066,1516.500000,3,2.929168e-11,1.287274e-16,-3.804700e-20,4.406253e-12
6067,1516.750000,3,2.929079e-11,1.716386e-16,2.890169e-20,4.097611e-12
6068,1517.000000,3,2.928879e-11,1.093258e-16,1.568996e-20,2.267075e-12
6069,1517.250000,3,2.928768e-11,1.287320e-16,-1.325143e-20,4.450218e-12
6070,1517.500000,3,2.928613e-11,1.639760e-16,-3.361993e-20,5.830447e-12
6071,1517.750000,3,2.928546e-11,1.287350e-16,-3.894366e-20,3.017586e-12
6072,1518.000000,3,2.928391e-11,1.716486e-16,8.946786e-21,3.450129e-12
6073,1518.250000,3,2.928235e-11,1.457396e-16,-2.937815e-20,3.059775e-12
6074,1518.500000,3,2.928102e-11,1.821674e-16,8.040196e-21,1.618705e-12
6075,1518.750000,3,2.928013e-11,1.716547e-16,2.425624e-20,3.105072e-12
6076,1519.000000,3,2.927836e-11,1.716567e-16,7.974021e-22,2.692069e-12
6077,1519.250000,3,2.927725e-11,1.287440e-16,-5.690672e-20,4.114931e-12
6078,1519.500000,3,2.927592e-11,1.287455e-16,1.675537e-20,4.051426e-12
6079,1519.750000,3,2.927480e-11,1.287470e-16,9.926167e-24,2.172929e-12
6080,1520.000000,3,2.927303e-11,1.457001e-16,-3.017224e-20,4.005685e-12
6081,1520.250000,3,2.927170e-11,1.287500e-16,2.640361e-21,3.831602e-12
6082,1520.500000,3,2.927036e-11,1.287516e-16,7.256028e-21,3.744560e-12
6083,1520.750000,3,2.926925e-11,1.287531e-16,-2.954689e-21,4.372946e-12
6084,1521.000000,3,2.926792e-11,1.287546e-16,4.132594e-21,6.268319e-12
6085,1521.250000,3,2.926659e-11,1.287561e-16,-1.637818e-20,2.815970e-12
6086,1521.500000,3,2.926548e-11,1.287576e-16,-6.670384e-21,5.612399e-12
6087,1521.750000,3,2.926415e-11,1.183491e-16,8.013726e-21,5.599965e-12
6088,1522.000000,3,2.926281e-11,1.716808e-16,-1.672228e-20,4.909406e-12
6089,1522.250000,3,2.926148e-11,1.716828e-16,-2.349855e-20,3.418155e-12
6090,1522.500000,3,2.926015e-11,1.716848e-16,3.947306e-21,4.392930e-12
6091,1522.750000,3,2.925860e-11,1.716868e-16,1.644766e-20,3.664624e-12
6092,1523.000000,3,2.925726e-11,1.716888e-16,1.202721e-20,4.942713e-12
6093,1523.250000,3,2.925638e-11,1.287681e-16,1.478668e-20,2.765344e-12
6094,1523.500000,3,2.925438e-11,1.287696e-16,-1.008499e-20,2.958078e-12
6095,1523.750000,3,2.925349e-11,1.287711e-16,1.586863e-20,-4.294343e-13
6096,1524.000000,3,2.925171e-11,1.287726e-16,1.112392e-20,7.403411e-12
6097,1524.250000,3,2.925060e-11,1.638042e-16,-1.597451e-20,9.880985e-13
6098,1524.500000,3,2.924971e-11,1.287757e-16,7.537270e-21,5.944134e-12
6099,1524.750000,3,2.924838e-11,1.717029e-16,1.641457e-20,7.321255e-12
6100,1525.000000,3,2.924683e-11,1.717049e-16,-2.898441e-21,2.291500e-12
6101,1525.250000,3,2.924549e-11,1.287802e-16,1.925015e-20,3.464340e-12
6102,1525.500000,3,2.924394e-11,1.455752e-16,4.920070e-21,3.106848e-12
6103,1525.750000,3,2.924261e-11,8.585546e-17,-6.399069e-21,7.669421e-13
6104,1526.000000,3,2.924128e-11,1.287847e-16,1.444919e-20,2.168488e-12
6105,1526.250000,3,2.924039e-11,1.717149e-16,-3.484746e-20,4.842793e-12
6106,1526.500000,3,2.923883e-11,1.717169e-16,-2.360443e-20,1.091571e-12
6107,1526.750000,3,2.923772e-11,1.717189e-16,3.245857e-21,2.287059e-12
6108,1527.000000,3,2.923617e-11,1.717210e-16,7.378451e-21,6.368239e-12
6109,1527.250000,3,2.923484e-11,1.717230e-16,-1.300328e-20,2.633449e-12
6110,1527.500000,3,2.923373e-11,1.637207e-16,2.104678e-20,4.112710e-12
6111,1527.750000,3,2.923195e-11,1.273333e-16,-1.259631e-20,1.934453e-12
6112,1528.000000,3,2.923128e-11,1.717290e-16,-2.951380e-21,3.735678e-12
6113,1528.250000,3,2.922951e-11,1.287982e-16,5.922613e-21,5.291323e-12
6114,1528.500000,3,2.922795e-11,1.287997e-16,1.957440e-20,6.784351e-12
6115,1528.750000,3,2.922684e-11,1.288013e-16,8.321437e-21,2.592593e-12
6116,1529.000000,3,2.922551e-11,1.717370e-16,-2.035195e-20,-1.301181e-13
6117,1529.250000,3,2.922440e-11,1.288043e-16,-1.115039e-21,5.853540e-12
6118,1529.500000,3,2.922307e-11,1.636692e-16,-3.558531e-20,1.201705e-12
6119,1529.750000,3,2.922174e-11,1.288073e-16,-2.999688e-20,3.665512e-12
6120,1530.000000,3,2.922040e-11,1.288088e-16,-2.792231e-20,1.938449e-12
6121,1530.250000,3,2.921929e-11,1.636498e-16,1.931963e-20,6.057377e-12
6122,1530.500000,3,2.921818e-11,1.288118e-16,9.912932e-21,4.463097e-12
6123,1530.750000,3,2.921596e-11,1.818188e-16,-3.403021e-20,3.089085e-12
6124,1531.000000,3,2.921552e-11,1.288148e-16,-2.317429e-20,4.869438e-12
6125,1531.250000,3,2.921352e-11,1.717551e-16,1.216948e-20,5.047518e-12
6126,1531.500000,3,2.921241e-11,1.717571e-16,3.025496e-20,1.866507e-12
6127,1531.750000,3,2.921130e-11,1.363426e-16,-1.858179e-20,4.268585e-12
6128,1532.000000,3,2.920975e-11,1.288208e-16,-1.748329e-20,3.488321e-12
6129,1532.250000,3,2.920841e-11,1.288223e-16,-1.577268e-20,3.385736e-12
6130,1532.500000,3,2.920708e-11,1.288238e-16,2.483527e-20,3.888889e-12
6131,1532.750000,3,2.920597e-11,1.717671e-16,-2.377648e-20,2.913225e-12
6132,1533.000000,3,2.920464e-11,1.288268e-16,1.770828e-20,4.401368e-12
6133,1533.250000,3,2.920331e-11,1.635722e-16,1.290071e-20,7.569945e-12
6134,1533.500000,3,2.920220e-11,1.288298e-16,-1.202721e-20,5.540457e-12
6135,1533.750000,3,2.920086e-11,1.288313e-16,-1.133568e-20,1.576961e-12
6136,1534.000000,3,2.919975e-11,1.717771e-16,1.459147e-21,4.289902e-12
6137,1534.250000,3,2.919776e-11,1.288343e-16,-1.117356e-20,3.496314e-12
6138,1534.500000,3,2.919642e-11,1.288358e-16,-3.904292e-22,6.299850e-12
6139,1534.750000,3,2.919531e-11,1.453629e-16,4.311265e-21,1.834977e-12
6140,1535.000000,3,2.919398e-11,1.288389e-16,7.974021e-21,4.067857e-12
6141,1535.250000,3,2.919309e-11,1.288404e-16,-2.772709e-20,2.604583e-12
6142,1535.500000,3,2.919109e-11,1.288419e-16,-2.160596e-21,2.736034e-12
6143,1535.750000,3,2.919021e-11,1.717912e-16,7.308968e-21,4.998224e-12
6144,1536.000000,3,2.918887e-11,1.288449e-16,2.395515e-21,4.952039e-12
6145,1536.250000,3,2.918776e-11,1.288464e-16,3.063215e-20,7.803980e-12
6146,1536.500000,3,2.918621e-11,1.288479e-16,7.365216e-21,2.227996e-12
6147,1536.750000,3,2.918510e-11,1.453167e-16,3.268025e-20,5.379697e-12
6148,1537.000000,3,2.918377e-11,1.288509e-16,-1.427714e-20,1.057376e-12
6149,1537.250000,3,2.918243e-11,1.288524e-16,-1.991851e-20,6.161738e-12
6150,1537.500000,3,2.918132e-11,1.288539e-16,-1.038608e-20,2.490896e-12
6151,1537.750000,3,2.917977e-11,1.718072e-16,1.643442e-20,3.963496e-12
6152,1538.000000,3,2.917866e-11,1.288569e-16,1.318526e-20,4.547474e-12
6153,1538.250000,3,2.917688e-11,1.288584e-16,5.260869e-22,4.125145e-12
6154,1538.500000,3,2.917599e-11,1.288599e-16,2.045121e-20,2.512657e-12
6155,1538.750000,3,2.917466e-11,1.634292e-16,1.899868e-20,1.700418e-12
6156,1539.000000,3,2.917311e-11,1.452646e-16,6.405687e-21,1.376232e-12
6157,1539.250000,3,2.917178e-11,1.288644e-16,3.221041e-20,5.088818e-12
6158,1539.500000,3,2.917022e-11,1.452530e-16,-6.587666e-21,2.054801e-12
6159,1539.750000,3,2.916911e-11,1.288674e-16,-5.058044e-20,4.222400e-12
6160,1540.000000,3,2.916800e-11,1.288689e-16,3.316002e-20,5.202949e-12
6161,1540.250000,3,2.916667e-11,1.452356e-16,2.028909e-20,4.252598e-12
6162,1540.500000,3,2.916556e-11,1.288719e-16,1.952146e-21,2.871481e-12
6163,1540.750000,3,2.916378e-11,1.288734e-16,-2.360112e-20,7.209344e-12
6164,1541.000000,3,2.916245e-11,1.288749e-16,-1.207684e-21,1.616041e-12
6165,1541.250000,3,2.916156e-11,1.288764e-16,2.055378e-20,5.066170e-12
6166,1541.500000,3,2.916001e-11,1.452066e-16,4.221930e-21,5.158984e-12
6167,1541.750000,3,2.915845e-11,1.718392e-16,-5.780338e-21,4.968470e-12
6168,1542.000000,3,2.915734e-11,1.288809e-16,-2.177139e-21,2.824407e-12
6169,1542.250000,3,2.915601e-11,1.288824e-16,-1.092540e-20,1.604050e-12
6170,1542.500000,3,2.915490e-11,1.451834e-16,4.114065e-20,2.351008e-12
6171,1542.750000,3,2.915335e-11,1.288854e-16,3.216740e-20,3.297362e-12
6172,1543.000000,3,2.915246e-11,1.360985e-16,9.992342e-21,3.132605e-12
6173,1543.250000,3,2.915113e-11,1.718512e-16,1.181214e-20,7.234213e-13
6174,1543.500000,3,2.914957e-11,1.288899e-16,1.899868e-20,5.387246e-12
6175,1543.750000,3,2.914824e-11,1.288914e-16,-2.310812e-20,3.611333e-12
6176,1544.000000,3,2.914713e-11,1.718572e-16,-4.020098e-21,4.725109e-12
6177,1544.250000,3,2.914513e-11,1.288944e-16,2.960314e-20,6.349588e-12
6178,1544.500000,3,2.914469e-11,1.288959e-16,-2.593377e-20,2.559730e-12
6179,1544.750000,3,2.914269e-11,1.269896e-16,3.386147e-20,1.656897e-12
6180,1545.000000,3,2.914202e-11,1.288989e-16,-2.598340e-20,3.979039e-12
6181,1545.250000,3,2.914002e-11,1.451194e-16,-1.268233e-20,4.399592e-12
6182,1545.500000,3,2.913914e-11,2.148365e-16,-2.958329e-20,4.129141e-12
6183,1545.750000,3,2.913780e-11,1.451077e-16,1.392972e-21,5.334400e-12
6184,1546.000000,3,2.913669e-11,1.289049e-16,1.648406e-20,3.902656e-12
6185,1546.250000,3,2.913536e-11,1.289064e-16,1.134230e-20,5.611511e-12
6186,1546.500000,3,2.913403e-11,1.289079e-16,1.019417e-20,3.056222e-12
6187,1546.750000,3,2.913270e-11,1.632199e-16,6.806042e-21,3.474998e-12
6188,1547.000000,3,2.913136e-11,1.289109e-16,1.244741e-20,4.855671e-12
6189,1547.250000,3,2.913048e-11,1.289124e-16,3.180675e-20,4.681144e-12
6190,1547.500000,3,2.912892e-11,1.178668e-16,-4.235165e-21,1.842082e-12
6191,1547.750000,3,2.912759e-11,1.359947e-16,6.830857e-20,2.203127e-12
6192,1548.000000,3,2.912581e-11,1.289169e-16,-9.879845e-21,5.596412e-12
6193,1548.250000,3,2.912492e-11,1.718912e-16,-9.512577e-21,4.674039e-12
6194,1548.500000,3,2.912315e-11,1.718932e-16,2.193683e-21,1.443290e-12
6195,1548.750000,3,2.912204e-11,1.289214e-16,9.539047e-21,3.667289e-12
6196,1549.000000,3,2.912115e-11,1.289229e-16,-4.857205e-21,4.402256e-12
6197,1549.250000,3,2.911982e-11,1.268977e-16,-2.734328e-20,4.173106e-12
6198,1549.500000,3,2.911826e-11,1.450201e-16,-1.088570e-20,3.153922e-12
6199,1549.750000,3,2.911715e-11,1.719032e-16,-1.228529e-20,2.898570e-12
6200,1550.000000,3,2.911560e-11,1.719052e-16,2.039827e-20,4.283240e-12
6201,1550.250000,3,2.911427e-11,1.450026e-16,-1.366171e-20,4.115819e-12
6202,1550.500000,3,2.911338e-11,1.719092e-16,5.059037e-21,1.154632e-12
6203,1550.750000,3,2.911182e-11,1.449909e-16,2.716792e-20,2.700062e-13
6204,1551.000000,3,2.911071e-11,1.631082e-16,-1.280476e-21,3.631317e-12
6205,1551.250000,3,2.910960e-11,1.289364e-16,7.080666e-21,2.183587e-12
6206,1551.500000,3,2.910805e-11,1.289379e-16,-1.349959e-21,2.089884e-12
6207,1551.750000,3,2.910672e-11,1.449675e-16,-2.613891e-20,3.061107e-12
6208,1552.000000,3,2.910538e-11,1.289409e-16,-2.432242e-20,5.285106e-12
6209,1552.250000,3,2.910405e-11,1.289424e-16,6.088049e-22,2.159606e-12
6210,1552.500000,3,2.910272e-11,1.719252e-16,1.587525e-20,4.989342e-12
6211,1552.750000,3,2.910139e-11,1.719272e-16,2.431911e-21,2.621903e-12
6212,1553.000000,3,2.910050e-11,1.719292e-16,-3.083068e-20,4.836131e-12
6213,1553.250000,3,2.909917e-11,1.289484e-16,-2.372354e-20,4.355627e-12
6214,1553.500000,3,2.909806e-11,1.719332e-16,-1.071364e-20,4.362288e-12
6215,1553.750000,3,2.909628e-11,1.289514e-16,-1.859502e-20,6.112000e-12
6216,1554.000000,3,2.909517e-11,1.289529e-16,1.009160e-20,4.826362e-12
6217,1554.250000,3,2.909362e-11,1.289544e-16,3.024503e-20,2.494449e-12
6218,1554.500000,3,2.909251e-11,1.719412e-16,-2.669808e-20,5.661693e-12
6219,1554.750000,3,2.909095e-11,1.289574e-16,3.181337e-20,4.392486e-12
6220,1555.000000,3,2.908984e-11,1.289589e-16,-2.070929e-20,4.141576e-12
6221,1555.250000,3,2.908829e-11,1.629961e-16,2.785944e-20,5.634160e-12
6222,1555.500000,3,2.908740e-11,1.289619e-16,-8.364450e-21,4.577227e-12
6223,1555.750000,3,2.908584e-11,1.289634e-16,-9.433168e-21,3.082867e-12
6224,1556.000000,3,2.908473e-11,1.719532e-16,-8.030269e-21,5.536016e-12
6225,1556.250000,3,2.908362e-11,1.289664e-16,-1.056475e-20,5.436096e-12
6226,1556.500000,3,2.908207e-11,1.289679e-16,-9.972489e-21,6.958434e-12
6227,1556.750000,3,2.908074e-11,1.267439e-16,1.898214e-20,3.542056e-12
6228,1557.000000,3,2.907985e-11,1.448443e-16,1.042248e-21,1.732836e-12
6229,1557.250000,3,2.907874e-11,1.448384e-16,1.662964e-20,7.096546e-12
6230,1557.500000,3,2.907719e-11,1.289739e-16,5.548728e-21,2.248868e-12
6231,1557.750000,3,2.907563e-11,1.719672e-16,-2.532496e-20,6.258993e-12
6232,1558.000000,3,2.907408e-11,1.289769e-16,-4.920070e-21,4.496403e-12
6233,1558.250000,3,2.907297e-11,1.289784e-16,-2.672124e-20,3.714806e-12
6234,1558.500000,3,2.907230e-11,1.448090e-16,1.971006e-20,4.432010e-12
6235,1558.750000,3,2.907052e-11,1.719751e-16,-3.893705e-20,3.662848e-12
6236,1559.000000,3,2.906941e-11,1.289828e-16,-7.404921e-21,2.841283e-12
6237,1559.250000,3,2.906786e-11,1.447914e-16,2.661205e-20,5.194067e-12
6238,1559.500000,3,2.906697e-11,1.289858e-16,-2.319414e-20,1.640021e-12
6239,1559.750000,3,2.906519e-11,1.447796e-16,-7.682854e-21,2.930989e-13
6240,1560.000000,3,2.906431e-11,1.289888e-16,1.046880e-20,5.544898e-12
6241,1560.250000,3,2.906253e-11,1.719871e-16,-2.350186e-20,4.137135e-12
6242,1560.500000,3,2.906120e-11,1.719891e-16,4.129286e-21,5.441425e-12
6243,1560.750000,3,2.906031e-11,1.289933e-16,-4.048222e-20,4.311218e-12
6244,1561.000000,3,2.905853e-11,1.719931e-16,7.011183e-21,4.717116e-12
6245,1561.250000,3,2.905742e-11,1.289963e-16,-3.077112e-22,5.031531e-13
6246,1561.500000,3,2.905609e-11,1.447392e-16,1.983248e-20,3.030909e-12
6247,1561.750000,3,2.905476e-11,1.356876e-16,-1.389663e-21,3.503420e-12
6248,1562.000000,3,2.905343e-11,1.290008e-16,4.331118e-21,1.213696e-12
6249,1562.250000,3,2.905209e-11,1.290023e-16,2.468638e-20,6.066259e-13
6250,1562.500000,3,2.905032e-11,1.290038e-16,1.624583e-21,4.844569e-12
6251,1562.750000,3,2.904921e-11,1.447108e-16,2.536798e-20,6.563194e-12
6252,1563.000000,3,2.904832e-11,1.447052e-16,1.300659e-20,3.921752e-12
6253,1563.250000,3,2.904654e-11,1.290083e-16,-7.550505e-21,3.133493e-12
6254,1563.500000,3,2.904543e-11,1.446939e-16,1.629546e-20,3.019363e-12
6255,1563.750000,3,2.904454e-11,1.290113e-16,3.010276e-20,1.710188e-12
6256,1564.000000,3,2.904277e-11,1.290128e-16,-1.181214e-20,4.356071e-12
6257,1564.250000,3,2.904188e-11,1.290143e-16,-1.783732e-20,2.868816e-12
6258,1564.500000,3,2.904033e-11,1.290158e-16,-1.280476e-20,1.596057e-12
6259,1564.750000,3,2.903855e-11,1.290173e-16,8.440551e-21,3.782752e-12
6260,1565.000000,3,2.903766e-11,1.290187e-16,-2.625471e-20,3.613554e-12
6261,1565.250000,3,2.903633e-11,1.356139e-16,-1.829062e-20,2.379874e-12
6262,1565.500000,3,2.903500e-11,1.290217e-16,7.841672e-21,3.078426e-12
6263,1565.750000,3,2.903344e-11,1.720310e-16,2.580804e-20,3.593570e-12
6264,1566.000000,3,2.903233e-11,1.290247e-16,-1.826415e-21,2.034373e-12
6265,1566.250000,3,2.903100e-11,1.720350e-16,-1.752299e-20,3.669509e-12
6266,1566.500000,3,2.902967e-11,1.290277e-16,1.117686e-20,3.635314e-12
6267,1566.750000,3,2.902834e-11,1.290292e-16,1.222904e-20,2.593925e-12
6268,1567.000000,3,2.902700e-11,1.720409e-16,-3.425520e-20,1.955325e-12
6269,1567.250000,3,2.902567e-11,1.084579e-16,-3.689226e-21,2.092104e-12
6270,1567.500000,3,2.902434e-11,1.720449e-16,9.122148e-21,4.849454e-12
6271,1567.750000,3,2.902278e-11,1.720469e-16,-5.052419e-21,7.629453e-13
6272,1568.000000,3,2.902190e-11,1.290367e-16,1.597451e-20,3.540279e-12
6273,1568.250000,3,2.902034e-11,1.290382e-16,1.233161e-20,3.164580e-12
6274,1568.500000,3,2.901901e-11,1.290397e-16,1.709948e-20,6.366907e-12
6275,1568.750000,3,2.901746e-11,1.445777e-16,2.161258e-20,4.920064e-12
6276,1569.000000,3,2.901634e-11,1.290427e-16,-9.132074e-22,4.733103e-12
6277,1569.250000,3,2.901546e-11,1.290442e-16,3.791796e-21,2.526424e-12
6278,1569.500000,3,2.901390e-11,1.290456e-16,2.015343e-20,5.285106e-12
6279,1569.750000,3,2.901279e-11,1.290471e-16,6.584358e-21,2.455369e-12
6280,1570.000000,3,2.901102e-11,1.290486e-16,5.122895e-20,2.720490e-12
6281,1570.250000,3,2.900946e-11,1.290501e-16,-1.296357e-20,3.503420e-12
6282,1570.500000,3,2.900857e-11,9.033720e-17,1.110076e-20,3.780087e-12
6283,1570.750000,3,2.900746e-11,1.720708e-16,-7.335438e-21,3.104184e-12
6284,1571.000000,3,2.900591e-11,1.720728e-16,1.368488e-20,1.510347e-12
6285,1571.250000,3,2.900458e-11,1.354905e-16,-1.625575e-20,2.192468e-12
6286,1571.500000,3,2.900324e-11,1.290576e-16,6.110549e-20,7.608136e-12
6287,1571.750000,3,2.900213e-11,1.290591e-16,5.323734e-21,1.970868e-12
6288,1572.000000,3,2.900036e-11,1.806337e-16,-1.949830e-20,3.773426e-12
6289,1572.250000,3,2.899947e-11,1.290621e-16,1.824099e-20,4.185985e-12
6290,1572.500000,3,2.899769e-11,1.290636e-16,2.594700e-20,3.768985e-12
6291,1572.750000,3,2.899680e-11,1.625521e-16,3.257437e-20,5.015099e-12
6292,1573.000000,3,2.899547e-11,1.290666e-16,5.595050e-21,4.346745e-12
6293,1573.250000,3,2.899414e-11,1.986600e-16,3.922160e-20,3.895995e-12
6294,1573.500000,3,2.899259e-11,1.290695e-16,-1.605061e-20,3.665956e-12
6295,1573.750000,3,2.899170e-11,1.354399e-16,-6.025184e-21,7.876366e-12
6296,1574.000000,3,2.899059e-11,1.290725e-16,6.590975e-21,5.211831e-12
6297,1574.250000,3,2.898881e-11,1.290740e-16,-6.293190e-21,5.020429e-12
6298,1574.500000,3,2.898792e-11,1.805664e-16,1.839981e-20,4.038547e-12
6299,1574.750000,3,2.898659e-11,1.721027e-16,-2.292945e-21,2.646328e-12
6300,1575.000000,3,2.898526e-11,1.290785e-16,1.042248e-20,4.762857e-12
6301,1575.250000,3,2.898348e-11,1.290800e-16,8.321437e-21,2.830625e-12
6302,1575.500000,3,2.898237e-11,1.290815e-16,-9.727644e-21,3.782752e-12
6303,1575.750000,3,2.898126e-11,1.721106e-16,-2.490145e-20,3.926637e-12
6304,1576.000000,3,2.898015e-11,1.290845e-16,-4.195129e-20,3.769429e-12
6305,1576.250000,3,2.897860e-11,1.444157e-16,9.691248e-21,2.687628e-12
6306,1576.500000,3,2.897727e-11,1.290874e-16,-2.106002e-20,4.293010e-12
6307,1576.750000,3,2.897593e-11,1.985569e-16,-8.513343e-21,3.460787e-12
6308,1577.000000,3,2.897438e-11,1.353747e-16,2.064643e-21,3.888445e-12
6309,1577.250000,3,2.897349e-11,1.721224e-16,-1.814834e-20,3.339995e-12
6310,1577.500000,3,2.897216e-11,1.443890e-16,-1.077320e-20,5.225154e-12
6311,1577.750000,3,2.897083e-11,1.721263e-16,-2.246953e-20,4.052314e-12
6312,1578.000000,3,2.896949e-11,1.624257e-16,-4.178916e-21,3.901324e-12
6313,1578.250000,3,2.896816e-11,1.290977e-16,2.771717e-20,3.852474e-12
6314,1578.500000,3,2.896705e-11,1.290991e-16,9.482799e-21,3.873346e-12
6315,1578.750000,3,2.896527e-11,1.721341e-16,1.462455e-21,4.468870e-12
6316,1579.000000,3,2.896461e-11,1.624018e-16,2.339267e-21,3.487877e-12
6317,1579.250000,3,2.896305e-11,1.721380e-16,3.030790e-21,6.321166e-12
6318,1579.500000,3,2.896172e-11,1.291050e-16,7.940934e-23,1.709299e-12
6319,1579.750000,3,2.896061e-11,1.291065e-16,1.436978e-20,1.435296e-12
6320,1580.000000,3,2.895884e-11,1.291079e-16,7.808585e-21,2.537970e-12
6321,1580.250000,3,2.895817e-11,1.291094e-16,1.211323e-20,2.544631e-12
6322,1580.500000,3,2.895661e-11,1.291109e-16,-9.386846e-21,4.980905e-12
6323,1580.750000,3,2.895550e-11,1.291123e-16,-2.337943e-20,1.443290e-12
6324,1581.000000,3,2.895417e-11,1.291138e-16,1.117356e-20,3.094414e-12
6325,1581.250000,3,2.895240e-11,1.443096e-16,-3.791796e-20,6.139977e-12
6326,1581.500000,3,2.895106e-11,1.721556e-16,2.402794e-20,3.802292e-12
6327,1581.750000,3,2.894995e-11,1.623364e-16,1.695059e-20,4.790390e-12
6328,1582.000000,3,2.894884e-11,2.151995e-16,1.965050e-20,2.572609e-12
6329,1582.250000,3,2.894751e-11,1.352705e-16,-2.458050e-20,3.590017e-12
6330,1582.500000,3,2.894618e-11,1.082124e-16,-6.650532e-22,3.390177e-12
6331,1582.750000,3,2.894485e-11,1.291241e-16,-2.154640e-20,4.841905e-12
6332,1583.000000,3,2.894351e-11,2.152092e-16,-1.486940e-20,5.685674e-12
6333,1583.250000,3,2.894240e-11,1.291270e-16,-3.619742e-21,2.112532e-12
6334,1583.500000,3,2.894085e-11,1.983606e-16,-2.336620e-20,4.552803e-12
6335,1583.750000,3,2.893996e-11,1.291299e-16,-1.630869e-20,2.452705e-12
6336,1584.000000,3,2.893863e-11,1.442517e-16,1.255660e-20,4.806378e-12
6337,1584.250000,3,2.893730e-11,1.291329e-16,1.546497e-20,4.781064e-12
6338,1584.500000,3,2.893574e-11,1.721791e-16,-9.936094e-21,1.850964e-12
6339,1584.750000,3,2.893485e-11,1.721811e-16,-1.661310e-20,2.897682e-12
6340,1585.000000,3,2.893374e-11,1.291373e-16,-1.400913e-20,4.233502e-12
6341,1585.250000,3,2.893241e-11,1.442256e-16,-2.892485e-20,2.054357e-12
6342,1585.500000,3,2.893086e-11,1.291402e-16,-2.522239e-20,4.109602e-12
6343,1585.750000,3,2.892975e-11,2.152361e-16,1.062762e-20,1.778133e-12
6344,1586.000000,3,2.892797e-11,1.291431e-16,5.391563e-20,1.998846e-12
6345,1586.250000,3,2.892686e-11,1.442047e-16,2.916970e-20,2.055245e-12
6346,1586.500000,3,2.892575e-11,1.291461e-16,-9.856684e-21,5.050182e-12
6347,1586.750000,3,2.892442e-11,1.291475e-16,-1.165001e-20,1.892708e-12
6348,1587.000000,3,2.892309e-11,1.291490e-16,7.232867e-21,4.868550e-12
6349,1587.250000,3,2.892198e-11,1.291505e-16,1.442934e-20,4.794387e-12
6350,1587.500000,3,2.892020e-11,1.291519e-16,-1.443265e-20,5.660805e-12
6351,1587.750000,3,2.891931e-11,1.291534e-16,8.529886e-21,4.515943e-12
6352,1588.000000,3,2.891842e-11,1.722065e-16,-2.610582e-21,6.331380e-12
6353,1588.250000,3,2.891642e-11,1.291563e-16,2.376655e-20,5.527134e-12
6354,1588.500000,3,2.891509e-11,1.441579e-16,-1.553445e-20,3.312017e-12
6355,1588.750000,3,2.891443e-11,1.291592e-16,-4.067743e-20,2.132516e-12
6356,1589.000000,3,2.891309e-11,1.722143e-16,-1.104452e-20,3.395950e-12
6357,1589.250000,3,2.891154e-11,1.291622e-16,-9.208175e-21,6.453948e-12
6358,1589.500000,3,2.891043e-11,1.722182e-16,1.346650e-20,3.286260e-12
6359,1589.750000,3,2.890910e-11,1.291651e-16,-2.137766e-20,6.403322e-12
6360,1590.000000,3,2.890777e-11,1.291666e-16,2.203609e-21,5.345502e-12
6361,1590.250000,3,2.890688e-11,1.291680e-16,4.396961e-20,3.303136e-12
6362,1590.500000,3,2.890510e-11,1.291695e-16,3.149904e-21,3.455902e-12
6363,1590.750000,3,2.890377e-11,1.291710e-16,-9.082443e-21,6.091572e-12
6364,1591.000000,3,2.890266e-11,1.291724e-16,1.223566e-20,3.775646e-12
6365,1591.250000,3,2.890133e-11,1.291739e-16,3.137661e-20,1.407319e-12
6366,1591.500000,3,2.890022e-11,1.440957e-16,-5.902761e-21,2.080558e-12
6367,1591.750000,3,2.889888e-11,1.291768e-16,3.671358e-20,5.124789e-12
6368,1592.000000,3,2.889777e-11,1.291783e-16,3.333869e-20,2.398526e-12
6369,1592.250000,3,2.889644e-11,1.291798e-16,7.610062e-21,2.272849e-12
6370,1592.500000,3,2.889533e-11,1.291812e-16,1.499844e-20,4.095391e-12
6371,1592.750000,3,2.889400e-11,1.440700e-16,1.520689e-20,2.218226e-12
6372,1593.000000,3,2.889267e-11,1.291841e-16,-7.864833e-21,2.055689e-12
6373,1593.250000,3,2.889156e-11,1.291856e-16,-2.791238e-20,3.256506e-12
6374,1593.500000,3,2.888978e-11,1.291871e-16,1.077982e-20,5.162981e-12
6375,1593.750000,3,2.888889e-11,1.291885e-16,3.259753e-20,2.543743e-12
6376,1594.000000,3,2.888756e-11,1.291900e-16,-3.167109e-20,3.418599e-12
6377,1594.250000,3,2.888623e-11,1.291915e-16,-1.622597e-20,4.088285e-12
6378,1594.500000,3,2.888512e-11,1.722572e-16,-2.910021e-20,4.712675e-12
6379,1594.750000,3,2.888378e-11,1.722592e-16,-3.993959e-20,3.291589e-12
6380,1595.000000,3,2.888223e-11,1.440237e-16,2.007402e-20,3.140155e-12
6381,1595.250000,3,2.888068e-11,1.291973e-16,2.158941e-20,3.675726e-12
6382,1595.500000,3,2.887957e-11,1.722650e-16,1.204044e-20,4.076739e-12
6383,1595.750000,3,2.887868e-11,1.292002e-16,9.208175e-21,-1.057376e-12
6384,1596.000000,3,2.887757e-11,1.292017e-16,6.104593e-21,2.649880e-12
6385,1596.250000,3,2.887601e-11,1.722709e-16,6.610827e-21,2.904788e-12
6386,1596.500000,3,2.887512e-11,1.292046e-16,-4.470084e-20,2.883915e-12
6387,1596.750000,3,2.887335e-11,1.292061e-16,2.864030e-20,1.743050e-12
6388,1597.000000,3,2.887224e-11,1.292076e-16,8.817745e-21,5.072387e-12
6389,1597.250000,3,2.887113e-11,1.722787e-16,2.196992e-21,5.752288e-12
6390,1597.500000,3,2.886980e-11,1.619691e-16,-7.345364e-22,4.453327e-12
6391,1597.750000,3,2.886802e-11,1.292119e-16,1.425398e-20,4.919176e-12
6392,1598.000000,3,2.886691e-11,2.153557e-16,-3.668381e-20,2.093437e-12
6393,1598.250000,3,2.886602e-11,1.619518e-16,1.698698e-20,4.555023e-12
6394,1598.500000,3,2.886513e-11,1.439521e-16,-1.421758e-20,1.934453e-12
6395,1598.750000,3,2.886358e-11,1.292178e-16,-1.265255e-20,2.362999e-12
6396,1599.000000,3,2.886225e-11,1.292193e-16,4.632211e-23,1.880274e-12
6397,1599.250000,3,2.886091e-11,1.292207e-16,-6.193928e-21,1.525002e-12
6398,1599.500000,3,2.885958e-11,1.292222e-16,-1.476021e-20,3.586909e-12
6399,1599.750000,3,2.885847e-11,1.619174e-16,2.504703e-21,2.031708e-12
6400,1600.000000,3,2.885736e-11,1.723001e-16,-2.700248e-20,3.586909e-12
6401,1600.250000,3,2.885603e-11,1.723021e-16,1.402898e-20,6.078693e-12
6402,1600.500000,3,2.885470e-11,1.292280e-16,1.433669e-20,3.509193e-12
6403,1600.750000,3,2.885314e-11,1.723060e-16,9.734261e-21,3.947509e-12
6404,1601.000000,3,2.885225e-11,1.292310e-16,2.112288e-20,2.792433e-12
6405,1601.250000,3,2.885048e-11,1.292324e-16,2.560951e-21,4.094503e-12
6406,1601.500000,3,2.884981e-11,1.292339e-16,-1.134892e-21,4.420020e-12
6407,1601.750000,3,2.884826e-11,1.292353e-16,-3.088692e-20,3.986589e-12
6408,1602.000000,3,2.884715e-11,1.292368e-16,-6.253485e-22,3.194334e-12
6409,1602.250000,3,2.884581e-11,2.153971e-16,-6.127754e-21,3.122835e-12
6410,1602.500000,3,2.884470e-11,1.292397e-16,-2.706535e-21,3.946621e-12
6411,1602.750000,3,2.884337e-11,1.292412e-16,-5.095433e-22,4.516831e-12
6412,1603.000000,3,2.884182e-11,1.292427e-16,4.274869e-21,3.441691e-12
6413,1603.250000,3,2.884093e-11,1.292441e-16,1.166656e-20,4.520384e-12
6414,1603.500000,3,2.883938e-11,1.292456e-16,-1.605723e-20,3.723244e-12
6415,1603.750000,3,2.883871e-11,1.798068e-16,-1.311247e-20,4.731326e-12
6416,1604.000000,3,2.883715e-11,1.798005e-16,3.407322e-20,4.296563e-12
6417,1604.250000,3,2.883582e-11,1.723333e-16,-2.652272e-20,3.963496e-12
6418,1604.500000,3,2.883471e-11,1.797879e-16,-2.886860e-20,1.521006e-12
6419,1604.750000,3,2.883338e-11,1.292529e-16,7.494256e-21,2.765788e-12
6420,1605.000000,3,2.883160e-11,1.292543e-16,-6.720015e-21,5.539125e-12
6421,1605.250000,3,2.883049e-11,1.438151e-16,3.366294e-20,3.918643e-12
6422,1605.500000,3,2.882961e-11,1.617864e-16,2.683374e-21,2.304823e-12
6423,1605.750000,3,2.882805e-11,1.292587e-16,-4.530965e-20,4.849010e-12
6424,1606.000000,3,2.882672e-11,1.438000e-16,-1.547159e-20,2.995382e-12
6425,1606.250000,3,2.882583e-11,1.292616e-16,-8.708557e-21,3.556710e-12
6426,1606.500000,3,2.882450e-11,1.258162e-16,-3.773267e-20,5.095924e-12
6427,1606.750000,3,2.882339e-11,1.292646e-16,3.110861e-20,3.477219e-12
6428,1607.000000,3,2.882206e-11,1.292660e-16,-1.740719e-20,2.579270e-12
6429,1607.250000,3,2.882072e-11,1.292675e-16,-3.242548e-22,5.057288e-12
6430,1607.500000,3,2.881917e-11,1.437698e-16,-1.352937e-20,5.592860e-12
6431,1607.750000,3,2.881806e-11,1.617354e-16,-5.978861e-21,6.597389e-12
6432,1608.000000,3,2.881739e-11,1.437598e-16,2.218168e-20,6.592504e-12
6433,1608.250000,3,2.881539e-11,1.437547e-16,1.870421e-20,9.077183e-13
6434,1608.500000,3,2.881428e-11,1.723664e-16,-7.643149e-22,3.907541e-12
6435,1608.750000,3,2.881317e-11,1.078085e-16,2.200300e-21,3.856471e-12
6436,1609.000000,3,2.881229e-11,1.723703e-16,-4.052523e-20,1.355360e-12
6437,1609.250000,3,2.881051e-11,1.257678e-16,4.681842e-21,1.755041e-12
6438,1609.500000,3,2.880940e-11,1.292806e-16,2.292945e-21,4.844125e-12
6439,1609.750000,3,2.880807e-11,1.723761e-16,-1.995160e-21,2.270184e-12
6440,1610.000000,3,2.880673e-11,1.437196e-16,-2.967924e-21,2.395417e-12
6441,1610.250000,3,2.880585e-11,1.077860e-16,-9.218101e-21,4.818368e-12
6442,1610.500000,3,2.880429e-11,1.292865e-16,1.214301e-20,3.735234e-12
6443,1610.750000,3,2.880340e-11,1.616677e-16,-9.208175e-21,4.628742e-12
6444,1611.000000,3,2.880207e-11,1.292894e-16,-3.045679e-20,4.324985e-12
6445,1611.250000,3,2.880052e-11,1.796182e-16,5.039184e-21,2.886580e-12
6446,1611.500000,3,2.879963e-11,1.436896e-16,-1.330437e-20,4.553247e-12
6447,1611.750000,3,2.879830e-11,1.292938e-16,8.238719e-21,5.869971e-12
6448,1612.000000,3,2.879719e-11,1.292952e-16,2.324378e-20,4.745093e-12
6449,1612.250000,3,2.879585e-11,1.723956e-16,2.340259e-20,2.746248e-12
6450,1612.500000,3,2.879452e-11,1.723975e-16,-1.529953e-20,3.126388e-12
6451,1612.750000,3,2.879319e-11,1.436646e-16,-3.325597e-20,3.358203e-12
6452,1613.000000,3,2.879208e-11,1.293011e-16,-4.302001e-20,4.403589e-12
6453,1613.250000,3,2.879075e-11,1.293025e-16,1.608039e-21,3.834266e-12
6454,1613.500000,3,2.878964e-11,1.293040e-16,1.947514e-20,5.155876e-12
6455,1613.750000,3,2.878808e-11,1.293054e-16,1.556754e-20,7.792877e-12
6456,1614.000000,3,2.878719e-11,1.293069e-16,3.438755e-20,5.111023e-12
6457,1614.250000,3,2.878608e-11,1.615890e-16,-1.740388e-20,4.710898e-12
6458,1614.500000,3,2.878453e-11,1.293098e-16,5.082198e-21,3.251621e-12
6459,1614.750000,3,2.878342e-11,1.293113e-16,-4.729157e-20,8.216094e-12
6460,1615.000000,3,2.878209e-11,1.615722e-16,-3.098288e-20,4.074963e-12
6461,1615.250000,3,2.878098e-11,1.256629e-16,-1.016770e-20,5.276668e-12
6462,1615.500000,3,2.877965e-11,1.293156e-16,4.086272e-21,4.876100e-12
6463,1615.750000,3,2.877854e-11,1.293171e-16,3.018217e-20,4.112710e-12
6464,1616.000000,3,2.877698e-11,1.293186e-16,2.468307e-21,4.089618e-12
6465,1616.250000,3,2.877565e-11,1.724267e-16,4.847278e-21,6.589396e-12
6466,1616.500000,3,2.877476e-11,1.293215e-16,-8.602678e-23,3.822276e-12
6467,1616.750000,3,2.877321e-11,1.724306e-16,1.412824e-21,2.280842e-12
6468,1617.000000,3,2.877232e-11,1.293244e-16,3.722313e-21,3.374634e-12
6469,1617.250000,3,2.877121e-11,1.724345e-16,-1.859171e-20,4.390266e-12
6470,1617.500000,3,2.876965e-11,1.293273e-16,7.358599e-21,3.499423e-12
6471,1617.750000,3,2.876877e-11,1.293288e-16,-8.271806e-21,1.194600e-12
6472,1618.000000,3,2.876721e-11,1.293302e-16,-4.812206e-20,1.810108e-12
6473,1618.250000,3,2.876588e-11,1.293317e-16,8.821054e-21,3.559375e-12
6474,1618.500000,3,2.876432e-11,1.435502e-16,-1.612671e-20,5.742962e-12
6475,1618.750000,3,2.876366e-11,1.724461e-16,-7.921082e-21,2.303047e-12
6476,1619.000000,3,2.876233e-11,1.614829e-16,2.601979e-20,4.128697e-12
6477,1619.250000,3,2.876077e-11,1.293375e-16,8.268497e-21,4.829026e-12
6478,1619.500000,3,2.875966e-11,1.293390e-16,1.299997e-20,5.848655e-12
6479,1619.750000,3,2.875833e-11,1.435255e-16,1.330437e-20,2.731593e-12
6480,1620.000000,3,2.875722e-11,1.724558e-16,4.017120e-20,3.987921e-12
6481,1620.250000,3,2.875589e-11,1.293433e-16,-5.125211e-21,6.885603e-12
6482,1620.500000,3,2.875455e-11,1.724597e-16,-3.010937e-22,3.839151e-12
6483,1620.750000,3,2.875367e-11,1.435056e-16,2.175816e-20,1.989520e-12
6484,1621.000000,3,2.875256e-11,1.293477e-16,-2.823002e-20,4.312994e-12
6485,1621.250000,3,2.875122e-11,1.614324e-16,-5.955700e-23,-8.011369e-13
6486,1621.500000,3,2.874989e-11,1.724675e-16,1.663957e-20,3.719691e-12
6487,1621.750000,3,2.874878e-11,1.293521e-16,2.137435e-21,2.625011e-12
6488,1622.000000,3,2.874789e-11,1.614153e-16,6.865599e-21,4.896084e-12
6489,1622.250000,3,2.874634e-11,1.724733e-16,2.551025e-21,4.940492e-12
6490,1622.500000,3,2.874501e-11,1.293564e-16,-6.452009e-21,2.063238e-12
6491,1622.750000,3,2.874434e-11,1.434650e-16,1.441941e-20,3.976819e-12
6492,1623.000000,3,2.874301e-11,1.293594e-16,-2.071260e-20,6.919354e-12
6493,1623.250000,3,2.874190e-11,1.293608e-16,3.487063e-20,7.121415e-12
6494,1623.500000,3,2.874034e-11,1.724830e-16,-2.125854e-20,2.470024e-12
6495,1623.750000,3,2.873946e-11,1.613751e-16,-1.727153e-20,6.324274e-12
6496,1624.000000,3,2.873835e-11,1.724869e-16,9.496033e-21,1.915357e-12
6497,1624.250000,3,2.873657e-11,1.434343e-16,-6.336203e-21,4.587442e-12
6498,1624.500000,3,2.873546e-11,1.434291e-16,1.290071e-20,6.326051e-12
6499,1624.750000,3,2.873457e-11,1.434240e-16,-2.684367e-20,-3.486100e-13
6500,1625.000000,3,2.873346e-11,1.434188e-16,1.573959e-20,2.269296e-12
6501,1625.250000,3,2.873235e-11,1.293725e-16,1.402567e-20,4.197531e-12
6502,1625.500000,3,2.873080e-11,1.293739e-16,-1.655685e-20,2.028600e-12
6503,1625.750000,3,2.872969e-11,1.434034e-16,4.392991e-20,1.821654e-12
6504,1626.000000,3,2.872858e-11,1.433982e-16,1.765534e-20,4.773071e-12
6505,1626.250000,3,2.872724e-11,1.293783e-16,6.088049e-22,4.149570e-12
6506,1626.500000,3,2.872591e-11,1.725063e-16,1.687448e-21,1.394440e-12
6507,1626.750000,3,2.872502e-11,1.293812e-16,1.785718e-20,5.403233e-12
6508,1627.000000,3,2.872391e-11,2.156378e-16,1.465102e-20,2.970513e-12
6509,1627.250000,3,2.872280e-11,1.612939e-16,9.122148e-21,3.372858e-12
6510,1627.500000,3,2.872125e-11,1.792090e-16,3.424859e-20,4.108713e-12
6511,1627.750000,3,2.872014e-11,1.725160e-16,-4.278178e-21,2.833289e-12
6512,1628.000000,3,2.871903e-11,1.725180e-16,-6.954935e-21,3.112177e-12
6513,1628.250000,3,2.871747e-11,1.433516e-16,-2.394853e-20,4.822809e-12
6514,1628.500000,3,2.871658e-11,1.293914e-16,-4.726179e-20,5.128342e-12
6515,1628.750000,3,2.871525e-11,1.433412e-16,-5.442848e-21,3.247180e-12
6516,1629.000000,3,2.871414e-11,1.725257e-16,-9.115530e-21,3.598899e-12
6517,1629.250000,3,2.871281e-11,1.293958e-16,3.956239e-20,8.850698e-13
6518,1629.500000,3,2.871148e-11,1.433256e-16,2.832266e-21,2.936762e-12
6519,1629.750000,3,2.871037e-11,1.725315e-16,-5.419687e-21,4.675815e-12
6520,1630.000000,3,2.870904e-11,1.294001e-16,-2.814068e-20,3.776091e-12
6521,1630.250000,3,2.870792e-11,1.074825e-16,-2.302871e-21,3.683720e-12
6522,1630.500000,3,2.870704e-11,1.294030e-16,3.785178e-21,2.929657e-12
6523,1630.750000,3,2.870593e-11,1.294045e-16,1.958764e-21,2.933209e-12
6524,1631.000000,3,2.870437e-11,1.294059e-16,-9.621765e-21,3.553158e-12
6525,1631.250000,3,2.870348e-11,1.294074e-16,6.336203e-21,2.411848e-12
6526,1631.500000,3,2.870193e-11,1.432839e-16,-2.357134e-20,4.173106e-12
6527,1631.750000,3,2.870082e-11,1.432786e-16,-6.094667e-21,1.316725e-12
6528,1632.000000,3,2.869971e-11,1.074551e-16,-3.508238e-20,5.253131e-12
6529,1632.250000,3,2.869815e-11,1.294132e-16,7.553813e-21,5.577760e-12
6530,1632.500000,3,2.869682e-11,1.725529e-16,2.532827e-20,2.951417e-12
6531,1632.750000,3,2.869593e-11,1.294161e-16,-2.368384e-20,3.666401e-12
6532,1633.000000,3,2.869460e-11,1.294176e-16,-4.877057e-21,5.933476e-12
6533,1633.250000,3,2.869371e-11,1.294190e-16,2.622824e-20,2.985612e-12
6534,1633.500000,3,2.869238e-11,1.294205e-16,3.246188e-20,3.901324e-12
6535,1633.750000,3,2.869172e-11,1.294219e-16,1.518373e-20,5.027534e-12
6536,1634.000000,3,2.869016e-11,1.294234e-16,-1.446243e-20,2.382983e-12
6537,1634.250000,3,2.868861e-11,1.294248e-16,2.620508e-21,4.924949e-12
6538,1634.500000,3,2.868750e-11,1.294263e-16,3.357030e-20,2.682299e-12
6539,1634.750000,3,2.868639e-11,1.074118e-16,-2.704219e-20,3.641976e-12
6540,1635.000000,3,2.868505e-11,1.432105e-16,-3.237585e-20,6.216361e-12
6541,1635.250000,3,2.868394e-11,1.074039e-16,-8.840906e-21,2.510880e-12
6542,1635.500000,3,2.868306e-11,1.294321e-16,-2.584443e-20,5.123013e-12
6543,1635.750000,3,2.868195e-11,1.294336e-16,-1.620281e-20,2.840395e-12
6544,1636.000000,3,2.868061e-11,1.610881e-16,3.447689e-21,9.925394e-13
6545,1636.250000,3,2.867906e-11,1.789803e-16,2.195006e-20,3.161915e-12
6546,1636.500000,3,2.867817e-11,1.431789e-16,-2.771717e-20,4.096723e-12
6547,1636.750000,3,2.867706e-11,1.431737e-16,2.249931e-21,3.785416e-12
6548,1637.000000,3,2.867573e-11,1.294408e-16,-7.037653e-21,4.761080e-12
6549,1637.250000,3,2.867440e-11,1.294423e-16,-9.522503e-21,3.789857e-12
6550,1637.500000,3,2.867329e-11,1.294437e-16,-1.101474e-20,6.650236e-12
6551,1637.750000,3,2.867218e-11,1.725936e-16,1.224227e-21,3.412826e-12
6552,1638.000000,3,2.867084e-11,1.294466e-16,5.836586e-21,1.369127e-12
6553,1638.250000,3,2.866973e-11,1.294481e-16,-1.965381e-21,5.062173e-12
6554,1638.500000,3,2.866862e-11,1.252447e-16,1.770828e-20,4.284573e-12
6555,1638.750000,3,2.866751e-11,1.726013e-16,1.111069e-20,1.454392e-12
6556,1639.000000,3,2.866618e-11,1.431262e-16,3.209461e-22,1.920686e-12
6557,1639.250000,3,2.866485e-11,1.294539e-16,-2.526210e-20,6.262546e-12
6558,1639.500000,3,2.866418e-11,1.294553e-16,4.472400e-20,2.758238e-12
6559,1639.750000,3,2.866241e-11,1.294568e-16,-8.314820e-21,2.451817e-12
6560,1640.000000,3,2.866130e-11,1.294583e-16,8.255263e-21,8.843593e-12
6561,1640.250000,3,2.865996e-11,1.252123e-16,9.036121e-21,5.407674e-12
6562,1640.500000,3,2.865908e-11,1.294612e-16,-4.595815e-21,5.777601e-13
6563,1640.750000,3,2.865752e-11,1.726168e-16,-1.523336e-20,4.039435e-12
6564,1641.000000,3,2.865663e-11,1.251985e-16,2.770062e-20,1.289635e-12
6565,1641.250000,3,2.865552e-11,1.294655e-16,-6.253485e-22,3.552714e-12
6566,1641.500000,3,2.865441e-11,1.294670e-16,-2.813407e-20,3.475442e-12
6567,1641.750000,3,2.865330e-11,1.294684e-16,-4.347661e-21,2.612133e-12
6568,1642.000000,3,2.865175e-11,1.430628e-16,6.680311e-21,5.843326e-12
6569,1642.250000,3,2.865064e-11,1.294713e-16,-7.626605e-21,5.702105e-12
6570,1642.500000,3,2.864931e-11,1.430522e-16,-1.750314e-21,2.418066e-12
6571,1642.750000,3,2.864819e-11,1.726323e-16,-2.203609e-20,6.397105e-12
6572,1643.000000,3,2.864731e-11,1.430416e-16,-1.956448e-20,3.782752e-12
6573,1643.250000,3,2.864597e-11,1.294771e-16,-7.302350e-21,4.161560e-12
6574,1643.500000,3,2.864509e-11,1.430310e-16,-5.191386e-21,2.436273e-12
6575,1643.750000,3,2.864375e-11,1.430257e-16,-1.991851e-21,4.523049e-12
6576,1644.000000,3,2.864242e-11,1.726420e-16,3.183653e-20,2.775113e-12
6577,1644.250000,3,2.864131e-11,1.294829e-16,-1.722521e-20,4.908074e-12
6578,1644.500000,3,2.863998e-11,1.726458e-16,2.778665e-20,4.577672e-12
6579,1644.750000,3,2.863842e-11,1.430045e-16,3.252143e-20,5.892176e-12
6580,1645.000000,3,2.863776e-11,1.726497e-16,3.834809e-20,2.863487e-12
6581,1645.250000,3,2.863620e-11,1.072454e-16,2.402463e-20,4.741096e-12
6582,1645.500000,3,2.863487e-11,1.726536e-16,6.403371e-20,2.974954e-12
6583,1645.750000,3,2.863376e-11,1.294916e-16,5.386931e-20,4.838796e-12
6584,1646.000000,3,2.863265e-11,1.294931e-16,-5.196349e-20,5.843326e-12
6585,1646.250000,3,2.863176e-11,1.294945e-16,1.112392e-20,4.546585e-12
6586,1646.500000,3,2.863021e-11,1.294960e-16,-2.429926e-20,2.251088e-12
6587,1646.750000,3,2.862910e-11,1.294974e-16,-2.746240e-22,1.552092e-12
6588,1647.000000,3,2.862799e-11,1.726652e-16,2.836568e-20,3.512746e-12
6589,1647.250000,3,2.862688e-11,1.295003e-16,-1.873730e-20,2.502887e-12
6590,1647.500000,3,2.862555e-11,1.295018e-16,-8.758188e-21,1.872280e-12
6591,1647.750000,3,2.862444e-11,1.295032e-16,-1.146472e-20,2.928324e-12
6592,1648.000000,3,2.862310e-11,1.295047e-16,9.601913e-21,4.237055e-12
6593,1648.250000,3,2.862199e-11,1.295061e-16,-5.492479e-22,3.545608e-12
6594,1648.500000,3,2.862111e-11,1.295076e-16,8.457095e-21,4.380496e-12
6595,1648.750000,3,2.862000e-11,1.295090e-16,-2.500071e-20,3.994582e-12
6596,1649.000000,3,2.861844e-11,1.295105e-16,-9.098987e-21,2.329692e-12
6597,1649.250000,3,2.861733e-11,1.726826e-16,-3.133691e-20,5.229595e-12
6598,1649.500000,3,2.861600e-11,1.295134e-16,2.431580e-20,3.413270e-12
6599,1649.750000,3,2.861489e-11,1.295148e-16,-1.298012e-20,5.265122e-12
6600,1650.000000,3,2.861400e-11,1.726884e-16,2.059680e-20,4.773515e-12
6601,1650.250000,3,2.861267e-11,1.295177e-16,-1.840973e-20,2.815526e-12
6602,1650.500000,3,2.861134e-11,1.726922e-16,5.399835e-21,3.010925e-12
6603,1650.750000,3,2.861000e-11,8.929808e-17,1.959756e-20,4.410694e-12
6604,1651.000000,3,2.860867e-11,1.295221e-16,9.631691e-21,3.852030e-12
6605,1651.250000,3,2.860778e-11,1.295235e-16,-4.988230e-20,3.714806e-12
6606,1651.500000,3,2.860667e-11,1.295250e-16,-1.508447e-20,3.269829e-12
6607,1651.750000,3,2.860512e-11,1.295264e-16,-3.844735e-21,6.087131e-12
6608,1652.000000,3,2.860423e-11,1.727038e-16,2.575179e-20,5.740741e-12
6609,1652.250000,3,2.860312e-11,1.428449e-16,2.058025e-21,4.789502e-12
6610,1652.500000,3,2.860201e-11,8.927476e-17,5.121902e-21,6.060930e-12
6611,1652.750000,3,2.860023e-11,1.339071e-16,1.988873e-20,5.302425e-12
6612,1653.000000,3,2.859935e-11,1.295337e-16,-2.034864e-21,4.580780e-12
6613,1653.250000,3,2.859868e-11,1.428236e-16,4.820809e-21,5.814904e-12
6614,1653.500000,3,2.859690e-11,1.295366e-16,-2.924580e-20,2.816858e-12
6615,1653.750000,3,2.859579e-11,1.428130e-16,7.113753e-21,3.729461e-12
6616,1654.000000,3,2.859490e-11,1.785095e-16,7.113753e-22,5.443646e-12
6617,1654.250000,3,2.859379e-11,1.295409e-16,2.264490e-20,3.194334e-12
6618,1654.500000,3,2.859224e-11,1.727232e-16,6.210472e-21,3.448353e-12
6619,1654.750000,3,2.859180e-11,1.295438e-16,-1.997476e-20,6.803891e-12
6620,1655.000000,3,2.859024e-11,1.295453e-16,-2.703226e-21,5.795364e-12
6621,1655.250000,3,2.858891e-11,2.159112e-16,7.001257e-21,3.466560e-12
6622,1655.500000,3,2.858780e-11,1.427756e-16,-1.785718e-20,1.747491e-12
6623,1655.750000,3,2.858669e-11,1.295496e-16,1.138531e-20,6.276313e-12
6624,1656.000000,3,2.858580e-11,1.427649e-16,5.641372e-21,4.761969e-12
6625,1656.250000,3,2.858402e-11,1.295525e-16,2.911676e-21,3.144152e-12
6626,1656.500000,3,2.858291e-11,1.727386e-16,1.694397e-20,5.263345e-12
6627,1656.750000,3,2.858180e-11,1.427489e-16,-1.084268e-20,5.313971e-12
6628,1657.000000,3,2.858069e-11,1.727425e-16,1.157722e-20,5.915268e-12
6629,1657.250000,3,2.857981e-11,1.295583e-16,2.493784e-20,4.679812e-12
6630,1657.500000,3,2.857825e-11,1.295597e-16,-1.278490e-20,3.206324e-12
6631,1657.750000,3,2.857736e-11,1.605684e-16,-2.288974e-20,3.626432e-12
6632,1658.000000,3,2.857559e-11,1.727502e-16,-5.783647e-21,5.203393e-12
6633,1658.250000,3,2.857470e-11,1.295641e-16,2.114935e-20,6.031176e-12
6634,1658.500000,3,2.857381e-11,1.295655e-16,1.279152e-20,3.524736e-12
6635,1658.750000,3,2.857226e-11,1.295670e-16,5.078558e-20,4.604761e-12
6636,1659.000000,3,2.857137e-11,1.783760e-16,8.910390e-21,1.077805e-12
6637,1659.250000,3,2.857026e-11,1.159400e-16,-7.295733e-21,9.046097e-13
6638,1659.500000,3,2.856893e-11,1.295713e-16,-7.087283e-21,5.430767e-12
6639,1659.750000,3,2.856781e-11,1.727637e-16,-1.675206e-20,3.422151e-12
6640,1660.000000,3,2.856626e-11,1.426794e-16,1.226213e-20,4.472867e-12
6641,1660.250000,3,2.856493e-11,1.426740e-16,3.980393e-20,3.396394e-12
6642,1660.500000,3,2.856426e-11,1.727695e-16,1.144818e-20,1.262102e-12
6643,1660.750000,3,2.856293e-11,1.295786e-16,-2.600656e-21,3.232525e-12
6644,1661.000000,3,2.856160e-11,1.295800e-16,2.964615e-21,4.626077e-12
6645,1661.250000,3,2.856071e-11,1.295815e-16,6.041727e-21,3.942180e-12
6646,1661.500000,3,2.855938e-11,1.426473e-16,-3.412947e-20,2.754685e-12
6647,1661.750000,3,2.855849e-11,1.604721e-16,2.305518e-20,1.006750e-12
6648,1662.000000,3,2.855716e-11,2.159763e-16,-1.378745e-20,4.550138e-12
6649,1662.250000,3,2.855560e-11,1.604601e-16,6.008640e-21,3.187672e-12
6650,1662.500000,3,2.855471e-11,1.727849e-16,1.187500e-20,1.993961e-13
6651,1662.750000,3,2.855383e-11,1.295901e-16,1.022395e-21,2.645884e-12
6652,1663.000000,3,2.855227e-11,1.295916e-16,-5.645673e-20,6.188827e-12
6653,1663.250000,3,2.855138e-11,1.604360e-16,-4.467437e-20,6.099121e-12
6654,1663.500000,3,2.854983e-11,1.295945e-16,-1.321173e-20,3.169909e-12
6655,1663.750000,3,2.854894e-11,1.727946e-16,5.320426e-21,2.656098e-12
6656,1664.000000,3,2.854783e-11,1.295974e-16,2.415367e-21,4.324097e-12
6657,1664.250000,3,2.854650e-11,1.727984e-16,-1.322827e-20,1.039613e-12
6658,1664.500000,3,2.854539e-11,1.296003e-16,3.424528e-21,3.583800e-12
6659,1664.750000,3,2.854406e-11,1.296017e-16,2.107325e-20,3.282263e-12
6660,1665.000000,3,2.854272e-11,1.728042e-16,-1.835017e-20,4.251266e-12
6661,1665.250000,3,2.854184e-11,1.603878e-16,-1.734101e-20,4.277911e-12
6662,1665.500000,3,2.854073e-11,1.296060e-16,2.841862e-20,4.563461e-12
6663,1665.750000,3,2.853962e-11,1.296075e-16,-1.783071e-20,2.160938e-12
6664,1666.000000,3,2.853828e-11,1.296089e-16,-5.231090e-21,2.361666e-12
6665,1666.250000,3,2.853673e-11,1.425455e-16,-2.554334e-20,3.274714e-12
6666,1666.500000,3,2.853606e-11,1.425401e-16,2.450109e-20,3.005152e-12
6667,1666.750000,3,2.853451e-11,1.296133e-16,2.594038e-20,4.321876e-12
6668,1667.000000,3,2.853362e-11,1.728196e-16,3.953592e-20,3.150369e-12
6669,1667.250000,3,2.853251e-11,1.425240e-16,-2.476248e-20,2.168488e-12
6670,1667.500000,3,2.853140e-11,1.728235e-16,-2.929874e-20,4.387601e-12
6671,1667.750000,3,2.853007e-11,1.728254e-16,2.907705e-20,4.038991e-12
6672,1668.000000,3,2.852896e-11,1.296205e-16,3.543311e-20,3.248068e-12
6673,1668.250000,3,2.852785e-11,1.296219e-16,-2.011703e-20,2.915002e-12
6674,1668.500000,3,2.852651e-11,1.296234e-16,2.105340e-20,9.636736e-14
6675,1668.750000,3,2.852563e-11,1.296248e-16,-2.137104e-20,7.491785e-13
6676,1669.000000,3,2.852452e-11,8.905403e-17,-4.671585e-20,3.860023e-12
6677,1669.250000,3,2.852296e-11,1.246709e-16,-2.888846e-20,1.644018e-12
6678,1669.500000,3,2.852207e-11,1.424757e-16,3.292179e-21,2.959410e-12
6679,1669.750000,3,2.852074e-11,1.296306e-16,7.795350e-21,4.225953e-12
6680,1670.000000,3,2.851985e-11,1.296321e-16,7.418156e-21,4.436007e-12
6681,1670.250000,3,2.851874e-11,1.296335e-16,-9.261114e-21,3.623324e-12
6682,1670.500000,3,2.851719e-11,1.335508e-16,9.151926e-21,4.587442e-13
6683,1670.750000,3,2.851608e-11,1.296364e-16,-1.604400e-20,5.855316e-12
6684,1671.000000,3,2.851519e-11,1.424435e-16,-6.921847e-21,4.637180e-12
6685,1671.250000,3,2.851386e-11,1.602429e-16,-3.719666e-20,1.599165e-12
6686,1671.500000,3,2.851275e-11,1.424328e-16,3.492687e-20,4.710898e-12
6687,1671.750000,3,2.851142e-11,1.602308e-16,1.409516e-21,6.596501e-12
6688,1672.000000,3,2.851031e-11,1.068165e-16,-2.621501e-20,3.605560e-12
6689,1672.250000,3,2.850942e-11,1.296451e-16,-2.528195e-20,1.715517e-12
6690,1672.500000,3,2.850786e-11,1.728620e-16,-1.794320e-20,7.284839e-12
6691,1672.750000,3,2.850675e-11,1.296479e-16,7.699397e-21,2.258194e-12
6692,1673.000000,3,2.850609e-11,1.296494e-16,-1.136546e-20,5.590639e-12
6693,1673.250000,3,2.850431e-11,1.728678e-16,1.732116e-20,3.250733e-12
6694,1673.500000,3,2.850342e-11,1.296523e-16,-2.031556e-21,2.977618e-12
6695,1673.750000,3,2.850187e-11,1.296537e-16,6.782881e-22,5.399237e-12
6696,1674.000000,3,2.850120e-11,1.296552e-16,1.601753e-20,1.455724e-12
6697,1674.250000,3,2.850009e-11,1.296566e-16,3.914219e-21,3.199219e-12
6698,1674.500000,3,2.849854e-11,1.296581e-16,4.149469e-20,3.887557e-12
6699,1674.750000,3,2.849743e-11,1.296595e-16,-2.796201e-20,2.431833e-12
6700,1675.000000,3,2.849654e-11,1.296609e-16,-2.084164e-20,5.065726e-12
6701,1675.250000,3,2.849521e-11,1.296624e-16,-2.524555e-21,2.426059e-12
6702,1675.500000,3,2.849387e-11,1.779335e-16,2.955020e-20,5.342393e-12
6703,1675.750000,3,2.849254e-11,1.423414e-16,-7.113753e-21,1.412204e-12
6704,1676.000000,3,2.849143e-11,1.423360e-16,3.903300e-20,4.700684e-12
6705,1676.250000,3,2.849077e-11,1.067480e-16,1.166325e-20,1.007638e-12
6706,1676.500000,3,2.848943e-11,1.728928e-16,1.988542e-21,7.126744e-12
6707,1676.750000,3,2.848788e-11,1.296710e-16,3.219387e-21,5.576428e-12
6708,1677.000000,3,2.848677e-11,1.728966e-16,2.233388e-21,2.540190e-12
6709,1677.250000,3,2.848566e-11,1.296739e-16,-1.000889e-20,1.975309e-12
6710,1677.500000,3,2.848477e-11,1.067278e-16,-4.000245e-21,7.975842e-13
6711,1677.750000,3,2.848388e-11,1.729024e-16,-2.752526e-20,2.120970e-12
6712,1678.000000,3,2.848233e-11,1.729043e-16,2.133133e-20,1.487255e-12
6713,1678.250000,3,2.848122e-11,1.296797e-16,1.607377e-20,5.208722e-12
6714,1678.500000,3,2.848011e-11,1.729082e-16,2.118575e-20,3.773426e-12
6715,1678.750000,3,2.847877e-11,1.296826e-16,1.551791e-20,7.924772e-12
6716,1679.000000,3,2.847744e-11,1.729120e-16,-5.102050e-21,4.452883e-12
6717,1679.250000,3,2.847655e-11,1.296855e-16,-2.623486e-20,4.273915e-12
6718,1679.500000,3,2.847567e-11,1.422607e-16,-4.464128e-20,4.194423e-12
6719,1679.750000,3,2.847433e-11,1.296884e-16,-3.814957e-21,5.103029e-12
6720,1680.000000,3,2.847345e-11,1.422500e-16,-8.040196e-21,2.156941e-12
6721,1680.250000,3,2.847167e-11,1.729216e-16,8.291658e-21,5.017320e-12
6722,1680.500000,3,2.847078e-11,1.296927e-16,3.814957e-21,5.081269e-12
6723,1680.750000,3,2.846989e-11,1.296941e-16,1.011476e-20,4.988898e-12
6724,1681.000000,3,2.846834e-11,1.729274e-16,6.594284e-21,3.863132e-12
6725,1681.250000,3,2.846678e-11,1.296970e-16,2.015343e-20,7.081447e-12
6726,1681.500000,3,2.846567e-11,1.296984e-16,-6.339512e-21,2.992273e-12
6727,1681.750000,3,2.846479e-11,1.244353e-16,-3.321957e-21,2.598366e-12
6728,1682.000000,3,2.846368e-11,1.297013e-16,-2.766754e-20,7.775114e-12
6729,1682.250000,3,2.846212e-11,1.599759e-16,-2.605288e-20,6.753709e-12
6730,1682.500000,3,2.846101e-11,1.421953e-16,-9.558899e-21,6.127543e-12
6731,1682.750000,3,2.846012e-11,1.244161e-16,-2.975203e-20,4.285017e-12
6732,1683.000000,3,2.845857e-11,1.297071e-16,1.165994e-20,4.623857e-12
6733,1683.250000,3,2.845724e-11,1.729447e-16,1.639141e-20,5.133227e-12
6734,1683.500000,3,2.845635e-11,1.297100e-16,-2.720432e-20,1.655565e-12
6735,1683.750000,3,2.845524e-11,1.777096e-16,-4.112742e-20,3.842704e-12
6736,1684.000000,3,2.845368e-11,1.421621e-16,-1.781416e-20,4.522605e-12
6737,1684.250000,3,2.845280e-11,1.729524e-16,-1.837334e-20,4.126477e-12
6738,1684.500000,3,2.845146e-11,1.297157e-16,1.636494e-20,2.598366e-12
6739,1684.750000,3,2.845013e-11,1.297172e-16,6.832512e-21,2.398082e-12
6740,1685.000000,3,2.844902e-11,1.776749e-16,-1.173604e-20,4.182432e-12
6741,1685.250000,3,2.844769e-11,1.729601e-16,-2.957998e-21,6.170175e-12
6742,1685.500000,3,2.844658e-11,1.297215e-16,-2.756828e-20,9.010570e-13
6743,1685.750000,3,2.844547e-11,1.421232e-16,5.899452e-21,6.425083e-12
6744,1686.000000,3,2.844414e-11,1.297244e-16,2.089458e-20,3.422151e-12
6745,1686.250000,3,2.844303e-11,1.297258e-16,1.938911e-21,2.806200e-12
6746,1686.500000,3,2.844214e-11,1.729697e-16,-1.789688e-20,1.540990e-13
6747,1686.750000,3,2.844081e-11,1.297287e-16,3.090347e-21,2.713829e-12
6748,1687.000000,3,2.843970e-11,1.297302e-16,-3.060899e-20,9.925394e-13
6749,1687.250000,3,2.843881e-11,1.297316e-16,-3.128066e-20,2.725375e-12
6750,1687.500000,3,2.843725e-11,1.776050e-16,2.905058e-21,5.712764e-12
6751,1687.750000,3,2.843592e-11,1.729793e-16,1.806232e-20,7.079226e-12
6752,1688.000000,3,2.843459e-11,1.420728e-16,-1.587525e-20,7.185808e-12
6753,1688.250000,3,2.843370e-11,1.729831e-16,1.925676e-21,3.777867e-12
6754,1688.500000,3,2.843237e-11,1.729851e-16,2.954027e-20,4.539036e-12
6755,1688.750000,3,2.843126e-11,1.297402e-16,4.149138e-21,6.603607e-12
6756,1689.000000,3,2.842993e-11,1.297417e-16,2.635067e-20,1.509903e-12
6757,1689.250000,3,2.842859e-11,1.297431e-16,1.091217e-20,3.016698e-12
6758,1689.500000,3,2.842793e-11,1.297446e-16,-2.148353e-20,3.090861e-12
6759,1689.750000,3,2.842659e-11,1.297460e-16,-2.659220e-20,1.770140e-12
6760,1690.000000,3,2.842504e-11,1.420277e-16,6.250177e-21,2.238210e-12
6761,1690.250000,3,2.842437e-11,1.729985e-16,-3.157514e-20,3.468337e-12
6762,1690.500000,3,2.842326e-11,1.297503e-16,2.519592e-20,2.051692e-12
6763,1690.750000,3,2.842149e-11,1.730023e-16,1.023057e-20,2.422951e-12
6764,1691.000000,3,2.842060e-11,1.730043e-16,-1.000889e-20,5.306866e-12
6765,1691.250000,3,2.841927e-11,1.597494e-16,-8.688705e-21,3.797407e-12
6766,1691.500000,3,2.841838e-11,1.297561e-16,-1.003205e-20,5.908607e-12
6767,1691.750000,3,2.841682e-11,1.730100e-16,-2.413382e-20,2.992273e-12
6768,1692.000000,3,2.841549e-11,1.419825e-16,-3.159830e-20,6.766143e-12
6769,1692.250000,3,2.841438e-11,1.297604e-16,9.701174e-21,3.696154e-12
6770,1692.500000,3,2.841305e-11,1.730158e-16,4.506480e-21,4.411138e-12
6771,1692.750000,3,2.841216e-11,1.297633e-16,7.318894e-21,2.505995e-12
6772,1693.000000,3,2.841150e-11,1.242148e-16,2.020637e-20,4.396927e-12
6773,1693.250000,3,2.840994e-11,1.730215e-16,-5.154990e-21,3.524292e-12
6774,1693.500000,3,2.840839e-11,1.419484e-16,2.780319e-20,3.851142e-12
6775,1693.750000,3,2.840750e-11,1.241999e-16,7.312277e-21,4.749090e-12
6776,1694.000000,3,2.840639e-11,1.297705e-16,1.189486e-20,5.252687e-12
6777,1694.250000,3,2.840528e-11,1.297719e-16,-1.307276e-20,2.188916e-12
6778,1694.500000,3,2.840417e-11,1.297733e-16,-1.252351e-20,5.605738e-12
6779,1694.750000,3,2.840284e-11,1.419200e-16,-9.916241e-21,2.377654e-12
6780,1695.000000,3,2.840173e-11,1.730350e-16,3.324273e-20,4.644729e-12
6781,1695.250000,3,2.840062e-11,1.297777e-16,-4.156086e-20,2.410960e-12
6782,1695.500000,3,2.839928e-11,1.297791e-16,-1.525983e-20,4.257039e-12
6783,1695.750000,3,2.839839e-11,1.297805e-16,2.947410e-20,3.856915e-12
6784,1696.000000,3,2.839728e-11,1.297820e-16,-1.135223e-20,4.347189e-12
6785,1696.250000,3,2.839595e-11,1.418858e-16,4.913453e-21,4.674927e-12
6786,1696.500000,3,2.839462e-11,1.241450e-16,-2.350847e-20,3.996359e-12
6787,1696.750000,3,2.839329e-11,1.730484e-16,5.535493e-21,3.304468e-12
6788,1697.000000,3,2.839196e-11,1.773358e-16,4.830735e-22,5.191847e-12
6789,1697.250000,3,2.839129e-11,1.418629e-16,9.929476e-21,3.997247e-12
6790,1697.500000,3,2.839018e-11,1.297906e-16,-2.231733e-20,4.618972e-12
6791,1697.750000,3,2.838862e-11,1.730560e-16,6.402378e-21,6.018741e-12
6792,1698.000000,3,2.838796e-11,1.297935e-16,-1.531277e-20,7.273737e-12
6793,1698.250000,3,2.838685e-11,1.730599e-16,3.474159e-22,6.836309e-12
6794,1698.500000,3,2.838574e-11,1.730618e-16,6.640606e-21,6.341594e-12
6795,1698.750000,3,2.838441e-11,1.241000e-16,6.868908e-21,3.141043e-12
6796,1699.000000,3,2.838307e-11,1.418228e-16,-3.851353e-21,2.265743e-12
6797,1699.250000,3,2.838174e-11,1.298007e-16,1.557085e-20,5.676792e-12
6798,1699.500000,3,2.838085e-11,1.506745e-16,3.003989e-20,4.654943e-12
6799,1699.750000,3,2.837974e-11,1.298035e-16,1.377421e-20,8.255618e-13
6800,1700.000000,3,2.837841e-11,1.417998e-16,-2.131148e-20,6.112000e-12
6801,1700.250000,3,2.837708e-11,1.730752e-16,4.129947e-20,3.089085e-12
6802,1700.500000,3,2.837597e-11,1.298078e-16,1.995160e-20,2.890577e-12
6803,1700.750000,3,2.837486e-11,1.298093e-16,5.734016e-21,5.200285e-12
6804,1701.000000,3,2.837375e-11,1.298107e-16,-2.181441e-20,3.232525e-12
6805,1701.250000,3,2.837286e-11,1.298122e-16,1.585540e-20,3.128608e-12
6806,1701.500000,3,2.837175e-11,1.298136e-16,1.776784e-21,6.068035e-12
6807,1701.750000,3,2.837020e-11,1.063197e-16,-4.843970e-21,3.752998e-12
6808,1702.000000,3,2.836953e-11,1.417538e-16,-3.831831e-20,5.270007e-12
6809,1702.250000,3,2.836797e-11,1.298179e-16,3.360008e-20,3.081091e-12
6810,1702.500000,3,2.836664e-11,1.298193e-16,2.109641e-20,5.190515e-12
6811,1702.750000,3,2.836531e-11,1.730944e-16,-5.442848e-21,4.567013e-12
6812,1703.000000,3,2.836420e-11,1.730963e-16,-3.713379e-20,2.409184e-12
6813,1703.250000,3,2.836331e-11,1.594406e-16,-2.223792e-20,3.114398e-12
6814,1703.500000,3,2.836198e-11,1.417192e-16,1.816489e-21,1.771472e-12
6815,1703.750000,3,2.836131e-11,1.298265e-16,-5.805154e-20,3.370193e-12
6816,1704.000000,3,2.835998e-11,1.298280e-16,3.871205e-22,1.987299e-12
6817,1704.250000,3,2.835843e-11,1.417018e-16,1.057799e-20,6.509016e-12
6818,1704.500000,3,2.835754e-11,1.298308e-16,-2.096737e-20,6.622258e-12
6819,1704.750000,3,2.835621e-11,1.298323e-16,-2.345884e-21,6.671108e-12
6820,1705.000000,3,2.835487e-11,1.298337e-16,-2.547055e-20,4.620748e-12
6821,1705.250000,3,2.835421e-11,1.298351e-16,-3.827861e-20,5.547118e-12
6822,1705.500000,3,2.835310e-11,1.770912e-16,3.639595e-22,1.573408e-12
6823,1705.750000,3,2.835154e-11,1.298380e-16,1.032321e-20,7.238654e-13
6824,1706.000000,3,2.835043e-11,1.298394e-16,2.038173e-20,3.633094e-12
6825,1706.250000,3,2.834910e-11,1.298409e-16,7.163384e-21,5.066170e-12
6826,1706.500000,3,2.834843e-11,1.298423e-16,1.863803e-20,5.827783e-12
6827,1706.750000,3,2.834710e-11,1.298438e-16,-1.880678e-20,3.640199e-12
6828,1707.000000,3,2.834599e-11,1.298452e-16,1.580577e-20,3.132605e-12
6829,1707.250000,3,2.834488e-11,1.298466e-16,-8.791276e-21,2.962075e-12
6830,1707.500000,3,2.834399e-11,1.298481e-16,-4.921394e-20,4.687362e-12
6831,1707.750000,3,2.834244e-11,1.731327e-16,1.589179e-20,2.871925e-12
6832,1708.000000,3,2.834111e-11,1.298509e-16,-4.182225e-21,4.216627e-12
6833,1708.250000,3,2.834000e-11,1.731365e-16,1.795313e-20,3.763656e-12
6834,1708.500000,3,2.833889e-11,1.298538e-16,4.949518e-20,3.045120e-12
6835,1708.750000,3,2.833822e-11,1.731403e-16,-1.108422e-20,2.949196e-12
6836,1709.000000,3,2.833689e-11,1.415917e-16,-1.057799e-20,1.566303e-12
6837,1709.250000,3,2.833533e-11,1.238877e-16,-1.098496e-21,5.637713e-12
6838,1709.500000,3,2.833422e-11,1.415801e-16,4.122668e-21,3.143708e-12
6839,1709.750000,3,2.833334e-11,1.298610e-16,6.299808e-21,1.150191e-12
6840,1710.000000,3,2.833223e-11,1.415684e-16,1.647082e-20,4.777512e-12
6841,1710.250000,3,2.833089e-11,1.592580e-16,7.785424e-21,2.871481e-12
6842,1710.500000,3,2.832978e-11,1.731537e-16,1.741381e-20,4.364509e-12
6843,1710.750000,3,2.832867e-11,1.415510e-16,1.869428e-20,4.207745e-12
6844,1711.000000,3,2.832712e-11,1.298681e-16,-5.658577e-20,9.658940e-13
6845,1711.250000,3,2.832667e-11,1.592317e-16,4.337735e-21,3.510525e-12
6846,1711.500000,3,2.832534e-11,1.731614e-16,-1.905824e-21,3.166800e-12
6847,1711.750000,3,2.832401e-11,1.298725e-16,-2.196992e-21,3.624656e-12
6848,1712.000000,3,2.832268e-11,1.298739e-16,5.320426e-21,3.499423e-13
6849,1712.250000,3,2.832179e-11,1.592055e-16,-2.455072e-21,4.673151e-12
6850,1712.500000,3,2.832046e-11,1.731690e-16,2.567569e-21,2.330580e-12
6851,1712.750000,3,2.831979e-11,1.298782e-16,4.015466e-20,5.266010e-12
6852,1713.000000,3,2.831868e-11,1.298796e-16,-1.526975e-20,3.401279e-12
6853,1713.250000,3,2.831735e-11,1.298811e-16,-4.939923e-21,4.778400e-12
6854,1713.500000,3,2.831602e-11,1.298825e-16,3.805031e-21,5.005329e-12
6855,1713.750000,3,2.831491e-11,1.298839e-16,-1.299335e-20,4.323208e-12
6856,1714.000000,3,2.831357e-11,1.298853e-16,1.117686e-20,2.825296e-12
6857,1714.250000,3,2.831246e-11,1.768366e-16,-1.162354e-20,4.209522e-12
6858,1714.500000,3,2.831135e-11,8.841465e-17,4.632211e-22,2.425615e-12
6859,1714.750000,3,2.831024e-11,1.731861e-16,3.563494e-21,3.559375e-12
6860,1715.000000,3,2.830913e-11,1.298910e-16,1.289740e-20,3.161027e-12
6861,1715.250000,3,2.830780e-11,1.414459e-16,1.328783e-20,6.980638e-12
6862,1715.500000,3,2.830691e-11,1.298938e-16,2.500732e-20,2.842615e-12
6863,1715.750000,3,2.830580e-11,1.298952e-16,6.293190e-21,1.957101e-12
6864,1716.000000,3,2.830447e-11,1.298966e-16,-1.305953e-20,1.108891e-12
6865,1716.250000,3,2.830358e-11,1.237447e-16,-2.291290e-20,2.169820e-12
6866,1716.500000,3,2.830181e-11,1.731992e-16,-1.990197e-20,4.995560e-12
6867,1716.750000,3,2.830158e-11,1.414108e-16,-2.623817e-21,4.536815e-12
6868,1717.000000,3,2.829981e-11,1.299023e-16,3.727276e-20,1.849187e-12
6869,1717.250000,3,2.829914e-11,1.732049e-16,2.885868e-20,5.421885e-12
6870,1717.500000,3,2.829736e-11,1.944156e-16,1.001219e-20,3.983480e-12
6871,1717.750000,3,2.829670e-11,1.299065e-16,-3.027481e-21,3.481215e-12
6872,1718.000000,3,2.829559e-11,1.732105e-16,1.857848e-20,2.049472e-12
6873,1718.250000,3,2.829403e-11,1.413756e-16,1.628884e-20,5.076384e-12
6874,1718.500000,3,2.829292e-11,1.299107e-16,-2.894140e-20,4.550138e-12
6875,1718.750000,3,2.829181e-11,1.732162e-16,-1.900861e-20,4.157563e-12
6876,1719.000000,3,2.829070e-11,1.299136e-16,-2.832266e-21,5.254908e-12
6877,1719.250000,3,2.828981e-11,1.413521e-16,1.565026e-21,6.608936e-12
6878,1719.500000,3,2.828870e-11,1.299164e-16,-1.728807e-20,4.411138e-12
6879,1719.750000,3,2.828737e-11,1.732237e-16,5.833278e-21,3.430589e-12
6880,1720.000000,3,2.828648e-11,1.590013e-16,2.554665e-20,9.050538e-13
6881,1720.250000,3,2.828537e-11,1.732275e-16,-2.977850e-23,2.363887e-12
6882,1720.500000,3,2.828426e-11,1.299220e-16,-1.656677e-20,4.214851e-12
6883,1720.750000,3,2.828293e-11,1.732312e-16,-1.846267e-21,4.584333e-12
6884,1721.000000,3,2.828160e-11,1.299248e-16,2.794547e-20,1.898481e-12
6885,1721.250000,3,2.828071e-11,1.236419e-16,-4.099507e-21,2.712497e-12
6886,1721.500000,3,2.827982e-11,1.299277e-16,5.638063e-21,3.487433e-12
6887,1721.750000,3,2.827805e-11,1.732388e-16,1.123642e-20,3.503420e-12
6888,1722.000000,3,2.827716e-11,1.299305e-16,-7.203089e-21,4.095391e-12
6889,1722.250000,3,2.827605e-11,1.412815e-16,-1.822113e-20,3.967937e-12
6890,1722.500000,3,2.827449e-11,1.412756e-16,-1.341025e-20,2.603251e-12
6891,1722.750000,3,2.827383e-11,1.732463e-16,4.764560e-21,4.949818e-12
6892,1723.000000,3,2.827294e-11,1.732482e-16,-5.139439e-20,3.026912e-12
6893,1723.250000,3,2.827139e-11,1.299375e-16,-8.453786e-21,3.451017e-12
6894,1723.500000,3,2.827050e-11,1.732519e-16,1.554769e-20,4.320988e-12
6895,1723.750000,3,2.826916e-11,1.299403e-16,-1.468411e-20,5.540013e-12
6896,1724.000000,3,2.826828e-11,1.299418e-16,-6.561197e-21,4.835687e-12
6897,1724.250000,3,2.826694e-11,1.299432e-16,1.015447e-20,5.349499e-12
6898,1724.500000,3,2.826583e-11,1.412285e-16,-3.920836e-21,3.940404e-12
6899,1724.750000,3,2.826472e-11,1.299460e-16,1.582231e-20,6.406431e-12
6900,1725.000000,3,2.826361e-11,1.588688e-16,7.795350e-21,3.065548e-12
6901,1725.250000,3,2.826250e-11,1.732651e-16,-1.898876e-20,2.592149e-12
6902,1725.500000,3,2.826117e-11,1.412049e-16,-1.608370e-20,8.331114e-13
6903,1725.750000,3,2.825984e-11,1.299516e-16,-5.376674e-21,4.588330e-12
6904,1726.000000,3,2.825917e-11,1.299530e-16,2.486836e-20,3.153922e-12
6905,1726.250000,3,2.825784e-11,1.299544e-16,-2.353825e-20,2.899903e-12
6906,1726.500000,3,2.825695e-11,1.299559e-16,-2.192690e-20,3.650413e-12
6907,1726.750000,3,2.825562e-11,1.299573e-16,-1.392972e-21,5.795808e-12
6908,1727.000000,3,2.825473e-11,1.299587e-16,-2.289967e-20,3.687273e-12
6909,1727.250000,3,2.825296e-11,1.299601e-16,-1.515395e-21,2.485567e-12
6910,1727.500000,3,2.825229e-11,1.299615e-16,1.019417e-20,1.468603e-12
6911,1727.750000,3,2.825140e-11,1.732839e-16,8.394229e-21,6.451728e-12
6912,1728.000000,3,2.825051e-11,1.299643e-16,4.823786e-20,4.112266e-12
6913,1728.250000,3,2.824851e-11,1.732876e-16,-3.990319e-21,4.146905e-12
6914,1728.500000,3,2.824763e-11,1.411339e-16,1.238455e-20,4.207301e-12
6915,1728.750000,3,2.824652e-11,1.299685e-16,1.317533e-20,2.352785e-12
6916,1729.000000,3,2.824541e-11,1.732933e-16,-6.018566e-21,1.990852e-12
6917,1729.250000,3,2.824430e-11,1.299714e-16,1.394957e-20,8.371970e-12
6918,1729.500000,3,2.824319e-11,1.299728e-16,-9.568825e-21,3.800071e-12
6919,1729.750000,3,2.824230e-11,1.732989e-16,-2.914984e-21,6.492140e-12
6920,1730.000000,3,2.824119e-11,1.733008e-16,-1.139193e-20,4.539924e-12
6921,1730.250000,3,2.823963e-11,2.166283e-16,-4.028039e-20,2.009948e-12
6922,1730.500000,3,2.823897e-11,1.410865e-16,-7.510800e-22,4.506173e-12
6923,1730.750000,3,2.823786e-11,1.410806e-16,-4.123330e-20,2.692069e-12
6924,1731.000000,3,2.823675e-11,1.299812e-16,-1.313232e-20,1.719513e-12
6925,1731.250000,3,2.823541e-11,1.299826e-16,6.058271e-21,2.829292e-12
6926,1731.500000,3,2.823430e-11,1.299840e-16,-1.600760e-20,3.114842e-12
6927,1731.750000,3,2.823275e-11,1.299854e-16,-1.732778e-20,3.227640e-12
6928,1732.000000,3,2.823208e-11,1.299868e-16,8.715175e-21,2.520206e-12
6929,1732.250000,3,2.823075e-11,1.299883e-16,6.772955e-21,6.132872e-13
6930,1732.500000,3,2.822986e-11,1.762989e-16,-1.560063e-20,5.029754e-12
6931,1732.750000,3,2.822853e-11,1.299911e-16,-4.271230e-20,2.768008e-12
6932,1733.000000,3,2.822742e-11,1.939124e-16,-3.436108e-20,5.217604e-12
6933,1733.250000,3,2.822653e-11,1.322075e-16,-8.880611e-21,3.313350e-12
6934,1733.500000,3,2.822542e-11,1.733271e-16,3.044025e-21,4.845901e-12
6935,1733.750000,3,2.822387e-11,1.299967e-16,-3.014577e-20,5.176304e-12
6936,1734.000000,3,2.822276e-11,1.410035e-16,-9.654852e-21,1.418421e-12
6937,1734.250000,3,2.822187e-11,1.057481e-16,6.948317e-23,4.630962e-12
6938,1734.500000,3,2.822098e-11,1.733346e-16,4.155425e-20,2.970513e-12
6939,1734.750000,3,2.821943e-11,1.938552e-16,-1.501829e-20,3.906209e-12
6940,1735.000000,3,2.821854e-11,1.300037e-16,-2.646316e-20,4.029665e-12
6941,1735.250000,3,2.821721e-11,1.300051e-16,2.790907e-20,4.053202e-12
6942,1735.500000,3,2.821632e-11,1.300066e-16,1.681162e-20,1.680878e-12
6943,1735.750000,3,2.821521e-11,8.810116e-17,2.974541e-21,6.300294e-12
6944,1736.000000,3,2.821388e-11,1.300094e-16,-3.697497e-20,5.984546e-12
6945,1736.250000,3,2.821254e-11,1.300108e-16,-1.797629e-20,4.559908e-12
6946,1736.500000,3,2.821188e-11,1.300122e-16,9.542356e-21,5.230483e-12
6947,1736.750000,3,2.821099e-11,1.733515e-16,9.433168e-21,3.128608e-12
6948,1737.000000,3,2.820966e-11,1.733533e-16,2.094752e-20,5.753620e-12
6949,1737.250000,3,2.820832e-11,1.409261e-16,4.324500e-21,2.788436e-12
6950,1737.500000,3,2.820744e-11,1.409202e-16,2.766092e-21,5.181189e-12
6951,1737.750000,3,2.820610e-11,1.300192e-16,1.553776e-20,4.668266e-12
6952,1738.000000,3,2.820522e-11,1.300206e-16,-1.741711e-20,-1.341149e-13
6953,1738.250000,3,2.820344e-11,1.585151e-16,-3.313024e-20,7.704948e-13
6954,1738.500000,3,2.820300e-11,1.300234e-16,5.037530e-20,5.259349e-12
6955,1738.750000,3,2.820189e-11,1.300248e-16,2.428271e-20,4.628742e-12
6956,1739.000000,3,2.820055e-11,1.056633e-16,-8.665544e-21,3.635314e-12
6957,1739.250000,3,2.819989e-11,1.408785e-16,-4.371815e-20,4.080736e-12
6958,1739.500000,3,2.819833e-11,1.300291e-16,-1.278821e-20,5.670575e-12
6959,1739.750000,3,2.819722e-11,1.300305e-16,2.417683e-20,6.500134e-12
6960,1740.000000,3,2.819589e-11,1.300319e-16,7.130297e-21,3.704592e-12
6961,1740.250000,3,2.819545e-11,1.760683e-16,-1.222242e-20,2.196021e-12
6962,1740.500000,3,2.819411e-11,1.300347e-16,8.490182e-21,8.779644e-13
6963,1740.750000,3,2.819234e-11,1.733815e-16,-2.299893e-20,1.933564e-12
6964,1741.000000,3,2.819123e-11,1.300375e-16,3.205490e-20,4.480860e-13
6965,1741.250000,3,2.819034e-11,1.232272e-16,-4.010833e-20,4.461320e-12
6966,1741.500000,3,2.818923e-11,1.232221e-16,-5.955700e-22,7.098766e-12
6967,1741.750000,3,2.818790e-11,1.300417e-16,3.358684e-20,7.120970e-12
6968,1742.000000,3,2.818679e-11,1.300431e-16,4.102816e-22,5.265122e-12
6969,1742.250000,3,2.818568e-11,1.300445e-16,1.586863e-20,6.007639e-12
6970,1742.500000,3,2.818479e-11,1.300459e-16,1.735756e-20,5.944578e-12
6971,1742.750000,3,2.818390e-11,1.300473e-16,-1.379076e-20,2.741363e-12
6972,1743.000000,3,2.818235e-11,1.407903e-16,-2.253240e-21,4.390266e-12
6973,1743.250000,3,2.818101e-11,1.407845e-16,6.829203e-21,3.133049e-12
6974,1743.500000,3,2.817990e-11,1.300516e-16,1.471058e-20,1.342482e-12
6975,1743.750000,3,2.817901e-11,1.300530e-16,5.145063e-21,-4.125589e-13
6976,1744.000000,3,2.817768e-11,1.300544e-16,3.392433e-20,4.862333e-12
6977,1744.250000,3,2.817679e-11,1.583565e-16,-1.352606e-20,3.548717e-12
6978,1744.500000,3,2.817546e-11,1.300572e-16,-2.023615e-20,5.039080e-12
6979,1744.750000,3,2.817413e-11,1.300586e-16,9.777275e-21,3.319567e-12
6980,1745.000000,3,2.817324e-11,1.300600e-16,7.136914e-21,5.100809e-12
6981,1745.250000,3,2.817191e-11,1.300614e-16,3.721320e-20,3.639311e-12
6982,1745.500000,3,2.817058e-11,1.583241e-16,2.415367e-20,3.311573e-12
6983,1745.750000,3,2.816947e-11,1.300642e-16,-3.305745e-20,6.481926e-12
6984,1746.000000,3,2.816858e-11,1.734208e-16,-1.193787e-20,2.300382e-12
6985,1746.250000,3,2.816747e-11,1.300670e-16,-5.585123e-21,3.239631e-12
6986,1746.500000,3,2.816658e-11,1.407095e-16,-4.751325e-21,2.569056e-12
6987,1746.750000,3,2.816480e-11,1.407038e-16,8.556356e-21,4.859224e-12
6988,1747.000000,3,2.816414e-11,1.300712e-16,2.777672e-20,5.831335e-12
6989,1747.250000,3,2.816303e-11,1.300726e-16,-5.611593e-21,5.218492e-12
6990,1747.500000,3,2.816170e-11,1.300740e-16,-5.201312e-21,4.054090e-12
6991,1747.750000,3,2.816081e-11,1.300754e-16,1.627561e-20,6.075140e-12
6992,1748.000000,3,2.815947e-11,1.055064e-16,2.451763e-21,6.476597e-12
6993,1748.250000,3,2.815836e-11,1.300782e-16,-2.388898e-21,5.215384e-12
6994,1748.500000,3,2.815703e-11,1.300797e-16,-7.130297e-21,3.416378e-12
6995,1748.750000,3,2.815592e-11,1.406580e-16,9.320671e-21,5.057288e-12
6996,1749.000000,3,2.815503e-11,1.300825e-16,3.811317e-20,-1.549871e-13
6997,1749.250000,3,2.815392e-11,1.406466e-16,-1.757593e-20,5.733636e-12
6998,1749.500000,3,2.815281e-11,1.300853e-16,9.833523e-21,5.099920e-12
6999,1749.750000,3,2.815170e-11,1.300867e-16,-2.832597e-20,7.502887e-12
7000,1750.000000,3,2.815082e-11,1.300881e-16,2.767415e-20,2.815970e-12
7001,1750.250000,3,2.814904e-11,1.300895e-16,-9.992342e-21,5.230927e-12
7002,1750.500000,3,2.814859e-11,1.300909e-16,7.487639e-21,2.554401e-12
7003,1750.750000,3,2.814726e-11,1.734564e-16,-2.593046e-20,4.169998e-12
7004,1751.000000,3,2.814593e-11,1.300937e-16,9.545664e-21,4.403589e-12
7005,1751.250000,3,2.814482e-11,1.300951e-16,1.848252e-20,4.776624e-12
7006,1751.500000,3,2.814349e-11,1.300965e-16,1.121657e-21,3.391065e-12
7007,1751.750000,3,2.814216e-11,1.300979e-16,2.779327e-22,6.802114e-12
7008,1752.000000,3,2.814127e-11,1.734657e-16,4.059802e-21,3.342659e-12
7009,1752.250000,3,2.814038e-11,1.230061e-16,-3.087038e-21,3.237410e-12
7010,1752.500000,3,2.813927e-11,1.581443e-16,-2.610582e-20,6.541434e-12
7011,1752.750000,3,2.813816e-11,1.301035e-16,-7.550505e-21,3.938627e-12
7012,1753.000000,3,2.813727e-11,1.405614e-16,-6.948317e-22,8.713030e-13
7013,1753.250000,3,2.813616e-11,1.405557e-16,1.531938e-20,5.141221e-12
7014,1753.500000,3,2.813483e-11,1.581188e-16,1.062100e-21,5.216716e-12
7015,1753.750000,3,2.813394e-11,1.734788e-16,1.293710e-20,4.199308e-12
7016,1754.000000,3,2.813283e-11,1.301105e-16,1.176582e-20,4.966694e-12
7017,1754.250000,3,2.813105e-11,1.405331e-16,1.751969e-20,1.910028e-12
7018,1754.500000,3,2.812994e-11,1.301133e-16,-2.279710e-20,3.746337e-12
7019,1754.750000,3,2.812905e-11,1.405218e-16,-1.035961e-20,5.893064e-12
7020,1755.000000,3,2.812794e-11,1.580807e-16,-2.454741e-20,2.756462e-12
7021,1755.250000,3,2.812683e-11,1.301175e-16,-1.029013e-21,3.276490e-12
7022,1755.500000,3,2.812595e-11,1.301190e-16,-1.095187e-21,2.436273e-12
7023,1755.750000,3,2.812439e-11,1.301204e-16,7.024418e-21,6.252776e-12
7024,1756.000000,3,2.812350e-11,1.404936e-16,2.543084e-20,4.565237e-12
7025,1756.250000,3,2.812239e-11,1.404879e-16,-2.463675e-20,5.486278e-12
7026,1756.500000,3,2.812106e-11,1.301246e-16,-3.012592e-20,2.317257e-12
7027,1756.750000,3,2.812017e-11,1.301260e-16,4.125977e-21,1.816325e-12
7028,1757.000000,3,2.811906e-11,1.301274e-16,1.307276e-20,4.452438e-12
7029,1757.250000,3,2.811795e-11,1.301288e-16,2.319414e-21,2.587708e-12
7030,1757.500000,3,2.811684e-11,1.580173e-16,-2.239343e-20,1.923794e-12
7031,1757.750000,3,2.811551e-11,1.404542e-16,-2.252909e-20,1.741274e-12
7032,1758.000000,3,2.811440e-11,1.301330e-16,-9.995651e-21,1.628031e-12
7033,1758.250000,3,2.811307e-11,1.301344e-16,8.377685e-21,3.662404e-12
7034,1758.500000,3,2.811218e-11,1.404373e-16,-2.950057e-20,2.800427e-12
7035,1758.750000,3,2.811085e-11,2.168953e-16,-1.879354e-20,8.797407e-13
7036,1759.000000,3,2.811018e-11,1.735181e-16,-2.313128e-20,5.639045e-12
7037,1759.250000,3,2.810907e-11,1.301400e-16,9.102295e-21,3.513634e-12
7038,1759.500000,3,2.810774e-11,1.301414e-16,-1.783401e-20,5.016876e-12
7039,1759.750000,3,2.810663e-11,1.404092e-16,2.827965e-20,-2.842171e-13
7040,1760.000000,3,2.810574e-11,1.301442e-16,-1.903177e-20,7.460255e-12
7041,1760.250000,3,2.810441e-11,1.301456e-16,-1.101143e-20,8.129941e-12
7042,1760.500000,3,2.810308e-11,1.403924e-16,1.607046e-20,1.383782e-12
7043,1760.750000,3,2.810219e-11,1.301484e-16,-9.588678e-21,3.414602e-12
7044,1761.000000,3,2.810152e-11,1.301498e-16,1.148458e-20,3.446576e-12
7045,1761.250000,3,2.809974e-11,1.301512e-16,-1.890273e-20,3.999912e-12
7046,1761.500000,3,2.809908e-11,1.301526e-16,1.323489e-20,6.871392e-12
7047,1761.750000,3,2.809752e-11,1.735387e-16,6.452009e-21,2.394973e-12
7048,1762.000000,3,2.809708e-11,1.301554e-16,1.404884e-20,4.537259e-12
7049,1762.250000,3,2.809530e-11,1.301568e-16,-7.619988e-21,3.574474e-12
7050,1762.500000,3,2.809464e-11,1.301582e-16,-1.319849e-20,3.447020e-12
7051,1762.750000,3,2.809331e-11,1.301596e-16,-6.716707e-22,3.197886e-12
7052,1763.000000,3,2.809242e-11,1.301610e-16,-1.740388e-20,5.993428e-12
7053,1763.250000,3,2.809131e-11,1.301624e-16,-1.934941e-20,4.449774e-12
7054,1763.500000,3,2.809020e-11,1.754066e-16,-1.204375e-21,4.462208e-12
7055,1763.750000,3,2.808931e-11,1.403197e-16,-3.126743e-21,3.379519e-12
7056,1764.000000,3,2.808775e-11,1.578534e-16,2.106333e-20,7.427836e-12
7057,1764.250000,3,2.808687e-11,1.301680e-16,1.932625e-20,6.101786e-13
7058,1764.500000,3,2.808531e-11,1.578409e-16,2.305849e-20,7.161383e-12
7059,1764.750000,3,2.808420e-11,1.301708e-16,1.843951e-20,5.853540e-12
7060,1765.000000,3,2.808331e-11,1.735629e-16,5.820043e-21,4.038547e-12
7061,1765.250000,3,2.808243e-11,1.227505e-16,-1.966374e-20,5.440093e-12
7062,1765.500000,3,2.808087e-11,1.301750e-16,-1.561717e-20,6.581402e-12
7063,1765.750000,3,2.808020e-11,1.301764e-16,1.476352e-20,4.226841e-12
7064,1766.000000,3,2.807887e-11,1.301778e-16,-1.753623e-21,3.613998e-12
7065,1766.250000,3,2.807776e-11,1.301792e-16,-1.578261e-20,1.803446e-12
7066,1766.500000,3,2.807687e-11,1.051938e-16,-1.974976e-20,5.154543e-12
7067,1766.750000,3,2.807576e-11,1.301820e-16,9.760731e-21,1.662670e-12
7068,1767.000000,3,2.807443e-11,1.301834e-16,-1.747998e-20,1.843414e-12
7069,1767.250000,3,2.807332e-11,1.301848e-16,1.143494e-20,4.310330e-12
7070,1767.500000,3,2.807221e-11,1.735816e-16,-1.438963e-20,4.498624e-12
7071,1767.750000,3,2.807088e-11,1.301876e-16,2.037511e-20,3.761436e-13
7072,1768.000000,3,2.806977e-11,1.402250e-16,4.476701e-21,2.663203e-12
7073,1768.250000,3,2.806910e-11,1.735872e-16,-1.180221e-20,5.997869e-12
7074,1768.500000,3,2.806777e-11,1.301918e-16,-3.828192e-21,2.557510e-12
7075,1768.750000,3,2.806666e-11,1.301932e-16,1.303637e-21,2.711609e-12
7076,1769.000000,3,2.806555e-11,1.139148e-16,-1.341025e-20,5.076828e-12
7077,1769.250000,3,2.806466e-11,1.301960e-16,-1.211323e-20,2.813305e-12
7078,1769.500000,3,2.806333e-11,1.577157e-16,3.037738e-20,2.454481e-12
7079,1769.750000,3,2.806244e-11,1.301988e-16,-3.419565e-20,4.729106e-12
7080,1770.000000,3,2.806133e-11,1.401806e-16,-1.214301e-20,6.427303e-12
7081,1770.250000,3,2.806022e-11,1.736021e-16,-9.992342e-22,4.404921e-12
7082,1770.500000,3,2.805933e-11,1.302030e-16,1.458816e-20,2.533085e-12
7083,1770.750000,3,2.805822e-11,1.302044e-16,-2.544738e-20,3.326228e-12
7084,1771.000000,3,2.805711e-11,1.302058e-16,2.865354e-21,4.823253e-12
7085,1771.250000,3,2.805600e-11,1.302072e-16,-2.259527e-20,2.242206e-12
7086,1771.500000,3,2.805489e-11,1.302086e-16,2.331657e-20,3.486544e-12
7087,1771.750000,3,2.805356e-11,1.401418e-16,-4.973010e-20,4.297895e-12
7088,1772.000000,3,2.805245e-11,1.576533e-16,-1.197758e-21,3.745004e-12
7089,1772.250000,3,2.805112e-11,1.302128e-16,-7.722558e-21,4.262812e-12
7090,1772.500000,3,2.805023e-11,1.302142e-16,6.038418e-21,3.896883e-12
7091,1772.750000,3,2.804934e-11,1.401197e-16,2.957667e-20,2.571721e-12
7092,1773.000000,3,2.804823e-11,1.736227e-16,-1.039931e-20,5.514256e-12
7093,1773.250000,3,2.804690e-11,1.302184e-16,-7.590209e-21,4.772627e-12
7094,1773.500000,3,2.804579e-11,1.302198e-16,-1.658663e-20,3.693046e-12
7095,1773.750000,3,2.804468e-11,1.302212e-16,-9.247879e-21,3.361755e-12
7096,1774.000000,3,2.804357e-11,1.302226e-16,-6.597593e-21,1.851852e-13
7097,1774.250000,3,2.804268e-11,1.575973e-16,-4.331118e-21,3.791634e-12
7098,1774.500000,3,2.804157e-11,1.575911e-16,-8.265189e-21,5.078604e-12
7099,1774.750000,3,2.804046e-11,1.736357e-16,-1.214301e-20,6.019629e-12
7100,1775.000000,3,2.803957e-11,1.302282e-16,-1.718550e-20,8.824053e-13
7101,1775.250000,3,2.803824e-11,1.400644e-16,-1.140517e-20,3.685940e-12
7102,1775.500000,3,2.803691e-11,1.302310e-16,-1.309261e-20,6.640466e-12
7103,1775.750000,3,2.803602e-11,1.400533e-16,-1.755608e-20,5.509371e-12
7104,1776.000000,3,2.803491e-11,1.736450e-16,8.473638e-21,5.449419e-12
7105,1776.250000,3,2.803380e-11,1.736469e-16,1.153090e-20,7.689405e-12
7106,1776.500000,3,2.803269e-11,1.736488e-16,9.320671e-21,4.288569e-12
7107,1776.750000,3,2.803136e-11,1.575352e-16,-1.628222e-20,4.129586e-12
7108,1777.000000,3,2.803069e-11,1.302394e-16,3.455630e-20,4.918732e-12
7109,1777.250000,3,2.802958e-11,1.302408e-16,1.675868e-20,1.470823e-12
7110,1777.500000,3,2.802825e-11,1.400147e-16,-9.727644e-22,5.336176e-12
7111,1777.750000,3,2.802736e-11,1.400092e-16,1.657008e-20,6.296741e-12
7112,1778.000000,3,2.802580e-11,1.575042e-16,-6.786190e-21,5.305090e-12
7113,1778.250000,3,2.802514e-11,1.049986e-16,-2.805466e-20,3.058442e-12
7114,1778.500000,3,2.802381e-11,1.302478e-16,-5.485862e-21,3.186784e-12
7115,1778.750000,3,2.802314e-11,1.736655e-16,-2.740615e-20,4.250378e-12
7116,1779.000000,3,2.802159e-11,1.574794e-16,6.289881e-21,4.263256e-12
7117,1779.250000,3,2.802114e-11,1.302519e-16,5.495788e-21,4.565237e-13
7118,1779.500000,3,2.801981e-11,1.736711e-16,3.589964e-21,5.327294e-12
7119,1779.750000,3,2.801848e-11,1.736730e-16,-1.819797e-22,5.534240e-12
7120,1780.000000,3,2.801692e-11,1.302561e-16,1.404222e-20,8.841816e-12
7121,1780.250000,3,2.801626e-11,1.049656e-16,-1.712595e-20,6.426859e-12
7122,1780.500000,3,2.801559e-11,1.302589e-16,5.882909e-21,4.466205e-12
7123,1780.750000,3,2.801404e-11,1.302603e-16,3.113508e-21,3.250733e-12
7124,1781.000000,3,2.801270e-11,1.302617e-16,-2.382942e-20,3.824496e-12
7125,1781.250000,3,2.801204e-11,1.302631e-16,-9.065900e-22,4.765965e-12
7126,1781.500000,3,2.801093e-11,1.302645e-16,-7.014492e-22,4.746870e-12
7127,1781.750000,3,2.800959e-11,1.399212e-16,-9.264423e-21,6.624923e-12
7128,1782.000000,3,2.800871e-11,1.302673e-16,-8.139457e-22,5.093259e-12
7129,1782.250000,3,2.800782e-11,1.573990e-16,1.498190e-20,7.147172e-12
7130,1782.500000,3,2.800649e-11,1.302701e-16,-2.506357e-20,4.293010e-12
7131,1782.750000,3,2.800538e-11,1.398992e-16,3.304421e-20,5.925038e-12
7132,1783.000000,3,2.800449e-11,1.736972e-16,2.835244e-20,2.593037e-12
7133,1783.250000,3,2.800316e-11,1.302743e-16,-1.007175e-20,3.844480e-12
7134,1783.500000,3,2.800182e-11,1.737009e-16,-7.378451e-22,3.742340e-12
7135,1783.750000,3,2.800116e-11,1.049079e-16,3.288870e-21,5.079492e-12
7136,1784.000000,3,2.799960e-11,1.302785e-16,5.525566e-21,4.138467e-12
7137,1784.250000,3,2.799894e-11,1.302799e-16,-1.600429e-20,7.918111e-13
7138,1784.500000,3,2.799783e-11,1.302813e-16,-1.914096e-20,5.076828e-12
7139,1784.750000,3,2.799649e-11,1.302827e-16,1.262278e-20,4.040768e-12
7140,1785.000000,3,2.799561e-11,1.302841e-16,2.009387e-20,4.010570e-12
7141,1785.250000,3,2.799450e-11,1.302855e-16,-2.706535e-21,4.597212e-12
7142,1785.500000,3,2.799361e-11,1.737158e-16,-5.214547e-21,2.292389e-12
7143,1785.750000,3,2.799250e-11,1.573126e-16,2.766754e-20,4.814371e-12
7144,1786.000000,3,2.799139e-11,1.398279e-16,-2.819032e-21,5.362821e-12
7145,1786.250000,3,2.799028e-11,1.573002e-16,-4.093551e-20,7.690293e-12
7146,1786.500000,3,2.798917e-11,1.737233e-16,8.364450e-21,3.265832e-12
7147,1786.750000,3,2.798828e-11,1.747644e-16,-1.620281e-20,4.639844e-12
7148,1787.000000,3,2.798717e-11,1.302952e-16,-2.039497e-20,3.320899e-12
7149,1787.250000,3,2.798561e-11,1.302966e-16,9.770657e-21,4.348077e-12
7150,1787.500000,3,2.798450e-11,1.302980e-16,-2.681720e-20,2.049472e-12
7151,1787.750000,3,2.798362e-11,1.922107e-16,5.075580e-21,6.110223e-12
7152,1788.000000,3,2.798295e-11,1.572571e-16,3.093655e-21,-5.111467e-13
7153,1788.250000,3,2.798139e-11,1.572510e-16,-2.679073e-20,2.743139e-12
7154,1788.500000,3,2.798073e-11,1.737381e-16,-1.605061e-20,1.997957e-12
7155,1788.750000,3,2.797962e-11,1.222968e-16,-1.359223e-20,3.572254e-12
7156,1789.000000,3,2.797829e-11,1.397623e-16,-2.383273e-20,8.442136e-12
7157,1789.250000,3,2.797695e-11,1.303078e-16,-1.262278e-20,4.723777e-12
7158,1789.500000,3,2.797607e-11,1.303092e-16,1.805239e-20,2.454481e-12
7159,1789.750000,3,2.797518e-11,1.572141e-16,2.160596e-21,3.318235e-12
7160,1790.000000,3,2.797407e-11,1.303120e-16,3.016562e-20,1.184830e-12
7161,1790.250000,3,2.797318e-11,1.737512e-16,4.513097e-21,3.118394e-12
7162,1790.500000,3,2.797140e-11,1.737530e-16,-1.047542e-20,4.546141e-12
7163,1790.750000,3,2.797074e-11,1.571895e-16,-3.412616e-20,3.016254e-12
7164,1791.000000,3,2.796963e-11,1.737567e-16,-6.342821e-21,5.714540e-12
7165,1791.250000,3,2.796852e-11,1.397131e-16,2.652934e-20,5.334400e-12
7166,1791.500000,3,2.796741e-11,1.303203e-16,-7.699397e-21,8.103296e-12
7167,1791.750000,3,2.796607e-11,1.047766e-16,-1.124635e-20,4.073186e-12
7168,1792.000000,3,2.796519e-11,1.746209e-16,7.189854e-21,3.293366e-12
7169,1792.250000,3,2.796408e-11,1.222299e-16,2.731681e-20,4.233058e-12
7170,1792.500000,3,2.796319e-11,1.303259e-16,-3.920836e-21,1.652012e-12
7171,1792.750000,3,2.796208e-11,1.571404e-16,5.757177e-21,-5.524470e-13
7172,1793.000000,3,2.796097e-11,1.047562e-16,1.300659e-20,2.875478e-12
7173,1793.250000,3,2.795986e-11,1.303301e-16,1.145811e-20,5.474732e-12
7174,1793.500000,3,2.795875e-11,1.303315e-16,-1.433669e-20,4.577672e-12
7175,1793.750000,3,2.795764e-11,1.303329e-16,1.585871e-20,5.511147e-12
7176,1794.000000,3,2.795675e-11,1.303343e-16,-3.094648e-20,3.458123e-12
7177,1794.250000,3,2.795586e-11,1.303357e-16,2.015012e-20,5.861089e-12
7178,1794.500000,3,2.795475e-11,1.396422e-16,-1.022726e-20,4.409806e-12
7179,1794.750000,3,2.795342e-11,1.303385e-16,1.289078e-20,3.698375e-12
7180,1795.000000,3,2.795253e-11,1.303399e-16,-1.863142e-20,2.698730e-12
7181,1795.250000,3,2.795120e-11,1.396259e-16,4.473393e-21,3.057110e-12
7182,1795.500000,3,2.795009e-11,1.303426e-16,2.263828e-20,2.245759e-12
7183,1795.750000,3,2.794920e-11,1.303440e-16,-3.540664e-20,1.834977e-12
7184,1796.000000,3,2.794809e-11,1.303454e-16,-3.285231e-20,5.993872e-12
7185,1796.250000,3,2.794720e-11,1.303468e-16,-9.883154e-21,2.837730e-12
7186,1796.500000,3,2.794609e-11,1.303482e-16,5.915996e-21,6.213252e-12
7187,1796.750000,3,2.794454e-11,1.570424e-16,-2.974211e-20,4.554579e-12
7188,1797.000000,3,2.794387e-11,1.738013e-16,-1.810864e-20,3.312461e-12
7189,1797.250000,3,2.794298e-11,1.303524e-16,-2.813407e-20,3.999467e-12
7190,1797.500000,3,2.794165e-11,1.738051e-16,1.134892e-21,2.710276e-12
7191,1797.750000,3,2.794032e-11,1.046786e-16,-2.755835e-20,3.363976e-12
7192,1798.000000,3,2.793943e-11,8.722876e-17,2.305187e-20,4.196643e-12
7193,1798.250000,3,2.793854e-11,1.046704e-16,8.473638e-21,5.236256e-12
7194,1798.500000,3,2.793699e-11,1.303594e-16,-3.020864e-21,3.688605e-12
7195,1798.750000,3,2.793632e-11,1.303608e-16,-9.380228e-21,8.313350e-13
7196,1799.000000,3,2.793521e-11,1.395443e-16,9.423242e-21,2.593481e-12
7197,1799.250000,3,2.793388e-11,1.303635e-16,1.545173e-21,4.158895e-12
7198,1799.500000,3,2.793299e-11,1.303649e-16,-1.378745e-20,3.191669e-12
7199,1799.750000,3,2.793232e-11,1.303663e-16,-1.717558e-20,3.309353e-12
7200,1800.000000,3,2.793077e-11,1.738236e-16,2.290629e-20,2.596146e-12
