step,time_s,picard_iterations,picard_final_delta,linear_normalized_inf_residual,moisture_balance_residual,energy_balance_residual
1,0.250000,4,7.056578e-13,1.118794e-16,-8.635766e-20,2.028134e-11
2,0.500000,4,2.327027e-13,1.120027e-16,-5.441525e-20,7.136795e-12
3,0.750000,4,3.259615e-13,1.138858e-16,-4.037303e-20,8.317926e-12
4,1.000000,4,2.824407e-13,1.121423e-16,-1.823768e-20,5.354608e-12
5,1.250000,4,2.957634e-13,1.402470e-16,3.302105e-21,1.225703e-11
6,1.500000,4,2.851053e-13,1.403109e-16,-1.480322e-20,9.922306e-13
7,1.750000,4,2.864375e-13,1.122951e-16,4.142521e-21,7.399111e-12
8,2.000000,4,2.802203e-13,1.123393e-16,-2.938146e-21,7.706813e-12
9,2.250000,4,2.753353e-13,1.123797e-16,7.140223e-21,1.461602e-11
10,2.500000,4,2.700062e-13,1.225767e-16,-5.604976e-21,9.839395e-12
11,2.750000,4,2.691181e-13,1.124559e-16,-3.067847e-20,2.548645e-12
12,3.000000,4,2.660094e-13,1.373543e-16,-4.890292e-21,-4.207110e-12
13,3.250000,4,2.642331e-13,1.156205e-16,-1.461794e-20,1.152595e-11
14,3.500000,4,2.620126e-13,1.125575e-16,1.204375e-21,1.002336e-11
15,3.750000,4,2.602363e-13,1.688839e-16,1.770167e-20,1.811246e-11
16,4.000000,4,2.580158e-13,1.126195e-16,-4.314574e-21,2.496194e-12
17,4.250000,4,2.557954e-13,1.408113e-16,-1.199081e-20,2.394285e-11
18,4.500000,4,2.531308e-13,1.126780e-16,-1.729138e-20,1.416228e-11
19,4.750000,4,2.513545e-13,1.127063e-16,2.660213e-21,1.546457e-11
20,5.000000,4,2.495781e-13,1.409166e-16,-1.858179e-20,3.028741e-11
21,5.250000,4,2.478018e-13,1.409497e-16,-7.497565e-21,7.175760e-12
22,5.500000,4,2.460254e-13,1.409824e-16,-1.921706e-20,2.043132e-11
23,5.750000,4,2.433609e-13,1.128117e-16,-5.492479e-21,2.646409e-11
24,6.000000,4,2.424727e-13,1.128366e-16,-1.991189e-20,1.405804e-11
25,6.250000,4,2.402523e-13,1.410760e-16,1.577599e-20,9.555252e-12
26,6.500000,4,2.384759e-13,1.411059e-16,-2.963954e-20,1.112715e-11
27,6.750000,4,2.362555e-13,1.129083e-16,-7.087283e-21,2.046783e-11
28,7.000000,4,2.353673e-13,1.129316e-16,-1.216948e-20,7.219465e-12
29,7.250000,4,2.335909e-13,1.129544e-16,-2.183757e-21,1.404798e-11
30,7.500000,4,2.318146e-13,1.129765e-16,-3.838118e-21,4.176430e-12
31,7.750000,4,2.304823e-13,1.412480e-16,1.062100e-20,1.031043e-11
32,8.000000,4,2.287059e-13,1.130201e-16,2.567569e-21,1.660497e-11
33,8.250000,4,2.282619e-13,1.130415e-16,6.418922e-22,1.594213e-11
34,8.500000,4,2.260414e-13,1.130627e-16,3.235931e-21,1.569986e-11
35,8.750000,4,2.242651e-13,1.130833e-16,7.696088e-21,1.388486e-11
36,9.000000,4,2.224887e-13,1.147355e-16,-1.035630e-20,-1.824790e-12
37,9.250000,4,2.216005e-13,1.131237e-16,8.073283e-21,5.607077e-12
38,9.500000,4,2.198242e-13,1.414295e-16,1.158715e-20,2.019114e-12
39,9.750000,4,2.189360e-13,1.131633e-16,2.476248e-20,3.475768e-12
40,10.000000,4,2.176037e-13,1.414786e-16,1.408192e-20,6.019643e-12
41,10.250000,4,2.167155e-13,1.132021e-16,4.724856e-21,1.572174e-11
42,10.500000,4,2.144951e-13,1.698313e-16,-1.833032e-21,1.540831e-11
43,10.750000,4,2.140510e-13,1.132395e-16,-6.207163e-21,1.470031e-11
44,11.000000,4,2.127187e-13,1.132580e-16,-2.865354e-21,1.726193e-11
45,11.250000,4,2.122746e-13,1.132764e-16,-3.685917e-21,1.932225e-11
46,11.500000,4,2.109424e-13,1.416182e-16,1.285770e-20,1.121360e-11
47,11.750000,4,2.091660e-13,1.416409e-16,1.104452e-20,9.370109e-12
48,12.000000,4,2.082778e-13,1.133304e-16,8.695323e-21,2.126628e-11
49,12.250000,4,2.073897e-13,1.416848e-16,1.156729e-20,2.031363e-11
50,12.500000,4,2.065015e-13,1.700478e-16,-2.420661e-20,2.493748e-11
51,12.750000,4,2.038369e-13,1.417280e-16,-1.183199e-20,1.347565e-11
52,13.000000,4,2.042810e-13,1.133995e-16,2.296253e-20,2.285672e-13
53,13.250000,4,2.038369e-13,1.060290e-16,-2.448455e-21,1.464994e-11
54,13.500000,4,2.016165e-13,1.417918e-16,7.563740e-21,1.515622e-11
55,13.750000,4,2.007283e-13,1.134501e-16,1.396943e-20,1.660340e-11
56,14.000000,4,1.998401e-13,1.418330e-16,9.979107e-21,3.112718e-12
57,14.250000,4,1.993961e-13,1.134827e-16,8.821054e-21,1.822009e-11
58,14.500000,4,1.980638e-13,1.418736e-16,-2.487498e-20,1.989813e-11
59,14.750000,4,1.971756e-13,1.418936e-16,-9.132074e-21,1.261598e-11
60,15.000000,4,1.962874e-13,1.419136e-16,-3.622389e-20,3.301978e-11
61,15.250000,4,1.953993e-13,1.216638e-16,1.750976e-20,1.403293e-11
62,15.500000,4,1.945111e-13,1.419532e-16,6.551270e-21,1.926395e-11
63,15.750000,4,1.931788e-13,1.419727e-16,1.164670e-21,1.517078e-12
64,16.000000,4,1.931788e-13,1.419919e-16,-1.574952e-20,1.779302e-11
65,16.250000,4,1.914024e-13,1.420110e-16,-5.902761e-21,1.737524e-11
66,16.500000,4,1.914024e-13,1.420300e-16,-5.432922e-21,7.504192e-12
67,16.750000,4,1.905143e-13,1.420488e-16,-6.723324e-21,1.161597e-11
68,17.000000,4,1.896261e-13,1.136541e-16,3.262400e-21,7.933584e-12
69,17.250000,4,1.896261e-13,1.136691e-16,1.934279e-20,8.908305e-12
70,17.500000,4,1.887379e-13,1.286050e-16,-1.222904e-20,1.399306e-11
71,17.750000,4,1.882938e-13,1.421235e-16,2.997041e-20,2.448942e-11
72,18.000000,4,1.865175e-13,1.421416e-16,7.702706e-21,5.990958e-12
73,18.250000,4,1.865175e-13,1.137277e-16,1.496866e-20,2.235893e-11
74,18.500000,4,1.842970e-13,1.421776e-16,-3.148580e-20,5.191625e-12
75,18.750000,4,1.847411e-13,1.137563e-16,1.568996e-20,2.187853e-11
76,19.000000,4,1.847411e-13,1.137706e-16,-1.082614e-20,2.760972e-12
77,19.250000,4,1.825207e-13,1.706771e-16,-1.048203e-20,1.948998e-11
78,19.500000,4,1.829648e-13,1.422486e-16,-1.257315e-22,1.607242e-11
79,19.750000,4,1.816325e-13,1.422661e-16,-4.665299e-21,1.848408e-11
80,20.000000,4,1.816325e-13,1.138269e-16,-2.247284e-20,1.815835e-11
81,20.250000,4,1.807443e-13,1.199019e-16,1.391649e-20,8.350015e-12
82,20.500000,4,1.794120e-13,1.138543e-16,3.891058e-21,1.715468e-11
83,20.750000,4,1.794120e-13,1.423348e-16,2.674771e-20,1.704259e-11
84,21.000000,4,1.789680e-13,1.138814e-16,-6.849055e-21,8.983578e-12
85,21.250000,4,1.780798e-13,1.138949e-16,1.430692e-20,1.152523e-11
86,21.500000,4,1.776357e-13,1.423854e-16,4.168990e-22,7.403841e-12
87,21.750000,4,1.763034e-13,1.424021e-16,1.498851e-20,1.923860e-11
88,22.000000,4,1.763034e-13,1.424188e-16,-1.068717e-20,1.025953e-11
89,22.250000,4,1.754152e-13,1.139483e-16,-8.635766e-21,1.358576e-11
90,22.500000,4,1.745271e-13,1.424518e-16,-2.788591e-20,4.990536e-12
91,22.750000,4,1.749711e-13,1.424680e-16,-1.320842e-20,1.544945e-11
92,23.000000,4,1.745271e-13,1.139873e-16,2.079863e-20,2.417394e-11
93,23.250000,4,1.736389e-13,1.425003e-16,-4.202078e-21,1.197975e-11
94,23.500000,4,1.731948e-13,1.494216e-16,9.641617e-21,2.098903e-11
95,23.750000,4,1.731948e-13,1.425323e-16,1.522674e-20,4.624884e-12
96,24.000000,4,1.723066e-13,1.140386e-16,-4.172961e-20,1.823881e-11
97,24.250000,4,1.718625e-13,1.425641e-16,-3.187623e-20,1.796560e-11
98,24.500000,4,1.714184e-13,1.425800e-16,-4.446923e-21,1.664392e-11
99,24.750000,4,1.700862e-13,1.140766e-16,1.373782e-20,1.731187e-11
100,25.000000,4,1.705303e-13,1.426114e-16,2.840207e-20,2.467383e-11
101,25.250000,4,1.691980e-13,1.141015e-16,-7.755645e-21,2.064250e-11
102,25.500000,4,1.691980e-13,1.711707e-16,-2.514629e-22,1.433886e-11
103,25.750000,4,1.687539e-13,1.250841e-16,2.787930e-20,5.206571e-12
104,26.000000,4,1.678657e-13,1.141383e-16,-6.849055e-21,2.482432e-11
105,26.250000,4,1.678657e-13,1.712257e-16,2.216844e-21,9.430248e-12
106,26.500000,4,1.669775e-13,1.141626e-16,-2.821017e-20,2.719606e-11
107,26.750000,4,1.660894e-13,1.427184e-16,-2.335296e-20,1.391745e-11
108,27.000000,4,1.660894e-13,1.250766e-16,4.435673e-20,3.017664e-11
109,27.250000,4,1.652012e-13,1.427486e-16,1.638479e-20,1.633374e-11
110,27.500000,4,1.647571e-13,1.142109e-16,-2.298900e-20,5.704728e-12
111,27.750000,4,1.647571e-13,1.427785e-16,-2.875280e-20,2.382047e-11
112,28.000000,4,1.643130e-13,1.142345e-16,-3.606507e-21,2.395953e-11
113,28.250000,4,1.638689e-13,1.428079e-16,-5.982170e-21,1.104047e-11
114,28.500000,4,1.634248e-13,1.713870e-16,-3.288870e-21,2.344969e-11
115,28.750000,4,1.629807e-13,1.142696e-16,-1.538556e-20,2.524379e-11
116,29.000000,4,1.629807e-13,1.714219e-16,-8.569591e-21,1.325487e-11
117,29.250000,4,1.625367e-13,1.714393e-16,3.003658e-20,1.221104e-11
118,29.500000,4,1.612044e-13,1.428806e-16,-4.215312e-21,1.856942e-11
119,29.750000,4,1.620926e-13,1.428950e-16,7.682854e-21,2.325710e-11
120,30.000000,4,1.620926e-13,1.143275e-16,-1.950823e-20,4.908879e-12
121,30.250000,4,1.607603e-13,1.143389e-16,-1.157391e-20,2.193415e-11
122,30.500000,4,1.598721e-13,1.429380e-16,-3.924145e-21,1.656333e-11
123,30.750000,4,1.603162e-13,1.143616e-16,-4.221930e-21,1.801621e-11
124,31.000000,4,1.594280e-13,1.429661e-16,-1.056806e-20,2.501996e-11
125,31.250000,4,1.589839e-13,1.429801e-16,8.099753e-21,8.711601e-12
126,31.500000,4,1.598721e-13,1.143952e-16,1.868766e-20,2.382929e-11
127,31.750000,4,1.580958e-13,1.144064e-16,-2.142729e-20,2.644135e-11
128,32.000000,4,1.572076e-13,1.430219e-16,-3.000350e-20,1.134851e-11
129,32.250000,4,1.576517e-13,1.716428e-16,4.341044e-21,1.412775e-11
130,32.500000,4,1.563194e-13,1.430495e-16,8.695323e-21,1.330067e-11
131,32.750000,4,1.563194e-13,1.144506e-16,-2.124200e-20,2.095851e-11
132,33.000000,4,1.567635e-13,1.430770e-16,1.535247e-20,1.959249e-11
133,33.250000,4,1.563194e-13,1.430908e-16,2.329341e-20,4.875433e-12
134,33.500000,4,1.549871e-13,1.431044e-16,7.299042e-21,3.859774e-11
135,33.750000,4,1.554312e-13,1.431179e-16,2.527202e-20,1.126721e-11
136,34.000000,4,1.545430e-13,1.431313e-16,1.324812e-20,2.558573e-11
137,34.250000,4,1.554312e-13,1.145158e-16,-2.105671e-20,1.501765e-11
138,34.500000,4,1.549871e-13,1.431581e-16,1.331430e-20,1.637337e-11
139,34.750000,4,1.536549e-13,1.431715e-16,2.285004e-20,1.228873e-11
140,35.000000,4,1.540990e-13,1.189474e-16,-2.647640e-20,7.471912e-12
141,35.250000,4,1.536549e-13,1.145585e-16,1.081290e-20,1.385761e-11
142,35.500000,4,1.536549e-13,1.145691e-16,1.709286e-20,2.234257e-11
143,35.750000,4,1.527667e-13,1.432245e-16,8.649000e-21,2.311981e-11
144,36.000000,4,1.523226e-13,1.432377e-16,-1.901192e-20,6.148637e-12
145,36.250000,4,1.518785e-13,1.432509e-16,2.077878e-21,3.010320e-11
146,36.500000,4,1.518785e-13,1.146112e-16,-6.180694e-21,-2.684519e-13
147,36.750000,4,1.514344e-13,1.146216e-16,-2.031556e-21,2.309206e-11
148,37.000000,4,1.514344e-13,1.319562e-16,1.426059e-20,2.135953e-11
149,37.250000,4,1.509903e-13,1.433028e-16,-6.412304e-21,2.595127e-11
150,37.500000,4,1.509903e-13,1.146526e-16,-1.349959e-20,2.056355e-11
151,37.750000,4,1.509903e-13,1.719942e-16,-1.025704e-20,8.025774e-12
152,38.000000,4,1.492140e-13,1.433413e-16,3.255783e-21,5.531575e-12
153,38.250000,4,1.505462e-13,1.146833e-16,-1.222904e-20,9.480111e-12
154,38.500000,4,1.501022e-13,1.146935e-16,0.000000e+00,4.269723e-12
155,38.750000,4,1.492140e-13,1.433796e-16,-1.782740e-20,2.109923e-12
156,39.000000,4,1.483258e-13,1.433923e-16,-4.724856e-20,1.813910e-11
157,39.250000,4,1.492140e-13,1.434049e-16,-2.484851e-20,1.542272e-11
158,39.500000,4,1.483258e-13,1.434176e-16,-2.316106e-22,1.371622e-11
159,39.750000,4,1.483258e-13,1.423515e-16,9.615147e-21,1.930389e-11
160,40.000000,4,1.483258e-13,1.147542e-16,2.370369e-20,1.395190e-11
161,40.250000,4,1.478817e-13,1.147641e-16,1.886634e-20,-4.477169e-12
162,40.500000,4,1.474376e-13,1.434675e-16,-1.705977e-20,1.446637e-11
163,40.750000,4,1.469935e-13,1.434799e-16,-4.916762e-21,8.080481e-12
164,41.000000,4,1.461054e-13,1.147938e-16,2.396839e-20,1.032671e-11
165,41.250000,4,1.465494e-13,1.148037e-16,2.121553e-20,1.443198e-11
166,41.500000,4,1.456613e-13,1.435169e-16,7.418156e-21,2.007430e-11
167,41.750000,4,1.469935e-13,1.722350e-16,2.386251e-20,2.736239e-11
168,42.000000,4,1.452172e-13,1.435414e-16,6.220398e-22,1.329453e-11
169,42.250000,4,1.452172e-13,1.435536e-16,2.988438e-20,1.654837e-11
170,42.500000,4,1.452172e-13,1.435658e-16,4.367514e-22,1.908032e-11
171,42.750000,4,1.447731e-13,1.435780e-16,2.331988e-20,2.027772e-11
172,43.000000,4,1.443290e-13,1.435901e-16,-2.110965e-20,3.962497e-12
173,43.250000,4,1.434408e-13,1.148818e-16,4.783751e-20,2.114059e-12
174,43.500000,4,1.434408e-13,1.148914e-16,-1.866781e-20,1.642694e-11
175,43.750000,4,1.443290e-13,1.436263e-16,-3.217402e-20,1.687581e-11
176,44.000000,4,1.443290e-13,1.436382e-16,3.575405e-20,6.488338e-12
177,44.250000,4,1.434408e-13,1.436501e-16,2.627126e-20,3.518852e-13
178,44.500000,4,1.438849e-13,1.149296e-16,-2.778665e-20,1.609810e-11
179,44.750000,4,1.425526e-13,1.149391e-16,-3.941350e-20,1.519307e-11
180,45.000000,4,1.421085e-13,1.149485e-16,-1.778769e-20,1.332315e-11
181,45.250000,4,1.429967e-13,1.149580e-16,1.304960e-20,1.641579e-11
182,45.500000,4,1.407763e-13,1.437093e-16,1.003205e-20,2.520711e-11
183,45.750000,4,1.412204e-13,1.437211e-16,3.720989e-20,2.072892e-11
184,46.000000,4,1.407763e-13,1.437328e-16,-1.522012e-21,1.254435e-11
185,46.250000,4,1.407763e-13,1.149957e-16,7.279189e-21,1.661757e-11
186,46.500000,4,1.412204e-13,1.437563e-16,-3.164462e-20,1.854514e-11
187,46.750000,4,1.403322e-13,1.150144e-16,1.148788e-20,1.300579e-11
188,47.000000,4,1.407763e-13,1.150237e-16,9.026195e-21,1.484762e-11
189,47.250000,4,1.394440e-13,1.437912e-16,2.812414e-20,8.726159e-12
190,47.500000,4,1.403322e-13,1.438027e-16,-1.343341e-21,4.549389e-12
191,47.750000,4,1.398881e-13,1.725770e-16,9.416624e-21,1.318703e-11
192,48.000000,4,1.403322e-13,1.150605e-16,-2.758813e-20,1.404793e-11
193,48.250000,4,1.394440e-13,1.438371e-16,5.624828e-21,1.230305e-11
194,48.500000,4,1.389999e-13,1.438485e-16,1.222242e-20,2.655340e-11
195,48.750000,4,1.389999e-13,1.438599e-16,3.467541e-21,7.879614e-12
196,49.000000,4,1.385558e-13,1.726456e-16,8.165927e-21,1.788922e-11
197,49.250000,4,1.385558e-13,1.151062e-16,2.859398e-20,1.570527e-11
198,49.500000,4,1.381117e-13,1.438941e-16,-2.570877e-20,1.911274e-11
199,49.750000,4,1.381117e-13,1.151243e-16,1.318195e-20,1.963871e-11
200,50.000000,4,1.376677e-13,1.439167e-16,-3.897675e-21,5.976108e-12
201,50.250000,4,1.376677e-13,1.439280e-16,1.915089e-20,1.955980e-11
202,50.500000,4,1.381117e-13,1.151514e-16,-1.985233e-23,2.282899e-11
203,50.750000,4,1.372236e-13,1.257748e-16,1.322827e-20,2.516101e-11
204,51.000000,4,1.376677e-13,1.151694e-16,-9.992342e-22,9.998335e-12
205,51.250000,4,1.376677e-13,1.151783e-16,2.437205e-20,7.068901e-12
206,51.500000,4,1.372236e-13,1.439839e-16,2.300224e-20,1.809572e-11
207,51.750000,4,1.358913e-13,1.439950e-16,-1.363194e-21,1.239808e-11
208,52.000000,4,1.367795e-13,1.440061e-16,-1.971999e-20,1.961378e-11
209,52.250000,4,1.363354e-13,1.440171e-16,1.670905e-20,8.857137e-12
210,52.500000,4,1.354472e-13,1.440281e-16,1.328783e-20,2.585035e-11
211,52.750000,4,1.350031e-13,1.152313e-16,-1.835017e-20,1.405009e-11
212,53.000000,4,1.354472e-13,1.440501e-16,6.035110e-21,2.206710e-11
213,53.250000,4,1.350031e-13,1.440611e-16,1.477014e-20,8.327006e-12
214,53.500000,4,1.350031e-13,1.440721e-16,3.672682e-21,1.528883e-11
215,53.750000,4,1.345590e-13,1.440830e-16,4.869116e-20,1.607683e-11
216,54.000000,4,1.341149e-13,1.152752e-16,-8.582826e-21,1.024950e-11
217,54.250000,4,1.345590e-13,1.441049e-16,-1.535247e-21,6.974255e-12
218,54.500000,4,1.345590e-13,1.729389e-16,2.838884e-21,1.365752e-11
219,54.750000,4,1.336709e-13,1.231403e-16,5.915996e-21,1.742739e-11
220,55.000000,4,1.336709e-13,1.153099e-16,2.128170e-20,5.920819e-12
221,55.250000,4,1.332268e-13,1.153185e-16,3.296811e-20,2.015244e-11
222,55.500000,4,1.327827e-13,1.153271e-16,6.564505e-21,1.824363e-11
223,55.750000,4,1.336709e-13,1.297526e-16,-3.501290e-20,2.658052e-11
224,56.000000,4,1.336709e-13,1.153442e-16,9.727644e-22,1.129688e-11
225,56.250000,4,1.323386e-13,1.153527e-16,1.763549e-20,2.354783e-12
226,56.500000,4,1.332268e-13,1.730419e-16,-1.088570e-20,1.554387e-11
227,56.750000,4,1.323386e-13,1.442122e-16,-9.264423e-23,1.767042e-11
228,57.000000,4,1.332268e-13,1.442229e-16,-1.781416e-20,3.240269e-12
229,57.250000,4,1.327827e-13,1.442335e-16,-9.396772e-21,6.276368e-12
230,57.500000,4,1.323386e-13,1.442441e-16,5.413070e-21,2.127751e-11
231,57.750000,4,1.323386e-13,1.154037e-16,1.588187e-20,2.260617e-11
232,58.000000,4,1.323386e-13,1.442652e-16,-3.745474e-20,1.922015e-11
233,58.250000,4,1.318945e-13,1.154206e-16,1.541203e-20,1.204759e-11
234,58.500000,4,1.310063e-13,1.442863e-16,1.189817e-20,1.830416e-11
235,58.750000,4,1.305622e-13,1.442969e-16,1.933617e-20,9.330703e-12
236,59.000000,4,1.305622e-13,1.443073e-16,2.689991e-20,7.804868e-12
237,59.250000,4,1.314504e-13,1.154542e-16,2.222800e-20,2.091313e-11
238,59.500000,4,1.318945e-13,1.443281e-16,-7.146840e-21,7.710083e-12
239,59.750000,4,1.314504e-13,1.732061e-16,3.372250e-20,1.868708e-11
240,60.000000,4,1.305622e-13,1.732186e-16,-8.754880e-21,2.178299e-11
241,60.250000,4,1.305622e-13,1.443592e-16,2.811752e-20,2.190309e-11
242,60.500000,4,1.305622e-13,1.443695e-16,-6.088049e-22,1.023001e-11
243,60.750000,4,1.301181e-13,1.443798e-16,1.592157e-20,1.315176e-11
244,61.000000,4,1.296740e-13,1.155121e-16,6.749794e-22,1.117148e-11
245,61.250000,4,1.287859e-13,1.444004e-16,1.771490e-20,1.604816e-11
246,61.500000,4,1.292300e-13,1.155286e-16,-3.619742e-21,1.523254e-11
247,61.750000,4,1.296740e-13,1.444210e-16,2.944763e-21,8.132911e-12
248,62.000000,4,1.292300e-13,1.444312e-16,3.012261e-20,1.895636e-11
249,62.250000,4,1.292300e-13,1.155532e-16,2.527864e-20,1.549252e-11
250,62.500000,4,1.287859e-13,1.291409e-16,-1.182537e-20,1.424455e-11
251,62.750000,4,1.292300e-13,1.155695e-16,3.685917e-21,1.151915e-11
252,63.000000,4,1.278977e-13,1.444721e-16,-3.110199e-22,2.678480e-11
253,63.250000,4,1.278977e-13,1.733786e-16,-2.391545e-20,7.247702e-12
254,63.500000,4,1.292300e-13,1.444922e-16,-1.553114e-20,2.410294e-13
255,63.750000,4,1.287859e-13,1.734028e-16,-1.132245e-20,1.336334e-11
256,64.000000,4,1.283418e-13,1.156099e-16,-1.715242e-20,2.085099e-11
257,64.250000,4,1.274536e-13,1.445224e-16,3.906939e-20,1.111269e-11
258,64.500000,4,1.283418e-13,1.156259e-16,-1.655023e-20,9.831497e-12
259,64.750000,4,1.270095e-13,1.445424e-16,-8.516652e-21,1.103312e-11
260,65.000000,4,1.270095e-13,1.445525e-16,-1.250697e-21,1.317613e-11
261,65.250000,4,1.274536e-13,1.445624e-16,-4.453540e-21,1.728506e-11
262,65.500000,4,1.265654e-13,1.445724e-16,1.765534e-20,9.801271e-12
263,65.750000,4,1.261213e-13,1.445824e-16,3.348427e-21,1.212794e-11
264,66.000000,4,1.265654e-13,1.156739e-16,1.058791e-22,1.705142e-11
265,66.250000,4,1.270095e-13,1.156818e-16,2.484851e-20,1.160017e-12
266,66.500000,4,1.270095e-13,1.446122e-16,-1.089231e-20,7.713608e-12
267,66.750000,4,1.261213e-13,1.446221e-16,2.034864e-20,2.297246e-11
268,67.000000,4,1.265654e-13,1.157056e-16,1.720536e-22,1.393102e-11
269,67.250000,4,1.261213e-13,1.157135e-16,-1.345988e-20,1.916828e-11
270,67.500000,4,1.265654e-13,1.446518e-16,9.721027e-21,4.141648e-11
271,67.750000,4,1.256772e-13,1.157293e-16,5.857762e-20,1.267075e-11
272,68.000000,4,1.252332e-13,1.446713e-16,-3.507246e-22,1.381723e-11
273,68.250000,4,1.252332e-13,1.157449e-16,2.437205e-20,1.093603e-11
274,68.500000,4,1.252332e-13,1.446909e-16,3.643565e-20,6.698198e-12
275,68.750000,4,1.247891e-13,1.447006e-16,1.117686e-20,2.406358e-11
276,69.000000,4,1.256772e-13,1.447103e-16,9.039430e-21,2.532097e-11
277,69.250000,4,1.252332e-13,1.447200e-16,1.357238e-20,1.581529e-11
278,69.500000,4,1.247891e-13,1.447298e-16,4.644785e-20,2.246398e-11
279,69.750000,4,1.247891e-13,1.447394e-16,1.627891e-20,2.233996e-11
280,70.000000,4,1.243450e-13,1.157993e-16,2.496762e-20,7.746359e-12
281,70.250000,4,1.243450e-13,1.447588e-16,-1.970013e-20,1.524803e-11
282,70.500000,4,1.243450e-13,1.169330e-16,2.392206e-20,1.219830e-11
283,70.750000,4,1.239009e-13,1.447781e-16,9.416624e-21,-2.858824e-13
284,71.000000,4,1.239009e-13,1.158302e-16,-2.099054e-20,5.524969e-12
285,71.250000,4,1.239009e-13,1.447974e-16,2.011042e-20,1.440709e-11
286,71.500000,4,1.234568e-13,1.448070e-16,-3.967820e-20,1.534384e-11
287,71.750000,4,1.230127e-13,1.448166e-16,-5.585123e-21,2.927875e-11
288,72.000000,4,1.234568e-13,1.158609e-16,3.099611e-20,1.311334e-11
289,72.250000,4,1.234568e-13,1.448357e-16,2.865354e-21,1.445638e-11
290,72.500000,4,1.234568e-13,1.448452e-16,-2.526540e-20,1.187517e-11
291,72.750000,4,1.230127e-13,1.448547e-16,2.449116e-20,4.192258e-12
292,73.000000,4,1.225686e-13,1.448641e-16,-1.680831e-20,1.034395e-12
293,73.250000,4,1.225686e-13,1.448736e-16,1.147465e-20,1.202866e-11
294,73.500000,4,1.230127e-13,1.159064e-16,1.464441e-20,1.623079e-11
295,73.750000,4,1.230127e-13,1.159140e-16,-1.164670e-21,9.285017e-12
296,74.000000,4,1.212364e-13,1.449019e-16,2.867339e-20,1.371375e-11
297,74.250000,4,1.216804e-13,1.168962e-16,9.780584e-21,9.559631e-12
298,74.500000,4,1.216804e-13,1.449208e-16,-1.404884e-20,8.388568e-12
299,74.750000,4,1.225686e-13,1.449302e-16,2.327355e-20,2.134937e-11
300,75.000000,4,1.216804e-13,1.159516e-16,-1.040262e-20,7.476686e-12
301,75.250000,4,1.212364e-13,1.449489e-16,3.079097e-20,2.585887e-11
302,75.500000,4,1.216804e-13,1.159666e-16,9.416624e-21,2.005657e-11
303,75.750000,4,1.212364e-13,1.449677e-16,-5.108667e-21,2.350942e-11
304,76.000000,4,1.212364e-13,1.449770e-16,-1.884648e-20,2.660516e-11
305,76.250000,4,1.216804e-13,1.159891e-16,-1.029674e-20,1.319306e-11
306,76.500000,4,1.207923e-13,1.159965e-16,3.963849e-21,5.372924e-12
307,76.750000,4,1.216804e-13,1.450050e-16,3.024172e-20,1.412170e-11
308,77.000000,4,1.207923e-13,1.160114e-16,1.697375e-20,1.833139e-11
309,77.250000,4,1.207923e-13,1.450235e-16,3.926130e-20,1.783884e-11
310,77.500000,4,1.207923e-13,1.450327e-16,-1.514733e-20,1.352440e-11
311,77.750000,4,1.216804e-13,1.450419e-16,1.237462e-21,2.057471e-11
312,78.000000,4,1.212364e-13,1.160409e-16,1.147465e-20,2.099099e-11
313,78.250000,4,1.212364e-13,1.450603e-16,-1.958102e-20,4.111711e-12
314,78.500000,4,1.194600e-13,1.450694e-16,-3.910910e-21,7.775836e-12
315,78.750000,4,1.203482e-13,1.450786e-16,1.581569e-21,1.197098e-11
316,79.000000,4,1.199041e-13,1.450878e-16,-2.793885e-20,1.962186e-11
317,79.250000,4,1.199041e-13,1.741163e-16,-1.132245e-20,8.657242e-12
318,79.500000,4,1.190159e-13,1.160849e-16,-7.093901e-21,9.434231e-12
319,79.750000,4,1.194600e-13,1.203019e-16,1.741050e-20,1.860428e-11
320,80.000000,4,1.194600e-13,1.451243e-16,1.273196e-20,5.130507e-12
321,80.250000,4,1.199041e-13,1.161068e-16,3.977084e-20,7.388812e-12
322,80.500000,4,1.185718e-13,1.451426e-16,2.770724e-20,1.594302e-11
323,80.750000,4,1.185718e-13,1.161213e-16,5.121902e-21,1.928518e-11
324,81.000000,4,1.190159e-13,1.451607e-16,2.941454e-20,2.168254e-11
325,81.250000,4,1.194600e-13,1.451698e-16,6.630680e-21,8.572809e-12
326,81.500000,4,1.181277e-13,1.451789e-16,1.707301e-21,1.727213e-11
327,81.750000,4,1.185718e-13,1.451879e-16,1.988542e-20,1.052414e-11
328,82.000000,4,1.190159e-13,1.161575e-16,2.650287e-20,2.489625e-11
329,82.250000,4,1.181277e-13,1.452059e-16,1.197758e-20,2.047035e-11
330,82.500000,4,1.190159e-13,1.161719e-16,6.207163e-21,2.582307e-11
331,82.750000,4,1.181277e-13,1.452238e-16,1.688110e-20,9.111156e-12
332,83.000000,4,1.176836e-13,1.452327e-16,3.889734e-20,1.787814e-11
333,83.250000,4,1.190159e-13,1.161933e-16,-1.307607e-20,1.515665e-11
334,83.500000,4,1.181277e-13,1.358343e-16,-2.715138e-20,1.017642e-11
335,83.750000,4,1.181277e-13,1.452595e-16,-4.090904e-20,1.340539e-11
336,84.000000,4,1.172396e-13,1.162147e-16,-9.760731e-21,1.712164e-11
337,84.250000,4,1.185718e-13,1.162219e-16,-6.657150e-21,4.290901e-12
338,84.500000,4,1.176836e-13,1.392822e-16,-2.306841e-20,1.696876e-11
339,84.750000,4,1.176836e-13,1.162361e-16,-1.029013e-20,2.446865e-11
340,85.000000,4,1.172396e-13,1.453040e-16,6.729941e-21,3.220646e-12
341,85.250000,4,1.172396e-13,1.453129e-16,1.025704e-20,5.597689e-12
342,85.500000,4,1.172396e-13,1.162574e-16,2.752857e-21,1.624345e-11
343,85.750000,4,1.163514e-13,1.453306e-16,-9.006343e-21,1.905814e-11
344,86.000000,4,1.167955e-13,1.162715e-16,3.864588e-20,1.687783e-11
345,86.250000,4,1.159073e-13,1.162786e-16,-4.000245e-20,1.879208e-11
346,86.500000,4,1.167955e-13,1.453571e-16,-9.132074e-21,8.764989e-12
347,86.750000,4,1.176836e-13,1.453659e-16,-6.379217e-21,2.522860e-11
348,87.000000,4,1.163514e-13,1.162997e-16,-3.455630e-20,1.259998e-11
349,87.250000,4,1.167955e-13,1.453834e-16,3.758709e-21,7.290668e-12
350,87.500000,4,1.159073e-13,1.453921e-16,2.821017e-20,1.889394e-11
351,87.750000,4,1.167955e-13,1.454008e-16,-4.129286e-21,3.733347e-12
352,88.000000,4,1.154632e-13,1.454095e-16,2.551687e-20,2.014777e-11
353,88.250000,4,1.154632e-13,1.163346e-16,5.796882e-21,2.296735e-11
354,88.500000,4,1.167955e-13,1.745123e-16,-8.033578e-21,1.908512e-11
355,88.750000,4,1.163514e-13,1.454356e-16,2.430588e-20,1.161515e-11
356,89.000000,4,1.154632e-13,1.454443e-16,-1.503483e-20,1.655437e-11
357,89.250000,4,1.154632e-13,1.454530e-16,-2.249270e-20,1.095302e-11
358,89.500000,4,1.163514e-13,1.454617e-16,5.078227e-20,5.818734e-12
359,89.750000,4,1.154632e-13,1.163763e-16,1.269226e-20,1.503270e-11
360,90.000000,4,1.150191e-13,1.745748e-16,1.303637e-21,3.802203e-11
361,90.250000,4,1.150191e-13,1.454876e-16,1.938911e-20,2.118306e-11
362,90.500000,4,1.154632e-13,1.454963e-16,-1.788034e-20,1.359196e-11
363,90.750000,4,1.141309e-13,1.455049e-16,1.097172e-20,2.205580e-11
364,91.000000,4,1.154632e-13,1.164108e-16,1.289078e-20,1.303274e-11
365,91.250000,4,1.150191e-13,1.455221e-16,5.578506e-21,2.732919e-11
366,91.500000,4,1.154632e-13,1.331383e-16,1.068717e-20,2.837219e-11
367,91.750000,4,1.154632e-13,1.164315e-16,-3.427836e-21,1.890599e-11
368,92.000000,4,1.145750e-13,1.455479e-16,-2.277063e-20,1.051809e-11
369,92.250000,4,1.154632e-13,1.455564e-16,-1.365179e-20,1.089684e-11
370,92.500000,4,1.154632e-13,1.455649e-16,-2.627126e-21,2.529271e-11
371,92.750000,4,1.150191e-13,1.164587e-16,9.694557e-21,-8.619216e-13
372,93.000000,4,1.150191e-13,1.164654e-16,2.984468e-21,1.272193e-11
373,93.250000,4,1.141309e-13,1.164722e-16,-1.620612e-20,2.038242e-11
374,93.500000,4,1.145750e-13,1.455987e-16,2.092436e-20,7.986833e-12
375,93.750000,4,1.141309e-13,1.164857e-16,-1.637818e-20,1.474160e-11
376,94.000000,4,1.145750e-13,1.164924e-16,-2.084495e-21,2.669009e-11
377,94.250000,4,1.145750e-13,1.456240e-16,3.454306e-21,1.449274e-11
378,94.500000,4,1.136868e-13,1.456324e-16,-3.275635e-21,1.323253e-11
379,94.750000,4,1.127987e-13,1.456408e-16,3.838118e-21,2.170009e-11
380,95.000000,4,1.132427e-13,1.456492e-16,-7.358599e-21,7.226608e-12
381,95.250000,4,1.136868e-13,1.165261e-16,2.828296e-20,1.504036e-11
382,95.500000,4,1.127987e-13,1.456660e-16,3.136007e-20,1.681422e-11
383,95.750000,4,1.127987e-13,1.456744e-16,7.616679e-20,1.775302e-11
384,96.000000,4,1.132427e-13,1.417211e-16,1.559732e-20,1.097272e-11
385,96.250000,4,1.127987e-13,1.165529e-16,-1.232168e-20,2.927714e-12
386,96.500000,4,1.127987e-13,1.165596e-16,-6.370614e-20,2.051020e-11
387,96.750000,4,1.136868e-13,1.457079e-16,1.060776e-20,2.690476e-11
388,97.000000,4,1.123546e-13,1.165730e-16,2.388898e-21,1.731054e-11
389,97.250000,4,1.136868e-13,1.457245e-16,-6.227016e-21,7.712775e-12
390,97.500000,4,1.127987e-13,1.165863e-16,-1.577599e-20,2.655332e-11
391,97.750000,4,1.123546e-13,1.165929e-16,2.889176e-20,3.076539e-11
392,98.000000,4,1.132427e-13,1.165995e-16,-1.619951e-20,1.204153e-11
393,98.250000,4,1.123546e-13,1.457576e-16,-1.682154e-20,1.062983e-11
394,98.500000,4,1.119105e-13,1.166127e-16,-2.461028e-20,2.040917e-11
395,98.750000,4,1.119105e-13,1.457741e-16,3.434454e-20,3.190515e-11
396,99.000000,4,1.119105e-13,1.457823e-16,2.983806e-20,2.231332e-11
397,99.250000,4,1.123546e-13,1.457906e-16,3.031452e-20,1.948669e-11
398,99.500000,4,1.127987e-13,1.174836e-16,-9.992342e-22,1.783790e-11
399,99.750000,4,1.119105e-13,1.166456e-16,3.262400e-21,1.106815e-11
400,100.000000,4,1.123546e-13,1.166522e-16,8.953403e-21,1.015726e-11
401,100.250000,4,1.119105e-13,1.458234e-16,-2.947410e-20,2.013861e-11
402,100.500000,4,1.119105e-13,1.166653e-16,-2.072584e-20,1.379907e-11
403,100.750000,4,1.110223e-13,1.166719e-16,3.013584e-20,1.667388e-12
404,101.000000,4,1.110223e-13,1.166784e-16,5.333661e-21,2.117156e-11
405,101.250000,4,1.119105e-13,1.166849e-16,1.555761e-20,9.948098e-12
406,101.500000,4,1.114664e-13,1.166915e-16,7.325512e-21,2.333705e-11
407,101.750000,4,1.114664e-13,1.458725e-16,9.006343e-21,1.073125e-11
408,102.000000,4,1.114664e-13,1.458807e-16,-4.321192e-20,1.736711e-11
409,102.250000,4,1.105782e-13,1.458888e-16,2.474924e-20,1.080835e-11
410,102.500000,4,1.110223e-13,1.167176e-16,1.634509e-21,2.368533e-11
411,102.750000,4,1.110223e-13,1.459051e-16,1.580246e-20,1.582068e-11
412,103.000000,4,1.105782e-13,1.459132e-16,-7.570357e-21,1.094480e-11
413,103.250000,4,1.114664e-13,1.167370e-16,-9.065900e-22,1.079770e-11
414,103.500000,4,1.105782e-13,1.167435e-16,-1.113716e-20,3.268330e-12
415,103.750000,4,1.110223e-13,1.243403e-16,3.487393e-21,1.090206e-11
416,104.000000,4,1.105782e-13,1.459455e-16,5.260869e-21,1.545492e-11
417,104.250000,4,1.101341e-13,1.167628e-16,-5.333661e-21,2.963368e-11
418,104.500000,4,1.110223e-13,1.459616e-16,3.382176e-20,4.689082e-12
419,104.750000,4,1.101341e-13,1.459696e-16,-1.097834e-20,1.050016e-11
420,105.000000,4,1.105782e-13,1.459776e-16,5.697620e-21,1.505124e-11
421,105.250000,4,1.105782e-13,1.459856e-16,9.800436e-21,1.487549e-11
422,105.500000,4,1.110223e-13,1.167949e-16,1.928985e-20,2.297329e-12
423,105.750000,4,1.096900e-13,1.234511e-16,8.026961e-21,8.075707e-12
424,106.000000,4,1.096900e-13,1.168077e-16,-2.916970e-20,1.112099e-11
425,106.250000,4,1.101341e-13,1.460177e-16,2.573524e-20,2.223866e-11
426,106.500000,4,1.096900e-13,1.168205e-16,1.164670e-20,1.105127e-11
427,106.750000,4,1.096900e-13,1.460336e-16,-4.347661e-21,2.360229e-11
428,107.000000,4,1.096900e-13,1.460416e-16,5.135137e-21,2.269862e-11
429,107.250000,4,1.096900e-13,1.460496e-16,-1.718550e-20,1.597816e-11
430,107.500000,4,1.105782e-13,1.168461e-16,2.513967e-20,1.847456e-11
431,107.750000,4,1.092459e-13,1.460655e-16,1.971999e-21,2.158351e-11
432,108.000000,4,1.092459e-13,1.460735e-16,1.432015e-20,9.513779e-12
433,108.250000,4,1.088019e-13,1.168651e-16,1.180552e-20,1.309092e-11
434,108.500000,4,1.092459e-13,1.460894e-16,1.117686e-20,1.727679e-11
435,108.750000,4,1.092459e-13,1.168778e-16,3.249165e-21,2.379341e-11
436,109.000000,4,1.092459e-13,1.168841e-16,-9.449711e-21,1.325129e-11
437,109.250000,4,1.083578e-13,1.753357e-16,1.402898e-20,1.350386e-11
438,109.500000,4,1.092459e-13,1.168967e-16,-3.750768e-20,1.770389e-11
439,109.750000,4,1.092459e-13,1.461288e-16,1.443926e-20,1.376549e-11
440,110.000000,4,1.092459e-13,1.169093e-16,-4.175608e-21,1.502642e-11
441,110.250000,4,1.088019e-13,1.461445e-16,1.143494e-20,1.688027e-11
442,110.500000,4,1.092459e-13,1.169219e-16,-1.124304e-20,1.173212e-11
443,110.750000,4,1.083578e-13,1.169282e-16,8.040196e-21,4.269973e-12
444,111.000000,4,1.092459e-13,1.169344e-16,1.072026e-21,1.695621e-11
445,111.250000,4,1.079137e-13,1.233793e-16,8.735027e-21,-9.863776e-13
446,111.500000,4,1.074696e-13,1.461837e-16,-1.302313e-20,8.090750e-12
447,111.750000,4,1.092459e-13,1.169532e-16,6.626048e-20,8.646417e-12
448,112.000000,4,1.083578e-13,1.461993e-16,4.797648e-21,1.240608e-11
449,112.250000,4,1.074696e-13,1.462071e-16,1.341356e-20,2.404388e-11
450,112.500000,4,1.083578e-13,1.754579e-16,4.297369e-20,2.355993e-11
451,112.750000,4,1.083578e-13,1.169782e-16,-4.077008e-20,1.940764e-11
452,113.000000,4,1.074696e-13,1.169844e-16,-1.585540e-20,7.145007e-12
453,113.250000,4,1.083578e-13,1.169906e-16,2.155964e-20,9.718115e-12
454,113.500000,4,1.074696e-13,1.462461e-16,1.433339e-20,2.002926e-11
455,113.750000,4,1.079137e-13,1.462539e-16,2.288312e-20,1.176564e-11
456,114.000000,4,1.074696e-13,1.173050e-16,7.749028e-21,2.031886e-11
457,114.250000,4,1.079137e-13,1.755233e-16,-1.733109e-20,8.771595e-12
458,114.500000,4,1.074696e-13,1.462772e-16,-1.249374e-20,9.692802e-13
459,114.750000,4,1.070255e-13,1.462849e-16,-1.284446e-20,3.191764e-11
460,115.000000,4,1.074696e-13,1.462926e-16,-1.470396e-20,2.370459e-11
461,115.250000,4,1.083578e-13,1.170402e-16,1.356576e-21,2.053607e-11
462,115.500000,4,1.065814e-13,1.463080e-16,7.808585e-21,1.697759e-11
463,115.750000,4,1.074696e-13,1.463156e-16,-1.639141e-20,2.129180e-11
464,116.000000,4,1.070255e-13,1.463233e-16,1.015778e-20,1.520745e-11
465,116.250000,4,1.074696e-13,1.463310e-16,2.328017e-20,1.325945e-11
466,116.500000,4,1.065814e-13,1.170709e-16,-5.016023e-21,1.818823e-11
467,116.750000,4,1.070255e-13,1.463463e-16,4.327809e-21,1.443917e-11
468,117.000000,4,1.065814e-13,1.170832e-16,-4.830735e-21,9.295620e-12
469,117.250000,4,1.074696e-13,1.463616e-16,2.183757e-21,1.981015e-11
470,117.500000,4,1.074696e-13,1.170954e-16,4.761252e-20,1.557504e-11
471,117.750000,4,1.070255e-13,1.171015e-16,7.881377e-21,1.216244e-11
472,118.000000,4,1.061373e-13,1.463846e-16,-1.772813e-20,1.690115e-11
473,118.250000,4,1.070255e-13,1.463922e-16,-2.473601e-20,5.951961e-12
474,118.500000,4,1.074696e-13,1.463998e-16,-3.278282e-20,1.863965e-11
475,118.750000,4,1.061373e-13,1.172440e-16,3.824883e-21,1.984435e-11
476,119.000000,4,1.065814e-13,1.206890e-16,2.468307e-21,9.074685e-12
477,119.250000,4,1.061373e-13,1.258579e-16,8.099753e-21,1.413425e-11
478,119.500000,4,1.070255e-13,1.464303e-16,2.619846e-20,1.124156e-11
479,119.750000,4,1.061373e-13,1.171503e-16,4.264281e-20,2.747713e-11
480,120.000000,4,1.052491e-13,1.464455e-16,-8.907081e-21,1.147421e-11
481,120.250000,4,1.061373e-13,1.464531e-16,4.790368e-20,1.027156e-11
482,120.500000,4,1.061373e-13,1.464606e-16,4.253694e-20,1.565770e-11
483,120.750000,4,1.065814e-13,1.464682e-16,1.542526e-20,1.199763e-11
484,121.000000,4,1.061373e-13,1.171806e-16,3.732239e-21,2.007411e-11
485,121.250000,4,1.056932e-13,1.464833e-16,2.484851e-20,2.625122e-11
486,121.500000,4,1.056932e-13,1.171926e-16,-2.749548e-20,1.109524e-11
487,121.750000,4,1.043610e-13,1.464983e-16,3.049319e-20,9.700851e-12
488,122.000000,4,1.061373e-13,1.327143e-16,1.302975e-20,1.757861e-11
489,122.250000,4,1.056932e-13,1.465133e-16,1.983248e-20,2.249884e-11
490,122.500000,4,1.052491e-13,1.172166e-16,3.069833e-20,1.482831e-11
491,122.750000,4,1.056932e-13,1.465282e-16,1.296357e-20,1.075096e-11
492,123.000000,4,1.052491e-13,1.465357e-16,-3.332545e-20,7.670309e-12
493,123.250000,4,1.056932e-13,1.172345e-16,7.213015e-21,1.935446e-11
494,123.500000,4,1.043610e-13,1.465506e-16,7.504183e-21,1.898720e-11
495,123.750000,4,1.048051e-13,1.172464e-16,1.841635e-20,1.495704e-11
496,124.000000,4,1.048051e-13,1.465655e-16,9.462946e-22,1.554656e-11
497,124.250000,4,1.052491e-13,1.465729e-16,-1.694066e-21,2.954492e-11
498,124.500000,4,1.052491e-13,1.172643e-16,1.096511e-20,1.260131e-11
499,124.750000,4,1.048051e-13,1.172702e-16,-9.403389e-21,1.711209e-11
500,125.000000,4,1.048051e-13,1.759142e-16,1.975307e-20,1.366846e-11
501,125.250000,4,1.052491e-13,1.466026e-16,5.691003e-22,1.720796e-11
502,125.500000,4,1.052491e-13,1.610928e-16,2.308165e-20,1.693534e-11
503,125.750000,4,1.048051e-13,1.466174e-16,5.340278e-20,4.774237e-12
504,126.000000,4,1.034728e-13,1.466248e-16,1.385693e-20,1.283484e-11
505,126.250000,4,1.043610e-13,1.319690e-16,1.719874e-20,2.803974e-11
506,126.500000,4,1.052491e-13,1.197301e-16,1.839650e-21,2.411188e-11
507,126.750000,4,1.048051e-13,1.466470e-16,1.911118e-20,7.587264e-12
508,127.000000,4,1.052491e-13,1.319889e-16,1.658993e-20,2.014650e-11
509,127.250000,4,1.043610e-13,1.173293e-16,1.093864e-20,6.760315e-12
510,127.500000,4,1.034728e-13,1.257463e-16,-2.550363e-20,7.147616e-13
511,127.750000,4,1.039169e-13,1.760116e-16,3.176374e-21,2.020428e-11
512,128.000000,4,1.048051e-13,1.173469e-16,3.464894e-20,1.085526e-11
513,128.250000,4,1.043610e-13,1.466910e-16,-7.252720e-21,1.003964e-11
514,128.500000,4,1.048051e-13,1.760379e-16,4.789707e-20,2.644607e-11
515,128.750000,4,1.030287e-13,1.467056e-16,2.169860e-20,1.212958e-11
516,129.000000,4,1.039169e-13,1.467129e-16,3.719004e-21,2.069439e-11
517,129.250000,4,1.039169e-13,1.467202e-16,-7.563740e-21,1.475875e-12
518,129.500000,4,1.034728e-13,1.467275e-16,-2.547716e-21,2.069223e-11
519,129.750000,4,1.039169e-13,1.467347e-16,2.697271e-20,2.856027e-11
520,130.000000,4,1.034728e-13,1.467420e-16,-1.159376e-20,2.671940e-11
521,130.250000,4,1.039169e-13,1.760992e-16,1.509439e-20,3.435408e-11
522,130.500000,4,1.034728e-13,1.467566e-16,-4.016789e-21,2.134493e-11
523,130.750000,4,1.034728e-13,1.174111e-16,-9.826906e-21,2.207223e-11
524,131.000000,4,1.034728e-13,1.467711e-16,8.735027e-21,1.776057e-11
525,131.250000,4,1.039169e-13,1.174227e-16,2.842854e-20,2.208589e-11
526,131.500000,4,1.043610e-13,1.174285e-16,9.998959e-21,-2.780109e-12
527,131.750000,4,1.030287e-13,1.467929e-16,2.371031e-20,9.764300e-12
528,132.000000,4,1.039169e-13,1.468001e-16,1.912442e-21,1.442602e-11
529,132.250000,4,1.034728e-13,1.592560e-16,-6.193928e-21,2.548062e-11
530,132.500000,4,1.039169e-13,1.174517e-16,-1.659655e-20,1.010114e-11
531,132.750000,4,1.025846e-13,1.468218e-16,5.664533e-21,1.015477e-11
532,133.000000,4,1.034728e-13,1.468291e-16,1.682154e-20,1.627576e-11
533,133.250000,4,1.030287e-13,1.468363e-16,3.257768e-20,1.912037e-11
534,133.500000,4,1.025846e-13,1.174748e-16,-6.776264e-21,1.874989e-11
535,133.750000,4,1.025846e-13,1.265239e-16,-4.043921e-20,1.952272e-11
536,134.000000,4,1.034728e-13,1.174863e-16,5.194694e-21,6.949219e-12
537,134.250000,4,1.025846e-13,1.468650e-16,4.989553e-21,1.346412e-11
538,134.500000,4,1.021405e-13,1.468722e-16,4.005539e-20,1.426004e-11
539,134.750000,4,1.034728e-13,1.175035e-16,3.672020e-20,1.453282e-13
540,135.000000,4,1.025846e-13,1.468865e-16,-1.359223e-20,-9.023893e-13
541,135.250000,4,1.030287e-13,1.468937e-16,-4.255017e-21,1.912426e-11
542,135.500000,4,1.025846e-13,1.175206e-16,5.033229e-20,9.422463e-12
543,135.750000,4,1.021405e-13,1.322171e-16,1.034968e-20,-6.881162e-13
544,136.000000,4,1.030287e-13,1.469151e-16,-5.970259e-20,1.581490e-11
545,136.250000,4,1.034728e-13,1.469222e-16,5.675782e-20,9.641177e-12
546,136.500000,4,1.030287e-13,1.175435e-16,2.080525e-20,2.434242e-11
547,136.750000,4,1.016964e-13,1.175492e-16,-7.490948e-21,1.586220e-11
548,137.000000,4,1.016964e-13,1.469436e-16,-1.249374e-20,2.643752e-11
549,137.250000,4,1.025846e-13,1.175606e-16,-8.496799e-21,1.556022e-11
550,137.500000,4,1.016964e-13,1.175663e-16,1.099158e-20,1.373812e-11
551,137.750000,4,1.016964e-13,1.469649e-16,2.646978e-20,1.685474e-11
552,138.000000,4,1.016964e-13,1.175776e-16,-7.438008e-21,9.191758e-12
553,138.250000,4,1.016964e-13,1.469791e-16,-5.796882e-21,7.319145e-12
554,138.500000,4,1.016964e-13,1.469862e-16,2.415367e-20,7.659318e-12
555,138.750000,4,1.012523e-13,1.469933e-16,6.663767e-21,1.775113e-11
556,139.000000,4,1.016964e-13,1.176003e-16,1.687448e-21,4.697576e-12
557,139.250000,4,1.016964e-13,1.470075e-16,-1.707963e-20,1.338774e-11
558,139.500000,4,1.012523e-13,1.470146e-16,-2.746240e-21,1.354750e-11
559,139.750000,4,1.012523e-13,1.470217e-16,-3.139316e-20,1.830314e-11
560,140.000000,4,1.016964e-13,1.176230e-16,-3.712387e-21,1.103762e-11
561,140.250000,4,1.012523e-13,1.470358e-16,2.384927e-20,1.611400e-11
562,140.500000,4,1.008083e-13,1.212729e-16,-2.770062e-20,2.439160e-11
563,140.750000,4,1.016964e-13,1.764598e-16,-2.882559e-20,1.219835e-11
564,141.000000,4,1.016964e-13,1.176455e-16,5.499097e-21,1.618528e-11
565,141.250000,4,1.012523e-13,1.470639e-16,4.276855e-20,1.725453e-11
566,141.500000,4,1.016964e-13,1.470709e-16,2.991085e-21,2.231104e-11
567,141.750000,4,1.012523e-13,1.176623e-16,2.774033e-20,1.860812e-11
568,142.000000,4,1.016964e-13,1.176679e-16,-1.913103e-20,2.621425e-11
569,142.250000,4,1.012523e-13,1.470919e-16,-1.257315e-20,1.472200e-11
570,142.500000,4,1.012523e-13,1.470989e-16,1.285108e-20,1.018463e-11
571,142.750000,4,1.003642e-13,1.471059e-16,-5.432922e-21,1.500955e-11
572,143.000000,4,1.012523e-13,1.471129e-16,4.896909e-22,2.303835e-11
573,143.250000,4,1.008083e-13,1.176959e-16,-1.578922e-20,1.846157e-11
574,143.500000,4,1.012523e-13,1.471268e-16,5.761148e-20,1.007150e-11
575,143.750000,4,1.008083e-13,1.471338e-16,4.424424e-20,1.602762e-11
576,144.000000,4,1.003642e-13,1.349842e-16,1.565026e-20,1.793388e-11
577,144.250000,4,1.003642e-13,1.177182e-16,2.224785e-20,6.514012e-12
578,144.500000,4,1.012523e-13,1.177238e-16,2.770062e-20,1.802902e-11
579,144.750000,4,1.003642e-13,1.471617e-16,-2.919617e-20,1.558820e-11
580,145.000000,4,1.003642e-13,1.471686e-16,-2.484189e-20,5.805134e-12
581,145.250000,4,1.003642e-13,1.471756e-16,-1.208345e-20,1.119504e-11
582,145.500000,4,1.008083e-13,1.177460e-16,-1.285108e-20,1.578560e-11
583,145.750000,4,9.992007e-14,1.766273e-16,2.144052e-21,1.809175e-11
584,146.000000,4,9.992007e-14,1.177571e-16,1.562379e-20,1.176625e-11
585,146.250000,4,1.008083e-13,1.472033e-16,2.179125e-20,3.168710e-11
586,146.500000,4,9.992007e-14,1.349482e-16,1.070703e-20,1.779532e-11
587,146.750000,4,9.992007e-14,1.177738e-16,3.432469e-20,1.374723e-11
588,147.000000,4,1.003642e-13,1.472241e-16,-4.738091e-21,1.250788e-11
589,147.250000,4,9.992007e-14,1.177848e-16,3.388132e-21,1.195843e-11
590,147.500000,4,9.992007e-14,1.766855e-16,3.542318e-20,1.136591e-11
591,147.750000,4,9.992007e-14,1.766937e-16,8.887229e-21,2.130984e-11
592,148.000000,4,1.003642e-13,1.472516e-16,-8.185779e-21,2.569500e-12
593,148.250000,4,9.992007e-14,1.472585e-16,8.337981e-21,4.117040e-12
594,148.500000,4,9.947598e-14,1.472654e-16,-2.702564e-20,1.265721e-11
595,148.750000,4,1.003642e-13,1.178178e-16,-8.410772e-21,2.232581e-11
596,149.000000,4,1.003642e-13,1.211631e-16,2.670801e-20,2.510336e-11
597,149.250000,4,1.003642e-13,1.472860e-16,1.012469e-21,-1.371570e-12
598,149.500000,4,9.947598e-14,1.472928e-16,-1.449220e-20,1.770539e-11
599,149.750000,4,9.992007e-14,1.178397e-16,2.594038e-21,1.035705e-11
600,150.000000,4,9.992007e-14,1.400530e-16,-5.499097e-21,1.659817e-11
601,150.250000,4,9.903189e-14,1.237245e-16,1.754285e-20,1.862810e-11
602,150.500000,4,9.947598e-14,1.178561e-16,4.145829e-20,1.787070e-11
603,150.750000,4,9.903189e-14,1.185630e-16,-9.906315e-21,1.674105e-11
604,151.000000,4,1.003642e-13,1.178671e-16,6.008640e-21,7.978507e-12
605,151.250000,4,9.947598e-14,1.473407e-16,3.090347e-20,2.118339e-11
606,151.500000,4,9.903189e-14,1.178780e-16,5.161607e-21,2.571243e-11
607,151.750000,4,9.903189e-14,1.178835e-16,2.006409e-20,2.224698e-11
608,152.000000,4,9.947598e-14,1.178889e-16,-1.299666e-20,7.724044e-12
609,152.250000,4,9.947598e-14,1.178944e-16,2.285665e-20,2.277678e-11
610,152.500000,4,9.947598e-14,1.473748e-16,6.579725e-20,1.218270e-11
611,152.750000,4,9.814372e-14,1.473816e-16,2.223461e-21,2.445855e-11
612,153.000000,4,9.903189e-14,1.473883e-16,3.303428e-20,1.128619e-11
613,153.250000,4,9.858780e-14,1.473951e-16,4.947864e-20,1.040956e-11
614,153.500000,4,9.947598e-14,1.179215e-16,2.177139e-20,1.434086e-11
615,153.750000,4,9.947598e-14,1.474086e-16,-3.377544e-20,1.853218e-11
616,154.000000,4,9.903189e-14,1.474154e-16,-2.116259e-20,1.656431e-11
617,154.250000,4,9.903189e-14,1.179377e-16,5.545419e-21,2.061173e-11
618,154.500000,4,9.903189e-14,1.474288e-16,1.870752e-20,1.697320e-11
619,154.750000,4,9.992007e-14,1.179484e-16,-1.735094e-20,2.692047e-11
620,155.000000,4,9.903189e-14,1.474422e-16,-1.218272e-20,1.845812e-11
621,155.250000,4,9.814372e-14,1.474489e-16,8.543121e-21,1.235567e-11
622,155.500000,4,9.858780e-14,1.474556e-16,1.402898e-20,1.550171e-11
623,155.750000,4,9.858780e-14,1.769548e-16,-2.846163e-20,1.684586e-11
624,156.000000,4,9.903189e-14,1.474690e-16,-2.108980e-20,9.742762e-12
625,156.250000,4,9.814372e-14,1.474757e-16,5.419026e-20,1.747480e-11
626,156.500000,4,9.858780e-14,1.474824e-16,2.830281e-20,6.935341e-12
627,156.750000,4,9.858780e-14,1.179913e-16,2.778003e-20,6.148304e-12
628,157.000000,4,9.814372e-14,1.474958e-16,1.535909e-20,1.240474e-11
629,157.250000,4,9.769963e-14,1.475025e-16,-1.803915e-20,2.623179e-11
630,157.500000,4,9.858780e-14,1.475091e-16,2.173169e-20,1.925915e-11
631,157.750000,4,9.769963e-14,1.622674e-16,-7.610062e-21,9.406143e-12
632,158.000000,4,9.814372e-14,1.180180e-16,-1.722521e-20,1.025868e-11
633,158.250000,4,9.858780e-14,1.180233e-16,-1.284446e-20,8.886891e-12
634,158.500000,4,9.814372e-14,1.180286e-16,-1.883987e-20,5.534351e-12
635,158.750000,4,9.814372e-14,1.475424e-16,1.514071e-20,6.407874e-12
636,159.000000,4,9.814372e-14,1.180393e-16,-1.085261e-20,8.738121e-12
637,159.250000,4,9.903189e-14,1.475557e-16,-2.661536e-20,2.201228e-11
638,159.500000,4,9.858780e-14,1.475624e-16,4.300677e-20,2.127931e-11
639,159.750000,4,9.858780e-14,1.180552e-16,5.757177e-20,1.996936e-11
640,160.000000,4,9.903189e-14,1.475757e-16,2.129494e-20,1.053113e-11
641,160.250000,4,9.858780e-14,1.180658e-16,1.911780e-20,1.664857e-11
642,160.500000,4,9.769963e-14,1.475889e-16,-3.407984e-21,1.221623e-11
643,160.750000,4,9.814372e-14,1.180765e-16,5.981508e-20,-1.450950e-12
644,161.000000,4,9.769963e-14,1.771226e-16,-8.715175e-21,1.806377e-11
645,161.250000,4,9.681145e-14,1.476088e-16,-4.612359e-21,2.591705e-11
646,161.500000,4,9.769963e-14,1.364466e-16,1.634509e-21,1.740208e-11
647,161.750000,4,9.814372e-14,1.180976e-16,7.874759e-22,2.725997e-11
648,162.000000,4,9.769963e-14,1.181029e-16,-5.401159e-20,9.727219e-12
649,162.250000,4,9.814372e-14,1.381517e-16,6.921847e-21,1.001532e-11
650,162.500000,4,9.725554e-14,1.476417e-16,6.653179e-20,2.010736e-11
651,162.750000,4,9.769963e-14,1.181186e-16,1.398928e-20,1.346045e-11
652,163.000000,4,9.814372e-14,1.771859e-16,3.000350e-20,1.595579e-11
653,163.250000,4,9.769963e-14,1.771937e-16,-5.241016e-21,1.852585e-11
654,163.500000,4,9.769963e-14,1.476680e-16,-8.907081e-21,6.943779e-12
655,163.750000,4,9.769963e-14,1.181396e-16,-4.221930e-20,2.425393e-11
656,164.000000,4,9.725554e-14,1.226827e-16,-1.422751e-20,6.788903e-12
657,164.250000,4,9.681145e-14,1.295426e-16,-9.515886e-21,8.546719e-12
658,164.500000,4,9.725554e-14,1.476942e-16,5.168224e-21,4.496958e-12
659,164.750000,4,9.681145e-14,1.181606e-16,-5.115285e-21,2.364153e-11
660,165.000000,4,9.681145e-14,1.477073e-16,-2.550363e-20,2.101885e-11
661,165.250000,4,9.636736e-14,1.477138e-16,7.828437e-21,-1.235456e-12
662,165.500000,4,9.725554e-14,1.477204e-16,-7.358599e-21,1.205858e-11
663,165.750000,4,9.769963e-14,1.477269e-16,-1.214301e-20,1.135936e-11
664,166.000000,4,9.681145e-14,1.181868e-16,-2.153978e-20,1.221878e-11
665,166.250000,4,9.681145e-14,1.181920e-16,-3.033437e-20,2.688028e-11
666,166.500000,4,9.681145e-14,1.181972e-16,2.517276e-20,1.156208e-11
667,166.750000,4,9.636736e-14,1.477530e-16,-1.120995e-20,1.205713e-11
668,167.000000,4,9.681145e-14,1.182076e-16,-2.190374e-20,2.025324e-11
669,167.250000,4,9.681145e-14,1.200663e-16,-3.534377e-20,2.321510e-11
670,167.500000,4,9.725554e-14,1.477726e-16,2.259196e-20,1.036815e-11
671,167.750000,4,9.592327e-14,1.182233e-16,-1.534585e-20,3.143075e-11
672,168.000000,4,9.681145e-14,1.182285e-16,4.235165e-21,1.896994e-11
673,168.250000,4,9.681145e-14,1.182337e-16,-1.937588e-20,1.197975e-11
674,168.500000,4,9.592327e-14,1.243373e-16,-2.931528e-20,1.894684e-11
675,168.750000,4,9.636736e-14,1.182441e-16,2.650287e-20,1.052414e-11
676,169.000000,4,9.681145e-14,1.478115e-16,-2.970571e-20,1.461575e-11
677,169.250000,4,9.592327e-14,1.478180e-16,4.936614e-21,2.298750e-11
678,169.500000,4,9.636736e-14,1.182596e-16,1.674214e-21,9.911183e-12
679,169.750000,4,9.547918e-14,1.478309e-16,1.852223e-20,1.444966e-11
680,170.000000,4,9.592327e-14,1.182699e-16,-1.782078e-20,4.421463e-12
681,170.250000,4,9.725554e-14,1.478438e-16,2.030894e-20,1.246714e-11
682,170.500000,4,9.681145e-14,1.182802e-16,-4.360896e-21,3.996137e-12
683,170.750000,4,9.547918e-14,1.182854e-16,-5.995405e-21,2.103173e-11
684,171.000000,4,9.725554e-14,1.182905e-16,-1.508777e-21,7.628898e-12
685,171.250000,4,9.636736e-14,1.478696e-16,1.945529e-20,6.363243e-12
686,171.500000,4,9.636736e-14,1.183008e-16,8.602678e-23,1.722844e-12
687,171.750000,4,9.592327e-14,1.774589e-16,5.281383e-20,1.620226e-11
688,172.000000,4,9.636736e-14,1.183111e-16,5.379983e-21,1.921541e-11
689,172.250000,4,9.681145e-14,1.478953e-16,3.692534e-21,6.707301e-12
690,172.500000,4,9.592327e-14,1.479017e-16,-1.766196e-20,2.653300e-11
691,172.750000,4,9.592327e-14,1.183265e-16,-1.167317e-20,1.308165e-11
692,173.000000,4,9.681145e-14,1.479145e-16,1.825091e-20,1.906897e-11
693,173.250000,4,9.592327e-14,1.183368e-16,2.663522e-20,1.175038e-11
694,173.500000,4,9.592327e-14,1.183419e-16,-1.066070e-20,7.784329e-12
695,173.750000,4,9.636736e-14,1.183470e-16,-1.107099e-20,1.822698e-11
696,174.000000,4,9.636736e-14,1.479402e-16,7.696088e-21,1.075806e-13
697,174.250000,4,9.592327e-14,1.183572e-16,1.506792e-20,2.090694e-11
698,174.500000,4,9.547918e-14,1.479530e-16,8.304893e-21,1.681222e-11
699,174.750000,4,9.547918e-14,1.479594e-16,1.484955e-20,9.783729e-12
700,175.000000,4,9.636736e-14,1.183726e-16,-6.346130e-20,2.008815e-11
701,175.250000,4,9.547918e-14,1.479721e-16,7.047579e-21,2.343126e-11
702,175.500000,4,9.503509e-14,1.479785e-16,2.971895e-20,1.195199e-11
703,175.750000,4,9.547918e-14,1.479849e-16,1.952146e-20,1.825184e-11
704,176.000000,4,9.592327e-14,1.479913e-16,1.348635e-20,4.068967e-12
705,176.250000,4,9.503509e-14,1.183981e-16,2.808444e-20,2.727940e-11
706,176.500000,4,9.592327e-14,1.332036e-16,8.807819e-21,2.109357e-11
707,176.750000,4,9.592327e-14,1.480104e-16,-4.400601e-21,1.735778e-11
708,177.000000,4,9.503509e-14,1.480167e-16,5.578506e-21,1.017597e-11
709,177.250000,4,9.459100e-14,1.480230e-16,2.674109e-20,7.438494e-12
710,177.500000,4,9.503509e-14,1.480294e-16,-1.463117e-20,1.320000e-11
711,177.750000,4,9.503509e-14,1.233536e-16,-6.458626e-21,1.009914e-11
712,178.000000,4,9.503509e-14,1.480420e-16,-1.927000e-20,2.081491e-11
713,178.250000,4,9.414691e-14,1.480483e-16,5.657915e-21,1.734846e-11
714,178.500000,4,9.503509e-14,1.184437e-16,-5.505714e-21,1.333478e-11
715,178.750000,4,9.547918e-14,1.480610e-16,3.351074e-20,2.097844e-11
716,179.000000,4,9.414691e-14,1.184538e-16,1.601422e-20,2.003275e-11
717,179.250000,4,9.547918e-14,1.480736e-16,3.324604e-20,1.602518e-11
718,179.500000,4,9.547918e-14,1.241860e-16,-1.303637e-21,1.343725e-11
719,179.750000,4,9.459100e-14,1.480862e-16,-5.604976e-21,2.947631e-11
720,180.000000,4,9.503509e-14,1.184740e-16,1.649067e-20,1.159528e-11
721,180.250000,4,9.547918e-14,1.480988e-16,1.551129e-20,2.218803e-11
722,180.500000,4,9.503509e-14,1.481051e-16,-2.040820e-20,1.475542e-11
723,180.750000,4,9.459100e-14,1.361575e-16,1.072026e-20,5.483725e-12
724,181.000000,4,9.414691e-14,1.481177e-16,1.368488e-20,5.498491e-12
725,181.250000,4,9.503509e-14,1.184992e-16,8.642383e-21,1.447331e-11
726,181.500000,4,9.459100e-14,1.481303e-16,1.200405e-20,1.603251e-11
727,181.750000,4,9.503509e-14,1.185093e-16,3.474159e-20,2.157519e-11
728,182.000000,4,9.459100e-14,1.429888e-16,-4.053185e-20,9.385492e-12
729,182.250000,4,9.459100e-14,1.275733e-16,2.033541e-20,1.736078e-11
730,182.500000,4,9.459100e-14,1.185244e-16,2.824987e-20,1.971279e-11
731,182.750000,4,9.459100e-14,1.185294e-16,1.224227e-20,2.066614e-11
732,183.000000,4,9.459100e-14,1.481680e-16,-3.052627e-20,3.563816e-12
733,183.250000,4,9.503509e-14,1.185394e-16,2.459704e-20,1.705636e-11
734,183.500000,4,9.503509e-14,1.185444e-16,-2.110965e-21,1.406442e-11
735,183.750000,4,9.459100e-14,1.481868e-16,6.710089e-20,2.198175e-11
736,184.000000,4,9.459100e-14,1.481931e-16,-1.165332e-20,2.182188e-11
737,184.250000,4,9.414691e-14,1.481993e-16,-2.562936e-20,1.110112e-11
738,184.500000,4,9.503509e-14,1.185644e-16,-3.499967e-20,1.199962e-11
739,184.750000,4,9.503509e-14,1.482117e-16,-2.756166e-20,1.697342e-11
740,185.000000,4,9.459100e-14,1.482179e-16,-8.741645e-21,1.755740e-11
741,185.250000,4,9.414691e-14,1.482241e-16,3.797090e-20,3.583145e-11
742,185.500000,4,9.414691e-14,1.309525e-16,3.224681e-20,1.629397e-11
743,185.750000,4,9.459100e-14,1.482364e-16,-8.205632e-21,2.489309e-11
744,186.000000,4,9.414691e-14,1.482426e-16,-1.998468e-21,1.776757e-11
745,186.250000,4,9.325873e-14,1.482488e-16,2.062658e-20,2.401834e-11
746,186.500000,4,9.459100e-14,1.482550e-16,2.547716e-20,1.202549e-11
747,186.750000,4,9.459100e-14,1.482611e-16,-4.566037e-22,5.976775e-12
748,187.000000,4,9.503509e-14,1.482673e-16,-7.385069e-21,1.390166e-11
749,187.250000,4,9.414691e-14,1.482735e-16,5.710855e-21,8.915535e-12
750,187.500000,4,9.370282e-14,1.482797e-16,2.335958e-20,1.949363e-11
751,187.750000,4,9.414691e-14,1.482858e-16,-9.165161e-21,2.084222e-11
752,188.000000,4,9.370282e-14,1.186336e-16,1.558408e-20,8.400503e-12
753,188.250000,4,9.503509e-14,1.186385e-16,2.284342e-20,1.009715e-11
754,188.500000,4,9.414691e-14,1.186434e-16,4.294722e-21,2.591438e-11
755,188.750000,4,9.370282e-14,1.483104e-16,1.140186e-20,2.386125e-11
756,189.000000,4,9.414691e-14,1.186533e-16,3.717681e-20,1.411882e-11
757,189.250000,4,9.459100e-14,1.189226e-16,-3.942012e-20,1.530454e-11
758,189.500000,4,9.325873e-14,1.779947e-16,1.893251e-20,2.156941e-11
759,189.750000,4,9.370282e-14,1.483350e-16,1.449220e-21,6.823986e-12
760,190.000000,4,9.325873e-14,1.483412e-16,1.423412e-20,1.958700e-11
761,190.250000,4,9.325873e-14,1.186778e-16,7.404921e-21,2.384548e-11
762,190.500000,4,9.281464e-14,1.186828e-16,4.446923e-21,1.803668e-11
763,190.750000,4,9.325873e-14,1.186877e-16,-1.458485e-20,2.864609e-11
764,191.000000,4,9.370282e-14,1.186926e-16,-1.455176e-20,2.215450e-11
765,191.250000,4,9.370282e-14,1.483718e-16,1.502822e-20,1.241285e-11
766,191.500000,4,9.325873e-14,1.187024e-16,-1.919059e-22,8.130274e-12
767,191.750000,4,9.325873e-14,1.187073e-16,5.631446e-21,1.959322e-11
768,192.000000,4,9.370282e-14,1.187122e-16,-3.942012e-20,2.400569e-11
769,192.250000,4,9.370282e-14,1.187171e-16,1.796636e-20,1.745859e-11
770,192.500000,4,9.414691e-14,1.484024e-16,1.499513e-20,2.025757e-11
771,192.750000,4,9.325873e-14,1.484085e-16,-1.376429e-21,2.349310e-11
772,193.000000,4,9.325873e-14,1.484146e-16,-2.624479e-20,1.957456e-11
773,193.250000,4,9.370282e-14,1.187365e-16,-1.610686e-20,2.167688e-11
774,193.500000,4,9.325873e-14,1.484267e-16,1.848252e-20,4.195644e-12
775,193.750000,4,9.325873e-14,1.187462e-16,6.798763e-20,5.792922e-12
776,194.000000,4,9.281464e-14,1.484389e-16,1.670905e-20,1.217182e-11
777,194.250000,4,9.370282e-14,1.484450e-16,-1.915750e-20,5.860423e-12
778,194.500000,4,9.325873e-14,1.484510e-16,1.962734e-20,1.253142e-11
779,194.750000,4,9.370282e-14,1.187657e-16,-9.396772e-21,1.782408e-11
780,195.000000,4,9.281464e-14,1.187705e-16,5.893496e-20,1.364553e-11
781,195.250000,4,9.414691e-14,1.484692e-16,4.235165e-22,2.197920e-11
782,195.500000,4,9.281464e-14,1.367995e-16,5.430937e-20,1.588973e-11
783,195.750000,4,9.237056e-14,1.484813e-16,3.574744e-20,8.328893e-13
784,196.000000,4,9.325873e-14,1.187899e-16,6.815968e-21,1.714495e-11
785,196.250000,4,9.325873e-14,1.187947e-16,2.593377e-20,1.633693e-11
786,196.500000,4,9.237056e-14,1.484995e-16,9.396772e-21,9.927170e-12
787,196.750000,4,9.237056e-14,1.485055e-16,-3.975099e-20,8.006484e-12
788,197.000000,4,9.281464e-14,1.485116e-16,2.646978e-23,2.279887e-11
789,197.250000,4,9.325873e-14,1.485176e-16,2.296253e-20,1.426370e-11
790,197.500000,4,9.237056e-14,1.485237e-16,2.572201e-20,1.401201e-11
791,197.750000,4,9.237056e-14,1.485297e-16,4.974333e-20,1.927636e-11
792,198.000000,4,9.325873e-14,1.485357e-16,2.501394e-21,1.246225e-11
793,198.250000,4,9.281464e-14,1.188334e-16,-2.185080e-20,1.662115e-11
794,198.500000,4,9.237056e-14,1.485478e-16,9.132074e-22,1.670430e-11
795,198.750000,4,9.192647e-14,1.188431e-16,5.180798e-20,8.694712e-12
796,199.000000,4,9.237056e-14,1.485598e-16,4.752649e-20,1.198697e-11
797,199.250000,4,9.237056e-14,1.273448e-16,3.884440e-21,1.205747e-11
798,199.500000,4,9.281464e-14,1.188575e-16,7.921082e-21,6.143197e-12
799,199.750000,4,9.237056e-14,1.188623e-16,1.280476e-20,1.632794e-11
800,200.000000,4,9.192647e-14,1.188671e-16,1.486940e-20,1.034872e-11
801,200.250000,4,9.281464e-14,1.188719e-16,-3.507246e-21,1.976030e-11
802,200.500000,4,9.237056e-14,1.485959e-16,-1.812518e-20,1.772427e-11
803,200.750000,4,9.325873e-14,1.188815e-16,-1.623259e-20,5.257683e-12
804,201.000000,4,9.237056e-14,1.606474e-16,1.027027e-20,2.422840e-11
805,201.250000,4,9.237056e-14,1.188911e-16,5.886217e-20,2.274814e-11
806,201.500000,4,9.281464e-14,1.337579e-16,-4.224577e-20,2.890244e-12
807,201.750000,4,9.281464e-14,1.486258e-16,5.881585e-20,1.668221e-11
808,202.000000,4,9.237056e-14,1.486318e-16,6.054962e-21,1.749700e-11
809,202.250000,4,9.237056e-14,1.486378e-16,3.725621e-21,1.678213e-11
810,202.500000,4,9.192647e-14,1.337794e-16,2.099715e-20,2.048872e-11
811,202.750000,4,9.237056e-14,1.486497e-16,-1.660979e-21,2.265566e-11
812,203.000000,4,9.237056e-14,1.486557e-16,2.793223e-20,1.132705e-11
813,203.250000,4,9.237056e-14,1.486616e-16,-2.729034e-20,1.125844e-11
814,203.500000,4,9.148238e-14,1.486676e-16,-1.283123e-20,1.814837e-11
815,203.750000,4,9.192647e-14,1.486735e-16,-3.275635e-21,9.963919e-12
816,204.000000,4,9.325873e-14,1.486795e-16,-2.685359e-20,1.418132e-11
817,204.250000,4,9.237056e-14,1.338169e-16,3.079759e-20,1.371592e-11
818,204.500000,4,9.192647e-14,1.230044e-16,-1.870752e-20,5.849210e-12
819,204.750000,4,9.103829e-14,1.486973e-16,-1.099819e-20,1.422484e-11
820,205.000000,4,9.148238e-14,1.189626e-16,4.791030e-21,1.516254e-11
821,205.250000,4,9.192647e-14,1.189674e-16,-5.207929e-21,2.227696e-11
822,205.500000,4,9.192647e-14,1.426362e-16,-7.100518e-21,8.918311e-12
823,205.750000,4,9.192647e-14,1.189769e-16,-9.410007e-21,-1.181277e-12
824,206.000000,4,9.148238e-14,1.784724e-16,2.778003e-20,4.889533e-12
825,206.250000,4,9.237056e-14,1.511655e-16,2.099715e-20,1.284217e-11
826,206.500000,4,9.103829e-14,1.189911e-16,1.347312e-20,1.075917e-11
827,206.750000,4,9.148238e-14,1.784938e-16,-1.361208e-20,9.990120e-12
828,207.000000,4,9.103829e-14,1.487507e-16,-1.784725e-20,1.892941e-11
829,207.250000,4,9.103829e-14,1.298010e-16,1.414810e-20,1.625089e-11
830,207.500000,4,9.148238e-14,1.190101e-16,-1.643112e-20,1.270395e-11
831,207.750000,4,9.281464e-14,1.487685e-16,5.078889e-20,1.104272e-11
832,208.000000,4,9.192647e-14,1.190195e-16,1.398928e-20,5.328182e-12
833,208.250000,4,9.148238e-14,1.487803e-16,5.713502e-20,6.830314e-12
834,208.500000,4,9.192647e-14,1.487862e-16,-6.140989e-21,1.920453e-11
835,208.750000,4,9.103829e-14,1.487922e-16,-3.887749e-20,2.415668e-11
836,209.000000,4,9.192647e-14,1.487981e-16,1.603407e-20,1.510470e-11
837,209.250000,4,9.148238e-14,1.190431e-16,3.278944e-20,1.734124e-11
838,209.500000,4,9.103829e-14,1.190479e-16,1.546497e-20,4.102607e-12
839,209.750000,4,9.059420e-14,1.488157e-16,3.499305e-20,1.151779e-11
840,210.000000,4,9.103829e-14,1.488216e-16,4.155755e-21,1.644762e-11
841,210.250000,4,9.192647e-14,1.488274e-16,-2.080525e-20,5.552336e-12
842,210.500000,4,9.148238e-14,1.488333e-16,-4.221930e-20,1.884126e-11
843,210.750000,4,9.148238e-14,1.190713e-16,-4.301339e-22,1.458778e-11
844,211.000000,4,9.103829e-14,1.647493e-16,7.835055e-21,9.480750e-12
845,211.250000,4,9.148238e-14,1.786211e-16,-2.818370e-20,4.444334e-12
846,211.500000,4,9.148238e-14,1.190854e-16,1.193787e-20,1.489142e-11
847,211.750000,4,9.192647e-14,1.488626e-16,-6.211796e-20,2.346534e-11
848,212.000000,4,9.103829e-14,1.190948e-16,9.218101e-21,6.363687e-12
849,212.250000,4,9.103829e-14,1.190995e-16,-1.031660e-20,2.047007e-11
850,212.500000,4,9.015011e-14,1.488802e-16,-4.354279e-21,1.345923e-11
851,212.750000,4,9.148238e-14,1.488860e-16,2.493453e-20,1.849443e-11
852,213.000000,4,9.103829e-14,1.488919e-16,-2.553010e-20,1.421274e-11
853,213.250000,4,9.192647e-14,1.488977e-16,-3.659447e-21,2.469980e-11
854,213.500000,4,9.059420e-14,1.489036e-16,3.481438e-20,1.889888e-11
855,213.750000,4,9.059420e-14,1.191275e-16,6.493699e-20,1.562983e-11
856,214.000000,4,9.148238e-14,1.489153e-16,-1.641788e-20,1.342271e-11
857,214.250000,4,9.148238e-14,1.489211e-16,-1.748329e-20,1.063483e-11
858,214.500000,4,9.059420e-14,1.191415e-16,4.197445e-20,1.283285e-11
859,214.750000,4,9.059420e-14,1.489328e-16,1.546497e-20,1.655209e-11
860,215.000000,4,9.103829e-14,1.191509e-16,-3.308722e-23,1.079570e-11
861,215.250000,4,9.103829e-14,1.489444e-16,-1.485616e-20,2.701173e-12
862,215.500000,4,9.059420e-14,1.489502e-16,-1.537894e-20,5.508816e-12
863,215.750000,4,9.015011e-14,1.194487e-16,-3.239901e-20,7.509438e-12
864,216.000000,4,9.059420e-14,1.191695e-16,-2.680065e-20,1.739120e-11
865,216.250000,4,9.103829e-14,1.489677e-16,1.799945e-20,1.538147e-11
866,216.500000,4,9.103829e-14,1.489735e-16,1.645097e-20,1.879852e-11
867,216.750000,4,9.015011e-14,1.489793e-16,-5.168224e-21,1.683331e-11
868,217.000000,4,9.059420e-14,1.489851e-16,7.490948e-21,4.396483e-13
869,217.250000,4,9.103829e-14,1.489909e-16,3.086376e-20,2.007616e-11
870,217.500000,4,9.059420e-14,1.489966e-16,4.748678e-20,2.517286e-11
871,217.750000,4,9.148238e-14,1.219831e-16,1.516718e-20,1.395772e-11
872,218.000000,4,9.059420e-14,1.341073e-16,1.181214e-20,1.905975e-11
873,218.250000,4,9.103829e-14,1.192111e-16,-4.162373e-20,2.612099e-11
874,218.500000,4,8.970602e-14,1.490196e-16,2.481542e-20,2.896150e-11
875,218.750000,4,9.059420e-14,1.219705e-16,4.963084e-21,1.459777e-11
876,219.000000,4,9.015011e-14,1.490311e-16,-3.795105e-20,1.742062e-11
877,219.250000,4,9.059420e-14,1.490369e-16,7.014492e-21,1.007794e-11
878,219.500000,4,9.059420e-14,1.788511e-16,-1.760240e-21,9.732548e-12
879,219.750000,4,8.970602e-14,1.490484e-16,-3.386147e-20,1.806189e-11
880,220.000000,4,9.059420e-14,1.490541e-16,3.521804e-20,6.322831e-12
881,220.250000,4,9.015011e-14,1.228045e-16,-1.016440e-20,2.836120e-11
882,220.500000,4,9.015011e-14,1.192525e-16,-1.050189e-20,1.079237e-11
883,220.750000,4,9.015011e-14,1.560560e-16,2.770724e-20,1.068479e-11
884,221.000000,4,9.015011e-14,1.193840e-16,-1.107099e-20,2.037970e-11
885,221.250000,4,9.015011e-14,1.490828e-16,1.049527e-20,3.190104e-11
886,221.500000,4,8.970602e-14,1.490885e-16,-2.165228e-20,1.133427e-12
887,221.750000,4,9.059420e-14,1.490942e-16,3.539671e-20,2.199907e-12
888,222.000000,4,9.015011e-14,1.490999e-16,-8.119605e-21,6.734391e-12
889,222.250000,4,9.015011e-14,1.789268e-16,2.204271e-20,1.221456e-11
890,222.500000,4,8.970602e-14,1.192891e-16,2.183095e-20,2.573375e-11
891,222.750000,4,9.059420e-14,1.192937e-16,2.135449e-20,1.474743e-11
892,223.000000,4,9.015011e-14,1.192982e-16,-2.161919e-20,1.567191e-11
893,223.250000,4,9.015011e-14,1.491285e-16,-2.739622e-21,1.701650e-11
894,223.500000,4,9.015011e-14,1.789611e-16,4.092228e-20,2.374989e-12
895,223.750000,4,8.970602e-14,1.491399e-16,1.676861e-20,1.164724e-11
896,224.000000,4,8.970602e-14,1.193165e-16,4.108772e-20,1.722822e-11
897,224.250000,4,9.015011e-14,1.491513e-16,3.555553e-20,1.302392e-11
898,224.500000,4,8.970602e-14,1.491570e-16,-5.858424e-20,1.131994e-11
899,224.750000,4,9.015011e-14,1.423530e-16,1.570981e-20,1.579137e-11
900,225.000000,4,8.881784e-14,1.491684e-16,-5.487847e-20,1.251144e-11
901,225.250000,4,9.015011e-14,1.491741e-16,1.128274e-20,3.249845e-12
902,225.500000,4,9.015011e-14,1.193439e-16,-1.768843e-20,1.067202e-11
903,225.750000,4,8.881784e-14,1.193484e-16,-2.688006e-20,1.362266e-11
904,226.000000,4,9.059420e-14,1.491912e-16,-9.926167e-23,2.522993e-11
905,226.250000,4,8.970602e-14,1.193575e-16,1.668258e-20,7.901457e-12
906,226.500000,4,8.970602e-14,1.492026e-16,-3.513863e-21,2.248435e-11
907,226.750000,4,8.881784e-14,1.492082e-16,1.455838e-20,5.042300e-12
908,227.000000,4,8.926193e-14,1.492139e-16,6.815968e-22,2.012679e-11
909,227.250000,4,8.970602e-14,1.193756e-16,3.639595e-21,2.097222e-11
910,227.500000,4,8.881784e-14,1.492252e-16,-1.731124e-20,1.707257e-11
911,227.750000,4,8.881784e-14,9.884938e-17,1.788695e-20,2.134848e-11
912,228.000000,4,8.926193e-14,1.193892e-16,5.177489e-20,1.024181e-11
913,228.250000,4,8.881784e-14,1.193937e-16,3.290855e-20,1.281675e-11
914,228.500000,4,8.881784e-14,1.492478e-16,-2.340590e-20,7.389200e-12
915,228.750000,4,8.926193e-14,1.252531e-16,-7.616679e-21,1.229705e-11
916,229.000000,4,8.970602e-14,1.593315e-16,2.784621e-20,-1.223022e-12
917,229.250000,4,8.837375e-14,1.194118e-16,-6.948317e-21,1.267997e-11
918,229.500000,4,8.881784e-14,1.243914e-16,-7.305659e-21,1.587230e-11
919,229.750000,4,8.970602e-14,1.492760e-16,-8.854141e-21,1.764566e-11
920,230.000000,4,8.881784e-14,1.194253e-16,-2.839546e-20,2.148337e-11
921,230.250000,4,8.970602e-14,1.492873e-16,8.688705e-21,1.471578e-11
922,230.500000,4,8.970602e-14,1.194343e-16,-1.899868e-20,2.017697e-11
923,230.750000,4,8.881784e-14,1.194388e-16,3.758047e-20,1.228817e-11
924,231.000000,4,8.970602e-14,1.194433e-16,-1.529953e-20,8.008039e-12
925,231.250000,4,8.837375e-14,1.194478e-16,-1.348635e-20,1.796407e-11
926,231.500000,4,8.970602e-14,1.194523e-16,2.459043e-20,1.725897e-11
927,231.750000,4,8.881784e-14,1.194568e-16,4.175608e-21,1.605582e-11
928,232.000000,4,8.926193e-14,1.194613e-16,1.023057e-20,1.474465e-11
929,232.250000,4,8.881784e-14,1.791987e-16,-5.062345e-21,1.574274e-11
930,232.500000,4,8.881784e-14,1.194703e-16,1.194449e-20,1.637612e-11
931,232.750000,4,8.970602e-14,1.194748e-16,1.111731e-20,1.599065e-11
932,233.000000,4,8.881784e-14,1.194793e-16,-2.218168e-20,1.417033e-11
933,233.250000,4,8.881784e-14,1.194838e-16,-2.673448e-21,2.741329e-11
934,233.500000,4,8.837375e-14,1.493604e-16,6.032463e-20,1.319767e-11
935,233.750000,4,8.881784e-14,1.344294e-16,6.696854e-21,1.065581e-11
936,234.000000,4,8.926193e-14,1.493716e-16,-6.399069e-21,6.091683e-12
937,234.250000,4,8.881784e-14,1.493772e-16,-2.269784e-20,7.122747e-12
938,234.500000,4,8.881784e-14,1.195062e-16,4.949849e-21,1.507228e-11
939,234.750000,4,8.881784e-14,1.195107e-16,2.998364e-20,1.575429e-11
940,235.000000,4,8.970602e-14,1.195152e-16,3.012261e-20,1.001010e-11
941,235.250000,4,8.837375e-14,1.195197e-16,1.514733e-20,3.148026e-11
942,235.500000,4,8.837375e-14,1.195241e-16,2.823002e-20,1.064260e-11
943,235.750000,4,8.970602e-14,1.195286e-16,1.425398e-20,1.676814e-11
944,236.000000,4,8.837375e-14,1.494163e-16,5.419687e-21,1.211975e-11
945,236.250000,4,8.926193e-14,1.494219e-16,-2.819693e-20,1.358635e-11
946,236.500000,4,8.926193e-14,1.494274e-16,3.769958e-20,1.065337e-11
947,236.750000,4,8.881784e-14,1.793196e-16,1.275182e-20,6.702416e-12
948,237.000000,4,8.792966e-14,1.494386e-16,1.191802e-20,2.605094e-11
949,237.250000,4,8.881784e-14,1.494441e-16,-6.518183e-21,6.807221e-12
950,237.500000,4,8.970602e-14,1.494497e-16,1.662302e-20,1.764933e-11
951,237.750000,4,8.792966e-14,1.549314e-16,3.606507e-21,6.900369e-12
952,238.000000,4,8.837375e-14,1.793529e-16,4.411851e-20,9.031109e-12
953,238.250000,4,8.837375e-14,1.494663e-16,4.114065e-20,1.437062e-11
954,238.500000,4,8.837375e-14,1.494719e-16,4.804265e-21,6.967871e-12
955,238.750000,4,8.837375e-14,1.494774e-16,2.421985e-21,1.170786e-11
956,239.000000,4,8.926193e-14,1.195864e-16,-8.589443e-21,1.042166e-11
957,239.250000,4,8.837375e-14,1.494885e-16,-6.815968e-22,1.442124e-11
958,239.500000,4,8.881784e-14,1.793929e-16,2.387574e-20,1.379785e-11
959,239.750000,4,8.792966e-14,1.446863e-16,-6.643915e-21,2.336031e-11
960,240.000000,4,8.881784e-14,1.495052e-16,1.066070e-20,5.040302e-12
961,240.250000,4,8.792966e-14,1.196086e-16,7.312277e-21,2.656397e-11
962,240.500000,4,8.837375e-14,1.196130e-16,6.500978e-20,1.071887e-11
963,240.750000,4,8.792966e-14,1.196174e-16,2.983144e-20,7.036483e-12
964,241.000000,4,8.837375e-14,1.495273e-16,-4.618977e-21,1.011125e-11
965,241.250000,4,8.792966e-14,1.327493e-16,3.697828e-20,1.761602e-11
966,241.500000,4,8.792966e-14,1.495384e-16,8.357833e-21,2.560330e-11
967,241.750000,4,8.881784e-14,1.463564e-16,-1.762887e-20,1.601475e-11
968,242.000000,4,8.881784e-14,1.196395e-16,-2.170522e-21,1.320233e-11
969,242.250000,4,8.926193e-14,1.495550e-16,-4.513097e-21,5.990430e-12
970,242.500000,4,8.792966e-14,1.495605e-16,-1.456500e-20,2.629741e-11
971,242.750000,4,8.792966e-14,1.196528e-16,-3.218725e-20,1.959544e-11
972,243.000000,4,8.748557e-14,1.196572e-16,-6.941700e-21,3.467782e-11
973,243.250000,4,8.837375e-14,1.794924e-16,-2.488159e-21,3.556389e-11
974,243.500000,4,8.881784e-14,1.495825e-16,6.617445e-23,1.271094e-11
975,243.750000,4,8.792966e-14,1.495881e-16,2.309488e-21,1.639089e-11
976,244.000000,4,8.704149e-14,1.795123e-16,-8.437242e-21,1.099454e-12
977,244.250000,4,8.837375e-14,1.495991e-16,2.196992e-20,1.920342e-11
978,244.500000,4,8.792966e-14,1.216407e-16,1.333415e-20,1.986433e-11
979,244.750000,4,8.837375e-14,1.795321e-16,5.472627e-21,1.897271e-11
980,245.000000,4,8.837375e-14,1.496156e-16,-9.012960e-21,2.449319e-11
981,245.250000,4,8.659740e-14,1.196969e-16,1.581569e-21,2.193390e-11
982,245.500000,4,8.837375e-14,1.496265e-16,3.652830e-21,2.197298e-11
983,245.750000,4,8.792966e-14,1.454364e-16,3.874514e-20,2.042089e-11
984,246.000000,4,8.704149e-14,1.496375e-16,-8.351215e-21,2.012823e-11
985,246.250000,4,8.792966e-14,1.496430e-16,1.578922e-20,1.552158e-11
986,246.500000,4,8.704149e-14,1.496750e-16,-2.386912e-20,2.271716e-11
987,246.750000,4,8.792966e-14,1.496539e-16,6.895378e-21,1.375711e-11
988,247.000000,4,8.704149e-14,1.318079e-16,-1.101805e-20,1.909883e-11
989,247.250000,4,8.792966e-14,1.496649e-16,9.012960e-21,5.548451e-12
990,247.500000,4,8.837375e-14,1.496703e-16,1.093202e-20,1.329148e-11
991,247.750000,4,8.837375e-14,1.197406e-16,1.684140e-20,1.332401e-11
992,248.000000,4,8.792966e-14,1.496813e-16,5.856439e-21,-8.104628e-14
993,248.250000,4,8.881784e-14,1.496867e-16,-1.846267e-20,2.415568e-11
994,248.500000,4,8.792966e-14,1.197537e-16,3.685917e-21,1.369349e-11
995,248.750000,4,8.881784e-14,1.197581e-16,-6.551270e-21,1.327871e-11
996,249.000000,4,8.837375e-14,1.572795e-16,1.081290e-20,1.946676e-11
997,249.250000,4,8.837375e-14,1.197668e-16,3.536363e-20,2.120615e-11
998,249.500000,4,8.748557e-14,1.497139e-16,4.851911e-20,1.677314e-11
999,249.750000,4,8.792966e-14,1.796632e-16,-2.977850e-22,1.870293e-11
1000,250.000000,4,8.748557e-14,1.197798e-16,1.758255e-20,1.830014e-11
1001,250.250000,4,8.792966e-14,1.796763e-16,-1.151435e-21,1.285183e-11
1002,250.500000,4,8.704149e-14,1.497356e-16,7.644472e-20,-2.096101e-12
1003,250.750000,4,8.792966e-14,1.197928e-16,-1.040262e-20,1.679079e-11
1004,251.000000,4,8.748557e-14,1.497465e-16,2.776018e-20,1.634182e-11
1005,251.250000,4,8.704149e-14,1.232374e-16,-1.117025e-20,9.358847e-12
1006,251.500000,4,8.704149e-14,1.497573e-16,1.743035e-20,2.060019e-11
1007,251.750000,4,8.792966e-14,1.198102e-16,2.384265e-20,1.904998e-11
1008,252.000000,4,8.837375e-14,1.497681e-16,5.067639e-20,1.275424e-11
1009,252.250000,4,8.837375e-14,1.198188e-16,-3.866573e-20,2.280820e-11
1010,252.500000,4,8.748557e-14,1.497789e-16,-2.768077e-20,1.459655e-11
1011,252.750000,4,8.659740e-14,1.497843e-16,-3.229313e-21,2.839828e-11
1012,253.000000,4,8.748557e-14,1.198318e-16,-3.159830e-20,2.182254e-11
1013,253.250000,4,8.704149e-14,1.198361e-16,-5.190062e-20,8.492651e-12
1014,253.500000,4,8.748557e-14,1.198404e-16,-1.489587e-20,4.013456e-13
1015,253.750000,4,8.748557e-14,1.198448e-16,-1.297019e-20,1.762934e-11
1016,254.000000,4,8.748557e-14,1.498114e-16,-1.438633e-20,3.004563e-11
1017,254.250000,4,8.704149e-14,1.498167e-16,6.597593e-21,2.762257e-11
1018,254.500000,4,8.704149e-14,1.348399e-16,9.873228e-21,1.533429e-11
1019,254.750000,4,8.704149e-14,1.198620e-16,3.114170e-20,7.192136e-12
1020,255.000000,4,8.659740e-14,1.198663e-16,-6.577740e-21,1.586842e-11
1021,255.250000,4,8.704149e-14,1.155271e-16,1.608701e-20,8.225420e-12
1022,255.500000,4,8.748557e-14,1.498436e-16,1.503483e-20,1.131528e-11
1023,255.750000,4,8.704149e-14,1.348641e-16,-2.601979e-20,1.668454e-11
1024,256.000000,4,8.748557e-14,1.214611e-16,1.571643e-20,2.512546e-11
1025,256.250000,4,8.748557e-14,1.498597e-16,-1.397604e-20,9.539480e-12
1026,256.500000,4,8.704149e-14,1.198920e-16,-1.525321e-20,1.649991e-11
1027,256.750000,4,8.704149e-14,1.498704e-16,-4.663313e-20,1.435319e-11
1028,257.000000,4,8.704149e-14,1.498758e-16,1.786710e-21,6.784573e-13
1029,257.250000,4,8.615331e-14,1.498811e-16,-2.418676e-20,1.824807e-11
1030,257.500000,4,8.570922e-14,1.498865e-16,-2.545731e-20,1.836487e-11
1031,257.750000,4,8.659740e-14,1.239798e-16,1.936926e-20,1.773492e-11
1032,258.000000,4,8.748557e-14,1.498972e-16,-6.352747e-21,2.624656e-11
1033,258.250000,4,8.704149e-14,1.199220e-16,-4.797648e-21,1.963074e-11
1034,258.500000,4,8.704149e-14,1.499079e-16,-4.221930e-21,1.997513e-12
1035,258.750000,4,8.704149e-14,1.499132e-16,3.300120e-20,1.526912e-11
1036,259.000000,4,8.748557e-14,1.199349e-16,-1.728477e-20,1.022715e-11
1037,259.250000,4,8.615331e-14,1.499239e-16,1.516718e-20,2.021305e-11
1038,259.500000,4,8.704149e-14,1.199434e-16,-8.424007e-21,1.843792e-11
1039,259.750000,4,8.748557e-14,1.499346e-16,8.245336e-21,2.506773e-11
1040,260.000000,4,8.659740e-14,1.199519e-16,3.773929e-20,1.563616e-11
1041,260.250000,4,8.615331e-14,1.199562e-16,7.351981e-21,1.421396e-11
1042,260.500000,4,8.659740e-14,1.460031e-16,-1.909133e-20,8.908541e-12
1043,260.750000,4,8.615331e-14,1.199648e-16,3.838118e-21,9.749757e-12
1044,261.000000,4,8.659740e-14,1.499613e-16,1.561717e-20,1.200362e-11
1045,261.250000,4,8.659740e-14,1.499666e-16,-2.249931e-20,9.661272e-12
1046,261.500000,4,8.659740e-14,1.499719e-16,-2.730358e-20,1.971989e-11
1047,261.750000,4,8.570922e-14,1.499773e-16,1.946852e-20,6.249667e-12
1048,262.000000,4,8.748557e-14,1.315450e-16,-6.041727e-21,1.095268e-11
1049,262.250000,4,8.570922e-14,1.213566e-16,-2.851457e-20,1.801725e-11
1050,262.500000,4,8.570922e-14,1.199946e-16,4.155755e-21,1.502332e-11
1051,262.750000,4,8.659740e-14,1.799983e-16,5.770412e-20,1.642930e-11
1052,263.000000,4,8.748557e-14,1.500039e-16,2.534481e-20,1.808687e-11
1053,263.250000,4,8.615331e-14,1.200074e-16,2.621832e-20,1.435052e-11
1054,263.500000,4,8.615331e-14,1.500145e-16,6.101284e-20,4.149014e-12
1055,263.750000,4,8.615331e-14,1.200159e-16,-1.340694e-20,1.400458e-11
1056,264.000000,4,8.615331e-14,1.500251e-16,2.408750e-21,5.928369e-12
1057,264.250000,4,8.615331e-14,1.350274e-16,-2.264490e-20,2.029787e-11
1058,264.500000,4,8.704149e-14,1.500357e-16,-6.696854e-21,1.541978e-11
1059,264.750000,4,8.704149e-14,1.200328e-16,-3.634962e-20,2.104195e-11
1060,265.000000,4,8.659740e-14,1.221578e-16,2.024938e-21,2.091860e-11
1061,265.250000,4,8.659740e-14,1.500516e-16,4.395969e-20,2.290734e-11
1062,265.500000,4,8.570922e-14,1.200455e-16,-5.598358e-21,2.169875e-11
1063,265.750000,4,8.615331e-14,1.500622e-16,-1.328121e-20,9.493850e-12
1064,266.000000,4,8.615331e-14,1.200540e-16,4.572654e-21,1.884159e-11
1065,266.250000,4,8.570922e-14,1.200582e-16,5.279398e-20,1.006129e-11
1066,266.500000,4,8.659740e-14,1.200624e-16,-7.378451e-21,8.574919e-12
1067,266.750000,4,8.615331e-14,1.500833e-16,-2.613891e-20,1.452638e-11
1068,267.000000,4,8.659740e-14,1.500886e-16,-3.204167e-20,1.751910e-11
1069,267.250000,4,8.570922e-14,1.200751e-16,3.818266e-21,1.996037e-11
1070,267.500000,4,8.615331e-14,1.500991e-16,2.103024e-20,1.879286e-11
1071,267.750000,4,8.659740e-14,1.501044e-16,3.556215e-20,1.966016e-11
1072,268.000000,4,8.615331e-14,1.200877e-16,1.143494e-20,-2.792433e-12
1073,268.250000,4,8.615331e-14,1.501149e-16,6.736559e-21,1.006806e-11
1074,268.500000,4,8.570922e-14,1.501202e-16,8.430625e-21,1.373224e-11
1075,268.750000,4,8.615331e-14,1.801505e-16,-8.212249e-21,1.074629e-11
1076,269.000000,4,8.570922e-14,1.501307e-16,4.906835e-20,8.404277e-12
1077,269.250000,4,8.615331e-14,1.297132e-16,2.379633e-20,1.116696e-11
1078,269.500000,4,8.615331e-14,1.501412e-16,-1.012469e-21,4.144574e-12
1079,269.750000,4,8.570922e-14,1.201172e-16,-1.465764e-20,2.367451e-11
1080,270.000000,4,8.659740e-14,1.501518e-16,-5.321087e-20,2.445877e-11
1081,270.250000,4,8.615331e-14,1.229129e-16,7.795350e-21,1.634481e-11
1082,270.500000,4,8.659740e-14,1.501623e-16,-1.044895e-20,2.042266e-11
1083,270.750000,4,8.659740e-14,1.201340e-16,2.715799e-20,1.308664e-11
1084,271.000000,4,8.615331e-14,1.501728e-16,7.265955e-21,1.330247e-11
1085,271.250000,4,8.570922e-14,1.220474e-16,4.382734e-20,1.124933e-11
1086,271.500000,4,8.570922e-14,1.305181e-16,-1.713918e-21,1.918998e-11
1087,271.750000,4,8.570922e-14,1.220384e-16,-1.239447e-20,2.308220e-11
1088,272.000000,4,8.570922e-14,1.501938e-16,3.146595e-20,1.861544e-11
1089,272.250000,4,8.526513e-14,1.201592e-16,1.585540e-20,1.180900e-11
1090,272.500000,4,8.437695e-14,1.474468e-16,3.843412e-20,8.284373e-12
1091,272.750000,4,8.615331e-14,1.347309e-16,-3.189608e-21,1.401734e-11
1092,273.000000,4,8.615331e-14,1.313366e-16,1.404222e-20,1.168765e-11
1093,273.250000,4,8.570922e-14,1.262479e-16,-1.614657e-21,4.912737e-12
1094,273.500000,4,8.526513e-14,1.502252e-16,-9.489416e-21,1.987732e-11
1095,273.750000,4,8.437695e-14,1.502305e-16,3.913557e-20,2.850686e-11
1096,274.000000,4,8.482104e-14,1.502357e-16,3.402690e-20,2.169209e-11
1097,274.250000,4,8.570922e-14,1.338537e-16,-1.884648e-20,2.440992e-11
1098,274.500000,4,8.615331e-14,1.502461e-16,-2.503379e-20,1.363809e-11
1099,274.750000,4,8.570922e-14,1.202011e-16,3.752091e-20,1.365730e-11
1100,275.000000,4,8.615331e-14,1.202052e-16,2.597347e-20,8.167134e-12
1101,275.250000,4,8.615331e-14,1.202094e-16,1.270549e-20,1.128087e-11
1102,275.500000,4,8.615331e-14,1.502669e-16,-3.572759e-20,9.515166e-12
1103,275.750000,4,8.615331e-14,1.202177e-16,-4.464128e-20,2.675260e-11
1104,276.000000,4,8.615331e-14,1.202219e-16,7.848290e-21,2.826939e-11
1105,276.250000,4,8.570922e-14,1.202260e-16,-2.063981e-20,5.296430e-12
1106,276.500000,4,8.526513e-14,1.371963e-16,-1.606716e-20,1.989908e-11
1107,276.750000,4,8.526513e-14,1.346506e-16,-1.477014e-20,4.224621e-12
1108,277.000000,4,8.570922e-14,1.202385e-16,-1.228198e-20,1.868539e-11
1109,277.250000,4,8.570922e-14,1.202427e-16,-2.670801e-20,3.105871e-11
1110,277.500000,4,8.615331e-14,1.503085e-16,1.688110e-20,1.823275e-11
1111,277.750000,4,8.482104e-14,1.503137e-16,8.721792e-21,1.516720e-11
1112,278.000000,4,8.482104e-14,1.503189e-16,2.993732e-20,2.223199e-11
1113,278.250000,4,8.570922e-14,1.202593e-16,3.050642e-20,1.347766e-11
1114,278.500000,4,8.570922e-14,1.202635e-16,-1.240109e-20,2.295397e-11
1115,278.750000,4,8.526513e-14,1.202676e-16,5.657915e-21,2.075751e-11
1116,279.000000,4,8.526513e-14,1.503397e-16,-3.138654e-20,1.279821e-11
1117,279.250000,4,8.526513e-14,1.503449e-16,3.128066e-20,1.287881e-11
1118,279.500000,4,8.526513e-14,1.804201e-16,-4.738091e-21,1.194955e-11
1119,279.750000,4,8.570922e-14,1.202842e-16,1.874060e-20,1.242151e-11
1120,280.000000,4,8.615331e-14,1.202883e-16,-2.940131e-20,3.420009e-11
1121,280.250000,4,8.526513e-14,1.202925e-16,1.270549e-21,7.848722e-12
1122,280.500000,4,8.526513e-14,1.202966e-16,4.218621e-20,5.919820e-12
1123,280.750000,4,8.526513e-14,1.503760e-16,-1.269888e-20,1.681766e-11
1124,281.000000,4,8.526513e-14,1.503811e-16,-1.369149e-20,4.898748e-12
1125,281.250000,4,8.570922e-14,1.203091e-16,-1.599436e-20,1.784384e-11
1126,281.500000,4,8.526513e-14,1.379386e-16,1.809209e-20,1.882206e-11
1127,281.750000,4,8.526513e-14,1.203173e-16,4.307957e-21,1.293388e-11
1128,282.000000,4,8.482104e-14,1.504018e-16,-3.467541e-21,6.332268e-12
1129,282.250000,4,8.526513e-14,1.504070e-16,-4.771840e-20,1.315503e-11
1130,282.500000,4,8.570922e-14,1.504122e-16,2.189051e-20,8.760659e-12
1131,282.750000,4,8.526513e-14,1.203338e-16,7.735793e-21,1.853295e-11
1132,283.000000,4,8.482104e-14,1.203380e-16,-5.073595e-20,1.269151e-11
1133,283.250000,4,8.482104e-14,1.504276e-16,1.162685e-20,1.937872e-11
1134,283.500000,4,8.482104e-14,1.504327e-16,2.799179e-21,2.114264e-11
1135,283.750000,4,8.482104e-14,1.218178e-16,7.881377e-21,1.415468e-11
1136,284.000000,4,8.526513e-14,1.203544e-16,-3.002996e-20,9.232615e-12
1137,284.250000,4,8.570922e-14,1.203585e-16,-1.287093e-20,2.011213e-11
1138,284.500000,4,8.570922e-14,1.243412e-16,5.166901e-20,6.696865e-13
1139,284.750000,4,8.526513e-14,1.504583e-16,-2.512644e-20,2.353229e-11
1140,285.000000,4,8.437695e-14,1.203708e-16,4.771178e-21,9.205192e-12
1141,285.250000,4,8.570922e-14,1.805623e-16,3.145272e-20,2.813638e-11
1142,285.500000,4,8.482104e-14,1.203789e-16,8.152692e-21,1.458966e-11
1143,285.750000,4,8.437695e-14,1.504788e-16,1.304298e-20,1.892797e-11
1144,286.000000,4,8.526513e-14,1.319233e-16,-4.407218e-21,1.517375e-11
1145,286.250000,4,8.482104e-14,1.203912e-16,2.440514e-20,1.606404e-11
1146,286.500000,4,8.482104e-14,1.504941e-16,4.249723e-20,9.355183e-12
1147,286.750000,4,8.482104e-14,1.352901e-16,-1.226213e-20,2.062472e-11
1148,287.000000,4,8.482104e-14,1.505043e-16,-3.658785e-20,1.162226e-11
1149,287.250000,4,8.437695e-14,1.293611e-16,-1.801930e-20,1.292799e-11
1150,287.500000,4,8.526513e-14,1.204116e-16,-7.279189e-21,1.519795e-11
1151,287.750000,4,8.437695e-14,1.204157e-16,7.377789e-20,2.349609e-11
1152,288.000000,4,8.482104e-14,1.204197e-16,2.376324e-20,7.871703e-12
1153,288.250000,4,8.393286e-14,1.505298e-16,-1.934941e-20,7.673973e-12
1154,288.500000,4,8.437695e-14,1.204279e-16,-2.161258e-20,-9.855450e-13
1155,288.750000,4,8.437695e-14,1.505399e-16,4.700371e-20,1.378953e-11
1156,289.000000,4,8.482104e-14,1.204360e-16,-4.923379e-21,2.336065e-11
1157,289.250000,4,8.526513e-14,1.204401e-16,-1.109746e-20,1.919742e-11
1158,289.500000,4,8.437695e-14,1.505552e-16,-1.553776e-20,1.499256e-11
1159,289.750000,4,8.482104e-14,1.204482e-16,-1.054821e-20,1.509159e-11
1160,290.000000,4,8.482104e-14,1.505654e-16,-8.999725e-22,-2.281841e-12
1161,290.250000,4,8.482104e-14,1.204564e-16,1.345327e-20,1.959677e-11
1162,290.500000,4,8.437695e-14,1.204604e-16,1.312239e-20,2.058242e-11
1163,290.750000,4,8.526513e-14,1.505806e-16,-3.821574e-20,4.881096e-12
1164,291.000000,4,8.526513e-14,1.505857e-16,1.279152e-20,1.537914e-11
1165,291.250000,4,8.482104e-14,1.377294e-16,1.300328e-20,1.249778e-11
1166,291.500000,4,8.393286e-14,1.505958e-16,2.258534e-20,1.342115e-11
1167,291.750000,4,8.437695e-14,1.427879e-16,9.330597e-21,1.170675e-11
1168,292.000000,4,8.393286e-14,1.506060e-16,3.990981e-20,9.492518e-12
1169,292.250000,4,8.437695e-14,1.204888e-16,-1.164009e-20,1.353784e-11
1170,292.500000,4,8.348877e-14,1.506161e-16,-2.202286e-20,1.036227e-11
1171,292.750000,4,8.348877e-14,1.284043e-16,1.383708e-20,2.335443e-11
1172,293.000000,4,8.437695e-14,1.506263e-16,1.346650e-20,1.831468e-11
1173,293.250000,4,8.437695e-14,1.506313e-16,1.948176e-20,1.317779e-11
1174,293.500000,4,8.437695e-14,1.506364e-16,8.556356e-21,8.596790e-12
1175,293.750000,4,8.437695e-14,1.355773e-16,1.105113e-20,1.239220e-11
1176,294.000000,4,8.482104e-14,1.506465e-16,-5.161607e-22,1.518807e-11
1177,294.250000,4,8.348877e-14,1.224617e-16,3.051304e-20,5.955347e-12
1178,294.500000,4,8.393286e-14,1.309021e-16,2.776018e-20,9.950263e-12
1179,294.750000,4,8.437695e-14,1.205293e-16,1.780093e-21,2.112821e-11
1180,295.000000,4,8.526513e-14,1.506667e-16,1.982586e-20,7.122636e-12
1181,295.250000,4,8.393286e-14,1.258198e-16,7.193163e-21,1.342970e-11
1182,295.500000,4,8.437695e-14,1.506768e-16,1.227536e-20,1.907730e-11
1183,295.750000,4,8.348877e-14,1.506818e-16,-3.472173e-20,1.643174e-11
1184,296.000000,4,8.393286e-14,1.506869e-16,1.578922e-20,1.482614e-11
1185,296.250000,4,8.437695e-14,1.443740e-16,-1.068717e-20,7.810419e-12
1186,296.500000,4,8.437695e-14,1.241060e-16,1.868766e-20,1.141132e-11
1187,296.750000,4,8.437695e-14,1.507020e-16,1.172611e-20,4.338419e-12
1188,297.000000,4,8.393286e-14,1.205656e-16,1.159376e-20,8.233414e-13
1189,297.250000,4,8.437695e-14,1.300002e-16,2.759475e-21,2.802736e-11
1190,297.500000,4,8.393286e-14,1.507171e-16,2.302871e-21,1.297351e-11
1191,297.750000,4,8.348877e-14,1.721941e-16,1.852885e-20,1.485589e-11
1192,298.000000,4,8.393286e-14,1.507271e-16,-1.148127e-20,5.807799e-12
1193,298.250000,4,8.437695e-14,1.223830e-16,1.550467e-20,1.763734e-11
1194,298.500000,4,8.393286e-14,1.205897e-16,2.022291e-20,1.416722e-11
1195,298.750000,4,8.437695e-14,1.205937e-16,-3.977746e-20,7.244094e-12
1196,299.000000,4,8.348877e-14,1.248999e-16,1.949499e-20,2.050948e-11
1197,299.250000,4,8.437695e-14,1.507522e-16,6.452009e-21,1.524103e-11
1198,299.500000,4,8.393286e-14,1.507572e-16,-4.734120e-20,3.500755e-12
1199,299.750000,4,8.393286e-14,1.809147e-16,7.682854e-21,1.461875e-11
1200,300.000000,4,8.393286e-14,1.507673e-16,2.617199e-20,1.628875e-11
1201,300.250000,4,8.437695e-14,1.206178e-16,2.501394e-21,1.806233e-11
1202,300.500000,4,8.393286e-14,1.507773e-16,-2.117582e-22,1.739697e-11
1203,300.750000,4,8.437695e-14,1.507823e-16,1.677522e-20,3.710254e-12
1204,301.000000,4,8.393286e-14,1.507873e-16,1.056806e-20,1.070100e-11
1205,301.250000,4,8.348877e-14,1.507923e-16,-4.135903e-21,1.777423e-11
1206,301.500000,4,8.348877e-14,1.507973e-16,2.646978e-22,1.285050e-11
1207,301.750000,4,8.348877e-14,1.315937e-16,-1.001219e-20,9.382939e-12
1208,302.000000,4,8.437695e-14,1.206459e-16,-5.062345e-21,8.246848e-12
1209,302.250000,4,8.393286e-14,1.508123e-16,-3.959879e-20,2.248968e-11
1210,302.500000,4,8.393286e-14,1.508173e-16,2.579480e-20,2.872935e-11
1211,302.750000,4,8.393286e-14,1.206579e-16,1.602745e-20,1.149858e-11
1212,303.000000,4,8.482104e-14,1.206619e-16,-9.899698e-21,2.677281e-11
1213,303.250000,4,8.393286e-14,1.206659e-16,1.200405e-20,1.655487e-11
1214,303.500000,4,8.348877e-14,1.206699e-16,-6.385834e-21,9.342083e-12
1215,303.750000,4,8.304468e-14,1.508423e-16,1.826415e-20,9.881207e-12
1216,304.000000,4,8.348877e-14,1.508473e-16,2.054717e-20,7.790990e-12
1217,304.250000,4,8.348877e-14,1.551536e-16,3.639595e-22,2.175948e-11
1218,304.500000,4,8.437695e-14,1.508573e-16,4.476701e-20,1.500611e-11
1219,304.750000,4,8.348877e-14,1.508623e-16,1.526645e-20,1.964440e-11
1220,305.000000,4,8.393286e-14,1.475478e-16,2.966601e-20,3.242961e-12
1221,305.250000,4,8.393286e-14,1.508723e-16,5.448142e-20,8.058887e-12
1222,305.500000,4,8.304468e-14,1.207018e-16,-3.014246e-20,2.101030e-11
1223,305.750000,4,8.393286e-14,1.508822e-16,3.047995e-20,1.796363e-11
1224,306.000000,4,8.437695e-14,1.508872e-16,6.418922e-21,1.485367e-11
1225,306.250000,4,8.393286e-14,1.508921e-16,2.283018e-21,8.242296e-12
1226,306.500000,4,8.304468e-14,1.508971e-16,1.421427e-20,1.829270e-11
1227,306.750000,4,8.348877e-14,1.207216e-16,7.563740e-21,1.693046e-11
1228,307.000000,4,8.393286e-14,1.207256e-16,3.106229e-20,7.850387e-12
1229,307.250000,4,8.437695e-14,1.509120e-16,-1.029013e-20,2.048761e-11
1230,307.500000,4,8.437695e-14,1.509169e-16,-3.155198e-20,1.930522e-11
1231,307.750000,4,8.393286e-14,1.207375e-16,1.761564e-20,2.338219e-11
1232,308.000000,4,8.437695e-14,1.509269e-16,-2.640361e-21,1.568701e-11
1233,308.250000,4,8.260059e-14,1.280934e-16,-3.176374e-21,1.075628e-11
1234,308.500000,4,8.348877e-14,1.509368e-16,1.694066e-21,7.734036e-12
1235,308.750000,4,8.348877e-14,1.207534e-16,1.386355e-20,6.650236e-12
1236,309.000000,4,8.482104e-14,1.207573e-16,-2.829619e-20,2.278955e-11
1237,309.250000,4,8.393286e-14,1.207613e-16,-2.185080e-20,1.750777e-11
1238,309.500000,4,8.348877e-14,1.331250e-16,1.475028e-20,1.223488e-11
1239,309.750000,4,8.304468e-14,1.207692e-16,4.398616e-20,1.168954e-11
1240,310.000000,4,8.393286e-14,1.213201e-16,2.199639e-20,1.896239e-11
1241,310.250000,4,8.348877e-14,1.263705e-16,-1.919059e-20,1.657230e-11
1242,310.500000,4,8.348877e-14,1.509764e-16,-2.765430e-20,2.581602e-11
1243,310.750000,4,8.304468e-14,1.509813e-16,5.790264e-21,6.216139e-12
1244,311.000000,4,8.437695e-14,1.509863e-16,-2.235373e-20,2.661293e-11
1245,311.250000,4,8.304468e-14,1.509912e-16,-3.463571e-20,9.638512e-12
1246,311.500000,4,8.348877e-14,1.509962e-16,-1.052835e-20,2.135270e-11
1247,311.750000,4,8.393286e-14,1.322385e-16,8.854141e-21,1.477485e-11
1248,312.000000,4,8.348877e-14,1.208048e-16,3.952600e-20,1.782618e-11
1249,312.250000,4,8.260059e-14,1.208088e-16,1.015116e-20,4.564349e-12
1250,312.500000,4,8.437695e-14,1.510159e-16,4.851249e-20,6.757706e-12
1251,312.750000,4,8.260059e-14,1.812250e-16,2.279710e-20,2.317191e-11
1252,313.000000,4,8.304468e-14,1.208206e-16,7.656384e-21,1.002642e-11
1253,313.250000,4,8.260059e-14,1.208246e-16,-4.102816e-22,1.685518e-11
1254,313.500000,4,8.304468e-14,1.347307e-16,5.531522e-20,2.064793e-11
1255,313.750000,4,8.304468e-14,1.208325e-16,7.477713e-21,6.683765e-12
1256,314.000000,4,8.348877e-14,1.510455e-16,-3.412616e-20,9.744872e-12
1257,314.250000,4,8.260059e-14,1.510504e-16,-3.446365e-20,1.101719e-11
1258,314.500000,4,8.260059e-14,1.208443e-16,3.018217e-20,1.596168e-11
1259,314.750000,4,8.348877e-14,1.208482e-16,3.299458e-20,2.111666e-11
1260,315.000000,4,8.304468e-14,1.208522e-16,2.220815e-20,1.657385e-11
1261,315.250000,4,8.393286e-14,1.254359e-16,-1.357238e-20,4.941159e-12
1262,315.500000,4,8.393286e-14,1.208600e-16,1.720536e-22,3.284395e-11
1263,315.750000,4,8.260059e-14,1.510800e-16,3.077112e-21,4.267564e-11
1264,316.000000,4,8.260059e-14,1.510849e-16,-2.355810e-21,1.473288e-11
1265,316.250000,4,8.348877e-14,1.510898e-16,2.570877e-20,2.163758e-11
1266,316.500000,4,8.348877e-14,1.510947e-16,2.215521e-20,2.321765e-11
1267,316.750000,4,8.304468e-14,1.208797e-16,-1.087246e-20,2.388645e-11
1268,317.000000,4,8.348877e-14,1.511045e-16,-4.327809e-21,1.584888e-11
1269,317.250000,4,8.304468e-14,1.511093e-16,5.332337e-20,9.444667e-12
1270,317.500000,4,8.304468e-14,1.208914e-16,-5.148372e-21,2.031997e-11
1271,317.750000,4,8.304468e-14,1.208953e-16,4.503171e-20,2.190026e-11
1272,318.000000,4,8.304468e-14,1.211781e-16,2.574186e-20,2.376255e-11
1273,318.250000,4,8.304468e-14,1.511288e-16,-2.091774e-20,1.330203e-11
1274,318.500000,4,8.304468e-14,1.209070e-16,-3.384823e-20,6.507239e-12
1275,318.750000,4,8.215650e-14,1.511386e-16,3.320634e-20,1.700085e-11
1276,319.000000,4,8.304468e-14,1.511434e-16,1.228198e-20,1.505907e-11
1277,319.250000,4,8.260059e-14,1.360335e-16,4.021421e-20,1.613021e-11
1278,319.500000,4,8.304468e-14,1.511532e-16,1.655685e-20,2.560396e-11
1279,319.750000,4,8.348877e-14,1.691016e-16,-1.798622e-20,1.538014e-11
1280,320.000000,4,8.304468e-14,1.511629e-16,4.995509e-20,4.385603e-12
1281,320.250000,4,8.304468e-14,1.511677e-16,1.188493e-20,1.184430e-11
1282,320.500000,4,8.304468e-14,1.480530e-16,1.480322e-20,2.271672e-11
1283,320.750000,4,8.260059e-14,1.511775e-16,-7.434038e-20,2.120770e-11
1284,321.000000,4,8.260059e-14,1.511823e-16,9.357067e-21,2.272538e-11
1285,321.250000,4,8.260059e-14,1.511872e-16,-5.860409e-20,8.112622e-12
1286,321.500000,4,8.260059e-14,1.511920e-16,1.571643e-20,9.352519e-12
1287,321.750000,4,8.260059e-14,1.511969e-16,1.151435e-20,1.093770e-11
1288,322.000000,4,8.215650e-14,1.209614e-16,-1.852223e-20,1.566680e-11
1289,322.250000,4,8.304468e-14,1.286726e-16,9.800436e-21,2.471356e-11
1290,322.500000,4,8.215650e-14,1.512114e-16,5.882909e-21,8.135492e-12
1291,322.750000,4,8.260059e-14,1.209730e-16,3.427836e-20,2.547407e-11
1292,323.000000,4,8.260059e-14,1.219314e-16,1.788695e-20,1.733991e-11
1293,323.250000,4,8.260059e-14,1.209808e-16,-4.261635e-21,3.827383e-11
1294,323.500000,4,8.304468e-14,1.209847e-16,8.384303e-21,1.813372e-11
1295,323.750000,4,8.171241e-14,1.209885e-16,4.265605e-20,2.314637e-11
1296,324.000000,4,8.304468e-14,1.580676e-16,-7.411538e-21,2.519096e-11
1297,324.250000,4,8.304468e-14,1.387246e-16,8.132840e-21,1.441047e-11
1298,324.500000,4,8.215650e-14,1.210002e-16,2.117582e-20,1.732081e-11
1299,324.750000,4,8.304468e-14,1.210040e-16,-1.357238e-20,1.051115e-11
1300,325.000000,4,8.260059e-14,1.630889e-16,1.447235e-20,1.567035e-11
1301,325.250000,4,8.215650e-14,1.210118e-16,3.698490e-20,5.254464e-12
1302,325.500000,4,8.260059e-14,1.815235e-16,9.271040e-21,1.457545e-11
1303,325.750000,4,8.260059e-14,1.512744e-16,1.119672e-20,1.856826e-11
1304,326.000000,4,8.171241e-14,1.512792e-16,1.126951e-20,2.236011e-11
1305,326.250000,4,8.260059e-14,1.512841e-16,-5.458730e-20,1.546230e-11
1306,326.500000,4,8.304468e-14,1.512889e-16,1.954793e-20,2.837952e-11
1307,326.750000,4,8.348877e-14,1.210350e-16,3.872529e-20,1.300315e-11
1308,327.000000,4,8.304468e-14,1.512985e-16,-3.421219e-21,2.042588e-12
1309,327.250000,4,8.260059e-14,1.210427e-16,-4.294060e-20,2.817968e-12
1310,327.500000,4,8.260059e-14,1.210465e-16,7.815202e-21,1.482325e-11
1311,327.750000,4,8.304468e-14,1.513130e-16,1.864796e-20,1.076872e-11
1312,328.000000,4,8.260059e-14,1.210542e-16,2.601979e-20,1.782530e-11
1313,328.250000,4,8.215650e-14,1.210581e-16,2.839546e-20,1.739764e-11
1314,328.500000,4,8.260059e-14,1.513274e-16,5.035876e-21,1.511857e-11
1315,328.750000,4,8.215650e-14,1.226709e-16,-3.220049e-20,1.481792e-11
1316,329.000000,4,8.260059e-14,1.210696e-16,-2.038173e-21,6.859624e-12
1317,329.250000,4,8.171241e-14,1.513418e-16,-1.295696e-20,9.173107e-12
1318,329.500000,4,8.215650e-14,1.210773e-16,1.223566e-20,1.159806e-11
1319,329.750000,4,8.215650e-14,1.210811e-16,2.468307e-20,6.948220e-12
1320,330.000000,4,8.304468e-14,1.302095e-16,-4.182225e-21,2.317369e-11
1321,330.250000,4,8.260059e-14,1.210888e-16,-1.672228e-20,1.845546e-11
1322,330.500000,4,8.171241e-14,1.210927e-16,4.548832e-20,2.032485e-11
1323,330.750000,4,8.260059e-14,1.377552e-16,3.875837e-20,2.917866e-11
1324,331.000000,4,8.215650e-14,1.513754e-16,2.590068e-20,6.201262e-12
1325,331.250000,4,8.304468e-14,1.816563e-16,-1.570320e-20,1.290212e-11
1326,331.500000,4,8.171241e-14,1.211080e-16,3.584670e-20,1.491740e-11
1327,331.750000,4,8.393286e-14,1.513898e-16,1.852223e-20,3.872902e-12
1328,332.000000,4,8.215650e-14,1.816735e-16,8.258571e-21,2.640754e-11
1329,332.250000,4,8.215650e-14,1.211195e-16,1.468411e-20,1.407030e-11
1330,332.500000,4,8.215650e-14,1.514042e-16,-2.333311e-20,3.120837e-12
1331,332.750000,4,8.171241e-14,1.211272e-16,-1.891266e-20,1.843525e-11
1332,333.000000,4,8.215650e-14,1.514138e-16,-1.992513e-20,1.355294e-11
1333,333.250000,4,8.215650e-14,1.211348e-16,-1.993836e-20,1.793210e-11
1334,333.500000,4,8.215650e-14,1.514233e-16,1.038939e-20,1.400302e-11
1335,333.750000,4,8.171241e-14,1.817137e-16,-1.989204e-20,9.313217e-12
1336,334.000000,4,8.215650e-14,1.514329e-16,-1.596789e-20,2.150080e-11
1337,334.250000,4,8.215650e-14,1.514377e-16,-2.975203e-20,1.238232e-11
1338,334.500000,4,8.082424e-14,1.514425e-16,3.059245e-20,3.320455e-12
1339,334.750000,4,8.215650e-14,9.402298e-17,-2.901088e-20,2.205969e-11
1340,335.000000,4,8.215650e-14,1.211616e-16,2.353163e-20,1.479350e-11
1341,335.250000,4,8.215650e-14,1.211654e-16,2.535143e-20,9.813705e-12
1342,335.500000,4,8.260059e-14,1.514616e-16,2.046776e-20,1.487321e-11
1343,335.750000,4,8.171241e-14,1.363197e-16,2.005748e-20,1.606670e-11
1344,336.000000,4,8.304468e-14,1.211769e-16,-1.883987e-20,1.104428e-11
1345,336.250000,4,8.215650e-14,1.552726e-16,2.124200e-21,1.548295e-11
1346,336.500000,4,8.260059e-14,1.435171e-16,-3.853338e-20,1.909739e-11
1347,336.750000,4,8.215650e-14,1.211884e-16,-3.853338e-20,1.925238e-11
1348,337.000000,4,8.215650e-14,1.211922e-16,-3.009614e-20,1.730260e-11
1349,337.250000,4,8.171241e-14,1.211960e-16,5.264177e-20,1.461342e-11
1350,337.500000,4,8.126833e-14,1.514998e-16,-4.013480e-20,1.257083e-11
1351,337.750000,4,8.171241e-14,1.212036e-16,-3.547612e-20,1.300737e-11
1352,338.000000,4,8.126833e-14,1.493601e-16,-1.070703e-20,2.786238e-11
1353,338.250000,4,8.171241e-14,1.515141e-16,-2.778665e-20,1.630607e-11
1354,338.500000,4,8.126833e-14,1.515188e-16,2.076554e-20,1.472733e-11
1355,338.750000,4,8.171241e-14,1.212188e-16,4.956466e-21,2.091838e-11
1356,339.000000,4,8.260059e-14,1.515283e-16,3.590626e-20,1.671041e-11
1357,339.250000,4,8.171241e-14,1.515330e-16,-2.306841e-20,2.427658e-11
1358,339.500000,4,8.215650e-14,1.224827e-16,-1.553114e-20,2.431699e-11
1359,339.750000,4,8.171241e-14,1.233172e-16,-2.897779e-20,1.855893e-11
1360,340.000000,4,8.215650e-14,1.515473e-16,2.394853e-20,1.851741e-11
1361,340.250000,4,8.171241e-14,1.515520e-16,-5.823352e-22,1.014588e-11
1362,340.500000,4,8.126833e-14,1.515568e-16,1.532600e-20,1.254929e-11
1363,340.750000,4,8.215650e-14,1.212492e-16,-2.889838e-20,2.615708e-11
1364,341.000000,4,8.215650e-14,1.212530e-16,-2.703226e-20,1.588285e-11
1365,341.250000,4,8.171241e-14,1.212568e-16,-1.302313e-20,6.278755e-12
1366,341.500000,4,8.215650e-14,1.515757e-16,-9.079134e-21,2.493317e-11
1367,341.750000,4,8.215650e-14,1.515805e-16,2.537790e-20,6.276979e-12
1368,342.000000,4,8.171241e-14,1.364267e-16,-1.414810e-20,1.018829e-11
1369,342.250000,4,8.171241e-14,1.515899e-16,4.453540e-21,1.171618e-11
1370,342.500000,4,8.171241e-14,1.375245e-16,-4.963084e-22,1.729283e-12
1371,342.750000,4,8.171241e-14,1.515994e-16,8.205632e-22,1.197664e-11
1372,343.000000,4,8.215650e-14,1.516041e-16,-1.713918e-20,2.038703e-11
1373,343.250000,4,8.126833e-14,1.212871e-16,-1.819797e-21,1.580180e-11
1374,343.500000,4,8.171241e-14,1.212909e-16,4.526332e-21,1.331979e-11
1375,343.750000,4,8.082424e-14,1.212947e-16,-1.242756e-20,2.013212e-11
1376,344.000000,4,8.126833e-14,1.257578e-16,4.149138e-21,1.260125e-11
1377,344.250000,4,8.215650e-14,1.213022e-16,-1.882663e-20,8.859580e-12
1378,344.500000,4,8.126833e-14,1.213060e-16,3.113508e-20,2.183720e-11
1379,344.750000,4,8.215650e-14,1.213098e-16,-7.265955e-21,9.277468e-12
1380,345.000000,4,8.126833e-14,1.516419e-16,-3.303428e-20,1.595080e-11
1381,345.250000,4,8.171241e-14,1.819760e-16,1.705316e-20,4.235945e-12
1382,345.500000,4,8.126833e-14,1.213211e-16,-2.631758e-20,1.245137e-11
1383,345.750000,4,8.082424e-14,1.213249e-16,-3.990319e-21,2.097655e-11
1384,346.000000,4,8.171241e-14,1.213287e-16,2.163904e-20,1.328893e-11
1385,346.250000,4,8.215650e-14,1.213324e-16,-5.317779e-20,1.674727e-11
1386,346.500000,4,8.126833e-14,1.213362e-16,-3.685255e-20,1.727418e-11
1387,346.750000,4,8.215650e-14,1.516750e-16,2.717785e-20,1.822631e-11
1388,347.000000,4,8.171241e-14,1.213438e-16,1.036954e-20,3.209677e-11
1389,347.250000,4,8.171241e-14,1.213475e-16,7.901229e-21,2.489675e-11
1390,347.500000,4,8.126833e-14,1.516891e-16,-7.967404e-21,2.105183e-11
1391,347.750000,4,8.215650e-14,1.213551e-16,3.100273e-20,2.762657e-11
1392,348.000000,4,8.126833e-14,1.516985e-16,-4.407218e-21,1.158074e-11
1393,348.250000,4,8.126833e-14,1.517032e-16,4.030024e-20,4.688472e-12
1394,348.500000,4,8.126833e-14,1.213664e-16,2.863368e-20,1.486544e-11
1395,348.750000,4,8.171241e-14,1.374024e-16,1.245403e-20,1.462386e-11
1396,349.000000,4,8.082424e-14,1.248306e-16,-9.059282e-21,2.337242e-11
1397,349.250000,4,8.171241e-14,1.517221e-16,-2.620508e-21,1.503797e-11
1398,349.500000,4,8.126833e-14,1.281727e-16,5.361454e-20,3.240075e-12
1399,349.750000,4,8.126833e-14,1.524614e-16,-1.882663e-20,2.213474e-11
1400,350.000000,4,8.171241e-14,1.348649e-16,-6.723324e-21,2.252865e-11
1401,350.250000,4,8.171241e-14,1.517409e-16,-4.279502e-20,3.018963e-11
1402,350.500000,4,8.215650e-14,1.517455e-16,-1.052835e-20,7.814638e-12
1403,350.750000,4,8.126833e-14,1.365752e-16,-4.446923e-21,1.665468e-11
1404,351.000000,4,8.171241e-14,1.821059e-16,2.890500e-20,1.957967e-11
1405,351.250000,4,8.171241e-14,1.517596e-16,-8.576209e-21,2.562595e-11
1406,351.500000,4,8.126833e-14,1.517643e-16,1.927662e-20,1.103628e-11
1407,351.750000,4,8.126833e-14,1.517690e-16,9.244571e-21,2.583489e-11
1408,352.000000,4,8.082424e-14,1.239400e-16,2.682050e-20,2.802847e-11
1409,352.250000,4,8.171241e-14,1.517783e-16,1.451867e-20,3.801626e-12
1410,352.500000,4,8.171241e-14,1.214264e-16,2.491468e-20,1.484635e-11
1411,352.750000,4,8.171241e-14,1.214301e-16,-3.212769e-20,2.090572e-11
1412,353.000000,4,8.126833e-14,1.214338e-16,-1.137539e-20,1.213962e-11
1413,353.250000,4,8.082424e-14,1.517969e-16,3.448351e-20,1.569966e-11
1414,353.500000,4,8.126833e-14,1.518016e-16,2.716461e-20,1.869149e-11
1415,353.750000,4,8.126833e-14,1.214450e-16,1.543850e-20,1.083045e-11
1416,354.000000,4,8.126833e-14,1.297652e-16,-1.399590e-20,1.753442e-11
1417,354.250000,4,8.082424e-14,1.518155e-16,2.365737e-20,1.638623e-11
1418,354.500000,4,8.082424e-14,1.214561e-16,2.318753e-20,3.602896e-12
1419,354.750000,4,8.082424e-14,1.518248e-16,5.880923e-20,2.798228e-11
1420,355.000000,4,8.126833e-14,1.214636e-16,-4.718238e-21,1.610623e-11
1421,355.250000,4,8.126833e-14,1.297421e-16,7.160075e-21,4.609646e-12
1422,355.500000,4,8.082424e-14,1.230414e-16,2.573524e-20,3.069811e-11
1423,355.750000,4,8.126833e-14,1.518434e-16,3.094317e-20,1.986766e-11
1424,356.000000,4,8.126833e-14,1.518480e-16,1.598775e-20,1.262879e-11
1425,356.250000,4,8.171241e-14,1.518527e-16,-4.196784e-20,8.599343e-12
1426,356.500000,4,8.126833e-14,1.214859e-16,-2.649625e-20,2.497158e-11
1427,356.750000,4,8.082424e-14,1.214896e-16,-2.871971e-20,4.757528e-12
1428,357.000000,4,8.171241e-14,1.214933e-16,2.459704e-20,9.206413e-12
1429,357.250000,4,8.126833e-14,1.518712e-16,4.360896e-21,1.792433e-11
1430,357.500000,4,8.171241e-14,1.518759e-16,-1.394296e-20,1.732348e-11
1431,357.750000,4,8.082424e-14,1.518805e-16,1.854870e-20,1.863310e-11
1432,358.000000,4,8.126833e-14,1.518851e-16,7.517417e-21,1.497469e-11
1433,358.250000,4,8.082424e-14,1.215118e-16,-1.443265e-20,4.411360e-12
1434,358.500000,4,8.082424e-14,1.518944e-16,7.907847e-21,1.387024e-11
1435,358.750000,4,8.171241e-14,1.623062e-16,2.045452e-20,4.356293e-12
1436,359.000000,4,8.082424e-14,1.215229e-16,1.660979e-21,2.409961e-11
1437,359.250000,4,8.082424e-14,1.271587e-16,5.816734e-21,1.587419e-11
1438,359.500000,4,8.171241e-14,1.215303e-16,1.754285e-20,1.412426e-12
1439,359.750000,4,8.126833e-14,1.215340e-16,1.690757e-20,7.414069e-12
1440,360.000000,4,8.126833e-14,1.304911e-16,1.048865e-20,1.368550e-11
1441,360.250000,4,8.126833e-14,1.215414e-16,-9.317362e-21,1.038702e-11
1442,360.500000,4,8.126833e-14,1.519314e-16,-2.804473e-20,8.193890e-12
1443,360.750000,4,8.126833e-14,1.215488e-16,3.884440e-20,4.684475e-12
1444,361.000000,4,8.171241e-14,1.823288e-16,9.456329e-21,1.646971e-11
1445,361.250000,4,8.082424e-14,1.271225e-16,-5.221164e-21,1.978573e-11
1446,361.500000,4,8.082424e-14,1.519499e-16,2.069937e-20,3.413692e-11
1447,361.750000,4,8.082424e-14,1.254408e-16,1.012469e-20,1.443956e-11
1448,362.000000,4,8.038015e-14,1.519591e-16,4.658019e-20,2.188583e-11
1449,362.250000,4,8.126833e-14,1.519637e-16,4.824779e-20,2.379785e-11
1450,362.500000,4,8.082424e-14,1.519683e-16,-6.021875e-22,7.438494e-13
1451,362.750000,4,8.082424e-14,1.215783e-16,2.126185e-20,2.411915e-11
1452,363.000000,4,8.126833e-14,1.519775e-16,-4.841323e-20,1.032752e-11
1453,363.250000,4,8.038015e-14,1.215857e-16,-1.060776e-20,6.986633e-12
1454,363.500000,4,8.126833e-14,1.519867e-16,-4.526332e-21,8.906653e-12
1455,363.750000,4,8.038015e-14,1.215931e-16,-7.657707e-20,7.161161e-12
1456,364.000000,4,8.171241e-14,1.519959e-16,4.698386e-22,1.831624e-11
1457,364.250000,4,8.082424e-14,1.520005e-16,1.120995e-20,2.214096e-11
1458,364.500000,4,8.082424e-14,1.520051e-16,1.604730e-20,2.091460e-11
1459,364.750000,4,8.082424e-14,1.216078e-16,-4.493245e-21,5.930367e-12
1460,365.000000,4,8.082424e-14,1.278897e-16,2.031556e-20,3.155431e-11
1461,365.250000,4,8.038015e-14,1.520189e-16,2.219491e-20,1.955414e-11
1462,365.500000,4,7.993606e-14,1.520235e-16,4.740738e-20,1.574296e-11
1463,365.750000,4,8.038015e-14,1.216225e-16,1.506792e-20,1.151323e-11
1464,366.000000,4,8.126833e-14,1.520327e-16,2.257210e-20,2.350942e-11
1465,366.250000,4,7.993606e-14,1.520373e-16,5.673797e-20,2.262723e-11
1466,366.500000,4,8.082424e-14,1.520418e-16,2.600656e-20,1.577871e-11
1467,366.750000,4,8.038015e-14,1.520464e-16,9.998959e-21,6.029177e-12
1468,367.000000,4,8.126833e-14,1.520510e-16,2.646978e-21,3.019252e-11
1469,367.250000,4,8.082424e-14,1.216445e-16,1.398266e-20,1.889178e-11
1470,367.500000,4,8.082424e-14,1.520602e-16,5.922613e-21,2.672218e-11
1471,367.750000,4,8.126833e-14,1.520648e-16,-1.852885e-21,1.137201e-11
1472,368.000000,4,8.038015e-14,1.520694e-16,7.742411e-21,2.387335e-11
1473,368.250000,4,8.082424e-14,1.528939e-16,-2.325370e-20,4.255263e-12
1474,368.500000,4,8.038015e-14,1.216628e-16,3.874514e-20,1.466471e-11
1475,368.750000,4,8.082424e-14,1.520831e-16,4.328471e-20,1.122569e-11
1476,369.000000,4,8.171241e-14,1.520877e-16,1.055482e-20,1.510569e-11
1477,369.250000,4,8.038015e-14,1.269754e-16,1.124966e-22,2.026690e-11
1478,369.500000,4,8.038015e-14,1.261354e-16,-3.630330e-20,1.434719e-11
1479,369.750000,4,8.082424e-14,1.216811e-16,-2.118906e-20,2.527956e-11
1480,370.000000,4,8.126833e-14,1.521060e-16,-9.178396e-21,1.302447e-11
1481,370.250000,4,8.038015e-14,1.521106e-16,-3.441071e-22,9.819923e-12
1482,370.500000,4,7.993606e-14,1.216921e-16,-3.619742e-21,3.730349e-12
1483,370.750000,4,7.993606e-14,1.521197e-16,3.620404e-20,1.003619e-11
1484,371.000000,4,8.126833e-14,1.269430e-16,2.722417e-20,-3.855138e-12
1485,371.250000,4,8.082424e-14,1.521288e-16,-1.721859e-20,1.792544e-11
1486,371.500000,4,8.038015e-14,1.521334e-16,-2.763445e-20,1.426259e-11
1487,371.750000,4,8.082424e-14,1.217104e-16,1.219595e-20,3.012435e-11
1488,372.000000,4,8.082424e-14,1.521426e-16,3.216078e-20,2.295719e-12
1489,372.250000,4,8.038015e-14,1.217177e-16,-6.050992e-20,1.181721e-11
1490,372.500000,4,8.038015e-14,1.217214e-16,-1.610686e-20,1.818412e-11
1491,372.750000,4,8.038015e-14,1.335900e-16,2.137435e-20,1.038458e-11
1492,373.000000,4,8.038015e-14,1.217287e-16,1.998468e-21,1.876321e-11
1493,373.250000,4,8.082424e-14,1.217323e-16,1.592157e-20,2.847944e-12
1494,373.500000,4,8.082424e-14,1.521699e-16,6.438774e-21,1.634937e-11
1495,373.750000,4,8.038015e-14,1.217396e-16,3.675991e-20,1.507239e-11
1496,374.000000,4,8.038015e-14,1.277220e-16,-1.827738e-20,1.135159e-11
1497,374.250000,4,7.993606e-14,1.521836e-16,-3.844735e-21,1.251488e-11
1498,374.500000,4,8.015810e-14,1.217505e-16,1.480984e-20,9.776180e-12
1499,374.750000,4,8.015810e-14,1.521927e-16,3.822898e-20,5.956347e-12
1500,375.000000,4,7.993606e-14,1.521972e-16,-1.415471e-20,2.248024e-11
1501,375.250000,4,8.060219e-14,1.522018e-16,1.913103e-20,1.808109e-11
1502,375.500000,4,8.104628e-14,1.522063e-16,6.559873e-20,4.231060e-12
1503,375.750000,4,8.015810e-14,1.522108e-16,-2.961968e-20,5.025758e-12
1504,376.000000,4,7.949197e-14,1.826585e-16,1.754946e-20,1.997602e-11
1505,376.250000,4,8.015810e-14,1.522199e-16,2.958660e-20,1.108913e-11
1506,376.500000,4,8.082424e-14,1.260062e-16,2.843516e-20,2.231193e-11
1507,376.750000,4,7.993606e-14,1.217832e-16,1.465102e-20,1.756195e-11
1508,377.000000,4,7.993606e-14,1.522335e-16,2.783297e-20,6.679768e-12
1509,377.250000,4,8.082424e-14,1.217905e-16,3.779885e-20,2.648881e-11
1510,377.500000,4,8.038015e-14,1.217941e-16,-6.624062e-21,1.762324e-11
1511,377.750000,4,8.038015e-14,1.522471e-16,-1.656346e-20,1.135714e-11
1512,378.000000,4,8.060219e-14,1.522517e-16,-1.063423e-20,1.124767e-11
1513,378.250000,4,7.993606e-14,1.218050e-16,4.147814e-20,2.636225e-11
1514,378.500000,4,8.038015e-14,1.218086e-16,-1.536571e-20,2.563372e-11
1515,378.750000,4,7.971401e-14,1.218122e-16,-3.363647e-20,1.502043e-11
1516,379.000000,4,8.038015e-14,1.522698e-16,-4.843970e-21,2.436207e-11
1517,379.250000,4,8.038015e-14,1.218195e-16,4.213989e-20,1.913358e-11
1518,379.500000,4,8.060219e-14,1.522789e-16,-3.881131e-20,2.047851e-11
1519,379.750000,4,8.015810e-14,1.522834e-16,1.195111e-20,2.029910e-11
1520,380.000000,4,8.060219e-14,1.522879e-16,2.420000e-20,9.338086e-12
1521,380.250000,4,8.060219e-14,1.251026e-16,-3.771944e-21,1.517142e-11
1522,380.500000,4,8.015810e-14,1.522970e-16,9.092369e-21,1.113376e-11
1523,380.750000,4,8.038015e-14,1.218412e-16,7.087283e-21,2.060152e-11
1524,381.000000,4,7.993606e-14,1.218448e-16,5.501744e-20,1.279910e-11
1525,381.250000,4,7.993606e-14,1.523105e-16,6.088049e-22,1.618927e-11
1526,381.500000,4,8.038015e-14,1.370835e-16,-1.027689e-20,3.067147e-11
1527,381.750000,4,7.993606e-14,1.218556e-16,1.231506e-20,1.631451e-11
1528,382.000000,4,7.971401e-14,1.218593e-16,-3.282253e-21,2.812661e-11
1529,382.250000,4,8.038015e-14,1.523286e-16,1.189817e-20,1.434675e-11
1530,382.500000,4,7.949197e-14,1.523331e-16,8.516652e-21,2.040035e-11
1531,382.750000,4,8.060219e-14,1.317261e-16,5.651298e-21,2.014500e-11
1532,383.000000,4,7.993606e-14,1.218737e-16,7.206397e-21,2.265566e-11
1533,383.250000,4,8.060219e-14,1.371120e-16,-2.600656e-20,5.057510e-12
1534,383.500000,4,8.015810e-14,1.523512e-16,-2.140743e-20,1.279865e-11
1535,383.750000,4,8.038015e-14,1.523557e-16,3.884440e-21,2.732636e-11
1536,384.000000,4,7.971401e-14,1.523602e-16,-9.132074e-22,1.687894e-11
1537,384.250000,4,7.926992e-14,1.523647e-16,1.765534e-20,1.043299e-11
1538,384.500000,4,7.993606e-14,1.218954e-16,-1.803915e-20,2.106537e-11
1539,384.750000,4,8.038015e-14,1.523737e-16,-3.772605e-20,4.244383e-12
1540,385.000000,4,8.038015e-14,1.219026e-16,-1.036292e-20,1.761369e-11
1541,385.250000,4,7.993606e-14,1.219062e-16,3.909586e-20,7.238210e-12
1542,385.500000,4,8.015810e-14,1.523873e-16,-1.422751e-21,1.003553e-11
1543,385.750000,4,7.993606e-14,1.523918e-16,-1.749652e-20,2.083911e-11
1544,386.000000,4,7.949197e-14,1.219170e-16,-1.192464e-20,2.269518e-11
1545,386.250000,4,7.971401e-14,1.524007e-16,7.795350e-21,2.120437e-11
1546,386.500000,4,7.926992e-14,1.524052e-16,3.454306e-20,1.124878e-11
1547,386.750000,4,8.082424e-14,1.524097e-16,2.903735e-20,4.032774e-12
1548,387.000000,4,8.015810e-14,1.219314e-16,3.761356e-20,6.795231e-12
1549,387.250000,4,8.038015e-14,1.524187e-16,3.321296e-20,8.891776e-12
1550,387.500000,4,7.993606e-14,1.524232e-16,-3.449012e-20,1.669243e-11
1551,387.750000,4,7.971401e-14,1.524277e-16,-1.836341e-20,1.261236e-11
1552,388.000000,4,7.971401e-14,1.524322e-16,-1.191802e-20,8.670398e-12
1553,388.250000,4,7.993606e-14,1.524366e-16,1.266579e-20,2.381895e-11
1554,388.500000,4,8.038015e-14,1.219529e-16,-4.617653e-20,1.269207e-11
1555,388.750000,4,7.993606e-14,1.524456e-16,5.379983e-21,2.264744e-11
1556,389.000000,4,7.926992e-14,1.219600e-16,4.433026e-20,1.573741e-11
1557,389.250000,4,7.971401e-14,1.219636e-16,4.180240e-20,8.875567e-12
1558,389.500000,4,7.993606e-14,1.524589e-16,3.249827e-20,1.059086e-11
1559,389.750000,4,7.971401e-14,1.240937e-16,-1.449220e-21,1.531419e-11
1560,390.000000,4,7.949197e-14,1.524678e-16,4.043259e-21,1.346123e-11
1561,390.250000,4,7.971401e-14,1.524723e-16,-3.785178e-21,2.220046e-11
1562,390.500000,4,7.926992e-14,1.219814e-16,1.228198e-20,1.287304e-11
1563,390.750000,4,7.949197e-14,1.524812e-16,-7.742411e-22,2.095035e-11
1564,391.000000,4,7.993606e-14,1.524857e-16,-3.826868e-20,8.342438e-12
1565,391.250000,4,7.904788e-14,1.415518e-16,2.746240e-20,1.922151e-11
1566,391.500000,4,7.949197e-14,1.540359e-16,-3.925468e-20,1.232592e-11
1567,391.750000,4,8.038015e-14,1.219992e-16,-2.624479e-20,7.844614e-12
1568,392.000000,4,7.904788e-14,1.220028e-16,2.401471e-20,1.923772e-11
1569,392.250000,4,8.015810e-14,1.525079e-16,-2.343899e-20,2.948020e-11
1570,392.500000,4,7.904788e-14,1.525124e-16,4.196784e-20,2.076095e-11
1571,392.750000,4,7.926992e-14,1.525168e-16,3.438424e-20,3.038569e-11
1572,393.000000,4,7.971401e-14,1.525213e-16,-1.235477e-20,2.238276e-11
1573,393.250000,4,7.882583e-14,1.525257e-16,-1.899207e-21,1.685030e-11
1574,393.500000,4,7.971401e-14,1.506604e-16,1.546497e-20,1.128608e-11
1575,393.750000,4,7.926992e-14,1.372811e-16,4.896909e-21,2.550671e-11
1576,394.000000,4,8.015810e-14,1.525390e-16,2.106994e-20,8.025358e-12
1577,394.250000,4,7.993606e-14,1.220348e-16,-2.683374e-20,2.320455e-11
1578,394.500000,4,7.971401e-14,1.373218e-16,-2.996379e-20,6.738832e-12
1579,394.750000,4,7.882583e-14,1.525524e-16,-3.441071e-22,2.160405e-11
1580,395.000000,4,7.949197e-14,1.220454e-16,4.588536e-20,1.928480e-11
1581,395.250000,4,8.015810e-14,1.256562e-16,-3.427836e-21,1.156852e-11
1582,395.500000,4,7.949197e-14,1.373091e-16,1.389663e-22,2.075784e-11
1583,395.750000,4,7.904788e-14,1.220561e-16,2.503379e-20,2.240386e-11
1584,396.000000,4,8.015810e-14,1.289703e-16,1.562379e-20,9.682699e-12
1585,396.250000,4,7.993606e-14,1.525790e-16,-1.199081e-20,1.103606e-11
1586,396.500000,4,7.971401e-14,1.525834e-16,-3.124757e-20,1.801959e-11
1587,396.750000,4,7.949197e-14,1.525879e-16,-4.379425e-20,1.758860e-11
1588,397.000000,4,7.904788e-14,1.220738e-16,-2.464998e-20,1.453349e-11
1589,397.250000,4,7.882583e-14,1.373370e-16,-2.940131e-20,1.717315e-11
1590,397.500000,4,7.949197e-14,1.526012e-16,1.069379e-20,1.470313e-11
1591,397.750000,4,7.860379e-14,1.220845e-16,3.514525e-20,1.537614e-11
1592,398.000000,4,7.882583e-14,1.526100e-16,-6.465905e-20,1.343725e-11
1593,398.250000,4,7.949197e-14,1.526144e-16,2.318091e-20,7.715828e-12
1594,398.500000,4,7.904788e-14,1.526189e-16,-1.925676e-20,2.224043e-11
1595,398.750000,4,7.904788e-14,1.526233e-16,1.051512e-20,1.242539e-11
1596,399.000000,4,7.838175e-14,1.526277e-16,8.053430e-21,4.205747e-12
1597,399.250000,4,7.882583e-14,1.239176e-16,5.315132e-20,1.580069e-11
1598,399.500000,4,7.926992e-14,1.526365e-16,9.754114e-21,1.380962e-11
1599,399.750000,4,7.904788e-14,1.526409e-16,1.063423e-20,1.500511e-11
1600,400.000000,4,7.971401e-14,1.526453e-16,4.287443e-20,1.276046e-11
1601,400.250000,4,7.926992e-14,1.471820e-16,1.289078e-20,1.087264e-11
1602,400.500000,4,7.949197e-14,1.526542e-16,-2.854766e-20,1.748379e-11
1603,400.750000,4,7.882583e-14,1.221268e-16,3.434454e-21,4.431122e-12
1604,401.000000,4,7.904788e-14,1.221304e-16,-3.753415e-20,1.499423e-11
1605,401.250000,4,7.926992e-14,1.221339e-16,2.764107e-20,8.849366e-12
1606,401.500000,4,7.882583e-14,1.371778e-16,4.135241e-20,2.092193e-11
1607,401.750000,4,7.949197e-14,1.526762e-16,-3.024172e-21,3.184120e-13
1608,402.000000,4,7.949197e-14,1.221445e-16,1.572305e-20,1.369749e-11
1609,402.250000,4,7.882583e-14,1.371623e-16,4.149138e-21,1.700906e-11
1610,402.500000,4,7.926992e-14,1.221515e-16,-6.418922e-22,1.463074e-11
1611,402.750000,4,7.904788e-14,1.526938e-16,-1.404884e-20,2.757550e-11
1612,403.000000,4,7.904788e-14,1.526982e-16,-4.807574e-20,8.463896e-12
1613,403.250000,4,7.904788e-14,1.221621e-16,3.340486e-20,1.301603e-11
1614,403.500000,4,7.838175e-14,1.271629e-16,2.063981e-20,1.152767e-11
1615,403.750000,4,7.993606e-14,1.271581e-16,2.683374e-20,6.457945e-12
1616,404.000000,4,7.926992e-14,1.221726e-16,5.691003e-21,8.611556e-12
1617,404.250000,4,7.926992e-14,1.337968e-16,-3.149242e-20,1.902700e-11
1618,404.500000,4,7.926992e-14,1.527246e-16,-4.048553e-20,1.307177e-12
1619,404.750000,4,7.904788e-14,1.527290e-16,-7.007874e-21,1.384182e-11
1620,405.000000,4,7.882583e-14,1.527334e-16,-2.126185e-20,1.670775e-11
1621,405.250000,4,7.904788e-14,1.527378e-16,-1.299004e-20,1.349054e-11
1622,405.500000,4,7.926992e-14,1.527422e-16,-1.518042e-20,4.791056e-12
1623,405.750000,4,7.926992e-14,1.370900e-16,5.796882e-21,2.039813e-11
1624,406.000000,4,7.949197e-14,1.527510e-16,-2.858736e-21,2.233369e-11
1625,406.250000,4,7.838175e-14,1.527553e-16,2.873295e-20,1.327605e-11
1626,406.500000,4,7.882583e-14,1.527597e-16,-1.537894e-20,1.784550e-11
1627,406.750000,4,7.993606e-14,1.527641e-16,3.559524e-20,2.593836e-11
1628,407.000000,4,7.860379e-14,1.237730e-16,2.359781e-20,2.583489e-11
1629,407.250000,4,7.926992e-14,1.527729e-16,1.457823e-20,8.731238e-12
1630,407.500000,4,7.882583e-14,1.527773e-16,3.357692e-20,1.396194e-11
1631,407.750000,4,7.949197e-14,1.833380e-16,2.302871e-21,2.528200e-12
1632,408.000000,4,7.882583e-14,1.527861e-16,6.974787e-21,1.350831e-11
1633,408.250000,4,7.904788e-14,1.222324e-16,1.545173e-20,3.269163e-11
1634,408.500000,4,7.860379e-14,1.527948e-16,1.228198e-20,2.387357e-11
1635,408.750000,4,7.926992e-14,1.527992e-16,-2.459704e-20,2.131983e-11
1636,409.000000,4,7.904788e-14,1.222429e-16,-3.938703e-20,7.382317e-12
1637,409.250000,4,7.904788e-14,1.528080e-16,1.813842e-20,1.050737e-11
1638,409.500000,4,7.882583e-14,1.528124e-16,3.597905e-20,1.314948e-11
1639,409.750000,4,7.882583e-14,1.222534e-16,3.652168e-20,1.204525e-11
1640,410.000000,4,7.904788e-14,1.222569e-16,-2.110965e-21,1.916023e-11
1641,410.250000,4,7.838175e-14,1.528255e-16,2.461690e-20,8.358425e-12
1642,410.500000,4,7.904788e-14,1.222639e-16,1.125627e-20,2.762879e-11
1643,410.750000,4,7.904788e-14,1.519303e-16,-6.471861e-21,2.476575e-11
1644,411.000000,4,7.949197e-14,1.222709e-16,2.686683e-20,1.532219e-11
1645,411.250000,4,7.838175e-14,1.222744e-16,1.775460e-20,1.996647e-11
1646,411.500000,4,7.860379e-14,1.528473e-16,-9.469564e-21,1.132072e-11
1647,411.750000,4,7.882583e-14,1.222814e-16,9.932785e-21,1.090528e-11
1648,412.000000,4,7.838175e-14,1.528561e-16,4.989553e-21,1.483902e-11
1649,412.250000,4,7.882583e-14,1.222883e-16,5.211238e-20,1.298783e-11
1650,412.500000,4,7.904788e-14,1.528648e-16,1.758255e-20,1.738321e-11
1651,412.750000,4,7.926992e-14,1.528691e-16,2.911676e-22,1.089506e-11
1652,413.000000,4,7.904788e-14,1.361097e-16,-4.632211e-23,1.947043e-11
1653,413.250000,4,7.949197e-14,1.223023e-16,6.352747e-22,1.496314e-11
1654,413.500000,4,7.860379e-14,1.223058e-16,1.514733e-20,2.718914e-11
1655,413.750000,4,7.882583e-14,1.528866e-16,-2.862045e-20,2.270872e-11
1656,414.000000,4,7.815970e-14,1.394083e-16,-1.641788e-20,1.383249e-11
1657,414.250000,4,7.882583e-14,1.223162e-16,1.612671e-20,1.108513e-11
1658,414.500000,4,7.882583e-14,1.609712e-16,2.408750e-21,1.217515e-11
1659,414.750000,4,7.860379e-14,1.223232e-16,2.482865e-20,1.418576e-11
1660,415.000000,4,7.815970e-14,1.294309e-16,2.928219e-20,8.585799e-12
1661,415.250000,4,7.904788e-14,1.223301e-16,8.040196e-21,2.524514e-11
1662,415.500000,4,7.904788e-14,1.835004e-16,-6.571123e-21,1.597789e-11
1663,415.750000,4,7.926992e-14,1.393712e-16,1.042248e-20,6.693535e-12
1664,416.000000,4,7.860379e-14,1.529257e-16,-9.138691e-21,2.345102e-11
1665,416.250000,4,7.904788e-14,1.376371e-16,1.597451e-20,2.007461e-11
1666,416.500000,4,7.860379e-14,1.529344e-16,9.158544e-21,1.242229e-11
1667,416.750000,4,7.838175e-14,1.529388e-16,4.643461e-20,1.489764e-11
1668,417.000000,4,7.860379e-14,1.529431e-16,2.210888e-20,6.207479e-12
1669,417.250000,4,7.860379e-14,1.376527e-16,2.345884e-20,2.833001e-11
1670,417.500000,4,7.882583e-14,1.529518e-16,4.417806e-20,1.311751e-11
1671,417.750000,4,7.860379e-14,1.384995e-16,1.976631e-20,2.010592e-11
1672,418.000000,4,7.882583e-14,1.268839e-16,3.623051e-20,1.810196e-11
1673,418.250000,4,7.904788e-14,1.223719e-16,1.576937e-20,1.501910e-11
1674,418.500000,4,7.838175e-14,1.529692e-16,-2.233388e-20,1.688893e-11
1675,418.750000,4,7.860379e-14,1.529735e-16,-7.610062e-21,1.373568e-12
1676,419.000000,4,7.838175e-14,1.529779e-16,4.237150e-20,2.381428e-12
1677,419.250000,4,7.815970e-14,1.223858e-16,-5.049110e-21,1.287459e-11
1678,419.500000,4,7.904788e-14,1.223892e-16,4.554787e-20,1.758815e-11
1679,419.750000,4,7.860379e-14,1.529909e-16,1.118348e-21,8.204992e-12
1680,420.000000,4,7.882583e-14,1.529952e-16,-1.456500e-20,2.064104e-11
1681,420.250000,4,7.926992e-14,1.529995e-16,-3.348427e-21,2.453282e-11
1682,420.500000,4,7.949197e-14,1.224031e-16,2.812414e-21,2.167111e-11
1683,420.750000,4,7.860379e-14,1.224066e-16,1.861487e-20,1.452083e-11
1684,421.000000,4,7.815970e-14,1.530125e-16,3.104243e-20,1.670086e-11
1685,421.250000,4,7.926992e-14,1.326238e-16,-3.519157e-20,1.678480e-11
1686,421.500000,4,7.904788e-14,1.224170e-16,-3.208137e-20,2.882716e-11
1687,421.750000,4,7.904788e-14,1.259833e-16,-1.197758e-20,2.140599e-11
1688,422.000000,4,7.815970e-14,1.224239e-16,7.960786e-21,9.242607e-12
1689,422.250000,4,7.838175e-14,1.224274e-16,1.663626e-20,6.643353e-12
1690,422.500000,4,7.882583e-14,1.224308e-16,-6.452009e-21,2.331357e-11
1691,422.750000,4,7.904788e-14,1.243074e-16,-2.401471e-20,1.782441e-11
1692,423.000000,4,7.793766e-14,1.224377e-16,-1.858179e-20,6.417755e-12
1693,423.250000,4,7.838175e-14,1.530515e-16,5.300573e-21,1.460676e-11
1694,423.500000,4,7.860379e-14,1.530558e-16,2.731681e-20,1.412204e-12
1695,423.750000,4,7.860379e-14,1.224481e-16,-7.146840e-21,9.625856e-12
1696,424.000000,4,7.882583e-14,1.234562e-16,3.679961e-20,1.577205e-11
1697,424.250000,4,7.815970e-14,1.224550e-16,3.437101e-20,1.985834e-11
1698,424.500000,4,7.838175e-14,1.530731e-16,4.078331e-20,2.078360e-11
1699,424.750000,4,7.838175e-14,1.375269e-16,-3.123434e-21,-2.521539e-12
1700,425.000000,4,7.904788e-14,1.530817e-16,-5.283368e-20,1.736433e-11
1701,425.250000,4,7.904788e-14,1.530860e-16,-1.123642e-20,1.313061e-11
1702,425.500000,4,7.815970e-14,1.283998e-16,-5.558654e-21,6.118439e-12
1703,425.750000,4,7.882583e-14,1.267385e-16,4.473393e-21,7.367440e-13
1704,426.000000,4,7.815970e-14,1.530989e-16,3.693858e-20,2.253975e-11
1705,426.250000,4,7.838175e-14,1.071722e-16,3.844074e-20,-8.796963e-12
1706,426.500000,4,7.793766e-14,1.292097e-16,3.384823e-20,1.493472e-12
1707,426.750000,4,7.793766e-14,1.531117e-16,-2.708520e-20,2.443579e-11
1708,427.000000,4,7.793766e-14,1.224928e-16,1.005852e-20,1.743516e-11
1709,427.250000,4,7.860379e-14,1.531203e-16,2.016335e-20,7.673862e-12
1710,427.500000,4,7.860379e-14,1.275349e-16,1.827738e-20,3.326006e-12
1711,427.750000,4,7.838175e-14,1.531289e-16,-6.511566e-21,1.542411e-11
1712,428.000000,4,7.860379e-14,1.531331e-16,-5.472627e-21,-6.211920e-12
1713,428.250000,4,7.815970e-14,1.225099e-16,-2.425955e-20,1.609068e-11
1714,428.500000,4,7.860379e-14,1.266887e-16,-5.241016e-21,1.653855e-11
1715,428.750000,4,7.882583e-14,1.531460e-16,-1.383046e-21,9.081846e-12
1716,429.000000,4,7.815970e-14,1.531503e-16,2.441837e-21,7.334799e-12
1717,429.250000,4,7.838175e-14,1.258473e-16,-1.455838e-21,1.331424e-11
1718,429.500000,4,7.793766e-14,1.837906e-16,2.752195e-20,1.120193e-11
1719,429.750000,4,7.860379e-14,1.225305e-16,-3.640918e-20,6.971312e-12
1720,430.000000,4,7.882583e-14,1.531673e-16,2.216182e-20,2.469402e-11
1721,430.250000,4,7.860379e-14,1.225373e-16,-3.288870e-20,4.972689e-12
1722,430.500000,4,7.860379e-14,1.225407e-16,-2.653595e-21,1.773448e-11
1723,430.750000,4,7.793766e-14,1.225441e-16,1.716565e-20,2.648171e-11
1724,431.000000,4,7.904788e-14,1.531844e-16,-2.646978e-21,1.176703e-11
1725,431.250000,4,7.749357e-14,1.531887e-16,-4.288104e-21,7.127632e-12
1726,431.500000,4,7.771561e-14,1.225544e-16,-5.129843e-20,1.680989e-11
1727,431.750000,4,7.793766e-14,1.531972e-16,-1.416795e-20,1.134981e-11
1728,432.000000,4,7.838175e-14,1.532015e-16,6.518183e-21,2.512301e-11
1729,432.250000,4,7.793766e-14,1.532058e-16,-3.073803e-20,3.294320e-11
1730,432.500000,4,7.749357e-14,1.532100e-16,-1.025042e-20,2.384093e-11
1731,432.750000,4,7.793766e-14,1.532143e-16,2.713152e-21,2.631251e-11
1732,433.000000,4,7.882583e-14,1.381935e-16,-1.003205e-20,5.775380e-13
1733,433.250000,4,7.793766e-14,1.532228e-16,3.025496e-20,2.465361e-11
1734,433.500000,4,7.860379e-14,1.225817e-16,2.769401e-20,1.034839e-11
1735,433.750000,4,7.926992e-14,1.532314e-16,4.221268e-20,2.293521e-11
1736,434.000000,4,7.815970e-14,1.225885e-16,2.393530e-20,1.641332e-11
1737,434.250000,4,7.771561e-14,1.532399e-16,-3.651506e-20,1.940204e-11
1738,434.500000,4,7.838175e-14,1.532442e-16,1.326136e-20,2.610157e-11
1739,434.750000,4,7.727152e-14,1.532484e-16,-3.235931e-20,9.513057e-12
1740,435.000000,4,7.838175e-14,1.671096e-16,2.190374e-20,7.709611e-12
1741,435.250000,4,7.860379e-14,1.532569e-16,6.125107e-20,1.290634e-11
1742,435.500000,4,7.860379e-14,1.532612e-16,1.253344e-20,9.629630e-12
1743,435.750000,4,7.838175e-14,1.226124e-16,7.080666e-21,1.872502e-11
1744,436.000000,4,7.771561e-14,1.226158e-16,1.365841e-20,2.486167e-11
1745,436.250000,4,7.882583e-14,1.532740e-16,-1.989204e-20,1.252776e-12
1746,436.500000,4,7.793766e-14,1.538411e-16,2.009718e-20,2.592726e-11
1747,436.750000,4,7.793766e-14,1.532825e-16,-2.355810e-21,1.923106e-11
1748,437.000000,4,7.815970e-14,1.226294e-16,9.145309e-21,1.536993e-11
1749,437.250000,4,7.815970e-14,1.532910e-16,3.256445e-20,6.182166e-12
1750,437.500000,4,7.815970e-14,1.226362e-16,8.807819e-21,1.080958e-11
1751,437.750000,4,7.815970e-14,1.226396e-16,1.061438e-20,3.684608e-12
1752,438.000000,4,7.860379e-14,1.226430e-16,1.633847e-20,-9.852119e-13
1753,438.250000,4,7.793766e-14,1.587653e-16,-1.273196e-20,1.050515e-11
1754,438.500000,4,7.904788e-14,1.226497e-16,-1.901854e-20,1.767186e-11
1755,438.750000,4,7.815970e-14,1.533164e-16,1.179890e-20,5.175194e-12
1756,439.000000,4,7.793766e-14,1.256762e-16,1.389002e-20,1.844791e-11
1757,439.250000,4,7.815970e-14,1.533249e-16,1.230845e-21,1.936873e-11
1758,439.500000,4,7.771561e-14,1.533291e-16,2.325370e-20,1.523692e-11
1759,439.750000,4,7.860379e-14,1.226667e-16,1.230845e-21,1.943823e-11
1760,440.000000,4,7.771561e-14,1.533376e-16,1.574952e-21,1.231304e-11
1761,440.250000,4,7.749357e-14,1.533418e-16,-1.451206e-20,2.572054e-11
1762,440.500000,4,7.771561e-14,1.226768e-16,2.433896e-20,1.440825e-11
1763,440.750000,4,7.815970e-14,1.533503e-16,2.099054e-20,2.966183e-11
1764,441.000000,4,7.771561e-14,1.226836e-16,-1.199081e-20,1.222755e-11
1765,441.250000,4,7.771561e-14,1.533588e-16,-7.649766e-21,1.524558e-11
1766,441.500000,4,7.838175e-14,1.226904e-16,-1.995821e-20,2.735900e-11
1767,441.750000,4,7.793766e-14,1.471178e-16,7.974021e-21,1.505085e-11
1768,442.000000,4,7.838175e-14,1.533714e-16,1.770167e-20,1.114198e-11
1769,442.250000,4,7.771561e-14,1.264465e-16,-7.557122e-21,1.698441e-11
1770,442.500000,4,7.727152e-14,1.227039e-16,-7.040961e-21,1.572942e-11
1771,442.750000,4,7.771561e-14,1.533841e-16,6.590975e-21,6.517897e-12
1772,443.000000,4,7.860379e-14,1.533883e-16,-6.035110e-21,2.162115e-11
1773,443.250000,4,7.793766e-14,1.227141e-16,2.579480e-20,1.434364e-11
1774,443.500000,4,7.771561e-14,1.533968e-16,1.064085e-20,9.843903e-12
1775,443.750000,4,7.771561e-14,1.227208e-16,1.287755e-20,2.018474e-11
1776,444.000000,4,7.793766e-14,1.534052e-16,-1.364517e-20,6.523670e-12
1777,444.250000,4,7.860379e-14,1.534095e-16,-1.310916e-20,2.231926e-11
1778,444.500000,4,7.704948e-14,1.534137e-16,6.650532e-21,1.790279e-11
1779,444.750000,4,7.838175e-14,1.227343e-16,3.144610e-20,1.255018e-11
1780,445.000000,4,7.882583e-14,1.534221e-16,-7.040961e-21,9.772627e-12
1781,445.250000,4,7.815970e-14,1.227411e-16,-5.889526e-21,1.189848e-11
1782,445.500000,4,7.727152e-14,1.534306e-16,3.805031e-20,-4.522160e-12
1783,445.750000,4,7.838175e-14,1.227478e-16,-1.673552e-20,8.528733e-12
1784,446.000000,4,7.727152e-14,1.227512e-16,4.652064e-21,6.490364e-13
1785,446.250000,4,7.704948e-14,1.380989e-16,-2.433896e-20,1.138467e-11
1786,446.500000,4,7.815970e-14,1.534474e-16,-2.931528e-20,5.080159e-12
1787,446.750000,4,7.749357e-14,1.227613e-16,3.450998e-20,4.413581e-12
1788,447.000000,4,7.815970e-14,1.227647e-16,7.629914e-21,2.148881e-11
1789,447.250000,4,7.815970e-14,1.227681e-16,7.828437e-21,4.059419e-12
1790,447.500000,4,7.793766e-14,1.534643e-16,3.042039e-20,2.406519e-11
1791,447.750000,4,7.727152e-14,1.534685e-16,-1.158715e-20,5.959011e-12
1792,448.000000,4,7.727152e-14,1.227782e-16,-2.283018e-21,1.414557e-11
1793,448.250000,4,7.771561e-14,1.534769e-16,5.902761e-21,1.540768e-12
1794,448.500000,4,7.793766e-14,1.227849e-16,-1.912442e-20,2.183365e-11
1795,448.750000,4,7.771561e-14,1.227883e-16,4.325162e-20,1.386091e-11
1796,449.000000,4,7.749357e-14,1.534896e-16,-1.780754e-20,-5.644374e-13
1797,449.250000,4,7.771561e-14,1.227950e-16,-3.699813e-20,1.955591e-11
1798,449.500000,4,7.815970e-14,1.461371e-16,-1.921044e-20,1.296141e-11
1799,449.750000,4,7.771561e-14,1.296200e-16,3.494011e-21,6.900480e-12
1800,450.000000,4,7.793766e-14,1.228051e-16,-1.108422e-20,2.417910e-11
1801,450.250000,4,7.860379e-14,1.535106e-16,-1.611348e-20,2.286393e-12
1802,450.500000,4,7.727152e-14,1.535148e-16,-3.509893e-20,1.228884e-11
1803,450.750000,4,7.815970e-14,1.312535e-16,-3.136669e-21,1.221245e-14
1804,451.000000,4,7.771561e-14,1.452820e-16,1.821121e-20,4.318768e-12
1805,451.250000,4,7.771561e-14,1.228219e-16,-4.698386e-22,2.429901e-11
1806,451.500000,4,7.793766e-14,1.228253e-16,3.214093e-20,2.010014e-11
1807,451.750000,4,7.727152e-14,1.535358e-16,-7.014492e-22,1.731970e-11
1808,452.000000,4,7.727152e-14,1.229778e-16,4.722870e-20,2.165890e-11
1809,452.250000,4,7.771561e-14,1.535442e-16,-1.295034e-20,1.444067e-11
1810,452.500000,4,7.793766e-14,1.228387e-16,-1.017763e-20,2.852163e-11
1811,452.750000,4,7.771561e-14,1.228420e-16,1.069379e-20,3.185452e-12
1812,453.000000,4,7.815970e-14,1.535567e-16,-3.897675e-21,1.158651e-11
1813,453.250000,4,7.727152e-14,1.336850e-16,-2.293606e-20,1.842726e-11
1814,453.500000,4,7.682743e-14,1.254286e-16,1.236139e-20,1.689315e-11
1815,453.750000,4,7.771561e-14,1.228554e-16,-4.443614e-20,1.651213e-11
1816,454.000000,4,7.815970e-14,1.535735e-16,9.562208e-21,1.936895e-11
1817,454.250000,4,7.727152e-14,1.237657e-16,9.072517e-21,5.447864e-12
1818,454.500000,4,7.749357e-14,1.501640e-16,-5.293956e-21,1.400657e-11
1819,454.750000,4,7.815970e-14,1.228688e-16,-2.249931e-21,1.608802e-11
1820,455.000000,4,7.704948e-14,1.535902e-16,-6.236280e-20,3.069589e-11
1821,455.250000,4,7.771561e-14,1.535944e-16,-5.968935e-21,1.459677e-11
1822,455.500000,4,7.727152e-14,1.535986e-16,9.575443e-21,2.149458e-11
1823,455.750000,4,7.682743e-14,1.228822e-16,-5.634093e-20,1.809153e-11
1824,456.000000,4,7.771561e-14,1.536069e-16,2.816385e-20,1.066658e-11
1825,456.250000,4,7.771561e-14,1.228889e-16,-1.950823e-20,2.506995e-11
1826,456.500000,4,7.704948e-14,1.536153e-16,4.486628e-21,1.587175e-11
1827,456.750000,4,7.727152e-14,1.536195e-16,-1.475028e-20,1.393241e-11
1828,457.000000,4,7.727152e-14,1.536236e-16,-4.239797e-20,2.759348e-12
1829,457.250000,4,7.793766e-14,1.253655e-16,2.308827e-20,2.298250e-11
1830,457.500000,4,7.793766e-14,1.229056e-16,9.588678e-21,9.382051e-12
1831,457.750000,4,7.704948e-14,1.536362e-16,-2.581465e-20,1.574629e-11
1832,458.000000,4,7.704948e-14,1.335999e-16,2.101701e-20,-9.492407e-13
1833,458.250000,4,7.704948e-14,1.536445e-16,3.585993e-20,1.027933e-11
1834,458.500000,4,7.727152e-14,1.536487e-16,4.652064e-21,1.543454e-11
1835,458.750000,4,7.727152e-14,1.229223e-16,-7.338746e-21,1.149703e-11
1836,459.000000,4,7.660539e-14,1.536570e-16,4.614344e-20,1.956235e-11
1837,459.250000,4,7.660539e-14,1.536612e-16,2.682050e-20,9.790835e-12
1838,459.500000,4,7.727152e-14,1.229323e-16,-1.861487e-20,1.133826e-11
1839,459.750000,4,7.727152e-14,1.536695e-16,-1.985233e-22,8.780754e-12
1840,460.000000,4,7.793766e-14,1.229390e-16,-4.301339e-21,-2.220446e-14
1841,460.250000,4,7.749357e-14,1.229423e-16,2.665507e-20,5.436540e-12
1842,460.500000,4,7.704948e-14,1.536820e-16,1.269888e-20,2.130074e-11
1843,460.750000,4,7.660539e-14,1.536862e-16,1.482969e-20,1.294298e-12
1844,461.000000,4,7.793766e-14,1.536904e-16,6.220398e-22,8.082424e-12
1845,461.250000,4,7.749357e-14,1.071633e-16,1.370473e-20,1.968625e-11
1846,461.500000,4,7.771561e-14,1.229590e-16,-1.964058e-20,2.677591e-11
1847,461.750000,4,7.749357e-14,1.537029e-16,-6.160841e-21,4.399370e-12
1848,462.000000,4,7.749357e-14,1.537070e-16,2.061996e-20,6.749490e-12
1849,462.250000,4,7.749357e-14,1.844534e-16,9.932785e-21,3.128142e-11
1850,462.500000,4,7.727152e-14,1.229723e-16,-1.980601e-20,2.720180e-11
1851,462.750000,4,7.771561e-14,1.537195e-16,1.305622e-20,1.428768e-11
1852,463.000000,4,7.660539e-14,1.537237e-16,-9.998959e-21,8.610890e-12
1853,463.250000,4,7.727152e-14,1.537278e-16,-1.700683e-20,1.426459e-11
1854,463.500000,4,7.771561e-14,1.229856e-16,2.503379e-20,7.337686e-12
1855,463.750000,4,7.704948e-14,1.229889e-16,6.829203e-21,2.339062e-11
1856,464.000000,4,7.704948e-14,1.236048e-16,-2.105009e-20,2.401035e-11
1857,464.250000,4,7.749357e-14,1.537444e-16,-1.416133e-20,1.835487e-11
1858,464.500000,4,7.771561e-14,1.537485e-16,3.531730e-20,1.830247e-11
1859,464.750000,4,7.704948e-14,1.537526e-16,-3.263724e-20,1.264100e-11
1860,465.000000,4,7.727152e-14,1.537568e-16,-1.686787e-20,8.155032e-12
1861,465.250000,4,7.682743e-14,1.285277e-16,-1.171288e-21,1.178790e-11
1862,465.500000,4,7.682743e-14,1.537650e-16,1.164670e-21,1.853961e-11
1863,465.750000,4,7.815970e-14,1.537691e-16,-2.871971e-21,1.724110e-11
1864,466.000000,4,7.749357e-14,1.230186e-16,2.457057e-20,1.623346e-11
1865,466.250000,4,7.727152e-14,1.230219e-16,-3.990319e-21,1.047495e-11
1866,466.500000,4,7.749357e-14,1.230252e-16,-9.853375e-21,1.789102e-11
1867,466.750000,4,7.704948e-14,1.537856e-16,-1.555100e-21,9.025891e-12
1868,467.000000,4,7.727152e-14,1.230318e-16,5.009406e-21,7.029710e-12
1869,467.250000,4,7.771561e-14,1.230351e-16,1.046880e-20,2.720713e-12
1870,467.500000,4,7.749357e-14,1.614354e-16,2.212212e-20,2.321898e-11
1871,467.750000,4,7.727152e-14,1.230417e-16,1.330768e-20,8.770540e-12
1872,468.000000,4,7.749357e-14,1.230450e-16,4.751325e-21,1.499445e-11
1873,468.250000,4,7.727152e-14,1.538103e-16,-3.881131e-20,2.034994e-11
1874,468.500000,4,7.704948e-14,1.230516e-16,1.754285e-20,1.134182e-11
1875,468.750000,4,7.771561e-14,1.538186e-16,-3.658124e-20,1.622724e-11
1876,469.000000,4,7.727152e-14,1.230581e-16,-1.943544e-20,2.170686e-11
1877,469.250000,4,7.727152e-14,1.538268e-16,1.584878e-20,7.120526e-12
1878,469.500000,4,7.704948e-14,1.230647e-16,5.571889e-21,1.571654e-11
1879,469.750000,4,7.727152e-14,1.538350e-16,-1.923029e-20,1.478728e-11
1880,470.000000,4,7.682743e-14,1.538391e-16,2.527864e-21,1.090661e-11
1881,470.250000,4,7.771561e-14,1.350296e-16,-9.357067e-21,-2.230660e-12
1882,470.500000,4,7.704948e-14,1.230779e-16,-8.821054e-21,-6.989076e-12
1883,470.750000,4,7.704948e-14,1.538515e-16,-1.887295e-20,2.457412e-11
1884,471.000000,4,7.749357e-14,1.538556e-16,9.714409e-21,1.323475e-11
1885,471.250000,4,7.771561e-14,1.333653e-16,1.421427e-20,1.973444e-11
1886,471.500000,4,7.727152e-14,1.251288e-16,-1.020410e-20,1.240608e-11
1887,471.750000,4,7.749357e-14,1.230943e-16,1.963396e-20,1.350120e-11
1888,472.000000,4,7.704948e-14,1.234742e-16,2.970571e-20,1.020073e-11
1889,472.250000,4,7.660539e-14,1.231009e-16,2.840207e-20,2.934164e-11
1890,472.500000,4,7.771561e-14,1.231042e-16,3.000350e-20,2.222178e-11
1891,472.750000,4,7.727152e-14,1.538843e-16,3.462247e-20,9.910073e-12
1892,473.000000,4,7.704948e-14,1.325115e-16,1.968028e-20,2.196576e-11
1893,473.250000,4,7.682743e-14,1.538925e-16,-2.827634e-20,8.129275e-12
1894,473.500000,4,7.727152e-14,1.231173e-16,-1.190478e-20,6.089573e-12
1895,473.750000,4,7.682743e-14,1.231206e-16,-5.896143e-21,1.717804e-11
1896,474.000000,4,7.727152e-14,1.231239e-16,-2.161258e-20,2.407052e-11
1897,474.250000,4,7.660539e-14,1.242606e-16,-7.934316e-21,5.474954e-12
1898,474.500000,4,7.682743e-14,1.539130e-16,3.824221e-20,1.569544e-11
1899,474.750000,4,7.727152e-14,1.231337e-16,-9.277658e-21,1.220890e-11
1900,475.000000,4,7.616130e-14,1.539212e-16,1.453853e-20,2.431833e-11
1901,475.250000,4,7.793766e-14,1.539253e-16,-1.758255e-20,1.668377e-11
1902,475.500000,4,7.727152e-14,1.385365e-16,-3.480776e-21,1.694134e-11
1903,475.750000,4,7.682743e-14,1.349320e-16,-1.774137e-20,1.704192e-11
1904,476.000000,4,7.727152e-14,1.539376e-16,-2.243976e-20,2.454437e-11
1905,476.250000,4,7.660539e-14,1.539417e-16,4.294722e-21,-2.154499e-12
1906,476.500000,4,7.660539e-14,1.539458e-16,-6.293190e-21,1.885447e-11
1907,476.750000,4,7.593925e-14,1.539499e-16,-2.752857e-21,8.610446e-12
1908,477.000000,4,7.727152e-14,1.231632e-16,1.698036e-20,-1.837641e-12
1909,477.250000,4,7.704948e-14,1.539581e-16,-1.793328e-21,4.497513e-12
1910,477.500000,4,7.660539e-14,1.539622e-16,-3.871205e-20,-1.467493e-12
1911,477.750000,4,7.638334e-14,1.231730e-16,6.332895e-21,1.487988e-11
1912,478.000000,4,7.727152e-14,1.539704e-16,-1.598775e-20,1.895772e-11
1913,478.250000,4,7.727152e-14,1.539745e-16,2.335958e-21,3.315104e-11
1914,478.500000,4,7.749357e-14,1.231829e-16,-1.220919e-20,1.547940e-11
1915,478.750000,4,7.704948e-14,1.231861e-16,8.523269e-21,1.922129e-11
1916,479.000000,4,7.682743e-14,1.539867e-16,-9.535738e-21,1.988010e-11
1917,479.250000,4,7.593925e-14,1.539908e-16,4.810882e-21,1.270917e-11
1918,479.500000,4,7.727152e-14,1.231959e-16,-1.366502e-20,1.921285e-11
1919,479.750000,4,7.727152e-14,1.539990e-16,-1.252021e-20,2.131029e-11
1920,480.000000,4,7.749357e-14,1.406130e-16,-1.758255e-20,9.541479e-12
1921,480.250000,4,7.638334e-14,1.232057e-16,-4.982936e-21,2.285172e-11
1922,480.500000,4,7.704948e-14,1.232090e-16,5.035876e-21,2.462786e-11
1923,480.750000,4,7.727152e-14,1.232122e-16,-2.959321e-20,2.132516e-11
1924,481.000000,4,7.727152e-14,1.232155e-16,-2.040820e-20,3.021428e-11
1925,481.250000,4,7.704948e-14,1.232187e-16,2.766092e-20,1.884048e-11
1926,481.500000,4,7.660539e-14,1.848330e-16,1.442603e-21,1.560174e-11
1927,481.750000,4,7.727152e-14,1.232253e-16,-2.435220e-21,9.824586e-12
1928,482.000000,4,7.660539e-14,1.232285e-16,-1.563040e-20,6.685319e-12
1929,482.250000,4,7.704948e-14,1.540397e-16,-3.288870e-20,3.706369e-11
1930,482.500000,4,7.704948e-14,1.540438e-16,2.523232e-20,1.445399e-11
1931,482.750000,4,7.660539e-14,1.540479e-16,-3.815619e-20,2.506595e-11
1932,483.000000,4,7.638334e-14,1.540519e-16,1.011807e-20,2.420952e-11
1933,483.250000,4,7.660539e-14,1.540560e-16,-2.727049e-20,7.774004e-12
1934,483.500000,4,7.660539e-14,1.232481e-16,1.420765e-20,1.524336e-11
1935,483.750000,4,7.704948e-14,1.540641e-16,-1.414810e-20,9.949819e-12
1936,484.000000,4,7.660539e-14,1.232546e-16,3.050642e-21,1.404254e-11
1937,484.250000,4,7.704948e-14,1.540723e-16,-6.174076e-21,2.489964e-11
1938,484.500000,4,7.727152e-14,1.540763e-16,-1.091878e-20,2.057288e-11
1939,484.750000,4,7.682743e-14,1.232643e-16,-7.788733e-21,1.108846e-11
1940,485.000000,4,7.571721e-14,1.791369e-16,1.860164e-20,1.305467e-11
1941,485.250000,4,7.660539e-14,1.540885e-16,-6.643915e-21,1.533307e-11
1942,485.500000,4,7.660539e-14,1.232741e-16,6.405687e-21,9.994672e-12
1943,485.750000,4,7.749357e-14,1.540967e-16,-1.263932e-20,1.277933e-11
1944,486.000000,4,7.682743e-14,1.541007e-16,2.263166e-20,8.863354e-12
1945,486.250000,4,7.727152e-14,1.541048e-16,-1.291064e-20,2.023737e-11
1946,486.500000,4,7.704948e-14,1.232871e-16,4.112742e-20,1.156386e-11
1947,486.750000,4,7.704948e-14,1.232903e-16,-1.804577e-20,1.863953e-11
1948,487.000000,4,7.660539e-14,1.232936e-16,2.940131e-20,1.129297e-11
1949,487.250000,4,7.638334e-14,1.232968e-16,3.190270e-20,1.640021e-11
1950,487.500000,4,7.682743e-14,1.541251e-16,5.874306e-20,1.081824e-11
1951,487.750000,4,7.682743e-14,1.281391e-16,-7.365216e-21,1.667844e-11
1952,488.000000,4,7.771561e-14,1.305986e-16,2.067952e-20,6.296297e-12
1953,488.250000,4,7.660539e-14,1.541373e-16,-4.632211e-23,8.181011e-12
1954,488.500000,4,7.704948e-14,1.541413e-16,6.544653e-21,1.742118e-11
1955,488.750000,4,7.682743e-14,1.541454e-16,-2.097730e-21,1.299028e-11
1956,489.000000,4,7.682743e-14,1.541494e-16,-2.613891e-20,2.234057e-11
1957,489.250000,4,7.638334e-14,1.233228e-16,2.153317e-20,1.247624e-11
1958,489.500000,4,7.682743e-14,1.233260e-16,-6.696854e-21,9.120260e-12
1959,489.750000,4,7.660539e-14,1.233293e-16,-2.450440e-20,2.038281e-11
1960,490.000000,4,7.638334e-14,1.233325e-16,1.412824e-20,8.277823e-12
1961,490.250000,4,7.704948e-14,1.541697e-16,-7.623297e-21,1.544298e-11
1962,490.500000,4,7.682743e-14,1.305509e-16,3.685255e-20,2.099454e-11
1963,490.750000,4,7.727152e-14,1.233422e-16,-2.580804e-22,1.167000e-11
1964,491.000000,4,7.616130e-14,1.541818e-16,6.169444e-20,1.619860e-11
1965,491.250000,4,7.660539e-14,1.850231e-16,2.302871e-21,5.970779e-12
1966,491.500000,4,7.616130e-14,1.541899e-16,4.387366e-21,1.898148e-11
1967,491.750000,4,7.682743e-14,1.541940e-16,-8.774732e-21,1.030442e-11
1968,492.000000,4,7.660539e-14,1.541980e-16,-7.954169e-21,2.418332e-11
1969,492.250000,4,7.682743e-14,1.542021e-16,1.879354e-21,1.684275e-11
1970,492.500000,4,7.682743e-14,1.542061e-16,-2.410073e-20,1.955769e-11
1971,492.750000,4,7.616130e-14,1.542102e-16,-2.539114e-20,1.023404e-11
1972,493.000000,4,7.660539e-14,1.255781e-16,4.776472e-20,3.523959e-11
1973,493.250000,4,7.682743e-14,1.233746e-16,6.140989e-21,2.212652e-11
1974,493.500000,4,7.593925e-14,1.501901e-16,-3.363647e-20,2.674128e-11
1975,493.750000,4,7.638334e-14,1.542264e-16,-2.470954e-20,-2.846390e-12
1976,494.000000,4,7.727152e-14,1.233843e-16,-5.836586e-21,9.597434e-12
1977,494.250000,4,7.571721e-14,1.233875e-16,4.935952e-20,2.304756e-11
1978,494.500000,4,7.660539e-14,1.772471e-16,-7.835055e-21,6.951106e-12
1979,494.750000,4,7.593925e-14,1.233940e-16,1.056144e-20,3.969602e-11
1980,495.000000,4,7.638334e-14,1.542465e-16,2.448455e-21,1.073919e-11
1981,495.250000,4,7.704948e-14,1.234004e-16,-1.476352e-20,9.096501e-12
1982,495.500000,4,7.616130e-14,1.353768e-16,6.346130e-21,1.447997e-11
1983,495.750000,4,7.704948e-14,1.542586e-16,9.668087e-21,2.095679e-11
1984,496.000000,4,7.616130e-14,1.234101e-16,-1.985233e-22,3.428036e-11
1985,496.250000,4,7.660539e-14,1.542667e-16,1.997145e-20,1.140021e-11
1986,496.500000,4,7.571721e-14,1.542707e-16,3.782532e-20,2.050182e-11
1987,496.750000,4,7.616130e-14,1.542747e-16,2.521247e-21,2.298073e-11
1988,497.000000,4,7.593925e-14,1.542787e-16,8.199014e-21,6.517675e-12
1989,497.250000,4,7.616130e-14,1.542828e-16,-2.616538e-20,6.345813e-12
1990,497.500000,4,7.660539e-14,1.394372e-16,1.575614e-20,7.104761e-12
1991,497.750000,4,7.660539e-14,1.542908e-16,-1.280476e-20,4.952483e-12
1992,498.000000,4,7.616130e-14,1.542948e-16,-1.710610e-20,1.478617e-11
1993,498.250000,4,7.704948e-14,1.851586e-16,7.649766e-21,1.163114e-11
1994,498.500000,4,7.682743e-14,1.234423e-16,-2.121553e-20,1.695244e-11
1995,498.750000,4,7.682743e-14,1.234455e-16,9.522503e-21,2.040101e-11
1996,499.000000,4,7.593925e-14,1.234487e-16,1.167979e-20,9.908296e-12
1997,499.250000,4,7.682743e-14,1.234520e-16,-1.026366e-20,1.563749e-11
1998,499.500000,4,7.616130e-14,1.543190e-16,-1.657008e-20,1.220490e-11
1999,499.750000,4,7.616130e-14,1.279105e-16,2.885206e-21,2.523115e-11
2000,500.000000,4,7.593925e-14,1.234616e-16,3.664741e-20,3.915535e-12
2001,500.250000,4,7.638334e-14,1.543310e-16,1.952808e-20,1.982969e-11
2002,500.500000,4,7.660539e-14,1.543351e-16,-3.637609e-20,2.001799e-11
2003,500.750000,4,7.638334e-14,1.234713e-16,-2.213535e-20,1.944556e-11
2004,501.000000,4,7.638334e-14,1.234745e-16,3.222696e-21,9.470646e-12
2005,501.250000,4,7.638334e-14,1.543471e-16,-1.950161e-20,5.378364e-12
2006,501.500000,4,7.616130e-14,1.543511e-16,3.061230e-20,7.806644e-12
2007,501.750000,4,7.616130e-14,1.543551e-16,3.022187e-20,7.575496e-12
2008,502.000000,4,7.616130e-14,1.543591e-16,1.553776e-20,2.671086e-11
2009,502.250000,4,7.682743e-14,1.852357e-16,2.228094e-20,1.719358e-11
2010,502.500000,4,7.704948e-14,1.543671e-16,2.245961e-20,3.562972e-11
2011,502.750000,4,7.638334e-14,1.234969e-16,2.970571e-20,4.586598e-11
2012,503.000000,4,7.616130e-14,1.543751e-16,-2.441837e-20,6.699752e-12
2013,503.250000,4,7.571721e-14,1.235033e-16,-1.373782e-20,1.243472e-11
2014,503.500000,4,7.660539e-14,1.543831e-16,5.320426e-21,3.220313e-12
2015,503.750000,4,7.660539e-14,1.543871e-16,-2.202286e-20,8.061551e-12
2016,504.000000,4,7.660539e-14,1.235129e-16,-6.610827e-21,-5.055067e-12
2017,504.250000,4,7.616130e-14,1.543951e-16,-4.612359e-21,1.110423e-11
2018,504.500000,4,7.638334e-14,1.235192e-16,2.779327e-20,2.004263e-11
2019,504.750000,4,7.593925e-14,1.235224e-16,-3.197549e-20,1.082578e-11
2020,505.000000,4,7.638334e-14,1.544070e-16,-1.792004e-20,8.940848e-12
2021,505.250000,4,7.616130e-14,1.235288e-16,1.899207e-21,1.332312e-11
2022,505.500000,4,7.660539e-14,1.359900e-16,2.297577e-20,1.064282e-11
2023,505.750000,4,7.616130e-14,1.544190e-16,-6.624062e-21,1.731193e-11
2024,506.000000,4,7.660539e-14,1.235384e-16,2.160596e-20,2.207567e-11
2025,506.250000,4,7.660539e-14,1.433463e-16,3.894366e-20,2.229705e-11
2026,506.500000,4,7.616130e-14,1.253208e-16,-1.228860e-20,2.163070e-11
2027,506.750000,4,7.616130e-14,1.235479e-16,6.604210e-21,1.775025e-11
2028,507.000000,4,7.616130e-14,1.544389e-16,1.738403e-20,1.824851e-11
2029,507.250000,4,7.638334e-14,1.544429e-16,4.301339e-20,2.069123e-11
2030,507.500000,4,7.682743e-14,1.544469e-16,1.905824e-20,2.193490e-11
2031,507.750000,4,7.682743e-14,1.235607e-16,3.037407e-20,2.267964e-11
2032,508.000000,4,7.571721e-14,1.544548e-16,-3.163800e-20,1.937650e-11
2033,508.250000,4,7.527312e-14,1.235671e-16,7.610062e-22,2.564504e-11
2034,508.500000,4,7.616130e-14,1.544628e-16,-5.260869e-21,1.346812e-11
2035,508.750000,4,7.571721e-14,1.544668e-16,5.377336e-20,1.662781e-11
2036,509.000000,4,7.638334e-14,1.544707e-16,2.306180e-20,1.695089e-11
2037,509.250000,4,7.616130e-14,1.301797e-16,-3.629007e-20,1.149281e-11
2038,509.500000,4,7.593925e-14,1.235829e-16,2.645654e-20,8.940404e-12
2039,509.750000,4,7.593925e-14,1.544826e-16,1.660317e-20,2.620837e-11
2040,510.000000,4,7.616130e-14,1.544866e-16,3.963849e-20,1.330691e-11
2041,510.250000,4,7.660539e-14,1.853887e-16,2.724402e-20,2.032152e-11
2042,510.500000,4,7.593925e-14,1.544945e-16,-9.198248e-22,1.978639e-11
2043,510.750000,4,7.549517e-14,1.544985e-16,4.692430e-20,1.765632e-11
2044,511.000000,4,7.638334e-14,1.342367e-16,4.579272e-21,3.183609e-11
2045,511.250000,4,7.549517e-14,1.545064e-16,2.892485e-20,1.590927e-11
2046,511.500000,4,7.616130e-14,1.236083e-16,1.158053e-20,1.753775e-11
2047,511.750000,4,7.616130e-14,1.236115e-16,1.660317e-20,1.134803e-11
2048,512.000000,4,7.638334e-14,1.545183e-16,-3.194241e-20,7.035261e-12
2049,512.250000,4,7.593925e-14,1.545223e-16,1.772152e-20,6.378231e-12
2050,512.500000,4,7.638334e-14,1.236210e-16,8.979873e-21,6.593170e-12
2051,512.750000,4,7.682743e-14,1.545302e-16,-1.139524e-20,2.573786e-11
2052,513.000000,4,7.638334e-14,1.260120e-16,4.656696e-20,1.652745e-11
2053,513.250000,4,7.682743e-14,1.545381e-16,1.355253e-20,6.823875e-12
2054,513.500000,4,7.682743e-14,1.545421e-16,-5.372704e-20,1.225620e-11
2055,513.750000,4,7.616130e-14,1.545460e-16,-1.318857e-20,2.248557e-11
2056,514.000000,4,7.571721e-14,1.545500e-16,8.007108e-22,8.110401e-12
2057,514.250000,4,7.660539e-14,1.545540e-16,-8.271806e-22,6.822543e-12
2058,514.500000,4,7.616130e-14,1.545579e-16,2.184419e-20,8.550716e-12
2059,514.750000,4,7.593925e-14,1.236495e-16,-1.408854e-20,8.972600e-12
2060,515.000000,4,7.638334e-14,1.545658e-16,-3.973114e-20,8.006928e-12
2061,515.250000,4,7.682743e-14,1.854837e-16,-2.071260e-21,2.221334e-12
2062,515.500000,4,7.571721e-14,1.545737e-16,6.994639e-21,1.063505e-11
2063,515.750000,4,7.682743e-14,1.545777e-16,1.999130e-20,1.397460e-11
2064,516.000000,4,7.616130e-14,1.236653e-16,-3.096964e-21,1.997291e-11
2065,516.250000,4,7.571721e-14,1.236685e-16,1.709286e-20,2.732192e-11
2066,516.500000,4,7.616130e-14,1.316670e-16,-4.003554e-21,1.491318e-11
2067,516.750000,4,7.682743e-14,1.545935e-16,-4.301339e-21,2.195844e-11
2068,517.000000,4,7.660539e-14,1.236780e-16,2.830943e-20,3.610001e-12
2069,517.250000,4,7.616130e-14,1.546014e-16,8.007108e-22,2.198219e-11
2070,517.500000,4,7.616130e-14,1.381876e-16,5.619534e-20,1.508393e-11
2071,517.750000,4,7.549517e-14,1.546093e-16,5.055728e-21,5.311085e-12
2072,518.000000,4,7.638334e-14,1.236906e-16,-9.112222e-21,7.876810e-12
2073,518.250000,4,7.616130e-14,1.546172e-16,3.683270e-20,1.958944e-11
2074,518.500000,4,7.593925e-14,1.236969e-16,1.304960e-20,9.790613e-12
2075,518.750000,4,7.549517e-14,1.422477e-16,-2.772709e-21,2.957523e-11
2076,519.000000,4,7.571721e-14,1.237033e-16,2.731020e-20,1.734080e-11
2077,519.250000,4,7.638334e-14,1.267048e-16,-2.887853e-20,1.180833e-11
2078,519.500000,4,7.682743e-14,1.546370e-16,4.691768e-21,5.460299e-12
2079,519.750000,4,7.616130e-14,1.546409e-16,-4.343691e-20,1.339040e-11
2080,520.000000,4,7.571721e-14,1.546449e-16,1.271211e-20,2.206746e-11
2081,520.250000,4,7.616130e-14,1.546488e-16,9.959255e-21,2.378142e-11
2082,520.500000,4,7.616130e-14,1.546527e-16,-2.360443e-20,1.888223e-11
2083,520.750000,4,7.660539e-14,1.546567e-16,-2.750872e-20,9.968915e-12
2084,521.000000,4,7.593925e-14,1.855928e-16,2.234049e-20,1.713296e-11
2085,521.250000,4,7.571721e-14,1.546646e-16,1.495543e-21,4.381162e-12
2086,521.500000,4,7.638334e-14,1.454540e-16,8.470329e-22,-4.130030e-13
2087,521.750000,4,7.549517e-14,1.237380e-16,6.935082e-21,2.007705e-11
2088,522.000000,4,7.660539e-14,1.237411e-16,2.412059e-20,2.494960e-11
2089,522.250000,4,7.616130e-14,1.546803e-16,1.025704e-21,1.433831e-11
2090,522.500000,4,7.527312e-14,1.546843e-16,1.704654e-20,1.268674e-11
2091,522.750000,4,7.527312e-14,1.237506e-16,2.077878e-21,8.236301e-12
2092,523.000000,4,7.638334e-14,1.405173e-16,3.190932e-20,2.126188e-11
2093,523.250000,4,7.616130e-14,1.856353e-16,8.873994e-21,2.196798e-11
2094,523.500000,4,7.682743e-14,1.547000e-16,2.305518e-20,9.815482e-12
2095,523.750000,4,7.616130e-14,1.388666e-16,3.836795e-20,1.902500e-11
2096,524.000000,4,7.571721e-14,1.237663e-16,-5.426305e-22,1.100942e-11
2097,524.250000,4,7.571721e-14,1.547118e-16,1.978616e-20,7.442269e-12
2098,524.500000,4,7.616130e-14,1.237726e-16,-1.755608e-20,1.181744e-11
2099,524.750000,4,7.527312e-14,1.237757e-16,3.871205e-21,1.316369e-11
2100,525.000000,4,7.660539e-14,1.547236e-16,-5.849821e-21,1.323897e-11
2101,525.250000,4,7.616130e-14,1.347498e-16,3.990319e-21,2.450595e-11
2102,525.500000,4,7.549517e-14,1.237851e-16,5.942466e-21,1.349187e-11
2103,525.750000,4,7.616130e-14,1.273896e-16,4.261635e-21,1.428058e-11
2104,526.000000,4,7.571721e-14,1.237914e-16,1.229521e-20,1.814748e-11
2105,526.250000,4,7.593925e-14,1.237946e-16,1.462455e-21,1.352896e-11
2106,526.500000,4,7.593925e-14,1.547471e-16,-1.673552e-20,1.233835e-11
2107,526.750000,4,7.549517e-14,1.502301e-16,-2.506026e-20,-3.728129e-13
2108,527.000000,4,7.638334e-14,1.238040e-16,2.088466e-20,7.582601e-12
2109,527.250000,4,7.549517e-14,1.238071e-16,2.129494e-20,6.424861e-12
2110,527.500000,4,7.638334e-14,1.238102e-16,-1.216948e-20,1.314304e-11
2111,527.750000,4,7.593925e-14,1.547667e-16,-3.216078e-21,7.822409e-12
2112,528.000000,4,7.638334e-14,1.547706e-16,-2.713152e-22,6.749268e-12
2113,528.250000,4,7.549517e-14,1.547746e-16,5.231752e-20,1.514255e-11
2114,528.500000,4,7.527312e-14,1.547785e-16,-6.154224e-22,2.433587e-11
2115,528.750000,4,7.638334e-14,1.547824e-16,1.400913e-20,2.609912e-12
2116,529.000000,4,7.593925e-14,1.238291e-16,8.993108e-21,6.873613e-12
2117,529.250000,4,7.571721e-14,1.238322e-16,3.121449e-20,1.000577e-11
2118,529.500000,4,7.571721e-14,1.547942e-16,-9.185014e-21,1.928679e-12
2119,529.750000,4,7.571721e-14,1.238385e-16,1.130260e-20,1.823897e-11
2120,530.000000,4,7.571721e-14,1.238416e-16,-4.943231e-21,5.174972e-12
2121,530.250000,4,7.571721e-14,1.548059e-16,7.160075e-21,9.517498e-12
2122,530.500000,4,7.571721e-14,1.803299e-16,-5.955700e-23,2.153988e-11
2123,530.750000,4,7.571721e-14,1.548137e-16,-3.042039e-20,2.522138e-11
2124,531.000000,4,7.616130e-14,1.892903e-16,9.098987e-21,1.193667e-11
2125,531.250000,4,7.527312e-14,1.238572e-16,-6.478479e-21,1.040190e-11
2126,531.500000,4,7.527312e-14,1.548255e-16,-2.339267e-20,2.012435e-11
2127,531.750000,4,7.571721e-14,1.238635e-16,7.216985e-20,1.628853e-11
2128,532.000000,4,7.660539e-14,1.548333e-16,3.284900e-20,2.258815e-11
2129,532.250000,4,7.571721e-14,1.238698e-16,-8.721792e-21,1.482636e-11
2130,532.500000,4,7.616130e-14,1.248032e-16,-2.610582e-20,1.290501e-11
2131,532.750000,4,7.616130e-14,1.548450e-16,-2.223461e-21,2.706346e-11
2132,533.000000,4,7.593925e-14,1.548489e-16,-2.878589e-21,1.923905e-11
2133,533.250000,4,7.593925e-14,1.548528e-16,2.269784e-20,1.789036e-11
2134,533.500000,4,7.616130e-14,1.443566e-16,-3.156521e-21,2.502909e-11
2135,533.750000,4,7.527312e-14,1.238885e-16,7.576974e-21,6.173950e-12
2136,534.000000,4,7.505108e-14,1.548646e-16,4.802280e-20,6.881384e-12
2137,534.250000,4,7.527312e-14,1.255831e-16,-7.477713e-21,6.775247e-12
2138,534.500000,4,7.571721e-14,1.548724e-16,3.090347e-21,2.117262e-11
2139,534.750000,4,7.527312e-14,1.239010e-16,3.016893e-20,1.033440e-11
2140,535.000000,4,7.593925e-14,1.239041e-16,3.079759e-20,1.509703e-11
2141,535.250000,4,7.527312e-14,1.239073e-16,1.282461e-20,2.039413e-11
2142,535.500000,4,7.638334e-14,1.239104e-16,1.813842e-20,2.504397e-11
2143,535.750000,4,7.616130e-14,1.239135e-16,3.156521e-21,9.170886e-12
2144,536.000000,4,7.482903e-14,1.548958e-16,5.022641e-21,1.380895e-11
2145,536.250000,4,7.527312e-14,1.239198e-16,1.720536e-22,2.254219e-11
2146,536.500000,4,7.593925e-14,1.239229e-16,-1.376429e-21,2.374567e-11
2147,536.750000,4,7.571721e-14,1.239260e-16,4.289428e-20,4.887646e-12
2148,537.000000,4,7.616130e-14,1.549114e-16,1.573628e-20,7.597256e-12
2149,537.250000,4,7.593925e-14,1.239322e-16,-2.117582e-21,1.461253e-11
2150,537.500000,4,7.549517e-14,1.255162e-16,1.680169e-20,2.187561e-11
2151,537.750000,4,7.593925e-14,1.394308e-16,-5.001465e-20,1.004685e-11
2152,538.000000,4,7.549517e-14,1.442503e-16,-4.910144e-21,6.986189e-12
2153,538.250000,4,7.549517e-14,1.549309e-16,2.746901e-20,1.965850e-11
2154,538.500000,4,7.549517e-14,1.549348e-16,6.233633e-21,7.140066e-12
2155,538.750000,4,7.571721e-14,1.549387e-16,-7.351981e-21,-1.476819e-12
2156,539.000000,4,7.593925e-14,1.549426e-16,4.126639e-20,1.194156e-11
2157,539.250000,4,7.549517e-14,1.239572e-16,1.188493e-20,9.509726e-12
2158,539.500000,4,7.527312e-14,1.239603e-16,1.879354e-20,9.178880e-12
2159,539.750000,4,7.482903e-14,1.549542e-16,9.290893e-21,1.410028e-11
2160,540.000000,4,7.527312e-14,1.549581e-16,-7.682854e-21,1.636291e-11
2161,540.250000,4,7.527312e-14,1.239696e-16,-1.518042e-20,7.067014e-12
2162,540.500000,4,7.660539e-14,1.239727e-16,6.504948e-21,1.259459e-11
2163,540.750000,4,7.571721e-14,1.549698e-16,-3.163139e-21,1.619482e-11
2164,541.000000,4,7.505108e-14,1.549736e-16,-1.978616e-21,1.812417e-11
2165,541.250000,4,7.527312e-14,1.239820e-16,-2.805797e-21,2.437295e-11
2166,541.500000,4,7.638334e-14,1.549814e-16,-3.294164e-20,5.266232e-12
2167,541.750000,4,7.482903e-14,1.239882e-16,-3.421219e-21,1.113931e-11
2168,542.000000,4,7.527312e-14,1.549891e-16,5.884232e-20,7.692513e-12
2169,542.250000,4,7.527312e-14,1.490366e-16,1.813842e-20,2.534239e-11
2170,542.500000,4,7.482903e-14,1.549968e-16,3.707093e-20,3.329670e-11
2171,542.750000,4,7.616130e-14,1.550007e-16,-1.971999e-20,1.930434e-11
2172,543.000000,4,7.571721e-14,1.550046e-16,-4.327809e-21,2.326050e-11
2173,543.250000,4,7.527312e-14,1.240067e-16,4.592507e-21,2.276002e-11
2174,543.500000,4,7.505108e-14,1.550123e-16,8.470329e-22,1.207856e-11
2175,543.750000,4,7.527312e-14,1.240129e-16,4.650740e-20,1.921752e-11
2176,544.000000,4,7.527312e-14,1.359677e-16,4.507803e-20,2.445000e-11
2177,544.250000,4,7.527312e-14,1.550238e-16,-4.969701e-21,1.959655e-11
2178,544.500000,4,7.571721e-14,1.550277e-16,2.934175e-20,1.832956e-11
2179,544.750000,4,7.549517e-14,1.240252e-16,3.378867e-20,2.917222e-12
2180,545.000000,4,7.527312e-14,1.240283e-16,6.663767e-21,1.438250e-11
2181,545.250000,4,7.438494e-14,1.550393e-16,3.176374e-22,2.374345e-11
2182,545.500000,4,7.527312e-14,1.550431e-16,1.343341e-20,2.064904e-11
2183,545.750000,4,7.549517e-14,1.550470e-16,-1.222904e-20,1.181655e-11
2184,546.000000,4,7.527312e-14,1.240407e-16,3.549597e-20,1.940537e-11
2185,546.250000,4,7.616130e-14,1.550547e-16,-1.078644e-21,1.915956e-11
2186,546.500000,4,7.549517e-14,1.550585e-16,-6.886113e-20,1.806355e-11
2187,546.750000,4,7.571721e-14,1.240499e-16,-2.017659e-20,9.611423e-12
2188,547.000000,4,7.571721e-14,1.692675e-16,-1.071364e-20,1.404388e-11
2189,547.250000,4,7.527312e-14,1.240561e-16,-5.631446e-21,1.407452e-11
2190,547.500000,4,7.571721e-14,1.395666e-16,-4.139212e-20,1.296518e-11
2191,547.750000,4,7.482903e-14,1.550778e-16,4.671916e-21,1.537570e-11
2192,548.000000,4,7.571721e-14,1.240653e-16,1.905824e-21,1.228906e-11
2193,548.250000,4,7.505108e-14,1.550855e-16,8.821054e-21,6.800116e-12
2194,548.500000,4,7.482903e-14,1.240715e-16,1.868766e-20,1.429479e-11
2195,548.750000,4,7.505108e-14,1.550932e-16,-1.998468e-20,2.328404e-11
2196,549.000000,4,7.527312e-14,1.550971e-16,-3.540333e-21,1.489342e-11
2197,549.250000,4,7.549517e-14,1.240807e-16,2.898441e-21,2.189582e-12
2198,549.500000,4,7.438494e-14,1.415422e-16,-1.017763e-20,1.440559e-11
2199,549.750000,4,7.549517e-14,1.240869e-16,-1.025704e-20,2.550715e-11
2200,550.000000,4,7.593925e-14,1.551124e-16,-2.307503e-20,3.123257e-11
2201,550.250000,4,7.549517e-14,1.240930e-16,1.052174e-21,1.425216e-11
2202,550.500000,4,7.638334e-14,1.240961e-16,-3.614448e-20,5.688783e-13
2203,550.750000,4,7.482903e-14,1.240992e-16,2.953366e-20,1.649947e-11
2204,551.000000,4,7.482903e-14,1.241023e-16,1.291064e-20,1.976974e-11
2205,551.250000,4,7.505108e-14,1.241053e-16,3.799737e-20,2.133271e-11
2206,551.500000,4,7.505108e-14,1.658931e-16,3.434454e-21,1.139000e-11
2207,551.750000,4,7.593925e-14,1.551394e-16,2.346546e-20,1.068945e-11
2208,552.000000,4,7.549517e-14,1.551432e-16,1.811856e-20,3.957279e-12
2209,552.250000,4,7.505108e-14,1.241176e-16,-9.429859e-21,2.708700e-11
2210,552.500000,4,7.482903e-14,1.241207e-16,4.669931e-20,1.815725e-11
2211,552.750000,4,7.549517e-14,1.551547e-16,2.793223e-20,1.241429e-11
2212,553.000000,4,7.460699e-14,1.241268e-16,1.248050e-20,1.973754e-11
2213,553.250000,4,7.549517e-14,1.551624e-16,5.657915e-21,1.176104e-11
2214,553.500000,4,7.505108e-14,1.551662e-16,4.036641e-20,1.121925e-11
2215,553.750000,4,7.460699e-14,1.241361e-16,-3.970467e-22,1.119727e-11
2216,554.000000,4,7.616130e-14,1.241391e-16,-1.627891e-20,2.375833e-11
2217,554.250000,4,7.549517e-14,1.551777e-16,5.139769e-20,9.029666e-12
2218,554.500000,4,7.505108e-14,1.551816e-16,5.947098e-20,1.028289e-11
2219,554.750000,4,7.482903e-14,1.551854e-16,3.722975e-20,6.612488e-12
2220,555.000000,4,7.505108e-14,1.241514e-16,2.460366e-20,2.418110e-11
2221,555.250000,4,7.549517e-14,1.040276e-16,1.123642e-20,5.306422e-12
2222,555.500000,4,7.460699e-14,1.862362e-16,1.416795e-20,1.846190e-11
2223,555.750000,4,7.549517e-14,1.862408e-16,-2.564922e-20,1.974820e-11
2224,556.000000,4,7.571721e-14,1.552045e-16,3.525113e-20,1.423395e-11
2225,556.250000,4,7.527312e-14,1.552083e-16,1.165994e-20,1.314748e-11
2226,556.500000,4,7.527312e-14,1.552122e-16,1.813180e-20,2.215006e-11
2227,556.750000,4,7.549517e-14,1.552160e-16,1.070703e-20,2.118927e-11
2228,557.000000,4,7.505108e-14,1.552198e-16,2.822340e-20,1.642042e-11
2229,557.250000,4,7.505108e-14,1.552236e-16,1.571643e-20,7.112089e-12
2230,557.500000,4,7.527312e-14,1.241820e-16,-3.361000e-20,2.643641e-11
2231,557.750000,4,7.505108e-14,1.241850e-16,-1.338709e-20,9.863221e-12
2232,558.000000,4,7.527312e-14,1.241881e-16,1.040262e-20,1.649392e-11
2233,558.250000,4,7.505108e-14,1.241911e-16,1.634509e-21,1.081579e-11
2234,558.500000,4,7.482903e-14,1.552428e-16,1.581569e-20,8.269385e-12
2235,558.750000,4,7.549517e-14,1.616405e-16,-3.152551e-20,2.390688e-11
2236,559.000000,4,7.460699e-14,1.552504e-16,2.546393e-20,1.151612e-11
2237,559.250000,4,7.505108e-14,1.242034e-16,-7.960786e-21,3.609224e-11
2238,559.500000,4,7.549517e-14,1.552580e-16,4.990215e-20,3.480616e-11
2239,559.750000,4,7.482903e-14,1.552619e-16,3.387470e-20,1.900102e-11
2240,560.000000,4,7.549517e-14,1.242125e-16,-3.824883e-21,1.008504e-11
2241,560.250000,4,7.505108e-14,1.242156e-16,-6.220398e-22,8.100631e-12
2242,560.500000,4,7.527312e-14,1.242186e-16,2.226108e-20,4.712453e-12
2243,560.750000,4,7.549517e-14,1.242217e-16,-1.318195e-20,6.213696e-12
2244,561.000000,4,7.505108e-14,1.552809e-16,1.853546e-20,2.517297e-11
2245,561.250000,4,7.416290e-14,1.552848e-16,-2.005748e-20,2.466027e-11
2246,561.500000,4,7.505108e-14,1.552886e-16,-3.155198e-20,2.110156e-11
2247,561.750000,4,7.416290e-14,1.552924e-16,2.656904e-20,1.813905e-11
2248,562.000000,4,7.460699e-14,1.863554e-16,-2.971233e-21,7.283507e-12
2249,562.250000,4,7.616130e-14,1.863600e-16,-1.099819e-20,1.507261e-11
2250,562.500000,4,7.571721e-14,1.242431e-16,-2.276401e-21,2.329115e-11
2251,562.750000,4,7.549517e-14,1.242461e-16,3.175712e-20,1.843281e-11
2252,563.000000,4,7.527312e-14,1.242492e-16,1.784063e-20,2.127076e-11
2253,563.250000,4,7.482903e-14,1.347395e-16,1.060115e-20,-2.458256e-12
2254,563.500000,4,7.549517e-14,1.553191e-16,-1.688772e-20,1.727707e-11
2255,563.750000,4,7.482903e-14,1.242583e-16,2.458381e-20,1.058398e-11
2256,564.000000,4,7.482903e-14,1.242614e-16,3.282253e-20,-3.555378e-12
2257,564.250000,4,7.549517e-14,1.242644e-16,-2.246623e-20,2.083689e-11
2258,564.500000,4,7.549517e-14,1.242675e-16,-2.433896e-20,2.687517e-11
2259,564.750000,4,7.549517e-14,1.553381e-16,-6.279955e-21,1.821610e-11
2260,565.000000,4,7.460699e-14,1.553419e-16,1.195772e-20,2.325318e-11
2261,565.250000,4,7.549517e-14,1.553457e-16,4.493245e-21,-2.270406e-12
2262,565.500000,4,7.460699e-14,1.242796e-16,2.340590e-20,1.976552e-11
2263,565.750000,4,7.482903e-14,1.553534e-16,5.785632e-20,9.737544e-12
2264,566.000000,4,7.482903e-14,1.242857e-16,6.150915e-20,3.058731e-11
2265,566.250000,4,7.482903e-14,1.242888e-16,5.678429e-20,2.263545e-11
2266,566.500000,4,7.527312e-14,1.864377e-16,2.406765e-20,4.834355e-12
2267,566.750000,4,7.549517e-14,1.553686e-16,1.354591e-20,-9.128254e-13
2268,567.000000,4,7.482903e-14,1.362817e-16,3.166447e-20,2.777645e-11
2269,567.250000,4,7.527312e-14,1.243010e-16,-2.302871e-21,9.129586e-12
2270,567.500000,4,7.527312e-14,1.553800e-16,7.312277e-21,6.254997e-12
2271,567.750000,4,7.482903e-14,1.553838e-16,3.652830e-21,8.642420e-12
2272,568.000000,4,7.460699e-14,1.243101e-16,4.054508e-20,1.401235e-11
2273,568.250000,4,7.482903e-14,1.243131e-16,1.205037e-20,9.221290e-12
2274,568.500000,4,7.549517e-14,1.553952e-16,-5.121902e-20,2.635603e-11
2275,568.750000,4,7.505108e-14,1.553990e-16,2.640361e-21,1.690825e-11
2276,569.000000,4,7.460699e-14,1.243223e-16,-2.070599e-20,1.787104e-11
2277,569.250000,4,7.505108e-14,1.554066e-16,-4.379425e-20,1.810774e-12
2278,569.500000,4,7.505108e-14,1.554104e-16,-1.498190e-20,2.083134e-11
2279,569.750000,4,7.371881e-14,1.243314e-16,-2.236696e-21,1.760614e-11
2280,570.000000,4,7.416290e-14,1.243344e-16,1.711933e-20,2.500222e-11
2281,570.250000,4,7.571721e-14,1.243374e-16,-2.981159e-20,2.901168e-11
2282,570.500000,4,7.505108e-14,1.280986e-16,1.118348e-20,-3.933964e-12
2283,570.750000,4,7.505108e-14,1.554294e-16,1.339371e-20,2.067102e-11
2284,571.000000,4,7.549517e-14,1.243465e-16,5.432922e-21,1.641354e-11
2285,571.250000,4,7.527312e-14,1.554369e-16,3.601875e-20,1.217204e-11
2286,571.500000,4,7.482903e-14,1.243526e-16,3.666064e-21,1.644507e-11
2287,571.750000,4,7.527312e-14,1.243556e-16,1.893913e-20,1.849720e-11
2288,572.000000,4,7.527312e-14,1.321209e-16,-1.050189e-20,1.692557e-11
2289,572.250000,4,7.460699e-14,1.243617e-16,-8.179162e-21,4.293454e-12
2290,572.500000,4,7.460699e-14,1.243647e-16,4.503833e-20,1.289280e-11
2291,572.750000,4,7.549517e-14,1.554597e-16,-2.011703e-21,1.294231e-11
2292,573.000000,4,7.505108e-14,1.243708e-16,2.565583e-20,2.041545e-11
2293,573.250000,4,7.527312e-14,1.410091e-16,-3.768635e-20,2.640088e-11
2294,573.500000,4,7.527312e-14,1.554710e-16,1.803254e-20,1.850076e-12
2295,573.750000,4,7.527312e-14,1.345152e-16,2.190374e-21,2.669731e-11
2296,574.000000,4,7.482903e-14,1.243829e-16,-3.988334e-20,2.059464e-11
2297,574.250000,4,7.482903e-14,1.554824e-16,-4.253032e-20,1.408651e-11
2298,574.500000,4,7.527312e-14,1.554861e-16,2.471616e-20,7.837064e-12
2299,574.750000,4,7.482903e-14,1.243919e-16,-3.570773e-20,1.997069e-11
2300,575.000000,4,7.549517e-14,1.243950e-16,1.211654e-20,1.232525e-11
2301,575.250000,4,7.394085e-14,1.865970e-16,2.077878e-20,2.422218e-11
2302,575.500000,4,7.505108e-14,1.555013e-16,1.165332e-20,2.857647e-11
2303,575.750000,4,7.438494e-14,1.244040e-16,3.130713e-20,1.506995e-11
2304,576.000000,4,7.549517e-14,1.555088e-16,7.715941e-21,2.042189e-11
2305,576.250000,4,7.505108e-14,1.244101e-16,3.123434e-21,8.048007e-12
2306,576.500000,4,7.527312e-14,1.244131e-16,5.603652e-20,1.378253e-11
2307,576.750000,4,7.505108e-14,1.244161e-16,1.405545e-20,8.998358e-12
2308,577.000000,4,7.416290e-14,1.328261e-16,-9.899698e-21,1.817657e-11
2309,577.250000,4,7.527312e-14,1.244222e-16,-4.566037e-22,2.123124e-11
2310,577.500000,4,7.482903e-14,1.244252e-16,-1.212978e-20,1.120726e-11
2311,577.750000,4,7.438494e-14,1.244282e-16,-2.060011e-20,6.058487e-12
2312,578.000000,4,7.505108e-14,1.399851e-16,-1.223566e-20,3.137490e-12
2313,578.250000,4,7.438494e-14,1.247022e-16,1.835679e-20,1.802336e-11
2314,578.500000,4,7.460699e-14,1.244373e-16,-5.426305e-22,1.423550e-11
2315,578.750000,4,7.482903e-14,1.866604e-16,1.846267e-21,1.578915e-11
2316,579.000000,4,7.460699e-14,1.244433e-16,4.061126e-20,2.175149e-11
2317,579.250000,4,7.482903e-14,1.866695e-16,-8.053430e-21,-9.809931e-13
2318,579.500000,4,7.460699e-14,1.244494e-16,2.729034e-20,1.194178e-11
2319,579.750000,4,7.505108e-14,1.555655e-16,-1.718220e-20,1.334310e-11
2320,580.000000,4,7.482903e-14,1.244554e-16,-1.561717e-20,1.869260e-11
2321,580.250000,4,7.505108e-14,1.244584e-16,-5.734016e-21,2.455569e-11
2322,580.500000,4,7.394085e-14,1.555768e-16,-1.135223e-20,2.125944e-11
2323,580.750000,4,7.460699e-14,1.555806e-16,2.701241e-20,2.029354e-11
2324,581.000000,4,7.505108e-14,1.244675e-16,1.026697e-20,3.791856e-12
2325,581.250000,4,7.482903e-14,1.244705e-16,-3.848044e-21,2.309042e-11
2326,581.500000,4,7.460699e-14,1.244735e-16,1.299666e-20,6.991074e-12
2327,581.750000,4,7.505108e-14,1.244765e-16,-1.657670e-21,1.741163e-11
2328,582.000000,4,7.416290e-14,1.244795e-16,3.910910e-21,1.368994e-11
2329,582.250000,4,7.549517e-14,1.244825e-16,4.415490e-20,1.338396e-11
2330,582.500000,4,7.505108e-14,1.556069e-16,3.718011e-20,1.761946e-11
2331,582.750000,4,7.438494e-14,1.244885e-16,6.981404e-21,1.631295e-11
2332,583.000000,4,7.416290e-14,1.270356e-16,7.742411e-21,8.599788e-13
2333,583.250000,4,7.527312e-14,1.556181e-16,-1.308600e-20,1.308131e-11
2334,583.500000,4,7.482903e-14,1.472525e-16,-9.469564e-21,1.543277e-11
2335,583.750000,4,7.460699e-14,1.245005e-16,-2.584112e-20,2.068368e-11
2336,584.000000,4,7.416290e-14,1.545220e-16,3.427175e-20,1.784062e-11
2337,584.250000,4,7.416290e-14,1.556331e-16,2.698594e-20,2.398570e-11
2338,584.500000,4,7.460699e-14,1.253875e-16,2.709182e-20,1.638467e-11
2339,584.750000,4,7.527312e-14,1.245125e-16,-1.954131e-20,-4.888978e-12
2340,585.000000,4,7.482903e-14,1.318486e-16,-3.857970e-21,2.308465e-11
2341,585.250000,4,7.482903e-14,1.556481e-16,-1.847591e-20,2.061640e-11
2342,585.500000,4,7.482903e-14,1.245215e-16,1.868766e-20,5.861533e-12
2343,585.750000,4,7.505108e-14,1.556556e-16,-1.062431e-20,1.208500e-11
2344,586.000000,4,7.505108e-14,1.334452e-16,1.659986e-20,1.658274e-11
2345,586.250000,4,7.460699e-14,1.245304e-16,6.488736e-20,1.554268e-11
2346,586.500000,4,7.438494e-14,1.556668e-16,-5.595050e-21,1.715916e-11
2347,586.750000,4,7.438494e-14,1.245364e-16,5.224804e-20,1.832090e-11
2348,587.000000,4,7.527312e-14,1.556742e-16,-3.405006e-20,1.726974e-11
2349,587.250000,4,7.438494e-14,1.269499e-16,-3.678968e-20,1.831046e-11
2350,587.500000,4,7.527312e-14,1.245454e-16,-1.700352e-20,1.612288e-11
2351,587.750000,4,7.482903e-14,1.556854e-16,-1.927662e-20,1.304534e-11
2352,588.000000,4,7.438494e-14,1.245513e-16,2.834252e-20,1.682365e-11
2353,588.250000,4,7.371881e-14,1.245543e-16,1.696713e-20,1.451417e-11
2354,588.500000,4,7.505108e-14,1.245573e-16,-1.842958e-20,9.650059e-12
2355,588.750000,4,7.505108e-14,1.245603e-16,3.206152e-21,6.266543e-12
2356,589.000000,4,7.505108e-14,1.868449e-16,-3.278282e-20,2.041678e-11
2357,589.250000,4,7.482903e-14,1.557078e-16,2.452425e-20,2.404232e-11
2358,589.500000,4,7.482903e-14,1.557115e-16,5.037861e-20,2.163159e-12
2359,589.750000,4,7.482903e-14,1.557153e-16,1.242425e-20,2.640821e-11
2360,590.000000,4,7.438494e-14,1.357852e-16,-1.654361e-22,8.546941e-12
2361,590.250000,4,7.549517e-14,1.868673e-16,-3.530407e-21,2.768363e-11
2362,590.500000,4,7.438494e-14,1.245812e-16,3.743489e-20,1.950040e-11
2363,590.750000,4,7.505108e-14,1.245841e-16,7.706015e-21,1.084133e-11
2364,591.000000,4,7.460699e-14,1.557339e-16,-2.568230e-20,1.178568e-11
2365,591.250000,4,7.438494e-14,1.245901e-16,-1.389002e-20,2.358069e-11
2366,591.500000,4,7.438494e-14,1.245931e-16,1.861487e-20,4.263034e-12
2367,591.750000,4,7.371881e-14,1.245961e-16,6.928465e-21,8.111289e-13
2368,592.000000,4,7.482903e-14,1.245990e-16,2.031886e-20,3.393441e-11
2369,592.250000,4,7.527312e-14,1.246020e-16,-3.975099e-20,2.278511e-11
2370,592.500000,4,7.482903e-14,1.246050e-16,-1.611348e-21,1.270495e-11
2371,592.750000,4,7.460699e-14,1.429968e-16,7.216324e-21,1.245026e-11
2372,593.000000,4,7.438494e-14,1.246110e-16,3.435447e-20,1.075451e-11
2373,593.250000,4,7.416290e-14,1.557674e-16,-1.134561e-20,2.941425e-12
2374,593.500000,4,7.571721e-14,1.557711e-16,6.452009e-21,1.605693e-11
2375,593.750000,4,7.482903e-14,1.300499e-16,-1.791011e-20,1.593792e-11
2376,594.000000,4,7.482903e-14,1.251983e-16,1.525321e-20,3.289879e-11
2377,594.250000,4,7.482903e-14,1.557823e-16,2.268791e-20,1.667466e-11
2378,594.500000,4,7.460699e-14,1.130734e-16,3.831170e-20,1.407097e-11
2379,594.750000,4,7.438494e-14,1.557897e-16,8.523269e-21,9.773515e-12
2380,595.000000,4,7.527312e-14,1.461761e-16,-2.585767e-20,1.274736e-11
2381,595.250000,4,7.438494e-14,1.557972e-16,1.454845e-20,1.615730e-11
2382,595.500000,4,7.482903e-14,1.246407e-16,-3.642903e-20,1.146128e-11
2383,595.750000,4,7.438494e-14,1.246437e-16,-4.728164e-21,1.516631e-11
2384,596.000000,4,7.482903e-14,1.402275e-16,1.369811e-21,1.234324e-11
2385,596.250000,4,7.438494e-14,1.558121e-16,-1.261616e-20,5.391243e-12
2386,596.500000,4,7.482903e-14,1.558158e-16,3.972452e-20,2.199285e-11
2387,596.750000,4,7.482903e-14,1.402375e-16,3.197219e-20,1.187450e-11
2388,597.000000,4,7.416290e-14,1.558232e-16,3.977746e-20,7.386314e-12
2389,597.250000,4,7.416290e-14,1.246615e-16,3.882124e-20,2.667422e-11
2390,597.500000,4,7.438494e-14,1.246645e-16,3.888741e-20,1.626033e-11
2391,597.750000,4,7.394085e-14,1.246675e-16,5.200650e-20,1.681189e-11
2392,598.000000,4,7.438494e-14,1.558381e-16,-1.145480e-20,1.524025e-11
2393,598.250000,4,7.505108e-14,1.246734e-16,-3.285561e-21,2.553247e-11
2394,598.500000,4,7.460699e-14,1.870146e-16,3.687571e-20,1.536749e-11
2395,598.750000,4,7.460699e-14,1.558492e-16,2.076223e-20,1.996958e-11
2396,599.000000,4,7.505108e-14,1.246823e-16,1.279814e-20,9.253265e-12
2397,599.250000,4,7.371881e-14,1.246853e-16,3.296811e-20,1.525446e-12
2398,599.500000,4,7.438494e-14,1.246883e-16,5.022641e-21,1.164668e-11
2399,599.750000,4,7.482903e-14,1.315397e-16,-2.137104e-20,2.635869e-11
2400,600.000000,4,7.482903e-14,1.558678e-16,1.539879e-20,2.629519e-11
2401,600.250000,4,7.371881e-14,1.402843e-16,1.291394e-20,1.442513e-11
2402,600.500000,4,7.438494e-14,1.247001e-16,1.265255e-20,1.150879e-11
2403,600.750000,4,7.416290e-14,1.247031e-16,1.085592e-20,1.152722e-11
2404,601.000000,4,7.460699e-14,1.558826e-16,8.996416e-21,6.949552e-12
2405,601.250000,4,7.416290e-14,1.558863e-16,-1.117356e-20,1.552425e-11
2406,601.500000,4,7.460699e-14,1.558900e-16,1.987550e-20,1.849076e-11
2407,601.750000,4,7.416290e-14,1.247150e-16,3.149904e-21,1.362377e-11
2408,602.000000,4,7.438494e-14,1.247179e-16,-1.547820e-20,1.744938e-11
2409,602.250000,4,7.460699e-14,1.559011e-16,1.538556e-21,2.738898e-11
2410,602.500000,4,7.416290e-14,1.250278e-16,-2.139751e-20,2.099476e-11
2411,602.750000,4,7.416290e-14,1.247268e-16,6.121137e-22,5.648149e-12
2412,603.000000,4,7.394085e-14,1.247298e-16,1.597451e-20,2.171263e-11
2413,603.250000,4,7.394085e-14,1.559159e-16,-4.142190e-20,1.546629e-11
2414,603.500000,4,7.438494e-14,1.559196e-16,-3.805031e-20,9.638290e-12
2415,603.750000,4,7.482903e-14,1.411313e-16,1.614657e-21,-1.321165e-13
2416,604.000000,4,7.460699e-14,1.403343e-16,5.840888e-20,1.378386e-11
2417,604.250000,4,7.460699e-14,1.559307e-16,4.877719e-20,1.631495e-11
2418,604.500000,4,7.416290e-14,1.247475e-16,-1.303306e-20,1.031641e-11
2419,604.750000,4,7.438494e-14,1.247505e-16,1.322827e-20,1.550515e-11
2420,605.000000,4,7.438494e-14,1.559418e-16,-1.101474e-20,1.202705e-11
2421,605.250000,4,7.438494e-14,1.559455e-16,2.020637e-20,1.569012e-11
2422,605.500000,4,7.482903e-14,1.559492e-16,1.754616e-20,1.267075e-11
2423,605.750000,4,7.505108e-14,1.394717e-16,2.510659e-20,1.753242e-11
2424,606.000000,4,7.416290e-14,1.247652e-16,3.845397e-20,7.509993e-12
2425,606.250000,4,7.460699e-14,1.559602e-16,-2.107656e-21,1.875655e-11
2426,606.500000,4,7.416290e-14,1.871567e-16,3.355045e-21,2.632716e-11
2427,606.750000,4,7.482903e-14,1.559676e-16,-1.148127e-20,1.784883e-11
2428,607.000000,4,7.482903e-14,1.247770e-16,-4.560412e-20,3.727285e-11
2429,607.250000,4,7.349676e-14,1.247800e-16,-1.674214e-21,1.776068e-11
2430,607.500000,4,7.482903e-14,1.247829e-16,1.208015e-20,3.043876e-11
2431,607.750000,4,7.416290e-14,1.247859e-16,-2.521908e-20,1.683920e-11
2432,608.000000,4,7.416290e-14,1.559861e-16,1.101143e-20,2.663958e-11
2433,608.250000,4,7.416290e-14,1.247918e-16,3.794112e-20,1.188272e-11
2434,608.500000,4,7.438494e-14,1.247947e-16,2.832266e-21,8.796963e-12
2435,608.750000,4,7.438494e-14,1.353721e-16,5.907393e-20,1.776912e-11
2436,609.000000,4,7.438494e-14,1.560008e-16,4.412181e-20,1.574940e-11
2437,609.250000,4,7.394085e-14,1.248036e-16,-1.063754e-20,1.940803e-11
2438,609.500000,4,7.438494e-14,1.248065e-16,1.660317e-20,1.633294e-11
2439,609.750000,4,7.371881e-14,1.560119e-16,2.464006e-20,1.739475e-11
2440,610.000000,4,7.416290e-14,1.248124e-16,2.709844e-20,8.059331e-12
2441,610.250000,4,7.438494e-14,1.248154e-16,2.718446e-20,4.833911e-12
2442,610.500000,4,7.438494e-14,1.560229e-16,2.139420e-20,1.324296e-11
2443,610.750000,4,7.482903e-14,1.248213e-16,-2.216844e-20,3.444711e-11
2444,611.000000,4,7.482903e-14,1.560303e-16,2.522570e-20,1.207656e-11
2445,611.250000,4,7.460699e-14,1.560340e-16,-2.785613e-20,1.768807e-11
2446,611.500000,4,7.416290e-14,1.248301e-16,-1.046218e-20,2.258260e-11
2447,611.750000,4,7.371881e-14,1.560413e-16,-9.462946e-22,2.760503e-11
2448,612.000000,4,7.438494e-14,1.248360e-16,4.102816e-21,9.955592e-12
2449,612.250000,4,7.438494e-14,1.248390e-16,6.011949e-21,1.367306e-11
2450,612.500000,4,7.438494e-14,1.312591e-16,2.361435e-20,2.551204e-11
2451,612.750000,4,7.416290e-14,1.560561e-16,-2.028578e-20,1.245182e-11
2452,613.000000,4,7.482903e-14,1.248478e-16,1.258638e-20,2.366995e-11
2453,613.250000,4,7.438494e-14,1.328525e-16,-8.817745e-21,1.643019e-11
2454,613.500000,4,7.371881e-14,1.248537e-16,1.434000e-20,1.761657e-11
2455,613.750000,4,7.438494e-14,1.248566e-16,1.932956e-20,2.204992e-11
2456,614.000000,4,7.460699e-14,1.248596e-16,-1.350290e-20,6.091572e-12
2457,614.250000,4,7.394085e-14,1.560781e-16,-4.102816e-22,2.148504e-11
2458,614.500000,4,7.416290e-14,1.560818e-16,5.411416e-20,6.476153e-12
2459,614.750000,4,7.438494e-14,1.248684e-16,1.009160e-21,1.857314e-11
2460,615.000000,4,7.394085e-14,1.336172e-16,3.664410e-20,2.293765e-11
2461,615.250000,4,7.460699e-14,1.248743e-16,-2.381618e-20,1.638889e-11
2462,615.500000,4,7.349676e-14,1.560965e-16,-2.713152e-22,1.649081e-11
2463,615.750000,4,7.438494e-14,1.400384e-16,2.580142e-20,1.714029e-11
2464,616.000000,4,7.349676e-14,1.248831e-16,1.355253e-20,1.735234e-11
2465,616.250000,4,7.416290e-14,1.561076e-16,5.320426e-21,9.339862e-12
2466,616.500000,4,7.438494e-14,1.248890e-16,-2.873625e-20,2.187805e-12
2467,616.750000,4,7.349676e-14,1.248919e-16,4.316228e-20,-1.836309e-12
2468,617.000000,4,7.438494e-14,1.561186e-16,3.044025e-21,8.857803e-12
2469,617.250000,4,7.394085e-14,1.561222e-16,6.935082e-21,3.084977e-11
2470,617.500000,4,7.416290e-14,1.367776e-16,-1.538556e-20,7.584822e-12
2471,617.750000,4,7.460699e-14,1.561296e-16,4.281487e-21,5.209388e-12
2472,618.000000,4,7.416290e-14,1.263071e-16,4.126970e-20,1.716205e-11
2473,618.250000,4,7.438494e-14,1.249096e-16,-2.859067e-20,1.787237e-11
2474,618.500000,4,7.394085e-14,1.561406e-16,-2.427279e-20,1.293632e-11
2475,618.750000,4,7.438494e-14,1.303126e-16,-4.617653e-20,2.012390e-11
2476,619.000000,4,7.371881e-14,1.561479e-16,-1.571974e-20,3.090972e-11
2477,619.250000,4,7.460699e-14,1.405364e-16,-4.749671e-20,1.539791e-11
2478,619.500000,4,7.416290e-14,1.561553e-16,1.062762e-20,9.112933e-12
2479,619.750000,4,7.416290e-14,1.561589e-16,5.131829e-21,1.361933e-11
2480,620.000000,4,7.438494e-14,1.249301e-16,-9.492725e-21,1.387623e-11
2481,620.250000,4,7.438494e-14,1.561662e-16,1.239447e-20,1.450595e-11
2482,620.500000,4,7.371881e-14,1.561699e-16,-1.638810e-20,1.774780e-11
2483,620.750000,4,7.371881e-14,1.249388e-16,1.840973e-20,2.046008e-11
2484,621.000000,4,7.438494e-14,1.561772e-16,4.054508e-20,1.715805e-11
2485,621.250000,4,7.416290e-14,1.561809e-16,-2.505696e-20,1.648459e-11
2486,621.500000,4,7.394085e-14,1.561845e-16,2.974541e-21,1.403988e-11
2487,621.750000,4,7.416290e-14,1.561882e-16,-3.593273e-21,8.508971e-12
2488,622.000000,4,7.371881e-14,1.249535e-16,1.358231e-20,3.416711e-11
2489,622.250000,4,7.371881e-14,1.561955e-16,-1.455507e-20,1.134559e-11
2490,622.500000,4,7.460699e-14,1.249593e-16,2.828627e-20,1.080092e-11
2491,622.750000,4,7.371881e-14,1.562028e-16,1.251359e-20,1.610956e-11
2492,623.000000,4,7.394085e-14,1.294116e-16,2.504703e-21,2.500622e-11
2493,623.250000,4,7.371881e-14,1.249681e-16,-2.881897e-21,1.396327e-11
2494,623.500000,4,7.505108e-14,1.562138e-16,-4.592507e-21,6.275203e-12
2495,623.750000,4,7.371881e-14,1.562174e-16,-1.615649e-20,3.032974e-11
2496,624.000000,4,7.394085e-14,1.249768e-16,-1.150443e-20,1.894951e-11
2497,624.250000,4,7.416290e-14,1.249797e-16,1.761895e-20,1.570455e-11
2498,624.500000,4,7.416290e-14,1.562283e-16,2.145045e-20,1.159983e-11
2499,624.750000,4,7.349676e-14,1.562319e-16,-3.720328e-20,1.815526e-11
2500,625.000000,4,7.416290e-14,1.249885e-16,-1.613333e-20,1.716827e-11
2501,625.250000,4,7.416290e-14,1.562392e-16,-2.564260e-21,1.128186e-11
2502,625.500000,4,7.438494e-14,1.249943e-16,3.192917e-21,3.116885e-11
2503,625.750000,4,7.482903e-14,1.249972e-16,-1.727153e-21,2.062994e-11
2504,626.000000,4,7.416290e-14,1.250001e-16,3.580699e-20,1.138512e-11
2505,626.250000,4,7.394085e-14,1.562537e-16,3.599228e-20,1.193623e-11
2506,626.500000,4,7.371881e-14,1.250059e-16,-1.124966e-20,2.102518e-11
2507,626.750000,4,7.438494e-14,1.277192e-16,2.931528e-20,2.558775e-11
2508,627.000000,4,7.394085e-14,1.562646e-16,-7.533961e-21,2.921063e-11
2509,627.250000,4,7.416290e-14,1.269047e-16,5.079220e-20,2.653433e-12
2510,627.500000,4,7.371881e-14,1.562719e-16,6.207163e-21,2.963030e-11
2511,627.750000,4,7.371881e-14,1.562755e-16,-3.832493e-20,1.799849e-11
2512,628.000000,4,7.371881e-14,1.250233e-16,-5.346895e-21,2.555089e-11
2513,628.250000,4,7.438494e-14,1.250262e-16,5.826660e-21,2.757727e-11
2514,628.500000,4,7.349676e-14,1.562864e-16,3.370596e-20,7.214007e-12
2515,628.750000,4,7.416290e-14,1.562901e-16,4.774486e-21,1.621281e-11
2516,629.000000,4,7.394085e-14,1.250349e-16,2.277725e-20,1.479195e-11
2517,629.250000,4,7.371881e-14,1.389031e-16,-1.309261e-20,1.369038e-11
2518,629.500000,4,7.460699e-14,1.250408e-16,-1.996152e-20,1.644263e-11
2519,629.750000,4,7.394085e-14,1.250437e-16,2.366729e-20,2.844325e-11
2520,630.000000,4,7.416290e-14,1.250466e-16,1.516718e-20,5.210499e-12
2521,630.250000,4,7.460699e-14,1.563118e-16,7.001257e-21,2.321077e-11
2522,630.500000,4,7.416290e-14,1.436885e-16,1.899207e-20,1.940625e-11
2523,630.750000,4,7.394085e-14,1.250553e-16,4.907828e-20,1.605005e-11
2524,631.000000,4,7.394085e-14,1.250582e-16,-1.992182e-20,1.234435e-11
2525,631.250000,4,7.438494e-14,1.250611e-16,3.525444e-20,1.226153e-11
2526,631.500000,4,7.371881e-14,1.250640e-16,2.150008e-20,2.130385e-11
2527,631.750000,4,7.394085e-14,1.444589e-16,2.298569e-20,2.394729e-11
2528,632.000000,4,7.394085e-14,1.250698e-16,-2.825318e-20,9.345413e-12
2529,632.250000,4,7.394085e-14,1.563408e-16,-2.578487e-20,1.353384e-11
2530,632.500000,4,7.416290e-14,1.250756e-16,-2.067952e-21,1.766076e-11
2531,632.750000,4,7.438494e-14,1.250785e-16,3.877823e-21,2.153522e-11
2532,633.000000,4,7.438494e-14,1.563517e-16,2.023615e-20,3.437028e-12
2533,633.250000,4,7.371881e-14,1.250843e-16,2.327686e-20,1.666689e-11
2534,633.500000,4,7.438494e-14,1.563589e-16,-1.314225e-20,2.617306e-11
2535,633.750000,4,7.460699e-14,1.563626e-16,1.668258e-20,1.846345e-11
2536,634.000000,4,7.416290e-14,1.250929e-16,1.359554e-20,2.086820e-11
2537,634.250000,4,7.394085e-14,1.250958e-16,2.952373e-20,4.076073e-12
2538,634.500000,4,7.416290e-14,1.250987e-16,-3.294164e-20,4.294787e-12
2539,634.750000,4,7.394085e-14,1.251016e-16,4.285788e-20,1.530776e-11
2540,635.000000,4,7.438494e-14,1.251045e-16,3.808340e-20,1.764167e-11
2541,635.250000,4,7.349676e-14,1.251074e-16,2.878258e-20,1.612932e-12
2542,635.500000,4,7.327472e-14,1.259153e-16,-2.375001e-20,1.731348e-11
2543,635.750000,4,7.438494e-14,1.251132e-16,-1.134892e-20,1.762901e-11
2544,636.000000,4,7.394085e-14,1.563951e-16,-4.107448e-20,1.496492e-11
2545,636.250000,4,7.460699e-14,1.251190e-16,-1.158053e-22,3.191092e-11
2546,636.500000,4,7.371881e-14,1.564023e-16,-3.603860e-20,1.185918e-11
2547,636.750000,4,7.416290e-14,1.564059e-16,-5.231090e-21,2.266942e-11
2548,637.000000,4,7.349676e-14,1.876915e-16,2.750210e-20,1.929878e-11
2549,637.250000,4,7.394085e-14,1.251305e-16,3.742165e-20,1.461276e-12
2550,637.500000,4,7.327472e-14,1.564168e-16,-2.806128e-20,1.596256e-11
2551,637.750000,4,7.416290e-14,1.564204e-16,1.100150e-20,2.426681e-11
2552,638.000000,4,7.327472e-14,1.251392e-16,1.266579e-20,1.368794e-11
2553,638.250000,4,7.416290e-14,1.251421e-16,3.045348e-20,1.052025e-11
2554,638.500000,4,7.416290e-14,1.564312e-16,2.603303e-20,1.769607e-11
2555,638.750000,4,7.416290e-14,1.346583e-16,1.028351e-20,7.083445e-12
2556,639.000000,4,7.438494e-14,1.251507e-16,1.834356e-20,1.511102e-11
2557,639.250000,4,7.394085e-14,1.564420e-16,1.060115e-20,1.130318e-11
2558,639.500000,4,7.394085e-14,1.564456e-16,-1.572967e-20,1.104827e-11
2559,639.750000,4,7.394085e-14,1.251594e-16,-2.109972e-20,3.020406e-11
2560,640.000000,4,7.460699e-14,1.564528e-16,-2.503379e-20,1.600098e-11
2561,640.250000,4,7.371881e-14,1.564564e-16,-1.919059e-20,-2.642109e-12
2562,640.500000,4,7.438494e-14,1.251680e-16,3.265047e-20,1.523914e-11
2563,640.750000,4,7.438494e-14,1.564636e-16,8.764806e-21,1.209033e-11
2564,641.000000,4,7.394085e-14,1.877607e-16,1.579915e-20,1.415246e-11
2565,641.250000,4,7.349676e-14,1.345972e-16,-3.900984e-21,9.395373e-12
2566,641.500000,4,7.394085e-14,1.564744e-16,-2.130817e-21,1.750333e-11
2567,641.750000,4,7.349676e-14,1.564780e-16,6.091358e-20,7.665202e-12
2568,642.000000,4,7.327472e-14,1.251853e-16,1.012800e-20,2.886003e-11
2569,642.250000,4,7.416290e-14,1.251882e-16,4.389351e-20,1.598388e-11
2570,642.500000,4,7.416290e-14,1.251911e-16,-5.906400e-20,1.550071e-11
2571,642.750000,4,7.371881e-14,1.564924e-16,-1.439956e-20,2.024403e-11
2572,643.000000,4,7.349676e-14,1.251968e-16,-6.832512e-21,1.287037e-11
2573,643.250000,4,7.416290e-14,1.251997e-16,-3.199204e-20,2.434164e-11
2574,643.500000,4,7.349676e-14,1.565032e-16,8.682088e-21,1.687583e-11
2575,643.750000,4,7.371881e-14,1.252055e-16,3.417249e-20,8.568701e-12
2576,644.000000,4,7.416290e-14,1.252084e-16,2.785944e-20,1.195799e-11
2577,644.250000,4,7.349676e-14,1.565140e-16,-5.416379e-21,1.039835e-11
2578,644.500000,4,7.416290e-14,1.489300e-16,-6.471861e-21,1.033129e-11
2579,644.750000,4,7.416290e-14,1.565212e-16,1.279483e-20,1.375833e-11
2580,645.000000,4,7.394085e-14,1.252199e-16,2.229417e-20,1.397904e-11
2581,645.250000,4,7.371881e-14,1.252227e-16,4.516406e-21,1.015898e-11
2582,645.500000,4,7.394085e-14,1.565320e-16,2.087142e-20,5.019318e-12
2583,645.750000,4,7.394085e-14,1.252285e-16,2.690322e-20,1.755152e-11
2584,646.000000,4,7.416290e-14,1.252314e-16,1.221911e-20,2.971978e-11
2585,646.250000,4,7.460699e-14,1.288712e-16,3.467541e-21,1.404876e-11
2586,646.500000,4,7.349676e-14,1.252371e-16,7.792041e-21,1.639755e-11
2587,646.750000,4,7.394085e-14,1.252400e-16,3.519488e-20,1.541034e-11
2588,647.000000,4,7.349676e-14,1.252429e-16,7.385069e-21,1.592770e-11
2589,647.250000,4,7.460699e-14,1.252457e-16,6.066212e-20,1.051337e-11
2590,647.500000,4,7.371881e-14,1.252486e-16,1.942551e-20,1.435940e-11
2591,647.750000,4,7.394085e-14,1.565644e-16,-8.179162e-21,1.275313e-11
2592,648.000000,4,7.371881e-14,1.252544e-16,1.012469e-20,5.727419e-12
2593,648.250000,4,7.371881e-14,1.320246e-16,-7.613370e-21,2.022560e-11
2594,648.500000,4,7.371881e-14,1.216170e-16,2.283680e-20,2.658540e-12
2595,648.750000,4,7.283063e-14,1.252630e-16,-3.549928e-20,7.452705e-12
2596,649.000000,4,7.416290e-14,1.565823e-16,2.087804e-21,1.585843e-11
2597,649.250000,4,7.371881e-14,1.264003e-16,7.798659e-21,7.755130e-12
2598,649.500000,4,7.371881e-14,1.565895e-16,5.753868e-21,2.651257e-11
2599,649.750000,4,7.349676e-14,1.565931e-16,2.269784e-20,2.215028e-11
2600,650.000000,4,7.394085e-14,1.565967e-16,1.629215e-20,2.803735e-11
2601,650.250000,4,7.416290e-14,1.252802e-16,-4.532950e-22,1.696687e-11
2602,650.500000,4,7.371881e-14,1.879246e-16,3.892712e-20,2.505507e-11
2603,650.750000,4,7.327472e-14,1.566074e-16,5.600344e-20,1.146483e-11
2604,651.000000,4,7.394085e-14,1.566110e-16,2.774695e-20,1.318567e-11
2605,651.250000,4,7.349676e-14,1.252917e-16,-8.536504e-21,2.123302e-11
2606,651.500000,4,7.416290e-14,1.566182e-16,1.884317e-20,-3.890221e-13
2607,651.750000,4,7.349676e-14,1.279413e-16,-3.777238e-20,1.191958e-11
2608,652.000000,4,7.327472e-14,1.566254e-16,-4.069729e-21,8.353984e-12
2609,652.250000,4,7.305268e-14,1.253032e-16,-2.193683e-20,1.842437e-11
2610,652.500000,4,7.327472e-14,1.566325e-16,-1.980601e-20,2.502532e-11
2611,652.750000,4,7.371881e-14,1.566361e-16,-4.797978e-20,1.234235e-11
2612,653.000000,4,7.416290e-14,1.253118e-16,9.221409e-21,1.653855e-11
2613,653.250000,4,7.305268e-14,1.566433e-16,1.555100e-22,2.029021e-11
2614,653.500000,4,7.416290e-14,1.253175e-16,-4.877057e-21,3.553069e-11
2615,653.750000,4,7.283063e-14,1.409854e-16,2.061996e-20,1.446443e-11
2616,654.000000,4,7.349676e-14,1.253232e-16,1.577268e-20,8.113288e-12
2617,654.250000,4,7.416290e-14,1.566576e-16,1.162354e-20,1.226019e-11
2618,654.500000,4,7.394085e-14,1.253289e-16,4.440306e-20,8.691492e-12
2619,654.750000,4,7.327472e-14,1.566647e-16,4.165682e-20,1.933342e-11
2620,655.000000,4,7.371881e-14,1.253346e-16,2.367722e-20,1.081513e-11
2621,655.250000,4,7.394085e-14,1.253375e-16,4.964407e-20,1.464695e-11
2622,655.500000,4,7.305268e-14,1.406378e-16,4.840661e-20,1.778866e-11
2623,655.750000,4,7.416290e-14,1.253432e-16,6.663767e-21,1.343281e-11
2624,656.000000,4,7.349676e-14,1.253461e-16,3.831501e-21,1.952150e-11
2625,656.250000,4,7.305268e-14,1.253489e-16,8.622531e-21,3.587064e-11
2626,656.500000,4,7.394085e-14,1.566897e-16,1.007506e-20,7.891021e-12
2627,656.750000,4,7.371881e-14,1.262251e-16,-5.282706e-20,2.639289e-11
2628,657.000000,4,7.371881e-14,1.253575e-16,1.396943e-20,1.699108e-11
2629,657.250000,4,7.394085e-14,1.567005e-16,-3.211777e-20,1.599432e-11
2630,657.500000,4,7.349676e-14,1.397868e-16,-4.178916e-21,3.335021e-11
2631,657.750000,4,7.371881e-14,1.693339e-16,5.935848e-21,1.685163e-11
2632,658.000000,4,7.416290e-14,1.389751e-16,1.226874e-20,1.012102e-11
2633,658.250000,4,7.349676e-14,1.567147e-16,-1.345657e-20,2.417644e-11
2634,658.500000,4,7.349676e-14,1.567183e-16,2.050084e-20,1.687539e-11
2635,658.750000,4,7.327472e-14,1.253775e-16,2.124200e-21,4.063416e-14
2636,659.000000,4,7.416290e-14,1.567254e-16,9.803745e-21,7.428946e-12
2637,659.250000,4,7.371881e-14,1.567290e-16,3.627352e-20,1.454570e-11
2638,659.500000,4,7.305268e-14,1.567326e-16,-7.719249e-21,2.514300e-11
2639,659.750000,4,7.349676e-14,1.253889e-16,-1.844613e-20,2.088418e-11
2640,660.000000,4,7.416290e-14,1.253918e-16,1.059453e-20,1.102318e-11
2641,660.250000,4,7.438494e-14,1.253946e-16,1.641126e-20,1.737543e-11
2642,660.500000,4,7.349676e-14,1.429022e-16,1.285108e-20,2.195688e-11
2643,660.750000,4,7.371881e-14,1.567504e-16,-2.556319e-20,1.959299e-11
2644,661.000000,4,7.327472e-14,1.254032e-16,3.064870e-20,3.155520e-11
2645,661.250000,4,7.438494e-14,1.254060e-16,6.624062e-21,7.173817e-12
2646,661.500000,4,7.349676e-14,1.254089e-16,1.135223e-20,1.883982e-11
2647,661.750000,4,7.327472e-14,1.567647e-16,4.357587e-20,1.377809e-11
2648,662.000000,4,7.416290e-14,1.567682e-16,2.710836e-20,2.037059e-11
2649,662.250000,4,7.394085e-14,1.254174e-16,-3.390779e-20,2.056888e-11
2650,662.500000,4,7.394085e-14,1.567753e-16,3.451328e-20,1.018852e-11
2651,662.750000,4,7.416290e-14,1.254231e-16,-6.660458e-21,1.756462e-11
2652,663.000000,4,7.371881e-14,1.567825e-16,-1.512086e-20,2.331046e-11
2653,663.250000,4,7.327472e-14,1.567860e-16,6.690237e-21,2.493095e-11
2654,663.500000,4,7.371881e-14,1.254317e-16,-5.426305e-22,1.899836e-11
2655,663.750000,4,7.394085e-14,1.254345e-16,3.011930e-20,1.347855e-11
2656,664.000000,4,7.394085e-14,1.254374e-16,5.887210e-20,9.663159e-12
2657,664.250000,4,7.371881e-14,1.568003e-16,-2.335958e-21,1.788880e-11
2658,664.500000,4,7.394085e-14,1.254431e-16,-1.347643e-20,6.470158e-12
2659,664.750000,4,7.349676e-14,1.254459e-16,9.926167e-23,1.526956e-11
2660,665.000000,4,7.371881e-14,1.568110e-16,-9.201557e-21,1.594436e-11
2661,665.250000,4,7.349676e-14,1.254516e-16,1.677522e-20,2.175615e-11
2662,665.500000,4,7.305268e-14,1.276196e-16,4.020098e-21,1.876188e-11
2663,665.750000,4,7.371881e-14,1.568216e-16,-3.060899e-20,1.341616e-11
2664,666.000000,4,7.416290e-14,1.568251e-16,-5.511008e-20,1.630784e-11
2665,666.250000,4,7.349676e-14,1.254629e-16,4.665299e-22,1.941691e-11
2666,666.500000,4,7.371881e-14,1.254658e-16,-1.830054e-20,1.508793e-11
2667,666.750000,4,7.349676e-14,1.568358e-16,-1.657339e-20,2.109957e-11
2668,667.000000,4,7.327472e-14,1.568393e-16,-1.246396e-20,2.394707e-11
2669,667.250000,4,7.371881e-14,1.254743e-16,2.382280e-20,6.846301e-12
2670,667.500000,4,7.349676e-14,1.254771e-16,8.079900e-21,2.236056e-11
2671,667.750000,4,7.327472e-14,1.568499e-16,-5.181459e-21,1.150080e-11
2672,668.000000,4,7.371881e-14,1.254828e-16,2.398493e-20,1.972733e-11
2673,668.250000,4,7.371881e-14,1.254856e-16,-6.352747e-21,7.800427e-12
2674,668.500000,4,7.394085e-14,1.568605e-16,5.406452e-21,1.404166e-11
2675,668.750000,4,7.283063e-14,1.254912e-16,1.878362e-20,1.762279e-11
2676,669.000000,4,7.394085e-14,1.568676e-16,-1.435324e-20,2.610490e-11
2677,669.250000,4,7.371881e-14,1.254969e-16,3.606507e-21,1.282463e-11
2678,669.500000,4,7.416290e-14,1.254997e-16,2.844178e-20,8.253176e-12
2679,669.750000,4,7.327472e-14,1.568782e-16,2.958990e-20,2.554534e-11
2680,670.000000,4,7.371881e-14,1.568817e-16,1.634509e-20,3.155831e-11
2681,670.250000,4,7.394085e-14,1.362803e-16,-2.986784e-20,1.011213e-11
2682,670.500000,4,7.305268e-14,1.275082e-16,-6.210472e-21,-4.041212e-14
2683,670.750000,4,7.327472e-14,1.306903e-16,-1.619620e-20,1.834111e-11
2684,671.000000,4,7.327472e-14,1.255167e-16,-4.360896e-21,6.305179e-12
2685,671.250000,4,7.371881e-14,1.255195e-16,-4.486628e-21,1.930767e-11
2686,671.500000,4,7.394085e-14,1.306733e-16,1.958102e-20,3.241185e-11
2687,671.750000,4,7.327472e-14,1.255251e-16,1.350290e-20,2.654010e-11
2688,672.000000,4,7.305268e-14,1.255280e-16,1.888950e-20,2.734857e-11
2689,672.250000,4,7.349676e-14,1.255308e-16,5.224804e-20,1.247313e-11
2690,672.500000,4,7.327472e-14,1.322441e-16,1.420765e-20,8.723910e-12
2691,672.750000,4,7.283063e-14,1.569205e-16,1.677853e-20,-4.583445e-12
2692,673.000000,4,7.327472e-14,1.569241e-16,-1.563371e-20,4.055645e-12
2693,673.250000,4,7.327472e-14,1.255421e-16,1.923691e-20,9.952927e-12
2694,673.500000,4,7.371881e-14,1.346109e-16,7.170002e-21,3.389511e-11
2695,673.750000,4,7.371881e-14,1.186755e-16,-1.726161e-20,1.266809e-11
2696,674.000000,4,7.349676e-14,1.569381e-16,9.648235e-21,2.269629e-11
2697,674.250000,4,7.327472e-14,1.569417e-16,-2.514629e-22,2.617551e-11
2698,674.500000,4,7.371881e-14,1.569452e-16,-2.928219e-21,1.437361e-11
2699,674.750000,4,7.349676e-14,1.569487e-16,-1.407531e-20,2.027156e-11
2700,675.000000,4,7.349676e-14,1.497061e-16,-1.767850e-20,1.849920e-11
2701,675.250000,4,7.371881e-14,1.569557e-16,1.102797e-20,1.354294e-11
2702,675.500000,4,7.327472e-14,1.569593e-16,1.045887e-20,1.156497e-11
2703,675.750000,4,7.305268e-14,1.569628e-16,-2.767415e-20,1.903144e-11
2704,676.000000,4,7.349676e-14,1.255730e-16,-1.090224e-20,1.585398e-13
2705,676.250000,4,7.371881e-14,1.255759e-16,-3.994951e-20,7.953638e-12
2706,676.500000,4,7.327472e-14,1.255787e-16,-1.324482e-20,4.329426e-12
2707,676.750000,4,7.305268e-14,1.569769e-16,-7.656384e-21,-1.158407e-12
2708,677.000000,4,7.305268e-14,1.569804e-16,1.912442e-21,1.383782e-11
2709,677.250000,4,7.371881e-14,1.569839e-16,-2.858736e-21,2.238232e-11
2710,677.500000,4,7.305268e-14,1.412887e-16,-5.649644e-20,1.562217e-11
2711,677.750000,4,7.327472e-14,1.569909e-16,-6.772955e-21,3.329981e-11
2712,678.000000,4,7.305268e-14,1.255956e-16,1.194118e-20,1.654010e-11
2713,678.250000,4,7.327472e-14,1.255984e-16,-2.818701e-20,3.093215e-11
2714,678.500000,4,7.349676e-14,1.570015e-16,5.459061e-20,1.760836e-11
2715,678.750000,4,7.371881e-14,1.256040e-16,2.333311e-20,1.258926e-11
2716,679.000000,4,7.394085e-14,1.360760e-16,-1.107099e-20,1.176859e-11
2717,679.250000,4,7.327472e-14,1.570120e-16,-1.591495e-21,1.898637e-11
2718,679.500000,4,7.305268e-14,1.256124e-16,2.883221e-20,1.697886e-11
2719,679.750000,4,7.349676e-14,1.256152e-16,-1.788695e-20,6.533885e-12
2720,680.000000,4,7.327472e-14,1.360529e-16,2.168868e-20,1.642464e-11
2721,680.250000,4,7.349676e-14,1.256209e-16,3.130051e-20,2.069034e-11
2722,680.500000,4,7.305268e-14,1.570296e-16,2.381288e-20,2.266387e-11
2723,680.750000,4,7.327472e-14,1.256265e-16,1.930309e-20,2.208833e-11
2724,681.000000,4,7.327472e-14,1.256293e-16,2.811421e-20,1.217471e-11
2725,681.250000,4,7.327472e-14,1.256321e-16,5.892173e-20,1.797140e-11
2726,681.500000,4,7.327472e-14,1.272686e-16,-1.416464e-20,2.901612e-11
2727,681.750000,4,7.327472e-14,1.256377e-16,-6.169775e-20,1.894729e-11
2728,682.000000,4,7.349676e-14,1.570506e-16,1.389994e-20,8.631096e-12
2729,682.250000,4,7.305268e-14,1.570542e-16,-1.352937e-20,5.310197e-12
2730,682.500000,4,7.349676e-14,1.570577e-16,2.064643e-21,7.279510e-12
2731,682.750000,4,7.283063e-14,1.884734e-16,-2.167213e-21,2.089284e-11
2732,683.000000,4,7.349676e-14,1.570647e-16,-7.841672e-22,1.790212e-11
2733,683.250000,4,7.349676e-14,1.570682e-16,3.836133e-20,1.160405e-11
2734,683.500000,4,7.327472e-14,1.280208e-16,8.407464e-21,1.336509e-11
2735,683.750000,4,7.327472e-14,1.256602e-16,2.060011e-20,1.012901e-11
2736,684.000000,4,7.371881e-14,1.256630e-16,6.177385e-21,3.056755e-11
2737,684.250000,4,7.327472e-14,1.570822e-16,-1.288417e-20,2.269207e-11
2738,684.500000,4,7.371881e-14,1.327694e-16,-7.150149e-21,5.660139e-12
2739,684.750000,4,7.283063e-14,1.256714e-16,1.233823e-20,2.256684e-11
2740,685.000000,4,7.371881e-14,1.256742e-16,3.685917e-20,1.492162e-11
2741,685.250000,4,7.327472e-14,1.570963e-16,-4.519715e-21,1.418621e-11
2742,685.500000,4,7.327472e-14,1.271828e-16,5.671812e-20,6.752376e-13
2743,685.750000,4,7.349676e-14,1.256826e-16,1.811195e-20,2.097744e-11
2744,686.000000,4,7.349676e-14,1.571068e-16,8.036887e-21,2.147527e-11
2745,686.250000,4,7.349676e-14,1.256882e-16,-1.492896e-20,1.398170e-11
2746,686.500000,4,7.349676e-14,1.256910e-16,5.413070e-21,2.553691e-11
2747,686.750000,4,7.283063e-14,1.571173e-16,9.323980e-21,2.581779e-11
2748,687.000000,4,7.349676e-14,1.256966e-16,1.838657e-20,5.546008e-12
2749,687.250000,4,7.394085e-14,1.256994e-16,2.111627e-20,1.297829e-11
2750,687.500000,4,7.327472e-14,1.398541e-16,2.359450e-20,1.658451e-11
2751,687.750000,4,7.371881e-14,1.257050e-16,-3.232622e-21,2.042588e-11
2752,688.000000,4,7.260859e-14,1.257078e-16,-3.489710e-20,1.127964e-11
2753,688.250000,4,7.394085e-14,1.303022e-16,2.819032e-20,1.971268e-11
2754,688.500000,4,7.305268e-14,1.571418e-16,-1.179890e-20,2.137202e-11
2755,688.750000,4,7.327472e-14,1.257162e-16,1.073680e-20,1.044431e-11
2756,689.000000,4,7.305268e-14,1.257190e-16,3.554891e-20,1.452172e-12
2757,689.250000,4,7.305268e-14,1.571523e-16,1.676530e-20,2.132317e-11
2758,689.500000,4,7.327472e-14,1.571558e-16,3.662094e-20,9.048762e-12
2759,689.750000,4,7.349676e-14,1.257274e-16,5.039184e-21,1.336931e-12
2760,690.000000,4,7.349676e-14,1.571628e-16,1.571974e-20,-5.203393e-12
2761,690.250000,4,7.305268e-14,1.257330e-16,1.300990e-20,9.311663e-12
2762,690.500000,4,7.305268e-14,1.257358e-16,3.475482e-20,8.959944e-12
2763,690.750000,4,7.349676e-14,1.257386e-16,-4.296707e-20,9.753753e-12
2764,691.000000,4,7.283063e-14,1.257414e-16,8.073283e-22,2.339151e-11
2765,691.250000,4,7.327472e-14,1.469135e-16,-7.497565e-21,3.013056e-11
2766,691.500000,4,7.394085e-14,1.257470e-16,-2.065305e-20,2.050071e-11
2767,691.750000,4,7.305268e-14,1.571872e-16,-1.876377e-20,1.903477e-11
2768,692.000000,4,7.327472e-14,1.571907e-16,2.450109e-20,1.649703e-11
2769,692.250000,4,7.305268e-14,1.257553e-16,-2.941454e-21,3.359157e-11
2770,692.500000,4,7.438494e-14,1.257581e-16,-1.683809e-20,3.758105e-12
2771,692.750000,4,7.349676e-14,1.414810e-16,-1.472381e-21,1.922906e-11
2772,693.000000,4,7.349676e-14,1.572046e-16,3.637609e-20,1.363909e-11
2773,693.250000,4,7.349676e-14,1.257665e-16,-2.315113e-20,8.118839e-12
2774,693.500000,4,7.327472e-14,1.257693e-16,4.339059e-20,1.930722e-11
2775,693.750000,4,7.371881e-14,1.572151e-16,4.572654e-20,2.066458e-11
2776,694.000000,4,7.305268e-14,1.257749e-16,3.922490e-20,1.322098e-11
2777,694.250000,4,7.349676e-14,1.174721e-16,1.933617e-20,2.856493e-11
2778,694.500000,4,7.371881e-14,1.257804e-16,1.138531e-20,1.198308e-11
2779,694.750000,4,7.327472e-14,1.572290e-16,-2.740284e-20,1.848788e-11
2780,695.000000,4,7.394085e-14,1.572325e-16,1.567011e-20,2.250800e-11
2781,695.250000,4,7.305268e-14,1.572360e-16,-6.954935e-21,2.008371e-11
2782,695.500000,4,7.327472e-14,1.257916e-16,3.582685e-20,1.650680e-11
2783,695.750000,4,7.260859e-14,1.572430e-16,1.707301e-20,-1.262324e-12
2784,696.000000,4,7.349676e-14,1.572465e-16,3.099280e-20,2.405987e-11
2785,696.250000,4,7.371881e-14,1.258000e-16,1.301321e-20,2.078049e-11
2786,696.500000,4,7.305268e-14,1.269493e-16,-9.558899e-21,1.881606e-11
2787,696.750000,4,7.260859e-14,1.258055e-16,-5.839895e-21,2.447176e-11
2788,697.000000,4,7.371881e-14,1.258083e-16,-6.478479e-21,3.414513e-11
2789,697.250000,4,7.327472e-14,1.100847e-16,-1.881340e-20,3.766920e-11
2790,697.500000,4,7.349676e-14,1.258139e-16,1.517711e-20,2.238276e-11
2791,697.750000,4,7.305268e-14,1.572709e-16,3.083068e-20,2.114375e-11
2792,698.000000,4,7.327472e-14,1.258195e-16,-2.203609e-21,7.865930e-12
2793,698.250000,4,7.327472e-14,1.258223e-16,-1.372458e-20,8.461232e-12
2794,698.500000,4,7.327472e-14,1.324594e-16,-6.508257e-21,2.306377e-11
2795,698.750000,4,7.371881e-14,1.258278e-16,-9.075826e-21,1.842326e-11
2796,699.000000,4,7.349676e-14,1.258306e-16,-1.680831e-20,2.350209e-11
2797,699.250000,4,7.260859e-14,1.572917e-16,-3.474159e-22,1.665734e-11
2798,699.500000,4,7.305268e-14,1.572952e-16,3.272988e-20,8.981482e-12
2799,699.750000,4,7.327472e-14,1.572987e-16,-5.034883e-20,2.094769e-11
2800,700.000000,4,7.349676e-14,1.258417e-16,4.788052e-20,3.090928e-11
2801,700.250000,4,7.371881e-14,1.415751e-16,-2.545731e-20,1.003930e-11
2802,700.500000,4,7.327472e-14,1.258473e-16,2.715799e-20,1.204792e-11
2803,700.750000,4,7.349676e-14,1.258501e-16,6.698178e-20,9.594991e-12
2804,701.000000,4,7.327472e-14,1.258529e-16,2.582458e-20,3.960832e-12
2805,701.250000,4,7.349676e-14,1.323992e-16,-3.190932e-20,3.264455e-11
2806,701.500000,4,7.305268e-14,1.573230e-16,-2.844509e-20,1.926770e-11
2807,701.750000,4,7.349676e-14,1.258612e-16,-3.241555e-20,9.789058e-12
2808,702.000000,4,7.283063e-14,1.573300e-16,-2.293937e-20,6.893153e-12
2809,702.250000,4,7.260859e-14,1.258668e-16,2.375663e-21,1.830025e-11
2810,702.500000,4,7.305268e-14,1.573369e-16,9.032812e-22,9.192425e-12
2811,702.750000,4,7.327472e-14,1.258723e-16,7.775498e-21,1.998757e-11
2812,703.000000,4,7.305268e-14,1.573439e-16,3.440079e-20,2.676348e-11
2813,703.250000,4,7.305268e-14,1.573474e-16,1.837995e-20,2.751266e-11
2814,703.500000,4,7.305268e-14,1.573508e-16,-2.942447e-20,2.244538e-11
2815,703.750000,4,7.305268e-14,1.258835e-16,2.441837e-21,7.741585e-12
2816,704.000000,4,7.260859e-14,1.299617e-16,2.117582e-21,1.901812e-11
2817,704.250000,4,7.305268e-14,1.573613e-16,-3.770951e-20,1.046341e-11
2818,704.500000,4,7.327472e-14,1.573647e-16,3.778561e-21,2.397305e-11
2819,704.750000,4,7.260859e-14,1.573682e-16,4.701695e-21,2.798828e-11
2820,705.000000,4,7.371881e-14,1.573717e-16,1.548813e-20,1.581490e-11
2821,705.250000,4,7.238654e-14,1.259001e-16,1.823768e-20,4.769740e-12
2822,705.500000,4,7.260859e-14,1.259029e-16,3.706762e-20,1.880074e-11
2823,705.750000,4,7.327472e-14,1.259057e-16,-3.868889e-20,1.314060e-11
2824,706.000000,4,7.327472e-14,1.573856e-16,1.234815e-20,2.207168e-11
2825,706.250000,4,7.394085e-14,1.259112e-16,1.616642e-20,2.217448e-11
2826,706.500000,4,7.371881e-14,1.259140e-16,5.711186e-20,1.422662e-11
2827,706.750000,4,7.349676e-14,1.259168e-16,3.949291e-20,1.212896e-11
2828,707.000000,4,7.216450e-14,1.573994e-16,2.392868e-20,1.287148e-11
2829,707.250000,4,7.349676e-14,1.259223e-16,-5.518949e-21,1.460387e-11
2830,707.500000,4,7.305268e-14,1.259251e-16,2.385589e-20,1.342992e-11
2831,707.750000,4,7.305268e-14,1.574098e-16,-7.047579e-22,2.240652e-11
2832,708.000000,4,7.349676e-14,1.574133e-16,-2.011703e-21,1.297340e-11
2833,708.250000,4,7.283063e-14,1.574167e-16,3.084722e-20,2.148393e-11
2834,708.500000,4,7.305268e-14,1.574202e-16,-4.632211e-23,1.800426e-11
2835,708.750000,4,7.283063e-14,1.290683e-16,3.749444e-20,1.475220e-11
2836,709.000000,4,7.327472e-14,1.259417e-16,7.054196e-21,1.255329e-11
2837,709.250000,4,7.305268e-14,1.306413e-16,-1.013793e-20,1.925349e-11
2838,709.500000,4,7.305268e-14,1.259472e-16,1.356576e-21,8.709700e-12
2839,709.750000,4,7.238654e-14,1.259499e-16,-3.572097e-20,1.988099e-11
2840,710.000000,4,7.327472e-14,1.259527e-16,-1.475028e-20,1.092659e-11
2841,710.250000,4,7.238654e-14,1.259554e-16,3.654815e-20,1.008660e-11
2842,710.500000,4,7.327472e-14,1.259582e-16,-3.490371e-20,3.023115e-11
2843,710.750000,4,7.305268e-14,1.574512e-16,-5.856439e-21,2.115552e-11
2844,711.000000,4,7.305268e-14,1.259637e-16,-1.234815e-20,1.723288e-11
2845,711.250000,4,7.327472e-14,1.259664e-16,-4.877388e-20,2.024114e-11
2846,711.500000,4,7.305268e-14,1.574615e-16,2.441837e-21,3.046430e-11
2847,711.750000,4,7.327472e-14,1.282134e-16,4.916762e-21,1.917755e-11
2848,712.000000,4,7.260859e-14,1.259747e-16,-1.804908e-20,2.590661e-11
2849,712.250000,4,7.283063e-14,1.889662e-16,2.163904e-21,1.225797e-11
2850,712.500000,4,7.260859e-14,1.259802e-16,3.416587e-20,9.219736e-12
2851,712.750000,4,7.371881e-14,1.408533e-16,6.306425e-21,5.922818e-12
2852,713.000000,4,7.283063e-14,1.259857e-16,-1.753623e-22,1.590328e-11
2853,713.250000,4,7.283063e-14,1.259884e-16,1.510432e-20,-5.239587e-12
2854,713.500000,4,7.283063e-14,1.265942e-16,3.970467e-23,2.742451e-11
2855,713.750000,4,7.349676e-14,1.259939e-16,-4.235496e-20,1.413336e-11
2856,714.000000,4,7.305268e-14,1.574959e-16,3.470850e-21,2.142553e-11
2857,714.250000,4,7.260859e-14,1.259994e-16,1.816819e-20,2.428768e-11
2858,714.500000,4,7.305268e-14,1.575027e-16,3.189608e-20,1.813483e-11
2859,714.750000,4,7.305268e-14,1.260049e-16,-7.097210e-21,1.896727e-11
2860,715.000000,4,7.283063e-14,1.575096e-16,-1.664618e-20,1.054912e-11
2861,715.250000,4,7.283063e-14,1.281399e-16,-1.118679e-20,9.243273e-12
2862,715.500000,4,7.260859e-14,1.260132e-16,1.988542e-20,1.876166e-11
2863,715.750000,4,7.305268e-14,1.260159e-16,-1.185846e-20,1.370237e-12
2864,716.000000,4,7.349676e-14,1.260187e-16,7.659692e-21,1.257816e-11
2865,716.250000,4,7.305268e-14,1.260214e-16,-1.847260e-20,9.690915e-12
2866,716.500000,4,7.327472e-14,1.260242e-16,-7.325512e-21,1.100409e-11
2867,716.750000,4,7.283063e-14,1.575337e-16,3.099942e-20,2.325962e-11
2868,717.000000,4,7.305268e-14,1.575371e-16,4.445930e-20,2.754663e-11
2869,717.250000,4,7.327472e-14,1.260324e-16,-2.180448e-21,2.890843e-11
2870,717.500000,4,7.238654e-14,1.260352e-16,6.177385e-21,1.449063e-11
2871,717.750000,4,7.394085e-14,1.260379e-16,-2.008725e-20,1.735190e-11
2872,718.000000,4,7.327472e-14,1.260407e-16,-1.890273e-20,1.782530e-11
2873,718.250000,4,7.327472e-14,1.260434e-16,-1.406207e-20,1.437006e-11
2874,718.500000,4,7.283063e-14,1.260461e-16,4.791030e-21,1.627853e-11
2875,718.750000,4,7.327472e-14,1.304382e-16,1.796636e-20,2.437939e-11
2876,719.000000,4,7.327472e-14,1.260516e-16,-1.813180e-21,6.967760e-13
2877,719.250000,4,7.327472e-14,1.260544e-16,-2.056371e-20,1.147105e-11
2878,719.500000,4,7.283063e-14,1.575714e-16,2.527202e-20,1.354516e-11
2879,719.750000,4,7.283063e-14,1.575748e-16,5.085506e-20,9.553469e-12
2880,720.000000,4,7.349676e-14,1.359442e-16,1.427383e-20,9.358292e-12
2881,720.250000,4,7.260859e-14,1.890980e-16,1.201397e-20,1.422173e-11
2882,720.500000,4,7.283063e-14,1.575851e-16,-2.213866e-20,1.815281e-11
2883,720.750000,4,7.305268e-14,1.260708e-16,1.968028e-20,2.148526e-11
2884,721.000000,4,7.305268e-14,1.575920e-16,4.370822e-21,1.604050e-12
2885,721.250000,4,7.327472e-14,1.260763e-16,2.089458e-20,1.204992e-11
2886,721.500000,4,7.305268e-14,1.260791e-16,2.704219e-20,9.310774e-12
2887,721.750000,4,7.238654e-14,1.260818e-16,1.596128e-20,1.959277e-11
2888,722.000000,4,7.283063e-14,1.576057e-16,1.271873e-20,3.317835e-11
2889,722.250000,4,7.305268e-14,1.576091e-16,-6.286573e-21,1.316125e-11
2890,722.500000,4,7.283063e-14,1.576125e-16,1.067725e-20,1.752043e-11
2891,722.750000,4,7.283063e-14,1.260928e-16,-2.646978e-23,1.560974e-11
2892,723.000000,4,7.305268e-14,1.576194e-16,-1.353267e-20,2.092149e-11
2893,723.250000,4,7.327472e-14,1.603593e-16,3.616434e-20,1.243672e-11
2894,723.500000,4,7.283063e-14,1.576262e-16,5.796882e-21,1.091793e-11
2895,723.750000,4,7.327472e-14,1.576297e-16,2.047437e-20,1.355382e-11
2896,724.000000,4,7.283063e-14,1.576331e-16,2.650287e-21,2.056422e-11
2897,724.250000,4,7.371881e-14,1.261092e-16,6.683619e-22,1.403144e-11
2898,724.500000,4,7.327472e-14,1.326833e-16,2.438528e-20,3.383116e-11
2899,724.750000,4,7.283063e-14,1.261147e-16,1.314555e-20,1.549716e-11
2900,725.000000,4,7.305268e-14,1.261174e-16,-1.230183e-20,1.973577e-11
2901,725.250000,4,7.283063e-14,1.261202e-16,-7.226250e-21,1.443490e-11
2902,725.500000,4,7.327472e-14,1.576536e-16,-3.158176e-20,2.287193e-11
2903,725.750000,4,7.260859e-14,1.261256e-16,-1.421427e-20,1.860712e-11
2904,726.000000,4,7.327472e-14,1.261284e-16,2.169860e-20,1.412181e-11
2905,726.250000,4,7.283063e-14,1.576639e-16,2.895132e-20,3.003175e-11
2906,726.500000,4,7.283063e-14,1.576673e-16,3.270010e-20,1.848899e-11
2907,726.750000,4,7.283063e-14,1.576707e-16,2.481542e-21,1.531841e-11
2908,727.000000,4,7.194245e-14,1.618370e-16,-6.174076e-21,2.291700e-11
2909,727.250000,4,7.260859e-14,1.261420e-16,-3.192917e-20,2.546785e-11
2910,727.500000,4,7.283063e-14,1.389312e-16,-3.639595e-22,1.632983e-11
2911,727.750000,4,7.305268e-14,1.261475e-16,6.481787e-21,1.645306e-11
2912,728.000000,4,7.327472e-14,1.261502e-16,2.495769e-20,1.673883e-11
2913,728.250000,4,7.283063e-14,1.333886e-16,2.114274e-20,2.047695e-11
2914,728.500000,4,7.327472e-14,1.576946e-16,4.625263e-20,9.218404e-12
2915,728.750000,4,7.305268e-14,1.261584e-16,-9.343832e-21,8.965051e-12
2916,729.000000,4,7.327472e-14,1.577014e-16,-1.640465e-20,1.330847e-11
2917,729.250000,4,7.260859e-14,1.261638e-16,-2.096076e-20,1.111311e-11
2918,729.500000,4,7.327472e-14,1.412514e-16,-1.100150e-20,2.413536e-11
2919,729.750000,4,7.260859e-14,1.261693e-16,-1.918066e-20,2.344125e-12
2920,730.000000,4,7.260859e-14,1.261720e-16,1.616311e-20,1.869327e-11
2921,730.250000,4,7.327472e-14,1.341323e-16,-1.732778e-20,1.984346e-11
2922,730.500000,4,7.327472e-14,1.261775e-16,-2.076223e-20,1.710454e-11
2923,730.750000,4,7.349676e-14,1.261802e-16,2.290959e-20,2.141953e-11
2924,731.000000,4,7.283063e-14,1.892744e-16,-1.170626e-20,1.063727e-11
2925,731.250000,4,7.327472e-14,1.261857e-16,3.613125e-21,2.266365e-11
2926,731.500000,4,7.349676e-14,1.261884e-16,2.463675e-20,2.665490e-11
2927,731.750000,4,7.327472e-14,1.577389e-16,3.216078e-20,2.116218e-11
2928,732.000000,4,7.283063e-14,1.261938e-16,-2.124200e-21,1.151634e-11
2929,732.250000,4,7.260859e-14,1.261991e-16,3.003658e-20,8.260059e-12
2930,732.500000,4,7.283063e-14,1.577491e-16,2.789253e-20,7.421175e-12
2931,732.750000,4,7.327472e-14,1.577525e-16,-8.192397e-21,7.676082e-12
2932,733.000000,4,7.260859e-14,1.262047e-16,9.426550e-21,2.578582e-11
2933,733.250000,4,7.283063e-14,1.893112e-16,5.554683e-20,1.795630e-11
2934,733.500000,4,7.305268e-14,1.340579e-16,-2.898441e-20,3.242295e-11
2935,733.750000,4,7.327472e-14,1.262129e-16,1.846598e-20,1.864753e-11
2936,734.000000,4,7.283063e-14,1.262156e-16,2.115928e-20,2.206013e-11
2937,734.250000,4,7.305268e-14,1.262184e-16,-1.307938e-20,2.195244e-11
2938,734.500000,4,7.394085e-14,1.262211e-16,-8.427316e-21,1.836598e-11
2939,734.750000,4,7.283063e-14,1.262238e-16,-1.324482e-20,7.631229e-12
2940,735.000000,4,7.327472e-14,1.262265e-16,8.781349e-21,2.845635e-11
2941,735.250000,4,7.283063e-14,1.577866e-16,4.903527e-20,1.913891e-11
2942,735.500000,4,7.283063e-14,1.262320e-16,-2.603965e-21,1.405942e-11
2943,735.750000,4,7.305268e-14,1.262347e-16,1.416464e-20,2.052380e-11
2944,736.000000,4,7.327472e-14,1.893561e-16,2.279379e-20,-1.751710e-12
2945,736.250000,4,7.327472e-14,1.578002e-16,-2.638044e-20,2.099054e-11
2946,736.500000,4,7.305268e-14,1.262429e-16,1.042578e-20,1.123879e-11
2947,736.750000,4,7.327472e-14,1.578070e-16,-1.912442e-21,1.965583e-11
2948,737.000000,4,7.238654e-14,1.893724e-16,3.225343e-20,1.328559e-11
2949,737.250000,4,7.305268e-14,1.339718e-16,-4.562728e-21,1.593636e-11
2950,737.500000,4,7.238654e-14,1.276617e-16,-9.165161e-22,1.033373e-11
2951,737.750000,4,7.305268e-14,1.578206e-16,-1.559401e-20,1.280975e-11
2952,738.000000,4,7.371881e-14,1.578240e-16,-8.602678e-23,1.703437e-11
2953,738.250000,4,7.260859e-14,1.262619e-16,7.878068e-21,1.144596e-11
2954,738.500000,4,7.305268e-14,1.284277e-16,-2.122215e-20,1.970069e-11
2955,738.750000,4,7.283063e-14,1.578342e-16,-1.215956e-20,7.374990e-12
2956,739.000000,4,7.260859e-14,1.331436e-16,-3.456291e-20,1.281619e-11
2957,739.250000,4,7.349676e-14,1.578410e-16,-3.785840e-20,1.688405e-11
2958,739.500000,4,7.238654e-14,1.262755e-16,-1.748991e-20,2.277711e-11
2959,739.750000,4,7.260859e-14,1.262782e-16,8.688705e-21,1.876321e-11
2960,740.000000,4,7.394085e-14,1.262809e-16,2.435551e-20,2.080336e-11
2961,740.250000,4,7.327472e-14,1.262836e-16,4.341044e-21,5.042633e-12
2962,740.500000,4,7.260859e-14,1.275958e-16,5.556007e-20,6.685541e-12
2963,740.750000,4,7.327472e-14,1.262891e-16,4.499863e-20,2.058353e-11
2964,741.000000,4,7.327472e-14,1.262918e-16,1.255329e-20,1.694422e-11
2965,741.250000,4,7.238654e-14,1.262945e-16,2.771386e-20,9.955370e-12
2966,741.500000,4,7.283063e-14,1.262972e-16,4.505487e-20,1.663158e-11
2967,741.750000,4,7.305268e-14,1.578749e-16,-4.010172e-21,2.839795e-11
2968,742.000000,4,7.283063e-14,1.578783e-16,6.210472e-21,2.243783e-11
2969,742.250000,4,7.283063e-14,1.346438e-16,4.744377e-20,2.411649e-11
2970,742.500000,4,7.305268e-14,1.578851e-16,-2.778003e-20,2.389022e-11
2971,742.750000,4,7.283063e-14,1.263108e-16,-3.047333e-21,1.612022e-11
2972,743.000000,4,7.349676e-14,1.578919e-16,4.324500e-20,9.172663e-13
2973,743.250000,4,7.238654e-14,1.263162e-16,7.576974e-22,1.774625e-11
2974,743.500000,4,7.283063e-14,1.263190e-16,4.337735e-21,2.297562e-11
2975,743.750000,4,7.194245e-14,1.263217e-16,-1.382384e-20,3.378187e-12
2976,744.000000,4,7.283063e-14,1.212214e-16,1.562379e-20,5.413003e-12
2977,744.250000,4,7.283063e-14,1.263271e-16,4.465121e-20,1.393552e-11
2978,744.500000,4,7.305268e-14,1.579123e-16,8.516652e-21,2.715828e-12
2979,744.750000,4,7.216450e-14,1.263325e-16,-2.566245e-20,2.603717e-11
2980,745.000000,4,7.283063e-14,1.263352e-16,-5.416379e-21,8.505419e-12
2981,745.250000,4,7.260859e-14,1.263379e-16,-1.405545e-20,9.960255e-12
2982,745.500000,4,7.260859e-14,1.105481e-16,1.409185e-20,-1.909584e-12
2983,745.750000,4,7.283063e-14,1.579292e-16,-1.167979e-21,1.026290e-12
2984,746.000000,4,7.238654e-14,1.263460e-16,3.975099e-20,2.064260e-11
2985,746.250000,4,7.283063e-14,1.263488e-16,2.772048e-20,7.849277e-12
2986,746.500000,4,7.260859e-14,1.290371e-16,1.358561e-20,1.821099e-11
2987,746.750000,4,7.260859e-14,1.263542e-16,7.272572e-21,1.029599e-11
2988,747.000000,4,7.349676e-14,1.263569e-16,-7.120371e-21,1.728262e-11
2989,747.250000,4,7.216450e-14,1.579495e-16,2.619185e-20,2.159006e-11
2990,747.500000,4,7.238654e-14,1.579529e-16,-4.236488e-20,1.573608e-11
2991,747.750000,4,7.260859e-14,1.263650e-16,-5.356822e-21,1.377964e-11
2992,748.000000,4,7.260859e-14,1.579596e-16,1.840973e-20,1.661427e-11
2993,748.250000,4,7.305268e-14,1.263704e-16,-1.323489e-20,2.806866e-11
2994,748.500000,4,7.260859e-14,1.263731e-16,2.521577e-20,1.478151e-11
2995,748.750000,4,7.238654e-14,1.274136e-16,1.155075e-20,5.227596e-12
2996,749.000000,4,7.327472e-14,1.579731e-16,1.234815e-20,2.320855e-11
2997,749.250000,4,7.260859e-14,1.263812e-16,-3.732570e-20,1.719047e-11
2998,749.500000,4,7.327472e-14,1.579799e-16,1.085923e-20,2.691602e-11
2999,749.750000,4,7.238654e-14,1.579833e-16,1.943874e-20,2.469203e-11
3000,750.000000,4,7.238654e-14,1.579866e-16,3.500628e-21,1.000711e-11
3001,750.250000,4,7.260859e-14,1.579900e-16,-1.298674e-20,3.047806e-11
3002,750.500000,4,7.238654e-14,1.579934e-16,-2.401140e-20,-1.403766e-12
3003,750.750000,4,7.238654e-14,1.579968e-16,-1.613664e-20,1.973111e-11
3004,751.000000,4,7.238654e-14,1.264001e-16,-1.095187e-21,9.910517e-12
3005,751.250000,4,7.327472e-14,1.580035e-16,-1.949499e-20,2.391443e-11
3006,751.500000,4,7.238654e-14,1.580069e-16,2.346877e-20,1.605427e-11
3007,751.750000,4,7.260859e-14,1.264082e-16,3.657793e-20,3.254574e-11
3008,752.000000,4,7.283063e-14,1.264109e-16,-5.915996e-21,2.430567e-11
3009,752.250000,4,7.349676e-14,1.264136e-16,-3.089354e-20,1.197464e-11
3010,752.500000,4,7.305268e-14,1.580204e-16,-1.677522e-21,1.486922e-11
3011,752.750000,4,7.238654e-14,1.336126e-16,-1.698698e-20,9.306333e-12
3012,753.000000,4,7.260859e-14,1.580271e-16,-1.544512e-20,1.448397e-11
3013,753.250000,4,7.327472e-14,1.336009e-16,2.093429e-20,1.244316e-11
3014,753.500000,4,7.260859e-14,1.264271e-16,3.460262e-20,2.172462e-11
3015,753.750000,4,7.260859e-14,1.264298e-16,3.055274e-20,5.068612e-12
3016,754.000000,4,7.216450e-14,1.580405e-16,1.085261e-21,1.773226e-11
3017,754.250000,4,7.283063e-14,1.264351e-16,3.772605e-20,1.764056e-11
3018,754.500000,4,7.260859e-14,1.304289e-16,-1.775791e-20,2.584977e-11
3019,754.750000,4,7.238654e-14,1.264405e-16,1.155737e-20,2.436673e-11
3020,755.000000,4,7.260859e-14,1.264432e-16,-1.053828e-20,2.459966e-11
3021,755.250000,4,7.327472e-14,1.580573e-16,-7.027726e-21,2.399037e-11
3022,755.500000,4,7.305268e-14,1.264485e-16,3.955578e-20,9.580337e-12
3023,755.750000,4,7.305268e-14,1.896768e-16,1.531938e-21,2.157741e-11
3024,756.000000,4,7.238654e-14,1.264539e-16,-7.024418e-21,1.144262e-11
3025,756.250000,4,7.305268e-14,1.264566e-16,2.968255e-20,1.123213e-11
3026,756.500000,4,7.349676e-14,1.264593e-16,5.847836e-20,8.478107e-12
3027,756.750000,4,7.305268e-14,1.580775e-16,1.021403e-20,1.396505e-11
3028,757.000000,4,7.260859e-14,1.264647e-16,2.256218e-20,1.131406e-11
3029,757.250000,4,7.327472e-14,1.580842e-16,8.139457e-22,2.681322e-11
3030,757.500000,4,7.194245e-14,1.580875e-16,-1.387347e-20,2.376099e-11
3031,757.750000,4,7.172041e-14,1.264727e-16,4.466775e-21,2.847855e-11
3032,758.000000,4,7.194245e-14,1.580942e-16,1.455838e-21,2.412071e-11
3033,758.250000,4,7.349676e-14,1.303434e-16,2.948733e-20,1.919553e-11
3034,758.500000,4,7.260859e-14,1.581009e-16,-1.213309e-20,2.859268e-11
3035,758.750000,4,7.260859e-14,1.422939e-16,9.529121e-21,9.118928e-12
3036,759.000000,4,7.305268e-14,1.581076e-16,2.967593e-20,1.442135e-11
3037,759.250000,4,7.238654e-14,1.264888e-16,-4.860844e-20,1.922129e-11
3038,759.500000,4,7.172041e-14,1.581143e-16,-1.297019e-21,7.689627e-12
3039,759.750000,4,7.260859e-14,1.581177e-16,2.190374e-20,1.696798e-11
3040,760.000000,4,7.238654e-14,1.581210e-16,-1.245403e-20,2.492140e-11
3041,760.250000,4,7.216450e-14,1.334374e-16,-3.284900e-20,1.125566e-11
3042,760.500000,4,7.283063e-14,1.265022e-16,-7.524035e-21,1.656297e-11
3043,760.750000,4,7.305268e-14,1.265049e-16,-1.751969e-20,5.010659e-12
3044,761.000000,4,7.260859e-14,1.265076e-16,-1.066401e-20,2.148814e-11
3045,761.250000,4,7.238654e-14,1.265102e-16,-8.470329e-22,2.356515e-11
3046,761.500000,4,7.260859e-14,1.265129e-16,3.181337e-20,1.131872e-11
3047,761.750000,4,7.238654e-14,1.581445e-16,3.146595e-21,9.532153e-12
3048,762.000000,4,7.260859e-14,1.271190e-16,4.113073e-20,1.600053e-11
3049,762.250000,4,7.283063e-14,1.581512e-16,1.939242e-20,1.364531e-11
3050,762.500000,4,7.305268e-14,1.265236e-16,-9.846758e-21,2.167799e-11
3051,762.750000,4,7.305268e-14,1.581579e-16,2.825980e-20,1.795031e-11
3052,763.000000,4,7.283063e-14,1.265290e-16,1.402898e-21,1.773226e-11
3053,763.250000,4,7.327472e-14,1.265317e-16,-2.247946e-20,3.123679e-11
3054,763.500000,4,7.305268e-14,1.423511e-16,-3.373243e-20,1.187739e-11
3055,763.750000,4,7.238654e-14,1.423541e-16,2.799841e-20,8.200329e-12
3056,764.000000,4,7.305268e-14,1.265397e-16,2.536136e-20,8.650636e-12
3057,764.250000,4,7.260859e-14,1.739957e-16,1.242094e-20,3.228706e-11
3058,764.500000,4,7.260859e-14,1.898175e-16,7.689471e-21,1.418377e-11
3059,764.750000,4,7.305268e-14,1.423662e-16,2.891493e-20,5.335066e-12
3060,765.000000,4,7.238654e-14,1.265504e-16,2.145707e-20,1.245049e-11
3061,765.250000,4,7.305268e-14,1.265530e-16,1.297019e-20,5.094813e-12
3062,765.500000,4,7.238654e-14,1.265557e-16,1.240109e-20,2.800582e-11
3063,765.750000,4,7.283063e-14,1.581980e-16,-2.580804e-21,1.164713e-11
3064,766.000000,4,7.238654e-14,1.265610e-16,-1.526314e-20,1.156075e-11
3065,766.250000,4,7.305268e-14,1.152625e-16,1.430361e-20,2.831380e-11
3066,766.500000,4,7.260859e-14,1.265664e-16,3.795105e-21,2.291412e-11
3067,766.750000,4,7.305268e-14,1.265690e-16,5.933201e-20,2.297695e-11
3068,767.000000,4,7.260859e-14,1.582146e-16,-5.346895e-21,1.027844e-11
3069,767.250000,4,7.260859e-14,1.265744e-16,1.371465e-20,1.940936e-11
3070,767.500000,4,7.283063e-14,1.582213e-16,4.883674e-20,8.273604e-12
3071,767.750000,4,7.238654e-14,1.582247e-16,-1.395288e-20,1.214828e-11
3072,768.000000,4,7.194245e-14,1.265824e-16,-8.298276e-21,1.840972e-11
3073,768.250000,4,7.283063e-14,1.348175e-16,1.077651e-20,1.145439e-11
3074,768.500000,4,7.238654e-14,1.265877e-16,5.115285e-21,2.423794e-11
3075,768.750000,4,7.238654e-14,1.265904e-16,2.395515e-20,1.320233e-11
3076,769.000000,4,7.260859e-14,1.582413e-16,-1.812518e-20,3.986589e-12
3077,769.250000,4,7.238654e-14,1.582447e-16,-2.620508e-21,1.697087e-11
3078,769.500000,4,7.283063e-14,1.265984e-16,-1.100481e-20,1.994804e-11
3079,769.750000,4,7.260859e-14,1.266011e-16,3.348096e-20,2.249534e-11
3080,770.000000,4,7.283063e-14,1.266037e-16,2.212212e-20,3.213207e-12
3081,770.250000,4,7.283063e-14,1.582580e-16,-4.407549e-20,1.628320e-11
3082,770.500000,4,7.216450e-14,1.266091e-16,-1.803915e-20,1.893130e-11
3083,770.750000,4,7.216450e-14,1.266117e-16,3.313024e-20,1.379852e-11
3084,771.000000,4,7.238654e-14,1.266144e-16,-2.551687e-20,6.252554e-12
3085,771.250000,4,7.327472e-14,1.582713e-16,8.106370e-22,-8.790080e-12
3086,771.500000,4,7.283063e-14,1.266197e-16,4.202078e-21,5.773160e-12
3087,771.750000,4,7.216450e-14,1.266224e-16,-9.340523e-21,1.272937e-11
3088,772.000000,4,7.260859e-14,1.266250e-16,3.242548e-22,1.716405e-11
3089,772.250000,4,7.283063e-14,1.582846e-16,3.748783e-20,1.431277e-11
3090,772.500000,4,7.238654e-14,1.266304e-16,1.958433e-20,1.317724e-11
3091,772.750000,4,7.305268e-14,1.266330e-16,4.900218e-21,2.183542e-11
3092,773.000000,4,7.238654e-14,1.284392e-16,-3.880470e-20,2.429634e-11
3093,773.250000,4,7.260859e-14,1.266384e-16,2.574186e-20,1.495470e-11
3094,773.500000,4,7.305268e-14,1.266410e-16,2.417683e-20,7.638778e-12
3095,773.750000,4,7.283063e-14,1.266437e-16,8.652309e-21,2.817613e-11
3096,774.000000,4,7.260859e-14,1.583079e-16,-9.816980e-21,1.862066e-11
3097,774.250000,4,7.238654e-14,1.266490e-16,-5.803499e-21,5.331735e-12
3098,774.500000,4,7.238654e-14,1.266517e-16,2.406434e-20,6.435075e-12
3099,774.750000,4,7.260859e-14,1.266543e-16,1.788364e-20,1.807399e-11
3100,775.000000,4,7.216450e-14,1.424891e-16,4.829080e-20,-9.117151e-13
3101,775.250000,4,7.216450e-14,1.266597e-16,7.246102e-22,1.417821e-11
3102,775.500000,4,7.283063e-14,1.266623e-16,1.212978e-20,7.840839e-12
3103,775.750000,4,7.194245e-14,1.266650e-16,-2.384596e-20,-1.418643e-12
3104,776.000000,4,7.283063e-14,1.583345e-16,1.469735e-20,2.996070e-11
3105,776.250000,4,7.260859e-14,1.583379e-16,3.373243e-20,2.025091e-11
3106,776.500000,4,7.260859e-14,1.266730e-16,1.445912e-21,2.013878e-11
3107,776.750000,4,7.194245e-14,1.266756e-16,7.401612e-21,1.834954e-11
3108,777.000000,4,7.260859e-14,1.583478e-16,-6.974787e-21,3.137135e-11
3109,777.250000,4,7.172041e-14,1.583512e-16,2.282026e-20,3.978573e-11
3110,777.500000,4,7.305268e-14,1.267718e-16,9.760731e-21,2.214451e-12
3111,777.750000,4,7.238654e-14,1.583578e-16,-5.624828e-21,1.307598e-11
3112,778.000000,4,7.305268e-14,1.266889e-16,7.596827e-21,2.631606e-11
3113,778.250000,4,7.283063e-14,1.266916e-16,1.949830e-20,1.164002e-11
3114,778.500000,4,7.349676e-14,1.583678e-16,-1.362863e-20,9.328094e-12
3115,778.750000,4,7.283063e-14,1.266969e-16,-1.551791e-21,1.828138e-11
3116,779.000000,4,7.216450e-14,1.266995e-16,-1.444588e-20,2.808331e-11
3117,779.250000,4,7.216450e-14,1.583778e-16,-2.658558e-20,1.434453e-11
3118,779.500000,4,7.283063e-14,1.267049e-16,1.668920e-20,5.402123e-12
3119,779.750000,4,7.194245e-14,1.267075e-16,1.203382e-20,1.366240e-12
3120,780.000000,4,7.194245e-14,1.267102e-16,4.863822e-22,1.742539e-11
3121,780.250000,4,7.238654e-14,1.583910e-16,-6.044705e-20,1.864153e-11
3122,780.500000,4,7.260859e-14,1.583944e-16,-2.594038e-21,7.797540e-12
3123,780.750000,4,7.216450e-14,1.583977e-16,-2.671793e-20,2.333933e-11
3124,781.000000,4,7.283063e-14,1.267208e-16,-5.949083e-21,2.460010e-11
3125,781.250000,4,7.283063e-14,1.584043e-16,5.075580e-21,1.870659e-11
3126,781.500000,4,7.238654e-14,1.584076e-16,3.381514e-21,2.405121e-11
3127,781.750000,4,7.216450e-14,1.267288e-16,1.842958e-21,2.547451e-11
3128,782.000000,4,7.216450e-14,1.267314e-16,-1.828731e-20,2.612666e-11
3129,782.250000,4,7.305268e-14,1.267341e-16,-2.018321e-22,1.021050e-11
3130,782.500000,4,7.216450e-14,1.641896e-16,-5.968935e-21,2.148881e-11
3131,782.750000,4,7.327472e-14,1.267394e-16,-2.329671e-20,2.135736e-11
3132,783.000000,4,7.238654e-14,1.584275e-16,4.738091e-21,1.262235e-11
3133,783.250000,4,7.194245e-14,1.584309e-16,-2.432573e-20,2.293010e-11
3134,783.500000,4,7.305268e-14,1.584342e-16,-1.159376e-20,1.645573e-11
3135,783.750000,4,7.327472e-14,1.267500e-16,-2.261843e-20,7.319478e-12
3136,784.000000,4,7.194245e-14,1.267526e-16,-7.563740e-21,1.361133e-12
3137,784.250000,4,7.172041e-14,1.267553e-16,3.059907e-20,9.661827e-12
3138,784.500000,4,7.260859e-14,1.584474e-16,-1.144156e-20,1.049205e-11
3139,784.750000,4,7.216450e-14,1.584507e-16,2.266475e-21,2.246558e-11
3140,785.000000,4,7.260859e-14,1.584540e-16,-2.542091e-20,1.692091e-11
3141,785.250000,4,7.260859e-14,1.267659e-16,2.087473e-20,1.149325e-11
3142,785.500000,4,7.216450e-14,1.267685e-16,-2.303533e-20,2.424261e-11
3143,785.750000,4,7.216450e-14,1.426176e-16,8.705249e-21,6.107781e-12
3144,786.000000,4,7.216450e-14,1.584673e-16,-1.322165e-20,1.489475e-11
3145,786.250000,4,7.238654e-14,1.584706e-16,-2.794216e-20,6.940448e-12
3146,786.500000,4,7.305268e-14,1.584739e-16,2.418676e-21,1.342437e-11
3147,786.750000,4,7.283063e-14,1.584772e-16,-1.562379e-20,1.636691e-11
3148,787.000000,4,7.305268e-14,1.584805e-16,-1.889611e-20,2.744494e-11
3149,787.250000,4,7.283063e-14,1.296828e-16,-2.819032e-21,1.007416e-11
3150,787.500000,4,7.260859e-14,1.584871e-16,1.444257e-20,7.910339e-12
3151,787.750000,4,7.238654e-14,1.327965e-16,9.926167e-21,2.473644e-11
3152,788.000000,4,7.283063e-14,1.584937e-16,-1.888288e-20,1.603406e-11
3153,788.250000,4,7.216450e-14,1.426473e-16,1.512417e-20,-2.542189e-12
3154,788.500000,4,7.194245e-14,1.902004e-16,-1.332753e-20,1.551603e-11
3155,788.750000,4,7.283063e-14,1.268029e-16,2.582789e-20,3.403766e-11
3156,789.000000,4,7.238654e-14,1.268056e-16,6.424877e-20,1.337352e-11
3157,789.250000,4,7.238654e-14,1.585102e-16,2.844509e-20,5.012879e-12
3158,789.500000,4,7.283063e-14,1.268108e-16,8.106370e-22,2.072653e-11
3159,789.750000,4,7.349676e-14,1.585169e-16,1.286100e-20,1.418132e-11
3160,790.000000,4,7.327472e-14,1.268161e-16,5.284030e-21,1.985523e-12
3161,790.250000,4,7.260859e-14,1.327406e-16,-3.330229e-20,2.081157e-11
3162,790.500000,4,7.238654e-14,1.268214e-16,-1.213309e-20,5.177636e-12
3163,790.750000,4,7.260859e-14,1.268241e-16,1.660317e-20,1.491629e-11
3164,791.000000,4,7.260859e-14,1.268267e-16,2.663522e-21,-3.253398e-12
3165,791.250000,4,7.238654e-14,1.585367e-16,6.736559e-21,1.292011e-11
3166,791.500000,4,7.194245e-14,1.268320e-16,3.084060e-20,1.383627e-11
3167,791.750000,4,7.238654e-14,1.585433e-16,8.404155e-21,1.240275e-11
3168,792.000000,4,7.260859e-14,1.268373e-16,3.176043e-20,1.686229e-11
3169,792.250000,4,7.283063e-14,1.585499e-16,2.883221e-20,2.121525e-11
3170,792.500000,4,7.194245e-14,1.585532e-16,-2.494446e-20,1.445599e-11
3171,792.750000,4,7.260859e-14,1.268452e-16,-2.201293e-20,6.250334e-12
3172,793.000000,4,7.238654e-14,1.268478e-16,6.115843e-20,4.608758e-12
3173,793.250000,4,7.216450e-14,1.268505e-16,9.734261e-21,-6.419976e-12
3174,793.500000,4,7.238654e-14,1.268531e-16,-1.149119e-20,1.158251e-11
3175,793.750000,4,7.283063e-14,1.279808e-16,3.957563e-20,1.860267e-11
3176,794.000000,4,7.238654e-14,1.585730e-16,2.446469e-20,1.938916e-11
3177,794.250000,4,7.305268e-14,1.268610e-16,2.744254e-20,1.501888e-11
3178,794.500000,4,7.216450e-14,1.268637e-16,3.047333e-21,2.079759e-11
3179,794.750000,4,7.194245e-14,1.585829e-16,-5.436231e-21,1.299627e-11
3180,795.000000,4,7.238654e-14,1.427276e-16,4.595154e-20,2.482858e-11
3181,795.250000,4,7.194245e-14,1.268716e-16,1.283453e-20,1.031086e-11
3182,795.500000,4,7.238654e-14,1.271634e-16,4.661990e-21,1.998557e-11
3183,795.750000,4,7.283063e-14,1.268768e-16,-1.786379e-20,3.760814e-11
3184,796.000000,4,7.260859e-14,1.419743e-16,2.206918e-21,1.573741e-11
3185,796.250000,4,7.283063e-14,1.268821e-16,3.304421e-20,2.992451e-11
3186,796.500000,4,7.238654e-14,1.326024e-16,6.306425e-21,-2.594147e-12
3187,796.750000,4,7.194245e-14,1.268874e-16,3.757054e-20,1.406986e-11
3188,797.000000,4,7.216450e-14,1.586125e-16,-9.171779e-21,2.027689e-11
3189,797.250000,4,7.216450e-14,1.586158e-16,3.791796e-21,2.385891e-11
3190,797.500000,4,7.238654e-14,1.586191e-16,-4.102816e-21,1.808753e-11
3191,797.750000,4,7.238654e-14,1.268979e-16,3.083729e-21,9.608092e-12
3192,798.000000,4,7.238654e-14,1.278905e-16,-7.940934e-22,2.484679e-12
3193,798.250000,4,7.238654e-14,1.586289e-16,-7.854907e-21,2.224909e-11
3194,798.500000,4,7.238654e-14,1.269058e-16,-3.767311e-20,7.133405e-12
3195,798.750000,4,7.238654e-14,1.269084e-16,-2.799841e-20,1.871259e-11
3196,799.000000,4,7.172041e-14,1.325476e-16,4.677872e-20,3.512302e-12
3197,799.250000,4,7.216450e-14,1.586421e-16,2.007402e-20,3.014056e-11
3198,799.500000,4,7.283063e-14,1.586453e-16,1.168641e-20,1.851408e-11
3199,799.750000,4,7.283063e-14,1.427837e-16,5.181459e-21,2.000489e-11
3200,800.000000,4,7.260859e-14,1.586519e-16,-9.218101e-21,2.446976e-11
3201,800.250000,4,7.238654e-14,1.586552e-16,3.364640e-20,1.557954e-11
3202,800.500000,4,7.260859e-14,1.269268e-16,-5.363439e-21,2.835465e-11
3203,800.750000,4,7.194245e-14,1.269294e-16,2.692638e-20,1.142531e-11
3204,801.000000,4,7.216450e-14,1.586650e-16,-1.141509e-20,1.618283e-11
3205,801.250000,4,7.238654e-14,1.586683e-16,3.489710e-20,2.783418e-11
3206,801.500000,4,7.305268e-14,1.586715e-16,2.935829e-20,2.162270e-11
3207,801.750000,4,7.216450e-14,1.586748e-16,-8.758188e-21,2.876144e-11
3208,802.000000,4,7.194245e-14,1.586781e-16,-8.824363e-21,2.211520e-11
3209,802.250000,4,7.238654e-14,1.586814e-16,5.558654e-22,2.695133e-11
3210,802.500000,4,7.216450e-14,1.277958e-16,-6.329255e-20,1.275113e-11
3211,802.750000,4,7.260859e-14,1.586879e-16,6.144298e-21,1.313349e-11
3212,803.000000,4,7.260859e-14,1.269530e-16,9.188322e-21,-2.011724e-13
3213,803.250000,4,7.260859e-14,1.586945e-16,-1.077651e-20,1.519052e-11
3214,803.500000,4,7.172041e-14,1.269582e-16,-1.742373e-20,1.998957e-11
3215,803.750000,4,7.149836e-14,1.587010e-16,-4.908490e-20,1.457479e-11
3216,804.000000,4,7.216450e-14,1.269634e-16,1.802923e-20,6.867618e-12
3217,804.250000,4,7.238654e-14,1.587075e-16,2.878589e-20,1.855294e-11
3218,804.500000,4,7.238654e-14,1.269686e-16,-5.370057e-21,1.495537e-11
3219,804.750000,4,7.283063e-14,1.269712e-16,-3.947306e-21,1.169975e-11
3220,805.000000,4,7.238654e-14,1.277434e-16,-5.236053e-20,1.439249e-11
3221,805.250000,4,7.283063e-14,1.269765e-16,-2.843185e-20,9.697576e-12
3222,805.500000,4,7.238654e-14,1.587239e-16,2.440514e-20,7.808643e-12
3223,805.750000,4,7.327472e-14,1.587271e-16,-2.886529e-20,1.670508e-11
3224,806.000000,4,7.194245e-14,1.269843e-16,-6.074814e-21,1.687228e-11
3225,806.250000,4,7.194245e-14,1.587336e-16,-1.820459e-20,1.930589e-11
3226,806.500000,4,7.194245e-14,1.269895e-16,-2.312797e-21,1.945244e-11
3227,806.750000,4,7.238654e-14,1.269921e-16,4.047229e-20,4.701350e-12
3228,807.000000,4,7.238654e-14,1.587434e-16,3.338501e-20,1.900458e-11
3229,807.250000,4,7.260859e-14,1.269974e-16,1.388671e-20,9.919177e-12
3230,807.500000,4,7.216450e-14,1.270000e-16,-2.261181e-20,2.085820e-11
3231,807.750000,4,7.172041e-14,1.587532e-16,-4.792684e-20,9.556134e-12
3232,808.000000,4,7.238654e-14,1.587565e-16,-4.169983e-20,6.718626e-12
3233,808.250000,4,7.238654e-14,1.270078e-16,-2.643669e-21,-3.766543e-12
3234,808.500000,4,7.283063e-14,1.587630e-16,-3.958886e-20,1.165823e-11
3235,808.750000,4,7.194245e-14,1.270130e-16,-7.285807e-21,1.843059e-11
3236,809.000000,4,7.260859e-14,1.270156e-16,-4.023406e-21,7.793322e-12
3237,809.250000,4,7.216450e-14,1.270182e-16,-1.706970e-20,1.396105e-11
3238,809.500000,4,7.216450e-14,1.439950e-16,4.168990e-22,2.131673e-11
3239,809.750000,4,7.238654e-14,1.587793e-16,5.832616e-20,2.402190e-11
3240,810.000000,4,7.216450e-14,1.587826e-16,6.369291e-21,1.377809e-11
3241,810.250000,4,7.194245e-14,1.587858e-16,3.712387e-21,2.290923e-11
3242,810.500000,4,7.238654e-14,1.322982e-16,1.593481e-20,8.004930e-12
3243,810.750000,4,7.238654e-14,1.270339e-16,-1.189155e-20,1.504508e-11
3244,811.000000,4,7.305268e-14,1.270365e-16,-2.908367e-21,1.350164e-11
3245,811.250000,4,7.260859e-14,1.353946e-16,1.627230e-20,3.291567e-11
3246,811.500000,4,7.260859e-14,1.270417e-16,9.687939e-21,8.717471e-12
3247,811.750000,4,7.216450e-14,1.588054e-16,-1.306945e-21,9.043433e-12
3248,812.000000,4,7.260859e-14,1.588086e-16,1.141840e-20,1.705658e-11
3249,812.250000,4,7.260859e-14,1.270495e-16,1.361208e-20,3.272405e-11
3250,812.500000,4,7.216450e-14,1.270521e-16,-6.054962e-22,1.506173e-11
3251,812.750000,4,7.238654e-14,1.270547e-16,-2.044790e-20,2.094014e-11
3252,813.000000,4,7.260859e-14,1.588217e-16,6.282933e-20,-1.150191e-13
3253,813.250000,4,7.260859e-14,1.057914e-16,2.583781e-20,1.148548e-11
3254,813.500000,4,7.238654e-14,1.588282e-16,1.429368e-20,1.668243e-11
3255,813.750000,4,7.172041e-14,1.270652e-16,-1.184523e-20,8.132606e-12
3256,814.000000,4,7.194245e-14,1.270678e-16,-5.307191e-21,1.575584e-11
3257,814.250000,4,7.194245e-14,1.270704e-16,5.161607e-22,-1.048650e-11
3258,814.500000,4,7.194245e-14,1.270730e-16,-1.902515e-21,4.910516e-12
3259,814.750000,4,7.238654e-14,1.588445e-16,-9.853375e-21,2.927947e-11
3260,815.000000,4,7.172041e-14,1.275358e-16,2.028578e-20,2.124168e-11
3261,815.250000,4,7.305268e-14,1.270808e-16,2.663191e-20,3.396972e-11
3262,815.500000,4,7.194245e-14,1.270834e-16,3.364971e-21,2.383427e-11
3263,815.750000,4,7.238654e-14,1.270860e-16,-2.167544e-20,7.362555e-12
3264,816.000000,4,7.216450e-14,1.588607e-16,-2.165559e-20,6.914913e-12
3265,816.250000,4,7.194245e-14,1.588640e-16,1.329114e-20,1.469180e-11
3266,816.500000,4,7.238654e-14,1.275049e-16,5.917981e-20,1.612022e-11
3267,816.750000,4,7.216450e-14,1.270964e-16,2.395184e-20,2.124834e-11
3268,817.000000,4,7.216450e-14,1.588737e-16,2.284342e-20,1.566591e-11
3269,817.250000,4,7.238654e-14,1.588770e-16,-1.508116e-20,2.316924e-11
3270,817.500000,4,7.238654e-14,1.588802e-16,1.012469e-21,1.575051e-11
3271,817.750000,4,7.216450e-14,1.271068e-16,-2.972887e-20,2.089173e-11
3272,818.000000,4,7.194245e-14,1.588867e-16,-6.988022e-21,1.880851e-11
3273,818.250000,4,7.238654e-14,1.271120e-16,-6.035110e-21,2.693223e-11
3274,818.500000,4,7.260859e-14,1.430039e-16,2.476910e-20,1.071165e-11
3275,818.750000,4,7.216450e-14,1.271172e-16,-9.906315e-21,2.198997e-11
3276,819.000000,4,7.238654e-14,1.271198e-16,-2.301216e-20,2.428324e-11
3277,819.250000,4,7.172041e-14,1.271224e-16,1.831047e-20,2.407985e-11
3278,819.500000,4,7.194245e-14,1.271250e-16,-8.129531e-21,2.412959e-12
3279,819.750000,4,7.216450e-14,1.430186e-16,2.676426e-20,1.313660e-11
3280,820.000000,4,7.172041e-14,1.271302e-16,-1.863142e-20,2.212475e-11
3281,820.250000,4,7.194245e-14,1.430244e-16,3.233945e-20,1.303624e-11
3282,820.500000,4,7.260859e-14,1.271354e-16,3.330560e-20,1.138978e-11
3283,820.750000,4,7.260859e-14,1.271380e-16,2.372354e-20,3.303091e-11
3284,821.000000,4,7.238654e-14,1.041053e-16,2.131810e-20,9.856782e-12
3285,821.250000,4,7.238654e-14,1.406141e-16,-3.096964e-21,1.641509e-11
3286,821.500000,4,7.238654e-14,1.589322e-16,-6.339512e-21,6.078693e-12
3287,821.750000,4,7.305268e-14,1.589355e-16,2.166221e-20,1.057354e-11
3288,822.000000,4,7.238654e-14,1.271510e-16,2.637052e-21,2.398548e-11
3289,822.250000,4,7.216450e-14,1.589420e-16,2.869986e-20,2.383405e-11
3290,822.500000,4,7.172041e-14,1.271562e-16,2.095414e-20,1.442024e-11
3291,822.750000,4,7.216450e-14,1.589485e-16,4.554126e-20,1.179656e-11
3292,823.000000,4,7.238654e-14,1.271614e-16,-2.066959e-20,1.644418e-11
3293,823.250000,4,7.216450e-14,1.271640e-16,4.686474e-20,9.488854e-12
3294,823.500000,4,7.216450e-14,1.907499e-16,2.752195e-20,1.585998e-11
3295,823.750000,4,7.194245e-14,1.271692e-16,1.184854e-20,1.807710e-11
3296,824.000000,4,7.216450e-14,1.589647e-16,6.518183e-22,3.078493e-11
3297,824.250000,4,7.149836e-14,1.589679e-16,9.383537e-21,1.392642e-11
3298,824.500000,4,7.238654e-14,1.589712e-16,-2.065305e-20,1.429412e-11
3299,824.750000,4,7.305268e-14,1.271795e-16,2.236696e-21,2.807354e-11
3300,825.000000,4,7.172041e-14,1.271821e-16,3.509562e-20,1.711853e-11
3301,825.250000,4,7.194245e-14,1.271847e-16,-1.116363e-20,-1.718625e-13
3302,825.500000,4,7.238654e-14,1.271873e-16,5.143078e-20,1.961942e-11
3303,825.750000,4,7.238654e-14,1.271899e-16,1.755939e-20,2.533374e-11
3304,826.000000,4,7.283063e-14,1.589906e-16,-6.160841e-21,2.109468e-11
3305,826.250000,4,7.238654e-14,1.271951e-16,4.059802e-20,2.462519e-11
3306,826.500000,4,7.149836e-14,1.203140e-16,5.558654e-22,2.641642e-11
3307,826.750000,4,7.194245e-14,1.272002e-16,5.229105e-20,2.557266e-11
3308,827.000000,4,7.194245e-14,1.590035e-16,2.001446e-20,2.835177e-11
3309,827.250000,4,7.238654e-14,1.342698e-16,4.560081e-20,1.809219e-12
3310,827.500000,4,7.194245e-14,1.272080e-16,3.382507e-20,7.595480e-12
3311,827.750000,4,7.283063e-14,1.590132e-16,3.345780e-20,2.570411e-11
3312,828.000000,4,7.194245e-14,1.272132e-16,4.347000e-20,7.238432e-12
3313,828.250000,4,7.194245e-14,1.272158e-16,-5.307191e-21,2.485923e-11
3314,828.500000,4,7.238654e-14,1.272184e-16,7.404921e-21,3.933676e-11
3315,828.750000,4,7.216450e-14,1.272210e-16,3.540333e-22,1.662159e-11
3316,829.000000,4,7.216450e-14,1.590294e-16,3.164131e-20,5.480283e-12
3317,829.250000,4,7.238654e-14,1.272261e-16,-2.948072e-20,2.421507e-11
3318,829.500000,4,7.260859e-14,1.311182e-16,-1.730793e-20,1.834399e-11
3319,829.750000,4,7.194245e-14,1.272313e-16,-3.176043e-20,1.483369e-11
3320,830.000000,4,7.172041e-14,1.590424e-16,7.332129e-21,1.567435e-11
3321,830.250000,4,7.260859e-14,1.272365e-16,1.693073e-20,1.340372e-11
3322,830.500000,4,7.149836e-14,1.279943e-16,1.704654e-20,9.624523e-12
3323,830.750000,4,7.283063e-14,1.272416e-16,2.089789e-20,4.505507e-12
3324,831.000000,4,7.172041e-14,1.272442e-16,-3.513863e-20,5.667911e-12
3325,831.250000,4,7.260859e-14,1.272468e-16,4.009841e-20,1.024958e-12
3326,831.500000,4,7.172041e-14,1.908741e-16,8.069974e-21,1.541212e-12
3327,831.750000,4,7.238654e-14,1.272520e-16,-3.231629e-20,2.905720e-11
3328,832.000000,4,7.172041e-14,1.566586e-16,-3.953923e-20,2.474954e-11
3329,832.250000,4,7.238654e-14,1.504483e-16,3.491695e-20,7.613687e-12
3330,832.500000,4,7.216450e-14,1.590747e-16,-1.412494e-20,9.863221e-13
3331,832.750000,4,7.216450e-14,1.590779e-16,-2.279048e-20,1.047162e-12
3332,833.000000,4,7.216450e-14,1.272649e-16,2.303863e-20,2.938116e-11
3333,833.250000,4,7.283063e-14,1.590844e-16,4.440306e-21,9.317880e-12
3334,833.500000,4,7.260859e-14,1.272701e-16,5.088815e-21,1.525668e-11
3335,833.750000,4,7.194245e-14,1.418838e-16,-8.476947e-21,1.967537e-11
3336,834.000000,4,7.194245e-14,1.272752e-16,-4.169983e-20,2.635381e-11
3337,834.250000,4,7.194245e-14,1.590973e-16,-1.745020e-20,2.987610e-11
3338,834.500000,4,7.238654e-14,1.272804e-16,3.750437e-20,1.580824e-11
3339,834.750000,4,7.194245e-14,1.272830e-16,3.470850e-21,2.678924e-11
3340,835.000000,4,7.216450e-14,1.591070e-16,1.654361e-22,6.252776e-12
3341,835.250000,4,7.238654e-14,1.272882e-16,1.843620e-20,1.009859e-11
3342,835.500000,4,7.238654e-14,1.272907e-16,4.384057e-20,1.900924e-11
3343,835.750000,4,7.194245e-14,1.591166e-16,-2.855427e-20,1.614531e-11
3344,836.000000,4,7.238654e-14,1.272959e-16,-2.326032e-20,2.131384e-11
3345,836.250000,4,7.216450e-14,1.309772e-16,-9.181705e-21,6.989964e-12
3346,836.500000,4,7.238654e-14,1.591263e-16,-2.481542e-21,2.071432e-11
3347,836.750000,4,7.194245e-14,1.591296e-16,3.012261e-20,6.162848e-12
3348,837.000000,4,7.216450e-14,1.273062e-16,2.458381e-20,5.672129e-12
3349,837.250000,4,7.260859e-14,1.273088e-16,1.859833e-20,2.464784e-11
3350,837.500000,4,7.194245e-14,1.464484e-16,-4.344353e-21,1.584732e-11
3351,837.750000,4,7.172041e-14,1.301711e-16,1.357900e-20,2.832401e-11
3352,838.000000,4,7.149836e-14,1.273165e-16,-3.805031e-20,6.703527e-12
3353,838.250000,4,7.172041e-14,1.591489e-16,-1.071695e-20,1.100453e-11
3354,838.500000,4,7.216450e-14,1.273217e-16,-1.166986e-20,2.671352e-11
3355,838.750000,4,7.194245e-14,1.591554e-16,-7.272572e-21,5.070167e-12
3356,839.000000,4,7.238654e-14,1.273269e-16,-2.373347e-20,1.763012e-11
3357,839.250000,4,7.238654e-14,1.273294e-16,1.155737e-20,7.108314e-12
3358,839.500000,4,7.238654e-14,1.591650e-16,5.062345e-22,1.236589e-11
3359,839.750000,4,7.149836e-14,1.273346e-16,3.321957e-21,1.619838e-11
3360,840.000000,4,7.216450e-14,1.591715e-16,5.985810e-20,1.765410e-11
3361,840.250000,4,7.149836e-14,1.273398e-16,-1.654692e-20,1.588285e-11
3362,840.500000,4,7.238654e-14,1.591779e-16,-5.142416e-20,1.263945e-11
3363,840.750000,4,7.194245e-14,1.273449e-16,-1.420765e-20,4.865441e-12
3364,841.000000,4,7.149836e-14,1.273475e-16,3.040716e-21,1.570566e-11
3365,841.250000,4,7.194245e-14,1.591876e-16,5.307191e-21,2.062883e-11
3366,841.500000,4,7.194245e-14,1.591908e-16,1.319519e-20,1.321965e-11
3367,841.750000,4,7.149836e-14,1.285398e-16,7.130297e-21,2.008393e-11
3368,842.000000,4,7.216450e-14,1.273578e-16,1.976300e-20,1.945777e-12
3369,842.250000,4,7.172041e-14,1.273604e-16,-1.128605e-20,6.856737e-12
3370,842.500000,4,7.194245e-14,1.114426e-16,-1.082614e-20,1.909628e-11
3371,842.750000,4,7.260859e-14,1.273655e-16,-1.524328e-20,6.440626e-12
3372,843.000000,4,7.127632e-14,1.273681e-16,-1.857517e-20,3.726752e-11
3373,843.250000,4,7.194245e-14,1.273707e-16,8.496799e-21,1.851896e-11
3374,843.500000,4,7.238654e-14,1.592165e-16,2.261181e-20,2.128253e-11
3375,843.750000,4,7.194245e-14,1.284987e-16,2.440514e-20,2.608003e-11
3376,844.000000,4,7.194245e-14,1.273783e-16,1.168641e-20,9.648060e-12
3377,844.250000,4,7.149836e-14,1.273809e-16,2.761129e-20,2.215472e-11
3378,844.500000,4,7.149836e-14,1.273835e-16,-5.166901e-20,1.788680e-11
3379,844.750000,4,7.238654e-14,1.331220e-16,3.544965e-20,8.738787e-12
3380,845.000000,4,7.216450e-14,1.273886e-16,7.166693e-21,1.168621e-11
3381,845.250000,4,7.194245e-14,1.273911e-16,-2.558966e-20,1.744427e-11
3382,845.500000,4,7.260859e-14,1.273937e-16,2.671463e-20,4.454659e-12
3383,845.750000,4,7.238654e-14,1.273962e-16,-1.473374e-20,1.070921e-11
3384,846.000000,4,7.149836e-14,1.433237e-16,3.074134e-20,2.158185e-11
3385,846.250000,4,7.238654e-14,1.274014e-16,6.024522e-20,7.704948e-14
3386,846.500000,4,7.238654e-14,1.274039e-16,-5.012715e-21,3.203948e-11
3387,846.750000,4,7.238654e-14,1.274065e-16,1.277498e-20,8.693712e-12
3388,847.000000,4,7.194245e-14,1.592613e-16,1.652707e-20,1.987965e-12
3389,847.250000,4,7.216450e-14,1.274116e-16,8.754880e-21,3.912404e-11
3390,847.500000,4,7.194245e-14,1.911212e-16,9.522503e-21,-3.328671e-12
3391,847.750000,4,7.216450e-14,1.516244e-16,2.003762e-20,1.878853e-11
3392,848.000000,4,7.238654e-14,1.508448e-16,-1.353929e-20,2.305911e-11
3393,848.250000,4,7.238654e-14,1.274218e-16,-2.948403e-20,3.636513e-11
3394,848.500000,4,7.260859e-14,1.274244e-16,6.147606e-21,2.393907e-11
3395,848.750000,4,7.216450e-14,1.592836e-16,1.651053e-21,1.509148e-11
3396,849.000000,4,7.216450e-14,1.274295e-16,6.240251e-21,1.933476e-11
3397,849.250000,4,7.172041e-14,1.314794e-16,1.769174e-20,1.842260e-11
3398,849.500000,4,7.238654e-14,1.433639e-16,3.131706e-20,1.773515e-11
3399,849.750000,4,7.149836e-14,1.274371e-16,3.473166e-20,1.762812e-11
3400,850.000000,4,7.260859e-14,1.592996e-16,1.066732e-20,2.687517e-11
3401,850.250000,4,7.127632e-14,1.274422e-16,4.007525e-20,7.946310e-12
3402,850.500000,4,7.238654e-14,1.593060e-16,2.048430e-20,-5.670353e-12
3403,850.750000,4,7.260859e-14,1.274473e-16,2.280372e-20,2.791345e-11
3404,851.000000,4,7.149836e-14,1.593124e-16,-2.000784e-20,1.891598e-11
3405,851.250000,4,7.216450e-14,1.274524e-16,1.850568e-20,8.928192e-12
3406,851.500000,4,7.283063e-14,1.593187e-16,5.037861e-20,2.171796e-11
3407,851.750000,4,7.216450e-14,1.593219e-16,-4.407218e-21,6.399992e-12
3408,852.000000,4,7.238654e-14,1.274601e-16,3.725621e-21,5.814016e-12
3409,852.250000,4,7.194245e-14,1.422388e-16,3.293171e-20,2.604605e-11
3410,852.500000,4,7.149836e-14,1.274652e-16,-1.826415e-21,2.898837e-11
3411,852.750000,4,7.194245e-14,1.274678e-16,-1.592819e-20,9.706236e-12
3412,853.000000,4,7.149836e-14,1.344923e-16,8.821054e-21,5.948353e-12
3413,853.250000,4,7.194245e-14,1.283036e-16,-2.527533e-20,3.683032e-11
3414,853.500000,4,7.216450e-14,1.593443e-16,6.776264e-21,1.041744e-11
3415,853.750000,4,7.194245e-14,1.360219e-16,-3.872529e-20,2.727130e-11
3416,854.000000,4,7.127632e-14,1.274805e-16,-1.915750e-20,8.711254e-12
3417,854.250000,4,7.216450e-14,1.274831e-16,4.033664e-20,4.557688e-12
3418,854.500000,4,7.149836e-14,1.274856e-16,4.731473e-22,1.262990e-12
3419,854.750000,4,7.105427e-14,1.274882e-16,-3.057260e-20,2.327694e-12
3420,855.000000,4,7.260859e-14,1.593634e-16,4.711621e-21,6.521672e-12
3421,855.250000,4,7.238654e-14,1.274933e-16,1.567011e-20,5.802470e-12
3422,855.500000,4,7.216450e-14,1.593698e-16,3.060568e-20,1.213873e-11
3423,855.750000,4,7.149836e-14,1.274984e-16,-9.661470e-21,1.974487e-11
3424,856.000000,4,7.216450e-14,1.593761e-16,4.734782e-21,2.940981e-12
3425,856.250000,4,7.149836e-14,1.321047e-16,4.415821e-20,6.248335e-12
3426,856.500000,4,7.194245e-14,1.275060e-16,6.706780e-21,2.306422e-11
3427,856.750000,4,7.216450e-14,1.275086e-16,-3.057260e-21,1.528044e-11
3428,857.000000,4,7.194245e-14,1.275111e-16,-2.766092e-21,1.697686e-11
3429,857.250000,4,7.238654e-14,1.593921e-16,-2.051408e-22,-3.268941e-12
3430,857.500000,4,7.172041e-14,1.593952e-16,4.311265e-21,2.174061e-11
3431,857.750000,4,7.149836e-14,1.593984e-16,3.002335e-20,1.761968e-11
3432,858.000000,4,7.172041e-14,1.275213e-16,3.154536e-20,1.115064e-11
3433,858.250000,4,7.194245e-14,1.594048e-16,1.317533e-20,1.433764e-11
3434,858.500000,4,7.149836e-14,1.275264e-16,-2.351840e-20,3.201306e-11
3435,858.750000,4,7.194245e-14,1.275289e-16,7.911155e-21,7.571055e-12
3436,859.000000,4,7.127632e-14,1.335910e-16,3.549597e-20,1.130096e-11
3437,859.250000,4,7.083223e-14,1.275340e-16,9.264423e-22,9.864110e-12
3438,859.500000,4,7.194245e-14,1.275366e-16,2.321400e-20,2.191358e-11
3439,859.750000,4,7.305268e-14,1.594239e-16,1.125958e-20,6.765699e-12
3440,860.000000,4,7.216450e-14,1.594271e-16,2.180448e-21,1.645328e-11
3441,860.250000,4,7.216450e-14,1.594303e-16,-2.616869e-20,1.757261e-11
3442,860.500000,4,7.172041e-14,1.275468e-16,-7.560431e-21,1.811862e-11
3443,860.750000,4,7.216450e-14,1.594366e-16,-3.829515e-20,1.775335e-11
3444,861.000000,4,7.172041e-14,1.434958e-16,5.777029e-21,-2.172929e-12
3445,861.250000,4,7.238654e-14,1.594430e-16,1.941889e-20,1.556133e-11
3446,861.500000,4,7.194245e-14,1.116123e-16,-2.371031e-20,1.665890e-11
3447,861.750000,4,7.216450e-14,1.275595e-16,1.042909e-20,2.193823e-11
3448,862.000000,4,7.216450e-14,1.275620e-16,7.044270e-21,1.359934e-11
3449,862.250000,4,7.194245e-14,1.188573e-16,4.141197e-20,1.706391e-11
3450,862.500000,4,7.172041e-14,1.594589e-16,2.250593e-20,1.944533e-11
3451,862.750000,4,7.216450e-14,1.275697e-16,9.211483e-21,-2.310818e-12
3452,863.000000,4,7.172041e-14,1.275722e-16,-2.557312e-20,5.565104e-12
3453,863.250000,4,7.127632e-14,1.275747e-16,-2.948733e-20,2.104694e-11
3454,863.500000,4,7.194245e-14,1.275773e-16,-2.293276e-20,1.419265e-11
3455,863.750000,4,7.149836e-14,1.275798e-16,-2.124200e-21,2.084821e-11
3456,864.000000,4,7.194245e-14,1.594780e-16,7.768549e-20,1.316147e-11
3457,864.250000,4,7.172041e-14,1.275849e-16,-1.902185e-20,7.284395e-12
3458,864.500000,4,7.149836e-14,1.275875e-16,1.240771e-21,1.668887e-11
3459,864.750000,4,7.149836e-14,1.275900e-16,2.251255e-20,2.323275e-11
3460,865.000000,4,7.216450e-14,1.275925e-16,7.960786e-21,1.081801e-11
3461,865.250000,4,7.238654e-14,1.594938e-16,2.701572e-20,1.159672e-11
3462,865.500000,4,7.216450e-14,1.334521e-16,1.995160e-20,1.813816e-11
3463,865.750000,4,7.216450e-14,1.276001e-16,2.881897e-21,1.793699e-11
3464,866.000000,4,7.149836e-14,1.595034e-16,5.719788e-20,3.026823e-11
3465,866.250000,4,7.172041e-14,1.595065e-16,-4.913453e-21,1.439737e-11
3466,866.500000,4,7.260859e-14,1.276078e-16,-2.746571e-20,2.307154e-11
3467,866.750000,4,7.194245e-14,1.914154e-16,2.998033e-20,2.836686e-11
3468,867.000000,4,7.194245e-14,1.276128e-16,-8.347907e-21,2.865286e-11
3469,867.250000,4,7.216450e-14,1.595192e-16,-3.385816e-20,2.035283e-11
3470,867.500000,4,7.105427e-14,1.276179e-16,-2.951380e-21,1.868350e-11
3471,867.750000,4,7.238654e-14,1.595255e-16,-4.853896e-21,1.226108e-11
3472,868.000000,4,7.149836e-14,1.276230e-16,-2.282026e-20,1.313882e-11
3473,868.250000,4,7.194245e-14,1.276255e-16,-4.784413e-20,1.601230e-11
3474,868.500000,4,7.216450e-14,1.595350e-16,1.946852e-20,2.774825e-11
3475,868.750000,4,7.194245e-14,1.276306e-16,1.977623e-20,3.515610e-11
3476,869.000000,4,7.238654e-14,1.276331e-16,4.400270e-20,1.840728e-11
3477,869.250000,4,7.194245e-14,1.418523e-16,4.380749e-20,1.422640e-12
3478,869.500000,4,7.260859e-14,1.410757e-16,1.488263e-20,1.826739e-11
3479,869.750000,4,7.216450e-14,1.595509e-16,5.396526e-21,4.135137e-12
3480,870.000000,4,7.194245e-14,1.595541e-16,4.172299e-21,2.613953e-11
3481,870.250000,4,7.238654e-14,1.279550e-16,-3.838118e-21,1.738432e-11
3482,870.500000,4,7.194245e-14,1.418239e-16,5.757177e-22,1.683675e-11
3483,870.750000,4,7.149836e-14,1.595636e-16,-1.231837e-20,2.073075e-11
3484,871.000000,4,7.172041e-14,1.276534e-16,5.959009e-21,3.206546e-12
3485,871.250000,4,7.216450e-14,1.276559e-16,1.156398e-20,2.529954e-11
3486,871.500000,4,7.172041e-14,1.276584e-16,3.241886e-20,2.647438e-12
3487,871.750000,4,7.238654e-14,1.595762e-16,2.906051e-20,1.336087e-11
3488,872.000000,4,7.260859e-14,1.276635e-16,-4.552802e-21,1.656719e-11
3489,872.250000,4,7.194245e-14,1.595825e-16,-2.976858e-20,2.545830e-11
3490,872.500000,4,7.149836e-14,1.595857e-16,-5.823352e-22,2.631495e-11
3491,872.750000,4,7.172041e-14,1.276711e-16,1.426721e-20,1.654077e-11
3492,873.000000,4,7.216450e-14,1.595920e-16,1.680500e-20,2.157696e-11
3493,873.250000,4,7.194245e-14,1.425320e-16,2.768408e-20,1.806666e-11
3494,873.500000,4,7.172041e-14,1.276787e-16,2.930205e-20,1.606404e-11
3495,873.750000,4,7.238654e-14,1.325056e-16,1.796305e-20,6.486367e-12
3496,874.000000,4,7.194245e-14,1.596047e-16,-6.908612e-21,9.006129e-13
3497,874.250000,4,7.149836e-14,1.276863e-16,-1.768512e-20,2.053957e-11
3498,874.500000,4,7.216450e-14,1.276888e-16,2.534481e-21,1.809641e-11
3499,874.750000,4,7.238654e-14,1.276913e-16,-1.684140e-21,1.255707e-11
3500,875.000000,4,7.172041e-14,1.247768e-16,1.755277e-20,1.731970e-11
3501,875.250000,4,7.194245e-14,1.276964e-16,2.355480e-20,8.568035e-12
3502,875.500000,4,7.194245e-14,1.276989e-16,5.173518e-20,8.260503e-12
3503,875.750000,4,7.260859e-14,1.277015e-16,-1.472381e-20,-2.449374e-12
3504,876.000000,4,7.238654e-14,1.277040e-16,2.145707e-20,1.086153e-11
3505,876.250000,4,7.194245e-14,1.277065e-16,1.489587e-20,2.347034e-11
3506,876.500000,4,7.216450e-14,1.596363e-16,-1.680831e-21,2.048295e-11
3507,876.750000,4,7.172041e-14,1.596395e-16,-2.568892e-20,5.540901e-12
3508,877.000000,4,7.194245e-14,1.596426e-16,-1.647082e-20,3.156297e-11
3509,877.250000,4,7.216450e-14,1.596458e-16,-1.439294e-20,3.042677e-11
3510,877.500000,4,7.172041e-14,1.277192e-16,5.179143e-20,2.571765e-11
3511,877.750000,4,7.194245e-14,1.277217e-16,1.664287e-20,1.372791e-11
3512,878.000000,4,7.172041e-14,1.596553e-16,9.009651e-21,6.502576e-12
3513,878.250000,4,7.194245e-14,1.277267e-16,-1.383046e-21,1.167799e-11
3514,878.500000,4,7.260859e-14,1.277293e-16,-1.641457e-20,3.098055e-11
3515,878.750000,4,7.194245e-14,1.915977e-16,-4.450232e-21,1.593148e-11
3516,879.000000,4,7.172041e-14,1.277343e-16,1.214632e-20,2.665490e-11
3517,879.250000,4,7.216450e-14,1.277368e-16,-1.917736e-20,1.701483e-11
3518,879.500000,4,7.127632e-14,1.539346e-16,-1.804908e-20,1.649236e-11
3519,879.750000,4,7.194245e-14,1.596774e-16,4.517399e-20,9.821477e-12
3520,880.000000,4,7.194245e-14,1.300643e-16,7.851598e-21,2.864375e-14
3521,880.250000,4,7.216450e-14,1.596837e-16,2.005086e-20,7.119194e-12
3522,880.500000,4,7.194245e-14,1.277495e-16,-2.468307e-20,5.358380e-12
3523,880.750000,4,7.172041e-14,1.596900e-16,5.540125e-20,1.781508e-11
3524,881.000000,4,7.194245e-14,1.277545e-16,5.443841e-20,1.386780e-11
3525,881.250000,4,7.216450e-14,1.277571e-16,2.113281e-20,1.242739e-11
3526,881.500000,4,7.149836e-14,1.277596e-16,6.547962e-20,1.118328e-11
3527,881.750000,4,7.216450e-14,1.277621e-16,1.407531e-20,2.494094e-11
3528,882.000000,4,7.172041e-14,1.277646e-16,2.316106e-20,4.497736e-12
3529,882.250000,4,7.083223e-14,1.277672e-16,7.143532e-21,2.363709e-11
3530,882.500000,4,7.238654e-14,1.597121e-16,4.056494e-21,1.778688e-11
3531,882.750000,4,7.216450e-14,1.597153e-16,1.763549e-20,1.052824e-11
3532,883.000000,4,7.172041e-14,1.597184e-16,2.102362e-20,6.766587e-12
3533,883.250000,4,7.149836e-14,1.597216e-16,-2.300555e-20,2.949063e-11
3534,883.500000,4,7.194245e-14,1.597247e-16,5.516302e-20,2.210632e-11
3535,883.750000,4,7.172041e-14,1.277823e-16,2.802488e-21,2.985479e-11
3536,884.000000,4,7.216450e-14,1.277848e-16,-1.007175e-20,7.056133e-12
3537,884.250000,4,7.238654e-14,1.568941e-16,5.343587e-20,1.324341e-11
3538,884.500000,4,7.216450e-14,1.491972e-16,2.621501e-20,1.737033e-11
3539,884.750000,4,7.194245e-14,1.597405e-16,-1.737079e-21,1.719003e-11
3540,885.000000,4,7.172041e-14,1.277949e-16,2.993732e-20,1.815037e-11
3541,885.250000,4,7.083223e-14,1.277974e-16,-9.287584e-21,2.879919e-12
3542,885.500000,4,7.194245e-14,1.597499e-16,1.215294e-20,1.934608e-11
3543,885.750000,4,7.216450e-14,1.278025e-16,-6.021875e-21,1.989919e-11
3544,886.000000,4,7.172041e-14,1.597562e-16,-1.109084e-20,2.662159e-11
3545,886.250000,4,7.194245e-14,1.278075e-16,-1.295365e-20,1.456457e-11
3546,886.500000,4,7.149836e-14,1.278100e-16,-8.500108e-21,1.907208e-11
3547,886.750000,4,7.172041e-14,1.278126e-16,2.144052e-21,1.409295e-11
3548,887.000000,4,7.172041e-14,1.278151e-16,-1.485616e-21,1.186162e-12
3549,887.250000,4,7.194245e-14,1.597720e-16,-1.928985e-21,2.149902e-11
3550,887.500000,4,7.260859e-14,1.437976e-16,-9.916241e-21,6.630696e-12
3551,887.750000,4,7.194245e-14,1.278226e-16,1.280476e-21,3.413114e-11
3552,888.000000,4,7.216450e-14,1.278251e-16,-1.121657e-21,7.829293e-12
3553,888.250000,4,7.216450e-14,1.597846e-16,1.237462e-20,1.281331e-11
3554,888.500000,4,7.194245e-14,1.278302e-16,-3.477467e-20,1.346834e-11
3555,888.750000,4,7.172041e-14,1.597909e-16,1.098165e-20,9.185763e-12
3556,889.000000,4,7.216450e-14,1.291088e-16,-1.556092e-20,1.459233e-11
3557,889.250000,4,7.127632e-14,1.278377e-16,-3.349089e-20,3.336664e-12
3558,889.500000,4,7.172041e-14,1.337092e-16,1.025373e-20,3.599165e-11
3559,889.750000,4,7.216450e-14,1.278427e-16,-1.336724e-21,2.431966e-11
3560,890.000000,4,7.194245e-14,1.278452e-16,1.223235e-20,2.633982e-11
3561,890.250000,4,7.172041e-14,1.278477e-16,3.645550e-20,2.706546e-11
3562,890.500000,4,7.194245e-14,1.278502e-16,8.000491e-21,8.067325e-12
3563,890.750000,4,7.149836e-14,1.598159e-16,-2.311143e-20,6.440626e-12
3564,891.000000,4,7.172041e-14,1.278552e-16,-1.173604e-20,2.038969e-11
3565,891.250000,4,7.238654e-14,1.598222e-16,4.404240e-20,6.863621e-12
3566,891.500000,4,7.238654e-14,1.438428e-16,-2.733336e-20,2.561951e-11
3567,891.750000,4,7.238654e-14,1.278627e-16,4.697393e-20,1.344036e-11
3568,892.000000,4,7.194245e-14,1.278653e-16,6.809351e-21,2.092215e-11
3569,892.250000,4,7.172041e-14,1.598347e-16,-2.098061e-20,2.087952e-11
3570,892.500000,4,7.194245e-14,1.278703e-16,-4.010833e-20,9.029000e-12
3571,892.750000,4,7.172041e-14,1.598409e-16,4.384057e-20,2.359912e-11
3572,893.000000,4,7.172041e-14,1.598441e-16,-5.558654e-21,2.302136e-11
3573,893.250000,4,7.149836e-14,1.278778e-16,2.135449e-20,1.556000e-11
3574,893.500000,4,7.238654e-14,1.598503e-16,-7.543887e-22,-7.283063e-14
3575,893.750000,4,7.172041e-14,1.497447e-16,1.846267e-21,1.016431e-11
3576,894.000000,4,7.216450e-14,1.278853e-16,-2.581465e-20,2.032863e-11
3577,894.250000,4,7.216450e-14,1.343755e-16,-1.739065e-20,1.316347e-11
3578,894.500000,4,7.172041e-14,1.598628e-16,1.002543e-20,1.146416e-11
3579,894.750000,4,7.238654e-14,1.278927e-16,2.851788e-20,1.926281e-11
3580,895.000000,4,7.216450e-14,1.278952e-16,-8.526578e-21,1.466627e-11
3581,895.250000,4,7.172041e-14,1.278977e-16,3.013254e-20,2.627432e-11
3582,895.500000,4,7.127632e-14,1.279002e-16,1.530615e-20,1.435807e-11
3583,895.750000,4,7.127632e-14,1.279027e-16,-2.206587e-20,2.512501e-11
3584,896.000000,4,7.194245e-14,1.119171e-16,1.989535e-20,1.562683e-11
3585,896.250000,4,7.194245e-14,1.598847e-16,-3.623051e-21,1.466716e-11
3586,896.500000,4,7.194245e-14,1.598878e-16,4.603426e-20,1.857803e-11
3587,896.750000,4,7.216450e-14,1.439018e-16,-2.140082e-20,1.752043e-11
3588,897.000000,4,7.194245e-14,1.279152e-16,1.172611e-20,1.136002e-11
3589,897.250000,4,7.238654e-14,1.279177e-16,-8.966638e-21,1.773803e-11
3590,897.500000,4,7.172041e-14,1.279202e-16,1.247388e-21,4.679368e-12
3591,897.750000,4,7.149836e-14,1.599034e-16,1.567011e-20,3.207812e-11
3592,898.000000,4,7.216450e-14,1.599065e-16,-3.953923e-21,1.532885e-11
3593,898.250000,4,7.172041e-14,1.279277e-16,1.386355e-21,2.245293e-11
3594,898.500000,4,7.216450e-14,1.279302e-16,-1.705646e-20,1.443778e-11
3595,898.750000,4,7.172041e-14,1.599159e-16,-1.214301e-21,3.196443e-11
3596,899.000000,4,7.149836e-14,1.279352e-16,1.098165e-20,2.261968e-12
3597,899.250000,4,7.194245e-14,1.599221e-16,2.421654e-20,3.658407e-12
3598,899.500000,4,7.194245e-14,1.599252e-16,2.114605e-20,1.696732e-11
3599,899.750000,4,7.238654e-14,1.279427e-16,4.714929e-21,3.707257e-12
3600,900.000000,4,7.172041e-14,1.599315e-16,2.442830e-20,3.828693e-11
3601,900.250000,4,7.172041e-14,1.279477e-16,3.202843e-21,1.013589e-11
3602,900.500000,4,7.149836e-14,1.279502e-16,-3.691873e-20,3.557887e-11
3603,900.750000,4,7.127632e-14,1.279527e-16,4.677541e-20,1.368150e-11
3604,901.000000,4,7.172041e-14,1.599440e-16,-3.574744e-20,2.016831e-11
3605,901.250000,4,7.172041e-14,1.279577e-16,-1.105444e-20,1.616085e-11
3606,901.500000,4,7.194245e-14,1.418892e-16,-7.672927e-21,1.759348e-11
3607,901.750000,4,7.194245e-14,1.279626e-16,-1.867443e-20,1.211764e-11
3608,902.000000,4,7.216450e-14,1.279651e-16,4.665299e-22,6.880496e-12
3609,902.250000,4,7.194245e-14,1.279676e-16,6.716707e-22,9.505063e-12
3610,902.500000,4,7.105427e-14,9.815588e-17,1.862149e-20,2.040967e-11
3611,902.750000,4,7.127632e-14,1.599658e-16,2.295923e-20,2.126233e-11
3612,903.000000,4,7.149836e-14,1.599689e-16,3.695181e-20,1.798584e-11
3613,903.250000,4,7.149836e-14,1.279776e-16,-1.098496e-21,2.367972e-11
3614,903.500000,4,7.172041e-14,1.279801e-16,1.050519e-20,1.154810e-11
3615,903.750000,4,7.172041e-14,1.279826e-16,1.053828e-20,1.215983e-11
3616,904.000000,4,7.194245e-14,1.279851e-16,1.659324e-20,2.254641e-11
3617,904.250000,4,7.194245e-14,1.599845e-16,3.236261e-20,2.098588e-11
3618,904.500000,4,7.216450e-14,1.279901e-16,7.514109e-21,8.747447e-12
3619,904.750000,4,7.149836e-14,1.599907e-16,-1.760240e-21,1.909806e-11
3620,905.000000,4,7.172041e-14,1.287763e-16,1.055152e-20,1.009925e-11
3621,905.250000,4,7.216450e-14,1.279975e-16,4.209026e-20,1.768341e-11
3622,905.500000,4,7.216450e-14,1.600000e-16,3.747790e-20,1.409561e-11
3623,905.750000,4,7.216450e-14,1.600032e-16,-2.731020e-20,1.516787e-11
3624,906.000000,4,7.172041e-14,1.280050e-16,-3.791796e-21,3.388845e-12
3625,906.250000,4,7.127632e-14,1.280075e-16,-1.072688e-20,2.038369e-11
3626,906.500000,4,7.216450e-14,1.600125e-16,-4.711621e-21,2.337841e-11
3627,906.750000,4,7.194245e-14,1.600156e-16,1.305622e-20,1.030287e-11
3628,907.000000,4,7.127632e-14,1.280150e-16,-1.035630e-21,2.666511e-11
3629,907.250000,4,7.172041e-14,1.280175e-16,1.608039e-21,3.761746e-11
3630,907.500000,4,7.149836e-14,1.486438e-16,-3.024834e-20,6.529444e-12
3631,907.750000,4,7.172041e-14,1.280224e-16,1.392972e-21,1.960920e-11
3632,908.000000,4,7.172041e-14,1.280249e-16,-3.085053e-20,2.149636e-11
3633,908.250000,4,7.216450e-14,1.486251e-16,-1.672559e-20,2.626166e-11
3634,908.500000,4,7.127632e-14,1.280299e-16,-8.682088e-21,4.135581e-12
3635,908.750000,4,7.149836e-14,1.280324e-16,-1.574952e-21,5.219825e-12
3636,909.000000,4,7.105427e-14,1.600436e-16,-1.321835e-20,2.154787e-11
3637,909.250000,4,7.172041e-14,1.120327e-16,-9.373611e-21,2.410228e-11
3638,909.500000,4,7.172041e-14,1.600498e-16,-9.095678e-21,1.199774e-11
3639,909.750000,4,7.238654e-14,1.600529e-16,4.671916e-21,6.947554e-12
3640,910.000000,4,7.172041e-14,1.280448e-16,3.953262e-20,7.083445e-12
3641,910.250000,4,7.149836e-14,1.280473e-16,-2.289636e-21,2.417466e-11
3642,910.500000,4,7.216450e-14,1.600622e-16,1.619951e-20,2.446310e-11
3643,910.750000,4,7.194245e-14,1.120457e-16,1.441279e-20,1.845879e-11
3644,911.000000,4,7.172041e-14,1.280547e-16,2.204271e-20,1.782663e-11
3645,911.250000,4,7.149836e-14,1.280572e-16,4.698386e-21,1.937028e-11
3646,911.500000,4,7.105427e-14,1.280597e-16,-2.766092e-21,-6.552536e-13
3647,911.750000,4,7.260859e-14,1.280622e-16,1.267241e-20,1.018874e-11
3648,912.000000,4,7.149836e-14,1.440728e-16,-1.313894e-20,2.444978e-11
3649,912.250000,4,7.216450e-14,1.280672e-16,1.169633e-20,2.660805e-11
3650,912.500000,4,7.149836e-14,1.440783e-16,2.216513e-20,2.171752e-11
3651,912.750000,4,7.149836e-14,1.280721e-16,-8.811128e-21,2.270162e-11
3652,913.000000,4,7.172041e-14,1.280746e-16,3.869551e-20,1.772005e-11
3653,913.250000,4,7.216450e-14,1.600964e-16,2.036188e-20,1.181810e-11
3654,913.500000,4,7.172041e-14,1.280796e-16,1.306945e-21,1.800604e-11
3655,913.750000,4,7.260859e-14,1.280821e-16,1.086254e-20,2.423484e-11
3656,914.000000,4,7.194245e-14,1.601057e-16,-1.930640e-20,1.304734e-11
3657,914.250000,4,7.194245e-14,1.440979e-16,3.141632e-20,1.589529e-11
3658,914.500000,4,7.172041e-14,1.280895e-16,4.114727e-20,2.873213e-11
3659,914.750000,4,7.149836e-14,1.601150e-16,4.225569e-20,1.102540e-11
3660,915.000000,4,7.105427e-14,1.921417e-16,-2.958660e-20,1.646194e-11
3661,915.250000,4,7.127632e-14,1.601212e-16,-1.937919e-20,3.862732e-11
3662,915.500000,4,7.194245e-14,1.601243e-16,1.743697e-20,2.592460e-11
3663,915.750000,4,7.172041e-14,1.281019e-16,7.709323e-22,1.291056e-11
3664,916.000000,4,7.149836e-14,1.423088e-16,-1.354922e-20,1.586087e-11
3665,916.250000,4,7.194245e-14,1.346520e-16,1.963065e-20,1.733347e-11
3666,916.500000,4,7.149836e-14,1.281093e-16,4.456849e-21,5.765388e-12
3667,916.750000,4,7.194245e-14,1.601398e-16,-1.601422e-20,3.230305e-11
3668,917.000000,4,7.238654e-14,1.281143e-16,8.897155e-21,2.318545e-11
3669,917.250000,4,7.149836e-14,1.601460e-16,2.027585e-20,2.915668e-12
3670,917.500000,4,7.194245e-14,1.713386e-16,-1.005852e-20,6.836975e-12
3671,917.750000,4,7.194245e-14,1.601522e-16,9.661470e-21,2.775780e-11
3672,918.000000,4,7.216450e-14,1.601553e-16,2.321731e-20,1.070610e-11
3673,918.250000,4,7.172041e-14,1.121108e-16,3.134684e-20,2.014278e-11
3674,918.500000,4,7.172041e-14,1.281292e-16,-1.790019e-21,5.905720e-12
3675,918.750000,4,7.172041e-14,1.281316e-16,-9.446403e-21,1.950351e-11
3676,919.000000,4,7.149836e-14,1.281341e-16,-9.122148e-21,2.516609e-11
3677,919.250000,4,7.238654e-14,1.281366e-16,2.828958e-20,4.298562e-12
3678,919.500000,4,7.149836e-14,1.601738e-16,-5.495788e-21,1.824030e-11
3679,919.750000,4,7.127632e-14,1.281415e-16,2.213535e-21,1.445577e-11
3680,920.000000,4,7.238654e-14,1.601800e-16,3.404675e-20,8.722356e-12
3681,920.250000,4,7.194245e-14,1.281465e-16,1.389994e-20,2.859912e-11
3682,920.500000,4,7.172041e-14,1.601862e-16,2.785944e-21,1.861955e-11
3683,920.750000,4,7.172041e-14,1.121325e-16,-9.615147e-21,1.890510e-11
3684,921.000000,4,7.194245e-14,1.281539e-16,-5.697620e-21,1.625455e-11
3685,921.250000,4,7.194245e-14,1.330074e-16,3.474159e-20,2.486011e-11
3686,921.500000,4,7.194245e-14,1.345304e-16,7.825129e-21,2.788569e-11
3687,921.750000,4,7.194245e-14,1.281614e-16,8.321437e-21,2.556355e-11
3688,922.000000,4,7.149836e-14,1.602048e-16,-2.736313e-21,2.953748e-11
3689,922.250000,4,7.172041e-14,1.329844e-16,-1.530615e-20,2.513123e-11
3690,922.500000,4,7.172041e-14,1.602110e-16,1.959095e-20,2.664935e-11
3691,922.750000,4,7.127632e-14,1.602141e-16,1.567342e-20,3.298206e-11
3692,923.000000,4,7.127632e-14,1.281737e-16,-3.245857e-20,1.789613e-11
3693,923.250000,4,7.172041e-14,1.602203e-16,3.454306e-20,1.308709e-11
3694,923.500000,4,7.127632e-14,1.281787e-16,1.569989e-20,1.581157e-11
3695,923.750000,4,7.238654e-14,1.405906e-16,3.012261e-20,2.602718e-11
3696,924.000000,4,7.172041e-14,1.602295e-16,-4.463797e-20,1.403322e-11
3697,924.250000,4,7.194245e-14,1.281861e-16,-8.893846e-21,1.223710e-11
3698,924.500000,4,7.149836e-14,1.336965e-16,2.608928e-20,2.254064e-11
3699,924.750000,4,7.172041e-14,1.922866e-16,8.801202e-22,1.934586e-11
3700,925.000000,4,7.194245e-14,1.922903e-16,-1.181214e-21,1.127543e-11
3701,925.250000,4,7.172041e-14,1.527760e-16,2.130817e-20,1.496581e-13
3702,925.500000,4,7.149836e-14,1.359648e-16,2.614883e-20,1.198663e-11
3703,925.750000,4,7.127632e-14,1.122806e-16,3.096964e-21,1.737521e-11
3704,926.000000,4,7.149836e-14,1.602543e-16,1.103459e-20,2.924661e-11
3705,926.250000,4,7.216450e-14,1.602574e-16,1.924022e-20,8.372636e-12
3706,926.500000,4,7.172041e-14,1.282084e-16,4.077339e-20,2.936118e-11
3707,926.750000,4,7.127632e-14,1.923163e-16,-1.261285e-20,2.356604e-11
3708,927.000000,4,7.216450e-14,1.602666e-16,-1.236139e-20,2.249378e-11
3709,927.250000,4,7.194245e-14,1.389778e-16,-6.200546e-21,1.449263e-11
3710,927.500000,4,7.172041e-14,1.282183e-16,-2.115928e-20,1.911138e-11
3711,927.750000,4,7.172041e-14,1.282207e-16,-2.138096e-20,1.984235e-11
3712,928.000000,4,7.149836e-14,1.602790e-16,-9.909624e-21,9.185541e-12
3713,928.250000,4,7.260859e-14,1.511692e-16,-2.003762e-20,2.911671e-12
3714,928.500000,4,7.194245e-14,1.282281e-16,-1.144156e-20,2.384737e-11
3715,928.750000,4,7.149836e-14,1.602883e-16,1.930640e-20,1.752931e-11
3716,929.000000,4,7.194245e-14,1.282331e-16,1.798952e-20,8.533840e-12
3717,929.250000,4,7.149836e-14,1.282356e-16,2.934506e-20,1.669642e-11
3718,929.500000,4,7.149836e-14,1.160237e-16,8.698631e-21,6.163514e-12
3719,929.750000,4,7.194245e-14,1.603006e-16,3.239570e-20,8.335332e-12
3720,930.000000,4,7.127632e-14,1.603037e-16,2.800834e-20,5.629497e-12
3721,930.250000,4,7.149836e-14,1.282454e-16,-1.081621e-20,1.951506e-11
3722,930.500000,4,7.127632e-14,1.603099e-16,9.932785e-21,1.092282e-11
3723,930.750000,4,7.194245e-14,1.282504e-16,-3.090016e-20,3.957257e-11
3724,931.000000,4,7.172041e-14,1.603160e-16,-4.853896e-21,1.292610e-11
3725,931.250000,4,7.127632e-14,1.327759e-16,-7.629914e-21,2.930789e-11
3726,931.500000,4,7.194245e-14,1.603222e-16,-1.063093e-20,2.069522e-11
3727,931.750000,4,7.194245e-14,1.603253e-16,-2.733336e-20,1.367306e-11
3728,932.000000,4,7.194245e-14,1.603284e-16,6.369291e-21,1.322165e-11
3729,932.250000,4,7.216450e-14,1.282652e-16,9.641617e-21,2.427081e-11
3730,932.500000,4,7.105427e-14,1.282676e-16,-1.817812e-20,1.377032e-11
3731,932.750000,4,7.216450e-14,1.603376e-16,3.378206e-21,2.606315e-11
3732,933.000000,4,7.172041e-14,1.632490e-16,-9.165161e-21,2.491962e-11
3733,933.250000,4,7.216450e-14,1.282750e-16,5.753868e-21,4.546363e-12
3734,933.500000,4,7.149836e-14,1.282775e-16,-4.079655e-21,9.171552e-12
3735,933.750000,4,7.172041e-14,1.443149e-16,2.138096e-20,1.350609e-11
3736,934.000000,4,7.149836e-14,1.282824e-16,3.182660e-20,1.290279e-11
3737,934.250000,4,7.194245e-14,1.282849e-16,3.861941e-20,1.441491e-11
3738,934.500000,4,7.172041e-14,1.603592e-16,4.628903e-21,-1.847855e-12
3739,934.750000,4,7.172041e-14,1.282898e-16,-6.197237e-21,6.447731e-12
3740,935.000000,4,7.149836e-14,1.603653e-16,-3.672682e-20,1.642197e-11
3741,935.250000,4,7.172041e-14,1.282947e-16,-2.627126e-21,1.883071e-11
3742,935.500000,4,7.216450e-14,1.603715e-16,1.842958e-21,2.530309e-11
3743,935.750000,4,7.172041e-14,1.282996e-16,-2.776018e-21,1.822520e-11
3744,936.000000,4,7.216450e-14,1.443399e-16,-2.185742e-20,8.425038e-12
3745,936.250000,4,7.238654e-14,1.283046e-16,-5.110653e-20,3.084200e-12
3746,936.500000,4,7.238654e-14,1.283070e-16,-2.334635e-20,1.739919e-11
3747,936.750000,4,7.083223e-14,1.283095e-16,-8.106370e-21,6.376233e-12
3748,937.000000,4,7.216450e-14,1.283119e-16,4.392991e-20,2.511347e-11
3749,937.250000,4,7.172041e-14,1.283144e-16,1.472381e-21,2.821454e-11
3750,937.500000,4,7.172041e-14,1.283169e-16,-3.408646e-20,8.533174e-12
3751,937.750000,4,7.172041e-14,1.443592e-16,-2.911676e-22,2.575273e-12
3752,938.000000,4,7.149836e-14,1.604022e-16,-3.315009e-20,1.190115e-11
3753,938.250000,4,7.149836e-14,1.158453e-16,-3.899329e-20,4.110934e-12
3754,938.500000,4,7.194245e-14,1.604083e-16,2.325039e-20,1.478151e-12
3755,938.750000,4,7.194245e-14,1.604114e-16,4.707650e-20,1.357181e-11
3756,939.000000,4,7.149836e-14,1.135438e-16,-1.349628e-20,1.267675e-11
3757,939.250000,4,7.194245e-14,1.283340e-16,5.601667e-21,2.725731e-11
3758,939.500000,4,7.149836e-14,1.356310e-16,1.707301e-20,1.696976e-11
3759,939.750000,4,7.194245e-14,1.283389e-16,1.089231e-20,1.466272e-11
3760,940.000000,4,7.149836e-14,1.604267e-16,4.860513e-21,2.065903e-11
3761,940.250000,4,7.127632e-14,1.295180e-16,-1.776453e-20,2.483258e-11
3762,940.500000,4,7.194245e-14,1.283462e-16,-5.227781e-21,2.600964e-11
3763,940.750000,4,7.194245e-14,1.283487e-16,-1.223896e-20,2.620659e-11
3764,941.000000,4,7.172041e-14,1.604389e-16,-1.677853e-20,2.431921e-11
3765,941.250000,4,7.194245e-14,1.283536e-16,-3.835471e-20,2.255041e-11
3766,941.500000,4,7.127632e-14,1.604450e-16,3.103582e-21,2.382272e-11
3767,941.750000,4,7.238654e-14,1.283585e-16,-5.588432e-21,1.897038e-11
3768,942.000000,4,7.216450e-14,1.444060e-16,-3.929108e-20,1.076272e-11
3769,942.250000,4,7.149836e-14,1.604542e-16,-9.909624e-21,1.917133e-12
3770,942.500000,4,7.194245e-14,1.283658e-16,1.473374e-20,1.631895e-11
3771,942.750000,4,7.216450e-14,1.332682e-16,-9.261114e-21,3.175082e-11
3772,943.000000,4,7.238654e-14,1.283707e-16,4.048553e-20,1.370748e-11
3773,943.250000,4,7.194245e-14,1.283731e-16,-9.449711e-21,1.384581e-11
3774,943.500000,4,7.216450e-14,1.283756e-16,1.014785e-20,2.892353e-11
3775,943.750000,4,7.127632e-14,1.210622e-16,2.389890e-20,3.325962e-11
3776,944.000000,4,7.216450e-14,1.283805e-16,-2.513967e-20,2.327760e-11
3777,944.250000,4,7.149836e-14,1.283829e-16,-2.573855e-20,1.516010e-11
3778,944.500000,4,7.238654e-14,1.283854e-16,2.115266e-20,3.391998e-11
3779,944.750000,4,7.172041e-14,1.283878e-16,1.230845e-21,1.365752e-11
3780,945.000000,4,7.172041e-14,1.324537e-16,-1.439294e-20,2.638734e-11
3781,945.250000,4,7.105427e-14,1.283927e-16,8.106370e-21,1.526645e-11
3782,945.500000,4,7.127632e-14,1.362477e-16,-2.478233e-21,5.210721e-12
3783,945.750000,4,7.172041e-14,1.283976e-16,1.323489e-22,1.767386e-11
3784,946.000000,4,7.127632e-14,1.284000e-16,4.420453e-21,2.500755e-11
3785,946.250000,4,7.149836e-14,1.284025e-16,-6.207163e-21,3.049472e-11
3786,946.500000,4,7.172041e-14,1.284049e-16,-1.687779e-20,6.443734e-12
3787,946.750000,4,7.127632e-14,1.284074e-16,-8.063357e-21,8.250067e-12
3788,947.000000,4,7.194245e-14,1.400160e-16,-3.161153e-20,1.160361e-11
3789,947.250000,4,7.149836e-14,1.284123e-16,-6.326277e-21,1.781020e-11
3790,947.500000,4,7.194245e-14,1.284147e-16,-2.464667e-20,1.391287e-11
3791,947.750000,4,7.172041e-14,1.285845e-16,-2.506026e-20,5.528467e-12
3792,948.000000,4,7.194245e-14,1.284196e-16,-7.474404e-21,1.627387e-11
3793,948.250000,4,7.172041e-14,1.284220e-16,-9.022886e-21,2.173084e-11
3794,948.500000,4,7.194245e-14,1.284245e-16,-3.380522e-20,2.936740e-11
3795,948.750000,4,7.149836e-14,1.605336e-16,-8.245336e-21,1.489653e-11
3796,949.000000,4,7.149836e-14,1.323592e-16,1.360547e-20,1.632872e-11
3797,949.250000,4,7.238654e-14,1.284318e-16,1.866781e-20,4.378720e-12
3798,949.500000,4,7.149836e-14,1.308261e-16,3.430814e-20,3.049472e-11
3799,949.750000,4,7.216450e-14,1.605458e-16,-1.113716e-20,1.736788e-11
3800,950.000000,4,7.194245e-14,1.123842e-16,-3.176704e-20,2.457479e-11
3801,950.250000,4,7.127632e-14,1.926623e-16,2.821348e-20,1.946643e-11
3802,950.500000,4,7.127632e-14,1.284440e-16,1.962072e-20,2.164313e-11
3803,950.750000,4,7.149836e-14,1.292760e-16,4.143513e-20,8.547385e-12
3804,951.000000,4,7.172041e-14,1.605611e-16,-1.359885e-20,2.266631e-11
3805,951.250000,4,7.127632e-14,1.605641e-16,7.189854e-21,3.397771e-11
3806,951.500000,4,7.149836e-14,1.605672e-16,4.172299e-20,3.853251e-11
3807,951.750000,4,7.127632e-14,1.216497e-16,5.190062e-20,2.082534e-11
3808,952.000000,4,7.238654e-14,1.284586e-16,-1.819797e-22,2.339751e-11
3809,952.250000,4,7.172041e-14,1.284611e-16,1.546828e-20,1.183342e-11
3810,952.500000,4,7.149836e-14,1.284635e-16,-3.778561e-21,1.244782e-11
3811,952.750000,4,7.172041e-14,1.284660e-16,-1.469073e-20,1.390354e-11
3812,953.000000,4,7.127632e-14,1.284684e-16,1.111731e-21,1.201439e-11
3813,953.250000,4,7.149836e-14,1.284708e-16,-2.207580e-20,6.786127e-12
3814,953.500000,4,7.127632e-14,1.307324e-16,-3.083729e-21,2.562794e-11
3815,953.750000,4,7.194245e-14,1.605946e-16,-5.530530e-20,2.090905e-11
3816,954.000000,4,7.172041e-14,1.605977e-16,8.692014e-21,1.058043e-11
3817,954.250000,4,7.127632e-14,1.284806e-16,1.518704e-20,2.162714e-11
3818,954.500000,4,7.172041e-14,1.284830e-16,6.019890e-20,1.413625e-11
3819,954.750000,4,7.194245e-14,1.284854e-16,3.044686e-20,1.471401e-11
3820,955.000000,4,7.172041e-14,1.284879e-16,2.519261e-20,2.810374e-11
3821,955.250000,4,7.149836e-14,1.284903e-16,3.838118e-22,2.086908e-11
3822,955.500000,4,7.194245e-14,1.284927e-16,2.726718e-20,2.926948e-11
3823,955.750000,4,7.149836e-14,1.284952e-16,1.768843e-20,2.105827e-11
3824,956.000000,4,7.238654e-14,1.606220e-16,-3.567465e-20,9.012346e-12
3825,956.250000,4,7.172041e-14,1.285000e-16,6.951626e-21,1.278266e-11
3826,956.500000,4,7.172041e-14,1.428166e-16,-1.537894e-20,1.486855e-11
3827,956.750000,4,7.216450e-14,1.285049e-16,-1.001881e-20,2.466649e-11
3828,957.000000,4,7.149836e-14,1.285073e-16,6.825894e-21,1.721023e-11
3829,957.250000,4,7.127632e-14,1.606372e-16,1.121657e-20,1.993783e-11
3830,957.500000,4,7.149836e-14,1.606403e-16,6.133379e-20,2.429168e-11
3831,957.750000,4,7.216450e-14,1.606433e-16,3.632977e-20,1.591749e-11
3832,958.000000,4,7.127632e-14,1.927756e-16,3.527098e-21,2.354117e-11
3833,958.250000,4,7.194245e-14,1.606494e-16,2.944763e-21,2.113687e-11
3834,958.500000,4,7.216450e-14,1.285219e-16,-3.337839e-20,1.546496e-11
3835,958.750000,4,7.149836e-14,1.285244e-16,-6.782881e-21,1.316014e-11
3836,959.000000,4,7.149836e-14,1.412337e-16,-3.100604e-20,1.575318e-11
3837,959.250000,4,7.149836e-14,1.285292e-16,-6.782881e-21,2.297096e-11
3838,959.500000,4,7.172041e-14,1.285317e-16,9.661470e-21,2.073852e-11
3839,959.750000,4,7.238654e-14,1.285341e-16,3.771282e-20,1.634159e-11
3840,960.000000,4,7.194245e-14,1.285365e-16,1.843620e-20,1.674660e-11
3841,960.250000,4,7.172041e-14,1.606737e-16,2.913330e-20,6.998402e-12
3842,960.500000,4,7.172041e-14,1.606767e-16,2.944763e-21,1.897593e-11
3843,960.750000,4,7.127632e-14,1.335986e-16,1.156729e-20,2.168843e-11
3844,961.000000,4,7.149836e-14,1.285462e-16,-2.608928e-20,1.519451e-11
3845,961.250000,4,7.127632e-14,1.285487e-16,2.726718e-20,1.642819e-11
3846,961.500000,4,7.105427e-14,1.606889e-16,-2.335958e-20,1.871836e-11
3847,961.750000,4,7.172041e-14,1.290215e-16,3.193910e-20,3.472111e-11
3848,962.000000,4,7.105427e-14,1.606949e-16,7.676236e-21,2.006884e-11
3849,962.250000,4,7.149836e-14,1.285584e-16,-2.303863e-20,7.643219e-12
3850,962.500000,4,7.127632e-14,1.285608e-16,-3.282253e-21,2.091660e-11
3851,962.750000,4,7.127632e-14,1.285632e-16,-1.613664e-20,6.898926e-12
3852,963.000000,4,7.194245e-14,1.285657e-16,-7.616679e-21,1.083755e-11
3853,963.250000,4,7.194245e-14,1.285681e-16,1.618958e-20,1.035971e-11
3854,963.500000,4,7.149836e-14,1.285705e-16,6.133048e-20,1.745892e-11
3855,963.750000,4,7.238654e-14,1.607162e-16,-2.906713e-20,2.421707e-11
3856,964.000000,4,7.127632e-14,1.350406e-16,-9.290893e-21,8.991030e-12
3857,964.250000,4,7.172041e-14,1.285778e-16,1.397273e-20,1.472777e-11
3858,964.500000,4,7.127632e-14,1.285802e-16,-1.485286e-20,1.403944e-11
3859,964.750000,4,7.127632e-14,1.607283e-16,-4.185534e-21,2.431300e-11
3860,965.000000,4,7.172041e-14,1.335005e-16,8.510034e-21,3.113376e-11
3861,965.250000,4,7.127632e-14,1.285875e-16,-9.787201e-21,2.442446e-11
3862,965.500000,4,7.149836e-14,1.486584e-16,-1.654361e-23,2.104228e-11
3863,965.750000,4,7.172041e-14,1.607405e-16,-3.581692e-20,2.241496e-11
3864,966.000000,4,7.172041e-14,1.285948e-16,-1.171949e-20,1.474287e-11
3865,966.250000,4,7.149836e-14,1.285972e-16,3.242879e-20,1.168043e-11
3866,966.500000,4,7.172041e-14,1.285997e-16,-1.377752e-20,2.548672e-11
3867,966.750000,4,7.216450e-14,1.286021e-16,-2.055378e-20,2.075229e-11
3868,967.000000,4,7.149836e-14,1.607556e-16,2.354156e-20,1.793499e-11
3869,967.250000,4,7.149836e-14,1.286069e-16,2.365737e-20,2.251355e-11
3870,967.500000,4,7.105427e-14,1.286094e-16,6.084741e-21,2.199929e-11
3871,967.750000,4,7.149836e-14,1.607647e-16,1.931301e-20,2.960254e-11
3872,968.000000,4,7.127632e-14,1.334329e-16,6.746485e-21,3.148548e-11
3873,968.250000,4,7.172041e-14,1.286166e-16,1.812187e-20,8.057555e-12
3874,968.500000,4,7.149836e-14,1.286191e-16,3.949622e-20,1.024736e-11
3875,968.750000,4,7.194245e-14,1.286215e-16,-8.050122e-21,2.649392e-11
3876,969.000000,4,7.105427e-14,1.607799e-16,3.097295e-20,6.410428e-12
3877,969.250000,4,7.127632e-14,1.286263e-16,2.068944e-20,2.187761e-11
3878,969.500000,4,7.172041e-14,1.440107e-16,1.464771e-20,1.286704e-11
3879,969.750000,4,7.149836e-14,1.286312e-16,-1.006844e-20,8.097079e-12
3880,970.000000,4,7.172041e-14,1.515776e-16,5.300904e-20,2.435696e-11
3881,970.250000,4,7.127632e-14,1.607951e-16,-4.231856e-20,2.575273e-11
3882,970.500000,4,7.194245e-14,1.607981e-16,-1.175258e-20,1.532774e-11
3883,970.750000,4,7.127632e-14,1.286409e-16,-1.142833e-20,8.015810e-12
3884,971.000000,4,7.172041e-14,1.363972e-16,-7.801968e-21,2.062261e-11
3885,971.250000,4,7.172041e-14,1.125650e-16,-2.584774e-20,3.024869e-11
3886,971.500000,4,7.194245e-14,1.608102e-16,-8.473638e-21,-4.123812e-12
3887,971.750000,4,7.172041e-14,1.318342e-16,1.424405e-20,1.772671e-11
3888,972.000000,4,7.194245e-14,1.469815e-16,1.188162e-20,2.505551e-12
3889,972.250000,4,7.172041e-14,1.286554e-16,3.898337e-20,1.087530e-11
3890,972.500000,4,7.172041e-14,1.125756e-16,-1.472381e-21,1.994449e-11
3891,972.750000,4,7.216450e-14,1.286603e-16,1.183861e-20,1.896217e-11
3892,973.000000,4,7.194245e-14,1.286627e-16,-2.352502e-21,1.700862e-11
3893,973.250000,4,7.105427e-14,1.286651e-16,9.505960e-21,2.944933e-11
3894,973.500000,4,7.149836e-14,1.608344e-16,2.885868e-20,1.015721e-11
3895,973.750000,4,7.083223e-14,1.286700e-16,1.286100e-20,1.946665e-11
3896,974.000000,4,7.172041e-14,1.333000e-16,4.393983e-21,2.794254e-11
3897,974.250000,4,7.238654e-14,1.286748e-16,2.901750e-20,8.006928e-12
3898,974.500000,4,7.194245e-14,1.423770e-16,-2.058025e-20,8.859580e-12
3899,974.750000,4,7.172041e-14,1.608496e-16,8.424007e-21,4.768630e-12
3900,975.000000,4,7.127632e-14,1.151039e-16,-7.044270e-21,1.932055e-11
3901,975.250000,4,7.194245e-14,1.286845e-16,5.254251e-21,1.514655e-11
3902,975.500000,4,7.172041e-14,1.286869e-16,-1.433339e-20,4.339196e-12
3903,975.750000,4,7.194245e-14,1.286893e-16,1.319188e-20,1.503020e-11
3904,976.000000,4,7.127632e-14,1.286918e-16,1.253013e-20,2.399858e-11
3905,976.250000,4,7.149836e-14,1.347651e-16,-5.496781e-20,2.421841e-11
3906,976.500000,4,7.149836e-14,1.362738e-16,4.220937e-20,2.411493e-11
3907,976.750000,4,7.216450e-14,1.608738e-16,-1.769174e-20,2.468559e-11
3908,977.000000,4,7.127632e-14,1.287014e-16,1.214301e-20,7.086332e-12
3909,977.250000,4,7.172041e-14,1.287038e-16,3.468865e-20,1.094991e-11
3910,977.500000,4,7.127632e-14,1.287063e-16,8.950094e-21,1.069145e-11
3911,977.750000,4,7.149836e-14,1.287087e-16,2.030894e-20,1.846390e-11
3912,978.000000,4,7.061018e-14,1.287111e-16,2.397169e-20,1.636113e-11
3913,978.250000,4,7.127632e-14,1.287135e-16,1.511094e-20,1.219291e-11
3914,978.500000,4,7.194245e-14,1.287159e-16,1.387347e-20,9.451107e-12
3915,978.750000,4,7.172041e-14,1.287183e-16,4.984921e-20,8.766765e-12
3916,979.000000,4,7.149836e-14,1.287207e-16,4.248730e-20,3.284928e-12
3917,979.250000,4,7.127632e-14,1.287232e-16,1.631200e-21,1.602674e-11
3918,979.500000,4,7.172041e-14,1.331804e-16,1.737741e-20,1.869083e-11
3919,979.750000,4,7.216450e-14,1.287280e-16,4.367514e-21,1.448708e-11
3920,980.000000,4,7.149836e-14,1.609130e-16,-2.250262e-20,7.680967e-12
3921,980.250000,4,7.149836e-14,1.126412e-16,7.719249e-21,2.824363e-11
3922,980.500000,4,7.216450e-14,1.609190e-16,-5.502405e-21,1.744249e-11
3923,980.750000,4,7.260859e-14,1.609221e-16,-2.703226e-21,1.507994e-11
3924,981.000000,4,7.149836e-14,1.609251e-16,-2.887191e-20,1.567191e-12
3925,981.250000,4,7.149836e-14,1.467596e-16,1.458816e-20,1.320100e-11
3926,981.500000,4,7.127632e-14,1.287449e-16,3.063877e-21,1.640332e-11
3927,981.750000,4,7.149836e-14,1.448407e-16,4.349647e-20,2.093037e-11
3928,982.000000,4,7.216450e-14,1.287497e-16,1.235477e-20,2.909317e-11
3929,982.250000,4,7.105427e-14,1.694270e-16,2.054717e-20,1.060529e-11
3930,982.500000,4,7.105427e-14,1.300905e-16,2.582458e-20,7.164047e-12
3931,982.750000,4,7.149836e-14,1.931354e-16,1.879023e-20,1.528466e-11
3932,983.000000,4,7.083223e-14,1.406679e-16,-1.842958e-21,1.318590e-11
3933,983.250000,4,7.194245e-14,1.609522e-16,-2.064643e-21,3.145928e-12
3934,983.500000,4,7.149836e-14,1.287642e-16,-4.167005e-20,1.946177e-11
3935,983.750000,4,7.149836e-14,1.179653e-16,2.590730e-20,2.172351e-11
3936,984.000000,4,7.172041e-14,1.287690e-16,2.080194e-20,2.850387e-11
3937,984.250000,4,7.194245e-14,1.330784e-16,-2.193352e-20,1.723244e-11
3938,984.500000,4,7.127632e-14,1.287738e-16,1.323489e-23,3.330358e-11
3939,984.750000,4,7.149836e-14,1.609703e-16,2.406103e-20,2.456080e-11
3940,985.000000,4,7.127632e-14,1.287786e-16,2.962961e-20,1.379519e-11
3941,985.250000,4,7.149836e-14,1.421291e-16,8.999725e-22,1.983835e-11
3942,985.500000,4,7.172041e-14,1.287835e-16,-1.768512e-20,2.558265e-11
3943,985.750000,4,7.149836e-14,1.287859e-16,1.860495e-20,5.892176e-12
3944,986.000000,4,7.149836e-14,1.287883e-16,-2.144052e-21,2.501910e-11
3945,986.250000,4,7.194245e-14,1.609883e-16,-2.686683e-21,3.919975e-12
3946,986.500000,4,7.172041e-14,1.345422e-16,-1.756601e-20,1.726974e-11
3947,986.750000,4,7.127632e-14,1.315135e-16,1.815165e-20,2.569589e-11
3948,987.000000,4,7.127632e-14,1.287979e-16,1.233823e-20,1.586775e-11
3949,987.250000,4,7.172041e-14,1.288003e-16,-5.568580e-21,1.668221e-11
3950,987.500000,4,7.172041e-14,1.288027e-16,7.629914e-21,3.574741e-11
3951,987.750000,4,7.172041e-14,1.443395e-16,-1.515395e-21,9.399148e-12
3952,988.000000,4,7.238654e-14,1.435780e-16,-1.170957e-20,6.397993e-12
3953,988.250000,4,7.149836e-14,1.288099e-16,1.035630e-21,1.384270e-11
3954,988.500000,4,7.127632e-14,1.288123e-16,-2.148684e-20,2.887646e-11
3955,988.750000,4,7.172041e-14,1.610183e-16,-3.915873e-20,7.543743e-12
3956,989.000000,4,7.127632e-14,1.288171e-16,-1.246727e-20,8.483436e-12
3957,989.250000,4,7.172041e-14,9.972911e-17,-1.529622e-20,1.994893e-11
3958,989.500000,4,7.216450e-14,1.288218e-16,-3.566803e-21,1.445599e-11
3959,989.750000,4,7.105427e-14,1.610303e-16,4.005209e-20,1.823164e-11
3960,990.000000,4,7.149836e-14,1.288266e-16,1.106106e-20,7.517986e-12
3961,990.250000,4,7.127632e-14,1.610363e-16,2.498416e-20,1.112355e-11
3962,990.500000,4,7.172041e-14,1.288314e-16,1.067063e-20,1.855049e-11
3963,990.750000,4,7.172041e-14,1.288338e-16,-1.534255e-20,2.058886e-11
3964,991.000000,4,7.127632e-14,1.610453e-16,2.590399e-20,5.357492e-12
3965,991.250000,4,7.172041e-14,1.449435e-16,-1.261285e-20,2.263056e-11
3966,991.500000,4,7.172041e-14,1.351904e-16,-1.501829e-20,5.112355e-12
3967,991.750000,4,7.127632e-14,1.288434e-16,1.925346e-20,1.988498e-11
3968,992.000000,4,7.172041e-14,1.329141e-16,3.246518e-20,1.639022e-11
3969,992.250000,4,7.127632e-14,1.288482e-16,2.970240e-20,2.171219e-11
3970,992.500000,4,7.149836e-14,1.449569e-16,3.040385e-20,2.639822e-11
3971,992.750000,4,7.216450e-14,1.610662e-16,3.989658e-20,9.156453e-12
3972,993.000000,4,7.149836e-14,1.288554e-16,1.266248e-20,1.355249e-11
3973,993.250000,4,7.194245e-14,1.610722e-16,-8.337981e-21,2.275358e-11
3974,993.500000,4,7.105427e-14,1.449677e-16,-1.462124e-20,4.856560e-12
3975,993.750000,4,7.172041e-14,1.932939e-16,4.548501e-20,2.273493e-11
3976,994.000000,4,7.127632e-14,1.494811e-16,-6.726633e-21,1.433653e-11
3977,994.250000,4,7.216450e-14,1.610842e-16,-1.174596e-20,3.350653e-12
3978,994.500000,4,7.127632e-14,1.343714e-16,-1.240109e-20,1.887557e-11
3979,994.750000,4,7.172041e-14,1.288721e-16,-3.175050e-20,-1.058043e-12
3980,995.000000,4,7.127632e-14,1.288745e-16,4.317883e-21,1.572587e-11
3981,995.250000,4,7.127632e-14,1.288769e-16,1.000558e-20,6.679546e-12
3982,995.500000,4,7.194245e-14,1.610992e-16,-1.519696e-20,1.680411e-11
3983,995.750000,4,7.238654e-14,1.611022e-16,3.977084e-21,2.364131e-11
3984,996.000000,4,7.127632e-14,1.288841e-16,1.612010e-20,-3.863576e-14
3985,996.250000,4,7.172041e-14,1.611081e-16,-6.095659e-20,1.219003e-11
3986,996.500000,4,7.105427e-14,1.288889e-16,-2.163243e-20,2.194067e-11
3987,996.750000,4,7.127632e-14,1.288913e-16,-3.685917e-21,1.713496e-11
3988,997.000000,4,7.127632e-14,1.343186e-16,1.095187e-20,3.005418e-11
3989,997.250000,4,7.194245e-14,1.288961e-16,-5.260869e-22,9.019674e-12
3990,997.500000,4,7.194245e-14,1.288985e-16,4.218290e-20,2.418932e-11
3991,997.750000,4,7.172041e-14,1.418479e-16,1.356576e-21,8.430368e-12
3992,998.000000,4,7.127632e-14,1.373154e-16,-3.344788e-20,1.442602e-11
3993,998.250000,4,7.172041e-14,1.289056e-16,2.899433e-20,1.233191e-11
3994,998.500000,4,7.083223e-14,1.689903e-16,8.996416e-21,1.954814e-11
3995,998.750000,4,7.149836e-14,1.289104e-16,3.545627e-20,3.829159e-12
3996,999.000000,4,7.149836e-14,1.611410e-16,6.223707e-21,1.238165e-11
3997,999.250000,4,7.172041e-14,1.289152e-16,-1.765865e-20,2.323608e-11
3998,999.500000,4,7.194245e-14,1.289176e-16,3.672682e-20,9.623191e-12
3999,999.750000,4,7.149836e-14,1.289200e-16,6.296168e-20,2.608203e-11
4000,1000.000000,4,7.194245e-14,1.450377e-16,3.120125e-21,9.061418e-12
4001,1000.250000,4,7.105427e-14,1.289248e-16,-1.942551e-20,1.498712e-11
4002,1000.500000,4,7.127632e-14,1.508370e-16,-4.877719e-20,2.896128e-12
4003,1000.750000,4,7.105427e-14,1.598810e-16,3.855323e-20,2.126499e-11
4004,1001.000000,4,7.149836e-14,1.289319e-16,-2.722748e-20,2.034461e-11
4005,1001.250000,4,7.194245e-14,1.289343e-16,3.680954e-20,2.004130e-11
4006,1001.500000,4,7.149836e-14,1.342240e-16,1.594142e-20,7.144285e-12
4007,1001.750000,4,7.172041e-14,1.289391e-16,4.695739e-20,2.216294e-11
4008,1002.000000,4,7.172041e-14,1.611768e-16,2.371361e-20,1.404654e-12
4009,1002.250000,4,7.194245e-14,1.611798e-16,-1.449220e-20,2.419820e-11
4010,1002.500000,4,7.149836e-14,1.289462e-16,3.763010e-20,1.956679e-11
4011,1002.750000,4,7.194245e-14,1.289486e-16,3.379860e-20,1.324651e-11
4012,1003.000000,4,7.105427e-14,1.289510e-16,5.466009e-21,1.100564e-11
4013,1003.250000,4,7.127632e-14,1.289534e-16,6.444399e-20,2.168155e-11
4014,1003.500000,4,7.149836e-14,1.611947e-16,9.611839e-21,1.062217e-11
4015,1003.750000,4,7.083223e-14,1.432225e-16,2.578487e-20,3.134981e-11
4016,1004.000000,4,7.127632e-14,1.492472e-16,4.002892e-20,1.277689e-11
4017,1004.250000,4,7.172041e-14,1.612037e-16,-2.643669e-21,2.130252e-11
4018,1004.500000,4,7.172041e-14,1.507430e-16,-2.197653e-20,1.069655e-11
4019,1004.750000,4,7.083223e-14,1.296339e-16,-3.206483e-20,1.991363e-11
4020,1005.000000,4,7.105427e-14,1.289701e-16,2.162912e-20,2.079958e-11
4021,1005.250000,4,7.149836e-14,1.612156e-16,4.966062e-20,3.601341e-11
4022,1005.500000,4,7.149836e-14,1.311260e-16,5.693980e-20,1.226463e-11
4023,1005.750000,4,7.127632e-14,1.289772e-16,5.678760e-20,8.912648e-12
4024,1006.000000,4,7.172041e-14,1.296088e-16,-2.171184e-20,4.487521e-12
4025,1006.250000,4,7.149836e-14,1.289820e-16,2.013358e-20,3.325962e-11
4026,1006.500000,4,7.149836e-14,1.289844e-16,1.842628e-20,2.027845e-11
4027,1006.750000,4,7.172041e-14,1.289868e-16,1.756601e-20,1.208122e-11
4028,1007.000000,4,7.172041e-14,1.310955e-16,3.418241e-20,2.203637e-11
4029,1007.250000,4,7.172041e-14,1.289915e-16,-1.158384e-20,3.118106e-11
4030,1007.500000,4,7.149836e-14,1.289939e-16,3.580699e-20,2.198264e-11
4031,1007.750000,4,7.105427e-14,1.318336e-16,1.666273e-20,1.302314e-11
4032,1008.000000,4,7.149836e-14,1.355950e-16,-5.198003e-21,2.675637e-12
4033,1008.250000,4,7.149836e-14,1.290010e-16,4.170645e-20,1.427747e-12
4034,1008.500000,4,7.149836e-14,1.290034e-16,-1.157060e-20,9.289236e-12
4035,1008.750000,4,7.127632e-14,1.290058e-16,-3.277290e-20,6.684431e-12
4036,1009.000000,4,7.105427e-14,1.612602e-16,-7.348673e-21,2.061684e-11
4037,1009.250000,4,7.127632e-14,1.415941e-16,-2.266475e-21,1.389266e-11
4038,1009.500000,4,7.194245e-14,1.290130e-16,3.606507e-21,2.807177e-11
4039,1009.750000,4,7.127632e-14,1.290153e-16,3.291517e-20,1.221023e-11
4040,1010.000000,4,7.149836e-14,1.612721e-16,3.435777e-20,2.931011e-11
4041,1010.250000,4,7.149836e-14,1.612751e-16,-2.250262e-20,8.861800e-12
4042,1010.500000,4,7.194245e-14,1.290225e-16,2.744585e-20,1.297451e-11
4043,1010.750000,4,7.149836e-14,1.290249e-16,-3.488386e-20,2.111666e-11
4044,1011.000000,4,7.149836e-14,1.340263e-16,1.740388e-21,1.172440e-11
4045,1011.250000,4,7.127632e-14,1.612870e-16,1.776784e-21,7.176260e-12
4046,1011.500000,4,7.216450e-14,1.612900e-16,2.729034e-20,2.302114e-11
4047,1011.750000,4,7.149836e-14,1.290344e-16,1.694066e-21,3.049849e-11
4048,1012.000000,4,7.172041e-14,1.612959e-16,-8.374377e-21,1.318678e-11
4049,1012.250000,4,7.172041e-14,1.340005e-16,-2.162581e-20,4.575007e-12
4050,1012.500000,4,7.083223e-14,1.613019e-16,-1.970013e-20,1.496114e-11
4051,1012.750000,4,7.172041e-14,1.290439e-16,3.574082e-20,2.628653e-11
4052,1013.000000,4,7.149836e-14,1.460286e-16,-6.693546e-21,9.632517e-12
4053,1013.250000,4,7.216450e-14,1.290487e-16,1.839650e-21,5.333733e-12
4054,1013.500000,4,7.083223e-14,1.290510e-16,2.672124e-20,5.893286e-12
4055,1013.750000,4,7.149836e-14,1.023587e-16,1.029344e-20,2.632272e-11
4056,1014.000000,4,7.149836e-14,1.451878e-16,3.991974e-20,2.371436e-11
4057,1014.250000,4,7.127632e-14,1.290582e-16,8.771423e-21,1.790568e-11
4058,1014.500000,4,7.105427e-14,1.613257e-16,1.702338e-20,2.537481e-11
4059,1014.750000,4,7.172041e-14,1.290629e-16,2.095414e-20,1.732947e-11
4060,1015.000000,4,7.127632e-14,1.290653e-16,1.033976e-20,1.319234e-11
4061,1015.250000,4,7.172041e-14,1.316813e-16,-4.552802e-21,3.075984e-12
4062,1015.500000,4,7.149836e-14,1.290701e-16,2.880905e-20,2.627343e-11
4063,1015.750000,4,7.127632e-14,1.444621e-16,-9.565517e-21,2.530043e-11
4064,1016.000000,4,7.194245e-14,1.290748e-16,1.660648e-20,1.817813e-11
4065,1016.250000,4,7.149836e-14,1.369275e-16,-2.029901e-20,8.760992e-12
4066,1016.500000,4,7.149836e-14,1.290796e-16,6.088049e-22,1.468381e-12
4067,1016.750000,4,7.149836e-14,1.613524e-16,-1.577268e-20,3.677281e-12
4068,1017.000000,4,7.127632e-14,1.613554e-16,-1.109746e-20,1.535816e-11
4069,1017.250000,4,7.083223e-14,1.290867e-16,-1.000227e-20,3.129075e-11
4070,1017.500000,4,7.172041e-14,1.290891e-16,-2.865354e-21,2.221223e-11
4071,1017.750000,4,7.149836e-14,1.290914e-16,-1.977623e-20,1.251177e-11
4072,1018.000000,4,7.127632e-14,1.290938e-16,2.077878e-20,1.272471e-11
4073,1018.250000,4,7.127632e-14,1.383898e-16,2.840207e-20,2.161182e-11
4074,1018.500000,4,7.149836e-14,1.290986e-16,-8.635766e-21,1.665268e-11
4075,1018.750000,4,7.105427e-14,1.291009e-16,-1.346319e-20,2.981282e-11
4076,1019.000000,4,7.127632e-14,1.291033e-16,-2.414706e-20,1.965961e-11
4077,1019.250000,4,7.172041e-14,1.488967e-16,-6.547962e-21,1.457945e-11
4078,1019.500000,4,7.172041e-14,1.323475e-16,2.609920e-20,1.866995e-11
4079,1019.750000,4,7.083223e-14,1.338464e-16,-1.071364e-20,1.885025e-11
4080,1020.000000,4,7.149836e-14,1.338413e-16,-2.192690e-20,2.811618e-11
4081,1020.250000,4,7.083223e-14,1.293247e-16,-2.707858e-20,7.005951e-12
4082,1020.500000,4,7.172041e-14,1.383420e-16,6.339512e-21,1.296430e-11
4083,1020.750000,4,7.127632e-14,1.293145e-16,6.134371e-21,3.225709e-11
4084,1021.000000,4,7.149836e-14,1.291223e-16,-9.515886e-21,1.165956e-11
4085,1021.250000,4,7.172041e-14,1.614059e-16,-1.351613e-20,1.046940e-12
4086,1021.500000,4,7.149836e-14,1.614088e-16,2.024938e-21,1.671685e-11
4087,1021.750000,4,7.105427e-14,1.936942e-16,2.448455e-20,1.173150e-11
4088,1022.000000,4,7.127632e-14,1.337986e-16,3.940358e-20,1.913003e-11
4089,1022.250000,4,7.172041e-14,1.614177e-16,2.459043e-20,1.568123e-11
4090,1022.500000,4,7.194245e-14,1.291366e-16,-4.963084e-23,7.797984e-12
4091,1022.750000,4,7.172041e-14,1.452813e-16,5.204620e-21,2.601941e-11
4092,1023.000000,4,7.149836e-14,1.291413e-16,2.272100e-20,1.230793e-12
4093,1023.250000,4,7.172041e-14,1.614296e-16,2.064974e-20,2.456790e-11
4094,1023.500000,4,7.172041e-14,1.291460e-16,6.047021e-20,9.875212e-12
4095,1023.750000,4,7.172041e-14,1.291484e-16,-3.464232e-21,1.942624e-11
4096,1024.000000,4,7.149836e-14,1.322516e-16,-2.494777e-21,1.407496e-11
4097,1024.250000,4,7.172041e-14,1.291532e-16,1.004528e-20,1.986944e-11
4098,1024.500000,4,7.172041e-14,1.614444e-16,-2.942116e-20,2.168443e-11
4099,1024.750000,4,7.083223e-14,1.291579e-16,-8.953403e-21,1.836442e-11
4100,1025.000000,4,7.127632e-14,1.291603e-16,1.708955e-20,2.894707e-11
4101,1025.250000,4,7.127632e-14,1.322239e-16,1.621605e-20,1.626832e-11
4102,1025.500000,4,7.149836e-14,1.453106e-16,1.295365e-20,1.762146e-11
4103,1025.750000,4,7.149836e-14,1.291674e-16,-1.162023e-20,1.123723e-11
4104,1026.000000,4,7.105427e-14,1.291697e-16,1.136546e-20,1.410383e-11
4105,1026.250000,4,7.149836e-14,1.306993e-16,1.146141e-20,1.407008e-11
4106,1026.500000,4,7.172041e-14,1.291915e-16,2.174823e-20,1.081402e-11
4107,1026.750000,4,7.149836e-14,1.291768e-16,-4.701695e-21,6.846079e-12
4108,1027.000000,4,7.127632e-14,1.216700e-16,2.294268e-20,1.189759e-11
4109,1027.250000,4,7.061018e-14,1.426933e-16,2.652272e-20,1.615552e-11
4110,1027.500000,4,7.105427e-14,1.171537e-16,4.353286e-20,2.410383e-11
4111,1027.750000,4,7.149836e-14,1.291863e-16,2.348531e-20,1.570744e-11
4112,1028.000000,4,7.149836e-14,1.351658e-16,2.242983e-20,-1.377565e-12
4113,1028.250000,4,7.149836e-14,1.291910e-16,-1.115039e-21,4.374279e-12
4114,1028.500000,4,7.172041e-14,1.291934e-16,4.081640e-20,5.051959e-12
4115,1028.750000,4,7.149836e-14,1.351483e-16,-6.948317e-23,2.291500e-11
4116,1029.000000,4,7.238654e-14,1.351425e-16,2.801495e-20,5.976997e-12
4117,1029.250000,4,7.194245e-14,1.615006e-16,-3.613125e-21,2.268230e-11
4118,1029.500000,4,7.127632e-14,1.615036e-16,3.536693e-20,2.074163e-11
4119,1029.750000,4,7.194245e-14,1.292052e-16,-1.240440e-20,3.105338e-11
4120,1030.000000,4,7.105427e-14,1.292076e-16,-1.444919e-20,1.665690e-11
4121,1030.250000,4,7.216450e-14,1.292100e-16,6.230324e-21,4.506617e-12
4122,1030.500000,4,7.127632e-14,1.140906e-16,3.262400e-21,1.565237e-11
4123,1030.750000,4,7.105427e-14,1.292147e-16,2.018321e-21,3.092326e-11
4124,1031.000000,4,7.194245e-14,1.292170e-16,-1.808217e-20,9.850343e-12
4125,1031.250000,4,7.172041e-14,1.470976e-16,-7.983947e-21,3.204681e-11
4126,1031.500000,4,7.172041e-14,1.292218e-16,5.042824e-20,2.127232e-11
4127,1031.750000,4,7.194245e-14,1.292241e-16,-2.631758e-20,1.508615e-11
4128,1032.000000,4,7.127632e-14,1.292265e-16,4.348654e-20,-5.069278e-12
4129,1032.250000,4,7.149836e-14,1.292289e-16,-2.203940e-20,2.340794e-12
4130,1032.500000,4,7.172041e-14,1.615390e-16,1.435986e-21,2.200107e-11
4131,1032.750000,4,7.172041e-14,1.292336e-16,2.344892e-20,1.129496e-11
4132,1033.000000,4,7.194245e-14,1.350482e-16,-1.807224e-20,4.054090e-12
4133,1033.250000,4,7.194245e-14,1.292383e-16,9.668087e-21,2.551293e-11
4134,1033.500000,4,7.105427e-14,1.425383e-16,-3.710070e-20,2.387424e-11
4135,1033.750000,4,7.105427e-14,1.292430e-16,1.203382e-20,1.445377e-11
4136,1034.000000,4,7.127632e-14,1.335240e-16,5.516964e-20,1.909140e-12
4137,1034.250000,4,7.127632e-14,1.335181e-16,-2.328348e-20,4.355183e-12
4138,1034.500000,4,7.172041e-14,1.292501e-16,3.876499e-20,2.076650e-11
4139,1034.750000,4,7.172041e-14,1.380065e-16,-3.169756e-20,1.509104e-11
4140,1035.000000,4,7.172041e-14,1.292549e-16,5.760486e-21,3.221379e-11
4141,1035.250000,4,7.194245e-14,1.424941e-16,1.207022e-20,2.383693e-11
4142,1035.500000,4,7.105427e-14,1.292596e-16,1.820459e-20,2.029754e-11
4143,1035.750000,4,7.149836e-14,1.454197e-16,1.434993e-20,2.849720e-12
4144,1036.000000,4,7.127632e-14,1.292643e-16,4.301339e-23,1.727685e-11
4145,1036.250000,4,7.149836e-14,1.615833e-16,-3.368279e-21,5.920153e-12
4146,1036.500000,4,7.149836e-14,1.292690e-16,-4.665299e-21,2.240030e-11
4147,1036.750000,4,7.127632e-14,1.349582e-16,1.244411e-20,1.271783e-11
4148,1037.000000,4,7.105427e-14,1.292737e-16,8.923624e-21,-5.897505e-12
4149,1037.250000,4,7.172041e-14,1.292760e-16,1.212978e-20,1.631806e-11
4150,1037.500000,4,7.172041e-14,1.292784e-16,-1.371796e-20,3.555911e-11
4151,1037.750000,4,7.105427e-14,1.454408e-16,2.848148e-20,1.664668e-11
4152,1038.000000,4,7.194245e-14,1.292831e-16,-5.631446e-21,1.067768e-11
4153,1038.250000,4,7.105427e-14,1.694020e-16,1.925015e-20,1.301181e-12
4154,1038.500000,4,7.105427e-14,1.616097e-16,5.449466e-21,1.596234e-11
4155,1038.750000,4,7.194245e-14,1.292901e-16,-6.885451e-21,1.933609e-11
4156,1039.000000,4,7.172041e-14,1.616156e-16,3.616765e-20,3.609113e-11
4157,1039.250000,4,7.149836e-14,1.528840e-16,-1.586532e-20,1.890088e-11
4158,1039.500000,4,7.127632e-14,1.386385e-16,9.595295e-21,7.744916e-12
4159,1039.750000,4,7.127632e-14,1.616244e-16,-4.767538e-20,9.081624e-12
4160,1040.000000,4,7.105427e-14,1.616273e-16,2.059018e-20,1.515055e-11
4161,1040.250000,4,7.127632e-14,1.616303e-16,-7.279189e-23,1.078293e-11
4162,1040.500000,4,7.194245e-14,1.258760e-16,1.641788e-20,2.132250e-11
4163,1040.750000,4,7.149836e-14,1.293089e-16,-2.216844e-22,3.186962e-11
4164,1041.000000,4,7.127632e-14,1.616391e-16,-1.148127e-21,1.542722e-11
4165,1041.250000,4,7.127632e-14,1.293136e-16,-5.737325e-21,2.762146e-11
4166,1041.500000,4,7.172041e-14,1.393374e-16,1.191471e-20,2.644285e-11
4167,1041.750000,4,7.149836e-14,1.483202e-16,5.482553e-21,1.614797e-11
4168,1042.000000,4,7.194245e-14,1.445681e-16,-1.515395e-20,2.258549e-11
4169,1042.250000,4,7.172041e-14,1.454884e-16,-5.247634e-21,1.754774e-11
4170,1042.500000,4,7.172041e-14,1.616567e-16,1.733440e-20,1.190337e-11
4171,1042.750000,4,7.105427e-14,1.293277e-16,6.623401e-20,1.901412e-11
4172,1043.000000,4,7.105427e-14,1.616625e-16,1.953470e-20,9.750423e-12
4173,1043.250000,4,7.172041e-14,1.293324e-16,1.958764e-21,2.142775e-11
4174,1043.500000,4,7.105427e-14,1.293347e-16,3.218725e-20,1.344436e-11
4175,1043.750000,4,7.127632e-14,1.293371e-16,3.701137e-20,8.784973e-12
4176,1044.000000,4,7.127632e-14,1.302884e-16,-3.083729e-21,2.730571e-11
4177,1044.250000,4,7.127632e-14,1.293418e-16,9.347141e-21,1.603651e-11
4178,1044.500000,4,7.127632e-14,1.707071e-16,2.110965e-21,2.735723e-11
4179,1044.750000,4,7.149836e-14,1.293465e-16,2.590730e-20,2.499689e-11
4180,1045.000000,4,7.149836e-14,1.131802e-16,1.967366e-20,1.512079e-11
4181,1045.250000,4,7.105427e-14,1.616889e-16,-1.566680e-20,2.191136e-11
4182,1045.500000,4,7.127632e-14,1.293535e-16,-2.290298e-20,1.593881e-11
4183,1045.750000,4,7.194245e-14,1.293558e-16,8.910390e-21,7.715606e-12
4184,1046.000000,4,7.149836e-14,1.293582e-16,-1.085592e-20,9.395595e-12
4185,1046.250000,4,7.127632e-14,1.302346e-16,1.099488e-20,1.550848e-11
4186,1046.500000,4,7.127632e-14,1.293629e-16,-9.734261e-21,-3.191669e-12
4187,1046.750000,4,7.105427e-14,1.940478e-16,1.950492e-20,1.594502e-11
4188,1047.000000,4,7.172041e-14,1.362035e-16,-8.625839e-21,1.157918e-11
4189,1047.250000,4,7.194245e-14,1.617124e-16,5.237377e-20,1.038014e-11
4190,1047.500000,4,7.105427e-14,1.293722e-16,-4.843970e-21,1.917755e-11
4191,1047.750000,4,7.149836e-14,1.466604e-16,-6.293190e-21,1.829736e-11
4192,1048.000000,4,7.149836e-14,1.293769e-16,-3.921498e-20,2.640510e-11
4193,1048.250000,4,7.216450e-14,1.293793e-16,2.489152e-20,1.395462e-11
4194,1048.500000,4,7.105427e-14,1.212024e-16,7.279189e-21,-7.100542e-12
4195,1048.750000,4,7.105427e-14,1.293839e-16,7.017800e-21,7.009948e-12
4196,1049.000000,4,7.194245e-14,1.455596e-16,-1.553114e-20,4.134471e-13
4197,1049.250000,4,7.149836e-14,1.293886e-16,2.544408e-21,1.156941e-11
4198,1049.500000,4,7.127632e-14,1.617387e-16,2.568561e-20,1.211742e-11
4199,1049.750000,4,7.127632e-14,1.293933e-16,3.928777e-20,1.398348e-11
4200,1050.000000,4,7.149836e-14,1.293956e-16,1.986888e-20,2.770228e-12
4201,1050.250000,4,7.083223e-14,1.293980e-16,4.831727e-20,2.105738e-11
4202,1050.500000,4,7.172041e-14,1.294003e-16,1.506792e-20,1.647305e-11
4203,1050.750000,4,7.127632e-14,1.294026e-16,-4.343029e-20,1.411848e-11
4204,1051.000000,4,7.127632e-14,1.617562e-16,-2.712822e-20,4.888534e-12
4205,1051.250000,4,7.149836e-14,1.360961e-16,3.148249e-20,8.203660e-12
4206,1051.500000,4,7.127632e-14,1.294097e-16,-2.371361e-20,1.944889e-11
4207,1051.750000,4,7.149836e-14,1.294120e-16,2.121884e-20,2.679768e-11
4208,1052.000000,4,7.149836e-14,1.294143e-16,-3.934071e-21,1.647837e-11
4209,1052.250000,4,7.172041e-14,1.435471e-16,3.010937e-20,2.047962e-11
4210,1052.500000,4,7.105427e-14,1.294190e-16,-1.672890e-20,1.310463e-11
4211,1052.750000,4,7.149836e-14,1.294214e-16,-2.171184e-20,2.296785e-11
4212,1053.000000,4,7.105427e-14,1.132457e-16,-3.126412e-20,5.542233e-13
4213,1053.250000,4,7.127632e-14,1.375402e-16,2.526871e-20,9.884094e-12
4214,1053.500000,4,7.105427e-14,1.294284e-16,2.336620e-20,9.475087e-12
4215,1053.750000,4,7.149836e-14,1.509810e-16,2.874949e-20,1.884537e-11
4216,1054.000000,4,7.194245e-14,1.294330e-16,-2.944101e-20,3.371881e-11
4217,1054.250000,4,7.105427e-14,1.456148e-16,1.173604e-20,3.485301e-11
4218,1054.500000,4,7.127632e-14,1.294377e-16,-7.279189e-22,1.756240e-11
4219,1054.750000,4,7.172041e-14,1.294400e-16,1.634509e-20,1.286704e-11
4220,1055.000000,4,7.149836e-14,1.294424e-16,-1.411170e-20,5.381473e-12
4221,1055.250000,4,7.149836e-14,1.703662e-16,-9.330597e-22,2.164802e-11
4222,1055.500000,4,7.105427e-14,1.294471e-16,4.986245e-21,1.575096e-11
4223,1055.750000,4,7.127632e-14,1.618117e-16,-2.103355e-20,3.073364e-11
4224,1056.000000,4,7.127632e-14,1.294517e-16,3.705769e-21,1.618705e-11
4225,1056.250000,4,7.083223e-14,1.294541e-16,-2.759475e-21,1.440981e-11
4226,1056.500000,4,7.127632e-14,1.294564e-16,-1.712595e-20,1.211031e-11
4227,1056.750000,4,7.149836e-14,1.314735e-16,1.131252e-20,1.257661e-11
4228,1057.000000,4,7.149836e-14,1.299734e-16,6.385834e-22,7.540191e-12
4229,1057.250000,4,7.172041e-14,1.344489e-16,-2.945425e-20,2.600897e-11
4230,1057.500000,4,7.083223e-14,1.463929e-16,-1.495543e-21,7.029488e-12
4231,1057.750000,4,7.083223e-14,1.687920e-16,2.802488e-21,1.753619e-11
4232,1058.000000,4,7.127632e-14,1.359234e-16,-6.739868e-21,1.922951e-11
4233,1058.250000,4,7.105427e-14,1.294727e-16,2.330333e-20,1.303002e-11
4234,1058.500000,4,7.105427e-14,1.299365e-16,2.509997e-20,1.189360e-11
4235,1058.750000,4,7.127632e-14,1.373976e-16,-5.128520e-22,8.162360e-12
4236,1059.000000,4,7.194245e-14,1.329109e-16,-2.891823e-21,1.363931e-11
4237,1059.250000,4,7.127632e-14,1.618526e-16,1.840973e-20,2.684786e-11
4238,1059.500000,4,7.061018e-14,1.294844e-16,1.556754e-20,1.683986e-11
4239,1059.750000,4,7.061018e-14,1.133009e-16,3.904292e-22,1.819034e-11
4240,1060.000000,4,7.105427e-14,1.294891e-16,-7.242793e-21,3.930634e-12
4241,1060.250000,4,7.149836e-14,1.294914e-16,1.661640e-20,9.761969e-12
4242,1060.500000,4,7.172041e-14,1.294937e-16,9.108913e-21,4.042988e-12
4243,1060.750000,4,7.149836e-14,1.618701e-16,6.028492e-21,1.265610e-11
4244,1061.000000,4,7.105427e-14,1.294984e-16,3.295818e-20,7.284839e-12
4245,1061.250000,4,7.127632e-14,1.618759e-16,-2.173500e-20,2.979617e-11
4246,1061.500000,4,7.149836e-14,1.295031e-16,-3.400043e-20,8.818724e-12
4247,1061.750000,4,7.127632e-14,1.295054e-16,-1.958433e-20,1.314726e-11
4248,1062.000000,4,7.172041e-14,1.373126e-16,1.165663e-20,2.752465e-12
4249,1062.250000,4,7.172041e-14,1.295101e-16,2.450109e-20,1.217071e-11
4250,1062.500000,4,7.149836e-14,1.447614e-16,1.539879e-20,1.332712e-11
4251,1062.750000,4,7.083223e-14,1.780828e-16,-4.242775e-20,-4.306333e-12
4252,1063.000000,4,7.172041e-14,1.295171e-16,-4.600117e-20,2.158318e-11
4253,1063.250000,4,7.083223e-14,1.295194e-16,3.606507e-20,2.069100e-11
4254,1063.500000,4,7.172041e-14,1.295217e-16,-2.060341e-20,1.181011e-11
4255,1063.750000,4,7.149836e-14,1.619051e-16,-1.773475e-21,-3.951062e-12
4256,1064.000000,4,7.127632e-14,1.295264e-16,-1.791342e-20,1.703260e-11
4257,1064.250000,4,7.149836e-14,1.521724e-16,4.734451e-20,2.434319e-11
4258,1064.500000,4,7.083223e-14,1.551487e-16,-1.409847e-20,1.079714e-11
4259,1064.750000,4,7.105427e-14,1.619167e-16,-1.400913e-20,3.850742e-11
4260,1065.000000,4,7.172041e-14,1.297754e-16,-2.165228e-20,1.481038e-11
4261,1065.250000,4,7.216450e-14,1.722798e-16,2.302871e-20,2.032285e-11
4262,1065.500000,4,7.172041e-14,1.170850e-16,-2.388567e-20,2.606226e-11
4263,1065.750000,4,7.149836e-14,1.295427e-16,1.985564e-20,2.263612e-11
4264,1066.000000,4,7.149836e-14,1.295450e-16,-2.211219e-20,2.350919e-11
4265,1066.250000,4,7.172041e-14,1.295474e-16,2.324708e-20,1.855138e-11
4266,1066.500000,4,7.127632e-14,1.295497e-16,3.567795e-20,1.608846e-11
4267,1066.750000,4,7.149836e-14,1.295520e-16,6.485096e-21,2.202771e-11
4268,1067.000000,4,7.061018e-14,1.304711e-16,-3.657793e-20,6.437073e-12
4269,1067.250000,4,7.061018e-14,1.295567e-16,2.535805e-20,9.666046e-12
4270,1067.500000,4,7.127632e-14,1.295590e-16,2.928219e-20,3.621858e-11
4271,1067.750000,4,7.127632e-14,1.619517e-16,-2.407757e-20,4.606093e-12
4272,1068.000000,4,7.172041e-14,1.619546e-16,1.794651e-20,2.258282e-11
4273,1068.250000,4,7.127632e-14,1.386387e-16,-9.678013e-21,1.630740e-11
4274,1068.500000,4,7.127632e-14,1.619604e-16,3.636286e-21,1.528511e-11
4275,1068.750000,4,7.149836e-14,1.662014e-16,2.847156e-20,2.333289e-11
4276,1069.000000,4,7.083223e-14,1.619662e-16,-1.980932e-20,2.968736e-12
4277,1069.250000,4,7.127632e-14,1.295753e-16,2.388898e-21,2.159384e-11
4278,1069.500000,4,7.172041e-14,1.460572e-16,3.709078e-21,7.764012e-12
4279,1069.750000,4,7.149836e-14,1.295800e-16,-1.733771e-21,2.205569e-11
4280,1070.000000,4,7.194245e-14,1.295823e-16,2.077216e-20,2.843858e-11
4281,1070.250000,4,7.172041e-14,1.415655e-16,2.015343e-20,3.061551e-12
4282,1070.500000,4,7.127632e-14,1.295870e-16,8.834289e-21,1.176081e-11
4283,1070.750000,4,7.083223e-14,1.295893e-16,-6.835821e-21,2.697531e-11
4284,1071.000000,4,7.083223e-14,1.619895e-16,-1.550136e-20,3.157963e-11
4285,1071.250000,4,7.105427e-14,1.668659e-16,-1.713256e-20,1.804068e-11
4286,1071.500000,4,7.149836e-14,1.474904e-16,2.010049e-20,1.227640e-11
4287,1071.750000,4,7.127632e-14,1.295986e-16,-1.340694e-20,9.513723e-12
4288,1072.000000,4,7.149836e-14,1.620011e-16,1.159376e-20,1.117328e-11
4289,1072.250000,4,7.172041e-14,1.296032e-16,3.672351e-20,6.003198e-12
4290,1072.500000,4,7.172041e-14,1.296056e-16,3.374897e-22,1.928857e-11
4291,1072.750000,4,7.194245e-14,1.370285e-16,-2.653595e-20,3.405676e-11
4292,1073.000000,4,7.149836e-14,1.620128e-16,-3.649521e-21,1.727862e-11
4293,1073.250000,4,7.194245e-14,1.620157e-16,1.227205e-20,3.314682e-12
4294,1073.500000,4,7.172041e-14,1.620186e-16,6.958243e-21,2.002576e-11
4295,1073.750000,4,7.127632e-14,1.296172e-16,3.603860e-20,2.751577e-11
4296,1074.000000,4,7.105427e-14,1.620244e-16,-1.442272e-20,7.362111e-12
4297,1074.250000,4,7.127632e-14,1.399665e-16,2.828958e-21,2.565548e-11
4298,1074.500000,4,7.149836e-14,1.296241e-16,-2.028578e-20,1.477485e-12
4299,1074.750000,4,7.083223e-14,1.459083e-16,-7.547196e-21,1.843281e-11
4300,1075.000000,4,7.149836e-14,1.296288e-16,-9.363685e-21,1.695355e-11
4301,1075.250000,4,7.149836e-14,1.339844e-16,4.393983e-21,1.692868e-12
4302,1075.500000,4,7.105427e-14,1.296334e-16,-2.528526e-20,2.295542e-11
4303,1075.750000,4,7.149836e-14,1.296357e-16,5.366748e-21,1.497380e-11
4304,1076.000000,4,7.149836e-14,1.296381e-16,-2.301878e-20,1.997336e-11
4305,1076.250000,4,7.172041e-14,1.391677e-16,3.065862e-20,1.201617e-11
4306,1076.500000,4,7.149836e-14,1.296427e-16,4.813860e-20,1.287237e-11
4307,1076.750000,4,7.149836e-14,1.296450e-16,8.903772e-21,3.291323e-11
4308,1077.000000,4,7.083223e-14,1.296473e-16,3.540333e-21,1.664757e-11
4309,1077.250000,4,7.194245e-14,1.428608e-16,-3.065531e-20,1.955414e-11
4310,1077.500000,4,7.083223e-14,1.413658e-16,7.014492e-22,1.989520e-11
4311,1077.750000,4,7.105427e-14,1.339189e-16,5.108667e-21,6.740830e-12
4312,1078.000000,4,7.105427e-14,1.296566e-16,-2.977850e-23,1.412159e-11
4313,1078.250000,4,7.105427e-14,1.296589e-16,3.230637e-20,1.054179e-11
4314,1078.500000,4,7.127632e-14,1.279482e-16,3.244202e-20,1.613909e-11
4315,1078.750000,4,7.149836e-14,1.296636e-16,2.531173e-21,2.328227e-11
4316,1079.000000,4,7.149836e-14,1.323985e-16,5.257229e-20,1.522737e-11
4317,1079.250000,4,7.172041e-14,1.296682e-16,2.607273e-20,1.392575e-11
4318,1079.500000,4,7.149836e-14,1.457728e-16,1.226543e-20,2.326406e-11
4319,1079.750000,4,7.127632e-14,1.296729e-16,-4.493245e-21,2.663203e-12
4320,1080.000000,4,7.127632e-14,1.296752e-16,2.711498e-20,2.229283e-11
4321,1080.250000,4,7.127632e-14,1.620969e-16,7.444626e-21,1.932632e-11
4322,1080.500000,4,7.105427e-14,1.450008e-16,-1.030998e-20,1.340350e-11
4323,1080.750000,4,7.105427e-14,1.353275e-16,-8.695323e-21,2.840883e-11
4324,1081.000000,4,7.083223e-14,1.296845e-16,2.338274e-20,-5.968559e-13
4325,1081.250000,4,7.149836e-14,1.296868e-16,1.019087e-21,3.160006e-11
4326,1081.500000,4,7.149836e-14,1.296891e-16,-8.410772e-21,1.646772e-11
4327,1081.750000,4,7.127632e-14,1.296914e-16,-4.253694e-20,2.090816e-11
4328,1082.000000,4,7.105427e-14,1.323219e-16,2.445146e-20,8.038459e-12
4329,1082.250000,4,7.127632e-14,1.296960e-16,-1.502822e-20,2.930900e-11
4330,1082.500000,4,7.149836e-14,1.296984e-16,2.393861e-20,1.310374e-11
4331,1082.750000,4,7.083223e-14,1.297007e-16,1.978947e-20,3.256106e-11
4332,1083.000000,4,7.149836e-14,1.297030e-16,-3.770951e-20,1.399547e-11
4333,1083.250000,4,7.149836e-14,1.621316e-16,-1.804577e-20,2.582778e-11
4334,1083.500000,4,7.194245e-14,1.297076e-16,-1.604069e-20,3.200817e-11
4335,1083.750000,4,7.061018e-14,1.337647e-16,2.178463e-20,-1.900258e-12
4336,1084.000000,4,7.105427e-14,1.297123e-16,3.417910e-21,2.823697e-11
4337,1084.250000,4,7.105427e-14,1.337523e-16,5.121241e-20,1.541611e-11
4338,1084.500000,4,7.194245e-14,1.307739e-16,-2.763445e-20,2.162626e-11
4339,1084.750000,4,7.105427e-14,1.322539e-16,1.694066e-20,3.172707e-11
4340,1085.000000,4,7.194245e-14,1.297215e-16,-3.114500e-20,3.107559e-11
4341,1085.250000,4,7.149836e-14,1.485861e-16,5.148372e-21,1.185718e-12
4342,1085.500000,4,7.127632e-14,1.297262e-16,-7.044270e-21,4.337597e-11
4343,1085.750000,4,7.172041e-14,1.307437e-16,-4.843970e-21,2.298473e-11
4344,1086.000000,4,7.149836e-14,1.381659e-16,-3.244533e-20,2.379830e-11
4345,1086.250000,4,7.172041e-14,1.455875e-16,7.563740e-21,9.416024e-12
4346,1086.500000,4,7.194245e-14,1.297354e-16,-6.498331e-21,6.785239e-12
4347,1086.750000,4,7.127632e-14,1.455742e-16,-3.672682e-22,2.689848e-12
4348,1087.000000,4,7.083223e-14,1.621750e-16,1.861487e-20,1.249045e-11
4349,1087.250000,4,7.105427e-14,1.297423e-16,1.386024e-20,1.912204e-11
4350,1087.500000,4,7.105427e-14,1.621807e-16,7.113753e-21,1.836353e-11
4351,1087.750000,4,7.149836e-14,1.297469e-16,1.119010e-20,2.369216e-11
4352,1088.000000,4,7.216450e-14,1.297492e-16,-1.508777e-20,3.752287e-11
4353,1088.250000,4,7.216450e-14,1.297515e-16,-8.801202e-22,9.332979e-12
4354,1088.500000,4,7.061018e-14,1.297538e-16,1.074011e-20,2.275424e-11
4355,1088.750000,4,7.149836e-14,1.297561e-16,2.773702e-20,2.572964e-11
4356,1089.000000,4,7.149836e-14,1.297584e-16,4.457180e-20,1.086242e-11
4357,1089.250000,4,7.172041e-14,1.432805e-16,7.874759e-22,9.653167e-12
4358,1089.500000,4,7.149836e-14,1.622038e-16,-1.558408e-21,-2.146283e-12
4359,1089.750000,4,7.105427e-14,1.622066e-16,-1.799614e-20,2.265965e-11
4360,1090.000000,4,7.083223e-14,1.622095e-16,1.883325e-20,3.899592e-11
4361,1090.250000,4,7.127632e-14,1.499348e-16,-5.102050e-21,2.104583e-11
4362,1090.500000,4,7.149836e-14,1.387947e-16,-4.968709e-20,2.166312e-11
4363,1090.750000,4,7.149836e-14,1.484369e-16,1.738403e-20,2.261347e-11
4364,1091.000000,4,7.194245e-14,1.622210e-16,-3.672682e-21,1.369704e-11
4365,1091.250000,4,7.172041e-14,1.460015e-16,-2.196661e-20,2.289324e-11
4366,1091.500000,4,7.149836e-14,1.297814e-16,1.575283e-20,2.872724e-11
4367,1091.750000,4,7.172041e-14,1.297837e-16,-6.107902e-21,1.359357e-11
4368,1092.000000,4,7.149836e-14,1.297860e-16,4.789045e-20,1.483658e-11
4369,1092.250000,4,7.083223e-14,1.632364e-16,-2.170853e-20,1.240918e-11
4370,1092.500000,4,7.149836e-14,1.297906e-16,3.596912e-20,2.327338e-11
4371,1092.750000,4,7.105427e-14,1.298354e-16,-3.543973e-20,2.235545e-12
4372,1093.000000,4,7.149836e-14,1.335390e-16,3.326590e-20,2.601563e-11
4373,1093.250000,4,7.194245e-14,1.491118e-16,3.286885e-20,6.826539e-12
4374,1093.500000,4,7.105427e-14,1.468797e-16,1.324482e-20,1.767830e-11
4375,1093.750000,4,7.105427e-14,1.298021e-16,-2.378971e-21,1.207345e-11
4376,1094.000000,4,7.127632e-14,1.298044e-16,4.892608e-20,6.654677e-12
4377,1094.250000,4,7.149836e-14,1.460326e-16,5.267486e-21,-8.930634e-13
4378,1094.500000,4,7.127632e-14,1.298090e-16,-1.232830e-20,1.913492e-11
4379,1094.750000,4,7.083223e-14,1.275639e-16,2.566245e-20,5.338840e-12
4380,1095.000000,4,7.149836e-14,1.631558e-16,-6.514875e-21,9.807710e-12
4381,1095.250000,4,7.172041e-14,1.298159e-16,-1.887626e-20,1.212053e-11
4382,1095.500000,4,7.061018e-14,1.460455e-16,-4.341044e-21,2.667155e-11
4383,1095.750000,4,7.127632e-14,1.622757e-16,-5.515640e-21,1.434852e-12
4384,1096.000000,4,7.083223e-14,1.178961e-16,2.243314e-21,3.204148e-11
4385,1096.250000,4,7.172041e-14,1.460533e-16,9.568825e-21,1.525668e-11
4386,1096.500000,4,7.149836e-14,1.349382e-16,-3.216078e-21,3.012746e-11
4387,1096.750000,4,7.149836e-14,1.622872e-16,8.225484e-21,9.455547e-12
4388,1097.000000,4,7.105427e-14,1.298320e-16,3.543642e-21,2.429212e-11
4389,1097.250000,4,7.149836e-14,1.304723e-16,-6.393775e-20,1.968248e-11
4390,1097.500000,4,7.083223e-14,1.298366e-16,-3.281591e-20,2.463540e-11
4391,1097.750000,4,7.127632e-14,1.438033e-16,-9.793818e-21,6.024514e-12
4392,1098.000000,4,7.172041e-14,1.393496e-16,1.506130e-20,2.320499e-11
4393,1098.250000,4,7.105427e-14,1.298435e-16,1.586863e-20,1.878764e-11
4394,1098.500000,4,7.149836e-14,1.298458e-16,2.430918e-20,7.544187e-12
4395,1098.750000,4,7.194245e-14,1.298481e-16,4.899887e-20,1.921485e-11
4396,1099.000000,4,7.127632e-14,1.298504e-16,7.878068e-21,2.318545e-11
4397,1099.250000,4,7.172041e-14,1.298527e-16,-4.698386e-22,2.149569e-11
4398,1099.500000,4,7.083223e-14,1.298550e-16,-2.933182e-20,7.198242e-12
4399,1099.750000,4,7.172041e-14,1.318964e-16,3.871205e-22,2.234746e-11
4400,1100.000000,4,7.149836e-14,1.298596e-16,8.030269e-21,1.583711e-11
4401,1100.250000,4,7.149836e-14,1.298619e-16,-5.902761e-21,3.125589e-11
4402,1100.500000,4,7.172041e-14,1.311380e-16,1.031991e-20,1.652545e-11
4403,1100.750000,4,7.149836e-14,1.298665e-16,2.464667e-20,2.245892e-11
4404,1101.000000,4,7.083223e-14,1.298687e-16,1.014454e-20,2.794609e-11
4405,1101.250000,4,7.127632e-14,1.274167e-16,-1.360216e-20,1.966693e-11
4406,1101.500000,4,7.127632e-14,1.623417e-16,-2.187066e-21,1.105027e-11
4407,1101.750000,4,7.061018e-14,1.298756e-16,1.525321e-20,2.605161e-11
4408,1102.000000,4,7.105427e-14,1.377696e-16,-1.570981e-20,1.884493e-11
4409,1102.250000,4,7.194245e-14,1.298802e-16,-2.331657e-20,1.848521e-11
4410,1102.500000,4,7.149836e-14,1.298825e-16,-2.245299e-20,1.161116e-11
4411,1102.750000,4,7.127632e-14,1.298848e-16,3.446696e-20,2.963851e-11
4412,1103.000000,4,7.083223e-14,1.651463e-16,4.814191e-20,1.432543e-11
4413,1103.250000,4,7.172041e-14,1.298894e-16,2.182764e-20,4.059419e-12
4414,1103.500000,4,7.127632e-14,1.298917e-16,2.129494e-20,1.110978e-11
4415,1103.750000,4,7.127632e-14,1.298940e-16,8.232101e-21,5.709655e-12
4416,1104.000000,4,7.105427e-14,1.298963e-16,9.479490e-21,2.454170e-11
4417,1104.250000,4,7.194245e-14,1.273494e-16,-3.078435e-20,1.482769e-11
4418,1104.500000,4,7.149836e-14,1.791698e-16,1.612340e-20,-8.085532e-12
4419,1104.750000,4,7.105427e-14,1.406644e-16,-5.757177e-21,9.356960e-13
4420,1105.000000,4,7.083223e-14,1.623818e-16,-2.308496e-20,1.018696e-11
4421,1105.250000,4,7.083223e-14,1.299077e-16,1.200074e-20,1.754996e-11
4422,1105.500000,4,7.127632e-14,1.299100e-16,1.126620e-20,1.533929e-11
4423,1105.750000,4,7.105427e-14,1.299123e-16,-3.242548e-21,1.890754e-11
4424,1106.000000,4,7.083223e-14,1.623932e-16,3.987341e-20,1.971623e-11
4425,1106.250000,4,7.105427e-14,1.623961e-16,1.712264e-20,9.247714e-12
4426,1106.500000,4,7.127632e-14,1.302597e-16,3.872529e-20,1.965939e-11
4427,1106.750000,4,7.127632e-14,1.391350e-16,2.271438e-20,2.732925e-12
4428,1107.000000,4,7.105427e-14,1.299238e-16,-5.117932e-20,8.421708e-12
4429,1107.250000,4,7.149836e-14,1.299260e-16,-1.668920e-20,1.068567e-11
4430,1107.500000,4,7.194245e-14,1.624104e-16,-1.605061e-20,1.178080e-11
4431,1107.750000,4,7.172041e-14,1.457702e-16,7.325512e-21,9.325429e-12
4432,1108.000000,4,7.149836e-14,1.299329e-16,4.662652e-20,1.600009e-11
4433,1108.250000,4,7.127632e-14,1.624190e-16,-3.771944e-21,1.898348e-11
4434,1108.500000,4,7.149836e-14,1.624219e-16,-1.140517e-20,1.613953e-11
4435,1108.750000,4,7.061018e-14,1.420457e-16,-2.211550e-20,7.082779e-12
4436,1109.000000,4,7.149836e-14,1.299421e-16,-3.484085e-21,8.271606e-12
4437,1109.250000,4,7.149836e-14,1.299444e-16,-1.687448e-22,9.745538e-12
4438,1109.500000,4,7.149836e-14,1.624333e-16,1.270219e-20,1.039124e-11
4439,1109.750000,4,7.127632e-14,1.582942e-16,-8.205632e-22,2.622524e-11
4440,1110.000000,4,7.149836e-14,1.531096e-16,8.999725e-21,-6.492584e-13
4441,1110.250000,4,7.149836e-14,1.442274e-16,1.584216e-20,1.710010e-11
4442,1110.500000,4,7.127632e-14,1.168561e-16,-2.075562e-20,1.663913e-11
4443,1110.750000,4,7.105427e-14,1.299581e-16,9.836832e-21,1.057776e-11
4444,1111.000000,4,7.127632e-14,1.299604e-16,-1.010484e-20,1.988631e-11
4445,1111.250000,4,7.127632e-14,1.316309e-16,-8.890537e-21,2.573808e-11
4446,1111.500000,4,7.172041e-14,1.671196e-16,1.079305e-20,2.955014e-11
4447,1111.750000,4,7.149836e-14,1.299672e-16,-9.694557e-21,2.993028e-11
4448,1112.000000,4,7.127632e-14,1.299695e-16,-7.100518e-21,1.517231e-11
4449,1112.250000,4,7.149836e-14,1.624648e-16,-2.777342e-20,2.981171e-12
4450,1112.500000,4,7.127632e-14,1.316023e-16,-1.318195e-20,2.687983e-11
4451,1112.750000,4,7.127632e-14,1.137293e-16,3.533716e-20,2.060485e-11
4452,1113.000000,4,7.105427e-14,1.315909e-16,7.016477e-20,1.907852e-11
4453,1113.250000,4,7.172041e-14,1.299810e-16,-4.427071e-21,2.762812e-11
4454,1113.500000,4,7.149836e-14,1.299833e-16,2.477902e-20,1.010525e-11
4455,1113.750000,4,7.149836e-14,1.462337e-16,1.180552e-20,1.551737e-11
4456,1114.000000,4,7.105427e-14,1.624848e-16,1.110076e-20,2.529088e-12
4457,1114.250000,4,7.172041e-14,1.624876e-16,-1.511424e-20,1.296296e-12
4458,1114.500000,4,7.083223e-14,1.337740e-16,2.867008e-20,1.324585e-11
4459,1114.750000,4,7.127632e-14,1.359854e-16,5.777360e-20,-7.975842e-13
4460,1115.000000,4,7.127632e-14,1.624962e-16,-1.942882e-20,1.793676e-11
4461,1115.250000,4,7.172041e-14,1.389295e-16,1.065409e-20,1.275025e-11
4462,1115.500000,4,7.149836e-14,1.507468e-16,-2.376986e-20,2.099121e-11
4463,1115.750000,4,7.127632e-14,1.307894e-16,3.410631e-20,1.096501e-11
4464,1116.000000,4,7.127632e-14,1.603394e-16,2.180779e-20,1.038325e-11
4465,1116.250000,4,7.105427e-14,1.625105e-16,2.463675e-20,2.315703e-11
4466,1116.500000,4,7.194245e-14,1.300336e-16,-1.087908e-20,1.021716e-11
4467,1116.750000,4,7.127632e-14,1.137614e-16,5.354506e-20,1.050005e-11
4468,1117.000000,4,7.149836e-14,1.625191e-16,3.345449e-20,1.528422e-11
4469,1117.250000,4,7.149836e-14,1.300175e-16,-1.815827e-20,2.292877e-11
4470,1117.500000,4,7.061018e-14,1.462723e-16,-4.064104e-20,2.713119e-11
4471,1117.750000,4,7.172041e-14,1.300221e-16,-1.548482e-21,1.596412e-11
4472,1118.000000,4,7.149836e-14,1.300244e-16,2.310481e-20,8.490986e-12
4473,1118.250000,4,7.194245e-14,1.329488e-16,-7.950860e-21,2.827383e-11
4474,1118.500000,4,7.149836e-14,1.300290e-16,-1.458154e-20,1.568212e-11
4475,1118.750000,4,7.172041e-14,1.300313e-16,-2.305849e-20,2.951772e-11
4476,1119.000000,4,7.149836e-14,1.344087e-16,-1.269557e-20,1.853673e-11
4477,1119.250000,4,7.172041e-14,1.373568e-16,5.063338e-20,1.683809e-11
4478,1119.500000,4,7.194245e-14,1.329202e-16,2.396177e-20,1.884048e-11
4479,1119.750000,4,7.127632e-14,1.300404e-16,-4.303986e-20,1.919442e-11
4480,1120.000000,4,7.194245e-14,1.300427e-16,1.136215e-20,2.595746e-11
4481,1120.250000,4,7.127632e-14,1.300450e-16,4.309280e-20,4.567458e-12
4482,1120.500000,4,7.105427e-14,1.300472e-16,-7.371834e-21,7.330136e-12
4483,1120.750000,4,7.172041e-14,1.432277e-16,1.366502e-21,2.038680e-11
4484,1121.000000,4,7.149836e-14,1.469128e-16,-4.285457e-20,1.542499e-11
4485,1121.250000,4,7.194245e-14,1.463109e-16,5.585123e-21,1.162093e-11
4486,1121.500000,4,7.172041e-14,1.300564e-16,5.393218e-21,2.187894e-11
4487,1121.750000,4,7.149836e-14,1.300587e-16,-1.254006e-21,2.200196e-11
4488,1122.000000,4,7.105427e-14,1.625762e-16,-6.885451e-21,3.737766e-11
4489,1122.250000,4,7.172041e-14,1.476194e-16,1.154744e-21,1.883871e-11
4490,1122.500000,4,7.105427e-14,1.300655e-16,-1.243749e-20,2.403544e-11
4491,1122.750000,4,7.149836e-14,1.300678e-16,-1.421096e-20,2.957901e-11
4492,1123.000000,4,7.149836e-14,1.300701e-16,2.732343e-20,2.101919e-11
4493,1123.250000,4,7.149836e-14,1.564497e-16,1.836341e-21,1.757083e-11
4494,1123.500000,4,7.083223e-14,1.300746e-16,2.895794e-20,3.587353e-11
4495,1123.750000,4,7.127632e-14,1.652912e-16,-6.855673e-21,1.709433e-11
4496,1124.000000,4,7.172041e-14,1.625990e-16,3.308722e-22,1.884182e-11
4497,1124.250000,4,7.149836e-14,1.300815e-16,4.377109e-20,2.551470e-11
4498,1124.500000,4,7.127632e-14,1.300837e-16,1.589510e-20,1.309752e-11
4499,1124.750000,4,7.149836e-14,1.300860e-16,-6.220398e-21,2.420775e-11
4500,1125.000000,4,7.105427e-14,1.468121e-16,-4.466775e-22,2.265166e-11
4501,1125.250000,4,7.127632e-14,1.401664e-16,1.099488e-20,1.728884e-11
4502,1125.500000,4,7.105427e-14,1.209805e-16,-5.449466e-21,2.579537e-11
4503,1125.750000,4,7.172041e-14,1.357284e-16,2.259857e-20,9.785506e-12
4504,1126.000000,4,7.105427e-14,1.626217e-16,3.889403e-20,3.261746e-11
4505,1126.250000,4,7.127632e-14,1.342417e-16,2.975534e-20,2.198863e-11
4506,1126.500000,4,7.194245e-14,1.445618e-16,1.190478e-20,2.106271e-11
4507,1126.750000,4,7.083223e-14,1.423430e-16,1.289078e-20,1.324674e-11
4508,1127.000000,4,7.127632e-14,1.301065e-16,-2.734659e-20,1.430456e-11
4509,1127.250000,4,7.127632e-14,1.327438e-16,-9.598604e-21,2.540945e-11
4510,1127.500000,4,7.149836e-14,1.301111e-16,-1.635832e-20,1.727329e-11
4511,1127.750000,4,7.149836e-14,1.327325e-16,2.928219e-20,1.853007e-11
4512,1128.000000,4,7.172041e-14,1.268279e-16,4.612359e-21,2.578782e-11
4513,1128.250000,4,7.149836e-14,1.301179e-16,-1.249704e-20,2.610134e-11
4514,1128.500000,4,7.149836e-14,1.297663e-16,3.433130e-20,2.392442e-11
4515,1128.750000,4,7.105427e-14,1.301224e-16,-1.472381e-21,2.366196e-11
4516,1129.000000,4,7.149836e-14,1.415511e-16,1.158715e-20,2.002354e-11
4517,1129.250000,4,7.105427e-14,1.301270e-16,-5.340278e-21,2.552891e-11
4518,1129.500000,4,7.038814e-14,1.626616e-16,9.032812e-22,2.084155e-11
4519,1129.750000,4,7.149836e-14,1.301315e-16,-2.522239e-20,3.260325e-11
4520,1130.000000,4,7.149836e-14,1.464005e-16,2.235373e-20,1.593792e-11
4521,1130.250000,4,7.083223e-14,1.562628e-16,1.507454e-20,9.270806e-12
4522,1130.500000,4,7.127632e-14,1.301384e-16,-1.909464e-20,2.554312e-11
4523,1130.750000,4,7.172041e-14,1.301406e-16,-8.658927e-21,1.356693e-11
4524,1131.000000,4,7.172041e-14,1.341330e-16,-3.645550e-20,2.488187e-11
4525,1131.250000,4,7.061018e-14,1.356012e-16,-5.154990e-21,1.066836e-11
4526,1131.500000,4,7.105427e-14,1.301475e-16,2.613891e-20,1.629941e-11
4527,1131.750000,4,7.127632e-14,1.503277e-16,2.467645e-20,2.393019e-11
4528,1132.000000,4,7.149836e-14,1.444263e-16,-1.970013e-20,1.174216e-11
4529,1132.250000,4,7.172041e-14,1.466307e-16,3.204829e-20,1.644773e-11
4530,1132.500000,4,7.149836e-14,1.301566e-16,-1.164670e-21,1.511813e-11
4531,1132.750000,4,7.083223e-14,1.311460e-16,-3.596581e-21,6.088907e-12
4532,1133.000000,4,7.127632e-14,1.421916e-16,-1.344996e-20,1.769873e-11
4533,1133.250000,4,7.127632e-14,1.311348e-16,-2.495438e-20,1.940315e-11
4534,1133.500000,4,7.149836e-14,1.301657e-16,-1.707632e-20,1.946132e-11
4535,1133.750000,4,7.127632e-14,1.546965e-16,2.369707e-20,2.706768e-11
4536,1134.000000,4,7.172041e-14,1.303815e-16,9.644926e-21,1.575229e-11
4537,1134.250000,4,7.172041e-14,1.301725e-16,2.055378e-20,4.725553e-12
4538,1134.500000,4,7.127632e-14,1.311070e-16,6.167459e-21,1.690559e-11
4539,1134.750000,4,7.194245e-14,1.554068e-16,-3.316663e-20,3.268275e-11
4540,1135.000000,4,7.149836e-14,1.362514e-16,3.944659e-20,1.914291e-11
4541,1135.250000,4,7.172041e-14,1.301816e-16,3.196888e-20,1.614131e-11
4542,1135.500000,4,7.172041e-14,1.301838e-16,-9.496033e-21,1.515232e-11
4543,1135.750000,4,7.172041e-14,1.406524e-16,-2.626795e-20,1.509415e-11
4544,1136.000000,4,7.105427e-14,1.627355e-16,-4.788383e-20,6.774581e-12
4545,1136.250000,4,7.127632e-14,1.413769e-16,-3.190932e-20,1.958256e-11
4546,1136.500000,4,7.127632e-14,1.435798e-16,-1.288086e-20,4.622080e-12
4547,1136.750000,4,7.149836e-14,1.301952e-16,-3.316333e-20,3.994227e-11
4548,1137.000000,4,7.105427e-14,1.301975e-16,9.019577e-21,1.857448e-11
4549,1137.250000,4,7.083223e-14,1.442978e-16,1.750314e-21,1.566747e-11
4550,1137.500000,4,7.149836e-14,1.302020e-16,1.346319e-20,7.196466e-12
4551,1137.750000,4,7.172041e-14,1.464798e-16,-8.040196e-21,1.305267e-11
4552,1138.000000,4,7.172041e-14,1.398627e-16,2.157618e-20,2.304601e-11
4553,1138.250000,4,7.149836e-14,1.192463e-16,1.447897e-20,2.744471e-12
4554,1138.500000,4,7.127632e-14,1.207134e-16,-1.549475e-20,1.076028e-12
4555,1138.750000,4,7.127632e-14,1.310127e-16,5.419687e-21,7.246648e-12
4556,1139.000000,4,7.149836e-14,1.302156e-16,2.321069e-20,9.266365e-12
4557,1139.250000,4,7.105427e-14,1.545525e-16,2.272431e-20,9.281020e-12
4558,1139.500000,4,7.105427e-14,1.302201e-16,4.797978e-20,2.550493e-11
4559,1139.750000,4,7.127632e-14,1.398214e-16,-1.421096e-20,2.495026e-11
4560,1140.000000,4,7.083223e-14,1.465027e-16,2.547055e-20,2.552492e-11
4561,1140.250000,4,7.105427e-14,1.368662e-16,2.124200e-21,-1.227463e-12
4562,1140.500000,4,7.105427e-14,1.302291e-16,-3.952931e-20,1.583178e-12
4563,1140.750000,4,7.149836e-14,1.456839e-16,6.349438e-21,2.030909e-11
4564,1141.000000,4,7.149836e-14,1.302336e-16,3.608493e-20,1.258149e-11
4565,1141.250000,4,7.105427e-14,1.368429e-16,9.522503e-21,1.863398e-12
4566,1141.500000,4,7.172041e-14,1.368370e-16,1.457161e-20,2.180744e-11
4567,1141.750000,4,7.149836e-14,1.302404e-16,-3.411293e-21,1.507061e-11
4568,1142.000000,4,7.172041e-14,1.302427e-16,-1.096180e-20,1.943867e-11
4569,1142.250000,4,7.172041e-14,1.628062e-16,-6.114519e-21,1.317391e-11
4570,1142.500000,4,7.149836e-14,1.669714e-16,-2.268460e-20,1.714007e-11
4571,1142.750000,4,7.172041e-14,1.465306e-16,2.924249e-20,-1.412204e-13
4572,1143.000000,4,7.194245e-14,1.382728e-16,2.710505e-20,2.658807e-11
4573,1143.250000,4,7.127632e-14,1.184094e-16,2.243314e-20,6.167067e-12
4574,1143.500000,4,7.149836e-14,1.331130e-16,3.434785e-20,1.675060e-11
4575,1143.750000,4,7.172041e-14,1.302585e-16,-5.025949e-21,9.594991e-12
4576,1144.000000,4,7.127632e-14,1.139781e-16,-1.453191e-20,2.304956e-11
4577,1144.250000,4,7.083223e-14,1.628287e-16,6.140989e-21,3.025447e-11
4578,1144.500000,4,7.127632e-14,1.465484e-16,3.308392e-20,1.168621e-11
4579,1144.750000,4,7.105427e-14,1.323491e-16,-3.967158e-21,2.712053e-11
4580,1145.000000,4,7.172041e-14,1.302698e-16,-1.246065e-20,2.402878e-11
4581,1145.250000,4,7.127632e-14,1.323377e-16,1.850568e-20,3.514833e-11
4582,1145.500000,4,7.105427e-14,1.426245e-16,3.299458e-20,1.512124e-11
4583,1145.750000,4,7.149836e-14,1.690836e-16,3.434454e-21,2.514033e-11
4584,1146.000000,4,7.127632e-14,1.302788e-16,1.717558e-20,2.135048e-11
4585,1146.250000,4,7.127632e-14,1.302811e-16,1.568665e-20,5.932588e-12
4586,1146.500000,4,7.149836e-14,1.302833e-16,-4.026715e-21,4.788170e-12
4587,1146.750000,4,7.105427e-14,1.139999e-16,1.141178e-20,2.253397e-11
4588,1147.000000,4,7.105427e-14,1.302878e-16,9.628382e-21,2.837908e-11
4589,1147.250000,4,7.149836e-14,1.302901e-16,4.612028e-20,1.376810e-11
4590,1147.500000,4,7.105427e-14,1.302923e-16,-3.577060e-20,2.370770e-11
4591,1147.750000,4,7.127632e-14,1.366899e-16,-2.521577e-20,2.882361e-11
4592,1148.000000,4,7.105427e-14,1.396235e-16,5.667842e-21,1.505951e-11
4593,1148.250000,4,7.127632e-14,1.366781e-16,-3.953923e-21,2.321743e-11
4594,1148.500000,4,7.127632e-14,1.303014e-16,1.324151e-20,2.068523e-11
4595,1148.750000,4,7.127632e-14,1.465916e-16,-1.751307e-20,5.335732e-12
4596,1149.000000,4,7.149836e-14,1.293131e-16,-1.719874e-20,6.431744e-12
4597,1149.250000,4,7.127632e-14,1.322463e-16,-3.348427e-20,6.745715e-12
4598,1149.500000,4,7.194245e-14,1.303104e-16,9.089061e-21,2.626122e-11
4599,1149.750000,4,7.083223e-14,1.303126e-16,-1.182868e-20,3.551559e-11
4600,1150.000000,4,7.127632e-14,1.303149e-16,6.442083e-21,1.661249e-11
4601,1150.250000,4,7.172041e-14,1.628964e-16,-9.218101e-21,2.256728e-11
4602,1150.500000,4,7.172041e-14,1.344213e-16,5.000472e-20,1.715428e-11
4603,1150.750000,4,7.127632e-14,1.466118e-16,5.503067e-20,1.538369e-11
4604,1151.000000,4,7.127632e-14,1.542406e-16,-1.888619e-20,9.996448e-12
4605,1151.250000,4,7.194245e-14,1.466169e-16,-4.178916e-21,1.290790e-11
4606,1151.500000,4,7.149836e-14,1.303284e-16,3.971790e-20,2.523493e-11
4607,1151.750000,4,7.127632e-14,1.527517e-16,1.929978e-20,2.612355e-11
4608,1152.000000,4,7.149836e-14,1.303329e-16,-7.514109e-21,2.209566e-11
4609,1152.250000,4,7.149836e-14,1.409894e-16,1.018425e-20,2.819123e-11
4610,1152.500000,4,7.149836e-14,1.303374e-16,1.992844e-20,2.812106e-11
4611,1152.750000,4,7.127632e-14,1.174809e-16,1.965381e-21,1.979572e-11
4612,1153.000000,4,7.105427e-14,1.303419e-16,1.432346e-20,2.013056e-12
4613,1153.250000,4,7.172041e-14,1.439017e-16,2.435220e-21,1.025358e-11
4614,1153.500000,4,7.194245e-14,1.416929e-16,-4.982936e-21,6.762146e-12
4615,1153.750000,4,7.083223e-14,1.303486e-16,2.330664e-20,5.752288e-12
4616,1154.000000,4,7.172041e-14,1.328715e-16,-3.056267e-20,1.357048e-11
4617,1154.250000,4,7.149836e-14,1.306635e-16,3.059907e-20,1.191935e-12
4618,1154.500000,4,7.149836e-14,1.303554e-16,1.390656e-20,-4.479528e-12
4619,1154.750000,4,7.127632e-14,1.130361e-16,2.938146e-21,1.478506e-11
4620,1155.000000,4,7.149836e-14,1.365182e-16,-4.341044e-21,3.583489e-11
4621,1155.250000,4,7.172041e-14,1.423838e-16,8.688705e-21,1.555334e-11
4622,1155.500000,4,7.127632e-14,1.303644e-16,1.991520e-20,3.222622e-11
4623,1155.750000,4,7.127632e-14,1.303666e-16,1.605723e-20,1.665157e-11
4624,1156.000000,4,7.172041e-14,1.303689e-16,1.143825e-20,1.657297e-11
4625,1156.250000,4,7.127632e-14,1.306181e-16,-5.870666e-20,2.370326e-11
4626,1156.500000,4,7.149836e-14,1.394177e-16,2.261181e-20,2.106493e-11
4627,1156.750000,4,7.149836e-14,1.303756e-16,2.215851e-20,6.375789e-12
4628,1157.000000,4,7.127632e-14,1.303779e-16,2.726387e-21,1.351497e-11
4629,1157.250000,4,7.083223e-14,1.303801e-16,1.712595e-20,1.039968e-11
4630,1157.500000,4,7.149836e-14,1.303824e-16,1.896891e-20,2.787148e-11
4631,1157.750000,4,7.061018e-14,1.303846e-16,4.089581e-21,1.848743e-11
4632,1158.000000,4,7.083223e-14,1.303869e-16,2.600656e-21,3.221690e-11
4633,1158.250000,4,7.127632e-14,1.349739e-16,3.214424e-20,-6.196821e-12
4634,1158.500000,4,7.127632e-14,1.599078e-16,1.042248e-20,1.679812e-11
4635,1158.750000,4,7.149836e-14,1.629920e-16,1.985564e-20,1.900169e-11
4636,1159.000000,4,7.127632e-14,1.305556e-16,4.083956e-20,1.957234e-11
4637,1159.250000,4,7.127632e-14,1.303981e-16,3.165786e-20,2.110179e-11
4638,1159.500000,4,7.105427e-14,1.304004e-16,1.512417e-20,-3.306688e-12
4639,1159.750000,4,7.105427e-14,1.304026e-16,-3.758709e-21,3.651524e-11
4640,1160.000000,4,7.149836e-14,1.319995e-16,-9.092369e-21,2.041478e-11
4641,1160.250000,4,7.172041e-14,1.495929e-16,-2.911014e-20,2.407319e-11
4642,1160.500000,4,7.149836e-14,1.304093e-16,-3.450998e-21,-6.204814e-12
4643,1160.750000,4,7.194245e-14,1.467130e-16,-2.126847e-20,2.540235e-11
4644,1161.000000,4,7.105427e-14,1.319765e-16,-2.069275e-20,3.407630e-11
4645,1161.250000,4,7.149836e-14,1.393024e-16,1.218272e-20,2.799183e-11
4646,1161.500000,4,7.172041e-14,1.304183e-16,1.914427e-20,1.955769e-11
4647,1161.750000,4,7.149836e-14,1.194964e-16,-1.666273e-20,1.626610e-11
4648,1162.000000,4,7.172041e-14,1.407503e-16,4.212004e-20,2.769696e-11
4649,1162.250000,4,7.149836e-14,1.304251e-16,2.709844e-20,1.566569e-11
4650,1162.500000,4,7.105427e-14,1.334079e-16,5.303882e-21,2.033840e-11
4651,1162.750000,4,7.105427e-14,1.304296e-16,1.326136e-20,2.918066e-11
4652,1163.000000,4,7.149836e-14,1.304318e-16,-1.058791e-21,1.890177e-11
4653,1163.250000,4,7.127632e-14,1.333905e-16,3.757385e-20,3.042100e-11
4654,1163.500000,4,7.083223e-14,1.467408e-16,4.559420e-21,1.288658e-11
4655,1163.750000,4,7.083223e-14,1.377759e-16,1.042248e-21,3.107647e-11
4656,1164.000000,4,7.172041e-14,1.304408e-16,-1.172280e-20,3.231859e-11
4657,1164.250000,4,7.149836e-14,1.304430e-16,2.362428e-20,2.150014e-11
4658,1164.500000,4,7.127632e-14,1.304453e-16,-2.283018e-21,2.493339e-11
4659,1164.750000,4,7.172041e-14,1.436137e-16,1.189486e-20,3.819967e-11
4660,1165.000000,4,7.127632e-14,1.630622e-16,8.893846e-21,1.186473e-11
4661,1165.250000,4,7.127632e-14,1.304520e-16,-1.266248e-20,9.440448e-12
4662,1165.500000,4,7.172041e-14,1.201508e-16,-7.424773e-21,2.965805e-11
4663,1165.750000,4,7.172041e-14,1.467636e-16,-3.335192e-21,2.301404e-11
4664,1166.000000,4,7.105427e-14,1.304587e-16,1.322496e-20,2.368861e-11
4665,1166.250000,4,7.172041e-14,1.347857e-16,-2.081186e-21,3.005196e-11
4666,1166.500000,4,7.105427e-14,1.304632e-16,3.355045e-21,1.386580e-11
4667,1166.750000,4,7.127632e-14,1.545505e-16,2.941454e-21,2.591660e-11
4668,1167.000000,4,7.172041e-14,1.142598e-16,2.329341e-20,9.727330e-12
4669,1167.250000,4,7.127632e-14,1.362269e-16,-6.971478e-21,1.898037e-11
4670,1167.500000,4,7.149836e-14,1.304722e-16,2.448455e-20,2.405143e-11
4671,1167.750000,4,7.083223e-14,1.467838e-16,2.480218e-20,1.489653e-11
4672,1168.000000,4,7.105427e-14,1.304767e-16,3.639595e-23,1.553202e-11
4673,1168.250000,4,7.127632e-14,1.304789e-16,8.787967e-21,7.761347e-12
4674,1168.500000,4,7.083223e-14,1.304812e-16,-2.197653e-20,1.016032e-11
4675,1168.750000,4,7.061018e-14,1.566931e-16,-1.659324e-20,2.387868e-11
4676,1169.000000,4,7.083223e-14,1.237382e-16,-1.551460e-20,2.510792e-11
4677,1169.250000,4,7.149836e-14,1.304879e-16,2.637052e-20,1.847367e-11
4678,1169.500000,4,7.172041e-14,1.398339e-16,2.473601e-20,1.789457e-11
4679,1169.750000,4,7.127632e-14,1.468039e-16,7.808585e-21,-2.835954e-12
4680,1170.000000,4,7.149836e-14,1.631183e-16,1.736087e-20,1.960965e-11
4681,1170.250000,4,7.149836e-14,1.376195e-16,-2.243976e-20,2.097789e-11
4682,1170.500000,4,7.127632e-14,1.537172e-16,1.955455e-20,1.117151e-11
4683,1170.750000,4,7.149836e-14,1.305014e-16,4.238473e-21,1.307576e-11
4684,1171.000000,4,7.127632e-14,1.468166e-16,6.465244e-21,1.135003e-11
4685,1171.250000,4,7.127632e-14,1.305058e-16,-6.700163e-21,2.539080e-11
4686,1171.500000,4,7.149836e-14,1.214885e-16,-4.102816e-22,1.486145e-11
4687,1171.750000,4,7.172041e-14,1.305103e-16,4.714599e-20,-8.570922e-14
4688,1172.000000,4,7.149836e-14,1.468266e-16,2.804473e-20,1.438361e-11
4689,1172.250000,4,7.061018e-14,1.426937e-16,2.461359e-20,1.116174e-11
4690,1172.500000,4,7.127632e-14,1.595172e-16,-5.297265e-20,1.756373e-11
4691,1172.750000,4,7.061018e-14,1.305193e-16,1.362532e-20,-1.936673e-12
4692,1173.000000,4,7.172041e-14,1.305215e-16,-1.366502e-21,2.722667e-11
4693,1173.250000,4,7.083223e-14,1.305238e-16,-1.038608e-20,1.502176e-11
4694,1173.500000,4,7.083223e-14,1.309568e-16,-7.203089e-21,5.024869e-12
4695,1173.750000,4,7.216450e-14,1.142122e-16,1.461132e-20,2.220402e-11
4696,1174.000000,4,7.149836e-14,1.294823e-16,3.495004e-20,1.061595e-11
4697,1174.250000,4,7.127632e-14,1.305327e-16,3.861610e-20,1.287059e-11
4698,1174.500000,4,7.083223e-14,1.305350e-16,-1.651053e-20,1.251266e-11
4699,1174.750000,4,7.127632e-14,1.243452e-16,-1.693073e-20,2.015543e-11
4700,1175.000000,4,7.127632e-14,1.579846e-16,-2.928550e-20,4.858336e-13
4701,1175.250000,4,7.172041e-14,1.462756e-16,3.120125e-21,-2.310596e-12
4702,1175.500000,4,7.149836e-14,1.631799e-16,1.703992e-20,2.057332e-11
4703,1175.750000,4,7.061018e-14,1.305462e-16,-2.498085e-21,2.091038e-11
4704,1176.000000,4,7.149836e-14,1.468669e-16,3.565148e-20,1.836620e-11
4705,1176.250000,4,7.083223e-14,1.305506e-16,-1.441941e-20,-5.864642e-12
4706,1176.500000,4,7.083223e-14,1.374689e-16,-2.556319e-20,1.782885e-11
4707,1176.750000,4,7.127632e-14,1.305551e-16,1.207684e-21,3.210765e-12
4708,1177.000000,4,7.194245e-14,1.447684e-16,-1.687448e-22,2.874190e-11
4709,1177.250000,4,7.194245e-14,1.579223e-16,-2.412059e-21,2.557954e-11
4710,1177.500000,4,7.149836e-14,1.142416e-16,1.763880e-20,2.271827e-11
4711,1177.750000,4,7.105427e-14,1.418252e-16,2.092436e-20,1.288347e-11
4712,1178.000000,4,7.127632e-14,1.315846e-16,1.347643e-20,1.774891e-11
4713,1178.250000,4,7.172041e-14,1.305685e-16,-1.634178e-20,2.231371e-11
4714,1178.500000,4,7.127632e-14,1.305707e-16,1.015116e-20,1.588729e-11
4715,1178.750000,4,7.105427e-14,1.468946e-16,3.024172e-20,1.722400e-11
4716,1179.000000,4,7.083223e-14,1.305752e-16,9.135383e-21,6.763479e-12
4717,1179.250000,4,7.172041e-14,1.344792e-16,8.453786e-21,7.206236e-12
4718,1179.500000,4,7.127632e-14,1.305797e-16,2.997703e-21,1.160050e-11
4719,1179.750000,4,7.194245e-14,1.142592e-16,-1.111731e-20,1.417710e-11
4720,1180.000000,4,7.061018e-14,1.305842e-16,2.255225e-20,3.536282e-11
4721,1180.250000,4,7.105427e-14,1.305864e-16,7.567048e-21,1.616263e-11
4722,1180.500000,4,7.172041e-14,1.300655e-16,3.012592e-20,1.010569e-11
4723,1180.750000,4,7.172041e-14,1.461346e-16,3.953923e-21,1.831646e-11
4724,1181.000000,4,7.127632e-14,1.351686e-16,6.928465e-21,2.310019e-11
4725,1181.250000,4,7.149836e-14,1.469197e-16,1.976962e-20,2.399148e-11
4726,1181.500000,4,7.127632e-14,1.305976e-16,1.102466e-20,5.569323e-12
4727,1181.750000,4,7.172041e-14,1.305998e-16,4.901211e-20,1.577183e-11
4728,1182.000000,4,7.105427e-14,1.358754e-16,1.006844e-20,3.386491e-11
4729,1182.250000,4,7.105427e-14,1.306043e-16,-1.514071e-20,2.653167e-11
4730,1182.500000,4,7.172041e-14,1.402461e-16,9.089061e-21,1.262501e-11
4731,1182.750000,4,7.172041e-14,1.306087e-16,-8.490182e-21,1.441336e-11
4732,1183.000000,4,7.149836e-14,1.306110e-16,-3.289532e-20,3.286083e-11
4733,1183.250000,4,7.149836e-14,1.416884e-16,-6.219406e-20,1.372946e-11
4734,1183.500000,4,7.105427e-14,1.460641e-16,-1.122319e-20,1.637090e-11
4735,1183.750000,4,7.194245e-14,1.314519e-16,2.129163e-20,1.500799e-11
4736,1184.000000,4,7.127632e-14,1.475118e-16,3.983702e-21,-1.497913e-12
4737,1184.250000,4,7.127632e-14,1.469499e-16,7.676236e-21,1.562750e-12
4738,1184.500000,4,7.149836e-14,1.306243e-16,3.686909e-20,4.119993e-11
4739,1184.750000,4,7.149836e-14,1.241272e-16,2.582458e-20,1.800249e-11
4740,1185.000000,4,7.127632e-14,1.044083e-16,5.128851e-20,8.685941e-12
4741,1185.250000,4,7.105427e-14,1.306310e-16,2.777672e-20,1.226441e-11
4742,1185.500000,4,7.127632e-14,1.306333e-16,1.739726e-20,3.248424e-11
4743,1185.750000,4,7.038814e-14,1.306355e-16,-9.717718e-21,1.446177e-11
4744,1186.000000,4,7.061018e-14,1.143080e-16,-3.308722e-21,2.179279e-11
4745,1186.250000,4,7.105427e-14,1.372339e-16,-6.200546e-21,2.998668e-11
4746,1186.500000,4,7.105427e-14,1.197095e-16,5.466009e-21,3.575096e-11
4747,1186.750000,4,7.127632e-14,1.350322e-16,2.867008e-20,-5.773160e-12
4748,1187.000000,4,7.172041e-14,1.306467e-16,-1.681162e-20,1.657874e-11
4749,1187.250000,4,7.127632e-14,1.469800e-16,-9.724335e-21,2.537437e-11
4750,1187.500000,4,7.105427e-14,1.386634e-16,-1.861156e-20,1.374501e-11
4751,1187.750000,4,7.172041e-14,1.306534e-16,3.694519e-20,9.965362e-12
4752,1188.000000,4,7.194245e-14,1.306556e-16,1.060776e-20,1.112088e-11
4753,1188.250000,4,7.172041e-14,1.469900e-16,2.006740e-20,1.502443e-11
4754,1188.500000,4,7.149836e-14,1.386390e-16,3.578714e-20,2.506262e-11
4755,1188.750000,4,7.105427e-14,1.306623e-16,1.752961e-20,2.542899e-11
4756,1189.000000,4,7.194245e-14,1.247642e-16,-5.201312e-21,1.071632e-11
4757,1189.250000,4,7.105427e-14,1.306667e-16,1.878362e-20,1.747047e-11
4758,1189.500000,4,7.083223e-14,1.306689e-16,-8.036887e-21,1.271161e-11
4759,1189.750000,4,7.149836e-14,1.306712e-16,3.636286e-21,1.744516e-11
4760,1190.000000,4,7.105427e-14,1.444384e-16,2.872964e-20,3.170308e-11
4761,1190.250000,4,7.172041e-14,1.546444e-16,-2.768408e-20,1.966560e-11
4762,1190.500000,4,7.149836e-14,1.429668e-16,3.877823e-21,1.598943e-11
4763,1190.750000,4,7.127632e-14,1.181613e-16,8.255263e-21,2.236478e-11
4764,1191.000000,4,7.149836e-14,1.306823e-16,3.599890e-21,3.082423e-12
4765,1191.250000,4,7.083223e-14,1.356547e-16,3.424528e-21,3.159695e-12
4766,1191.500000,4,7.172041e-14,1.560690e-16,-1.650391e-20,-3.576694e-12
4767,1191.750000,4,7.149836e-14,1.306889e-16,-1.587525e-20,2.382983e-11
4768,1192.000000,4,7.127632e-14,1.210522e-16,-5.247634e-21,2.982281e-11
4769,1192.250000,4,7.172041e-14,1.341725e-16,3.223688e-20,1.648237e-11
4770,1192.500000,4,7.149836e-14,1.312499e-16,-1.370142e-20,3.340528e-11
4771,1192.750000,4,7.083223e-14,1.306978e-16,-1.546828e-20,1.468559e-11
4772,1193.000000,4,7.127632e-14,1.307000e-16,-3.559524e-20,1.727596e-11
4773,1193.250000,4,7.105427e-14,1.414396e-16,-1.923360e-20,3.052714e-11
4774,1193.500000,4,7.127632e-14,1.304978e-16,-1.327129e-20,1.578737e-11
4775,1193.750000,4,7.172041e-14,1.307067e-16,-4.612359e-21,3.152145e-11
4776,1194.000000,4,7.061018e-14,1.326732e-16,-1.040924e-20,2.071765e-11
4777,1194.250000,4,7.127632e-14,1.307111e-16,5.737325e-21,1.639000e-11
4778,1194.500000,4,7.172041e-14,1.307133e-16,3.199535e-21,1.169065e-11
4779,1194.750000,4,7.149836e-14,1.363001e-16,3.237585e-20,2.874634e-11
4780,1195.000000,4,7.172041e-14,1.307177e-16,-5.786956e-21,3.705702e-11
4781,1195.250000,4,7.149836e-14,1.406610e-16,-9.826906e-22,1.114175e-11
4782,1195.500000,4,7.127632e-14,1.173338e-16,7.124341e-20,1.980638e-11
4783,1195.750000,4,7.149836e-14,1.307244e-16,2.188720e-20,4.729106e-12
4784,1196.000000,4,7.105427e-14,1.307266e-16,-1.944205e-20,3.426104e-11
4785,1196.250000,4,7.083223e-14,1.307288e-16,-5.542110e-21,1.644285e-11
4786,1196.500000,4,7.061018e-14,1.307310e-16,-1.406207e-21,7.042811e-12
4787,1196.750000,4,7.105427e-14,1.362521e-16,2.398824e-20,2.483169e-11
4788,1197.000000,4,7.149836e-14,1.646611e-16,1.537232e-20,2.986367e-11
4789,1197.250000,4,7.083223e-14,1.471685e-16,1.931632e-20,1.002398e-11
4790,1197.500000,4,7.149836e-14,1.634249e-16,-1.115701e-20,1.280931e-11
4791,1197.750000,4,7.149836e-14,1.347712e-16,-2.455403e-20,1.332578e-11
4792,1198.000000,4,7.149836e-14,1.307443e-16,1.314886e-20,-8.384404e-12
4793,1198.250000,4,7.105427e-14,1.307466e-16,2.105671e-20,7.696066e-12
4794,1198.500000,4,7.083223e-14,1.223706e-16,4.082964e-21,3.903633e-11
4795,1198.750000,4,7.105427e-14,1.332907e-16,-1.699029e-20,2.277023e-11
4796,1199.000000,4,7.105427e-14,1.230882e-16,-3.470188e-20,2.506839e-11
4797,1199.250000,4,7.105427e-14,1.398337e-16,-4.215312e-21,1.428901e-11
4798,1199.500000,4,7.127632e-14,1.631321e-16,-3.021856e-20,1.319478e-11
4799,1199.750000,4,7.149836e-14,1.307599e-16,2.101701e-20,1.224887e-11
4800,1200.000000,4,7.083223e-14,1.470973e-16,3.964511e-20,1.850298e-11
4801,1200.250000,4,7.172041e-14,1.307643e-16,5.677106e-20,3.143974e-11
4802,1200.500000,4,7.149836e-14,1.412593e-16,-2.080856e-20,1.548095e-11
4803,1200.750000,4,7.105427e-14,1.237786e-16,-1.403229e-20,1.409672e-11
4804,1201.000000,4,7.127632e-14,1.307709e-16,1.161362e-21,3.501199e-12
4805,1201.250000,4,7.083223e-14,1.307731e-16,2.124862e-20,2.061862e-11
4806,1201.500000,4,7.172041e-14,1.412349e-16,-5.416379e-21,1.346478e-11
4807,1201.750000,4,7.149836e-14,1.307776e-16,1.018094e-20,1.278710e-11
4808,1202.000000,4,7.083223e-14,1.307798e-16,2.686683e-20,5.649703e-12
4809,1202.250000,4,7.172041e-14,1.307820e-16,-4.559420e-21,1.489431e-11
4810,1202.500000,4,7.105427e-14,1.307842e-16,-1.686787e-20,3.582157e-11
4811,1202.750000,4,7.105427e-14,1.346539e-16,-7.457860e-21,2.772271e-11
4812,1203.000000,4,7.127632e-14,1.324647e-16,3.382176e-20,2.793588e-11
4813,1203.250000,4,7.127632e-14,1.302756e-16,-2.291952e-20,2.626921e-11
4814,1203.500000,4,7.149836e-14,1.307930e-16,1.909133e-20,1.579448e-11
4815,1203.750000,4,7.127632e-14,1.307952e-16,-1.530615e-20,1.730704e-11
4816,1204.000000,4,7.105427e-14,1.135218e-16,4.532950e-21,1.096412e-11
4817,1204.250000,4,7.083223e-14,1.307997e-16,-2.979505e-20,2.660094e-11
4818,1204.500000,4,7.083223e-14,1.426179e-16,-1.111731e-21,3.403500e-12
4819,1204.750000,4,7.172041e-14,1.308041e-16,-2.698594e-20,5.110135e-12
4820,1205.000000,4,7.149836e-14,1.308063e-16,-9.922859e-21,1.561906e-11
4821,1205.250000,4,7.172041e-14,1.308085e-16,6.700163e-21,2.076517e-11
4822,1205.500000,4,7.127632e-14,1.308107e-16,8.364450e-21,1.144285e-11
4823,1205.750000,4,7.127632e-14,1.382229e-16,7.140223e-21,3.324896e-12
4824,1206.000000,4,7.105427e-14,1.144632e-16,2.617199e-21,1.236966e-11
4825,1206.250000,4,7.127632e-14,1.360290e-16,2.567569e-21,2.726841e-11
4826,1206.500000,4,7.127632e-14,1.308195e-16,6.557888e-21,3.150014e-11
4827,1206.750000,4,7.127632e-14,1.308217e-16,1.013793e-20,8.129941e-12
4828,1207.000000,4,7.149836e-14,1.287385e-16,-4.708312e-20,8.721912e-12
4829,1207.250000,4,7.172041e-14,1.454611e-16,-4.850587e-20,3.529621e-11
4830,1207.500000,4,7.127632e-14,1.352732e-16,-3.019540e-20,1.451284e-11
4831,1207.750000,4,7.172041e-14,1.308306e-16,-1.613664e-20,1.970601e-11
4832,1208.000000,4,7.127632e-14,1.635410e-16,6.008640e-21,2.188649e-11
4833,1208.250000,4,7.105427e-14,1.432552e-16,2.147361e-21,1.769918e-11
4834,1208.500000,4,7.105427e-14,1.471918e-16,1.091878e-22,1.944356e-11
4835,1208.750000,4,7.105427e-14,1.308394e-16,1.836672e-20,1.595213e-11
4836,1209.000000,4,7.127632e-14,1.635520e-16,-1.613002e-20,1.735323e-11
4837,1209.250000,4,7.127632e-14,1.410501e-16,-4.814191e-21,1.740164e-11
4838,1209.500000,4,7.083223e-14,1.308460e-16,1.378414e-20,8.308465e-12
4839,1209.750000,4,7.172041e-14,1.308482e-16,3.286885e-20,2.045253e-11
4840,1210.000000,4,7.083223e-14,1.424865e-16,3.900984e-21,1.818368e-11
4841,1210.250000,4,7.127632e-14,1.472092e-16,-1.288417e-20,1.457279e-11
4842,1210.500000,4,7.172041e-14,1.504707e-16,-1.952146e-22,1.139400e-11
4843,1210.750000,4,7.127632e-14,1.308571e-16,-3.106229e-20,7.299050e-12
4844,1211.000000,4,7.149836e-14,1.308593e-16,9.644926e-21,3.280665e-11
4845,1211.250000,4,7.127632e-14,1.308615e-16,-6.256794e-21,1.461631e-11
4846,1211.500000,4,7.127632e-14,1.308637e-16,1.394627e-20,2.601386e-11
4847,1211.750000,4,7.194245e-14,1.402649e-16,2.521247e-21,1.913580e-11
4848,1212.000000,4,7.083223e-14,1.308681e-16,2.790577e-20,1.955458e-11
4849,1212.250000,4,7.172041e-14,1.308062e-16,2.074238e-20,1.990674e-11
4850,1212.500000,4,7.105427e-14,1.308725e-16,-1.338378e-20,2.246692e-11
4851,1212.750000,4,7.127632e-14,1.308747e-16,-6.279955e-21,1.559020e-11
4852,1213.000000,4,7.127632e-14,1.308769e-16,-5.606299e-20,1.633760e-11
4853,1213.250000,4,7.083223e-14,1.308791e-16,-2.761460e-20,6.023626e-12
4854,1213.500000,4,7.127632e-14,1.145212e-16,-3.512540e-20,1.901101e-11
4855,1213.750000,4,7.149836e-14,1.249616e-16,-2.479557e-20,2.367484e-11
4856,1214.000000,4,7.149836e-14,1.336744e-16,2.938146e-21,2.260547e-11
4857,1214.250000,4,7.127632e-14,1.205926e-16,-3.384492e-20,1.867084e-11
4858,1214.500000,4,7.083223e-14,1.308902e-16,3.199535e-21,4.393375e-12
4859,1214.750000,4,7.127632e-14,1.308924e-16,1.418118e-20,2.285816e-11
4860,1215.000000,4,7.127632e-14,1.308946e-16,2.046445e-20,7.911893e-12
4861,1215.250000,4,7.149836e-14,1.308968e-16,3.358022e-20,7.997158e-12
4862,1215.500000,4,7.127632e-14,1.547045e-16,-1.522674e-20,1.522027e-11
4863,1215.750000,4,7.105427e-14,1.198366e-16,1.174266e-20,1.821387e-11
4864,1216.000000,4,7.172041e-14,1.510605e-16,-6.504948e-21,2.327916e-11
4865,1216.250000,4,7.127632e-14,1.309056e-16,2.862376e-20,1.800293e-11
4866,1216.500000,4,7.172041e-14,1.394291e-16,-3.121118e-20,7.978507e-12
4867,1216.750000,4,7.149836e-14,1.309100e-16,3.480776e-21,2.366418e-11
4868,1217.000000,4,7.105427e-14,1.309122e-16,4.595815e-21,3.509237e-11
4869,1217.250000,4,7.216450e-14,1.636430e-16,3.407984e-21,2.044276e-11
4870,1217.500000,4,7.105427e-14,1.510235e-16,1.188162e-20,2.410383e-11
4871,1217.750000,4,7.127632e-14,1.437569e-16,-2.408419e-20,1.994405e-11
4872,1218.000000,4,7.061018e-14,1.309210e-16,3.302105e-20,2.748335e-11
4873,1218.250000,4,7.127632e-14,1.408412e-16,4.582581e-21,1.560352e-11
4874,1218.500000,4,7.105427e-14,1.309254e-16,3.482761e-20,1.156453e-11
4875,1218.750000,4,7.105427e-14,1.636595e-16,9.926167e-22,-7.656098e-13
4876,1219.000000,4,7.127632e-14,1.636623e-16,8.844215e-21,-7.833734e-13
4877,1219.250000,4,7.149836e-14,1.309320e-16,2.867670e-20,2.617018e-11
4878,1219.500000,4,7.127632e-14,1.328283e-16,1.937257e-20,2.131539e-11
4879,1219.750000,4,7.172041e-14,1.145694e-16,1.086254e-20,7.242207e-12
4880,1220.000000,4,7.127632e-14,1.636733e-16,5.863056e-21,8.918644e-12
4881,1220.250000,4,7.149836e-14,1.309408e-16,7.375142e-21,3.482592e-11
4882,1220.500000,4,7.172041e-14,1.309430e-16,-3.939034e-20,1.662004e-11
4883,1220.750000,4,7.127632e-14,1.364298e-16,2.699918e-21,-1.707523e-12
4884,1221.000000,4,7.127632e-14,1.473159e-16,1.108422e-21,1.548583e-11
4885,1221.250000,4,7.127632e-14,1.636871e-16,1.755608e-20,1.400080e-11
4886,1221.500000,4,7.105427e-14,1.596324e-16,5.935517e-20,6.195044e-12
4887,1221.750000,4,7.083223e-14,1.309540e-16,1.603076e-20,2.476908e-11
4888,1222.000000,4,7.105427e-14,1.309562e-16,2.079532e-20,3.180567e-12
4889,1222.250000,4,7.149836e-14,1.636981e-16,2.180117e-20,2.356870e-11
4890,1222.500000,4,7.149836e-14,1.436459e-16,1.901523e-20,8.742784e-12
4891,1222.750000,4,7.105427e-14,1.309629e-16,4.334426e-21,3.407763e-11
4892,1223.000000,4,7.083223e-14,1.309651e-16,3.188285e-20,1.300959e-11
4893,1223.250000,4,7.105427e-14,1.334729e-16,-4.129286e-21,2.401013e-11
4894,1223.500000,4,7.083223e-14,1.309695e-16,1.222242e-20,1.381339e-11
4895,1223.750000,4,7.105427e-14,1.309717e-16,6.968169e-21,2.660139e-11
4896,1224.000000,4,7.172041e-14,1.309739e-16,-3.014577e-20,4.792611e-12
4897,1224.250000,4,7.105427e-14,1.309761e-16,-1.210992e-21,2.014877e-11
4898,1224.500000,4,7.149836e-14,1.309783e-16,4.531957e-20,2.124034e-11
4899,1224.750000,4,7.105427e-14,1.473530e-16,2.140413e-20,2.102052e-11
4900,1225.000000,4,7.083223e-14,1.637283e-16,3.789149e-20,2.138600e-11
4901,1225.250000,4,7.105427e-14,1.309849e-16,-3.233945e-20,6.130652e-12
4902,1225.500000,4,7.172041e-14,1.309871e-16,-2.660213e-20,1.547873e-11
4903,1225.750000,4,7.105427e-14,1.348693e-16,2.698594e-20,1.572609e-11
4904,1226.000000,4,7.149836e-14,1.309915e-16,-3.261739e-20,1.749223e-11
4905,1226.250000,4,7.105427e-14,1.261580e-16,-1.144818e-20,3.416734e-11
4906,1226.500000,4,7.149836e-14,1.406532e-16,-9.912932e-21,1.303135e-11
4907,1226.750000,4,7.172041e-14,1.309981e-16,3.636286e-21,1.489830e-11
4908,1227.000000,4,7.127632e-14,1.319424e-16,8.169236e-21,2.335288e-11
4909,1227.250000,4,7.172041e-14,1.310025e-16,2.303863e-20,4.928502e-12
4910,1227.500000,4,7.149836e-14,1.217832e-16,-1.350290e-20,2.163691e-11
4911,1227.750000,4,7.127632e-14,1.310069e-16,3.177035e-20,1.195888e-11
4912,1228.000000,4,7.149836e-14,1.310091e-16,3.265709e-20,2.435208e-11
4913,1228.250000,4,7.194245e-14,1.493115e-16,2.914323e-20,2.047651e-11
4914,1228.500000,4,7.105427e-14,1.464063e-16,-1.978616e-20,2.515321e-12
4915,1228.750000,4,7.149836e-14,1.275568e-16,6.408995e-21,3.665113e-11
4916,1229.000000,4,7.149836e-14,1.473951e-16,-1.622267e-20,2.752198e-11
4917,1229.250000,4,7.127632e-14,1.146425e-16,3.876499e-20,8.328005e-12
4918,1229.500000,4,7.083223e-14,1.146445e-16,3.023180e-20,-6.190604e-13
4919,1229.750000,4,7.127632e-14,1.420292e-16,7.570357e-21,3.286260e-12
4920,1230.000000,4,7.105427e-14,1.310266e-16,2.222138e-20,1.725864e-11
4921,1230.250000,4,7.172041e-14,1.310288e-16,-5.565271e-21,9.929835e-12
4922,1230.500000,4,7.127632e-14,1.474099e-16,2.843516e-20,2.310019e-11
4923,1230.750000,4,7.127632e-14,1.310332e-16,-5.647989e-21,2.577938e-12
4924,1231.000000,4,7.127632e-14,1.310354e-16,2.965608e-20,1.739187e-11
4925,1231.250000,4,7.149836e-14,1.310376e-16,2.737637e-20,1.212896e-11
4926,1231.500000,4,7.105427e-14,1.310398e-16,-9.376919e-21,2.224620e-11
4927,1231.750000,4,7.149836e-14,1.474222e-16,1.494550e-20,7.517098e-12
4928,1232.000000,4,7.194245e-14,1.310442e-16,-2.030563e-20,2.125589e-11
4929,1232.250000,4,7.105427e-14,1.499404e-16,2.693631e-20,1.949196e-11
4930,1232.500000,4,7.105427e-14,1.405182e-16,5.135137e-21,1.285505e-11
4931,1232.750000,4,7.194245e-14,1.158867e-16,-6.200546e-21,-1.605827e-12
4932,1233.000000,4,7.127632e-14,1.332644e-16,-5.429614e-21,-4.964029e-12
4933,1233.250000,4,7.172041e-14,1.638189e-16,3.489048e-20,3.449241e-12
4934,1233.500000,4,7.105427e-14,1.310573e-16,2.073245e-20,8.744117e-12
4935,1233.750000,4,7.127632e-14,1.310595e-16,-6.190620e-21,3.337419e-11
4936,1234.000000,4,7.172041e-14,1.404847e-16,5.710855e-21,3.319744e-11
4937,1234.250000,4,7.149836e-14,1.397550e-16,3.934071e-20,6.385115e-12
4938,1234.500000,4,7.172041e-14,1.310661e-16,-7.401612e-21,2.075984e-11
4939,1234.750000,4,7.172041e-14,1.310683e-16,3.638602e-20,3.065415e-11
4940,1235.000000,4,7.127632e-14,1.310705e-16,1.508116e-20,1.681677e-11
4941,1235.250000,4,7.149836e-14,1.390088e-16,3.454306e-21,2.370504e-11
4942,1235.500000,4,7.127632e-14,1.474592e-16,1.963727e-20,7.776002e-12
4943,1235.750000,4,7.149836e-14,1.310771e-16,-1.349959e-21,6.472156e-12
4944,1236.000000,4,7.194245e-14,1.462314e-16,5.846513e-21,1.996314e-11
4945,1236.250000,4,7.172041e-14,1.310815e-16,-4.188843e-21,2.102585e-11
4946,1236.500000,4,7.172041e-14,1.621447e-16,1.166325e-20,1.767608e-11
4947,1236.750000,4,7.172041e-14,1.433187e-16,1.459808e-20,1.458433e-11
4948,1237.000000,4,7.105427e-14,1.346274e-16,7.431391e-21,2.185718e-11
4949,1237.250000,4,7.105427e-14,1.288318e-16,4.334096e-20,-9.944490e-12
4950,1237.500000,4,7.127632e-14,1.310924e-16,4.887976e-20,1.888267e-11
4951,1237.750000,4,7.149836e-14,1.404011e-16,8.966638e-22,1.206146e-12
4952,1238.000000,4,7.127632e-14,1.331587e-16,7.623297e-21,2.300737e-11
4953,1238.250000,4,7.149836e-14,1.157856e-16,2.091113e-21,2.994360e-11
4954,1238.500000,4,7.149836e-14,1.311012e-16,1.020079e-20,2.273293e-11
4955,1238.750000,4,7.083223e-14,1.505094e-16,7.064122e-21,5.048850e-12
4956,1239.000000,4,7.105427e-14,1.418205e-16,9.631691e-21,8.827605e-12
4957,1239.250000,4,7.083223e-14,1.311078e-16,9.390154e-21,1.403366e-11
4958,1239.500000,4,7.149836e-14,1.418093e-16,6.471861e-21,7.837730e-12
4959,1239.750000,4,7.149836e-14,1.638902e-16,-1.529622e-20,3.093659e-11
4960,1240.000000,4,7.149836e-14,1.311143e-16,1.147465e-20,2.405098e-11
4961,1240.250000,4,7.061018e-14,1.311165e-16,-4.274869e-21,2.883915e-11
4962,1240.500000,4,7.172041e-14,1.638984e-16,1.748329e-20,2.628786e-11
4963,1240.750000,4,7.127632e-14,1.533554e-16,-3.775252e-21,2.333023e-11
4964,1241.000000,4,7.083223e-14,1.475135e-16,4.388028e-20,2.521139e-11
4965,1241.250000,4,7.105427e-14,1.750428e-16,4.261635e-21,9.610091e-13
4966,1241.500000,4,7.149836e-14,1.403180e-16,1.130260e-20,2.088019e-11
4967,1241.750000,4,7.105427e-14,1.311297e-16,1.584878e-20,2.652101e-11
4968,1242.000000,4,7.149836e-14,1.359676e-16,1.388340e-20,1.374323e-11
4969,1242.250000,4,7.172041e-14,1.576584e-16,4.097191e-20,2.267564e-11
4970,1242.500000,4,7.194245e-14,1.388496e-16,5.628137e-21,1.504441e-11
4971,1242.750000,4,7.149836e-14,1.337821e-16,-5.641372e-21,1.810241e-11
4972,1243.000000,4,7.061018e-14,1.504086e-16,-3.405006e-20,1.221245e-13
4973,1243.250000,4,7.194245e-14,1.311428e-16,-1.192464e-20,1.942002e-11
4974,1243.500000,4,7.172041e-14,1.344894e-16,-6.753103e-21,1.836442e-11
4975,1243.750000,4,7.127632e-14,1.311471e-16,1.696051e-20,1.583311e-11
4976,1244.000000,4,7.105427e-14,1.311493e-16,-2.573855e-20,2.226130e-11
4977,1244.250000,4,7.127632e-14,1.229059e-16,4.430379e-21,1.808154e-11
4978,1244.500000,4,7.172041e-14,1.475479e-16,1.275182e-20,1.679279e-11
4979,1244.750000,4,7.149836e-14,1.475503e-16,-2.124200e-21,2.217737e-11
4980,1245.000000,4,7.105427e-14,1.639475e-16,-2.272761e-20,8.568257e-12
4981,1245.250000,4,7.105427e-14,1.344525e-16,-1.754616e-20,2.297895e-11
4982,1245.500000,4,7.149836e-14,1.311624e-16,1.447566e-20,2.075629e-11
4983,1245.750000,4,7.127632e-14,1.561261e-16,2.771386e-20,2.230305e-11
4984,1246.000000,4,7.149836e-14,1.311667e-16,2.537790e-20,1.788703e-11
4985,1246.250000,4,7.149836e-14,1.311689e-16,3.439748e-20,2.338973e-11
4986,1246.500000,4,7.105427e-14,1.311711e-16,4.403248e-20,1.596190e-11
4987,1246.750000,4,7.172041e-14,1.185216e-16,5.784309e-20,1.692424e-11
4988,1247.000000,4,7.127632e-14,1.475724e-16,3.897344e-20,7.418954e-12
4989,1247.250000,4,7.149836e-14,1.311776e-16,2.235373e-20,1.402167e-11
4990,1247.500000,4,7.172041e-14,1.475773e-16,9.337215e-21,6.853185e-12
4991,1247.750000,4,7.172041e-14,1.311820e-16,-1.222242e-20,7.520651e-12
4992,1248.000000,4,7.127632e-14,1.307818e-16,6.633989e-21,2.246647e-11
4993,1248.250000,4,7.194245e-14,1.481173e-16,-4.992862e-21,1.535971e-11
4994,1248.500000,4,7.105427e-14,1.475871e-16,-1.498520e-20,2.850209e-11
4995,1248.750000,4,7.127632e-14,1.372687e-16,-4.483650e-20,2.927125e-11
4996,1249.000000,4,7.149836e-14,1.311929e-16,6.383849e-20,3.271827e-11
4997,1249.250000,4,7.105427e-14,1.147957e-16,4.460158e-21,2.797584e-11
4998,1249.500000,4,7.194245e-14,1.311972e-16,5.409761e-21,2.419931e-11
4999,1249.750000,4,7.172041e-14,1.155767e-16,-2.815723e-21,2.232081e-11
5000,1250.000000,4,7.194245e-14,1.401312e-16,3.629338e-20,1.750600e-11
5001,1250.250000,4,7.149836e-14,1.312038e-16,1.930640e-20,1.002975e-11
5002,1250.500000,4,7.083223e-14,1.300085e-16,-9.376919e-21,3.229550e-11
5003,1250.750000,4,7.149836e-14,1.430038e-16,4.898894e-20,1.785905e-11
5004,1251.000000,4,7.172041e-14,1.312103e-16,-2.423639e-20,2.362377e-11
5005,1251.250000,4,7.105427e-14,1.312125e-16,9.406698e-21,2.666756e-11
5006,1251.500000,4,7.127632e-14,1.335991e-16,7.282498e-21,2.770673e-11
5007,1251.750000,4,7.149836e-14,1.312168e-16,5.565271e-21,3.544720e-12
5008,1252.000000,4,7.149836e-14,1.559738e-16,2.334965e-20,1.837197e-11
5009,1252.250000,4,7.172041e-14,1.312212e-16,1.062431e-20,2.080647e-11
5010,1252.500000,4,7.083223e-14,1.386326e-16,-3.073803e-20,2.235945e-11
5011,1252.750000,4,7.105427e-14,1.312255e-16,1.477675e-20,2.872991e-11
5012,1253.000000,4,7.149836e-14,1.371778e-16,1.423743e-20,2.026024e-11
5013,1253.250000,4,7.105427e-14,1.312299e-16,-4.671585e-20,2.729106e-11
5014,1253.500000,4,7.127632e-14,1.312320e-16,3.070494e-20,1.485168e-11
5015,1253.750000,4,7.083223e-14,1.476385e-16,-1.486278e-20,1.895284e-11
5016,1254.000000,4,7.105427e-14,1.312364e-16,-1.232168e-20,2.289591e-11
5017,1254.250000,4,7.149836e-14,1.312386e-16,-1.607708e-20,1.485478e-11
5018,1254.500000,4,7.149836e-14,1.443641e-16,-4.165682e-21,3.473977e-11
5019,1254.750000,4,7.149836e-14,1.312429e-16,-1.390656e-20,2.164935e-12
5020,1255.000000,4,7.172041e-14,1.312451e-16,-1.238786e-20,2.821388e-11
5021,1255.250000,4,7.149836e-14,1.342430e-16,-2.449447e-20,2.063061e-11
5022,1255.500000,4,7.127632e-14,1.400114e-16,-4.992862e-21,4.304290e-11
5023,1255.750000,4,7.127632e-14,1.312516e-16,3.533054e-20,1.160982e-11
5024,1256.000000,4,7.172041e-14,1.312538e-16,-6.399069e-21,2.139799e-11
5025,1256.250000,4,7.194245e-14,1.443249e-16,-3.444380e-21,1.463007e-11
5026,1256.500000,4,7.149836e-14,1.457625e-16,1.513079e-20,9.422241e-12
5027,1256.750000,4,7.127632e-14,1.609098e-16,1.681493e-20,1.469536e-11
5028,1257.000000,4,7.172041e-14,1.385358e-16,6.058271e-21,1.724398e-11
5029,1257.250000,4,7.105427e-14,1.312646e-16,1.747005e-21,3.054046e-11
5030,1257.500000,4,7.105427e-14,1.476752e-16,-1.318857e-20,4.084733e-12
5031,1257.750000,4,7.127632e-14,1.312690e-16,-9.628382e-22,7.888357e-12
5032,1258.000000,4,7.149836e-14,1.312711e-16,6.802733e-21,2.130829e-11
5033,1258.250000,4,7.127632e-14,1.269666e-16,-1.051512e-20,2.544409e-11
5034,1258.500000,4,7.127632e-14,1.370609e-16,3.839442e-20,2.913314e-11
5035,1258.750000,4,7.172041e-14,1.312777e-16,4.087596e-20,5.365042e-12
5036,1259.000000,4,7.172041e-14,1.148698e-16,3.067186e-21,7.429612e-12
5037,1259.250000,4,7.105427e-14,1.312820e-16,2.241329e-20,1.604628e-11
5038,1259.500000,4,7.194245e-14,1.312842e-16,-1.092209e-20,2.730483e-11
5039,1259.750000,4,7.083223e-14,1.148755e-16,-2.064312e-20,2.220091e-11
5040,1260.000000,4,7.149836e-14,1.312885e-16,1.604400e-20,2.521938e-11
5041,1260.250000,4,7.149836e-14,1.312907e-16,2.377979e-20,1.245848e-11
5042,1260.500000,4,7.127632e-14,1.312928e-16,2.134126e-21,1.812284e-11
5043,1260.750000,4,7.172041e-14,1.413396e-16,1.868766e-20,1.293854e-11
5044,1261.000000,4,7.194245e-14,1.838784e-16,3.755069e-20,1.667777e-11
5045,1261.250000,4,7.216450e-14,1.312994e-16,-1.174927e-20,5.069278e-12
5046,1261.500000,4,7.127632e-14,1.313015e-16,-5.727399e-21,4.815703e-12
5047,1261.750000,4,7.061018e-14,1.313037e-16,3.707093e-20,1.276446e-11
5048,1262.000000,4,7.127632e-14,1.313059e-16,-2.014350e-20,2.636780e-11
5049,1262.250000,4,7.149836e-14,1.313080e-16,-1.624583e-21,3.690825e-12
5050,1262.500000,4,7.172041e-14,1.313102e-16,2.570877e-20,3.234391e-11
5051,1262.750000,4,7.105427e-14,1.427357e-16,1.798291e-20,9.745094e-12
5052,1263.000000,4,7.083223e-14,1.369629e-16,1.262939e-20,2.868994e-11
5053,1263.250000,4,7.149836e-14,1.313167e-16,-2.373347e-20,1.509459e-12
5054,1263.500000,4,7.149836e-14,1.313189e-16,-4.069729e-21,1.585843e-11
5055,1263.750000,4,7.149836e-14,1.427122e-16,-6.184002e-21,1.684430e-11
5056,1264.000000,4,7.149836e-14,1.347782e-16,1.962072e-20,2.667733e-11
5057,1264.250000,4,7.105427e-14,1.313254e-16,1.831047e-20,1.949152e-11
5058,1264.500000,4,7.127632e-14,1.641594e-16,1.808548e-20,2.284262e-11
5059,1264.750000,4,7.127632e-14,1.313297e-16,-9.509268e-21,2.308065e-11
5060,1265.000000,4,7.127632e-14,1.477484e-16,-4.334426e-21,1.329603e-11
5061,1265.250000,4,7.216450e-14,1.313340e-16,1.141178e-20,2.471134e-11
5062,1265.500000,4,7.127632e-14,1.412295e-16,3.872198e-20,1.755884e-11
5063,1265.750000,4,7.149836e-14,1.313384e-16,1.156729e-20,2.094991e-11
5064,1266.000000,4,7.172041e-14,1.313405e-16,-1.740057e-20,4.068434e-11
5065,1266.250000,4,7.149836e-14,1.313427e-16,-2.484851e-21,1.324763e-11
5066,1266.500000,4,7.149836e-14,1.313449e-16,2.492130e-20,1.385336e-11
5067,1266.750000,4,7.149836e-14,1.313470e-16,5.406452e-21,3.071454e-11
5068,1267.000000,4,7.194245e-14,1.313492e-16,3.861941e-20,1.614531e-11
5069,1267.250000,4,7.194245e-14,1.313514e-16,1.319519e-20,1.534151e-11
5070,1267.500000,4,7.149836e-14,1.313535e-16,2.316106e-22,8.178347e-12
5071,1267.750000,4,7.149836e-14,1.313557e-16,-1.065409e-21,3.230660e-11
5072,1268.000000,4,7.216450e-14,1.477776e-16,1.488594e-20,3.670753e-11
5073,1268.250000,4,7.127632e-14,1.742944e-16,9.992342e-22,1.532019e-11
5074,1268.500000,4,7.149836e-14,1.313622e-16,2.174162e-20,1.912204e-11
5075,1268.750000,4,7.105427e-14,1.346706e-16,1.403229e-20,1.919975e-11
5076,1269.000000,4,7.172041e-14,1.313665e-16,-7.530652e-21,2.875922e-11
5077,1269.250000,4,7.127632e-14,1.313687e-16,1.550467e-20,3.002043e-12
5078,1269.500000,4,7.172041e-14,1.324932e-16,3.080751e-20,2.962475e-11
5079,1269.750000,4,7.105427e-14,1.231270e-16,-1.280476e-21,3.464962e-11
5080,1270.000000,4,7.149836e-14,1.339219e-16,-2.142398e-20,1.825828e-11
5081,1270.250000,4,7.105427e-14,1.684751e-16,1.125297e-20,3.551826e-11
5082,1270.500000,4,7.149836e-14,1.439897e-16,3.048657e-20,9.758416e-12
5083,1270.750000,4,7.127632e-14,1.151868e-16,2.941454e-21,2.211209e-11
5084,1271.000000,4,7.216450e-14,1.634142e-16,-1.597451e-20,4.870770e-12
5085,1271.250000,4,7.127632e-14,1.583682e-16,-2.800503e-20,-1.247003e-12
5086,1271.500000,4,7.149836e-14,1.313882e-16,3.077112e-22,2.171685e-11
5087,1271.750000,4,7.105427e-14,1.313904e-16,9.893080e-21,7.738254e-12
5088,1272.000000,4,7.083223e-14,1.410735e-16,-2.395184e-20,1.509726e-11
5089,1272.250000,4,7.105427e-14,1.497041e-16,3.106890e-21,2.249045e-11
5090,1272.500000,4,7.083223e-14,1.417810e-16,-1.108422e-21,2.708145e-11
5091,1272.750000,4,7.105427e-14,1.313990e-16,-3.378206e-21,1.251399e-11
5092,1273.000000,4,7.105427e-14,1.314012e-16,-1.142171e-20,1.102096e-11
5093,1273.250000,4,7.172041e-14,1.439214e-16,1.843951e-20,1.859046e-11
5094,1273.500000,4,7.127632e-14,1.374390e-16,3.812310e-20,2.537970e-11
5095,1273.750000,4,7.083223e-14,1.478336e-16,7.610062e-22,1.081046e-11
5096,1274.000000,4,7.172041e-14,1.314098e-16,1.048865e-20,1.922507e-11
5097,1274.250000,4,7.172041e-14,1.410185e-16,2.588083e-20,1.929346e-11
5098,1274.500000,4,7.149836e-14,1.424512e-16,-1.894574e-20,1.463230e-11
5099,1274.750000,4,7.149836e-14,1.314163e-16,2.415367e-20,1.358469e-11
5100,1275.000000,4,7.172041e-14,1.611429e-16,1.084599e-20,2.189493e-11
5101,1275.250000,4,7.105427e-14,1.149931e-16,-2.508012e-20,1.312950e-11
5102,1275.500000,4,7.172041e-14,1.553743e-16,1.756932e-21,1.844391e-11
5103,1275.750000,4,7.172041e-14,1.314250e-16,3.378206e-21,1.668665e-11
5104,1276.000000,4,7.149836e-14,1.323443e-16,4.106455e-20,4.510659e-11
5105,1276.250000,4,7.172041e-14,1.314293e-16,3.069171e-20,6.941114e-13
5106,1276.500000,4,7.149836e-14,1.478604e-16,6.127754e-21,2.723644e-11
5107,1276.750000,4,7.172041e-14,1.314336e-16,3.662756e-20,3.192380e-11
5108,1277.000000,4,7.127632e-14,1.478653e-16,2.949726e-20,9.438228e-12
5109,1277.250000,4,7.149836e-14,1.431019e-16,1.561386e-20,1.487654e-11
5110,1277.500000,4,7.105427e-14,1.387812e-16,3.202182e-20,2.920642e-11
5111,1277.750000,4,7.194245e-14,1.330227e-16,1.872075e-20,2.674394e-11
5112,1278.000000,4,7.172041e-14,1.314444e-16,1.078644e-21,8.413270e-12
5113,1278.250000,4,7.127632e-14,1.466716e-16,1.030005e-20,2.681766e-11
5114,1278.500000,4,7.194245e-14,1.314488e-16,2.596355e-20,2.967315e-11
5115,1278.750000,4,7.149836e-14,1.314509e-16,-2.206918e-20,1.240341e-11
5116,1279.000000,4,7.105427e-14,1.365879e-16,-2.354156e-20,3.112710e-11
5117,1279.250000,4,7.127632e-14,1.314553e-16,-1.458485e-20,1.709699e-11
5118,1279.500000,4,7.105427e-14,1.314574e-16,-1.386024e-20,1.784795e-12
5119,1279.750000,4,7.172041e-14,1.314596e-16,1.128274e-20,2.336176e-11
5120,1280.000000,4,7.149836e-14,1.314617e-16,-1.843289e-20,3.174572e-11
5121,1280.250000,4,7.172041e-14,1.314639e-16,-1.433669e-20,2.017408e-11
5122,1280.500000,4,7.105427e-14,1.478993e-16,-1.711271e-20,1.808242e-11
5123,1280.750000,4,7.127632e-14,1.343896e-16,-1.862811e-21,2.313172e-11
5124,1281.000000,4,7.172041e-14,1.552239e-16,3.048326e-20,2.295275e-11
5125,1281.250000,4,7.194245e-14,1.314725e-16,1.544843e-20,3.571543e-11
5126,1281.500000,4,7.127632e-14,1.350903e-16,1.513741e-20,2.329203e-11
5127,1281.750000,4,7.083223e-14,1.314769e-16,7.027726e-21,9.208190e-12
5128,1282.000000,4,7.149836e-14,1.408263e-16,2.000454e-20,2.194245e-11
5129,1282.250000,4,7.172041e-14,1.480048e-16,4.269906e-20,1.420108e-11
5130,1282.500000,4,7.127632e-14,1.393769e-16,2.661205e-20,1.367306e-11
5131,1282.750000,4,7.127632e-14,1.314855e-16,3.844074e-20,2.598499e-11
5132,1283.000000,4,7.216450e-14,1.479236e-16,7.785424e-21,3.210099e-11
5133,1283.250000,4,7.172041e-14,1.415134e-16,3.591949e-20,1.100897e-11
5134,1283.500000,4,7.127632e-14,1.479285e-16,3.081082e-20,1.497380e-11
5135,1283.750000,4,7.105427e-14,1.508383e-16,-1.541534e-20,1.554312e-12
5136,1284.000000,4,7.127632e-14,1.350302e-16,-1.138862e-20,4.683987e-11
5137,1284.250000,4,7.149836e-14,1.314985e-16,1.892589e-21,-1.207923e-12
5138,1284.500000,4,7.194245e-14,1.479454e-16,2.843185e-20,9.300560e-12
5139,1284.750000,4,7.216450e-14,1.335758e-16,1.715903e-20,8.303136e-12
5140,1285.000000,4,7.149836e-14,1.315049e-16,-1.927993e-20,2.848966e-11
5141,1285.250000,4,7.127632e-14,1.315071e-16,-3.996937e-21,2.345679e-11
5142,1285.500000,4,7.149836e-14,1.315092e-16,1.353598e-20,9.632295e-12
5143,1285.750000,4,7.172041e-14,1.357060e-16,-1.768181e-20,1.555200e-11
5144,1286.000000,4,7.172041e-14,1.479527e-16,-2.833921e-20,2.530154e-11
5145,1286.250000,4,7.127632e-14,1.643946e-16,3.002666e-20,2.023404e-11
5146,1286.500000,4,7.083223e-14,1.315179e-16,3.257437e-20,3.785594e-11
5147,1286.750000,4,7.149836e-14,1.644000e-16,-2.762783e-21,4.539036e-12
5148,1287.000000,4,7.105427e-14,1.536220e-16,2.884875e-20,1.834710e-11
5149,1287.250000,4,7.194245e-14,1.478725e-16,-1.627561e-20,2.040901e-11
5150,1287.500000,4,7.216450e-14,1.263320e-16,4.251377e-20,2.693357e-11
5151,1287.750000,4,7.149836e-14,1.335039e-16,1.975307e-21,3.677769e-11
5152,1288.000000,4,7.105427e-14,1.479721e-16,2.338936e-20,6.244338e-12
5153,1288.250000,4,7.149836e-14,1.315330e-16,4.705003e-20,1.757572e-11
5154,1288.500000,4,7.105427e-14,1.479770e-16,3.656800e-20,1.186207e-11
5155,1288.750000,4,7.172041e-14,1.315373e-16,3.005313e-20,1.781553e-11
5156,1289.000000,4,7.194245e-14,1.479818e-16,7.262646e-21,2.222578e-11
5157,1289.250000,4,7.216450e-14,1.155286e-16,3.388794e-20,1.293365e-11
5158,1289.500000,4,7.194245e-14,1.644297e-16,1.550136e-20,1.356826e-11
5159,1289.750000,4,7.194245e-14,1.479891e-16,-1.604069e-20,2.306333e-11
5160,1290.000000,4,7.105427e-14,1.315480e-16,-4.664306e-20,2.140377e-11
5161,1290.250000,4,7.194245e-14,1.479940e-16,-1.780424e-20,2.929212e-11
5162,1290.500000,4,7.105427e-14,1.644404e-16,-1.603076e-20,2.137046e-11
5163,1290.750000,4,7.149836e-14,1.479988e-16,-9.558899e-21,2.116485e-11
5164,1291.000000,4,7.127632e-14,1.420337e-16,1.249704e-20,1.097566e-11
5165,1291.250000,4,7.127632e-14,1.480037e-16,8.688705e-21,-1.349143e-12
5166,1291.500000,4,7.172041e-14,1.151158e-16,-1.473043e-20,2.499911e-11
5167,1291.750000,4,7.061018e-14,1.315631e-16,2.158280e-20,2.437295e-11
5168,1292.000000,4,7.149836e-14,1.315653e-16,-8.936859e-21,9.166889e-12
5169,1292.250000,4,7.216450e-14,1.315674e-16,3.145602e-20,4.289458e-12
5170,1292.500000,4,7.127632e-14,1.480158e-16,1.140517e-20,2.736389e-11
5171,1292.750000,4,7.194245e-14,1.315717e-16,-9.638308e-21,8.970602e-12
5172,1293.000000,4,7.127632e-14,1.644674e-16,3.433461e-20,1.451506e-11
5173,1293.250000,4,7.149836e-14,1.151290e-16,2.339598e-20,1.160316e-11
5174,1293.500000,4,7.149836e-14,1.577436e-16,2.990423e-20,2.773559e-11
5175,1293.750000,4,7.149836e-14,1.634723e-16,4.404571e-20,1.214273e-11
5176,1294.000000,4,7.105427e-14,1.315825e-16,1.264263e-20,1.383027e-11
5177,1294.250000,4,7.105427e-14,1.276115e-16,4.827426e-20,2.051515e-11
5178,1294.500000,4,7.194245e-14,1.315868e-16,3.572428e-20,5.800249e-12
5179,1294.750000,4,7.194245e-14,1.405032e-16,1.906486e-20,1.937250e-11
5180,1295.000000,4,7.127632e-14,1.644889e-16,2.931859e-20,9.304557e-12
5181,1295.250000,4,7.194245e-14,1.151441e-16,7.583592e-21,3.004841e-11
5182,1295.500000,4,7.127632e-14,1.333164e-16,-1.368488e-20,3.070122e-11
5183,1295.750000,4,7.172041e-14,1.480473e-16,3.774260e-20,9.831247e-12
5184,1296.000000,4,7.149836e-14,1.368877e-16,3.507246e-21,2.293232e-11
5185,1296.250000,4,7.149836e-14,1.316019e-16,-4.255017e-21,1.050893e-11
5186,1296.500000,4,7.194245e-14,1.316040e-16,-5.211238e-21,1.543876e-11
5187,1296.750000,4,7.149836e-14,1.316062e-16,-1.723514e-20,3.034639e-11
5188,1297.000000,4,7.149836e-14,1.316083e-16,-4.301339e-22,2.031131e-11
5189,1297.250000,4,7.149836e-14,1.354234e-16,-1.195111e-20,2.664935e-11
5190,1297.500000,4,7.149836e-14,1.316126e-16,-2.433565e-20,8.788970e-12
5191,1297.750000,4,7.149836e-14,1.332616e-16,1.570320e-20,2.204947e-11
5192,1298.000000,4,7.149836e-14,1.196434e-16,-1.959756e-20,1.853273e-11
5193,1298.250000,4,7.149836e-14,1.316190e-16,1.001219e-20,1.206812e-11
5194,1298.500000,4,7.216450e-14,1.480738e-16,2.445146e-21,7.744028e-12
5195,1298.750000,4,7.172041e-14,1.316233e-16,-1.925676e-21,2.554357e-11
5196,1299.000000,4,7.149836e-14,1.645318e-16,-6.504948e-21,1.075096e-11
5197,1299.250000,4,7.149836e-14,1.403875e-16,1.221580e-20,2.816014e-11
5198,1299.500000,4,7.149836e-14,1.316297e-16,3.174719e-20,2.134337e-11
5199,1299.750000,4,7.172041e-14,1.316318e-16,-5.767103e-20,1.485478e-11
5200,1300.000000,4,7.149836e-14,1.151797e-16,3.219387e-21,1.389466e-11
5201,1300.250000,4,7.127632e-14,1.316361e-16,1.934610e-20,2.092149e-11
5202,1300.500000,4,7.149836e-14,1.316383e-16,-1.986226e-20,2.028333e-11
5203,1300.750000,4,7.105427e-14,1.316404e-16,-7.841672e-21,2.505640e-11
5204,1301.000000,4,7.127632e-14,1.316426e-16,1.695720e-20,5.484058e-12
5205,1301.250000,4,7.172041e-14,1.346079e-16,4.892608e-20,3.101519e-11
5206,1301.500000,4,7.149836e-14,1.503530e-16,2.873295e-20,5.637268e-12
5207,1301.750000,4,7.194245e-14,1.174131e-16,2.970902e-20,1.461054e-11
5208,1302.000000,4,7.149836e-14,1.632253e-16,1.528630e-21,1.669997e-11
5209,1302.250000,4,7.172041e-14,1.395942e-16,-6.127754e-21,3.020828e-11
5210,1302.500000,4,7.149836e-14,1.381561e-16,-1.486278e-20,9.034995e-12
5211,1302.750000,4,7.149836e-14,1.367181e-16,-1.791011e-20,2.650191e-11
5212,1303.000000,4,7.127632e-14,1.288383e-16,1.369149e-20,1.121903e-11
5213,1303.250000,4,7.172041e-14,1.316618e-16,-2.378971e-20,1.286615e-11
5214,1303.500000,4,7.149836e-14,1.316639e-16,3.350743e-20,1.747846e-11
5215,1303.750000,4,7.127632e-14,1.645826e-16,-4.427071e-21,4.868506e-11
5216,1304.000000,4,7.127632e-14,1.338240e-16,3.987011e-20,8.181456e-12
5217,1304.250000,4,7.149836e-14,1.316704e-16,1.724506e-20,1.086597e-11
5218,1304.500000,4,7.194245e-14,1.316725e-16,-1.286431e-20,1.323430e-11
5219,1304.750000,4,7.149836e-14,1.316746e-16,2.424632e-20,4.078826e-11
5220,1305.000000,4,7.172041e-14,1.316768e-16,1.275182e-20,8.899104e-12
5221,1305.250000,4,7.127632e-14,1.316789e-16,-3.814957e-21,2.419753e-11
5222,1305.500000,4,7.127632e-14,1.316811e-16,4.108110e-20,2.053913e-11
5223,1305.750000,4,7.149836e-14,1.316832e-16,2.753188e-20,5.340617e-12
5224,1306.000000,4,7.105427e-14,1.280514e-16,-5.949083e-21,1.307132e-11
5225,1306.250000,4,7.149836e-14,1.152265e-16,-1.012138e-20,1.952305e-11
5226,1306.500000,4,7.194245e-14,1.387691e-16,-1.426059e-21,2.147349e-11
5227,1306.750000,4,7.127632e-14,1.481532e-16,1.979609e-20,1.843681e-11
5228,1307.000000,4,7.105427e-14,1.481556e-16,5.899452e-21,1.260636e-11
5229,1307.250000,4,7.127632e-14,1.172936e-16,-6.203855e-21,2.057421e-11
5230,1307.500000,4,7.149836e-14,1.187185e-16,8.007108e-21,9.320988e-12
5231,1307.750000,4,7.105427e-14,1.481628e-16,-8.639074e-21,1.459544e-11
5232,1308.000000,4,7.149836e-14,1.317024e-16,6.693546e-21,1.464207e-11
5233,1308.250000,4,7.127632e-14,1.317046e-16,3.033768e-20,1.302469e-11
5234,1308.500000,4,7.172041e-14,1.317067e-16,4.270899e-20,1.323786e-11
5235,1308.750000,4,7.149836e-14,1.329911e-16,1.812187e-20,2.033929e-13
5236,1309.000000,4,7.172041e-14,1.329849e-16,-3.173396e-20,1.134648e-11
5237,1309.250000,4,7.172041e-14,1.646414e-16,1.936264e-20,1.075584e-12
5238,1309.500000,4,7.172041e-14,1.601389e-16,1.336393e-20,9.032330e-12
5239,1309.750000,4,7.172041e-14,1.317174e-16,5.499428e-20,2.126566e-11
5240,1310.000000,4,7.105427e-14,1.317195e-16,2.189713e-20,9.863221e-12
5241,1310.250000,4,7.105427e-14,1.152565e-16,-1.540541e-20,1.367617e-11
5242,1310.500000,4,7.149836e-14,1.152583e-16,3.272327e-21,3.066747e-11
5243,1310.750000,4,7.105427e-14,1.315120e-16,-2.310150e-20,5.653256e-12
5244,1311.000000,4,7.172041e-14,1.472294e-16,1.323158e-20,2.416733e-12
5245,1311.250000,4,7.194245e-14,1.322144e-16,-4.023406e-21,1.673506e-11
5246,1311.500000,4,7.127632e-14,1.317324e-16,3.067186e-21,1.438938e-11
5247,1311.750000,4,7.083223e-14,1.429212e-16,-1.153421e-20,1.684608e-11
5248,1312.000000,4,7.194245e-14,1.386271e-16,-1.974976e-20,1.992095e-11
5249,1312.250000,4,7.127632e-14,1.317388e-16,2.798187e-20,2.357758e-11
5250,1312.500000,4,7.216450e-14,1.317409e-16,1.254998e-20,1.399547e-11
5251,1312.750000,4,7.149836e-14,1.400366e-16,-6.795785e-20,6.077805e-12
5252,1313.000000,4,7.194245e-14,1.314567e-16,2.022622e-20,2.036105e-11
5253,1313.250000,4,7.105427e-14,1.482157e-16,-3.606507e-22,1.002309e-11
5254,1313.500000,4,7.127632e-14,1.646868e-16,-2.514629e-21,2.496003e-11
5255,1313.750000,4,7.149836e-14,1.317516e-16,9.221409e-21,2.651435e-11
5256,1314.000000,4,7.172041e-14,1.317537e-16,-4.963084e-22,2.636869e-11
5257,1314.250000,4,7.127632e-14,1.317558e-16,2.872633e-20,3.483480e-11
5258,1314.500000,4,7.194245e-14,1.317580e-16,1.709948e-20,2.255796e-11
5259,1314.750000,4,7.149836e-14,1.485546e-16,-3.556215e-20,3.335110e-13
5260,1315.000000,4,7.127632e-14,1.482325e-16,1.233492e-20,1.894040e-11
5261,1315.250000,4,7.127632e-14,1.317644e-16,1.359223e-20,3.193090e-11
5262,1315.500000,4,7.105427e-14,1.482373e-16,-6.849055e-22,1.756550e-11
5263,1315.750000,4,7.127632e-14,1.647108e-16,1.565026e-20,2.787637e-11
5264,1316.000000,4,7.194245e-14,1.317707e-16,-3.308722e-24,1.284439e-11
5265,1316.250000,4,7.238654e-14,1.456567e-16,1.790019e-21,2.565459e-11
5266,1316.500000,4,7.172041e-14,1.317750e-16,2.637714e-20,2.931566e-11
5267,1316.750000,4,7.172041e-14,1.377898e-16,3.525444e-20,2.138112e-11
5268,1317.000000,4,7.127632e-14,1.317793e-16,1.762887e-20,2.096234e-11
5269,1317.250000,4,7.127632e-14,1.317814e-16,8.199014e-21,2.511147e-11
5270,1317.500000,4,7.127632e-14,1.484779e-16,1.937588e-20,2.232836e-11
5271,1317.750000,4,7.105427e-14,1.317857e-16,2.084164e-20,2.136602e-11
5272,1318.000000,4,7.172041e-14,1.199132e-16,-8.361142e-21,3.019185e-11
5273,1318.250000,4,7.149836e-14,1.647374e-16,-7.232867e-21,2.402523e-11
5274,1318.500000,4,7.172041e-14,1.317921e-16,3.474820e-20,9.270806e-12
5275,1318.750000,4,7.127632e-14,1.317942e-16,7.586901e-21,6.975753e-12
5276,1319.000000,4,7.127632e-14,1.153218e-16,1.783401e-21,9.246826e-12
5277,1319.250000,4,7.172041e-14,1.317984e-16,-1.019087e-21,2.340350e-11
5278,1319.500000,4,7.105427e-14,1.647507e-16,2.259196e-20,1.025668e-11
5279,1319.750000,4,7.127632e-14,1.318027e-16,-1.581569e-21,2.108047e-11
5280,1320.000000,4,7.216450e-14,1.484080e-16,-4.225239e-21,4.158451e-12
5281,1320.250000,4,7.172041e-14,1.318070e-16,-2.204271e-20,2.169021e-11
5282,1320.500000,4,7.172041e-14,1.318091e-16,1.444588e-20,1.897194e-11
5283,1320.750000,4,7.194245e-14,1.305522e-16,-5.710855e-21,2.254419e-11
5284,1321.000000,4,7.194245e-14,1.482900e-16,-1.144818e-21,1.159384e-11
5285,1321.250000,4,7.172041e-14,1.177002e-16,2.362428e-20,2.054978e-11
5286,1321.500000,4,7.172041e-14,1.318176e-16,-2.321069e-20,7.074785e-12
5287,1321.750000,4,7.149836e-14,1.455069e-16,-8.827671e-21,1.084466e-11
5288,1322.000000,4,7.172041e-14,1.440737e-16,-3.264386e-20,5.479617e-12
5289,1322.250000,4,7.194245e-14,1.318240e-16,-1.018094e-20,-5.009770e-12
5290,1322.500000,4,7.149836e-14,1.318261e-16,-3.347765e-20,6.612932e-12
5291,1322.750000,4,7.105427e-14,1.483068e-16,1.256984e-20,-1.536549e-12
5292,1323.000000,4,7.105427e-14,1.153516e-16,1.083607e-20,3.060086e-11
5293,1323.250000,4,7.083223e-14,1.318325e-16,-6.657150e-21,2.292744e-11
5294,1323.500000,4,7.216450e-14,1.318347e-16,-2.327686e-20,1.369482e-11
5295,1323.750000,4,7.194245e-14,1.318368e-16,3.683601e-20,1.160894e-11
5296,1324.000000,4,7.194245e-14,1.483188e-16,-3.768635e-21,2.630829e-11
5297,1324.250000,4,7.149836e-14,1.318410e-16,2.265482e-20,3.086420e-11
5298,1324.500000,4,7.105427e-14,1.318432e-16,-2.161588e-20,1.065281e-11
5299,1324.750000,4,7.172041e-14,1.648066e-16,8.999725e-22,2.637845e-11
5300,1325.000000,4,7.105427e-14,1.483283e-16,-7.742411e-22,2.268985e-11
5301,1325.250000,4,7.127632e-14,1.318495e-16,-2.477240e-20,1.010791e-11
5302,1325.500000,4,7.105427e-14,1.318517e-16,-8.060048e-21,3.081801e-11
5303,1325.750000,4,7.127632e-14,1.648173e-16,1.148788e-20,1.973444e-11
5304,1326.000000,4,7.172041e-14,1.318559e-16,-1.005852e-21,1.185851e-11
5305,1326.250000,4,7.127632e-14,1.318581e-16,-3.636286e-21,2.795630e-11
5306,1326.500000,4,7.149836e-14,1.318602e-16,1.526314e-20,2.623723e-11
5307,1326.750000,4,7.127632e-14,1.318623e-16,-2.285665e-20,1.329825e-11
5308,1327.000000,4,7.149836e-14,1.318644e-16,6.895378e-21,2.498224e-11
5309,1327.250000,4,7.105427e-14,1.483499e-16,4.089581e-21,2.086686e-11
5310,1327.500000,4,7.149836e-14,1.648359e-16,2.326032e-21,1.299716e-11
5311,1327.750000,4,7.194245e-14,1.318708e-16,9.519194e-21,3.310241e-11
5312,1328.000000,4,7.194245e-14,1.318730e-16,-3.814957e-21,3.115064e-11
5313,1328.250000,4,7.172041e-14,1.648438e-16,-3.735548e-21,1.050315e-11
5314,1328.500000,4,7.194245e-14,1.424802e-16,1.310916e-20,1.675460e-11
5315,1328.750000,4,7.172041e-14,1.588584e-16,5.720119e-20,1.504441e-11
5316,1329.000000,4,7.194245e-14,1.318815e-16,1.009160e-21,1.613154e-11
5317,1329.250000,4,7.172041e-14,1.483690e-16,-1.001219e-20,2.108980e-11
5318,1329.500000,4,7.083223e-14,1.648571e-16,1.208015e-20,2.850831e-11
5319,1329.750000,4,7.194245e-14,1.318878e-16,2.989100e-20,1.800426e-11
5320,1330.000000,4,7.149836e-14,1.111049e-16,-2.525548e-20,1.242517e-11
5321,1330.250000,4,7.194245e-14,1.509820e-16,-6.395760e-21,3.790213e-11
5322,1330.500000,4,7.172041e-14,1.318942e-16,1.499182e-20,2.138556e-11
5323,1330.750000,4,7.172041e-14,1.217719e-16,1.718550e-20,1.771072e-11
5324,1331.000000,4,7.127632e-14,1.318985e-16,-1.215956e-20,1.019851e-11
5325,1331.250000,4,7.149836e-14,1.319006e-16,-2.535805e-20,1.996181e-12
5326,1331.500000,4,7.127632e-14,1.319027e-16,-8.281732e-21,1.448619e-11
5327,1331.750000,4,7.083223e-14,1.409741e-16,5.684716e-20,1.055644e-11
5328,1332.000000,4,7.172041e-14,1.253047e-16,-1.204375e-21,1.295675e-11
5329,1332.250000,4,7.172041e-14,1.331304e-16,-3.791796e-20,2.718004e-11
5330,1332.500000,4,7.216450e-14,1.319112e-16,-3.120125e-20,1.280664e-11
5331,1332.750000,4,7.127632e-14,1.319133e-16,5.164916e-21,2.797140e-11
5332,1333.000000,4,7.105427e-14,1.622979e-16,7.110445e-21,2.800560e-11
5333,1333.250000,4,7.149836e-14,1.352423e-16,-2.398493e-20,1.098277e-11
5334,1333.500000,4,7.172041e-14,1.648997e-16,-1.047872e-20,1.274714e-11
5335,1333.750000,4,7.216450e-14,1.387891e-16,-1.395619e-20,1.992495e-11
5336,1334.000000,4,7.149836e-14,1.152966e-16,2.653595e-21,1.567724e-11
5337,1334.250000,4,7.083223e-14,1.319261e-16,3.433130e-20,3.274758e-11
5338,1334.500000,4,7.194245e-14,1.337893e-16,-1.897552e-20,3.254463e-11
5339,1334.750000,4,7.149836e-14,1.319303e-16,-8.066665e-21,2.946043e-11
5340,1335.000000,4,7.216450e-14,1.159880e-16,1.814173e-20,1.910561e-11
5341,1335.250000,4,7.149836e-14,1.319346e-16,1.985895e-20,1.355138e-11
5342,1335.500000,4,7.172041e-14,1.319367e-16,4.036641e-21,1.997025e-11
5343,1335.750000,4,7.172041e-14,1.319388e-16,-6.690237e-21,2.201572e-11
5344,1336.000000,4,7.216450e-14,1.319410e-16,-1.144156e-20,2.792833e-11
5345,1336.250000,4,7.172041e-14,1.319431e-16,-3.811648e-21,1.044009e-11
5346,1336.500000,4,7.127632e-14,1.484384e-16,1.670574e-20,2.543565e-11
5347,1336.750000,4,7.105427e-14,1.484408e-16,1.166986e-20,3.170220e-11
5348,1337.000000,4,7.172041e-14,1.319495e-16,1.660979e-20,1.034506e-11
5349,1337.250000,4,7.172041e-14,1.319516e-16,1.205698e-20,2.984457e-11
5350,1337.500000,4,7.172041e-14,1.319537e-16,5.387593e-20,2.296119e-11
5351,1337.750000,4,7.194245e-14,1.319558e-16,4.400601e-20,1.452394e-11
5352,1338.000000,4,7.127632e-14,1.319580e-16,-9.214792e-21,-1.063150e-12
5353,1338.250000,4,7.127632e-14,1.484551e-16,2.534812e-20,1.846079e-11
5354,1338.500000,4,7.149836e-14,1.649527e-16,1.824430e-20,1.594369e-11
5355,1338.750000,4,7.083223e-14,1.319643e-16,-1.854539e-20,3.036948e-11
5356,1339.000000,4,7.127632e-14,1.621272e-16,3.167771e-20,3.273826e-11
5357,1339.250000,4,7.172041e-14,1.319686e-16,6.544653e-21,8.301804e-12
5358,1339.500000,4,7.105427e-14,1.319707e-16,9.065900e-22,1.565859e-11
5359,1339.750000,4,7.216450e-14,1.484694e-16,-2.188389e-20,2.197620e-11
5360,1340.000000,4,7.194245e-14,1.814655e-16,-4.220606e-20,2.264633e-11
5361,1340.250000,4,7.105427e-14,1.628028e-16,-1.449220e-20,1.924505e-11
5362,1340.500000,4,7.172041e-14,1.400470e-16,2.449116e-20,4.660716e-12
5363,1340.750000,4,7.172041e-14,1.319813e-16,4.499863e-21,3.996803e-14
5364,1341.000000,4,7.127632e-14,1.435890e-16,5.472627e-21,1.339151e-11
5365,1341.250000,4,7.149836e-14,1.350531e-16,-1.088901e-20,4.271250e-12
5366,1341.500000,4,7.172041e-14,1.364688e-16,2.460366e-20,1.448219e-11
5367,1341.750000,4,7.127632e-14,1.319898e-16,6.137680e-21,6.944223e-12
5368,1342.000000,4,7.194245e-14,1.319919e-16,1.121326e-20,2.292122e-11
5369,1342.250000,4,7.149836e-14,1.464005e-16,1.572305e-20,1.716849e-11
5370,1342.500000,4,7.105427e-14,1.319961e-16,-4.198769e-21,1.011946e-11
5371,1342.750000,4,7.105427e-14,1.293329e-16,-1.406869e-20,1.973754e-11
5372,1343.000000,4,7.149836e-14,1.320004e-16,3.001673e-20,1.630562e-11
5373,1343.250000,4,7.216450e-14,1.320025e-16,-1.410839e-20,4.213963e-12
5374,1343.500000,4,7.149836e-14,1.320046e-16,9.257805e-21,9.180656e-12
5375,1343.750000,4,7.194245e-14,1.320067e-16,3.799737e-20,2.061862e-11
5376,1344.000000,4,7.149836e-14,1.320089e-16,6.912583e-20,2.162137e-11
5377,1344.250000,4,7.194245e-14,1.320110e-16,2.620839e-20,3.402301e-11
5378,1344.500000,4,7.127632e-14,1.435018e-16,2.404449e-20,6.520118e-12
5379,1344.750000,4,7.149836e-14,1.320152e-16,2.357134e-20,1.352207e-11
5380,1345.000000,4,7.172041e-14,1.320173e-16,-2.883221e-20,1.145972e-11
5381,1345.250000,4,7.172041e-14,1.320194e-16,-1.914096e-20,1.965894e-11
5382,1345.500000,4,7.172041e-14,1.320216e-16,-1.410508e-20,2.394707e-11
5383,1345.750000,4,7.172041e-14,1.320237e-16,1.017432e-20,2.553113e-11
5384,1346.000000,4,7.127632e-14,1.164761e-16,-1.893913e-20,7.550405e-12
5385,1346.250000,4,7.172041e-14,1.320279e-16,2.708851e-20,2.677014e-11
5386,1346.500000,4,7.127632e-14,1.363505e-16,1.051512e-20,1.878897e-11
5387,1346.750000,4,7.172041e-14,1.155281e-16,1.429368e-21,3.331380e-11
5388,1347.000000,4,7.127632e-14,1.650428e-16,3.256776e-20,1.046052e-11
5389,1347.250000,4,7.105427e-14,1.185812e-16,2.575179e-20,1.862022e-11
5390,1347.500000,4,7.127632e-14,1.320385e-16,5.082529e-20,9.118484e-12
5391,1347.750000,4,7.127632e-14,1.448412e-16,3.559193e-20,1.500711e-11
5392,1348.000000,4,7.149836e-14,1.320427e-16,-2.858736e-21,1.509415e-11
5393,1348.250000,4,7.216450e-14,1.185607e-16,2.530842e-20,2.789502e-11
5394,1348.500000,4,7.149836e-14,1.462423e-16,3.433792e-20,6.455725e-12
5395,1348.750000,4,7.149836e-14,1.419767e-16,-1.554107e-20,3.376321e-11
5396,1349.000000,4,7.149836e-14,1.320512e-16,2.926234e-20,2.374545e-11
5397,1349.250000,4,7.149836e-14,1.320533e-16,3.175381e-20,6.186163e-13
5398,1349.500000,4,7.194245e-14,1.320554e-16,-1.482969e-20,1.629052e-11
5399,1349.750000,4,7.172041e-14,1.650719e-16,1.779100e-20,2.831158e-11
5400,1350.000000,4,7.194245e-14,1.485671e-16,9.859993e-22,6.971312e-12
5401,1350.250000,4,7.172041e-14,1.341333e-16,6.475170e-21,2.148948e-11
5402,1350.500000,4,7.172041e-14,1.476112e-16,3.411955e-20,9.760637e-12
5403,1350.750000,4,7.149836e-14,1.320660e-16,1.066401e-20,1.942402e-11
5404,1351.000000,4,7.127632e-14,1.192142e-16,-1.166656e-20,1.479039e-11
5405,1351.250000,4,7.127632e-14,1.454634e-16,6.197237e-21,-6.663115e-12
5406,1351.500000,4,7.149836e-14,1.155633e-16,-1.467749e-20,2.237588e-11
5407,1351.750000,4,7.149836e-14,1.546747e-16,-3.437763e-20,2.775158e-11
5408,1352.000000,4,7.172041e-14,1.320766e-16,-1.579253e-20,1.553513e-11
5409,1352.250000,4,7.149836e-14,1.485885e-16,-6.253485e-21,3.137091e-11
5410,1352.500000,4,7.149836e-14,1.320808e-16,-1.723844e-20,1.169864e-11
5411,1352.750000,4,7.105427e-14,1.638702e-16,-2.464006e-20,2.001066e-11
5412,1353.000000,4,7.172041e-14,1.320850e-16,-3.690218e-20,9.056311e-12
5413,1353.250000,4,7.172041e-14,1.163308e-16,-4.936614e-21,1.877787e-11
5414,1353.500000,4,7.105427e-14,1.320892e-16,-1.943544e-20,1.593037e-11
5415,1353.750000,4,7.127632e-14,1.418546e-16,5.039184e-21,1.291722e-11
5416,1354.000000,4,7.127632e-14,1.320934e-16,1.896560e-20,1.115597e-11
5417,1354.250000,4,7.172041e-14,1.276582e-16,-4.757943e-21,2.129941e-11
5418,1354.500000,4,7.149836e-14,1.659486e-16,-7.682854e-21,1.835732e-11
5419,1354.750000,4,7.149836e-14,1.320997e-16,1.810864e-20,1.189138e-11
5420,1355.000000,4,7.149836e-14,1.321018e-16,2.788591e-20,7.458922e-12
5421,1355.250000,4,7.105427e-14,1.321039e-16,-3.120787e-20,1.698686e-11
5422,1355.500000,4,7.194245e-14,1.321060e-16,-2.577495e-21,2.118439e-11
5423,1355.750000,4,7.216450e-14,1.321081e-16,3.647205e-20,2.380007e-11
5424,1356.000000,4,7.172041e-14,1.486240e-16,2.525217e-20,1.117506e-11
5425,1356.250000,4,7.105427e-14,1.321123e-16,1.263932e-21,9.264589e-12
5426,1356.500000,4,7.083223e-14,1.321144e-16,4.494238e-20,1.676925e-11
5427,1356.750000,4,7.194245e-14,1.321165e-16,-2.411066e-20,1.056533e-11
5428,1357.000000,4,7.105427e-14,1.205094e-16,-1.574952e-21,1.686651e-11
5429,1357.250000,4,7.194245e-14,1.486358e-16,6.082424e-20,3.771206e-12
5430,1357.500000,4,7.105427e-14,1.321228e-16,2.632089e-20,1.556488e-11
5431,1357.750000,4,7.194245e-14,1.403400e-16,-1.436978e-20,2.633804e-11
5432,1358.000000,4,7.149836e-14,1.382077e-16,-5.016023e-21,1.703038e-11
5433,1358.250000,4,7.149836e-14,1.275709e-16,-2.326032e-21,1.908163e-11
5434,1358.500000,4,7.172041e-14,1.651641e-16,1.537894e-20,6.993517e-12
5435,1358.750000,4,7.149836e-14,1.374813e-16,7.457860e-21,3.257350e-11
5436,1359.000000,4,7.105427e-14,1.325150e-16,3.910579e-20,1.323341e-11
5437,1359.250000,4,7.149836e-14,1.651720e-16,3.979400e-20,-9.898748e-13
5438,1359.500000,4,7.149836e-14,1.321397e-16,-3.989658e-20,2.159739e-11
5439,1359.750000,4,7.149836e-14,1.321418e-16,9.552282e-21,8.992806e-12
5440,1360.000000,4,7.172041e-14,1.232817e-16,3.190270e-20,2.128298e-11
5441,1360.250000,4,7.194245e-14,1.402801e-16,-9.102295e-21,2.362111e-11
5442,1360.500000,4,7.127632e-14,1.321481e-16,-3.861279e-21,2.619593e-11
5443,1360.750000,4,7.127632e-14,1.147648e-16,-9.760731e-22,1.401812e-11
5444,1361.000000,4,7.149836e-14,1.486713e-16,-1.196103e-20,-3.697487e-12
5445,1361.250000,4,7.172041e-14,1.402562e-16,1.058791e-21,4.167022e-11
5446,1361.500000,4,7.172041e-14,1.218335e-16,3.629669e-20,1.722178e-11
5447,1361.750000,4,7.172041e-14,1.156388e-16,2.107656e-21,1.618172e-11
5448,1362.000000,4,7.105427e-14,1.486808e-16,-2.249600e-20,2.759748e-11
5449,1362.250000,4,7.105427e-14,1.486831e-16,-8.371068e-22,2.242739e-11
5450,1362.500000,4,7.149836e-14,1.321649e-16,-1.392310e-20,2.703215e-11
5451,1362.750000,4,7.172041e-14,1.321670e-16,-3.407984e-22,1.353584e-11
5452,1363.000000,4,7.149836e-14,1.321691e-16,3.078766e-20,1.539657e-11
5453,1363.250000,4,7.172041e-14,1.373759e-16,-1.074011e-20,1.928591e-11
5454,1363.500000,4,7.127632e-14,1.302891e-16,2.217175e-20,2.715161e-12
5455,1363.750000,4,7.105427e-14,1.486973e-16,1.150774e-20,-3.198775e-12
5456,1364.000000,4,7.127632e-14,1.321775e-16,-6.064888e-21,2.826628e-12
5457,1364.250000,4,7.127632e-14,1.288565e-16,-8.136149e-21,5.051071e-12
5458,1364.500000,4,7.172041e-14,1.487044e-16,3.393095e-20,1.846034e-11
5459,1364.750000,4,7.149836e-14,1.487068e-16,1.403891e-20,1.097433e-11
5460,1365.000000,4,7.149836e-14,1.487091e-16,5.915996e-21,5.048406e-12
5461,1365.250000,4,7.194245e-14,1.316661e-16,2.249270e-20,7.679191e-12
5462,1365.500000,4,7.127632e-14,1.321901e-16,-4.764560e-21,2.612977e-11
5463,1365.750000,4,7.083223e-14,1.557209e-16,-1.291064e-20,5.483614e-12
5464,1366.000000,4,7.216450e-14,1.500520e-16,-3.768635e-21,2.810063e-11
5465,1366.250000,4,7.105427e-14,1.487210e-16,-3.297473e-20,9.479084e-12
5466,1366.500000,4,7.149836e-14,1.321985e-16,-7.950860e-21,3.272316e-11
5467,1366.750000,4,7.194245e-14,1.033245e-16,-5.588432e-21,2.637446e-11
5468,1367.000000,4,7.149836e-14,1.487280e-16,6.144298e-21,1.533085e-11
5469,1367.250000,4,7.083223e-14,1.457743e-16,1.626237e-20,1.938050e-11
5470,1367.500000,4,7.105427e-14,1.026038e-16,-1.687448e-21,5.828671e-12
5471,1367.750000,4,7.172041e-14,1.613287e-16,-7.156767e-21,2.440670e-11
5472,1368.000000,4,7.194245e-14,1.156847e-16,1.873068e-20,2.025669e-11
5473,1368.250000,4,7.149836e-14,1.487399e-16,2.905389e-20,9.076739e-12
5474,1368.500000,4,7.127632e-14,1.330085e-16,-1.090886e-20,1.854827e-11
5475,1368.750000,4,7.172041e-14,1.188536e-16,4.916762e-21,1.768674e-11
5476,1369.000000,4,7.149836e-14,1.386567e-16,1.206029e-20,2.831069e-12
5477,1369.250000,4,7.172041e-14,1.322216e-16,7.229559e-21,-5.131007e-12
5478,1369.500000,4,7.149836e-14,1.156957e-16,-1.422751e-20,2.554801e-11
5479,1369.750000,4,7.127632e-14,1.322258e-16,-2.240998e-20,3.388800e-11
5480,1370.000000,4,7.149836e-14,1.652849e-16,4.665299e-21,2.841416e-11
5481,1370.250000,4,7.127632e-14,1.322300e-16,-3.705769e-20,1.751577e-11
5482,1370.500000,4,7.194245e-14,1.322321e-16,-2.243314e-20,1.491562e-11
5483,1370.750000,4,7.127632e-14,1.652927e-16,1.103128e-20,1.001998e-11
5484,1371.000000,4,7.127632e-14,1.322363e-16,2.835906e-20,1.729950e-11
5485,1371.250000,4,7.127632e-14,1.322384e-16,7.328820e-21,9.479528e-12
5486,1371.500000,4,7.127632e-14,1.487705e-16,2.539775e-20,2.210232e-11
5487,1371.750000,4,7.149836e-14,1.157123e-16,4.973672e-20,1.899725e-11
5488,1372.000000,4,7.194245e-14,1.244448e-16,-8.579517e-21,1.587486e-11
5489,1372.250000,4,7.083223e-14,1.322468e-16,-1.371465e-20,-4.179324e-12
5490,1372.500000,4,7.105427e-14,1.378676e-16,5.298919e-20,5.256684e-12
5491,1372.750000,4,7.194245e-14,1.272570e-16,-1.707301e-20,1.605072e-11
5492,1373.000000,4,7.127632e-14,1.322003e-16,1.149119e-20,1.199885e-11
5493,1373.250000,4,7.260859e-14,1.286601e-16,-8.821054e-21,1.371170e-11
5494,1373.500000,4,7.127632e-14,1.555166e-16,5.429614e-21,3.047251e-11
5495,1373.750000,4,7.127632e-14,1.157269e-16,3.350412e-20,2.226663e-12
5496,1374.000000,4,7.238654e-14,1.322614e-16,9.548973e-21,2.705214e-11
5497,1374.250000,4,7.149836e-14,1.157306e-16,1.176251e-20,2.904699e-11
5498,1374.500000,4,7.149836e-14,1.328736e-16,-2.730689e-20,1.550182e-11
5499,1374.750000,4,7.172041e-14,1.488012e-16,-1.876377e-20,1.569989e-11
5500,1375.000000,4,7.172041e-14,1.356892e-16,4.526994e-20,1.628031e-11
5501,1375.250000,4,7.127632e-14,1.653399e-16,2.617199e-21,1.777956e-11
5502,1375.500000,4,7.194245e-14,1.328511e-16,2.077878e-21,1.460787e-11
5503,1375.750000,4,7.172041e-14,1.488106e-16,9.893080e-22,1.471179e-11
5504,1376.000000,4,7.105427e-14,1.322782e-16,-7.739102e-21,1.897105e-11
5505,1376.250000,4,7.149836e-14,1.328343e-16,-6.683619e-22,2.398570e-11
5506,1376.500000,4,7.149836e-14,1.322824e-16,3.709740e-20,3.106537e-11
5507,1376.750000,4,7.194245e-14,1.322845e-16,-2.076554e-20,1.238387e-11
5508,1377.000000,4,7.127632e-14,1.322866e-16,8.662235e-21,2.214984e-11
5509,1377.250000,4,7.149836e-14,1.322886e-16,4.389682e-20,1.543077e-11
5510,1377.500000,4,7.149836e-14,1.215037e-16,-3.347765e-20,1.348655e-11
5511,1377.750000,4,7.149836e-14,1.109027e-16,1.738072e-20,2.321077e-11
5512,1378.000000,4,7.149836e-14,1.488318e-16,-1.207022e-20,7.291057e-12
5513,1378.250000,4,7.105427e-14,1.322970e-16,-1.017763e-20,9.645174e-12
5514,1378.500000,4,7.194245e-14,1.322991e-16,1.346650e-21,1.154143e-11
5515,1378.750000,4,7.172041e-14,1.398410e-16,2.516614e-20,2.765610e-11
5516,1379.000000,4,7.194245e-14,1.327728e-16,3.064208e-20,2.719647e-11
5517,1379.250000,4,7.172041e-14,1.323054e-16,-3.136669e-21,3.486944e-11
5518,1379.500000,4,7.149836e-14,1.369987e-16,3.228982e-20,1.252287e-11
5519,1379.750000,4,7.172041e-14,1.405236e-16,5.706223e-20,4.705125e-12
5520,1380.000000,4,7.149836e-14,1.157727e-16,9.211483e-21,2.704148e-11
5521,1380.250000,4,7.172041e-14,1.323138e-16,-1.786710e-22,1.414291e-11
5522,1380.500000,4,7.149836e-14,1.488553e-16,3.682608e-21,2.739853e-11
5523,1380.750000,4,7.127632e-14,1.323179e-16,4.705003e-21,1.230260e-11
5524,1381.000000,4,7.194245e-14,1.228441e-16,3.398058e-21,4.139356e-12
5525,1381.250000,4,7.083223e-14,1.323221e-16,1.340363e-20,2.796696e-11
5526,1381.500000,4,7.127632e-14,1.323242e-16,1.128936e-20,3.122125e-11
5527,1381.750000,4,7.105427e-14,1.323263e-16,1.717889e-20,2.766676e-11
5528,1382.000000,4,7.172041e-14,1.488694e-16,1.190478e-20,1.359846e-11
5529,1382.250000,4,7.127632e-14,1.323305e-16,-2.749548e-21,8.814727e-12
5530,1382.500000,4,7.149836e-14,1.171666e-16,1.749322e-20,2.057732e-11
5531,1382.750000,4,7.149836e-14,1.242197e-16,-1.786048e-20,3.205436e-11
5532,1383.000000,4,7.127632e-14,1.819630e-16,-1.455507e-20,2.508749e-11
5533,1383.250000,4,7.172041e-14,1.488812e-16,-1.812187e-20,1.611733e-11
5534,1383.500000,4,7.172041e-14,1.323409e-16,7.447934e-21,2.088507e-11
5535,1383.750000,4,7.149836e-14,1.323430e-16,-8.566282e-21,4.119372e-12
5536,1384.000000,4,7.172041e-14,1.323451e-16,-2.119898e-20,1.887512e-11
5537,1384.250000,4,7.194245e-14,1.227773e-16,1.912442e-21,1.867395e-11
5538,1384.500000,4,7.194245e-14,1.467621e-16,1.725499e-20,1.103029e-11
5539,1384.750000,4,7.149836e-14,1.323514e-16,-9.443094e-21,2.532374e-11
5540,1385.000000,4,7.216450e-14,1.213508e-16,-5.019332e-20,1.268230e-11
5541,1385.250000,4,7.172041e-14,1.323556e-16,8.096444e-21,3.884271e-11
5542,1385.500000,4,7.127632e-14,1.276899e-16,4.066420e-21,2.740297e-11
5543,1385.750000,4,7.127632e-14,1.382662e-16,-1.319849e-20,1.783018e-11
5544,1386.000000,4,7.105427e-14,1.368496e-16,1.553114e-20,1.463896e-11
5545,1386.250000,4,7.149836e-14,1.650591e-16,-4.092890e-20,2.218536e-11
5546,1386.500000,4,7.127632e-14,1.489118e-16,-5.753868e-21,2.794609e-11
5547,1386.750000,4,7.172041e-14,1.184941e-16,3.604522e-20,3.491252e-11
5548,1387.000000,4,7.172041e-14,1.323702e-16,1.801599e-20,2.226530e-11
5549,1387.250000,4,7.127632e-14,1.323723e-16,2.252247e-20,1.791145e-11
5550,1387.500000,4,7.216450e-14,1.537410e-16,6.372599e-21,2.602851e-11
5551,1387.750000,4,7.172041e-14,1.382201e-16,5.380314e-20,1.908118e-11
5552,1388.000000,4,7.127632e-14,1.323786e-16,-1.482308e-20,6.020962e-12
5553,1388.250000,4,7.172041e-14,1.323807e-16,-3.040716e-21,9.219292e-12
5554,1388.500000,4,7.194245e-14,1.325619e-16,6.617445e-24,2.319966e-11
5555,1388.750000,4,7.127632e-14,1.367869e-16,1.133568e-20,3.324585e-11
5556,1389.000000,4,7.149836e-14,1.396014e-16,2.251255e-20,2.153966e-11
5557,1389.250000,4,7.149836e-14,1.323890e-16,1.019417e-20,2.021938e-11
5558,1389.500000,4,7.172041e-14,1.311298e-16,-1.326136e-20,1.087841e-11
5559,1389.750000,4,7.149836e-14,1.323932e-16,8.768114e-22,9.720669e-12
5560,1390.000000,4,7.149836e-14,1.323953e-16,1.706308e-20,9.979573e-12
5561,1390.250000,4,7.172041e-14,1.191300e-16,1.714249e-20,2.996048e-11
5562,1390.500000,4,7.149836e-14,1.325178e-16,-3.341810e-21,1.639044e-11
5563,1390.750000,4,7.172041e-14,1.158513e-16,-2.502056e-20,2.137002e-11
5564,1391.000000,4,7.172041e-14,1.508322e-16,8.301585e-21,9.192203e-12
5565,1391.250000,4,7.172041e-14,1.663314e-16,3.123103e-20,1.613554e-11
5566,1391.500000,4,7.127632e-14,1.169910e-16,3.440410e-20,7.163159e-12
5567,1391.750000,4,7.172041e-14,1.489611e-16,3.637940e-20,2.758149e-11
5568,1392.000000,4,7.172041e-14,1.324120e-16,-2.018321e-22,8.200107e-12
5569,1392.250000,4,7.172041e-14,1.197951e-16,2.381288e-20,1.668177e-11
5570,1392.500000,4,7.149836e-14,1.324162e-16,-3.216078e-21,1.225064e-11
5571,1392.750000,4,7.149836e-14,1.324182e-16,2.445808e-20,6.292744e-13
5572,1393.000000,4,7.149836e-14,1.489729e-16,-1.724175e-20,7.759127e-12
5573,1393.250000,4,7.172041e-14,1.324224e-16,2.061003e-20,1.070299e-11
5574,1393.500000,4,7.149836e-14,1.324245e-16,-1.795975e-20,1.736256e-11
5575,1393.750000,4,7.127632e-14,1.535814e-16,2.025600e-20,1.613243e-11
5576,1394.000000,4,7.194245e-14,1.158751e-16,3.487063e-20,2.037570e-11
5577,1394.250000,4,7.172041e-14,1.324308e-16,-2.138427e-20,1.887157e-11
5578,1394.500000,4,7.172041e-14,1.158787e-16,-1.411501e-20,2.180700e-11
5579,1394.750000,4,7.127632e-14,1.324349e-16,2.867339e-20,1.733325e-11
5580,1395.000000,4,7.194245e-14,1.450973e-16,2.326363e-20,1.690781e-11
5581,1395.250000,4,7.149836e-14,1.655489e-16,1.488925e-21,3.322098e-11
5582,1395.500000,4,7.127632e-14,1.158861e-16,1.006844e-20,2.687894e-11
5583,1395.750000,4,7.172041e-14,1.324433e-16,-4.173292e-20,1.675904e-11
5584,1396.000000,4,7.194245e-14,1.338055e-16,-5.366748e-21,6.829648e-12
5585,1396.250000,4,7.127632e-14,1.373210e-16,-1.379076e-20,3.448486e-11
5586,1396.500000,4,7.172041e-14,1.295693e-16,-1.725168e-20,3.529710e-11
5587,1396.750000,4,7.216450e-14,1.380138e-16,8.926933e-21,1.743450e-11
5588,1397.000000,4,7.194245e-14,1.490104e-16,-2.518600e-20,6.996626e-12
5589,1397.250000,4,7.127632e-14,1.182877e-16,4.318214e-20,2.628653e-11
5590,1397.500000,4,7.172041e-14,1.324579e-16,-2.487167e-20,3.747891e-11
5591,1397.750000,4,7.149836e-14,1.490175e-16,-4.781435e-20,1.757705e-11
5592,1398.000000,4,7.149836e-14,1.490198e-16,4.568684e-20,3.091749e-12
5593,1398.250000,4,7.194245e-14,1.324641e-16,1.262278e-20,9.596768e-12
5594,1398.500000,4,7.172041e-14,1.302304e-16,3.491364e-20,-9.783729e-12
5595,1398.750000,4,7.149836e-14,1.324683e-16,-1.890935e-20,2.109601e-11
5596,1399.000000,4,7.149836e-14,1.365547e-16,-2.641353e-20,4.506617e-12
5597,1399.250000,4,7.194245e-14,1.323259e-16,2.763445e-20,2.325917e-11
5598,1399.500000,4,7.172041e-14,1.324746e-16,3.884771e-20,2.072476e-11
5599,1399.750000,4,7.149836e-14,1.324767e-16,1.826415e-20,9.440448e-12
5600,1400.000000,4,7.105427e-14,1.324787e-16,1.838326e-20,3.243716e-11
5601,1400.250000,4,7.194245e-14,1.520089e-16,4.501848e-20,1.225153e-11
5602,1400.500000,4,7.216450e-14,1.324829e-16,-1.216286e-20,1.772404e-11
5603,1400.750000,4,7.216450e-14,1.224415e-16,1.660979e-21,1.565947e-11
5604,1401.000000,4,7.149836e-14,1.324871e-16,-5.121902e-21,7.000178e-12
5605,1401.250000,4,7.149836e-14,1.324892e-16,1.859833e-20,1.469269e-11
5606,1401.500000,4,7.149836e-14,1.324912e-16,-1.632193e-20,2.817924e-11
5607,1401.750000,4,7.172041e-14,1.159317e-16,4.895586e-20,3.412248e-11
5608,1402.000000,4,7.172041e-14,1.490573e-16,3.670366e-20,2.557288e-11
5609,1402.250000,4,7.194245e-14,1.490597e-16,-1.905162e-20,9.210410e-12
5610,1402.500000,4,7.216450e-14,1.463246e-16,-9.535738e-21,2.072431e-11
5611,1402.750000,4,7.172041e-14,1.325017e-16,-2.036188e-20,2.034950e-11
5612,1403.000000,4,7.172041e-14,1.325037e-16,9.764040e-21,1.945910e-11
5613,1403.250000,4,7.172041e-14,1.325058e-16,1.883325e-20,1.491696e-11
5614,1403.500000,4,7.172041e-14,1.325079e-16,1.038277e-20,2.264899e-11
5615,1403.750000,4,7.172041e-14,1.477012e-16,1.516387e-20,-9.192647e-14
5616,1404.000000,4,7.172041e-14,1.159480e-16,7.017800e-21,1.607425e-11
5617,1404.250000,4,7.194245e-14,1.209643e-16,-3.514856e-20,2.472911e-11
5618,1404.500000,4,7.172041e-14,1.167399e-16,-2.542753e-20,2.771294e-11
5619,1404.750000,4,7.172041e-14,1.656479e-16,2.206918e-20,2.532241e-11
5620,1405.000000,4,7.194245e-14,1.325204e-16,2.319084e-20,1.149703e-11
5621,1405.250000,4,7.149836e-14,1.476647e-16,-6.213781e-21,1.200373e-12
5622,1405.500000,4,7.172041e-14,1.160175e-16,-1.267241e-21,1.826628e-11
5623,1405.750000,4,7.194245e-14,1.378091e-16,6.389143e-21,1.716405e-11
5624,1406.000000,4,7.149836e-14,1.325287e-16,2.034864e-20,3.630918e-11
5625,1406.250000,4,7.216450e-14,1.202215e-16,2.448124e-20,-3.155698e-12
5626,1406.500000,4,7.216450e-14,1.490995e-16,2.633743e-20,3.051603e-11
5627,1406.750000,4,7.172041e-14,1.325349e-16,2.067290e-20,4.168044e-11
5628,1407.000000,4,7.172041e-14,1.644934e-16,-1.277498e-20,1.474110e-11
5629,1407.250000,4,7.216450e-14,1.159717e-16,3.589633e-20,3.785683e-11
5630,1407.500000,4,7.172041e-14,1.412840e-16,4.606073e-20,2.053957e-11
5631,1407.750000,4,7.172041e-14,1.237063e-16,-6.316351e-21,3.343104e-11
5632,1408.000000,4,7.216450e-14,1.325453e-16,-1.694066e-20,2.402079e-12
5633,1408.250000,4,7.149836e-14,1.325474e-16,2.880243e-20,1.465938e-11
5634,1408.500000,4,7.194245e-14,1.377468e-16,1.631200e-21,3.399059e-12
5635,1408.750000,4,7.149836e-14,1.325515e-16,-6.094667e-21,2.524736e-11
5636,1409.000000,4,7.216450e-14,1.166536e-16,2.309819e-20,8.114398e-12
5637,1409.250000,4,7.194245e-14,1.335137e-16,-1.356576e-20,7.119194e-12
5638,1409.500000,4,7.172041e-14,1.173467e-16,1.896891e-20,1.409806e-11
5639,1409.750000,4,7.127632e-14,1.159898e-16,1.016109e-20,1.439160e-11
5640,1410.000000,4,7.194245e-14,1.475496e-16,3.636286e-21,-7.281731e-12
5641,1410.250000,4,7.105427e-14,1.587849e-16,2.372354e-21,2.853584e-11
5642,1410.500000,4,7.149836e-14,1.657075e-16,1.898214e-20,3.430589e-11
5643,1410.750000,4,7.216450e-14,1.491391e-16,3.181337e-20,1.010170e-11
5644,1411.000000,4,7.149836e-14,1.208303e-16,2.016997e-20,1.097389e-11
5645,1411.250000,4,7.149836e-14,1.657153e-16,2.911676e-20,2.745537e-11
5646,1411.500000,4,7.172041e-14,1.348693e-16,-8.043504e-21,1.874723e-11
5647,1411.750000,4,7.172041e-14,1.325764e-16,-7.550505e-21,1.243894e-11
5648,1412.000000,4,7.216450e-14,1.491507e-16,-8.357833e-21,2.693401e-11
5649,1412.250000,4,7.216450e-14,1.491531e-16,3.259092e-21,-2.896794e-12
5650,1412.500000,4,7.149836e-14,1.491554e-16,-3.319310e-20,2.200373e-11
5651,1412.750000,4,7.172041e-14,1.207957e-16,2.040158e-20,3.194733e-11
5652,1413.000000,4,7.194245e-14,1.488816e-16,3.679299e-21,3.134604e-11
5653,1413.250000,4,7.238654e-14,1.249992e-16,1.167979e-21,8.057999e-12
5654,1413.500000,4,7.172041e-14,1.325908e-16,3.348096e-20,2.936007e-11
5655,1413.750000,4,7.149836e-14,1.325929e-16,1.965050e-20,1.308553e-11
5656,1414.000000,4,7.194245e-14,1.160206e-16,9.770657e-21,6.735945e-12
5657,1414.250000,4,7.216450e-14,1.235745e-16,-2.483858e-20,1.754685e-11
5658,1414.500000,4,7.149836e-14,1.325991e-16,1.700352e-20,1.782352e-11
5659,1414.750000,4,7.172041e-14,1.376058e-16,-8.364450e-21,1.248601e-11
5660,1415.000000,4,7.172041e-14,1.326032e-16,-5.072272e-21,2.932987e-11
5661,1415.250000,4,7.216450e-14,1.326053e-16,-1.512086e-21,1.995382e-11
5662,1415.500000,4,7.194245e-14,1.389929e-16,-1.976631e-20,2.119549e-11
5663,1415.750000,4,7.172041e-14,1.249481e-16,1.338709e-20,9.647394e-12
5664,1416.000000,4,7.105427e-14,1.160351e-16,-5.376674e-21,2.277156e-11
5665,1416.250000,4,7.194245e-14,1.326136e-16,4.009841e-20,-5.287326e-12
5666,1416.500000,4,7.194245e-14,1.326157e-16,9.347141e-21,2.210010e-11
5667,1416.750000,4,7.172041e-14,1.326177e-16,2.478233e-21,1.647260e-11
5668,1417.000000,4,7.127632e-14,1.326198e-16,-3.427836e-21,3.297895e-11
5669,1417.250000,4,7.172041e-14,1.491996e-16,1.750645e-20,2.389733e-11
5670,1417.500000,4,7.238654e-14,1.249124e-16,-2.796532e-20,2.497869e-11
5671,1417.750000,4,7.194245e-14,1.657825e-16,3.676652e-20,3.061684e-11
5672,1418.000000,4,7.194245e-14,1.326281e-16,3.208137e-20,1.003198e-11
5673,1418.250000,4,7.194245e-14,1.160514e-16,4.894593e-20,2.105160e-11
5674,1418.500000,4,7.149836e-14,1.305051e-16,8.943477e-21,1.561062e-11
5675,1418.750000,4,7.194245e-14,1.304998e-16,2.924911e-20,2.992318e-11
5676,1419.000000,4,7.238654e-14,1.557514e-16,6.624062e-21,2.999601e-11
5677,1419.250000,4,7.172041e-14,1.206674e-16,2.740615e-20,3.553247e-11
5678,1419.500000,4,7.149836e-14,1.641570e-16,-3.087038e-21,5.806911e-12
5679,1419.750000,4,7.172041e-14,1.466129e-16,3.780877e-20,1.218137e-11
5680,1420.000000,4,7.172041e-14,1.326446e-16,1.855201e-20,2.787903e-11
5681,1420.250000,4,7.149836e-14,1.326466e-16,-1.207684e-20,9.084289e-12
5682,1420.500000,4,7.172041e-14,1.416851e-16,3.369272e-20,2.444178e-11
5683,1420.750000,4,7.172041e-14,1.311586e-16,-4.300677e-20,1.376854e-11
5684,1421.000000,4,7.194245e-14,1.444790e-16,2.117582e-20,2.364198e-11
5685,1421.250000,4,7.105427e-14,1.248360e-16,1.813511e-20,3.243228e-11
5686,1421.500000,4,7.172041e-14,1.416620e-16,-1.120333e-20,1.166267e-11
5687,1421.750000,4,7.216450e-14,1.326590e-16,1.862811e-20,2.361666e-11
5688,1422.000000,4,7.172041e-14,1.492437e-16,4.302332e-20,1.894973e-11
5689,1422.250000,4,7.172041e-14,1.326632e-16,7.739102e-21,1.531308e-11
5690,1422.500000,4,7.172041e-14,1.492484e-16,-5.128520e-22,4.771739e-12
5691,1422.750000,4,7.260859e-14,1.402308e-16,-1.991851e-20,2.614975e-11
5692,1423.000000,4,7.172041e-14,1.492530e-16,1.648736e-20,1.609823e-12
5693,1423.250000,4,7.194245e-14,1.160875e-16,1.895898e-20,2.294032e-11
5694,1423.500000,4,7.149836e-14,1.492577e-16,1.730793e-20,1.534151e-11
5695,1423.750000,4,7.149836e-14,1.345997e-16,-3.474159e-21,2.102718e-11
5696,1424.000000,4,7.238654e-14,1.492623e-16,3.199535e-21,1.137357e-11
5697,1424.250000,4,7.216450e-14,1.303828e-16,-7.335438e-21,2.153300e-11
5698,1424.500000,4,7.216450e-14,1.326818e-16,1.589179e-20,6.318945e-12
5699,1424.750000,4,7.149836e-14,1.268676e-16,8.556356e-21,1.528289e-11
5700,1425.000000,4,7.238654e-14,1.326859e-16,1.161362e-21,2.291234e-11
5701,1425.250000,4,7.216450e-14,1.326879e-16,9.373611e-21,1.127143e-11
5702,1425.500000,4,7.216450e-14,1.408689e-16,-1.776784e-20,1.494938e-11
5703,1425.750000,4,7.149836e-14,1.326921e-16,-9.486107e-21,8.497647e-12
5704,1426.000000,4,7.149836e-14,1.492809e-16,-8.437242e-21,2.405898e-11
5705,1426.250000,4,7.194245e-14,1.161092e-16,-1.031991e-20,1.282974e-12
5706,1426.500000,4,7.149836e-14,1.658728e-16,1.702999e-20,6.045831e-12
5707,1426.750000,4,7.194245e-14,1.261256e-16,-6.776264e-21,2.542855e-12
5708,1427.000000,4,7.216450e-14,1.327024e-16,-9.952637e-21,1.576295e-11
5709,1427.250000,4,7.194245e-14,1.161164e-16,2.015674e-20,3.375522e-12
5710,1427.500000,4,7.194245e-14,1.492948e-16,4.036641e-22,1.016076e-12
5711,1427.750000,4,7.172041e-14,1.327086e-16,-7.358599e-21,3.296030e-12
5712,1428.000000,4,7.172041e-14,1.327107e-16,-3.070164e-20,2.694778e-11
5713,1428.250000,4,7.149836e-14,1.658909e-16,3.886756e-20,6.747936e-12
5714,1428.500000,4,7.149836e-14,1.327148e-16,2.777672e-20,2.478817e-11
5715,1428.750000,4,7.172041e-14,1.161272e-16,-8.122914e-21,2.556622e-12
5716,1429.000000,4,7.194245e-14,1.161290e-16,7.087283e-21,1.498890e-11
5717,1429.250000,4,7.216450e-14,9.954072e-17,-3.312693e-20,1.160627e-11
5718,1429.500000,4,7.216450e-14,1.161327e-16,-2.646978e-22,1.362599e-11
5719,1429.750000,4,7.216450e-14,1.493157e-16,2.363751e-20,9.636736e-12
5720,1430.000000,4,7.194245e-14,1.327272e-16,-1.966043e-20,1.167200e-11
5721,1430.250000,4,7.172041e-14,1.327292e-16,-5.552036e-21,-2.700062e-12
5722,1430.500000,4,7.216450e-14,1.302504e-16,-1.389333e-20,7.446932e-12
5723,1430.750000,4,7.149836e-14,1.327333e-16,7.179928e-22,1.591882e-11
5724,1431.000000,4,7.238654e-14,1.568480e-16,-7.894612e-21,3.465628e-11
5725,1431.250000,4,7.172041e-14,1.493296e-16,-2.300886e-20,3.614753e-11
5726,1431.500000,4,7.149836e-14,1.161471e-16,-1.396281e-21,1.502576e-11
5727,1431.750000,4,7.149836e-14,1.327416e-16,2.523232e-20,1.231992e-11
5728,1432.000000,4,7.194245e-14,1.327436e-16,-1.075335e-21,1.944578e-11
5729,1432.250000,4,7.194245e-14,1.666172e-16,2.879581e-20,1.291101e-11
5730,1432.500000,4,7.149836e-14,1.493412e-16,1.396281e-21,1.458478e-11
5731,1432.750000,4,7.216450e-14,1.302029e-16,1.844944e-20,5.781153e-12
5732,1433.000000,4,7.172041e-14,1.327519e-16,-2.127839e-20,2.633005e-11
5733,1433.250000,4,7.216450e-14,1.161597e-16,1.175920e-20,7.379874e-12
5734,1433.500000,4,7.149836e-14,1.385862e-16,1.944205e-20,1.772760e-11
5735,1433.750000,4,7.216450e-14,1.175835e-16,3.134684e-20,2.102496e-11
5736,1434.000000,4,7.216450e-14,1.659502e-16,4.350970e-21,2.725598e-11
5737,1434.250000,4,7.149836e-14,1.189737e-16,2.629111e-20,3.878720e-11
5738,1434.500000,4,7.172041e-14,1.327642e-16,-2.335958e-21,2.455991e-11
5739,1434.750000,4,7.216450e-14,1.327663e-16,1.291394e-20,-4.226397e-12
5740,1435.000000,4,7.149836e-14,1.161723e-16,4.021421e-20,2.547562e-11
5741,1435.250000,4,7.172041e-14,1.210536e-16,2.456396e-20,1.977973e-11
5742,1435.500000,4,7.194245e-14,1.161759e-16,1.562710e-20,1.494760e-11
5743,1435.750000,4,7.238654e-14,1.327745e-16,-2.859398e-20,9.932499e-12
5744,1436.000000,4,7.194245e-14,1.602192e-16,-9.416624e-21,2.441158e-11
5745,1436.250000,4,7.172041e-14,1.161813e-16,3.209461e-21,3.193223e-11
5746,1436.500000,4,7.172041e-14,1.327807e-16,-8.285041e-21,4.140466e-11
5747,1436.750000,4,7.194245e-14,1.327828e-16,2.888515e-21,2.690159e-11
5748,1437.000000,4,7.172041e-14,1.659810e-16,-2.587752e-20,4.877876e-12
5749,1437.250000,4,7.194245e-14,1.210144e-16,3.606507e-21,4.281242e-11
5750,1437.500000,4,7.127632e-14,1.175122e-16,2.389228e-20,2.189404e-11
5751,1437.750000,4,7.194245e-14,1.327910e-16,2.215190e-20,1.293321e-11
5752,1438.000000,4,7.172041e-14,1.286934e-16,3.134022e-20,3.543521e-11
5753,1438.250000,4,7.127632e-14,1.161957e-16,-4.248400e-21,9.784173e-12
5754,1438.500000,4,7.194245e-14,1.300817e-16,-7.434699e-21,2.183853e-11
5755,1438.750000,4,7.149836e-14,1.161993e-16,1.989866e-20,2.449552e-11
5756,1439.000000,4,7.172041e-14,1.580435e-16,3.419565e-20,1.911493e-11
5757,1439.250000,4,7.194245e-14,1.321638e-16,2.289636e-21,2.246292e-11
5758,1439.500000,4,7.172041e-14,1.622262e-16,3.680623e-20,1.940181e-11
5759,1439.750000,4,7.172041e-14,1.162065e-16,1.057468e-20,2.196687e-11
5760,1440.000000,4,7.216450e-14,1.494107e-16,-1.655023e-20,2.828759e-11
5761,1440.250000,4,7.172041e-14,1.328116e-16,9.893080e-21,2.300649e-11
5762,1440.500000,4,7.172041e-14,1.244466e-16,2.039166e-20,2.834000e-11
5763,1440.750000,4,7.238654e-14,1.258399e-16,-4.532950e-21,3.511413e-12
5764,1441.000000,4,7.172041e-14,1.494199e-16,3.883117e-20,1.805933e-11
5765,1441.250000,4,7.194245e-14,1.328198e-16,4.567360e-20,1.792344e-11
5766,1441.500000,4,7.172041e-14,1.162191e-16,-3.163139e-21,2.001332e-11
5767,1441.750000,4,7.149836e-14,1.279170e-16,-4.258326e-20,1.076117e-11
5768,1442.000000,4,7.149836e-14,1.160294e-16,1.771821e-20,1.889555e-11
5769,1442.250000,4,7.127632e-14,1.341974e-16,6.322969e-21,3.222578e-11
5770,1442.500000,4,7.216450e-14,1.162263e-16,1.394627e-20,2.571676e-11
5771,1442.750000,4,7.172041e-14,1.383803e-16,-2.390552e-20,9.077628e-12
5772,1443.000000,4,7.149836e-14,1.453635e-16,1.856193e-21,1.651079e-11
5773,1443.250000,4,7.172041e-14,1.328362e-16,-1.464771e-20,2.400169e-11
5774,1443.500000,4,7.172041e-14,1.397617e-16,-1.707301e-21,2.136380e-11
5775,1443.750000,4,7.194245e-14,1.328403e-16,-8.387611e-21,7.992718e-12
5776,1444.000000,4,7.194245e-14,1.558221e-16,2.265151e-20,2.949996e-11
5777,1444.250000,4,7.149836e-14,1.328445e-16,-8.602678e-22,2.291012e-11
5778,1444.500000,4,7.149836e-14,1.369451e-16,-9.873228e-21,2.055733e-11
5779,1444.750000,4,7.172041e-14,1.194730e-16,1.345657e-20,1.071543e-11
5780,1445.000000,4,7.149836e-14,1.215643e-16,-4.231856e-21,1.464606e-11
5781,1445.250000,4,7.172041e-14,1.162461e-16,1.644766e-20,2.487432e-11
5782,1445.500000,4,7.127632e-14,1.328547e-16,-1.005190e-20,2.437428e-11
5783,1445.750000,4,7.127632e-14,1.328568e-16,1.004528e-20,1.265832e-11
5784,1446.000000,4,7.172041e-14,1.494662e-16,4.698386e-22,2.226397e-11
5785,1446.250000,4,7.172041e-14,1.438932e-16,-3.294164e-20,1.873168e-11
5786,1446.500000,4,7.149836e-14,1.243301e-16,-1.852885e-20,1.351186e-11
5787,1446.750000,4,7.149836e-14,1.313099e-16,2.510989e-20,2.327560e-11
5788,1447.000000,4,7.216450e-14,1.438766e-16,1.195441e-20,2.130163e-11
5789,1447.250000,4,7.194245e-14,1.328691e-16,-2.153978e-20,1.169509e-11
5790,1447.500000,4,7.194245e-14,1.494801e-16,-1.555100e-22,5.195844e-12
5791,1447.750000,4,7.194245e-14,1.328732e-16,4.893601e-21,1.677769e-11
5792,1448.000000,4,7.238654e-14,1.494847e-16,-3.892050e-20,1.811484e-11
5793,1448.250000,4,7.172041e-14,1.162677e-16,-2.366398e-20,2.879252e-11
5794,1448.500000,4,7.172041e-14,1.298782e-16,8.271806e-22,1.230394e-11
5795,1448.750000,4,7.194245e-14,1.508205e-16,6.173414e-20,3.530198e-11
5796,1449.000000,4,7.216450e-14,1.328835e-16,1.992513e-20,1.932232e-11
5797,1449.250000,4,7.149836e-14,1.410344e-16,4.243437e-20,3.463896e-14
5798,1449.500000,4,7.194245e-14,1.328876e-16,-1.083607e-20,2.228928e-11
5799,1449.750000,4,7.194245e-14,1.328897e-16,1.990197e-20,9.467982e-12
5800,1450.000000,4,7.194245e-14,1.410183e-16,-2.811752e-20,2.629141e-11
5801,1450.250000,4,7.149836e-14,1.340321e-16,-2.462020e-20,1.544853e-11
5802,1450.500000,4,7.194245e-14,1.284425e-16,2.365737e-20,8.043788e-12
5803,1450.750000,4,7.216450e-14,1.354180e-16,-3.649521e-21,1.925970e-11
5804,1451.000000,4,7.216450e-14,1.328999e-16,3.493349e-20,1.155298e-11
5805,1451.250000,4,7.194245e-14,1.329020e-16,-7.173310e-21,8.135714e-12
5806,1451.500000,4,7.149836e-14,1.354026e-16,-1.520027e-20,-5.313083e-12
5807,1451.750000,4,7.238654e-14,1.162928e-16,4.783089e-20,2.396749e-12
5808,1452.000000,4,7.172041e-14,1.329081e-16,-5.042493e-21,1.370548e-11
5809,1452.250000,4,7.194245e-14,1.162964e-16,-1.088239e-20,7.277734e-12
5810,1452.500000,4,7.194245e-14,1.329122e-16,-9.267732e-21,3.725820e-11
5811,1452.750000,4,7.172041e-14,1.318880e-16,1.170295e-20,1.250289e-11
5812,1453.000000,4,7.149836e-14,1.495309e-16,3.010276e-20,1.330402e-11
5813,1453.250000,4,7.149836e-14,1.163036e-16,3.554230e-20,1.054046e-11
5814,1453.500000,4,7.238654e-14,1.172205e-16,-9.519194e-21,5.678125e-12
5815,1453.750000,4,7.172041e-14,1.248910e-16,2.194345e-20,1.932410e-11
5816,1454.000000,4,7.172041e-14,1.495401e-16,3.904292e-20,1.644063e-11
5817,1454.250000,4,7.172041e-14,1.329266e-16,8.116296e-21,3.639844e-11
5818,1454.500000,4,7.216450e-14,1.395273e-16,-3.679299e-21,3.295142e-11
5819,1454.750000,4,7.216450e-14,1.163144e-16,3.962857e-20,2.462919e-12
5820,1455.000000,4,7.149836e-14,1.304482e-16,1.436316e-20,2.399103e-11
5821,1455.250000,4,7.149836e-14,1.534628e-16,-5.456083e-21,4.165956e-11
5822,1455.500000,4,7.194245e-14,1.199755e-16,2.322723e-21,2.083045e-11
5823,1455.750000,4,7.149836e-14,1.506613e-16,-1.958102e-20,1.019007e-11
5824,1456.000000,4,7.216450e-14,1.329410e-16,3.149904e-20,1.945866e-11
5825,1456.250000,4,7.194245e-14,1.360035e-16,1.359885e-20,8.390177e-12
5826,1456.500000,4,7.194245e-14,1.163269e-16,9.661470e-22,1.848877e-11
5827,1456.750000,4,7.238654e-14,1.329471e-16,-4.756619e-20,2.454748e-11
5828,1457.000000,4,7.194245e-14,1.436594e-16,1.169633e-20,1.313660e-11
5829,1457.250000,4,7.194245e-14,1.495701e-16,-1.807224e-20,1.693135e-11
5830,1457.500000,4,7.194245e-14,1.380702e-16,2.856089e-20,1.679901e-11
5831,1457.750000,4,7.194245e-14,1.329553e-16,2.564591e-20,1.659872e-11
5832,1458.000000,4,7.216450e-14,1.255090e-16,2.109972e-20,1.497158e-11
5833,1458.250000,4,7.194245e-14,1.185319e-16,3.095310e-20,2.478284e-11
5834,1458.500000,4,7.172041e-14,1.329615e-16,-1.525321e-20,1.152189e-11
5835,1458.750000,4,7.172041e-14,1.394389e-16,2.110634e-20,1.254774e-11
5836,1459.000000,4,7.149836e-14,1.163449e-16,4.145829e-20,3.756684e-11
5837,1459.250000,4,7.194245e-14,1.329676e-16,2.351509e-20,1.411760e-11
5838,1459.500000,4,7.216450e-14,1.756735e-16,4.491260e-20,1.671374e-11
5839,1459.750000,4,7.127632e-14,1.171114e-16,-1.015447e-20,2.414113e-11
5840,1460.000000,4,7.105427e-14,1.495955e-16,-1.085592e-20,2.310818e-11
5841,1460.250000,4,7.216450e-14,1.303465e-16,-1.298012e-20,2.030154e-11
5842,1460.500000,4,7.216450e-14,1.329779e-16,1.981925e-21,2.098988e-11
5843,1460.750000,4,7.194245e-14,1.329799e-16,-2.287651e-20,2.412825e-11
5844,1461.000000,4,7.194245e-14,1.329820e-16,3.246188e-20,2.505551e-11
5845,1461.250000,4,7.194245e-14,1.421751e-16,1.787372e-20,2.401856e-11
5846,1461.500000,4,7.194245e-14,1.496093e-16,3.127074e-20,5.632383e-12
5847,1461.750000,4,7.149836e-14,1.329881e-16,1.035961e-20,3.587752e-11
5848,1462.000000,4,7.194245e-14,1.163664e-16,6.302455e-20,1.489564e-11
5849,1462.250000,4,7.149836e-14,1.329922e-16,1.771490e-20,2.093614e-11
5850,1462.500000,4,7.194245e-14,1.323937e-16,2.504703e-21,2.947687e-11
5851,1462.750000,4,7.149836e-14,1.532923e-16,4.435342e-20,1.467182e-11
5852,1463.000000,4,7.172041e-14,1.329984e-16,7.530652e-21,1.581135e-11
5853,1463.250000,4,7.238654e-14,1.496255e-16,-3.934071e-21,3.974154e-12
5854,1463.500000,4,7.172041e-14,1.170467e-16,2.136442e-20,1.138600e-11
5855,1463.750000,4,7.172041e-14,1.163790e-16,3.882455e-20,3.514167e-11
5856,1464.000000,4,7.083223e-14,1.309712e-16,-2.571539e-20,1.857270e-11
5857,1464.250000,4,7.238654e-14,1.351462e-16,-4.834043e-21,1.532907e-11
5858,1464.500000,4,7.172041e-14,1.226024e-16,2.961968e-20,6.691536e-12
5859,1464.750000,4,7.172041e-14,1.330127e-16,1.452198e-20,1.918998e-11
5860,1465.000000,4,7.149836e-14,1.330147e-16,-2.018652e-20,2.825340e-11
5861,1465.250000,4,7.238654e-14,1.163897e-16,-6.107902e-21,2.434275e-11
5862,1465.500000,4,7.172041e-14,1.330188e-16,1.133899e-20,2.142508e-11
5863,1465.750000,4,7.216450e-14,1.330208e-16,2.357796e-20,1.224087e-11
5864,1466.000000,4,7.260859e-14,1.399868e-16,6.040735e-20,2.625367e-11
5865,1466.250000,4,7.149836e-14,1.496530e-16,3.059245e-20,-2.907452e-12
5866,1466.500000,4,7.172041e-14,1.330269e-16,4.155755e-21,2.127765e-11
5867,1466.750000,4,7.238654e-14,1.253476e-16,-9.684631e-21,1.446443e-11
5868,1467.000000,4,7.149836e-14,1.330310e-16,1.429037e-20,7.505108e-12
5869,1467.250000,4,7.194245e-14,1.330331e-16,-2.082179e-20,1.580203e-11
5870,1467.500000,4,7.194245e-14,1.211561e-16,4.101823e-20,2.185763e-11
5871,1467.750000,4,7.172041e-14,1.406474e-16,-1.297019e-21,2.686740e-11
5872,1468.000000,4,7.194245e-14,1.330392e-16,2.741277e-20,2.553158e-11
5873,1468.250000,4,7.216450e-14,1.330412e-16,1.819797e-20,2.778711e-11
5874,1468.500000,4,7.172041e-14,1.330432e-16,4.307957e-21,2.187184e-11
5875,1468.750000,4,7.216450e-14,1.587275e-16,2.910683e-20,2.762635e-11
5876,1469.000000,4,7.194245e-14,1.663091e-16,1.645097e-20,8.878676e-12
5877,1469.250000,4,7.194245e-14,1.164182e-16,3.650513e-20,2.675637e-11
5878,1469.500000,4,7.172041e-14,1.350429e-16,3.387470e-20,1.011458e-11
5879,1469.750000,4,7.172041e-14,1.164217e-16,6.703472e-21,2.167821e-11
5880,1470.000000,4,7.194245e-14,1.330554e-16,2.739622e-21,1.365885e-11
5881,1470.250000,4,7.216450e-14,1.433805e-16,8.778041e-21,2.455192e-11
5882,1470.500000,4,7.238654e-14,1.330595e-16,-3.004320e-21,2.161515e-11
5883,1470.750000,4,7.172041e-14,1.538097e-16,4.850587e-21,2.143841e-11
5884,1471.000000,4,7.238654e-14,1.496965e-16,4.736436e-20,2.135359e-11
5885,1471.250000,4,7.194245e-14,1.391843e-16,9.651543e-21,9.495071e-12
5886,1471.500000,4,7.172041e-14,1.330677e-16,1.414479e-20,1.371703e-11
5887,1471.750000,4,7.172041e-14,1.280403e-16,4.403248e-20,1.813660e-11
5888,1472.000000,4,7.149836e-14,1.330717e-16,3.591949e-20,2.173506e-11
5889,1472.250000,4,7.172041e-14,1.330738e-16,-2.686683e-21,2.883649e-11
5890,1472.500000,4,7.194245e-14,1.330758e-16,4.347661e-21,2.091571e-11
5891,1472.750000,4,7.149836e-14,1.330778e-16,-2.256549e-21,2.321388e-11
5892,1473.000000,4,7.216450e-14,1.252343e-16,1.538225e-20,1.567768e-11
5893,1473.250000,4,7.149836e-14,1.164467e-16,1.133568e-20,6.765699e-12
5894,1473.500000,4,7.194245e-14,1.330839e-16,-5.012715e-21,1.400258e-11
5895,1473.750000,4,7.216450e-14,1.330860e-16,-1.137539e-20,1.118128e-11
5896,1474.000000,4,7.149836e-14,1.238250e-16,1.884979e-20,1.859446e-11
5897,1474.250000,4,7.216450e-14,1.330900e-16,-6.068528e-20,1.647305e-11
5898,1474.500000,4,7.194245e-14,1.497286e-16,4.394645e-20,2.454925e-11
5899,1474.750000,4,7.149836e-14,1.335496e-16,2.575510e-20,3.438672e-11
5900,1475.000000,4,7.172041e-14,1.330961e-16,1.367495e-20,1.372191e-11
5901,1475.250000,4,7.194245e-14,1.330982e-16,3.439748e-20,1.670353e-11
5902,1475.500000,4,7.172041e-14,1.331002e-16,-2.105671e-20,2.270628e-12
5903,1475.750000,4,7.172041e-14,1.390943e-16,-4.327809e-21,-1.210587e-12
5904,1476.000000,4,7.149836e-14,1.331043e-16,2.940793e-20,7.202239e-12
5905,1476.250000,4,7.194245e-14,1.497446e-16,4.577948e-20,1.263079e-11
5906,1476.500000,4,7.216450e-14,1.515965e-16,1.684471e-20,-1.696421e-13
5907,1476.750000,4,7.194245e-14,1.331104e-16,-1.289409e-20,1.767697e-11
5908,1477.000000,4,7.127632e-14,1.331124e-16,-5.869674e-21,9.958256e-12
5909,1477.250000,4,7.194245e-14,1.164751e-16,1.428045e-20,1.781642e-11
5910,1477.500000,4,7.216450e-14,1.265441e-16,7.484330e-21,2.606670e-11
5911,1477.750000,4,7.194245e-14,1.168058e-16,1.040262e-20,1.290967e-11
5912,1478.000000,4,7.083223e-14,1.164805e-16,4.665299e-22,2.400213e-11
5913,1478.250000,4,7.216450e-14,1.258354e-16,5.065654e-21,3.287814e-11
5914,1478.500000,4,7.260859e-14,1.331246e-16,-1.793328e-21,1.626521e-11
5915,1478.750000,4,7.194245e-14,1.237409e-16,1.733771e-20,5.110579e-12
5916,1479.000000,4,7.172041e-14,1.362492e-16,2.224454e-20,2.401412e-11
5917,1479.250000,4,7.216450e-14,1.331307e-16,-1.208676e-20,8.849810e-12
5918,1479.500000,4,7.194245e-14,1.331327e-16,2.378641e-20,1.050804e-11
5919,1479.750000,4,7.194245e-14,1.195528e-16,-1.424074e-20,3.603695e-11
5920,1480.000000,4,7.149836e-14,1.237189e-16,1.787372e-20,1.921885e-11
5921,1480.250000,4,7.172041e-14,1.331388e-16,-2.739291e-20,3.049205e-11
5922,1480.500000,4,7.194245e-14,1.331409e-16,2.084495e-21,3.250822e-11
5923,1480.750000,4,7.216450e-14,1.473349e-16,-1.079305e-20,3.506528e-11
5924,1481.000000,4,7.172041e-14,1.331449e-16,1.592157e-20,3.850964e-11
5925,1481.250000,4,7.194245e-14,1.497903e-16,5.452775e-21,7.750689e-12
5926,1481.500000,4,7.260859e-14,1.695561e-16,-9.062591e-21,1.376144e-11
5927,1481.750000,4,7.194245e-14,1.165071e-16,-8.870685e-21,7.274181e-12
5928,1482.000000,4,7.172041e-14,1.331530e-16,-1.012138e-20,1.311928e-11
5929,1482.250000,4,7.194245e-14,1.042242e-16,1.654361e-20,3.069145e-11
5930,1482.500000,4,7.216450e-14,1.331571e-16,3.585663e-20,2.338973e-11
5931,1482.750000,4,7.194245e-14,1.236707e-16,8.956712e-21,2.030331e-11
5932,1483.000000,4,7.194245e-14,1.331612e-16,1.352606e-20,2.495160e-11
5933,1483.250000,4,7.172041e-14,1.498086e-16,1.813180e-20,1.255041e-11
5934,1483.500000,4,7.216450e-14,1.167105e-16,6.177385e-21,3.048539e-11
5935,1483.750000,4,7.172041e-14,1.331673e-16,4.618977e-21,1.717693e-11
5936,1484.000000,4,7.172041e-14,1.331693e-16,-1.667596e-20,1.977796e-11
5937,1484.250000,4,7.194245e-14,1.498177e-16,1.769505e-20,3.104628e-11
5938,1484.500000,4,7.149836e-14,1.498200e-16,-3.000680e-20,1.248512e-11
5939,1484.750000,4,7.172041e-14,1.498223e-16,-1.203713e-20,1.258638e-11
5940,1485.000000,4,7.194245e-14,1.498246e-16,-1.276174e-20,2.593215e-11
5941,1485.250000,4,7.194245e-14,1.166817e-16,2.150670e-20,2.793410e-11
5942,1485.500000,4,7.194245e-14,1.331815e-16,1.228860e-20,1.215161e-11
5943,1485.750000,4,7.172041e-14,1.331835e-16,-1.505469e-21,1.737499e-11
5944,1486.000000,4,7.260859e-14,1.498337e-16,2.739622e-21,1.042277e-11
5945,1486.250000,4,7.194245e-14,1.354150e-16,4.760259e-20,1.873879e-11
5946,1486.500000,4,7.238654e-14,1.331896e-16,1.078644e-21,1.539657e-11
5947,1486.750000,4,7.194245e-14,1.430438e-16,3.748783e-21,2.605516e-11
5948,1487.000000,4,7.172041e-14,1.498429e-16,1.699691e-20,2.947642e-11
5949,1487.250000,4,7.194245e-14,1.498452e-16,9.529121e-21,2.833112e-11
5950,1487.500000,4,7.149836e-14,1.331977e-16,1.104452e-20,2.427347e-11
5951,1487.750000,4,7.172041e-14,1.346922e-16,-2.027254e-20,1.908251e-11
5952,1488.000000,4,7.172041e-14,1.332018e-16,3.214424e-20,2.745715e-11
5953,1488.250000,4,7.194245e-14,1.332038e-16,-5.211238e-21,-5.691891e-12
5954,1488.500000,4,7.194245e-14,1.485624e-16,-1.715573e-20,1.379785e-11
5955,1488.750000,4,7.216450e-14,1.332079e-16,-2.663522e-21,1.100986e-11
5956,1489.000000,4,7.172041e-14,1.346686e-16,-2.366398e-20,1.334710e-11
5957,1489.250000,4,7.194245e-14,1.498634e-16,2.460035e-20,7.513545e-12
5958,1489.500000,4,7.216450e-14,1.498657e-16,-7.533961e-21,9.111378e-12
5959,1489.750000,4,7.194245e-14,1.332160e-16,-5.568911e-20,1.315970e-11
5960,1490.000000,4,7.260859e-14,1.304853e-16,1.551791e-21,9.302781e-12
5961,1490.250000,4,7.216450e-14,1.498725e-16,-4.456849e-21,4.097611e-12
5962,1490.500000,4,7.149836e-14,1.332221e-16,-3.116817e-21,2.538325e-11
5963,1490.750000,4,7.194245e-14,1.332241e-16,-1.553776e-20,1.830491e-11
5964,1491.000000,4,7.194245e-14,1.332261e-16,2.730689e-20,1.776757e-11
5965,1491.250000,4,7.194245e-14,1.332282e-16,-7.798659e-21,1.660583e-11
5966,1491.500000,4,7.216450e-14,1.165764e-16,-5.297265e-21,7.911005e-12
5967,1491.750000,4,7.216450e-14,1.526583e-16,-1.079967e-20,2.728706e-11
5968,1492.000000,4,7.194245e-14,1.262856e-16,-2.941454e-21,1.195444e-11
5969,1492.250000,4,7.238654e-14,1.436276e-16,1.012800e-20,1.617728e-11
5970,1492.500000,4,7.172041e-14,1.332383e-16,-1.167648e-20,2.745759e-11
5971,1492.750000,4,7.216450e-14,1.498954e-16,-3.080751e-20,7.340351e-12
5972,1493.000000,4,7.216450e-14,1.332424e-16,2.342575e-21,3.383738e-11
5973,1493.250000,4,7.238654e-14,1.318137e-16,-1.137208e-20,3.701395e-11
5974,1493.500000,4,7.172041e-14,1.276467e-16,2.084495e-22,2.082112e-11
5975,1493.750000,4,7.194245e-14,1.359668e-16,4.219283e-20,2.592326e-11
5976,1494.000000,4,7.149836e-14,1.220884e-16,2.252578e-20,1.957412e-11
5977,1494.250000,4,7.216450e-14,1.499091e-16,-1.715573e-20,1.051292e-11
5978,1494.500000,4,7.260859e-14,1.165977e-16,4.023076e-20,1.304423e-11
5979,1494.750000,4,7.172041e-14,1.332565e-16,-2.113943e-20,1.815881e-11
5980,1495.000000,4,7.149836e-14,1.166012e-16,2.952704e-20,1.231726e-11
5981,1495.250000,4,7.149836e-14,1.332606e-16,3.225674e-20,5.913048e-12
5982,1495.500000,4,7.238654e-14,1.499204e-16,-3.064870e-20,6.745715e-12
5983,1495.750000,4,7.172041e-14,1.248328e-16,7.891303e-21,2.658584e-11
5984,1496.000000,4,7.149836e-14,1.166083e-16,3.516179e-20,2.375433e-11
5985,1496.250000,4,7.216450e-14,1.414674e-16,-5.505714e-21,2.496625e-11
5986,1496.500000,4,7.149836e-14,1.332707e-16,-1.501167e-20,1.169997e-11
5987,1496.750000,4,7.260859e-14,1.499318e-16,-7.060814e-21,1.355538e-11
5988,1497.000000,4,7.194245e-14,1.166154e-16,-8.546430e-21,2.558576e-11
5989,1497.250000,4,7.172041e-14,1.469948e-16,1.587194e-20,2.371392e-11
5990,1497.500000,4,7.238654e-14,1.303493e-16,1.980601e-20,2.851230e-11
5991,1497.750000,4,7.216450e-14,1.358914e-16,4.632211e-23,2.580380e-11
5992,1498.000000,4,7.127632e-14,1.303403e-16,3.824552e-20,6.228351e-12
5993,1498.250000,4,7.194245e-14,1.400417e-16,1.295696e-20,7.400303e-12
5994,1498.500000,4,7.194245e-14,1.199325e-16,-2.650618e-20,7.317258e-12
5995,1498.750000,4,7.194245e-14,1.220081e-16,3.196226e-20,-6.000533e-12
5996,1499.000000,4,7.216450e-14,1.166296e-16,7.487639e-21,1.426192e-11
5997,1499.250000,4,7.149836e-14,1.351701e-16,2.362428e-20,1.987965e-11
5998,1499.500000,4,7.149836e-14,1.332950e-16,3.983702e-21,1.391776e-11
5999,1499.750000,4,7.172041e-14,1.499592e-16,-3.705769e-22,6.060930e-12
6000,1500.000000,4,7.194245e-14,1.178284e-16,1.747336e-20,2.221556e-11
6001,1500.250000,4,7.172041e-14,1.333011e-16,-1.404222e-20,6.295853e-12
6002,1500.500000,4,7.194245e-14,1.427703e-16,-1.320842e-20,2.792877e-11
6003,1500.750000,4,7.216450e-14,1.499683e-16,-2.620508e-21,2.233458e-11
6004,1501.000000,4,7.149836e-14,1.499705e-16,6.266720e-21,3.051159e-11
6005,1501.250000,4,7.216450e-14,1.166455e-16,3.890396e-20,1.000000e-11
6006,1501.500000,4,7.238654e-14,1.499751e-16,3.970467e-21,2.943956e-11
6007,1501.750000,4,7.216450e-14,1.333132e-16,2.223792e-20,2.018163e-11
6008,1502.000000,4,7.238654e-14,1.427397e-16,5.125542e-20,2.566924e-11
6009,1502.250000,4,7.172041e-14,1.330341e-16,2.503379e-20,1.961631e-11
6010,1502.500000,4,7.216450e-14,1.499842e-16,2.334304e-20,2.435163e-11
6011,1502.750000,4,7.194245e-14,1.454955e-16,1.287093e-20,2.032285e-11
6012,1503.000000,4,7.127632e-14,1.166579e-16,4.032009e-20,1.935563e-11
6013,1503.250000,4,7.172041e-14,1.666567e-16,4.020760e-20,1.448397e-11
6014,1503.500000,4,7.172041e-14,1.246968e-16,5.397850e-20,3.364686e-11
6015,1503.750000,4,7.172041e-14,1.333294e-16,4.263289e-20,3.107470e-11
6016,1504.000000,4,7.194245e-14,1.343856e-16,3.319641e-20,2.367218e-11
6017,1504.250000,4,7.172041e-14,1.329953e-16,-1.539218e-20,2.143841e-11
6018,1504.500000,4,7.172041e-14,1.385317e-16,-1.485616e-20,1.996980e-11
6019,1504.750000,4,7.216450e-14,1.333375e-16,-3.546950e-21,2.653433e-12
6020,1505.000000,4,7.216450e-14,1.177432e-16,2.680065e-20,2.752731e-11
6021,1505.250000,4,7.194245e-14,1.333415e-16,-8.506725e-21,8.783640e-12
6022,1505.500000,4,7.194245e-14,1.500115e-16,1.528630e-20,1.799805e-11
6023,1505.750000,4,7.216450e-14,1.500138e-16,6.716707e-22,2.222755e-11
6024,1506.000000,4,7.238654e-14,1.500160e-16,-1.371465e-20,2.753486e-11
6025,1506.250000,4,7.172041e-14,1.333496e-16,2.429926e-20,1.220846e-11
6026,1506.500000,4,7.194245e-14,1.398756e-16,-6.849055e-21,-6.395773e-12
6027,1506.750000,4,7.172041e-14,1.500228e-16,2.558966e-20,1.721778e-11
6028,1507.000000,4,7.194245e-14,1.333557e-16,-1.656346e-20,2.235545e-12
6029,1507.250000,4,7.194245e-14,1.166880e-16,-1.080629e-20,3.276179e-11
6030,1507.500000,4,7.194245e-14,1.239306e-16,1.209338e-20,2.282885e-11
6031,1507.750000,4,7.238654e-14,1.166915e-16,3.695843e-20,4.221956e-12
6032,1508.000000,4,7.194245e-14,1.333637e-16,9.158544e-21,4.370992e-11
6033,1508.250000,4,7.149836e-14,1.166950e-16,3.525775e-20,8.184564e-12
6034,1508.500000,4,7.172041e-14,1.333678e-16,1.815165e-20,1.031220e-11
6035,1508.750000,4,7.172041e-14,1.370596e-16,-1.157722e-20,-1.662670e-12
6036,1509.000000,4,7.172041e-14,1.500433e-16,-1.259962e-20,1.860112e-11
6037,1509.250000,4,7.216450e-14,1.333739e-16,-1.251028e-20,1.460920e-11
6038,1509.500000,4,7.194245e-14,1.167039e-16,-1.269226e-20,1.378320e-11
6039,1509.750000,4,7.172041e-14,1.356547e-16,6.650201e-20,1.569234e-11
6040,1510.000000,4,7.194245e-14,1.167074e-16,-6.743176e-21,3.239098e-11
6041,1510.250000,4,7.172041e-14,1.500547e-16,1.504145e-20,6.338041e-12
6042,1510.500000,4,7.216450e-14,1.500569e-16,9.992342e-22,1.999378e-11
6043,1510.750000,4,7.238654e-14,1.500592e-16,6.299808e-21,7.689405e-12
6044,1511.000000,4,7.194245e-14,1.167145e-16,-1.384039e-20,1.886091e-11
6045,1511.250000,4,7.172041e-14,1.333900e-16,1.327790e-20,2.484013e-11
6046,1511.500000,4,7.172041e-14,1.500660e-16,-1.050850e-20,1.887734e-11
6047,1511.750000,4,7.238654e-14,1.333940e-16,-4.026715e-21,1.362599e-11
6048,1512.000000,4,7.238654e-14,1.333961e-16,-1.968359e-20,2.352607e-11
6049,1512.250000,4,7.172041e-14,1.333981e-16,2.755835e-20,2.414735e-11
6050,1512.500000,4,7.238654e-14,1.397492e-16,-2.524224e-20,2.540901e-11
6051,1512.750000,4,7.194245e-14,1.500774e-16,3.378206e-21,1.330491e-11
6052,1513.000000,4,7.194245e-14,1.334041e-16,3.202843e-21,1.646683e-12
6053,1513.250000,4,7.216450e-14,1.500819e-16,-1.961080e-20,2.112133e-11
6054,1513.500000,4,7.172041e-14,1.134424e-16,1.542526e-20,8.345769e-12
6055,1513.750000,4,7.216450e-14,1.334102e-16,7.414847e-21,1.627720e-11
6056,1514.000000,4,7.216450e-14,1.258838e-16,5.485862e-21,1.481926e-11
6057,1514.250000,4,7.216450e-14,1.231124e-16,1.835348e-20,3.074874e-12
6058,1514.500000,4,7.194245e-14,1.300238e-16,-2.569554e-20,3.298961e-11
6059,1514.750000,4,7.283063e-14,1.500956e-16,-5.374689e-20,2.530687e-11
6060,1515.000000,4,7.149836e-14,1.334203e-16,6.200546e-21,3.950751e-11
6061,1515.250000,4,7.194245e-14,1.251681e-16,6.713398e-21,1.974865e-11
6062,1515.500000,4,7.238654e-14,1.334243e-16,1.728807e-20,2.673728e-11
6063,1515.750000,4,7.194245e-14,1.167481e-16,1.467088e-20,8.188561e-12
6064,1516.000000,4,7.105427e-14,1.334284e-16,-1.029674e-20,1.874589e-11
6065,1516.250000,4,7.127632e-14,1.501092e-16,-4.800956e-21,1.250866e-11
6066,1516.500000,4,7.172041e-14,1.334324e-16,1.574952e-20,4.658052e-12
6067,1516.750000,4,7.194245e-14,1.667930e-16,-2.198646e-20,6.291412e-12
6068,1517.000000,4,7.216450e-14,1.167569e-16,2.371692e-20,2.811840e-11
6069,1517.250000,4,7.216450e-14,1.501183e-16,-2.080856e-20,1.699219e-11
6070,1517.500000,4,7.194245e-14,1.501205e-16,5.174842e-21,1.607736e-11
6071,1517.750000,4,7.216450e-14,1.167622e-16,3.219718e-20,1.677813e-11
6072,1518.000000,4,7.305268e-14,1.216589e-16,2.127178e-20,1.241096e-11
6073,1518.250000,4,7.172041e-14,1.334465e-16,9.290893e-21,1.051603e-12
6074,1518.500000,4,7.194245e-14,1.299438e-16,3.652830e-21,1.853673e-11
6075,1518.750000,4,7.216450e-14,1.202625e-16,3.124427e-20,2.405365e-11
6076,1519.000000,4,7.216450e-14,1.465211e-16,2.934837e-20,2.212008e-12
6077,1519.250000,4,7.216450e-14,1.334546e-16,-5.125211e-21,2.641931e-11
6078,1519.500000,4,7.260859e-14,1.334566e-16,1.853877e-20,5.226930e-13
6079,1519.750000,4,7.238654e-14,1.501410e-16,2.515291e-20,1.387646e-11
6080,1520.000000,4,7.194245e-14,1.133289e-16,2.628780e-20,1.533307e-11
6081,1520.250000,4,7.194245e-14,1.437287e-16,1.517711e-20,5.763834e-12
6082,1520.500000,4,7.283063e-14,1.271397e-16,1.599106e-20,1.280309e-12
6083,1520.750000,4,7.172041e-14,1.501500e-16,-5.671150e-21,2.723599e-11
6084,1521.000000,4,7.216450e-14,1.354209e-16,3.594596e-20,1.278089e-11
6085,1521.250000,4,7.216450e-14,1.334707e-16,-1.202721e-20,2.403722e-11
6086,1521.500000,4,7.216450e-14,1.167887e-16,3.932086e-20,1.540679e-11
6087,1521.750000,4,7.216450e-14,1.501591e-16,1.479330e-20,1.699263e-11
6088,1522.000000,4,7.172041e-14,1.501614e-16,8.612605e-21,2.303091e-11
6089,1522.250000,4,7.127632e-14,1.334788e-16,1.981925e-21,2.925127e-11
6090,1522.500000,4,7.260859e-14,1.334808e-16,3.598567e-20,1.215472e-12
6091,1522.750000,4,7.216450e-14,1.422913e-16,1.699029e-20,2.450662e-11
6092,1523.000000,4,7.238654e-14,1.334848e-16,-1.741381e-20,3.422151e-12
6093,1523.250000,4,7.238654e-14,1.835444e-16,3.771944e-22,3.081979e-12
6094,1523.500000,4,7.172041e-14,1.334888e-16,2.513967e-20,2.160006e-11
6095,1523.750000,4,7.260859e-14,1.168045e-16,3.019540e-20,3.379519e-11
6096,1524.000000,4,7.194245e-14,1.187832e-16,4.219283e-20,2.150990e-11
6097,1524.250000,4,7.216450e-14,1.546883e-16,2.022622e-20,2.995248e-11
6098,1524.500000,4,7.172041e-14,1.334969e-16,1.173273e-20,3.050005e-12
6099,1524.750000,4,7.194245e-14,1.168115e-16,5.469318e-21,7.837730e-12
6100,1525.000000,4,7.238654e-14,1.501885e-16,1.765534e-20,9.037215e-12
6101,1525.250000,4,7.194245e-14,1.422357e-16,-3.941019e-20,1.866640e-11
6102,1525.500000,4,7.216450e-14,1.335049e-16,4.284796e-21,-6.058709e-12
6103,1525.750000,4,7.260859e-14,1.335069e-16,-1.539218e-20,3.040412e-11
6104,1526.000000,4,7.194245e-14,1.408382e-16,-2.184088e-20,1.734346e-11
6105,1526.250000,4,7.238654e-14,1.215027e-16,3.313686e-20,2.280398e-11
6106,1526.500000,4,7.194245e-14,1.168238e-16,-4.916762e-21,1.907408e-11
6107,1526.750000,4,7.216450e-14,1.335149e-16,-1.273527e-20,1.546452e-11
6108,1527.000000,4,7.194245e-14,1.187273e-16,-1.224227e-21,3.351186e-11
6109,1527.250000,4,7.238654e-14,1.335189e-16,5.545419e-21,1.691980e-11
6110,1527.500000,4,7.194245e-14,1.335209e-16,2.992739e-20,2.277911e-11
6111,1527.750000,4,7.194245e-14,1.546034e-16,5.955700e-23,2.971356e-11
6112,1528.000000,4,7.149836e-14,1.352727e-16,-1.812849e-20,2.386003e-11
6113,1528.250000,4,7.216450e-14,1.669087e-16,1.434662e-20,3.369660e-11
6114,1528.500000,4,7.238654e-14,1.335289e-16,5.641372e-21,1.241363e-11
6115,1528.750000,4,7.216450e-14,1.502223e-16,3.649521e-20,1.944755e-11
6116,1529.000000,4,7.216450e-14,1.393917e-16,-2.044460e-20,2.982548e-11
6117,1529.250000,4,7.127632e-14,1.335350e-16,-2.284011e-20,5.393908e-12
6118,1529.500000,4,7.172041e-14,1.168448e-16,2.553672e-20,1.398837e-11
6119,1529.750000,4,7.216450e-14,1.335390e-16,-3.365963e-20,1.877432e-11
6120,1530.000000,4,7.194245e-14,1.335410e-16,2.987776e-21,1.325162e-11
6121,1530.250000,4,7.172041e-14,1.335430e-16,3.358684e-20,1.143796e-11
6122,1530.500000,4,7.105427e-14,1.365992e-16,3.960210e-20,2.113909e-11
6123,1530.750000,4,7.238654e-14,1.335470e-16,-9.843449e-21,2.927081e-11
6124,1531.000000,4,7.194245e-14,1.335490e-16,3.937049e-20,2.729283e-11
6125,1531.250000,4,7.149836e-14,1.168571e-16,1.516718e-20,1.628830e-11
6126,1531.500000,4,7.194245e-14,1.335530e-16,9.591986e-21,1.275913e-11
6127,1531.750000,4,7.216450e-14,1.502494e-16,-1.873399e-20,3.134470e-11
6128,1532.000000,4,7.194245e-14,1.296695e-16,1.487602e-20,2.376943e-11
6129,1532.250000,4,7.216450e-14,1.168641e-16,1.435324e-20,3.532064e-11
6130,1532.500000,4,7.238654e-14,1.502561e-16,2.802488e-21,1.860911e-11
6131,1532.750000,4,7.194245e-14,1.502584e-16,3.811648e-21,1.070211e-11
6132,1533.000000,4,7.216450e-14,1.168694e-16,-2.994394e-20,2.032774e-11
6133,1533.250000,4,7.238654e-14,1.502629e-16,-1.895567e-20,2.929124e-11
6134,1533.500000,4,7.194245e-14,1.337761e-16,1.169633e-20,1.269651e-11
6135,1533.750000,4,7.172041e-14,1.351499e-16,-4.001238e-20,1.806200e-11
6136,1534.000000,4,7.260859e-14,1.337655e-16,-2.739622e-21,2.147083e-11
6137,1534.250000,4,7.172041e-14,1.168781e-16,-8.993108e-21,1.880673e-11
6138,1534.500000,4,7.216450e-14,1.351338e-16,-7.510800e-22,1.921130e-11
6139,1534.750000,4,7.172041e-14,1.168816e-16,-8.883920e-21,3.556755e-11
6140,1535.000000,4,7.194245e-14,1.168834e-16,3.778561e-21,6.660450e-12
6141,1535.250000,4,7.216450e-14,1.168851e-16,3.405337e-20,1.943512e-11
6142,1535.500000,4,7.194245e-14,1.302869e-16,3.738856e-21,1.732836e-12
6143,1535.750000,4,7.238654e-14,1.502854e-16,4.218621e-20,2.976241e-11
6144,1536.000000,4,7.216450e-14,1.335890e-16,-1.260623e-21,2.307576e-11
6145,1536.250000,4,7.194245e-14,1.168921e-16,2.005417e-20,1.032241e-11
6146,1536.500000,4,7.172041e-14,1.502921e-16,-5.386600e-21,4.011014e-12
6147,1536.750000,4,7.194245e-14,1.502944e-16,3.299458e-20,8.089529e-12
6148,1537.000000,4,7.260859e-14,1.254315e-16,-4.125646e-20,1.462830e-11
6149,1537.250000,4,7.216450e-14,1.350747e-16,-2.528857e-20,1.404254e-11
6150,1537.500000,4,7.194245e-14,1.336010e-16,3.773598e-20,1.657741e-11
6151,1537.750000,4,7.216450e-14,1.336030e-16,-2.918955e-20,2.427480e-11
6152,1538.000000,4,7.127632e-14,1.212771e-16,4.791030e-21,1.621014e-11
6153,1538.250000,4,7.216450e-14,1.336070e-16,1.652045e-20,2.439515e-11
6154,1538.500000,4,7.216450e-14,1.378039e-16,1.381061e-20,3.728928e-11
6155,1538.750000,4,7.260859e-14,1.169096e-16,-1.830716e-20,1.709477e-11
6156,1539.000000,4,7.194245e-14,1.503146e-16,2.403787e-20,2.349099e-11
6157,1539.250000,4,7.172041e-14,1.336150e-16,4.244429e-20,3.040723e-11
6158,1539.500000,4,7.149836e-14,1.503191e-16,2.716461e-20,1.559641e-11
6159,1539.750000,4,7.172041e-14,1.253765e-16,6.263412e-21,1.504041e-11
6160,1540.000000,4,7.172041e-14,1.336210e-16,3.795105e-21,1.577805e-11
6161,1540.250000,4,7.216450e-14,1.503259e-16,2.748225e-20,1.425526e-12
6162,1540.500000,4,7.216450e-14,1.503281e-16,-1.045556e-21,2.675904e-11
6163,1540.750000,4,7.149836e-14,1.308666e-16,1.086584e-20,7.629009e-12
6164,1541.000000,4,7.149836e-14,1.294839e-16,5.131829e-21,1.810418e-11
6165,1541.250000,4,7.238654e-14,1.503349e-16,1.290733e-20,-9.656276e-12
6166,1541.500000,4,7.216450e-14,1.169289e-16,1.154744e-20,6.498357e-12
6167,1541.750000,4,7.216450e-14,1.336350e-16,-6.203855e-21,2.303535e-11
6168,1542.000000,4,7.194245e-14,1.170678e-16,1.388671e-20,1.099343e-11
6169,1542.250000,4,7.216450e-14,1.666428e-16,-2.288643e-20,8.981260e-12
6170,1542.500000,4,7.194245e-14,1.239442e-16,2.722748e-20,1.408740e-11
6171,1542.750000,4,7.216450e-14,1.335790e-16,-1.085592e-20,3.076650e-12
6172,1543.000000,4,7.216450e-14,1.336450e-16,-1.193125e-20,1.772316e-11
6173,1543.250000,4,7.194245e-14,1.169411e-16,-1.527968e-20,3.764988e-12
6174,1543.500000,4,7.194245e-14,1.404476e-16,1.640465e-20,1.408695e-11
6175,1543.750000,4,7.238654e-14,1.184118e-16,2.792562e-21,1.655032e-11
6176,1544.000000,4,7.216450e-14,1.376827e-16,2.307503e-20,3.559686e-11
6177,1544.250000,4,7.194245e-14,1.128953e-16,1.491572e-20,9.941825e-12
6178,1544.500000,4,7.194245e-14,1.336570e-16,-2.335958e-21,2.202682e-12
6179,1544.750000,4,7.194245e-14,1.336590e-16,-2.321731e-20,1.639000e-11
6180,1545.000000,4,7.216450e-14,1.376606e-16,-1.334408e-20,9.077183e-12
6181,1545.250000,4,7.172041e-14,1.445378e-16,5.330352e-21,1.454215e-11
6182,1545.500000,4,7.238654e-14,1.503731e-16,3.656138e-21,3.136602e-12
6183,1545.750000,4,7.216450e-14,1.336670e-16,6.092020e-20,-7.874146e-12
6184,1546.000000,4,7.194245e-14,1.445204e-16,3.476806e-20,1.409006e-11
6185,1546.250000,4,7.238654e-14,1.336710e-16,-3.874514e-20,1.291367e-11
6186,1546.500000,4,7.172041e-14,1.183595e-16,1.419111e-20,2.359046e-11
6187,1546.750000,4,7.149836e-14,1.169656e-16,-6.044705e-20,2.407097e-11
6188,1547.000000,4,7.216450e-14,1.336770e-16,2.068613e-20,1.994760e-11
6189,1547.250000,4,7.238654e-14,1.169691e-16,-1.475690e-21,2.888356e-12
6190,1547.500000,4,7.194245e-14,1.503911e-16,1.754946e-20,1.459544e-11
6191,1547.750000,4,7.172041e-14,1.503933e-16,3.487063e-20,1.659961e-11
6192,1548.000000,4,7.194245e-14,1.503956e-16,2.921602e-20,4.611422e-12
6193,1548.250000,4,7.194245e-14,1.334610e-16,9.826906e-21,1.322675e-11
6194,1548.500000,4,7.238654e-14,1.472139e-16,-1.790019e-21,1.227729e-11
6195,1548.750000,4,7.194245e-14,1.403291e-16,3.755069e-20,3.481349e-11
6196,1549.000000,4,7.194245e-14,1.210634e-16,-1.819136e-20,2.325296e-11
6197,1549.250000,4,7.194245e-14,1.293125e-16,2.105671e-20,1.890443e-11
6198,1549.500000,4,7.216450e-14,1.336969e-16,2.489152e-20,2.109513e-11
6199,1549.750000,4,7.283063e-14,1.336989e-16,2.384596e-20,2.138734e-11
6200,1550.000000,4,7.216450e-14,1.182928e-16,-1.736418e-20,4.842571e-11
6201,1550.250000,4,7.194245e-14,1.337029e-16,2.338605e-20,1.653877e-11
6202,1550.500000,4,7.238654e-14,1.169918e-16,-1.321173e-20,1.144018e-11
6203,1550.750000,4,7.238654e-14,1.337069e-16,-1.158053e-20,6.227907e-12
6204,1551.000000,4,7.194245e-14,1.671361e-16,-2.103024e-20,1.504441e-11
6205,1551.250000,4,7.216450e-14,1.210194e-16,9.509268e-21,8.814727e-12
6206,1551.500000,4,7.283063e-14,1.337129e-16,-2.746571e-20,1.663203e-11
6207,1551.750000,4,7.194245e-14,1.251350e-16,3.143286e-22,3.130118e-11
6208,1552.000000,4,7.238654e-14,1.196297e-16,-3.468865e-20,1.176659e-11
6209,1552.250000,4,7.238654e-14,1.337189e-16,-3.137331e-20,2.625278e-11
6210,1552.500000,4,7.238654e-14,1.567435e-16,-1.825753e-20,2.939560e-11
6211,1552.750000,4,7.194245e-14,1.337229e-16,3.027481e-21,6.957102e-12
6212,1553.000000,4,7.172041e-14,1.504405e-16,1.436978e-20,1.084288e-11
6213,1553.250000,4,7.260859e-14,1.337269e-16,-2.557642e-21,1.157963e-11
6214,1553.500000,4,7.238654e-14,1.553434e-16,-8.036887e-21,2.979617e-11
6215,1553.750000,4,7.238654e-14,1.525878e-16,-3.666064e-21,3.734391e-11
6216,1554.000000,4,7.216450e-14,1.337329e-16,1.391980e-20,2.809619e-11
6217,1554.250000,4,7.194245e-14,1.337349e-16,9.671396e-21,2.919931e-11
6218,1554.500000,4,7.194245e-14,1.337368e-16,-5.869674e-21,1.091749e-11
6219,1554.750000,4,7.105427e-14,1.450037e-16,2.764438e-20,5.382361e-12
6220,1555.000000,4,7.260859e-14,1.337408e-16,-2.349193e-22,1.412737e-11
6221,1555.250000,4,7.216450e-14,1.374331e-16,-1.209338e-20,1.440625e-11
6222,1555.500000,4,7.194245e-14,1.168134e-16,-1.282792e-20,1.182920e-11
6223,1555.750000,4,7.194245e-14,1.456673e-16,4.754303e-20,2.444889e-11
6224,1556.000000,4,7.216450e-14,1.223006e-16,2.640361e-20,1.753397e-11
6225,1556.250000,4,7.238654e-14,1.195474e-16,-1.846267e-20,1.522693e-11
6226,1556.500000,4,7.194245e-14,1.337528e-16,-1.985233e-21,1.805267e-11
6227,1556.750000,4,7.216450e-14,1.291557e-16,4.713937e-20,1.429701e-11
6228,1557.000000,4,7.194245e-14,1.181589e-16,-2.977850e-21,2.654632e-11
6229,1557.250000,4,7.260859e-14,1.504786e-16,6.445391e-21,1.971756e-11
6230,1557.500000,4,7.283063e-14,1.270792e-16,-1.015116e-20,1.307976e-11
6231,1557.750000,4,7.216450e-14,1.504831e-16,-2.007402e-20,2.938227e-11
6232,1558.000000,4,7.194245e-14,1.337648e-16,-4.102816e-22,1.719114e-11
6233,1558.250000,4,7.216450e-14,1.337668e-16,2.914323e-20,6.954437e-13
6234,1558.500000,4,7.172041e-14,1.208774e-16,5.618211e-21,1.545430e-11
6235,1558.750000,4,7.149836e-14,1.170494e-16,-1.627891e-21,1.444755e-11
6236,1559.000000,4,7.216450e-14,1.337727e-16,-2.517938e-21,1.826939e-11
6237,1559.250000,4,7.238654e-14,1.337747e-16,-2.087804e-21,3.728573e-12
6238,1559.500000,4,7.283063e-14,1.504988e-16,2.828958e-21,3.054534e-11
6239,1559.750000,4,7.260859e-14,1.337787e-16,-3.428498e-20,1.440803e-11
6240,1560.000000,4,7.194245e-14,1.337807e-16,6.653841e-21,2.695000e-11
6241,1560.250000,4,7.194245e-14,1.170599e-16,6.081432e-21,5.870415e-12
6242,1560.500000,4,7.194245e-14,1.505078e-16,7.494256e-21,1.249711e-11
6243,1560.750000,4,7.238654e-14,1.337867e-16,-3.563163e-20,1.783595e-11
6244,1561.000000,4,7.216450e-14,1.337887e-16,1.987880e-20,1.476330e-11
6245,1561.250000,4,7.194245e-14,1.386728e-16,-9.055973e-21,3.255307e-11
6246,1561.500000,4,7.216450e-14,1.400403e-16,-1.439625e-20,6.063594e-12
6247,1561.750000,4,7.238654e-14,1.170703e-16,6.054962e-22,9.123813e-12
6248,1562.000000,4,7.216450e-14,1.505212e-16,2.590730e-20,1.600853e-11
6249,1562.250000,4,7.216450e-14,1.505235e-16,1.457161e-20,1.493738e-11
6250,1562.500000,4,7.194245e-14,1.173683e-16,9.175087e-21,2.181455e-11
6251,1562.750000,4,7.238654e-14,1.338026e-16,8.215558e-21,3.132339e-11
6252,1563.000000,4,7.194245e-14,1.386348e-16,3.580699e-20,1.065725e-11
6253,1563.250000,4,7.194245e-14,1.317665e-16,2.683374e-20,1.348965e-11
6254,1563.500000,4,7.172041e-14,1.386240e-16,3.745805e-20,2.416378e-11
6255,1563.750000,4,7.194245e-14,1.386186e-16,-4.112742e-21,3.071809e-11
6256,1564.000000,4,7.216450e-14,1.193995e-16,-7.279189e-23,2.282130e-11
6257,1564.250000,4,7.216450e-14,1.170877e-16,4.500193e-20,2.823164e-11
6258,1564.500000,4,7.216450e-14,1.248795e-16,-6.365982e-21,2.805400e-11
6259,1564.750000,4,7.238654e-14,1.505458e-16,5.912687e-21,1.036771e-11
6260,1565.000000,4,7.238654e-14,1.338205e-16,3.091339e-20,3.088285e-11
6261,1565.250000,4,7.238654e-14,1.170947e-16,4.190828e-20,1.792611e-11
6262,1565.500000,4,7.216450e-14,1.505526e-16,3.082075e-20,7.519763e-12
6263,1565.750000,4,7.238654e-14,1.170982e-16,1.027027e-20,1.216049e-11
6264,1566.000000,4,7.283063e-14,1.338285e-16,-1.810202e-20,2.160538e-11
6265,1566.250000,4,7.216450e-14,1.338305e-16,-2.756166e-20,1.148193e-11
6266,1566.500000,4,7.238654e-14,1.179818e-16,-1.331761e-20,9.283685e-12
6267,1566.750000,4,7.172041e-14,1.338344e-16,1.435324e-20,2.442357e-11
6268,1567.000000,4,7.238654e-14,1.171069e-16,-5.522258e-21,5.383427e-11
6269,1567.250000,4,7.238654e-14,1.338384e-16,2.663191e-20,2.422462e-11
6270,1567.500000,4,7.216450e-14,1.357956e-16,-1.260623e-21,2.460832e-11
6271,1567.750000,4,7.194245e-14,1.171121e-16,1.266248e-20,2.432010e-11
6272,1568.000000,4,7.260859e-14,1.338444e-16,2.335958e-20,4.846790e-12
6273,1568.250000,4,7.238654e-14,1.171156e-16,4.162373e-21,9.065637e-12
6274,1568.500000,4,7.194245e-14,1.338484e-16,2.756497e-20,1.735190e-11
6275,1568.750000,4,7.194245e-14,1.505817e-16,-2.243314e-20,3.402967e-11
6276,1569.000000,4,7.216450e-14,1.481070e-16,-1.332092e-20,2.637668e-11
6277,1569.250000,4,7.216450e-14,1.028482e-16,1.803915e-20,1.113643e-11
6278,1569.500000,4,7.194245e-14,1.338563e-16,2.180448e-21,1.554934e-11
6279,1569.750000,4,7.194245e-14,1.171260e-16,7.186545e-21,1.739542e-11
6280,1570.000000,4,7.194245e-14,1.505928e-16,-7.689471e-21,3.352030e-11
6281,1570.250000,4,7.194245e-14,1.338623e-16,8.536504e-21,2.397904e-11
6282,1570.500000,4,7.216450e-14,1.338643e-16,1.882663e-21,2.187672e-11
6283,1570.750000,4,7.194245e-14,1.453259e-16,-5.118594e-21,3.032197e-11
6284,1571.000000,4,7.216450e-14,1.494333e-16,1.933287e-20,1.144063e-11
6285,1571.250000,4,7.260859e-14,1.338702e-16,-1.433669e-20,1.890621e-11
6286,1571.500000,4,7.194245e-14,1.466804e-16,1.961742e-20,1.783329e-11
6287,1571.750000,4,7.260859e-14,1.338742e-16,7.394995e-21,1.396705e-11
6288,1572.000000,4,7.216450e-14,1.338762e-16,3.851022e-20,3.183187e-11
6289,1572.250000,4,7.238654e-14,1.219915e-16,2.027585e-20,1.215694e-11
6290,1572.500000,4,7.238654e-14,1.338802e-16,1.091878e-21,1.980105e-11
6291,1572.750000,4,7.283063e-14,1.260942e-16,2.723079e-21,2.546630e-11
6292,1573.000000,4,7.216450e-14,1.178662e-16,-8.602678e-22,1.798428e-11
6293,1573.250000,4,7.194245e-14,1.506219e-16,2.486505e-20,4.949818e-12
6294,1573.500000,4,7.216450e-14,1.338881e-16,4.022083e-20,1.138645e-11
6295,1573.750000,4,7.216450e-14,1.338901e-16,2.091113e-21,2.655920e-11
6296,1574.000000,4,7.260859e-14,1.506286e-16,-2.374339e-20,9.499512e-12
6297,1574.250000,4,7.283063e-14,1.338941e-16,1.514733e-20,1.173728e-11
6298,1574.500000,4,7.216450e-14,1.383934e-16,1.459147e-20,1.729328e-11
6299,1574.750000,4,7.260859e-14,1.226312e-16,1.229521e-20,1.808464e-11
6300,1575.000000,4,7.216450e-14,1.479740e-16,-5.768758e-20,9.693579e-12
6301,1575.250000,4,7.238654e-14,1.493386e-16,-9.095678e-21,2.917044e-11
6302,1575.500000,4,7.238654e-14,1.301527e-16,-1.172942e-20,5.254019e-12
6303,1575.750000,4,7.216450e-14,1.506443e-16,5.293956e-22,2.346168e-11
6304,1576.000000,4,7.172041e-14,1.506465e-16,9.261114e-21,3.721334e-11
6305,1576.250000,4,7.238654e-14,1.342479e-16,4.623940e-20,3.033263e-11
6306,1576.500000,4,7.260859e-14,1.219145e-16,4.144175e-20,3.420242e-11
6307,1576.750000,4,7.216450e-14,1.673924e-16,1.662302e-20,1.137757e-12
6308,1577.000000,4,7.216450e-14,1.339159e-16,2.274085e-20,2.861533e-11
6309,1577.250000,4,7.216450e-14,1.339179e-16,3.300451e-20,6.367795e-12
6310,1577.500000,4,7.194245e-14,1.339199e-16,2.194014e-20,8.012258e-12
6311,1577.750000,4,7.216450e-14,1.171817e-16,1.171619e-20,1.029488e-11
6312,1578.000000,4,7.305268e-14,1.650275e-16,-7.113753e-22,3.001421e-11
6313,1578.250000,4,7.238654e-14,1.339259e-16,3.823891e-20,7.276402e-12
6314,1578.500000,4,7.172041e-14,1.506688e-16,-2.298900e-20,1.324452e-11
6315,1578.750000,4,7.172041e-14,1.246128e-16,-1.311908e-20,1.063416e-11
6316,1579.000000,4,7.216450e-14,1.171904e-16,4.456849e-21,1.812683e-11
6317,1579.250000,4,7.238654e-14,1.171921e-16,-4.975988e-20,3.554224e-11
6318,1579.500000,4,7.172041e-14,1.339358e-16,1.502160e-20,2.465939e-11
6319,1579.750000,4,7.238654e-14,1.339378e-16,3.737533e-20,3.360956e-11
6320,1580.000000,4,7.238654e-14,1.339398e-16,-3.846390e-20,7.752465e-12
6321,1580.250000,4,7.216450e-14,1.339418e-16,4.039619e-20,3.582246e-11
6322,1580.500000,4,7.194245e-14,1.674297e-16,9.750805e-21,2.001421e-11
6323,1580.750000,4,7.194245e-14,1.339457e-16,3.416256e-20,1.463452e-11
6324,1581.000000,4,7.238654e-14,1.218339e-16,8.321437e-21,3.013856e-11
6325,1581.250000,4,7.260859e-14,1.273050e-16,6.495022e-21,2.017631e-11
6326,1581.500000,4,7.216450e-14,1.382509e-16,1.467088e-20,3.372636e-11
6327,1581.750000,4,7.238654e-14,1.190830e-16,-1.465764e-21,5.229595e-12
6328,1582.000000,4,7.216450e-14,1.339556e-16,1.372789e-20,1.115685e-11
6329,1582.250000,4,7.238654e-14,1.491851e-16,3.279606e-20,1.216494e-11
6330,1582.500000,4,7.238654e-14,1.172146e-16,1.809540e-20,2.437917e-11
6331,1582.750000,4,7.238654e-14,1.339616e-16,1.234815e-20,2.222444e-11
6332,1583.000000,4,7.238654e-14,1.339635e-16,1.532269e-20,-3.847145e-12
6333,1583.250000,4,7.194245e-14,1.339655e-16,1.540210e-20,2.319744e-11
6334,1583.500000,4,7.260859e-14,1.339675e-16,3.075788e-20,8.618883e-12
6335,1583.750000,4,7.238654e-14,1.339695e-16,2.502387e-20,3.524914e-11
6336,1584.000000,4,7.260859e-14,1.507179e-16,5.674459e-21,5.896617e-12
6337,1584.250000,4,7.238654e-14,1.423003e-16,-2.509997e-20,1.987122e-11
6338,1584.500000,4,7.216450e-14,1.339754e-16,-1.105113e-20,1.714495e-11
6339,1584.750000,4,7.216450e-14,1.339774e-16,2.259857e-20,2.752509e-11
6340,1585.000000,4,7.238654e-14,1.339793e-16,2.110303e-20,3.142953e-11
6341,1585.250000,4,7.172041e-14,1.586966e-16,3.041047e-20,2.137712e-11
6342,1585.500000,4,7.238654e-14,1.326984e-16,1.111731e-21,3.011280e-11
6343,1585.750000,4,7.238654e-14,1.367975e-16,-1.329776e-20,1.555911e-11
6344,1586.000000,4,7.238654e-14,1.339872e-16,7.782115e-21,1.042721e-11
6345,1586.250000,4,7.260859e-14,1.339892e-16,2.924249e-20,4.190470e-11
6346,1586.500000,4,7.194245e-14,1.545644e-16,-2.349193e-22,3.222134e-11
6347,1586.750000,4,7.172041e-14,1.172440e-16,9.879845e-21,3.244605e-11
6348,1587.000000,4,7.172041e-14,1.339951e-16,4.657027e-20,2.738965e-11
6349,1587.250000,4,7.216450e-14,1.339971e-16,3.017555e-21,2.264589e-11
6350,1587.500000,4,7.238654e-14,1.507490e-16,2.392206e-20,1.814193e-11
6351,1587.750000,4,7.216450e-14,1.743664e-16,-3.110530e-20,1.817613e-11
6352,1588.000000,4,7.260859e-14,1.176076e-16,-2.047768e-20,5.798029e-12
6353,1588.250000,4,7.260859e-14,1.340050e-16,-7.841672e-22,8.328449e-12
6354,1588.500000,4,7.238654e-14,1.340070e-16,1.552122e-20,-1.820766e-14
6355,1588.750000,4,7.216450e-14,1.216971e-16,-1.604730e-21,3.599787e-11
6356,1589.000000,4,7.238654e-14,1.346824e-16,1.199412e-20,3.407497e-11
6357,1589.250000,4,7.194245e-14,1.675161e-16,5.777029e-21,1.348255e-11
6358,1589.500000,4,7.283063e-14,1.172630e-16,3.381183e-20,1.698686e-11
6359,1589.750000,4,7.260859e-14,1.340169e-16,6.968169e-21,2.004352e-11
6360,1590.000000,4,7.238654e-14,1.172665e-16,1.101474e-20,2.894529e-11
6361,1590.250000,4,7.260859e-14,1.340208e-16,9.191631e-21,9.446666e-12
6362,1590.500000,4,7.149836e-14,1.507756e-16,-8.172544e-21,2.478817e-11
6363,1590.750000,4,7.238654e-14,1.507778e-16,4.542876e-21,1.586908e-11
6364,1591.000000,4,7.194245e-14,1.507801e-16,8.999725e-22,1.918954e-11
6365,1591.250000,4,7.194245e-14,1.243872e-16,2.184419e-20,1.401723e-11
6366,1591.500000,4,7.194245e-14,1.216490e-16,-1.164339e-20,9.103385e-12
6367,1591.750000,4,7.238654e-14,1.675408e-16,5.317117e-20,3.371969e-12
6368,1592.000000,4,7.194245e-14,1.340346e-16,8.989799e-21,3.079537e-11
6369,1592.250000,4,7.283063e-14,1.340366e-16,-1.390987e-20,2.093303e-11
6370,1592.500000,4,7.194245e-14,1.195816e-16,2.464006e-20,2.416956e-11
6371,1592.750000,4,7.238654e-14,1.223106e-16,-1.297681e-20,2.412648e-11
6372,1593.000000,4,7.260859e-14,1.229895e-16,-1.384369e-20,1.664358e-11
6373,1593.250000,4,7.238654e-14,1.393831e-16,-1.940566e-20,1.033396e-11
6374,1593.500000,4,7.194245e-14,1.340464e-16,5.262192e-20,1.083356e-11
6375,1593.750000,4,7.172041e-14,1.508045e-16,-1.980601e-20,1.844302e-12
6376,1594.000000,4,7.260859e-14,1.508067e-16,4.437328e-20,9.185985e-12
6377,1594.250000,4,7.238654e-14,1.172958e-16,-3.778561e-21,3.981526e-11
6378,1594.500000,4,7.238654e-14,1.340543e-16,2.292945e-20,8.249845e-12
6379,1594.750000,4,7.238654e-14,1.325222e-16,7.087283e-21,1.099032e-11
6380,1595.000000,4,7.194245e-14,1.340583e-16,2.303202e-20,2.179279e-11
6381,1595.250000,4,7.238654e-14,1.209008e-16,-1.151766e-20,2.922995e-11
6382,1595.500000,4,7.238654e-14,1.173044e-16,1.185515e-20,1.354739e-11
6383,1595.750000,4,7.305268e-14,1.340642e-16,-9.284275e-21,2.161737e-11
6384,1596.000000,4,7.216450e-14,1.508244e-16,1.664287e-21,2.179990e-11
6385,1596.250000,4,7.238654e-14,1.173096e-16,8.562974e-21,2.476597e-11
6386,1596.500000,4,7.238654e-14,1.173113e-16,3.383500e-20,3.202816e-11
6387,1596.750000,4,7.216450e-14,1.283871e-16,-1.196434e-20,5.806911e-12
6388,1597.000000,4,7.283063e-14,1.475033e-16,4.685151e-21,2.799982e-11
6389,1597.250000,4,7.260859e-14,1.229151e-16,-1.555100e-22,1.063194e-11
6390,1597.500000,4,7.194245e-14,1.005585e-16,1.931301e-20,2.786438e-11
6391,1597.750000,4,7.238654e-14,1.508399e-16,5.006097e-21,1.101741e-11
6392,1598.000000,4,7.216450e-14,1.242676e-16,1.428375e-20,4.793943e-12
6393,1598.250000,4,7.238654e-14,1.340839e-16,-2.177139e-21,7.668088e-12
6394,1598.500000,4,7.216450e-14,1.173251e-16,-1.250697e-20,-2.943423e-12
6395,1598.750000,4,7.260859e-14,1.201581e-16,2.218498e-20,2.589085e-11
6396,1599.000000,4,7.260859e-14,1.340898e-16,1.922368e-20,7.283063e-14
6397,1599.250000,4,7.172041e-14,1.419949e-16,2.580473e-20,2.029177e-11
6398,1599.500000,4,7.216450e-14,1.340937e-16,3.531730e-20,1.828360e-11
6399,1599.750000,4,7.238654e-14,1.340957e-16,-2.147361e-20,1.234790e-11
6400,1600.000000,4,7.172041e-14,1.228672e-16,-1.091217e-20,2.720091e-11
6401,1600.250000,4,7.194245e-14,1.340996e-16,-5.813425e-21,1.746070e-11
6402,1600.500000,4,7.260859e-14,1.310491e-16,9.443094e-21,2.570610e-11
6403,1600.750000,4,7.194245e-14,1.341036e-16,-1.544512e-20,1.094902e-11
6404,1601.000000,4,7.149836e-14,1.508687e-16,4.147153e-20,1.572431e-11
6405,1601.250000,4,7.238654e-14,1.173441e-16,4.112080e-20,1.813216e-11
6406,1601.500000,4,7.238654e-14,1.341095e-16,3.767642e-20,1.400657e-11
6407,1601.750000,4,7.216450e-14,1.341114e-16,-5.158298e-21,1.103251e-11
6408,1602.000000,4,7.260859e-14,1.160085e-16,1.565026e-21,2.446576e-11
6409,1602.250000,4,7.194245e-14,1.214634e-16,1.152097e-20,1.109690e-11
6410,1602.500000,4,7.216450e-14,1.341173e-16,1.655354e-20,2.118572e-11
6411,1602.750000,4,7.238654e-14,1.676491e-16,-1.458154e-20,2.067546e-11
6412,1603.000000,4,7.216450e-14,1.173561e-16,2.374339e-20,1.344702e-11
6413,1603.250000,4,7.216450e-14,1.508886e-16,4.685151e-21,8.965273e-12
6414,1603.500000,4,7.305268e-14,1.330405e-16,8.337981e-22,2.346168e-11
6415,1603.750000,4,7.194245e-14,1.378114e-16,-2.944763e-21,3.253087e-11
6416,1604.000000,4,7.260859e-14,1.341291e-16,-1.280145e-20,7.856382e-12
6417,1604.250000,4,7.194245e-14,1.193827e-16,1.189486e-20,3.652367e-11
6418,1604.500000,4,7.305268e-14,1.341331e-16,3.597905e-20,2.020561e-11
6419,1604.750000,4,7.238654e-14,1.509019e-16,3.905947e-20,2.244649e-11
6420,1605.000000,4,7.238654e-14,1.341370e-16,2.582789e-20,1.244915e-11
6421,1605.250000,4,7.238654e-14,1.509063e-16,9.687939e-21,1.378142e-11
6422,1605.500000,4,7.283063e-14,1.459624e-16,-1.810864e-20,2.286304e-11
6423,1605.750000,4,7.238654e-14,1.241319e-16,1.075004e-20,5.180745e-12
6424,1606.000000,4,7.238654e-14,1.268556e-16,1.709948e-20,1.224310e-11
6425,1606.250000,4,7.238654e-14,1.341468e-16,5.813425e-21,2.486233e-11
6426,1606.500000,4,7.149836e-14,1.676860e-16,2.911676e-20,2.589751e-11
6427,1606.750000,4,7.194245e-14,1.341508e-16,2.268129e-20,1.816503e-11
6428,1607.000000,4,7.238654e-14,1.341527e-16,-1.489918e-20,7.321255e-12
6429,1607.250000,4,7.283063e-14,1.404714e-16,3.942674e-20,1.184253e-11
6430,1607.500000,4,7.260859e-14,1.173871e-16,4.890292e-20,1.736300e-11
6431,1607.750000,4,7.283063e-14,1.445527e-16,5.244987e-20,1.071276e-11
6432,1608.000000,4,7.194245e-14,1.341606e-16,2.036850e-20,1.460343e-11
6433,1608.250000,4,7.216450e-14,1.295429e-16,-2.686352e-20,-1.749711e-13
6434,1608.500000,4,7.238654e-14,1.459011e-16,-1.220257e-20,2.544542e-11
6435,1608.750000,4,7.194245e-14,1.377149e-16,4.708312e-21,1.728084e-11
6436,1609.000000,4,7.238654e-14,1.509395e-16,-6.541344e-21,2.990497e-11
6437,1609.250000,4,7.283063e-14,1.186175e-16,3.060568e-21,-5.921930e-12
6438,1609.500000,4,7.216450e-14,1.174009e-16,1.614326e-20,1.420641e-11
6439,1609.750000,4,7.194245e-14,1.341744e-16,9.780584e-21,8.432366e-12
6440,1610.000000,4,7.194245e-14,1.186051e-16,1.319849e-20,5.528022e-12
6441,1610.250000,4,7.260859e-14,1.342781e-16,-2.851457e-20,5.188738e-12
6442,1610.500000,4,7.238654e-14,1.174077e-16,-1.699360e-20,2.690559e-11
6443,1610.750000,4,7.194245e-14,1.341822e-16,4.982936e-21,1.316058e-11
6444,1611.000000,4,7.260859e-14,1.509572e-16,-1.160369e-20,1.729017e-11
6445,1611.250000,4,7.238654e-14,1.341862e-16,1.717227e-20,-1.255440e-12
6446,1611.500000,4,7.260859e-14,1.174146e-16,4.270899e-20,1.561862e-11
6447,1611.750000,4,7.238654e-14,1.341901e-16,-1.563040e-20,1.062705e-11
6448,1612.000000,4,7.216450e-14,1.174181e-16,6.753103e-21,2.254819e-11
6449,1612.250000,4,7.283063e-14,1.362850e-16,-6.293190e-21,3.048628e-11
6450,1612.500000,4,7.216450e-14,1.174215e-16,5.604976e-21,9.261480e-12
6451,1612.750000,4,7.238654e-14,1.341980e-16,4.638829e-21,4.118439e-11
6452,1613.000000,4,7.216450e-14,1.174249e-16,1.971668e-20,3.130030e-11
6453,1613.250000,4,7.216450e-14,1.376287e-16,1.247719e-20,3.484901e-11
6454,1613.500000,4,7.216450e-14,1.174284e-16,-3.585332e-20,9.038548e-12
6455,1613.750000,4,7.194245e-14,1.178619e-16,4.624932e-20,3.285017e-11
6456,1614.000000,4,7.260859e-14,1.174318e-16,3.922490e-20,2.018385e-12
6457,1614.250000,4,7.238654e-14,1.342097e-16,-2.735983e-20,1.098455e-11
6458,1614.500000,4,7.194245e-14,1.376048e-16,-1.232168e-20,6.513012e-12
6459,1614.750000,4,7.283063e-14,1.457743e-16,1.884317e-20,3.977441e-11
6460,1615.000000,4,7.283063e-14,1.253343e-16,1.393965e-20,1.986189e-11
6461,1615.250000,4,7.238654e-14,1.457642e-16,2.064643e-20,-1.438849e-12
6462,1615.500000,4,7.238654e-14,1.174421e-16,-1.625906e-20,2.294165e-12
6463,1615.750000,4,7.238654e-14,1.342215e-16,-1.225882e-20,1.516964e-11
6464,1616.000000,4,7.260859e-14,1.307655e-16,-5.245318e-20,1.611467e-11
6465,1616.250000,4,7.216450e-14,1.362094e-16,-1.786048e-20,9.114043e-12
6466,1616.500000,4,7.260859e-14,1.174490e-16,-8.834289e-21,4.667378e-13
6467,1616.750000,4,7.238654e-14,1.510081e-16,1.615318e-20,3.846701e-12
6468,1617.000000,4,7.260859e-14,1.342313e-16,-1.552453e-20,2.440625e-11
6469,1617.250000,4,7.216450e-14,1.510125e-16,1.349628e-20,1.650058e-11
6470,1617.500000,4,7.260859e-14,1.342353e-16,-4.470084e-21,1.509370e-11
6471,1617.750000,4,7.238654e-14,1.174576e-16,-2.584112e-20,1.956524e-11
6472,1618.000000,4,7.194245e-14,1.342392e-16,3.724298e-20,-2.180478e-12
6473,1618.250000,4,7.194245e-14,1.342412e-16,-2.979505e-20,1.671419e-11
6474,1618.500000,4,7.216450e-14,1.075720e-16,-1.307938e-20,1.790879e-11
6475,1618.750000,4,7.238654e-14,1.342451e-16,3.183653e-20,1.467670e-11
6476,1619.000000,4,7.260859e-14,1.342471e-16,2.633743e-21,4.134471e-13
6477,1619.250000,4,7.194245e-14,1.429606e-16,-2.981159e-21,2.218847e-11
6478,1619.500000,4,7.216450e-14,1.342510e-16,-1.273196e-20,2.271294e-11
6479,1619.750000,4,7.260859e-14,1.184449e-16,-3.609816e-21,8.874235e-12
6480,1620.000000,4,7.260859e-14,1.266092e-16,1.087246e-20,1.569767e-11
6481,1620.250000,4,7.305268e-14,1.342569e-16,-2.167544e-20,2.921530e-11
6482,1620.500000,4,7.260859e-14,1.174765e-16,2.459043e-20,2.756151e-11
6483,1620.750000,4,7.216450e-14,1.293184e-16,2.198315e-20,1.089218e-11
6484,1621.000000,4,7.238654e-14,1.408841e-16,5.866365e-21,1.377787e-11
6485,1621.250000,4,7.260859e-14,1.225036e-16,3.177366e-20,6.433964e-12
6486,1621.500000,4,7.260859e-14,1.174833e-16,8.397538e-21,8.749002e-12
6487,1621.750000,4,7.238654e-14,1.510522e-16,-8.129531e-21,1.981082e-12
6488,1622.000000,4,7.194245e-14,1.306566e-16,1.877038e-20,1.372058e-11
6489,1622.250000,4,7.238654e-14,1.342726e-16,2.228094e-20,2.034017e-11
6490,1622.500000,4,7.260859e-14,1.342745e-16,2.656573e-20,4.870770e-12
6491,1622.750000,4,7.283063e-14,1.342765e-16,4.777464e-20,2.009770e-11
6492,1623.000000,4,7.260859e-14,1.510633e-16,3.312031e-21,1.615819e-11
6493,1623.250000,4,7.260859e-14,1.342804e-16,2.607273e-21,1.400657e-11
6494,1623.500000,4,7.238654e-14,1.342824e-16,3.340155e-20,1.544231e-11
6495,1623.750000,4,7.260859e-14,1.510699e-16,-4.886983e-21,2.658096e-11
6496,1624.000000,4,7.260859e-14,1.342863e-16,1.876046e-21,2.152989e-11
6497,1624.250000,4,7.216450e-14,1.342883e-16,-1.697375e-20,1.076605e-11
6498,1624.500000,4,7.238654e-14,1.175040e-16,3.401367e-21,3.740297e-11
6499,1624.750000,4,7.238654e-14,1.523730e-16,1.813180e-20,1.867217e-11
6500,1625.000000,4,7.238654e-14,1.342942e-16,6.673693e-21,2.204592e-11
6501,1625.250000,4,7.194245e-14,1.342961e-16,3.795105e-21,1.565326e-11
6502,1625.500000,4,7.216450e-14,1.342981e-16,2.746571e-20,2.129452e-11
6503,1625.750000,4,7.216450e-14,1.175125e-16,1.658663e-20,1.863976e-11
6504,1626.000000,4,7.172041e-14,1.387433e-16,4.969039e-20,2.774003e-11
6505,1626.250000,4,7.260859e-14,1.343040e-16,4.128955e-20,1.929701e-11
6506,1626.500000,4,7.260859e-14,1.510942e-16,3.034760e-20,2.450529e-11
6507,1626.750000,4,7.283063e-14,1.343079e-16,5.538140e-20,6.567191e-12
6508,1627.000000,4,7.260859e-14,1.510986e-16,-6.511566e-21,9.486634e-12
6509,1627.250000,4,7.260859e-14,1.142386e-16,-3.503275e-20,2.510747e-11
6510,1627.500000,4,7.238654e-14,1.251139e-16,-8.377685e-21,1.904255e-11
6511,1627.750000,4,7.216450e-14,1.343157e-16,1.309592e-20,5.107470e-12
6512,1628.000000,4,7.194245e-14,1.511074e-16,-1.367826e-20,9.067858e-12
6513,1628.250000,4,7.260859e-14,1.343196e-16,-2.149015e-20,2.761791e-11
6514,1628.500000,4,7.283063e-14,1.679020e-16,1.759579e-20,2.475220e-11
6515,1628.750000,4,7.260859e-14,1.511140e-16,2.508342e-20,1.653344e-11
6516,1629.000000,4,7.172041e-14,1.175348e-16,7.272572e-21,-1.782530e-11
6517,1629.250000,4,7.194245e-14,1.182842e-16,2.547716e-21,2.847411e-11
6518,1629.500000,4,7.216450e-14,1.511206e-16,-1.429699e-20,5.940137e-12
6519,1629.750000,4,7.194245e-14,1.434262e-16,3.960872e-20,2.011502e-11
6520,1630.000000,4,7.260859e-14,1.511250e-16,1.719874e-20,2.944756e-11
6521,1630.250000,4,7.260859e-14,1.679191e-16,-4.953158e-21,1.913891e-11
6522,1630.500000,4,7.305268e-14,1.343373e-16,2.334635e-20,1.585665e-11
6523,1630.750000,4,7.216450e-14,1.679240e-16,-1.932294e-21,3.414202e-11
6524,1631.000000,4,7.260859e-14,1.223318e-16,7.656384e-21,3.090861e-11
6525,1631.250000,4,7.238654e-14,1.175502e-16,1.508447e-20,2.878808e-11
6526,1631.500000,4,7.238654e-14,1.114498e-16,2.385258e-20,9.535928e-12
6527,1631.750000,4,7.194245e-14,1.343470e-16,2.298569e-20,1.816947e-11
6528,1632.000000,4,7.194245e-14,1.250321e-16,-1.965381e-21,2.572786e-11
6529,1632.250000,4,7.260859e-14,1.343510e-16,-4.880366e-21,1.606848e-11
6530,1632.500000,4,7.238654e-14,1.511470e-16,5.141755e-21,2.167022e-11
6531,1632.750000,4,7.216450e-14,1.175605e-16,-1.150774e-20,3.229816e-11
6532,1633.000000,4,7.260859e-14,1.589849e-16,-2.673448e-21,2.171330e-11
6533,1633.250000,4,7.238654e-14,1.343588e-16,5.270795e-21,1.581357e-11
6534,1633.500000,4,7.260859e-14,1.195697e-16,1.734763e-20,2.760592e-11
6535,1633.750000,4,7.216450e-14,1.250001e-16,-1.356245e-20,3.932987e-11
6536,1634.000000,4,7.260859e-14,1.343647e-16,-1.876377e-20,2.120215e-11
6537,1634.250000,4,7.283063e-14,1.343666e-16,-1.950161e-20,2.836442e-11
6538,1634.500000,4,7.216450e-14,1.175725e-16,1.123973e-20,8.869794e-12
6539,1634.750000,4,7.194245e-14,1.175742e-16,1.250697e-20,8.193446e-12
6540,1635.000000,4,7.216450e-14,1.343725e-16,1.426390e-20,1.986233e-11
6541,1635.250000,4,7.172041e-14,1.195390e-16,-2.460366e-20,1.734968e-11
6542,1635.500000,4,7.238654e-14,1.467016e-16,6.653841e-21,2.205303e-11
6543,1635.750000,4,7.260859e-14,1.175811e-16,-2.721424e-20,1.487388e-11
6544,1636.000000,4,7.194245e-14,1.276753e-16,1.427383e-20,8.038015e-13
6545,1636.250000,4,7.216450e-14,1.343823e-16,4.542876e-21,2.913580e-11
6546,1636.500000,4,7.260859e-14,1.344567e-16,9.668087e-21,2.208322e-11
6547,1636.750000,4,7.283063e-14,1.511844e-16,2.880905e-20,1.489520e-11
6548,1637.000000,4,7.216450e-14,1.511866e-16,5.225465e-20,1.022826e-11
6549,1637.250000,4,7.172041e-14,1.466638e-16,-2.400809e-20,2.873701e-12
6550,1637.500000,4,7.327472e-14,1.343920e-16,1.179890e-20,1.582068e-11
6551,1637.750000,4,7.216450e-14,1.175948e-16,2.635067e-20,8.525181e-12
6552,1638.000000,4,7.194245e-14,1.511955e-16,-3.119464e-20,2.827205e-11
6553,1638.250000,4,7.238654e-14,1.384954e-16,1.490910e-20,1.787370e-11
6554,1638.500000,4,7.260859e-14,1.262706e-16,-2.753850e-20,3.874900e-11
6555,1638.750000,4,7.327472e-14,1.466314e-16,5.876291e-21,2.929568e-11
6556,1639.000000,4,7.305268e-14,1.262613e-16,-1.179229e-20,8.947509e-12
6557,1639.250000,4,7.216450e-14,1.344057e-16,-3.862603e-20,1.968159e-11
6558,1639.500000,4,7.238654e-14,1.512087e-16,6.921847e-21,3.233724e-11
6559,1639.750000,4,7.216450e-14,1.194598e-16,3.943997e-21,2.246381e-11
6560,1640.000000,4,7.238654e-14,1.176102e-16,1.696713e-20,2.363487e-11
6561,1640.250000,4,7.216450e-14,1.344136e-16,-1.189155e-20,2.910117e-12
6562,1640.500000,4,7.260859e-14,1.343774e-16,-1.206691e-20,2.965850e-11
6563,1640.750000,4,7.283063e-14,1.330151e-16,-4.203732e-20,2.245759e-11
6564,1641.000000,4,7.238654e-14,1.176170e-16,1.293710e-21,2.967537e-11
6565,1641.250000,4,7.238654e-14,1.344214e-16,-7.100518e-21,2.319567e-11
6566,1641.500000,4,7.238654e-14,1.512262e-16,3.539340e-20,1.901679e-11
6567,1641.750000,4,7.238654e-14,1.344253e-16,3.091009e-20,1.995204e-11
6568,1642.000000,4,7.238654e-14,1.512306e-16,1.373120e-20,8.935519e-12
6569,1642.250000,4,7.216450e-14,1.275576e-16,5.796882e-21,1.716138e-11
6570,1642.500000,4,7.216450e-14,1.370515e-16,1.809871e-21,4.027401e-11
6571,1642.750000,4,7.238654e-14,1.176289e-16,2.005086e-21,1.623857e-11
6572,1643.000000,4,7.172041e-14,1.344350e-16,1.760240e-20,1.547340e-11
6573,1643.250000,4,7.283063e-14,1.176323e-16,2.739291e-20,2.663736e-11
6574,1643.500000,4,7.260859e-14,1.344389e-16,1.409185e-20,1.713296e-11
6575,1643.750000,4,7.283063e-14,1.176357e-16,-4.413836e-21,9.428014e-12
6576,1644.000000,4,7.172041e-14,1.573707e-16,-2.729696e-20,1.898837e-11
6577,1644.250000,4,7.260859e-14,1.176391e-16,1.912111e-20,1.409850e-11
6578,1644.500000,4,7.238654e-14,1.695680e-16,1.064416e-20,1.783240e-11
6579,1644.750000,4,7.216450e-14,1.512547e-16,2.289636e-21,1.448219e-11
6580,1645.000000,4,7.238654e-14,1.512569e-16,1.109084e-20,2.362111e-11
6581,1645.250000,4,7.238654e-14,1.344525e-16,1.018756e-20,3.590017e-11
6582,1645.500000,4,7.216450e-14,1.512613e-16,1.752630e-20,2.889422e-11
6583,1645.750000,4,7.283063e-14,1.274915e-16,-1.379737e-21,2.082912e-11
6584,1646.000000,4,7.260859e-14,1.369804e-16,1.155075e-20,4.783285e-12
6585,1646.250000,4,7.238654e-14,1.288382e-16,8.827671e-21,1.588818e-11
6586,1646.500000,4,7.238654e-14,1.344622e-16,3.116817e-20,1.205258e-11
6587,1646.750000,4,7.305268e-14,1.344642e-16,1.472381e-20,1.137224e-11
6588,1647.000000,4,7.260859e-14,1.344661e-16,-9.833523e-21,1.450307e-11
6589,1647.250000,4,7.283063e-14,1.176596e-16,2.972887e-20,2.440670e-11
6590,1647.500000,4,7.305268e-14,1.512788e-16,2.312797e-21,3.048850e-11
6591,1647.750000,4,7.194245e-14,1.344720e-16,-3.182991e-21,-1.886935e-12
6592,1648.000000,4,7.194245e-14,1.176647e-16,2.004424e-20,3.198508e-11
6593,1648.250000,4,7.216450e-14,1.355788e-16,1.232168e-20,-1.098854e-11
6594,1648.500000,4,7.238654e-14,1.344778e-16,1.790019e-20,2.396350e-11
6595,1648.750000,4,7.238654e-14,1.274346e-16,6.590975e-21,4.010614e-11
6596,1649.000000,4,7.260859e-14,1.176715e-16,-5.111976e-21,-2.959410e-12
6597,1649.250000,4,7.283063e-14,1.125136e-16,1.399259e-20,1.928857e-11
6598,1649.500000,4,7.260859e-14,1.344856e-16,-3.712387e-21,1.884448e-11
6599,1649.750000,4,7.216450e-14,1.344875e-16,-8.205632e-22,1.610045e-11
6600,1650.000000,4,7.260859e-14,1.477424e-16,6.422230e-21,1.966338e-11
6601,1650.250000,4,7.238654e-14,1.513028e-16,1.673883e-20,9.985790e-12
6602,1650.500000,4,7.216450e-14,1.192694e-16,3.247511e-20,2.307488e-12
6603,1650.750000,4,7.216450e-14,1.344953e-16,-3.040385e-20,1.305045e-11
6604,1651.000000,4,7.216450e-14,1.344972e-16,2.797856e-20,2.101119e-11
6605,1651.250000,4,7.172041e-14,1.344992e-16,-3.433130e-20,9.791279e-12
6606,1651.500000,4,7.238654e-14,1.513138e-16,-2.159272e-20,1.527267e-11
6607,1651.750000,4,7.305268e-14,1.490589e-16,3.282253e-20,2.897727e-11
6608,1652.000000,4,7.238654e-14,1.382131e-16,1.507454e-20,2.605693e-11
6609,1652.250000,4,7.216450e-14,1.544677e-16,1.020741e-20,2.239098e-11
6610,1652.500000,4,7.260859e-14,1.666563e-16,-3.507246e-21,3.688472e-11
6611,1652.750000,4,7.283063e-14,1.345108e-16,4.718238e-21,1.965850e-11
6612,1653.000000,4,7.238654e-14,1.219345e-16,1.679838e-20,2.355316e-11
6613,1653.250000,4,7.283063e-14,1.345147e-16,3.801722e-21,1.141132e-11
6614,1653.500000,4,7.260859e-14,1.205707e-16,5.076573e-20,7.841727e-12
6615,1653.750000,4,7.327472e-14,1.517237e-16,3.970467e-21,1.876188e-11
6616,1654.000000,4,7.260859e-14,1.178524e-16,4.874079e-20,3.951728e-11
6617,1654.250000,4,7.260859e-14,1.449395e-16,-2.227432e-20,2.514788e-11
6618,1654.500000,4,7.216450e-14,1.345244e-16,1.247057e-20,2.946665e-11
6619,1654.750000,4,7.283063e-14,1.191937e-16,-8.129531e-21,4.287948e-11
6620,1655.000000,4,7.216450e-14,1.345283e-16,-1.478999e-21,1.476641e-11
6621,1655.250000,4,7.260859e-14,1.205392e-16,4.021421e-20,1.530642e-11
6622,1655.500000,4,7.260859e-14,1.177157e-16,8.582826e-21,2.177591e-11
6623,1655.750000,4,7.260859e-14,1.513509e-16,2.872633e-20,1.518341e-11
6624,1656.000000,4,7.260859e-14,1.513531e-16,-2.174162e-20,2.656098e-12
6625,1656.250000,4,7.283063e-14,1.849898e-16,3.522466e-20,4.510614e-12
6626,1656.500000,4,7.216450e-14,1.345400e-16,1.346981e-20,3.053602e-11
6627,1656.750000,4,7.194245e-14,1.513597e-16,-4.221599e-20,8.743228e-12
6628,1657.000000,4,7.305268e-14,1.177259e-16,1.299997e-20,3.134115e-11
6629,1657.250000,4,7.238654e-14,1.513640e-16,3.060568e-20,3.258194e-11
6630,1657.500000,4,7.283063e-14,1.353916e-16,-5.829969e-21,8.882672e-12
6631,1657.750000,4,7.238654e-14,1.374174e-16,-9.721027e-21,9.056755e-12
6632,1658.000000,4,7.238654e-14,1.513706e-16,1.322496e-20,1.199796e-11
6633,1658.250000,4,7.260859e-14,1.245463e-16,4.434350e-20,1.774136e-12
6634,1658.500000,4,7.238654e-14,1.345555e-16,-2.951711e-20,2.689449e-11
6635,1658.750000,4,7.283063e-14,1.434883e-16,3.051966e-20,2.015188e-11
6636,1659.000000,4,7.194245e-14,1.345594e-16,2.764438e-20,2.517675e-11
6637,1659.250000,4,7.305268e-14,1.272348e-16,-7.471095e-21,2.828493e-11
6638,1659.500000,4,7.194245e-14,1.360278e-16,1.978947e-20,3.445377e-11
6639,1659.750000,4,7.283063e-14,1.177446e-16,2.723079e-21,2.817790e-11
6640,1660.000000,4,7.216450e-14,1.345672e-16,7.881377e-21,2.408207e-11
6641,1660.250000,4,7.305268e-14,1.513902e-16,-9.896389e-21,2.036415e-11
6642,1660.500000,4,7.283063e-14,1.217977e-16,2.375994e-20,2.328848e-11
6643,1660.750000,4,7.260859e-14,1.345730e-16,5.264508e-20,1.915934e-11
6644,1661.000000,4,7.216450e-14,1.513968e-16,2.306180e-21,2.986411e-11
6645,1661.250000,4,7.260859e-14,1.488471e-16,3.582685e-20,2.479306e-11
6646,1661.500000,4,7.305268e-14,1.461353e-16,4.701695e-21,2.570655e-11
6647,1661.750000,4,7.260859e-14,1.345807e-16,-1.369811e-20,3.325251e-11
6648,1662.000000,4,7.283063e-14,1.177598e-16,3.623051e-21,1.078782e-11
6649,1662.250000,4,7.283063e-14,1.345846e-16,-1.195441e-20,1.399192e-11
6650,1662.500000,4,7.238654e-14,1.345866e-16,-6.587666e-21,3.716893e-11
6651,1662.750000,4,7.283063e-14,1.345885e-16,3.649521e-20,2.244116e-11
6652,1663.000000,4,7.283063e-14,1.514142e-16,-6.849055e-22,2.280531e-11
6653,1663.250000,4,7.260859e-14,1.345924e-16,-7.993873e-21,6.113332e-12
6654,1663.500000,4,7.260859e-14,1.514186e-16,-1.786710e-21,1.800604e-11
6655,1663.750000,4,7.260859e-14,1.345962e-16,2.123207e-20,2.013989e-11
6656,1664.000000,4,7.216450e-14,1.345982e-16,2.241659e-20,2.034106e-11
6657,1664.250000,4,7.216450e-14,1.514251e-16,3.258430e-20,3.413003e-11
6658,1664.500000,4,7.238654e-14,1.514273e-16,1.283453e-20,2.741452e-11
6659,1664.750000,4,7.260859e-14,1.346040e-16,-9.423242e-21,9.639844e-12
6660,1665.000000,4,7.238654e-14,1.223916e-16,1.186177e-20,1.740696e-11
6661,1665.250000,4,7.260859e-14,1.177819e-16,-1.975638e-20,1.813838e-11
6662,1665.500000,4,7.260859e-14,1.311723e-16,2.063319e-20,2.270362e-11
6663,1665.750000,4,7.216450e-14,1.346117e-16,-4.185534e-21,1.572564e-11
6664,1666.000000,4,7.194245e-14,1.346137e-16,5.241016e-20,2.616485e-11
6665,1666.250000,4,7.238654e-14,1.433267e-16,-4.745701e-20,3.686784e-11
6666,1666.500000,4,7.216450e-14,1.177904e-16,-1.620943e-20,1.806555e-11
6667,1666.750000,4,7.260859e-14,1.346195e-16,-6.842438e-21,3.271783e-11
6668,1667.000000,4,7.283063e-14,1.480425e-16,-1.020079e-20,2.451817e-11
6669,1667.250000,4,7.238654e-14,1.346234e-16,-9.998959e-21,1.942357e-11
6670,1667.500000,4,7.305268e-14,1.346253e-16,-3.953923e-20,1.665867e-11
6671,1667.750000,4,7.194245e-14,1.346272e-16,4.417144e-21,2.358869e-11
6672,1668.000000,4,7.216450e-14,1.311229e-16,1.277829e-20,3.217249e-11
6673,1668.250000,4,7.283063e-14,1.346311e-16,5.586447e-20,3.237854e-12
6674,1668.500000,4,7.283063e-14,1.346331e-16,1.207684e-21,1.609557e-11
6675,1668.750000,4,7.260859e-14,1.346350e-16,-2.140743e-20,3.751666e-11
6676,1669.000000,4,7.283063e-14,1.346369e-16,3.784848e-20,3.367573e-11
6677,1669.250000,4,7.216450e-14,1.346389e-16,2.326032e-21,1.553113e-11
6678,1669.500000,4,7.238654e-14,1.346408e-16,1.022064e-20,2.447242e-11
6679,1669.750000,4,7.216450e-14,1.178124e-16,2.120891e-20,3.007194e-11
6680,1670.000000,4,7.283063e-14,1.514753e-16,1.300990e-20,1.841016e-11
6681,1670.250000,4,7.216450e-14,1.270245e-16,-9.350450e-21,1.480505e-11
6682,1670.500000,4,7.305268e-14,1.324248e-16,2.371031e-20,1.273293e-11
6683,1670.750000,4,7.238654e-14,1.346505e-16,4.118698e-20,1.181411e-11
6684,1671.000000,4,7.194245e-14,1.178209e-16,-9.297510e-21,1.722089e-11
6685,1671.250000,4,7.260859e-14,1.445699e-16,-2.565583e-20,5.837553e-12
6686,1671.500000,4,7.260859e-14,1.346563e-16,9.314054e-21,2.160094e-11
6687,1671.750000,4,7.260859e-14,1.346582e-16,2.380626e-20,2.783818e-11
6688,1672.000000,4,7.238654e-14,1.202361e-16,-1.879354e-20,1.104095e-11
6689,1672.250000,4,7.260859e-14,1.391444e-16,2.556650e-20,1.976730e-11
6690,1672.500000,4,7.327472e-14,1.188762e-16,5.770412e-21,3.027356e-12
6691,1672.750000,4,7.238654e-14,1.683325e-16,1.025042e-20,5.658585e-12
6692,1673.000000,4,7.327472e-14,1.346679e-16,2.961968e-20,1.155609e-11
6693,1673.250000,4,7.283063e-14,1.346698e-16,-1.213970e-20,2.041300e-11
6694,1673.500000,4,7.238654e-14,1.178378e-16,-1.326467e-20,7.819967e-12
6695,1673.750000,4,7.260859e-14,1.346737e-16,2.819693e-20,-4.145573e-12
6696,1674.000000,4,7.216450e-14,1.178412e-16,-8.142766e-21,-1.014611e-11
6697,1674.250000,4,7.238654e-14,1.346776e-16,2.873625e-20,2.021716e-11
6698,1674.500000,4,7.260859e-14,1.346795e-16,-9.621765e-21,2.284484e-11
6699,1674.750000,4,7.283063e-14,1.188358e-16,7.113753e-21,2.999556e-11
6700,1675.000000,4,7.216450e-14,1.346834e-16,3.916535e-20,1.935430e-11
6701,1675.250000,4,7.216450e-14,1.134256e-16,1.316872e-20,3.189049e-11
6702,1675.500000,4,7.283063e-14,1.350254e-16,3.273319e-20,2.516742e-11
6703,1675.750000,4,7.305268e-14,1.346892e-16,3.352067e-20,1.047962e-11
6704,1676.000000,4,7.283063e-14,1.336651e-16,-1.083607e-20,1.456701e-11
6705,1676.250000,4,7.216450e-14,1.346931e-16,2.425955e-20,2.974909e-11
6706,1676.500000,4,7.305268e-14,1.471555e-16,-5.363439e-21,1.708678e-11
6707,1676.750000,4,7.283063e-14,1.295999e-16,2.443161e-20,2.825296e-11
6708,1677.000000,4,7.260859e-14,1.178615e-16,3.512871e-20,2.467848e-11
6709,1677.250000,4,7.283063e-14,1.347008e-16,2.271107e-20,2.314060e-11
6710,1677.500000,4,7.305268e-14,1.347027e-16,7.447934e-21,2.172751e-11
6711,1677.750000,4,7.260859e-14,1.403787e-16,1.703330e-20,1.127809e-11
6712,1678.000000,4,7.283063e-14,1.515449e-16,-1.275182e-20,1.459632e-11
6713,1678.250000,4,7.238654e-14,1.178700e-16,2.120891e-21,1.424016e-11
6714,1678.500000,4,7.349676e-14,1.347105e-16,-1.091878e-21,2.776357e-11
6715,1678.750000,4,7.305268e-14,1.683905e-16,2.473601e-20,5.611511e-12
6716,1679.000000,4,7.283063e-14,1.515536e-16,-1.391980e-20,1.905720e-11
6717,1679.250000,4,7.260859e-14,1.347163e-16,-1.896891e-20,4.411138e-12
6718,1679.500000,4,7.260859e-14,1.347182e-16,-1.557416e-20,4.364065e-12
6719,1679.750000,4,7.238654e-14,1.281918e-16,7.117062e-21,4.178302e-11
6720,1680.000000,4,7.238654e-14,1.362829e-16,2.037842e-20,2.481437e-11
6721,1680.250000,4,7.305268e-14,1.515645e-16,1.462124e-20,2.034906e-11
6722,1680.500000,4,7.238654e-14,1.578603e-16,4.643130e-20,2.581535e-11
6723,1680.750000,4,7.216450e-14,1.347279e-16,1.045556e-20,2.553957e-11
6724,1681.000000,4,7.260859e-14,1.347298e-16,3.231298e-20,3.131850e-11
6725,1681.250000,4,7.305268e-14,1.684147e-16,-1.677522e-20,1.604716e-11
6726,1681.500000,4,7.283063e-14,1.349026e-16,1.178567e-20,1.443645e-11
6727,1681.750000,4,7.260859e-14,1.456892e-16,3.298135e-20,7.707168e-12
6728,1682.000000,4,7.238654e-14,1.515797e-16,5.823352e-21,8.949730e-12
6729,1682.250000,4,7.305268e-14,1.515819e-16,1.911449e-20,2.385070e-11
6730,1682.500000,4,7.194245e-14,1.515841e-16,3.360339e-20,3.550715e-11
6731,1682.750000,4,7.260859e-14,1.179004e-16,6.521492e-21,3.772849e-11
6732,1683.000000,4,7.305268e-14,1.254302e-16,-3.474159e-22,3.149303e-11
6733,1683.250000,4,7.305268e-14,1.139618e-16,1.928985e-21,1.767964e-11
6734,1683.500000,4,7.305268e-14,1.179055e-16,2.605619e-20,-1.196510e-11
6735,1683.750000,4,7.260859e-14,1.515950e-16,-2.448455e-20,2.204770e-11
6736,1684.000000,4,7.260859e-14,1.213652e-16,3.141301e-20,3.099743e-13
6737,1684.250000,4,7.327472e-14,1.347549e-16,-8.897155e-21,7.537526e-12
6738,1684.500000,4,7.260859e-14,1.347569e-16,4.051862e-20,1.246736e-11
6739,1684.750000,4,7.283063e-14,1.516037e-16,-2.417022e-20,2.031308e-11
6740,1685.000000,4,7.260859e-14,1.179156e-16,4.952496e-20,4.867218e-13
6741,1685.250000,4,7.238654e-14,1.347627e-16,1.842297e-20,7.572165e-12
6742,1685.500000,4,7.216450e-14,1.347646e-16,-1.439294e-21,1.431744e-11
6743,1685.750000,4,7.260859e-14,1.179207e-16,-4.192151e-21,3.130873e-11
6744,1686.000000,4,7.260859e-14,1.347685e-16,4.857205e-21,3.816147e-11
6745,1686.250000,4,7.283063e-14,1.307586e-16,3.573751e-20,3.232881e-11
6746,1686.500000,4,7.260859e-14,1.347723e-16,-1.294372e-20,1.882228e-11
6747,1686.750000,4,7.305268e-14,1.334441e-16,3.269018e-20,1.615508e-11
6748,1687.000000,4,7.260859e-14,1.179292e-16,-1.549475e-20,3.079403e-11
6749,1687.250000,4,7.283063e-14,1.307380e-16,-8.559665e-21,2.322675e-11
6750,1687.500000,4,7.283063e-14,1.347801e-16,6.048345e-21,2.214984e-11
6751,1687.750000,4,7.260859e-14,1.179342e-16,1.115039e-20,3.548317e-11
6752,1688.000000,4,7.305268e-14,1.347839e-16,1.508777e-20,1.373524e-11
6753,1688.250000,4,7.260859e-14,1.105033e-16,-2.450440e-20,2.745892e-11
6754,1688.500000,4,7.305268e-14,1.347878e-16,-8.781349e-21,6.569856e-12
6755,1688.750000,4,7.260859e-14,1.347897e-16,2.723079e-20,1.601430e-11
6756,1689.000000,4,7.260859e-14,1.516406e-16,5.426305e-21,1.755662e-11
6757,1689.250000,4,7.238654e-14,1.179444e-16,1.059784e-20,9.921397e-12
6758,1689.500000,4,7.283063e-14,1.253021e-16,1.787041e-20,1.596012e-11
6759,1689.750000,4,7.216450e-14,1.179478e-16,-2.374008e-20,1.967981e-11
6760,1690.000000,4,7.283063e-14,1.158615e-16,1.749652e-20,2.148060e-11
6761,1690.250000,4,7.238654e-14,1.348013e-16,-3.079428e-20,-8.864021e-13
6762,1690.500000,4,7.260859e-14,1.348032e-16,3.014246e-21,1.886358e-11
6763,1690.750000,4,7.194245e-14,1.179545e-16,4.278178e-21,3.402301e-11
6764,1691.000000,4,7.216450e-14,1.185371e-16,1.736748e-20,1.199085e-11
6765,1691.250000,4,7.260859e-14,1.179579e-16,-3.679299e-20,2.592282e-11
6766,1691.500000,4,7.216450e-14,1.348110e-16,1.514071e-20,3.281064e-11
6767,1691.750000,4,7.260859e-14,1.348129e-16,-1.502160e-20,1.184386e-12
6768,1692.000000,4,7.327472e-14,1.179630e-16,-3.051966e-20,7.292389e-12
6769,1692.250000,4,7.283063e-14,1.348168e-16,1.885641e-20,1.742029e-11
6770,1692.500000,4,7.238654e-14,1.348187e-16,-1.145480e-20,4.961809e-12
6771,1692.750000,4,7.260859e-14,1.348206e-16,2.117582e-20,2.331291e-11
6772,1693.000000,4,7.216450e-14,1.348225e-16,4.577618e-20,2.623501e-11
6773,1693.250000,4,7.238654e-14,1.521577e-16,9.224718e-21,7.260859e-13
6774,1693.500000,4,7.260859e-14,1.516797e-16,3.390117e-20,3.715828e-11
6775,1693.750000,4,7.238654e-14,1.348283e-16,-2.087142e-20,1.378053e-11
6776,1694.000000,4,7.216450e-14,1.348303e-16,3.615772e-20,6.787015e-12
6777,1694.250000,4,7.260859e-14,1.305923e-16,1.492896e-20,2.327294e-11
6778,1694.500000,4,7.260859e-14,1.348341e-16,3.364971e-21,3.318856e-11
6779,1694.750000,4,7.305268e-14,1.292356e-16,-6.121137e-22,1.455192e-11
6780,1695.000000,4,7.260859e-14,1.348380e-16,-3.345118e-21,1.974643e-11
6781,1695.250000,4,7.349676e-14,1.516949e-16,-1.014454e-20,3.811751e-11
6782,1695.500000,4,7.238654e-14,1.204708e-16,1.710279e-20,1.022116e-11
6783,1695.750000,4,7.260859e-14,1.516993e-16,2.017990e-20,1.279110e-11
6784,1696.000000,4,7.305268e-14,1.144044e-16,-2.374008e-20,1.265787e-11
6785,1696.250000,4,7.327472e-14,1.278586e-16,-1.304960e-20,1.314238e-11
6786,1696.500000,4,7.305268e-14,1.348496e-16,1.131583e-20,2.634648e-11
6787,1696.750000,4,7.305268e-14,1.179951e-16,4.753642e-20,1.088463e-11
6788,1697.000000,4,7.371881e-14,1.179967e-16,-2.308496e-20,1.823341e-11
6789,1697.250000,4,7.305268e-14,1.348553e-16,-2.905058e-21,1.809752e-11
6790,1697.500000,4,7.238654e-14,1.520538e-16,-2.769401e-21,1.295408e-11
6791,1697.750000,4,7.283063e-14,1.348592e-16,-5.327043e-21,9.496848e-12
6792,1698.000000,4,7.327472e-14,1.062945e-16,2.021629e-21,8.254286e-12
6793,1698.250000,4,7.283063e-14,1.372354e-16,-1.780424e-20,3.381828e-11
6794,1698.500000,4,7.283063e-14,1.348650e-16,-2.945425e-20,1.350697e-11
6795,1698.750000,4,7.238654e-14,1.348669e-16,-4.612359e-21,2.695577e-11
6796,1699.000000,4,7.283063e-14,1.399094e-16,5.820043e-20,-9.845458e-13
6797,1699.250000,4,7.283063e-14,1.348708e-16,3.046010e-20,2.516787e-11
6798,1699.500000,4,7.238654e-14,1.517318e-16,2.620177e-20,2.912826e-11
6799,1699.750000,4,7.283063e-14,1.685933e-16,-7.080666e-22,1.751577e-11
6800,1700.000000,4,7.238654e-14,1.412318e-16,1.013462e-20,4.212319e-11
6801,1700.250000,4,7.238654e-14,1.304659e-16,2.356472e-20,1.456568e-11
6802,1700.500000,4,7.238654e-14,1.348804e-16,3.623051e-21,3.368417e-11
6803,1700.750000,4,7.283063e-14,1.517426e-16,-4.493245e-21,4.694956e-11
6804,1701.000000,4,7.238654e-14,1.348842e-16,4.698386e-22,1.092415e-11
6805,1701.250000,4,7.283063e-14,1.517469e-16,1.752299e-20,2.185141e-11
6806,1701.500000,4,7.238654e-14,1.348881e-16,-2.680065e-21,2.282219e-11
6807,1701.750000,4,7.216450e-14,1.348900e-16,4.326816e-20,1.939870e-11
6808,1702.000000,4,7.283063e-14,1.438751e-16,2.789584e-20,9.743761e-12
6809,1702.250000,4,7.283063e-14,2.023408e-16,1.912442e-20,1.535394e-11
6810,1702.500000,4,7.283063e-14,1.183176e-16,2.865354e-21,1.243405e-11
6811,1702.750000,4,7.260859e-14,1.277240e-16,2.731350e-20,2.580958e-11
6812,1703.000000,4,7.305268e-14,1.180372e-16,1.604069e-20,2.237277e-11
6813,1703.250000,4,7.238654e-14,1.277136e-16,7.801968e-21,2.564837e-11
6814,1703.500000,4,7.260859e-14,1.209869e-16,3.227328e-20,2.034950e-11
6815,1703.750000,4,7.283063e-14,1.517686e-16,4.208695e-21,1.700062e-11
6816,1704.000000,4,7.260859e-14,1.465167e-16,-1.554107e-20,-2.318146e-13
6817,1704.250000,4,7.260859e-14,1.517729e-16,2.979835e-20,2.181322e-11
6818,1704.500000,4,7.216450e-14,1.349111e-16,-2.083503e-20,4.118705e-11
6819,1704.750000,4,7.238654e-14,1.572509e-16,1.127282e-20,1.121414e-11
6820,1705.000000,4,7.283063e-14,1.196133e-16,3.017555e-21,3.074163e-11
6821,1705.250000,4,7.260859e-14,1.349169e-16,4.125977e-21,-9.064749e-12
6822,1705.500000,4,7.327472e-14,1.517836e-16,1.166325e-20,1.565992e-11
6823,1705.750000,4,7.327472e-14,1.517858e-16,2.096737e-20,9.343193e-12
6824,1706.000000,4,7.305268e-14,1.180573e-16,2.057694e-20,1.879874e-11
6825,1706.250000,4,7.216450e-14,1.222763e-16,-1.029674e-20,2.778666e-12
6826,1706.500000,4,7.283063e-14,1.222713e-16,7.553813e-21,1.442846e-11
6827,1706.750000,4,7.260859e-14,1.180623e-16,2.249931e-22,3.763745e-11
6828,1707.000000,4,7.238654e-14,1.180640e-16,9.168470e-21,4.224621e-12
6829,1707.250000,4,7.260859e-14,1.276302e-16,3.848044e-21,2.931877e-11
6830,1707.500000,4,7.260859e-14,1.262815e-16,4.996171e-21,-1.634826e-11
6831,1707.750000,4,7.260859e-14,1.349360e-16,-2.279048e-20,4.368061e-12
6832,1708.000000,4,7.305268e-14,1.180707e-16,2.721093e-20,3.811085e-11
6833,1708.250000,4,7.238654e-14,1.464148e-16,2.377317e-20,1.154277e-11
6834,1708.500000,4,7.260859e-14,1.222312e-16,7.457860e-21,2.411893e-11
6835,1708.750000,4,7.283063e-14,1.437165e-16,-1.738734e-20,1.874945e-11
6836,1709.000000,4,7.238654e-14,1.349456e-16,2.332649e-21,2.021006e-11
6837,1709.250000,4,7.216450e-14,1.322889e-16,-1.379076e-20,2.274403e-11
6838,1709.500000,4,7.305268e-14,1.349495e-16,1.208015e-20,2.183587e-11
6839,1709.750000,4,7.305268e-14,1.396641e-16,1.555100e-20,2.559686e-11
6840,1710.000000,4,7.260859e-14,1.087724e-16,-3.138654e-20,1.578027e-11
6841,1710.250000,4,7.305268e-14,1.518246e-16,-3.183653e-20,1.176748e-11
6842,1710.500000,4,7.238654e-14,1.356186e-16,2.522239e-20,5.046630e-12
6843,1710.750000,4,7.260859e-14,1.382984e-16,-1.634840e-20,9.040324e-12
6844,1711.000000,4,7.305268e-14,1.687012e-16,-1.407200e-20,9.729550e-12
6845,1711.250000,4,7.260859e-14,1.275463e-16,3.391441e-21,1.973754e-11
6846,1711.500000,4,7.260859e-14,1.518354e-16,1.221911e-20,1.611866e-11
6847,1711.750000,4,7.305268e-14,1.180959e-16,-8.179162e-21,2.390532e-11
6848,1712.000000,4,7.238654e-14,1.349686e-16,-4.152447e-21,6.070255e-12
6849,1712.250000,4,7.260859e-14,1.409490e-16,1.167979e-20,3.398304e-11
6850,1712.500000,4,7.305268e-14,1.349724e-16,1.910125e-20,1.026335e-11
6851,1712.750000,4,7.305268e-14,1.349744e-16,-1.504145e-20,1.589084e-11
6852,1713.000000,4,7.260859e-14,1.012322e-16,1.293380e-20,1.836220e-11
6853,1713.250000,4,7.238654e-14,1.570315e-16,5.154328e-20,1.716183e-11
6854,1713.500000,4,7.238654e-14,1.518526e-16,-2.824987e-20,2.474776e-11
6855,1713.750000,4,7.260859e-14,1.687275e-16,2.449116e-20,1.294964e-11
6856,1714.000000,4,7.283063e-14,1.518569e-16,1.259962e-20,8.918200e-12
6857,1714.250000,4,7.238654e-14,1.349858e-16,-2.328017e-20,6.036061e-12
6858,1714.500000,4,7.216450e-14,1.234523e-16,2.990754e-20,-4.523049e-12
6859,1714.750000,4,7.283063e-14,1.349897e-16,2.939469e-20,2.309264e-11
6860,1715.000000,4,7.216450e-14,1.349916e-16,3.200858e-20,2.025358e-11
6861,1715.250000,4,7.238654e-14,1.349935e-16,4.570669e-20,4.855671e-12
6862,1715.500000,4,7.305268e-14,1.349954e-16,-9.899698e-21,2.382849e-11
6863,1715.750000,4,7.283063e-14,1.349973e-16,-5.743942e-21,1.619460e-11
6864,1716.000000,4,7.260859e-14,1.181243e-16,3.586324e-20,2.070655e-11
6865,1716.250000,4,7.260859e-14,1.350012e-16,-1.320842e-20,5.077272e-12
6866,1716.500000,4,7.283063e-14,1.254236e-16,2.257872e-20,2.431477e-11
6867,1716.750000,4,7.260859e-14,1.350050e-16,-2.350516e-20,2.176215e-11
6868,1717.000000,4,7.260859e-14,1.314491e-16,-2.881566e-20,2.552003e-11
6869,1717.250000,4,7.260859e-14,1.181327e-16,1.197096e-20,2.165335e-11
6870,1717.500000,4,7.260859e-14,1.181344e-16,-3.390117e-20,1.159206e-11
6871,1717.750000,4,7.283063e-14,1.274093e-16,-1.941227e-20,2.124567e-11
6872,1718.000000,4,7.327472e-14,1.518914e-16,7.163384e-21,1.194644e-11
6873,1718.250000,4,7.283063e-14,1.181394e-16,-3.529745e-20,1.082823e-11
6874,1718.500000,4,7.283063e-14,1.327574e-16,-2.795870e-21,3.845146e-11
6875,1718.750000,4,7.283063e-14,1.350203e-16,4.138550e-20,1.738565e-11
6876,1719.000000,4,7.283063e-14,1.193376e-16,2.903404e-20,8.775647e-12
6877,1719.250000,4,7.260859e-14,1.181461e-16,7.438008e-21,1.639977e-11
6878,1719.500000,4,7.238654e-14,1.350260e-16,1.047872e-20,1.881606e-11
6879,1719.750000,4,7.283063e-14,1.220041e-16,2.224123e-20,2.374945e-11
6880,1720.000000,4,7.305268e-14,1.181511e-16,5.456414e-20,2.188338e-11
6881,1720.250000,4,7.283063e-14,1.407623e-16,1.929978e-20,2.368328e-11
6882,1720.500000,4,7.260859e-14,1.350337e-16,2.923587e-20,4.430500e-11
6883,1720.750000,4,7.260859e-14,1.181561e-16,1.808879e-20,6.438405e-12
6884,1721.000000,4,7.238654e-14,1.519172e-16,1.153421e-20,1.499290e-11
6885,1721.250000,4,7.260859e-14,1.353774e-16,-1.610024e-20,2.035261e-11
6886,1721.500000,4,7.238654e-14,1.273298e-16,2.097730e-21,1.701661e-11
6887,1721.750000,4,7.305268e-14,1.350432e-16,3.809332e-20,1.932587e-11
6888,1722.000000,4,7.260859e-14,1.350452e-16,2.510989e-20,1.309886e-11
6889,1722.250000,4,7.238654e-14,1.366950e-16,-7.576974e-22,-1.612044e-13
6890,1722.500000,4,7.283063e-14,1.393694e-16,7.543887e-22,1.120570e-11
6891,1722.750000,4,7.305268e-14,1.541040e-16,-3.553568e-21,1.970557e-11
6892,1723.000000,4,7.305268e-14,1.350528e-16,-3.914219e-20,2.155831e-11
6893,1723.250000,4,7.283063e-14,1.339923e-16,1.738403e-20,2.021627e-11
6894,1723.500000,4,7.349676e-14,1.519387e-16,-2.311474e-20,-1.119060e-11
6895,1723.750000,4,7.305268e-14,1.181762e-16,1.401244e-20,2.986500e-11
6896,1724.000000,4,7.283063e-14,1.366550e-16,5.417371e-20,3.604406e-11
6897,1724.250000,4,7.327472e-14,1.350624e-16,2.015012e-21,2.667111e-11
6898,1724.500000,4,7.327472e-14,1.205679e-16,-4.771178e-21,1.721112e-11
6899,1724.750000,4,7.238654e-14,1.350662e-16,4.012819e-20,7.531753e-12
6900,1725.000000,4,7.283063e-14,1.519516e-16,5.204620e-21,5.149658e-12
6901,1725.250000,4,7.305268e-14,1.181863e-16,-1.634178e-20,2.335376e-11
6902,1725.500000,4,7.260859e-14,1.350719e-16,-2.489483e-20,3.511058e-11
6903,1725.750000,4,7.260859e-14,1.350738e-16,2.673448e-21,2.303580e-11
6904,1726.000000,4,7.260859e-14,1.519602e-16,1.346981e-20,1.861622e-11
6905,1726.250000,4,7.260859e-14,1.350777e-16,8.433934e-21,9.934276e-12
6906,1726.500000,4,7.327472e-14,1.688495e-16,-1.251028e-20,6.706191e-12
6907,1726.750000,4,7.283063e-14,1.350815e-16,-1.621274e-22,2.114353e-11
6908,1727.000000,4,7.238654e-14,1.350834e-16,-1.907809e-20,2.319833e-11
6909,1727.250000,4,7.305268e-14,1.526491e-16,-1.534916e-20,2.063638e-11
6910,1727.500000,4,7.305268e-14,1.352360e-16,-7.312277e-22,1.207212e-11
6911,1727.750000,4,7.260859e-14,1.350891e-16,1.555761e-20,1.361533e-11
6912,1728.000000,4,7.305268e-14,1.298693e-16,-3.728930e-21,2.986944e-12
6913,1728.250000,4,7.305268e-14,1.350930e-16,-1.025704e-21,1.082023e-11
6914,1728.500000,4,7.305268e-14,1.350949e-16,-2.618192e-20,4.555556e-11
6915,1728.750000,4,7.283063e-14,1.182097e-16,1.694397e-20,1.733325e-11
6916,1729.000000,4,7.283063e-14,1.298475e-16,-5.614902e-21,1.770584e-12
6917,1729.250000,4,7.260859e-14,1.378735e-16,5.813425e-21,2.786393e-11
6918,1729.500000,4,7.260859e-14,1.182147e-16,6.541344e-21,1.473488e-11
6919,1729.750000,4,7.260859e-14,1.351044e-16,3.572428e-20,2.312106e-11
6920,1730.000000,4,7.238654e-14,1.351063e-16,1.247388e-21,2.614575e-11
6921,1730.250000,4,7.260859e-14,1.244668e-16,2.846825e-20,2.281109e-11
6922,1730.500000,4,7.305268e-14,1.257999e-16,-1.646751e-20,1.592459e-11
6923,1730.750000,4,7.260859e-14,1.351121e-16,9.773966e-21,2.201306e-11
6924,1731.000000,4,7.238654e-14,1.217748e-16,2.309488e-21,2.214051e-11
6925,1731.250000,4,7.327472e-14,1.418416e-16,-5.872982e-21,2.091127e-11
6926,1731.500000,4,7.327472e-14,1.538782e-16,1.655023e-20,-3.248513e-12
6927,1731.750000,4,7.260859e-14,1.297875e-16,3.473166e-20,1.794387e-11
6928,1732.000000,4,7.238654e-14,1.520118e-16,3.001011e-21,1.143041e-11
6929,1732.250000,4,7.283063e-14,1.182331e-16,5.697620e-20,2.621858e-11
6930,1732.500000,4,7.283063e-14,1.565280e-16,6.074814e-21,6.613821e-12
6931,1732.750000,4,7.216450e-14,1.182364e-16,2.644662e-20,5.378364e-12
6932,1733.000000,4,7.349676e-14,1.182381e-16,1.800607e-20,2.131628e-11
6933,1733.250000,4,7.283063e-14,1.337677e-16,1.720536e-20,1.436584e-11
6934,1733.500000,4,7.349676e-14,1.351330e-16,4.205055e-20,1.656586e-11
6935,1733.750000,4,7.260859e-14,1.351350e-16,2.417683e-20,4.923173e-12
6936,1734.000000,4,7.260859e-14,1.351369e-16,-1.806562e-21,2.119949e-11
6937,1734.250000,4,7.305268e-14,1.182464e-16,-1.997476e-20,2.001244e-11
6938,1734.500000,4,7.283063e-14,1.351407e-16,-1.020410e-20,-1.007328e-11
6939,1734.750000,4,7.238654e-14,1.182498e-16,2.688337e-20,3.328005e-11
6940,1735.000000,4,7.305268e-14,1.182514e-16,-6.217089e-21,8.101964e-12
6941,1735.250000,4,7.305268e-14,1.351464e-16,7.295733e-21,1.447997e-11
6942,1735.500000,4,7.305268e-14,1.351483e-16,9.628382e-21,5.018208e-13
6943,1735.750000,4,7.305268e-14,1.351502e-16,4.559420e-20,3.672707e-11
6944,1736.000000,4,7.260859e-14,1.363798e-16,-1.056806e-20,2.948264e-11
6945,1736.250000,4,7.327472e-14,1.689425e-16,3.208799e-20,1.105427e-11
6946,1736.500000,4,7.283063e-14,1.484008e-16,-9.373611e-21,4.769740e-11
6947,1736.750000,4,7.283063e-14,1.351578e-16,7.060814e-21,1.225864e-11
6948,1737.000000,4,7.305268e-14,1.351597e-16,2.379964e-20,8.446133e-12
6949,1737.250000,4,7.216450e-14,1.182664e-16,3.859625e-20,1.043432e-11
6950,1737.500000,4,7.327472e-14,1.351636e-16,1.053497e-20,2.579714e-11
6951,1737.750000,4,7.283063e-14,1.351655e-16,-1.829724e-21,3.740830e-11
6952,1738.000000,4,7.238654e-14,1.182715e-16,2.676756e-21,1.028111e-11
6953,1738.250000,4,7.327472e-14,1.351693e-16,3.837787e-20,2.172840e-11
6954,1738.500000,4,7.305268e-14,1.351712e-16,1.177905e-21,4.764189e-12
6955,1738.750000,4,7.283063e-14,1.520697e-16,3.474159e-21,7.644552e-12
6956,1739.000000,4,7.305268e-14,1.209423e-16,3.064208e-20,7.182699e-12
6957,1739.250000,4,7.283063e-14,1.351769e-16,1.559401e-20,2.213074e-11
6958,1739.500000,4,7.305268e-14,1.351788e-16,1.644104e-20,1.789635e-11
6959,1739.750000,4,7.260859e-14,1.351807e-16,3.492026e-20,6.998846e-12
6960,1740.000000,4,7.283063e-14,1.351826e-16,1.244411e-20,1.447864e-11
6961,1740.250000,4,7.260859e-14,1.309375e-16,-2.840207e-20,3.882672e-12
6962,1740.500000,4,7.327472e-14,1.182881e-16,2.618523e-20,3.520029e-11
6963,1740.750000,4,7.260859e-14,1.520869e-16,-9.337215e-21,2.277201e-11
6964,1741.000000,4,7.305268e-14,1.351902e-16,1.616973e-20,-3.689937e-12
6965,1741.250000,4,7.327472e-14,1.202286e-16,1.508447e-20,1.423839e-11
6966,1741.500000,4,7.327472e-14,1.351941e-16,-2.767085e-20,1.327827e-11
6967,1741.750000,4,7.238654e-14,1.520955e-16,-1.141840e-20,1.745004e-11
6968,1742.000000,4,7.349676e-14,1.351979e-16,4.907166e-20,1.246159e-11
6969,1742.250000,4,7.260859e-14,1.351998e-16,1.201066e-20,2.929657e-11
6970,1742.500000,4,7.260859e-14,1.402376e-16,1.677853e-20,1.367173e-11
6971,1742.750000,4,7.305268e-14,1.352036e-16,3.315340e-21,2.446043e-11
6972,1743.000000,4,7.283063e-14,1.352055e-16,8.933551e-21,1.385381e-11
6973,1743.250000,4,7.283063e-14,1.352074e-16,3.291848e-20,7.553513e-12
6974,1743.500000,4,7.371881e-14,1.352093e-16,5.628137e-21,2.509637e-11
6975,1743.750000,4,7.283063e-14,1.352112e-16,2.907044e-20,2.579936e-11
6976,1744.000000,4,7.305268e-14,1.255150e-16,4.234834e-20,3.152545e-11
6977,1744.250000,4,7.327472e-14,1.352150e-16,-8.371068e-21,3.719647e-11
6978,1744.500000,4,7.327472e-14,1.183148e-16,-9.376919e-21,1.586686e-11
6979,1744.750000,4,7.305268e-14,1.521212e-16,3.182991e-21,1.653122e-11
6980,1745.000000,4,7.371881e-14,1.183181e-16,-1.770167e-20,1.421707e-11
6981,1745.250000,4,7.283063e-14,1.521255e-16,6.739868e-21,1.366107e-11
6982,1745.500000,4,7.260859e-14,1.352245e-16,-2.686683e-20,3.664757e-11
6983,1745.750000,4,7.260859e-14,1.521297e-16,3.566141e-20,1.014833e-11
6984,1746.000000,4,7.238654e-14,1.183248e-16,2.247615e-20,3.033174e-11
6985,1746.250000,4,7.283063e-14,1.352302e-16,-7.070740e-21,1.657519e-11
6986,1746.500000,4,7.260859e-14,1.183281e-16,-1.306945e-20,2.645884e-11
6987,1746.750000,4,7.305268e-14,1.521383e-16,-1.746344e-20,2.408695e-11
6988,1747.000000,4,7.305268e-14,1.352360e-16,1.053497e-20,4.202727e-11
6989,1747.250000,4,7.260859e-14,1.352379e-16,7.474404e-21,1.588374e-11
6990,1747.500000,4,7.349676e-14,1.352398e-16,3.530407e-21,1.439382e-11
6991,1747.750000,4,7.349676e-14,1.247709e-16,3.633639e-20,2.822143e-11
6992,1748.000000,4,7.327472e-14,1.183381e-16,-1.815827e-20,4.366463e-11
6993,1748.250000,4,7.283063e-14,1.183398e-16,3.009283e-20,2.274225e-11
6994,1748.500000,4,7.238654e-14,1.521086e-16,-8.801202e-22,1.680522e-11
6995,1748.750000,4,7.327472e-14,1.183431e-16,7.345364e-21,3.562795e-11
6996,1749.000000,4,7.305268e-14,1.352512e-16,9.138691e-21,1.084421e-11
6997,1749.250000,4,7.283063e-14,1.374147e-16,-3.041047e-20,1.168621e-11
6998,1749.500000,4,7.283063e-14,1.521619e-16,1.670243e-20,1.258949e-11
6999,1749.750000,4,7.283063e-14,1.387376e-16,-3.870213e-20,4.035883e-12
7000,1750.000000,4,7.283063e-14,1.352588e-16,1.178898e-20,7.366552e-12
7001,1750.250000,4,7.349676e-14,1.352607e-16,6.518183e-21,2.247091e-11
7002,1750.500000,4,7.216450e-14,1.352626e-16,-1.690757e-21,1.575762e-11
7003,1750.750000,4,7.305268e-14,1.352645e-16,8.490182e-21,-2.970957e-12
7004,1751.000000,4,7.305268e-14,1.690830e-16,-4.708312e-21,1.155920e-11
7005,1751.250000,4,7.327472e-14,1.521769e-16,-2.520585e-20,3.417178e-11
7006,1751.500000,4,7.327472e-14,1.521790e-16,-3.490702e-21,8.676171e-12
7007,1751.750000,4,7.283063e-14,1.266905e-16,-3.603530e-20,-7.138290e-12
7008,1752.000000,4,7.283063e-14,1.352740e-16,-3.047333e-21,2.183276e-11
7009,1752.250000,4,7.327472e-14,1.690949e-16,1.316872e-21,2.022826e-11
7010,1752.500000,4,7.283063e-14,1.246750e-16,-3.037407e-21,1.270895e-11
7011,1752.750000,4,7.349676e-14,1.160031e-16,3.950615e-21,2.318457e-11
7012,1753.000000,4,7.327472e-14,1.352816e-16,2.156625e-20,3.154543e-11
7013,1753.250000,4,7.283063e-14,1.293263e-16,-1.449220e-21,1.105338e-11
7014,1753.500000,4,7.305268e-14,1.352855e-16,-1.070041e-20,2.699041e-11
7015,1753.750000,4,7.283063e-14,1.183764e-16,7.441317e-21,4.445333e-12
7016,1754.000000,4,7.327472e-14,1.453079e-16,-2.752857e-21,1.691136e-11
7017,1754.250000,4,7.305268e-14,1.352912e-16,2.518930e-20,1.610312e-11
7018,1754.500000,4,7.283063e-14,1.183814e-16,2.724402e-20,5.511591e-12
7019,1754.750000,4,7.260859e-14,1.522068e-16,-1.626899e-20,3.234657e-11
7020,1755.000000,4,7.283063e-14,1.183848e-16,4.636844e-20,2.811484e-11
7021,1755.250000,4,7.260859e-14,1.352988e-16,-1.921375e-20,1.377520e-11
7022,1755.500000,4,7.283063e-14,1.353007e-16,-2.493453e-20,3.732525e-11
7023,1755.750000,4,7.283063e-14,1.522154e-16,2.818701e-20,2.275380e-11
7024,1756.000000,4,7.283063e-14,1.292692e-16,-7.798659e-21,2.160627e-11
7025,1756.250000,4,7.327472e-14,1.183931e-16,-7.477713e-21,2.739542e-11
7026,1756.500000,4,7.283063e-14,1.522218e-16,6.184002e-21,2.065947e-11
7027,1756.750000,4,7.305268e-14,1.183964e-16,-1.926338e-20,9.350742e-12
7028,1757.000000,4,7.349676e-14,1.353121e-16,-7.361907e-21,1.756817e-11
7029,1757.250000,4,7.260859e-14,1.412349e-16,-8.116296e-21,1.435696e-11
7030,1757.500000,4,7.283063e-14,1.272396e-16,-4.655372e-21,1.654810e-11
7031,1757.750000,4,7.327472e-14,1.184031e-16,-8.791276e-21,3.559020e-11
7032,1758.000000,4,7.238654e-14,1.353197e-16,1.945529e-21,1.509548e-11
7033,1758.250000,4,7.327472e-14,1.522368e-16,-5.714164e-21,3.488099e-11
7034,1758.500000,4,7.283063e-14,1.522389e-16,-4.738091e-21,2.062084e-11
7035,1758.750000,4,7.260859e-14,1.353254e-16,1.345657e-20,1.911715e-11
7036,1759.000000,4,7.327472e-14,1.353273e-16,-2.517938e-21,2.888045e-11
7037,1759.250000,4,7.238654e-14,1.184130e-16,-3.720328e-20,2.201972e-11
7038,1759.500000,4,7.283063e-14,1.353311e-16,1.915750e-20,1.276046e-11
7039,1759.750000,4,7.305268e-14,1.691662e-16,8.069974e-21,1.759615e-11
7040,1760.000000,4,7.327472e-14,1.522518e-16,-1.952146e-20,2.801448e-11
7041,1760.250000,4,7.327472e-14,1.184197e-16,3.407653e-20,1.778977e-11
7042,1760.500000,4,7.371881e-14,1.353387e-16,-1.776122e-20,6.410428e-12
7043,1760.750000,4,7.327472e-14,1.691758e-16,-2.464336e-20,1.964739e-11
7044,1761.000000,4,7.327472e-14,1.584612e-16,1.269226e-20,2.001110e-11
7045,1761.250000,4,7.349676e-14,1.344869e-16,-7.610062e-21,1.931699e-11
7046,1761.500000,4,7.305268e-14,1.353463e-16,2.627126e-21,2.587619e-11
7047,1761.750000,4,7.260859e-14,1.358076e-16,-3.353721e-20,2.203349e-11
7048,1762.000000,4,7.327472e-14,1.184313e-16,-1.220919e-20,1.238609e-11
7049,1762.250000,4,7.238654e-14,1.451162e-16,-6.716707e-21,1.069944e-11
7050,1762.500000,4,7.349676e-14,1.504355e-16,-1.486940e-20,8.617995e-12
7051,1762.750000,4,7.327472e-14,1.353558e-16,2.095414e-20,1.932721e-11
7052,1763.000000,4,7.327472e-14,1.522774e-16,-4.748017e-21,2.913492e-11
7053,1763.250000,4,7.327472e-14,1.277884e-16,6.011949e-21,6.337597e-12
7054,1763.500000,4,7.327472e-14,1.353615e-16,1.702669e-20,9.809487e-12
7055,1763.750000,4,7.327472e-14,1.184430e-16,5.669496e-20,3.611289e-11
7056,1764.000000,4,7.349676e-14,1.184446e-16,2.607273e-21,1.925704e-11
7057,1764.250000,4,7.238654e-14,1.184463e-16,1.360547e-20,3.112133e-11
7058,1764.500000,4,7.305268e-14,1.353691e-16,4.541883e-20,3.125100e-11
7059,1764.750000,4,7.327472e-14,1.184496e-16,-2.852119e-21,2.235767e-11
7060,1765.000000,4,7.349676e-14,1.353729e-16,-9.684631e-21,1.073941e-11
7061,1765.250000,4,7.283063e-14,1.353748e-16,7.365216e-21,2.558043e-11
7062,1765.500000,4,7.327472e-14,1.184546e-16,1.346650e-21,5.079581e-11
7063,1765.750000,4,7.260859e-14,1.277376e-16,-2.033210e-20,7.108980e-12
7064,1766.000000,4,7.260859e-14,1.184579e-16,-8.764806e-21,2.326139e-11
7065,1766.250000,4,7.305268e-14,1.397019e-16,7.434699e-21,2.425082e-11
7066,1766.500000,4,7.216450e-14,1.353842e-16,7.318894e-21,1.000711e-11
7067,1766.750000,4,7.283063e-14,1.184629e-16,-1.466426e-20,2.705391e-11
7068,1767.000000,4,7.283063e-14,1.237212e-16,-2.376655e-20,2.086509e-11
7069,1767.250000,4,7.327472e-14,1.353899e-16,3.203174e-20,2.179767e-11
7070,1767.500000,4,7.327472e-14,1.569672e-16,1.610024e-20,2.142153e-11
7071,1767.750000,4,7.349676e-14,1.523179e-16,-1.355584e-20,2.779599e-11
7072,1768.000000,4,7.327472e-14,1.276920e-16,8.622531e-21,1.393197e-11
7073,1768.250000,4,7.260859e-14,1.662590e-16,2.570877e-21,4.700684e-12
7074,1768.500000,4,7.260859e-14,1.353994e-16,1.038277e-20,2.092415e-11
7075,1768.750000,4,7.327472e-14,1.354012e-16,3.212769e-21,3.064482e-11
7076,1769.000000,4,7.327472e-14,1.354031e-16,1.349959e-21,3.337686e-11
7077,1769.250000,4,7.305268e-14,1.436250e-16,1.720536e-21,3.067235e-11
7078,1769.500000,4,7.327472e-14,1.354069e-16,-2.100708e-20,2.582556e-11
7079,1769.750000,4,7.283063e-14,1.354088e-16,2.278055e-20,1.022604e-11
7080,1770.000000,4,7.305268e-14,1.354107e-16,2.659882e-20,2.268585e-11
7081,1770.250000,4,7.327472e-14,1.382837e-16,-2.120891e-21,1.961231e-11
7082,1770.500000,4,7.283063e-14,1.523413e-16,2.842854e-20,3.042766e-11
7083,1770.750000,4,7.327472e-14,1.184893e-16,3.320965e-20,1.281952e-11
7084,1771.000000,4,7.327472e-14,1.523455e-16,-1.001881e-20,1.714806e-11
7085,1771.250000,4,7.283063e-14,1.692752e-16,9.886463e-21,7.412293e-12
7086,1771.500000,4,7.283063e-14,1.184943e-16,-5.274104e-20,1.877964e-11
7087,1771.750000,4,7.216450e-14,1.369216e-16,1.993174e-20,1.285549e-11
7088,1772.000000,4,7.327472e-14,1.184976e-16,4.562397e-20,2.541611e-11
7089,1772.250000,4,7.305268e-14,1.395692e-16,2.278055e-20,4.769829e-11
7090,1772.500000,4,7.305268e-14,1.354296e-16,2.997041e-20,1.145173e-11
7091,1772.750000,4,7.349676e-14,1.523604e-16,1.216286e-20,2.245404e-11
7092,1773.000000,4,7.327472e-14,1.354333e-16,7.540578e-21,2.115774e-11
7093,1773.250000,4,7.283063e-14,1.185058e-16,1.766527e-20,4.324097e-12
7094,1773.500000,4,7.305268e-14,1.354371e-16,2.722086e-20,2.467138e-11
7095,1773.750000,4,7.283063e-14,1.354390e-16,4.052854e-20,2.639844e-11
7096,1774.000000,4,7.305268e-14,1.501615e-16,5.297265e-21,3.583134e-11
7097,1774.250000,4,7.327472e-14,1.354428e-16,1.782409e-20,9.661605e-12
7098,1774.500000,4,7.349676e-14,1.354447e-16,2.601318e-20,1.479261e-11
7099,1774.750000,4,7.260859e-14,1.185157e-16,2.720101e-20,1.557199e-11
7100,1775.000000,4,7.283063e-14,1.527952e-16,5.449466e-20,2.850387e-11
7101,1775.250000,4,7.305268e-14,1.315315e-16,1.415471e-20,1.866107e-11
7102,1775.500000,4,7.283063e-14,1.185207e-16,5.230759e-20,1.874056e-11
7103,1775.750000,4,7.283063e-14,1.354541e-16,2.648301e-20,2.795364e-11
7104,1776.000000,4,7.305268e-14,1.523880e-16,9.737570e-21,2.523626e-11
7105,1776.250000,4,7.327472e-14,1.185256e-16,-8.189088e-21,1.849543e-11
7106,1776.500000,4,7.327472e-14,1.354906e-16,6.270029e-21,1.261213e-12
7107,1776.750000,4,7.327472e-14,1.354616e-16,1.913103e-20,9.046097e-13
7108,1777.000000,4,7.283063e-14,1.185306e-16,-5.472627e-21,3.178258e-11
7109,1777.250000,4,7.371881e-14,1.447719e-16,4.059802e-20,1.370370e-11
7110,1777.500000,4,7.305268e-14,1.354693e-16,2.311143e-20,2.389955e-11
7111,1777.750000,4,7.349676e-14,1.185355e-16,-9.343832e-21,3.160716e-11
7112,1778.000000,4,7.283063e-14,1.699873e-16,2.606942e-20,3.078293e-11
7113,1778.250000,4,7.305268e-14,1.354730e-16,3.322619e-20,-8.815171e-13
7114,1778.500000,4,7.260859e-14,1.185405e-16,4.390675e-20,9.610535e-12
7115,1778.750000,4,7.283063e-14,1.221639e-16,1.602414e-20,2.182121e-11
7116,1779.000000,4,7.305268e-14,1.420764e-16,-2.641353e-20,-3.614442e-12
7117,1779.250000,4,7.327472e-14,1.354805e-16,-3.069171e-20,1.596234e-11
7118,1779.500000,4,7.305268e-14,1.185471e-16,2.097730e-21,3.052225e-12
7119,1779.750000,4,7.283063e-14,1.354843e-16,2.023284e-20,1.924061e-11
7120,1780.000000,4,7.238654e-14,1.524219e-16,4.842977e-20,3.025846e-11
7121,1780.250000,4,7.371881e-14,1.234627e-16,3.960541e-21,1.424816e-11
7122,1780.500000,4,7.327472e-14,1.185537e-16,4.244760e-20,4.646505e-12
7123,1780.750000,4,7.260859e-14,1.354918e-16,-1.173273e-20,2.272893e-11
7124,1781.000000,4,7.283063e-14,1.185570e-16,5.379983e-21,1.602052e-11
7125,1781.250000,4,7.371881e-14,1.260980e-16,4.734120e-20,2.327916e-11
7126,1781.500000,4,7.349676e-14,1.260930e-16,1.069710e-20,7.099654e-12
7127,1781.750000,4,7.283063e-14,1.354994e-16,3.067186e-21,9.446222e-12
7128,1782.000000,4,7.327472e-14,1.473182e-16,8.811128e-21,1.221334e-11
7129,1782.250000,4,7.283063e-14,1.185652e-16,4.744046e-20,7.401191e-12
7130,1782.500000,4,7.305268e-14,1.658858e-16,3.554561e-20,7.740031e-12
7131,1782.750000,4,7.349676e-14,1.355069e-16,-1.499182e-20,5.736744e-12
7132,1783.000000,4,7.305268e-14,1.524474e-16,-6.458626e-21,3.907985e-12
7133,1783.250000,4,7.283063e-14,1.355107e-16,3.731908e-20,6.296741e-12
7134,1783.500000,4,7.283063e-14,1.355126e-16,2.231402e-20,3.124390e-11
7135,1783.750000,4,7.305268e-14,1.185751e-16,1.117356e-20,1.732747e-11
7136,1784.000000,4,7.305268e-14,1.185768e-16,4.660005e-20,-8.359979e-12
7137,1784.250000,4,7.305268e-14,1.524580e-16,1.387678e-20,2.572120e-11
7138,1784.500000,4,7.305268e-14,1.185801e-16,2.232395e-20,2.819878e-11
7139,1784.750000,4,7.349676e-14,1.185817e-16,2.949726e-20,1.450262e-11
7140,1785.000000,4,7.305268e-14,1.355239e-16,1.745020e-20,3.734790e-11
7141,1785.250000,4,7.394085e-14,1.459166e-16,1.032321e-20,2.301803e-11
7142,1785.500000,4,7.327472e-14,1.193816e-16,1.238786e-20,2.087885e-11
7143,1785.750000,4,7.260859e-14,1.185883e-16,6.104593e-21,9.969359e-12
7144,1786.000000,4,7.349676e-14,1.355314e-16,1.416133e-20,1.477618e-11
7145,1786.250000,4,7.327472e-14,1.524750e-16,-2.315775e-20,3.335998e-12
7146,1786.500000,4,7.371881e-14,1.185933e-16,2.556981e-20,3.213430e-12
7147,1786.750000,4,7.305268e-14,1.355371e-16,4.890292e-21,1.904432e-11
7148,1787.000000,4,7.283063e-14,1.185966e-16,-1.869759e-20,1.588152e-11
7149,1787.250000,4,7.305268e-14,1.312838e-16,-9.674704e-21,1.848832e-11
7150,1787.500000,4,7.260859e-14,1.273005e-16,7.524035e-21,2.501466e-11
7151,1787.750000,4,7.283063e-14,1.458594e-16,2.981821e-20,2.578071e-11
7152,1788.000000,4,7.349676e-14,1.551353e-16,-1.544843e-20,9.725998e-12
7153,1788.250000,4,7.349676e-14,1.355484e-16,-2.011703e-21,2.216138e-11
7154,1788.500000,4,7.327472e-14,1.418648e-16,3.639595e-21,1.311395e-11
7155,1788.750000,4,7.327472e-14,1.355521e-16,2.917301e-20,1.650191e-11
7156,1789.000000,4,7.327472e-14,1.355540e-16,-3.616434e-21,1.322409e-11
7157,1789.250000,4,7.371881e-14,1.525004e-16,2.752857e-21,2.386447e-11
7158,1789.500000,4,7.305268e-14,1.355578e-16,1.527968e-20,9.231282e-12
7159,1789.750000,4,7.305268e-14,1.206278e-16,3.344788e-20,2.832623e-11
7160,1790.000000,4,7.349676e-14,1.355616e-16,1.528961e-20,-3.592238e-12
7161,1790.250000,4,7.327472e-14,1.351986e-16,3.328906e-20,1.732525e-11
7162,1790.500000,4,7.305268e-14,1.245899e-16,1.455176e-20,2.263523e-11
7163,1790.750000,4,7.327472e-14,1.232597e-16,1.658663e-20,2.244782e-11
7164,1791.000000,4,7.327472e-14,1.404840e-16,-2.119568e-20,1.627098e-11
7165,1791.250000,4,7.305268e-14,1.355710e-16,6.988022e-21,3.744161e-11
7166,1791.500000,4,7.238654e-14,1.355729e-16,-1.492565e-20,2.747402e-11
7167,1791.750000,4,7.283063e-14,1.186279e-16,-8.033578e-21,1.652145e-11
7168,1792.000000,4,7.327472e-14,1.355766e-16,7.682854e-21,1.328715e-11
7169,1792.250000,4,7.327472e-14,1.186312e-16,1.602745e-20,9.438672e-12
7170,1792.500000,4,7.327472e-14,1.258760e-16,1.104452e-20,4.345191e-11
7171,1792.750000,4,7.283063e-14,1.355823e-16,-5.300573e-21,1.334222e-11
7172,1793.000000,4,7.305268e-14,1.186361e-16,2.181441e-20,9.617196e-12
7173,1793.250000,4,7.349676e-14,1.355860e-16,-8.566282e-21,2.592593e-12
7174,1793.500000,4,7.327472e-14,1.152579e-16,8.718484e-21,9.372947e-12
7175,1793.750000,4,7.327472e-14,1.355898e-16,1.049858e-20,3.082778e-11
7176,1794.000000,4,7.305268e-14,1.355917e-16,4.398946e-20,2.164979e-11
7177,1794.250000,4,7.305268e-14,1.525428e-16,8.186441e-20,1.674838e-11
7178,1794.500000,4,7.260859e-14,1.355955e-16,-3.613125e-21,1.465050e-12
7179,1794.750000,4,7.283063e-14,1.355973e-16,-4.643130e-20,4.496403e-12
7180,1795.000000,4,7.283063e-14,1.525491e-16,1.008168e-20,1.667244e-11
7181,1795.250000,4,7.327472e-14,1.356011e-16,3.755731e-20,8.387513e-12
7182,1795.500000,4,7.327472e-14,1.356030e-16,1.099488e-20,2.408429e-11
7183,1795.750000,4,7.327472e-14,1.525555e-16,3.111853e-20,9.316103e-12
7184,1796.000000,4,7.260859e-14,1.186559e-16,-6.478479e-21,1.430989e-11
7185,1796.250000,4,7.305268e-14,1.695108e-16,7.887994e-21,1.033085e-11
7186,1796.500000,4,7.283063e-14,1.186592e-16,1.488594e-20,9.125145e-12
7187,1796.750000,4,7.283063e-14,1.356124e-16,-7.444626e-22,3.128031e-11
7188,1797.000000,4,7.349676e-14,1.403525e-16,7.070740e-21,7.090328e-12
7189,1797.250000,4,7.305268e-14,1.695202e-16,5.254251e-21,1.553202e-11
7190,1797.500000,4,7.327472e-14,1.017135e-16,-4.867131e-21,3.038236e-11
7191,1797.750000,4,7.260859e-14,1.092239e-16,2.449447e-20,2.241540e-11
7192,1798.000000,4,7.327472e-14,1.204726e-16,3.686909e-20,9.228618e-12
7193,1798.250000,4,7.349676e-14,1.356237e-16,-3.625036e-20,4.942269e-12
7194,1798.500000,4,7.305268e-14,1.695320e-16,3.114170e-20,1.563061e-11
7195,1798.750000,4,7.349676e-14,1.356274e-16,-1.161031e-20,1.581268e-11
7196,1799.000000,4,7.305268e-14,1.356293e-16,-2.711829e-20,1.821610e-11
7197,1799.250000,4,7.305268e-14,1.356312e-16,3.474489e-20,3.319833e-11
7198,1799.500000,4,7.305268e-14,1.283858e-16,-3.106890e-21,1.813705e-11
7199,1799.750000,4,7.305268e-14,1.257338e-16,-2.237358e-20,1.794342e-11
7200,1800.000000,4,7.283063e-14,1.521981e-16,2.346215e-20,1.767120e-11
