step,time_s,picard_iterations,picard_final_delta,linear_normalized_inf_residual,moisture_balance_residual,energy_balance_residual
1,0.500000,4,1.165734e-12,1.676533e-16,-4.071714e-20,4.443791e-12
2,1.000000,4,5.897505e-13,1.259270e-16,-2.184419e-20,-7.133174e-13
3,1.500000,4,7.087664e-13,1.260498e-16,2.924911e-21,1.211073e-12
4,2.000000,4,7.376322e-13,1.261494e-16,-6.637297e-21,2.316248e-12
5,2.500000,4,7.722711e-13,1.262326e-16,-3.507246e-22,-1.900447e-12
6,3.000000,4,7.895906e-13,1.263129e-16,-4.771178e-21,1.427018e-13
7,3.500000,4,7.993606e-13,1.263872e-16,1.958764e-21,3.442980e-12
8,4.000000,4,8.038015e-13,1.063782e-16,7.365216e-21,4.362830e-12
9,4.500000,4,8.033574e-13,8.434336e-17,5.982170e-21,-2.876917e-12
10,5.000000,4,8.006928e-13,8.438429e-17,-1.117686e-20,2.747753e-12
11,5.500000,4,7.966960e-13,1.012276e-16,1.084599e-20,-4.000168e-13
12,6.000000,4,7.913670e-13,1.266880e-16,-5.399835e-21,5.338716e-12
13,6.500000,4,7.851497e-13,1.267398e-16,1.257315e-20,6.953625e-12
14,7.000000,4,7.784884e-13,1.267906e-16,-7.557122e-21,3.541747e-12
15,7.500000,4,7.718270e-13,1.268404e-16,6.696854e-21,1.252463e-12
16,8.000000,4,7.651657e-13,1.268894e-16,-1.753623e-21,-2.449069e-12
17,8.500000,4,7.580603e-13,1.303849e-16,1.177905e-20,8.805665e-13
18,9.000000,4,7.513989e-13,1.269775e-16,1.905824e-21,-1.272898e-12
19,9.500000,4,7.434053e-13,1.270207e-16,5.677768e-21,5.918460e-13
20,10.000000,4,7.367440e-13,1.115085e-16,9.098987e-21,3.754885e-12
21,10.500000,4,7.300827e-13,1.271053e-16,2.398824e-20,2.188610e-12
22,11.000000,4,7.220891e-13,1.355214e-16,6.246868e-21,-2.249867e-13
23,11.500000,4,7.163159e-13,8.920256e-17,1.412824e-20,2.377265e-14
24,12.000000,4,7.100986e-13,1.561019e-16,-5.598358e-21,-7.313455e-13
25,12.500000,4,7.034373e-13,1.272610e-16,1.382384e-20,-2.576023e-12
26,13.000000,4,6.976641e-13,1.272980e-16,-4.453540e-21,1.943140e-12
27,13.500000,4,6.927792e-13,1.273348e-16,7.252720e-21,1.819149e-12
28,14.000000,4,6.861178e-13,1.389383e-16,-6.749794e-22,1.751800e-12
29,14.500000,4,6.807888e-13,1.698762e-16,-8.205632e-22,-5.412892e-13
30,15.000000,4,6.763479e-13,9.776784e-17,-6.577740e-21,-1.872329e-12
31,15.500000,4,6.727952e-13,1.320699e-16,4.049876e-21,-1.949940e-12
32,16.000000,4,6.696865e-13,1.029097e-16,-9.833523e-21,-4.825168e-12
33,16.500000,4,6.656897e-13,1.011926e-16,2.693300e-21,2.493422e-12
34,17.000000,4,6.625811e-13,1.275737e-16,6.306425e-21,4.907408e-12
35,17.500000,4,6.590284e-13,1.131940e-16,-4.632211e-23,1.354014e-12
36,18.000000,4,6.554757e-13,1.276381e-16,5.611593e-21,4.148473e-12
37,18.500000,4,6.528111e-13,1.276699e-16,-7.715941e-21,3.889902e-12
38,19.000000,4,6.488143e-13,1.277015e-16,-1.207022e-20,6.549233e-12
39,19.500000,4,6.461498e-13,1.046102e-16,-1.038939e-21,-7.476658e-13
40,20.000000,4,6.439294e-13,1.277609e-16,1.522012e-21,-3.655062e-12
41,20.500000,4,6.403766e-13,1.277903e-16,-3.970467e-22,2.129574e-12
42,21.000000,4,6.372680e-13,1.278195e-16,-1.185846e-20,9.636736e-13
43,21.500000,4,6.346035e-13,1.278486e-16,1.439956e-20,-3.604061e-13
44,22.000000,4,6.310508e-13,9.945480e-17,-2.183757e-22,4.494377e-12
45,22.500000,4,6.292744e-13,1.279062e-16,4.526332e-21,4.860903e-12
46,23.000000,4,6.266099e-13,1.279347e-16,-1.541865e-21,1.271108e-12
47,23.500000,4,6.226131e-13,1.279630e-16,3.851353e-21,8.415629e-13
48,24.000000,4,6.203926e-13,1.706544e-16,3.242548e-21,3.220341e-12
49,24.500000,4,6.177281e-13,1.706901e-16,5.518949e-21,1.745312e-12
50,25.000000,4,6.155076e-13,1.280442e-16,1.133568e-20,4.863498e-12
51,25.500000,4,6.123990e-13,1.280707e-16,4.261635e-21,1.733280e-12
52,26.000000,4,6.101786e-13,1.280971e-16,-2.051408e-21,7.694956e-13
53,26.500000,4,6.075140e-13,1.281233e-16,-1.475690e-21,4.552608e-13
54,27.000000,4,6.057377e-13,1.114322e-16,3.308722e-23,-1.699280e-12
55,27.500000,4,6.026291e-13,1.281754e-16,5.882909e-21,1.568190e-15
56,28.000000,4,6.004086e-13,1.282013e-16,-3.063877e-21,-2.112047e-12
57,28.500000,4,5.973000e-13,1.282270e-16,5.386600e-21,-4.346523e-14
58,29.000000,4,5.950795e-13,9.085113e-17,-1.985233e-21,2.562159e-12
59,29.500000,4,5.937473e-13,1.282775e-16,2.382280e-22,-1.427608e-13
60,30.000000,4,5.910827e-13,1.283019e-16,-3.083729e-21,1.505879e-13
61,30.500000,4,5.884182e-13,1.283261e-16,1.225551e-20,-1.957351e-12
62,31.000000,4,5.870859e-13,1.283503e-16,-7.087283e-21,2.817455e-12
63,31.500000,4,5.848655e-13,1.283743e-16,8.748262e-21,5.013046e-12
64,32.000000,4,5.822010e-13,1.283983e-16,6.948317e-22,1.158920e-12
65,32.500000,4,5.808687e-13,1.028318e-16,1.244741e-20,6.675216e-13
66,33.000000,4,5.782042e-13,1.284459e-16,-1.786710e-22,-9.511558e-13
67,33.500000,4,5.755396e-13,1.712927e-16,-1.416133e-21,2.753353e-13
68,34.000000,4,5.750955e-13,1.284931e-16,1.085261e-21,3.798850e-12
69,34.500000,4,5.728751e-13,1.285165e-16,7.299042e-21,3.580858e-12
70,35.000000,4,5.706546e-13,1.285399e-16,1.250697e-20,8.589240e-13
71,35.500000,4,5.693224e-13,9.424728e-17,-1.290402e-21,2.650213e-12
72,36.000000,4,5.671019e-13,1.285851e-16,5.049110e-21,4.305556e-12
73,36.500000,4,5.657697e-13,1.286073e-16,1.105775e-20,2.423811e-12
74,37.000000,4,5.639933e-13,1.286295e-16,-3.632977e-21,3.925582e-12
75,37.500000,4,5.617729e-13,1.715355e-16,7.074049e-21,1.104450e-12
76,38.000000,4,5.599965e-13,1.286737e-16,-9.734261e-21,3.108624e-15
77,38.500000,4,5.586642e-13,1.286956e-16,3.513863e-21,5.290657e-12
78,39.000000,4,5.573320e-13,1.716234e-16,-2.680065e-21,2.114642e-12
79,39.500000,4,5.546674e-13,1.287393e-16,5.340278e-21,3.750805e-12
80,40.000000,4,5.528911e-13,1.287611e-16,-9.462946e-21,2.642830e-12
81,40.500000,4,5.515588e-13,1.287827e-16,1.046880e-20,-7.834844e-13
82,41.000000,4,5.497824e-13,1.288043e-16,4.003554e-21,-4.393957e-12
83,41.500000,4,5.480061e-13,1.288259e-16,-1.720536e-21,4.657580e-12
84,42.000000,4,5.466738e-13,1.288470e-16,-5.247634e-21,1.545264e-12
85,42.500000,4,5.448975e-13,1.288677e-16,3.818266e-21,-1.608935e-12
86,43.000000,4,5.426770e-13,1.288883e-16,1.289078e-20,1.134703e-12
87,43.500000,4,5.413447e-13,1.289088e-16,7.828437e-21,2.302519e-12
88,44.000000,4,5.400125e-13,1.289293e-16,3.857970e-21,6.444845e-14
89,44.500000,4,5.391243e-13,1.078997e-16,-1.680831e-21,3.539391e-13
90,45.000000,4,5.373479e-13,1.289701e-16,9.793818e-22,2.192829e-12
91,45.500000,4,5.360157e-13,1.289904e-16,2.985129e-20,1.483758e-12
92,46.000000,4,5.346834e-13,1.290107e-16,9.244571e-21,2.863154e-12
93,46.500000,4,5.333511e-13,1.290309e-16,-2.163904e-21,1.151607e-12
94,47.000000,4,5.315748e-13,1.290510e-16,1.105113e-21,-1.088990e-12
95,47.500000,4,5.302425e-13,1.290711e-16,1.240771e-20,-2.210621e-12
96,48.000000,4,5.293543e-13,1.290911e-16,-4.327809e-21,5.663803e-13
97,48.500000,4,5.275780e-13,1.721480e-16,-7.901229e-21,1.370709e-12
98,49.000000,4,5.253575e-13,1.291309e-16,-2.600656e-21,5.854150e-12
99,49.500000,4,5.249134e-13,1.291502e-16,1.375767e-20,-1.198930e-12
100,50.000000,4,5.240253e-13,1.335442e-16,-5.492479e-21,2.453704e-12
101,50.500000,4,5.222489e-13,1.291885e-16,-5.227781e-22,1.235012e-12
102,51.000000,4,5.209166e-13,1.318236e-16,7.279189e-23,-3.225448e-12
103,51.500000,4,5.191403e-13,1.292266e-16,-5.360130e-22,8.333612e-13
104,52.000000,4,5.182521e-13,8.901798e-17,-2.746240e-21,4.281159e-12
105,52.500000,4,5.169198e-13,8.901508e-17,-1.126951e-20,1.495720e-12
106,53.000000,4,5.146994e-13,9.414747e-17,2.508012e-21,5.053374e-12
107,53.500000,4,5.146994e-13,1.293023e-16,-6.531418e-21,1.262462e-12
108,54.000000,4,5.124789e-13,1.293211e-16,1.336062e-20,6.454004e-13
109,54.500000,4,5.115908e-13,1.293399e-16,-1.290402e-21,4.316880e-12
110,55.000000,4,5.102585e-13,1.293586e-16,-5.724090e-21,5.511591e-12
111,55.500000,4,5.098144e-13,1.146697e-16,6.663767e-21,8.944512e-13
112,56.000000,4,5.084821e-13,1.293959e-16,1.242094e-20,2.476769e-12
113,56.500000,4,5.075940e-13,1.294144e-16,-1.858840e-20,6.732698e-12
114,57.000000,4,5.058176e-13,1.294328e-16,1.788695e-20,3.002876e-13
115,57.500000,4,5.058176e-13,1.294508e-16,3.752091e-21,8.306966e-13
116,58.000000,4,5.053735e-13,1.294687e-16,-1.674214e-21,6.604439e-13
117,58.500000,4,5.035972e-13,1.294866e-16,2.433896e-20,1.831396e-12
118,59.000000,4,5.009326e-13,1.726725e-16,-9.886463e-21,-3.741757e-12
119,59.500000,4,5.009326e-13,1.676801e-16,-5.148372e-21,-5.872053e-12
120,60.000000,4,5.000445e-13,1.727199e-16,3.771944e-22,-4.414219e-12
121,60.500000,4,4.991563e-13,1.295577e-16,1.485616e-20,-7.354950e-13
122,61.000000,4,4.978240e-13,1.009396e-16,-2.395515e-21,5.350692e-12
123,61.500000,4,4.969358e-13,1.295930e-16,1.720536e-21,-1.460942e-12
124,62.000000,4,4.951595e-13,1.296106e-16,2.595362e-20,3.862743e-12
125,62.500000,4,4.951595e-13,1.296282e-16,-9.489416e-21,1.174782e-12
126,63.000000,4,4.938272e-13,1.728610e-16,-1.439956e-20,3.582967e-13
127,63.500000,4,4.924949e-13,1.296632e-16,-4.599124e-21,9.261758e-13
128,64.000000,4,4.911627e-13,1.296807e-16,8.086518e-21,5.264955e-13
129,64.500000,4,4.907186e-13,1.296981e-16,-1.093864e-20,1.468770e-12
130,65.000000,4,4.898304e-13,1.297155e-16,7.854907e-21,4.844763e-12
131,65.500000,4,4.884981e-13,1.297327e-16,6.392452e-21,6.928347e-13
132,66.000000,4,4.871659e-13,1.368153e-16,-4.056494e-21,1.479372e-12
133,66.500000,4,4.867218e-13,1.297663e-16,8.251954e-21,-7.610024e-13
134,67.000000,4,4.853895e-13,1.297831e-16,5.777029e-21,1.905032e-12
135,67.500000,4,4.845013e-13,1.297999e-16,1.905824e-21,4.651834e-14
136,68.000000,4,4.840572e-13,1.298166e-16,8.199014e-21,3.005651e-12
137,68.500000,4,4.827250e-13,1.025911e-16,1.795975e-20,-1.813161e-12
138,69.000000,4,4.818368e-13,1.298500e-16,-2.400809e-20,1.194489e-12
139,69.500000,4,4.805045e-13,1.298666e-16,7.868142e-21,1.837863e-12
140,70.000000,4,4.805045e-13,1.298832e-16,-1.432677e-20,5.815848e-12
141,70.500000,4,4.791723e-13,1.298998e-16,1.120995e-20,1.452338e-12
142,71.000000,4,4.782841e-13,1.299163e-16,-1.572305e-20,1.818878e-12
143,71.500000,4,4.778400e-13,1.076941e-16,-5.300573e-21,3.798628e-12
144,72.000000,4,4.769518e-13,1.299493e-16,-3.507246e-22,-6.439294e-13
145,72.500000,4,4.756195e-13,9.913862e-17,-1.138201e-21,2.808032e-12
146,73.000000,4,4.751755e-13,1.299821e-16,-9.396772e-21,1.193212e-12
147,73.500000,4,4.751755e-13,1.179308e-16,5.532184e-21,5.516143e-13
148,74.000000,4,4.733991e-13,1.300149e-16,1.122319e-20,5.251688e-12
149,74.500000,4,4.720668e-13,1.300311e-16,-6.696854e-21,4.396483e-14
150,75.000000,4,4.729550e-13,1.300470e-16,-2.766092e-20,5.597411e-12
151,75.500000,4,4.716227e-13,1.300629e-16,2.243314e-21,4.857559e-12
152,76.000000,4,4.698464e-13,1.300787e-16,7.616679e-21,-2.323974e-12
153,76.500000,4,4.689582e-13,1.300946e-16,1.965381e-21,-3.343270e-12
154,77.000000,4,4.689582e-13,1.301103e-16,-1.120995e-20,-1.941669e-12
155,77.500000,4,4.680700e-13,1.301261e-16,5.578506e-21,1.447065e-12
156,78.000000,4,4.676259e-13,1.195934e-16,3.725621e-21,-6.594170e-13
157,78.500000,4,4.658496e-13,1.301575e-16,1.946191e-20,3.377298e-12
158,79.000000,4,4.654055e-13,1.301732e-16,-2.190374e-21,3.402612e-12
159,79.500000,4,4.649614e-13,1.301889e-16,1.275843e-20,-4.201084e-13
160,80.000000,4,4.649614e-13,1.302045e-16,3.176374e-22,-5.944134e-13
161,80.500000,4,4.636291e-13,1.302201e-16,-1.345327e-20,-2.921274e-12
162,81.000000,4,4.636291e-13,1.302357e-16,3.427836e-21,4.979017e-12
163,81.500000,4,4.622969e-13,1.302512e-16,7.014492e-22,-2.766121e-13
164,82.000000,4,4.609646e-13,8.684448e-17,-6.213781e-21,3.233025e-12
165,82.500000,4,4.600764e-13,1.302822e-16,-3.149904e-21,2.614575e-12
166,83.000000,4,4.591882e-13,1.085814e-16,-1.826415e-21,1.687372e-12
167,83.500000,4,4.583001e-13,1.303131e-16,2.845501e-21,3.820833e-12
168,84.000000,4,4.583001e-13,1.303285e-16,1.809209e-20,1.124656e-12
169,84.500000,4,4.565237e-13,1.303438e-16,7.596827e-21,-4.567458e-13
170,85.000000,4,4.569678e-13,1.303588e-16,1.248050e-20,4.821699e-13
171,85.500000,4,4.560796e-13,1.303738e-16,5.691003e-22,-2.611245e-12
172,86.000000,4,4.556355e-13,1.303888e-16,2.035526e-20,2.485345e-12
173,86.500000,4,4.543033e-13,1.263295e-16,1.819797e-20,5.904055e-12
174,87.000000,4,4.534151e-13,1.304186e-16,1.852885e-22,-8.628653e-13
175,87.500000,4,4.534151e-13,1.304335e-16,-1.495543e-20,-1.334433e-12
176,88.000000,4,4.529710e-13,1.304484e-16,4.618977e-21,3.641032e-12
177,88.500000,4,4.520828e-13,1.304633e-16,1.506130e-20,2.473466e-12
178,89.000000,4,4.520828e-13,1.304781e-16,-8.165927e-21,1.397826e-12
179,89.500000,4,4.507505e-13,1.304929e-16,1.300990e-20,-4.082179e-12
180,90.000000,4,4.494183e-13,1.305077e-16,-3.103582e-21,3.857470e-13
181,90.500000,4,4.498624e-13,1.305225e-16,-4.969701e-21,2.407963e-12
182,91.000000,4,4.494183e-13,1.305373e-16,-4.724856e-21,-3.212153e-12
183,91.500000,4,4.476419e-13,1.305520e-16,6.604210e-21,2.205347e-12
184,92.000000,4,4.476419e-13,1.305667e-16,4.440306e-21,3.101575e-12
185,92.500000,4,4.471978e-13,1.305814e-16,-3.149904e-21,1.819378e-12
186,93.000000,4,4.463097e-13,1.305960e-16,7.213015e-21,6.014966e-12
187,93.500000,4,4.458656e-13,1.306107e-16,1.473043e-20,1.055378e-12
188,94.000000,4,4.449774e-13,1.306253e-16,-9.509268e-21,-3.422596e-12
189,94.500000,4,4.440892e-13,1.306399e-16,9.310745e-21,1.192380e-12
190,95.000000,4,4.436451e-13,1.306543e-16,-7.550505e-21,1.270872e-12
191,95.500000,4,4.427569e-13,1.306686e-16,-2.243314e-21,1.195155e-12
192,96.000000,4,4.432010e-13,1.306828e-16,-1.667596e-21,6.190104e-12
193,96.500000,4,4.423129e-13,8.713133e-17,-3.646212e-21,5.904222e-12
194,97.000000,4,4.418688e-13,1.307112e-16,-1.173935e-20,-1.008083e-13
195,97.500000,4,4.414247e-13,1.307253e-16,2.409412e-20,-7.549517e-13
196,98.000000,4,4.405365e-13,1.307395e-16,1.016440e-20,-3.037903e-12
197,98.500000,4,4.396483e-13,1.089614e-16,1.574952e-21,-1.181499e-12
198,99.000000,4,4.383161e-13,1.364062e-16,-2.098392e-20,6.552425e-12
199,99.500000,4,4.392042e-13,1.307818e-16,-1.050850e-20,-2.592648e-12
200,100.000000,4,4.378720e-13,1.307959e-16,5.035876e-21,1.799672e-12
201,100.500000,4,4.378720e-13,1.308100e-16,4.135903e-21,1.514511e-12
202,101.000000,4,4.369838e-13,1.308240e-16,-1.542526e-20,1.305511e-12
203,101.500000,4,4.374279e-13,1.308380e-16,1.918397e-20,-7.511769e-13
204,102.000000,4,4.356515e-13,1.308520e-16,4.982936e-21,3.505474e-12
205,102.500000,4,4.352074e-13,1.308660e-16,1.035630e-20,1.399436e-12
206,103.000000,4,4.338752e-13,8.725331e-17,1.422751e-20,2.542133e-12
207,103.500000,4,4.343192e-13,1.380479e-16,-5.260869e-21,4.254930e-13
208,104.000000,4,4.338752e-13,1.309078e-16,-2.088466e-20,6.477041e-13
209,104.500000,4,4.329870e-13,1.309217e-16,4.618977e-21,2.369716e-12
210,105.000000,4,4.325429e-13,1.309356e-16,7.729176e-21,2.771283e-12
211,105.500000,4,4.325429e-13,1.309495e-16,-1.317533e-20,5.223988e-12
212,106.000000,4,4.312106e-13,1.550505e-16,-1.021072e-20,3.240186e-12
213,106.500000,4,4.316547e-13,1.309769e-16,-4.301339e-21,-1.447176e-12
214,107.000000,4,4.307665e-13,1.309904e-16,4.797648e-21,5.037304e-12
215,107.500000,4,4.303224e-13,1.310039e-16,1.025704e-20,2.149947e-13
216,108.000000,4,4.285461e-13,1.310174e-16,1.229521e-20,-2.055578e-13
217,108.500000,4,4.289902e-13,1.310309e-16,-5.161607e-21,5.469736e-12
218,109.000000,4,4.281020e-13,1.311552e-16,-7.007874e-21,5.450362e-12
219,109.500000,4,4.276579e-13,1.747438e-16,9.972489e-21,2.552070e-12
220,110.000000,4,4.272138e-13,9.196918e-17,5.102050e-21,7.160383e-13
221,110.500000,4,4.267697e-13,1.310848e-16,1.514733e-20,-1.149358e-12
222,111.000000,4,4.267697e-13,1.310982e-16,-1.359885e-20,-4.002965e-12
223,111.500000,4,4.258816e-13,1.311116e-16,1.136215e-20,1.058764e-12
224,112.000000,4,4.249934e-13,1.328159e-16,-1.480984e-20,1.046496e-12
225,112.500000,4,4.254375e-13,1.311383e-16,1.293710e-20,2.330913e-13
226,113.000000,4,4.249934e-13,1.311517e-16,1.060776e-20,3.565814e-12
227,113.500000,4,4.245493e-13,1.327945e-16,-4.929996e-21,-2.226941e-12
228,114.000000,4,4.236611e-13,1.311783e-16,-2.951380e-21,-3.194389e-12
229,114.500000,4,4.236611e-13,1.311916e-16,5.194694e-21,4.891643e-12
230,115.000000,4,4.227729e-13,1.312049e-16,6.425539e-21,9.167112e-13
231,115.500000,4,4.227729e-13,1.021274e-16,1.323489e-23,2.090939e-12
232,116.000000,4,4.214407e-13,1.312314e-16,-2.183757e-22,-6.069034e-13
233,116.500000,4,4.214407e-13,1.312446e-16,-2.038835e-20,6.021239e-12
234,117.000000,4,4.205525e-13,1.312579e-16,5.128520e-21,5.616618e-13
235,117.500000,4,4.205525e-13,1.312711e-16,1.508777e-21,-1.109557e-12
236,118.000000,4,4.201084e-13,1.312842e-16,1.635832e-20,8.084644e-13
237,118.500000,4,4.192202e-13,1.312971e-16,-7.265955e-21,1.047218e-12
238,119.000000,4,4.183320e-13,1.313100e-16,1.210992e-20,3.011258e-12
239,119.500000,4,4.178879e-13,1.313229e-16,9.714409e-21,-1.727951e-12
240,120.000000,4,4.174439e-13,1.313358e-16,1.999792e-20,-1.672606e-12
241,120.500000,4,4.174439e-13,1.313487e-16,8.516652e-21,1.820710e-12
242,121.000000,4,4.169998e-13,1.313615e-16,1.475690e-21,2.131628e-14
243,121.500000,4,4.165557e-13,1.530901e-16,-3.182991e-21,3.866407e-12
244,122.000000,4,4.161116e-13,1.313872e-16,1.371135e-20,-2.959855e-12
245,122.500000,4,4.165557e-13,1.314000e-16,-6.127754e-21,1.449729e-12
246,123.000000,4,4.161116e-13,1.314128e-16,8.132840e-21,-1.337819e-13
247,123.500000,4,4.147793e-13,1.314256e-16,-6.418922e-22,-1.998013e-12
248,124.000000,4,4.138911e-13,1.314384e-16,-4.367514e-21,-1.934841e-12
249,124.500000,4,4.143352e-13,1.314511e-16,-6.054962e-21,-2.516043e-12
250,125.000000,4,4.138911e-13,1.314639e-16,1.735094e-20,-6.687428e-13
251,125.500000,4,4.130030e-13,1.314766e-16,1.138201e-21,-5.984102e-13
252,126.000000,4,4.125589e-13,1.314893e-16,-1.319519e-20,-8.362755e-13
253,126.500000,4,4.121148e-13,8.766802e-17,5.558654e-22,8.964496e-13
254,127.000000,4,4.121148e-13,1.315147e-16,-3.573420e-21,2.013278e-12
255,127.500000,4,4.116707e-13,1.376929e-16,9.727644e-21,3.969602e-13
256,128.000000,4,4.121148e-13,1.053890e-16,-7.914464e-21,1.538325e-12
257,128.500000,4,4.107825e-13,1.315527e-16,3.725621e-21,5.654921e-13
258,129.000000,4,4.103384e-13,1.315654e-16,-8.933551e-22,-1.811329e-13
259,129.500000,4,4.098943e-13,1.315780e-16,-9.509268e-21,2.201961e-12
260,130.000000,4,4.098943e-13,1.315906e-16,-2.203609e-21,3.941070e-12
261,130.500000,4,4.094503e-13,9.176615e-17,-1.073350e-20,1.699196e-12
262,131.000000,4,4.090062e-13,1.316155e-16,1.046880e-20,-9.960921e-13
263,131.500000,4,4.081180e-13,1.316278e-16,9.271040e-21,1.131317e-13
264,132.000000,4,4.081180e-13,1.316402e-16,-4.877057e-21,5.145995e-12
265,132.500000,4,4.072298e-13,1.316525e-16,3.427836e-21,6.277201e-13
266,133.000000,4,4.072298e-13,1.316648e-16,1.306945e-20,4.132805e-12
267,133.500000,4,4.067857e-13,1.316771e-16,1.548482e-21,1.929568e-13
268,134.000000,4,4.067857e-13,1.316894e-16,1.507454e-20,2.235212e-12
269,134.500000,4,4.063416e-13,1.317017e-16,-3.032775e-20,6.264989e-13
270,135.000000,4,4.054534e-13,1.756186e-16,7.676236e-22,-2.390532e-12
271,135.500000,4,4.050094e-13,1.317262e-16,3.666064e-21,8.715251e-14
272,136.000000,4,4.058975e-13,1.317384e-16,4.903527e-21,2.356337e-12
273,136.500000,4,4.041212e-13,1.317507e-16,-4.427071e-21,2.605249e-12
274,137.000000,4,4.041212e-13,1.317629e-16,-4.566037e-22,6.151746e-13
275,137.500000,4,4.036771e-13,1.317751e-16,1.654361e-21,1.074696e-13
276,138.000000,4,4.032330e-13,1.317873e-16,1.356576e-21,1.741385e-12
277,138.500000,4,4.032330e-13,1.757326e-16,1.019087e-20,3.155254e-12
278,139.000000,4,4.027889e-13,1.154535e-16,-1.288417e-20,1.070144e-12
279,139.500000,4,4.023448e-13,1.318238e-16,9.390154e-21,-2.436273e-12
280,140.000000,4,4.019007e-13,1.443016e-16,-9.449711e-21,-1.231126e-12
281,140.500000,4,4.014566e-13,1.103424e-16,-7.093901e-21,2.744582e-12
282,141.000000,4,4.014566e-13,1.318602e-16,-1.395619e-20,8.810730e-13
283,141.500000,4,4.014566e-13,1.318723e-16,-4.281487e-21,5.074829e-13
284,142.000000,4,4.005685e-13,1.758458e-16,1.640465e-20,-4.864220e-12
285,142.500000,4,3.996803e-13,1.318965e-16,-9.462946e-21,3.795630e-12
286,143.000000,4,4.001244e-13,1.319085e-16,-4.202078e-21,-1.702305e-12
287,143.500000,4,3.996803e-13,1.319206e-16,-1.069379e-20,3.778866e-12
288,144.000000,4,3.987921e-13,1.319325e-16,1.141509e-20,3.158585e-12
289,144.500000,4,3.987921e-13,1.319444e-16,-7.398303e-21,3.756995e-12
290,145.000000,4,3.983480e-13,1.319562e-16,-9.873228e-21,2.734257e-12
291,145.500000,4,3.992362e-13,1.319680e-16,7.696088e-21,1.846301e-13
292,146.000000,4,3.979039e-13,1.319798e-16,1.991851e-20,3.599787e-12
293,146.500000,4,3.979039e-13,1.319916e-16,4.585889e-21,-3.630429e-14
294,147.000000,4,3.970158e-13,1.357121e-16,9.072517e-21,-7.801537e-13
295,147.500000,4,3.961276e-13,1.320152e-16,1.027689e-20,1.971645e-12
296,148.000000,4,3.965717e-13,1.320269e-16,-1.148788e-20,-8.600898e-13
297,148.500000,4,3.961276e-13,1.320387e-16,-4.857205e-21,9.032775e-13
298,149.000000,4,3.956835e-13,1.320504e-16,1.391649e-20,1.865397e-12
299,149.500000,4,3.956835e-13,1.119325e-16,-3.507246e-22,1.001976e-12
300,150.000000,4,3.956835e-13,1.320739e-16,-8.040196e-21,1.815881e-12
301,150.500000,4,3.943512e-13,1.320856e-16,-2.386251e-20,-1.686429e-12
302,151.000000,4,3.947953e-13,1.320973e-16,-7.868142e-21,3.739342e-12
303,151.500000,4,3.943512e-13,1.321090e-16,-2.666830e-21,-2.871592e-12
304,152.000000,4,3.939071e-13,1.321207e-16,1.447235e-20,1.640355e-12
305,152.500000,4,3.939071e-13,1.321323e-16,-3.441071e-22,-1.745715e-12
306,153.000000,4,3.939071e-13,1.321440e-16,2.183757e-22,-5.420331e-12
307,153.500000,4,3.934630e-13,1.762075e-16,-4.724856e-21,3.990142e-13
308,154.000000,4,3.925749e-13,1.321673e-16,-1.647744e-21,1.247891e-12
309,154.500000,4,3.925749e-13,1.321789e-16,-1.621936e-20,2.990941e-13
310,155.000000,4,3.921308e-13,1.321905e-16,-3.368279e-21,2.854383e-13
311,155.500000,4,3.921308e-13,1.322021e-16,-1.210331e-20,1.962874e-12
312,156.000000,4,3.907985e-13,1.322137e-16,5.022641e-21,3.506306e-12
313,156.500000,4,3.907985e-13,1.322253e-16,3.242548e-22,4.329648e-12
314,157.000000,4,3.907985e-13,1.322369e-16,-3.441071e-22,5.206280e-12
315,157.500000,4,3.903544e-13,1.322485e-16,-1.058791e-22,2.547962e-13
316,158.000000,4,3.894662e-13,1.322600e-16,-2.514629e-21,7.260859e-14
317,158.500000,4,3.899103e-13,1.322713e-16,1.394957e-20,1.088019e-12
318,159.000000,4,3.903544e-13,1.322827e-16,-8.576209e-21,-2.216005e-12
319,159.500000,4,3.894662e-13,1.763920e-16,-2.289636e-21,1.661893e-12
320,160.000000,4,3.885781e-13,1.764071e-16,-2.335958e-21,3.318124e-12
321,160.500000,4,3.881340e-13,1.372089e-16,1.122980e-20,3.018585e-12
322,161.000000,4,3.881340e-13,1.323280e-16,4.850587e-21,1.317835e-12
323,161.500000,4,3.881340e-13,1.609065e-16,-9.522503e-21,1.329159e-12
324,162.000000,4,3.881340e-13,1.323506e-16,8.377685e-21,1.701639e-12
325,162.500000,4,3.876899e-13,1.323619e-16,3.421219e-21,1.097122e-12
326,163.000000,4,3.876899e-13,1.323732e-16,-3.771944e-21,-8.402168e-13
327,163.500000,4,3.868017e-13,1.323844e-16,-3.996937e-21,-5.876188e-12
328,164.000000,4,3.863576e-13,1.323957e-16,-8.999725e-22,-3.589351e-13
329,164.500000,4,3.863576e-13,1.324070e-16,-1.389002e-20,-2.209233e-12
330,165.000000,4,3.863576e-13,1.324182e-16,1.940235e-20,7.326362e-13
331,165.500000,4,3.859135e-13,1.324294e-16,1.893251e-20,-4.075296e-12
332,166.000000,4,3.863576e-13,1.324407e-16,2.495438e-20,1.815770e-12
333,166.500000,4,3.854694e-13,1.324519e-16,-4.665299e-21,-6.842305e-13
334,167.000000,4,3.845813e-13,1.324631e-16,4.671916e-21,3.557044e-12
335,167.500000,4,3.845813e-13,1.766324e-16,2.715799e-20,1.874834e-12
336,168.000000,4,3.850253e-13,1.324855e-16,2.498085e-20,3.724687e-12
337,168.500000,4,3.836931e-13,1.324966e-16,4.665299e-21,2.404743e-12
338,169.000000,4,3.836931e-13,1.766771e-16,5.518949e-21,8.676393e-13
339,169.500000,4,3.841372e-13,1.325190e-16,1.821783e-20,2.471356e-13
340,170.000000,4,3.823608e-13,1.325301e-16,-7.378451e-21,-2.079226e-12
341,170.500000,4,3.828049e-13,1.325413e-16,-2.052070e-20,-2.803313e-13
342,171.000000,4,3.832490e-13,1.767365e-16,1.821121e-20,-8.689716e-13
343,171.500000,4,3.823608e-13,1.421195e-16,2.971233e-21,1.703082e-13
344,172.000000,4,3.823608e-13,1.325746e-16,1.539879e-20,1.505351e-12
345,172.500000,4,3.814726e-13,1.325858e-16,6.723324e-21,-2.836398e-12
346,173.000000,4,3.823608e-13,1.325968e-16,6.147606e-21,4.677370e-12
347,173.500000,4,3.814726e-13,1.768102e-16,-5.724090e-21,-1.750822e-13
348,174.000000,4,3.810285e-13,1.326186e-16,-5.876291e-21,-1.126099e-12
349,174.500000,4,3.814726e-13,1.326295e-16,-2.065305e-20,7.237544e-13
350,175.000000,4,3.801404e-13,1.326404e-16,1.995821e-20,7.623902e-13
351,175.500000,4,3.805845e-13,1.768684e-16,-6.849055e-21,-7.260859e-13
352,176.000000,4,3.796963e-13,1.326622e-16,-9.019577e-21,5.643375e-12
353,176.500000,4,3.796963e-13,1.521867e-16,-3.586655e-21,-1.435407e-12
354,177.000000,4,3.796963e-13,1.769119e-16,6.359365e-21,2.797651e-12
355,177.500000,4,3.801404e-13,1.326948e-16,-1.097172e-20,1.589284e-12
356,178.000000,4,3.792522e-13,1.327056e-16,7.021109e-21,1.049272e-12
357,178.500000,4,3.788081e-13,1.327165e-16,-8.450477e-21,-1.644240e-12
358,179.000000,4,3.783640e-13,1.327273e-16,2.995717e-20,2.776335e-12
359,179.500000,4,3.783640e-13,1.327381e-16,2.534481e-21,-9.431345e-13
360,180.000000,4,3.774758e-13,1.327489e-16,-3.857970e-21,4.005241e-12
361,180.500000,4,3.779199e-13,9.127137e-17,-1.336724e-21,7.218670e-13
362,181.000000,4,3.779199e-13,1.327705e-16,-4.261635e-21,2.588374e-12
363,181.500000,4,3.774758e-13,1.770418e-16,-7.636531e-21,4.701572e-12
364,182.000000,4,3.770317e-13,9.125645e-17,-7.007874e-21,-3.143041e-13
365,182.500000,4,3.770317e-13,1.328029e-16,-5.902761e-21,-1.614264e-12
366,183.000000,4,3.761436e-13,1.328137e-16,-4.539567e-21,4.198308e-12
367,183.500000,4,3.756995e-13,1.328244e-16,5.518949e-21,-5.205836e-13
368,184.000000,4,3.770317e-13,1.328352e-16,-3.838118e-22,1.954992e-12
369,184.500000,4,3.761436e-13,1.328459e-16,9.985724e-21,1.230682e-12
370,185.000000,4,3.756995e-13,1.328567e-16,6.405687e-21,1.149192e-12
371,185.500000,4,3.752554e-13,9.460076e-17,3.269018e-21,3.159362e-12
372,186.000000,4,3.743672e-13,1.328781e-16,3.308722e-22,4.000134e-13
373,186.500000,4,3.748113e-13,1.047254e-16,-8.251954e-21,3.441691e-15
374,187.000000,4,3.743672e-13,1.328995e-16,1.555100e-21,2.760236e-12
375,187.500000,4,3.748113e-13,1.329102e-16,-5.029258e-21,-9.191536e-13
376,188.000000,4,3.743672e-13,1.329209e-16,8.748262e-21,8.143486e-13
377,188.500000,4,3.730349e-13,1.772421e-16,1.844944e-20,-7.093215e-13
378,189.000000,4,3.739231e-13,1.329421e-16,-9.145309e-21,-2.197909e-12
379,189.500000,4,3.730349e-13,1.329526e-16,-1.029013e-20,1.384226e-12
380,190.000000,4,3.730349e-13,1.329631e-16,-2.706535e-21,5.574097e-12
381,190.500000,4,3.739231e-13,1.329736e-16,-1.598775e-20,3.477663e-12
382,191.000000,4,3.725908e-13,1.773121e-16,1.083276e-20,2.976619e-12
383,191.500000,4,3.717027e-13,1.108288e-16,1.694066e-21,1.980416e-12
384,192.000000,4,3.730349e-13,1.330051e-16,-2.805797e-21,-2.831402e-12
385,192.500000,4,3.725908e-13,1.620528e-16,-7.874759e-22,6.049716e-12
386,193.000000,4,3.717027e-13,1.330260e-16,2.051408e-22,6.774581e-13
387,193.500000,4,3.717027e-13,1.330365e-16,8.953403e-21,-9.494627e-13
388,194.000000,4,3.712586e-13,1.773959e-16,1.052835e-20,2.138290e-12
389,194.500000,4,3.717027e-13,1.330574e-16,-6.021875e-21,-1.397882e-12
390,195.000000,4,3.708145e-13,1.330678e-16,6.392452e-21,2.778666e-12
391,195.500000,4,3.708145e-13,1.774376e-16,1.654361e-22,-1.770362e-12
392,196.000000,4,3.712586e-13,1.330886e-16,3.474159e-21,2.121414e-12
393,196.500000,4,3.690381e-13,1.330990e-16,1.205698e-20,1.211919e-12
394,197.000000,4,3.703704e-13,1.331095e-16,-3.527098e-21,6.227019e-12
395,197.500000,4,3.699263e-13,1.774931e-16,-8.854141e-21,4.129364e-12
396,198.000000,4,3.699263e-13,1.775070e-16,5.902761e-21,2.241873e-12
397,198.500000,4,3.694822e-13,1.331406e-16,1.051512e-20,4.993339e-12
398,199.000000,4,3.690381e-13,1.433869e-16,-4.446923e-21,-5.162537e-14
399,199.500000,4,3.690381e-13,1.331614e-16,5.843204e-21,-3.159473e-12
400,200.000000,4,3.690381e-13,9.108339e-17,8.946786e-21,-1.510014e-12
401,200.500000,4,3.685940e-13,1.331821e-16,2.382280e-21,-3.278045e-12
402,201.000000,4,3.681500e-13,1.331925e-16,2.469630e-20,1.145306e-12
403,201.500000,4,3.685940e-13,1.332028e-16,-3.666064e-21,1.136424e-12
404,202.000000,4,3.677059e-13,1.776175e-16,-6.458626e-21,-3.249956e-12
405,202.500000,4,3.677059e-13,1.332235e-16,1.403560e-20,3.523848e-13
406,203.000000,4,3.672618e-13,1.332338e-16,2.825649e-21,1.313727e-12
407,203.500000,4,3.668177e-13,1.332441e-16,-5.975553e-21,3.286926e-12
408,204.000000,4,3.672618e-13,1.110453e-16,-5.016023e-21,-4.552803e-12
409,204.500000,4,3.663736e-13,1.332647e-16,1.681493e-20,3.408052e-12
410,205.000000,4,3.668177e-13,1.348684e-16,1.877369e-20,-1.527445e-12
411,205.500000,4,3.672618e-13,1.332851e-16,-1.189817e-20,-1.133427e-12
412,206.000000,4,3.668177e-13,1.332952e-16,-1.442603e-21,-4.238832e-13
413,206.500000,4,3.668177e-13,1.333054e-16,-9.244571e-21,-4.293232e-13
414,207.000000,4,3.659295e-13,1.333155e-16,2.575510e-20,-2.001288e-12
415,207.500000,4,3.650413e-13,1.333256e-16,-1.389663e-22,2.868372e-12
416,208.000000,4,3.650413e-13,1.095465e-16,-3.818266e-21,-3.690381e-13
417,208.500000,4,3.650413e-13,1.333459e-16,-7.874759e-21,6.717960e-13
418,209.000000,4,3.645972e-13,1.027946e-16,-1.745020e-20,-2.098322e-13
419,209.500000,4,3.645972e-13,1.333661e-16,-2.349193e-21,-3.482103e-12
420,210.000000,4,3.645972e-13,1.333761e-16,-4.003554e-21,6.666112e-12
421,210.500000,4,3.641532e-13,1.778483e-16,-1.364517e-20,1.473488e-12
422,211.000000,4,3.645972e-13,1.333963e-16,1.216286e-20,2.057465e-12
423,211.500000,4,3.641532e-13,1.334064e-16,1.369811e-21,-2.205125e-12
424,212.000000,4,3.637091e-13,1.334164e-16,7.206397e-21,-1.706080e-12
425,212.500000,4,3.637091e-13,1.334265e-16,8.139457e-22,-5.411227e-13
426,213.000000,4,3.632650e-13,1.179123e-16,-2.231402e-20,1.820544e-12
427,213.500000,4,3.637091e-13,1.334466e-16,-1.767520e-20,3.310685e-13
428,214.000000,4,3.632650e-13,1.334566e-16,-2.459704e-20,4.745093e-12
429,214.500000,4,3.628209e-13,1.010520e-16,-2.120229e-20,-2.206124e-12
430,215.000000,4,3.623768e-13,1.334767e-16,-4.698386e-22,3.313350e-12
431,215.500000,4,3.619327e-13,1.334867e-16,1.103128e-20,4.262146e-13
432,216.000000,4,3.619327e-13,1.334967e-16,-1.533924e-20,7.878143e-13
433,216.500000,4,3.619327e-13,1.780090e-16,-3.732239e-21,-1.175948e-12
434,217.000000,4,3.614886e-13,1.335167e-16,1.281799e-20,2.365996e-12
435,217.500000,4,3.614886e-13,1.335267e-16,7.040961e-21,1.110667e-12
436,218.000000,4,3.610445e-13,1.112806e-16,7.166693e-21,2.696954e-12
437,218.500000,4,3.614886e-13,1.335467e-16,-3.943997e-21,2.441158e-12
438,219.000000,4,3.610445e-13,1.335567e-16,-1.786710e-22,3.573475e-12
439,219.500000,4,3.606004e-13,1.335667e-16,-5.201312e-21,1.768807e-12
440,220.000000,4,3.606004e-13,1.335766e-16,2.779327e-22,2.056133e-13
441,220.500000,4,3.606004e-13,1.335866e-16,-5.293956e-23,-3.930078e-12
442,221.000000,4,3.597123e-13,1.335965e-16,-6.948317e-22,2.901235e-12
443,221.500000,4,3.606004e-13,1.336065e-16,6.432156e-21,5.456857e-12
444,222.000000,4,3.606004e-13,1.336164e-16,-1.827077e-20,2.284173e-12
445,222.500000,4,3.601563e-13,1.781683e-16,9.257805e-21,2.248313e-12
446,223.000000,4,3.597123e-13,1.336360e-16,1.144156e-20,1.071254e-12
447,223.500000,4,3.592682e-13,1.043236e-16,-8.165927e-21,-8.820722e-13
448,224.000000,4,3.597123e-13,1.336556e-16,1.204375e-20,2.046585e-12
449,224.500000,4,3.592682e-13,1.336654e-16,1.103790e-20,1.233236e-12
450,225.000000,4,3.583800e-13,1.598259e-16,-5.247634e-21,5.921152e-12
451,225.500000,4,3.592682e-13,1.114041e-16,2.004424e-20,-3.601341e-12
452,226.000000,4,3.579359e-13,1.336947e-16,-7.047579e-21,-7.680523e-13
453,226.500000,4,3.583800e-13,1.009271e-16,-5.942466e-21,1.472156e-12
454,227.000000,4,3.579359e-13,1.337142e-16,6.220398e-21,6.353806e-13
455,227.500000,4,3.583800e-13,1.025986e-16,2.143390e-20,4.821255e-12
456,228.000000,4,3.579359e-13,1.337337e-16,8.999725e-22,1.120437e-12
457,228.500000,4,3.570477e-13,1.337434e-16,-1.490910e-20,2.897571e-12
458,229.000000,4,3.574918e-13,9.417432e-17,-6.147606e-21,-3.329892e-12
459,229.500000,4,3.574918e-13,1.337629e-16,2.230079e-21,5.228040e-13
460,230.000000,4,3.566036e-13,1.337726e-16,9.046047e-21,-6.816769e-14
461,230.500000,4,3.574918e-13,1.337823e-16,1.714580e-20,-1.517675e-13
462,231.000000,4,3.566036e-13,1.337920e-16,3.652830e-21,4.020562e-12
463,231.500000,4,3.566036e-13,1.338017e-16,2.069937e-20,2.470246e-12
464,232.000000,4,3.566036e-13,1.338114e-16,1.768181e-20,2.052580e-12
465,232.500000,4,3.561595e-13,1.338211e-16,2.989100e-20,-1.386891e-12
466,233.000000,4,3.561595e-13,1.784411e-16,6.081432e-21,1.445732e-12
467,233.500000,4,3.561595e-13,1.338405e-16,-1.634509e-21,-2.266298e-12
468,234.000000,4,3.557155e-13,1.338502e-16,-1.124966e-22,2.803424e-12
469,234.500000,4,3.561595e-13,1.338598e-16,2.660213e-21,7.796874e-12
470,235.000000,4,3.557155e-13,1.784927e-16,-2.422647e-20,-1.370237e-12
471,235.500000,4,3.552714e-13,1.785055e-16,1.502822e-20,-9.924284e-13
472,236.000000,4,3.548273e-13,1.338888e-16,4.069729e-21,4.527489e-12
473,236.500000,4,3.552714e-13,1.338985e-16,4.168990e-22,2.048806e-12
474,237.000000,4,3.543832e-13,1.339081e-16,8.066665e-21,-5.275669e-12
475,237.500000,4,3.552714e-13,1.339177e-16,-2.951380e-21,-2.243761e-13
476,238.000000,4,3.539391e-13,1.339274e-16,-1.529292e-20,-1.515232e-12
477,238.500000,4,3.534950e-13,1.339370e-16,4.241782e-21,2.981504e-12
478,239.000000,4,3.539391e-13,1.339466e-16,7.451243e-21,3.568479e-12
479,239.500000,4,3.539391e-13,1.339562e-16,3.613125e-21,1.490918e-12
480,240.000000,4,3.521627e-13,1.339658e-16,-1.422751e-21,-8.660850e-13
481,240.500000,4,3.539391e-13,1.142187e-16,-3.355045e-21,-3.492540e-12
482,241.000000,4,3.530509e-13,1.339848e-16,1.455838e-21,-5.759837e-13
483,241.500000,4,3.530509e-13,1.339943e-16,7.927699e-21,-5.330181e-13
484,242.000000,4,3.539391e-13,1.340038e-16,1.478337e-20,-1.887157e-12
485,242.500000,4,3.526068e-13,1.340132e-16,1.087246e-20,-2.663980e-12
486,243.000000,4,3.526068e-13,1.340227e-16,2.035526e-20,-1.127987e-13
487,243.500000,4,3.534950e-13,1.340321e-16,-1.532600e-20,4.280465e-12
488,244.000000,4,3.526068e-13,1.340416e-16,2.223461e-21,-1.455280e-12
489,244.500000,4,3.526068e-13,1.340510e-16,7.451243e-21,-2.149836e-12
490,245.000000,4,3.526068e-13,1.340605e-16,1.459808e-20,-1.106226e-12
491,245.500000,4,3.517187e-13,1.340699e-16,6.617445e-23,1.848743e-12
492,246.000000,4,3.517187e-13,1.787724e-16,1.795975e-20,-1.616152e-12
493,246.500000,4,3.521627e-13,1.117406e-16,-1.412163e-20,5.371259e-13
494,247.000000,4,3.517187e-13,1.340982e-16,-2.289636e-21,2.847500e-12
495,247.500000,4,3.503864e-13,1.341076e-16,-1.909133e-20,-1.864509e-12
496,248.000000,4,3.512746e-13,1.341170e-16,1.732447e-20,-1.350364e-12
497,248.500000,4,3.508305e-13,1.090752e-16,2.911014e-20,1.628253e-12
498,249.000000,4,3.499423e-13,1.341358e-16,3.138654e-20,6.121659e-12
499,249.500000,4,3.503864e-13,1.426186e-16,9.714409e-21,2.617351e-12
500,250.000000,4,3.512746e-13,1.341546e-16,-1.320842e-20,-2.128075e-12
501,250.500000,4,3.512746e-13,1.341639e-16,8.993108e-21,5.429435e-12
502,251.000000,4,3.508305e-13,1.341733e-16,-1.843620e-20,-1.855960e-12
503,251.500000,4,3.494982e-13,1.789103e-16,-1.238124e-20,1.304290e-12
504,252.000000,4,3.494982e-13,1.341921e-16,1.867443e-20,2.482126e-12
505,252.500000,4,3.499423e-13,1.789352e-16,-1.246065e-20,1.798894e-12
506,253.000000,4,3.499423e-13,1.342108e-16,7.107136e-21,2.142619e-12
507,253.500000,4,3.490541e-13,1.475753e-16,-6.577740e-21,1.901146e-12
508,254.000000,4,3.490541e-13,1.342295e-16,-2.428602e-21,-2.090550e-13
509,254.500000,4,3.494982e-13,1.342388e-16,-1.049527e-20,4.116485e-12
510,255.000000,4,3.494982e-13,1.342482e-16,1.402237e-20,-2.636336e-12
511,255.500000,4,3.494982e-13,1.790100e-16,1.297019e-20,5.385803e-12
512,256.000000,4,3.490541e-13,1.118890e-16,2.643669e-20,4.502176e-12
513,256.500000,4,3.486100e-13,1.790349e-16,3.990319e-21,6.189382e-12
514,257.000000,4,3.486100e-13,1.342855e-16,1.303637e-21,4.577450e-13
515,257.500000,4,3.481659e-13,1.342948e-16,-2.314120e-20,4.216849e-12
516,258.000000,4,3.486100e-13,1.343041e-16,-1.248050e-20,2.028377e-13
517,258.500000,4,3.481659e-13,1.343134e-16,-5.843204e-21,2.166822e-12
518,259.000000,4,3.477219e-13,1.343227e-16,1.163347e-20,2.727818e-13
519,259.500000,4,3.481659e-13,1.343319e-16,7.186545e-21,5.012768e-12
520,260.000000,4,3.472778e-13,1.791214e-16,-4.830735e-22,8.836265e-13
521,260.500000,4,3.472778e-13,9.214692e-17,2.126847e-20,1.019518e-12
522,261.000000,4,3.472778e-13,1.343594e-16,-2.845501e-22,8.900658e-13
523,261.500000,4,3.463896e-13,1.791581e-16,1.190478e-20,-1.941114e-12
524,262.000000,4,3.472778e-13,1.343777e-16,3.805031e-21,-2.121081e-12
525,262.500000,4,3.468337e-13,1.021708e-16,2.236696e-21,-2.765566e-13
526,263.000000,4,3.472778e-13,1.343960e-16,-2.805797e-21,2.656986e-12
527,263.500000,4,3.463896e-13,1.344052e-16,9.595295e-22,6.826761e-13
528,264.000000,4,3.463896e-13,1.344143e-16,-1.144818e-21,-1.814660e-12
529,264.500000,4,3.463896e-13,1.344235e-16,-9.866610e-21,-1.549316e-12
530,265.000000,4,3.463896e-13,1.792435e-16,7.868142e-21,-2.752354e-12
531,265.500000,4,3.463896e-13,1.344417e-16,-2.468307e-21,3.698930e-12
532,266.000000,4,3.455014e-13,1.344509e-16,-1.488925e-21,8.485435e-13
533,266.500000,4,3.468337e-13,1.344600e-16,5.002788e-21,5.377920e-13
534,267.000000,4,3.450573e-13,1.344691e-16,2.065966e-20,-1.288192e-12
535,267.500000,4,3.450573e-13,1.344782e-16,5.962318e-21,-7.202017e-13
536,268.000000,4,3.455014e-13,1.344873e-16,-9.681322e-21,2.663980e-12
537,268.500000,4,3.446132e-13,1.344964e-16,2.414044e-20,-3.206324e-12
538,269.000000,4,3.450573e-13,1.087694e-16,2.369707e-20,-1.577072e-12
539,269.500000,4,3.450573e-13,1.345146e-16,2.500071e-20,4.753198e-12
540,270.000000,4,3.450573e-13,1.345237e-16,-3.632977e-21,-5.059730e-12
541,270.500000,4,3.446132e-13,9.201551e-17,2.964615e-21,9.030554e-13
542,271.000000,4,3.450573e-13,1.345418e-16,2.462351e-20,-2.176814e-12
543,271.500000,4,3.437250e-13,1.345509e-16,-2.269784e-20,1.354472e-12
544,272.000000,4,3.441691e-13,1.345600e-16,-8.596061e-21,-7.405188e-14
545,272.500000,4,3.441691e-13,1.345690e-16,-1.485616e-20,3.142486e-12
546,273.000000,4,3.446132e-13,1.345781e-16,1.514733e-20,1.879941e-12
547,273.500000,4,3.437250e-13,1.345872e-16,6.948317e-22,2.604139e-12
548,274.000000,4,3.437250e-13,1.345962e-16,-1.144818e-20,-3.530509e-13
549,274.500000,4,3.437250e-13,1.346052e-16,4.605742e-21,-2.087219e-13
550,275.000000,4,3.432810e-13,1.346143e-16,-1.613995e-20,2.567946e-13
551,275.500000,4,3.428369e-13,1.794978e-16,2.131479e-20,1.740830e-13
552,276.000000,4,3.432810e-13,1.346324e-16,1.144818e-21,4.422240e-12
553,276.500000,4,3.432810e-13,1.346414e-16,6.035110e-21,2.571054e-12
554,277.000000,4,3.432810e-13,1.346504e-16,-3.924145e-21,-8.705259e-13
555,277.500000,4,3.428369e-13,1.346594e-16,-1.007175e-20,3.683720e-13
556,278.000000,4,3.423928e-13,9.525525e-17,1.989204e-20,-8.327783e-13
557,278.500000,4,3.428369e-13,1.346775e-16,-6.842438e-21,-3.162359e-12
558,279.000000,4,3.428369e-13,1.346865e-16,-2.011703e-21,1.784128e-13
559,279.500000,4,3.423928e-13,1.346954e-16,1.379737e-20,3.161360e-12
560,280.000000,4,3.428369e-13,1.347043e-16,-1.674214e-21,2.946199e-12
561,280.500000,4,3.432810e-13,1.347132e-16,9.403389e-21,1.915468e-12
562,281.000000,4,3.423928e-13,1.347220e-16,2.490145e-20,-1.005085e-12
563,281.500000,4,3.415046e-13,1.347309e-16,2.476248e-20,-3.396505e-12
564,282.000000,4,3.415046e-13,1.347398e-16,1.654361e-21,3.559597e-12
565,282.500000,4,3.415046e-13,1.085500e-16,-1.135554e-20,1.972866e-13
566,283.000000,4,3.415046e-13,8.983837e-17,1.641126e-20,2.069900e-12
567,283.500000,4,3.410605e-13,1.347664e-16,6.233633e-21,1.086908e-12
568,284.000000,4,3.415046e-13,1.347753e-16,-1.725168e-20,-2.103873e-13
569,284.500000,4,3.415046e-13,1.347841e-16,2.560951e-21,1.649569e-12
570,285.000000,4,3.415046e-13,1.347930e-16,-2.898441e-20,4.132250e-13
571,285.500000,4,3.410605e-13,1.348019e-16,-1.567673e-20,-5.619949e-12
572,286.000000,4,3.406164e-13,1.348107e-16,-3.341810e-21,1.796896e-12
573,286.500000,4,3.401723e-13,1.348195e-16,3.103582e-21,1.113887e-12
574,287.000000,4,3.401723e-13,1.348284e-16,-1.248712e-20,-6.439294e-15
575,287.500000,4,3.406164e-13,1.348372e-16,4.645446e-21,1.797673e-12
576,288.000000,4,3.406164e-13,1.348460e-16,-1.913765e-20,4.052647e-12
577,288.500000,4,3.401723e-13,1.348549e-16,-7.504183e-21,-1.392331e-12
578,289.000000,4,3.401723e-13,1.348637e-16,-1.530615e-20,2.590372e-12
579,289.500000,4,3.401723e-13,1.348725e-16,-1.705316e-20,-1.468825e-13
580,290.000000,4,3.397282e-13,1.348813e-16,-7.146840e-21,3.109735e-13
581,290.500000,4,3.401723e-13,1.348901e-16,-1.009160e-20,-1.356693e-13
582,291.000000,4,3.397282e-13,1.348989e-16,1.373120e-20,3.065215e-12
583,291.500000,4,3.397282e-13,1.350802e-16,2.103024e-20,-1.266875e-12
584,292.000000,4,3.401723e-13,1.349165e-16,6.418922e-21,2.625677e-12
585,292.500000,4,3.383960e-13,1.349253e-16,8.920316e-21,3.022027e-12
586,293.000000,4,3.392842e-13,1.349341e-16,5.366748e-21,-3.298473e-12
587,293.500000,4,3.388401e-13,1.349429e-16,-1.002543e-20,-1.701639e-12
588,294.000000,4,3.388401e-13,1.349517e-16,-2.683374e-20,2.666090e-12
589,294.500000,4,3.383960e-13,1.349605e-16,-4.506480e-21,5.517808e-14
590,295.000000,4,3.388401e-13,1.349692e-16,-2.216844e-21,8.792966e-13
591,295.500000,4,3.383960e-13,1.366608e-16,6.835821e-21,-8.615331e-13
592,296.000000,4,3.379519e-13,1.349868e-16,-6.749794e-21,-2.020717e-12
593,296.500000,4,3.388401e-13,1.349955e-16,1.594804e-21,-3.264056e-14
594,297.000000,4,3.375078e-13,1.125036e-16,2.112950e-20,3.545497e-12
595,297.500000,4,3.375078e-13,1.350131e-16,-9.496033e-21,2.678302e-12
596,298.000000,4,3.375078e-13,1.350218e-16,-4.499863e-21,-9.449108e-13
597,298.500000,4,3.375078e-13,1.350306e-16,4.857205e-21,-1.077249e-12
598,299.000000,4,3.375078e-13,1.350393e-16,1.434662e-20,1.253553e-12
599,299.500000,4,3.366196e-13,1.350480e-16,-1.052835e-20,2.235101e-12
600,300.000000,4,3.375078e-13,1.350567e-16,6.021875e-22,-2.601586e-12
601,300.500000,4,3.370637e-13,1.350654e-16,-5.896143e-21,2.633893e-12
602,301.000000,4,3.370637e-13,1.350740e-16,1.381722e-20,3.219425e-12
603,301.500000,4,3.370637e-13,1.350826e-16,2.421985e-21,1.096567e-12
604,302.000000,4,3.370637e-13,1.125760e-16,-2.298900e-20,-1.197820e-12
605,302.500000,4,3.370637e-13,1.350999e-16,-8.212249e-21,-1.414868e-12
606,303.000000,4,3.370637e-13,1.801446e-16,-8.774732e-21,-4.169665e-12
607,303.500000,4,3.361755e-13,1.351171e-16,3.619742e-21,1.889489e-12
608,304.000000,4,3.370637e-13,1.351257e-16,-4.149138e-21,-4.728218e-12
609,304.500000,4,3.366196e-13,1.351343e-16,4.949849e-21,-7.623902e-13
610,305.000000,4,3.361755e-13,1.314639e-16,2.273754e-20,9.126033e-14
611,305.500000,4,3.361755e-13,9.318260e-17,-5.604976e-21,1.167955e-13
612,306.000000,4,3.366196e-13,1.351601e-16,-1.520689e-20,7.012391e-12
613,306.500000,4,3.352874e-13,1.351687e-16,9.859993e-22,3.379741e-12
614,307.000000,4,3.352874e-13,1.351773e-16,-1.737079e-20,6.458389e-12
615,307.500000,4,3.357314e-13,1.351859e-16,-2.335958e-21,4.170886e-12
616,308.000000,4,3.357314e-13,1.351944e-16,1.050189e-20,-1.487699e-12
617,308.500000,4,3.352874e-13,1.352030e-16,3.003658e-20,5.221601e-12
618,309.000000,4,3.348433e-13,1.352116e-16,1.781416e-20,4.007017e-12
619,309.500000,4,3.357314e-13,1.352202e-16,2.097730e-21,-3.659295e-12
620,310.000000,4,3.348433e-13,1.352287e-16,-8.099753e-21,2.599476e-12
621,310.500000,4,3.352874e-13,1.352373e-16,3.983702e-21,2.379430e-12
622,311.000000,4,3.352874e-13,1.352458e-16,1.470396e-20,-1.912692e-12
623,311.500000,4,3.343992e-13,1.352544e-16,-1.952146e-21,-5.365708e-12
624,312.000000,4,3.343992e-13,1.352629e-16,3.123434e-21,7.966960e-13
625,312.500000,4,3.343992e-13,1.030592e-16,9.357067e-21,-2.337908e-12
626,313.000000,4,3.339551e-13,1.352800e-16,2.369707e-20,1.831202e-12
627,313.500000,4,3.343992e-13,1.352886e-16,-1.831709e-20,1.486811e-12
628,314.000000,4,3.343992e-13,1.352971e-16,2.613891e-21,-3.739897e-12
629,314.500000,4,3.335110e-13,1.353056e-16,-3.809663e-20,1.674660e-12
630,315.000000,4,3.343992e-13,1.353142e-16,-1.332753e-20,-2.486011e-12
631,315.500000,4,3.343992e-13,1.353227e-16,7.206397e-21,-4.470202e-12
632,316.000000,4,3.339551e-13,9.022081e-17,2.144052e-21,2.007505e-12
633,316.500000,4,3.339551e-13,1.528372e-16,1.105775e-20,1.764588e-12
634,317.000000,4,3.335110e-13,1.353482e-16,4.241782e-21,-1.275202e-12
635,317.500000,4,3.339551e-13,1.127973e-16,6.187311e-21,-1.507905e-12
636,318.000000,4,3.335110e-13,1.353653e-16,-1.361208e-20,-3.002265e-12
637,318.500000,4,3.330669e-13,1.353738e-16,2.335958e-21,-1.744827e-12
638,319.000000,4,3.330669e-13,1.353823e-16,2.845501e-22,-2.907896e-12
639,319.500000,4,3.330669e-13,1.428074e-16,5.194694e-21,-6.785683e-13
640,320.000000,4,3.321787e-13,1.353993e-16,1.369149e-20,-2.434719e-12
641,320.500000,4,3.330669e-13,1.354077e-16,6.227016e-21,4.116707e-13
642,321.000000,4,3.326228e-13,1.012716e-16,5.346895e-21,1.977973e-12
643,321.500000,4,3.326228e-13,1.354247e-16,7.583592e-21,2.315925e-12
644,322.000000,4,3.330669e-13,1.045769e-16,-7.940934e-22,1.938227e-12
645,322.500000,4,3.330669e-13,1.354415e-16,-6.101284e-21,3.310685e-13
646,323.000000,4,3.321787e-13,1.805998e-16,-4.824117e-21,2.328138e-12
647,323.500000,4,3.317346e-13,1.354582e-16,5.373365e-21,5.593304e-13
648,324.000000,4,3.326228e-13,1.354666e-16,-6.948317e-21,4.136025e-12
649,324.500000,4,3.317346e-13,1.806333e-16,1.889281e-20,3.848033e-13
650,325.000000,4,3.321787e-13,1.354834e-16,9.125457e-21,-1.519451e-12
651,325.500000,4,3.312906e-13,1.354917e-16,-7.371834e-21,-1.109113e-12
652,326.000000,4,3.321787e-13,1.355001e-16,1.678184e-20,-1.856515e-12
653,326.500000,4,3.312906e-13,1.355085e-16,1.404222e-20,-1.515010e-12
654,327.000000,4,3.312906e-13,1.355168e-16,1.304298e-20,6.483036e-12
655,327.500000,4,3.312906e-13,1.355252e-16,1.786710e-21,1.782130e-12
656,328.000000,4,3.312906e-13,1.355335e-16,2.245299e-20,1.775025e-12
657,328.500000,4,3.308465e-13,1.355419e-16,-1.674875e-20,1.941558e-12
658,329.000000,4,3.312906e-13,1.355502e-16,1.191140e-20,-4.849232e-12
659,329.500000,4,3.308465e-13,1.355585e-16,3.672682e-21,8.177681e-12
660,330.000000,4,3.312906e-13,1.355669e-16,-1.243418e-20,-3.046452e-13
661,330.500000,4,3.312906e-13,1.707662e-16,1.948838e-20,3.270939e-12
662,331.000000,4,3.312906e-13,1.355835e-16,9.410007e-21,4.440892e-14
663,331.500000,4,3.304024e-13,1.355919e-16,-7.299042e-21,-2.137845e-12
664,332.000000,4,3.308465e-13,1.356002e-16,9.813671e-21,4.003908e-12
665,332.500000,4,3.304024e-13,1.356085e-16,1.220919e-20,1.381117e-12
666,333.000000,4,3.308465e-13,1.541318e-16,-8.536504e-21,7.889245e-13
667,333.500000,4,3.304024e-13,1.356251e-16,-1.500837e-20,3.646639e-12
668,334.000000,4,3.304024e-13,1.808446e-16,-1.851561e-20,2.492895e-12
669,334.500000,4,3.304024e-13,1.356417e-16,-8.205632e-21,2.012834e-12
670,335.000000,4,3.299583e-13,1.808667e-16,6.961552e-21,-5.323297e-12
671,335.500000,4,3.299583e-13,1.808778e-16,7.715941e-21,2.408962e-12
672,336.000000,4,3.299583e-13,1.808889e-16,6.266720e-21,4.241496e-12
673,336.500000,4,3.299583e-13,1.356749e-16,-1.255329e-20,7.800427e-13
674,337.000000,4,3.286260e-13,1.356832e-16,6.134371e-21,-4.374279e-13
675,337.500000,4,3.299583e-13,1.809220e-16,-2.001777e-20,-9.861001e-13
676,338.000000,4,3.290701e-13,1.356998e-16,1.437971e-20,-3.486100e-13
677,338.500000,4,3.295142e-13,1.357081e-16,2.116921e-20,6.697309e-12
678,339.000000,4,3.299583e-13,1.357164e-16,-1.272535e-20,1.856737e-12
679,339.500000,4,3.286260e-13,1.809662e-16,2.948072e-20,6.639134e-13
680,340.000000,4,3.290701e-13,9.048860e-17,1.353267e-20,3.537615e-12
681,340.500000,4,3.290701e-13,1.357412e-16,1.143494e-20,1.896261e-13
682,341.000000,4,3.290701e-13,1.357494e-16,1.948838e-20,8.153478e-13
683,341.500000,4,3.286260e-13,1.357577e-16,1.770167e-20,-2.673417e-12
684,342.000000,4,3.290701e-13,1.357659e-16,-5.254251e-21,-2.848610e-12
685,342.500000,4,3.286260e-13,1.357742e-16,-8.655618e-21,6.201706e-13
686,343.000000,4,3.290701e-13,1.357824e-16,1.784725e-20,3.673284e-12
687,343.500000,4,3.286260e-13,1.042557e-16,8.827671e-21,3.377743e-12
688,344.000000,4,3.286260e-13,1.357989e-16,-5.082198e-21,1.522782e-12
689,344.500000,4,3.286260e-13,1.358071e-16,-1.260623e-20,-1.743494e-12
690,345.000000,4,3.286260e-13,1.358153e-16,6.650532e-21,1.249001e-12
691,345.500000,4,3.277378e-13,1.358234e-16,-1.914427e-20,2.312817e-12
692,346.000000,4,3.277378e-13,1.358316e-16,5.346895e-21,1.419753e-12
693,346.500000,4,3.277378e-13,1.358397e-16,-8.424007e-21,5.391021e-12
694,347.000000,4,3.277378e-13,1.358479e-16,-1.056144e-20,-9.505730e-13
695,347.500000,4,3.281819e-13,1.358560e-16,8.940168e-21,1.310729e-12
696,348.000000,4,3.281819e-13,1.538029e-16,-1.177905e-21,5.444090e-12
697,348.500000,4,3.277378e-13,1.358723e-16,-1.813842e-20,-5.373479e-13
698,349.000000,4,3.272937e-13,1.358804e-16,-1.500837e-20,-2.743805e-12
699,349.500000,4,3.272937e-13,1.358885e-16,5.254251e-21,1.565637e-12
700,350.000000,4,3.268497e-13,1.358966e-16,-3.593273e-21,7.536194e-13
701,350.500000,4,3.272937e-13,1.359048e-16,1.150112e-20,-2.338352e-12
702,351.000000,4,3.277378e-13,1.359129e-16,-3.494011e-21,2.252865e-12
703,351.500000,4,3.268497e-13,1.359210e-16,2.018321e-21,-5.603962e-12
704,352.000000,4,3.268497e-13,1.359291e-16,-2.441837e-21,2.986944e-12
705,352.500000,4,3.264056e-13,1.359372e-16,1.687448e-20,-3.201439e-12
706,353.000000,4,3.264056e-13,1.359453e-16,1.384369e-20,-2.376765e-12
707,353.500000,4,3.264056e-13,1.359534e-16,1.801930e-20,5.329071e-12
708,354.000000,4,3.264056e-13,1.359615e-16,6.332895e-21,7.005951e-12
709,354.500000,4,3.264056e-13,1.359696e-16,3.103582e-21,2.023715e-12
710,355.000000,4,3.264056e-13,1.359777e-16,8.483564e-21,-2.040590e-13
711,355.500000,4,3.264056e-13,1.359858e-16,2.177139e-21,1.307843e-13
712,356.000000,4,3.264056e-13,1.359939e-16,4.896909e-22,1.628919e-12
713,356.500000,4,3.259615e-13,1.360020e-16,-1.581569e-21,-2.668532e-12
714,357.000000,4,3.255174e-13,1.360101e-16,3.103582e-21,3.447242e-12
715,357.500000,4,3.259615e-13,1.360182e-16,4.010172e-21,-1.925571e-12
716,358.000000,4,3.259615e-13,1.360262e-16,-7.616679e-21,3.703260e-12
717,358.500000,4,3.259615e-13,1.360343e-16,1.426059e-20,4.145129e-12
718,359.000000,4,3.250733e-13,1.360424e-16,-2.223461e-21,5.896617e-12
719,359.500000,4,3.255174e-13,1.360504e-16,1.069379e-20,-5.624390e-13
720,360.000000,4,3.259615e-13,1.485880e-16,3.573420e-21,-9.074963e-13
721,360.500000,4,3.259615e-13,1.360666e-16,2.138096e-20,2.925660e-12
722,361.000000,4,3.255174e-13,1.360746e-16,1.266579e-20,4.599876e-12
723,361.500000,4,3.255174e-13,1.006881e-16,-1.864796e-20,1.475042e-12
724,362.000000,4,3.250733e-13,1.360907e-16,9.370302e-21,4.857670e-12
725,362.500000,4,3.250733e-13,1.360988e-16,-6.286573e-21,1.354472e-12
726,363.000000,4,3.250733e-13,1.134224e-16,1.004528e-20,1.853850e-12
727,363.500000,4,3.246292e-13,1.361149e-16,-1.606054e-20,-1.298295e-12
728,364.000000,4,3.250733e-13,1.361229e-16,4.731473e-21,4.895639e-12
729,364.500000,4,3.250733e-13,1.361310e-16,-9.846758e-21,1.507239e-12
730,365.000000,4,3.250733e-13,1.154854e-16,-6.279955e-21,4.233280e-12
731,365.500000,4,3.250733e-13,1.361470e-16,4.109433e-21,8.506529e-13
732,366.000000,4,3.246292e-13,1.451606e-16,-4.076346e-21,-1.816547e-12
733,366.500000,4,3.241851e-13,1.220580e-16,2.327355e-20,1.825207e-13
734,367.000000,4,3.246292e-13,1.361711e-16,-1.069379e-20,2.357892e-12
735,367.500000,4,3.241851e-13,1.361791e-16,-6.736559e-21,1.392664e-12
736,368.000000,4,3.241851e-13,1.361871e-16,4.559420e-21,2.930323e-12
737,368.500000,4,3.246292e-13,1.361950e-16,8.285041e-21,2.518874e-12
738,369.000000,4,3.246292e-13,1.362030e-16,-6.485096e-22,1.161515e-12
739,369.500000,4,3.237410e-13,1.362109e-16,1.257315e-21,-3.309575e-12
740,370.000000,4,3.237410e-13,9.726698e-17,-7.643149e-21,-7.138734e-13
741,370.500000,4,3.237410e-13,1.362267e-16,-7.808585e-22,7.056578e-13
742,371.000000,4,3.241851e-13,1.362347e-16,-1.826415e-21,2.747136e-12
743,371.500000,4,3.241851e-13,1.362426e-16,3.619742e-21,5.026868e-12
744,372.000000,4,3.241851e-13,1.362505e-16,1.231506e-20,4.662937e-12
745,372.500000,4,3.232969e-13,1.362584e-16,-1.336724e-21,3.219647e-14
746,373.000000,4,3.232969e-13,1.362663e-16,-5.638063e-21,1.371570e-12
747,373.500000,4,3.237410e-13,1.362742e-16,-7.001257e-21,3.027578e-12
748,374.000000,4,3.232969e-13,1.219245e-16,1.291064e-20,9.781065e-13
749,374.500000,4,3.230749e-13,1.817201e-16,4.804265e-21,2.703837e-12
750,375.000000,4,3.228529e-13,1.362980e-16,-9.132074e-22,-1.501466e-12
751,375.500000,4,3.230749e-13,1.817411e-16,-1.879354e-21,-5.500045e-13
752,376.000000,4,3.230749e-13,1.363137e-16,6.207163e-21,-1.865175e-14
753,376.500000,4,3.230749e-13,1.817622e-16,6.815968e-22,-5.284662e-13
754,377.000000,4,3.230749e-13,1.363295e-16,5.863056e-21,3.061329e-12
755,377.500000,4,3.228529e-13,1.817832e-16,2.779327e-22,5.755618e-12
756,378.000000,4,3.221867e-13,1.363453e-16,7.484330e-21,-2.657874e-13
757,378.500000,4,3.221867e-13,1.363532e-16,-4.592507e-21,2.854383e-12
758,379.000000,4,3.228529e-13,1.363611e-16,9.224718e-21,5.622613e-12
759,379.500000,4,3.221867e-13,1.363689e-16,-3.308722e-21,2.653877e-12
760,380.000000,4,3.224088e-13,1.363768e-16,1.734432e-20,5.306644e-12
761,380.500000,4,3.219647e-13,1.818462e-16,5.816734e-21,4.440892e-13
762,381.000000,4,3.219647e-13,1.363926e-16,-5.902761e-21,3.335332e-12
763,381.500000,4,3.219647e-13,1.364004e-16,4.724856e-21,3.928635e-12
764,382.000000,4,3.215206e-13,1.364083e-16,2.928219e-20,-8.588685e-13
765,382.500000,4,3.221867e-13,9.873406e-17,-1.542526e-20,8.997247e-13
766,383.000000,4,3.224088e-13,1.365720e-16,-1.050189e-20,2.680300e-12
767,383.500000,4,3.215206e-13,1.364319e-16,4.499863e-21,5.631051e-13
768,384.000000,4,3.219647e-13,1.364397e-16,1.219595e-20,2.081224e-12
769,384.500000,4,3.219647e-13,1.819301e-16,-1.938911e-20,3.437250e-13
770,385.000000,4,3.210765e-13,1.364554e-16,1.414148e-20,2.389200e-12
771,385.500000,4,3.215206e-13,1.364632e-16,4.658681e-21,2.262635e-12
772,386.000000,4,3.219647e-13,1.364711e-16,9.721027e-21,-2.638334e-12
773,386.500000,4,3.208545e-13,1.819719e-16,3.030790e-20,5.639045e-12
774,387.000000,4,3.215206e-13,1.364868e-16,-1.680831e-20,-4.440892e-14
775,387.500000,4,3.212985e-13,1.364946e-16,-1.193125e-20,-2.691181e-13
776,388.000000,4,3.212985e-13,1.365024e-16,5.849821e-21,4.129586e-12
777,388.500000,4,3.206324e-13,1.365103e-16,-5.829969e-21,-3.061995e-12
778,389.000000,4,3.212985e-13,1.413824e-16,1.136215e-20,2.071676e-12
779,389.500000,4,3.208545e-13,9.101726e-17,3.057260e-21,1.560752e-12
780,390.000000,4,3.215206e-13,1.365337e-16,5.538801e-21,7.952083e-12
781,390.500000,4,3.208545e-13,1.365415e-16,-6.041727e-21,2.326139e-12
782,391.000000,4,3.204104e-13,1.365493e-16,4.982936e-21,6.181722e-13
783,391.500000,4,3.206324e-13,1.365572e-16,-9.171779e-21,5.306866e-13
784,392.000000,4,3.204104e-13,1.365650e-16,-4.486628e-21,2.653433e-13
785,392.500000,4,3.208545e-13,1.820970e-16,2.144052e-21,-4.863887e-12
786,393.000000,4,3.201883e-13,1.084381e-16,8.854141e-21,-5.159873e-12
787,393.500000,4,3.199663e-13,1.365882e-16,8.496799e-21,-1.123102e-12
788,394.000000,4,3.201883e-13,1.560618e-16,8.278424e-21,3.981260e-13
789,394.500000,4,3.199663e-13,1.366036e-16,-1.920383e-20,3.173684e-12
790,395.000000,4,3.201883e-13,1.366114e-16,-1.780093e-21,-2.382539e-12
791,395.500000,4,3.206324e-13,1.366191e-16,4.347661e-21,2.058798e-12
792,396.000000,4,3.204104e-13,1.366268e-16,-5.353513e-21,4.663381e-12
793,396.500000,4,3.199663e-13,1.366345e-16,1.019748e-20,-4.061196e-13
794,397.000000,4,3.199663e-13,1.366422e-16,2.080525e-20,-4.315215e-12
795,397.500000,4,3.206324e-13,1.576220e-16,1.747667e-20,1.462608e-12
796,398.000000,4,3.197442e-13,1.366576e-16,-5.068963e-21,-1.449729e-12
797,398.500000,4,3.197442e-13,1.366653e-16,9.595295e-21,-2.087219e-13
798,399.000000,4,3.197442e-13,1.138942e-16,-3.156521e-21,5.188294e-12
799,399.500000,4,3.195222e-13,1.132568e-16,-8.060048e-21,-4.126921e-12
800,400.000000,4,3.193001e-13,1.366884e-16,4.731473e-21,-2.606138e-12
801,400.500000,4,3.190781e-13,1.366961e-16,-1.469073e-21,1.830758e-12
802,401.000000,4,3.197442e-13,1.367038e-16,-1.858179e-20,-1.472156e-13
803,401.500000,4,3.186340e-13,1.367115e-16,-3.262400e-21,-8.484324e-13
804,402.000000,4,3.195222e-13,1.367192e-16,2.031556e-21,2.050360e-12
805,402.500000,4,3.186340e-13,9.187714e-17,6.339512e-21,2.563949e-12
806,403.000000,4,3.188561e-13,1.367346e-16,-2.183757e-22,2.748912e-13
807,403.500000,4,3.186340e-13,1.367422e-16,7.795350e-21,-7.260859e-14
808,404.000000,4,3.188561e-13,1.367499e-16,-8.695323e-21,-2.966516e-13
809,404.500000,4,3.184120e-13,9.348964e-17,6.610827e-21,1.733280e-12
810,405.000000,4,3.190781e-13,1.367653e-16,5.968935e-21,-3.085088e-12
811,405.500000,4,3.181899e-13,9.118195e-17,3.799737e-20,2.816636e-12
812,406.000000,4,3.186340e-13,1.367806e-16,1.396281e-20,-5.657697e-13
813,406.500000,4,3.179679e-13,1.367883e-16,6.385834e-21,6.092904e-13
814,407.000000,4,3.181899e-13,1.367959e-16,-7.285807e-21,2.368106e-12
815,407.500000,4,3.179679e-13,1.368036e-16,2.860721e-20,1.206368e-12
816,408.000000,4,3.184120e-13,1.426193e-16,-7.696088e-21,3.275380e-12
817,408.500000,4,3.181899e-13,1.368189e-16,-5.816734e-21,3.467004e-12
818,409.000000,4,3.181899e-13,1.368265e-16,7.715941e-21,-3.677503e-12
819,409.500000,4,3.186340e-13,1.368342e-16,-1.766858e-21,-2.506884e-12
820,410.000000,4,3.179679e-13,1.737135e-16,-5.955700e-22,-1.075806e-12
821,410.500000,4,3.179679e-13,1.140412e-16,2.222138e-20,1.101119e-12
822,411.000000,4,3.181899e-13,1.368571e-16,-1.795975e-20,-1.860956e-12
823,411.500000,4,3.175238e-13,1.368648e-16,-7.914464e-21,-7.109868e-13
824,412.000000,4,3.173017e-13,1.368724e-16,1.480322e-20,5.495826e-12
825,412.500000,4,3.175238e-13,1.368800e-16,1.246727e-20,5.129230e-14
826,413.000000,4,3.175238e-13,1.179405e-16,-2.177139e-21,-8.251178e-13
827,413.500000,4,3.173017e-13,1.368953e-16,-1.118348e-21,1.807443e-12
828,414.000000,4,3.177458e-13,1.369029e-16,-4.585889e-21,-1.888489e-12
829,414.500000,4,3.175238e-13,1.369105e-16,1.866119e-21,4.585221e-13
830,415.000000,4,3.175238e-13,1.369182e-16,-2.521247e-21,2.716494e-12
831,415.500000,4,3.173017e-13,1.825677e-16,3.405999e-20,-3.258505e-12
832,416.000000,4,3.173017e-13,1.369334e-16,1.437309e-20,3.327338e-12
833,416.500000,4,3.173017e-13,1.369410e-16,1.111069e-20,-1.066258e-12
834,417.000000,4,3.168577e-13,1.369486e-16,1.464441e-20,2.771117e-13
835,417.500000,4,3.170797e-13,1.369562e-16,-6.412304e-21,2.126077e-12
836,418.000000,4,3.170797e-13,1.826184e-16,-1.907148e-20,-6.694645e-13
837,418.500000,4,3.168577e-13,1.369713e-16,1.435986e-20,4.172218e-13
838,419.000000,4,3.170797e-13,1.369789e-16,1.283784e-21,9.057199e-13
839,419.500000,4,3.168577e-13,1.030959e-16,5.194694e-21,3.140155e-12
840,420.000000,4,3.170797e-13,1.141616e-16,-5.796882e-21,-1.375566e-12
841,420.500000,4,3.170797e-13,1.826686e-16,-3.156521e-21,-5.615508e-13
842,421.000000,4,3.173017e-13,1.014365e-16,1.359885e-20,5.011547e-13
843,421.500000,4,3.161915e-13,1.370165e-16,-5.095433e-22,-3.155920e-12
844,422.000000,4,3.166356e-13,1.370240e-16,-1.144818e-21,-2.756684e-12
845,422.500000,4,3.166356e-13,1.370316e-16,-1.447897e-20,6.710410e-12
846,423.000000,4,3.161915e-13,1.370391e-16,5.029258e-22,9.383605e-13
847,423.500000,4,3.159695e-13,1.370466e-16,-1.053497e-20,3.675282e-12
848,424.000000,4,3.157474e-13,1.370541e-16,1.074673e-20,-2.305933e-12
849,424.500000,4,3.164136e-13,1.370616e-16,1.191140e-21,-4.782841e-13
850,425.000000,4,3.150813e-13,1.370691e-16,-1.310254e-20,7.569056e-12
851,425.500000,4,3.159695e-13,1.827688e-16,7.074049e-21,-5.879741e-13
852,426.000000,4,3.159695e-13,9.138942e-17,6.617445e-24,-4.135803e-12
853,426.500000,4,3.159695e-13,1.013555e-16,8.609296e-21,1.112443e-13
854,427.000000,4,3.155254e-13,1.370991e-16,3.118140e-20,1.850520e-12
855,427.500000,4,3.155254e-13,1.371066e-16,-8.397538e-21,3.681500e-12
856,428.000000,4,3.155254e-13,1.371141e-16,-1.492896e-20,2.041034e-12
857,428.500000,4,3.157474e-13,9.969226e-17,-8.013726e-21,-2.655209e-12
858,429.000000,4,3.157474e-13,1.371291e-16,3.152551e-20,3.907541e-12
859,429.500000,4,3.157474e-13,9.314186e-17,-1.780093e-21,3.266276e-12
860,430.000000,4,3.150813e-13,1.371441e-16,-2.285004e-20,7.108980e-12
861,430.500000,4,3.150813e-13,1.371515e-16,-1.133568e-20,5.023759e-12
862,431.000000,4,3.155254e-13,1.371590e-16,6.332895e-21,-2.798650e-12
863,431.500000,4,3.155254e-13,1.371665e-16,1.645097e-20,-1.950218e-12
864,432.000000,4,3.150813e-13,1.371740e-16,8.893846e-21,5.850875e-13
865,432.500000,4,3.153033e-13,1.371814e-16,-1.351944e-20,-1.389111e-12
866,433.000000,4,3.153033e-13,1.371889e-16,-9.006343e-21,2.436273e-12
867,433.500000,4,3.148592e-13,1.371964e-16,1.068056e-20,8.026912e-13
868,434.000000,4,3.148592e-13,1.372039e-16,9.290893e-21,-1.730394e-12
869,434.500000,4,3.150813e-13,1.829484e-16,-4.228547e-21,3.027578e-12
870,435.000000,4,3.146372e-13,1.372188e-16,1.172611e-20,-4.502176e-12
871,435.500000,4,3.144152e-13,1.372262e-16,-7.616679e-21,-3.527623e-12
872,436.000000,4,3.148592e-13,1.372337e-16,-5.353513e-21,2.725375e-12
873,436.500000,4,3.144152e-13,1.372411e-16,-1.338047e-20,2.857270e-12
874,437.000000,4,3.141931e-13,1.372486e-16,5.082198e-21,1.479039e-12
875,437.500000,4,3.144152e-13,9.150403e-17,9.714409e-21,2.725820e-12
876,438.000000,4,3.146372e-13,1.372635e-16,1.042909e-20,4.000356e-12
877,438.500000,4,3.139711e-13,1.372709e-16,-1.136877e-20,-1.001421e-13
878,439.000000,4,3.141931e-13,1.256566e-16,1.250697e-20,-7.911449e-13
879,439.500000,4,3.139711e-13,1.372858e-16,4.480010e-21,6.148415e-13
880,440.000000,4,3.139711e-13,1.372933e-16,-6.339512e-21,3.638201e-12
881,440.500000,4,3.144152e-13,1.373007e-16,1.279814e-20,5.378142e-12
882,441.000000,4,3.139711e-13,1.373081e-16,-6.802733e-21,-1.253886e-12
883,441.500000,4,3.141931e-13,1.373156e-16,2.553010e-20,4.150236e-12
884,442.000000,4,3.139711e-13,1.373230e-16,-3.030790e-21,1.170397e-12
885,442.500000,4,3.141931e-13,9.460490e-17,-7.510800e-21,-1.176836e-13
886,443.000000,4,3.137490e-13,1.373379e-16,1.664949e-20,-7.613910e-13
887,443.500000,4,3.137490e-13,1.373453e-16,8.165927e-21,3.045120e-12
888,444.000000,4,3.139711e-13,1.831369e-16,8.258571e-21,4.601874e-12
889,444.500000,4,3.135270e-13,1.144667e-16,2.024276e-20,4.348077e-12
890,445.000000,4,3.135270e-13,1.373674e-16,-1.019087e-21,-9.872103e-13
891,445.500000,4,3.135270e-13,1.373748e-16,-2.534481e-20,2.600142e-12
892,446.000000,4,3.133049e-13,1.373821e-16,1.257315e-20,-2.752465e-12
893,446.500000,4,3.133049e-13,1.373895e-16,-8.271806e-22,-6.015188e-13
894,447.000000,4,3.133049e-13,1.373968e-16,2.461690e-21,-2.353673e-12
895,447.500000,4,3.130829e-13,1.374042e-16,1.062762e-20,2.824851e-12
896,448.000000,4,3.126388e-13,1.832154e-16,1.952146e-21,-1.383338e-12
897,448.500000,4,3.133049e-13,1.374189e-16,1.469073e-20,2.834399e-12
898,449.000000,4,3.135270e-13,1.832349e-16,-8.470329e-22,-2.901457e-12
899,449.500000,4,3.128608e-13,1.374335e-16,2.969248e-20,3.272493e-12
900,450.000000,4,3.133049e-13,1.374409e-16,-1.535247e-21,-2.602363e-13
901,450.500000,4,3.130829e-13,1.140543e-16,1.687448e-20,4.165557e-13
902,451.000000,4,3.135270e-13,1.107881e-16,-3.308722e-23,8.992806e-14
903,451.500000,4,3.128608e-13,1.374628e-16,-1.201728e-20,1.024958e-12
904,452.000000,4,3.130829e-13,1.374702e-16,6.696854e-21,3.058886e-12
905,452.500000,4,3.124168e-13,1.374775e-16,2.130817e-21,-2.774669e-12
906,453.000000,4,3.128608e-13,1.351902e-16,1.049527e-20,1.590283e-12
907,453.500000,4,3.128608e-13,1.374921e-16,-1.874722e-20,-1.009193e-12
908,454.000000,4,3.130829e-13,1.145829e-16,-1.098496e-21,-1.539435e-12
909,454.500000,4,3.124168e-13,1.375068e-16,-7.702706e-21,-1.323386e-13
910,455.000000,4,3.124168e-13,1.833521e-16,-6.048345e-21,-2.018830e-12
911,455.500000,4,3.128608e-13,1.375214e-16,-1.606054e-20,-2.714273e-12
912,456.000000,4,3.124168e-13,1.375287e-16,7.643149e-21,-3.059775e-13
913,456.500000,4,3.124168e-13,1.375360e-16,1.068717e-20,-2.850831e-12
914,457.000000,4,3.121947e-13,1.375433e-16,-6.617445e-24,1.596945e-12
915,457.500000,4,3.124168e-13,1.375506e-16,9.687939e-21,1.014744e-12
916,458.000000,4,3.121947e-13,1.375579e-16,9.026195e-21,2.933875e-12
917,458.500000,4,3.124168e-13,1.375652e-16,2.276401e-21,3.645084e-12
918,459.000000,4,3.121947e-13,1.375725e-16,2.515953e-20,-6.390444e-13
919,459.500000,4,3.124168e-13,1.375798e-16,1.087246e-20,4.166001e-12
920,460.000000,4,3.119727e-13,1.375871e-16,5.922613e-21,-2.472911e-12
921,460.500000,4,3.119727e-13,1.375944e-16,2.347869e-20,-4.674927e-12
922,461.000000,4,3.117506e-13,1.834689e-16,-2.984468e-21,-1.585843e-12
923,461.500000,4,3.117506e-13,1.376089e-16,2.182433e-20,1.033618e-12
924,462.000000,4,3.117506e-13,1.376162e-16,2.175816e-20,-9.272583e-13
925,462.500000,4,3.117506e-13,1.376235e-16,4.493245e-21,2.117639e-12
926,463.000000,4,3.113065e-13,1.376308e-16,1.288417e-20,4.179768e-12
927,463.500000,4,3.115286e-13,1.376380e-16,-9.780584e-21,-6.155743e-12
928,464.000000,4,3.115286e-13,1.376453e-16,1.171288e-21,1.929124e-12
929,464.500000,4,3.115286e-13,1.376526e-16,9.992342e-22,2.488676e-12
930,465.000000,4,3.113065e-13,1.376599e-16,1.964719e-20,-3.369749e-12
931,465.500000,4,3.115286e-13,1.376671e-16,8.331363e-21,-1.477707e-12
932,466.000000,4,3.115286e-13,1.376744e-16,-6.637297e-21,1.077138e-12
933,466.500000,4,3.108624e-13,1.376816e-16,3.460924e-21,2.099432e-12
934,467.000000,4,3.108624e-13,1.376889e-16,4.996171e-21,-1.505907e-12
935,467.500000,4,3.115286e-13,1.376962e-16,1.407531e-20,-2.076783e-12
936,468.000000,4,3.110845e-13,1.377034e-16,1.519365e-20,-3.774758e-13
937,468.500000,4,3.108624e-13,1.377107e-16,1.424736e-20,-5.249134e-13
938,469.000000,4,3.108624e-13,1.377179e-16,-2.646978e-21,2.930545e-12
939,469.500000,4,3.113065e-13,1.088900e-16,3.520481e-21,-5.373479e-14
940,470.000000,4,3.113065e-13,1.377324e-16,-6.332895e-21,3.137934e-12
941,470.500000,4,3.106404e-13,1.023756e-16,-1.572967e-20,2.496892e-12
942,471.000000,4,3.104184e-13,1.121183e-16,-2.845501e-22,2.232436e-12
943,471.500000,4,3.106404e-13,1.147951e-16,1.858179e-20,1.662226e-12
944,472.000000,4,3.108624e-13,9.748129e-17,-6.273338e-21,1.993294e-12
945,472.500000,4,3.108624e-13,1.377686e-16,-1.323489e-21,-6.521450e-12
946,473.000000,4,3.106404e-13,1.377758e-16,1.347974e-20,1.568745e-12
947,473.500000,4,3.106404e-13,1.377829e-16,5.915996e-21,6.770140e-13
948,474.000000,4,3.106404e-13,1.377901e-16,1.739065e-20,-5.177192e-12
949,474.500000,4,3.104184e-13,1.377973e-16,-2.911676e-21,-3.485434e-12
950,475.000000,4,3.108624e-13,1.378045e-16,5.750560e-21,3.032019e-12
951,475.500000,4,3.101963e-13,1.217956e-16,5.432922e-21,-3.110179e-12
952,476.000000,4,3.099743e-13,1.148490e-16,-1.786710e-22,6.075362e-12
953,476.500000,4,3.099743e-13,1.201559e-16,1.495543e-20,-7.669421e-13
954,477.000000,4,3.099743e-13,1.071590e-16,-8.007108e-21,5.304202e-12
955,477.500000,4,3.099743e-13,1.378403e-16,1.778769e-20,2.626344e-12
956,478.000000,4,3.104184e-13,1.378474e-16,2.977850e-20,1.229683e-12
957,478.500000,4,3.099743e-13,1.378546e-16,6.557888e-21,-4.678480e-12
958,479.000000,4,3.095302e-13,1.071310e-16,-7.715941e-21,1.669775e-13
959,479.500000,4,3.097522e-13,1.378689e-16,1.412163e-20,5.307754e-12
960,480.000000,4,3.095302e-13,1.838347e-16,2.924911e-21,1.658895e-12
961,480.500000,4,3.095302e-13,1.378832e-16,8.867376e-21,9.805490e-13
962,481.000000,4,3.097522e-13,1.378903e-16,4.910144e-21,-1.600498e-12
963,481.500000,4,3.095302e-13,1.378975e-16,-3.077112e-21,1.863398e-12
964,482.000000,4,3.097522e-13,1.379046e-16,1.277167e-21,-2.297051e-12
965,482.500000,4,3.095302e-13,1.168151e-16,3.983702e-21,1.927347e-13
966,483.000000,4,3.097522e-13,1.379189e-16,1.477014e-20,2.659206e-12
967,483.500000,4,3.099743e-13,1.508650e-16,6.617445e-21,3.921308e-13
968,484.000000,4,3.095302e-13,1.379332e-16,-6.961552e-21,1.198819e-12
969,484.500000,4,3.093081e-13,1.379403e-16,1.935603e-20,2.376543e-12
970,485.000000,4,3.090861e-13,1.379474e-16,8.615913e-21,1.826539e-12
971,485.500000,4,3.095302e-13,1.379546e-16,-4.076346e-21,1.772360e-12
972,486.000000,4,3.093081e-13,1.379617e-16,1.482308e-21,-1.252554e-12
973,486.500000,4,3.095302e-13,1.005338e-16,3.215416e-20,4.769518e-12
974,487.000000,4,3.090861e-13,1.379759e-16,-1.186508e-20,4.043432e-13
975,487.500000,4,3.088640e-13,1.839774e-16,-2.249931e-21,3.218092e-12
976,488.000000,4,3.090861e-13,1.379902e-16,2.799179e-21,-6.659562e-12
977,488.500000,4,3.093081e-13,1.379973e-16,-1.780093e-21,-2.030376e-12
978,489.000000,4,3.090861e-13,1.380044e-16,-1.171288e-20,-1.616041e-12
979,489.500000,4,3.093081e-13,1.380115e-16,-2.286327e-20,-1.062483e-12
980,490.000000,4,3.090861e-13,1.134482e-16,1.665611e-20,-4.256817e-12
981,490.500000,4,3.088640e-13,9.885479e-17,-6.147606e-21,-1.396439e-12
982,491.000000,4,3.093081e-13,1.380329e-16,1.032321e-20,6.220358e-12
983,491.500000,4,3.088640e-13,1.380400e-16,-1.965381e-20,3.819611e-12
984,492.000000,4,3.081979e-13,1.380471e-16,-1.971999e-21,-4.996004e-14
985,492.500000,4,3.086420e-13,1.150265e-16,1.009822e-20,2.426059e-12
986,493.000000,4,3.088640e-13,1.380613e-16,-1.806562e-20,3.441691e-13
987,493.500000,4,3.088640e-13,1.409271e-16,-4.956466e-21,1.778133e-12
988,494.000000,4,3.088640e-13,1.380755e-16,5.452775e-21,3.021583e-12
989,494.500000,4,3.088640e-13,1.068943e-16,1.864796e-20,1.419087e-12
990,495.000000,4,3.086420e-13,1.380896e-16,5.843204e-21,3.890888e-12
991,495.500000,4,3.084200e-13,9.716208e-17,-1.207022e-20,2.656542e-12
992,496.000000,4,3.084200e-13,1.381038e-16,1.053497e-20,6.969980e-13
993,496.500000,4,3.081979e-13,1.841479e-16,-2.468307e-21,-1.723288e-12
994,497.000000,4,3.086420e-13,1.381180e-16,-3.957232e-21,2.293277e-12
995,497.500000,4,3.081979e-13,1.381251e-16,-5.922613e-21,2.770673e-12
996,498.000000,4,3.081979e-13,9.208811e-17,-5.188077e-21,-1.398437e-12
997,498.500000,4,3.079759e-13,1.472959e-16,2.040158e-20,-2.525313e-12
998,499.000000,4,3.079759e-13,1.381463e-16,2.268460e-20,7.867040e-13
999,499.500000,4,3.084200e-13,1.019586e-16,1.594804e-20,-3.072653e-12
1000,500.000000,4,3.081979e-13,1.381605e-16,-1.659655e-20,4.502176e-12
1001,500.500000,4,3.081979e-13,1.842234e-16,1.197758e-20,2.451594e-12
1002,501.000000,4,3.073097e-13,1.381746e-16,1.323489e-22,-2.606138e-12
1003,501.500000,4,3.077538e-13,1.381816e-16,8.132840e-21,-5.132339e-12
1004,502.000000,4,3.075318e-13,1.083908e-16,1.117025e-20,7.991385e-13
1005,502.500000,4,3.079759e-13,1.666179e-16,5.757177e-21,3.043343e-12
1006,503.000000,4,3.075318e-13,1.382026e-16,1.330106e-21,6.721290e-13
1007,503.500000,4,3.075318e-13,1.382096e-16,1.238124e-20,9.239276e-13
1008,504.000000,4,3.079759e-13,1.382166e-16,-2.488159e-21,-5.273559e-13
1009,504.500000,4,3.073097e-13,1.382236e-16,1.480984e-20,-1.616485e-12
1010,505.000000,4,3.075318e-13,1.382305e-16,-2.140743e-20,1.148193e-12
1011,505.500000,4,3.073097e-13,1.382375e-16,-3.778561e-21,3.071099e-12
1012,506.000000,4,3.073097e-13,1.406597e-16,1.139524e-20,-4.877876e-12
1013,506.500000,4,3.075318e-13,1.382513e-16,-7.173310e-21,-8.339995e-13
1014,507.000000,4,3.070877e-13,9.537515e-17,-2.040158e-20,1.090461e-12
1015,507.500000,4,3.073097e-13,9.860056e-17,1.304960e-20,2.404299e-12
1016,508.000000,4,3.073097e-13,1.382722e-16,2.258534e-20,1.110445e-12
1017,508.500000,4,3.070877e-13,1.382791e-16,-1.017763e-20,-2.328138e-12
1018,509.000000,4,3.070877e-13,1.382860e-16,-1.125627e-20,-1.293854e-12
1019,509.500000,4,3.066436e-13,1.382930e-16,1.429368e-21,1.836309e-12
1020,510.000000,4,3.068656e-13,1.382999e-16,1.983248e-20,-7.756018e-13
1021,510.500000,4,3.068656e-13,1.383068e-16,4.202078e-21,-2.009282e-12
1022,511.000000,4,3.064216e-13,1.033933e-16,-1.622597e-20,2.113421e-12
1023,511.500000,4,3.070877e-13,1.383207e-16,-1.152759e-20,1.569855e-12
1024,512.000000,4,3.073097e-13,1.340672e-16,1.548482e-20,-9.487966e-13
1025,512.500000,4,3.073097e-13,1.615141e-16,-1.455838e-22,-2.774225e-12
1026,513.000000,4,3.064216e-13,1.383415e-16,-6.815968e-22,-1.657785e-12
1027,513.500000,4,3.061995e-13,1.383484e-16,-1.045556e-21,-1.539435e-12
1028,514.000000,4,3.064216e-13,1.844737e-16,6.154224e-21,-2.029710e-12
1029,514.500000,4,3.066436e-13,1.383622e-16,1.011807e-20,4.065859e-12
1030,515.000000,4,3.068656e-13,1.711375e-16,-5.055728e-21,5.195178e-12
1031,515.500000,4,3.066436e-13,1.383761e-16,-5.982170e-21,1.287193e-12
1032,516.000000,4,3.064216e-13,1.291400e-16,-3.950615e-21,5.978329e-12
1033,516.500000,4,3.061995e-13,1.113744e-16,1.428045e-20,1.255662e-12
1034,517.000000,4,3.064216e-13,1.383968e-16,2.038835e-20,1.678657e-12
1035,517.500000,4,3.064216e-13,1.384037e-16,-1.426059e-20,4.787282e-13
1036,518.000000,4,3.064216e-13,1.384106e-16,1.318195e-20,-1.944223e-12
1037,518.500000,4,3.064216e-13,1.384175e-16,6.948317e-22,2.568612e-12
1038,519.000000,4,3.057554e-13,1.048763e-16,-6.485096e-22,4.889866e-12
1039,519.500000,4,3.059775e-13,9.228753e-17,8.205632e-22,1.194156e-12
1040,520.000000,4,3.064216e-13,1.384382e-16,1.297019e-20,1.023182e-12
1041,520.500000,4,3.061995e-13,1.384451e-16,-7.874759e-22,6.651346e-12
1042,521.000000,4,3.057554e-13,1.846027e-16,7.232867e-21,7.691625e-13
1043,521.500000,4,3.061995e-13,1.846118e-16,-1.072026e-21,2.199796e-12
1044,522.000000,4,3.061995e-13,1.384658e-16,3.458277e-20,-1.552758e-12
1045,522.500000,4,3.057554e-13,1.384727e-16,3.871205e-21,1.785017e-12
1046,523.000000,4,3.059775e-13,1.384795e-16,2.466983e-20,-1.395106e-12
1047,523.500000,4,3.061995e-13,1.384864e-16,-8.569591e-21,4.440004e-12
1048,524.000000,4,3.059775e-13,1.384933e-16,-1.164009e-20,-1.840750e-12
1049,524.500000,4,3.057554e-13,1.385002e-16,1.639803e-20,5.040413e-13
1050,525.000000,4,3.055334e-13,1.154226e-16,-2.369045e-20,-3.422151e-12
1051,525.500000,4,3.057554e-13,1.846853e-16,-1.418780e-20,-1.600942e-13
1052,526.000000,4,3.057554e-13,1.385208e-16,-7.252720e-21,1.521450e-12
1053,526.500000,4,3.053113e-13,9.830415e-17,-7.014492e-22,4.243272e-12
1054,527.000000,4,3.061995e-13,1.847128e-16,3.566803e-21,-4.979350e-12
1055,527.500000,4,3.050893e-13,1.385415e-16,-2.207580e-20,1.260547e-12
1056,528.000000,4,3.053113e-13,1.063361e-16,-1.496204e-20,2.686518e-12
1057,528.500000,4,3.055334e-13,1.385552e-16,1.259962e-20,2.420286e-12
1058,529.000000,4,3.053113e-13,1.385621e-16,3.758047e-20,-2.402523e-13
1059,529.500000,4,3.050893e-13,1.385689e-16,1.537232e-20,3.554934e-13
1060,530.000000,4,3.048672e-13,1.385758e-16,-8.245336e-21,-8.730794e-13
1061,530.500000,4,3.048672e-13,1.385826e-16,1.191140e-21,-1.072475e-13
1062,531.000000,4,3.048672e-13,1.385895e-16,1.001219e-20,3.864020e-12
1063,531.500000,4,3.055334e-13,1.385963e-16,2.547716e-21,2.661649e-12
1064,532.000000,4,3.050893e-13,1.386031e-16,1.407531e-20,-3.602008e-12
1065,532.500000,4,3.048672e-13,1.848132e-16,1.377090e-20,-5.053735e-13
1066,533.000000,4,3.048672e-13,1.386167e-16,-4.076346e-21,1.946443e-12
1067,533.500000,4,3.050893e-13,1.386235e-16,-4.711621e-21,2.859935e-12
1068,534.000000,4,3.053113e-13,1.386303e-16,1.700683e-21,-6.406653e-12
1069,534.500000,4,3.050893e-13,1.386371e-16,1.967366e-20,-4.074519e-12
1070,535.000000,4,3.044232e-13,1.386439e-16,1.611348e-20,3.323342e-12
1071,535.500000,4,3.050893e-13,9.333291e-17,-1.065409e-20,-1.784572e-12
1072,536.000000,4,3.048672e-13,1.029796e-16,-8.543121e-21,2.157163e-12
1073,536.500000,4,3.048672e-13,1.386642e-16,-2.249931e-22,1.589617e-12
1074,537.000000,4,3.050893e-13,1.386710e-16,3.507246e-21,3.898437e-12
1075,537.500000,4,3.046452e-13,1.386778e-16,3.024172e-21,1.543210e-12
1076,538.000000,4,3.044232e-13,1.386846e-16,-3.732239e-21,-3.428147e-12
1077,538.500000,4,3.042011e-13,1.511893e-16,-5.717472e-21,-2.599698e-12
1078,539.000000,4,3.048672e-13,1.386982e-16,1.819797e-21,7.071899e-12
1079,539.500000,4,3.046452e-13,1.387049e-16,-3.950615e-21,9.292567e-13
1080,540.000000,4,3.046452e-13,1.141680e-16,-1.899868e-20,3.889111e-12
1081,540.500000,4,3.046452e-13,1.382766e-16,3.609816e-20,-3.371525e-12
1082,541.000000,4,3.046452e-13,1.156044e-16,9.218101e-21,1.217249e-12
1083,541.500000,4,3.044232e-13,1.387320e-16,4.870439e-21,3.422818e-12
1084,542.000000,4,3.042011e-13,1.387388e-16,-1.216286e-20,1.658007e-12
1085,542.500000,4,3.042011e-13,1.387456e-16,-2.207580e-20,-2.557954e-12
1086,543.000000,4,3.044232e-13,1.156270e-16,-7.610062e-22,3.983924e-12
1087,543.500000,4,3.042011e-13,1.387591e-16,-2.448455e-21,3.418377e-12
1088,544.000000,4,3.042011e-13,1.387659e-16,3.857970e-21,-1.784572e-12
1089,544.500000,4,3.044232e-13,1.387727e-16,-2.871971e-21,1.677991e-12
1090,545.000000,4,3.039791e-13,1.850392e-16,-3.414602e-21,3.351985e-12
1091,545.500000,4,3.042011e-13,1.510176e-16,2.541099e-21,-6.663559e-13
1092,546.000000,4,3.039791e-13,1.387929e-16,9.496033e-21,-3.337330e-13
1093,546.500000,4,3.037570e-13,1.028040e-16,-3.963849e-21,1.099787e-12
1094,547.000000,4,3.037570e-13,1.388064e-16,-6.617445e-23,3.351097e-12
1095,547.500000,4,3.037570e-13,1.388132e-16,2.024276e-20,3.422818e-12
1096,548.000000,4,3.035350e-13,1.388199e-16,6.524801e-21,2.799982e-13
1097,548.500000,4,3.035350e-13,1.388267e-16,1.889281e-20,6.209477e-12
1098,549.000000,4,3.039791e-13,1.388334e-16,3.818266e-21,1.242118e-12
1099,549.500000,4,3.039791e-13,9.954365e-17,1.462455e-20,4.939160e-12
1100,550.000000,4,3.035350e-13,9.256463e-17,1.478337e-20,3.939071e-13
1101,550.500000,4,3.042011e-13,1.444758e-16,-1.238786e-20,-5.182521e-13
1102,551.000000,4,3.035350e-13,1.300178e-16,-9.436476e-21,2.365663e-12
1103,551.500000,4,3.039791e-13,1.388672e-16,2.444484e-20,-2.532197e-12
1104,552.000000,4,3.037570e-13,1.388739e-16,-5.691003e-22,6.209255e-12
1105,552.500000,4,3.037570e-13,1.155438e-16,-2.117582e-22,-6.565859e-13
1106,553.000000,4,3.035350e-13,1.267671e-16,4.076346e-21,9.787726e-13
1107,553.500000,4,3.033129e-13,1.388941e-16,-4.281487e-21,-2.908784e-14
1108,554.000000,4,3.037570e-13,1.219338e-16,7.530652e-21,5.729639e-12
1109,554.500000,4,3.033129e-13,1.090899e-16,-6.008640e-21,1.171063e-12
1110,555.000000,4,3.030909e-13,1.389143e-16,-6.008640e-21,-2.665201e-12
1111,555.500000,4,3.037570e-13,1.604009e-16,2.170522e-20,-9.021672e-13
1112,556.000000,4,3.030909e-13,1.389278e-16,7.715941e-21,1.227907e-13
1113,556.500000,4,3.033129e-13,1.389345e-16,-1.297681e-20,4.414247e-13
1114,557.000000,4,3.030909e-13,1.157843e-16,-1.919059e-22,3.019807e-13
1115,557.500000,4,3.030909e-13,1.852639e-16,1.103790e-20,4.324541e-12
1116,558.000000,4,3.028688e-13,1.389547e-16,-6.796116e-21,-1.284306e-12
1117,558.500000,4,3.028688e-13,9.264091e-17,1.581569e-21,-4.315659e-12
1118,559.000000,4,3.028688e-13,1.442805e-16,1.244080e-20,3.762324e-12
1119,559.500000,4,3.030909e-13,1.106063e-16,8.754880e-21,3.763878e-12
1120,560.000000,4,3.024248e-13,1.389815e-16,-4.956466e-21,-2.415401e-12
1121,560.500000,4,3.033129e-13,1.089860e-16,1.012469e-21,2.013056e-12
1122,561.000000,4,3.030909e-13,1.073747e-16,1.320180e-20,3.005152e-12
1123,561.500000,4,3.026468e-13,1.390016e-16,-7.272572e-21,7.997381e-12
1124,562.000000,4,3.024248e-13,1.390083e-16,-5.836586e-21,1.568079e-12
1125,562.500000,4,3.026468e-13,1.390150e-16,-4.116051e-21,2.767120e-12
1126,563.000000,4,3.024248e-13,1.390216e-16,-6.207163e-21,2.345901e-12
1127,563.500000,4,3.028688e-13,1.390283e-16,4.771178e-21,-6.491030e-12
1128,564.000000,4,3.026468e-13,1.390349e-16,-2.402132e-21,1.862954e-12
1129,564.500000,4,3.026468e-13,1.105185e-16,3.573420e-22,6.031620e-12
1130,565.000000,4,3.028688e-13,1.390482e-16,1.707301e-21,2.333245e-12
1131,565.500000,4,3.026468e-13,1.008922e-16,1.361208e-20,-3.856027e-12
1132,566.000000,4,3.022027e-13,1.457216e-16,1.499513e-20,-1.687983e-12
1133,566.500000,4,3.026468e-13,1.390682e-16,-1.552453e-20,-1.600498e-12
1134,567.000000,4,3.019807e-13,1.390748e-16,1.291725e-20,-1.830758e-12
1135,567.500000,4,3.024248e-13,1.390815e-16,1.068717e-20,-4.056755e-12
1136,568.000000,4,3.019807e-13,1.390881e-16,1.891927e-20,1.035838e-12
1137,568.500000,4,3.022027e-13,1.390947e-16,-1.594804e-21,1.938671e-12
1138,569.000000,4,3.022027e-13,1.159178e-16,2.913661e-20,-2.659206e-12
1139,569.500000,4,3.028688e-13,1.159233e-16,-4.810882e-21,2.050360e-12
1140,570.000000,4,3.022027e-13,1.391146e-16,-8.999725e-21,4.581224e-12
1141,570.500000,4,3.022027e-13,1.391213e-16,-1.191140e-22,-1.683764e-12
1142,571.000000,4,3.022027e-13,1.391279e-16,8.384303e-21,-2.012612e-12
1143,571.500000,4,3.019807e-13,1.855127e-16,-4.440306e-21,1.421308e-12
1144,572.000000,4,3.024248e-13,1.119869e-16,1.095849e-20,1.415090e-12
1145,572.500000,4,3.019807e-13,1.159565e-16,3.242548e-21,2.248424e-12
1146,573.000000,4,3.026468e-13,1.391544e-16,2.172507e-20,-2.680745e-12
1147,573.500000,4,3.019807e-13,1.391610e-16,-3.527098e-21,3.862244e-12
1148,574.000000,4,3.019807e-13,1.391677e-16,6.418922e-21,5.815348e-13
1149,574.500000,4,3.019807e-13,1.023474e-16,1.905824e-21,1.711520e-12
1150,575.000000,4,3.017586e-13,1.391809e-16,-7.438008e-21,1.688871e-12
1151,575.500000,4,3.015366e-13,1.391875e-16,2.408750e-21,4.780620e-13
1152,576.000000,4,3.017586e-13,1.391941e-16,4.698386e-22,2.882361e-12
1153,576.500000,4,3.022027e-13,1.392008e-16,1.101805e-20,-8.688605e-13
1154,577.000000,4,3.015366e-13,1.007083e-16,-1.747005e-21,-5.220269e-13
1155,577.500000,4,3.017586e-13,1.392140e-16,-2.971233e-21,-1.448619e-12
1156,578.000000,4,3.013145e-13,9.909405e-17,1.386355e-20,-5.862644e-12
1157,578.500000,4,3.017586e-13,1.392272e-16,7.193163e-21,4.595657e-12
1158,579.000000,4,3.015366e-13,1.392338e-16,-2.514629e-22,-2.385425e-12
1159,579.500000,4,3.015366e-13,1.693785e-16,-1.414810e-20,1.149525e-12
1160,580.000000,4,3.013145e-13,9.283134e-17,3.629669e-21,-2.826628e-13
1161,580.500000,4,3.013145e-13,1.392536e-16,1.597782e-20,4.400480e-12
1162,581.000000,4,3.013145e-13,1.392602e-16,4.006863e-21,1.182832e-12
1163,581.500000,4,3.017586e-13,1.392668e-16,4.486628e-21,1.866507e-12
1164,582.000000,4,3.015366e-13,1.392734e-16,1.546166e-20,3.967715e-12
1165,582.500000,4,3.013145e-13,1.392800e-16,1.492234e-21,-1.229683e-12
1166,583.000000,4,3.010925e-13,1.392866e-16,9.813671e-21,1.771028e-12
1167,583.500000,4,3.013145e-13,1.392932e-16,-3.864588e-21,2.264189e-12
1168,584.000000,4,3.013145e-13,9.286653e-17,-6.428848e-21,2.521539e-12
1169,584.500000,4,3.013145e-13,1.393064e-16,5.955700e-22,9.974022e-12
1170,585.000000,4,3.013145e-13,1.160941e-16,1.645428e-20,1.593836e-12
1171,585.500000,4,3.010925e-13,1.085545e-16,3.854662e-21,6.283862e-13
1172,586.000000,4,3.004264e-13,1.117384e-16,-7.576974e-21,4.667378e-13
1173,586.500000,4,3.006484e-13,1.436522e-16,7.351981e-21,4.222622e-12
1174,587.000000,4,3.010925e-13,1.053366e-16,7.570357e-21,2.762235e-13
1175,587.500000,4,3.008704e-13,1.393459e-16,-2.842193e-21,2.685185e-12
1176,588.000000,4,3.010925e-13,1.372350e-16,-1.779100e-20,2.388312e-12
1177,588.500000,4,3.010925e-13,1.393591e-16,-1.034638e-20,3.063994e-12
1178,589.000000,4,3.008704e-13,1.068986e-16,-8.390920e-21,-2.124079e-12
1179,589.500000,4,3.006484e-13,1.393722e-16,-8.053430e-21,1.184830e-12
1180,590.000000,4,3.013145e-13,1.393788e-16,1.518704e-21,-2.628342e-12
1181,590.500000,4,3.006484e-13,1.393854e-16,-1.591826e-20,-5.693224e-12
1182,591.000000,4,3.008704e-13,1.393919e-16,3.719004e-21,3.441247e-12
1183,591.500000,4,3.008704e-13,1.393985e-16,9.178396e-21,4.365619e-12
1184,592.000000,4,2.999823e-13,1.259846e-16,-3.669373e-21,8.597567e-13
1185,592.500000,4,3.004264e-13,1.394116e-16,9.307436e-21,-2.253087e-12
1186,593.000000,4,3.006484e-13,1.858909e-16,-1.696713e-20,1.403322e-13
1187,593.500000,4,3.008704e-13,1.394248e-16,9.062591e-21,8.475443e-13
1188,594.000000,4,3.004264e-13,1.434811e-16,5.724090e-21,1.050271e-12
1189,594.500000,4,3.006484e-13,1.161982e-16,5.029258e-22,-1.098899e-12
1190,595.000000,4,3.006484e-13,1.394443e-16,3.990319e-21,-2.333689e-12
1191,595.500000,4,3.002043e-13,1.394508e-16,-6.336203e-21,-7.283063e-14
1192,596.000000,4,3.006484e-13,1.394574e-16,2.428602e-21,-1.540101e-12
1193,596.500000,4,3.002043e-13,1.354560e-16,3.308722e-21,1.934453e-12
1194,597.000000,4,3.008704e-13,1.338518e-16,7.550505e-21,2.692957e-12
1195,597.500000,4,3.004264e-13,1.394769e-16,-3.242548e-22,-2.895684e-12
1196,598.000000,4,3.006484e-13,1.394834e-16,1.307607e-20,4.729550e-13
1197,598.500000,4,3.004264e-13,1.394899e-16,1.982256e-20,-4.003464e-13
1198,599.000000,4,2.999823e-13,1.394964e-16,-5.360130e-21,1.818323e-12
1199,599.500000,4,3.002043e-13,1.395029e-16,-2.169198e-20,2.901679e-12
1200,600.000000,4,3.004264e-13,1.395094e-16,-1.122650e-20,3.045786e-12
1201,600.500000,4,2.999823e-13,1.395159e-16,1.167317e-20,-5.939693e-13
1202,601.000000,4,2.999823e-13,1.210266e-16,9.916241e-21,5.384582e-13
1203,601.500000,4,2.999823e-13,1.395289e-16,5.019332e-21,9.302781e-12
1204,602.000000,4,3.004264e-13,1.860472e-16,-4.860513e-21,-6.372680e-14
1205,602.500000,4,2.999823e-13,1.395419e-16,3.953923e-21,3.259615e-12
1206,603.000000,4,3.002043e-13,9.303225e-17,-2.541099e-21,3.899325e-12
1207,603.500000,4,2.999823e-13,1.395549e-16,-1.756932e-21,5.271117e-12
1208,604.000000,4,2.999823e-13,1.321084e-16,-1.078644e-21,3.298695e-12
1209,604.500000,4,3.006484e-13,1.395678e-16,1.008499e-20,6.501022e-12
1210,605.000000,4,2.999823e-13,1.395743e-16,8.437242e-22,1.314948e-12
1211,605.500000,4,2.999823e-13,1.395808e-16,4.996171e-22,2.600142e-12
1212,606.000000,4,2.997602e-13,1.320642e-16,6.796116e-21,2.962297e-12
1213,606.500000,4,3.002043e-13,9.705110e-17,2.464336e-20,5.435208e-12
1214,607.000000,4,3.002043e-13,1.396002e-16,8.536504e-21,5.854206e-12
1215,607.500000,4,2.997602e-13,1.002162e-16,-4.781104e-21,4.148681e-12
1216,608.000000,4,2.999823e-13,1.396131e-16,-4.003554e-21,4.497736e-12
1217,608.500000,4,2.997602e-13,1.396195e-16,-1.277829e-20,-1.060929e-12
1218,609.000000,4,2.995382e-13,1.396260e-16,-2.997703e-21,5.156542e-12
1219,609.500000,4,2.995382e-13,1.256253e-16,1.379737e-20,2.081890e-12
1220,610.000000,4,2.995382e-13,1.033538e-16,6.921847e-21,1.196376e-12
1221,610.500000,4,2.995382e-13,1.396452e-16,2.134126e-21,4.790168e-12
1222,611.000000,4,2.995382e-13,1.862022e-16,-1.485616e-21,8.215650e-13
1223,611.500000,4,2.993161e-13,9.310540e-17,-1.718881e-20,6.038281e-12
1224,612.000000,4,2.995382e-13,1.396645e-16,1.735756e-20,-8.495427e-13
1225,612.500000,4,2.993161e-13,1.396709e-16,2.378641e-20,5.009326e-12
1226,613.000000,4,2.995382e-13,1.396774e-16,-4.460158e-21,-1.121769e-12
1227,613.500000,4,2.997602e-13,1.396838e-16,3.904292e-21,-3.076872e-12
1228,614.000000,4,2.986500e-13,1.396902e-16,4.400601e-21,4.030110e-12
1229,614.500000,4,2.997602e-13,1.396966e-16,-7.576974e-21,4.431566e-12
1230,615.000000,4,2.993161e-13,1.397030e-16,-1.068717e-20,2.750022e-12
1231,615.500000,4,2.993161e-13,9.313962e-17,-2.570877e-21,1.493472e-12
1232,616.000000,4,2.990941e-13,1.397158e-16,-5.760486e-21,2.595035e-12
1233,616.500000,4,2.995382e-13,1.397222e-16,-1.345657e-20,1.571188e-12
1234,617.000000,4,2.993161e-13,1.397286e-16,1.190147e-20,3.798517e-12
1235,617.500000,4,2.995382e-13,1.397351e-16,-5.839895e-21,-3.430589e-12
1236,618.000000,4,2.990941e-13,9.316097e-17,1.012138e-20,3.124834e-12
1237,618.500000,4,2.990941e-13,1.397479e-16,-8.953403e-21,1.930678e-12
1238,619.000000,4,2.993161e-13,1.016056e-16,2.167875e-20,9.372503e-13
1239,619.500000,4,2.988720e-13,1.397607e-16,1.107760e-20,2.584377e-12
1240,620.000000,4,2.993161e-13,1.397671e-16,2.248277e-20,5.575762e-12
1241,620.500000,4,2.988720e-13,1.285608e-16,6.028492e-21,2.007283e-12
1242,621.000000,4,2.995382e-13,1.174403e-16,-2.147361e-21,2.542633e-12
1243,621.500000,4,2.986500e-13,9.319084e-17,-2.729696e-21,2.250866e-12
1244,622.000000,4,2.990941e-13,1.397926e-16,1.710279e-20,5.443201e-12
1245,622.500000,4,2.988720e-13,9.519679e-17,-3.891058e-21,4.894973e-12
1246,623.000000,4,2.990941e-13,1.398054e-16,1.105444e-20,3.453238e-12
1247,623.500000,4,2.988720e-13,1.398118e-16,2.103355e-20,5.519363e-12
1248,624.000000,4,2.986500e-13,1.398182e-16,1.446243e-20,1.193934e-12
1249,624.500000,4,2.988720e-13,9.321640e-17,2.091113e-21,4.397371e-12
1250,625.000000,4,2.986500e-13,1.398310e-16,-1.185846e-20,-2.587930e-12
1251,625.500000,4,2.988720e-13,1.474769e-16,-4.860513e-21,-4.465317e-13
1252,626.000000,4,2.984279e-13,1.398438e-16,5.621519e-21,-2.022382e-12
1253,626.500000,4,2.990941e-13,1.398501e-16,-1.022064e-20,-9.776624e-13
1254,627.000000,4,2.982059e-13,1.398565e-16,-6.997948e-21,5.083045e-12
1255,627.500000,4,2.986500e-13,1.398629e-16,4.685813e-20,-1.563638e-12
1256,628.000000,4,2.986500e-13,1.398692e-16,7.027726e-21,4.598544e-12
1257,628.500000,4,2.984279e-13,1.398755e-16,-1.588187e-22,-2.673639e-12
1258,629.000000,4,2.988720e-13,1.398819e-16,-1.912442e-21,-1.143308e-12
1259,629.500000,4,2.986500e-13,1.331102e-16,-2.421985e-21,-4.005019e-12
1260,630.000000,4,2.988720e-13,1.346828e-16,-4.298030e-21,-4.320544e-12
1261,630.500000,4,2.984279e-13,1.399009e-16,-1.266579e-20,-2.073230e-12
1262,631.000000,4,2.986500e-13,9.327146e-17,-6.951626e-21,-4.776179e-13
1263,631.500000,4,2.984279e-13,1.045492e-16,-7.457860e-21,2.885914e-12
1264,632.000000,4,2.982059e-13,1.399198e-16,-1.090886e-20,-4.230172e-12
1265,632.500000,4,2.979839e-13,9.344387e-17,2.862707e-20,4.423795e-12
1266,633.000000,4,2.982059e-13,1.399325e-16,4.973010e-21,2.575717e-14
1267,633.500000,4,2.979839e-13,1.399388e-16,-7.011183e-21,5.927481e-12
1268,634.000000,4,2.988720e-13,1.399451e-16,1.171288e-20,3.478773e-12
1269,634.500000,4,2.984279e-13,1.166262e-16,-1.928654e-20,-4.427569e-13
1270,635.000000,4,2.982059e-13,9.330517e-17,-5.462701e-21,-3.333778e-12
1271,635.500000,4,2.984279e-13,1.399641e-16,1.244080e-20,1.728839e-12
1272,636.000000,4,2.986500e-13,9.971623e-17,-7.947551e-21,-2.170264e-12
1273,636.500000,4,2.979839e-13,1.399767e-16,-2.164897e-20,2.219558e-12
1274,637.000000,4,2.982059e-13,1.399830e-16,-1.715573e-20,-1.449285e-12
1275,637.500000,4,2.979839e-13,1.376660e-16,1.522343e-20,2.580158e-12
1276,638.000000,4,2.979839e-13,1.028446e-16,1.290402e-22,1.220579e-12
1277,638.500000,4,2.977618e-13,1.400019e-16,1.942882e-20,4.502620e-12
1278,639.000000,4,2.982059e-13,9.333883e-17,2.414706e-20,2.122302e-12
1279,639.500000,4,2.977618e-13,1.265436e-16,-1.219595e-20,-5.995204e-15
1280,640.000000,4,2.982059e-13,1.400208e-16,5.095433e-21,2.041478e-12
1281,640.500000,4,2.984279e-13,1.075425e-16,-1.101474e-20,1.132427e-14
1282,641.000000,4,2.982059e-13,1.400335e-16,2.279710e-20,2.735367e-12
1283,641.500000,4,2.982059e-13,1.400398e-16,-1.506792e-20,2.615907e-12
1284,642.000000,4,2.977618e-13,1.201618e-16,2.054717e-21,-2.643885e-12
1285,642.500000,4,2.982059e-13,1.400524e-16,-1.472381e-21,1.818989e-12
1286,643.000000,4,2.977618e-13,1.400586e-16,-1.312570e-20,-3.406164e-13
1287,643.500000,4,2.973177e-13,1.059031e-16,-1.059784e-20,1.706413e-12
1288,644.000000,4,2.979839e-13,1.400712e-16,-1.973322e-20,5.582423e-12
1289,644.500000,4,2.975398e-13,1.106249e-16,1.212978e-20,2.012168e-12
1290,645.000000,4,2.977618e-13,1.564409e-16,1.846267e-21,4.434231e-13
1291,645.500000,4,2.977618e-13,9.339341e-17,1.112723e-20,2.582823e-12
1292,646.000000,4,2.979839e-13,1.167470e-16,2.169198e-20,-1.354472e-12
1293,646.500000,4,2.975398e-13,1.500788e-16,9.386846e-21,7.511769e-13
1294,647.000000,4,2.977618e-13,1.010965e-16,-3.695843e-21,2.734923e-12
1295,647.500000,4,2.975398e-13,1.401153e-16,2.002439e-20,-2.845280e-12
1296,648.000000,4,2.977618e-13,9.633987e-17,1.484955e-20,-1.217249e-12
1297,648.500000,4,2.970957e-13,1.401278e-16,6.329586e-21,2.161604e-12
1298,649.000000,4,2.973177e-13,1.401341e-16,1.420104e-20,2.056133e-12
1299,649.500000,4,2.977618e-13,1.167837e-16,-3.609816e-21,-4.249046e-12
1300,650.000000,4,2.977618e-13,1.310372e-16,-6.329586e-21,-6.050049e-12
1301,650.500000,4,2.970957e-13,1.401529e-16,-1.699691e-20,-9.767742e-13
1302,651.000000,4,2.977618e-13,1.168068e-16,1.664949e-20,3.792522e-12
1303,651.500000,4,2.973177e-13,1.401655e-16,1.035630e-21,5.916823e-12
1304,652.000000,4,2.973177e-13,1.401718e-16,-7.285807e-21,3.188783e-12
1305,652.500000,4,2.970957e-13,1.401780e-16,-6.207163e-21,4.556355e-13
1306,653.000000,4,2.975398e-13,9.782902e-17,1.816489e-21,-2.186473e-12
1307,653.500000,4,2.970957e-13,1.183306e-16,-3.887749e-21,2.680745e-12
1308,654.000000,4,2.975398e-13,1.088541e-16,1.005852e-20,-1.501022e-13
1309,654.500000,4,2.973177e-13,1.402031e-16,-6.101284e-21,5.488943e-12
1310,655.000000,4,2.973177e-13,1.402094e-16,-1.495543e-21,2.480460e-12
1311,655.500000,4,2.975398e-13,1.402157e-16,1.124966e-20,4.759082e-12
1312,656.000000,4,2.970957e-13,1.402219e-16,2.114274e-21,2.415845e-12
1313,656.500000,4,2.973177e-13,1.402282e-16,-1.237131e-20,1.189715e-12
1314,657.000000,4,2.970957e-13,1.402344e-16,-1.458485e-20,7.074563e-12
1315,657.500000,4,2.968736e-13,1.402407e-16,-1.839981e-20,-1.877609e-12
1316,658.000000,4,2.964295e-13,1.402470e-16,4.380749e-21,-2.090994e-12
1317,658.500000,4,2.970957e-13,1.150683e-16,-2.173831e-21,3.911982e-12
1318,659.000000,4,2.966516e-13,1.402595e-16,-1.419111e-20,1.331379e-12
1319,659.500000,4,2.968736e-13,1.229268e-16,6.518183e-21,-2.138290e-13
1320,660.000000,4,2.973177e-13,9.351465e-17,-9.727644e-21,1.769696e-13
1321,660.500000,4,2.968736e-13,1.402782e-16,2.741607e-20,1.002531e-12
1322,661.000000,4,2.966516e-13,1.402845e-16,1.240771e-21,-1.316947e-12
1323,661.500000,4,2.966516e-13,1.169089e-16,-4.830735e-22,1.693312e-12
1324,662.000000,4,2.968736e-13,1.402970e-16,5.125211e-21,4.212852e-12
1325,662.500000,4,2.966516e-13,1.403032e-16,1.739726e-20,1.261657e-12
1326,663.000000,4,2.966516e-13,1.403094e-16,8.933551e-22,-7.269740e-13
1327,663.500000,4,2.975398e-13,1.403156e-16,-6.670384e-21,-2.799982e-13
1328,664.000000,4,2.966516e-13,1.403218e-16,9.638308e-21,7.587264e-13
1329,664.500000,4,2.964295e-13,1.403280e-16,1.339371e-20,1.707523e-13
1330,665.000000,4,2.966516e-13,1.403342e-16,-1.523005e-20,4.159340e-12
1331,665.500000,4,2.966516e-13,1.403404e-16,-6.657150e-21,6.236789e-12
1332,666.000000,4,2.968736e-13,1.731559e-16,-9.492725e-21,-5.138778e-12
1333,666.500000,4,2.966516e-13,1.403528e-16,-1.956448e-20,4.765077e-12
1334,667.000000,4,2.964295e-13,1.403590e-16,8.844215e-21,-2.512657e-12
1335,667.500000,4,2.966516e-13,1.403652e-16,-9.734261e-21,6.665557e-12
1336,668.000000,4,2.964295e-13,1.403714e-16,4.665299e-22,-4.651612e-12
1337,668.500000,4,2.964295e-13,1.431845e-16,-8.768114e-21,-1.742828e-12
1338,669.000000,4,2.966516e-13,1.403838e-16,5.558654e-21,3.805845e-12
1339,669.500000,4,2.962075e-13,1.403899e-16,-1.053166e-20,1.005196e-12
1340,670.000000,4,2.966516e-13,1.403961e-16,2.322392e-20,-1.934009e-12
1341,670.500000,4,2.966516e-13,1.404023e-16,3.550259e-21,3.547385e-12
1342,671.000000,4,2.962075e-13,9.360567e-17,1.490910e-20,-2.384093e-12
1343,671.500000,4,2.964295e-13,1.404147e-16,-1.691419e-20,-9.994228e-13
1344,672.000000,4,2.964295e-13,1.037851e-16,1.512086e-21,5.823342e-12
1345,672.500000,4,2.962075e-13,1.404271e-16,-2.100708e-20,4.829470e-13
1346,673.000000,4,2.966516e-13,1.404332e-16,7.944243e-21,-5.277556e-12
1347,673.500000,4,2.957634e-13,1.404394e-16,8.017034e-21,3.517631e-12
1348,674.000000,4,2.962075e-13,1.404456e-16,-6.273338e-21,1.287637e-12
1349,674.500000,4,2.962075e-13,1.404518e-16,-2.269784e-21,1.514122e-12
1350,675.000000,4,2.964295e-13,1.404580e-16,-4.367514e-21,8.857359e-13
1351,675.500000,4,2.962075e-13,1.872855e-16,-1.524328e-20,-5.250911e-12
1352,676.000000,4,2.964295e-13,1.257138e-16,-5.333661e-21,1.455724e-12
1353,676.500000,4,2.959855e-13,1.873020e-16,1.021072e-20,2.230660e-12
1354,677.000000,4,2.962075e-13,1.404827e-16,1.392972e-20,-2.581935e-12
1355,677.500000,4,2.962075e-13,1.404888e-16,-7.024418e-21,4.579892e-12
1356,678.000000,4,2.962075e-13,1.404950e-16,1.477014e-20,4.598544e-13
1357,678.500000,4,2.964295e-13,1.405012e-16,-6.875525e-21,-1.151745e-12
1358,679.000000,4,2.959855e-13,1.170894e-16,1.292387e-20,-3.165912e-12
1359,679.500000,4,2.957634e-13,9.422916e-17,1.188162e-20,3.783640e-13
1360,680.000000,4,2.959855e-13,1.405197e-16,-1.552783e-20,7.716050e-13
1361,680.500000,4,2.959855e-13,9.368389e-17,1.578261e-20,-1.415978e-12
1362,681.000000,4,2.957634e-13,1.405320e-16,-1.884317e-20,-3.004264e-13
1363,681.500000,4,2.959855e-13,1.405382e-16,-1.642119e-20,-4.171996e-12
1364,682.000000,4,2.959855e-13,9.732891e-17,-6.677002e-21,6.196821e-12
1365,682.500000,4,2.959855e-13,1.271448e-16,3.639595e-22,2.454703e-12
1366,683.000000,4,2.959855e-13,1.405566e-16,1.602083e-20,2.108536e-12
1367,683.500000,4,2.959855e-13,1.405628e-16,-1.123311e-20,4.074296e-12
1368,684.000000,4,2.957634e-13,1.405690e-16,2.129825e-20,-4.769740e-12
1369,684.500000,4,2.955414e-13,1.405751e-16,-2.680065e-21,3.387068e-12
1370,685.000000,4,2.957634e-13,1.405813e-16,-1.510101e-20,2.252643e-12
1371,685.500000,4,2.962075e-13,1.427695e-16,5.495788e-21,1.873612e-12
1372,686.000000,4,2.955414e-13,1.286386e-16,-9.297510e-22,1.628697e-12
1373,686.500000,4,2.955414e-13,1.171664e-16,-2.914984e-21,1.360245e-12
1374,687.000000,4,2.957634e-13,1.348910e-16,1.127613e-20,3.367973e-12
1375,687.500000,4,2.950973e-13,1.176276e-16,-3.047333e-21,1.815215e-12
1376,688.000000,4,2.957634e-13,1.536872e-16,-1.250035e-20,7.791989e-12
1377,688.500000,4,2.953193e-13,1.406243e-16,-1.464110e-20,-1.775025e-12
1378,689.000000,4,2.957634e-13,9.564642e-17,1.187831e-21,4.357847e-12
1379,689.500000,4,2.957634e-13,1.875155e-16,9.115530e-21,3.307798e-12
1380,690.000000,4,2.957634e-13,1.144430e-16,4.476701e-21,-1.789013e-12
1381,690.500000,4,2.955414e-13,1.301092e-16,-3.382176e-20,-1.738831e-12
1382,691.000000,4,2.955414e-13,1.172125e-16,-1.491572e-20,3.150813e-13
1383,691.500000,4,2.950973e-13,1.097123e-16,1.367826e-20,3.994804e-12
1384,692.000000,4,2.953193e-13,1.159719e-16,5.224473e-21,3.212985e-12
1385,692.500000,4,2.953193e-13,1.406734e-16,1.167648e-20,-3.203215e-12
1386,693.000000,4,2.953193e-13,1.406796e-16,-1.561717e-21,-6.432632e-13
1387,693.500000,4,2.953193e-13,1.406857e-16,7.596827e-21,-5.559997e-13
1388,694.000000,4,2.953193e-13,1.641405e-16,1.223566e-20,4.420464e-12
1389,694.500000,4,2.948752e-13,1.221898e-16,4.605742e-21,2.319256e-12
1390,695.000000,4,2.955414e-13,1.172534e-16,2.158941e-20,4.931389e-12
1391,695.500000,4,2.948752e-13,1.174707e-16,1.707301e-20,1.679989e-12
1392,696.000000,4,2.948752e-13,1.407164e-16,8.136149e-21,2.198686e-12
1393,696.500000,4,2.953193e-13,1.017910e-16,5.796882e-21,9.627854e-13
1394,697.000000,4,2.948752e-13,1.407286e-16,2.269784e-20,-2.133627e-12
1395,697.500000,4,2.953193e-13,1.407347e-16,2.292945e-21,-1.368683e-12
1396,698.000000,4,2.948752e-13,1.252501e-16,2.216844e-22,1.459277e-12
1397,698.500000,4,2.946532e-13,1.111502e-16,-3.020533e-20,1.933342e-12
1398,699.000000,4,2.955414e-13,1.095756e-16,-1.035630e-21,1.056710e-12
1399,699.500000,4,2.953193e-13,1.876788e-16,-1.534585e-20,2.801981e-12
1400,700.000000,4,2.948752e-13,1.173043e-16,4.238473e-21,3.061329e-12
1401,700.500000,4,2.950973e-13,1.407712e-16,-1.508116e-20,-9.257040e-13
1402,701.000000,4,2.948752e-13,1.407773e-16,-1.677522e-21,1.530331e-12
1403,701.500000,4,2.948752e-13,1.407834e-16,-4.096198e-21,2.044143e-12
1404,702.000000,4,2.950973e-13,1.173246e-16,-8.476947e-21,8.215428e-12
1405,702.500000,4,2.946532e-13,1.173296e-16,-4.344353e-21,-3.470113e-12
1406,703.000000,4,2.950973e-13,1.408016e-16,1.245072e-20,-2.235989e-12
1407,703.500000,4,2.955414e-13,9.387180e-17,-6.849055e-21,2.842171e-12
1408,704.000000,4,2.950973e-13,1.408138e-16,1.023388e-20,-3.974598e-12
1409,704.500000,4,2.946532e-13,1.408198e-16,-1.403229e-20,7.910561e-12
1410,705.000000,4,2.948752e-13,1.173549e-16,6.802733e-21,6.284973e-12
1411,705.500000,4,2.946532e-13,1.408320e-16,1.571312e-20,-2.642553e-12
1412,706.000000,4,2.946532e-13,1.344660e-16,2.517938e-21,7.964296e-12
1413,706.500000,4,2.946532e-13,1.408441e-16,-5.366748e-21,2.567724e-12
1414,707.000000,4,2.953193e-13,1.250641e-16,1.591826e-20,2.403189e-12
1415,707.500000,4,2.948752e-13,9.390416e-17,-1.353929e-20,2.933653e-12
1416,708.000000,4,2.946532e-13,1.062870e-16,8.529886e-21,1.941780e-12
1417,708.500000,4,2.946532e-13,1.408684e-16,-4.069729e-22,2.949863e-12
1418,709.000000,4,2.946532e-13,1.408744e-16,-1.138201e-20,1.471490e-12
1419,709.500000,4,2.946532e-13,1.408805e-16,-3.441071e-22,7.880363e-13
1420,710.000000,4,2.944311e-13,1.687533e-16,-1.842628e-20,-1.088685e-12
1421,710.500000,4,2.944311e-13,1.174105e-16,4.923379e-21,-3.825606e-12
1422,711.000000,4,2.953193e-13,9.393244e-17,2.165228e-20,-1.598055e-12
1423,711.500000,4,2.946532e-13,1.409047e-16,7.378451e-22,-4.538592e-13
1424,712.000000,4,2.944311e-13,1.124653e-16,-4.235165e-22,2.257305e-12
1425,712.500000,4,2.950973e-13,1.409168e-16,1.258969e-20,5.124567e-12
1426,713.000000,4,2.944311e-13,1.409229e-16,-4.496554e-21,2.439826e-12
1427,713.500000,4,2.942091e-13,1.409289e-16,2.429926e-20,-2.172929e-12
1428,714.000000,4,2.942091e-13,9.681338e-17,-4.466775e-21,-4.829470e-13
1429,714.500000,4,2.942091e-13,1.174508e-16,-1.950823e-20,2.828848e-12
1430,715.000000,4,2.944311e-13,1.139713e-16,1.393303e-20,-2.515321e-12
1431,715.500000,4,2.948752e-13,9.835074e-17,5.346895e-21,3.345324e-12
1432,716.000000,4,2.946532e-13,1.061477e-16,8.642383e-21,3.561373e-12
1433,716.500000,4,2.942091e-13,1.092607e-16,-8.966638e-22,1.926459e-12
1434,717.000000,4,2.944311e-13,1.311022e-16,-2.157287e-21,2.492895e-12
1435,717.500000,4,2.944311e-13,1.409769e-16,2.815061e-20,1.461498e-12
1436,718.000000,4,2.942091e-13,1.409829e-16,1.470065e-20,-2.680300e-12
1437,718.500000,4,2.946532e-13,9.518182e-17,4.288104e-21,1.686651e-12
1438,719.000000,4,2.942091e-13,1.045354e-16,5.419687e-21,2.588152e-12
1439,719.500000,4,2.944311e-13,1.410009e-16,-4.122668e-21,2.095213e-12
1440,720.000000,4,2.944311e-13,1.410069e-16,-2.392206e-21,5.643264e-12
1441,720.500000,4,2.944311e-13,1.076295e-16,2.423308e-20,2.505995e-12
1442,721.000000,4,2.944311e-13,1.278969e-16,8.337981e-22,5.910827e-13
1443,721.500000,4,2.942091e-13,1.232076e-16,-2.865354e-21,2.880363e-12
1444,722.000000,4,2.942091e-13,1.410308e-16,1.198088e-20,4.628742e-12
1445,722.500000,4,2.942091e-13,1.410368e-16,-1.072026e-21,3.694156e-12
1446,723.000000,4,2.944311e-13,1.278544e-16,-6.260103e-21,5.988987e-12
1447,723.500000,4,2.939871e-13,1.044576e-16,2.087804e-21,-3.328005e-12
1448,724.000000,4,2.939871e-13,1.044489e-16,1.565687e-20,-4.844125e-12
1449,724.500000,4,2.946532e-13,1.091165e-16,2.226108e-20,1.205702e-12
1450,725.000000,4,2.935430e-13,1.410668e-16,-1.187831e-20,-2.013056e-12
1451,725.500000,4,2.939871e-13,1.410727e-16,3.884440e-21,3.532286e-12
1452,726.000000,4,2.942091e-13,1.168810e-16,-6.021875e-22,-7.449596e-13
1453,726.500000,4,2.939871e-13,1.410847e-16,-1.356576e-22,-2.062572e-12
1454,727.000000,4,2.939871e-13,1.410907e-16,-1.376429e-20,-3.911538e-12
1455,727.500000,4,2.935430e-13,1.175805e-16,-1.653038e-20,6.195044e-13
1456,728.000000,4,2.939871e-13,1.417677e-16,-2.262835e-20,-5.693224e-13
1457,728.500000,4,2.939871e-13,1.411086e-16,-9.562208e-21,-3.955281e-12
1458,729.000000,4,2.937650e-13,1.411146e-16,4.609050e-21,4.310330e-12
1459,729.500000,4,2.942091e-13,1.411206e-16,-1.035630e-21,3.208545e-13
1460,730.000000,4,2.942091e-13,9.408435e-17,-3.745474e-21,-5.189182e-13
1461,730.500000,4,2.937650e-13,1.121202e-16,2.137435e-21,1.540990e-13
1462,731.000000,4,2.937650e-13,1.411385e-16,-1.915089e-20,2.162492e-12
1463,731.500000,4,2.937650e-13,9.964546e-17,1.405214e-20,1.906475e-12
1464,732.000000,4,2.937650e-13,1.411504e-16,-1.780093e-21,-2.027489e-12
1465,732.500000,4,2.933209e-13,9.410424e-17,8.662235e-21,-2.462475e-13
1466,733.000000,4,2.939871e-13,1.411623e-16,-1.442934e-20,3.500755e-12
1467,733.500000,4,2.939871e-13,1.411683e-16,5.439540e-21,-5.899725e-13
1468,734.000000,4,2.937650e-13,1.411743e-16,1.172280e-20,1.004596e-11
1469,734.500000,4,2.939871e-13,9.959439e-17,-1.201728e-20,-3.494982e-13
1470,735.000000,4,2.935430e-13,1.291504e-16,9.032812e-21,-1.503242e-13
1471,735.500000,4,2.937650e-13,1.151363e-16,-9.042738e-21,4.572120e-12
1472,736.000000,4,2.937650e-13,1.026803e-16,-7.312277e-22,3.079093e-12
1473,736.500000,4,2.939871e-13,1.412039e-16,-5.115285e-21,1.952216e-12
1474,737.000000,4,2.939871e-13,9.488520e-17,-1.543188e-20,-5.473400e-13
1475,737.500000,4,2.939871e-13,1.412158e-16,-3.639595e-23,5.226930e-13
1476,738.000000,4,2.935430e-13,1.104212e-16,9.436476e-21,1.314282e-12
1477,738.500000,4,2.939871e-13,1.412276e-16,-2.283680e-20,1.970202e-12
1478,739.000000,4,2.935430e-13,1.057373e-16,7.636531e-21,-6.119771e-12
1479,739.500000,4,2.930989e-13,1.412394e-16,8.076592e-21,-3.333556e-12
1480,740.000000,4,2.935430e-13,1.412454e-16,2.337282e-20,2.796430e-12
1481,740.500000,4,2.935430e-13,1.399102e-16,-3.020864e-21,-1.018297e-12
1482,741.000000,4,2.933209e-13,1.150274e-16,6.941700e-21,3.647083e-12
1483,741.500000,4,2.937650e-13,1.412631e-16,-1.290402e-20,6.371348e-12
1484,742.000000,4,2.935430e-13,1.412690e-16,1.465764e-20,3.434586e-12
1485,742.500000,4,2.930989e-13,1.412749e-16,3.411293e-21,-6.465939e-13
1486,743.000000,4,2.933209e-13,1.412808e-16,1.080298e-20,-2.318812e-12
1487,743.500000,4,2.933209e-13,1.412867e-16,5.095433e-22,-1.174616e-12
1488,744.000000,4,2.937650e-13,1.087533e-16,6.392452e-21,-4.420908e-13
1489,744.500000,4,2.933209e-13,1.883981e-16,-3.361662e-21,4.988010e-12
1490,745.000000,4,2.930989e-13,1.413044e-16,-4.943231e-21,2.068345e-12
1491,745.500000,4,2.933209e-13,1.177586e-16,-1.640465e-20,-1.105782e-12
1492,746.000000,4,2.933209e-13,1.102687e-16,2.514629e-21,6.259437e-13
1493,746.500000,4,2.939871e-13,1.413222e-16,-7.093901e-21,-1.234124e-12
1494,747.000000,4,2.933209e-13,1.413281e-16,-8.040196e-22,1.074918e-12
1495,747.500000,4,2.930989e-13,1.412935e-16,2.569554e-20,1.657341e-12
1496,748.000000,4,2.933209e-13,1.413399e-16,2.967924e-21,2.746914e-12
1497,748.500000,4,2.930989e-13,1.413457e-16,-6.941700e-21,-1.771916e-12
1498,749.000000,4,2.933209e-13,1.884689e-16,-3.738856e-22,-1.094902e-12
1499,749.500000,4,2.933209e-13,1.413575e-16,1.701345e-20,-4.747314e-13
1500,750.000000,4,2.930989e-13,1.413634e-16,-1.428706e-20,1.474154e-12
1501,750.500000,4,2.930989e-13,1.132862e-16,5.154990e-21,8.659740e-15
1502,751.000000,4,2.930989e-13,1.039660e-16,-9.132074e-21,-3.579803e-12
1503,751.500000,4,2.930989e-13,1.194729e-16,1.142502e-20,-9.330314e-13
1504,752.000000,4,2.933209e-13,1.413870e-16,3.573420e-22,-1.684208e-12
1505,752.500000,4,2.930989e-13,1.147981e-16,1.348966e-20,4.339418e-12
1506,753.000000,4,2.933209e-13,1.413988e-16,1.337716e-20,3.345324e-12
1507,753.500000,4,2.930989e-13,9.926752e-17,1.121326e-20,3.811618e-12
1508,754.000000,4,2.930989e-13,1.225226e-16,1.184523e-20,4.135359e-12
1509,754.500000,4,2.930989e-13,1.178470e-16,-8.430625e-21,3.853140e-12
1510,755.000000,4,2.933209e-13,1.414223e-16,2.473270e-20,4.114264e-12
1511,755.500000,4,2.930989e-13,1.414282e-16,5.102050e-21,2.804423e-13
1512,756.000000,4,2.933209e-13,1.209295e-16,-2.510328e-20,-2.887246e-12
1513,756.500000,4,2.926548e-13,9.611502e-17,1.270219e-20,1.200373e-12
1514,757.000000,4,2.928768e-13,9.429723e-17,3.351736e-21,5.365930e-12
1515,757.500000,4,2.930989e-13,1.414517e-16,9.168470e-21,-7.900347e-13
1516,758.000000,4,2.930989e-13,1.414576e-16,1.101805e-21,4.026335e-12
1517,758.500000,4,2.928768e-13,1.414635e-16,1.056806e-20,-2.133627e-12
1518,759.000000,4,2.928768e-13,1.414694e-16,9.886463e-21,-1.527667e-12
1519,759.500000,4,2.926548e-13,1.115588e-16,-1.244080e-20,-2.749800e-12
1520,760.000000,4,2.928768e-13,1.053519e-16,-1.099819e-20,1.873168e-12
1521,760.500000,4,2.924327e-13,1.223834e-16,-6.210472e-21,8.189005e-13
1522,761.000000,4,2.924327e-13,1.414928e-16,1.233492e-20,6.585399e-12
1523,761.500000,4,2.928768e-13,1.053242e-16,-1.882994e-20,2.853273e-13
1524,762.000000,4,2.924327e-13,1.208024e-16,1.616642e-20,1.401324e-12
1525,762.500000,4,2.930989e-13,1.517641e-16,1.078644e-20,2.214673e-12
1526,763.000000,4,2.922107e-13,1.415163e-16,1.072026e-20,2.120082e-12
1527,763.500000,4,2.926548e-13,9.434813e-17,-6.796116e-21,3.960832e-12
1528,764.000000,4,2.928768e-13,1.145672e-16,8.678779e-21,1.497247e-12
1529,764.500000,4,2.928768e-13,1.415339e-16,7.305659e-21,8.613110e-13
1530,765.000000,4,2.926548e-13,1.179498e-16,1.702669e-20,2.327916e-12
1531,765.500000,4,2.924327e-13,1.083457e-16,-2.097730e-21,5.340173e-13
1532,766.000000,4,2.928768e-13,1.415515e-16,-5.998714e-21,-2.699174e-12
1533,766.500000,4,2.922107e-13,1.415574e-16,1.651053e-21,-1.996403e-12
1534,767.000000,4,2.924327e-13,1.415632e-16,1.048865e-21,-1.632028e-13
1535,767.500000,4,2.922107e-13,1.179742e-16,-1.170626e-20,3.443246e-12
1536,768.000000,4,2.922107e-13,1.021096e-16,6.822586e-21,2.945644e-12
1537,768.500000,4,2.919887e-13,1.206643e-16,1.533262e-20,5.014655e-12
1538,769.000000,4,2.924327e-13,1.415867e-16,-2.071260e-21,-2.254641e-12
1539,769.500000,4,2.922107e-13,1.345634e-16,3.513863e-21,8.792966e-14
1540,770.000000,4,2.924327e-13,1.515638e-16,-2.307172e-20,-9.776624e-13
1541,770.500000,4,2.919887e-13,1.051574e-16,3.808340e-21,-1.380451e-12
1542,771.000000,4,2.924327e-13,1.036019e-16,4.089581e-21,2.369660e-12
1543,771.500000,4,2.926548e-13,1.180133e-16,-4.625594e-21,-7.660539e-13
1544,772.000000,4,2.924327e-13,1.097677e-16,-2.955351e-20,1.320499e-12
1545,772.500000,4,2.919887e-13,1.180230e-16,-1.214301e-21,-2.969625e-12
1546,773.000000,4,2.922107e-13,1.236600e-16,6.140989e-21,-1.265654e-14
1547,773.500000,4,2.924327e-13,1.416393e-16,1.111731e-21,-2.446932e-13
1548,774.000000,4,2.926548e-13,1.180376e-16,1.017432e-20,3.696377e-12
1549,774.500000,4,2.917666e-13,9.443396e-17,3.192917e-21,9.472423e-13
1550,775.000000,4,2.926548e-13,1.205259e-16,1.214632e-20,1.185718e-13
1551,775.500000,4,2.924327e-13,9.733921e-17,-5.836586e-21,-1.790346e-12
1552,776.000000,4,2.928768e-13,1.416684e-16,1.588187e-20,-4.762857e-13
1553,776.500000,4,2.922107e-13,1.416742e-16,-1.684140e-21,3.759659e-12
1554,777.000000,4,2.917666e-13,1.180666e-16,8.873994e-21,-4.560574e-12
1555,777.500000,4,2.922107e-13,1.034828e-16,-9.370302e-21,-2.686740e-13
1556,778.000000,4,2.926548e-13,1.019293e-16,6.673693e-21,-1.470823e-12
1557,778.500000,4,2.922107e-13,1.416974e-16,5.459392e-22,7.136070e-12
1558,779.000000,4,2.922107e-13,1.417032e-16,5.227781e-21,-2.268852e-12
1559,779.500000,4,2.922107e-13,1.250617e-16,-6.054962e-22,3.073097e-13
1560,780.000000,4,2.917666e-13,1.417148e-16,-1.369811e-21,-4.254597e-12
1561,780.500000,4,2.922107e-13,1.188648e-16,-1.086254e-20,-2.343237e-12
1562,781.000000,4,2.915446e-13,1.358337e-16,-9.992342e-22,1.088019e-14
1563,781.500000,4,2.919887e-13,1.203876e-16,-1.975307e-21,2.082112e-12
1564,782.000000,4,2.922107e-13,9.449199e-17,4.182225e-21,-1.254996e-12
1565,782.500000,4,2.919887e-13,1.417438e-16,5.525566e-21,-5.158096e-13
1566,783.000000,4,2.922107e-13,1.002970e-16,-3.269018e-21,8.188339e-12
1567,783.500000,4,2.922107e-13,1.465753e-16,-4.334426e-22,1.568523e-12
1568,784.000000,4,2.924327e-13,1.172502e-16,8.887229e-21,-1.365574e-13
1569,784.500000,4,2.919887e-13,1.417670e-16,1.548813e-20,1.288525e-12
1570,785.000000,4,2.922107e-13,1.417727e-16,3.500628e-21,4.950707e-12
1571,785.500000,4,2.922107e-13,1.311016e-16,-3.507246e-22,5.932810e-12
1572,786.000000,4,2.915446e-13,1.079568e-16,1.545173e-21,-9.872103e-13
1573,786.500000,4,2.917666e-13,1.202845e-16,7.504183e-21,1.850964e-12
1574,787.000000,4,2.919887e-13,1.264423e-16,6.941700e-21,2.501777e-12
1575,787.500000,4,2.919887e-13,1.202642e-16,2.468307e-20,6.505907e-14
1576,788.000000,4,2.919887e-13,1.181729e-16,-1.770167e-21,-4.247713e-13
1577,788.500000,4,2.917666e-13,1.181777e-16,-3.709078e-21,-1.023626e-13
1578,789.000000,4,2.917666e-13,1.125265e-16,2.172176e-20,7.325252e-13
1579,789.500000,4,2.917666e-13,1.181873e-16,-2.905058e-21,-1.973977e-13
1580,790.000000,4,2.917666e-13,9.455373e-17,-1.304629e-20,-4.878098e-12
1581,790.500000,4,2.917666e-13,1.418364e-16,-9.410007e-21,-2.803535e-12
1582,791.000000,4,2.922107e-13,1.448484e-16,7.040961e-21,2.241540e-12
1583,791.500000,4,2.917666e-13,1.016936e-16,9.651543e-21,-4.380496e-12
1584,792.000000,4,2.915446e-13,1.140105e-16,-1.688772e-20,1.836753e-12
1585,792.500000,4,2.915446e-13,1.109199e-16,8.463712e-21,2.060352e-12
1586,793.000000,4,2.915446e-13,1.186128e-16,-8.139457e-21,1.218581e-12
1587,793.500000,4,2.917666e-13,1.340059e-16,4.410527e-21,-5.617729e-14
1588,794.000000,4,2.917666e-13,1.324545e-16,2.792562e-21,1.107558e-12
1589,794.500000,4,2.913225e-13,1.031827e-16,-4.691768e-21,1.362910e-12
1590,795.000000,4,2.913225e-13,9.459223e-17,-1.086915e-20,-3.318013e-12
1591,795.500000,4,2.915446e-13,1.293419e-16,-8.649000e-21,8.444356e-12
1592,796.000000,4,2.919887e-13,1.182499e-16,-5.743942e-21,-1.780798e-12
1593,796.500000,4,2.917666e-13,1.154647e-16,3.639595e-23,1.307843e-13
1594,797.000000,4,2.915446e-13,1.385462e-16,1.971999e-20,-3.916645e-12
1595,797.500000,4,2.917666e-13,1.419172e-16,-5.363439e-21,4.696910e-12
1596,798.000000,4,2.915446e-13,1.369841e-16,-8.718484e-21,1.165290e-12
1597,798.500000,4,2.915446e-13,1.419287e-16,3.460924e-21,1.601164e-12
1598,799.000000,4,2.917666e-13,1.419345e-16,2.326032e-21,9.376278e-12
1599,799.500000,4,2.915446e-13,1.419403e-16,7.828437e-21,3.102629e-12
1600,800.000000,4,2.915446e-13,1.092434e-16,2.474924e-21,2.700729e-12
1601,800.500000,4,2.911005e-13,1.419518e-16,-8.076592e-21,4.128031e-12
1602,801.000000,4,2.915446e-13,1.892767e-16,4.473393e-21,2.470690e-12
1603,801.500000,4,2.911005e-13,1.419633e-16,2.143721e-20,1.382006e-12
1604,802.000000,4,2.913225e-13,1.168981e-16,-1.076658e-20,2.296385e-12
1605,802.500000,4,2.913225e-13,1.419748e-16,-6.164150e-21,3.124612e-12
1606,803.000000,4,2.915446e-13,1.168789e-16,-7.547196e-21,-1.312506e-12
1607,803.500000,4,2.911005e-13,9.465755e-17,-3.848044e-21,-8.486545e-13
1608,804.000000,4,2.913225e-13,1.419921e-16,1.530946e-20,-1.469935e-12
1609,804.500000,4,2.911005e-13,1.419978e-16,2.951380e-21,5.072831e-12
1610,805.000000,4,2.913225e-13,1.030042e-16,2.776018e-21,9.585666e-13
1611,805.500000,4,2.911005e-13,1.183411e-16,-1.551460e-20,-5.194067e-12
1612,806.000000,4,2.917666e-13,1.014503e-16,3.897675e-21,-8.482104e-13
1613,806.500000,4,2.913225e-13,1.168120e-16,8.668853e-21,-3.114620e-12
1614,807.000000,4,2.911005e-13,1.420266e-16,1.268895e-20,2.701395e-12
1615,807.500000,4,2.911005e-13,1.420323e-16,6.157532e-21,-2.041478e-12
1616,808.000000,4,2.908784e-13,1.420381e-16,-8.811128e-21,2.573719e-12
1617,808.500000,4,2.913225e-13,1.121644e-16,3.146595e-21,-3.456790e-12
1618,809.000000,4,2.908784e-13,1.420496e-16,-9.237953e-21,4.068745e-12
1619,809.500000,4,2.908784e-13,1.213636e-16,-1.548482e-20,1.128875e-12
1620,810.000000,4,2.911005e-13,1.894147e-16,-5.929231e-21,3.966161e-12
1621,810.500000,4,2.908784e-13,1.029119e-16,-7.196471e-21,-1.785683e-12
1622,811.000000,4,2.911005e-13,1.420725e-16,-5.214547e-21,3.351763e-12
1623,811.500000,4,2.908784e-13,1.420783e-16,1.018425e-20,-5.411227e-13
1624,812.000000,4,2.911005e-13,1.289924e-16,1.601422e-20,9.329870e-12
1625,812.500000,4,2.911005e-13,1.044140e-16,-1.363194e-21,9.341417e-13
1626,813.000000,4,2.911005e-13,1.894607e-16,4.529641e-21,2.055911e-12
1627,813.500000,4,2.908784e-13,1.519898e-16,-9.701174e-21,1.036282e-12
1628,814.000000,4,2.908784e-13,9.473795e-17,1.208015e-20,-4.482192e-12
1629,814.500000,4,2.904343e-13,1.421126e-16,-1.273196e-20,-3.614886e-12
1630,815.000000,4,2.913225e-13,1.289297e-16,1.129598e-20,-4.640732e-13
1631,815.500000,4,2.906564e-13,1.421240e-16,5.671150e-21,-5.198064e-13
1632,816.000000,4,2.911005e-13,1.421297e-16,-7.246102e-22,6.282752e-12
1633,816.500000,4,2.908784e-13,1.421354e-16,-1.740719e-20,4.307221e-12
1634,817.000000,4,2.908784e-13,1.421411e-16,-1.262939e-20,2.314149e-12
1635,817.500000,4,2.908784e-13,1.184557e-16,2.501394e-21,2.404965e-12
1636,818.000000,4,2.908784e-13,1.421525e-16,-1.295034e-20,4.096501e-12
1637,818.500000,4,2.911005e-13,1.895443e-16,8.301585e-21,6.659562e-12
1638,819.000000,4,2.908784e-13,1.165754e-16,2.845501e-21,4.152234e-14
1639,819.500000,4,2.908784e-13,1.421696e-16,-4.268252e-22,-3.852474e-13
1640,820.000000,4,2.911005e-13,1.226912e-16,3.080421e-21,-4.996892e-12
1641,820.500000,4,2.911005e-13,1.487511e-16,-3.345118e-21,3.362199e-12
1642,821.000000,4,2.906564e-13,1.421867e-16,2.502056e-20,-1.734834e-12
1643,821.500000,4,2.904343e-13,1.333945e-16,1.813842e-20,-3.603784e-13
1644,822.000000,4,2.906564e-13,9.479871e-17,1.356576e-20,1.859624e-12
1645,822.500000,4,2.904343e-13,1.195758e-16,1.935934e-20,2.315925e-12
1646,823.000000,4,2.908784e-13,1.165004e-16,1.031329e-20,1.349809e-12
1647,823.500000,4,2.908784e-13,1.149583e-16,4.923379e-21,-7.489565e-13
1648,824.000000,4,2.906564e-13,1.422207e-16,1.075004e-20,-3.974598e-14
1649,824.500000,4,2.906564e-13,1.422264e-16,-1.058791e-22,4.396483e-14
1650,825.000000,4,2.906564e-13,1.422320e-16,1.875715e-20,2.099654e-12
1651,825.500000,4,2.908784e-13,1.896502e-16,-9.661470e-21,5.029532e-12
1652,826.000000,4,2.908784e-13,9.959058e-17,1.258307e-20,-1.045164e-12
1653,826.500000,4,2.908784e-13,1.422490e-16,-3.563494e-21,3.159695e-13
1654,827.000000,4,2.908784e-13,1.011066e-16,-1.235146e-20,2.283285e-12
1655,827.500000,4,2.911005e-13,9.484015e-17,1.174927e-20,6.683543e-14
1656,828.000000,4,2.906564e-13,1.422659e-16,6.729941e-21,8.928414e-13
1657,828.500000,4,2.904343e-13,1.454972e-16,-2.341583e-20,6.566081e-12
1658,829.000000,4,2.904343e-13,1.102628e-16,-8.774732e-21,1.248335e-12
1659,829.500000,4,2.906564e-13,9.485518e-17,-4.506480e-21,3.047784e-12
1660,830.000000,4,2.906564e-13,1.010581e-16,2.497424e-20,2.293721e-12
1661,830.500000,4,2.906564e-13,1.422940e-16,4.341044e-21,-1.470157e-12
1662,831.000000,4,2.904343e-13,1.500320e-16,3.176374e-22,-3.846035e-12
1663,831.500000,4,2.904343e-13,1.423053e-16,2.269453e-20,1.317613e-12
1664,832.000000,4,2.904343e-13,1.423109e-16,5.075580e-21,-1.511902e-12
1665,832.500000,4,2.902123e-13,1.469349e-16,8.576209e-21,8.499867e-13
1666,833.000000,4,2.902123e-13,9.488146e-17,7.279189e-21,1.546985e-12
1667,833.500000,4,2.904343e-13,1.186065e-16,1.723183e-20,4.551470e-12
1668,834.000000,4,2.904343e-13,1.186112e-16,1.268564e-20,1.555422e-12
1669,834.500000,4,2.904343e-13,1.331174e-16,-5.558654e-21,1.995959e-12
1670,835.000000,4,2.906564e-13,1.040375e-16,2.299562e-21,7.085443e-13
1671,835.500000,4,2.906564e-13,1.269768e-16,3.705769e-22,8.681944e-14
1672,836.000000,4,2.899903e-13,1.040209e-16,-1.304960e-20,1.090461e-12
1673,836.500000,4,2.899903e-13,1.131903e-16,-3.937380e-22,7.387424e-13
1674,837.000000,4,2.904343e-13,1.040044e-16,-8.870685e-21,3.495870e-12
1675,837.500000,4,2.902123e-13,1.024668e-16,5.092124e-21,-6.372680e-13
1676,838.000000,4,2.906564e-13,1.423784e-16,8.774732e-21,-9.008350e-13
1677,838.500000,4,2.904343e-13,1.423840e-16,3.679299e-21,-1.060041e-12
1678,839.000000,4,2.904343e-13,1.186580e-16,-3.705769e-21,8.335554e-13
1679,839.500000,4,2.902123e-13,1.192518e-16,1.226874e-20,7.114309e-13
1680,840.000000,4,2.902123e-13,1.424009e-16,-5.161607e-22,8.073542e-13
1681,840.500000,4,2.902123e-13,1.085325e-16,5.512332e-21,3.593126e-12
1682,841.000000,4,2.897682e-13,1.100524e-16,-2.328348e-20,3.975265e-12
1683,841.500000,4,2.899903e-13,1.424177e-16,-1.056475e-20,-5.608847e-13
1684,842.000000,4,2.904343e-13,9.494890e-17,3.606177e-20,-4.291678e-12
1685,842.500000,4,2.899903e-13,1.186908e-16,1.554769e-20,2.068123e-12
1686,843.000000,4,2.902123e-13,1.424346e-16,1.426059e-21,1.234124e-12
1687,843.500000,4,2.902123e-13,1.424402e-16,7.054196e-21,-3.402389e-12
1688,844.000000,4,2.899903e-13,1.405552e-16,5.284030e-21,1.674660e-12
1689,844.500000,4,2.902123e-13,1.899352e-16,-2.653595e-21,-5.988321e-12
1690,845.000000,4,2.899903e-13,1.424570e-16,1.588518e-20,2.321254e-12
1691,845.500000,4,2.897682e-13,1.424626e-16,1.925676e-21,3.497425e-12
1692,846.000000,4,2.902123e-13,1.008008e-16,1.673883e-20,2.457146e-12
1693,846.500000,4,2.902123e-13,1.069014e-16,-3.321957e-21,5.043077e-12
1694,847.000000,4,2.899903e-13,1.424794e-16,-7.113753e-21,1.089573e-12
1695,847.500000,4,2.897682e-13,1.206266e-16,2.134126e-21,3.379519e-12
1696,848.000000,4,2.902123e-13,1.424906e-16,1.650722e-20,-6.229017e-12
1697,848.500000,4,2.906564e-13,1.160273e-16,6.101284e-21,1.711298e-12
1698,849.000000,4,2.902123e-13,1.053322e-16,-1.189155e-20,-3.267164e-12
1699,849.500000,4,2.895462e-13,1.425074e-16,-1.149119e-20,6.784795e-12
1700,850.000000,4,2.899903e-13,1.425130e-16,-9.198248e-22,1.043610e-12
1701,850.500000,4,2.899903e-13,1.425186e-16,2.003762e-20,-4.418688e-13
1702,851.000000,4,2.899903e-13,9.614207e-17,-1.200405e-20,-3.799405e-12
1703,851.500000,4,2.902123e-13,1.281792e-16,1.164339e-20,-1.023626e-13
1704,852.000000,4,2.899903e-13,1.251173e-16,-3.010937e-21,-1.934009e-12
1705,852.500000,4,2.899903e-13,1.425410e-16,-4.513097e-21,-5.278000e-13
1706,853.000000,4,2.895462e-13,1.067903e-16,2.835575e-21,-3.261613e-12
1707,853.500000,4,2.899903e-13,1.425522e-16,-4.618977e-21,9.048540e-12
1708,854.000000,4,2.897682e-13,9.503853e-17,-1.036954e-20,-8.562040e-13
1709,854.500000,4,2.899903e-13,1.174412e-16,-7.140223e-21,9.989787e-13
1710,855.000000,4,2.902123e-13,1.425690e-16,-7.097210e-21,1.107114e-12
1711,855.500000,4,2.897682e-13,1.425745e-16,-1.108422e-20,4.021006e-12
1712,856.000000,4,2.899903e-13,1.067391e-16,-6.726633e-21,1.219691e-12
1713,856.500000,4,2.895462e-13,1.036811e-16,-4.480010e-21,4.683365e-12
1714,857.000000,4,2.897682e-13,1.189188e-16,-6.485096e-22,5.917489e-13
1715,857.500000,4,2.895462e-13,1.326295e-16,-6.495022e-21,3.199219e-12
1716,858.000000,4,2.895462e-13,1.188352e-16,1.409516e-21,1.123546e-12
1717,858.500000,4,2.895462e-13,1.426078e-16,8.437242e-21,2.854605e-12
1718,859.000000,4,2.899903e-13,1.426134e-16,-1.497197e-20,2.123857e-12
1719,859.500000,4,2.895462e-13,1.082033e-16,-4.298030e-21,3.028466e-12
1720,860.000000,4,2.899903e-13,9.508300e-17,-8.635766e-22,2.343903e-12
1721,860.500000,4,2.897682e-13,1.426301e-16,7.375142e-21,7.243539e-12
1722,861.000000,4,2.893241e-13,1.426356e-16,-1.948838e-21,6.430190e-12
1723,861.500000,4,2.899903e-13,1.081686e-16,-6.031801e-21,4.416467e-13
1724,862.000000,4,2.897682e-13,1.426467e-16,9.605221e-21,7.373213e-12
1725,862.500000,4,2.897682e-13,1.188769e-16,-1.287093e-21,4.364953e-12
1726,863.000000,4,2.895462e-13,1.426578e-16,2.312135e-20,-3.834266e-12
1727,863.500000,4,2.899903e-13,1.050880e-16,-1.188162e-20,-2.343681e-12
1728,864.000000,4,2.893241e-13,1.035567e-16,2.081517e-20,-2.661427e-12
1729,864.500000,4,2.899903e-13,1.426744e-16,1.975307e-21,-1.969758e-12
1730,865.000000,4,2.897682e-13,1.426800e-16,1.840311e-20,-2.061906e-12
1731,865.500000,4,2.893241e-13,1.189046e-16,-4.026715e-21,2.904343e-13
1732,866.000000,4,2.891021e-13,1.426911e-16,-7.444626e-21,2.830181e-12
1733,866.500000,4,2.897682e-13,1.426966e-16,-1.468742e-20,8.841816e-13
1734,867.000000,4,2.897682e-13,1.427021e-16,-2.266475e-21,-3.168577e-12
1735,867.500000,4,2.897682e-13,1.427077e-16,-6.359365e-21,1.339373e-12
1736,868.000000,4,2.897682e-13,1.427132e-16,-5.293956e-23,-1.176836e-12
1737,868.500000,4,2.897682e-13,9.891671e-17,1.902515e-20,5.748735e-13
1738,869.000000,4,2.897682e-13,1.189369e-16,4.175608e-21,-1.827205e-12
1739,869.500000,4,2.895462e-13,1.427298e-16,1.012800e-20,2.753575e-12
1740,870.000000,4,2.895462e-13,1.034573e-16,-3.573420e-22,-8.832934e-13
1741,870.500000,4,2.893241e-13,1.427409e-16,1.872737e-21,-2.094991e-12
1742,871.000000,4,2.897682e-13,1.427464e-16,-3.709078e-21,2.244871e-13
1743,871.500000,4,2.893241e-13,1.427520e-16,3.019209e-20,-9.701129e-13
1744,872.000000,4,2.897682e-13,9.517166e-17,8.172544e-22,-2.910561e-12
1745,872.500000,4,2.891021e-13,1.414364e-16,7.246102e-22,1.311840e-12
1746,873.000000,4,2.893241e-13,1.427686e-16,-1.316872e-20,-1.069145e-12
1747,873.500000,4,2.897682e-13,1.427741e-16,6.289881e-21,-1.042944e-12
1748,874.000000,4,2.895462e-13,1.427796e-16,-3.477467e-21,-4.105383e-12
1749,874.500000,4,2.895462e-13,1.427851e-16,-2.637052e-21,-1.699973e-12
1750,875.000000,4,2.895462e-13,1.427907e-16,-4.787721e-21,-1.530998e-12
1751,875.500000,4,2.895462e-13,9.519746e-17,8.834289e-22,4.374279e-14
1752,876.000000,4,2.895462e-13,1.428017e-16,1.193787e-20,2.832401e-12
1753,876.500000,4,2.893241e-13,1.190060e-16,-1.006844e-20,-4.762191e-12
1754,877.000000,4,2.893241e-13,1.428128e-16,3.269018e-21,1.564526e-12
1755,877.500000,4,2.891021e-13,1.398037e-16,3.388132e-21,-1.124878e-12
1756,878.000000,4,2.893241e-13,1.215587e-16,-8.572900e-21,4.503065e-12
1757,878.500000,4,2.897682e-13,1.428293e-16,-4.979627e-21,2.645661e-12
1758,879.000000,4,2.893241e-13,1.428349e-16,1.603076e-20,2.586154e-12
1759,879.500000,4,2.888800e-13,1.367207e-16,1.236470e-20,5.093925e-12
1760,880.000000,4,2.895462e-13,1.428459e-16,-1.196434e-20,-2.933653e-12
1761,880.500000,4,2.888800e-13,1.048025e-16,-7.272572e-21,1.203926e-12
1762,881.000000,4,2.891021e-13,1.428569e-16,-3.325266e-21,2.162936e-12
1763,881.500000,4,2.893241e-13,1.428624e-16,4.532950e-21,-3.974598e-14
1764,882.000000,4,2.893241e-13,1.184439e-16,7.338746e-21,-6.203260e-12
1765,882.500000,4,2.893241e-13,1.199529e-16,1.223235e-20,-2.327027e-13
1766,883.000000,4,2.897682e-13,1.229798e-16,1.492565e-20,8.613110e-13
1767,883.500000,4,2.891021e-13,1.190704e-16,1.103459e-20,2.313261e-12
1768,884.000000,4,2.888800e-13,9.715370e-17,1.522012e-22,-2.790435e-12
1769,884.500000,4,2.891021e-13,1.214324e-16,-1.461794e-20,-8.359979e-13
1770,885.000000,4,2.893241e-13,1.190842e-16,2.994394e-21,2.541967e-12
1771,885.500000,4,2.893241e-13,1.429066e-16,-2.105671e-20,4.343859e-12
1772,886.000000,4,2.891021e-13,9.527471e-17,1.089231e-20,2.606804e-13
1773,886.500000,4,2.895462e-13,1.429176e-16,-9.697866e-21,3.489653e-12
1774,887.000000,4,2.893241e-13,1.429231e-16,8.162618e-21,2.214673e-12
1775,887.500000,4,2.893241e-13,1.304773e-16,-1.189486e-20,3.687051e-12
1776,888.000000,4,2.893241e-13,1.191117e-16,2.413713e-20,-5.935030e-12
1777,888.500000,4,2.891021e-13,1.429396e-16,6.418922e-22,-1.985523e-12
1778,889.000000,4,2.895462e-13,1.429451e-16,1.439294e-20,2.008615e-12
1779,889.500000,4,2.891021e-13,9.530041e-17,7.924390e-21,-5.684342e-13
1780,890.000000,4,2.895462e-13,1.429561e-16,-1.478006e-20,2.712497e-12
1781,890.500000,4,2.888800e-13,1.191347e-16,1.471389e-20,-1.966649e-12
1782,891.000000,4,2.893241e-13,9.531141e-17,-4.602433e-21,1.103562e-12
1783,891.500000,4,2.888800e-13,1.429726e-16,1.079636e-20,-2.726042e-12
1784,892.000000,4,2.888800e-13,1.318995e-16,-1.430361e-20,3.440803e-12
1785,892.500000,4,2.893241e-13,1.906448e-16,2.103024e-20,4.225509e-13
1786,893.000000,4,2.895462e-13,1.429891e-16,9.297510e-21,4.228173e-12
1787,893.500000,4,2.893241e-13,1.429946e-16,1.547159e-20,2.079892e-12
1788,894.000000,4,2.891021e-13,1.430001e-16,-1.365179e-20,-1.813216e-12
1789,894.500000,4,2.884359e-13,1.906741e-16,-9.181705e-21,2.610578e-12
1790,895.000000,4,2.888800e-13,1.430111e-16,-1.257315e-21,-8.280043e-13
1791,895.500000,4,2.886580e-13,9.534440e-17,1.187831e-20,-1.733946e-12
1792,896.000000,4,2.886580e-13,1.430221e-16,-2.971233e-21,3.634870e-12
1793,896.500000,4,2.886580e-13,1.191897e-16,1.458154e-20,4.953815e-13
1794,897.000000,4,2.888800e-13,1.430331e-16,-2.630434e-21,3.555600e-12
1795,897.500000,4,2.891021e-13,1.430386e-16,-1.215294e-20,3.073541e-12
1796,898.000000,4,2.891021e-13,1.302585e-16,8.467021e-21,1.529887e-12
1797,898.500000,4,2.891021e-13,1.181320e-16,7.831746e-21,-2.464473e-12
1798,899.000000,4,2.888800e-13,1.430549e-16,1.037284e-20,2.816858e-12
1799,899.500000,4,2.886580e-13,1.430604e-16,7.342055e-21,2.202460e-12
1800,900.000000,4,2.888800e-13,1.271886e-16,-3.619742e-21,4.870104e-12
1801,900.500000,4,2.884359e-13,1.192261e-16,1.191140e-21,1.427081e-12
1802,901.000000,4,2.884359e-13,1.192306e-16,-4.059802e-21,2.632117e-12
1803,901.500000,4,2.888800e-13,1.180750e-16,5.555345e-21,9.392487e-14
1804,902.000000,4,2.888800e-13,1.430877e-16,-1.081952e-21,1.288525e-12
1805,902.500000,4,2.886580e-13,1.430931e-16,-1.808548e-20,-6.470380e-13
1806,903.000000,4,2.886580e-13,1.195593e-16,-1.717889e-20,-3.697487e-12
1807,903.500000,4,2.884359e-13,1.210627e-16,-1.123642e-20,-5.820677e-12
1808,904.000000,4,2.886580e-13,1.074343e-16,8.433934e-21,6.032952e-13
1809,904.500000,4,2.888800e-13,1.192625e-16,1.702999e-20,-2.673417e-13
1810,905.000000,4,2.888800e-13,9.541360e-17,3.028143e-20,1.656231e-12
1811,905.500000,4,2.891021e-13,1.431259e-16,2.541099e-21,4.269918e-12
1812,906.000000,4,2.886580e-13,1.431313e-16,1.093533e-20,-7.649437e-13
1813,906.500000,4,2.884359e-13,9.542450e-17,6.418922e-22,5.931922e-12
1814,907.000000,4,2.891021e-13,1.431422e-16,-1.682816e-20,5.495604e-13
1815,907.500000,4,2.888800e-13,1.572766e-16,-8.040196e-22,1.269873e-12
1816,908.000000,4,2.886580e-13,1.300447e-16,2.431911e-21,1.399991e-12
1817,908.500000,4,2.884359e-13,1.406180e-16,-1.559732e-20,6.752376e-13
1818,909.000000,4,2.888800e-13,1.431640e-16,-1.011146e-20,2.592593e-12
1819,909.500000,4,2.891021e-13,9.544628e-17,-1.665280e-20,-1.942002e-12
1820,910.000000,4,2.891021e-13,1.431749e-16,-9.386846e-21,-2.021716e-12
1821,910.500000,4,2.888800e-13,1.431803e-16,1.095849e-20,-3.131939e-12
1822,911.000000,4,2.886580e-13,1.431858e-16,1.575283e-20,3.174572e-12
1823,911.500000,4,2.888800e-13,9.546080e-17,-2.890500e-20,-9.907630e-13
1824,912.000000,4,2.891021e-13,1.722684e-16,7.047579e-21,-1.555422e-12
1825,912.500000,4,2.891021e-13,1.432021e-16,-6.190620e-21,-4.840350e-12
1826,913.000000,4,2.886580e-13,1.042500e-16,-5.575197e-21,3.581579e-12
1827,913.500000,4,2.888800e-13,1.057519e-16,1.293710e-21,1.753042e-12
1828,914.000000,4,2.886580e-13,1.027216e-16,7.547196e-21,-1.515899e-12
1829,914.500000,4,2.886580e-13,1.193282e-16,9.939402e-21,2.742251e-12
1830,915.000000,4,2.886580e-13,1.432293e-16,-1.296688e-20,1.074474e-12
1831,915.500000,4,2.888800e-13,1.432347e-16,1.522012e-22,7.247536e-13
1832,916.000000,4,2.888800e-13,1.432401e-16,-6.789498e-21,-6.683543e-14
1833,916.500000,4,2.884359e-13,1.432456e-16,-2.997703e-21,2.044143e-12
1834,917.000000,4,2.888800e-13,1.432510e-16,-8.685396e-21,-2.000844e-12
1835,917.500000,4,2.888800e-13,1.432564e-16,1.056144e-20,5.262679e-12
1836,918.000000,4,2.888800e-13,1.071800e-16,-1.551791e-21,-2.100542e-12
1837,918.500000,4,2.886580e-13,1.432673e-16,6.862290e-21,2.200684e-12
1838,919.000000,4,2.888800e-13,1.432727e-16,2.120229e-20,-4.658496e-13
1839,919.500000,4,2.884359e-13,1.432782e-16,-8.463712e-21,-1.679545e-12
1840,920.000000,4,2.884359e-13,1.267609e-16,-3.824883e-21,5.971001e-12
1841,920.500000,4,2.886580e-13,1.432890e-16,-5.945774e-21,2.518430e-12
1842,921.000000,4,2.882139e-13,1.086334e-16,5.929231e-21,1.330935e-12
1843,921.500000,4,2.888800e-13,1.432999e-16,-1.611348e-21,3.494982e-13
1844,922.000000,4,2.886580e-13,1.101232e-16,5.327043e-21,-3.992362e-13
1845,922.500000,4,2.888800e-13,1.433107e-16,5.032567e-21,-1.865175e-14
1846,923.000000,4,2.886580e-13,1.433161e-16,-3.275635e-22,-2.983169e-12
1847,923.500000,4,2.888800e-13,9.554771e-17,1.065078e-20,-1.436407e-12
1848,924.000000,4,2.888800e-13,1.025449e-16,-1.162023e-20,5.584866e-12
1849,924.500000,4,2.891021e-13,1.296779e-16,-1.099819e-20,6.629142e-12
1850,925.000000,4,2.886580e-13,1.433378e-16,-2.159603e-20,-2.325917e-12
1851,925.500000,4,2.891021e-13,9.950295e-17,6.766337e-21,-5.353495e-13
1852,926.000000,4,2.882139e-13,1.194572e-16,-3.834809e-21,7.125411e-13
1853,926.500000,4,2.882139e-13,1.433541e-16,-2.188058e-20,5.824896e-12
1854,927.000000,4,2.884359e-13,1.194663e-16,1.148788e-20,-1.462608e-12
1855,927.500000,4,2.886580e-13,1.433649e-16,3.109868e-20,4.070300e-12
1856,928.000000,4,2.884359e-13,1.433703e-16,7.156767e-21,6.026957e-12
1857,928.500000,4,2.891021e-13,1.115056e-16,6.650532e-21,3.271383e-12
1858,929.000000,4,2.882139e-13,1.433812e-16,1.822113e-20,-1.492362e-12
1859,929.500000,4,2.884359e-13,1.433866e-16,1.119672e-20,3.181011e-12
1860,930.000000,4,2.884359e-13,1.433920e-16,4.632211e-21,3.203882e-12
1861,930.500000,4,2.884359e-13,1.433974e-16,-1.214301e-21,-1.371347e-12
1862,931.000000,4,2.886580e-13,1.434028e-16,-1.568334e-21,5.061729e-12
1863,931.500000,4,2.882139e-13,1.434082e-16,-1.474367e-20,-2.068123e-12
1864,932.000000,4,2.888800e-13,1.434137e-16,9.105604e-21,3.046452e-12
1865,932.500000,4,2.888800e-13,1.023928e-16,4.496554e-21,-2.534639e-12
1866,933.000000,4,2.884359e-13,1.324967e-16,1.626568e-20,4.264589e-12
1867,933.500000,4,2.884359e-13,1.195249e-16,-1.389002e-20,6.952439e-12
1868,934.000000,4,2.886580e-13,1.434353e-16,1.252682e-20,-1.765255e-13
1869,934.500000,4,2.886580e-13,1.434407e-16,-1.161362e-21,-4.492851e-12
1870,935.000000,4,2.884359e-13,1.195384e-16,3.573420e-21,-2.275957e-13
1871,935.500000,4,2.888800e-13,1.008338e-16,2.420661e-20,4.179546e-12
1872,936.000000,4,2.884359e-13,1.912759e-16,-1.596459e-20,3.971934e-12
1873,936.500000,4,2.884359e-13,9.564155e-17,-5.323734e-21,1.359135e-12
1874,937.000000,4,2.882139e-13,1.434677e-16,1.353267e-21,2.362111e-12
1875,937.500000,4,2.888800e-13,1.434731e-16,-5.734016e-21,-4.376943e-12
1876,938.000000,4,2.879919e-13,1.434785e-16,9.989033e-21,4.429124e-12
1877,938.500000,4,2.882139e-13,1.434838e-16,1.357238e-20,2.473577e-13
1878,939.000000,4,2.882139e-13,1.203242e-16,-9.694557e-22,4.765299e-12
1879,939.500000,4,2.879919e-13,9.925868e-17,-1.353267e-20,2.734479e-12
1880,940.000000,4,2.886580e-13,1.434999e-16,8.165927e-21,9.829915e-13
1881,940.500000,4,2.884359e-13,1.022484e-16,2.377979e-20,4.874101e-12
1882,941.000000,4,2.886580e-13,1.232886e-16,1.373451e-20,3.644640e-12
1883,941.500000,4,2.886580e-13,9.922350e-17,1.251359e-20,1.540990e-12
1884,942.000000,4,2.886580e-13,1.196011e-16,2.498085e-21,5.539569e-12
1885,942.500000,4,2.882139e-13,1.913689e-16,1.035630e-21,1.402212e-12
1886,943.000000,4,2.882139e-13,1.142269e-16,1.210331e-20,-1.556533e-13
1887,943.500000,4,2.886580e-13,1.196144e-16,1.837003e-20,3.926193e-12
1888,944.000000,4,2.884359e-13,1.435427e-16,1.334739e-20,-1.127098e-12
1889,944.500000,4,2.884359e-13,1.111913e-16,-7.924390e-21,1.664668e-12
1890,945.000000,4,2.884359e-13,1.232010e-16,-7.739102e-21,3.495870e-12
1891,945.500000,4,2.884359e-13,1.435586e-16,2.812414e-22,4.163780e-12
1892,946.000000,4,2.884359e-13,1.021485e-16,3.235931e-21,2.849276e-12
1893,946.500000,4,2.884359e-13,1.435693e-16,1.283784e-21,8.242296e-12
1894,947.000000,4,2.884359e-13,1.435746e-16,-3.030790e-21,3.145706e-12
1895,947.500000,4,2.882139e-13,9.761584e-17,-7.252720e-21,-1.854961e-12
1896,948.000000,4,2.884359e-13,9.572350e-17,1.108422e-20,7.132073e-13
1897,948.500000,4,2.886580e-13,1.231242e-16,-1.047542e-20,6.811218e-12
1898,949.000000,4,2.879919e-13,1.435959e-16,6.018566e-21,1.082912e-12
1899,949.500000,4,2.882139e-13,1.196677e-16,-1.554769e-20,5.222933e-12
1900,950.000000,4,2.877698e-13,1.436065e-16,-3.444380e-21,-1.038281e-12
1901,950.500000,4,2.884359e-13,1.200782e-16,-3.308722e-21,-1.488809e-12
1902,951.000000,4,2.879919e-13,1.436172e-16,-2.739622e-21,3.347322e-12
1903,951.500000,4,2.886580e-13,1.200567e-16,7.133606e-21,6.385559e-12
1904,952.000000,4,2.886580e-13,1.436278e-16,-7.027726e-21,-1.487921e-12
1905,952.500000,4,2.882139e-13,1.196943e-16,2.888515e-21,1.572964e-12
1906,953.000000,4,2.882139e-13,1.436384e-16,-1.091878e-21,-1.538769e-12
1907,953.500000,4,2.879919e-13,1.020116e-16,1.046549e-20,9.743317e-13
1908,954.000000,4,2.882139e-13,1.197075e-16,9.750805e-21,5.320189e-13
1909,954.500000,4,2.882139e-13,1.436544e-16,1.206029e-20,-3.676170e-12
1910,955.000000,4,2.877698e-13,1.259804e-16,-6.954935e-21,8.859580e-13
1911,955.500000,4,2.882139e-13,1.169713e-16,-3.116817e-21,-3.241851e-13
1912,956.000000,4,2.884359e-13,1.004663e-16,1.795644e-20,1.025180e-11
1913,956.500000,4,2.882139e-13,1.197297e-16,5.383291e-21,-2.816858e-12
1914,957.000000,4,2.884359e-13,1.139413e-16,1.860164e-20,4.307665e-13
1915,957.500000,4,2.882139e-13,1.436862e-16,-3.848044e-21,5.001333e-12
1916,958.000000,4,2.884359e-13,1.436915e-16,8.529886e-21,3.729461e-12
1917,958.500000,4,2.882139e-13,1.244023e-16,5.896143e-21,6.685763e-12
1918,959.000000,4,2.882139e-13,1.034094e-16,1.238124e-20,8.890666e-13
1919,959.500000,4,2.879919e-13,1.437074e-16,-3.199535e-21,-6.794565e-14
1920,960.000000,4,2.879919e-13,1.348575e-16,1.386355e-20,1.249667e-12
1921,960.500000,4,2.884359e-13,1.138695e-16,1.246065e-20,3.815170e-12
1922,961.000000,4,2.884359e-13,1.437233e-16,1.690095e-20,1.757705e-12
1923,961.500000,4,2.879919e-13,1.048614e-16,-5.303882e-21,1.057376e-12
1924,962.000000,4,2.882139e-13,1.197783e-16,-1.146472e-20,3.631762e-12
1925,962.500000,4,2.882139e-13,1.168253e-16,-1.705316e-20,-1.593836e-12
1926,963.000000,4,2.884359e-13,1.287963e-16,-9.661470e-22,4.753531e-12
1927,963.500000,4,2.877698e-13,1.197915e-16,8.165927e-21,-1.424638e-12
1928,964.000000,4,2.882139e-13,1.212873e-16,-4.400601e-21,2.206679e-12
1929,964.500000,4,2.888800e-13,1.198004e-16,1.119341e-20,2.463363e-12
1930,965.000000,4,2.882139e-13,9.584383e-17,-7.295733e-21,5.582201e-12
1931,965.500000,4,2.884359e-13,1.077834e-16,2.207580e-20,1.239453e-12
1932,966.000000,4,2.882139e-13,9.879304e-17,2.733005e-21,1.036504e-12
1933,966.500000,4,2.879919e-13,1.198180e-16,8.228793e-21,-2.328360e-12
1934,967.000000,4,2.884359e-13,1.437869e-16,4.466775e-22,-1.342038e-12
1935,967.500000,4,2.879919e-13,1.167259e-16,-1.503153e-20,-1.266987e-12
1936,968.000000,4,2.882139e-13,1.437975e-16,-1.089562e-20,2.398526e-12
1937,968.500000,4,2.875478e-13,1.047364e-16,-2.252578e-20,-3.286260e-14
1938,969.000000,4,2.879919e-13,1.438081e-16,-1.842958e-21,2.528200e-12
1939,969.500000,4,2.875478e-13,9.587559e-17,-7.484330e-21,1.286082e-12
1940,970.000000,4,2.879919e-13,1.077019e-16,-1.015116e-20,-2.098322e-12
1941,970.500000,4,2.882139e-13,1.438240e-16,-6.150915e-21,2.346123e-12
1942,971.000000,4,2.879919e-13,9.588617e-17,-1.756601e-20,2.208456e-12
1943,971.500000,4,2.879919e-13,1.438345e-16,3.345118e-21,3.730349e-13
1944,972.000000,4,2.879919e-13,1.438398e-16,4.470084e-21,2.085443e-12
1945,972.500000,4,2.879919e-13,1.211144e-16,1.034638e-20,-3.597123e-14
1946,973.000000,4,2.882139e-13,1.438504e-16,1.295696e-20,-2.086775e-12
1947,973.500000,4,2.882139e-13,1.121245e-16,-1.316872e-21,-1.020961e-12
1948,974.000000,4,2.879919e-13,1.375280e-16,1.166986e-20,-3.737899e-12
1949,974.500000,4,2.879919e-13,1.016428e-16,4.046568e-21,-1.227907e-12
1950,975.000000,4,2.877698e-13,1.438715e-16,1.089231e-20,-5.708767e-12
1951,975.500000,4,2.879919e-13,1.438768e-16,-2.508012e-21,-1.258993e-12
1952,976.000000,4,2.877698e-13,1.438821e-16,1.250697e-21,3.431921e-12
1953,976.500000,4,2.877698e-13,1.344832e-16,-2.531173e-21,2.275957e-12
1954,977.000000,4,2.879919e-13,1.438927e-16,3.523789e-21,-2.143619e-12
1955,977.500000,4,2.877698e-13,1.075690e-16,-3.189608e-21,1.973977e-12
1956,978.000000,4,2.875478e-13,1.439032e-16,1.962072e-21,4.317879e-12
1957,978.500000,4,2.879919e-13,1.224892e-16,4.890292e-21,-1.620926e-12
1958,979.000000,4,2.877698e-13,1.439138e-16,2.123538e-20,-5.155432e-12
1959,979.500000,4,2.879919e-13,9.857286e-17,1.201066e-20,-1.111999e-12
1960,980.000000,4,2.877698e-13,1.433671e-16,1.786710e-21,4.169998e-13
1961,980.500000,4,2.875478e-13,1.463421e-16,1.954131e-20,-1.536993e-12
1962,981.000000,4,2.879919e-13,1.439349e-16,-2.379302e-20,-3.383960e-12
1963,981.500000,4,2.877698e-13,1.194436e-16,1.310916e-20,4.541700e-12
1964,982.000000,4,2.877698e-13,1.104764e-16,-1.836672e-20,2.533529e-12
1965,982.500000,4,2.877698e-13,1.199589e-16,-5.360130e-21,-1.896261e-13
1966,983.000000,4,2.879919e-13,1.403123e-16,-2.176147e-20,2.257305e-12
1967,983.500000,4,2.877698e-13,1.439613e-16,-2.792562e-21,1.640910e-12
1968,984.000000,4,2.877698e-13,1.199721e-16,-6.968169e-21,1.457501e-12
1969,984.500000,4,2.877698e-13,1.193859e-16,2.749548e-21,4.244605e-12
1970,985.000000,4,2.877698e-13,1.439771e-16,6.458626e-21,3.633094e-12
1971,985.500000,4,2.873257e-13,1.439823e-16,3.738856e-22,-8.930634e-13
1972,986.000000,4,2.875478e-13,1.439876e-16,7.411538e-21,-3.380407e-12
1973,986.500000,4,2.875478e-13,1.223314e-16,5.704238e-21,7.291945e-13
1974,987.000000,4,2.877698e-13,1.439982e-16,2.269784e-21,-3.117506e-13
1975,987.500000,4,2.875478e-13,1.178370e-16,-1.346650e-21,2.779554e-12
1976,988.000000,4,2.877698e-13,1.342340e-16,-9.300819e-21,1.968203e-12
1977,988.500000,4,2.877698e-13,1.440139e-16,3.715695e-21,2.540190e-13
1978,989.000000,4,2.875478e-13,1.200159e-16,9.793818e-21,-5.551115e-13
1979,989.500000,4,2.879919e-13,9.601625e-17,1.090224e-20,4.214407e-12
1980,990.000000,4,2.879919e-13,1.200247e-16,-3.113508e-21,-1.896483e-12
1981,990.500000,4,2.875478e-13,1.440348e-16,-5.456083e-21,-2.101208e-12
1982,991.000000,4,2.882139e-13,1.440401e-16,3.573420e-22,-1.095124e-12
1983,991.500000,4,2.875478e-13,1.073275e-16,1.076327e-20,1.662670e-12
1984,992.000000,4,2.879919e-13,1.440506e-16,2.386251e-20,2.114975e-12
1985,992.500000,4,2.884359e-13,1.440558e-16,-4.456849e-21,1.376677e-12
1986,993.000000,4,2.879919e-13,9.604068e-17,-9.072517e-21,1.289413e-12
1987,993.500000,4,2.877698e-13,9.835244e-17,5.906070e-21,8.939516e-13
1988,994.000000,4,2.875478e-13,1.440715e-16,-4.963084e-21,2.101430e-12
1989,994.500000,4,2.877698e-13,1.440767e-16,-2.316106e-21,1.800116e-12
1990,995.000000,4,2.877698e-13,1.147174e-16,-2.726387e-21,-2.203571e-12
1991,995.500000,4,2.875478e-13,9.683171e-17,5.823352e-21,4.090062e-13
1992,996.000000,4,2.875478e-13,1.072513e-16,5.260869e-21,-4.247713e-13
1993,996.500000,4,2.875478e-13,1.251167e-16,-3.020864e-21,-4.292788e-12
1994,997.000000,4,2.875478e-13,1.200857e-16,2.418345e-20,1.790790e-12
1995,997.500000,4,2.875478e-13,1.236078e-16,9.668087e-21,3.317568e-12
1996,998.000000,4,2.877698e-13,1.429568e-16,3.407984e-22,-3.718137e-12
1997,998.500000,4,2.873257e-13,1.200988e-16,-3.196226e-21,3.161471e-12
1998,999.000000,4,2.875478e-13,1.441238e-16,1.909133e-21,6.881162e-13
1999,999.500000,4,2.875478e-13,1.201075e-16,-7.431391e-21,-5.026202e-12
2000,1000.000000,4,2.877698e-13,1.441342e-16,9.585369e-21,-8.257839e-13
2001,1000.500000,4,2.873257e-13,1.339696e-16,-7.993873e-21,-1.589839e-12
2002,1001.000000,4,2.877698e-13,1.201205e-16,-1.069710e-20,1.140421e-12
2003,1001.500000,4,2.875478e-13,1.441499e-16,-1.330106e-21,7.595702e-12
2004,1002.000000,4,2.873257e-13,1.131034e-16,6.508257e-21,5.680567e-12
2005,1002.500000,4,2.871037e-13,1.249992e-16,1.076989e-20,-2.693623e-12
2006,1003.000000,4,2.877698e-13,1.441655e-16,1.214301e-20,8.664180e-13
2007,1003.500000,4,2.879919e-13,1.441707e-16,-2.144052e-21,2.027933e-12
2008,1004.000000,4,2.875478e-13,1.279455e-16,1.079967e-20,1.462608e-12
2009,1004.500000,4,2.877698e-13,1.441812e-16,2.112619e-20,2.725598e-12
2010,1005.000000,4,2.877698e-13,1.201553e-16,1.117356e-20,-1.416645e-12
2011,1005.500000,4,2.873257e-13,1.201597e-16,-1.892589e-20,2.180256e-12
2012,1006.000000,4,2.873257e-13,1.201640e-16,-2.299562e-21,2.427392e-12
2013,1006.500000,4,2.873257e-13,1.189729e-16,7.126988e-21,1.804112e-12
2014,1007.000000,4,2.873257e-13,1.442073e-16,9.320671e-21,-1.860734e-12
2015,1007.500000,4,2.877698e-13,1.174675e-16,4.251708e-21,5.867529e-12
2016,1008.000000,4,2.875478e-13,1.442177e-16,4.807574e-21,4.040768e-12
2017,1008.500000,4,2.873257e-13,1.442229e-16,-3.331884e-21,-6.592504e-13
2018,1009.000000,4,2.873257e-13,1.129805e-16,5.436231e-21,3.375078e-12
2019,1009.500000,4,2.873257e-13,9.615555e-17,-1.241433e-20,5.919709e-13
2020,1010.000000,4,2.875478e-13,1.129630e-16,-1.057799e-20,-1.645128e-12
2021,1010.500000,4,2.875478e-13,1.070093e-16,1.446904e-20,1.926015e-12
2022,1011.000000,4,2.875478e-13,1.159178e-16,1.702669e-20,3.705480e-12
2023,1011.500000,4,2.877698e-13,9.807676e-17,-9.687939e-21,2.546852e-12
2024,1012.000000,4,2.868816e-13,1.202161e-16,-1.818143e-20,2.230216e-12
2025,1012.500000,4,2.875478e-13,1.248057e-16,-3.738856e-21,4.607204e-12
2026,1013.000000,4,2.871037e-13,1.442698e-16,-7.610062e-23,8.659740e-13
2027,1013.500000,4,2.873257e-13,1.442750e-16,1.341356e-20,-2.285061e-12
2028,1014.000000,4,2.877698e-13,1.054662e-16,5.585123e-21,2.286171e-12
2029,1014.500000,4,2.875478e-13,1.923805e-16,1.605392e-20,-8.797407e-13
2030,1015.000000,4,2.875478e-13,1.514916e-16,2.220153e-21,1.805667e-12
2031,1015.500000,4,2.873257e-13,1.442958e-16,1.072026e-20,6.042056e-12
2032,1016.000000,4,2.875478e-13,1.202508e-16,1.912442e-21,1.491696e-12
2033,1016.500000,4,2.875478e-13,1.336383e-16,-3.182991e-21,2.368772e-12
2034,1017.000000,4,2.873257e-13,1.158110e-16,7.236176e-21,-1.443290e-12
2035,1017.500000,4,2.871037e-13,1.068942e-16,2.854435e-20,3.086420e-13
2036,1018.000000,4,2.875478e-13,1.443218e-16,2.898441e-21,-1.413758e-12
2037,1018.500000,4,2.875478e-13,1.202376e-16,-8.546430e-21,-3.627987e-12
2038,1019.000000,4,2.871037e-13,1.202768e-16,-4.337735e-21,1.697975e-12
2039,1019.500000,4,2.875478e-13,1.443374e-16,-8.086518e-21,-2.144951e-13
2040,1020.000000,4,2.871037e-13,1.443426e-16,5.184768e-21,-8.424372e-13
2041,1020.500000,4,2.875478e-13,1.443478e-16,1.099158e-20,-9.996448e-13
2042,1021.000000,4,2.877698e-13,1.246426e-16,-5.264177e-21,6.244338e-12
2043,1021.500000,4,2.871037e-13,1.202985e-16,4.152447e-21,5.069278e-13
2044,1022.000000,4,2.871037e-13,9.624225e-17,-3.669373e-21,-3.798739e-12
2045,1022.500000,4,2.871037e-13,1.290628e-16,-8.523269e-21,-1.422862e-12
2046,1023.000000,4,2.873257e-13,1.320189e-16,-1.259631e-20,7.195355e-12
2047,1023.500000,4,2.873257e-13,1.364577e-16,-1.045556e-21,2.966960e-12
2048,1024.000000,4,2.871037e-13,1.443842e-16,1.328121e-20,5.095480e-12
2049,1024.500000,4,2.873257e-13,1.203245e-16,2.342575e-21,5.605294e-12
2050,1025.000000,4,2.873257e-13,1.245606e-16,-7.232867e-21,9.601209e-13
2051,1025.500000,4,2.875478e-13,1.443997e-16,5.095433e-22,6.887824e-13
2052,1026.000000,4,2.871037e-13,1.037830e-16,-3.318649e-21,2.415401e-12
2053,1026.500000,4,2.873257e-13,1.482488e-16,5.029258e-22,-1.386891e-12
2054,1027.000000,4,2.875478e-13,1.423067e-16,5.360130e-21,1.168399e-12
2055,1027.500000,4,2.871037e-13,9.628032e-17,-3.639595e-22,1.509015e-12
2056,1028.000000,4,2.873257e-13,1.067118e-16,6.197237e-21,4.955591e-12
2057,1028.500000,4,2.866596e-13,1.067026e-16,6.064888e-21,5.802470e-12
2058,1029.000000,4,2.871037e-13,1.444360e-16,-9.684631e-21,4.371170e-12
2059,1029.500000,4,2.868816e-13,1.185380e-16,3.179682e-21,-2.391864e-12
2060,1030.000000,4,2.873257e-13,1.444464e-16,-1.234153e-20,7.118750e-13
2061,1030.500000,4,2.875478e-13,1.214803e-16,5.145063e-21,-7.545076e-13
2062,1031.000000,4,2.873257e-13,9.776833e-17,9.214792e-21,2.497114e-12
2063,1031.500000,4,2.871037e-13,9.630797e-17,-1.019087e-21,2.902123e-12
2064,1032.000000,4,2.875478e-13,1.444671e-16,4.496554e-21,1.699973e-12
2065,1032.500000,4,2.875478e-13,9.631488e-17,8.718484e-21,5.798473e-12
2066,1033.000000,4,2.875478e-13,1.243888e-16,6.954935e-21,5.959677e-12
2067,1033.500000,4,2.871037e-13,1.021675e-16,-6.686928e-21,9.539480e-12
2068,1034.000000,4,2.868816e-13,1.332502e-16,5.763795e-21,-5.244249e-12
2069,1034.500000,4,2.873257e-13,1.926574e-16,-3.027481e-21,3.653522e-12
2070,1035.000000,4,2.868816e-13,1.184236e-16,-4.427071e-21,2.648548e-12
2071,1035.500000,4,2.871037e-13,1.036114e-16,-1.419442e-21,3.130829e-13
2072,1036.000000,4,2.873257e-13,1.445085e-16,-7.696088e-21,2.904788e-12
2073,1036.500000,4,2.873257e-13,1.154321e-16,4.585889e-21,3.650413e-13
2074,1037.000000,4,2.873257e-13,1.095027e-16,3.662756e-21,-3.387068e-12
2075,1037.500000,4,2.873257e-13,1.598005e-16,5.644681e-21,5.937029e-12
2076,1038.000000,4,2.873257e-13,1.204409e-16,3.705769e-21,1.625367e-12
2077,1038.500000,4,2.871037e-13,1.553337e-16,9.214792e-21,1.187495e-12
2078,1039.000000,4,2.868816e-13,1.360896e-16,2.283018e-22,-6.883383e-13
2079,1039.500000,4,2.873257e-13,1.445446e-16,1.518373e-20,4.446221e-12
2080,1040.000000,4,2.875478e-13,1.445497e-16,-1.097834e-20,-7.425172e-13
2081,1040.500000,4,2.868816e-13,1.927398e-16,-5.287338e-21,1.250555e-12
2082,1041.000000,4,2.868816e-13,1.445600e-16,3.884440e-21,2.650324e-12
2083,1041.500000,4,2.873257e-13,1.445651e-16,-1.064416e-20,-3.947953e-13
2084,1042.000000,4,2.871037e-13,1.445703e-16,1.067725e-20,2.069012e-12
2085,1042.500000,4,2.871037e-13,1.182637e-16,-2.273092e-21,3.113065e-13
2086,1043.000000,4,2.875478e-13,1.445806e-16,-6.683619e-21,-8.455459e-13
2087,1043.500000,4,2.871037e-13,1.418905e-16,6.356056e-21,-1.597389e-12
2088,1044.000000,4,2.873257e-13,1.418775e-16,-3.090347e-21,-1.386002e-12
2089,1044.500000,4,2.871037e-13,1.123094e-16,1.258638e-20,3.138823e-12
2090,1045.000000,4,2.873257e-13,1.205009e-16,4.751325e-21,-6.310508e-13
2091,1045.500000,4,2.868816e-13,1.446063e-16,8.470329e-22,-1.125766e-12
2092,1046.000000,4,2.866596e-13,1.270519e-16,-1.244741e-20,1.672440e-12
2093,1046.500000,4,2.871037e-13,1.446165e-16,6.845747e-21,8.406609e-12
2094,1047.000000,4,2.866596e-13,9.641445e-17,1.096511e-20,5.204726e-12
2095,1047.500000,4,2.868816e-13,1.033857e-16,1.409185e-20,-6.146639e-12
2096,1048.000000,4,2.871037e-13,9.642130e-17,-8.695323e-21,-3.355094e-12
2097,1048.500000,4,2.868816e-13,1.476666e-16,-2.163904e-21,1.157296e-12
2098,1049.000000,4,2.866596e-13,1.240284e-16,-9.006343e-21,4.702905e-13
2099,1049.500000,4,2.871037e-13,1.446474e-16,-2.048099e-21,-1.812328e-12
2100,1050.000000,4,2.868816e-13,1.205437e-16,5.426305e-21,-1.555200e-12
2101,1050.500000,4,2.873257e-13,1.062804e-16,1.895567e-20,2.858602e-12
2102,1051.000000,4,2.866596e-13,1.166024e-16,7.312277e-21,4.487521e-12
2103,1051.500000,4,2.868816e-13,1.446679e-16,-8.897155e-21,4.498180e-12
2104,1052.000000,4,2.866596e-13,1.205608e-16,-2.696609e-21,-1.291411e-12
2105,1052.500000,4,2.868816e-13,1.180453e-16,7.444626e-21,-3.669953e-12
2106,1053.000000,4,2.871037e-13,1.180342e-16,1.329776e-20,-2.923883e-12
2107,1053.500000,4,2.873257e-13,1.446884e-16,9.462946e-22,-1.665779e-12
2108,1054.000000,4,2.875478e-13,1.446935e-16,-2.115266e-20,2.142286e-12
2109,1054.500000,4,2.871037e-13,9.882582e-17,3.355045e-21,3.459455e-12
2110,1055.000000,4,2.868816e-13,1.061909e-16,1.161692e-20,1.657341e-12
2111,1055.500000,4,2.871037e-13,1.253524e-16,1.353267e-21,-2.190248e-12
2112,1056.000000,4,2.866596e-13,1.533580e-16,-9.833523e-21,-1.851852e-12
2113,1056.500000,4,2.864375e-13,1.447191e-16,9.496033e-21,2.807088e-12
2114,1057.000000,4,2.868816e-13,1.447242e-16,-2.117582e-20,-4.220180e-12
2115,1057.500000,4,2.866596e-13,1.267793e-16,-8.457095e-21,2.964295e-12
2116,1058.000000,4,2.868816e-13,1.547740e-16,-4.503171e-21,-5.796696e-12
2117,1058.500000,4,2.864375e-13,1.090685e-16,-8.040196e-21,-7.622791e-12
2118,1059.000000,4,2.866596e-13,1.237958e-16,-2.018321e-22,-4.054534e-13
2119,1059.500000,4,2.866596e-13,1.591509e-16,-8.493491e-21,-1.470823e-12
2120,1060.000000,4,2.873257e-13,1.447547e-16,3.834809e-21,-2.362555e-12
2121,1060.500000,4,2.864375e-13,1.208138e-16,5.595050e-21,-2.006839e-12
2122,1061.000000,4,2.866596e-13,1.090167e-16,-1.297019e-21,4.912515e-12
2123,1061.500000,4,2.862155e-13,1.206416e-16,1.195441e-20,3.356870e-12
2124,1062.000000,4,2.866596e-13,1.206458e-16,1.155075e-20,5.928591e-13
2125,1062.500000,4,2.866596e-13,1.447801e-16,1.823106e-21,-5.322853e-12
2126,1063.000000,4,2.871037e-13,1.447852e-16,-8.222175e-21,3.625544e-12
2127,1063.500000,4,2.871037e-13,1.207446e-16,1.833694e-20,6.258993e-12
2128,1064.000000,4,2.871037e-13,1.339843e-16,7.322203e-21,-2.976286e-12
2129,1064.500000,4,2.866596e-13,1.324992e-16,-8.106370e-22,-1.306066e-12
2130,1065.000000,4,2.871037e-13,1.030451e-16,7.179928e-21,4.407585e-12
2131,1065.500000,4,2.868816e-13,1.448105e-16,4.489936e-21,1.267431e-12
2132,1066.000000,4,2.868816e-13,1.059689e-16,3.235931e-21,-4.073186e-12
2133,1066.500000,4,2.862155e-13,1.448207e-16,5.849821e-21,-2.131628e-14
2134,1067.000000,4,2.871037e-13,1.309641e-16,-2.024276e-20,-2.133405e-12
2135,1067.500000,4,2.868816e-13,9.655390e-17,-9.694557e-22,-7.505108e-14
2136,1068.000000,4,2.868816e-13,9.655728e-17,5.988788e-22,3.165468e-12
2137,1068.500000,4,2.866596e-13,1.323973e-16,-1.627230e-20,-2.431388e-12
2138,1069.000000,4,2.868816e-13,1.382683e-16,5.512332e-21,-3.317346e-13
2139,1069.500000,4,2.862155e-13,1.448511e-16,-1.448890e-20,3.201883e-12
2140,1070.000000,4,2.862155e-13,1.448562e-16,-4.092890e-21,1.607603e-13
2141,1070.500000,4,2.864375e-13,1.499922e-16,8.824363e-21,-2.529976e-12
2142,1071.000000,4,2.864375e-13,1.207220e-16,-3.732239e-21,3.415046e-13
2143,1071.500000,4,2.868816e-13,1.207262e-16,1.728477e-20,-8.752998e-13
2144,1072.000000,4,2.866596e-13,1.675896e-16,6.346130e-21,-4.725109e-13
2145,1072.500000,4,2.868816e-13,1.448816e-16,1.102135e-20,-2.837730e-13
2146,1073.000000,4,2.868816e-13,1.175839e-16,1.740388e-21,3.868461e-12
2147,1073.500000,4,2.868816e-13,1.207431e-16,1.750645e-20,-3.245404e-12
2148,1074.000000,4,2.868816e-13,1.381342e-16,-4.327809e-21,2.209344e-12
2149,1074.500000,4,2.871037e-13,1.439982e-16,-8.615913e-21,2.486900e-14
2150,1075.000000,4,2.866596e-13,1.449069e-16,-1.338709e-20,3.459455e-13
2151,1075.500000,4,2.866596e-13,1.057740e-16,-8.926933e-21,5.588419e-12
2152,1076.000000,4,2.864375e-13,1.449170e-16,-4.612359e-21,2.350120e-12
2153,1076.500000,4,2.868816e-13,1.468796e-16,-7.424773e-21,-1.083578e-13
2154,1077.000000,4,2.864375e-13,1.733010e-16,-1.083607e-20,1.521450e-12
2155,1077.500000,4,2.868816e-13,1.233547e-16,-4.513097e-21,6.532552e-13
2156,1078.000000,4,2.868816e-13,1.449373e-16,5.710855e-21,2.597922e-12
2157,1078.500000,4,2.862155e-13,1.207853e-16,-1.050850e-20,1.603162e-13
2158,1079.000000,4,2.866596e-13,9.663159e-17,3.060568e-21,1.718625e-12
2159,1079.500000,4,2.866596e-13,1.086271e-16,-1.345657e-20,4.025225e-12
2160,1080.000000,4,2.862155e-13,1.467789e-16,1.047211e-20,4.788614e-12
2161,1080.500000,4,2.866596e-13,1.100735e-16,4.675225e-21,2.036149e-12
2162,1081.000000,4,2.866596e-13,1.208064e-16,-4.701695e-21,-1.061373e-12
2163,1081.500000,4,2.864375e-13,1.449727e-16,9.065900e-21,-1.408651e-12
2164,1082.000000,4,2.866596e-13,1.364522e-16,2.006740e-20,1.303402e-12
2165,1082.500000,4,2.864375e-13,1.449828e-16,1.116032e-20,1.844302e-12
2166,1083.000000,4,2.871037e-13,1.085544e-16,-7.242793e-21,1.215028e-12
2167,1083.500000,4,2.868816e-13,1.208274e-16,7.742411e-22,-5.618173e-12
2168,1084.000000,4,2.864375e-13,9.666531e-17,-9.654852e-21,1.332268e-14
2169,1084.500000,4,2.866596e-13,1.450030e-16,-2.779327e-21,2.740919e-12
2170,1085.000000,4,2.868816e-13,1.450080e-16,-8.741645e-21,7.793322e-12
2171,1085.500000,4,2.864375e-13,1.450131e-16,-1.996152e-20,1.184830e-12
2172,1086.000000,4,2.862155e-13,1.172908e-16,-4.212004e-21,-5.657697e-13
2173,1086.500000,4,2.864375e-13,1.208526e-16,-7.467787e-21,1.810996e-12
2174,1087.000000,4,2.866596e-13,1.465866e-16,1.447566e-20,1.019185e-12
2175,1087.500000,4,2.859935e-13,1.407102e-16,-2.719770e-21,-5.121681e-12
2176,1088.000000,4,2.866596e-13,1.450382e-16,3.176374e-22,-1.947331e-12
2177,1088.500000,4,2.864375e-13,1.172371e-16,-1.010153e-20,-6.696865e-13
2178,1089.000000,4,2.866596e-13,1.479984e-16,1.920052e-20,1.962874e-13
2179,1089.500000,4,2.871037e-13,1.208777e-16,-1.101474e-20,1.497025e-12
2180,1090.000000,4,2.871037e-13,1.450583e-16,5.131829e-21,-2.489564e-12
2181,1090.500000,4,2.868816e-13,1.333088e-16,1.800607e-20,5.315748e-13
2182,1091.000000,4,2.862155e-13,1.450683e-16,-1.086254e-20,4.810818e-12
2183,1091.500000,4,2.862155e-13,1.450734e-16,3.666064e-21,1.758593e-12
2184,1092.000000,4,2.864375e-13,1.450784e-16,-1.453522e-20,6.503242e-12
2185,1092.500000,4,2.866596e-13,1.450834e-16,9.621765e-21,2.231992e-12
2186,1093.000000,4,2.873257e-13,9.672561e-17,8.242028e-21,2.010392e-12
2187,1093.500000,4,2.862155e-13,1.450934e-16,-1.215625e-20,-6.132872e-13
2188,1094.000000,4,2.864375e-13,1.934646e-16,-9.400080e-21,7.536194e-13
2189,1094.500000,4,2.862155e-13,1.024714e-16,3.249165e-21,9.672263e-13
2190,1095.000000,4,2.868816e-13,1.507659e-16,2.861714e-20,2.231104e-12
2191,1095.500000,4,2.871037e-13,1.112348e-16,8.033578e-21,-1.250999e-12
2192,1096.000000,4,2.868816e-13,1.451185e-16,-3.639595e-22,8.331114e-13
2193,1096.500000,4,2.864375e-13,1.214584e-16,-9.055973e-21,8.681944e-13
2194,1097.000000,4,2.862155e-13,1.451286e-16,7.447934e-21,4.520828e-12
2195,1097.500000,4,2.868816e-13,1.209446e-16,-1.010815e-20,-2.685852e-12
2196,1098.000000,4,2.864375e-13,1.345927e-16,4.532950e-21,2.283951e-12
2197,1098.500000,4,2.864375e-13,1.287294e-16,7.216324e-21,1.966871e-12
2198,1099.000000,4,2.866596e-13,1.451486e-16,-2.904727e-20,2.393641e-12
2199,1099.500000,4,2.866596e-13,9.676908e-17,-1.161031e-20,3.482103e-12
2200,1100.000000,4,2.862155e-13,1.286952e-16,-1.072357e-20,6.834533e-12
2201,1100.500000,4,2.866596e-13,1.209697e-16,5.413070e-21,-4.964917e-13
2202,1101.000000,4,2.866596e-13,1.549918e-16,8.536504e-22,1.048939e-12
2203,1101.500000,4,2.864375e-13,1.169646e-16,-1.232168e-20,3.513634e-12
2204,1102.000000,4,2.868816e-13,1.081828e-16,1.684140e-21,6.106227e-13
2205,1102.500000,4,2.864375e-13,1.209864e-16,2.706535e-21,6.169287e-12
2206,1103.000000,4,2.862155e-13,1.451887e-16,4.632211e-22,4.329870e-13
2207,1103.500000,4,2.866596e-13,1.451937e-16,-2.957005e-20,6.941558e-12
2208,1104.000000,4,2.859935e-13,1.209989e-16,3.427836e-21,2.272404e-12
2209,1104.500000,4,2.866596e-13,1.052126e-16,-3.381514e-21,3.045564e-12
2210,1105.000000,4,2.866596e-13,1.452087e-16,-3.636286e-21,-4.516387e-13
2211,1105.500000,4,2.864375e-13,1.051942e-16,-1.270549e-21,-3.335110e-12
2212,1106.000000,4,2.866596e-13,1.452187e-16,-8.536504e-22,-2.721823e-12
2213,1106.500000,4,2.866596e-13,1.452237e-16,-1.070372e-20,-1.838529e-13
2214,1107.000000,4,2.871037e-13,1.197731e-16,-8.298276e-21,5.608847e-13
2215,1107.500000,4,2.864375e-13,1.270652e-16,6.038418e-21,-5.106582e-12
2216,1108.000000,4,2.862155e-13,1.452388e-16,2.423308e-20,2.442935e-12
2217,1108.500000,4,2.864375e-13,1.210365e-16,-8.890537e-21,5.808243e-12
2218,1109.000000,4,2.866596e-13,1.401732e-16,1.659324e-20,9.516832e-13
2219,1109.500000,4,2.864375e-13,1.518410e-16,4.552802e-21,-1.630251e-12
2220,1110.000000,4,2.866596e-13,1.210490e-16,1.164339e-20,3.455014e-13
2221,1110.500000,4,2.866596e-13,1.284585e-16,-3.103582e-21,3.877343e-12
2222,1111.000000,4,2.866596e-13,1.196896e-16,3.209461e-21,4.420464e-12
2223,1111.500000,4,2.866596e-13,1.210615e-16,-5.790264e-22,1.889155e-12
2224,1112.000000,4,2.868816e-13,1.196688e-16,1.034307e-20,-7.398970e-12
2225,1112.500000,4,2.866596e-13,1.452838e-16,-7.765572e-21,-1.104894e-12
2226,1113.000000,4,2.866596e-13,1.050568e-16,1.260623e-21,5.662137e-12
2227,1113.500000,4,2.862155e-13,1.210781e-16,-1.419442e-20,2.397194e-12
2228,1114.000000,4,2.868816e-13,1.210823e-16,1.631200e-20,1.808775e-12
2229,1114.500000,4,2.866596e-13,1.210865e-16,-1.730462e-21,-2.553069e-12
2230,1115.000000,4,2.868816e-13,1.196066e-16,2.502387e-20,-1.101341e-12
2231,1115.500000,4,2.862155e-13,1.210948e-16,8.248645e-21,-2.779998e-12
2232,1116.000000,4,2.862155e-13,1.239611e-16,4.489936e-21,3.723688e-12
2233,1116.500000,4,2.866596e-13,1.210339e-16,-2.547716e-22,-7.549517e-15
2234,1117.000000,4,2.868816e-13,1.035261e-16,6.673693e-21,3.662404e-12
2235,1117.500000,4,2.866596e-13,1.453337e-16,1.012800e-20,4.430678e-12
2236,1118.000000,4,2.868816e-13,1.341233e-16,6.180694e-21,6.057377e-13
2237,1118.500000,4,2.864375e-13,1.034993e-16,6.485096e-21,-1.604494e-12
2238,1119.000000,4,2.864375e-13,1.005752e-16,-6.266720e-21,-5.357936e-12
2239,1119.500000,4,2.864375e-13,1.282588e-16,-1.072026e-20,-2.235545e-12
2240,1120.000000,4,2.864375e-13,1.453587e-16,2.493453e-20,1.772804e-12
2241,1120.500000,4,2.866596e-13,1.267795e-16,1.804246e-20,-2.869704e-12
2242,1121.000000,4,2.864375e-13,1.253115e-16,1.428706e-20,-3.876899e-13
2243,1121.500000,4,2.866596e-13,1.180158e-16,-8.073283e-22,-3.388401e-12
2244,1122.000000,4,2.868816e-13,1.092645e-16,1.824099e-20,-3.138378e-12
2245,1122.500000,4,2.864375e-13,1.453836e-16,-1.662302e-20,1.305622e-12
2246,1123.000000,4,2.868816e-13,1.165288e-16,6.716707e-22,4.096279e-12
2247,1123.500000,4,2.864375e-13,1.453936e-16,-1.396612e-20,-6.775913e-12
2248,1124.000000,4,2.866596e-13,1.453986e-16,-5.876291e-21,-2.306155e-12
2249,1124.500000,4,2.866596e-13,1.454036e-16,-5.317117e-21,3.641087e-12
2250,1125.000000,4,2.864375e-13,1.164889e-16,1.538556e-21,-9.769963e-15
2251,1125.500000,4,2.871037e-13,1.485107e-16,1.326467e-20,7.416290e-14
2252,1126.000000,4,2.866596e-13,9.694568e-17,1.001219e-20,3.045120e-12
2253,1126.500000,4,2.868816e-13,9.694900e-17,4.006863e-21,-5.941914e-13
2254,1127.000000,4,2.864375e-13,1.513838e-16,1.392972e-21,-5.183409e-12
2255,1127.500000,4,2.864375e-13,1.251721e-16,-8.430625e-21,1.291411e-12
2256,1128.000000,4,2.866596e-13,1.018756e-16,-1.562710e-20,-1.138645e-12
2257,1128.500000,4,2.868816e-13,1.454434e-16,-6.640606e-21,-2.956746e-12
2258,1129.000000,4,2.866596e-13,1.076787e-16,-3.166447e-21,-6.425971e-13
2259,1129.500000,4,2.866596e-13,1.454534e-16,-1.722521e-20,4.172662e-12
2260,1130.000000,4,2.866596e-13,1.212153e-16,2.057694e-20,-2.548184e-12
2261,1130.500000,4,2.862155e-13,1.367461e-16,6.180694e-21,5.540457e-12
2262,1131.000000,4,2.862155e-13,1.212236e-16,4.337735e-21,1.332268e-14
2263,1131.500000,4,2.864375e-13,1.047239e-16,1.244080e-21,4.091838e-12
2264,1132.000000,4,2.862155e-13,1.338024e-16,3.143286e-22,4.791723e-13
2265,1132.500000,4,2.866596e-13,1.090688e-16,-1.232499e-20,2.402967e-12
2266,1133.000000,4,2.866596e-13,1.212402e-16,-8.516652e-21,1.753264e-12
2267,1133.500000,4,2.866596e-13,1.177743e-16,-1.724175e-20,4.929834e-12
2268,1134.000000,4,2.864375e-13,1.454982e-16,1.524328e-20,4.011458e-12
2269,1134.500000,4,2.859935e-13,1.212526e-16,-1.323489e-22,2.749356e-12
2270,1135.000000,4,2.866596e-13,1.061153e-16,-1.352606e-20,4.946266e-12
2271,1135.500000,4,2.862155e-13,1.017457e-16,1.025704e-20,5.790479e-12
2272,1136.000000,4,2.866596e-13,1.191778e-16,3.120125e-21,4.181100e-12
2273,1136.500000,4,2.864375e-13,1.133546e-16,1.042909e-20,1.306066e-12
2274,1137.000000,4,2.864375e-13,1.496735e-16,-9.965872e-21,2.355893e-12
2275,1137.500000,4,2.862155e-13,1.525669e-16,2.031556e-21,2.075673e-12
2276,1138.000000,4,2.866596e-13,1.017027e-16,7.160075e-21,1.030287e-13
2277,1138.500000,4,2.866596e-13,1.104107e-16,-1.893251e-20,3.720135e-12
2278,1139.000000,4,2.859935e-13,1.220226e-16,3.960541e-21,-1.693756e-12
2279,1139.500000,4,2.868816e-13,1.162021e-16,2.508012e-21,1.219469e-12
2280,1140.000000,4,2.868816e-13,1.481452e-16,-1.212978e-20,4.062084e-12
2281,1140.500000,4,2.866596e-13,1.379667e-16,-1.268233e-20,-2.370992e-12
2282,1141.000000,4,2.864375e-13,9.704501e-17,7.835055e-21,-1.708855e-12
2283,1141.500000,4,2.864375e-13,1.190667e-16,-5.297265e-21,4.900524e-12
2284,1142.000000,4,2.864375e-13,1.455774e-16,1.602414e-20,-9.259260e-13
2285,1142.500000,4,2.862155e-13,1.213186e-16,6.385834e-21,6.200818e-12
2286,1143.000000,4,2.864375e-13,1.654892e-16,2.218829e-20,-3.027800e-12
2287,1143.500000,4,2.868816e-13,1.455922e-16,5.290647e-21,-8.260059e-13
2288,1144.000000,4,2.866596e-13,1.213310e-16,1.883325e-20,-1.862954e-12
2289,1144.500000,4,2.864375e-13,1.509337e-16,-1.555100e-22,-1.127098e-12
2290,1145.000000,4,2.864375e-13,1.306045e-16,2.292945e-21,2.518430e-12
2291,1145.500000,4,2.862155e-13,1.213433e-16,1.611348e-21,-6.486367e-12
2292,1146.000000,4,2.859935e-13,1.213474e-16,-1.971999e-21,-6.852297e-13
2293,1146.500000,4,2.864375e-13,1.334723e-16,-2.392206e-21,-1.081801e-12
2294,1147.000000,4,2.862155e-13,1.392634e-16,4.850587e-21,-4.396483e-13
2295,1147.500000,4,2.864375e-13,1.305482e-16,3.765326e-21,-8.289369e-12
2296,1148.000000,4,2.866596e-13,1.334377e-16,1.235477e-20,5.861978e-12
2297,1148.500000,4,2.866596e-13,1.232742e-16,-1.130590e-20,6.479262e-13
2298,1149.000000,4,2.864375e-13,1.218133e-16,1.809209e-20,1.716849e-12
2299,1149.500000,4,2.866596e-13,1.213762e-16,-1.584878e-21,-1.321165e-12
2300,1150.000000,4,2.864375e-13,1.029435e-16,8.294967e-21,3.076206e-12
2301,1150.500000,4,2.862155e-13,1.456614e-16,4.192151e-21,3.322675e-12
2302,1151.000000,4,2.866596e-13,1.739588e-16,3.537024e-21,-1.442402e-12
2303,1151.500000,4,2.862155e-13,1.043662e-16,3.255783e-21,-2.651213e-13
2304,1152.000000,4,2.864375e-13,1.347947e-16,1.499844e-20,1.078693e-12
2305,1152.500000,4,2.864375e-13,1.214009e-16,1.623259e-20,-3.387957e-12
2306,1153.000000,4,2.864375e-13,1.456860e-16,2.511320e-21,1.239009e-13
2307,1153.500000,4,2.862155e-13,1.217183e-16,9.625074e-21,-1.055156e-12
2308,1154.000000,4,2.862155e-13,1.456959e-16,-4.357587e-21,1.319389e-12
2309,1154.500000,4,2.864375e-13,1.419801e-16,1.809871e-21,2.170708e-12
2310,1155.000000,4,2.862155e-13,1.072001e-16,2.336951e-20,8.180123e-12
2311,1155.500000,4,2.864375e-13,1.187790e-16,2.058025e-21,-7.997603e-12
2312,1156.000000,4,2.862155e-13,1.158719e-16,4.814191e-21,-2.496670e-12
2313,1156.500000,4,2.866596e-13,1.457205e-16,-1.336724e-21,5.251799e-12
2314,1157.000000,4,2.864375e-13,1.100591e-16,6.524801e-21,-1.910916e-12
2315,1157.500000,4,2.866596e-13,1.419060e-16,2.944763e-22,-2.842171e-13
2316,1158.000000,4,2.866596e-13,1.100400e-16,1.321835e-20,-2.729372e-12
2317,1158.500000,4,2.864375e-13,1.457402e-16,-1.965381e-21,5.529799e-12
2318,1159.000000,4,2.866596e-13,1.143637e-16,-1.753623e-22,-3.047784e-12
2319,1159.500000,4,2.859935e-13,1.215913e-16,5.783647e-21,-2.680078e-12
2320,1160.000000,4,2.864375e-13,1.346073e-16,-7.494256e-21,2.642331e-12
2321,1160.500000,4,2.864375e-13,1.214666e-16,-5.247634e-21,5.044853e-13
2322,1161.000000,4,2.866596e-13,1.457649e-16,-5.743942e-21,-1.046718e-12
2323,1161.500000,4,2.866596e-13,1.457698e-16,1.141840e-20,-5.967671e-12
2324,1162.000000,4,2.857714e-13,1.214789e-16,1.091217e-20,-2.915446e-12
2325,1162.500000,4,2.866596e-13,1.200810e-16,1.613995e-20,-1.215028e-12
2326,1163.000000,4,2.862155e-13,1.070508e-16,1.218602e-20,1.318057e-12
2327,1163.500000,4,2.864375e-13,1.272926e-16,4.519715e-21,-9.312551e-13
2328,1164.000000,4,2.862155e-13,1.457944e-16,1.046880e-20,4.121148e-13
2329,1164.500000,4,2.866596e-13,1.677655e-16,-1.147134e-20,3.459011e-12
2330,1165.000000,4,2.859935e-13,1.142441e-16,1.138201e-21,-2.474909e-12
2331,1165.500000,4,2.868816e-13,1.215076e-16,-1.200735e-20,3.337330e-12
2332,1166.000000,4,2.864375e-13,1.215117e-16,9.429859e-22,-5.821121e-12
2333,1166.500000,4,2.862155e-13,9.721265e-17,7.699397e-21,-4.583001e-13
2334,1167.000000,4,2.859935e-13,1.215199e-16,-1.313563e-21,3.046896e-12
2335,1167.500000,4,2.862155e-13,1.458288e-16,3.010937e-22,2.802647e-12
2336,1168.000000,4,2.864375e-13,1.215281e-16,-2.865354e-21,-1.804334e-12
2337,1168.500000,4,2.864375e-13,9.972178e-17,6.799425e-21,9.428014e-13
2338,1169.000000,4,2.862155e-13,1.069386e-16,-2.415367e-22,-1.093792e-12
2339,1169.500000,4,2.857714e-13,1.502790e-16,-6.174076e-21,-9.370282e-13
2340,1170.000000,4,2.857714e-13,1.098097e-16,-8.553048e-21,5.884182e-13
2341,1170.500000,4,2.862155e-13,1.458583e-16,-5.092124e-21,2.392753e-12
2342,1171.000000,4,2.862155e-13,1.300150e-16,7.954169e-21,-4.021228e-12
2343,1171.500000,4,2.862155e-13,1.184478e-16,6.478479e-21,9.636736e-13
2344,1172.000000,4,2.859935e-13,1.415471e-16,-5.406452e-21,4.201528e-12
2345,1172.500000,4,2.859935e-13,1.415347e-16,-9.234644e-21,1.575629e-12
2346,1173.000000,4,2.857714e-13,1.458828e-16,1.718550e-20,-4.166889e-12
2347,1173.500000,4,2.862155e-13,1.215731e-16,7.279189e-22,-7.380763e-13
2348,1174.000000,4,2.862155e-13,9.726177e-17,-1.019748e-20,5.857537e-13
2349,1174.500000,4,2.857714e-13,1.215813e-16,4.155755e-21,2.085887e-12
2350,1175.000000,4,2.862155e-13,1.215854e-16,-2.474924e-21,-2.020162e-12
2351,1175.500000,4,2.857714e-13,1.459074e-16,1.168310e-20,3.986145e-12
2352,1176.000000,4,2.859935e-13,1.327879e-16,2.439190e-20,-2.384315e-12
2353,1176.500000,4,2.862155e-13,1.616407e-16,2.991085e-21,-6.824763e-12
2354,1177.000000,4,2.864375e-13,1.255492e-16,-1.146141e-20,2.383871e-12
2355,1177.500000,4,2.857714e-13,1.125514e-16,-1.654361e-23,-5.583534e-12
2356,1178.000000,4,2.862155e-13,1.356270e-16,-5.459392e-22,2.026823e-12
2357,1178.500000,4,2.859935e-13,1.370579e-16,1.353267e-20,-2.787104e-12
2358,1179.000000,4,2.857714e-13,1.413736e-16,-2.468307e-21,-3.210321e-12
2359,1179.500000,4,2.857714e-13,1.355914e-16,-1.124635e-20,7.300827e-13
2360,1180.000000,4,2.859935e-13,1.269255e-16,-1.844282e-20,-1.548095e-12
2361,1180.500000,4,2.862155e-13,1.355676e-16,1.591826e-20,4.502176e-12
2362,1181.000000,4,2.862155e-13,1.297874e-16,1.372127e-20,-5.110135e-12
2363,1181.500000,4,2.859935e-13,1.268921e-16,-7.083975e-21,1.788347e-12
2364,1182.000000,4,2.862155e-13,1.384155e-16,-1.118679e-20,8.837375e-14
2365,1182.500000,4,2.862155e-13,1.311949e-16,-1.496866e-20,3.115286e-12
2366,1183.000000,4,2.864375e-13,1.239755e-16,-1.386686e-20,-6.847856e-13
2367,1183.500000,4,2.864375e-13,1.340548e-16,-3.143286e-21,7.714718e-12
2368,1184.000000,4,2.862155e-13,1.459903e-16,-4.440306e-21,3.548273e-13
2369,1184.500000,4,2.859935e-13,1.297076e-16,-6.531418e-21,1.517009e-12
2370,1185.000000,4,2.859935e-13,1.325784e-16,-3.798413e-21,3.529177e-12
2371,1185.500000,4,2.864375e-13,1.282439e-16,5.641372e-21,8.022027e-12
2372,1186.000000,4,2.862155e-13,1.354367e-16,-7.980639e-21,-4.566125e-12
2373,1186.500000,4,2.859935e-13,1.460146e-16,1.444919e-20,-2.827072e-12
2374,1187.000000,4,2.864375e-13,1.310912e-16,1.336393e-20,1.611156e-12
2375,1187.500000,4,2.862155e-13,1.181158e-16,-4.245091e-21,-6.443734e-13
2376,1188.000000,4,2.862155e-13,1.216909e-16,1.349959e-21,6.817213e-12
2377,1188.500000,4,2.857714e-13,1.137745e-16,-2.620508e-21,3.955059e-12
2378,1189.000000,4,2.859935e-13,1.353654e-16,2.114274e-21,1.342926e-12
2379,1189.500000,4,2.862155e-13,1.353535e-16,-4.307957e-21,-4.584777e-12
2380,1190.000000,4,2.859935e-13,1.094251e-16,6.392452e-21,2.006395e-12
2381,1190.500000,4,2.859935e-13,1.036568e-16,5.763795e-21,1.392220e-12
2382,1191.000000,4,2.859935e-13,1.353178e-16,2.317429e-20,-1.165734e-12
2383,1191.500000,4,2.859935e-13,1.021991e-16,-1.237462e-20,-1.487255e-12
2384,1192.000000,4,2.855494e-13,1.217232e-16,-1.143825e-20,5.057732e-12
2385,1192.500000,4,2.864375e-13,1.352821e-16,-7.428082e-21,4.891199e-12
2386,1193.000000,4,2.859935e-13,1.352702e-16,8.625839e-21,2.084999e-12
2387,1193.500000,4,2.857714e-13,1.217352e-16,-9.965872e-21,-3.817835e-12
2388,1194.000000,4,2.859935e-13,1.217393e-16,-2.379302e-20,-4.112710e-12
2389,1194.500000,4,2.859935e-13,1.217433e-16,-8.298276e-21,-3.091305e-12
2390,1195.000000,4,2.859935e-13,1.237143e-16,1.753623e-20,6.354917e-13
2391,1195.500000,4,2.862155e-13,1.237034e-16,9.310745e-21,4.304557e-12
2392,1196.000000,4,2.864375e-13,1.193777e-16,-1.366502e-21,-2.920331e-12
2393,1196.500000,4,2.859935e-13,1.524448e-16,9.529121e-21,-1.448619e-12
2394,1197.000000,4,2.859935e-13,1.217634e-16,-3.093655e-21,8.220091e-13
2395,1197.500000,4,2.862155e-13,1.217674e-16,7.709323e-21,1.286971e-12
2396,1198.000000,4,2.859935e-13,1.217715e-16,-1.981925e-21,-5.098144e-13
2397,1198.500000,4,2.859935e-13,1.222004e-16,6.011949e-21,-2.782219e-12
2398,1199.000000,4,2.857714e-13,1.322524e-16,-1.240440e-20,4.943157e-12
2399,1199.500000,4,2.859935e-13,1.351155e-16,9.787201e-21,8.308909e-13
2400,1200.000000,4,2.859935e-13,1.121073e-16,-8.711866e-21,3.943956e-12
2401,1200.500000,4,2.859935e-13,1.580862e-16,1.048865e-21,6.554757e-12
2402,1201.000000,4,2.859935e-13,1.207099e-16,-2.977850e-23,-4.894307e-12
2403,1201.500000,4,2.857714e-13,1.020198e-16,9.823597e-21,1.612932e-12
2404,1202.000000,4,2.862155e-13,1.436775e-16,4.255017e-21,4.655831e-12
2405,1202.500000,4,2.862155e-13,1.206788e-16,6.203855e-21,1.953993e-14
2406,1203.000000,4,2.857714e-13,1.461740e-16,-4.748017e-21,3.074874e-12
2407,1203.500000,4,2.859935e-13,1.461788e-16,1.129598e-20,-2.452705e-12
2408,1204.000000,4,2.862155e-13,1.608639e-16,5.641372e-21,-2.359446e-12
2409,1204.500000,4,2.864375e-13,1.421802e-16,1.106437e-20,-2.907452e-12
2410,1205.000000,4,2.862155e-13,1.263717e-16,-1.706970e-20,-5.475176e-12
2411,1205.500000,4,2.864375e-13,1.206174e-16,7.345364e-22,-2.908784e-13
2412,1206.000000,4,2.855494e-13,1.462029e-16,4.188843e-21,6.856737e-13
2413,1206.500000,4,2.859935e-13,1.462077e-16,-2.474924e-21,1.695977e-12
2414,1207.000000,4,2.862155e-13,1.263292e-16,9.204866e-21,-9.152679e-13
2415,1207.500000,4,2.864375e-13,1.218478e-16,1.205037e-20,7.419843e-12
2416,1208.000000,4,2.857714e-13,1.349199e-16,3.388132e-21,9.126033e-13
2417,1208.500000,4,2.857714e-13,1.062047e-16,7.481021e-21,2.148948e-12
2418,1209.000000,4,2.862155e-13,1.033257e-16,-8.801202e-22,-8.138379e-12
2419,1209.500000,4,2.862155e-13,1.147967e-16,-5.704238e-21,-5.750955e-13
2420,1210.000000,4,2.864375e-13,1.462414e-16,-3.282253e-21,1.103473e-11
2421,1210.500000,4,2.866596e-13,1.218719e-16,-4.929996e-22,1.156186e-11
2422,1211.000000,4,2.859935e-13,1.377218e-16,1.080960e-20,-2.625011e-12
2423,1211.500000,4,2.859935e-13,1.635311e-16,3.351736e-21,-4.973799e-13
2424,1212.000000,4,2.862155e-13,1.290928e-16,-3.315340e-21,1.528111e-12
2425,1212.500000,4,2.855494e-13,1.176082e-16,-9.323980e-21,3.290701e-12
2426,1213.000000,4,2.859935e-13,1.061254e-16,3.480776e-21,6.491252e-12
2427,1213.500000,4,2.862155e-13,1.434009e-16,1.141178e-20,-8.220091e-13
2428,1214.000000,4,2.862155e-13,1.003724e-16,-1.909464e-20,-1.421085e-13
2429,1214.500000,4,2.862155e-13,1.219039e-16,-1.002212e-20,1.020872e-11
2430,1215.000000,4,2.864375e-13,1.103915e-16,1.181214e-20,5.552447e-12
2431,1215.500000,4,2.864375e-13,1.318855e-16,1.045887e-20,5.296208e-12
2432,1216.000000,4,2.864375e-13,1.462992e-16,-4.106125e-21,4.893863e-13
2433,1216.500000,4,2.859935e-13,1.375971e-16,-2.944763e-21,-2.530420e-12
2434,1217.000000,4,2.862155e-13,1.219240e-16,9.664778e-21,1.856293e-13
2435,1217.500000,4,2.862155e-13,1.461730e-16,-5.998714e-21,1.016520e-12
2436,1218.000000,4,2.866596e-13,1.375634e-16,2.514629e-22,-3.744116e-12
2437,1218.500000,4,2.859935e-13,1.346865e-16,-1.518042e-20,4.400924e-12
2438,1219.000000,4,2.862155e-13,1.146174e-16,1.463448e-20,-4.285017e-12
2439,1219.500000,4,2.862155e-13,1.463328e-16,-2.388898e-21,-2.645884e-12
2440,1220.000000,4,2.864375e-13,1.219480e-16,-1.372789e-20,-3.273382e-12
2441,1220.500000,4,2.857714e-13,1.463424e-16,-4.509789e-21,6.280310e-12
2442,1221.000000,4,2.859935e-13,1.346317e-16,2.295592e-20,2.003286e-12
2443,1221.500000,4,2.864375e-13,1.219600e-16,-1.727153e-21,9.521273e-13
2444,1222.000000,4,2.864375e-13,1.031054e-16,3.947306e-21,-1.225686e-12
2445,1222.500000,4,2.862155e-13,1.202799e-16,-1.185184e-20,-2.067679e-12
2446,1223.000000,4,2.862155e-13,1.259974e-16,1.693404e-20,-1.789235e-12
2447,1223.500000,4,2.859935e-13,1.259872e-16,1.385362e-20,4.201528e-12
2448,1224.000000,4,2.862155e-13,1.219800e-16,3.106890e-21,2.624567e-13
2449,1224.500000,4,2.859935e-13,1.374184e-16,7.305659e-21,5.624390e-12
2450,1225.000000,4,2.866596e-13,1.219880e-16,1.141840e-20,-3.108624e-13
2451,1225.500000,4,2.862155e-13,1.159281e-16,1.823768e-20,3.380851e-12
2452,1226.000000,4,2.862155e-13,1.219960e-16,2.809105e-21,5.844214e-12
2453,1226.500000,4,2.862155e-13,1.259263e-16,6.395760e-21,-1.339817e-12
2454,1227.000000,4,2.864375e-13,1.144692e-16,6.154224e-21,2.946532e-12
2455,1227.500000,4,2.859935e-13,1.220080e-16,-9.390154e-21,-6.038281e-12
2456,1228.000000,4,2.859935e-13,1.464144e-16,-1.595466e-20,-1.123990e-12
2457,1228.500000,4,2.862155e-13,1.401911e-16,-1.222242e-20,-1.274980e-12
2458,1229.000000,4,2.862155e-13,1.464240e-16,1.359885e-21,1.703970e-12
2459,1229.500000,4,2.862155e-13,1.344475e-16,-1.961080e-20,4.576339e-12
2460,1230.000000,4,2.864375e-13,1.144142e-16,6.452009e-22,4.070966e-12
2461,1230.500000,4,2.859935e-13,1.229855e-16,8.156001e-21,4.720668e-13
2462,1231.000000,4,2.862155e-13,1.286954e-16,-1.091878e-21,3.264944e-12
2463,1231.500000,4,2.864375e-13,1.464480e-16,-1.038608e-20,4.640732e-12
2464,1232.000000,4,2.859935e-13,1.429721e-16,-1.091878e-20,2.555733e-12
2465,1232.500000,4,2.866596e-13,1.186574e-16,6.187311e-22,2.255973e-13
2466,1233.000000,4,2.868816e-13,1.464624e-16,-3.212769e-21,5.962342e-12
2467,1233.500000,4,2.864375e-13,1.443673e-16,-1.725168e-20,3.478551e-12
2468,1234.000000,4,2.866596e-13,1.114827e-16,-5.446157e-21,-1.246558e-12
2469,1234.500000,4,2.864375e-13,1.143322e-16,4.314574e-21,3.240963e-12
2470,1235.000000,4,2.864375e-13,1.220679e-16,1.080960e-20,8.189005e-12
2471,1235.500000,4,2.859935e-13,1.343190e-16,3.407984e-21,5.018208e-12
2472,1236.000000,4,2.857714e-13,1.500253e-16,5.767103e-21,6.960210e-12
2473,1236.500000,4,2.864375e-13,1.464959e-16,1.190147e-20,2.880363e-12
2474,1237.000000,4,2.864375e-13,1.057153e-16,-5.409761e-21,-8.357759e-13
2475,1237.500000,4,2.862155e-13,1.142778e-16,1.432346e-20,1.000089e-12
2476,1238.000000,4,2.864375e-13,1.220919e-16,7.904538e-21,-2.517098e-12
2477,1238.500000,4,2.864375e-13,1.242574e-16,-1.508116e-20,2.042810e-14
2478,1239.000000,4,2.862155e-13,1.313883e-16,-9.936094e-21,7.491785e-13
2479,1239.500000,4,2.859935e-13,1.028175e-16,2.911676e-22,5.555556e-13
2480,1240.000000,4,2.862155e-13,1.056652e-16,-9.059282e-21,3.565592e-12
2481,1240.500000,4,2.864375e-13,1.227904e-16,-9.916241e-21,6.760814e-12
2482,1241.000000,4,2.862155e-13,1.370576e-16,-2.067952e-21,-3.134826e-12
2483,1241.500000,4,2.866596e-13,1.465437e-16,-1.092871e-20,-2.460254e-12
2484,1242.000000,4,2.857714e-13,1.221238e-16,1.141509e-21,1.781242e-12
2485,1242.500000,4,2.862155e-13,1.256064e-16,-6.706780e-21,5.003553e-12
2486,1243.000000,4,2.862155e-13,1.221317e-16,6.782881e-21,-2.512657e-12
2487,1243.500000,4,2.857714e-13,1.098884e-16,1.018425e-20,-1.136868e-12
2488,1244.000000,4,2.864375e-13,1.221396e-16,-1.396281e-21,3.011369e-12
2489,1244.500000,4,2.866596e-13,1.465723e-16,-1.149119e-20,4.805489e-12
2490,1245.000000,4,2.862155e-13,1.312643e-16,3.308722e-22,3.414602e-12
2491,1245.500000,4,2.864375e-13,1.055738e-16,-2.746240e-21,6.550316e-13
2492,1246.000000,4,2.864375e-13,1.283906e-16,1.158053e-22,-2.143175e-12
2493,1246.500000,4,2.862155e-13,9.772758e-17,-5.810117e-21,4.057199e-12
2494,1247.000000,4,2.864375e-13,1.255178e-16,1.915750e-21,1.344258e-12
2495,1247.500000,4,2.859935e-13,1.255080e-16,8.602678e-22,-5.604406e-13
2496,1248.000000,4,2.862155e-13,1.169415e-16,-1.069048e-20,2.640999e-12
2497,1248.500000,4,2.862155e-13,1.354704e-16,-2.646978e-22,-5.296652e-12
2498,1249.000000,4,2.859935e-13,1.454410e-16,3.950615e-21,-3.552270e-12
2499,1249.500000,4,2.862155e-13,1.197656e-16,7.457860e-21,-3.408385e-12
2500,1250.000000,4,2.862155e-13,1.466247e-16,-9.234644e-21,-3.543832e-12
2501,1250.500000,4,2.862155e-13,1.083425e-16,6.921847e-21,-1.180389e-12
2502,1251.000000,4,2.862155e-13,1.111849e-16,1.169303e-20,-1.798561e-12
2503,1251.500000,4,2.866596e-13,1.140269e-16,-1.919059e-21,1.189715e-12
2504,1252.000000,4,2.862155e-13,1.222031e-16,-2.459373e-20,-1.090683e-12
2505,1252.500000,4,2.862155e-13,1.466484e-16,-7.792041e-21,4.996448e-12
2506,1253.000000,4,2.855494e-13,1.225504e-16,8.235410e-21,7.811529e-13
2507,1253.500000,4,2.864375e-13,1.182661e-16,1.191140e-20,1.654232e-12
2508,1254.000000,4,2.864375e-13,1.222189e-16,1.105113e-20,-5.632383e-12
2509,1254.500000,4,2.862155e-13,9.972704e-17,2.071260e-21,-1.021405e-14
2510,1255.000000,4,2.859935e-13,1.282105e-16,2.034864e-21,1.608935e-12
2511,1255.500000,4,2.862155e-13,1.025605e-16,8.682088e-21,1.720402e-12
2512,1256.000000,4,2.866596e-13,1.222348e-16,-1.856193e-21,4.174439e-12
2513,1256.500000,4,2.864375e-13,1.222387e-16,-1.478999e-21,1.469935e-13
2514,1257.000000,4,2.862155e-13,1.222427e-16,1.230845e-20,-4.294343e-13
2515,1257.500000,4,2.864375e-13,1.222466e-16,-1.533924e-20,7.323031e-13
2516,1258.000000,4,2.862155e-13,1.222506e-16,3.540333e-21,1.058265e-12
2517,1258.500000,4,2.866596e-13,1.395314e-16,-4.820809e-21,-6.799006e-13
2518,1259.000000,4,2.862155e-13,1.480626e-16,1.836341e-20,5.665690e-12
2519,1259.500000,4,2.866596e-13,9.964985e-17,-4.314574e-21,6.112444e-12
2520,1260.000000,4,2.859935e-13,1.053360e-16,-1.072688e-20,4.404033e-12
2521,1260.500000,4,2.864375e-13,1.222704e-16,2.253240e-21,-1.020517e-12
2522,1261.000000,4,2.864375e-13,1.252446e-16,-9.899698e-21,6.949996e-13
2523,1261.500000,4,2.864375e-13,1.252345e-16,3.169756e-21,-8.326673e-13
2524,1262.000000,4,2.862155e-13,1.195324e-16,1.763549e-21,-1.620037e-12
2525,1262.500000,4,2.864375e-13,1.222862e-16,1.090555e-20,2.747580e-12
2526,1263.000000,4,2.862155e-13,1.222901e-16,1.334408e-20,7.029932e-13
2527,1263.500000,4,2.859935e-13,1.251936e-16,2.660213e-21,7.833734e-13
2528,1264.000000,4,2.864375e-13,1.222980e-16,-8.010417e-21,-5.247802e-12
2529,1264.500000,4,2.866596e-13,1.081039e-16,-6.273338e-21,-8.735235e-13
2530,1265.000000,4,2.862155e-13,1.223059e-16,9.979107e-21,2.682299e-12
2531,1265.500000,4,2.864375e-13,1.467719e-16,1.082283e-20,7.185363e-13
2532,1266.000000,4,2.864375e-13,1.422063e-16,-3.719004e-21,2.980283e-12
2533,1266.500000,4,2.862155e-13,1.023800e-16,1.220919e-20,1.501466e-12
2534,1267.000000,4,2.862155e-13,1.322296e-16,5.270795e-21,-3.163692e-12
2535,1267.500000,4,2.866596e-13,1.194231e-16,-1.578591e-20,-2.566836e-13
2536,1268.000000,4,2.859935e-13,1.506878e-16,-3.606507e-22,1.240785e-12
2537,1268.500000,4,2.857714e-13,1.468003e-16,-5.681076e-21,-1.598277e-12
2538,1269.000000,4,2.866596e-13,1.108647e-16,-1.831709e-20,8.615331e-14
2539,1269.500000,4,2.864375e-13,1.080128e-16,-2.018321e-21,6.608047e-13
2540,1270.000000,4,2.862155e-13,1.506365e-16,1.941227e-20,-1.529887e-12
2541,1270.500000,4,2.859935e-13,1.079943e-16,6.882143e-21,4.483969e-12
2542,1271.000000,4,2.864375e-13,1.165101e-16,1.799945e-21,8.157919e-13
2543,1271.500000,4,2.868816e-13,1.165001e-16,6.448700e-21,-9.738876e-13
2544,1272.000000,4,2.862155e-13,9.944275e-17,4.334426e-21,4.027445e-12
2545,1272.500000,4,2.864375e-13,1.207415e-16,-9.740879e-21,4.707346e-14
2546,1273.000000,4,2.862155e-13,1.221514e-16,-1.703992e-21,1.276756e-12
2547,1273.500000,4,2.864375e-13,1.121991e-16,3.563494e-21,1.210143e-12
2548,1274.000000,4,2.866596e-13,1.050888e-16,3.599890e-21,-2.092104e-12
2549,1274.500000,4,2.864375e-13,1.164396e-16,9.343832e-21,3.403944e-12
2550,1275.000000,4,2.864375e-13,1.363077e-16,9.363685e-22,-3.145928e-12
2551,1275.500000,4,2.862155e-13,1.334563e-16,2.145376e-20,-2.615685e-12
2552,1276.000000,4,2.866596e-13,1.036325e-16,2.230079e-21,7.952750e-12
2553,1276.500000,4,2.866596e-13,1.223967e-16,-1.533593e-20,-4.152234e-13
2554,1277.000000,4,2.862155e-13,1.078725e-16,5.714164e-21,-2.657430e-12
2555,1277.500000,4,2.864375e-13,1.277325e-16,-8.410772e-21,-3.175238e-13
2556,1278.000000,4,2.864375e-13,1.475891e-16,-1.412824e-20,-1.500577e-12
2557,1278.500000,4,2.864375e-13,1.191961e-16,3.613125e-21,4.011014e-12
2558,1279.000000,4,2.866596e-13,9.793315e-17,6.855673e-21,1.656453e-12
2559,1279.500000,4,2.864375e-13,1.224204e-16,-8.026961e-21,2.927880e-12
2560,1280.000000,4,2.864375e-13,1.106528e-16,-1.107429e-20,1.142642e-12
2561,1280.500000,4,2.862155e-13,1.092245e-16,-1.264594e-20,1.873612e-12
2562,1281.000000,4,2.862155e-13,1.248169e-16,-1.218602e-20,1.990408e-12
2563,1281.500000,4,2.866596e-13,1.304788e-16,1.551791e-21,4.368506e-12
2564,1282.000000,4,2.862155e-13,1.205404e-16,1.054490e-20,3.508305e-13
2565,1282.500000,4,2.866596e-13,1.162757e-16,-1.296688e-20,1.373124e-12
2566,1283.000000,4,2.859935e-13,1.389513e-16,-2.276401e-21,-5.720313e-12
2567,1283.500000,4,2.862155e-13,1.162550e-16,-2.153978e-21,2.061018e-12
2568,1284.000000,4,2.862155e-13,1.134094e-16,1.725499e-20,4.671818e-13
2569,1284.500000,4,2.864375e-13,1.119817e-16,-5.856439e-22,-4.583001e-13
2570,1285.000000,4,2.859935e-13,1.360669e-16,6.124445e-21,1.479705e-12
2571,1285.500000,4,2.862155e-13,1.105445e-16,1.499513e-20,6.921574e-12
2572,1286.000000,4,2.862155e-13,1.224716e-16,1.660317e-20,-8.055778e-13
2573,1286.500000,4,2.864375e-13,1.062737e-16,-1.154744e-21,3.283152e-12
2574,1287.000000,4,2.871037e-13,1.224794e-16,4.066420e-21,-2.438494e-12
2575,1287.500000,4,2.866596e-13,1.246721e-16,1.122980e-20,1.294520e-12
2576,1288.000000,4,2.864375e-13,1.303272e-16,1.525321e-20,1.364242e-12
2577,1288.500000,4,2.862155e-13,1.232331e-16,-1.476021e-20,4.433343e-12
2578,1289.000000,4,2.862155e-13,1.274711e-16,-8.199014e-21,6.247447e-12
2579,1289.500000,4,2.864375e-13,1.189623e-16,4.992862e-21,5.555556e-13
2580,1290.000000,4,2.866596e-13,1.416089e-16,1.524328e-20,1.342038e-12
2581,1290.500000,4,2.864375e-13,1.104450e-16,1.105775e-20,-1.959766e-12
2582,1291.000000,4,2.864375e-13,1.033558e-16,-9.499342e-21,-1.422418e-12
2583,1291.500000,4,2.866596e-13,1.189192e-16,-5.145063e-21,-3.711698e-12
2584,1292.000000,4,2.864375e-13,1.613757e-16,7.954169e-21,5.756728e-12
2585,1292.500000,4,2.866596e-13,1.019123e-16,9.552282e-21,2.075229e-12
2586,1293.000000,4,2.866596e-13,1.075643e-16,-4.334426e-22,-2.904788e-12
2587,1293.500000,4,2.866596e-13,1.386887e-16,-1.392972e-21,-1.174172e-12
2588,1294.000000,4,2.864375e-13,1.245254e-16,-9.426550e-21,1.175948e-12
2589,1294.500000,4,2.866596e-13,1.075349e-16,-9.125457e-21,-2.958522e-12
2590,1295.000000,4,2.866596e-13,1.145991e-16,6.729941e-21,3.130829e-12
2591,1295.500000,4,2.862155e-13,1.225463e-16,-8.748262e-21,2.095213e-12
2592,1296.000000,4,2.866596e-13,1.471128e-16,-4.135903e-22,7.289280e-12
2593,1296.500000,4,2.864375e-13,1.188110e-16,3.735548e-21,-3.702816e-12
2594,1297.000000,4,2.866596e-13,1.470697e-16,-6.796116e-21,5.129230e-13
2595,1297.500000,4,2.866596e-13,1.131326e-16,2.597347e-21,2.695622e-13
2596,1298.000000,4,2.868816e-13,1.225659e-16,6.968169e-21,7.085443e-12
2597,1298.500000,4,2.866596e-13,1.225698e-16,1.940235e-20,9.166001e-13
2598,1299.000000,4,2.862155e-13,1.244116e-16,1.709948e-20,1.736389e-12
2599,1299.500000,4,2.864375e-13,1.639821e-16,8.083209e-21,-1.276312e-12
2600,1300.000000,4,2.862155e-13,1.017726e-16,-1.814834e-20,4.325429e-13
2601,1300.500000,4,2.862155e-13,1.225855e-16,2.766092e-21,8.757439e-13
2602,1301.000000,4,2.862155e-13,1.074069e-16,1.011807e-20,3.949729e-12
2603,1301.500000,4,2.866596e-13,1.526168e-16,5.985479e-21,4.109602e-12
2604,1302.000000,4,2.862155e-13,1.225972e-16,1.705316e-20,1.714184e-12
2605,1302.500000,4,2.864375e-13,1.226011e-16,-1.020079e-20,2.160494e-12
2606,1303.000000,4,2.864375e-13,1.226050e-16,9.383537e-21,3.871126e-12
2607,1303.500000,4,2.866596e-13,1.412597e-16,2.117582e-22,2.083667e-12
2608,1304.000000,4,2.868816e-13,1.471354e-16,-2.852119e-21,-5.089262e-12
2609,1304.500000,4,2.864375e-13,9.809337e-17,6.177385e-21,2.468248e-12
2610,1305.000000,4,2.866596e-13,1.016788e-16,1.945529e-21,-4.072298e-13
2611,1305.500000,4,2.862155e-13,1.242625e-16,-6.220398e-21,7.394529e-12
2612,1306.000000,4,2.866596e-13,1.411944e-16,1.017101e-20,2.954081e-12
2613,1306.500000,4,2.866596e-13,1.044741e-16,1.364186e-20,4.236611e-13
2614,1307.000000,4,2.864375e-13,1.226361e-16,2.207249e-20,5.768719e-13
2615,1307.500000,4,2.862155e-13,1.157471e-16,1.246396e-20,5.107026e-12
2616,1308.000000,4,2.866596e-13,1.226438e-16,-8.066665e-21,6.163958e-12
2617,1308.500000,4,2.859935e-13,1.552417e-16,-1.600429e-20,1.447731e-12
2618,1309.000000,4,2.859935e-13,1.326487e-16,-3.080421e-21,6.638690e-12
2619,1309.500000,4,2.864375e-13,1.226555e-16,4.966392e-21,7.246648e-12
2620,1310.000000,4,2.864375e-13,1.523765e-16,7.064122e-21,-7.912782e-12
2621,1310.500000,4,2.862155e-13,1.142717e-16,1.927662e-20,-6.017409e-12
2622,1311.000000,4,2.862155e-13,1.156717e-16,-1.141509e-20,4.529710e-12
2623,1311.500000,4,2.862155e-13,9.813677e-17,-5.866365e-21,3.772982e-12
2624,1312.000000,4,2.864375e-13,1.128294e-16,2.183757e-22,1.207479e-12
2625,1312.500000,4,2.866596e-13,1.472144e-16,1.158053e-20,-3.100187e-12
2626,1313.000000,4,2.866596e-13,1.043477e-16,-2.901750e-21,-4.419132e-12
2627,1313.500000,4,2.864375e-13,1.156177e-16,-8.156001e-21,2.104539e-12
2628,1314.000000,4,2.864375e-13,1.226903e-16,3.705769e-21,5.622613e-12
2629,1314.500000,4,2.868816e-13,1.226942e-16,1.421096e-20,4.702905e-12
2630,1315.000000,4,2.866596e-13,1.381384e-16,4.112742e-21,6.008971e-12
2631,1315.500000,4,2.868816e-13,1.240310e-16,-5.525566e-21,-2.504663e-13
2632,1316.000000,4,2.862155e-13,1.127449e-16,-9.079134e-21,1.042277e-12
2633,1316.500000,4,2.864375e-13,1.268261e-16,-5.932539e-21,-1.332268e-13
2634,1317.000000,4,2.866596e-13,1.070875e-16,1.638479e-20,1.051603e-12
2635,1317.500000,4,2.871037e-13,1.070774e-16,1.962734e-20,2.846612e-13
2636,1318.000000,4,2.866596e-13,1.183376e-16,-2.809105e-21,2.773337e-12
2637,1318.500000,4,2.862155e-13,1.324130e-16,4.519715e-21,5.641265e-12
2638,1319.000000,4,2.864375e-13,1.422601e-16,6.395760e-21,4.328982e-12
2639,1319.500000,4,2.864375e-13,1.472794e-16,2.173831e-21,4.864997e-12
2640,1320.000000,4,2.862155e-13,1.013940e-16,-5.274104e-21,2.265743e-12
2641,1320.500000,4,2.866596e-13,1.295469e-16,-1.283123e-20,-2.042810e-12
2642,1321.000000,4,2.864375e-13,1.227445e-16,-9.859993e-22,2.034373e-12
2643,1321.500000,4,2.864375e-13,1.227483e-16,5.833278e-21,2.249312e-12
2644,1322.000000,4,2.864375e-13,1.520348e-16,1.181214e-21,-7.016610e-14
2645,1322.500000,4,2.857714e-13,1.227560e-16,-4.069729e-21,1.343814e-12
2646,1323.000000,4,2.864375e-13,1.473119e-16,9.128765e-21,-4.321432e-12
2647,1323.500000,4,2.866596e-13,1.491786e-16,7.977330e-21,-1.435740e-12
2648,1324.000000,4,2.864375e-13,1.210207e-16,7.471095e-21,-1.193712e-12
2649,1324.500000,4,2.862155e-13,1.069389e-16,4.155755e-21,-2.486011e-12
2650,1325.000000,4,2.868816e-13,1.125571e-16,-4.129286e-21,-6.901146e-13
2651,1325.500000,4,2.864375e-13,1.473351e-16,1.422420e-20,3.587353e-12
2652,1326.000000,4,2.864375e-13,1.227831e-16,-2.147361e-21,-4.016343e-12
2653,1326.500000,4,2.864375e-13,1.603506e-16,-1.161362e-20,2.250200e-12
2654,1327.000000,4,2.868816e-13,1.251748e-16,-1.691750e-20,-5.457856e-13
2655,1327.500000,4,2.864375e-13,1.153193e-16,2.375663e-21,-2.997602e-12
2656,1328.000000,4,2.864375e-13,1.227985e-16,-5.578506e-21,1.557421e-12
2657,1328.500000,4,2.866596e-13,1.228024e-16,-1.461463e-20,1.273648e-12
2658,1329.000000,4,2.864375e-13,1.124765e-16,3.262400e-21,1.814549e-12
2659,1329.500000,4,2.866596e-13,1.228101e-16,-1.878362e-20,1.484590e-12
2660,1330.000000,4,2.864375e-13,1.349478e-16,-1.220919e-21,-5.591527e-12
2661,1330.500000,4,2.866596e-13,1.026075e-16,1.098496e-21,5.909939e-12
2662,1331.000000,4,2.859935e-13,1.152475e-16,2.981159e-21,-5.179412e-12
2663,1331.500000,4,2.866596e-13,1.473906e-16,3.110199e-21,3.021583e-12
2664,1332.000000,4,2.862155e-13,1.473953e-16,-2.365737e-21,1.572964e-12
2665,1332.500000,4,2.864375e-13,1.236474e-16,1.477675e-20,3.681944e-12
2666,1333.000000,4,2.866596e-13,1.166117e-16,8.337981e-21,1.070699e-12
2667,1333.500000,4,2.866596e-13,1.180063e-16,-2.461690e-21,2.791989e-12
2668,1334.000000,4,2.862155e-13,1.474138e-16,7.841672e-21,9.126033e-13
2669,1334.500000,4,2.864375e-13,1.228487e-16,7.474404e-21,2.515321e-12
2670,1335.000000,4,2.866596e-13,1.179751e-16,1.349297e-20,2.241762e-12
2671,1335.500000,4,2.866596e-13,1.320082e-16,7.778806e-21,-1.714184e-13
2672,1336.000000,4,2.871037e-13,1.067207e-16,-7.639840e-21,2.773781e-12
2673,1336.500000,4,2.864375e-13,1.376014e-16,8.529886e-21,3.373302e-12
2674,1337.000000,4,2.862155e-13,1.474415e-16,1.338378e-20,6.706635e-12
2675,1337.500000,4,2.866596e-13,1.474461e-16,-2.408750e-21,3.930634e-12
2676,1338.000000,4,2.864375e-13,1.179131e-16,-1.294703e-20,3.740119e-12
2677,1338.500000,4,2.864375e-13,1.150956e-16,-3.176374e-22,2.016609e-12
2678,1339.000000,4,2.866596e-13,1.263134e-16,7.682854e-21,1.850520e-12
2679,1339.500000,4,2.866596e-13,1.263024e-16,2.183757e-21,2.392309e-12
2680,1340.000000,4,2.859935e-13,1.403238e-16,-1.273196e-20,-5.002665e-12
2681,1340.500000,4,2.866596e-13,9.831592e-17,-6.769646e-21,2.371436e-13
2682,1341.000000,4,2.862155e-13,1.228987e-16,-9.955946e-21,-6.273204e-12
2683,1341.500000,4,2.864375e-13,1.262584e-16,1.081290e-20,-4.307665e-14
2684,1342.000000,4,2.864375e-13,1.229064e-16,3.358353e-21,-5.129230e-13
2685,1342.500000,4,2.866596e-13,1.094050e-16,8.602678e-21,-2.742251e-12
2686,1343.000000,4,2.864375e-13,1.206155e-16,1.143825e-20,-2.429612e-12
2687,1343.500000,4,2.862155e-13,1.229180e-16,-1.965381e-21,1.707523e-12
2688,1344.000000,4,2.864375e-13,1.346172e-16,1.981263e-20,2.846612e-12
2689,1344.500000,4,2.868816e-13,1.121713e-16,2.120891e-21,1.525891e-12
2690,1345.000000,4,2.864375e-13,1.233778e-16,1.559401e-20,-8.792966e-14
2691,1345.500000,4,2.859935e-13,1.229334e-16,1.474698e-20,7.272849e-12
2692,1346.000000,4,2.862155e-13,1.261600e-16,2.520254e-20,3.122391e-12
2693,1346.500000,4,2.862155e-13,1.229411e-16,-1.834687e-20,2.375433e-12
2694,1347.000000,4,2.864375e-13,1.229449e-16,-1.329114e-20,2.998934e-12
2695,1347.500000,4,2.864375e-13,1.107117e-16,-1.263932e-21,8.542944e-12
2696,1348.000000,4,2.866596e-13,1.205112e-16,8.228793e-21,-1.665335e-12
2697,1348.500000,4,2.866596e-13,1.541290e-16,7.213015e-21,1.105338e-12
2698,1349.000000,4,2.859935e-13,1.176883e-16,2.527864e-20,-3.953282e-12
2699,1349.500000,4,2.864375e-13,1.120745e-16,6.061580e-21,4.678924e-12
2700,1350.000000,4,2.859935e-13,9.837439e-17,6.842438e-21,1.735501e-12
2701,1350.500000,4,2.862155e-13,1.134559e-16,1.050189e-20,6.395329e-12
2702,1351.000000,4,2.866596e-13,1.204490e-16,9.505960e-21,3.513634e-12
2703,1351.500000,4,2.866596e-13,1.008323e-16,-4.271561e-21,3.148148e-12
2704,1352.000000,4,2.864375e-13,9.942333e-17,-2.554334e-21,-6.195044e-12
2705,1352.500000,4,2.866596e-13,1.229872e-16,-6.240251e-21,5.683898e-12
2706,1353.000000,4,2.862155e-13,1.204076e-16,-6.948317e-23,5.121237e-12
2707,1353.500000,4,2.864375e-13,1.245971e-16,-2.415367e-21,2.714717e-12
2708,1354.000000,4,2.866596e-13,1.063884e-16,-1.243418e-20,4.818812e-12
2709,1354.500000,4,2.862155e-13,1.455717e-16,1.025042e-20,9.086953e-12
2710,1355.000000,4,2.859935e-13,1.230064e-16,-3.464232e-21,4.121148e-13
2711,1355.500000,4,2.859935e-13,1.230102e-16,5.720781e-21,-2.283063e-12
2712,1356.000000,4,2.862155e-13,1.230141e-16,-5.456083e-21,-4.285461e-12
2713,1356.500000,4,2.866596e-13,1.119399e-16,-1.333415e-20,2.498446e-12
2714,1357.000000,4,2.859935e-13,9.841739e-17,-1.426721e-20,-7.083223e-13
2715,1357.500000,4,2.862155e-13,1.035267e-16,-7.037653e-21,-2.420286e-13
2716,1358.000000,4,2.864375e-13,9.842350e-17,-5.532184e-21,-2.002842e-13
2717,1358.500000,4,2.864375e-13,1.258893e-16,1.869428e-21,5.375256e-12
2718,1359.000000,4,2.862155e-13,1.230370e-16,-5.995405e-21,2.196465e-12
2719,1359.500000,4,2.859935e-13,1.118825e-16,6.359365e-21,5.653256e-12
2720,1360.000000,4,2.868816e-13,1.476536e-16,1.703992e-20,3.729905e-12
2721,1360.500000,4,2.862155e-13,1.076686e-16,-3.166447e-21,7.778223e-12
2722,1361.000000,4,2.862155e-13,1.230523e-16,7.841672e-21,5.226042e-12
2723,1361.500000,4,2.862155e-13,9.844490e-17,1.718220e-20,-1.931344e-12
2724,1362.000000,4,2.859935e-13,1.090390e-16,2.289967e-20,-7.767564e-12
2725,1362.500000,4,2.866596e-13,9.845101e-17,-1.065740e-20,-8.038015e-14
2726,1363.000000,4,2.859935e-13,1.230676e-16,-1.095187e-21,5.539569e-12
2727,1363.500000,4,2.864375e-13,1.313724e-16,-9.863302e-21,3.755218e-12
2728,1364.000000,4,2.866596e-13,1.257714e-16,3.484085e-21,1.438849e-12
2729,1364.500000,4,2.862155e-13,1.201713e-16,1.996152e-20,1.751044e-12
2730,1365.000000,4,2.857714e-13,1.230828e-16,8.596061e-21,-3.107736e-12
2731,1365.500000,4,2.864375e-13,1.117683e-16,5.466009e-21,2.070344e-12
2732,1366.000000,4,2.859935e-13,9.847238e-17,2.441837e-21,6.619594e-12
2733,1366.500000,4,2.862155e-13,1.620365e-16,-6.412304e-21,-3.951506e-12
2734,1367.000000,4,2.862155e-13,1.257073e-16,2.590730e-21,-3.012257e-12
2735,1367.500000,4,2.857714e-13,1.231019e-16,3.474159e-22,1.108447e-12
2736,1368.000000,4,2.862155e-13,1.326685e-16,-5.770412e-21,-7.607248e-13
2737,1368.500000,4,2.864375e-13,1.172970e-16,9.264423e-21,3.540279e-12
2738,1369.000000,4,2.866596e-13,1.231134e-16,2.166221e-20,2.744915e-12
2739,1369.500000,4,2.864375e-13,1.005232e-16,-1.234153e-21,-1.287415e-12
2740,1370.000000,4,2.866596e-13,1.102870e-16,7.610062e-23,1.072920e-12
2741,1370.500000,4,2.864375e-13,1.340083e-16,-4.251708e-21,1.512124e-12
2742,1371.000000,4,2.859935e-13,1.060809e-16,7.990565e-21,3.286260e-14
2743,1371.500000,4,2.857714e-13,1.144460e-16,8.787967e-21,5.324630e-13
2744,1372.000000,4,2.862155e-13,1.231362e-16,1.725830e-20,-3.175238e-13
2745,1372.500000,4,2.862155e-13,1.231401e-16,4.645446e-21,2.107203e-12
2746,1373.000000,4,2.866596e-13,1.032544e-16,-7.209706e-21,4.593215e-12
2747,1373.500000,4,2.862155e-13,1.116169e-16,-2.706535e-21,-4.614975e-12
2748,1374.000000,4,2.862155e-13,1.116075e-16,1.326136e-20,4.854783e-12
2749,1374.500000,4,2.862155e-13,1.199679e-16,-1.055152e-20,-3.850253e-13
2750,1375.000000,4,2.864375e-13,1.231591e-16,2.024938e-21,7.521983e-12
2751,1375.500000,4,2.864375e-13,1.087897e-16,1.836341e-21,-4.849010e-12
2752,1376.000000,4,2.866596e-13,1.366730e-16,5.108667e-21,4.235723e-12
2753,1376.500000,4,2.864375e-13,1.087714e-16,6.399069e-21,2.016165e-13
2754,1377.000000,4,2.864375e-13,1.254949e-16,-3.050642e-21,8.903989e-13
2755,1377.500000,4,2.859935e-13,1.231782e-16,-1.651053e-20,1.874056e-13
2756,1378.000000,4,2.862155e-13,1.231820e-16,8.172544e-22,1.498801e-12
2757,1378.500000,4,2.857714e-13,1.231858e-16,-1.544512e-20,-5.337952e-13
2758,1379.000000,4,2.862155e-13,1.226647e-16,1.287424e-20,1.579181e-12
2759,1379.500000,4,2.864375e-13,1.231934e-16,1.222904e-20,-2.872369e-12
2760,1380.000000,4,2.859935e-13,1.087073e-16,1.366502e-21,5.334400e-12
2761,1380.500000,4,2.864375e-13,1.170595e-16,1.218602e-20,2.557510e-12
2762,1381.000000,4,2.866596e-13,1.142628e-16,2.835575e-21,4.707346e-13
2763,1381.500000,4,2.866596e-13,1.232086e-16,1.056806e-20,2.228440e-12
2764,1382.000000,4,2.859935e-13,1.030979e-16,-1.052174e-21,6.470380e-12
2765,1382.500000,4,2.862155e-13,1.337374e-16,6.997948e-21,7.681855e-12
2766,1383.000000,4,2.862155e-13,1.211894e-16,-1.214632e-20,5.955236e-13
2767,1383.500000,4,2.862155e-13,1.232238e-16,3.464232e-21,6.875833e-12
2768,1384.000000,4,2.864375e-13,1.253474e-16,-7.070740e-21,-1.355360e-12
2769,1384.500000,4,2.859935e-13,1.281222e-16,4.301339e-21,-1.714184e-13
2770,1385.000000,4,2.864375e-13,1.232352e-16,-4.910144e-21,3.870682e-12
2771,1385.500000,4,2.859935e-13,9.859123e-17,-2.022953e-20,6.795897e-12
2772,1386.000000,4,2.866596e-13,1.232428e-16,-5.217855e-21,-4.290346e-12
2773,1386.500000,4,2.864375e-13,1.475697e-16,-1.080629e-20,-1.015632e-12
2774,1387.000000,4,2.866596e-13,1.280687e-16,3.007629e-21,2.846612e-13
2775,1387.500000,4,2.864375e-13,1.197064e-16,1.079305e-20,-1.803002e-13
2776,1388.000000,4,2.862155e-13,1.308310e-16,1.253013e-20,-5.474732e-12
2777,1388.500000,4,2.864375e-13,1.363869e-16,-1.154744e-21,-2.614353e-12
2778,1389.000000,4,2.866596e-13,9.861252e-17,1.347974e-20,4.215739e-12
2779,1389.500000,4,2.864375e-13,1.335813e-16,-1.234484e-20,-8.992806e-13
2780,1390.000000,4,2.866596e-13,1.232732e-16,4.268252e-22,-3.158807e-12
2781,1390.500000,4,2.862155e-13,1.232770e-16,2.044460e-20,3.400391e-12
2782,1391.000000,4,2.866596e-13,1.001610e-16,-5.025949e-21,-3.916867e-12
2783,1391.500000,4,2.866596e-13,1.232846e-16,-2.505696e-20,-4.360956e-12
2784,1392.000000,4,2.864375e-13,1.084897e-16,-3.361662e-21,-6.646683e-12
2785,1392.500000,4,2.864375e-13,1.070900e-16,1.247388e-20,-1.199041e-14
2786,1393.000000,4,2.862155e-13,1.223784e-16,1.812849e-20,1.882938e-12
2787,1393.500000,4,2.868816e-13,1.279304e-16,9.903006e-21,7.279510e-12
2788,1394.000000,4,2.862155e-13,1.279198e-16,1.265255e-20,-6.422862e-12
2789,1394.500000,4,2.871037e-13,1.479689e-16,1.414810e-20,2.920331e-12
2790,1395.000000,4,2.864375e-13,1.233112e-16,1.038939e-21,-6.652456e-13
2791,1395.500000,4,2.866596e-13,1.233150e-16,-1.717227e-21,-1.516121e-12
2792,1396.000000,4,2.866596e-13,1.334373e-16,1.716565e-20,-3.249845e-12
2793,1396.500000,4,2.868816e-13,1.233226e-16,-6.994639e-21,2.675637e-12
2794,1397.000000,4,2.864375e-13,1.233264e-16,1.351282e-20,-2.313261e-12
2795,1397.500000,4,2.864375e-13,1.208976e-16,1.386355e-21,3.119283e-12
2796,1398.000000,4,2.868816e-13,1.056030e-16,8.589443e-21,4.997336e-12
2797,1398.500000,4,2.873257e-13,1.292140e-16,-9.820288e-21,-3.602452e-12
2798,1399.000000,4,2.864375e-13,1.083641e-16,-1.480653e-20,4.322764e-12
2799,1399.500000,4,2.868816e-13,1.333602e-16,-1.377090e-20,2.437162e-12
2800,1400.000000,4,2.871037e-13,1.233492e-16,6.286573e-21,5.553336e-12
2801,1400.500000,4,2.868816e-13,1.277824e-16,8.394229e-21,-1.244338e-12
2802,1401.000000,4,2.868816e-13,9.868541e-17,7.646458e-21,-1.725731e-12
2803,1401.500000,4,2.866596e-13,1.472033e-16,-2.170522e-21,1.510791e-12
2804,1402.000000,4,2.864375e-13,1.388596e-16,-5.161607e-21,-9.086065e-13
2805,1402.500000,4,2.866596e-13,1.055246e-16,3.646212e-21,-9.063861e-13
2806,1403.000000,4,2.868816e-13,1.388367e-16,1.721197e-20,2.488232e-12
2807,1403.500000,4,2.866596e-13,1.207780e-16,-2.862045e-21,-5.324630e-13
2808,1404.000000,4,2.871037e-13,1.233795e-16,1.017101e-20,1.671108e-12
2809,1404.500000,4,2.866596e-13,1.152060e-16,-9.939402e-21,3.569145e-12
2810,1405.000000,4,2.866596e-13,1.360152e-16,-5.353513e-21,4.676703e-12
2811,1405.500000,4,2.864375e-13,1.054725e-16,-1.046880e-20,-7.347900e-12
2812,1406.000000,4,2.864375e-13,1.233947e-16,1.005521e-20,8.482104e-14
2813,1406.500000,4,2.868816e-13,1.554075e-16,1.377090e-20,-5.488943e-13
2814,1407.000000,4,2.862155e-13,1.387453e-16,5.350204e-21,-3.995915e-12
2815,1407.500000,4,2.866596e-13,1.165365e-16,-5.145063e-21,-1.078249e-12
2816,1408.000000,4,2.868816e-13,1.095908e-16,7.471095e-21,2.260414e-12
2817,1408.500000,4,2.864375e-13,1.414854e-16,3.900984e-21,-2.673861e-12
2818,1409.000000,4,2.871037e-13,1.026378e-16,-8.923624e-21,-4.414247e-12
2819,1409.500000,4,2.868816e-13,1.275933e-16,-1.040262e-20,2.974954e-12
2820,1410.000000,4,2.864375e-13,1.137152e-16,1.890604e-20,-2.519762e-12
2821,1410.500000,4,2.868816e-13,1.331190e-16,6.925156e-21,-5.826450e-13
2822,1411.000000,4,2.866596e-13,1.012176e-16,-7.160075e-21,2.247535e-12
2823,1411.500000,4,2.871037e-13,1.481236e-16,-1.019087e-21,2.660094e-12
2824,1412.000000,4,2.868816e-13,9.875209e-17,-5.608285e-21,2.656098e-12
2825,1412.500000,4,2.868816e-13,1.303030e-16,4.906835e-21,4.842349e-12
2826,1413.000000,4,2.868816e-13,1.234477e-16,-2.835575e-21,2.775558e-13
2827,1413.500000,4,2.866596e-13,1.108780e-16,2.842193e-21,2.707612e-12
2828,1414.000000,4,2.866596e-13,1.191841e-16,1.372458e-20,4.346745e-12
2829,1414.500000,4,2.868816e-13,1.234590e-16,9.122148e-21,-5.763390e-12
2830,1415.000000,4,2.868816e-13,1.441060e-16,3.560185e-21,2.624567e-12
2831,1415.500000,4,2.873257e-13,1.246969e-16,1.507785e-20,-3.244072e-12
2832,1416.000000,4,2.868816e-13,1.108327e-16,8.470329e-22,1.423306e-12
2833,1416.500000,4,2.866596e-13,1.234742e-16,1.054821e-20,1.112888e-12
2834,1417.000000,4,2.866596e-13,1.385182e-16,-6.240251e-21,-4.356515e-13
2835,1417.500000,4,2.868816e-13,9.878536e-17,-1.363194e-21,1.054268e-12
2836,1418.000000,4,2.871037e-13,1.234855e-16,4.602433e-21,-7.749357e-13
2837,1418.500000,4,2.868816e-13,1.234892e-16,-3.427836e-21,-2.337686e-12
2838,1419.000000,4,2.868816e-13,1.234930e-16,1.286762e-20,1.636913e-12
2839,1419.500000,4,2.871037e-13,1.234968e-16,-9.668087e-21,-3.375078e-13
2840,1420.000000,4,2.868816e-13,1.235005e-16,1.171288e-21,-1.831868e-12
2841,1420.500000,4,2.873257e-13,1.190576e-16,-4.327809e-21,3.567369e-12
2842,1421.000000,4,2.868816e-13,1.467334e-16,1.673221e-20,-4.907186e-13
2843,1421.500000,4,2.868816e-13,1.235118e-16,1.291394e-20,-3.613110e-12
2844,1422.000000,4,2.868816e-13,1.162604e-16,-3.014246e-21,2.691625e-12
2845,1422.500000,4,2.871037e-13,9.964364e-17,2.729696e-21,7.820411e-13
2846,1423.000000,4,2.875478e-13,1.273121e-16,1.048865e-21,8.367085e-12
2847,1423.500000,4,2.866596e-13,1.235269e-16,2.024938e-21,-5.456968e-12
2848,1424.000000,4,2.871037e-13,1.235306e-16,7.031035e-21,1.167955e-13
2849,1424.500000,4,2.875478e-13,1.162130e-16,1.670905e-21,-2.498446e-12
2850,1425.000000,4,2.868816e-13,1.009865e-16,-3.209461e-22,-6.621370e-13
2851,1425.500000,4,2.871037e-13,1.051280e-16,1.499844e-20,-3.132605e-12
2852,1426.000000,4,2.873257e-13,1.410814e-16,2.141074e-20,2.190248e-12
2853,1426.500000,4,2.868816e-13,1.424530e-16,9.529121e-21,2.080558e-12
2854,1427.000000,4,2.871037e-13,1.078682e-16,-2.000454e-20,-9.419132e-13
2855,1427.500000,4,2.873257e-13,1.235570e-16,-1.340033e-21,-5.870859e-12
2856,1428.000000,4,2.873257e-13,1.235607e-16,7.755645e-21,2.101874e-12
2857,1428.500000,4,2.871037e-13,1.327285e-16,-1.666934e-20,-2.764011e-12
2858,1429.000000,4,2.873257e-13,1.036858e-16,-1.935603e-21,1.366462e-12
2859,1429.500000,4,2.871037e-13,1.235720e-16,7.193163e-21,8.961720e-13
2860,1430.000000,4,2.873257e-13,1.105802e-16,-1.661310e-20,5.656808e-12
2861,1430.500000,4,2.873257e-13,1.465068e-16,-4.135903e-21,-4.571898e-12
2862,1431.000000,4,2.873257e-13,1.160903e-16,4.661990e-21,-4.368950e-12
2863,1431.500000,4,2.866596e-13,1.235871e-16,-1.366502e-21,5.253575e-12
2864,1432.000000,4,2.868816e-13,1.533802e-16,-8.536504e-22,1.848299e-12
2865,1432.500000,4,2.871037e-13,1.091536e-16,-2.553010e-20,-3.878231e-12
2866,1433.000000,4,2.871037e-13,1.132895e-16,-1.444588e-20,7.340795e-13
2867,1433.500000,4,2.868816e-13,1.257136e-16,-7.947551e-21,-3.954170e-12
2868,1434.000000,4,2.873257e-13,1.049830e-16,7.474404e-21,8.966161e-13
2869,1434.500000,4,2.871037e-13,1.022120e-16,7.514109e-21,8.235634e-12
2870,1435.000000,4,2.871037e-13,1.381132e-16,2.276401e-21,3.724576e-12
2871,1435.500000,4,2.873257e-13,1.021955e-16,3.298796e-21,7.699619e-12
2872,1436.000000,4,2.873257e-13,1.132345e-16,3.407984e-21,4.527489e-12
2873,1436.500000,4,2.871037e-13,1.236246e-16,4.271561e-21,2.173373e-12
2874,1437.000000,4,2.873257e-13,1.483540e-16,6.822586e-21,-2.660094e-12
2875,1437.500000,4,2.871037e-13,1.236321e-16,1.852885e-22,-3.435918e-12
2876,1438.000000,4,2.868816e-13,1.297634e-16,1.171288e-20,1.468159e-12
2877,1438.500000,4,2.866596e-13,9.938518e-17,9.201557e-21,8.959056e-12
2878,1439.000000,4,2.866596e-13,1.236432e-16,5.224473e-21,5.746514e-13
2879,1439.500000,4,2.871037e-13,1.338723e-16,-2.674109e-20,-9.703793e-12
2880,1440.000000,4,2.868816e-13,1.236507e-16,3.226004e-21,3.836487e-12
2881,1440.500000,4,2.875478e-13,1.236544e-16,-1.246727e-20,-1.874056e-12
2882,1441.000000,4,2.875478e-13,1.236581e-16,-6.640606e-21,5.480061e-12
2883,1441.500000,4,2.871037e-13,1.200326e-16,8.017034e-21,-2.335909e-12
2884,1442.000000,4,2.873257e-13,1.489943e-16,-1.955455e-21,-2.668532e-12
2885,1442.500000,4,2.873257e-13,1.296700e-16,-1.069710e-20,2.268852e-12
2886,1443.000000,4,2.873257e-13,1.393154e-16,4.347661e-21,4.805045e-13
2887,1443.500000,4,2.873257e-13,1.103402e-16,6.703472e-21,2.968736e-12
2888,1444.000000,4,2.873257e-13,1.048151e-16,2.752857e-21,4.762857e-12
2889,1444.500000,4,2.871037e-13,1.379038e-16,1.362532e-20,1.044498e-12
2890,1445.000000,4,2.875478e-13,1.236879e-16,-9.946020e-21,4.039880e-12
2891,1445.500000,4,2.875478e-13,1.075483e-16,-9.294201e-21,5.258016e-12
2892,1446.000000,4,2.866596e-13,1.213272e-16,-4.192151e-21,-1.243450e-14
2893,1446.500000,4,2.868816e-13,1.484389e-16,-1.683147e-20,-4.041212e-13
2894,1447.000000,4,2.875478e-13,1.199301e-16,-4.374131e-21,-3.890221e-13
2895,1447.500000,4,2.873257e-13,1.268129e-16,-3.001011e-21,3.095302e-13
2896,1448.000000,4,2.875478e-13,1.237103e-16,-1.284446e-20,6.168399e-13
2897,1448.500000,4,2.873257e-13,1.237140e-16,-1.056144e-20,7.410961e-12
2898,1449.000000,4,2.871037e-13,1.130030e-16,3.685917e-21,-3.490985e-12
2899,1449.500000,4,2.873257e-13,1.240182e-16,1.421758e-20,2.145839e-12
2900,1450.000000,4,2.873257e-13,1.237251e-16,1.019748e-20,-6.896705e-12
2901,1450.500000,4,2.873257e-13,1.267549e-16,5.628137e-21,-3.548273e-13
2902,1451.000000,4,2.873257e-13,1.019473e-16,1.126620e-20,2.883471e-12
2903,1451.500000,4,2.873257e-13,1.237363e-16,-5.072272e-21,-1.100897e-12
2904,1452.000000,4,2.868816e-13,1.237400e-16,1.524659e-20,1.977085e-12
2905,1452.500000,4,2.873257e-13,1.115657e-16,1.472381e-20,3.347544e-12
2906,1453.000000,4,2.873257e-13,1.239525e-16,-1.611348e-21,3.727685e-12
2907,1453.500000,4,2.873257e-13,1.485014e-16,5.565271e-21,-3.124168e-12
2908,1454.000000,4,2.868816e-13,1.074094e-16,1.836010e-20,-5.595524e-14
2909,1454.500000,4,2.873257e-13,1.184168e-16,8.721792e-21,-4.476419e-13
2910,1455.000000,4,2.875478e-13,1.237623e-16,9.608530e-21,4.847678e-12
2911,1455.500000,4,2.875478e-13,1.237660e-16,-2.547716e-22,-2.509548e-12
2912,1456.000000,4,2.871037e-13,1.237698e-16,-1.092871e-20,1.706635e-12
2913,1456.500000,4,2.875478e-13,1.018631e-16,2.021629e-21,-3.014922e-12
2914,1457.000000,4,2.873257e-13,1.101141e-16,4.678534e-21,-6.898926e-12
2915,1457.500000,4,2.875478e-13,1.237809e-16,-4.433688e-22,5.270451e-12
2916,1458.000000,4,2.871037e-13,1.059690e-16,1.198088e-20,-3.903544e-13
2917,1458.500000,4,2.866596e-13,1.155940e-16,-1.510101e-20,-9.028334e-13
2918,1459.000000,4,2.875478e-13,1.004492e-16,-9.165161e-22,1.448619e-12
2919,1459.500000,4,2.873257e-13,1.114491e-16,-1.908802e-20,-5.078604e-12
2920,1460.000000,4,2.875478e-13,1.237995e-16,2.004093e-20,9.721113e-13
2921,1460.500000,4,2.871037e-13,1.100569e-16,4.949849e-21,-3.063327e-12
2922,1461.000000,4,2.868816e-13,1.238069e-16,-4.109433e-21,-1.347811e-12
2923,1461.500000,4,2.873257e-13,1.238106e-16,2.737306e-20,-3.420819e-12
2924,1462.000000,4,2.877698e-13,1.155342e-16,1.062100e-21,-2.347011e-12
2925,1462.500000,4,2.875478e-13,1.361553e-16,1.685463e-20,-3.375078e-12
2926,1463.000000,4,2.875478e-13,1.168924e-16,6.693546e-21,-9.428014e-13
2927,1463.500000,4,2.875478e-13,1.238255e-16,2.644331e-20,4.992451e-12
2928,1464.000000,4,2.873257e-13,1.485950e-16,2.706535e-21,2.655653e-13
2929,1464.500000,4,2.871037e-13,1.238329e-16,1.780754e-20,1.207923e-12
2930,1465.000000,4,2.871037e-13,1.264818e-16,-1.422420e-20,1.993961e-12
2931,1465.500000,4,2.877698e-13,1.264726e-16,-3.891058e-21,-5.084821e-13
2932,1466.000000,4,2.873257e-13,1.044697e-16,-4.618977e-21,-6.008527e-12
2933,1466.500000,4,2.873257e-13,1.127091e-16,5.912687e-21,6.211032e-12
2934,1467.000000,4,2.871037e-13,1.127009e-16,4.456849e-21,-6.604939e-12
2935,1467.500000,4,2.871037e-13,1.044469e-16,8.652309e-21,-4.298784e-13
2936,1468.000000,4,2.871037e-13,1.238588e-16,4.979627e-21,2.687184e-12
2937,1468.500000,4,2.873257e-13,1.346620e-16,1.667596e-21,-3.944844e-12
2938,1469.000000,4,2.873257e-13,1.238663e-16,6.849055e-21,7.052137e-13
2939,1469.500000,4,2.873257e-13,1.346424e-16,1.750645e-20,4.430234e-12
2940,1470.000000,4,2.873257e-13,1.346327e-16,2.423639e-20,1.465494e-12
2941,1470.500000,4,2.871037e-13,1.346229e-16,4.387366e-21,1.857181e-12
2942,1471.000000,4,2.871037e-13,1.238811e-16,-9.535738e-21,1.477041e-12
2943,1471.500000,4,2.868816e-13,1.620736e-16,-9.555590e-21,3.807177e-12
2944,1472.000000,4,2.875478e-13,1.238885e-16,-7.120371e-21,2.629008e-13
2945,1472.500000,4,2.873257e-13,1.238922e-16,2.359119e-21,3.908429e-12
2946,1473.000000,4,2.873257e-13,1.455601e-16,1.382384e-20,7.853274e-12
2947,1473.500000,4,2.871037e-13,1.263261e-16,-1.096180e-20,5.830003e-12
2948,1474.000000,4,2.873257e-13,1.070948e-16,-4.499863e-22,-3.061107e-12
2949,1474.500000,4,2.873257e-13,1.125788e-16,-1.139524e-20,-5.660361e-12
2950,1475.000000,4,2.873257e-13,1.098251e-16,7.146840e-21,4.338307e-12
2951,1475.500000,4,2.873257e-13,1.262898e-16,-8.615913e-21,2.078782e-12
2952,1476.000000,4,2.875478e-13,1.345165e-16,1.103459e-20,3.637535e-12
2953,1476.500000,4,2.871037e-13,1.487062e-16,5.767103e-21,6.639134e-12
2954,1477.000000,4,2.875478e-13,1.043040e-16,2.117582e-21,-4.125589e-13
2955,1477.500000,4,2.875478e-13,1.317430e-16,-7.213015e-22,6.472600e-12
2956,1478.000000,4,2.875478e-13,1.029169e-16,1.306945e-21,5.746070e-12
2957,1478.500000,4,2.873257e-13,1.262357e-16,-1.352606e-20,3.997247e-12
2958,1479.000000,4,2.875478e-13,1.262267e-16,-8.337981e-21,4.538592e-12
2959,1479.500000,4,2.871037e-13,1.487328e-16,-1.097834e-20,8.892442e-12
2960,1480.000000,4,2.875478e-13,1.262088e-16,5.734016e-21,1.072475e-12
2961,1480.500000,4,2.871037e-13,1.371737e-16,9.410007e-21,9.423573e-13
2962,1481.000000,4,2.875478e-13,1.239551e-16,-7.120371e-21,4.352074e-13
2963,1481.500000,4,2.875478e-13,1.234388e-16,1.755939e-20,2.320366e-12
2964,1482.000000,4,2.875478e-13,1.398874e-16,-6.372599e-21,-4.987122e-13
2965,1482.500000,4,2.875478e-13,1.239661e-16,8.966638e-22,5.266010e-12
2966,1483.000000,4,2.875478e-13,1.234126e-16,-3.226004e-21,-1.009415e-12
2967,1483.500000,4,2.871037e-13,1.234039e-16,-3.186300e-21,-1.527667e-13
2968,1484.000000,4,2.873257e-13,9.597403e-17,-9.661470e-22,-1.073364e-12
2969,1484.500000,4,2.875478e-13,1.370961e-16,1.436978e-20,5.005329e-12
2970,1485.000000,4,2.873257e-13,1.239846e-16,-5.651298e-21,-5.102585e-13
2971,1485.500000,4,2.875478e-13,1.370768e-16,-4.195460e-21,-1.166622e-12
2972,1486.000000,4,2.871037e-13,1.239919e-16,1.191140e-22,3.948397e-12
2973,1486.500000,4,2.875478e-13,1.239956e-16,-6.263412e-21,1.291856e-12
2974,1487.000000,4,2.875478e-13,1.288250e-16,9.433168e-21,3.925305e-12
2975,1487.500000,4,2.873257e-13,1.240030e-16,-1.829062e-20,-1.806555e-12
2976,1488.000000,4,2.873257e-13,1.068823e-16,-3.685917e-21,-2.068123e-12
2977,1488.500000,4,2.873257e-13,1.240103e-16,9.866610e-21,6.157297e-12
2978,1489.000000,4,2.873257e-13,9.921122e-17,4.205386e-21,1.545430e-13
2979,1489.500000,4,2.873257e-13,1.095999e-16,4.410527e-21,-8.668621e-13
2980,1490.000000,4,2.871037e-13,1.095922e-16,-6.551270e-22,2.291056e-12
2981,1490.500000,4,2.875478e-13,1.240251e-16,1.938911e-21,1.451284e-12
2982,1491.000000,4,2.877698e-13,1.240287e-16,-4.936614e-21,9.747758e-13
2983,1491.500000,4,2.875478e-13,1.240324e-16,-2.648301e-20,1.024070e-12
2984,1492.000000,4,2.879919e-13,1.013445e-16,2.761791e-20,-1.225686e-12
2985,1492.500000,4,2.871037e-13,1.240398e-16,-7.970712e-21,1.323386e-13
2986,1493.000000,4,2.875478e-13,1.240435e-16,1.613995e-20,1.595613e-12
2987,1493.500000,4,2.873257e-13,1.240471e-16,1.033645e-20,1.361133e-12
2988,1494.000000,4,2.875478e-13,1.240508e-16,1.057799e-20,5.430767e-12
2989,1494.500000,4,2.875478e-13,1.240545e-16,1.990527e-20,7.912337e-12
2990,1495.000000,4,2.877698e-13,1.240582e-16,-6.657150e-21,7.150280e-12
2991,1495.500000,4,2.871037e-13,1.190903e-16,1.743697e-21,2.146283e-12
2992,1496.000000,4,2.875478e-13,1.478259e-16,-2.130817e-20,-3.332001e-12
2993,1496.500000,4,2.875478e-13,1.240692e-16,-1.014785e-20,-1.810552e-12
2994,1497.000000,4,2.875478e-13,1.240729e-16,2.534481e-21,4.400036e-12
2995,1497.500000,4,2.879919e-13,1.240766e-16,4.999480e-21,5.325518e-12
2996,1498.000000,4,2.875478e-13,1.204174e-16,1.734432e-20,2.242651e-12
2997,1498.500000,4,2.871037e-13,1.240839e-16,1.230183e-20,1.089795e-12
2998,1499.000000,4,2.873257e-13,9.927007e-17,1.677522e-21,-9.632295e-13
2999,1499.500000,4,2.877698e-13,1.240913e-16,1.413817e-20,3.383516e-12
3000,1500.000000,4,2.877698e-13,1.012322e-16,3.269018e-21,-5.813128e-13
3001,1500.500000,4,2.875478e-13,1.240986e-16,4.566037e-21,1.280753e-12
3002,1501.000000,4,2.871037e-13,1.367809e-16,3.206152e-21,4.301004e-12
3003,1501.500000,4,2.875478e-13,1.244618e-16,8.073283e-22,5.218048e-13
3004,1502.000000,4,2.877698e-13,1.241096e-16,-3.209461e-22,1.890044e-12
3005,1502.500000,4,2.871037e-13,1.241133e-16,5.009406e-21,-1.736389e-13
3006,1503.000000,4,2.873257e-13,1.241170e-16,3.503937e-21,-4.113598e-12
3007,1503.500000,4,2.879919e-13,1.257930e-16,-9.545664e-21,1.158185e-12
3008,1504.000000,4,2.871037e-13,1.162133e-16,2.148353e-20,3.264500e-12
3009,1504.500000,4,2.875478e-13,1.203061e-16,1.555100e-21,5.800249e-12
3010,1505.000000,4,2.879919e-13,1.339673e-16,7.477713e-22,1.306066e-12
3011,1505.500000,4,2.877698e-13,1.241353e-16,-6.008640e-21,7.107204e-12
3012,1506.000000,4,2.875478e-13,1.366811e-16,7.239485e-21,-1.532552e-12
3013,1506.500000,4,2.877698e-13,1.120702e-16,3.593273e-21,5.773160e-13
3014,1507.000000,4,2.877698e-13,1.257279e-16,-4.212004e-21,-7.763123e-12
3015,1507.500000,4,2.868816e-13,1.175195e-16,4.896909e-22,6.381562e-13
3016,1508.000000,4,2.875478e-13,1.011138e-16,-6.653841e-21,3.828937e-12
3017,1508.500000,4,2.875478e-13,1.229671e-16,1.815827e-20,4.027445e-12
3018,1509.000000,4,2.875478e-13,1.092959e-16,9.357067e-21,-4.253042e-12
3019,1509.500000,4,2.875478e-13,1.393417e-16,-7.517417e-21,8.104628e-13
3020,1510.000000,4,2.873257e-13,1.241684e-16,3.209461e-21,2.187139e-12
3021,1510.500000,4,2.875478e-13,1.147347e-16,-5.568580e-21,-1.627143e-12
3022,1511.000000,4,2.875478e-13,1.256523e-16,-2.812083e-20,-2.320810e-12
3023,1511.500000,4,2.879919e-13,1.092546e-16,-1.095187e-21,-4.529266e-12
3024,1512.000000,4,2.877698e-13,1.174397e-16,1.621274e-20,-1.064926e-12
3025,1512.500000,4,2.875478e-13,1.241867e-16,1.009160e-21,2.234657e-12
3026,1513.000000,4,2.873257e-13,1.228833e-16,7.831746e-21,2.340794e-12
3027,1513.500000,4,2.877698e-13,1.241940e-16,-1.729800e-20,-1.289191e-12
3028,1514.000000,4,2.882139e-13,1.037523e-16,1.248050e-20,9.614087e-12
3029,1514.500000,4,2.877698e-13,1.146648e-16,1.801269e-20,-1.412648e-12
3030,1515.000000,4,2.875478e-13,1.242050e-16,-6.372599e-21,-5.407674e-12
3031,1515.500000,4,2.877698e-13,1.242087e-16,-1.760240e-21,-2.638778e-12
3032,1516.000000,4,2.875478e-13,1.242124e-16,1.807555e-20,1.365130e-12
3033,1516.500000,4,2.877698e-13,9.937282e-17,1.864134e-20,2.534417e-12
3034,1517.000000,4,2.877698e-13,1.037045e-16,1.398928e-20,-2.724931e-12
3035,1517.500000,4,2.882139e-13,1.227985e-16,2.309488e-21,-3.748557e-12
3036,1518.000000,4,2.877698e-13,1.242270e-16,-1.244080e-21,2.002842e-12
3037,1518.500000,4,2.875478e-13,1.200511e-16,-1.442272e-20,1.895817e-12
3038,1519.000000,4,2.879919e-13,1.242343e-16,-8.811128e-21,8.539836e-13
3039,1519.500000,4,2.875478e-13,1.200325e-16,-6.471861e-21,2.433609e-12
3040,1520.000000,4,2.877698e-13,1.172954e-16,-1.101143e-20,8.687717e-12
3041,1520.500000,4,2.875478e-13,1.281967e-16,4.519715e-21,9.672263e-13
3042,1521.000000,4,2.882139e-13,9.939920e-17,1.902846e-20,3.911538e-12
3043,1521.500000,4,2.879919e-13,1.254496e-16,3.692534e-21,1.136868e-13
3044,1522.000000,4,2.877698e-13,1.063512e-16,-2.671793e-20,1.314060e-12
3045,1522.500000,4,2.877698e-13,1.242600e-16,3.110199e-22,-3.907985e-13
3046,1523.000000,4,2.877698e-13,1.186040e-16,-8.457095e-21,2.944311e-13
3047,1523.500000,4,2.877698e-13,1.242673e-16,1.034638e-20,-7.156498e-12
3048,1524.000000,4,2.875478e-13,1.242710e-16,5.389909e-21,-1.476597e-12
3049,1524.500000,4,2.875478e-13,1.362945e-16,4.082964e-21,-2.045031e-12
3050,1525.000000,4,2.879919e-13,1.240183e-16,4.175608e-21,9.465762e-12
3051,1525.500000,4,2.875478e-13,1.035676e-16,8.920316e-21,-1.989520e-13
3052,1526.000000,4,2.877698e-13,1.008342e-16,2.477571e-20,2.675193e-12
3053,1526.500000,4,2.877698e-13,1.242893e-16,-4.311265e-21,4.927614e-12
3054,1527.000000,4,2.879919e-13,1.242929e-16,-1.304298e-20,2.121858e-12
3055,1527.500000,4,2.877698e-13,1.239696e-16,4.764560e-21,6.924683e-12
3056,1528.000000,4,2.879919e-13,1.498416e-16,-1.410839e-20,-1.746159e-12
3057,1528.500000,4,2.875478e-13,1.243039e-16,2.330664e-20,-4.945822e-12
3058,1529.000000,4,2.875478e-13,1.416461e-16,-3.401367e-21,-7.307044e-12
3059,1529.500000,4,2.879919e-13,1.243112e-16,2.580804e-22,4.322764e-12
3060,1530.000000,4,2.875478e-13,1.252826e-16,6.266720e-21,2.165823e-12
3061,1530.500000,4,2.877698e-13,1.243185e-16,1.687448e-21,5.894840e-12
3062,1531.000000,4,2.875478e-13,1.225397e-16,-9.105604e-21,5.206058e-12
3063,1531.500000,4,2.877698e-13,1.243258e-16,6.693546e-21,-2.344791e-13
3064,1532.000000,4,2.879919e-13,1.243295e-16,-9.932785e-21,-4.888978e-12
3065,1532.500000,4,2.877698e-13,1.243331e-16,1.212647e-20,-1.931344e-12
3066,1533.000000,4,2.877698e-13,1.170565e-16,6.035110e-21,-2.648992e-12
3067,1533.500000,4,2.879919e-13,1.061591e-16,-5.042493e-21,2.521094e-12
3068,1534.000000,4,2.877698e-13,1.243441e-16,3.679299e-21,-2.703171e-12
3069,1534.500000,4,2.877698e-13,9.947821e-17,1.641126e-20,2.604139e-12
3070,1535.000000,4,2.882139e-13,1.243514e-16,8.933551e-23,5.595524e-13
3071,1535.500000,4,2.879919e-13,1.129283e-16,9.803745e-21,5.246470e-12
3072,1536.000000,4,2.877698e-13,1.360474e-16,1.693404e-20,-1.898037e-12
3073,1536.500000,4,2.877698e-13,1.101896e-16,1.199081e-20,6.612932e-12
3074,1537.000000,4,2.877698e-13,1.197026e-16,2.597347e-21,-4.272138e-13
3075,1537.500000,4,2.879919e-13,1.033713e-16,1.480653e-20,-2.752465e-12
3076,1538.000000,4,2.877698e-13,1.020030e-16,-1.803254e-21,-5.111023e-12
3077,1538.500000,4,2.879919e-13,1.243770e-16,2.281364e-20,6.754597e-12
3078,1539.000000,4,2.877698e-13,1.243806e-16,8.930242e-21,2.258638e-12
3079,1539.500000,4,2.879919e-13,1.169355e-16,7.725867e-21,-3.594458e-12
3080,1540.000000,4,2.882139e-13,1.087685e-16,1.035630e-21,1.164402e-12
3081,1540.500000,4,2.877698e-13,9.951328e-17,6.716707e-21,-2.238210e-12
3082,1541.000000,4,2.879919e-13,1.169075e-16,-6.600901e-21,4.481304e-12
3083,1541.500000,4,2.879919e-13,1.243989e-16,1.313563e-21,5.015099e-12
3084,1542.000000,4,2.882139e-13,1.244025e-16,3.932417e-20,-1.442402e-12
3085,1542.500000,4,2.882139e-13,1.005706e-16,1.229852e-20,-1.501022e-12
3086,1543.000000,4,2.882139e-13,1.494849e-16,8.208940e-21,2.017497e-12
3087,1543.500000,4,2.879919e-13,9.953078e-17,1.177905e-20,-3.828493e-12
3088,1544.000000,4,2.879919e-13,1.059814e-16,-2.997703e-21,-6.958878e-13
3089,1544.500000,4,2.877698e-13,1.086901e-16,3.755400e-21,3.556266e-12
3090,1545.000000,4,2.882139e-13,1.494370e-16,5.131829e-21,2.867040e-12
3091,1545.500000,4,2.882139e-13,1.244280e-16,-4.837352e-21,4.218403e-12
3092,1546.000000,4,2.879919e-13,9.954532e-17,-4.026715e-21,-6.474821e-13
3093,1546.500000,4,2.879919e-13,1.181626e-16,1.909133e-21,-1.850964e-12
3094,1547.000000,4,2.879919e-13,1.244389e-16,9.595295e-22,-1.777245e-12
3095,1547.500000,4,2.882139e-13,1.127117e-16,-9.055973e-21,-4.147793e-13
3096,1548.000000,4,2.884359e-13,1.086290e-16,3.990319e-21,-9.796608e-12
3097,1548.500000,4,2.882139e-13,1.099780e-16,2.084495e-21,-5.462297e-13
3098,1549.000000,4,2.879919e-13,1.244535e-16,3.454306e-21,7.944312e-12
3099,1549.500000,4,2.882139e-13,1.244571e-16,2.387243e-20,2.602363e-12
3100,1550.000000,4,2.879919e-13,1.072366e-16,5.492479e-22,7.606804e-12
3101,1550.500000,4,2.879919e-13,1.357315e-16,1.873730e-20,5.068390e-12
3102,1551.000000,4,2.882139e-13,1.411494e-16,5.657915e-22,3.982148e-12
3103,1551.500000,4,2.879919e-13,1.519948e-16,-1.702338e-20,2.973621e-12
3104,1552.000000,4,2.879919e-13,1.167008e-16,-8.470329e-21,1.578737e-12
3105,1552.500000,4,2.879919e-13,1.275464e-16,3.699152e-21,-4.416467e-12
3106,1553.000000,4,2.879919e-13,1.519579e-16,8.116296e-21,1.514788e-12
3107,1553.500000,4,2.882139e-13,1.058193e-16,-6.538036e-21,1.932676e-12
3108,1554.000000,4,2.877698e-13,1.193762e-16,1.091878e-21,1.103118e-12
3109,1554.500000,4,2.879919e-13,1.275052e-16,1.568004e-20,2.905232e-12
3110,1555.000000,4,2.882139e-13,9.959762e-17,6.097975e-21,8.439027e-12
3111,1555.500000,4,2.882139e-13,1.193472e-16,2.156294e-20,4.179324e-12
3112,1556.000000,4,2.882139e-13,1.245043e-16,2.339267e-21,7.659651e-12
3113,1556.500000,4,2.882139e-13,1.245079e-16,4.483319e-21,-1.840750e-12
3114,1557.000000,4,2.882139e-13,1.288094e-16,8.162618e-21,4.343192e-13
3115,1557.500000,4,2.882139e-13,1.138854e-16,-5.952392e-21,-9.112711e-13
3116,1558.000000,4,2.879919e-13,1.220101e-16,-7.626605e-21,6.617373e-12
3117,1558.500000,4,2.882139e-13,1.220002e-16,1.331099e-20,3.085976e-12
3118,1559.000000,4,2.879919e-13,1.192794e-16,-6.329586e-21,2.637890e-12
3119,1559.500000,4,2.877698e-13,1.245297e-16,3.500628e-21,3.922640e-12
3120,1560.000000,4,2.877698e-13,1.355228e-16,-2.283018e-22,4.868550e-12
3121,1560.500000,4,2.882139e-13,1.165402e-16,-1.644435e-21,2.781775e-12
3122,1561.000000,4,2.879919e-13,1.300811e-16,1.151766e-20,-3.165912e-12
3123,1561.500000,4,2.884359e-13,9.963534e-17,5.826660e-21,9.974244e-13
3124,1562.000000,4,2.884359e-13,1.245478e-16,-1.260623e-21,-2.805756e-12
3125,1562.500000,4,2.882139e-13,1.245514e-16,7.553813e-21,-1.468603e-12
3126,1563.000000,4,2.882139e-13,1.245550e-16,-2.815723e-21,2.575273e-12
3127,1563.500000,4,2.882139e-13,1.083584e-16,-7.808585e-22,3.986145e-12
3128,1564.000000,4,2.882139e-13,1.002238e-16,-1.471389e-20,1.398881e-13
3129,1564.500000,4,2.884359e-13,1.245659e-16,-2.084495e-22,-8.149037e-13
3130,1565.000000,4,2.879919e-13,1.110417e-16,1.289740e-20,1.220357e-12
3131,1565.500000,4,2.886580e-13,1.218657e-16,-5.657915e-21,4.334311e-12
3132,1566.000000,4,2.879919e-13,1.164405e-16,-4.781104e-21,1.056044e-12
3133,1566.500000,4,2.884359e-13,1.326779e-16,1.173604e-20,-2.738698e-12
3134,1567.000000,4,2.884359e-13,1.191302e-16,-2.200300e-21,-1.044942e-12
3135,1567.500000,4,2.886580e-13,1.353650e-16,1.036954e-20,4.907186e-12
3136,1568.000000,4,2.879919e-13,1.109908e-16,1.151435e-21,-8.917311e-13
3137,1568.500000,4,2.882139e-13,1.245949e-16,2.799179e-21,7.507328e-12
3138,1569.000000,4,2.882139e-13,1.190941e-16,-6.882143e-21,-3.890221e-12
3139,1569.500000,4,2.882139e-13,1.163786e-16,9.535738e-21,6.418865e-12
3140,1570.000000,4,2.882139e-13,1.163698e-16,6.782881e-22,7.527312e-13
3141,1570.500000,4,2.879919e-13,1.246094e-16,1.111731e-21,-4.241052e-13
3142,1571.000000,4,2.886580e-13,1.244700e-16,5.856439e-22,-1.683542e-12
3143,1571.500000,4,2.882139e-13,1.495399e-16,1.207684e-21,4.447998e-12
3144,1572.000000,4,2.882139e-13,1.055131e-16,-7.610062e-22,-3.172129e-12
3145,1572.500000,4,2.879919e-13,9.969907e-17,2.309488e-21,7.629009e-12
3146,1573.000000,4,2.886580e-13,1.190226e-16,7.765572e-21,3.957723e-12
3147,1573.500000,4,2.884359e-13,1.298332e-16,1.505469e-21,-3.429701e-12
3148,1574.000000,4,2.882139e-13,1.054816e-16,-1.290071e-20,7.856382e-12
3149,1574.500000,4,2.884359e-13,1.246382e-16,1.303637e-21,1.046718e-12
3150,1575.000000,4,2.884359e-13,1.108744e-16,-1.021403e-20,-3.276490e-12
3151,1575.500000,4,2.886580e-13,1.246454e-16,-1.883656e-20,4.098055e-12
3152,1576.000000,4,2.882139e-13,1.246490e-16,6.448700e-21,-2.579270e-12
3153,1576.500000,4,2.882139e-13,1.246526e-16,8.844215e-21,3.905321e-12
3154,1577.000000,4,2.882139e-13,1.246562e-16,2.273092e-20,8.837375e-14
3155,1577.500000,4,2.882139e-13,1.246597e-16,-1.184523e-21,1.893152e-12
3156,1578.000000,4,2.884359e-13,1.243406e-16,1.081952e-21,3.413714e-12
3157,1578.500000,4,2.884359e-13,1.621714e-16,2.881897e-21,7.519763e-12
3158,1579.000000,4,2.884359e-13,1.246705e-16,2.964615e-21,-6.456613e-12
3159,1579.500000,4,2.882139e-13,1.026935e-16,-1.309923e-20,-5.063949e-12
3160,1580.000000,4,2.884359e-13,1.324109e-16,2.312797e-21,-6.182166e-12
3161,1580.500000,4,2.879919e-13,1.026785e-16,-2.641022e-20,-9.054979e-13
3162,1581.000000,4,2.882139e-13,1.350933e-16,-1.712926e-20,4.889422e-13
3163,1581.500000,4,2.884359e-13,1.202243e-16,-1.134892e-20,2.354117e-12
3164,1582.000000,4,2.882139e-13,1.080589e-16,-2.034864e-20,-5.418332e-12
3165,1582.500000,4,2.882139e-13,1.188561e-16,1.454845e-20,-2.406519e-12
3166,1583.000000,4,2.888800e-13,1.246992e-16,8.513343e-21,1.501910e-12
3167,1583.500000,4,2.886580e-13,9.976225e-17,3.470850e-21,-6.776801e-13
3168,1584.000000,4,2.882139e-13,1.161295e-16,-1.323489e-21,6.212808e-12
3169,1584.500000,4,2.882139e-13,1.247100e-16,2.326032e-21,1.433520e-12
3170,1585.000000,4,2.884359e-13,9.977085e-17,6.250177e-21,6.595169e-12
3171,1585.500000,4,2.882139e-13,1.053038e-16,4.106125e-21,-3.711698e-12
3172,1586.000000,4,2.884359e-13,1.247207e-16,-5.691003e-21,5.639933e-13
3173,1586.500000,4,2.884359e-13,1.160874e-16,3.725621e-21,-3.752554e-13
3174,1587.000000,4,2.886580e-13,1.079805e-16,3.771944e-22,-3.466116e-12
3175,1587.500000,4,2.884359e-13,1.228190e-16,2.183757e-22,-6.552536e-12
3176,1588.000000,4,2.882139e-13,1.052658e-16,-1.469073e-21,3.691714e-12
3177,1588.500000,4,2.884359e-13,1.255002e-16,-4.572654e-21,-3.552714e-12
3178,1589.000000,4,2.882139e-13,1.247422e-16,1.058791e-22,-8.242296e-13
3179,1589.500000,4,2.888800e-13,1.247458e-16,8.744953e-21,7.940315e-13
3180,1590.000000,4,2.891021e-13,1.133306e-16,-6.620754e-21,3.803624e-12
3181,1590.500000,4,2.882139e-13,1.247530e-16,7.083975e-21,7.247536e-13
3182,1591.000000,4,2.886580e-13,1.247566e-16,-2.706535e-21,-4.911627e-13
3183,1591.500000,4,2.886580e-13,1.247602e-16,-6.336203e-21,4.590106e-12
3184,1592.000000,4,2.882139e-13,1.247637e-16,3.798413e-21,4.547474e-12
3185,1592.500000,4,2.877698e-13,1.247673e-16,-4.572654e-21,1.619593e-12
3186,1593.000000,4,2.882139e-13,1.247709e-16,1.060776e-20,2.622791e-12
3187,1593.500000,4,2.886580e-13,9.981959e-17,-3.394749e-21,-4.538148e-12
3188,1594.000000,4,2.882139e-13,1.092205e-16,-1.442603e-21,-3.436806e-12
3189,1594.500000,4,2.882139e-13,1.375271e-16,-1.107760e-20,-3.388401e-13
3190,1595.000000,4,2.884359e-13,1.132496e-16,-1.677522e-21,2.858158e-12
3191,1595.500000,4,2.884359e-13,1.280707e-16,2.430918e-20,7.780887e-12
3192,1596.000000,4,2.884359e-13,1.247924e-16,-2.286327e-21,-1.213252e-12
3193,1596.500000,4,2.884359e-13,1.024420e-16,4.896909e-21,9.561241e-12
3194,1597.000000,4,2.882139e-13,1.159130e-16,2.580804e-21,3.727241e-12
3195,1597.500000,4,2.882139e-13,9.984250e-17,-8.582826e-21,-2.593481e-13
3196,1598.000000,4,2.886580e-13,1.212871e-16,-5.777029e-21,1.419309e-12
3197,1598.500000,4,2.882139e-13,1.248103e-16,1.448890e-20,7.083667e-12
3198,1599.000000,4,2.884359e-13,1.077955e-16,1.746344e-20,-5.480949e-12
3199,1599.500000,4,2.879919e-13,1.347348e-16,1.860826e-20,-1.402878e-12
3200,1600.000000,4,2.888800e-13,1.347253e-16,2.365075e-20,-2.065015e-13
3201,1600.500000,4,2.886580e-13,1.347158e-16,5.644681e-21,1.074696e-13
3202,1601.000000,4,2.888800e-13,1.320122e-16,2.123538e-20,-3.333778e-12
3203,1601.500000,4,2.888800e-13,1.050635e-16,1.744358e-20,4.855671e-12
3204,1602.000000,4,2.884359e-13,1.248353e-16,-6.088049e-21,-1.296740e-13
3205,1602.500000,4,2.886580e-13,1.292907e-16,4.992862e-21,1.722622e-12
3206,1603.000000,4,2.884359e-13,1.248425e-16,-4.030024e-21,2.525979e-12
3207,1603.500000,4,2.882139e-13,1.238861e-16,4.195460e-21,5.311307e-13
3208,1604.000000,4,2.884359e-13,1.248496e-16,5.839895e-21,8.458123e-12
3209,1604.500000,4,2.886580e-13,1.400255e-16,-5.221164e-21,-4.908962e-12
3210,1605.000000,4,2.888800e-13,9.988543e-17,1.148458e-20,2.851053e-13
3211,1605.500000,4,2.888800e-13,1.238513e-16,-6.885451e-21,-1.585398e-12
3212,1606.000000,4,2.884359e-13,1.467266e-16,1.743366e-20,1.638689e-12
3213,1606.500000,4,2.888800e-13,1.265260e-16,8.175853e-21,2.555289e-12
3214,1607.000000,4,2.886580e-13,9.989687e-17,-8.506725e-21,4.789946e-12
3215,1607.500000,4,2.882139e-13,1.022833e-16,2.848810e-21,-6.582290e-12
3216,1608.000000,4,2.886580e-13,1.264995e-16,-1.945529e-21,-2.266187e-12
3217,1608.500000,4,2.886580e-13,9.990544e-17,-8.116296e-21,-5.409007e-12
3218,1609.000000,4,2.888800e-13,9.990830e-17,-5.019332e-21,7.366108e-12
3219,1609.500000,4,2.888800e-13,1.453094e-16,-2.792562e-21,-1.946443e-12
3220,1610.000000,4,2.884359e-13,1.183920e-16,5.902761e-21,-2.477130e-12
3221,1610.500000,4,2.888800e-13,1.248961e-16,8.655618e-21,2.764899e-12
3222,1611.000000,4,2.891021e-13,1.248996e-16,1.037615e-20,-1.192380e-12
3223,1611.500000,4,2.886580e-13,1.249032e-16,1.860164e-20,4.797052e-12
3224,1612.000000,4,2.886580e-13,1.049091e-16,-1.106437e-20,-1.011635e-12
3225,1612.500000,4,2.884359e-13,1.022121e-16,8.615913e-21,-1.646239e-12
3226,1613.000000,4,2.884359e-13,1.129634e-16,1.607708e-20,-5.874856e-12
3227,1613.500000,4,2.886580e-13,9.993393e-17,8.725101e-21,-6.568079e-13
3228,1614.000000,4,2.884359e-13,1.290831e-16,8.132840e-21,3.298251e-12
3229,1614.500000,4,2.884359e-13,1.249245e-16,-7.471095e-21,1.256772e-12
3230,1615.000000,4,2.884359e-13,1.249281e-16,3.249165e-21,-1.593392e-12
3231,1615.500000,4,2.888800e-13,1.075469e-16,-5.029258e-22,-8.300027e-13
3232,1616.000000,4,2.884359e-13,1.209819e-16,2.163904e-21,-8.344436e-13
3233,1616.500000,4,2.888800e-13,1.236618e-16,3.325266e-21,9.889867e-13
3234,1617.000000,4,2.888800e-13,1.720393e-16,-1.143164e-20,-4.555467e-12
3235,1617.500000,4,2.888800e-13,1.505240e-16,-5.300573e-21,-1.731948e-12
3236,1618.000000,4,2.891021e-13,1.249800e-16,1.071695e-20,3.302691e-12
3237,1618.500000,4,2.888800e-13,1.357216e-16,2.819032e-21,-6.838530e-12
3238,1619.000000,4,2.884359e-13,1.249565e-16,3.120125e-21,-4.472867e-12
3239,1619.500000,4,2.891021e-13,1.249601e-16,-9.095678e-21,-5.064393e-12
3240,1620.000000,4,2.888800e-13,1.128541e-16,-3.288870e-21,4.038103e-12
3241,1620.500000,4,2.886580e-13,1.558353e-16,1.366502e-20,5.623946e-12
3242,1621.000000,4,2.886580e-13,1.477644e-16,-7.345364e-21,1.857181e-12
3243,1621.500000,4,2.888800e-13,1.343219e-16,2.219491e-20,1.830536e-12
3244,1622.000000,4,2.886580e-13,1.141655e-16,7.600135e-21,-2.131184e-12
3245,1622.500000,4,2.888800e-13,1.020701e-16,4.036641e-22,3.826273e-12
3246,1623.000000,4,2.888800e-13,1.047488e-16,-9.631691e-21,1.299405e-12
3247,1623.500000,4,2.888800e-13,1.329409e-16,-1.899207e-21,4.074519e-12
3248,1624.000000,4,2.886580e-13,1.249921e-16,6.025184e-21,-6.505907e-13
3249,1624.500000,4,2.888800e-13,1.249956e-16,1.132576e-20,9.765522e-13
3250,1625.000000,4,2.886580e-13,1.249992e-16,2.632750e-20,-1.027622e-12
3251,1625.500000,4,2.888800e-13,1.100811e-16,-9.363685e-21,3.650413e-12
3252,1626.000000,4,2.888800e-13,1.500075e-16,1.084599e-20,3.523404e-12
3253,1626.500000,4,2.891021e-13,1.181188e-16,-1.738734e-20,-1.297185e-12
3254,1627.000000,4,2.888800e-13,1.000107e-16,-3.441071e-21,3.351097e-12
3255,1627.500000,4,2.888800e-13,1.250169e-16,1.291725e-20,2.050804e-12
3256,1628.000000,4,2.888800e-13,1.250205e-16,7.937625e-21,4.753975e-12
3257,1628.500000,4,2.891021e-13,1.250240e-16,-7.643149e-22,-1.084466e-12
3258,1629.000000,4,2.891021e-13,1.529621e-16,-5.403144e-21,-3.149925e-12
3259,1629.500000,4,2.888800e-13,1.250311e-16,-2.848810e-21,-7.509549e-13
3260,1630.000000,4,2.888800e-13,1.250347e-16,-5.267486e-21,-1.873612e-12
3261,1630.500000,4,2.891021e-13,1.395140e-16,-2.187066e-21,-5.314860e-12
3262,1631.000000,4,2.888800e-13,1.250418e-16,-1.377752e-20,-1.474820e-12
3263,1631.500000,4,2.888800e-13,1.073028e-16,-1.323820e-20,2.206235e-12
3264,1632.000000,4,2.891021e-13,1.421658e-16,1.289409e-20,1.672440e-12
3265,1632.500000,4,2.888800e-13,1.046049e-16,-9.737570e-21,7.542411e-12
3266,1633.000000,4,2.886580e-13,1.340991e-16,-8.830980e-21,2.444711e-12
3267,1633.500000,4,2.891021e-13,1.287257e-16,-3.649521e-21,7.784884e-13
3268,1634.000000,4,2.888800e-13,1.250631e-16,-6.554579e-21,5.112355e-12
3269,1634.500000,4,2.888800e-13,1.206627e-16,1.437640e-20,5.383249e-12
3270,1635.000000,4,2.888800e-13,1.000561e-16,6.306425e-21,-3.814726e-13
3271,1635.500000,4,2.888800e-13,1.260070e-16,2.443822e-20,5.072831e-12
3272,1636.000000,4,2.888800e-13,1.250772e-16,-6.442083e-21,-4.809486e-13
3273,1636.500000,4,2.888800e-13,1.018630e-16,-7.004565e-21,5.964118e-12
3274,1637.000000,4,2.888800e-13,1.250843e-16,3.725621e-21,3.313794e-12
3275,1637.500000,4,2.886580e-13,1.380309e-16,1.086915e-20,3.743672e-12
3276,1638.000000,4,2.888800e-13,1.045205e-16,9.079134e-21,2.696066e-12
3277,1638.500000,4,2.886580e-13,1.250950e-16,-9.509268e-21,-5.493828e-12
3278,1639.000000,4,2.891021e-13,1.250985e-16,-8.596061e-21,-3.028688e-12
3279,1639.500000,4,2.888800e-13,1.098562e-16,-9.496033e-21,3.490541e-12
3280,1640.000000,4,2.888800e-13,1.251056e-16,1.325805e-20,-2.742695e-12
3281,1640.500000,4,2.893241e-13,1.000873e-16,-1.318195e-20,6.274981e-12
3282,1641.000000,4,2.891021e-13,1.000901e-16,8.480256e-21,-1.862954e-12
3283,1641.500000,4,2.888800e-13,1.366101e-16,1.451206e-20,3.516742e-12
3284,1642.000000,4,2.888800e-13,1.251198e-16,5.806808e-21,-6.545875e-13
3285,1642.500000,4,2.893241e-13,1.365899e-16,1.466095e-20,-7.482903e-13
3286,1643.000000,4,2.891021e-13,1.124774e-16,3.288870e-21,3.113065e-12
3287,1643.500000,4,2.888800e-13,1.251304e-16,-4.344353e-21,1.238565e-12
3288,1644.000000,4,2.888800e-13,1.178160e-16,1.455507e-20,-7.176482e-13
3289,1644.500000,4,2.893241e-13,1.001100e-16,7.696088e-21,-1.806111e-12
3290,1645.000000,4,2.893241e-13,1.151213e-16,-1.766858e-20,2.736478e-12
3291,1645.500000,4,2.888800e-13,1.070816e-16,-1.003205e-20,5.684342e-14
3292,1646.000000,4,2.888800e-13,1.231347e-16,-1.016109e-20,-6.953549e-12
3293,1646.500000,4,2.888800e-13,1.001213e-16,7.474404e-21,1.743938e-12
3294,1647.000000,4,2.891021e-13,1.001241e-16,-3.699152e-21,-3.481659e-13
3295,1647.500000,4,2.891021e-13,1.251587e-16,1.524328e-20,3.881340e-13
3296,1648.000000,4,2.891021e-13,1.251623e-16,4.089581e-21,-6.439738e-12
3297,1648.500000,4,2.893241e-13,1.251658e-16,2.541099e-21,2.157385e-12
3298,1649.000000,4,2.891021e-13,1.043503e-16,4.321192e-21,1.548095e-12
3299,1649.500000,4,2.893241e-13,1.203952e-16,5.671150e-21,4.928946e-12
3300,1650.000000,4,2.888800e-13,1.203862e-16,0.000000e+00,1.885159e-12
3301,1650.500000,4,2.893241e-13,1.251800e-16,2.670801e-20,-1.483702e-12
3302,1651.000000,4,2.891021e-13,1.016443e-16,1.823768e-20,-1.033396e-12
3303,1651.500000,4,2.891021e-13,1.251870e-16,1.215625e-20,-8.046896e-12
3304,1652.000000,4,2.891021e-13,1.251906e-16,-1.065740e-20,4.484413e-12
3305,1652.500000,4,2.893241e-13,1.551066e-16,-6.822586e-21,3.674838e-12
3306,1653.000000,4,2.891021e-13,1.256805e-16,3.672682e-22,-4.421796e-12
3307,1653.500000,4,2.891021e-13,1.502414e-16,-5.727399e-21,1.024958e-12
3308,1654.000000,4,2.891021e-13,1.523982e-16,-1.063754e-20,5.242473e-12
3309,1654.500000,4,2.891021e-13,1.001666e-16,2.409081e-20,9.721113e-12
3310,1655.000000,4,2.888800e-13,1.256429e-16,-4.896909e-22,4.461320e-12
3311,1655.500000,4,2.891021e-13,1.256335e-16,1.628884e-20,7.936762e-12
3312,1656.000000,4,2.891021e-13,1.470069e-16,4.350970e-21,9.961809e-12
3313,1656.500000,4,2.888800e-13,1.309600e-16,-7.510800e-21,7.469581e-12
3314,1657.000000,4,2.891021e-13,1.001807e-16,1.406207e-20,-9.192647e-14
3315,1657.500000,4,2.891021e-13,1.269320e-16,2.944763e-21,-3.681944e-12
3316,1658.000000,4,2.893241e-13,1.309306e-16,-8.175853e-21,-2.125855e-12
3317,1658.500000,4,2.893241e-13,1.335926e-16,1.116694e-20,-3.775646e-12
3318,1659.000000,4,2.891021e-13,1.202244e-16,-1.268233e-20,2.383871e-12
3319,1659.500000,4,2.893241e-13,1.148724e-16,1.413817e-20,3.496758e-12
3320,1660.000000,4,2.891021e-13,1.252471e-16,-1.039931e-20,6.366907e-12
3321,1660.500000,4,2.891021e-13,1.252507e-16,-6.435465e-21,1.889155e-12
3322,1661.000000,4,2.893241e-13,1.252542e-16,8.374377e-21,1.961542e-12
3323,1661.500000,4,2.891021e-13,1.252577e-16,-2.584112e-21,1.707079e-12
3324,1662.000000,4,2.891021e-13,1.308520e-16,1.467418e-20,-3.567813e-12
3325,1662.500000,4,2.891021e-13,9.879923e-17,1.085261e-21,2.959410e-12
3326,1663.000000,4,2.893241e-13,1.148121e-16,2.372354e-21,1.668887e-12
3327,1663.500000,4,2.895462e-13,1.252719e-16,1.079636e-20,-1.276756e-12
3328,1664.000000,4,2.895462e-13,1.174645e-16,1.208345e-20,5.484502e-13
3329,1664.500000,4,2.893241e-13,1.147862e-16,2.574186e-21,-7.953638e-13
3330,1665.000000,4,2.893241e-13,1.252825e-16,1.500175e-20,2.261302e-12
3331,1665.500000,4,2.897682e-13,1.252860e-16,9.436476e-21,9.938717e-13
3332,1666.000000,4,2.895462e-13,1.321078e-16,1.322165e-20,6.217249e-15
3333,1666.500000,4,2.891021e-13,1.107487e-16,1.179560e-20,2.036593e-12
3334,1667.000000,4,2.893241e-13,1.414275e-16,-1.378745e-20,-1.468159e-12
3335,1667.500000,4,2.893241e-13,1.574263e-16,8.232101e-21,-4.471978e-12
3336,1668.000000,4,2.891021e-13,1.002429e-16,1.407200e-20,-1.409983e-12
3337,1668.500000,4,2.897682e-13,1.253072e-16,-6.624062e-21,-1.208367e-12
3338,1669.000000,4,2.895462e-13,1.253107e-16,1.361870e-20,-6.205703e-12
3339,1669.500000,4,2.891021e-13,1.253142e-16,8.341289e-21,1.292300e-13
3340,1670.000000,4,2.895462e-13,1.013550e-16,8.903772e-21,-9.237056e-14
3341,1670.500000,4,2.893241e-13,1.053479e-16,-1.558408e-21,2.926992e-12
3342,1671.000000,4,2.893241e-13,1.133405e-16,1.823437e-20,4.450662e-12
3343,1671.500000,4,2.895462e-13,1.253283e-16,3.364971e-21,5.310419e-12
3344,1672.000000,4,2.891021e-13,1.119902e-16,-7.295733e-21,5.587975e-12
3345,1672.500000,4,2.893241e-13,1.306454e-16,1.174596e-20,5.258016e-13
3346,1673.000000,4,2.893241e-13,1.253389e-16,-4.410527e-21,-3.763212e-12
3347,1673.500000,4,2.895462e-13,1.002740e-16,2.067952e-21,1.122658e-12
3348,1674.000000,4,2.895462e-13,1.066251e-16,1.592157e-20,-1.327827e-13
3349,1674.500000,4,2.897682e-13,1.253495e-16,-1.497528e-20,2.624567e-12
3350,1675.000000,4,2.891021e-13,1.253530e-16,-1.157060e-20,1.323386e-13
3351,1675.500000,4,2.893241e-13,1.253565e-16,-1.058791e-20,-8.970602e-14
3352,1676.000000,4,2.895462e-13,1.385708e-16,-3.176374e-22,1.314948e-12
3353,1676.500000,4,2.893241e-13,1.253636e-16,-2.680065e-22,2.376765e-12
3354,1677.000000,4,2.893241e-13,1.092413e-16,-8.701940e-22,-1.259437e-12
3355,1677.500000,4,2.893241e-13,1.185578e-16,2.692307e-20,5.402345e-12
3356,1678.000000,4,2.893241e-13,1.253742e-16,3.358353e-21,6.171064e-12
3357,1678.500000,4,2.895462e-13,1.358547e-16,-1.217610e-21,2.461586e-12
3358,1679.000000,4,2.893241e-13,1.253812e-16,8.506725e-21,-7.201795e-12
3359,1679.500000,4,2.891021e-13,1.003078e-16,-4.542876e-21,5.803358e-12
3360,1680.000000,4,2.895462e-13,1.544663e-16,-1.214301e-21,1.161737e-12
3361,1680.500000,4,2.895462e-13,1.253917e-16,-1.333084e-20,4.240608e-12
3362,1681.000000,4,2.895462e-13,1.253952e-16,8.046813e-21,2.081890e-12
3363,1681.500000,4,2.893241e-13,1.144918e-16,-1.130921e-20,1.866951e-12
3364,1682.000000,4,2.895462e-13,1.254023e-16,1.748660e-20,-3.224532e-12
3365,1682.500000,4,2.899903e-13,1.437582e-16,1.577268e-20,7.223555e-12
3366,1683.000000,4,2.895462e-13,1.038173e-16,-1.018425e-20,-8.280043e-12
3367,1683.500000,4,2.893241e-13,1.254128e-16,1.713918e-21,-1.152101e-11
3368,1684.000000,4,2.895462e-13,1.254163e-16,7.272572e-21,1.587175e-12
3369,1684.500000,4,2.895462e-13,1.254198e-16,-2.511320e-21,6.048051e-12
3370,1685.000000,4,2.897682e-13,1.224129e-16,7.170002e-21,2.715161e-12
3371,1685.500000,4,2.895462e-13,1.254268e-16,3.781870e-21,-1.725287e-12
3372,1686.000000,4,2.893241e-13,1.254303e-16,8.000491e-21,-2.636558e-12
3373,1686.500000,4,2.893241e-13,1.254338e-16,-6.296499e-21,5.112355e-12
3374,1687.000000,4,2.897682e-13,1.505248e-16,2.689991e-21,5.737633e-13
3375,1687.500000,4,2.893241e-13,1.489658e-16,4.853896e-21,2.720490e-12
3376,1688.000000,4,2.899903e-13,1.254444e-16,-1.730462e-21,5.897061e-12
3377,1688.500000,4,2.895462e-13,1.462826e-16,-2.329341e-21,-4.174439e-14
3378,1689.000000,4,2.897682e-13,1.254514e-16,-3.629669e-21,2.152056e-12
3379,1689.500000,4,2.897682e-13,1.254549e-16,1.037615e-20,3.073097e-12
3380,1690.000000,4,2.895462e-13,1.249753e-16,8.017034e-21,3.723244e-12
3381,1690.500000,4,2.895462e-13,1.130006e-16,5.591741e-21,8.127277e-12
3382,1691.000000,4,2.895462e-13,1.010278e-16,-2.365737e-21,3.824052e-12
3383,1691.500000,4,2.895462e-13,1.222871e-16,6.200546e-21,5.211387e-12
3384,1692.000000,4,2.895462e-13,1.254724e-16,-1.948838e-21,8.553158e-13
3385,1692.500000,4,2.897682e-13,1.254759e-16,-9.701174e-21,5.111467e-13
3386,1693.000000,4,2.897682e-13,1.196000e-16,5.664533e-21,-2.679190e-12
3387,1693.500000,4,2.895462e-13,1.254829e-16,1.069048e-20,5.058176e-13
3388,1694.000000,4,2.897682e-13,1.003891e-16,-4.675225e-21,-8.557599e-13
3389,1694.500000,4,2.897682e-13,1.036284e-16,-5.995405e-21,2.225331e-12
3390,1695.000000,4,2.895462e-13,1.275324e-16,-4.900218e-21,5.822010e-12
3391,1695.500000,4,2.895462e-13,1.368207e-16,1.809871e-21,-2.149392e-13
3392,1696.000000,4,2.897682e-13,1.328249e-16,7.236176e-21,4.088285e-12
3393,1696.500000,4,2.899903e-13,1.255039e-16,-1.069048e-20,6.740386e-12
3394,1697.000000,4,2.897682e-13,1.035867e-16,1.103459e-20,2.604139e-12
3395,1697.500000,4,2.895462e-13,1.221694e-16,-8.804510e-21,3.926637e-12
3396,1698.000000,4,2.895462e-13,1.168482e-16,-6.852364e-21,-5.591083e-13
3397,1698.500000,4,2.897682e-13,1.141833e-16,1.759579e-20,-2.675637e-12
3398,1699.000000,4,2.897682e-13,1.255214e-16,-1.321173e-20,-2.109868e-12
3399,1699.500000,4,2.897682e-13,1.274398e-16,-7.580283e-21,-4.630518e-12
3400,1700.000000,4,2.895462e-13,1.115008e-16,8.417390e-21,5.701661e-12
3401,1700.500000,4,2.895462e-13,1.255320e-16,5.145063e-21,-1.884271e-12
3402,1701.000000,4,2.897682e-13,1.255355e-16,1.195441e-20,-5.945466e-12
3403,1701.500000,4,2.895462e-13,1.004312e-16,-4.579272e-21,-1.016298e-11
3404,1702.000000,4,2.897682e-13,1.255425e-16,-6.680311e-21,-1.356693e-12
3405,1702.500000,4,2.895462e-13,1.255460e-16,-1.262608e-20,3.705480e-12
3406,1703.000000,4,2.897682e-13,1.255495e-16,1.175589e-20,5.090595e-12
3407,1703.500000,4,2.899903e-13,1.008243e-16,1.896891e-20,-5.654144e-12
3408,1704.000000,4,2.897682e-13,1.220405e-16,-3.606507e-22,4.829470e-12
3409,1704.500000,4,2.897682e-13,1.004480e-16,-3.325266e-21,-7.620571e-13
3410,1705.000000,4,2.897682e-13,1.004508e-16,5.029258e-22,3.405276e-12
3411,1705.500000,4,2.897682e-13,1.379251e-16,6.508257e-21,2.640110e-12
3412,1706.000000,4,2.897682e-13,1.004564e-16,9.896389e-21,2.029932e-12
3413,1706.500000,4,2.895462e-13,1.255739e-16,-1.347312e-20,7.175593e-12
3414,1707.000000,4,2.899903e-13,1.034184e-16,-8.562974e-21,1.649347e-12
3415,1707.500000,4,2.897682e-13,1.458345e-16,-9.568825e-21,-2.717826e-13
3416,1708.000000,4,2.902123e-13,1.087041e-16,8.036887e-21,1.269207e-12
3417,1708.500000,4,2.899903e-13,1.219507e-16,9.760731e-22,-6.088463e-13
3418,1709.000000,4,2.897682e-13,1.192898e-16,-6.911921e-21,2.745359e-12
3419,1709.500000,4,2.899903e-13,1.192800e-16,-1.070041e-20,5.225598e-12
3420,1710.000000,4,2.897682e-13,1.245711e-16,1.627230e-20,1.196376e-12
3421,1710.500000,4,2.902123e-13,1.219106e-16,2.074569e-21,-3.768541e-12
3422,1711.000000,4,2.899903e-13,1.616508e-16,1.046880e-20,2.256861e-12
3423,1711.500000,4,2.897682e-13,1.256089e-16,1.274189e-20,3.068212e-12
3424,1712.000000,4,2.895462e-13,1.563250e-16,-1.186508e-20,-1.155964e-12
3425,1712.500000,4,2.899903e-13,1.072990e-16,-8.245336e-21,1.150191e-12
3426,1713.000000,4,2.897682e-13,1.086147e-16,-5.800190e-21,6.732837e-12
3427,1713.500000,4,2.899903e-13,1.086057e-16,6.187311e-22,-5.175416e-12
3428,1714.000000,4,2.902123e-13,1.324351e-16,-1.389333e-20,2.681855e-12
3429,1714.500000,4,2.895462e-13,1.256298e-16,7.719249e-21,7.822631e-12
3430,1715.000000,4,2.899903e-13,1.256332e-16,3.679299e-21,1.251887e-12
3431,1715.500000,4,2.897682e-13,1.059218e-16,-1.024050e-20,-2.386980e-12
3432,1716.000000,4,2.899903e-13,1.256402e-16,1.790681e-20,4.044765e-12
3433,1716.500000,4,2.899903e-13,1.270851e-16,3.712387e-21,3.285816e-12
3434,1717.000000,4,2.902123e-13,1.256471e-16,7.977330e-21,7.116530e-12
3435,1717.500000,4,2.899903e-13,1.256506e-16,6.164150e-21,-9.769963e-15
3436,1718.000000,4,2.902123e-13,1.256541e-16,-1.875053e-20,3.669509e-12
3437,1718.500000,4,2.902123e-13,1.256575e-16,1.460139e-20,1.630696e-12
3438,1719.000000,4,2.902123e-13,1.402649e-16,1.273527e-20,2.461586e-12
3439,1719.500000,4,2.902123e-13,1.137904e-16,-3.805031e-21,2.606804e-12
3440,1720.000000,4,2.899903e-13,1.084888e-16,1.135223e-20,-8.113510e-13
3441,1720.500000,4,2.902123e-13,1.270007e-16,-1.062100e-20,2.151168e-12
3442,1721.000000,4,2.899903e-13,1.084707e-16,-1.581569e-21,4.467982e-12
3443,1721.500000,4,2.899903e-13,1.402065e-16,1.047542e-20,9.144241e-12
3444,1722.000000,4,2.902123e-13,1.375497e-16,1.546497e-20,-1.715073e-12
3445,1722.500000,4,2.902123e-13,1.031537e-16,6.782881e-21,2.450040e-12
3446,1723.000000,4,2.902123e-13,1.256887e-16,1.949499e-20,-1.813660e-12
3447,1723.500000,4,2.902123e-13,1.242926e-16,6.928465e-21,7.170708e-12
3448,1724.000000,4,2.899903e-13,1.163493e-16,2.448455e-22,-1.361578e-12
3449,1724.500000,4,2.897682e-13,1.084074e-16,1.827738e-20,7.212453e-12
3450,1725.000000,4,2.902123e-13,1.005620e-16,2.633743e-21,-7.260859e-12
3451,1725.500000,4,2.899903e-13,1.149983e-16,3.580038e-21,2.378098e-12
3452,1726.000000,4,2.899903e-13,1.163104e-16,1.558408e-21,1.035882e-11
3453,1726.500000,4,2.902123e-13,1.295167e-16,6.286573e-22,9.114487e-12
3454,1727.000000,4,2.899903e-13,1.149695e-16,-8.711866e-21,1.166178e-12
3455,1727.500000,4,2.902123e-13,1.257199e-16,-9.419933e-21,-2.500666e-12
3456,1728.000000,4,2.897682e-13,1.017375e-16,8.020343e-21,4.910738e-12
3457,1728.500000,4,2.897682e-13,1.122982e-16,1.908471e-20,5.252243e-12
3458,1729.000000,4,2.899903e-13,1.241782e-16,3.030790e-21,1.417533e-12
3459,1729.500000,4,2.897682e-13,1.268097e-16,-2.600656e-21,3.965717e-13
3460,1730.000000,4,2.902123e-13,1.109491e-16,-8.106370e-22,9.129586e-12
3461,1730.500000,4,2.902123e-13,1.320712e-16,-1.425398e-20,-1.894929e-12
3462,1731.000000,4,2.899903e-13,1.082893e-16,1.257315e-22,7.450485e-12
3463,1731.500000,4,2.904343e-13,1.214851e-16,5.111976e-21,-2.402523e-12
3464,1732.000000,4,2.904343e-13,1.006008e-16,-2.164897e-20,-2.514433e-12
3465,1732.500000,4,2.899903e-13,1.006036e-16,1.958764e-21,9.184653e-12
3466,1733.000000,4,2.902123e-13,1.006064e-16,1.218602e-20,2.711609e-12
3467,1733.500000,4,2.897682e-13,1.161640e-16,-1.932294e-21,1.354472e-13
3468,1734.000000,4,2.902123e-13,1.425529e-16,-1.026366e-20,-4.172662e-12
3469,1734.500000,4,2.904343e-13,1.257683e-16,-1.323489e-20,1.856293e-12
3470,1735.000000,4,2.902123e-13,1.257718e-16,1.243749e-20,-1.870948e-12
3471,1735.500000,4,2.904343e-13,1.121660e-16,-5.257560e-21,1.489475e-12
3472,1736.000000,4,2.899903e-13,1.134761e-16,-1.386355e-21,4.809486e-13
3473,1736.500000,4,2.899903e-13,1.108277e-16,4.698386e-22,2.371436e-12
3474,1737.000000,4,2.902123e-13,1.257856e-16,1.518042e-20,3.469669e-12
3475,1737.500000,4,2.902123e-13,1.187239e-16,-1.247388e-21,1.691980e-13
3476,1738.000000,4,2.902123e-13,1.450947e-16,2.287320e-20,-9.947598e-14
3477,1738.500000,4,2.899903e-13,1.257960e-16,8.453786e-21,-6.057377e-13
3478,1739.000000,4,2.902123e-13,1.257994e-16,5.803499e-21,-5.404566e-12
3479,1739.500000,4,2.899903e-13,1.265960e-16,1.695389e-20,1.949552e-13
3480,1740.000000,4,2.904343e-13,1.318597e-16,2.072253e-20,-3.623768e-13
3481,1740.500000,4,2.902123e-13,1.292116e-16,1.053166e-20,2.016165e-12
3482,1741.000000,4,2.904343e-13,1.258133e-16,1.880678e-20,-5.396572e-12
3483,1741.500000,4,2.902123e-13,1.258167e-16,6.617445e-22,5.495604e-12
3484,1742.000000,4,2.899903e-13,1.054525e-16,-1.018756e-20,-4.001244e-12
3485,1742.500000,4,2.906564e-13,1.258236e-16,-4.006863e-21,6.692424e-13
3486,1743.000000,4,2.904343e-13,1.212504e-16,-6.895378e-21,-4.025225e-12
3487,1743.500000,4,2.899903e-13,1.660466e-16,2.244968e-20,-1.011191e-12
3488,1744.000000,4,2.902123e-13,1.258340e-16,1.314555e-20,3.526068e-12
3489,1744.500000,4,2.904343e-13,1.258374e-16,-2.298569e-20,-1.350475e-12
3490,1745.000000,4,2.899903e-13,1.291156e-16,-6.786190e-21,-9.166001e-13
3491,1745.500000,4,2.899903e-13,1.258444e-16,2.779327e-22,1.328271e-12
3492,1746.000000,4,2.899903e-13,1.396328e-16,5.949083e-21,-4.366285e-12
3493,1746.500000,4,2.902123e-13,1.006810e-16,2.355810e-21,1.947775e-12
3494,1747.000000,4,2.906564e-13,1.159026e-16,-8.778041e-21,-3.201883e-13
3495,1747.500000,4,2.902123e-13,1.290629e-16,-3.130051e-21,5.561773e-12
3496,1748.000000,4,2.904343e-13,1.343198e-16,-1.770497e-20,4.109602e-12
3497,1748.500000,4,2.902123e-13,1.316754e-16,-1.475690e-21,1.829648e-13
3498,1749.000000,4,2.904343e-13,1.224482e-16,-9.926167e-23,4.929834e-12
3499,1749.500000,4,2.902123e-13,1.395533e-16,1.702999e-20,3.368861e-12
3500,1750.000000,4,2.902123e-13,1.105804e-16,5.522258e-21,3.818279e-12
3501,1750.500000,4,2.906564e-13,1.258789e-16,-7.676236e-22,8.304468e-13
3502,1751.000000,4,2.902123e-13,1.258823e-16,-4.063111e-21,7.403855e-12
3503,1751.500000,4,2.906564e-13,1.258857e-16,1.210662e-20,-2.220002e-12
3504,1752.000000,4,2.908784e-13,1.013326e-16,-3.957232e-21,-2.902567e-12
3505,1752.500000,4,2.902123e-13,1.157994e-16,-8.503417e-21,4.578560e-13
3506,1753.000000,4,2.904343e-13,1.118427e-16,-4.149138e-21,6.608936e-12
3507,1753.500000,4,2.902123e-13,1.007196e-16,-1.945529e-21,1.043610e-13
3508,1754.000000,4,2.904343e-13,1.184026e-16,-4.754634e-21,4.138467e-12
3509,1754.500000,4,2.906564e-13,1.262859e-16,-1.498851e-20,1.048051e-12
3510,1755.000000,4,2.904343e-13,1.183835e-16,6.140989e-21,7.098766e-12
3511,1755.500000,4,2.904343e-13,1.367878e-16,2.505696e-20,2.176481e-12
3512,1756.000000,4,2.904343e-13,1.341465e-16,-9.410007e-21,-1.317169e-12
3513,1756.500000,4,2.904343e-13,1.393959e-16,-9.208175e-21,7.902123e-12
3514,1757.000000,4,2.904343e-13,1.007388e-16,-1.002543e-21,-3.611333e-12
3515,1757.500000,4,2.904343e-13,1.259270e-16,2.001777e-21,4.023892e-12
3516,1758.000000,4,2.906564e-13,1.209561e-16,1.069048e-20,-2.651213e-13
3517,1758.500000,4,2.904343e-13,1.209464e-16,-4.350970e-21,7.207568e-13
3518,1759.000000,4,2.904343e-13,1.259373e-16,-5.912687e-21,1.382006e-12
3519,1759.500000,4,2.899903e-13,1.007526e-16,3.265709e-21,-3.187228e-12
3520,1760.000000,4,2.908784e-13,1.259442e-16,-1.260623e-21,1.072920e-12
3521,1760.500000,4,2.904343e-13,1.259476e-16,-6.117828e-21,5.492495e-12
3522,1761.000000,4,2.902123e-13,1.007608e-16,-1.462124e-20,2.167155e-13
3523,1761.500000,4,2.904343e-13,1.259545e-16,-6.121137e-22,-7.629453e-13
3524,1762.000000,4,2.904343e-13,1.103676e-16,9.108913e-21,3.281819e-12
3525,1762.500000,4,2.902123e-13,1.259613e-16,6.739868e-21,-1.358913e-12
3526,1763.000000,4,2.906564e-13,1.259648e-16,5.092124e-21,9.294787e-13
3527,1763.500000,4,2.908784e-13,1.007746e-16,1.352937e-20,2.806200e-12
3528,1764.000000,4,2.902123e-13,1.259716e-16,-5.909378e-21,-1.081357e-12
3529,1764.500000,4,2.904343e-13,1.129505e-16,1.545173e-21,4.830802e-12
3530,1765.000000,4,2.906564e-13,1.011220e-16,-1.365841e-20,1.536993e-12
3531,1765.500000,4,2.906564e-13,1.300037e-16,4.013480e-21,1.427303e-12
3532,1766.000000,4,2.904343e-13,1.391848e-16,2.067952e-21,-2.662315e-12
3533,1766.500000,4,2.906564e-13,1.391738e-16,-4.347661e-21,-4.909406e-12
3534,1767.000000,4,2.906564e-13,1.259922e-16,8.384303e-21,3.214318e-12
3535,1767.500000,4,2.904343e-13,1.259957e-16,2.272431e-20,-1.044498e-12
3536,1768.000000,4,2.904343e-13,1.470166e-16,-1.651053e-21,9.811263e-12
3537,1768.500000,4,2.906564e-13,1.365046e-16,-5.896143e-21,-2.145395e-12
3538,1769.000000,4,2.908784e-13,1.233693e-16,-6.898686e-21,7.074341e-13
3539,1769.500000,4,2.904343e-13,1.181102e-16,-1.352937e-20,-7.386980e-12
3540,1770.000000,4,2.904343e-13,1.207253e-16,-6.614136e-21,-4.276579e-13
3541,1770.500000,4,2.906564e-13,1.102188e-16,1.281468e-20,5.583090e-12
3542,1771.000000,4,2.904343e-13,1.260197e-16,1.273858e-20,5.297984e-12
3543,1771.500000,4,2.908784e-13,1.023298e-16,-1.013131e-20,-1.534284e-11
3544,1772.000000,4,2.906564e-13,1.260265e-16,-1.038939e-21,5.310863e-12
3545,1772.500000,4,2.906564e-13,1.154308e-16,1.856855e-20,5.715872e-12
3546,1773.000000,4,2.908784e-13,1.127984e-16,1.058791e-20,3.472778e-13
3547,1773.500000,4,2.906564e-13,1.167241e-16,2.772709e-21,-5.335288e-12
3548,1774.000000,4,2.906564e-13,1.180262e-16,6.299808e-21,2.394085e-12
3549,1774.500000,4,2.904343e-13,1.127717e-16,1.961742e-20,7.209788e-12
3550,1775.000000,4,2.906564e-13,1.008377e-16,8.420699e-21,1.734168e-12
3551,1775.500000,4,2.906564e-13,1.008404e-16,9.022886e-21,6.403766e-13
3552,1776.000000,4,2.904343e-13,1.260540e-16,1.866119e-21,2.084999e-12
3553,1776.500000,4,2.906564e-13,1.260574e-16,-4.251708e-21,-2.210232e-12
3554,1777.000000,4,2.908784e-13,1.494292e-16,1.346319e-20,5.806466e-12
3555,1777.500000,4,2.904343e-13,1.260642e-16,1.669581e-20,5.387246e-12
3556,1778.000000,4,2.902123e-13,1.260677e-16,7.117062e-21,-2.228440e-12
3557,1778.500000,4,2.908784e-13,1.467730e-16,-4.397292e-21,1.806111e-12
3558,1779.000000,4,2.908784e-13,1.074503e-16,1.200074e-20,-3.259171e-12
3559,1779.500000,4,2.908784e-13,1.008624e-16,3.133360e-21,-1.456613e-12
3560,1780.000000,4,2.904343e-13,1.260814e-16,-1.048534e-20,-9.312551e-13
3561,1780.500000,4,2.908784e-13,1.260848e-16,3.752091e-21,2.847056e-12
3562,1781.000000,4,2.908784e-13,1.260882e-16,-6.915230e-21,1.699529e-12
3563,1781.500000,4,2.906564e-13,1.260916e-16,-5.224473e-21,4.529710e-13
3564,1782.000000,4,2.908784e-13,1.008761e-16,4.205386e-21,-2.319478e-12
3565,1782.500000,4,2.906564e-13,1.260985e-16,-2.517938e-21,-4.505285e-12
3566,1783.000000,4,2.906564e-13,1.309547e-16,1.130260e-20,4.584777e-12
3567,1783.500000,4,2.906564e-13,1.243972e-16,4.486628e-21,-1.855849e-12
3568,1784.000000,4,2.908784e-13,1.261088e-16,-2.504703e-21,-1.727063e-12
3569,1784.500000,4,2.908784e-13,1.261122e-16,-2.811421e-20,-7.918111e-12
3570,1785.000000,4,2.908784e-13,1.152040e-16,-1.920713e-20,3.191669e-12
3571,1785.500000,4,2.906564e-13,1.230491e-16,-4.324500e-21,2.351896e-12
3572,1786.000000,4,2.911005e-13,1.261225e-16,-8.275115e-21,3.983480e-12
3573,1786.500000,4,2.908784e-13,1.047063e-16,1.127282e-20,-4.350298e-12
3574,1787.000000,4,2.906564e-13,1.073155e-16,-4.926688e-21,-6.561418e-12
3575,1787.500000,4,2.911005e-13,1.513593e-16,1.370142e-20,2.057021e-12
3576,1788.000000,4,2.908784e-13,1.491714e-16,5.707546e-21,-5.395684e-12
3577,1788.500000,4,2.911005e-13,1.009117e-16,8.903772e-21,1.437961e-12
3578,1789.000000,4,2.906564e-13,1.465314e-16,-3.963849e-21,3.448353e-12
3579,1789.500000,4,2.913225e-13,1.261464e-16,1.435986e-21,-1.718625e-13
3580,1790.000000,4,2.911005e-13,1.261498e-16,3.987011e-21,-5.109690e-12
3581,1790.500000,4,2.908784e-13,1.009226e-16,6.068197e-21,-1.328715e-12
3582,1791.000000,4,2.911005e-13,1.360223e-16,6.425539e-21,6.312728e-12
3583,1791.500000,4,2.911005e-13,1.124712e-16,-7.580283e-21,-1.003198e-12
3584,1792.000000,4,2.911005e-13,1.261635e-16,3.321957e-21,9.037215e-13
3585,1792.500000,4,2.906564e-13,1.261669e-16,6.088049e-21,-5.133671e-13
3586,1793.000000,4,2.911005e-13,1.202899e-16,-2.031556e-21,-1.182165e-12
3587,1793.500000,4,2.908784e-13,1.019769e-16,1.020741e-20,-3.016254e-12
3588,1794.000000,4,2.908784e-13,1.009418e-16,1.604730e-21,-1.229683e-12
3589,1794.500000,4,2.911005e-13,1.254905e-16,5.393218e-22,2.474465e-12
3590,1795.000000,4,2.906564e-13,1.307090e-16,7.520726e-21,-1.654676e-12
3591,1795.500000,4,2.908784e-13,1.176290e-16,-1.598113e-21,3.816503e-12
3592,1796.000000,4,2.908784e-13,1.261909e-16,-7.917773e-21,3.588241e-13
3593,1796.500000,4,2.908784e-13,1.261943e-16,5.598358e-21,5.262457e-13
3594,1797.000000,4,2.906564e-13,1.032279e-16,-1.209669e-20,1.141309e-12
3595,1797.500000,4,2.913225e-13,1.262011e-16,-1.544181e-20,1.283817e-11
3596,1798.000000,4,2.911005e-13,1.262045e-16,7.878068e-21,-7.758238e-13
3597,1798.500000,4,2.911005e-13,1.262080e-16,6.455318e-21,-5.460077e-12
3598,1799.000000,4,2.911005e-13,1.018895e-16,-1.074673e-20,2.545075e-12
3599,1799.500000,4,2.908784e-13,1.262148e-16,7.732484e-21,9.694467e-13
3600,1800.000000,4,2.908784e-13,1.070979e-16,-3.606507e-21,-2.229328e-13
