time_s,radius_cm,temperature_C,moisture_kgkg
0,0,28,2.55
0,0.1,28,2.55
0,0.2,28,2.55
0,0.3,28,2.55
0,0.4,28,2.55
0,0.5,28,2.55
0,0.6,28,2.55
0,0.7,28,2.55
0,0.8,28,2.55
0,0.9,28,2.55
0,1,28,2.55
0,1.1,28,2.55
0,1.2,28,2.55
0,1.3,28,2.55
0,1.4,28,2.55
0,1.5,28,2.55
0,1.6,28,2.55
0,1.7,28,2.55
0,1.8,28,2.55
0,1.9,28,2.55
0,2,28,2.55
1,0,28,2.55
1,0.1,28,2.55
1,0.2,28,2.55
1,0.3,28,2.55
1,0.4,28,2.55
1,0.5,28,2.55
1,0.6,28,2.55
1,0.7,28,2.55
1,0.8,28,2.55
1,0.9,28,2.55
1,1,28,2.55
1,1.1,28,2.55
1,1.2,28,2.55
1,1.3,28,2.55
1,1.4,28,2.55
1,1.5,28,2.55
1,1.6,28,2.55
1,1.7,28,2.55
1,1.8,28,2.55
1,1.9,28,2.55
1,2,28.0002,2.5254
2,0,28,2.55
2,0.1,28,2.55
2,0.2,28,2.55
2,0.3,28,2.55
2,0.4,28,2.55
2,0.5,28,2.55
2,0.6,28,2.55
2,0.7,28,2.55
2,0.8,28,2.55
2,0.9,28,2.55
2,1,28,2.55
2,1.1,28,2.55
2,1.2,28,2.55
2,1.3,28,2.55
2,1.4,28,2.55
2,1.5,28,2.55
2,1.6,28,2.55
2,1.7,28,2.55
2,1.8,28,2.55
2,1.9,28,2.55
2,2,28.0005,2.5099
3,0,28,2.55
3,0.1,28,2.55
3,0.2,28,2.55
3,0.3,28,2.55
3,0.4,28,2.55
3,0.5,28,2.55
3,0.6,28,2.55
3,0.7,28,2.55
3,0.8,28,2.55
3,0.9,28,2.55
3,1,28,2.55
3,1.1,28,2.55
3,1.2,28,2.55
3,1.3,28,2.55
3,1.4,28,2.55
3,1.5,28,2.55
3,1.6,28,2.55
3,1.7,28,2.55
3,1.8,28,2.55
3,1.9,28.0001,2.55
3,2,28.001,2.4985
4,0,28,2.55
4,0.1,28,2.55
4,0.2,28,2.55
4,0.3,28,2.55
4,0.4,28,2.55
4,0.5,28,2.55
4,0.6,28,2.55
4,0.7,28,2.55
4,0.8,28,2.55
4,0.9,28,2.55
4,1,28,2.55
4,1.1,28,2.55
4,1.2,28,2.55
4,1.3,28,2.55
4,1.4,28,2.55
4,1.5,28,2.55
4,1.6,28,2.55
4,1.7,28,2.55
4,1.8,28,2.55
4,1.9,28.0002,2.55
4,2,28.0015,2.4893
5,0,28,2.55
5,0.1,28,2.55
5,0.2,28,2.55
5,0.3,28,2.55
5,0.4,28,2.55
5,0.5,28,2.55
5,0.6,28,2.55
5,0.7,28,2.55
5,0.8,28,2.55
5,0.9,28,2.55
5,1,28,2.55
5,1.1,28,2.55
5,1.2,28,2.55
5,1.3,28,2.55
5,1.4,28,2.55
5,1.5,28,2.55
5,1.6,28,2.55
5,1.7,28,2.55
5,1.8,28.0001,2.55
5,1.9,28.0004,2.55
5,2,28.002,2.4814
6,0,28,2.55
6,0.1,28,2.55
6,0.2,28,2.55
6,0.3,28,2.55
6,0.4,28,2.55
6,0.5,28,2.55
6,0.6,28,2.55
6,0.7,28,2.55
6,0.8,28,2.55
6,0.9,28,2.55
6,1,28,2.55
6,1.1,28,2.55
6,1.2,28,2.55
6,1.3,28,2.55
6,1.4,28,2.55
6,1.5,28,2.55
6,1.6,28,2.55
6,1.7,28,2.55
6,1.8,28.0001,2.55
6,1.9,28.0006,2.55
6,2,28.0027,2.4744
7,0,28,2.55
7,0.1,28,2.55
7,0.2,28,2.55
7,0.3,28,2.55
7,0.4,28,2.55
7,0.5,28,2.55
7,0.6,28,2.55
7,0.7,28,2.55
7,0.8,28,2.55
7,0.9,28,2.55
7,1,28,2.55
7,1.1,28,2.55
7,1.2,28,2.55
7,1.3,28,2.55
7,1.4,28,2.55
7,1.5,28,2.55
7,1.6,28,2.55
7,1.7,28,2.55
7,1.8,28.0002,2.55
7,1.9,28.0009,2.55
7,2,28.0034,2.468
8,0,28,2.55
8,0.1,28,2.55
8,0.2,28,2.55
8,0.3,28,2.55
8,0.4,28,2.55
8,0.5,28,2.55
8,0.6,28,2.55
8,0.7,28,2.55
8,0.8,28,2.55
8,0.9,28,2.55
8,1,28,2.55
8,1.1,28,2.55
8,1.2,28,2.55
8,1.3,28,2.55
8,1.4,28,2.55
8,1.5,28,2.55
8,1.6,28,2.55
8,1.7,28.0001,2.55
8,1.8,28.0003,2.55
8,1.9,28.0012,2.55
8,2,28.0041,2.4621
9,0,28,2.55
9,0.1,28,2.55
9,0.2,28,2.55
9,0.3,28,2.55
9,0.4,28,2.55
9,0.5,28,2.55
9,0.6,28,2.55
9,0.7,28,2.55
9,0.8,28,2.55
9,0.9,28,2.55
9,1,28,2.55
9,1.1,28,2.55
9,1.2,28,2.55
9,1.3,28,2.55
9,1.4,28,2.55
9,1.5,28,2.55
9,1.6,28,2.55
9,1.7,28.0001,2.55
9,1.8,28.0004,2.55
9,1.9,28.0016,2.55
9,2,28.0049,2.4566
10,0,28,2.55
10,0.1,28,2.55
10,0.2,28,2.55
10,0.3,28,2.55
10,0.4,28,2.55
10,0.5,28,2.55
10,0.6,28,2.55
10,0.7,28,2.55
10,0.8,28,2.55
10,0.9,28,2.55
10,1,28,2.55
10,1.1,28,2.55
10,1.2,28,2.55
10,1.3,28,2.55
10,1.4,28,2.55
10,1.5,28,2.55
10,1.6,28,2.55
10,1.7,28.0001,2.55
10,1.8,28.0006,2.55
10,1.9,28.002,2.5499
10,2,28.0057,2.4514
11,0,28,2.55
11,0.1,28,2.55
11,0.2,28,2.55
11,0.3,28,2.55
11,0.4,28,2.55
11,0.5,28,2.55
11,0.6,28,2.55
11,0.7,28,2.55
11,0.8,28,2.55
11,0.9,28,2.55
11,1,28,2.55
11,1.1,28,2.55
11,1.2,28,2.55
11,1.3,28,2.55
11,1.4,28,2.55
11,1.5,28,2.55
11,1.6,28,2.55
11,1.7,28.0002,2.55
11,1.8,28.0007,2.55
11,1.9,28.0024,2.5499
11,2,28.0066,2.4465
12,0,28,2.55
12,0.1,28,2.55
12,0.2,28,2.55
12,0.3,28,2.55
12,0.4,28,2.55
12,0.5,28,2.55
12,0.6,28,2.55
12,0.7,28,2.55
12,0.8,28,2.55
12,0.9,28,2.55
12,1,28,2.55
12,1.1,28,2.55
12,1.2,28,2.55
12,1.3,28,2.55
12,1.4,28,2.55
12,1.5,28,2.55
12,1.6,28.0001,2.55
12,1.7,28.0003,2.55
12,1.8,28.0009,2.55
12,1.9,28.0028,2.5498
12,2,28.0075,2.4419
13,0,28,2.55
13,0.1,28,2.55
13,0.2,28,2.55
13,0.3,28,2.55
13,0.4,28,2.55
13,0.5,28,2.55
13,0.6,28,2.55
13,0.7,28,2.55
13,0.8,28,2.55
13,0.9,28,2.55
13,1,28,2.55
13,1.1,28,2.55
13,1.2,28,2.55
13,1.3,28,2.55
13,1.4,28,2.55
13,1.5,28,2.55
13,1.6,28.0001,2.55
13,1.7,28.0003,2.55
13,1.8,28.0012,2.55
13,1.9,28.0033,2.5497
13,2,28.0085,2.4374
14,0,28,2.55
14,0.1,28,2.55
14,0.2,28,2.55
14,0.3,28,2.55
14,0.4,28,2.55
14,0.5,28,2.55
14,0.6,28,2.55
14,0.7,28,2.55
14,0.8,28,2.55
14,0.9,28,2.55
14,1,28,2.55
14,1.1,28,2.55
14,1.2,28,2.55
14,1.3,28,2.55
14,1.4,28,2.55
14,1.5,28,2.55
14,1.6,28.0001,2.55
14,1.7,28.0004,2.55
14,1.8,28.0014,2.55
14,1.9,28.0039,2.5496
14,2,28.0095,2.4331
15,0,28,2.55
15,0.1,28,2.55
15,0.2,28,2.55
15,0.3,28,2.55
15,0.4,28,2.55
15,0.5,28,2.55
15,0.6,28,2.55
15,0.7,28,2.55
15,0.8,28,2.55
15,0.9,28,2.55
15,1,28,2.55
15,1.1,28,2.55
15,1.2,28,2.55
15,1.3,28,2.55
15,1.4,28,2.55
15,1.5,28,2.55
15,1.6,28.0002,2.55
15,1.7,28.0006,2.55
15,1.8,28.0017,2.55
15,1.9,28.0044,2.5495
15,2,28.0105,2.429
16,0,28,2.55
16,0.1,28,2.55
16,0.2,28,2.55
16,0.3,28,2.55
16,0.4,28,2.55
16,0.5,28,2.55
16,0.6,28,2.55
16,0.7,28,2.55
16,0.8,28,2.55
16,0.9,28,2.55
16,1,28,2.55
16,1.1,28,2.55
16,1.2,28,2.55
16,1.3,28,2.55
16,1.4,28,2.55
16,1.5,28.0001,2.55
16,1.6,28.0002,2.55
16,1.7,28.0007,2.55
16,1.8,28.002,2.55
16,1.9,28.005,2.5493
16,2,28.0115,2.4251
17,0,28,2.55
17,0.1,28,2.55
17,0.2,28,2.55
17,0.3,28,2.55
17,0.4,28,2.55
17,0.5,28,2.55
17,0.6,28,2.55
17,0.7,28,2.55
17,0.8,28,2.55
17,0.9,28,2.55
17,1,28,2.55
17,1.1,28,2.55
17,1.2,28,2.55
17,1.3,28,2.55
17,1.4,28,2.55
17,1.5,28.0001,2.55
17,1.6,28.0003,2.55
17,1.7,28.0008,2.55
17,1.8,28.0023,2.55
17,1.9,28.0057,2.5491
17,2,28.0126,2.4212
18,0,28,2.55
18,0.1,28,2.55
18,0.2,28,2.55
18,0.3,28,2.55
18,0.4,28,2.55
18,0.5,28,2.55
18,0.6,28,2.55
18,0.7,28,2.55
18,0.8,28,2.55
18,0.9,28,2.55
18,1,28,2.55
18,1.1,28,2.55
18,1.2,28,2.55
18,1.3,28,2.55
18,1.4,28,2.55
18,1.5,28.0001,2.55
18,1.6,28.0003,2.55
18,1.7,28.001,2.55
18,1.8,28.0026,2.55
18,1.9,28.0063,2.5489
18,2,28.0137,2.4175
19,0,28,2.55
19,0.1,28,2.55
19,0.2,28,2.55
19,0.3,28,2.55
19,0.4,28,2.55
19,0.5,28,2.55
19,0.6,28,2.55
19,0.7,28,2.55
19,0.8,28,2.55
19,0.9,28,2.55
19,1,28,2.55
19,1.1,28,2.55
19,1.2,28,2.55
19,1.3,28,2.55
19,1.4,28,2.55
19,1.5,28.0001,2.55
19,1.6,28.0004,2.55
19,1.7,28.0012,2.55
19,1.8,28.003,2.55
19,1.9,28.007,2.5486
19,2,28.0148,2.4139
20,0,28,2.55
20,0.1,28,2.55
20,0.2,28,2.55
20,0.3,28,2.55
20,0.4,28,2.55
20,0.5,28,2.55
20,0.6,28,2.55
20,0.7,28,2.55
20,0.8,28,2.55
20,0.9,28,2.55
20,1,28,2.55
20,1.1,28,2.55
20,1.2,28,2.55
20,1.3,28,2.55
20,1.4,28,2.55
20,1.5,28.0002,2.55
20,1.6,28.0005,2.55
20,1.7,28.0014,2.55
20,1.8,28.0034,2.55
20,1.9,28.0077,2.5484
20,2,28.016,2.4105
21,0,28,2.55
21,0.1,28,2.55
21,0.2,28,2.55
21,0.3,28,2.55
21,0.4,28,2.55
21,0.5,28,2.55
21,0.6,28,2.55
21,0.7,28,2.55
21,0.8,28,2.55
21,0.9,28,2.55
21,1,28,2.55
21,1.1,28,2.55
21,1.2,28,2.55
21,1.3,28,2.55
21,1.4,28.0001,2.55
21,1.5,28.0002,2.55
21,1.6,28.0006,2.55
21,1.7,28.0016,2.55
21,1.8,28.0038,2.55
21,1.9,28.0084,2.5481
21,2,28.0172,2.407
22,0,28,2.55
22,0.1,28,2.55
22,0.2,28,2.55
22,0.3,28,2.55
22,0.4,28,2.55
22,0.5,28,2.55
22,0.6,28,2.55
22,0.7,28,2.55
22,0.8,28,2.55
22,0.9,28,2.55
22,1,28,2.55
22,1.1,28,2.55
22,1.2,28,2.55
22,1.3,28,2.55
22,1.4,28.0001,2.55
22,1.5,28.0002,2.55
22,1.6,28.0007,2.55
22,1.7,28.0018,2.55
22,1.8,28.0042,2.55
22,1.9,28.0092,2.5477
22,2,28.0184,2.4037
23,0,28,2.55
23,0.1,28,2.55
23,0.2,28,2.55
23,0.3,28,2.55
23,0.4,28,2.55
23,0.5,28,2.55
23,0.6,28,2.55
23,0.7,28,2.55
23,0.8,28,2.55
23,0.9,28,2.55
23,1,28,2.55
23,1.1,28,2.55
23,1.2,28,2.55
23,1.3,28,2.55
23,1.4,28.0001,2.55
23,1.5,28.0003,2.55
23,1.6,28.0008,2.55
23,1.7,28.002,2.55
23,1.8,28.0047,2.55
23,1.9,28.01,2.5474
23,2,28.0197,2.4005
24,0,28,2.55
24,0.1,28,2.55
24,0.2,28,2.55
24,0.3,28,2.55
24,0.4,28,2.55
24,0.5,28,2.55
24,0.6,28,2.55
24,0.7,28,2.55
24,0.8,28,2.55
24,0.9,28,2.55
24,1,28,2.55
24,1.1,28,2.55
24,1.2,28,2.55
24,1.3,28,2.55
24,1.4,28.0001,2.55
24,1.5,28.0004,2.55
24,1.6,28.0009,2.55
24,1.7,28.0023,2.55
24,1.8,28.0052,2.55
24,1.9,28.0108,2.547
24,2,28.021,2.3973
25,0,28,2.55
25,0.1,28,2.55
25,0.2,28,2.55
25,0.3,28,2.55
25,0.4,28,2.55
25,0.5,28,2.55
25,0.6,28,2.55
25,0.7,28,2.55
25,0.8,28,2.55
25,0.9,28,2.55
25,1,28,2.55
25,1.1,28,2.55
25,1.2,28,2.55
25,1.3,28,2.55
25,1.4,28.0002,2.55
25,1.5,28.0004,2.55
25,1.6,28.0011,2.55
25,1.7,28.0026,2.55
25,1.8,28.0057,2.55
25,1.9,28.0116,2.5466
25,2,28.0223,2.3943
26,0,28,2.55
26,0.1,28,2.55
26,0.2,28,2.55
26,0.3,28,2.55
26,0.4,28,2.55
26,0.5,28,2.55
26,0.6,28,2.55
26,0.7,28,2.55
26,0.8,28,2.55
26,0.9,28,2.55
26,1,28,2.55
26,1.1,28,2.55
26,1.2,28,2.55
26,1.3,28.0001,2.55
26,1.4,28.0002,2.55
26,1.5,28.0005,2.55
26,1.6,28.0012,2.55
26,1.7,28.0029,2.55
26,1.8,28.0062,2.55
26,1.9,28.0125,2.5462
26,2,28.0236,2.3912
27,0,28,2.55
27,0.1,28,2.55
27,0.2,28,2.55
27,0.3,28,2.55
27,0.4,28,2.55
27,0.5,28,2.55
27,0.6,28,2.55
27,0.7,28,2.55
27,0.8,28,2.55
27,0.9,28,2.55
27,1,28,2.55
27,1.1,28,2.55
27,1.2,28,2.55
27,1.3,28.0001,2.55
27,1.4,28.0002,2.55
27,1.5,28.0006,2.55
27,1.6,28.0014,2.55
27,1.7,28.0032,2.55
27,1.8,28.0068,2.55
27,1.9,28.0134,2.5457
27,2,28.0249,2.3883
28,0,28,2.55
28,0.1,28,2.55
28,0.2,28,2.55
28,0.3,28,2.55
28,0.4,28,2.55
28,0.5,28,2.55
28,0.6,28,2.55
28,0.7,28,2.55
28,0.8,28,2.55
28,0.9,28,2.55
28,1,28,2.55
28,1.1,28,2.55
28,1.2,28,2.55
28,1.3,28.0001,2.55
28,1.4,28.0003,2.55
28,1.5,28.0007,2.55
28,1.6,28.0016,2.55
28,1.7,28.0035,2.55
28,1.8,28.0073,2.55
28,1.9,28.0143,2.5452
28,2,28.0263,2.3854
29,0,28,2.55
29,0.1,28,2.55
29,0.2,28,2.55
29,0.3,28,2.55
29,0.4,28,2.55
29,0.5,28,2.55
29,0.6,28,2.55
29,0.7,28,2.55
29,0.8,28,2.55
29,0.9,28,2.55
29,1,28,2.55
29,1.1,28,2.55
29,1.2,28,2.55
29,1.3,28.0001,2.55
29,1.4,28.0003,2.55
29,1.5,28.0008,2.55
29,1.6,28.0018,2.55
29,1.7,28.0039,2.55
29,1.8,28.0079,2.55
29,1.9,28.0152,2.5447
29,2,28.0277,2.3825
30,0,28,2.55
30,0.1,28,2.55
30,0.2,28,2.55
30,0.3,28,2.55
30,0.4,28,2.55
30,0.5,28,2.55
30,0.6,28,2.55
30,0.7,28,2.55
30,0.8,28,2.55
30,0.9,28,2.55
30,1,28,2.55
30,1.1,28,2.55
30,1.2,28,2.55
30,1.3,28.0001,2.55
30,1.4,28.0003,2.55
30,1.5,28.0009,2.55
30,1.6,28.002,2.55
30,1.7,28.0042,2.55
30,1.8,28.0085,2.55
30,1.9,28.0162,2.5442
30,2,28.0291,2.3797
31,0,28,2.55
31,0.1,28,2.55
31,0.2,28,2.55
31,0.3,28,2.55
31,0.4,28,2.55
31,0.5,28,2.55
31,0.6,28,2.55
31,0.7,28,2.55
31,0.8,28,2.55
31,0.9,28,2.55
31,1,28,2.55
31,1.1,28,2.55
31,1.2,28.0001,2.55
31,1.3,28.0002,2.55
31,1.4,28.0004,2.55
31,1.5,28.001,2.55
31,1.6,28.0022,2.55
31,1.7,28.0046,2.55
31,1.8,28.0091,2.55
31,1.9,28.0172,2.5437
31,2,28.0305,2.377
32,0,28,2.55
32,0.1,28,2.55
32,0.2,28,2.55
32,0.3,28,2.55
32,0.4,28,2.55
32,0.5,28,2.55
32,0.6,28,2.55
32,0.7,28,2.55
32,0.8,28,2.55
32,0.9,28,2.55
32,1,28,2.55
32,1.1,28,2.55
32,1.2,28.0001,2.55
32,1.3,28.0002,2.55
32,1.4,28.0005,2.55
32,1.5,28.0011,2.55
32,1.6,28.0024,2.55
32,1.7,28.005,2.55
32,1.8,28.0098,2.55
32,1.9,28.0182,2.5431
32,2,28.032,2.3743
33,0,28,2.55
33,0.1,28,2.55
33,0.2,28,2.55
33,0.3,28,2.55
33,0.4,28,2.55
33,0.5,28,2.55
33,0.6,28,2.55
33,0.7,28,2.55
33,0.8,28,2.55
33,0.9,28,2.55
33,1,28,2.55
33,1.1,28,2.55
33,1.2,28.0001,2.55
33,1.3,28.0002,2.55
33,1.4,28.0005,2.55
33,1.5,28.0012,2.55
33,1.6,28.0026,2.55
33,1.7,28.0054,2.55
33,1.8,28.0105,2.55
33,1.9,28.0192,2.5425
33,2,28.0335,2.3717
34,0,28,2.55
34,0.1,28,2.55
34,0.2,28,2.55
34,0.3,28,2.55
34,0.4,28,2.55
34,0.5,28,2.55
34,0.6,28,2.55
34,0.7,28,2.55
34,0.8,28,2.55
34,0.9,28,2.55
34,1,28,2.55
34,1.1,28,2.55
34,1.2,28.0001,2.55
34,1.3,28.0002,2.55
34,1.4,28.0006,2.55
34,1.5,28.0014,2.55
34,1.6,28.0029,2.55
34,1.7,28.0058,2.55
34,1.8,28.0111,2.55
34,1.9,28.0202,2.5419
34,2,28.035,2.3691
35,0,28,2.55
35,0.1,28,2.55
35,0.2,28,2.55
35,0.3,28,2.55
35,0.4,28,2.55
35,0.5,28,2.55
35,0.6,28,2.55
35,0.7,28,2.55
35,0.8,28,2.55
35,0.9,28,2.55
35,1,28,2.55
35,1.1,28,2.55
35,1.2,28.0001,2.55
35,1.3,28.0003,2.55
35,1.4,28.0007,2.55
35,1.5,28.0015,2.55
35,1.6,28.0031,2.55
35,1.7,28.0063,2.55
35,1.8,28.0118,2.5499
35,1.9,28.0213,2.5413
35,2,28.0365,2.3665
36,0,28,2.55
36,0.1,28,2.55
36,0.2,28,2.55
36,0.3,28,2.55
36,0.4,28,2.55
36,0.5,28,2.55
36,0.6,28,2.55
36,0.7,28,2.55
36,0.8,28,2.55
36,0.9,28,2.55
36,1,28,2.55
36,1.1,28.0001,2.55
36,1.2,28.0001,2.55
36,1.3,28.0003,2.55
36,1.4,28.0008,2.55
36,1.5,28.0016,2.55
36,1.6,28.0034,2.55
36,1.7,28.0067,2.55
36,1.8,28.0126,2.5499
36,1.9,28.0224,2.5407
36,2,28.038,2.364
37,0,28,2.55
37,0.1,28,2.55
37,0.2,28,2.55
37,0.3,28,2.55
37,0.4,28,2.55
37,0.5,28,2.55
37,0.6,28,2.55
37,0.7,28,2.55
37,0.8,28,2.55
37,0.9,28,2.55
37,1,28,2.55
37,1.1,28.0001,2.55
37,1.2,28.0002,2.55
37,1.3,28.0004,2.55
37,1.4,28.0008,2.55
37,1.5,28.0018,2.55
37,1.6,28.0037,2.55
37,1.7,28.0072,2.55
37,1.8,28.0133,2.5499
37,1.9,28.0235,2.54
37,2,28.0396,2.3615
38,0,28,2.55
38,0.1,28,2.55
38,0.2,28,2.55
38,0.3,28,2.55
38,0.4,28,2.55
38,0.5,28,2.55
38,0.6,28,2.55
38,0.7,28,2.55
38,0.8,28,2.55
38,0.9,28,2.55
38,1,28,2.55
38,1.1,28.0001,2.55
38,1.2,28.0002,2.55
38,1.3,28.0004,2.55
38,1.4,28.0009,2.55
38,1.5,28.002,2.55
38,1.6,28.004,2.55
38,1.7,28.0077,2.55
38,1.8,28.0141,2.5499
38,1.9,28.0246,2.5394
38,2,28.0412,2.3591
39,0,28,2.55
39,0.1,28,2.55
39,0.2,28,2.55
39,0.3,28,2.55
39,0.4,28,2.55
39,0.5,28,2.55
39,0.6,28,2.55
39,0.7,28,2.55
39,0.8,28,2.55
39,0.9,28,2.55
39,1,28,2.55
39,1.1,28.0001,2.55
39,1.2,28.0002,2.55
39,1.3,28.0005,2.55
39,1.4,28.001,2.55
39,1.5,28.0022,2.55
39,1.6,28.0043,2.55
39,1.7,28.0082,2.55
39,1.8,28.0148,2.5499
39,1.9,28.0257,2.5387
39,2,28.0428,2.3566
40,0,28,2.55
40,0.1,28,2.55
40,0.2,28,2.55
40,0.3,28,2.55
40,0.4,28,2.55
40,0.5,28,2.55
40,0.6,28,2.55
40,0.7,28,2.55
40,0.8,28,2.55
40,0.9,28,2.55
40,1,28,2.55
40,1.1,28.0001,2.55
40,1.2,28.0002,2.55
40,1.3,28.0005,2.55
40,1.4,28.0011,2.55
40,1.5,28.0024,2.55
40,1.6,28.0046,2.55
40,1.7,28.0087,2.55
40,1.8,28.0156,2.5499
40,1.9,28.0269,2.538
40,2,28.0444,2.3543
41,0,28,2.55
41,0.1,28,2.55
41,0.2,28,2.55
41,0.3,28,2.55
41,0.4,28,2.55
41,0.5,28,2.55
41,0.6,28,2.55
41,0.7,28,2.55
41,0.8,28,2.55
41,0.9,28,2.55
41,1,28,2.55
41,1.1,28.0001,2.55
41,1.2,28.0003,2.55
41,1.3,28.0006,2.55
41,1.4,28.0013,2.55
41,1.5,28.0026,2.55
41,1.6,28.005,2.55
41,1.7,28.0093,2.55
41,1.8,28.0165,2.5499
41,1.9,28.0281,2.5373
41,2,28.046,2.3519
42,0,28,2.55
42,0.1,28,2.55
42,0.2,28,2.55
42,0.3,28,2.55
42,0.4,28,2.55
42,0.5,28,2.55
42,0.6,28,2.55
42,0.7,28,2.55
42,0.8,28,2.55
42,0.9,28,2.55
42,1,28.0001,2.55
42,1.1,28.0001,2.55
42,1.2,28.0003,2.55
42,1.3,28.0006,2.55
42,1.4,28.0014,2.55
42,1.5,28.0028,2.55
42,1.6,28.0053,2.55
42,1.7,28.0098,2.55
42,1.8,28.0173,2.5498
42,1.9,28.0293,2.5366
42,2,28.0477,2.3496
43,0,28,2.55
43,0.1,28,2.55
43,0.2,28,2.55
43,0.3,28,2.55
43,0.4,28,2.55
43,0.5,28,2.55
43,0.6,28,2.55
43,0.7,28,2.55
43,0.8,28,2.55
43,0.9,28,2.55
43,1,28.0001,2.55
43,1.1,28.0001,2.55
43,1.2,28.0003,2.55
43,1.3,28.0007,2.55
43,1.4,28.0015,2.55
43,1.5,28.003,2.55
43,1.6,28.0057,2.55
43,1.7,28.0104,2.55
43,1.8,28.0181,2.5498
43,1.9,28.0305,2.5358
43,2,28.0493,2.3473
44,0,28,2.55
44,0.1,28,2.55
44,0.2,28,2.55
44,0.3,28,2.55
44,0.4,28,2.55
44,0.5,28,2.55
44,0.6,28,2.55
44,0.7,28,2.55
44,0.8,28,2.55
44,0.9,28,2.55
44,1,28.0001,2.55
44,1.1,28.0002,2.55
44,1.2,28.0004,2.55
44,1.3,28.0008,2.55
44,1.4,28.0016,2.55
44,1.5,28.0032,2.55
44,1.6,28.0061,2.55
44,1.7,28.011,2.55
44,1.8,28.019,2.5498
44,1.9,28.0317,2.5351
44,2,28.051,2.3451
45,0,28,2.55
45,0.1,28,2.55
45,0.2,28,2.55
45,0.3,28,2.55
45,0.4,28,2.55
45,0.5,28,2.55
45,0.6,28,2.55
45,0.7,28,2.55
45,0.8,28,2.55
45,0.9,28,2.55
45,1,28.0001,2.55
45,1.1,28.0002,2.55
45,1.2,28.0004,2.55
45,1.3,28.0009,2.55
45,1.4,28.0018,2.55
45,1.5,28.0035,2.55
45,1.6,28.0064,2.55
45,1.7,28.0116,2.55
45,1.8,28.0199,2.5498
45,1.9,28.033,2.5343
45,2,28.0527,2.3428
46,0,28,2.55
46,0.1,28,2.55
46,0.2,28,2.55
46,0.3,28,2.55
46,0.4,28,2.55
46,0.5,28,2.55
46,0.6,28,2.55
46,0.7,28,2.55
46,0.8,28,2.55
46,0.9,28,2.55
46,1,28.0001,2.55
46,1.1,28.0002,2.55
46,1.2,28.0005,2.55
46,1.3,28.001,2.55
46,1.4,28.0019,2.55
46,1.5,28.0037,2.55
46,1.6,28.0068,2.55
46,1.7,28.0122,2.55
46,1.8,28.0208,2.5497
46,1.9,28.0343,2.5336
46,2,28.0545,2.3406
47,0,28,2.55
47,0.1,28,2.55
47,0.2,28,2.55
47,0.3,28,2.55
47,0.4,28,2.55
47,0.5,28,2.55
47,0.6,28,2.55
47,0.7,28,2.55
47,0.8,28,2.55
47,0.9,28,2.55
47,1,28.0001,2.55
47,1.1,28.0002,2.55
47,1.2,28.0005,2.55
47,1.3,28.001,2.55
47,1.4,28.0021,2.55
47,1.5,28.004,2.55
47,1.6,28.0073,2.55
47,1.7,28.0128,2.55
47,1.8,28.0217,2.5497
47,1.9,28.0355,2.5328
47,2,28.0562,2.3385
48,0,28,2.55
48,0.1,28,2.55
48,0.2,28,2.55
48,0.3,28,2.55
48,0.4,28,2.55
48,0.5,28,2.55
48,0.6,28,2.55
48,0.7,28,2.55
48,0.8,28,2.55
48,0.9,28,2.55
48,1,28.0001,2.55
48,1.1,28.0003,2.55
48,1.2,28.0006,2.55
48,1.3,28.0011,2.55
48,1.4,28.0022,2.55
48,1.5,28.0042,2.55
48,1.6,28.0077,2.55
48,1.7,28.0134,2.55
48,1.8,28.0227,2.5497
48,1.9,28.0369,2.532
48,2,28.058,2.3363
49,0,28,2.55
49,0.1,28,2.55
49,0.2,28,2.55
49,0.3,28,2.55
49,0.4,28,2.55
49,0.5,28,2.55
49,0.6,28,2.55
49,0.7,28,2.55
49,0.8,28,2.55
49,0.9,28.0001,2.55
49,1,28.0001,2.55
49,1.1,28.0003,2.55
49,1.2,28.0006,2.55
49,1.3,28.0012,2.55
49,1.4,28.0024,2.55
49,1.5,28.0045,2.55
49,1.6,28.0081,2.55
49,1.7,28.0141,2.55
49,1.8,28.0236,2.5496
49,1.9,28.0382,2.5312
49,2,28.0597,2.3342
50,0,28,2.55
50,0.1,28,2.55
50,0.2,28,2.55
50,0.3,28,2.55
50,0.4,28,2.55
50,0.5,28,2.55
50,0.6,28,2.55
50,0.7,28,2.55
50,0.8,28,2.55
50,0.9,28.0001,2.55
50,1,28.0001,2.55
50,1.1,28.0003,2.55
50,1.2,28.0007,2.55
50,1.3,28.0013,2.55
50,1.4,28.0026,2.55
50,1.5,28.0048,2.55
50,1.6,28.0086,2.55
50,1.7,28.0148,2.55
50,1.8,28.0246,2.5496
50,1.9,28.0395,2.5304
50,2,28.0615,2.3321
51,0,28,2.55
51,0.1,28,2.55
51,0.2,28,2.55
51,0.3,28,2.55
51,0.4,28,2.55
51,0.5,28,2.55
51,0.6,28,2.55
51,0.7,28,2.55
51,0.8,28,2.55
51,0.9,28.0001,2.55
51,1,28.0002,2.55
51,1.1,28.0004,2.55
51,1.2,28.0007,2.55
51,1.3,28.0014,2.55
51,1.4,28.0028,2.55
51,1.5,28.0051,2.55
51,1.6,28.009,2.55
51,1.7,28.0155,2.55
51,1.8,28.0256,2.5495
51,1.9,28.0409,2.5296
51,2,28.0633,2.33
52,0,28,2.55
52,0.1,28,2.55
52,0.2,28,2.55
52,0.3,28,2.55
52,0.4,28,2.55
52,0.5,28,2.55
52,0.6,28,2.55
52,0.7,28,2.55
52,0.8,28,2.55
52,0.9,28.0001,2.55
52,1,28.0002,2.55
52,1.1,28.0004,2.55
52,1.2,28.0008,2.55
52,1.3,28.0016,2.55
52,1.4,28.003,2.55
52,1.5,28.0054,2.55
52,1.6,28.0095,2.55
52,1.7,28.0162,2.55
52,1.8,28.0266,2.5495
52,1.9,28.0422,2.5288
52,2,28.0651,2.328
53,0,28,2.55
53,0.1,28,2.55
53,0.2,28,2.55
53,0.3,28,2.55
53,0.4,28,2.55
53,0.5,28,2.55
53,0.6,28,2.55
53,0.7,28,2.55
53,0.8,28,2.55
53,0.9,28.0001,2.55
53,1,28.0002,2.55
53,1.1,28.0004,2.55
53,1.2,28.0009,2.55
53,1.3,28.0017,2.55
53,1.4,28.0032,2.55
53,1.5,28.0057,2.55
53,1.6,28.01,2.55
53,1.7,28.0169,2.55
53,1.8,28.0276,2.5495
53,1.9,28.0436,2.528
53,2,28.067,2.3259
54,0,28,2.55
54,0.1,28,2.55
54,0.2,28,2.55
54,0.3,28,2.55
54,0.4,28,2.55
54,0.5,28,2.55
54,0.6,28,2.55
54,0.7,28,2.55
54,0.8,28,2.55
54,0.9,28.0001,2.55
54,1,28.0002,2.55
54,1.1,28.0005,2.55
54,1.2,28.0009,2.55
54,1.3,28.0018,2.55
54,1.4,28.0034,2.55
54,1.5,28.006,2.55
54,1.6,28.0105,2.55
54,1.7,28.0176,2.55
54,1.8,28.0286,2.5494
54,1.9,28.045,2.5272
54,2,28.0688,2.3239
55,0,28,2.55
55,0.1,28,2.55
55,0.2,28,2.55
55,0.3,28,2.55
55,0.4,28,2.55
55,0.5,28,2.55
55,0.6,28,2.55
55,0.7,28,2.55
55,0.8,28.0001,2.55
55,0.9,28.0001,2.55
55,1,28.0002,2.55
55,1.1,28.0005,2.55
55,1.2,28.001,2.55
55,1.3,28.0019,2.55
55,1.4,28.0036,2.55
55,1.5,28.0064,2.55
55,1.6,28.011,2.55
55,1.7,28.0184,2.55
55,1.8,28.0297,2.5493
55,1.9,28.0465,2.5263
55,2,28.0707,2.3219
56,0,28,2.55
56,0.1,28,2.55
56,0.2,28,2.55
56,0.3,28,2.55
56,0.4,28,2.55
56,0.5,28,2.55
56,0.6,28,2.55
56,0.7,28,2.55
56,0.8,28.0001,2.55
56,0.9,28.0001,2.55
56,1,28.0003,2.55
56,1.1,28.0006,2.55
56,1.2,28.0011,2.55
56,1.3,28.0021,2.55
56,1.4,28.0038,2.55
56,1.5,28.0067,2.55
56,1.6,28.0115,2.55
56,1.7,28.0191,2.55
56,1.8,28.0307,2.5493
56,1.9,28.0479,2.5255
56,2,28.0726,2.32
57,0,28,2.55
57,0.1,28,2.55
57,0.2,28,2.55
57,0.3,28,2.55
57,0.4,28,2.55
57,0.5,28,2.55
57,0.6,28,2.55
57,0.7,28,2.55
57,0.8,28.0001,2.55
57,0.9,28.0001,2.55
57,1,28.0003,2.55
57,1.1,28.0006,2.55
57,1.2,28.0012,2.55
57,1.3,28.0022,2.55
57,1.4,28.004,2.55
57,1.5,28.0071,2.55
57,1.6,28.0121,2.55
57,1.7,28.0199,2.55
57,1.8,28.0318,2.5492
57,1.9,28.0494,2.5247
57,2,28.0745,2.318
58,0,28,2.55
58,0.1,28,2.55
58,0.2,28,2.55
58,0.3,28,2.55
58,0.4,28,2.55
58,0.5,28,2.55
58,0.6,28,2.55
58,0.7,28,2.55
58,0.8,28.0001,2.55
58,0.9,28.0002,2.55
58,1,28.0003,2.55
58,1.1,28.0007,2.55
58,1.2,28.0013,2.55
58,1.3,28.0024,2.55
58,1.4,28.0043,2.55
58,1.5,28.0075,2.55
58,1.6,28.0126,2.55
58,1.7,28.0207,2.55
58,1.8,28.0329,2.5492
58,1.9,28.0508,2.5238
58,2,28.0764,2.3161
59,0,28,2.55
59,0.1,28,2.55
59,0.2,28,2.55
59,0.3,28,2.55
59,0.4,28,2.55
59,0.5,28,2.55
59,0.6,28,2.55
59,0.7,28,2.55
59,0.8,28.0001,2.55
59,0.9,28.0002,2.55
59,1,28.0004,2.55
59,1.1,28.0007,2.55
59,1.2,28.0014,2.55
59,1.3,28.0025,2.55
59,1.4,28.0045,2.55
59,1.5,28.0078,2.55
59,1.6,28.0132,2.55
59,1.7,28.0215,2.55
59,1.8,28.034,2.5491
59,1.9,28.0523,2.523
59,2,28.0783,2.3142
60,0,28,2.55
60,0.1,28,2.55
60,0.2,28,2.55
60,0.3,28,2.55
60,0.4,28,2.55
60,0.5,28,2.55
60,0.6,28,2.55
60,0.7,28,2.55
60,0.8,28.0001,2.55
60,0.9,28.0002,2.55
60,1,28.0004,2.55
60,1.1,28.0008,2.55
60,1.2,28.0015,2.55
60,1.3,28.0027,2.55
60,1.4,28.0048,2.55
60,1.5,28.0082,2.55
60,1.6,28.0137,2.55
60,1.7,28.0223,2.55
60,1.8,28.0351,2.549
60,1.9,28.0538,2.5221
60,2,28.0803,2.3123
61,0,28,2.55
61,0.1,28,2.55
61,0.2,28,2.55
61,0.3,28,2.55
61,0.4,28,2.55
61,0.5,28,2.55
61,0.6,28,2.55
61,0.7,28,2.55
61,0.8,28.0001,2.55
61,0.9,28.0002,2.55
61,1,28.0004,2.55
61,1.1,28.0008,2.55
61,1.2,28.0016,2.55
61,1.3,28.0029,2.55
61,1.4,28.005,2.55
61,1.5,28.0086,2.55
61,1.6,28.0143,2.55
61,1.7,28.0231,2.55
61,1.8,28.0363,2.5489
61,1.9,28.0553,2.5212
61,2,28.0823,2.3104
62,0,28,2.55
62,0.1,28,2.55
62,0.2,28,2.55
62,0.3,28,2.55
62,0.4,28,2.55
62,0.5,28,2.55
62,0.6,28,2.55
62,0.7,28.0001,2.55
62,0.8,28.0001,2.55
62,0.9,28.0002,2.55
62,1,28.0005,2.55
62,1.1,28.0009,2.55
62,1.2,28.0017,2.55
62,1.3,28.003,2.55
62,1.4,28.0053,2.55
62,1.5,28.009,2.55
62,1.6,28.0149,2.55
62,1.7,28.024,2.55
62,1.8,28.0374,2.5489
62,1.9,28.0569,2.5204
62,2,28.0843,2.3085
63,0,28,2.55
63,0.1,28,2.55
63,0.2,28,2.55
63,0.3,28,2.55
63,0.4,28,2.55
63,0.5,28,2.55
63,0.6,28,2.55
63,0.7,28.0001,2.55
63,0.8,28.0001,2.55
63,0.9,28.0003,2.55
63,1,28.0005,2.55
63,1.1,28.001,2.55
63,1.2,28.0018,2.55
63,1.3,28.0032,2.55
63,1.4,28.0056,2.55
63,1.5,28.0095,2.55
63,1.6,28.0155,2.55
63,1.7,28.0248,2.55
63,1.8,28.0386,2.5488
63,1.9,28.0584,2.5195
63,2,28.0864,2.3067
64,0,28,2.55
64,0.1,28,2.55
64,0.2,28,2.55
64,0.3,28,2.55
64,0.4,28,2.55
64,0.5,28,2.55
64,0.6,28,2.55
64,0.7,28.0001,2.55
64,0.8,28.0001,2.55
64,0.9,28.0003,2.55
64,1,28.0005,2.55
64,1.1,28.001,2.55
64,1.2,28.0019,2.55
64,1.3,28.0034,2.55
64,1.4,28.0059,2.55
64,1.5,28.0099,2.55
64,1.6,28.0162,2.55
64,1.7,28.0257,2.55
64,1.8,28.0398,2.5487
64,1.9,28.06,2.5186
64,2,28.0886,2.3049
65,0,28,2.55
65,0.1,28,2.55
65,0.2,28,2.55
65,0.3,28,2.55
65,0.4,28,2.55
65,0.5,28,2.55
65,0.6,28,2.55
65,0.7,28.0001,2.55
65,0.8,28.0002,2.55
65,0.9,28.0003,2.55
65,1,28.0006,2.55
65,1.1,28.0011,2.55
65,1.2,28.002,2.55
65,1.3,28.0036,2.55
65,1.4,28.0062,2.55
65,1.5,28.0103,2.55
65,1.6,28.0168,2.55
65,1.7,28.0266,2.55
65,1.8,28.041,2.5486
65,1.9,28.0616,2.5178
65,2,28.0907,2.3031
66,0,28,2.55
66,0.1,28,2.55
66,0.2,28,2.55
66,0.3,28,2.55
66,0.4,28,2.55
66,0.5,28,2.55
66,0.6,28,2.55
66,0.7,28.0001,2.55
66,0.8,28.0002,2.55
66,0.9,28.0003,2.55
66,1,28.0006,2.55
66,1.1,28.0012,2.55
66,1.2,28.0022,2.55
66,1.3,28.0038,2.55
66,1.4,28.0065,2.55
66,1.5,28.0108,2.55
66,1.6,28.0174,2.55
66,1.7,28.0275,2.55
66,1.8,28.0422,2.5485
66,1.9,28.0633,2.5169
66,2,28.0929,2.3013
67,0,28,2.55
67,0.1,28,2.55
67,0.2,28,2.55
67,0.3,28,2.55
67,0.4,28,2.55
67,0.5,28,2.55
67,0.6,28,2.55
67,0.7,28.0001,2.55
67,0.8,28.0002,2.55
67,0.9,28.0004,2.55
67,1,28.0007,2.55
67,1.1,28.0013,2.55
67,1.2,28.0023,2.55
67,1.3,28.004,2.55
67,1.4,28.0068,2.55
67,1.5,28.0112,2.55
67,1.6,28.0181,2.55
67,1.7,28.0284,2.55
67,1.8,28.0434,2.5484
67,1.9,28.065,2.516
67,2,28.0952,2.2995
68,0,28,2.55
68,0.1,28,2.55
68,0.2,28,2.55
68,0.3,28,2.55
68,0.4,28,2.55
68,0.5,28,2.55
68,0.6,28,2.55
68,0.7,28.0001,2.55
68,0.8,28.0002,2.55
68,0.9,28.0004,2.55
68,1,28.0007,2.55
68,1.1,28.0014,2.55
68,1.2,28.0024,2.55
68,1.3,28.0042,2.55
68,1.4,28.0071,2.55
68,1.5,28.0117,2.55
68,1.6,28.0188,2.55
68,1.7,28.0293,2.55
68,1.8,28.0447,2.5483
68,1.9,28.0666,2.5151
68,2,28.0974,2.2977
69,0,28,2.55
69,0.1,28,2.55
69,0.2,28,2.55
69,0.3,28,2.55
69,0.4,28,2.55
69,0.5,28,2.55
69,0.6,28.0001,2.55
69,0.7,28.0001,2.55
69,0.8,28.0002,2.55
69,0.9,28.0004,2.55
69,1,28.0008,2.55
69,1.1,28.0014,2.55
69,1.2,28.0026,2.55
69,1.3,28.0044,2.55
69,1.4,28.0074,2.55
69,1.5,28.0122,2.55
69,1.6,28.0194,2.55
69,1.7,28.0303,2.55
69,1.8,28.046,2.5482
69,1.9,28.0684,2.5142
69,2,28.0997,2.296
70,0,28,2.55
70,0.1,28,2.55
70,0.2,28,2.55
70,0.3,28,2.55
70,0.4,28,2.55
70,0.5,28,2.55
70,0.6,28.0001,2.55
70,0.7,28.0001,2.55
70,0.8,28.0002,2.55
70,0.9,28.0005,2.55
70,1,28.0008,2.55
70,1.1,28.0015,2.55
70,1.2,28.0027,2.55
70,1.3,28.0047,2.55
70,1.4,28.0078,2.55
70,1.5,28.0127,2.55
70,1.6,28.0201,2.55
70,1.7,28.0312,2.55
70,1.8,28.0473,2.5481
70,1.9,28.0701,2.5133
70,2,28.102,2.2942
71,0,28,2.55
71,0.1,28,2.55
71,0.2,28,2.55
71,0.3,28,2.55
71,0.4,28,2.55
71,0.5,28,2.55
71,0.6,28.0001,2.55
71,0.7,28.0001,2.55
71,0.8,28.0003,2.55
71,0.9,28.0005,2.55
71,1,28.0009,2.55
71,1.1,28.0016,2.55
71,1.2,28.0029,2.55
71,1.3,28.0049,2.55
71,1.4,28.0081,2.55
71,1.5,28.0132,2.55
71,1.6,28.0209,2.55
71,1.7,28.0322,2.55
71,1.8,28.0486,2.548
71,1.9,28.0719,2.5124
71,2,28.1043,2.2925
72,0,28,2.55
72,0.1,28,2.55
72,0.2,28,2.55
72,0.3,28,2.55
72,0.4,28,2.55
72,0.5,28,2.55
72,0.6,28.0001,2.55
72,0.7,28.0001,2.55
72,0.8,28.0003,2.55
72,0.9,28.0005,2.55
72,1,28.001,2.55
72,1.1,28.0017,2.55
72,1.2,28.003,2.55
72,1.3,28.0051,2.55
72,1.4,28.0085,2.55
72,1.5,28.0137,2.55
72,1.6,28.0216,2.55
72,1.7,28.0332,2.55
72,1.8,28.05,2.5479
72,1.9,28.0737,2.5115
72,2,28.1066,2.2908
73,0,28,2.55
73,0.1,28,2.55
73,0.2,28,2.55
73,0.3,28,2.55
73,0.4,28,2.55
73,0.5,28,2.55
73,0.6,28.0001,2.55
73,0.7,28.0002,2.55
73,0.8,28.0003,2.55
73,0.9,28.0006,2.55
73,1,28.001,2.55
73,1.1,28.0018,2.55
73,1.2,28.0032,2.55
73,1.3,28.0054,2.55
73,1.4,28.0089,2.55
73,1.5,28.0142,2.55
73,1.6,28.0223,2.55
73,1.7,28.0342,2.55
73,1.8,28.0513,2.5478
73,1.9,28.0755,2.5106
73,2,28.109,2.2891
74,0,28,2.55
74,0.1,28,2.55
74,0.2,28,2.55
74,0.3,28,2.55
74,0.4,28,2.55
74,0.5,28,2.55
74,0.6,28.0001,2.55
74,0.7,28.0002,2.55
74,0.8,28.0003,2.55
74,0.9,28.0006,2.55
74,1,28.0011,2.55
74,1.1,28.0019,2.55
74,1.2,28.0033,2.55
74,1.3,28.0056,2.55
74,1.4,28.0092,2.55
74,1.5,28.0148,2.55
74,1.6,28.0231,2.55
74,1.7,28.0352,2.55
74,1.8,28.0527,2.5477
74,1.9,28.0773,2.5097
74,2,28.1114,2.2874
75,0,28,2.55
75,0.1,28,2.55
75,0.2,28,2.55
75,0.3,28,2.55
75,0.4,28,2.55
75,0.5,28.0001,2.55
75,0.6,28.0001,2.55
75,0.7,28.0002,2.55
75,0.8,28.0004,2.55
75,0.9,28.0007,2.55
75,1,28.0012,2.55
75,1.1,28.0021,2.55
75,1.2,28.0035,2.55
75,1.3,28.0059,2.55
75,1.4,28.0096,2.55
75,1.5,28.0153,2.55
75,1.6,28.0238,2.55
75,1.7,28.0363,2.5499
75,1.8,28.0541,2.5475
75,1.9,28.0792,2.5088
75,2,28.1138,2.2857
76,0,28,2.55
76,0.1,28,2.55
76,0.2,28,2.55
76,0.3,28,2.55
76,0.4,28,2.55
76,0.5,28.0001,2.55
76,0.6,28.0001,2.55
76,0.7,28.0002,2.55
76,0.8,28.0004,2.55
76,0.9,28.0007,2.55
76,1,28.0012,2.55
76,1.1,28.0022,2.55
76,1.2,28.0037,2.55
76,1.3,28.0062,2.55
76,1.4,28.01,2.55
76,1.5,28.0159,2.55
76,1.6,28.0246,2.55
76,1.7,28.0373,2.5499
76,1.8,28.0555,2.5474
76,1.9,28.0811,2.5079
76,2,28.1162,2.2841
77,0,28,2.55
77,0.1,28,2.55
77,0.2,28,2.55
77,0.3,28,2.55
77,0.4,28,2.55
77,0.5,28.0001,2.55
77,0.6,28.0001,2.55
77,0.7,28.0002,2.55
77,0.8,28.0004,2.55
77,0.9,28.0007,2.55
77,1,28.0013,2.55
77,1.1,28.0023,2.55
77,1.2,28.0039,2.55
77,1.3,28.0064,2.55
77,1.4,28.0104,2.55
77,1.5,28.0164,2.55
77,1.6,28.0254,2.55
77,1.7,28.0384,2.5499
77,1.8,28.057,2.5473
77,1.9,28.0829,2.507
77,2,28.1187,2.2824
78,0,28,2.55
78,0.1,28,2.55
78,0.2,28,2.55
78,0.3,28,2.55
78,0.4,28,2.55
78,0.5,28.0001,2.55
78,0.6,28.0001,2.55
78,0.7,28.0002,2.55
78,0.8,28.0004,2.55
78,0.9,28.0008,2.55
78,1,28.0014,2.55
78,1.1,28.0024,2.55
78,1.2,28.0041,2.55
78,1.3,28.0067,2.55
78,1.4,28.0108,2.55
78,1.5,28.017,2.55
78,1.6,28.0262,2.55
78,1.7,28.0395,2.5499
78,1.8,28.0584,2.5471
78,1.9,28.0849,2.5061
78,2,28.1211,2.2808
79,0,28,2.55
79,0.1,28,2.55
79,0.2,28,2.55
79,0.3,28,2.55
79,0.4,28,2.55
79,0.5,28.0001,2.55
79,0.6,28.0001,2.55
79,0.7,28.0003,2.55
79,0.8,28.0005,2.55
79,0.9,28.0008,2.55
79,1,28.0015,2.55
79,1.1,28.0025,2.55
79,1.2,28.0043,2.55
79,1.3,28.007,2.55
79,1.4,28.0112,2.55
79,1.5,28.0176,2.55
79,1.6,28.027,2.55
79,1.7,28.0406,2.5499
79,1.8,28.0599,2.547
79,1.9,28.0868,2.5052
79,2,28.1236,2.2792
80,0,28,2.55
80,0.1,28,2.55
80,0.2,28,2.55
80,0.3,28,2.55
80,0.4,28,2.55
80,0.5,28.0001,2.55
80,0.6,28.0001,2.55
80,0.7,28.0003,2.55
80,0.8,28.0005,2.55
80,0.9,28.0009,2.55
80,1,28.0016,2.55
80,1.1,28.0027,2.55
80,1.2,28.0045,2.55
80,1.3,28.0073,2.55
80,1.4,28.0116,2.55
80,1.5,28.0182,2.55
80,1.6,28.0278,2.55
80,1.7,28.0417,2.5499
80,1.8,28.0614,2.5469
80,1.9,28.0888,2.5043
80,2,28.1261,2.2776
81,0,28,2.55
81,0.1,28,2.55
81,0.2,28,2.55
81,0.3,28,2.55
81,0.4,28,2.55
81,0.5,28.0001,2.55
81,0.6,28.0002,2.55
81,0.7,28.0003,2.55
81,0.8,28.0005,2.55
81,0.9,28.001,2.55
81,1,28.0017,2.55
81,1.1,28.0028,2.55
81,1.2,28.0047,2.55
81,1.3,28.0076,2.55
81,1.4,28.0121,2.55
81,1.5,28.0188,2.55
81,1.6,28.0287,2.55
81,1.7,28.0429,2.5499
81,1.8,28.0629,2.5467
81,1.9,28.0907,2.5034
81,2,28.1287,2.276
82,0,28,2.55
82,0.1,28,2.55
82,0.2,28,2.55
82,0.3,28,2.55
82,0.4,28.0001,2.55
82,0.5,28.0001,2.55
82,0.6,28.0002,2.55
82,0.7,28.0003,2.55
82,0.8,28.0006,2.55
82,0.9,28.001,2.55
82,1,28.0018,2.55
82,1.1,28.003,2.55
82,1.2,28.0049,2.55
82,1.3,28.0079,2.55
82,1.4,28.0125,2.55
82,1.5,28.0194,2.55
82,1.6,28.0295,2.55
82,1.7,28.044,2.5499
82,1.8,28.0645,2.5466
82,1.9,28.0927,2.5025
82,2,28.1312,2.2744
83,0,28,2.55
83,0.1,28,2.55
83,0.2,28,2.55
83,0.3,28,2.55
83,0.4,28.0001,2.55
83,0.5,28.0001,2.55
83,0.6,28.0002,2.55
83,0.7,28.0003,2.55
83,0.8,28.0006,2.55
83,0.9,28.0011,2.55
83,1,28.0018,2.55
83,1.1,28.0031,2.55
83,1.2,28.0051,2.55
83,1.3,28.0082,2.55
83,1.4,28.013,2.55
83,1.5,28.0201,2.55
83,1.6,28.0304,2.55
83,1.7,28.0452,2.5499
83,1.8,28.066,2.5464
83,1.9,28.0948,2.5016
83,2,28.1338,2.2728
84,0,28,2.55
84,0.1,28,2.55
84,0.2,28,2.55
84,0.3,28,2.55
84,0.4,28.0001,2.55
84,0.5,28.0001,2.55
84,0.6,28.0002,2.55
84,0.7,28.0004,2.55
84,0.8,28.0007,2.55
84,0.9,28.0011,2.55
84,1,28.0019,2.55
84,1.1,28.0033,2.55
84,1.2,28.0053,2.55
84,1.3,28.0086,2.55
84,1.4,28.0135,2.55
84,1.5,28.0207,2.55
84,1.6,28.0313,2.55
84,1.7,28.0464,2.5499
84,1.8,28.0676,2.5463
84,1.9,28.0968,2.5007
84,2,28.1364,2.2713
85,0,28,2.55
85,0.1,28,2.55
85,0.2,28,2.55
85,0.3,28,2.55
85,0.4,28.0001,2.55
85,0.5,28.0001,2.55
85,0.6,28.0002,2.55
85,0.7,28.0004,2.55
85,0.8,28.0007,2.55
85,0.9,28.0012,2.55
85,1,28.002,2.55
85,1.1,28.0034,2.55
85,1.2,28.0056,2.55
85,1.3,28.0089,2.55
85,1.4,28.0139,2.55
85,1.5,28.0214,2.55
85,1.6,28.0322,2.55
85,1.7,28.0476,2.5499
85,1.8,28.0692,2.5461
85,1.9,28.0989,2.4998
85,2,28.139,2.2697
86,0,28,2.55
86,0.1,28,2.55
86,0.2,28,2.55
86,0.3,28,2.55
86,0.4,28.0001,2.55
86,0.5,28.0001,2.55
86,0.6,28.0002,2.55
86,0.7,28.0004,2.55
86,0.8,28.0007,2.55
86,0.9,28.0013,2.55
86,1,28.0022,2.55
86,1.1,28.0036,2.55
86,1.2,28.0058,2.55
86,1.3,28.0092,2.55
86,1.4,28.0144,2.55
86,1.5,28.022,2.55
86,1.6,28.0331,2.55
86,1.7,28.0488,2.5499
86,1.8,28.0708,2.5459
86,1.9,28.1009,2.4989
86,2,28.1416,2.2681
87,0,28,2.55
87,0.1,28,2.55
87,0.2,28,2.55
87,0.3,28,2.55
87,0.4,28.0001,2.55
87,0.5,28.0001,2.55
87,0.6,28.0003,2.55
87,0.7,28.0005,2.55
87,0.8,28.0008,2.55
87,0.9,28.0013,2.55
87,1,28.0023,2.55
87,1.1,28.0037,2.55
87,1.2,28.006,2.55
87,1.3,28.0096,2.55
87,1.4,28.0149,2.55
87,1.5,28.0227,2.55
87,1.6,28.034,2.55
87,1.7,28.0501,2.5499
87,1.8,28.0724,2.5458
87,1.9,28.103,2.4979
87,2,28.1442,2.2666
88,0,28,2.55
88,0.1,28,2.55
88,0.2,28,2.55
88,0.3,28,2.55
88,0.4,28.0001,2.55
88,0.5,28.0002,2.55
88,0.6,28.0003,2.55
88,0.7,28.0005,2.55
88,0.8,28.0008,2.55
88,0.9,28.0014,2.55
88,1,28.0024,2.55
88,1.1,28.0039,2.55
88,1.2,28.0063,2.55
88,1.3,28.0099,2.55
88,1.4,28.0154,2.55
88,1.5,28.0234,2.55
88,1.6,28.035,2.55
88,1.7,28.0513,2.5499
88,1.8,28.0741,2.5456
88,1.9,28.1051,2.497
88,2,28.1469,2.2651
89,0,28,2.55
89,0.1,28,2.55
89,0.2,28,2.55
89,0.3,28.0001,2.55
89,0.4,28.0001,2.55
89,0.5,28.0002,2.55
89,0.6,28.0003,2.55
89,0.7,28.0005,2.55
89,0.8,28.0009,2.55
89,0.9,28.0015,2.55
89,1,28.0025,2.55
89,1.1,28.0041,2.55
89,1.2,28.0066,2.55
89,1.3,28.0103,2.55
89,1.4,28.0159,2.55
89,1.5,28.0241,2.55
89,1.6,28.0359,2.55
89,1.7,28.0526,2.5498
89,1.8,28.0757,2.5454
89,1.9,28.1073,2.4961
89,2,28.1496,2.2636
90,0,28,2.55
90,0.1,28,2.55
90,0.2,28,2.55
90,0.3,28.0001,2.55
90,0.4,28.0001,2.55
90,0.5,28.0002,2.55
90,0.6,28.0003,2.55
90,0.7,28.0005,2.55
90,0.8,28.0009,2.55
90,0.9,28.0016,2.55
90,1,28.0026,2.55
90,1.1,28.0043,2.55
90,1.2,28.0068,2.55
90,1.3,28.0107,2.55
90,1.4,28.0164,2.55
90,1.5,28.0249,2.55
90,1.6,28.0369,2.55
90,1.7,28.0539,2.5498
90,1.8,28.0774,2.5453
90,1.9,28.1094,2.4952
90,2,28.1522,2.2621
91,0,28,2.55
91,0.1,28,2.55
91,0.2,28,2.55
91,0.3,28.0001,2.55
91,0.4,28.0001,2.55
91,0.5,28.0002,2.55
91,0.6,28.0003,2.55
91,0.7,28.0006,2.55
91,0.8,28.001,2.55
91,0.9,28.0017,2.55
91,1,28.0027,2.55
91,1.1,28.0044,2.55
91,1.2,28.0071,2.55
91,1.3,28.0111,2.55
91,1.4,28.017,2.55
91,1.5,28.0256,2.55
91,1.6,28.0379,2.55
91,1.7,28.0552,2.5498
91,1.8,28.0791,2.5451
91,1.9,28.1116,2.4943
91,2,28.155,2.2606
92,0,28,2.55
92,0.1,28,2.55
92,0.2,28,2.55
92,0.3,28.0001,2.55
92,0.4,28.0001,2.55
92,0.5,28.0002,2.55
92,0.6,28.0004,2.55
92,0.7,28.0006,2.55
92,0.8,28.001,2.55
92,0.9,28.0017,2.55
92,1,28.0029,2.55
92,1.1,28.0046,2.55
92,1.2,28.0074,2.55
92,1.3,28.0115,2.55
92,1.4,28.0175,2.55
92,1.5,28.0263,2.55
92,1.6,28.0389,2.55
92,1.7,28.0565,2.5498
92,1.8,28.0808,2.5449
92,1.9,28.1137,2.4934
92,2,28.1577,2.2591
93,0,28,2.55
93,0.1,28,2.55
93,0.2,28,2.55
93,0.3,28.0001,2.55
93,0.4,28.0001,2.55
93,0.5,28.0002,2.55
93,0.6,28.0004,2.55
93,0.7,28.0007,2.55
93,0.8,28.0011,2.55
93,0.9,28.0018,2.55
93,1,28.003,2.55
93,1.1,28.0048,2.55
93,1.2,28.0076,2.55
93,1.3,28.0119,2.55
93,1.4,28.0181,2.55
93,1.5,28.0271,2.55
93,1.6,28.0399,2.55
93,1.7,28.0578,2.5498
93,1.8,28.0825,2.5447
93,1.9,28.1159,2.4925
93,2,28.1604,2.2576
94,0,28,2.55
94,0.1,28,2.55
94,0.2,28.0001,2.55
94,0.3,28.0001,2.55
94,0.4,28.0001,2.55
94,0.5,28.0002,2.55
94,0.6,28.0004,2.55
94,0.7,28.0007,2.55
94,0.8,28.0012,2.55
94,0.9,28.0019,2.55
94,1,28.0031,2.55
94,1.1,28.005,2.55
94,1.2,28.0079,2.55
94,1.3,28.0123,2.55
94,1.4,28.0186,2.55
94,1.5,28.0278,2.55
94,1.6,28.0409,2.55
94,1.7,28.0592,2.5498
94,1.8,28.0843,2.5445
94,1.9,28.1182,2.4916
94,2,28.1632,2.2561
95,0,28,2.55
95,0.1,28,2.55
95,0.2,28.0001,2.55
95,0.3,28.0001,2.55
95,0.4,28.0001,2.55
95,0.5,28.0003,2.55
95,0.6,28.0004,2.55
95,0.7,28.0007,2.55
95,0.8,28.0012,2.55
95,0.9,28.002,2.55
95,1,28.0033,2.55
95,1.1,28.0052,2.55
95,1.2,28.0082,2.55
95,1.3,28.0127,2.55
95,1.4,28.0192,2.55
95,1.5,28.0286,2.55
95,1.6,28.042,2.55
95,1.7,28.0606,2.5498
95,1.8,28.086,2.5443
95,1.9,28.1204,2.4906
95,2,28.1659,2.2547
96,0,28,2.55
96,0.1,28,2.55
96,0.2,28.0001,2.55
96,0.3,28.0001,2.55
96,0.4,28.0002,2.55
96,0.5,28.0003,2.55
96,0.6,28.0005,2.55
96,0.7,28.0008,2.55
96,0.8,28.0013,2.55
96,0.9,28.0021,2.55
96,1,28.0034,2.55
96,1.1,28.0054,2.55
96,1.2,28.0085,2.55
96,1.3,28.0131,2.55
96,1.4,28.0198,2.55
96,1.5,28.0294,2.55
96,1.6,28.043,2.55
96,1.7,28.0619,2.5498
96,1.8,28.0878,2.5441
96,1.9,28.1226,2.4897
96,2,28.1687,2.2532
97,0,28,2.55
97,0.1,28,2.55
97,0.2,28.0001,2.55
97,0.3,28.0001,2.55
97,0.4,28.0002,2.55
97,0.5,28.0003,2.55
97,0.6,28.0005,2.55
97,0.7,28.0008,2.55
97,0.8,28.0014,2.55
97,0.9,28.0022,2.55
97,1,28.0036,2.55
97,1.1,28.0057,2.55
97,1.2,28.0088,2.55
97,1.3,28.0135,2.55
97,1.4,28.0204,2.55
97,1.5,28.0302,2.55
97,1.6,28.0441,2.55
97,1.7,28.0633,2.5497
97,1.8,28.0896,2.5439
97,1.9,28.1249,2.4888
97,2,28.1715,2.2518
98,0,28,2.55
98,0.1,28.0001,2.55
98,0.2,28.0001,2.55
98,0.3,28.0001,2.55
98,0.4,28.0002,2.55
98,0.5,28.0003,2.55
98,0.6,28.0005,2.55
98,0.7,28.0009,2.55
98,0.8,28.0014,2.55
98,0.9,28.0023,2.55
98,1,28.0037,2.55
98,1.1,28.0059,2.55
98,1.2,28.0091,2.55
98,1.3,28.014,2.55
98,1.4,28.021,2.55
98,1.5,28.031,2.55
98,1.6,28.0452,2.55
98,1.7,28.0648,2.5497
98,1.8,28.0914,2.5437
98,1.9,28.1272,2.4879
98,2,28.1744,2.2504
99,0,28,2.55
99,0.1,28.0001,2.55
99,0.2,28.0001,2.55
99,0.3,28.0001,2.55
99,0.4,28.0002,2.55
99,0.5,28.0003,2.55
99,0.6,28.0005,2.55
99,0.7,28.0009,2.55
99,0.8,28.0015,2.55
99,0.9,28.0024,2.55
99,1,28.0039,2.55
99,1.1,28.0061,2.55
99,1.2,28.0095,2.55
99,1.3,28.0144,2.55
99,1.4,28.0216,2.55
99,1.5,28.0319,2.55
99,1.6,28.0463,2.55
99,1.7,28.0662,2.5497
99,1.8,28.0932,2.5435
99,1.9,28.1295,2.487
99,2,28.1772,2.2489
100,0,28.0001,2.55
100,0.1,28.0001,2.55
100,0.2,28.0001,2.55
100,0.3,28.0001,2.55
100,0.4,28.0002,2.55
100,0.5,28.0003,2.55
100,0.6,28.0006,2.55
100,0.7,28.001,2.55
100,0.8,28.0016,2.55
100,0.9,28.0025,2.55
100,1,28.004,2.55
100,1.1,28.0063,2.55
100,1.2,28.0098,2.55
100,1.3,28.0149,2.55
100,1.4,28.0222,2.55
100,1.5,28.0327,2.55
100,1.6,28.0474,2.55
100,1.7,28.0676,2.5497
100,1.8,28.0951,2.5433
100,1.9,28.1318,2.4861
100,2,28.18,2.2475
101,0,28.0001,2.55
101,0.1,28.0001,2.55
101,0.2,28.0001,2.55
101,0.3,28.0001,2.55
101,0.4,28.0002,2.55
101,0.5,28.0004,2.55
101,0.6,28.0006,2.55
101,0.7,28.001,2.55
101,0.8,28.0016,2.55
101,0.9,28.0027,2.55
101,1,28.0042,2.55
101,1.1,28.0066,2.55
101,1.2,28.0101,2.55
101,1.3,28.0153,2.55
101,1.4,28.0229,2.55
101,1.5,28.0336,2.55
101,1.6,28.0485,2.55
101,1.7,28.0691,2.5497
101,1.8,28.097,2.5431
101,1.9,28.1341,2.4852
101,2,28.1829,2.2461
102,0,28.0001,2.55
102,0.1,28.0001,2.55
102,0.2,28.0001,2.55
102,0.3,28.0001,2.55
102,0.4,28.0002,2.55
102,0.5,28.0004,2.55
102,0.6,28.0006,2.55
102,0.7,28.0011,2.55
102,0.8,28.0017,2.55
102,0.9,28.0028,2.55
102,1,28.0044,2.55
102,1.1,28.0068,2.55
102,1.2,28.0105,2.55
102,1.3,28.0158,2.55
102,1.4,28.0235,2.55
102,1.5,28.0344,2.55
102,1.6,28.0496,2.55
102,1.7,28.0706,2.5496
102,1.8,28.0988,2.5429
102,1.9,28.1365,2.4843
102,2,28.1858,2.2447
103,0,28.0001,2.55
103,0.1,28.0001,2.55
103,0.2,28.0001,2.55
103,0.3,28.0002,2.55
103,0.4,28.0003,2.55
103,0.5,28.0004,2.55
103,0.6,28.0007,2.55
103,0.7,28.0011,2.55
103,0.8,28.0018,2.55
103,0.9,28.0029,2.55
103,1,28.0046,2.55
103,1.1,28.0071,2.55
103,1.2,28.0108,2.55
103,1.3,28.0163,2.55
103,1.4,28.0242,2.55
103,1.5,28.0353,2.55
103,1.6,28.0508,2.55
103,1.7,28.072,2.5496
103,1.8,28.1007,2.5427
103,1.9,28.1388,2.4834
103,2,28.1887,2.2433
104,0,28.0001,2.55
104,0.1,28.0001,2.55
104,0.2,28.0001,2.55
104,0.3,28.0002,2.55
104,0.4,28.0003,2.55
104,0.5,28.0004,2.55
104,0.6,28.0007,2.55
104,0.7,28.0012,2.55
104,0.8,28.0019,2.55
104,0.9,28.003,2.55
104,1,28.0047,2.55
104,1.1,28.0073,2.55
104,1.2,28.0112,2.55
104,1.3,28.0168,2.55
104,1.4,28.0248,2.55
104,1.5,28.0362,2.55
104,1.6,28.052,2.55
104,1.7,28.0735,2.5496
104,1.8,28.1026,2.5425
104,1.9,28.1412,2.4825
104,2,28.1916,2.2419
105,0,28.0001,2.55
105,0.1,28.0001,2.55
105,0.2,28.0001,2.55
105,0.3,28.0002,2.55
105,0.4,28.0003,2.55
105,0.5,28.0005,2.55
105,0.6,28.0008,2.55
105,0.7,28.0012,2.55
105,0.8,28.002,2.55
105,0.9,28.0031,2.55
105,1,28.0049,2.55
105,1.1,28.0076,2.55
105,1.2,28.0115,2.55
105,1.3,28.0173,2.55
105,1.4,28.0255,2.55
105,1.5,28.0371,2.55
105,1.6,28.0531,2.55
105,1.7,28.0751,2.5496
105,1.8,28.1045,2.5422
105,1.9,28.1436,2.4815
105,2,28.1945,2.2405
106,0,28.0001,2.55
106,0.1,28.0001,2.55
106,0.2,28.0001,2.55
106,0.3,28.0002,2.55
106,0.4,28.0003,2.55
106,0.5,28.0005,2.55
106,0.6,28.0008,2.55
106,0.7,28.0013,2.55
106,0.8,28.0021,2.55
106,0.9,28.0033,2.55
106,1,28.0051,2.55
106,1.1,28.0079,2.55
106,1.2,28.0119,2.55
106,1.3,28.0178,2.55
106,1.4,28.0262,2.55
106,1.5,28.038,2.55
106,1.6,28.0543,2.55
106,1.7,28.0766,2.5496
106,1.8,28.1065,2.542
106,1.9,28.146,2.4806
106,2,28.1975,2.2392
107,0,28.0001,2.55
107,0.1,28.0001,2.55
107,0.2,28.0001,2.55
107,0.3,28.0002,2.55
107,0.4,28.0003,2.55
107,0.5,28.0005,2.55
107,0.6,28.0008,2.55
107,0.7,28.0014,2.55
107,0.8,28.0022,2.55
107,0.9,28.0034,2.55
107,1,28.0053,2.55
107,1.1,28.0081,2.55
107,1.2,28.0123,2.55
107,1.3,28.0183,2.55
107,1.4,28.0269,2.55
107,1.5,28.0389,2.55
107,1.6,28.0555,2.55
107,1.7,28.0781,2.5495
107,1.8,28.1084,2.5418
107,1.9,28.1484,2.4797
107,2,28.2004,2.2378
108,0,28.0001,2.55
108,0.1,28.0001,2.55
108,0.2,28.0001,2.55
108,0.3,28.0002,2.55
108,0.4,28.0003,2.55
108,0.5,28.0006,2.55
108,0.6,28.0009,2.55
108,0.7,28.0014,2.55
108,0.8,28.0023,2.55
108,0.9,28.0035,2.55
108,1,28.0055,2.55
108,1.1,28.0084,2.55
108,1.2,28.0127,2.55
108,1.3,28.0188,2.55
108,1.4,28.0276,2.55
108,1.5,28.0398,2.55
108,1.6,28.0567,2.55
108,1.7,28.0797,2.5495
108,1.8,28.1104,2.5415
108,1.9,28.1509,2.4788
108,2,28.2034,2.2365
109,0,28.0001,2.55
109,0.1,28.0001,2.55
109,0.2,28.0002,2.55
109,0.3,28.0002,2.55
109,0.4,28.0004,2.55
109,0.5,28.0006,2.55
109,0.6,28.0009,2.55
109,0.7,28.0015,2.55
109,0.8,28.0024,2.55
109,0.9,28.0037,2.55
109,1,28.0057,2.55
109,1.1,28.0087,2.55
109,1.2,28.0131,2.55
109,1.3,28.0194,2.55
109,1.4,28.0283,2.55
109,1.5,28.0408,2.55
109,1.6,28.058,2.55
109,1.7,28.0813,2.5495
109,1.8,28.1124,2.5413
109,1.9,28.1533,2.4779
109,2,28.2064,2.2351
110,0,28.0001,2.55
110,0.1,28.0001,2.55
110,0.2,28.0002,2.55
110,0.3,28.0003,2.55
110,0.4,28.0004,2.55
110,0.5,28.0006,2.55
110,0.6,28.001,2.55
110,0.7,28.0016,2.55
110,0.8,28.0025,2.55
110,0.9,28.0038,2.55
110,1,28.0059,2.55
110,1.1,28.009,2.55
110,1.2,28.0135,2.55
110,1.3,28.0199,2.55
110,1.4,28.029,2.55
110,1.5,28.0418,2.55
110,1.6,28.0592,2.55
110,1.7,28.0829,2.5495
110,1.8,28.1144,2.5411
110,1.9,28.1558,2.477
110,2,28.2094,2.2338
111,0,28.0001,2.55
111,0.1,28.0001,2.55
111,0.2,28.0002,2.55
111,0.3,28.0003,2.55
111,0.4,28.0004,2.55
111,0.5,28.0007,2.55
111,0.6,28.001,2.55
111,0.7,28.0016,2.55
111,0.8,28.0026,2.55
111,0.9,28.004,2.55
111,1,28.0061,2.55
111,1.1,28.0093,2.55
111,1.2,28.0139,2.55
111,1.3,28.0205,2.55
111,1.4,28.0298,2.55
111,1.5,28.0427,2.55
111,1.6,28.0605,2.55
111,1.7,28.0845,2.5494
111,1.8,28.1164,2.5408
111,1.9,28.1583,2.4761
111,2,28.2124,2.2324
112,0,28.0001,2.55
112,0.1,28.0001,2.55
112,0.2,28.0002,2.55
112,0.3,28.0003,2.55
112,0.4,28.0004,2.55
112,0.5,28.0007,2.55
112,0.6,28.0011,2.55
112,0.7,28.0017,2.55
112,0.8,28.0027,2.55
112,0.9,28.0041,2.55
112,1,28.0063,2.55
112,1.1,28.0096,2.55
112,1.2,28.0143,2.55
112,1.3,28.021,2.55
112,1.4,28.0305,2.55
112,1.5,28.0437,2.55
112,1.6,28.0618,2.55
112,1.7,28.0861,2.5494
112,1.8,28.1184,2.5406
112,1.9,28.1608,2.4752
112,2,28.2154,2.2311
113,0,28.0001,2.55
113,0.1,28.0002,2.55
113,0.2,28.0002,2.55
113,0.3,28.0003,2.55
113,0.4,28.0005,2.55
113,0.5,28.0007,2.55
113,0.6,28.0011,2.55
113,0.7,28.0018,2.55
113,0.8,28.0028,2.55
113,0.9,28.0043,2.55
113,1,28.0066,2.55
113,1.1,28.0099,2.55
113,1.2,28.0147,2.55
113,1.3,28.0216,2.55
113,1.4,28.0313,2.55
113,1.5,28.0447,2.55
113,1.6,28.063,2.55
113,1.7,28.0877,2.5494
113,1.8,28.1205,2.5403
113,1.9,28.1633,2.4743
113,2,28.2185,2.2298
114,0,28.0002,2.55
114,0.1,28.0002,2.55
114,0.2,28.0002,2.55
114,0.3,28.0003,2.55
114,0.4,28.0005,2.55
114,0.5,28.0008,2.55
114,0.6,28.0012,2.55
114,0.7,28.0019,2.55
114,0.8,28.0029,2.55
114,0.9,28.0045,2.55
114,1,28.0068,2.55
114,1.1,28.0102,2.55
114,1.2,28.0151,2.55
114,1.3,28.0222,2.55
114,1.4,28.0321,2.55
114,1.5,28.0457,2.55
114,1.6,28.0643,2.55
114,1.7,28.0894,2.5494
114,1.8,28.1225,2.5401
114,1.9,28.1658,2.4734
114,2,28.2215,2.2285
115,0,28.0002,2.55
115,0.1,28.0002,2.55
115,0.2,28.0002,2.55
115,0.3,28.0003,2.55
115,0.4,28.0005,2.55
115,0.5,28.0008,2.55
115,0.6,28.0012,2.55
115,0.7,28.0019,2.55
115,0.8,28.003,2.55
115,0.9,28.0046,2.55
115,1,28.007,2.55
115,1.1,28.0105,2.55
115,1.2,28.0156,2.55
115,1.3,28.0228,2.55
115,1.4,28.0328,2.55
115,1.5,28.0467,2.55
115,1.6,28.0656,2.55
115,1.7,28.091,2.5493
115,1.8,28.1246,2.5398
115,1.9,28.1683,2.4725
115,2,28.2246,2.2272
116,0,28.0002,2.55
116,0.1,28.0002,2.55
116,0.2,28.0003,2.55
116,0.3,28.0004,2.55
116,0.4,28.0005,2.55
116,0.5,28.0008,2.55
116,0.6,28.0013,2.55
116,0.7,28.002,2.55
116,0.8,28.0031,2.55
116,0.9,28.0048,2.55
116,1,28.0073,2.55
116,1.1,28.0109,2.55
116,1.2,28.016,2.55
116,1.3,28.0234,2.55
116,1.4,28.0336,2.55
116,1.5,28.0478,2.55
116,1.6,28.067,2.55
116,1.7,28.0927,2.5493
116,1.8,28.1267,2.5396
116,1.9,28.1709,2.4716
116,2,28.2277,2.2259
117,0,28.0002,2.55
117,0.1,28.0002,2.55
117,0.2,28.0003,2.55
117,0.3,28.0004,2.55
117,0.4,28.0006,2.55
117,0.5,28.0009,2.55
117,0.6,28.0014,2.55
117,0.7,28.0021,2.55
117,0.8,28.0033,2.55
117,0.9,28.005,2.55
117,1,28.0075,2.55
117,1.1,28.0112,2.55
117,1.2,28.0165,2.55
117,1.3,28.024,2.55
117,1.4,28.0344,2.55
117,1.5,28.0488,2.55
117,1.6,28.0683,2.55
117,1.7,28.0944,2.5493
117,1.8,28.1288,2.5393
117,1.9,28.1735,2.4707
117,2,28.2308,2.2246
118,0,28.0002,2.55
118,0.1,28.0002,2.55
118,0.2,28.0003,2.55
118,0.3,28.0004,2.55
118,0.4,28.0006,2.55
118,0.5,28.0009,2.55
118,0.6,28.0014,2.55
118,0.7,28.0022,2.55
118,0.8,28.0034,2.55
118,0.9,28.0051,2.55
118,1,28.0077,2.55
118,1.1,28.0115,2.55
118,1.2,28.0169,2.55
118,1.3,28.0246,2.55
118,1.4,28.0352,2.55
118,1.5,28.0499,2.55
118,1.6,28.0697,2.55
118,1.7,28.0961,2.5492
118,1.8,28.1309,2.5391
118,1.9,28.176,2.4698
118,2,28.2339,2.2233
119,0,28.0002,2.55
119,0.1,28.0002,2.55
119,0.2,28.0003,2.55
119,0.3,28.0004,2.55
119,0.4,28.0006,2.55
119,0.5,28.001,2.55
119,0.6,28.0015,2.55
119,0.7,28.0023,2.55
119,0.8,28.0035,2.55
119,0.9,28.0053,2.55
119,1,28.008,2.55
119,1.1,28.0119,2.55
119,1.2,28.0174,2.55
119,1.3,28.0252,2.55
119,1.4,28.0361,2.55
119,1.5,28.0509,2.55
119,1.6,28.071,2.55
119,1.7,28.0978,2.5492
119,1.8,28.133,2.5388
119,1.9,28.1786,2.4689
119,2,28.237,2.222
120,0,28.0002,2.55
120,0.1,28.0002,2.55
120,0.2,28.0003,2.55
120,0.3,28.0004,2.55
120,0.4,28.0007,2.55
120,0.5,28.001,2.55
120,0.6,28.0016,2.55
120,0.7,28.0024,2.55
120,0.8,28.0036,2.55
120,0.9,28.0055,2.55
120,1,28.0083,2.55
120,1.1,28.0122,2.55
120,1.2,28.0179,2.55
120,1.3,28.0259,2.55
120,1.4,28.0369,2.55
120,1.5,28.052,2.55
120,1.6,28.0724,2.55
120,1.7,28.0995,2.5492
120,1.8,28.1351,2.5385
120,1.9,28.1812,2.468
120,2,28.2401,2.2207
121,0,28.0002,2.55
121,0.1,28.0003,2.55
121,0.2,28.0003,2.55
121,0.3,28.0005,2.55
121,0.4,28.0007,2.55
121,0.5,28.0011,2.55
121,0.6,28.0016,2.55
121,0.7,28.0025,2.55
121,0.8,28.0038,2.55
121,0.9,28.0057,2.55
121,1,28.0085,2.55
121,1.1,28.0126,2.55
121,1.2,28.0184,2.55
121,1.3,28.0265,2.55
121,1.4,28.0377,2.55
121,1.5,28.0531,2.55
121,1.6,28.0738,2.55
121,1.7,28.1013,2.5491
121,1.8,28.1373,2.5383
121,1.9,28.1839,2.4671
121,2,28.2432,2.2195
122,0,28.0003,2.55
122,0.1,28.0003,2.55
122,0.2,28.0004,2.55
122,0.3,28.0005,2.55
122,0.4,28.0007,2.55
122,0.5,28.0011,2.55
122,0.6,28.0017,2.55
122,0.7,28.0026,2.55
122,0.8,28.0039,2.55
122,0.9,28.0059,2.55
122,1,28.0088,2.55
122,1.1,28.013,2.55
122,1.2,28.0189,2.55
122,1.3,28.0272,2.55
122,1.4,28.0386,2.55
122,1.5,28.0542,2.55
122,1.6,28.0752,2.55
122,1.7,28.103,2.5491
122,1.8,28.1395,2.538
122,1.9,28.1865,2.4662
122,2,28.2463,2.2182
123,0,28.0003,2.55
123,0.1,28.0003,2.55
123,0.2,28.0004,2.55
123,0.3,28.0005,2.55
123,0.4,28.0008,2.55
123,0.5,28.0012,2.55
123,0.6,28.0018,2.55
123,0.7,28.0027,2.55
123,0.8,28.0041,2.55
123,0.9,28.0061,2.55
123,1,28.0091,2.55
123,1.1,28.0133,2.55
123,1.2,28.0194,2.55
123,1.3,28.0278,2.55
123,1.4,28.0395,2.55
123,1.5,28.0553,2.55
123,1.6,28.0766,2.55
123,1.7,28.1048,2.5491
123,1.8,28.1416,2.5377
123,1.9,28.1891,2.4653
123,2,28.2493,2.2169
124,0,28.0003,2.55
124,0.1,28.0003,2.55
124,0.2,28.0004,2.55
124,0.3,28.0006,2.55
124,0.4,28.0008,2.55
124,0.5,28.0012,2.55
124,0.6,28.0018,2.55
124,0.7,28.0028,2.55
124,0.8,28.0042,2.55
124,0.9,28.0063,2.55
124,1,28.0093,2.55
124,1.1,28.0137,2.55
124,1.2,28.0199,2.55
124,1.3,28.0285,2.55
124,1.4,28.0403,2.55
124,1.5,28.0564,2.55
124,1.6,28.078,2.55
124,1.7,28.1066,2.549
124,1.8,28.1438,2.5375
124,1.9,28.1917,2.4645
124,2,28.2523,2.2157
125,0,28.0003,2.55
125,0.1,28.0003,2.55
125,0.2,28.0004,2.55
125,0.3,28.0006,2.55
125,0.4,28.0008,2.55
125,0.5,28.0013,2.55
125,0.6,28.0019,2.55
125,0.7,28.0029,2.55
125,0.8,28.0044,2.55
125,0.9,28.0065,2.55
125,1,28.0096,2.55
125,1.1,28.0141,2.55
125,1.2,28.0204,2.55
125,1.3,28.0292,2.55
125,1.4,28.0412,2.55
125,1.5,28.0576,2.55
125,1.6,28.0795,2.55
125,1.7,28.1084,2.549
125,1.8,28.146,2.5372
125,1.9,28.1944,2.4636
125,2,28.2553,2.2144
126,0,28.0003,2.55
126,0.1,28.0004,2.55
126,0.2,28.0004,2.55
126,0.3,28.0006,2.55
126,0.4,28.0009,2.55
126,0.5,28.0013,2.55
126,0.6,28.002,2.55
126,0.7,28.003,2.55
126,0.8,28.0045,2.55
126,0.9,28.0067,2.55
126,1,28.0099,2.55
126,1.1,28.0145,2.55
126,1.2,28.0209,2.55
126,1.3,28.0299,2.55
126,1.4,28.0421,2.55
126,1.5,28.0587,2.55
126,1.6,28.0809,2.55
126,1.7,28.1102,2.5489
126,1.8,28.1482,2.5369
126,1.9,28.197,2.4627
126,2,28.2583,2.2132
127,0,28.0003,2.55
127,0.1,28.0004,2.55
127,0.2,28.0005,2.55
127,0.3,28.0006,2.55
127,0.4,28.0009,2.55
127,0.5,28.0014,2.55
127,0.6,28.0021,2.55
127,0.7,28.0031,2.55
127,0.8,28.0047,2.55
127,0.9,28.0069,2.55
127,1,28.0102,2.55
127,1.1,28.0149,2.55
127,1.2,28.0214,2.55
127,1.3,28.0306,2.55
127,1.4,28.043,2.55
127,1.5,28.0599,2.55
127,1.6,28.0824,2.55
127,1.7,28.112,2.5489
127,1.8,28.1505,2.5366
127,1.9,28.1996,2.4618
127,2,28.2613,2.212
128,0,28.0004,2.55
128,0.1,28.0004,2.55
128,0.2,28.0005,2.55
128,0.3,28.0007,2.55
128,0.4,28.001,2.55
128,0.5,28.0014,2.55
128,0.6,28.0022,2.55
128,0.7,28.0032,2.55
128,0.8,28.0048,2.55
128,0.9,28.0072,2.55
128,1,28.0105,2.55
128,1.1,28.0153,2.55
128,1.2,28.022,2.55
128,1.3,28.0313,2.55
128,1.4,28.0439,2.55
128,1.5,28.0611,2.55
128,1.6,28.0839,2.55
128,1.7,28.1138,2.5489
128,1.8,28.1527,2.5363
128,1.9,28.2022,2.4609
128,2,28.2643,2.2107
129,0,28.0004,2.55
129,0.1,28.0004,2.55
129,0.2,28.0005,2.55
129,0.3,28.0007,2.55
129,0.4,28.001,2.55
129,0.5,28.0015,2.55
129,0.6,28.0022,2.55
129,0.7,28.0034,2.55
129,0.8,28.005,2.55
129,0.9,28.0074,2.55
129,1,28.0108,2.55
129,1.1,28.0157,2.55
129,1.2,28.0225,2.55
129,1.3,28.032,2.55
129,1.4,28.0449,2.55
129,1.5,28.0623,2.55
129,1.6,28.0854,2.5499
129,1.7,28.1157,2.5488
129,1.8,28.1549,2.5361
129,1.9,28.2048,2.46
129,2,28.2673,2.2095
130,0,28.0004,2.55
130,0.1,28.0004,2.55
130,0.2,28.0005,2.55
130,0.3,28.0007,2.55
130,0.4,28.0011,2.55
130,0.5,28.0016,2.55
130,0.6,28.0023,2.55
130,0.7,28.0035,2.55
130,0.8,28.0052,2.55
130,0.9,28.0076,2.55
130,1,28.0111,2.55
130,1.1,28.0161,2.55
130,1.2,28.0231,2.55
130,1.3,28.0327,2.55
130,1.4,28.0458,2.55
130,1.5,28.0634,2.55
130,1.6,28.0869,2.5499
130,1.7,28.1175,2.5488
130,1.8,28.1571,2.5358
130,1.9,28.2074,2.4591
130,2,28.2703,2.2083
131,0,28.0004,2.55
131,0.1,28.0005,2.55
131,0.2,28.0006,2.55
131,0.3,28.0008,2.55
131,0.4,28.0011,2.55
131,0.5,28.0016,2.55
131,0.6,28.0024,2.55
131,0.7,28.0036,2.55
131,0.8,28.0053,2.55
131,0.9,28.0079,2.55
131,1,28.0115,2.55
131,1.1,28.0166,2.55
131,1.2,28.0237,2.55
131,1.3,28.0334,2.55
131,1.4,28.0468,2.55
131,1.5,28.0647,2.55
131,1.6,28.0884,2.5499
131,1.7,28.1194,2.5487
131,1.8,28.1594,2.5355
131,1.9,28.2101,2.4583
131,2,28.2733,2.2071
132,0,28.0005,2.55
132,0.1,28.0005,2.55
132,0.2,28.0006,2.55
132,0.3,28.0008,2.55
132,0.4,28.0012,2.55
132,0.5,28.0017,2.55
132,0.6,28.0025,2.55
132,0.7,28.0037,2.55
132,0.8,28.0055,2.55
132,0.9,28.0081,2.55
132,1,28.0118,2.55
132,1.1,28.017,2.55
132,1.2,28.0242,2.55
132,1.3,28.0342,2.55
132,1.4,28.0477,2.55
132,1.5,28.0659,2.55
132,1.6,28.0899,2.5499
132,1.7,28.1212,2.5487
132,1.8,28.1616,2.5352
132,1.9,28.2127,2.4574
132,2,28.2763,2.2059
133,0,28.0005,2.55
133,0.1,28.0005,2.55
133,0.2,28.0006,2.55
133,0.3,28.0009,2.55
133,0.4,28.0012,2.55
133,0.5,28.0018,2.55
133,0.6,28.0026,2.55
133,0.7,28.0039,2.55
133,0.8,28.0057,2.55
133,0.9,28.0083,2.55
133,1,28.0121,2.55
133,1.1,28.0174,2.55
133,1.2,28.0248,2.55
133,1.3,28.0349,2.55
133,1.4,28.0487,2.55
133,1.5,28.0671,2.55
133,1.6,28.0914,2.5499
133,1.7,28.1231,2.5486
133,1.8,28.1638,2.5349
133,1.9,28.2153,2.4565
133,2,28.2793,2.2047
134,0,28.0005,2.55
134,0.1,28.0005,2.55
134,0.2,28.0007,2.55
134,0.3,28.0009,2.55
134,0.4,28.0013,2.55
134,0.5,28.0018,2.55
134,0.6,28.0027,2.55
134,0.7,28.004,2.55
134,0.8,28.0059,2.55
134,0.9,28.0086,2.55
134,1,28.0125,2.55
134,1.1,28.0179,2.55
134,1.2,28.0254,2.55
134,1.3,28.0357,2.55
134,1.4,28.0497,2.55
134,1.5,28.0683,2.55
134,1.6,28.093,2.5499
134,1.7,28.125,2.5486
134,1.8,28.1661,2.5346
134,1.9,28.2179,2.4556
134,2,28.2823,2.2035
135,0,28.0005,2.55
135,0.1,28.0006,2.55
135,0.2,28.0007,2.55
135,0.3,28.0009,2.55
135,0.4,28.0013,2.55
135,0.5,28.0019,2.55
135,0.6,28.0028,2.55
135,0.7,28.0041,2.55
135,0.8,28.0061,2.55
135,0.9,28.0089,2.55
135,1,28.0128,2.55
135,1.1,28.0183,2.55
135,1.2,28.026,2.55
135,1.3,28.0365,2.55
135,1.4,28.0507,2.55
135,1.5,28.0696,2.55
135,1.6,28.0945,2.5499
135,1.7,28.1269,2.5486
135,1.8,28.1683,2.5343
135,1.9,28.2206,2.4547
135,2,28.2853,2.2023
136,0,28.0006,2.55
136,0.1,28.0006,2.55
136,0.2,28.0007,2.55
136,0.3,28.001,2.55
136,0.4,28.0014,2.55
136,0.5,28.002,2.55
136,0.6,28.0029,2.55
136,0.7,28.0043,2.55
136,0.8,28.0063,2.55
136,0.9,28.0091,2.55
136,1,28.0131,2.55
136,1.1,28.0188,2.55
136,1.2,28.0266,2.55
136,1.3,28.0373,2.55
136,1.4,28.0517,2.55
136,1.5,28.0708,2.55
136,1.6,28.0961,2.5499
136,1.7,28.1288,2.5485
136,1.8,28.1706,2.534
136,1.9,28.2232,2.4539
136,2,28.2883,2.2011
137,0,28.0006,2.55
137,0.1,28.0006,2.55
137,0.2,28.0008,2.55
137,0.3,28.001,2.55
137,0.4,28.0014,2.55
137,0.5,28.0021,2.55
137,0.6,28.003,2.55
137,0.7,28.0044,2.55
137,0.8,28.0065,2.55
137,0.9,28.0094,2.55
137,1,28.0135,2.55
137,1.1,28.0193,2.55
137,1.2,28.0272,2.55
137,1.3,28.0381,2.55
137,1.4,28.0527,2.55
137,1.5,28.0721,2.55
137,1.6,28.0976,2.5499
137,1.7,28.1307,2.5485
137,1.8,28.1729,2.5337
137,1.9,28.2258,2.453
137,2,28.2912,2.1999
138,0,28.0006,2.55
138,0.1,28.0007,2.55
138,0.2,28.0008,2.55
138,0.3,28.0011,2.55
138,0.4,28.0015,2.55
138,0.5,28.0022,2.55
138,0.6,28.0031,2.55
138,0.7,28.0046,2.55
138,0.8,28.0067,2.55
138,0.9,28.0096,2.55
138,1,28.0139,2.55
138,1.1,28.0197,2.55
138,1.2,28.0278,2.55
138,1.3,28.0389,2.55
138,1.4,28.0537,2.55
138,1.5,28.0734,2.55
138,1.6,28.0992,2.5499
138,1.7,28.1326,2.5484
138,1.8,28.1751,2.5334
138,1.9,28.2284,2.4521
138,2,28.2942,2.1987
139,0,28.0006,2.55
139,0.1,28.0007,2.55
139,0.2,28.0008,2.55
139,0.3,28.0011,2.55
139,0.4,28.0016,2.55
139,0.5,28.0022,2.55
139,0.6,28.0032,2.55
139,0.7,28.0047,2.55
139,0.8,28.0069,2.55
139,0.9,28.0099,2.55
139,1,28.0142,2.55
139,1.1,28.0202,2.55
139,1.2,28.0285,2.55
139,1.3,28.0397,2.55
139,1.4,28.0547,2.55
139,1.5,28.0747,2.55
139,1.6,28.1008,2.5499
139,1.7,28.1345,2.5483
139,1.8,28.1774,2.5331
139,1.9,28.2311,2.4513
139,2,28.2972,2.1976
140,0,28.0007,2.55
140,0.1,28.0007,2.55
140,0.2,28.0009,2.55
140,0.3,28.0012,2.55
140,0.4,28.0016,2.55
140,0.5,28.0023,2.55
140,0.6,28.0034,2.55
140,0.7,28.0049,2.55
140,0.8,28.0071,2.55
140,0.9,28.0102,2.55
140,1,28.0146,2.55
140,1.1,28.0207,2.55
140,1.2,28.0291,2.55
140,1.3,28.0405,2.55
140,1.4,28.0558,2.55
140,1.5,28.076,2.55
140,1.6,28.1024,2.5499
140,1.7,28.1365,2.5483
140,1.8,28.1797,2.5328
140,1.9,28.2337,2.4504
140,2,28.3002,2.1964
141,0,28.0007,2.55
141,0.1,28.0008,2.55
141,0.2,28.0009,2.55
141,0.3,28.0012,2.55
141,0.4,28.0017,2.55
141,0.5,28.0024,2.55
141,0.6,28.0035,2.55
141,0.7,28.005,2.55
141,0.8,28.0073,2.55
141,0.9,28.0105,2.55
141,1,28.015,2.55
141,1.1,28.0212,2.55
141,1.2,28.0297,2.55
141,1.3,28.0413,2.55
141,1.4,28.0568,2.55
141,1.5,28.0773,2.55
141,1.6,28.104,2.5499
141,1.7,28.1384,2.5482
141,1.8,28.182,2.5325
141,1.9,28.2364,2.4495
141,2,28.3032,2.1952
142,0,28.0007,2.55
142,0.1,28.0008,2.55
142,0.2,28.001,2.55
142,0.3,28.0013,2.55
142,0.4,28.0018,2.55
142,0.5,28.0025,2.55
142,0.6,28.0036,2.55
142,0.7,28.0052,2.55
142,0.8,28.0075,2.55
142,0.9,28.0108,2.55
142,1,28.0154,2.55
142,1.1,28.0217,2.55
142,1.2,28.0304,2.55
142,1.3,28.0422,2.55
142,1.4,28.0579,2.55
142,1.5,28.0786,2.55
142,1.6,28.1056,2.5499
142,1.7,28.1403,2.5482
142,1.8,28.1842,2.5321
142,1.9,28.239,2.4486
142,2,28.3063,2.1941
143,0,28.0008,2.55
143,0.1,28.0008,2.55
143,0.2,28.001,2.55
143,0.3,28.0013,2.55
143,0.4,28.0018,2.55
143,0.5,28.0026,2.55
143,0.6,28.0037,2.55
143,0.7,28.0054,2.55
143,0.8,28.0077,2.55
143,0.9,28.0111,2.55
143,1,28.0157,2.55
143,1.1,28.0222,2.55
143,1.2,28.0311,2.55
143,1.3,28.043,2.55
143,1.4,28.0589,2.55
143,1.5,28.0799,2.55
143,1.6,28.1073,2.5499
143,1.7,28.1423,2.5481
143,1.8,28.1865,2.5318
143,1.9,28.2417,2.4478
143,2,28.3093,2.1929
144,0,28.0008,2.55
144,0.1,28.0009,2.55
144,0.2,28.001,2.55
144,0.3,28.0014,2.55
144,0.4,28.0019,2.55
144,0.5,28.0027,2.55
144,0.6,28.0038,2.55
144,0.7,28.0055,2.55
144,0.8,28.008,2.55
144,0.9,28.0114,2.55
144,1,28.0161,2.55
144,1.1,28.0227,2.55
144,1.2,28.0317,2.55
144,1.3,28.0439,2.55
144,1.4,28.06,2.55
144,1.5,28.0813,2.55
144,1.6,28.1089,2.5499
144,1.7,28.1442,2.5481
144,1.8,28.1888,2.5315
144,1.9,28.2443,2.4469
144,2,28.3123,2.1918
145,0,28.0009,2.55
145,0.1,28.0009,2.55
145,0.2,28.0011,2.55
145,0.3,28.0014,2.55
145,0.4,28.002,2.55
145,0.5,28.0028,2.55
145,0.6,28.004,2.55
145,0.7,28.0057,2.55
145,0.8,28.0082,2.55
145,0.9,28.0117,2.55
145,1,28.0165,2.55
145,1.1,28.0233,2.55
145,1.2,28.0324,2.55
145,1.3,28.0447,2.55
145,1.4,28.0611,2.55
145,1.5,28.0826,2.55
145,1.6,28.1105,2.5499
145,1.7,28.1462,2.548
145,1.8,28.1911,2.5312
145,1.9,28.247,2.4461
145,2,28.3153,2.1907
146,0,28.0009,2.55
146,0.1,28.001,2.55
146,0.2,28.0011,2.55
146,0.3,28.0015,2.55
146,0.4,28.002,2.55
146,0.5,28.0029,2.55
146,0.6,28.0041,2.55
146,0.7,28.0059,2.55
146,0.8,28.0084,2.55
146,0.9,28.012,2.55
146,1,28.017,2.55
146,1.1,28.0238,2.55
146,1.2,28.0331,2.55
146,1.3,28.0456,2.55
146,1.4,28.0622,2.55
146,1.5,28.084,2.55
146,1.6,28.1122,2.5499
146,1.7,28.1482,2.548
146,1.8,28.1935,2.5309
146,1.9,28.2496,2.4452
146,2,28.3183,2.1895
147,0,28.0009,2.55
147,0.1,28.001,2.55
147,0.2,28.0012,2.55
147,0.3,28.0015,2.55
147,0.4,28.0021,2.55
147,0.5,28.003,2.55
147,0.6,28.0042,2.55
147,0.7,28.0061,2.55
147,0.8,28.0087,2.55
147,0.9,28.0123,2.55
147,1,28.0174,2.55
147,1.1,28.0243,2.55
147,1.2,28.0338,2.55
147,1.3,28.0465,2.55
147,1.4,28.0633,2.55
147,1.5,28.0853,2.55
147,1.6,28.1138,2.5499
147,1.7,28.1501,2.5479
147,1.8,28.1958,2.5306
147,1.9,28.2523,2.4443
147,2,28.3213,2.1884
148,0,28.001,2.55
148,0.1,28.001,2.55
148,0.2,28.0012,2.55
148,0.3,28.0016,2.55
148,0.4,28.0022,2.55
148,0.5,28.0031,2.55
148,0.6,28.0044,2.55
148,0.7,28.0062,2.55
148,0.8,28.0089,2.55
148,0.9,28.0126,2.55
148,1,28.0178,2.55
148,1.1,28.0249,2.55
148,1.2,28.0345,2.55
148,1.3,28.0474,2.55
148,1.4,28.0644,2.55
148,1.5,28.0867,2.55
148,1.6,28.1155,2.5499
148,1.7,28.1521,2.5478
148,1.8,28.1981,2.5302
148,1.9,28.255,2.4435
148,2,28.3244,2.1873
149,0,28.001,2.55
149,0.1,28.0011,2.55
149,0.2,28.0013,2.55
149,0.3,28.0017,2.55
149,0.4,28.0023,2.55
149,0.5,28.0032,2.55
149,0.6,28.0045,2.55
149,0.7,28.0064,2.55
149,0.8,28.0092,2.55
149,0.9,28.013,2.55
149,1,28.0182,2.55
149,1.1,28.0254,2.55
149,1.2,28.0352,2.55
149,1.3,28.0483,2.55
149,1.4,28.0655,2.55
149,1.5,28.0881,2.55
149,1.6,28.1172,2.5499
149,1.7,28.1541,2.5478
149,1.8,28.2004,2.5299
149,1.9,28.2576,2.4426
149,2,28.3274,2.1861
150,0,28.0011,2.55
150,0.1,28.0011,2.55
150,0.2,28.0013,2.55
150,0.3,28.0017,2.55
150,0.4,28.0024,2.55
150,0.5,28.0033,2.55
150,0.6,28.0047,2.55
150,0.7,28.0066,2.55
150,0.8,28.0094,2.55
150,0.9,28.0133,2.55
150,1,28.0187,2.55
150,1.1,28.026,2.55
150,1.2,28.0359,2.55
150,1.3,28.0492,2.55
150,1.4,28.0667,2.55
150,1.5,28.0895,2.55
150,1.6,28.1188,2.5499
150,1.7,28.1561,2.5477
150,1.8,28.2027,2.5296
150,1.9,28.2603,2.4418
150,2,28.3304,2.185
151,0,28.0011,2.55
151,0.1,28.0012,2.55
151,0.2,28.0014,2.55
151,0.3,28.0018,2.55
151,0.4,28.0024,2.55
151,0.5,28.0034,2.55
151,0.6,28.0048,2.55
151,0.7,28.0068,2.55
151,0.8,28.0097,2.55
151,0.9,28.0136,2.55
151,1,28.0191,2.55
151,1.1,28.0266,2.55
151,1.2,28.0366,2.55
151,1.3,28.0501,2.55
151,1.4,28.0678,2.55
151,1.5,28.0909,2.55
151,1.6,28.1205,2.5498
151,1.7,28.1581,2.5476
151,1.8,28.2051,2.5293
151,1.9,28.263,2.4409
151,2,28.3335,2.1839
152,0,28.0012,2.55
152,0.1,28.0012,2.55
152,0.2,28.0015,2.55
152,0.3,28.0019,2.55
152,0.4,28.0025,2.55
152,0.5,28.0035,2.55
152,0.6,28.005,2.55
152,0.7,28.007,2.55
152,0.8,28.0099,2.55
152,0.9,28.014,2.55
152,1,28.0195,2.55
152,1.1,28.0271,2.55
152,1.2,28.0374,2.55
152,1.3,28.051,2.55
152,1.4,28.069,2.55
152,1.5,28.0923,2.55
152,1.6,28.1222,2.5498
152,1.7,28.1601,2.5476
152,1.8,28.2074,2.5289
152,1.9,28.2657,2.44
152,2,28.3365,2.1828
153,0,28.0012,2.55
153,0.1,28.0013,2.55
153,0.2,28.0015,2.55
153,0.3,28.0019,2.55
153,0.4,28.0026,2.55
153,0.5,28.0036,2.55
153,0.6,28.0051,2.55
153,0.7,28.0072,2.55
153,0.8,28.0102,2.55
153,0.9,28.0143,2.55
153,1,28.02,2.55
153,1.1,28.0277,2.55
153,1.2,28.0381,2.55
153,1.3,28.0519,2.55
153,1.4,28.0701,2.55
153,1.5,28.0937,2.55
153,1.6,28.1239,2.5498
153,1.7,28.1621,2.5475
153,1.8,28.2098,2.5286
153,1.9,28.2684,2.4392
153,2,28.3396,2.1817
154,0,28.0013,2.55
154,0.1,28.0013,2.55
154,0.2,28.0016,2.55
154,0.3,28.002,2.55
154,0.4,28.0027,2.55
154,0.5,28.0038,2.55
154,0.6,28.0053,2.55
154,0.7,28.0074,2.55
154,0.8,28.0105,2.55
154,0.9,28.0147,2.55
154,1,28.0205,2.55
154,1.1,28.0283,2.55
154,1.2,28.0389,2.55
154,1.3,28.0529,2.55
154,1.4,28.0713,2.55
154,1.5,28.0951,2.55
154,1.6,28.1256,2.5498
154,1.7,28.1641,2.5474
154,1.8,28.2121,2.5283
154,1.9,28.2711,2.4383
154,2,28.3426,2.1806
155,0,28.0013,2.55
155,0.1,28.0014,2.55
155,0.2,28.0016,2.55
155,0.3,28.0021,2.55
155,0.4,28.0028,2.55
155,0.5,28.0039,2.55
155,0.6,28.0054,2.55
155,0.7,28.0076,2.55
155,0.8,28.0107,2.55
155,0.9,28.015,2.55
155,1,28.0209,2.55
155,1.1,28.0289,2.55
155,1.2,28.0396,2.55
155,1.3,28.0538,2.55
155,1.4,28.0725,2.55
155,1.5,28.0966,2.55
155,1.6,28.1273,2.5498
155,1.7,28.1662,2.5474
155,1.8,28.2145,2.5279
155,1.9,28.2738,2.4375
155,2,28.3457,2.1795
156,0,28.0014,2.55
156,0.1,28.0014,2.55
156,0.2,28.0017,2.55
156,0.3,28.0022,2.55
156,0.4,28.0029,2.55
156,0.5,28.004,2.55
156,0.6,28.0056,2.55
156,0.7,28.0079,2.55
156,0.8,28.011,2.55
156,0.9,28.0154,2.55
156,1,28.0214,2.55
156,1.1,28.0295,2.55
156,1.2,28.0404,2.55
156,1.3,28.0548,2.55
156,1.4,28.0736,2.55
156,1.5,28.098,2.55
156,1.6,28.1291,2.5498
156,1.7,28.1682,2.5473
156,1.8,28.2168,2.5276
156,1.9,28.2765,2.4366
156,2,28.3487,2.1784
157,0,28.0014,2.55
157,0.1,28.0015,2.55
157,0.2,28.0018,2.55
157,0.3,28.0023,2.55
157,0.4,28.003,2.55
157,0.5,28.0041,2.55
157,0.6,28.0058,2.55
157,0.7,28.0081,2.55
157,0.8,28.0113,2.55
157,0.9,28.0158,2.55
157,1,28.0219,2.55
157,1.1,28.0301,2.55
157,1.2,28.0412,2.55
157,1.3,28.0558,2.55
157,1.4,28.0748,2.55
157,1.5,28.0994,2.55
157,1.6,28.1308,2.5498
157,1.7,28.1702,2.5472
157,1.8,28.2192,2.5272
157,1.9,28.2792,2.4358
157,2,28.3518,2.1773
158,0,28.0015,2.55
158,0.1,28.0016,2.55
158,0.2,28.0018,2.55
158,0.3,28.0023,2.55
158,0.4,28.0031,2.55
158,0.5,28.0043,2.55
158,0.6,28.0059,2.55
158,0.7,28.0083,2.55
158,0.8,28.0116,2.55
158,0.9,28.0161,2.55
158,1,28.0224,2.55
158,1.1,28.0307,2.55
158,1.2,28.0419,2.55
158,1.3,28.0567,2.55
158,1.4,28.076,2.55
158,1.5,28.1009,2.55
158,1.6,28.1325,2.5498
158,1.7,28.1723,2.5472
158,1.8,28.2216,2.5269
158,1.9,28.2819,2.435
158,2,28.3549,2.1762
159,0,28.0015,2.55
159,0.1,28.0016,2.55
159,0.2,28.0019,2.55
159,0.3,28.0024,2.55
159,0.4,28.0032,2.55
159,0.5,28.0044,2.55
159,0.6,28.0061,2.55
159,0.7,28.0085,2.55
159,0.8,28.0119,2.55
159,0.9,28.0165,2.55
159,1,28.0228,2.55
159,1.1,28.0314,2.55
159,1.2,28.0427,2.55
159,1.3,28.0577,2.55
159,1.4,28.0772,2.55
159,1.5,28.1024,2.55
159,1.6,28.1343,2.5498
159,1.7,28.1743,2.5471
159,1.8,28.224,2.5266
159,1.9,28.2846,2.4341
159,2,28.3579,2.1751
160,0,28.0016,2.55
160,0.1,28.0017,2.55
160,0.2,28.002,2.55
160,0.3,28.0025,2.55
160,0.4,28.0033,2.55
160,0.5,28.0045,2.55
160,0.6,28.0063,2.55
160,0.7,28.0087,2.55
160,0.8,28.0122,2.55
160,0.9,28.0169,2.55
160,1,28.0233,2.55
160,1.1,28.032,2.55
160,1.2,28.0435,2.55
160,1.3,28.0587,2.55
160,1.4,28.0785,2.55
160,1.5,28.1038,2.55
160,1.6,28.136,2.5498
160,1.7,28.1764,2.547
160,1.8,28.2263,2.5262
160,1.9,28.2874,2.4333
160,2,28.361,2.174
161,0,28.0017,2.55
161,0.1,28.0018,2.55
161,0.2,28.0021,2.55
161,0.3,28.0026,2.55
161,0.4,28.0034,2.55
161,0.5,28.0047,2.55
161,0.6,28.0065,2.55
161,0.7,28.009,2.55
161,0.8,28.0125,2.55
161,0.9,28.0173,2.55
161,1,28.0238,2.55
161,1.1,28.0326,2.55
161,1.2,28.0443,2.55
161,1.3,28.0597,2.55
161,1.4,28.0797,2.55
161,1.5,28.1053,2.55
161,1.6,28.1378,2.5498
161,1.7,28.1785,2.5469
161,1.8,28.2287,2.5259
161,1.9,28.2901,2.4324
161,2,28.3641,2.173
162,0,28.0017,2.55
162,0.1,28.0018,2.55
162,0.2,28.0021,2.55
162,0.3,28.0027,2.55
162,0.4,28.0035,2.55
162,0.5,28.0048,2.55
162,0.6,28.0066,2.55
162,0.7,28.0092,2.55
162,0.8,28.0128,2.55
162,0.9,28.0177,2.55
162,1,28.0244,2.55
162,1.1,28.0333,2.55
162,1.2,28.0451,2.55
162,1.3,28.0607,2.55
162,1.4,28.0809,2.55
162,1.5,28.1068,2.55
162,1.6,28.1396,2.5498
162,1.7,28.1805,2.5469
162,1.8,28.2311,2.5255
162,1.9,28.2928,2.4316
162,2,28.3672,2.1719
163,0,28.0018,2.55
163,0.1,28.0019,2.55
163,0.2,28.0022,2.55
163,0.3,28.0028,2.55
163,0.4,28.0037,2.55
163,0.5,28.005,2.55
163,0.6,28.0068,2.55
163,0.7,28.0095,2.55
163,0.8,28.0131,2.55
163,0.9,28.0181,2.55
163,1,28.0249,2.55
163,1.1,28.0339,2.55
163,1.2,28.046,2.55
163,1.3,28.0617,2.55
163,1.4,28.0821,2.55
163,1.5,28.1083,2.55
163,1.6,28.1413,2.5497
163,1.7,28.1826,2.5468
163,1.8,28.2335,2.5252
163,1.9,28.2956,2.4307
163,2,28.3703,2.1708
164,0,28.0019,2.55
164,0.1,28.002,2.55
164,0.2,28.0023,2.55
164,0.3,28.0029,2.55
164,0.4,28.0038,2.55
164,0.5,28.0051,2.55
164,0.6,28.007,2.55
164,0.7,28.0097,2.55
164,0.8,28.0134,2.55
164,0.9,28.0185,2.55
164,1,28.0254,2.55
164,1.1,28.0346,2.55
164,1.2,28.0468,2.55
164,1.3,28.0627,2.55
164,1.4,28.0834,2.55
164,1.5,28.1098,2.55
164,1.6,28.1431,2.5497
164,1.7,28.1847,2.5467
164,1.8,28.2359,2.5248
164,1.9,28.2983,2.4299
164,2,28.3733,2.1698
165,0,28.0019,2.55
165,0.1,28.002,2.55
165,0.2,28.0024,2.55
165,0.3,28.003,2.55
165,0.4,28.0039,2.55
165,0.5,28.0053,2.55
165,0.6,28.0072,2.55
165,0.7,28.01,2.55
165,0.8,28.0138,2.55
165,0.9,28.0189,2.55
165,1,28.0259,2.55
165,1.1,28.0353,2.55
165,1.2,28.0476,2.55
165,1.3,28.0638,2.55
165,1.4,28.0846,2.55
165,1.5,28.1113,2.55
165,1.6,28.1449,2.5497
165,1.7,28.1868,2.5466
165,1.8,28.2383,2.5245
165,1.9,28.3011,2.4291
165,2,28.3764,2.1687
166,0,28.002,2.55
166,0.1,28.0021,2.55
166,0.2,28.0025,2.55
166,0.3,28.0031,2.55
166,0.4,28.004,2.55
166,0.5,28.0054,2.55
166,0.6,28.0074,2.55
166,0.7,28.0102,2.55
166,0.8,28.0141,2.55
166,0.9,28.0193,2.55
166,1,28.0265,2.55
166,1.1,28.0359,2.55
166,1.2,28.0485,2.55
166,1.3,28.0648,2.55
166,1.4,28.0859,2.55
166,1.5,28.1128,2.55
166,1.6,28.1467,2.5497
166,1.7,28.1889,2.5465
166,1.8,28.2408,2.5241
166,1.9,28.3038,2.4282
166,2,28.3796,2.1677
167,0,28.0021,2.55
167,0.1,28.0022,2.55
167,0.2,28.0025,2.55
167,0.3,28.0032,2.55
167,0.4,28.0041,2.55
167,0.5,28.0056,2.55
167,0.6,28.0076,2.55
167,0.7,28.0105,2.55
167,0.8,28.0144,2.55
167,0.9,28.0198,2.55
167,1,28.027,2.55
167,1.1,28.0366,2.55
167,1.2,28.0493,2.55
167,1.3,28.0659,2.55
167,1.4,28.0872,2.55
167,1.5,28.1143,2.55
167,1.6,28.1485,2.5497
167,1.7,28.191,2.5465
167,1.8,28.2432,2.5238
167,1.9,28.3066,2.4274
167,2,28.3827,2.1666
168,0,28.0022,2.55
168,0.1,28.0023,2.55
168,0.2,28.0026,2.55
168,0.3,28.0033,2.55
168,0.4,28.0043,2.55
168,0.5,28.0057,2.55
168,0.6,28.0078,2.55
168,0.7,28.0107,2.55
168,0.8,28.0148,2.55
168,0.9,28.0202,2.55
168,1,28.0275,2.55
168,1.1,28.0373,2.55
168,1.2,28.0502,2.55
168,1.3,28.0669,2.55
168,1.4,28.0885,2.55
168,1.5,28.1159,2.55
168,1.6,28.1503,2.5497
168,1.7,28.1931,2.5464
168,1.8,28.2456,2.5234
168,1.9,28.3093,2.4266
168,2,28.3858,2.1656
169,0,28.0022,2.55
169,0.1,28.0023,2.55
169,0.2,28.0027,2.55
169,0.3,28.0034,2.55
169,0.4,28.0044,2.55
169,0.5,28.0059,2.55
169,0.6,28.008,2.55
169,0.7,28.011,2.55
169,0.8,28.0151,2.55
169,0.9,28.0206,2.55
169,1,28.0281,2.55
169,1.1,28.038,2.55
169,1.2,28.051,2.55
169,1.3,28.068,2.55
169,1.4,28.0897,2.55
169,1.5,28.1174,2.55
169,1.6,28.1521,2.5497
169,1.7,28.1952,2.5463
169,1.8,28.2481,2.5231
169,1.9,28.3121,2.4257
169,2,28.3889,2.1645
170,0,28.0023,2.55
170,0.1,28.0024,2.55
170,0.2,28.0028,2.55
170,0.3,28.0035,2.55
170,0.4,28.0045,2.55
170,0.5,28.0061,2.55
170,0.6,28.0083,2.55
170,0.7,28.0113,2.55
170,0.8,28.0154,2.55
170,0.9,28.0211,2.55
170,1,28.0287,2.55
170,1.1,28.0387,2.55
170,1.2,28.0519,2.55
170,1.3,28.069,2.55
170,1.4,28.091,2.55
170,1.5,28.1189,2.55
170,1.6,28.1539,2.5497
170,1.7,28.1973,2.5462
170,1.8,28.2505,2.5227
170,1.9,28.3149,2.4249
170,2,28.392,2.1635
171,0,28.0024,2.55
171,0.1,28.0025,2.55
171,0.2,28.0029,2.55
171,0.3,28.0036,2.55
171,0.4,28.0047,2.55
171,0.5,28.0062,2.55
171,0.6,28.0085,2.55
171,0.7,28.0116,2.55
171,0.8,28.0158,2.55
171,0.9,28.0215,2.55
171,1,28.0292,2.55
171,1.1,28.0394,2.55
171,1.2,28.0528,2.55
171,1.3,28.0701,2.55
171,1.4,28.0923,2.55
171,1.5,28.1205,2.55
171,1.6,28.1558,2.5497
171,1.7,28.1995,2.5461
171,1.8,28.2529,2.5224
171,1.9,28.3177,2.4241
171,2,28.3951,2.1624
172,0,28.0025,2.55
172,0.1,28.0026,2.55
172,0.2,28.003,2.55
172,0.3,28.0037,2.55
172,0.4,28.0048,2.55
172,0.5,28.0064,2.55
172,0.6,28.0087,2.55
172,0.7,28.0118,2.55
172,0.8,28.0162,2.55
172,0.9,28.022,2.55
172,1,28.0298,2.55
172,1.1,28.0401,2.55
172,1.2,28.0537,2.55
172,1.3,28.0712,2.55
172,1.4,28.0936,2.55
172,1.5,28.1221,2.55
172,1.6,28.1576,2.5497
172,1.7,28.2016,2.546
172,1.8,28.2554,2.522
172,1.9,28.3204,2.4233
172,2,28.3983,2.1614
173,0,28.0026,2.55
173,0.1,28.0027,2.55
173,0.2,28.0031,2.55
173,0.3,28.0038,2.55
173,0.4,28.005,2.55
173,0.5,28.0066,2.55
173,0.6,28.0089,2.55
173,0.7,28.0121,2.55
173,0.8,28.0165,2.55
173,0.9,28.0225,2.55
173,1,28.0304,2.55
173,1.1,28.0409,2.55
173,1.2,28.0546,2.55
173,1.3,28.0723,2.55
173,1.4,28.095,2.55
173,1.5,28.1236,2.55
173,1.6,28.1595,2.5496
173,1.7,28.2037,2.546
173,1.8,28.2579,2.5216
173,1.9,28.3232,2.4224
173,2,28.4014,2.1604
174,0,28.0027,2.55
174,0.1,28.0028,2.55
174,0.2,28.0032,2.55
174,0.3,28.0039,2.55
174,0.4,28.0051,2.55
174,0.5,28.0068,2.55
174,0.6,28.0091,2.55
174,0.7,28.0124,2.55
174,0.8,28.0169,2.55
174,0.9,28.0229,2.55
174,1,28.031,2.55
174,1.1,28.0416,2.55
174,1.2,28.0555,2.55
174,1.3,28.0734,2.55
174,1.4,28.0963,2.55
174,1.5,28.1252,2.55
174,1.6,28.1613,2.5496
174,1.7,28.2059,2.5459
174,1.8,28.2603,2.5213
174,1.9,28.326,2.4216
174,2,28.4046,2.1594
175,0,28.0027,2.55
175,0.1,28.0029,2.55
175,0.2,28.0033,2.55
175,0.3,28.0041,2.55
175,0.4,28.0052,2.55
175,0.5,28.007,2.55
175,0.6,28.0094,2.55
175,0.7,28.0127,2.55
175,0.8,28.0173,2.55
175,0.9,28.0234,2.55
175,1,28.0316,2.55
175,1.1,28.0423,2.55
175,1.2,28.0564,2.55
175,1.3,28.0745,2.55
175,1.4,28.0976,2.55
175,1.5,28.1268,2.55
175,1.6,28.1632,2.5496
175,1.7,28.208,2.5458
175,1.8,28.2628,2.5209
175,1.9,28.3288,2.4208
175,2,28.4077,2.1583
176,0,28.0028,2.55
176,0.1,28.003,2.55
176,0.2,28.0034,2.55
176,0.3,28.0042,2.55
176,0.4,28.0054,2.55
176,0.5,28.0072,2.55
176,0.6,28.0096,2.55
176,0.7,28.013,2.55
176,0.8,28.0176,2.55
176,0.9,28.0239,2.55
176,1,28.0322,2.55
176,1.1,28.0431,2.55
176,1.2,28.0573,2.55
176,1.3,28.0756,2.55
176,1.4,28.0989,2.55
176,1.5,28.1284,2.55
176,1.6,28.165,2.5496
176,1.7,28.2102,2.5457
176,1.8,28.2653,2.5205
176,1.9,28.3316,2.42
176,2,28.4109,2.1573
177,0,28.0029,2.55
177,0.1,28.0031,2.55
177,0.2,28.0035,2.55
177,0.3,28.0043,2.55
177,0.4,28.0056,2.55
177,0.5,28.0073,2.55
177,0.6,28.0099,2.55
177,0.7,28.0133,2.55
177,0.8,28.018,2.55
177,0.9,28.0244,2.55
177,1,28.0328,2.55
177,1.1,28.0438,2.55
177,1.2,28.0582,2.55
177,1.3,28.0767,2.55
177,1.4,28.1003,2.55
177,1.5,28.13,2.55
177,1.6,28.1669,2.5496
177,1.7,28.2124,2.5456
177,1.8,28.2677,2.5202
177,1.9,28.3345,2.4192
177,2,28.414,2.1563
178,0,28.003,2.55
178,0.1,28.0032,2.55
178,0.2,28.0036,2.55
178,0.3,28.0045,2.55
178,0.4,28.0057,2.55
178,0.5,28.0075,2.55
178,0.6,28.0101,2.55
178,0.7,28.0136,2.55
178,0.8,28.0184,2.55
178,0.9,28.0248,2.55
178,1,28.0334,2.55
178,1.1,28.0446,2.55
178,1.2,28.0591,2.55
178,1.3,28.0778,2.55
178,1.4,28.1016,2.55
178,1.5,28.1316,2.55
178,1.6,28.1688,2.5496
178,1.7,28.2145,2.5455
178,1.8,28.2702,2.5198
178,1.9,28.3373,2.4183
178,2,28.4172,2.1553
179,0,28.0031,2.55
179,0.1,28.0033,2.55
179,0.2,28.0038,2.55
179,0.3,28.0046,2.55
179,0.4,28.0059,2.55
179,0.5,28.0077,2.55
179,0.6,28.0103,2.55
179,0.7,28.0139,2.55
179,0.8,28.0188,2.55
179,0.9,28.0253,2.55
179,1,28.034,2.55
179,1.1,28.0453,2.55
179,1.2,28.0601,2.55
179,1.3,28.079,2.55
179,1.4,28.103,2.55
179,1.5,28.1332,2.55
179,1.6,28.1707,2.5496
179,1.7,28.2167,2.5454
179,1.8,28.2727,2.5194
179,1.9,28.3401,2.4175
179,2,28.4203,2.1543
180,0,28.0032,2.55
180,0.1,28.0034,2.55
180,0.2,28.0039,2.55
180,0.3,28.0047,2.55
180,0.4,28.006,2.55
180,0.5,28.0079,2.55
180,0.6,28.0106,2.55
180,0.7,28.0143,2.55
180,0.8,28.0192,2.55
180,0.9,28.0258,2.55
180,1,28.0346,2.55
180,1.1,28.0461,2.55
180,1.2,28.061,2.55
180,1.3,28.0801,2.55
180,1.4,28.1044,2.55
180,1.5,28.1348,2.55
180,1.6,28.1725,2.5495
180,1.7,28.2189,2.5453
180,1.8,28.2752,2.5191
180,1.9,28.3429,2.4167
180,2,28.4235,2.1533
181,0,28.0033,2.55
181,0.1,28.0035,2.55
181,0.2,28.004,2.55
181,0.3,28.0049,2.55
181,0.4,28.0062,2.55
181,0.5,28.0081,2.55
181,0.6,28.0109,2.55
181,0.7,28.0146,2.55
181,0.8,28.0196,2.55
181,0.9,28.0263,2.55
181,1,28.0352,2.55
181,1.1,28.0469,2.55
181,1.2,28.062,2.55
181,1.3,28.0813,2.55
181,1.4,28.1057,2.55
181,1.5,28.1364,2.55
181,1.6,28.1744,2.5495
181,1.7,28.2211,2.5452
181,1.8,28.2777,2.5187
181,1.9,28.3458,2.4159
181,2,28.4266,2.1523
182,0,28.0034,2.55
182,0.1,28.0036,2.55
182,0.2,28.0041,2.55
182,0.3,28.005,2.55
182,0.4,28.0064,2.55
182,0.5,28.0084,2.55
182,0.6,28.0111,2.55
182,0.7,28.0149,2.55
182,0.8,28.02,2.55
182,0.9,28.0269,2.55
182,1,28.0359,2.55
182,1.1,28.0477,2.55
182,1.2,28.0629,2.55
182,1.3,28.0824,2.55
182,1.4,28.1071,2.55
182,1.5,28.138,2.55
182,1.6,28.1763,2.5495
182,1.7,28.2233,2.5451
182,1.8,28.2802,2.5183
182,1.9,28.3486,2.4151
182,2,28.4297,2.1513
183,0,28.0036,2.55
183,0.1,28.0037,2.55
183,0.2,28.0042,2.55
183,0.3,28.0051,2.55
183,0.4,28.0065,2.55
183,0.5,28.0086,2.55
183,0.6,28.0114,2.55
183,0.7,28.0152,2.55
183,0.8,28.0204,2.55
183,0.9,28.0274,2.55
183,1,28.0365,2.55
183,1.1,28.0485,2.55
183,1.2,28.0639,2.55
183,1.3,28.0836,2.55
183,1.4,28.1085,2.55
183,1.5,28.1397,2.55
183,1.6,28.1783,2.5495
183,1.7,28.2255,2.545
183,1.8,28.2827,2.518
183,1.9,28.3514,2.4143
183,2,28.4328,2.1503
184,0,28.0037,2.55
184,0.1,28.0038,2.55
184,0.2,28.0044,2.55
184,0.3,28.0053,2.55
184,0.4,28.0067,2.55
184,0.5,28.0088,2.55
184,0.6,28.0117,2.55
184,0.7,28.0156,2.55
184,0.8,28.0209,2.55
184,0.9,28.0279,2.55
184,1,28.0372,2.55
184,1.1,28.0493,2.55
184,1.2,28.0649,2.55
184,1.3,28.0848,2.55
184,1.4,28.1099,2.55
184,1.5,28.1413,2.55
184,1.6,28.1802,2.5495
184,1.7,28.2277,2.5449
184,1.8,28.2853,2.5176
184,1.9,28.3542,2.4135
184,2,28.4359,2.1493
185,0,28.0038,2.55
185,0.1,28.004,2.55
185,0.2,28.0045,2.55
185,0.3,28.0054,2.55
185,0.4,28.0069,2.55
185,0.5,28.009,2.55
185,0.6,28.0119,2.55
185,0.7,28.0159,2.55
185,0.8,28.0213,2.55
185,0.9,28.0284,2.55
185,1,28.0378,2.55
185,1.1,28.0501,2.55
185,1.2,28.0658,2.55
185,1.3,28.0859,2.55
185,1.4,28.1113,2.55
185,1.5,28.143,2.55
185,1.6,28.1821,2.5495
185,1.7,28.2299,2.5448
185,1.8,28.2878,2.5172
185,1.9,28.357,2.4126
185,2,28.4389,2.1483
186,0,28.0039,2.55
186,0.1,28.0041,2.55
186,0.2,28.0046,2.55
186,0.3,28.0056,2.55
186,0.4,28.0071,2.55
186,0.5,28.0092,2.55
186,0.6,28.0122,2.55
186,0.7,28.0163,2.55
186,0.8,28.0217,2.55
186,0.9,28.029,2.55
186,1,28.0385,2.55
186,1.1,28.0509,2.55
186,1.2,28.0668,2.55
186,1.3,28.0871,2.55
186,1.4,28.1127,2.55
186,1.5,28.1446,2.55
186,1.6,28.184,2.5495
186,1.7,28.2321,2.5447
186,1.8,28.2903,2.5168
186,1.9,28.3598,2.4118
186,2,28.4419,2.1473
187,0,28.004,2.55
187,0.1,28.0042,2.55
187,0.2,28.0048,2.55
187,0.3,28.0058,2.55
187,0.4,28.0073,2.55
187,0.5,28.0095,2.55
187,0.6,28.0125,2.55
187,0.7,28.0166,2.55
187,0.8,28.0222,2.55
187,0.9,28.0295,2.55
187,1,28.0392,2.55
187,1.1,28.0517,2.55
187,1.2,28.0678,2.55
187,1.3,28.0883,2.55
187,1.4,28.1141,2.55
187,1.5,28.1463,2.55
187,1.6,28.186,2.5494
187,1.7,28.2344,2.5446
187,1.8,28.2928,2.5165
187,1.9,28.3626,2.411
187,2,28.4449,2.1463
188,0,28.0041,2.55
188,0.1,28.0043,2.55
188,0.2,28.0049,2.55
188,0.3,28.0059,2.55
188,0.4,28.0075,2.55
188,0.5,28.0097,2.55
188,0.6,28.0128,2.55
188,0.7,28.017,2.55
188,0.8,28.0226,2.55
188,0.9,28.0301,2.55
188,1,28.0398,2.55
188,1.1,28.0525,2.55
188,1.2,28.0688,2.55
188,1.3,28.0895,2.55
188,1.4,28.1155,2.55
188,1.5,28.148,2.55
188,1.6,28.1879,2.5494
188,1.7,28.2366,2.5445
188,1.8,28.2953,2.5161
188,1.9,28.3654,2.4102
188,2,28.448,2.1454
189,0,28.0043,2.55
189,0.1,28.0045,2.55
189,0.2,28.005,2.55
189,0.3,28.0061,2.55
189,0.4,28.0077,2.55
189,0.5,28.0099,2.55
189,0.6,28.0131,2.55
189,0.7,28.0173,2.55
189,0.8,28.023,2.55
189,0.9,28.0306,2.55
189,1,28.0405,2.55
189,1.1,28.0533,2.55
189,1.2,28.0698,2.55
189,1.3,28.0907,2.55
189,1.4,28.117,2.55
189,1.5,28.1496,2.55
189,1.6,28.1898,2.5494
189,1.7,28.2388,2.5444
189,1.8,28.2979,2.5157
189,1.9,28.3682,2.4094
189,2,28.451,2.1444
190,0,28.0044,2.55
190,0.1,28.0046,2.55
190,0.2,28.0052,2.55
190,0.3,28.0062,2.55
190,0.4,28.0079,2.55
190,0.5,28.0102,2.55
190,0.6,28.0134,2.55
190,0.7,28.0177,2.55
190,0.8,28.0235,2.55
190,0.9,28.0312,2.55
190,1,28.0412,2.55
190,1.1,28.0542,2.55
190,1.2,28.0708,2.55
190,1.3,28.0919,2.55
190,1.4,28.1184,2.55
190,1.5,28.1513,2.55
190,1.6,28.1918,2.5494
190,1.7,28.2411,2.5443
190,1.8,28.3004,2.5153
190,1.9,28.371,2.4086
190,2,28.454,2.1434
191,0,28.0045,2.55
191,0.1,28.0047,2.55
191,0.2,28.0053,2.55
191,0.3,28.0064,2.55
191,0.4,28.0081,2.55
191,0.5,28.0104,2.55
191,0.6,28.0137,2.55
191,0.7,28.0181,2.55
191,0.8,28.024,2.55
191,0.9,28.0317,2.55
191,1,28.0419,2.55
191,1.1,28.055,2.55
191,1.2,28.0718,2.55
191,1.3,28.0931,2.55
191,1.4,28.1198,2.55
191,1.5,28.153,2.55
191,1.6,28.1937,2.5494
191,1.7,28.2433,2.5442
191,1.8,28.3029,2.5149
191,1.9,28.3738,2.4078
191,2,28.457,2.1424
192,0,28.0047,2.55
192,0.1,28.0049,2.55
192,0.2,28.0055,2.55
192,0.3,28.0066,2.55
192,0.4,28.0083,2.55
192,0.5,28.0106,2.55
192,0.6,28.014,2.55
192,0.7,28.0184,2.55
192,0.8,28.0244,2.55
192,0.9,28.0323,2.55
192,1,28.0426,2.55
192,1.1,28.0559,2.55
192,1.2,28.0729,2.55
192,1.3,28.0944,2.55
192,1.4,28.1213,2.55
192,1.5,28.1547,2.55
192,1.6,28.1957,2.5494
192,1.7,28.2455,2.5441
192,1.8,28.3054,2.5146
192,1.9,28.3765,2.407
192,2,28.46,2.1415
193,0,28.0048,2.55
193,0.1,28.005,2.55
193,0.2,28.0056,2.55
193,0.3,28.0068,2.55
193,0.4,28.0085,2.55
193,0.5,28.0109,2.55
193,0.6,28.0143,2.55
193,0.7,28.0188,2.55
193,0.8,28.0249,2.55
193,0.9,28.0329,2.55
193,1,28.0433,2.55
193,1.1,28.0567,2.55
193,1.2,28.0739,2.55
193,1.3,28.0956,2.55
193,1.4,28.1228,2.55
193,1.5,28.1564,2.55
193,1.6,28.1977,2.5493
193,1.7,28.2478,2.544
193,1.8,28.3079,2.5142
193,1.9,28.3793,2.4062
193,2,28.4629,2.1405
194,0,28.0049,2.55
194,0.1,28.0051,2.55
194,0.2,28.0058,2.55
194,0.3,28.0069,2.55
194,0.4,28.0087,2.55
194,0.5,28.0112,2.55
194,0.6,28.0146,2.55
194,0.7,28.0192,2.55
194,0.8,28.0254,2.55
194,0.9,28.0335,2.55
194,1,28.044,2.55
194,1.1,28.0576,2.55
194,1.2,28.0749,2.55
194,1.3,28.0968,2.55
194,1.4,28.1242,2.55
194,1.5,28.1581,2.55
194,1.6,28.1996,2.5493
194,1.7,28.25,2.5439
194,1.8,28.3104,2.5138
194,1.9,28.3821,2.4054
194,2,28.4659,2.1396
195,0,28.0051,2.55
195,0.1,28.0053,2.55
195,0.2,28.006,2.55
195,0.3,28.0071,2.55
195,0.4,28.0089,2.55
195,0.5,28.0114,2.55
195,0.6,28.0149,2.55
195,0.7,28.0196,2.55
195,0.8,28.0258,2.55
195,0.9,28.034,2.55
195,1,28.0447,2.55
195,1.1,28.0585,2.55
195,1.2,28.076,2.55
195,1.3,28.0981,2.55
195,1.4,28.1257,2.55
195,1.5,28.1598,2.5499
195,1.6,28.2016,2.5493
195,1.7,28.2523,2.5438
195,1.8,28.3129,2.5134
195,1.9,28.3848,2.4046
195,2,28.4689,2.1386
196,0,28.0052,2.55
196,0.1,28.0054,2.55
196,0.2,28.0061,2.55
196,0.3,28.0073,2.55
196,0.4,28.0091,2.55
196,0.5,28.0117,2.55
196,0.6,28.0152,2.55
196,0.7,28.02,2.55
196,0.8,28.0263,2.55
196,0.9,28.0346,2.55
196,1,28.0455,2.55
196,1.1,28.0593,2.55
196,1.2,28.077,2.55
196,1.3,28.0993,2.55
196,1.4,28.1272,2.55
196,1.5,28.1615,2.5499
196,1.6,28.2036,2.5493
196,1.7,28.2545,2.5436
196,1.8,28.3155,2.513
196,1.9,28.3876,2.4038
196,2,28.4719,2.1376
197,0,28.0054,2.55
197,0.1,28.0056,2.55
197,0.2,28.0063,2.55
197,0.3,28.0075,2.55
197,0.4,28.0093,2.55
197,0.5,28.0119,2.55
197,0.6,28.0155,2.55
197,0.7,28.0204,2.55
197,0.8,28.0268,2.55
197,0.9,28.0352,2.55
197,1,28.0462,2.55
197,1.1,28.0602,2.55
197,1.2,28.0781,2.55
197,1.3,28.1006,2.55
197,1.4,28.1286,2.55
197,1.5,28.1633,2.5499
197,1.6,28.2056,2.5493
197,1.7,28.2568,2.5435
197,1.8,28.318,2.5126
197,1.9,28.3903,2.4031
197,2,28.4748,2.1367
198,0,28.0055,2.55
198,0.1,28.0057,2.55
198,0.2,28.0064,2.55
198,0.3,28.0077,2.55
198,0.4,28.0096,2.55
198,0.5,28.0122,2.55
198,0.6,28.0159,2.55
198,0.7,28.0208,2.55
198,0.8,28.0273,2.55
198,0.9,28.0358,2.55
198,1,28.0469,2.55
198,1.1,28.0611,2.55
198,1.2,28.0792,2.55
198,1.3,28.1019,2.55
198,1.4,28.1301,2.55
198,1.5,28.165,2.5499
198,1.6,28.2076,2.5492
198,1.7,28.259,2.5434
198,1.8,28.3205,2.5123
198,1.9,28.3931,2.4023
198,2,28.4778,2.1357
199,0,28.0057,2.55
199,0.1,28.0059,2.55
199,0.2,28.0066,2.55
199,0.3,28.0079,2.55
199,0.4,28.0098,2.55
199,0.5,28.0125,2.55
199,0.6,28.0162,2.55
199,0.7,28.0212,2.55
199,0.8,28.0278,2.55
199,0.9,28.0365,2.55
199,1,28.0477,2.55
199,1.1,28.062,2.55
199,1.2,28.0802,2.55
199,1.3,28.1031,2.55
199,1.4,28.1316,2.55
199,1.5,28.1667,2.5499
199,1.6,28.2096,2.5492
199,1.7,28.2613,2.5433
199,1.8,28.323,2.5119
199,1.9,28.3958,2.4015
199,2,28.4808,2.1348
200,0,28.0058,2.55
200,0.1,28.0061,2.55
200,0.2,28.0068,2.55
200,0.3,28.0081,2.55
200,0.4,28.01,2.55
200,0.5,28.0128,2.55
200,0.6,28.0165,2.55
200,0.7,28.0216,2.55
200,0.8,28.0283,2.55
200,0.9,28.0371,2.55
200,1,28.0484,2.55
200,1.1,28.0629,2.55
200,1.2,28.0813,2.55
200,1.3,28.1044,2.55
200,1.4,28.1331,2.55
200,1.5,28.1685,2.5499
200,1.6,28.2116,2.5492
200,1.7,28.2635,2.5432
200,1.8,28.3255,2.5115
200,1.9,28.3986,2.4007
200,2,28.4837,2.1339
201,0,28.006,2.55
201,0.1,28.0062,2.55
201,0.2,28.007,2.55
201,0.3,28.0083,2.55
201,0.4,28.0102,2.55
201,0.5,28.013,2.55
201,0.6,28.0169,2.55
201,0.7,28.022,2.55
201,0.8,28.0288,2.55
201,0.9,28.0377,2.55
201,1,28.0492,2.55
201,1.1,28.0638,2.55
201,1.2,28.0824,2.55
201,1.3,28.1057,2.55
201,1.4,28.1346,2.55
201,1.5,28.1702,2.5499
201,1.6,28.2136,2.5492
201,1.7,28.2658,2.5431
201,1.8,28.328,2.5111
201,1.9,28.4013,2.3999
201,2,28.4867,2.1329
202,0,28.0062,2.55
202,0.1,28.0064,2.55
202,0.2,28.0072,2.55
202,0.3,28.0085,2.55
202,0.4,28.0105,2.55
202,0.5,28.0133,2.55
202,0.6,28.0172,2.55
202,0.7,28.0224,2.55
202,0.8,28.0293,2.55
202,0.9,28.0383,2.55
202,1,28.0499,2.55
202,1.1,28.0647,2.55
202,1.2,28.0835,2.55
202,1.3,28.107,2.55
202,1.4,28.1361,2.55
202,1.5,28.172,2.5499
202,1.6,28.2156,2.5492
202,1.7,28.268,2.543
202,1.8,28.3305,2.5107
202,1.9,28.4041,2.3991
202,2,28.4897,2.132
203,0,28.0063,2.55
203,0.1,28.0066,2.55
203,0.2,28.0073,2.55
203,0.3,28.0087,2.55
203,0.4,28.0107,2.55
203,0.5,28.0136,2.55
203,0.6,28.0176,2.55
203,0.7,28.0229,2.55
203,0.8,28.0299,2.55
203,0.9,28.039,2.55
203,1,28.0507,2.55
203,1.1,28.0657,2.55
203,1.2,28.0846,2.55
203,1.3,28.1083,2.55
203,1.4,28.1377,2.55
203,1.5,28.1737,2.5499
203,1.6,28.2176,2.5491
203,1.7,28.2703,2.5428
203,1.8,28.333,2.5103
203,1.9,28.4068,2.3983
203,2,28.4926,2.131
204,0,28.0065,2.55
204,0.1,28.0067,2.55
204,0.2,28.0075,2.55
204,0.3,28.0089,2.55
204,0.4,28.011,2.55
204,0.5,28.0139,2.55
204,0.6,28.0179,2.55
204,0.7,28.0233,2.55
204,0.8,28.0304,2.55
204,0.9,28.0396,2.55
204,1,28.0515,2.55
204,1.1,28.0666,2.55
204,1.2,28.0857,2.55
204,1.3,28.1096,2.55
204,1.4,28.1392,2.55
204,1.5,28.1755,2.5499
204,1.6,28.2196,2.5491
204,1.7,28.2726,2.5427
204,1.8,28.3355,2.5099
204,1.9,28.4095,2.3975
204,2,28.4956,2.1301
205,0,28.0067,2.55
205,0.1,28.0069,2.55
205,0.2,28.0077,2.55
205,0.3,28.0091,2.55
205,0.4,28.0112,2.55
205,0.5,28.0142,2.55
205,0.6,28.0183,2.55
205,0.7,28.0237,2.55
205,0.8,28.0309,2.55
205,0.9,28.0402,2.55
205,1,28.0522,2.55
205,1.1,28.0675,2.55
205,1.2,28.0868,2.55
205,1.3,28.1109,2.55
205,1.4,28.1407,2.55
205,1.5,28.1773,2.5499
205,1.6,28.2216,2.5491
205,1.7,28.2748,2.5426
205,1.8,28.338,2.5095
205,1.9,28.4123,2.3968
205,2,28.4985,2.1292
206,0,28.0068,2.55
206,0.1,28.0071,2.55
206,0.2,28.0079,2.55
206,0.3,28.0093,2.55
206,0.4,28.0115,2.55
206,0.5,28.0145,2.55
206,0.6,28.0187,2.55
206,0.7,28.0242,2.55
206,0.8,28.0315,2.55
206,0.9,28.0409,2.55
206,1,28.053,2.55
206,1.1,28.0685,2.55
206,1.2,28.0879,2.55
206,1.3,28.1122,2.55
206,1.4,28.1423,2.55
206,1.5,28.179,2.5499
206,1.6,28.2236,2.5491
206,1.7,28.2771,2.5425
206,1.8,28.3405,2.5091
206,1.9,28.415,2.396
206,2,28.5015,2.1283
207,0,28.007,2.55
207,0.1,28.0073,2.55
207,0.2,28.0081,2.55
207,0.3,28.0096,2.55
207,0.4,28.0117,2.55
207,0.5,28.0148,2.55
207,0.6,28.019,2.55
207,0.7,28.0246,2.55
207,0.8,28.032,2.55
207,0.9,28.0416,2.55
207,1,28.0538,2.55
207,1.1,28.0694,2.55
207,1.2,28.089,2.55
207,1.3,28.1135,2.55
207,1.4,28.1438,2.55
207,1.5,28.1808,2.5499
207,1.6,28.2256,2.549
207,1.7,28.2794,2.5424
207,1.8,28.343,2.5087
207,1.9,28.4178,2.3952
207,2,28.5044,2.1273
208,0,28.0072,2.55
208,0.1,28.0075,2.55
208,0.2,28.0083,2.55
208,0.3,28.0098,2.55
208,0.4,28.012,2.55
208,0.5,28.0151,2.55
208,0.6,28.0194,2.55
208,0.7,28.0251,2.55
208,0.8,28.0325,2.55
208,0.9,28.0422,2.55
208,1,28.0546,2.55
208,1.1,28.0704,2.55
208,1.2,28.0902,2.55
208,1.3,28.1149,2.55
208,1.4,28.1453,2.55
208,1.5,28.1826,2.5499
208,1.6,28.2277,2.549
208,1.7,28.2816,2.5422
208,1.8,28.3456,2.5083
208,1.9,28.4205,2.3944
208,2,28.5074,2.1264
209,0,28.0074,2.55
209,0.1,28.0077,2.55
209,0.2,28.0085,2.55
209,0.3,28.01,2.55
209,0.4,28.0123,2.55
209,0.5,28.0155,2.55
209,0.6,28.0198,2.55
209,0.7,28.0255,2.55
209,0.8,28.0331,2.55
209,0.9,28.0429,2.55
209,1,28.0554,2.55
209,1.1,28.0713,2.55
209,1.2,28.0913,2.55
209,1.3,28.1162,2.55
209,1.4,28.1469,2.55
209,1.5,28.1844,2.5499
209,1.6,28.2297,2.549
209,1.7,28.2839,2.5421
209,1.8,28.3481,2.5079
209,1.9,28.4232,2.3937
209,2,28.5103,2.1255
210,0,28.0076,2.55
210,0.1,28.0079,2.55
210,0.2,28.0087,2.55
210,0.3,28.0102,2.55
210,0.4,28.0125,2.55
210,0.5,28.0158,2.55
210,0.6,28.0202,2.55
210,0.7,28.026,2.55
210,0.8,28.0337,2.55
210,0.9,28.0436,2.55
210,1,28.0562,2.55
210,1.1,28.0723,2.55
210,1.2,28.0925,2.55
210,1.3,28.1175,2.55
210,1.4,28.1485,2.55
210,1.5,28.1862,2.5499
210,1.6,28.2317,2.549
210,1.7,28.2862,2.542
210,1.8,28.3506,2.5075
210,1.9,28.426,2.3929
210,2,28.5133,2.1246
211,0,28.0078,2.55
211,0.1,28.008,2.55
211,0.2,28.0089,2.55
211,0.3,28.0105,2.55
211,0.4,28.0128,2.55
211,0.5,28.0161,2.55
211,0.6,28.0206,2.55
211,0.7,28.0265,2.55
211,0.8,28.0342,2.55
211,0.9,28.0442,2.55
211,1,28.057,2.55
211,1.1,28.0733,2.55
211,1.2,28.0936,2.55
211,1.3,28.1189,2.55
211,1.4,28.15,2.55
211,1.5,28.188,2.5499
211,1.6,28.2337,2.549
211,1.7,28.2884,2.5419
211,1.8,28.3531,2.5071
211,1.9,28.4287,2.3921
211,2,28.5162,2.1237
212,0,28.008,2.55
212,0.1,28.0082,2.55
212,0.2,28.0091,2.55
212,0.3,28.0107,2.55
212,0.4,28.0131,2.55
212,0.5,28.0164,2.55
212,0.6,28.021,2.55
212,0.7,28.027,2.55
212,0.8,28.0348,2.55
212,0.9,28.0449,2.55
212,1,28.0579,2.55
212,1.1,28.0742,2.55
212,1.2,28.0948,2.55
212,1.3,28.1202,2.55
212,1.4,28.1516,2.55
212,1.5,28.1897,2.5499
212,1.6,28.2358,2.5489
212,1.7,28.2907,2.5417
212,1.8,28.3556,2.5067
212,1.9,28.4314,2.3913
212,2,28.5192,2.1227
213,0,28.0082,2.55
213,0.1,28.0085,2.55
213,0.2,28.0094,2.55
213,0.3,28.011,2.55
213,0.4,28.0134,2.55
213,0.5,28.0168,2.55
213,0.6,28.0213,2.55
213,0.7,28.0274,2.55
213,0.8,28.0354,2.55
213,0.9,28.0456,2.55
213,1,28.0587,2.55
213,1.1,28.0752,2.55
213,1.2,28.0959,2.55
213,1.3,28.1216,2.55
213,1.4,28.1532,2.55
213,1.5,28.1915,2.5499
213,1.6,28.2378,2.5489
213,1.7,28.293,2.5416
213,1.8,28.3581,2.5063
213,1.9,28.4342,2.3906
213,2,28.5221,2.1218
214,0,28.0084,2.55
214,0.1,28.0087,2.55
214,0.2,28.0096,2.55
214,0.3,28.0112,2.55
214,0.4,28.0137,2.55
214,0.5,28.0171,2.55
214,0.6,28.0218,2.55
214,0.7,28.0279,2.55
214,0.8,28.036,2.55
214,0.9,28.0463,2.55
214,1,28.0595,2.55
214,1.1,28.0762,2.55
214,1.2,28.0971,2.55
214,1.3,28.123,2.55
214,1.4,28.1547,2.55
214,1.5,28.1934,2.5499
214,1.6,28.2398,2.5489
214,1.7,28.2953,2.5415
214,1.8,28.3606,2.5059
214,1.9,28.4369,2.3898
214,2,28.5251,2.1209
215,0,28.0086,2.55
215,0.1,28.0089,2.55
215,0.2,28.0098,2.55
215,0.3,28.0115,2.55
215,0.4,28.014,2.55
215,0.5,28.0174,2.55
215,0.6,28.0222,2.55
215,0.7,28.0284,2.55
215,0.8,28.0365,2.55
215,0.9,28.047,2.55
215,1,28.0604,2.55
215,1.1,28.0772,2.55
215,1.2,28.0983,2.55
215,1.3,28.1243,2.55
215,1.4,28.1563,2.55
215,1.5,28.1952,2.5499
215,1.6,28.2419,2.5488
215,1.7,28.2975,2.5413
215,1.8,28.3631,2.5055
215,1.9,28.4396,2.389
215,2,28.528,2.12
216,0,28.0088,2.55
216,0.1,28.0091,2.55
216,0.2,28.01,2.55
216,0.3,28.0117,2.55
216,0.4,28.0143,2.55
216,0.5,28.0178,2.55
216,0.6,28.0226,2.55
216,0.7,28.0289,2.55
216,0.8,28.0371,2.55
216,0.9,28.0477,2.55
216,1,28.0612,2.55
216,1.1,28.0782,2.55
216,1.2,28.0994,2.55
216,1.3,28.1257,2.55
216,1.4,28.1579,2.55
216,1.5,28.197,2.5499
216,1.6,28.2439,2.5488
216,1.7,28.2998,2.5412
216,1.8,28.3656,2.5051
216,1.9,28.4424,2.3883
216,2,28.5309,2.1191
217,0,28.009,2.55
217,0.1,28.0093,2.55
217,0.2,28.0103,2.55
217,0.3,28.012,2.55
217,0.4,28.0146,2.55
217,0.5,28.0181,2.55
217,0.6,28.023,2.55
217,0.7,28.0294,2.55
217,0.8,28.0377,2.55
217,0.9,28.0484,2.55
217,1,28.0621,2.55
217,1.1,28.0792,2.55
217,1.2,28.1006,2.55
217,1.3,28.1271,2.55
217,1.4,28.1595,2.55
217,1.5,28.1988,2.5499
217,1.6,28.246,2.5488
217,1.7,28.3021,2.5411
217,1.8,28.3681,2.5047
217,1.9,28.4451,2.3875
217,2,28.5339,2.1182
218,0,28.0092,2.55
218,0.1,28.0095,2.55
218,0.2,28.0105,2.55
218,0.3,28.0123,2.55
218,0.4,28.0149,2.55
218,0.5,28.0185,2.55
218,0.6,28.0234,2.55
218,0.7,28.0299,2.55
218,0.8,28.0383,2.55
218,0.9,28.0492,2.55
218,1,28.0629,2.55
218,1.1,28.0802,2.55
218,1.2,28.1018,2.55
218,1.3,28.1285,2.55
218,1.4,28.1611,2.55
218,1.5,28.2006,2.5499
218,1.6,28.248,2.5488
218,1.7,28.3044,2.541
218,1.8,28.3707,2.5043
218,1.9,28.4478,2.3867
218,2,28.5368,2.1173
219,0,28.0094,2.55
219,0.1,28.0097,2.55
219,0.2,28.0108,2.55
219,0.3,28.0125,2.55
219,0.4,28.0152,2.55
219,0.5,28.0189,2.55
219,0.6,28.0238,2.55
219,0.7,28.0304,2.55
219,0.8,28.0389,2.55
219,0.9,28.0499,2.55
219,1,28.0638,2.55
219,1.1,28.0812,2.55
219,1.2,28.103,2.55
219,1.3,28.1299,2.55
219,1.4,28.1627,2.55
219,1.5,28.2024,2.5499
219,1.6,28.2501,2.5487
219,1.7,28.3067,2.5408
219,1.8,28.3732,2.5039
219,1.9,28.4506,2.386
219,2,28.5398,2.1164
220,0,28.0096,2.55
220,0.1,28.01,2.55
220,0.2,28.011,2.55
220,0.3,28.0128,2.55
220,0.4,28.0155,2.55
220,0.5,28.0192,2.55
220,0.6,28.0243,2.55
220,0.7,28.0309,2.55
220,0.8,28.0395,2.55
220,0.9,28.0506,2.55
220,1,28.0646,2.55
220,1.1,28.0823,2.55
220,1.2,28.1042,2.55
220,1.3,28.1313,2.55
220,1.4,28.1643,2.55
220,1.5,28.2043,2.5499
220,1.6,28.2521,2.5487
220,1.7,28.309,2.5407
220,1.8,28.3757,2.5035
220,1.9,28.4533,2.3852
220,2,28.5427,2.1156
221,0,28.0099,2.55
221,0.1,28.0102,2.55
221,0.2,28.0112,2.55
221,0.3,28.0131,2.55
221,0.4,28.0158,2.55
221,0.5,28.0196,2.55
221,0.6,28.0247,2.55
221,0.7,28.0314,2.55
221,0.8,28.0402,2.55
221,0.9,28.0513,2.55
221,1,28.0655,2.55
221,1.1,28.0833,2.55
221,1.2,28.1054,2.55
221,1.3,28.1327,2.55
221,1.4,28.1659,2.55
221,1.5,28.2061,2.5499
221,1.6,28.2542,2.5487
221,1.7,28.3112,2.5405
221,1.8,28.3782,2.5031
221,1.9,28.456,2.3844
221,2,28.5457,2.1147
222,0,28.0101,2.55
222,0.1,28.0104,2.55
222,0.2,28.0115,2.55
222,0.3,28.0133,2.55
222,0.4,28.0161,2.55
222,0.5,28.02,2.55
222,0.6,28.0251,2.55
222,0.7,28.032,2.55
222,0.8,28.0408,2.55
222,0.9,28.0521,2.55
222,1,28.0664,2.55
222,1.1,28.0843,2.55
222,1.2,28.1066,2.55
222,1.3,28.1341,2.55
222,1.4,28.1675,2.55
222,1.5,28.2079,2.5499
222,1.6,28.2563,2.5487
222,1.7,28.3135,2.5404
222,1.8,28.3807,2.5027
222,1.9,28.4588,2.3837
222,2,28.5486,2.1138
223,0,28.0103,2.55
223,0.1,28.0107,2.55
223,0.2,28.0118,2.55
223,0.3,28.0136,2.55
223,0.4,28.0164,2.55
223,0.5,28.0203,2.55
223,0.6,28.0256,2.55
223,0.7,28.0325,2.55
223,0.8,28.0414,2.55
223,0.9,28.0528,2.55
223,1,28.0673,2.55
223,1.1,28.0854,2.55
223,1.2,28.1078,2.55
223,1.3,28.1355,2.55
223,1.4,28.1691,2.55
223,1.5,28.2098,2.5499
223,1.6,28.2583,2.5486
223,1.7,28.3158,2.5403
223,1.8,28.3832,2.5023
223,1.9,28.4615,2.3829
223,2,28.5515,2.1129
224,0,28.0106,2.55
224,0.1,28.0109,2.55
224,0.2,28.012,2.55
224,0.3,28.0139,2.55
224,0.4,28.0168,2.55
224,0.5,28.0207,2.55
224,0.6,28.026,2.55
224,0.7,28.033,2.55
224,0.8,28.0421,2.55
224,0.9,28.0536,2.55
224,1,28.0682,2.55
224,1.1,28.0864,2.55
224,1.2,28.1091,2.55
224,1.3,28.1369,2.55
224,1.4,28.1708,2.55
224,1.5,28.2116,2.5499
224,1.6,28.2604,2.5486
224,1.7,28.3181,2.5401
224,1.8,28.3857,2.5019
224,1.9,28.4642,2.3822
224,2,28.5545,2.112
225,0,28.0108,2.55
225,0.1,28.0112,2.55
225,0.2,28.0123,2.55
225,0.3,28.0142,2.55
225,0.4,28.0171,2.55
225,0.5,28.0211,2.55
225,0.6,28.0265,2.55
225,0.7,28.0336,2.55
225,0.8,28.0427,2.55
225,0.9,28.0544,2.55
225,1,28.0691,2.55
225,1.1,28.0875,2.55
225,1.2,28.1103,2.55
225,1.3,28.1383,2.55
225,1.4,28.1724,2.55
225,1.5,28.2135,2.5499
225,1.6,28.2625,2.5486
225,1.7,28.3204,2.54
225,1.8,28.3883,2.5015
225,1.9,28.467,2.3814
225,2,28.5574,2.1111
226,0,28.0111,2.55
226,0.1,28.0114,2.55
226,0.2,28.0125,2.55
226,0.3,28.0145,2.55
226,0.4,28.0174,2.55
226,0.5,28.0215,2.55
226,0.6,28.0269,2.55
226,0.7,28.0341,2.55
226,0.8,28.0433,2.55
226,0.9,28.0551,2.55
226,1,28.07,2.55
226,1.1,28.0885,2.55
226,1.2,28.1115,2.55
226,1.3,28.1397,2.55
226,1.4,28.174,2.55
226,1.5,28.2153,2.5499
226,1.6,28.2645,2.5485
226,1.7,28.3227,2.5399
226,1.8,28.3908,2.5011
226,1.9,28.4697,2.3807
226,2,28.5604,2.1103
227,0,28.0113,2.55
227,0.1,28.0117,2.55
227,0.2,28.0128,2.55
227,0.3,28.0148,2.55
227,0.4,28.0178,2.55
227,0.5,28.0219,2.55
227,0.6,28.0274,2.55
227,0.7,28.0347,2.55
227,0.8,28.044,2.55
227,0.9,28.0559,2.55
227,1,28.0709,2.55
227,1.1,28.0896,2.55
227,1.2,28.1128,2.55
227,1.3,28.1412,2.55
227,1.4,28.1757,2.55
227,1.5,28.2172,2.5498
227,1.6,28.2666,2.5485
227,1.7,28.325,2.5397
227,1.8,28.3933,2.5007
227,1.9,28.4724,2.3799
227,2,28.5633,2.1094
228,0,28.0116,2.55
228,0.1,28.0119,2.55
228,0.2,28.0131,2.55
228,0.3,28.0151,2.55
228,0.4,28.0181,2.55
228,0.5,28.0223,2.55
228,0.6,28.0279,2.55
228,0.7,28.0352,2.55
228,0.8,28.0446,2.55
228,0.9,28.0567,2.55
228,1,28.0718,2.55
228,1.1,28.0907,2.55
228,1.2,28.114,2.55
228,1.3,28.1426,2.55
228,1.4,28.1773,2.55
228,1.5,28.219,2.5498
228,1.6,28.2687,2.5485
228,1.7,28.3273,2.5396
228,1.8,28.3958,2.5003
228,1.9,28.4752,2.3791
228,2,28.5663,2.1085
229,0,28.0118,2.55
229,0.1,28.0122,2.55
229,0.2,28.0134,2.55
229,0.3,28.0154,2.55
229,0.4,28.0185,2.55
229,0.5,28.0227,2.55
229,0.6,28.0284,2.55
229,0.7,28.0358,2.55
229,0.8,28.0453,2.55
229,0.9,28.0574,2.55
229,1,28.0727,2.55
229,1.1,28.0918,2.55
229,1.2,28.1153,2.55
229,1.3,28.1441,2.55
229,1.4,28.1789,2.55
229,1.5,28.2209,2.5498
229,1.6,28.2708,2.5484
229,1.7,28.3296,2.5394
229,1.8,28.3984,2.4999
229,1.9,28.4779,2.3784
229,2,28.5692,2.1076
230,0,28.0121,2.55
230,0.1,28.0125,2.55
230,0.2,28.0137,2.55
230,0.3,28.0157,2.55
230,0.4,28.0188,2.55
230,0.5,28.0231,2.55
230,0.6,28.0288,2.55
230,0.7,28.0363,2.55
230,0.8,28.046,2.55
230,0.9,28.0582,2.55
230,1,28.0736,2.55
230,1.1,28.0928,2.55
230,1.2,28.1165,2.55
230,1.3,28.1455,2.55
230,1.4,28.1806,2.55
230,1.5,28.2227,2.5498
230,1.6,28.2729,2.5484
230,1.7,28.3319,2.5393
230,1.8,28.4009,2.4995
230,1.9,28.4807,2.3776
230,2,28.5721,2.1068
231,0,28.0123,2.55
231,0.1,28.0127,2.55
231,0.2,28.0139,2.55
231,0.3,28.016,2.55
231,0.4,28.0192,2.55
231,0.5,28.0235,2.55
231,0.6,28.0293,2.55
231,0.7,28.0369,2.55
231,0.8,28.0466,2.55
231,0.9,28.059,2.55
231,1,28.0746,2.55
231,1.1,28.0939,2.55
231,1.2,28.1178,2.55
231,1.3,28.1469,2.55
231,1.4,28.1823,2.55
231,1.5,28.2246,2.5498
231,1.6,28.2749,2.5484
231,1.7,28.3342,2.5391
231,1.8,28.4034,2.4991
231,1.9,28.4834,2.3769
231,2,28.5751,2.1059
232,0,28.0126,2.55
232,0.1,28.013,2.55
232,0.2,28.0142,2.55
232,0.3,28.0164,2.55
232,0.4,28.0195,2.55
232,0.5,28.0239,2.55
232,0.6,28.0298,2.55
232,0.7,28.0375,2.55
232,0.8,28.0473,2.55
232,0.9,28.0598,2.55
232,1,28.0755,2.55
232,1.1,28.095,2.55
232,1.2,28.1191,2.55
232,1.3,28.1484,2.55
232,1.4,28.1839,2.55
232,1.5,28.2265,2.5498
232,1.6,28.277,2.5483
232,1.7,28.3365,2.539
232,1.8,28.4059,2.4987
232,1.9,28.4861,2.3761
232,2,28.578,2.1051
233,0,28.0129,2.55
233,0.1,28.0133,2.55
233,0.2,28.0145,2.55
233,0.3,28.0167,2.55
233,0.4,28.0199,2.55
233,0.5,28.0244,2.55
233,0.6,28.0303,2.55
233,0.7,28.0381,2.55
233,0.8,28.048,2.55
233,0.9,28.0606,2.55
233,1,28.0765,2.55
233,1.1,28.0961,2.55
233,1.2,28.1203,2.55
233,1.3,28.1499,2.55
233,1.4,28.1856,2.55
233,1.5,28.2283,2.5498
233,1.6,28.2791,2.5483
233,1.7,28.3388,2.5389
233,1.8,28.4085,2.4982
233,1.9,28.4889,2.3754
233,2,28.581,2.1042
234,0,28.0131,2.55
234,0.1,28.0136,2.55
234,0.2,28.0148,2.55
234,0.3,28.017,2.55
234,0.4,28.0203,2.55
234,0.5,28.0248,2.55
234,0.6,28.0308,2.55
234,0.7,28.0386,2.55
234,0.8,28.0487,2.55
234,0.9,28.0614,2.55
234,1,28.0774,2.55
234,1.1,28.0972,2.55
234,1.2,28.1216,2.55
234,1.3,28.1513,2.55
234,1.4,28.1872,2.55
234,1.5,28.2302,2.5498
234,1.6,28.2812,2.5483
234,1.7,28.3412,2.5387
234,1.8,28.411,2.4978
234,1.9,28.4916,2.3747
234,2,28.5839,2.1033
235,0,28.0134,2.55
235,0.1,28.0138,2.55
235,0.2,28.0151,2.55
235,0.3,28.0174,2.55
235,0.4,28.0206,2.55
235,0.5,28.0252,2.55
235,0.6,28.0313,2.55
235,0.7,28.0392,2.55
235,0.8,28.0494,2.55
235,0.9,28.0622,2.55
235,1,28.0784,2.55
235,1.1,28.0983,2.55
235,1.2,28.1229,2.55
235,1.3,28.1528,2.55
235,1.4,28.1889,2.55
235,1.5,28.2321,2.5498
235,1.6,28.2833,2.5482
235,1.7,28.3435,2.5386
235,1.8,28.4135,2.4974
235,1.9,28.4944,2.3739
235,2,28.5869,2.1025
236,0,28.0137,2.55
236,0.1,28.0141,2.55
236,0.2,28.0154,2.55
236,0.3,28.0177,2.55
236,0.4,28.021,2.55
236,0.5,28.0257,2.55
236,0.6,28.0318,2.55
236,0.7,28.0398,2.55
236,0.8,28.0501,2.55
236,0.9,28.0631,2.55
236,1,28.0793,2.55
236,1.1,28.0994,2.55
236,1.2,28.1242,2.55
236,1.3,28.1543,2.55
236,1.4,28.1906,2.55
236,1.5,28.234,2.5498
236,1.6,28.2854,2.5482
236,1.7,28.3458,2.5384
236,1.8,28.416,2.497
236,1.9,28.4971,2.3732
236,2,28.5898,2.1016
237,0,28.014,2.55
237,0.1,28.0144,2.55
237,0.2,28.0157,2.55
237,0.3,28.018,2.55
237,0.4,28.0214,2.55
237,0.5,28.0261,2.55
237,0.6,28.0323,2.55
237,0.7,28.0404,2.55
237,0.8,28.0508,2.55
237,0.9,28.0639,2.55
237,1,28.0803,2.55
237,1.1,28.1006,2.55
237,1.2,28.1255,2.55
237,1.3,28.1558,2.55
237,1.4,28.1923,2.55
237,1.5,28.2359,2.5498
237,1.6,28.2875,2.5482
237,1.7,28.3481,2.5383
237,1.8,28.4186,2.4966
237,1.9,28.4998,2.3724
237,2,28.5928,2.1008
238,0,28.0143,2.55
238,0.1,28.0147,2.55
238,0.2,28.0161,2.55
238,0.3,28.0184,2.55
238,0.4,28.0218,2.55
238,0.5,28.0265,2.55
238,0.6,28.0328,2.55
238,0.7,28.041,2.55
238,0.8,28.0515,2.55
238,0.9,28.0647,2.55
238,1,28.0812,2.55
238,1.1,28.1017,2.55
238,1.2,28.1268,2.55
238,1.3,28.1572,2.55
238,1.4,28.1939,2.55
238,1.5,28.2378,2.5498
238,1.6,28.2896,2.5481
238,1.7,28.3504,2.5381
238,1.8,28.4211,2.4962
238,1.9,28.5026,2.3717
238,2,28.5957,2.0999
239,0,28.0146,2.55
239,0.1,28.015,2.55
239,0.2,28.0164,2.55
239,0.3,28.0187,2.55
239,0.4,28.0222,2.55
239,0.5,28.027,2.55
239,0.6,28.0334,2.55
239,0.7,28.0416,2.55
239,0.8,28.0522,2.55
239,0.9,28.0656,2.55
239,1,28.0822,2.55
239,1.1,28.1028,2.55
239,1.2,28.1281,2.55
239,1.3,28.1587,2.55
239,1.4,28.1956,2.55
239,1.5,28.2397,2.5498
239,1.6,28.2917,2.5481
239,1.7,28.3527,2.538
239,1.8,28.4236,2.4958
239,1.9,28.5053,2.371
239,2,28.5987,2.0991
240,0,28.0149,2.55
240,0.1,28.0153,2.55
240,0.2,28.0167,2.55
240,0.3,28.0191,2.55
240,0.4,28.0226,2.55
240,0.5,28.0274,2.55
240,0.6,28.0339,2.55
240,0.7,28.0423,2.55
240,0.8,28.0529,2.55
240,0.9,28.0664,2.55
240,1,28.0832,2.55
240,1.1,28.104,2.55
240,1.2,28.1294,2.55
240,1.3,28.1602,2.55
240,1.4,28.1973,2.55
240,1.5,28.2416,2.5498
240,1.6,28.2938,2.5481
240,1.7,28.3551,2.5378
240,1.8,28.4262,2.4954
240,1.9,28.5081,2.3702
240,2,28.6017,2.0982
241,0,28.0152,2.55
241,0.1,28.0156,2.55
241,0.2,28.017,2.55
241,0.3,28.0194,2.55
241,0.4,28.023,2.55
241,0.5,28.0279,2.55
241,0.6,28.0344,2.55
241,0.7,28.0429,2.55
241,0.8,28.0537,2.55
241,0.9,28.0672,2.55
241,1,28.0842,2.55
241,1.1,28.1051,2.55
241,1.2,28.1307,2.55
241,1.3,28.1617,2.55
241,1.4,28.199,2.55
241,1.5,28.2435,2.5498
241,1.6,28.2959,2.548
241,1.7,28.3574,2.5377
241,1.8,28.4287,2.4949
241,1.9,28.5108,2.3695
241,2,28.6048,2.0974
242,0,28.0155,2.55
242,0.1,28.016,2.55
242,0.2,28.0174,2.55
242,0.3,28.0198,2.55
242,0.4,28.0234,2.55
242,0.5,28.0284,2.55
242,0.6,28.035,2.55
242,0.7,28.0435,2.55
242,0.8,28.0544,2.55
242,0.9,28.0681,2.55
242,1,28.0852,2.55
242,1.1,28.1062,2.55
242,1.2,28.132,2.55
242,1.3,28.1632,2.55
242,1.4,28.2007,2.55
242,1.5,28.2454,2.5498
242,1.6,28.2981,2.548
242,1.7,28.3597,2.5375
242,1.8,28.4313,2.4945
242,1.9,28.5136,2.3687
242,2,28.608,2.0966
243,0,28.0158,2.55
243,0.1,28.0163,2.55
243,0.2,28.0177,2.55
243,0.3,28.0202,2.55
243,0.4,28.0238,2.55
243,0.5,28.0288,2.55
243,0.6,28.0355,2.55
243,0.7,28.0441,2.55
243,0.8,28.0551,2.55
243,0.9,28.069,2.55
243,1,28.0862,2.55
243,1.1,28.1074,2.55
243,1.2,28.1333,2.55
243,1.3,28.1647,2.55
243,1.4,28.2024,2.55
243,1.5,28.2473,2.5498
243,1.6,28.3002,2.5479
243,1.7,28.362,2.5374
243,1.8,28.4338,2.4941
243,1.9,28.5164,2.368
243,2,28.6113,2.0957
244,0,28.0161,2.55
244,0.1,28.0166,2.55
244,0.2,28.018,2.55
244,0.3,28.0205,2.55
244,0.4,28.0242,2.55
244,0.5,28.0293,2.55
244,0.6,28.036,2.55
244,0.7,28.0448,2.55
244,0.8,28.0559,2.55
244,0.9,28.0698,2.55
244,1,28.0872,2.55
244,1.1,28.1086,2.55
244,1.2,28.1347,2.55
244,1.3,28.1662,2.55
244,1.4,28.2041,2.55
244,1.5,28.2492,2.5498
244,1.6,28.3023,2.5479
244,1.7,28.3644,2.5372
244,1.8,28.4364,2.4937
244,1.9,28.5193,2.3673
244,2,28.6147,2.0949
245,0,28.0164,2.55
245,0.1,28.0169,2.55
245,0.2,28.0184,2.55
245,0.3,28.0209,2.55
245,0.4,28.0246,2.55
245,0.5,28.0298,2.55
245,0.6,28.0366,2.55
245,0.7,28.0454,2.55
245,0.8,28.0566,2.55
245,0.9,28.0707,2.55
245,1,28.0882,2.55
245,1.1,28.1097,2.55
245,1.2,28.136,2.55
245,1.3,28.1678,2.55
245,1.4,28.2058,2.55
245,1.5,28.2511,2.5498
245,1.6,28.3044,2.5479
245,1.7,28.3667,2.537
245,1.8,28.4389,2.4933
245,1.9,28.5222,2.3665
245,2,28.6181,2.094
246,0,28.0168,2.55
246,0.1,28.0172,2.55
246,0.2,28.0187,2.55
246,0.3,28.0213,2.55
246,0.4,28.0251,2.55
246,0.5,28.0303,2.55
246,0.6,28.0372,2.55
246,0.7,28.0461,2.55
246,0.8,28.0574,2.55
246,0.9,28.0716,2.55
246,1,28.0892,2.55
246,1.1,28.1109,2.55
246,1.2,28.1373,2.55
246,1.3,28.1693,2.55
246,1.4,28.2075,2.55
246,1.5,28.253,2.5497
246,1.6,28.3065,2.5478
246,1.7,28.3691,2.5369
246,1.8,28.4415,2.4929
246,1.9,28.5251,2.3658
246,2,28.6216,2.0932
247,0,28.0171,2.55
247,0.1,28.0176,2.55
247,0.2,28.0191,2.55
247,0.3,28.0217,2.55
247,0.4,28.0255,2.55
247,0.5,28.0308,2.55
247,0.6,28.0377,2.55
247,0.7,28.0467,2.55
247,0.8,28.0581,2.55
247,0.9,28.0724,2.55
247,1,28.0902,2.55
247,1.1,28.1121,2.55
247,1.2,28.1387,2.55
247,1.3,28.1708,2.55
247,1.4,28.2093,2.55
247,1.5,28.2549,2.5497
247,1.6,28.3087,2.5478
247,1.7,28.3714,2.5367
247,1.8,28.4441,2.4924
247,1.9,28.5281,2.3651
247,2,28.6252,2.0924
248,0,28.0174,2.55
248,0.1,28.0179,2.55
248,0.2,28.0194,2.55
248,0.3,28.0221,2.55
248,0.4,28.0259,2.55
248,0.5,28.0313,2.55
248,0.6,28.0383,2.55
248,0.7,28.0474,2.55
248,0.8,28.0589,2.55
248,0.9,28.0733,2.55
248,1,28.0912,2.55
248,1.1,28.1132,2.55
248,1.2,28.14,2.55
248,1.3,28.1723,2.55
248,1.4,28.211,2.55
248,1.5,28.2569,2.5497
248,1.6,28.3108,2.5478
248,1.7,28.3738,2.5366
248,1.8,28.4468,2.492
248,1.9,28.5311,2.3644
248,2,28.6288,2.0916
249,0,28.0178,2.55
249,0.1,28.0183,2.55
249,0.2,28.0198,2.55
249,0.3,28.0225,2.55
249,0.4,28.0264,2.55
249,0.5,28.0318,2.55
249,0.6,28.0389,2.55
249,0.7,28.048,2.55
249,0.8,28.0596,2.55
249,0.9,28.0742,2.55
249,1,28.0923,2.55
249,1.1,28.1144,2.55
249,1.2,28.1414,2.55
249,1.3,28.1739,2.55
249,1.4,28.2127,2.55
249,1.5,28.2588,2.5497
249,1.6,28.3129,2.5477
249,1.7,28.3761,2.5364
249,1.8,28.4494,2.4916
249,1.9,28.5342,2.3636
249,2,28.6324,2.0907
250,0,28.0181,2.55
250,0.1,28.0186,2.55
250,0.2,28.0202,2.55
250,0.3,28.0229,2.55
250,0.4,28.0268,2.55
250,0.5,28.0323,2.55
250,0.6,28.0394,2.55
250,0.7,28.0487,2.55
250,0.8,28.0604,2.55
250,0.9,28.0751,2.55
250,1,28.0933,2.55
250,1.1,28.1156,2.55
250,1.2,28.1427,2.55
250,1.3,28.1754,2.55
250,1.4,28.2144,2.55
250,1.5,28.2607,2.5497
250,1.6,28.3151,2.5477
250,1.7,28.3785,2.5363
250,1.8,28.4521,2.4912
250,1.9,28.5373,2.3629
250,2,28.6361,2.0899
251,0,28.0184,2.55
251,0.1,28.019,2.55
251,0.2,28.0205,2.55
251,0.3,28.0233,2.55
251,0.4,28.0273,2.55
251,0.5,28.0328,2.55
251,0.6,28.04,2.55
251,0.7,28.0494,2.55
251,0.8,28.0612,2.55
251,0.9,28.076,2.55
251,1,28.0943,2.55
251,1.1,28.1168,2.55
251,1.2,28.1441,2.55
251,1.3,28.1769,2.55
251,1.4,28.2162,2.55
251,1.5,28.2626,2.5497
251,1.6,28.3172,2.5476
251,1.7,28.3809,2.5361
251,1.8,28.4548,2.4908
251,1.9,28.5404,2.3622
251,2,28.6398,2.0891
252,0,28.0188,2.55
252,0.1,28.0193,2.55
252,0.2,28.0209,2.55
252,0.3,28.0237,2.55
252,0.4,28.0277,2.55
252,0.5,28.0333,2.55
252,0.6,28.0406,2.55
252,0.7,28.05,2.55
252,0.8,28.062,2.55
252,0.9,28.0769,2.55
252,1,28.0954,2.55
252,1.1,28.118,2.55
252,1.2,28.1454,2.55
252,1.3,28.1785,2.55
252,1.4,28.2179,2.55
252,1.5,28.2646,2.5497
252,1.6,28.3194,2.5476
252,1.7,28.3833,2.5359
252,1.8,28.4575,2.4904
252,1.9,28.5435,2.3615
252,2,28.6435,2.0883
253,0,28.0191,2.55
253,0.1,28.0197,2.55
253,0.2,28.0213,2.55
253,0.3,28.0241,2.55
253,0.4,28.0282,2.55
253,0.5,28.0338,2.55
253,0.6,28.0412,2.55
253,0.7,28.0507,2.55
253,0.8,28.0628,2.55
253,0.9,28.0778,2.55
253,1,28.0964,2.55
253,1.1,28.1192,2.55
253,1.2,28.1468,2.55
253,1.3,28.18,2.55
253,1.4,28.2197,2.55
253,1.5,28.2665,2.5497
253,1.6,28.3216,2.5475
253,1.7,28.3857,2.5358
253,1.8,28.4603,2.4899
253,1.9,28.5467,2.3607
253,2,28.6473,2.0874
254,0,28.0195,2.55
254,0.1,28.02,2.55
254,0.2,28.0217,2.55
254,0.3,28.0245,2.55
254,0.4,28.0286,2.55
254,0.5,28.0343,2.55
254,0.6,28.0418,2.55
254,0.7,28.0514,2.55
254,0.8,28.0636,2.55
254,0.9,28.0787,2.55
254,1,28.0975,2.55
254,1.1,28.1204,2.55
254,1.2,28.1482,2.55
254,1.3,28.1816,2.55
254,1.4,28.2214,2.55
254,1.5,28.2685,2.5497
254,1.6,28.3237,2.5475
254,1.7,28.3882,2.5356
254,1.8,28.463,2.4895
254,1.9,28.5499,2.36
254,2,28.651,2.0866
255,0,28.0199,2.55
255,0.1,28.0204,2.55
255,0.2,28.0221,2.55
255,0.3,28.0249,2.55
255,0.4,28.0291,2.55
255,0.5,28.0348,2.55
255,0.6,28.0424,2.55
255,0.7,28.0521,2.55
255,0.8,28.0644,2.55
255,0.9,28.0797,2.55
255,1,28.0985,2.55
255,1.1,28.1216,2.55
255,1.2,28.1496,2.55
255,1.3,28.1831,2.55
255,1.4,28.2232,2.55
255,1.5,28.2704,2.5497
255,1.6,28.3259,2.5475
255,1.7,28.3906,2.5354
255,1.8,28.4658,2.4891
255,1.9,28.5532,2.3593
255,2,28.6549,2.0858
256,0,28.0202,2.55
256,0.1,28.0208,2.55
256,0.2,28.0225,2.55
256,0.3,28.0253,2.55
256,0.4,28.0296,2.55
256,0.5,28.0354,2.55
256,0.6,28.043,2.55
256,0.7,28.0528,2.55
256,0.8,28.0652,2.55
256,0.9,28.0806,2.55
256,1,28.0996,2.55
256,1.1,28.1228,2.55
256,1.2,28.1509,2.55
256,1.3,28.1847,2.55
256,1.4,28.2249,2.55
256,1.5,28.2724,2.5497
256,1.6,28.3281,2.5474
256,1.7,28.3931,2.5353
256,1.8,28.4686,2.4887
256,1.9,28.5564,2.3586
256,2,28.6587,2.085
257,0,28.0206,2.55
257,0.1,28.0212,2.55
257,0.2,28.0228,2.55
257,0.3,28.0258,2.55
257,0.4,28.03,2.55
257,0.5,28.0359,2.55
257,0.6,28.0436,2.55
257,0.7,28.0535,2.55
257,0.8,28.066,2.55
257,0.9,28.0815,2.55
257,1,28.1007,2.55
257,1.1,28.124,2.55
257,1.2,28.1523,2.55
257,1.3,28.1863,2.55
257,1.4,28.2267,2.55
257,1.5,28.2744,2.5497
257,1.6,28.3303,2.5474
257,1.7,28.3956,2.5351
257,1.8,28.4715,2.4883
257,1.9,28.5597,2.3579
257,2,28.6626,2.0842
258,0,28.021,2.55
258,0.1,28.0215,2.55
258,0.2,28.0232,2.55
258,0.3,28.0262,2.55
258,0.4,28.0305,2.55
258,0.5,28.0364,2.55
258,0.6,28.0442,2.55
258,0.7,28.0542,2.55
258,0.8,28.0668,2.55
258,0.9,28.0824,2.55
258,1,28.1017,2.55
258,1.1,28.1253,2.55
258,1.2,28.1537,2.55
258,1.3,28.1878,2.55
258,1.4,28.2284,2.55
258,1.5,28.2763,2.5497
258,1.6,28.3325,2.5473
258,1.7,28.3981,2.5349
258,1.8,28.4743,2.4878
258,1.9,28.563,2.3571
258,2,28.6665,2.0834
259,0,28.0214,2.55
259,0.1,28.0219,2.55
259,0.2,28.0237,2.55
259,0.3,28.0266,2.55
259,0.4,28.031,2.55
259,0.5,28.037,2.55
259,0.6,28.0448,2.55
259,0.7,28.0549,2.55
259,0.8,28.0676,2.55
259,0.9,28.0834,2.55
259,1,28.1028,2.55
259,1.1,28.1265,2.55
259,1.2,28.1551,2.55
259,1.3,28.1894,2.55
259,1.4,28.2302,2.55
259,1.5,28.2783,2.5497
259,1.6,28.3348,2.5473
259,1.7,28.4006,2.5348
259,1.8,28.4772,2.4874
259,1.9,28.5664,2.3564
259,2,28.6704,2.0826
260,0,28.0217,2.55
260,0.1,28.0223,2.55
260,0.2,28.0241,2.55
260,0.3,28.0271,2.55
260,0.4,28.0315,2.55
260,0.5,28.0375,2.55
260,0.6,28.0455,2.55
260,0.7,28.0556,2.55
260,0.8,28.0684,2.55
260,0.9,28.0843,2.55
260,1,28.1039,2.55
260,1.1,28.1277,2.55
260,1.2,28.1565,2.55
260,1.3,28.191,2.55
260,1.4,28.232,2.55
260,1.5,28.2803,2.5496
260,1.6,28.337,2.5472
260,1.7,28.4031,2.5346
260,1.8,28.4801,2.487
260,1.9,28.5698,2.3557
260,2,28.6744,2.0818
261,0,28.0221,2.55
261,0.1,28.0227,2.55
261,0.2,28.0245,2.55
261,0.3,28.0275,2.55
261,0.4,28.032,2.55
261,0.5,28.0381,2.55
261,0.6,28.0461,2.55
261,0.7,28.0563,2.55
261,0.8,28.0692,2.55
261,0.9,28.0853,2.55
261,1,28.105,2.55
261,1.1,28.129,2.55
261,1.2,28.1579,2.55
261,1.3,28.1926,2.55
261,1.4,28.2338,2.55
261,1.5,28.2823,2.5496
261,1.6,28.3392,2.5472
261,1.7,28.4057,2.5344
261,1.8,28.483,2.4866
261,1.9,28.5732,2.355
261,2,28.6784,2.081
262,0,28.0225,2.55
262,0.1,28.0231,2.55
262,0.2,28.0249,2.55
262,0.3,28.028,2.55
262,0.4,28.0325,2.55
262,0.5,28.0387,2.55
262,0.6,28.0467,2.55
262,0.7,28.0571,2.55
262,0.8,28.0701,2.55
262,0.9,28.0862,2.55
262,1,28.1061,2.55
262,1.1,28.1302,2.55
262,1.2,28.1593,2.55
262,1.3,28.1942,2.55
262,1.4,28.2355,2.55
262,1.5,28.2843,2.5496
262,1.6,28.3415,2.5471
262,1.7,28.4082,2.5343
262,1.8,28.486,2.4862
262,1.9,28.5766,2.3543
262,2,28.6824,2.0802
263,0,28.0229,2.55
263,0.1,28.0235,2.55
263,0.2,28.0253,2.55
263,0.3,28.0284,2.55
263,0.4,28.033,2.55
263,0.5,28.0392,2.55
263,0.6,28.0474,2.55
263,0.7,28.0578,2.55
263,0.8,28.0709,2.55
263,0.9,28.0872,2.55
263,1,28.1072,2.55
263,1.1,28.1315,2.55
263,1.2,28.1608,2.55
263,1.3,28.1958,2.55
263,1.4,28.2373,2.55
263,1.5,28.2863,2.5496
263,1.6,28.3438,2.5471
263,1.7,28.4108,2.5341
263,1.8,28.4889,2.4857
263,1.9,28.58,2.3536
263,2,28.6864,2.0794
264,0,28.0233,2.55
264,0.1,28.0239,2.55
264,0.2,28.0257,2.55
264,0.3,28.0289,2.55
264,0.4,28.0335,2.55
264,0.5,28.0398,2.55
264,0.6,28.048,2.55
264,0.7,28.0585,2.55
264,0.8,28.0718,2.55
264,0.9,28.0882,2.55
264,1,28.1083,2.55
264,1.1,28.1327,2.55
264,1.2,28.1622,2.55
264,1.3,28.1974,2.55
264,1.4,28.2391,2.55
264,1.5,28.2884,2.5496
264,1.6,28.346,2.5471
264,1.7,28.4134,2.5339
264,1.8,28.4919,2.4853
264,1.9,28.5835,2.3529
264,2,28.6905,2.0786
265,0,28.0237,2.55
265,0.1,28.0243,2.55
265,0.2,28.0262,2.55
265,0.3,28.0294,2.55
265,0.4,28.034,2.55
265,0.5,28.0404,2.55
265,0.6,28.0487,2.55
265,0.7,28.0593,2.55
265,0.8,28.0726,2.55
265,0.9,28.0891,2.55
265,1,28.1094,2.55
265,1.1,28.134,2.55
265,1.2,28.1636,2.55
265,1.3,28.199,2.55
265,1.4,28.2409,2.55
265,1.5,28.2904,2.5496
265,1.6,28.3483,2.547
265,1.7,28.416,2.5338
265,1.8,28.4949,2.4849
265,1.9,28.587,2.3522
265,2,28.6946,2.0778
266,0,28.0241,2.55
266,0.1,28.0247,2.55
266,0.2,28.0266,2.55
266,0.3,28.0298,2.55
266,0.4,28.0345,2.55
266,0.5,28.0409,2.55
266,0.6,28.0493,2.55
266,0.7,28.06,2.55
266,0.8,28.0735,2.55
266,0.9,28.0901,2.55
266,1,28.1105,2.55
266,1.1,28.1352,2.55
266,1.2,28.165,2.55
266,1.3,28.2006,2.55
266,1.4,28.2428,2.55
266,1.5,28.2924,2.5496
266,1.6,28.3506,2.547
266,1.7,28.4186,2.5336
266,1.8,28.4979,2.4845
266,1.9,28.5905,2.3515
266,2,28.6987,2.077
267,0,28.0245,2.55
267,0.1,28.0252,2.55
267,0.2,28.0271,2.55
267,0.3,28.0303,2.55
267,0.4,28.0351,2.55
267,0.5,28.0415,2.55
267,0.6,28.05,2.55
267,0.7,28.0608,2.55
267,0.8,28.0743,2.55
267,0.9,28.0911,2.55
267,1,28.1116,2.55
267,1.1,28.1365,2.55
267,1.2,28.1665,2.55
267,1.3,28.2022,2.55
267,1.4,28.2446,2.55
267,1.5,28.2945,2.5496
267,1.6,28.353,2.5469
267,1.7,28.4213,2.5334
267,1.8,28.501,2.484
267,1.9,28.594,2.3507
267,2,28.7028,2.0762
268,0,28.025,2.55
268,0.1,28.0256,2.55
268,0.2,28.0275,2.55
268,0.3,28.0308,2.55
268,0.4,28.0356,2.55
268,0.5,28.0421,2.55
268,0.6,28.0507,2.55
268,0.7,28.0615,2.55
268,0.8,28.0752,2.55
268,0.9,28.0921,2.55
268,1,28.1127,2.55
268,1.1,28.1378,2.55
268,1.2,28.1679,2.55
268,1.3,28.2038,2.55
268,1.4,28.2464,2.55
268,1.5,28.2965,2.5496
268,1.6,28.3553,2.5469
268,1.7,28.4239,2.5332
268,1.8,28.504,2.4836
268,1.9,28.5976,2.35
268,2,28.7069,2.0754
269,0,28.0254,2.55
269,0.1,28.026,2.55
269,0.2,28.028,2.55
269,0.3,28.0313,2.55
269,0.4,28.0361,2.55
269,0.5,28.0427,2.55
269,0.6,28.0513,2.55
269,0.7,28.0623,2.55
269,0.8,28.0761,2.55
269,0.9,28.0931,2.55
269,1,28.1139,2.55
269,1.1,28.1391,2.55
269,1.2,28.1694,2.55
269,1.3,28.2055,2.55
269,1.4,28.2482,2.55
269,1.5,28.2986,2.5496
269,1.6,28.3576,2.5468
269,1.7,28.4266,2.5331
269,1.8,28.5071,2.4832
269,1.9,28.6011,2.3493
269,2,28.7111,2.0746
270,0,28.0258,2.55
270,0.1,28.0265,2.55
270,0.2,28.0284,2.55
270,0.3,28.0318,2.55
270,0.4,28.0366,2.55
270,0.5,28.0433,2.55
270,0.6,28.052,2.55
270,0.7,28.0631,2.55
270,0.8,28.0769,2.55
270,0.9,28.0941,2.55
270,1,28.115,2.55
270,1.1,28.1403,2.55
270,1.2,28.1708,2.55
270,1.3,28.2071,2.55
270,1.4,28.2501,2.55
270,1.5,28.3007,2.5496
270,1.6,28.36,2.5468
270,1.7,28.4293,2.5329
270,1.8,28.5102,2.4828
270,1.9,28.6047,2.3486
270,2,28.7153,2.0738
271,0,28.0263,2.55
271,0.1,28.0269,2.55
271,0.2,28.0289,2.55
271,0.3,28.0322,2.55
271,0.4,28.0372,2.55
271,0.5,28.0439,2.55
271,0.6,28.0527,2.55
271,0.7,28.0638,2.55
271,0.8,28.0778,2.55
271,0.9,28.0951,2.55
271,1,28.1161,2.55
271,1.1,28.1416,2.55
271,1.2,28.1723,2.55
271,1.3,28.2087,2.55
271,1.4,28.2519,2.55
271,1.5,28.3028,2.5495
271,1.6,28.3624,2.5467
271,1.7,28.432,2.5327
271,1.8,28.5133,2.4824
271,1.9,28.6083,2.3479
271,2,28.7195,2.073
272,0,28.0267,2.55
272,0.1,28.0273,2.55
272,0.2,28.0293,2.55
272,0.3,28.0327,2.55
272,0.4,28.0377,2.55
272,0.5,28.0445,2.55
272,0.6,28.0534,2.55
272,0.7,28.0646,2.55
272,0.8,28.0787,2.55
272,0.9,28.0961,2.55
272,1,28.1173,2.55
272,1.1,28.1429,2.55
272,1.2,28.1737,2.55
272,1.3,28.2104,2.55
272,1.4,28.2538,2.55
272,1.5,28.3049,2.5495
272,1.6,28.3647,2.5467
272,1.7,28.4347,2.5325
272,1.8,28.5165,2.4819
272,1.9,28.612,2.3472
272,2,28.7237,2.0723
273,0,28.0271,2.55
273,0.1,28.0278,2.55
273,0.2,28.0298,2.55
273,0.3,28.0332,2.55
273,0.4,28.0383,2.55
273,0.5,28.0451,2.55
273,0.6,28.054,2.55
273,0.7,28.0654,2.55
273,0.8,28.0796,2.55
273,0.9,28.0971,2.55
273,1,28.1184,2.55
273,1.1,28.1442,2.55
273,1.2,28.1752,2.55
273,1.3,28.2121,2.55
273,1.4,28.2557,2.55
273,1.5,28.307,2.5495
273,1.6,28.3671,2.5466
273,1.7,28.4375,2.5324
273,1.8,28.5196,2.4815
273,1.9,28.6156,2.3465
273,2,28.7279,2.0715
274,0,28.0276,2.55
274,0.1,28.0282,2.55
274,0.2,28.0303,2.55
274,0.3,28.0338,2.55
274,0.4,28.0388,2.55
274,0.5,28.0457,2.55
274,0.6,28.0547,2.55
274,0.7,28.0662,2.55
274,0.8,28.0805,2.55
274,0.9,28.0981,2.55
274,1,28.1196,2.55
274,1.1,28.1455,2.55
274,1.2,28.1767,2.55
274,1.3,28.2137,2.55
274,1.4,28.2575,2.5499
274,1.5,28.3091,2.5495
274,1.6,28.3695,2.5466
274,1.7,28.4402,2.5322
274,1.8,28.5228,2.4811
274,1.9,28.6193,2.3458
274,2,28.7322,2.0707
275,0,28.028,2.55
275,0.1,28.0287,2.55
275,0.2,28.0307,2.55
275,0.3,28.0343,2.55
275,0.4,28.0394,2.55
275,0.5,28.0464,2.55
275,0.6,28.0554,2.55
275,0.7,28.067,2.55
275,0.8,28.0814,2.55
275,0.9,28.0991,2.55
275,1,28.1207,2.55
275,1.1,28.1468,2.55
275,1.2,28.1781,2.55
275,1.3,28.2154,2.55
275,1.4,28.2594,2.5499
275,1.5,28.3112,2.5495
275,1.6,28.372,2.5465
275,1.7,28.443,2.532
275,1.8,28.526,2.4807
275,1.9,28.623,2.3451
275,2,28.7365,2.0699
276,0,28.0285,2.55
276,0.1,28.0292,2.55
276,0.2,28.0312,2.55
276,0.3,28.0348,2.55
276,0.4,28.04,2.55
276,0.5,28.047,2.55
276,0.6,28.0561,2.55
276,0.7,28.0678,2.55
276,0.8,28.0823,2.55
276,0.9,28.1001,2.55
276,1,28.1219,2.55
276,1.1,28.1482,2.55
276,1.2,28.1796,2.55
276,1.3,28.2171,2.55
276,1.4,28.2613,2.5499
276,1.5,28.3134,2.5495
276,1.6,28.3744,2.5465
276,1.7,28.4458,2.5318
276,1.8,28.5292,2.4802
276,1.9,28.6267,2.3444
276,2,28.7408,2.0692
277,0,28.0289,2.55
277,0.1,28.0296,2.55
277,0.2,28.0317,2.55
277,0.3,28.0353,2.55
277,0.4,28.0405,2.55
277,0.5,28.0476,2.55
277,0.6,28.0569,2.55
277,0.7,28.0686,2.55
277,0.8,28.0832,2.55
277,0.9,28.1012,2.55
277,1,28.1231,2.55
277,1.1,28.1495,2.55
277,1.2,28.1811,2.55
277,1.3,28.2187,2.55
277,1.4,28.2632,2.5499
277,1.5,28.3155,2.5495
277,1.6,28.3768,2.5464
277,1.7,28.4486,2.5316
277,1.8,28.5324,2.4798
277,1.9,28.6304,2.3437
277,2,28.7451,2.0684
278,0,28.0294,2.55
278,0.1,28.0301,2.55
278,0.2,28.0322,2.55
278,0.3,28.0358,2.55
278,0.4,28.0411,2.55
278,0.5,28.0483,2.55
278,0.6,28.0576,2.55
278,0.7,28.0694,2.55
278,0.8,28.0841,2.55
278,0.9,28.1022,2.55
278,1,28.1242,2.55
278,1.1,28.1508,2.55
278,1.2,28.1826,2.55
278,1.3,28.2204,2.55
278,1.4,28.2651,2.5499
278,1.5,28.3177,2.5495
278,1.6,28.3793,2.5464
278,1.7,28.4514,2.5315
278,1.8,28.5357,2.4794
278,1.9,28.6342,2.343
278,2,28.7494,2.0676
279,0,28.0299,2.55
279,0.1,28.0306,2.55
279,0.2,28.0327,2.55
279,0.3,28.0364,2.55
279,0.4,28.0417,2.55
279,0.5,28.0489,2.55
279,0.6,28.0583,2.55
279,0.7,28.0702,2.55
279,0.8,28.085,2.55
279,0.9,28.1032,2.55
279,1,28.1254,2.55
279,1.1,28.1521,2.55
279,1.2,28.1841,2.55
279,1.3,28.2221,2.55
279,1.4,28.267,2.5499
279,1.5,28.3198,2.5495
279,1.6,28.3818,2.5463
279,1.7,28.4542,2.5313
279,1.8,28.5389,2.479
279,1.9,28.638,2.3424
279,2,28.7537,2.0668
280,0,28.0303,2.55
280,0.1,28.0311,2.55
280,0.2,28.0332,2.55
280,0.3,28.0369,2.55
280,0.4,28.0423,2.55
280,0.5,28.0495,2.55
280,0.6,28.059,2.55
280,0.7,28.071,2.55
280,0.8,28.0859,2.55
280,0.9,28.1043,2.55
280,1,28.1266,2.55
280,1.1,28.1535,2.55
280,1.2,28.1856,2.55
280,1.3,28.2238,2.55
280,1.4,28.269,2.5499
280,1.5,28.322,2.5494
280,1.6,28.3843,2.5462
280,1.7,28.4571,2.5311
280,1.8,28.5422,2.4785
280,1.9,28.6417,2.3417
280,2,28.7581,2.0661
281,0,28.0308,2.55
281,0.1,28.0315,2.55
281,0.2,28.0337,2.55
281,0.3,28.0374,2.55
281,0.4,28.0429,2.55
281,0.5,28.0502,2.55
281,0.6,28.0597,2.55
281,0.7,28.0718,2.55
281,0.8,28.0869,2.55
281,0.9,28.1053,2.55
281,1,28.1278,2.55
281,1.1,28.1548,2.55
281,1.2,28.1871,2.55
281,1.3,28.2255,2.55
281,1.4,28.2709,2.5499
281,1.5,28.3242,2.5494
281,1.6,28.3868,2.5462
281,1.7,28.4599,2.5309
281,1.8,28.5455,2.4781
281,1.9,28.6455,2.341
281,2,28.7625,2.0653
282,0,28.0313,2.55
282,0.1,28.032,2.55
282,0.2,28.0342,2.55
282,0.3,28.038,2.55
282,0.4,28.0435,2.55
282,0.5,28.0509,2.55
282,0.6,28.0605,2.55
282,0.7,28.0726,2.55
282,0.8,28.0878,2.55
282,0.9,28.1064,2.55
282,1,28.129,2.55
282,1.1,28.1562,2.55
282,1.2,28.1887,2.55
282,1.3,28.2273,2.55
282,1.4,28.2728,2.5499
282,1.5,28.3264,2.5494
282,1.6,28.3893,2.5461
282,1.7,28.4628,2.5307
282,1.8,28.5488,2.4777
282,1.9,28.6494,2.3403
282,2,28.7669,2.0645
283,0,28.0318,2.55
283,0.1,28.0325,2.55
283,0.2,28.0347,2.55
283,0.3,28.0385,2.55
283,0.4,28.044,2.55
283,0.5,28.0515,2.55
283,0.6,28.0612,2.55
283,0.7,28.0735,2.55
283,0.8,28.0887,2.55
283,0.9,28.1074,2.55
283,1,28.1302,2.55
283,1.1,28.1575,2.55
283,1.2,28.1902,2.55
283,1.3,28.229,2.55
283,1.4,28.2748,2.5499
283,1.5,28.3286,2.5494
283,1.6,28.3918,2.5461
283,1.7,28.4657,2.5306
283,1.8,28.5522,2.4772
283,1.9,28.6532,2.3396
283,2,28.7713,2.0638
284,0,28.0323,2.55
284,0.1,28.033,2.55
284,0.2,28.0353,2.55
284,0.3,28.0391,2.55
284,0.4,28.0447,2.55
284,0.5,28.0522,2.55
284,0.6,28.062,2.55
284,0.7,28.0743,2.55
284,0.8,28.0897,2.55
284,0.9,28.1085,2.55
284,1,28.1314,2.55
284,1.1,28.1589,2.55
284,1.2,28.1917,2.55
284,1.3,28.2307,2.55
284,1.4,28.2767,2.5499
284,1.5,28.3309,2.5494
284,1.6,28.3943,2.546
284,1.7,28.4686,2.5304
284,1.8,28.5555,2.4768
284,1.9,28.6571,2.3389
284,2,28.7758,2.063
285,0,28.0328,2.55
285,0.1,28.0335,2.55
285,0.2,28.0358,2.55
285,0.3,28.0396,2.55
285,0.4,28.0453,2.55
285,0.5,28.0529,2.55
285,0.6,28.0627,2.55
285,0.7,28.0752,2.55
285,0.8,28.0906,2.55
285,0.9,28.1096,2.55
285,1,28.1326,2.55
285,1.1,28.1602,2.55
285,1.2,28.1933,2.55
285,1.3,28.2325,2.55
285,1.4,28.2787,2.5499
285,1.5,28.3331,2.5494
285,1.6,28.3969,2.546
285,1.7,28.4716,2.5302
285,1.8,28.5589,2.4764
285,1.9,28.6609,2.3382
285,2,28.7802,2.0623
286,0,28.0333,2.55
286,0.1,28.034,2.55
286,0.2,28.0363,2.55
286,0.3,28.0402,2.55
286,0.4,28.0459,2.55
286,0.5,28.0535,2.55
286,0.6,28.0635,2.55
286,0.7,28.076,2.55
286,0.8,28.0916,2.55
286,0.9,28.1107,2.55
286,1,28.1338,2.55
286,1.1,28.1616,2.55
286,1.2,28.1948,2.55
286,1.3,28.2342,2.55
286,1.4,28.2807,2.5499
286,1.5,28.3354,2.5494
286,1.6,28.3995,2.5459
286,1.7,28.4745,2.53
286,1.8,28.5622,2.476
286,1.9,28.6648,2.3375
286,2,28.7847,2.0615
287,0,28.0338,2.55
287,0.1,28.0345,2.55
287,0.2,28.0368,2.55
287,0.3,28.0408,2.55
287,0.4,28.0465,2.55
287,0.5,28.0542,2.55
287,0.6,28.0642,2.55
287,0.7,28.0769,2.55
287,0.8,28.0925,2.55
287,0.9,28.1117,2.55
287,1,28.135,2.55
287,1.1,28.163,2.55
287,1.2,28.1964,2.55
287,1.3,28.236,2.55
287,1.4,28.2827,2.5499
287,1.5,28.3376,2.5494
287,1.6,28.402,2.5459
287,1.7,28.4774,2.5298
287,1.8,28.5656,2.4755
287,1.9,28.6687,2.3368
287,2,28.7892,2.0607
288,0,28.0343,2.55
288,0.1,28.0351,2.55
288,0.2,28.0374,2.55
288,0.3,28.0413,2.55
288,0.4,28.0471,2.55
288,0.5,28.0549,2.55
288,0.6,28.065,2.55
288,0.7,28.0777,2.55
288,0.8,28.0935,2.55
288,0.9,28.1128,2.55
288,1,28.1362,2.55
288,1.1,28.1644,2.55
288,1.2,28.1979,2.55
288,1.3,28.2377,2.55
288,1.4,28.2847,2.5499
288,1.5,28.3399,2.5494
288,1.6,28.4046,2.5458
288,1.7,28.4804,2.5296
288,1.8,28.5691,2.4751
288,1.9,28.6726,2.3362
288,2,28.7937,2.06
289,0,28.0348,2.55
289,0.1,28.0356,2.55
289,0.2,28.0379,2.55
289,0.3,28.0419,2.55
289,0.4,28.0477,2.55
289,0.5,28.0556,2.55
289,0.6,28.0657,2.55
289,0.7,28.0786,2.55
289,0.8,28.0945,2.55
289,0.9,28.1139,2.55
289,1,28.1375,2.55
289,1.1,28.1658,2.55
289,1.2,28.1995,2.55
289,1.3,28.2395,2.55
289,1.4,28.2867,2.5499
289,1.5,28.3422,2.5493
289,1.6,28.4072,2.5457
289,1.7,28.4834,2.5294
289,1.8,28.5725,2.4747
289,1.9,28.6766,2.3355
289,2,28.7982,2.0592
290,0,28.0353,2.55
290,0.1,28.0361,2.55
290,0.2,28.0385,2.55
290,0.3,28.0425,2.55
290,0.4,28.0484,2.55
290,0.5,28.0563,2.55
290,0.6,28.0665,2.55
290,0.7,28.0794,2.55
290,0.8,28.0954,2.55
290,0.9,28.115,2.55
290,1,28.1387,2.55
290,1.1,28.1672,2.55
290,1.2,28.2011,2.55
290,1.3,28.2413,2.55
290,1.4,28.2887,2.5499
290,1.5,28.3445,2.5493
290,1.6,28.4099,2.5457
290,1.7,28.4864,2.5293
290,1.8,28.5759,2.4743
290,1.9,28.6805,2.3348
290,2,28.8027,2.0585
291,0,28.0359,2.55
291,0.1,28.0366,2.55
291,0.2,28.039,2.55
291,0.3,28.0431,2.55
291,0.4,28.049,2.55
291,0.5,28.057,2.55
291,0.6,28.0673,2.55
291,0.7,28.0803,2.55
291,0.8,28.0964,2.55
291,0.9,28.1161,2.55
291,1,28.14,2.55
291,1.1,28.1686,2.55
291,1.2,28.2027,2.55
291,1.3,28.2431,2.55
291,1.4,28.2907,2.5499
291,1.5,28.3468,2.5493
291,1.6,28.4125,2.5456
291,1.7,28.4894,2.5291
291,1.8,28.5794,2.4738
291,1.9,28.6845,2.3341
291,2,28.8072,2.0577
292,0,28.0364,2.55
292,0.1,28.0372,2.55
292,0.2,28.0396,2.55
292,0.3,28.0437,2.55
292,0.4,28.0496,2.55
292,0.5,28.0577,2.55
292,0.6,28.0681,2.55
292,0.7,28.0812,2.55
292,0.8,28.0974,2.55
292,0.9,28.1172,2.55
292,1,28.1412,2.55
292,1.1,28.17,2.55
292,1.2,28.2043,2.55
292,1.3,28.2449,2.55
292,1.4,28.2928,2.5499
292,1.5,28.3491,2.5493
292,1.6,28.4151,2.5456
292,1.7,28.4925,2.5289
292,1.8,28.5829,2.4734
292,1.9,28.6885,2.3334
292,2,28.8118,2.057
293,0,28.0369,2.55
293,0.1,28.0377,2.55
293,0.2,28.0401,2.55
293,0.3,28.0443,2.55
293,0.4,28.0503,2.55
293,0.5,28.0584,2.55
293,0.6,28.0689,2.55
293,0.7,28.0821,2.55
293,0.8,28.0984,2.55
293,0.9,28.1183,2.55
293,1,28.1425,2.55
293,1.1,28.1714,2.55
293,1.2,28.2058,2.55
293,1.3,28.2467,2.55
293,1.4,28.2948,2.5499
293,1.5,28.3514,2.5493
293,1.6,28.4178,2.5455
293,1.7,28.4955,2.5287
293,1.8,28.5863,2.473
293,1.9,28.6925,2.3328
293,2,28.8164,2.0562
294,0,28.0375,2.55
294,0.1,28.0383,2.55
294,0.2,28.0407,2.55
294,0.3,28.0449,2.55
294,0.4,28.0509,2.55
294,0.5,28.0591,2.55
294,0.6,28.0697,2.55
294,0.7,28.0829,2.55
294,0.8,28.0994,2.55
294,0.9,28.1195,2.55
294,1,28.1437,2.55
294,1.1,28.1728,2.55
294,1.2,28.2075,2.55
294,1.3,28.2485,2.55
294,1.4,28.2969,2.5499
294,1.5,28.3538,2.5493
294,1.6,28.4205,2.5454
294,1.7,28.4986,2.5285
294,1.8,28.5899,2.4725
294,1.9,28.6965,2.3321
294,2,28.821,2.0555
295,0,28.038,2.55
295,0.1,28.0388,2.55
295,0.2,28.0413,2.55
295,0.3,28.0455,2.55
295,0.4,28.0516,2.55
295,0.5,28.0598,2.55
295,0.6,28.0705,2.55
295,0.7,28.0838,2.55
295,0.8,28.1004,2.55
295,0.9,28.1206,2.55
295,1,28.145,2.55
295,1.1,28.1742,2.55
295,1.2,28.2091,2.55
295,1.3,28.2503,2.55
295,1.4,28.299,2.5499
295,1.5,28.3561,2.5493
295,1.6,28.4232,2.5454
295,1.7,28.5016,2.5283
295,1.8,28.5934,2.4721
295,1.9,28.7005,2.3314
295,2,28.8256,2.0547
296,0,28.0386,2.55
296,0.1,28.0394,2.55
296,0.2,28.0419,2.55
296,0.3,28.0461,2.55
296,0.4,28.0523,2.55
296,0.5,28.0605,2.55
296,0.6,28.0713,2.55
296,0.7,28.0847,2.55
296,0.8,28.1014,2.55
296,0.9,28.1217,2.55
296,1,28.1463,2.55
296,1.1,28.1757,2.55
296,1.2,28.2107,2.55
296,1.3,28.2521,2.55
296,1.4,28.301,2.5499
296,1.5,28.3585,2.5492
296,1.6,28.4259,2.5453
296,1.7,28.5047,2.5281
296,1.8,28.5969,2.4717
296,1.9,28.7046,2.3307
296,2,28.8302,2.054
297,0,28.0391,2.55
297,0.1,28.0399,2.55
297,0.2,28.0424,2.55
297,0.3,28.0467,2.55
297,0.4,28.0529,2.55
297,0.5,28.0613,2.55
297,0.6,28.0721,2.55
297,0.7,28.0856,2.55
297,0.8,28.1024,2.55
297,0.9,28.1228,2.55
297,1,28.1475,2.55
297,1.1,28.1771,2.55
297,1.2,28.2123,2.55
297,1.3,28.254,2.55
297,1.4,28.3031,2.5499
297,1.5,28.3609,2.5492
297,1.6,28.4286,2.5453
297,1.7,28.5078,2.5279
297,1.8,28.6005,2.4713
297,1.9,28.7087,2.3301
297,2,28.8348,2.0533
298,0,28.0397,2.55
298,0.1,28.0405,2.55
298,0.2,28.043,2.55
298,0.3,28.0473,2.55
298,0.4,28.0536,2.55
298,0.5,28.062,2.55
298,0.6,28.0729,2.55
298,0.7,28.0865,2.55
298,0.8,28.1034,2.55
298,0.9,28.124,2.55
298,1,28.1488,2.55
298,1.1,28.1786,2.55
298,1.2,28.2139,2.55
298,1.3,28.2558,2.55
298,1.4,28.3052,2.5499
298,1.5,28.3633,2.5492
298,1.6,28.4313,2.5452
298,1.7,28.5109,2.5277
298,1.8,28.604,2.4708
298,1.9,28.7127,2.3294
298,2,28.8395,2.0525
299,0,28.0402,2.55
299,0.1,28.0411,2.55
299,0.2,28.0436,2.55
299,0.3,28.048,2.55
299,0.4,28.0543,2.55
299,0.5,28.0627,2.55
299,0.6,28.0737,2.55
299,0.7,28.0874,2.55
299,0.8,28.1044,2.55
299,0.9,28.1251,2.55
299,1,28.1501,2.55
299,1.1,28.18,2.55
299,1.2,28.2156,2.55
299,1.3,28.2577,2.55
299,1.4,28.3073,2.5499
299,1.5,28.3657,2.5492
299,1.6,28.434,2.5451
299,1.7,28.5141,2.5275
299,1.8,28.6076,2.4704
299,1.9,28.7168,2.3287
299,2,28.8441,2.0518
300,0,28.0408,2.55
300,0.1,28.0416,2.55
300,0.2,28.0442,2.55
300,0.3,28.0486,2.55
300,0.4,28.0549,2.55
300,0.5,28.0635,2.55
300,0.6,28.0745,2.55
300,0.7,28.0884,2.55
300,0.8,28.1055,2.55
300,0.9,28.1263,2.55
300,1,28.1514,2.55
300,1.1,28.1815,2.55
300,1.2,28.2172,2.55
300,1.3,28.2596,2.55
300,1.4,28.3094,2.5499
300,1.5,28.3681,2.5492
300,1.6,28.4368,2.5451
300,1.7,28.5172,2.5273
300,1.8,28.6112,2.47
300,1.9,28.7209,2.328
300,2,28.8488,2.051
301,0,28.0414,2.55
301,0.1,28.0422,2.55
301,0.2,28.0448,2.55
301,0.3,28.0492,2.55
301,0.4,28.0556,2.55
301,0.5,28.0642,2.55
301,0.6,28.0753,2.55
301,0.7,28.0893,2.55
301,0.8,28.1065,2.55
301,0.9,28.1274,2.55
301,1,28.1527,2.55
301,1.1,28.1829,2.55
301,1.2,28.2189,2.55
301,1.3,28.2614,2.55
301,1.4,28.3116,2.5499
301,1.5,28.3705,2.5492
301,1.6,28.4395,2.545
301,1.7,28.5204,2.5271
301,1.8,28.6148,2.4695
301,1.9,28.7251,2.3274
301,2,28.8534,2.0503
302,0,28.0419,2.55
302,0.1,28.0428,2.55
302,0.2,28.0454,2.55
302,0.3,28.0499,2.55
302,0.4,28.0563,2.55
302,0.5,28.065,2.55
302,0.6,28.0762,2.55
302,0.7,28.0902,2.55
302,0.8,28.1075,2.55
302,0.9,28.1286,2.55
302,1,28.154,2.55
302,1.1,28.1844,2.55
302,1.2,28.2206,2.55
302,1.3,28.2633,2.55
302,1.4,28.3137,2.5499
302,1.5,28.3729,2.5492
302,1.6,28.4423,2.5449
302,1.7,28.5235,2.5269
302,1.8,28.6184,2.4691
302,1.9,28.7292,2.3267
302,2,28.8579,2.0496
303,0,28.0425,2.55
303,0.1,28.0434,2.55
303,0.2,28.046,2.55
303,0.3,28.0505,2.55
303,0.4,28.057,2.55
303,0.5,28.0658,2.55
303,0.6,28.077,2.55
303,0.7,28.0911,2.55
303,0.8,28.1086,2.55
303,0.9,28.1298,2.55
303,1,28.1553,2.55
303,1.1,28.1859,2.55
303,1.2,28.2222,2.55
303,1.3,28.2652,2.55
303,1.4,28.3159,2.5499
303,1.5,28.3754,2.5491
303,1.6,28.4451,2.5449
303,1.7,28.5267,2.5267
303,1.8,28.6221,2.4687
303,1.9,28.7333,2.326
303,2,28.8623,2.0488
304,0,28.0431,2.55
304,0.1,28.044,2.55
304,0.2,28.0466,2.55
304,0.3,28.0512,2.55
304,0.4,28.0577,2.55
304,0.5,28.0665,2.55
304,0.6,28.0779,2.55
304,0.7,28.0921,2.55
304,0.8,28.1096,2.55
304,0.9,28.1309,2.55
304,1,28.1566,2.55
304,1.1,28.1874,2.55
304,1.2,28.2239,2.55
304,1.3,28.2671,2.55
304,1.4,28.318,2.5499
304,1.5,28.3778,2.5491
304,1.6,28.4479,2.5448
304,1.7,28.5299,2.5266
304,1.8,28.6257,2.4683
304,1.9,28.7374,2.3254
304,2,28.8667,2.0481
305,0,28.0437,2.55
305,0.1,28.0446,2.55
305,0.2,28.0473,2.55
305,0.3,28.0518,2.55
305,0.4,28.0584,2.55
305,0.5,28.0673,2.55
305,0.6,28.0787,2.55
305,0.7,28.093,2.55
305,0.8,28.1107,2.55
305,0.9,28.1321,2.55
305,1,28.158,2.55
305,1.1,28.1889,2.55
305,1.2,28.2256,2.55
305,1.3,28.269,2.55
305,1.4,28.3202,2.5499
305,1.5,28.3803,2.5491
305,1.6,28.4507,2.5447
305,1.7,28.5331,2.5264
305,1.8,28.6294,2.4678
305,1.9,28.7414,2.3247
305,2,28.8711,2.0474
306,0,28.0443,2.55
306,0.1,28.0452,2.55
306,0.2,28.0479,2.55
306,0.3,28.0525,2.55
306,0.4,28.0591,2.55
306,0.5,28.0681,2.55
306,0.6,28.0795,2.55
306,0.7,28.094,2.55
306,0.8,28.1117,2.55
306,0.9,28.1333,2.55
306,1,28.1593,2.55
306,1.1,28.1904,2.55
306,1.2,28.2273,2.55
306,1.3,28.2709,2.55
306,1.4,28.3224,2.5499
306,1.5,28.3828,2.5491
306,1.6,28.4536,2.5447
306,1.7,28.5364,2.5262
306,1.8,28.633,2.4674
306,1.9,28.7455,2.324
306,2,28.8755,2.0467
307,0,28.0449,2.55
307,0.1,28.0458,2.55
307,0.2,28.0485,2.55
307,0.3,28.0531,2.55
307,0.4,28.0598,2.55
307,0.5,28.0688,2.55
307,0.6,28.0804,2.55
307,0.7,28.0949,2.55
307,0.8,28.1128,2.55
307,0.9,28.1345,2.55
307,1,28.1606,2.55
307,1.1,28.1919,2.55
307,1.2,28.229,2.55
307,1.3,28.2729,2.55
307,1.4,28.3246,2.5499
307,1.5,28.3853,2.5491
307,1.6,28.4564,2.5446
307,1.7,28.5396,2.526
307,1.8,28.6367,2.467
307,1.9,28.7495,2.3234
307,2,28.8798,2.0459
308,0,28.0455,2.55
308,0.1,28.0464,2.55
308,0.2,28.0491,2.55
308,0.3,28.0538,2.55
308,0.4,28.0606,2.55
308,0.5,28.0696,2.55
308,0.6,28.0813,2.55
308,0.7,28.0959,2.55
308,0.8,28.1138,2.55
308,0.9,28.1357,2.55
308,1,28.162,2.55
308,1.1,28.1934,2.55
308,1.2,28.2307,2.55
308,1.3,28.2748,2.55
308,1.4,28.3268,2.5499
308,1.5,28.3878,2.5491
308,1.6,28.4592,2.5446
308,1.7,28.5428,2.5258
308,1.8,28.6403,2.4665
308,1.9,28.7535,2.3227
308,2,28.8841,2.0452
309,0,28.0461,2.55
309,0.1,28.047,2.55
309,0.2,28.0498,2.55
309,0.3,28.0545,2.55
309,0.4,28.0613,2.55
309,0.5,28.0704,2.55
309,0.6,28.0821,2.55
309,0.7,28.0968,2.55
309,0.8,28.1149,2.55
309,0.9,28.1369,2.55
309,1,28.1633,2.55
309,1.1,28.1949,2.55
309,1.2,28.2324,2.55
309,1.3,28.2768,2.55
309,1.4,28.329,2.5499
309,1.5,28.3903,2.5491
309,1.6,28.4621,2.5445
309,1.7,28.5461,2.5256
309,1.8,28.644,2.4661
309,1.9,28.7575,2.322
309,2,28.8884,2.0445
310,0,28.0467,2.55
310,0.1,28.0476,2.55
310,0.2,28.0504,2.55
310,0.3,28.0552,2.55
310,0.4,28.062,2.55
310,0.5,28.0712,2.55
310,0.6,28.083,2.55
310,0.7,28.0978,2.55
310,0.8,28.116,2.55
310,0.9,28.1381,2.55
310,1,28.1647,2.55
310,1.1,28.1964,2.55
310,1.2,28.2342,2.55
310,1.3,28.2787,2.55
310,1.4,28.3312,2.5499
310,1.5,28.3928,2.549
310,1.6,28.465,2.5444
310,1.7,28.5493,2.5254
310,1.8,28.6476,2.4657
310,1.9,28.7615,2.3214
310,2,28.8927,2.0438
311,0,28.0473,2.55
311,0.1,28.0483,2.55
311,0.2,28.0511,2.55
311,0.3,28.0558,2.55
311,0.4,28.0627,2.55
311,0.5,28.072,2.55
311,0.6,28.0839,2.55
311,0.7,28.0988,2.55
311,0.8,28.1171,2.55
311,0.9,28.1393,2.55
311,1,28.1661,2.55
311,1.1,28.198,2.55
311,1.2,28.2359,2.55
311,1.3,28.2807,2.55
311,1.4,28.3334,2.5499
311,1.5,28.3953,2.549
311,1.6,28.4679,2.5444
311,1.7,28.5526,2.5252
311,1.8,28.6512,2.4653
311,1.9,28.7655,2.3207
311,2,28.8969,2.043
312,0,28.048,2.55
312,0.1,28.0489,2.55
312,0.2,28.0517,2.55
312,0.3,28.0565,2.55
312,0.4,28.0635,2.55
312,0.5,28.0728,2.55
312,0.6,28.0848,2.55
312,0.7,28.0998,2.55
312,0.8,28.1182,2.55
312,0.9,28.1405,2.55
312,1,28.1674,2.55
312,1.1,28.1995,2.55
312,1.2,28.2376,2.55
312,1.3,28.2827,2.55
312,1.4,28.3357,2.5499
312,1.5,28.3979,2.549
312,1.6,28.4707,2.5443
312,1.7,28.5558,2.525
312,1.8,28.6549,2.4648
312,1.9,28.7695,2.32
312,2,28.9012,2.0423
313,0,28.0486,2.55
313,0.1,28.0495,2.55
313,0.2,28.0524,2.55
313,0.3,28.0572,2.55
313,0.4,28.0642,2.55
313,0.5,28.0736,2.55
313,0.6,28.0857,2.55
313,0.7,28.1007,2.55
313,0.8,28.1193,2.55
313,0.9,28.1418,2.55
313,1,28.1688,2.55
313,1.1,28.2011,2.55
313,1.2,28.2394,2.55
313,1.3,28.2846,2.55
313,1.4,28.3379,2.5499
313,1.5,28.4004,2.549
313,1.6,28.4736,2.5442
313,1.7,28.5591,2.5248
313,1.8,28.6585,2.4644
313,1.9,28.7735,2.3194
313,2,28.9054,2.0416
314,0,28.0492,2.55
314,0.1,28.0502,2.55
314,0.2,28.053,2.55
314,0.3,28.0579,2.55
314,0.4,28.065,2.55
314,0.5,28.0744,2.55
314,0.6,28.0865,2.55
314,0.7,28.1017,2.55
314,0.8,28.1204,2.55
314,0.9,28.143,2.55
314,1,28.1702,2.55
314,1.1,28.2026,2.55
314,1.2,28.2411,2.55
314,1.3,28.2866,2.55
314,1.4,28.3402,2.5499
314,1.5,28.403,2.549
314,1.6,28.4766,2.5441
314,1.7,28.5624,2.5246
314,1.8,28.6621,2.464
314,1.9,28.7775,2.3187
314,2,28.9097,2.0409
315,0,28.0499,2.55
315,0.1,28.0508,2.55
315,0.2,28.0537,2.55
315,0.3,28.0586,2.55
315,0.4,28.0657,2.55
315,0.5,28.0752,2.55
315,0.6,28.0874,2.55
315,0.7,28.1027,2.55
315,0.8,28.1215,2.55
315,0.9,28.1442,2.55
315,1,28.1716,2.55
315,1.1,28.2042,2.55
315,1.2,28.2429,2.55
315,1.3,28.2886,2.55
315,1.4,28.3424,2.5499
315,1.5,28.4056,2.5489
315,1.6,28.4795,2.5441
315,1.7,28.5657,2.5243
315,1.8,28.6658,2.4635
315,1.9,28.7814,2.3181
315,2,28.9139,2.0402
316,0,28.0505,2.55
316,0.1,28.0515,2.55
316,0.2,28.0544,2.55
316,0.3,28.0593,2.55
316,0.4,28.0665,2.55
316,0.5,28.0761,2.55
316,0.6,28.0883,2.55
316,0.7,28.1037,2.55
316,0.8,28.1226,2.55
316,0.9,28.1455,2.55
316,1,28.173,2.55
316,1.1,28.2058,2.55
316,1.2,28.2447,2.55
316,1.3,28.2907,2.55
316,1.4,28.3447,2.5499
316,1.5,28.4082,2.5489
316,1.6,28.4824,2.544
316,1.7,28.5689,2.5241
316,1.8,28.6694,2.4631
316,1.9,28.7854,2.3174
316,2,28.9181,2.0395
317,0,28.0512,2.55
317,0.1,28.0521,2.55
317,0.2,28.0551,2.55
317,0.3,28.06,2.55
317,0.4,28.0672,2.55
317,0.5,28.0769,2.55
317,0.6,28.0893,2.55
317,0.7,28.1047,2.55
317,0.8,28.1237,2.55
317,0.9,28.1467,2.55
317,1,28.1744,2.55
317,1.1,28.2074,2.55
317,1.2,28.2465,2.55
317,1.3,28.2927,2.55
317,1.4,28.347,2.5499
317,1.5,28.4108,2.5489
317,1.6,28.4853,2.5439
317,1.7,28.5722,2.5239
317,1.8,28.673,2.4627
317,1.9,28.7893,2.3168
317,2,28.9223,2.0388
318,0,28.0518,2.55
318,0.1,28.0528,2.55
318,0.2,28.0557,2.55
318,0.3,28.0608,2.55
318,0.4,28.068,2.55
318,0.5,28.0777,2.55
318,0.6,28.0902,2.55
318,0.7,28.1057,2.55
318,0.8,28.1248,2.55
318,0.9,28.148,2.55
318,1,28.1758,2.55
318,1.1,28.209,2.55
318,1.2,28.2483,2.55
318,1.3,28.2947,2.55
318,1.4,28.3493,2.5498
318,1.5,28.4134,2.5489
318,1.6,28.4883,2.5439
318,1.7,28.5755,2.5237
318,1.8,28.6767,2.4622
318,1.9,28.7932,2.3161
318,2,28.9265,2.038
319,0,28.0525,2.55
319,0.1,28.0535,2.55
319,0.2,28.0564,2.55
319,0.3,28.0615,2.55
319,0.4,28.0688,2.55
319,0.5,28.0786,2.55
319,0.6,28.0911,2.55
319,0.7,28.1067,2.55
319,0.8,28.126,2.55
319,0.9,28.1492,2.55
319,1,28.1772,2.55
319,1.1,28.2106,2.55
319,1.2,28.2501,2.55
319,1.3,28.2967,2.55
319,1.4,28.3516,2.5498
319,1.5,28.416,2.5489
319,1.6,28.4912,2.5438
319,1.7,28.5788,2.5235
319,1.8,28.6803,2.4618
319,1.9,28.7972,2.3155
319,2,28.9307,2.0373
320,0,28.0531,2.55
320,0.1,28.0541,2.55
320,0.2,28.0571,2.55
320,0.3,28.0622,2.55
320,0.4,28.0696,2.55
320,0.5,28.0794,2.55
320,0.6,28.092,2.55
320,0.7,28.1078,2.55
320,0.8,28.1271,2.55
320,0.9,28.1505,2.55
320,1,28.1786,2.55
320,1.1,28.2122,2.55
320,1.2,28.2519,2.55
320,1.3,28.2988,2.55
320,1.4,28.3539,2.5498
320,1.5,28.4186,2.5489
320,1.6,28.4941,2.5437
320,1.7,28.5821,2.5233
320,1.8,28.6839,2.4614
320,1.9,28.8011,2.3148
320,2,28.9349,2.0366
321,0,28.0538,2.55
321,0.1,28.0548,2.55
321,0.2,28.0578,2.55
321,0.3,28.0629,2.55
321,0.4,28.0703,2.55
321,0.5,28.0802,2.55
321,0.6,28.0929,2.55
321,0.7,28.1088,2.55
321,0.8,28.1282,2.55
321,0.9,28.1518,2.55
321,1,28.1801,2.55
321,1.1,28.2138,2.55
321,1.2,28.2537,2.55
321,1.3,28.3008,2.55
321,1.4,28.3563,2.5498
321,1.5,28.4212,2.5488
321,1.6,28.4971,2.5436
321,1.7,28.5854,2.5231
321,1.8,28.6875,2.461
321,1.9,28.805,2.3141
321,2,28.9391,2.0359
322,0,28.0545,2.55
322,0.1,28.0555,2.55
322,0.2,28.0585,2.55
322,0.3,28.0637,2.55
322,0.4,28.0711,2.55
322,0.5,28.0811,2.55
322,0.6,28.0939,2.55
322,0.7,28.1098,2.55
322,0.8,28.1294,2.55
322,0.9,28.1531,2.55
322,1,28.1815,2.55
322,1.1,28.2154,2.55
322,1.2,28.2555,2.55
322,1.3,28.3029,2.55
322,1.4,28.3586,2.5498
322,1.5,28.4239,2.5488
322,1.6,28.5001,2.5436
322,1.7,28.5887,2.5229
322,1.8,28.6911,2.4605
322,1.9,28.8089,2.3135
322,2,28.9433,2.0352
323,0,28.0552,2.55
323,0.1,28.0562,2.55
323,0.2,28.0592,2.55
323,0.3,28.0644,2.55
323,0.4,28.0719,2.55
323,0.5,28.082,2.55
323,0.6,28.0948,2.55
323,0.7,28.1109,2.55
323,0.8,28.1305,2.55
323,0.9,28.1544,2.55
323,1,28.183,2.55
323,1.1,28.217,2.55
323,1.2,28.2574,2.55
323,1.3,28.305,2.55
323,1.4,28.3609,2.5498
323,1.5,28.4265,2.5488
323,1.6,28.503,2.5435
323,1.7,28.592,2.5227
323,1.8,28.6948,2.4601
323,1.9,28.8129,2.3128
323,2,28.9475,2.0345
324,0,28.0558,2.55
324,0.1,28.0568,2.55
324,0.2,28.0599,2.55
324,0.3,28.0652,2.55
324,0.4,28.0727,2.55
324,0.5,28.0828,2.55
324,0.6,28.0958,2.55
324,0.7,28.1119,2.55
324,0.8,28.1317,2.55
324,0.9,28.1557,2.55
324,1,28.1844,2.55
324,1.1,28.2186,2.55
324,1.2,28.2592,2.55
324,1.3,28.3071,2.55
324,1.4,28.3633,2.5498
324,1.5,28.4292,2.5488
324,1.6,28.506,2.5434
324,1.7,28.5952,2.5225
324,1.8,28.6984,2.4597
324,1.9,28.8168,2.3122
324,2,28.9516,2.0338
325,0,28.0565,2.55
325,0.1,28.0575,2.55
325,0.2,28.0606,2.55
325,0.3,28.0659,2.55
325,0.4,28.0735,2.55
325,0.5,28.0837,2.55
325,0.6,28.0967,2.55
325,0.7,28.113,2.55
325,0.8,28.1329,2.55
325,0.9,28.157,2.55
325,1,28.1859,2.55
325,1.1,28.2203,2.55
325,1.2,28.2611,2.55
325,1.3,28.3092,2.55
325,1.4,28.3657,2.5498
325,1.5,28.4318,2.5488
325,1.6,28.509,2.5434
325,1.7,28.5985,2.5223
325,1.8,28.702,2.4592
325,1.9,28.8207,2.3116
325,2,28.9558,2.0331
326,0,28.0572,2.55
326,0.1,28.0582,2.55
326,0.2,28.0614,2.55
326,0.3,28.0667,2.55
326,0.4,28.0743,2.55
326,0.5,28.0846,2.55
326,0.6,28.0977,2.55
326,0.7,28.114,2.55
326,0.8,28.134,2.55
326,0.9,28.1583,2.55
326,1,28.1873,2.55
326,1.1,28.2219,2.55
326,1.2,28.2629,2.55
326,1.3,28.3113,2.55
326,1.4,28.368,2.5498
326,1.5,28.4345,2.5487
326,1.6,28.5119,2.5433
326,1.7,28.6018,2.5221
326,1.8,28.7056,2.4588
326,1.9,28.8246,2.3109
326,2,28.96,2.0324
327,0,28.0579,2.55
327,0.1,28.0589,2.55
327,0.2,28.0621,2.55
327,0.3,28.0674,2.55
327,0.4,28.0751,2.55
327,0.5,28.0854,2.55
327,0.6,28.0986,2.55
327,0.7,28.1151,2.55
327,0.8,28.1352,2.55
327,0.9,28.1596,2.55
327,1,28.1888,2.55
327,1.1,28.2236,2.55
327,1.2,28.2648,2.55
327,1.3,28.3134,2.55
327,1.4,28.3704,2.5498
327,1.5,28.4371,2.5487
327,1.6,28.5149,2.5432
327,1.7,28.6051,2.5219
327,1.8,28.7092,2.4584
327,1.9,28.8285,2.3103
327,2,28.9641,2.0317
328,0,28.0586,2.55
328,0.1,28.0597,2.55
328,0.2,28.0628,2.55
328,0.3,28.0682,2.55
328,0.4,28.076,2.55
328,0.5,28.0863,2.55
328,0.6,28.0996,2.55
328,0.7,28.1161,2.55
328,0.8,28.1364,2.55
328,0.9,28.1609,2.55
328,1,28.1903,2.55
328,1.1,28.2253,2.55
328,1.2,28.2667,2.55
328,1.3,28.3155,2.55
328,1.4,28.3728,2.5498
328,1.5,28.4398,2.5487
328,1.6,28.5179,2.5431
328,1.7,28.6085,2.5217
328,1.8,28.7128,2.4579
328,1.9,28.8324,2.3096
328,2,28.9683,2.031
329,0,28.0593,2.55
329,0.1,28.0604,2.55
329,0.2,28.0636,2.55
329,0.3,28.069,2.55
329,0.4,28.0768,2.55
329,0.5,28.0872,2.55
329,0.6,28.1006,2.55
329,0.7,28.1172,2.55
329,0.8,28.1376,2.55
329,0.9,28.1622,2.55
329,1,28.1918,2.55
329,1.1,28.2269,2.55
329,1.2,28.2686,2.55
329,1.3,28.3176,2.55
329,1.4,28.3752,2.5498
329,1.5,28.4425,2.5487
329,1.6,28.5209,2.5431
329,1.7,28.6118,2.5215
329,1.8,28.7164,2.4575
329,1.9,28.8363,2.309
329,2,28.9724,2.0303
330,0,28.06,2.55
330,0.1,28.0611,2.55
330,0.2,28.0643,2.55
330,0.3,28.0697,2.55
330,0.4,28.0776,2.55
330,0.5,28.0881,2.55
330,0.6,28.1015,2.55
330,0.7,28.1183,2.55
330,0.8,28.1388,2.55
330,0.9,28.1636,2.55
330,1,28.1933,2.55
330,1.1,28.2286,2.55
330,1.2,28.2704,2.55
330,1.3,28.3197,2.55
330,1.4,28.3776,2.5498
330,1.5,28.4452,2.5487
330,1.6,28.5239,2.543
330,1.7,28.6151,2.5212
330,1.8,28.7201,2.4571
330,1.9,28.8402,2.3083
330,2,28.9766,2.0296
331,0,28.0607,2.55
331,0.1,28.0618,2.55
331,0.2,28.065,2.55
331,0.3,28.0705,2.55
331,0.4,28.0784,2.55
331,0.5,28.089,2.55
331,0.6,28.1025,2.55
331,0.7,28.1194,2.55
331,0.8,28.14,2.55
331,0.9,28.1649,2.55
331,1,28.1948,2.55
331,1.1,28.2303,2.55
331,1.2,28.2723,2.55
331,1.3,28.3219,2.55
331,1.4,28.38,2.5498
331,1.5,28.4479,2.5486
331,1.6,28.5269,2.5429
331,1.7,28.6184,2.521
331,1.8,28.7237,2.4567
331,1.9,28.8441,2.3077
331,2,28.9807,2.0289
332,0,28.0615,2.55
332,0.1,28.0625,2.55
332,0.2,28.0658,2.55
332,0.3,28.0713,2.55
332,0.4,28.0793,2.55
332,0.5,28.0899,2.55
332,0.6,28.1035,2.55
332,0.7,28.1205,2.55
332,0.8,28.1412,2.55
332,0.9,28.1663,2.55
332,1,28.1963,2.55
332,1.1,28.232,2.55
332,1.2,28.2743,2.55
332,1.3,28.324,2.55
332,1.4,28.3824,2.5498
332,1.5,28.4506,2.5486
332,1.6,28.5299,2.5428
332,1.7,28.6217,2.5208
332,1.8,28.7273,2.4562
332,1.9,28.848,2.307
332,2,28.9849,2.0282
333,0,28.0622,2.55
333,0.1,28.0633,2.55
333,0.2,28.0665,2.55
333,0.3,28.0721,2.55
333,0.4,28.0801,2.55
333,0.5,28.0908,2.55
333,0.6,28.1045,2.55
333,0.7,28.1216,2.55
333,0.8,28.1424,2.55
333,0.9,28.1676,2.55
333,1,28.1978,2.55
333,1.1,28.2337,2.55
333,1.2,28.2762,2.55
333,1.3,28.3262,2.55
333,1.4,28.3848,2.5498
333,1.5,28.4533,2.5486
333,1.6,28.5329,2.5428
333,1.7,28.625,2.5206
333,1.8,28.7309,2.4558
333,1.9,28.8518,2.3064
333,2,28.989,2.0276
334,0,28.0629,2.55
334,0.1,28.064,2.55
334,0.2,28.0673,2.55
334,0.3,28.0729,2.55
334,0.4,28.081,2.55
334,0.5,28.0917,2.55
334,0.6,28.1055,2.55
334,0.7,28.1227,2.55
334,0.8,28.1436,2.55
334,0.9,28.169,2.55
334,1,28.1993,2.55
334,1.1,28.2354,2.55
334,1.2,28.2781,2.55
334,1.3,28.3283,2.55
334,1.4,28.3872,2.5498
334,1.5,28.456,2.5486
334,1.6,28.5359,2.5427
334,1.7,28.6283,2.5204
334,1.8,28.7345,2.4554
334,1.9,28.8557,2.3058
334,2,28.9932,2.0269
335,0,28.0637,2.55
335,0.1,28.0647,2.55
335,0.2,28.0681,2.55
335,0.3,28.0737,2.55
335,0.4,28.0818,2.55
335,0.5,28.0927,2.55
335,0.6,28.1065,2.55
335,0.7,28.1238,2.55
335,0.8,28.1449,2.55
335,0.9,28.1703,2.55
335,1,28.2009,2.55
335,1.1,28.2371,2.55
335,1.2,28.28,2.55
335,1.3,28.3305,2.55
335,1.4,28.3897,2.5498
335,1.5,28.4587,2.5486
335,1.6,28.5389,2.5426
335,1.7,28.6316,2.5202
335,1.8,28.7381,2.4549
335,1.9,28.8596,2.3051
335,2,28.9973,2.0262
336,0,28.0644,2.55
336,0.1,28.0655,2.55
336,0.2,28.0688,2.55
336,0.3,28.0745,2.55
336,0.4,28.0827,2.55
336,0.5,28.0936,2.55
336,0.6,28.1075,2.55
336,0.7,28.1249,2.55
336,0.8,28.1461,2.55
336,0.9,28.1717,2.55
336,1,28.2024,2.55
336,1.1,28.2389,2.55
336,1.2,28.282,2.55
336,1.3,28.3327,2.55
336,1.4,28.3921,2.5498
336,1.5,28.4615,2.5485
336,1.6,28.542,2.5425
336,1.7,28.6349,2.52
336,1.8,28.7417,2.4545
336,1.9,28.8635,2.3045
336,2,29.0015,2.0255
337,0,28.0651,2.55
337,0.1,28.0662,2.55
337,0.2,28.0696,2.55
337,0.3,28.0753,2.55
337,0.4,28.0835,2.55
337,0.5,28.0945,2.55
337,0.6,28.1085,2.55
337,0.7,28.126,2.55
337,0.8,28.1473,2.55
337,0.9,28.1731,2.55
337,1,28.2039,2.55
337,1.1,28.2406,2.55
337,1.2,28.2839,2.55
337,1.3,28.3349,2.55
337,1.4,28.3946,2.5498
337,1.5,28.4642,2.5485
337,1.6,28.545,2.5424
337,1.7,28.6383,2.5198
337,1.8,28.7453,2.4541
337,1.9,28.8674,2.3038
337,2,29.0056,2.0248
338,0,28.0659,2.55
338,0.1,28.067,2.55
338,0.2,28.0704,2.55
338,0.3,28.0761,2.55
338,0.4,28.0844,2.55
338,0.5,28.0955,2.55
338,0.6,28.1096,2.55
338,0.7,28.1271,2.55
338,0.8,28.1486,2.55
338,0.9,28.1745,2.55
338,1,28.2055,2.55
338,1.1,28.2423,2.55
338,1.2,28.2859,2.55
338,1.3,28.3371,2.55
338,1.4,28.397,2.5498
338,1.5,28.4669,2.5485
338,1.6,28.548,2.5424
338,1.7,28.6416,2.5195
338,1.8,28.7489,2.4536
338,1.9,28.8713,2.3032
338,2,29.0097,2.0241
339,0,28.0666,2.55
339,0.1,28.0678,2.55
339,0.2,28.0712,2.55
339,0.3,28.077,2.55
339,0.4,28.0853,2.55
339,0.5,28.0964,2.55
339,0.6,28.1106,2.55
339,0.7,28.1282,2.55
339,0.8,28.1498,2.55
339,0.9,28.1759,2.55
339,1,28.207,2.55
339,1.1,28.2441,2.55
339,1.2,28.2878,2.55
339,1.3,28.3393,2.55
339,1.4,28.3995,2.5498
339,1.5,28.4697,2.5485
339,1.6,28.551,2.5423
339,1.7,28.6449,2.5193
339,1.8,28.7525,2.4532
339,1.9,28.8751,2.3026
339,2,29.0139,2.0234
340,0,28.0674,2.55
340,0.1,28.0685,2.55
340,0.2,28.072,2.55
340,0.3,28.0778,2.55
340,0.4,28.0862,2.55
340,0.5,28.0973,2.55
340,0.6,28.1116,2.55
340,0.7,28.1294,2.55
340,0.8,28.1511,2.55
340,0.9,28.1773,2.55
340,1,28.2086,2.55
340,1.1,28.2458,2.55
340,1.2,28.2898,2.55
340,1.3,28.3415,2.55
340,1.4,28.402,2.5498
340,1.5,28.4724,2.5485
340,1.6,28.5541,2.5422
340,1.7,28.6482,2.5191
340,1.8,28.7561,2.4528
340,1.9,28.879,2.3019
340,2,29.018,2.0228
341,0,28.0682,2.55
341,0.1,28.0693,2.55
341,0.2,28.0728,2.55
341,0.3,28.0786,2.55
341,0.4,28.0871,2.55
341,0.5,28.0983,2.55
341,0.6,28.1127,2.55
341,0.7,28.1305,2.55
341,0.8,28.1523,2.55
341,0.9,28.1787,2.55
341,1,28.2102,2.55
341,1.1,28.2476,2.55
341,1.2,28.2918,2.55
341,1.3,28.3437,2.55
341,1.4,28.4044,2.5498
341,1.5,28.4752,2.5484
341,1.6,28.5571,2.5421
341,1.7,28.6516,2.5189
341,1.8,28.7598,2.4524
341,1.9,28.8829,2.3013
341,2,29.0221,2.0221
342,0,28.0689,2.55
342,0.1,28.0701,2.55
342,0.2,28.0736,2.55
342,0.3,28.0795,2.55
342,0.4,28.0879,2.55
342,0.5,28.0993,2.55
342,0.6,28.1137,2.55
342,0.7,28.1317,2.55
342,0.8,28.1536,2.55
342,0.9,28.1801,2.55
342,1,28.2118,2.55
342,1.1,28.2494,2.55
342,1.2,28.2938,2.55
342,1.3,28.3459,2.55
342,1.4,28.4069,2.5498
342,1.5,28.4779,2.5484
342,1.6,28.5601,2.542
342,1.7,28.6549,2.5187
342,1.8,28.7634,2.4519
342,1.9,28.8868,2.3007
342,2,29.0263,2.0214
343,0,28.0697,2.55
343,0.1,28.0709,2.55
343,0.2,28.0744,2.55
343,0.3,28.0803,2.55
343,0.4,28.0888,2.55
343,0.5,28.1002,2.55
343,0.6,28.1148,2.55
343,0.7,28.1328,2.55
343,0.8,28.1549,2.55
343,0.9,28.1815,2.55
343,1,28.2133,2.55
343,1.1,28.2511,2.55
343,1.2,28.2957,2.55
343,1.3,28.3481,2.55
343,1.4,28.4094,2.5497
343,1.5,28.4807,2.5484
343,1.6,28.5632,2.542
343,1.7,28.6582,2.5185
343,1.8,28.767,2.4515
343,1.9,28.8907,2.3
343,2,29.0304,2.0207
344,0,28.0705,2.55
344,0.1,28.0717,2.55
344,0.2,28.0752,2.55
344,0.3,28.0811,2.55
344,0.4,28.0897,2.55
344,0.5,28.1012,2.55
344,0.6,28.1158,2.55
344,0.7,28.134,2.55
344,0.8,28.1562,2.55
344,0.9,28.1829,2.55
344,1,28.2149,2.55
344,1.1,28.2529,2.55
344,1.2,28.2977,2.55
344,1.3,28.3504,2.55
344,1.4,28.4119,2.5497
344,1.5,28.4834,2.5484
344,1.6,28.5662,2.5419
344,1.7,28.6615,2.5182
344,1.8,28.7706,2.4511
344,1.9,28.8945,2.2994
344,2,29.0345,2.0201
345,0,28.0713,2.55
345,0.1,28.0724,2.55
345,0.2,28.076,2.55
345,0.3,28.082,2.55
345,0.4,28.0906,2.55
345,0.5,28.1022,2.55
345,0.6,28.1169,2.55
345,0.7,28.1351,2.55
345,0.8,28.1575,2.55
345,0.9,28.1844,2.55
345,1,28.2165,2.55
345,1.1,28.2547,2.55
345,1.2,28.2997,2.55
345,1.3,28.3526,2.55
345,1.4,28.4144,2.5497
345,1.5,28.4862,2.5483
345,1.6,28.5693,2.5418
345,1.7,28.6649,2.518
345,1.8,28.7742,2.4506
345,1.9,28.8984,2.2988
345,2,29.0386,2.0194
346,0,28.0721,2.55
346,0.1,28.0732,2.55
346,0.2,28.0768,2.55
346,0.3,28.0829,2.55
346,0.4,28.0916,2.55
346,0.5,28.1031,2.55
346,0.6,28.1179,2.55
346,0.7,28.1363,2.55
346,0.8,28.1588,2.55
346,0.9,28.1858,2.55
346,1,28.2181,2.55
346,1.1,28.2565,2.55
346,1.2,28.3018,2.55
346,1.3,28.3549,2.55
346,1.4,28.4169,2.5497
346,1.5,28.489,2.5483
346,1.6,28.5723,2.5417
346,1.7,28.6682,2.5178
346,1.8,28.7778,2.4502
346,1.9,28.9023,2.2982
346,2,29.0428,2.0187
347,0,28.0729,2.55
347,0.1,28.074,2.55
347,0.2,28.0776,2.55
347,0.3,28.0837,2.55
347,0.4,28.0925,2.55
347,0.5,28.1041,2.55
347,0.6,28.119,2.55
347,0.7,28.1375,2.55
347,0.8,28.1601,2.55
347,0.9,28.1873,2.55
347,1,28.2198,2.55
347,1.1,28.2583,2.55
347,1.2,28.3038,2.55
347,1.3,28.3571,2.55
347,1.4,28.4194,2.5497
347,1.5,28.4918,2.5483
347,1.6,28.5754,2.5416
347,1.7,28.6715,2.5176
347,1.8,28.7814,2.4498
347,1.9,28.9062,2.2975
347,2,29.0469,2.018
348,0,28.0737,2.55
348,0.1,28.0749,2.55
348,0.2,28.0785,2.55
348,0.3,28.0846,2.55
348,0.4,28.0934,2.55
348,0.5,28.1051,2.55
348,0.6,28.1201,2.55
348,0.7,28.1387,2.55
348,0.8,28.1614,2.55
348,0.9,28.1887,2.55
348,1,28.2214,2.55
348,1.1,28.2601,2.55
348,1.2,28.3058,2.55
348,1.3,28.3594,2.55
348,1.4,28.4219,2.5497
348,1.5,28.4945,2.5483
348,1.6,28.5785,2.5415
348,1.7,28.6749,2.5174
348,1.8,28.785,2.4493
348,1.9,28.9101,2.2969
348,2,29.051,2.0174
349,0,28.0745,2.55
349,0.1,28.0757,2.55
349,0.2,28.0793,2.55
349,0.3,28.0855,2.55
349,0.4,28.0943,2.55
349,0.5,28.1061,2.55
349,0.6,28.1212,2.55
349,0.7,28.1399,2.55
349,0.8,28.1627,2.55
349,0.9,28.1902,2.55
349,1,28.223,2.55
349,1.1,28.2619,2.55
349,1.2,28.3078,2.55
349,1.3,28.3616,2.55
349,1.4,28.4244,2.5497
349,1.5,28.4973,2.5482
349,1.6,28.5815,2.5415
349,1.7,28.6782,2.5171
349,1.8,28.7886,2.4489
349,1.9,28.9139,2.2963
349,2,29.0552,2.0167
350,0,28.0753,2.55
350,0.1,28.0765,2.55
350,0.2,28.0801,2.55
350,0.3,28.0863,2.55
350,0.4,28.0952,2.55
350,0.5,28.1071,2.55
350,0.6,28.1223,2.55
350,0.7,28.1411,2.55
350,0.8,28.164,2.55
350,0.9,28.1916,2.55
350,1,28.2246,2.55
350,1.1,28.2638,2.55
350,1.2,28.3099,2.55
350,1.3,28.3639,2.55
350,1.4,28.427,2.5497
350,1.5,28.5001,2.5482
350,1.6,28.5846,2.5414
350,1.7,28.6816,2.5169
350,1.8,28.7923,2.4485
350,1.9,28.9178,2.2956
350,2,29.0593,2.016
351,0,28.0761,2.55
351,0.1,28.0773,2.55
351,0.2,28.081,2.55
351,0.3,28.0872,2.55
351,0.4,28.0962,2.55
351,0.5,28.1081,2.55
351,0.6,28.1234,2.55
351,0.7,28.1423,2.55
351,0.8,28.1653,2.55
351,0.9,28.1931,2.55
351,1,28.2263,2.55
351,1.1,28.2656,2.55
351,1.2,28.3119,2.55
351,1.3,28.3662,2.55
351,1.4,28.4295,2.5497
351,1.5,28.5029,2.5482
351,1.6,28.5877,2.5413
351,1.7,28.6849,2.5167
351,1.8,28.7959,2.4481
351,1.9,28.9217,2.295
351,2,29.0634,2.0154
352,0,28.0769,2.55
352,0.1,28.0781,2.55
352,0.2,28.0818,2.55
352,0.3,28.0881,2.55
352,0.4,28.0971,2.55
352,0.5,28.1091,2.55
352,0.6,28.1245,2.55
352,0.7,28.1435,2.55
352,0.8,28.1667,2.55
352,0.9,28.1946,2.55
352,1,28.2279,2.55
352,1.1,28.2674,2.55
352,1.2,28.314,2.55
352,1.3,28.3685,2.55
352,1.4,28.432,2.5497
352,1.5,28.5057,2.5482
352,1.6,28.5907,2.5412
352,1.7,28.6883,2.5165
352,1.8,28.7995,2.4476
352,1.9,28.9256,2.2944
352,2,29.0676,2.0147
353,0,28.0777,2.55
353,0.1,28.079,2.55
353,0.2,28.0827,2.55
353,0.3,28.089,2.55
353,0.4,28.0981,2.55
353,0.5,28.1102,2.55
353,0.6,28.1256,2.55
353,0.7,28.1447,2.55
353,0.8,28.168,2.55
353,0.9,28.1961,2.55
353,1,28.2296,2.55
353,1.1,28.2693,2.55
353,1.2,28.316,2.55
353,1.3,28.3708,2.55
353,1.4,28.4346,2.5497
353,1.5,28.5085,2.5482
353,1.6,28.5938,2.5411
353,1.7,28.6916,2.5163
353,1.8,28.8031,2.4472
353,1.9,28.9294,2.2938
353,2,29.0717,2.014
354,0,28.0786,2.55
354,0.1,28.0798,2.55
354,0.2,28.0835,2.55
354,0.3,28.0899,2.55
354,0.4,28.099,2.55
354,0.5,28.1112,2.55
354,0.6,28.1267,2.55
354,0.7,28.1459,2.55
354,0.8,28.1694,2.55
354,0.9,28.1976,2.55
354,1,28.2313,2.55
354,1.1,28.2711,2.55
354,1.2,28.3181,2.55
354,1.3,28.3731,2.55
354,1.4,28.4371,2.5497
354,1.5,28.5113,2.5481
354,1.6,28.5969,2.541
354,1.7,28.695,2.516
354,1.8,28.8067,2.4468
354,1.9,28.9333,2.2932
354,2,29.0758,2.0134
355,0,28.0794,2.55
355,0.1,28.0806,2.55
355,0.2,28.0844,2.55
355,0.3,28.0908,2.55
355,0.4,28.1,2.55
355,0.5,28.1122,2.55
355,0.6,28.1278,2.55
355,0.7,28.1471,2.55
355,0.8,28.1707,2.55
355,0.9,28.1991,2.55
355,1,28.2329,2.55
355,1.1,28.273,2.55
355,1.2,28.3202,2.55
355,1.3,28.3754,2.55
355,1.4,28.4397,2.5497
355,1.5,28.5141,2.5481
355,1.6,28.6,2.5409
355,1.7,28.6983,2.5158
355,1.8,28.8104,2.4463
355,1.9,28.9372,2.2925
355,2,29.0799,2.0127
356,0,28.0802,2.55
356,0.1,28.0815,2.55
356,0.2,28.0853,2.55
356,0.3,28.0917,2.55
356,0.4,28.101,2.55
356,0.5,28.1133,2.55
356,0.6,28.1289,2.55
356,0.7,28.1484,2.55
356,0.8,28.1721,2.55
356,0.9,28.2006,2.55
356,1,28.2346,2.55
356,1.1,28.2749,2.55
356,1.2,28.3222,2.55
356,1.3,28.3777,2.55
356,1.4,28.4422,2.5497
356,1.5,28.517,2.5481
356,1.6,28.6031,2.5409
356,1.7,28.7017,2.5156
356,1.8,28.814,2.4459
356,1.9,28.9411,2.2919
356,2,29.0841,2.012
357,0,28.0811,2.55
357,0.1,28.0824,2.55
357,0.2,28.0862,2.55
357,0.3,28.0926,2.55
357,0.4,28.1019,2.55
357,0.5,28.1143,2.55
357,0.6,28.1301,2.55
357,0.7,28.1496,2.55
357,0.8,28.1734,2.55
357,0.9,28.2021,2.55
357,1,28.2363,2.55
357,1.1,28.2767,2.55
357,1.2,28.3243,2.55
357,1.3,28.38,2.55
357,1.4,28.4448,2.5497
357,1.5,28.5198,2.548
357,1.6,28.6061,2.5408
357,1.7,28.705,2.5154
357,1.8,28.8176,2.4455
357,1.9,28.945,2.2913
357,2,29.0882,2.0114
358,0,28.0819,2.55
358,0.1,28.0832,2.55
358,0.2,28.087,2.55
358,0.3,28.0936,2.55
358,0.4,28.1029,2.55
358,0.5,28.1153,2.55
358,0.6,28.1312,2.55
358,0.7,28.1508,2.55
358,0.8,28.1748,2.55
358,0.9,28.2036,2.55
358,1,28.238,2.55
358,1.1,28.2786,2.55
358,1.2,28.3264,2.55
358,1.3,28.3823,2.55
358,1.4,28.4473,2.5497
358,1.5,28.5226,2.548
358,1.6,28.6092,2.5407
358,1.7,28.7084,2.5151
358,1.8,28.8212,2.445
358,1.9,28.9488,2.2907
358,2,29.0923,2.0107
359,0,28.0828,2.55
359,0.1,28.0841,2.55
359,0.2,28.0879,2.55
359,0.3,28.0945,2.55
359,0.4,28.1039,2.55
359,0.5,28.1164,2.55
359,0.6,28.1323,2.55
359,0.7,28.1521,2.55
359,0.8,28.1762,2.55
359,0.9,28.2051,2.55
359,1,28.2397,2.55
359,1.1,28.2805,2.55
359,1.2,28.3285,2.55
359,1.3,28.3846,2.55
359,1.4,28.4499,2.5497
359,1.5,28.5254,2.548
359,1.6,28.6123,2.5406
359,1.7,28.7118,2.5149
359,1.8,28.8248,2.4446
359,1.9,28.9527,2.2901
359,2,29.0965,2.0101
360,0,28.0837,2.55
360,0.1,28.0849,2.55
360,0.2,28.0888,2.55
360,0.3,28.0954,2.55
360,0.4,28.1049,2.55
360,0.5,28.1175,2.55
360,0.6,28.1335,2.55
360,0.7,28.1534,2.55
360,0.8,28.1776,2.55
360,0.9,28.2067,2.55
360,1,28.2414,2.55
360,1.1,28.2824,2.55
360,1.2,28.3306,2.55
360,1.3,28.387,2.55
360,1.4,28.4525,2.5497
360,1.5,28.5283,2.548
360,1.6,28.6154,2.5405
360,1.7,28.7151,2.5147
360,1.8,28.8285,2.4442
360,1.9,28.9566,2.2894
360,2,29.1006,2.0094
361,0,28.0845,2.55
361,0.1,28.0858,2.55
361,0.2,28.0897,2.55
361,0.3,28.0963,2.55
361,0.4,28.1059,2.55
361,0.5,28.1185,2.55
361,0.6,28.1346,2.55
361,0.7,28.1546,2.55
361,0.8,28.179,2.55
361,0.9,28.2082,2.55
361,1,28.2431,2.55
361,1.1,28.2843,2.55
361,1.2,28.3327,2.55
361,1.3,28.3893,2.55
361,1.4,28.4551,2.5497
361,1.5,28.5311,2.5479
361,1.6,28.6185,2.5404
361,1.7,28.7185,2.5145
361,1.8,28.8321,2.4438
361,1.9,28.9605,2.2888
361,2,29.1048,2.0087
362,0,28.0854,2.55
362,0.1,28.0867,2.55
362,0.2,28.0906,2.55
362,0.3,28.0973,2.55
362,0.4,28.1069,2.55
362,0.5,28.1196,2.55
362,0.6,28.1358,2.55
362,0.7,28.1559,2.55
362,0.8,28.1804,2.55
362,0.9,28.2098,2.55
362,1,28.2448,2.55
362,1.1,28.2862,2.55
362,1.2,28.3348,2.55
362,1.3,28.3917,2.55
362,1.4,28.4577,2.5496
362,1.5,28.534,2.5479
362,1.6,28.6216,2.5403
362,1.7,28.7219,2.5142
362,1.8,28.8357,2.4433
362,1.9,28.9644,2.2882
362,2,29.1089,2.0081
363,0,28.0863,2.55
363,0.1,28.0876,2.55
363,0.2,28.0915,2.55
363,0.3,28.0982,2.55
363,0.4,28.1079,2.55
363,0.5,28.1207,2.55
363,0.6,28.137,2.55
363,0.7,28.1572,2.55
363,0.8,28.1818,2.55
363,0.9,28.2113,2.55
363,1,28.2465,2.55
363,1.1,28.2881,2.55
363,1.2,28.337,2.55
363,1.3,28.394,2.55
363,1.4,28.4603,2.5496
363,1.5,28.5368,2.5479
363,1.6,28.6247,2.5402
363,1.7,28.7252,2.514
363,1.8,28.8394,2.4429
363,1.9,28.9683,2.2876
363,2,29.1131,2.0074
364,0,28.0872,2.55
364,0.1,28.0885,2.55
364,0.2,28.0924,2.55
364,0.3,28.0992,2.55
364,0.4,28.1089,2.55
364,0.5,28.1217,2.55
364,0.6,28.1381,2.55
364,0.7,28.1584,2.55
364,0.8,28.1832,2.55
364,0.9,28.2129,2.55
364,1,28.2482,2.55
364,1.1,28.29,2.55
364,1.2,28.3391,2.55
364,1.3,28.3964,2.55
364,1.4,28.4629,2.5496
364,1.5,28.5397,2.5479
364,1.6,28.6279,2.5402
364,1.7,28.7286,2.5138
364,1.8,28.843,2.4425
364,1.9,28.9722,2.287
364,2,29.1173,2.0068
365,0,28.088,2.55
365,0.1,28.0894,2.55
365,0.2,28.0934,2.55
365,0.3,28.1001,2.55
365,0.4,28.1099,2.55
365,0.5,28.1228,2.55
365,0.6,28.1393,2.55
365,0.7,28.1597,2.55
365,0.8,28.1846,2.55
365,0.9,28.2144,2.55
365,1,28.25,2.55
365,1.1,28.292,2.55
365,1.2,28.3412,2.55
365,1.3,28.3987,2.5499
365,1.4,28.4655,2.5496
365,1.5,28.5425,2.5478
365,1.6,28.631,2.5401
365,1.7,28.732,2.5136
365,1.8,28.8466,2.442
365,1.9,28.9761,2.2864
365,2,29.1215,2.0061
366,0,28.0889,2.55
366,0.1,28.0903,2.55
366,0.2,28.0943,2.55
366,0.3,28.1011,2.55
366,0.4,28.1109,2.55
366,0.5,28.1239,2.55
366,0.6,28.1405,2.55
366,0.7,28.161,2.55
366,0.8,28.186,2.55
366,0.9,28.216,2.55
366,1,28.2517,2.55
366,1.1,28.2939,2.55
366,1.2,28.3434,2.55
366,1.3,28.4011,2.5499
366,1.4,28.4681,2.5496
366,1.5,28.5454,2.5478
366,1.6,28.6341,2.54
366,1.7,28.7353,2.5133
366,1.8,28.8503,2.4416
366,1.9,28.98,2.2858
366,2,29.1257,2.0055
367,0,28.0898,2.55
367,0.1,28.0912,2.55
367,0.2,28.0952,2.55
367,0.3,28.1021,2.55
367,0.4,28.1119,2.55
367,0.5,28.125,2.55
367,0.6,28.1417,2.55
367,0.7,28.1623,2.55
367,0.8,28.1874,2.55
367,0.9,28.2176,2.55
367,1,28.2535,2.55
367,1.1,28.2958,2.55
367,1.2,28.3455,2.55
367,1.3,28.4035,2.5499
367,1.4,28.4707,2.5496
367,1.5,28.5482,2.5478
367,1.6,28.6372,2.5399
367,1.7,28.7387,2.5131
367,1.8,28.8539,2.4412
367,1.9,28.9839,2.2851
367,2,29.13,2.0048
368,0,28.0907,2.55
368,0.1,28.0921,2.55
368,0.2,28.0962,2.55
368,0.3,28.1031,2.55
368,0.4,28.113,2.55
368,0.5,28.1261,2.55
368,0.6,28.1429,2.55
368,0.7,28.1636,2.55
368,0.8,28.1889,2.55
368,0.9,28.2192,2.55
368,1,28.2552,2.55
368,1.1,28.2978,2.55
368,1.2,28.3477,2.55
368,1.3,28.4058,2.5499
368,1.4,28.4733,2.5496
368,1.5,28.5511,2.5478
368,1.6,28.6403,2.5398
368,1.7,28.7421,2.5129
368,1.8,28.8576,2.4408
368,1.9,28.9879,2.2845
368,2,29.1342,2.0042
369,0,28.0917,2.55
369,0.1,28.093,2.55
369,0.2,28.0971,2.55
369,0.3,28.104,2.55
369,0.4,28.114,2.55
369,0.5,28.1272,2.55
369,0.6,28.1441,2.55
369,0.7,28.1649,2.55
369,0.8,28.1903,2.55
369,0.9,28.2208,2.55
369,1,28.257,2.55
369,1.1,28.2997,2.55
369,1.2,28.3498,2.55
369,1.3,28.4082,2.5499
369,1.4,28.4759,2.5496
369,1.5,28.554,2.5477
369,1.6,28.6435,2.5397
369,1.7,28.7455,2.5127
369,1.8,28.8612,2.4403
369,1.9,28.9918,2.2839
369,2,29.1385,2.0035
370,0,28.0926,2.55
370,0.1,28.0939,2.55
370,0.2,28.098,2.55
370,0.3,28.105,2.55
370,0.4,28.115,2.55
370,0.5,28.1284,2.55
370,0.6,28.1453,2.55
370,0.7,28.1663,2.55
370,0.8,28.1918,2.55
370,0.9,28.2224,2.55
370,1,28.2588,2.55
370,1.1,28.3017,2.55
370,1.2,28.352,2.55
370,1.3,28.4106,2.5499
370,1.4,28.4785,2.5496
370,1.5,28.5568,2.5477
370,1.6,28.6466,2.5396
370,1.7,28.7489,2.5124
370,1.8,28.8649,2.4399
370,1.9,28.9958,2.2833
370,2,29.1427,2.0029
371,0,28.0935,2.55
371,0.1,28.0949,2.55
371,0.2,28.099,2.55
371,0.3,28.106,2.55
371,0.4,28.1161,2.55
371,0.5,28.1295,2.55
371,0.6,28.1465,2.55
371,0.7,28.1676,2.55
371,0.8,28.1932,2.55
371,0.9,28.224,2.55
371,1,28.2605,2.55
371,1.1,28.3036,2.55
371,1.2,28.3542,2.55
371,1.3,28.413,2.5499
371,1.4,28.4812,2.5496
371,1.5,28.5597,2.5477
371,1.6,28.6497,2.5395
371,1.7,28.7523,2.5122
371,1.8,28.8686,2.4395
371,1.9,28.9997,2.2827
371,2,29.147,2.0023
372,0,28.0944,2.55
372,0.1,28.0958,2.55
372,0.2,28.1,2.55
372,0.3,28.107,2.55
372,0.4,28.1171,2.55
372,0.5,28.1306,2.55
372,0.6,28.1477,2.55
372,0.7,28.1689,2.55
372,0.8,28.1947,2.55
372,0.9,28.2256,2.55
372,1,28.2623,2.55
372,1.1,28.3056,2.55
372,1.2,28.3563,2.55
372,1.3,28.4154,2.5499
372,1.4,28.4838,2.5496
372,1.5,28.5626,2.5476
372,1.6,28.6529,2.5394
372,1.7,28.7557,2.512
372,1.8,28.8722,2.439
372,1.9,29.0037,2.2821
372,2,29.1512,2.0016
373,0,28.0953,2.55
373,0.1,28.0967,2.55
373,0.2,28.1009,2.55
373,0.3,28.108,2.55
373,0.4,28.1182,2.55
373,0.5,28.1317,2.55
373,0.6,28.149,2.55
373,0.7,28.1703,2.55
373,0.8,28.1961,2.55
373,0.9,28.2272,2.55
373,1,28.2641,2.55
373,1.1,28.3076,2.55
373,1.2,28.3585,2.55
373,1.3,28.4178,2.5499
373,1.4,28.4865,2.5496
373,1.5,28.5655,2.5476
373,1.6,28.656,2.5393
373,1.7,28.7591,2.5117
373,1.8,28.8759,2.4386
373,1.9,29.0076,2.2815
373,2,29.1555,2.001
374,0,28.0963,2.55
374,0.1,28.0977,2.55
374,0.2,28.1019,2.55
374,0.3,28.109,2.55
374,0.4,28.1193,2.55
374,0.5,28.1329,2.55
374,0.6,28.1502,2.55
374,0.7,28.1716,2.55
374,0.8,28.1976,2.55
374,0.9,28.2288,2.55
374,1,28.2659,2.55
374,1.1,28.3096,2.55
374,1.2,28.3607,2.55
374,1.3,28.4202,2.5499
374,1.4,28.4891,2.5496
374,1.5,28.5684,2.5476
374,1.6,28.6591,2.5392
374,1.7,28.7625,2.5115
374,1.8,28.8796,2.4382
374,1.9,29.0116,2.2809
374,2,29.1598,2.0003
375,0,28.0972,2.55
375,0.1,28.0986,2.55
375,0.2,28.1029,2.55
375,0.3,28.11,2.55
375,0.4,28.1203,2.55
375,0.5,28.134,2.55
375,0.6,28.1514,2.55
375,0.7,28.1729,2.55
375,0.8,28.1991,2.55
375,0.9,28.2305,2.55
375,1,28.2677,2.55
375,1.1,28.3116,2.55
375,1.2,28.3629,2.55
375,1.3,28.4226,2.5499
375,1.4,28.4917,2.5496
375,1.5,28.5713,2.5476
375,1.6,28.6623,2.5391
375,1.7,28.7659,2.5113
375,1.8,28.8833,2.4378
375,1.9,29.0156,2.2803
375,2,29.164,1.9997
376,0,28.0982,2.55
376,0.1,28.0996,2.55
376,0.2,28.1038,2.55
376,0.3,28.1111,2.55
376,0.4,28.1214,2.55
376,0.5,28.1352,2.55
376,0.6,28.1527,2.55
376,0.7,28.1743,2.55
376,0.8,28.2006,2.55
376,0.9,28.2321,2.55
376,1,28.2695,2.55
376,1.1,28.3135,2.55
376,1.2,28.3651,2.55
376,1.3,28.4251,2.5499
376,1.4,28.4944,2.5496
376,1.5,28.5742,2.5475
376,1.6,28.6655,2.539
376,1.7,28.7693,2.5111
376,1.8,28.887,2.4373
376,1.9,29.0195,2.2797
376,2,29.1683,1.999
377,0,28.0991,2.55
377,0.1,28.1005,2.55
377,0.2,28.1048,2.55
377,0.3,28.1121,2.55
377,0.4,28.1225,2.55
377,0.5,28.1363,2.55
377,0.6,28.1539,2.55
377,0.7,28.1757,2.55
377,0.8,28.2021,2.55
377,0.9,28.2337,2.55
377,1,28.2713,2.55
377,1.1,28.3155,2.55
377,1.2,28.3673,2.55
377,1.3,28.4275,2.5499
377,1.4,28.4971,2.5495
377,1.5,28.5771,2.5475
377,1.6,28.6686,2.5389
377,1.7,28.7728,2.5108
377,1.8,28.8907,2.4369
377,1.9,29.0235,2.2791
377,2,29.1726,1.9984
378,0,28.1001,2.55
378,0.1,28.1015,2.55
378,0.2,28.1058,2.55
378,0.3,28.1131,2.55
378,0.4,28.1236,2.55
378,0.5,28.1375,2.55
378,0.6,28.1552,2.55
378,0.7,28.177,2.55
378,0.8,28.2036,2.55
378,0.9,28.2354,2.55
378,1,28.2731,2.55
378,1.1,28.3175,2.55
378,1.2,28.3695,2.55
378,1.3,28.4299,2.5499
378,1.4,28.4997,2.5495
378,1.5,28.58,2.5475
378,1.6,28.6718,2.5388
378,1.7,28.7762,2.5106
378,1.8,28.8944,2.4365
378,1.9,29.0275,2.2785
378,2,29.1769,1.9978
379,0,28.101,2.55
379,0.1,28.1025,2.55
379,0.2,28.1068,2.55
379,0.3,28.1141,2.55
379,0.4,28.1247,2.55
379,0.5,28.1387,2.55
379,0.6,28.1564,2.55
379,0.7,28.1784,2.55
379,0.8,28.2051,2.55
379,0.9,28.237,2.55
379,1,28.2749,2.55
379,1.1,28.3196,2.55
379,1.2,28.3717,2.55
379,1.3,28.4323,2.5499
379,1.4,28.5024,2.5495
379,1.5,28.5829,2.5474
379,1.6,28.6749,2.5388
379,1.7,28.7796,2.5104
379,1.8,28.8981,2.436
379,1.9,29.0315,2.2779
379,2,29.1812,1.9971
380,0,28.102,2.55
380,0.1,28.1034,2.55
380,0.2,28.1078,2.55
380,0.3,28.1152,2.55
380,0.4,28.1258,2.55
380,0.5,28.1398,2.55
380,0.6,28.1577,2.55
380,0.7,28.1798,2.55
380,0.8,28.2066,2.55
380,0.9,28.2387,2.55
380,1,28.2768,2.55
380,1.1,28.3216,2.55
380,1.2,28.3739,2.55
380,1.3,28.4348,2.5499
380,1.4,28.5051,2.5495
380,1.5,28.5858,2.5474
380,1.6,28.6781,2.5387
380,1.7,28.783,2.5101
380,1.8,28.9018,2.4356
380,1.9,29.0355,2.2773
380,2,29.1855,1.9965
381,0,28.103,2.55
381,0.1,28.1044,2.55
381,0.2,28.1088,2.55
381,0.3,28.1162,2.55
381,0.4,28.1269,2.55
381,0.5,28.141,2.55
381,0.6,28.159,2.55
381,0.7,28.1812,2.55
381,0.8,28.2081,2.55
381,0.9,28.2404,2.55
381,1,28.2786,2.55
381,1.1,28.3236,2.55
381,1.2,28.3762,2.55
381,1.3,28.4372,2.5499
381,1.4,28.5077,2.5495
381,1.5,28.5887,2.5474
381,1.6,28.6813,2.5386
381,1.7,28.7865,2.5099
381,1.8,28.9055,2.4352
381,1.9,29.0395,2.2767
381,2,29.1898,1.9959
382,0,28.104,2.55
382,0.1,28.1054,2.55
382,0.2,28.1098,2.55
382,0.3,28.1173,2.55
382,0.4,28.128,2.55
382,0.5,28.1422,2.55
382,0.6,28.1603,2.55
382,0.7,28.1826,2.55
382,0.8,28.2096,2.55
382,0.9,28.242,2.55
382,1,28.2804,2.55
382,1.1,28.3256,2.55
382,1.2,28.3784,2.55
382,1.3,28.4397,2.5499
382,1.4,28.5104,2.5495
382,1.5,28.5917,2.5473
382,1.6,28.6845,2.5385
382,1.7,28.7899,2.5097
382,1.8,28.9092,2.4348
382,1.9,29.0435,2.2761
382,2,29.1941,1.9952
383,0,28.1049,2.55
383,0.1,28.1064,2.55
383,0.2,28.1108,2.55
383,0.3,28.1184,2.55
383,0.4,28.1291,2.55
383,0.5,28.1434,2.55
383,0.6,28.1615,2.55
383,0.7,28.184,2.55
383,0.8,28.2112,2.55
383,0.9,28.2437,2.55
383,1,28.2823,2.55
383,1.1,28.3277,2.55
383,1.2,28.3806,2.55
383,1.3,28.4421,2.5499
383,1.4,28.5131,2.5495
383,1.5,28.5946,2.5473
383,1.6,28.6877,2.5384
383,1.7,28.7934,2.5094
383,1.8,28.9129,2.4343
383,1.9,29.0475,2.2755
383,2,29.1984,1.9946
384,0,28.1059,2.55
384,0.1,28.1074,2.55
384,0.2,28.1119,2.55
384,0.3,28.1194,2.55
384,0.4,28.1302,2.55
384,0.5,28.1446,2.55
384,0.6,28.1628,2.55
384,0.7,28.1854,2.55
384,0.8,28.2127,2.55
384,0.9,28.2454,2.55
384,1,28.2841,2.55
384,1.1,28.3297,2.55
384,1.2,28.3829,2.55
384,1.3,28.4446,2.5499
384,1.4,28.5158,2.5495
384,1.5,28.5975,2.5473
384,1.6,28.6908,2.5383
384,1.7,28.7968,2.5092
384,1.8,28.9167,2.4339
384,1.9,29.0516,2.2749
384,2,29.2028,1.994
385,0,28.1069,2.55
385,0.1,28.1084,2.55
385,0.2,28.1129,2.55
385,0.3,28.1205,2.55
385,0.4,28.1314,2.55
385,0.5,28.1458,2.55
385,0.6,28.1641,2.55
385,0.7,28.1868,2.55
385,0.8,28.2142,2.55
385,0.9,28.2471,2.55
385,1,28.286,2.55
385,1.1,28.3317,2.55
385,1.2,28.3851,2.55
385,1.3,28.4471,2.5499
385,1.4,28.5185,2.5495
385,1.5,28.6005,2.5472
385,1.6,28.694,2.5382
385,1.7,28.8003,2.509
385,1.8,28.9204,2.4335
385,1.9,29.0556,2.2743
385,2,29.2071,1.9933
386,0,28.1079,2.55
386,0.1,28.1094,2.55
386,0.2,28.1139,2.55
386,0.3,28.1216,2.55
386,0.4,28.1325,2.55
386,0.5,28.147,2.55
386,0.6,28.1654,2.55
386,0.7,28.1882,2.55
386,0.8,28.2158,2.55
386,0.9,28.2488,2.55
386,1,28.2879,2.55
386,1.1,28.3338,2.55
386,1.2,28.3874,2.55
386,1.3,28.4495,2.5499
386,1.4,28.5212,2.5495
386,1.5,28.6034,2.5472
386,1.6,28.6972,2.5381
386,1.7,28.8038,2.5087
386,1.8,28.9242,2.4331
386,1.9,29.0596,2.2737
386,2,29.2114,1.9927
387,0,28.1089,2.55
387,0.1,28.1104,2.55
387,0.2,28.115,2.55
387,0.3,28.1226,2.55
387,0.4,28.1336,2.55
387,0.5,28.1482,2.55
387,0.6,28.1668,2.55
387,0.7,28.1896,2.55
387,0.8,28.2173,2.55
387,0.9,28.2505,2.55
387,1,28.2897,2.55
387,1.1,28.3359,2.55
387,1.2,28.3896,2.55
387,1.3,28.452,2.5499
387,1.4,28.5239,2.5495
387,1.5,28.6064,2.5472
387,1.6,28.7004,2.538
387,1.7,28.8072,2.5085
387,1.8,28.9279,2.4326
387,1.9,29.0637,2.2731
387,2,29.2158,1.9921
388,0,28.11,2.55
388,0.1,28.1115,2.55
388,0.2,28.116,2.55
388,0.3,28.1237,2.55
388,0.4,28.1348,2.55
388,0.5,28.1495,2.55
388,0.6,28.1681,2.55
388,0.7,28.191,2.55
388,0.8,28.2189,2.55
388,0.9,28.2522,2.55
388,1,28.2916,2.55
388,1.1,28.3379,2.55
388,1.2,28.3919,2.55
388,1.3,28.4545,2.5499
388,1.4,28.5266,2.5495
388,1.5,28.6093,2.5471
388,1.6,28.7036,2.5379
388,1.7,28.8107,2.5083
388,1.8,28.9316,2.4322
388,1.9,29.0677,2.2725
388,2,29.2201,1.9915
389,0,28.111,2.55
389,0.1,28.1125,2.55
389,0.2,28.1171,2.55
389,0.3,28.1248,2.55
389,0.4,28.1359,2.55
389,0.5,28.1507,2.55
389,0.6,28.1694,2.55
389,0.7,28.1925,2.55
389,0.8,28.2205,2.55
389,0.9,28.2539,2.55
389,1,28.2935,2.55
389,1.1,28.34,2.55
389,1.2,28.3942,2.55
389,1.3,28.457,2.5499
389,1.4,28.5293,2.5495
389,1.5,28.6123,2.5471
389,1.6,28.7069,2.5378
389,1.7,28.8142,2.508
389,1.8,28.9354,2.4318
389,1.9,29.0717,2.2719
389,2,29.2244,1.9908
390,0,28.112,2.55
390,0.1,28.1135,2.55
390,0.2,28.1181,2.55
390,0.3,28.1259,2.55
390,0.4,28.1371,2.55
390,0.5,28.1519,2.55
390,0.6,28.1707,2.55
390,0.7,28.1939,2.55
390,0.8,28.222,2.55
390,0.9,28.2556,2.55
390,1,28.2954,2.55
390,1.1,28.3421,2.55
390,1.2,28.3965,2.55
390,1.3,28.4595,2.5499
390,1.4,28.5321,2.5494
390,1.5,28.6152,2.5471
390,1.6,28.7101,2.5377
390,1.7,28.8177,2.5078
390,1.8,28.9392,2.4313
390,1.9,29.0758,2.2713
390,2,29.2288,1.9902
391,0,28.113,2.55
391,0.1,28.1146,2.55
391,0.2,28.1192,2.55
391,0.3,28.127,2.55
391,0.4,28.1383,2.55
391,0.5,28.1532,2.55
391,0.6,28.1721,2.55
391,0.7,28.1954,2.55
391,0.8,28.2236,2.55
391,0.9,28.2574,2.55
391,1,28.2973,2.55
391,1.1,28.3441,2.55
391,1.2,28.3987,2.55
391,1.3,28.462,2.5499
391,1.4,28.5348,2.5494
391,1.5,28.6182,2.547
391,1.6,28.7133,2.5376
391,1.7,28.8211,2.5076
391,1.8,28.9429,2.4309
391,1.9,29.0798,2.2707
391,2,29.2332,1.9896
392,0,28.1141,2.55
392,0.1,28.1156,2.55
392,0.2,28.1203,2.55
392,0.3,28.1281,2.55
392,0.4,28.1394,2.55
392,0.5,28.1544,2.55
392,0.6,28.1734,2.55
392,0.7,28.1968,2.55
392,0.8,28.2252,2.55
392,0.9,28.2591,2.55
392,1,28.2992,2.55
392,1.1,28.3462,2.55
392,1.2,28.401,2.55
392,1.3,28.4645,2.5499
392,1.4,28.5375,2.5494
392,1.5,28.6212,2.547
392,1.6,28.7165,2.5375
392,1.7,28.8246,2.5073
392,1.8,28.9467,2.4305
392,1.9,29.0839,2.2701
392,2,29.2375,1.989
393,0,28.1151,2.55
393,0.1,28.1166,2.55
393,0.2,28.1213,2.55
393,0.3,28.1293,2.55
393,0.4,28.1406,2.55
393,0.5,28.1557,2.55
393,0.6,28.1747,2.55
393,0.7,28.1983,2.55
393,0.8,28.2268,2.55
393,0.9,28.2608,2.55
393,1,28.3011,2.55
393,1.1,28.3483,2.55
393,1.2,28.4033,2.55
393,1.3,28.467,2.5499
393,1.4,28.5403,2.5494
393,1.5,28.6242,2.547
393,1.6,28.7198,2.5374
393,1.7,28.8281,2.5071
393,1.8,28.9505,2.4301
393,1.9,29.088,2.2695
393,2,29.2419,1.9883
394,0,28.1161,2.55
394,0.1,28.1177,2.55
394,0.2,28.1224,2.55
394,0.3,28.1304,2.55
394,0.4,28.1418,2.55
394,0.5,28.1569,2.55
394,0.6,28.1761,2.55
394,0.7,28.1997,2.55
394,0.8,28.2284,2.55
394,0.9,28.2626,2.55
394,1,28.303,2.55
394,1.1,28.3504,2.55
394,1.2,28.4056,2.55
394,1.3,28.4695,2.5499
394,1.4,28.543,2.5494
394,1.5,28.6272,2.5469
394,1.6,28.723,2.5373
394,1.7,28.8316,2.5068
394,1.8,28.9542,2.4296
394,1.9,29.092,2.2689
394,2,29.2463,1.9877
395,0,28.1172,2.55
395,0.1,28.1188,2.55
395,0.2,28.1235,2.55
395,0.3,28.1315,2.55
395,0.4,28.143,2.55
395,0.5,28.1582,2.55
395,0.6,28.1775,2.55
395,0.7,28.2012,2.55
395,0.8,28.23,2.55
395,0.9,28.2643,2.55
395,1,28.3049,2.55
395,1.1,28.3525,2.55
395,1.2,28.4079,2.55
395,1.3,28.472,2.5499
395,1.4,28.5458,2.5494
395,1.5,28.6301,2.5469
395,1.6,28.7262,2.5372
395,1.7,28.8351,2.5066
395,1.8,28.958,2.4292
395,1.9,29.0961,2.2683
395,2,29.2506,1.9871
396,0,28.1183,2.55
396,0.1,28.1198,2.55
396,0.2,28.1246,2.55
396,0.3,28.1326,2.55
396,0.4,28.1442,2.55
396,0.5,28.1594,2.55
396,0.6,28.1788,2.55
396,0.7,28.2027,2.55
396,0.8,28.2316,2.55
396,0.9,28.2661,2.55
396,1,28.3069,2.55
396,1.1,28.3546,2.55
396,1.2,28.4102,2.55
396,1.3,28.4745,2.5499
396,1.4,28.5485,2.5494
396,1.5,28.6331,2.5469
396,1.6,28.7295,2.5371
396,1.7,28.8387,2.5064
396,1.8,28.9618,2.4288
396,1.9,29.1002,2.2678
396,2,29.255,1.9865
397,0,28.1193,2.55
397,0.1,28.1209,2.55
397,0.2,28.1257,2.55
397,0.3,28.1338,2.55
397,0.4,28.1454,2.55
397,0.5,28.1607,2.55
397,0.6,28.1802,2.55
397,0.7,28.2042,2.55
397,0.8,28.2332,2.55
397,0.9,28.2679,2.55
397,1,28.3088,2.55
397,1.1,28.3567,2.55
397,1.2,28.4125,2.55
397,1.3,28.4771,2.5499
397,1.4,28.5513,2.5494
397,1.5,28.6361,2.5468
397,1.6,28.7327,2.537
397,1.7,28.8422,2.5061
397,1.8,28.9656,2.4284
397,1.9,29.1043,2.2672
397,2,29.2594,1.9859
398,0,28.1204,2.55
398,0.1,28.122,2.55
398,0.2,28.1268,2.55
398,0.3,28.1349,2.55
398,0.4,28.1466,2.55
398,0.5,28.162,2.55
398,0.6,28.1816,2.55
398,0.7,28.2057,2.55
398,0.8,28.2348,2.55
398,0.9,28.2696,2.55
398,1,28.3107,2.55
398,1.1,28.3589,2.55
398,1.2,28.4149,2.55
398,1.3,28.4796,2.5499
398,1.4,28.554,2.5494
398,1.5,28.6391,2.5468
398,1.6,28.736,2.5369
398,1.7,28.8457,2.5059
398,1.8,28.9694,2.4279
398,1.9,29.1083,2.2666
398,2,29.2638,1.9853
399,0,28.1215,2.55
399,0.1,28.1231,2.55
399,0.2,28.1279,2.55
399,0.3,28.1361,2.55
399,0.4,28.1478,2.55
399,0.5,28.1633,2.55
399,0.6,28.1829,2.55
399,0.7,28.2072,2.55
399,0.8,28.2365,2.55
399,0.9,28.2714,2.55
399,1,28.3127,2.55
399,1.1,28.361,2.55
399,1.2,28.4172,2.55
399,1.3,28.4821,2.5499
399,1.4,28.5568,2.5494
399,1.5,28.6421,2.5468
399,1.6,28.7392,2.5368
399,1.7,28.8492,2.5057
399,1.8,28.9732,2.4275
399,1.9,29.1124,2.266
399,2,29.2682,1.9846
400,0,28.1225,2.55
400,0.1,28.1241,2.55
400,0.2,28.129,2.55
400,0.3,28.1372,2.55
400,0.4,28.149,2.55
400,0.5,28.1646,2.55
400,0.6,28.1843,2.55
400,0.7,28.2087,2.55
400,0.8,28.2381,2.55
400,0.9,28.2732,2.55
400,1,28.3146,2.55
400,1.1,28.3631,2.55
400,1.2,28.4195,2.55
400,1.3,28.4847,2.5499
400,1.4,28.5596,2.5494
400,1.5,28.6451,2.5467
400,1.6,28.7425,2.5366
400,1.7,28.8527,2.5054
400,1.8,28.977,2.4271
400,1.9,29.1165,2.2654
400,2,29.2726,1.984
401,0,28.1236,2.55
401,0.1,28.1252,2.55
401,0.2,28.1301,2.55
401,0.3,28.1384,2.55
401,0.4,28.1502,2.55
401,0.5,28.1659,2.55
401,0.6,28.1857,2.55
401,0.7,28.2102,2.55
401,0.8,28.2397,2.55
401,0.9,28.275,2.55
401,1,28.3166,2.55
401,1.1,28.3653,2.55
401,1.2,28.4219,2.55
401,1.3,28.4872,2.5499
401,1.4,28.5623,2.5493
401,1.5,28.6482,2.5467
401,1.6,28.7458,2.5365
401,1.7,28.8563,2.5052
401,1.8,28.9808,2.4267
401,1.9,29.1206,2.2648
401,2,29.277,1.9834
402,0,28.1247,2.55
402,0.1,28.1263,2.55
402,0.2,28.1312,2.55
402,0.3,28.1396,2.55
402,0.4,28.1514,2.55
402,0.5,28.1672,2.55
402,0.6,28.1871,2.55
402,0.7,28.2117,2.55
402,0.8,28.2414,2.55
402,0.9,28.2768,2.55
402,1,28.3185,2.55
402,1.1,28.3674,2.55
402,1.2,28.4242,2.55
402,1.3,28.4898,2.5499
402,1.4,28.5651,2.5493
402,1.5,28.6512,2.5467
402,1.6,28.7491,2.5364
402,1.7,28.8598,2.5049
402,1.8,28.9846,2.4262
402,1.9,29.1247,2.2642
402,2,29.2814,1.9828
403,0,28.1258,2.55
403,0.1,28.1274,2.55
403,0.2,28.1324,2.55
403,0.3,28.1407,2.55
403,0.4,28.1527,2.55
403,0.5,28.1685,2.55
403,0.6,28.1885,2.55
403,0.7,28.2132,2.55
403,0.8,28.243,2.55
403,0.9,28.2786,2.55
403,1,28.3205,2.55
403,1.1,28.3695,2.55
403,1.2,28.4265,2.55
403,1.3,28.4923,2.5499
403,1.4,28.5679,2.5493
403,1.5,28.6542,2.5466
403,1.6,28.7523,2.5363
403,1.7,28.8634,2.5047
403,1.8,28.9885,2.4258
403,1.9,29.1288,2.2636
403,2,29.2858,1.9822
404,0,28.1269,2.55
404,0.1,28.1286,2.55
404,0.2,28.1335,2.55
404,0.3,28.1419,2.55
404,0.4,28.1539,2.55
404,0.5,28.1698,2.55
404,0.6,28.1899,2.55
404,0.7,28.2147,2.55
404,0.8,28.2447,2.55
404,0.9,28.2804,2.55
404,1,28.3225,2.55
404,1.1,28.3717,2.55
404,1.2,28.4289,2.55
404,1.3,28.4949,2.5499
404,1.4,28.5707,2.5493
404,1.5,28.6572,2.5466
404,1.6,28.7556,2.5362
404,1.7,28.8669,2.5045
404,1.8,28.9923,2.4254
404,1.9,29.133,2.2631
404,2,29.2902,1.9816
405,0,28.128,2.55
405,0.1,28.1297,2.55
405,0.2,28.1347,2.55
405,0.3,28.1431,2.55
405,0.4,28.1552,2.55
405,0.5,28.1711,2.55
405,0.6,28.1914,2.55
405,0.7,28.2163,2.55
405,0.8,28.2463,2.55
405,0.9,28.2822,2.55
405,1,28.3244,2.55
405,1.1,28.3739,2.55
405,1.2,28.4312,2.55
405,1.3,28.4975,2.5499
405,1.4,28.5735,2.5493
405,1.5,28.6603,2.5466
405,1.6,28.7589,2.5361
405,1.7,28.8705,2.5042
405,1.8,28.9961,2.425
405,1.9,29.1371,2.2625
405,2,29.2946,1.981
406,0,28.1291,2.55
406,0.1,28.1308,2.55
406,0.2,28.1358,2.55
406,0.3,28.1443,2.55
406,0.4,28.1564,2.55
406,0.5,28.1725,2.55
406,0.6,28.1928,2.55
406,0.7,28.2178,2.55
406,0.8,28.248,2.55
406,0.9,28.284,2.55
406,1,28.3264,2.55
406,1.1,28.376,2.55
406,1.2,28.4336,2.55
406,1.3,28.5001,2.5499
406,1.4,28.5763,2.5493
406,1.5,28.6633,2.5465
406,1.6,28.7622,2.536
406,1.7,28.874,2.504
406,1.8,29,2.4245
406,1.9,29.1412,2.2619
406,2,29.299,1.9804
407,0,28.1303,2.55
407,0.1,28.1319,2.55
407,0.2,28.137,2.55
407,0.3,28.1455,2.55
407,0.4,28.1577,2.55
407,0.5,28.1738,2.55
407,0.6,28.1942,2.55
407,0.7,28.2193,2.55
407,0.8,28.2497,2.55
407,0.9,28.2858,2.55
407,1,28.3284,2.55
407,1.1,28.3782,2.55
407,1.2,28.436,2.55
407,1.3,28.5026,2.5499
407,1.4,28.5791,2.5493
407,1.5,28.6664,2.5465
407,1.6,28.7655,2.5359
407,1.7,28.8776,2.5037
407,1.8,29.0038,2.4241
407,1.9,29.1453,2.2613
407,2,29.3034,1.9798
408,0,28.1314,2.55
408,0.1,28.1331,2.55
408,0.2,28.1381,2.55
408,0.3,28.1467,2.55
408,0.4,28.1589,2.55
408,0.5,28.1751,2.55
408,0.6,28.1957,2.55
408,0.7,28.2209,2.55
408,0.8,28.2514,2.55
408,0.9,28.2876,2.55
408,1,28.3304,2.55
408,1.1,28.3804,2.55
408,1.2,28.4384,2.55
408,1.3,28.5052,2.5499
408,1.4,28.5819,2.5493
408,1.5,28.6694,2.5465
408,1.6,28.7688,2.5358
408,1.7,28.8812,2.5035
408,1.8,29.0076,2.4237
408,1.9,29.1495,2.2607
408,2,29.3079,1.9792
409,0,28.1325,2.55
409,0.1,28.1342,2.55
409,0.2,28.1393,2.55
409,0.3,28.1479,2.55
409,0.4,28.1602,2.55
409,0.5,28.1765,2.55
409,0.6,28.1971,2.55
409,0.7,28.2224,2.55
409,0.8,28.253,2.55
409,0.9,28.2895,2.55
409,1,28.3324,2.55
409,1.1,28.3826,2.55
409,1.2,28.4407,2.55
409,1.3,28.5078,2.5499
409,1.4,28.5847,2.5493
409,1.5,28.6725,2.5464
409,1.6,28.7721,2.5357
409,1.7,28.8847,2.5033
409,1.8,29.0115,2.4233
409,1.9,29.1536,2.2602
409,2,29.3123,1.9785
410,0,28.1337,2.55
410,0.1,28.1353,2.55
410,0.2,28.1405,2.55
410,0.3,28.1491,2.55
410,0.4,28.1615,2.55
410,0.5,28.1778,2.55
410,0.6,28.1985,2.55
410,0.7,28.224,2.55
410,0.8,28.2547,2.55
410,0.9,28.2913,2.55
410,1,28.3344,2.55
410,1.1,28.3847,2.55
410,1.2,28.4431,2.55
410,1.3,28.5104,2.5499
410,1.4,28.5875,2.5493
410,1.5,28.6755,2.5464
410,1.6,28.7754,2.5356
410,1.7,28.8883,2.503
410,1.8,29.0153,2.4228
410,1.9,29.1577,2.2596
410,2,29.3167,1.9779
411,0,28.1348,2.55
411,0.1,28.1365,2.55
411,0.2,28.1416,2.55
411,0.3,28.1503,2.55
411,0.4,28.1628,2.55
411,0.5,28.1792,2.55
411,0.6,28.2,2.55
411,0.7,28.2256,2.55
411,0.8,28.2564,2.55
411,0.9,28.2932,2.55
411,1,28.3364,2.55
411,1.1,28.3869,2.55
411,1.2,28.4455,2.55
411,1.3,28.513,2.5499
411,1.4,28.5904,2.5492
411,1.5,28.6786,2.5463
411,1.6,28.7787,2.5355
411,1.7,28.8919,2.5028
411,1.8,29.0192,2.4224
411,1.9,29.1619,2.259
411,2,29.3212,1.9773
412,0,28.1359,2.55
412,0.1,28.1377,2.55
412,0.2,28.1428,2.55
412,0.3,28.1516,2.55
412,0.4,28.164,2.55
412,0.5,28.1806,2.55
412,0.6,28.2015,2.55
412,0.7,28.2271,2.55
412,0.8,28.2581,2.55
412,0.9,28.295,2.55
412,1,28.3384,2.55
412,1.1,28.3891,2.55
412,1.2,28.4479,2.55
412,1.3,28.5156,2.5499
412,1.4,28.5932,2.5492
412,1.5,28.6817,2.5463
412,1.6,28.7821,2.5354
412,1.7,28.8955,2.5025
412,1.8,29.0231,2.422
412,1.9,29.166,2.2584
412,2,29.3256,1.9767
413,0,28.1371,2.55
413,0.1,28.1388,2.55
413,0.2,28.144,2.55
413,0.3,28.1528,2.55
413,0.4,28.1653,2.55
413,0.5,28.1819,2.55
413,0.6,28.2029,2.55
413,0.7,28.2287,2.55
413,0.8,28.2599,2.55
413,0.9,28.2969,2.55
413,1,28.3405,2.55
413,1.1,28.3913,2.55
413,1.2,28.4503,2.55
413,1.3,28.5182,2.5499
413,1.4,28.596,2.5492
413,1.5,28.6847,2.5463
413,1.6,28.7854,2.5353
413,1.7,28.8991,2.5023
413,1.8,29.0269,2.4216
413,1.9,29.1702,2.2579
413,2,29.3301,1.9761
414,0,28.1383,2.55
414,0.1,28.14,2.55
414,0.2,28.1452,2.55
414,0.3,28.154,2.55
414,0.4,28.1666,2.55
414,0.5,28.1833,2.55
414,0.6,28.2044,2.55
414,0.7,28.2303,2.55
414,0.8,28.2616,2.55
414,0.9,28.2987,2.55
414,1,28.3425,2.55
414,1.1,28.3935,2.55
414,1.2,28.4527,2.55
414,1.3,28.5208,2.5499
414,1.4,28.5989,2.5492
414,1.5,28.6878,2.5462
414,1.6,28.7887,2.5352
414,1.7,28.9027,2.502
414,1.8,29.0308,2.4211
414,1.9,29.1743,2.2573
414,2,29.3345,1.9755
415,0,28.1394,2.55
415,0.1,28.1412,2.55
415,0.2,28.1464,2.55
415,0.3,28.1553,2.55
415,0.4,28.1679,2.55
415,0.5,28.1847,2.55
415,0.6,28.2059,2.55
415,0.7,28.2319,2.55
415,0.8,28.2633,2.55
415,0.9,28.3006,2.55
415,1,28.3445,2.55
415,1.1,28.3958,2.55
415,1.2,28.4551,2.55
415,1.3,28.5235,2.5499
415,1.4,28.6017,2.5492
415,1.5,28.6909,2.5462
415,1.6,28.7921,2.535
415,1.7,28.9063,2.5018
415,1.8,29.0347,2.4207
415,1.9,29.1785,2.2567
415,2,29.339,1.9749
416,0,28.1406,2.55
416,0.1,28.1423,2.55
416,0.2,28.1476,2.55
416,0.3,28.1565,2.55
416,0.4,28.1692,2.55
416,0.5,28.1861,2.55
416,0.6,28.2074,2.55
416,0.7,28.2335,2.55
416,0.8,28.265,2.55
416,0.9,28.3025,2.55
416,1,28.3466,2.55
416,1.1,28.398,2.55
416,1.2,28.4575,2.55
416,1.3,28.5261,2.5499
416,1.4,28.6046,2.5492
416,1.5,28.694,2.5461
416,1.6,28.7954,2.5349
416,1.7,28.9099,2.5016
416,1.8,29.0385,2.4203
416,1.9,29.1827,2.2561
416,2,29.3434,1.9743
417,0,28.1418,2.55
417,0.1,28.1435,2.55
417,0.2,28.1488,2.55
417,0.3,28.1578,2.55
417,0.4,28.1706,2.55
417,0.5,28.1875,2.55
417,0.6,28.2088,2.55
417,0.7,28.2351,2.55
417,0.8,28.2667,2.55
417,0.9,28.3044,2.55
417,1,28.3486,2.55
417,1.1,28.4002,2.55
417,1.2,28.46,2.55
417,1.3,28.5287,2.5499
417,1.4,28.6074,2.5492
417,1.5,28.6971,2.5461
417,1.6,28.7987,2.5348
417,1.7,28.9135,2.5013
417,1.8,29.0424,2.4199
417,1.9,29.1868,2.2556
417,2,29.3479,1.9737
418,0,28.143,2.55
418,0.1,28.1447,2.55
418,0.2,28.15,2.55
418,0.3,28.159,2.55
418,0.4,28.1719,2.55
418,0.5,28.1889,2.55
418,0.6,28.2103,2.55
418,0.7,28.2367,2.55
418,0.8,28.2685,2.55
418,0.9,28.3063,2.55
418,1,28.3507,2.55
418,1.1,28.4024,2.55
418,1.2,28.4624,2.55
418,1.3,28.5314,2.5499
418,1.4,28.6103,2.5492
418,1.5,28.7002,2.5461
418,1.6,28.8021,2.5347
418,1.7,28.9171,2.5011
418,1.8,29.0463,2.4194
418,1.9,29.191,2.255
418,2,29.3524,1.9731
419,0,28.1442,2.55
419,0.1,28.1459,2.55
419,0.2,28.1513,2.55
419,0.3,28.1603,2.55
419,0.4,28.1732,2.55
419,0.5,28.1903,2.55
419,0.6,28.2118,2.55
419,0.7,28.2383,2.55
419,0.8,28.2702,2.55
419,0.9,28.3081,2.55
419,1,28.3527,2.55
419,1.1,28.4047,2.55
419,1.2,28.4648,2.55
419,1.3,28.534,2.5499
419,1.4,28.6132,2.5492
419,1.5,28.7033,2.546
419,1.6,28.8054,2.5346
419,1.7,28.9207,2.5008
419,1.8,29.0502,2.419
419,1.9,29.1952,2.2544
419,2,29.3568,1.9725
420,0,28.1453,2.55
420,0.1,28.1471,2.55
420,0.2,28.1525,2.55
420,0.3,28.1616,2.55
420,0.4,28.1745,2.55
420,0.5,28.1917,2.55
420,0.6,28.2133,2.55
420,0.7,28.2399,2.55
420,0.8,28.272,2.55
420,0.9,28.31,2.55
420,1,28.3548,2.55
420,1.1,28.4069,2.55
420,1.2,28.4673,2.55
420,1.3,28.5367,2.5499
420,1.4,28.616,2.5492
420,1.5,28.7064,2.546
420,1.6,28.8088,2.5345
420,1.7,28.9243,2.5006
420,1.8,29.0541,2.4186
420,1.9,29.1994,2.2538
420,2,29.3613,1.9719
421,0,28.1465,2.55
421,0.1,28.1483,2.55
421,0.2,28.1537,2.55
421,0.3,28.1628,2.55
421,0.4,28.1759,2.55
421,0.5,28.1931,2.55
421,0.6,28.2149,2.55
421,0.7,28.2416,2.55
421,0.8,28.2737,2.55
421,0.9,28.3119,2.55
421,1,28.3568,2.55
421,1.1,28.4092,2.55
421,1.2,28.4697,2.55
421,1.3,28.5393,2.5499
421,1.4,28.6189,2.5491
421,1.5,28.7095,2.546
421,1.6,28.8122,2.5344
421,1.7,28.9279,2.5003
421,1.8,29.058,2.4182
421,1.9,29.2035,2.2533
421,2,29.3657,1.9714
422,0,28.1478,2.55
422,0.1,28.1495,2.55
422,0.2,28.155,2.55
422,0.3,28.1641,2.55
422,0.4,28.1772,2.55
422,0.5,28.1945,2.55
422,0.6,28.2164,2.55
422,0.7,28.2432,2.55
422,0.8,28.2755,2.55
422,0.9,28.3139,2.55
422,1,28.3589,2.55
422,1.1,28.4114,2.55
422,1.2,28.4721,2.55
422,1.3,28.542,2.5498
422,1.4,28.6218,2.5491
422,1.5,28.7126,2.5459
422,1.6,28.8155,2.5343
422,1.7,28.9316,2.5001
422,1.8,29.0619,2.4178
422,1.9,29.2077,2.2527
422,2,29.3701,1.9708
423,0,28.149,2.55
423,0.1,28.1508,2.55
423,0.2,28.1562,2.55
423,0.3,28.1654,2.55
423,0.4,28.1786,2.55
423,0.5,28.196,2.55
423,0.6,28.2179,2.55
423,0.7,28.2448,2.55
423,0.8,28.2773,2.55
423,0.9,28.3158,2.55
423,1,28.361,2.55
423,1.1,28.4137,2.55
423,1.2,28.4746,2.55
423,1.3,28.5446,2.5498
423,1.4,28.6247,2.5491
423,1.5,28.7158,2.5459
423,1.6,28.8189,2.5342
423,1.7,28.9352,2.4998
423,1.8,29.0658,2.4173
423,1.9,29.2119,2.2521
423,2,29.3744,1.9702
424,0,28.1502,2.55
424,0.1,28.152,2.55
424,0.2,28.1575,2.55
424,0.3,28.1667,2.55
424,0.4,28.1799,2.55
424,0.5,28.1974,2.55
424,0.6,28.2194,2.55
424,0.7,28.2465,2.55
424,0.8,28.279,2.55
424,0.9,28.3177,2.55
424,1,28.3631,2.55
424,1.1,28.4159,2.55
424,1.2,28.4771,2.55
424,1.3,28.5473,2.5498
424,1.4,28.6276,2.5491
424,1.5,28.7189,2.5458
424,1.6,28.8223,2.534
424,1.7,28.9389,2.4996
424,1.8,29.0697,2.4169
424,1.9,29.216,2.2516
424,2,29.3786,1.9696
425,0,28.1514,2.55
425,0.1,28.1532,2.55
425,0.2,28.1587,2.55
425,0.3,28.168,2.55
425,0.4,28.1813,2.55
425,0.5,28.1988,2.55
425,0.6,28.221,2.55
425,0.7,28.2481,2.55
425,0.8,28.2808,2.55
425,0.9,28.3196,2.55
425,1,28.3652,2.55
425,1.1,28.4182,2.55
425,1.2,28.4795,2.55
425,1.3,28.55,2.5498
425,1.4,28.6305,2.5491
425,1.5,28.722,2.5458
425,1.6,28.8257,2.5339
425,1.7,28.9425,2.4993
425,1.8,29.0736,2.4165
425,1.9,29.2202,2.251
425,2,29.3829,1.969
426,0,28.1526,2.55
426,0.1,28.1545,2.55
426,0.2,28.16,2.55
426,0.3,28.1693,2.55
426,0.4,28.1827,2.55
426,0.5,28.2003,2.55
426,0.6,28.2225,2.55
426,0.7,28.2498,2.55
426,0.8,28.2826,2.55
426,0.9,28.3215,2.55
426,1,28.3673,2.55
426,1.1,28.4205,2.55
426,1.2,28.482,2.55
426,1.3,28.5526,2.5498
426,1.4,28.6334,2.5491
426,1.5,28.7252,2.5457
426,1.6,28.8291,2.5338
426,1.7,28.9461,2.4991
426,1.8,29.0775,2.4161
426,1.9,29.2243,2.2504
426,2,29.3871,1.9684
427,0,28.1539,2.55
427,0.1,28.1557,2.55
427,0.2,28.1613,2.55
427,0.3,28.1706,2.55
427,0.4,28.184,2.55
427,0.5,28.2017,2.55
427,0.6,28.2241,2.55
427,0.7,28.2514,2.55
427,0.8,28.2844,2.55
427,0.9,28.3235,2.55
427,1,28.3694,2.55
427,1.1,28.4228,2.55
427,1.2,28.4845,2.55
427,1.3,28.5553,2.5498
427,1.4,28.6363,2.5491
427,1.5,28.7283,2.5457
427,1.6,28.8325,2.5337
427,1.7,28.9498,2.4989
427,1.8,29.0814,2.4156
427,1.9,29.2284,2.2499
427,2,29.3913,1.9678
428,0,28.1551,2.55
428,0.1,28.157,2.55
428,0.2,28.1625,2.55
428,0.3,28.172,2.55
428,0.4,28.1854,2.55
428,0.5,28.2032,2.55
428,0.6,28.2256,2.55
428,0.7,28.2531,2.55
428,0.8,28.2862,2.55
428,0.9,28.3254,2.55
428,1,28.3715,2.55
428,1.1,28.425,2.55
428,1.2,28.4869,2.55
428,1.3,28.558,2.5498
428,1.4,28.6392,2.5491
428,1.5,28.7315,2.5457
428,1.6,28.8359,2.5336
428,1.7,28.9534,2.4986
428,1.8,29.0853,2.4152
428,1.9,29.2324,2.2493
428,2,29.3955,1.9672
429,0,28.1564,2.55
429,0.1,28.1582,2.55
429,0.2,28.1638,2.55
429,0.3,28.1733,2.55
429,0.4,28.1868,2.55
429,0.5,28.2047,2.55
429,0.6,28.2272,2.55
429,0.7,28.2548,2.55
429,0.8,28.288,2.55
429,0.9,28.3274,2.55
429,1,28.3736,2.55
429,1.1,28.4273,2.55
429,1.2,28.4894,2.55
429,1.3,28.5607,2.5498
429,1.4,28.6421,2.549
429,1.5,28.7346,2.5456
429,1.6,28.8393,2.5335
429,1.7,28.9571,2.4984
429,1.8,29.0892,2.4148
429,1.9,29.2365,2.2487
429,2,29.3997,1.9666
430,0,28.1576,2.55
430,0.1,28.1595,2.55
430,0.2,28.1651,2.55
430,0.3,28.1746,2.55
430,0.4,28.1882,2.55
430,0.5,28.2061,2.55
430,0.6,28.2287,2.55
430,0.7,28.2565,2.55
430,0.8,28.2898,2.55
430,0.9,28.3293,2.55
430,1,28.3757,2.55
430,1.1,28.4296,2.55
430,1.2,28.4919,2.55
430,1.3,28.5634,2.5498
430,1.4,28.645,2.549
430,1.5,28.7378,2.5456
430,1.6,28.8427,2.5334
430,1.7,28.9607,2.4981
430,1.8,29.0931,2.4144
430,1.9,29.2406,2.2482
430,2,29.4038,1.966
431,0,28.1589,2.55
431,0.1,28.1608,2.55
431,0.2,28.1664,2.55
431,0.3,28.176,2.55
431,0.4,28.1896,2.55
431,0.5,28.2076,2.55
431,0.6,28.2303,2.55
431,0.7,28.2581,2.55
431,0.8,28.2916,2.55
431,0.9,28.3313,2.55
431,1,28.3778,2.55
431,1.1,28.4319,2.55
431,1.2,28.4944,2.55
431,1.3,28.5661,2.5498
431,1.4,28.648,2.549
431,1.5,28.7409,2.5455
431,1.6,28.8461,2.5333
431,1.7,28.9644,2.4979
431,1.8,29.097,2.414
431,1.9,29.2446,2.2476
431,2,29.408,1.9655
432,0,28.1601,2.55
432,0.1,28.162,2.55
432,0.2,28.1677,2.55
432,0.3,28.1773,2.55
432,0.4,28.191,2.55
432,0.5,28.2091,2.55
432,0.6,28.2319,2.55
432,0.7,28.2598,2.55
432,0.8,28.2934,2.55
432,0.9,28.3333,2.55
432,1,28.38,2.55
432,1.1,28.4342,2.55
432,1.2,28.4969,2.55
432,1.3,28.5688,2.5498
432,1.4,28.6509,2.549
432,1.5,28.7441,2.5455
432,1.6,28.8495,2.5331
432,1.7,28.968,2.4976
432,1.8,29.1008,2.4135
432,1.9,29.2486,2.247
432,2,29.4121,1.9649
433,0,28.1614,2.55
433,0.1,28.1633,2.55
433,0.2,28.169,2.55
433,0.3,28.1786,2.55
433,0.4,28.1924,2.55
433,0.5,28.2106,2.55
433,0.6,28.2335,2.55
433,0.7,28.2615,2.55
433,0.8,28.2953,2.55
433,0.9,28.3352,2.55
433,1,28.3821,2.55
433,1.1,28.4366,2.55
433,1.2,28.4994,2.55
433,1.3,28.5715,2.5498
433,1.4,28.6538,2.549
433,1.5,28.7473,2.5455
433,1.6,28.8529,2.533
433,1.7,28.9717,2.4974
433,1.8,29.1047,2.4131
433,1.9,29.2527,2.2465
433,2,29.4162,1.9643
434,0,28.1627,2.55
434,0.1,28.1646,2.55
434,0.2,28.1703,2.55
434,0.3,28.18,2.55
434,0.4,28.1938,2.55
434,0.5,28.2121,2.55
434,0.6,28.2351,2.55
434,0.7,28.2632,2.55
434,0.8,28.2971,2.55
434,0.9,28.3372,2.55
434,1,28.3842,2.55
434,1.1,28.4389,2.55
434,1.2,28.5019,2.55
434,1.3,28.5743,2.5498
434,1.4,28.6568,2.549
434,1.5,28.7505,2.5454
434,1.6,28.8563,2.5329
434,1.7,28.9753,2.4971
434,1.8,29.1085,2.4127
434,1.9,29.2567,2.2459
434,2,29.4204,1.9637
435,0,28.164,2.55
435,0.1,28.1659,2.55
435,0.2,28.1716,2.55
435,0.3,28.1814,2.55
435,0.4,28.1952,2.55
435,0.5,28.2136,2.55
435,0.6,28.2367,2.55
435,0.7,28.2649,2.55
435,0.8,28.2989,2.55
435,0.9,28.3392,2.55
435,1,28.3864,2.55
435,1.1,28.4412,2.55
435,1.2,28.5045,2.55
435,1.3,28.577,2.5498
435,1.4,28.6597,2.549
435,1.5,28.7536,2.5454
435,1.6,28.8597,2.5328
435,1.7,28.979,2.4969
435,1.8,29.1124,2.4123
435,1.9,29.2607,2.2453
435,2,29.4245,1.9631
436,0,28.1653,2.55
436,0.1,28.1672,2.55
436,0.2,28.173,2.55
436,0.3,28.1827,2.55
436,0.4,28.1967,2.55
436,0.5,28.2151,2.55
436,0.6,28.2383,2.55
436,0.7,28.2667,2.55
436,0.8,28.3008,2.55
436,0.9,28.3412,2.55
436,1,28.3885,2.55
436,1.1,28.4435,2.55
436,1.2,28.507,2.55
436,1.3,28.5797,2.5498
436,1.4,28.6627,2.549
436,1.5,28.7568,2.5453
436,1.6,28.8631,2.5327
436,1.7,28.9826,2.4966
436,1.8,29.1162,2.4119
436,1.9,29.2647,2.2448
436,2,29.4285,1.9625
437,0,28.1666,2.55
437,0.1,28.1685,2.55
437,0.2,28.1743,2.55
437,0.3,28.1841,2.55
437,0.4,28.1981,2.55
437,0.5,28.2166,2.55
437,0.6,28.2399,2.55
437,0.7,28.2684,2.55
437,0.8,28.3026,2.55
437,0.9,28.3432,2.55
437,1,28.3907,2.55
437,1.1,28.4459,2.55
437,1.2,28.5095,2.55
437,1.3,28.5825,2.5498
437,1.4,28.6656,2.5489
437,1.5,28.76,2.5453
437,1.6,28.8665,2.5326
437,1.7,28.9863,2.4964
437,1.8,29.12,2.4114
437,1.9,29.2687,2.2442
437,2,29.4326,1.962
438,0,28.1679,2.55
438,0.1,28.1698,2.55
438,0.2,28.1756,2.55
438,0.3,28.1855,2.55
438,0.4,28.1995,2.55
438,0.5,28.2181,2.55
438,0.6,28.2415,2.55
438,0.7,28.2701,2.55
438,0.8,28.3045,2.55
438,0.9,28.3452,2.55
438,1,28.3928,2.55
438,1.1,28.4482,2.55
438,1.2,28.512,2.55
438,1.3,28.5852,2.5498
438,1.4,28.6686,2.5489
438,1.5,28.7632,2.5452
438,1.6,28.87,2.5324
438,1.7,28.9899,2.4961
438,1.8,29.1239,2.411
438,1.9,29.2726,2.2437
438,2,29.4367,1.9614
439,0,28.1692,2.55
439,0.1,28.1711,2.55
439,0.2,28.177,2.55
439,0.3,28.1869,2.55
439,0.4,28.201,2.55
439,0.5,28.2196,2.55
439,0.6,28.2431,2.55
439,0.7,28.2718,2.55
439,0.8,28.3063,2.55
439,0.9,28.3472,2.55
439,1,28.395,2.55
439,1.1,28.4506,2.55
439,1.2,28.5146,2.55
439,1.3,28.5879,2.5498
439,1.4,28.6716,2.5489
439,1.5,28.7664,2.5452
439,1.6,28.8734,2.5323
439,1.7,28.9935,2.4959
439,1.8,29.1277,2.4106
439,1.9,29.2766,2.2431
439,2,29.4408,1.9608
440,0,28.1705,2.55
440,0.1,28.1724,2.55
440,0.2,28.1783,2.55
440,0.3,28.1883,2.55
440,0.4,28.2024,2.55
440,0.5,28.2211,2.55
440,0.6,28.2447,2.55
440,0.7,28.2736,2.55
440,0.8,28.3082,2.55
440,0.9,28.3492,2.55
440,1,28.3972,2.55
440,1.1,28.4529,2.55
440,1.2,28.5171,2.55
440,1.3,28.5907,2.5498
440,1.4,28.6745,2.5489
440,1.5,28.7696,2.5452
440,1.6,28.8768,2.5322
440,1.7,28.9972,2.4956
440,1.8,29.1315,2.4102
440,1.9,29.2806,2.2426
440,2,29.4448,1.9602
441,0,28.1718,2.55
441,0.1,28.1738,2.55
441,0.2,28.1797,2.55
441,0.3,28.1897,2.55
441,0.4,28.2039,2.55
441,0.5,28.2227,2.55
441,0.6,28.2463,2.55
441,0.7,28.2753,2.55
441,0.8,28.3101,2.55
441,0.9,28.3512,2.55
441,1,28.3994,2.55
441,1.1,28.4553,2.55
441,1.2,28.5197,2.55
441,1.3,28.5934,2.5498
441,1.4,28.6775,2.5489
441,1.5,28.7728,2.5451
441,1.6,28.8802,2.5321
441,1.7,29.0008,2.4954
441,1.8,29.1353,2.4098
441,1.9,29.2845,2.242
441,2,29.4489,1.9597
442,0,28.1731,2.55
442,0.1,28.1751,2.55
442,0.2,28.181,2.55
442,0.3,28.1911,2.55
442,0.4,28.2054,2.55
442,0.5,28.2242,2.55
442,0.6,28.248,2.55
442,0.7,28.2771,2.55
442,0.8,28.3119,2.55
442,0.9,28.3532,2.55
442,1,28.4016,2.55
442,1.1,28.4576,2.55
442,1.2,28.5222,2.55
442,1.3,28.5962,2.5498
442,1.4,28.6805,2.5489
442,1.5,28.776,2.5451
442,1.6,28.8836,2.532
442,1.7,29.0044,2.4951
442,1.8,29.1391,2.4093
442,1.9,29.2885,2.2414
442,2,29.4529,1.9591
443,0,28.1744,2.55
443,0.1,28.1764,2.55
443,0.2,28.1824,2.55
443,0.3,28.1925,2.55
443,0.4,28.2068,2.55
443,0.5,28.2258,2.55
443,0.6,28.2496,2.55
443,0.7,28.2788,2.55
443,0.8,28.3138,2.55
443,0.9,28.3553,2.55
443,1,28.4037,2.55
443,1.1,28.46,2.55
443,1.2,28.5248,2.55
443,1.3,28.599,2.5498
443,1.4,28.6835,2.5489
443,1.5,28.7792,2.545
443,1.6,28.8871,2.5318
443,1.7,29.008,2.4949
443,1.8,29.1429,2.4089
443,1.9,29.2924,2.2409
443,2,29.4569,1.9585
444,0,28.1758,2.55
444,0.1,28.1778,2.55
444,0.2,28.1838,2.55
444,0.3,28.1939,2.55
444,0.4,28.2083,2.55
444,0.5,28.2273,2.55
444,0.6,28.2513,2.55
444,0.7,28.2806,2.55
444,0.8,28.3157,2.55
444,0.9,28.3573,2.55
444,1,28.4059,2.55
444,1.1,28.4624,2.55
444,1.2,28.5273,2.55
444,1.3,28.6017,2.5498
444,1.4,28.6864,2.5489
444,1.5,28.7824,2.545
444,1.6,28.8905,2.5317
444,1.7,29.0117,2.4946
444,1.8,29.1467,2.4085
444,1.9,29.2964,2.2403
444,2,29.461,1.9579
445,0,28.1771,2.55
445,0.1,28.1791,2.55
445,0.2,28.1851,2.55
445,0.3,28.1953,2.55
445,0.4,28.2098,2.55
445,0.5,28.2289,2.55
445,0.6,28.2529,2.55
445,0.7,28.2823,2.55
445,0.8,28.3176,2.55
445,0.9,28.3593,2.55
445,1,28.4081,2.55
445,1.1,28.4647,2.55
445,1.2,28.5299,2.55
445,1.3,28.6045,2.5498
445,1.4,28.6894,2.5488
445,1.5,28.7856,2.5449
445,1.6,28.8939,2.5316
445,1.7,29.0153,2.4944
445,1.8,29.1505,2.4081
445,1.9,29.3003,2.2398
445,2,29.465,1.9574
446,0,28.1785,2.55
446,0.1,28.1805,2.55
446,0.2,28.1865,2.55
446,0.3,28.1967,2.55
446,0.4,28.2113,2.55
446,0.5,28.2304,2.55
446,0.6,28.2546,2.55
446,0.7,28.2841,2.55
446,0.8,28.3195,2.55
446,0.9,28.3614,2.55
446,1,28.4103,2.55
446,1.1,28.4671,2.55
446,1.2,28.5325,2.55
446,1.3,28.6073,2.5498
446,1.4,28.6924,2.5488
446,1.5,28.7888,2.5449
446,1.6,28.8973,2.5315
446,1.7,29.0189,2.4941
446,1.8,29.1543,2.4077
446,1.9,29.3042,2.2392
446,2,29.469,1.9568
447,0,28.1798,2.55
447,0.1,28.1818,2.55
447,0.2,28.1879,2.55
447,0.3,28.1981,2.55
447,0.4,28.2128,2.55
447,0.5,28.232,2.55
447,0.6,28.2562,2.55
447,0.7,28.2859,2.55
447,0.8,28.3214,2.55
447,0.9,28.3634,2.55
447,1,28.4126,2.55
447,1.1,28.4695,2.55
447,1.2,28.5351,2.55
447,1.3,28.6101,2.5498
447,1.4,28.6954,2.5488
447,1.5,28.792,2.5448
447,1.6,28.9007,2.5314
447,1.7,29.0225,2.4939
447,1.8,29.1581,2.4072
447,1.9,29.3081,2.2387
447,2,29.473,1.9562
448,0,28.1812,2.55
448,0.1,28.1832,2.55
448,0.2,28.1893,2.55
448,0.3,28.1996,2.55
448,0.4,28.2143,2.55
448,0.5,28.2336,2.55
448,0.6,28.2579,2.55
448,0.7,28.2877,2.55
448,0.8,28.3233,2.55
448,0.9,28.3655,2.55
448,1,28.4148,2.55
448,1.1,28.4719,2.55
448,1.2,28.5376,2.55
448,1.3,28.6129,2.5498
448,1.4,28.6984,2.5488
448,1.5,28.7952,2.5448
448,1.6,28.9041,2.5312
448,1.7,29.0261,2.4936
448,1.8,29.1619,2.4068
448,1.9,29.312,2.2381
448,2,29.477,1.9556
449,0,28.1825,2.55
449,0.1,28.1846,2.55
449,0.2,28.1907,2.55
449,0.3,28.201,2.55
449,0.4,28.2158,2.55
449,0.5,28.2352,2.55
449,0.6,28.2596,2.55
449,0.7,28.2895,2.55
449,0.8,28.3252,2.55
449,0.9,28.3675,2.55
449,1,28.417,2.55
449,1.1,28.4743,2.55
449,1.2,28.5402,2.55
449,1.3,28.6156,2.5498
449,1.4,28.7014,2.5488
449,1.5,28.7984,2.5447
449,1.6,28.9076,2.5311
449,1.7,29.0297,2.4934
449,1.8,29.1656,2.4064
449,1.9,29.3159,2.2376
449,2,29.481,1.9551
450,0,28.1839,2.55
450,0.1,28.186,2.55
450,0.2,28.1921,2.55
450,0.3,28.2025,2.55
450,0.4,28.2173,2.55
450,0.5,28.2368,2.55
450,0.6,28.2613,2.55
450,0.7,28.2912,2.55
450,0.8,28.3272,2.55
450,0.9,28.3696,2.55
450,1,28.4192,2.55
450,1.1,28.4767,2.55
450,1.2,28.5428,2.55
450,1.3,28.6184,2.5498
450,1.4,28.7044,2.5488
450,1.5,28.8016,2.5447
450,1.6,28.911,2.531
450,1.7,29.0333,2.4931
450,1.8,29.1694,2.406
450,1.9,29.3198,2.237
450,2,29.485,1.9545
451,0,28.1853,2.55
451,0.1,28.1873,2.55
451,0.2,28.1935,2.55
451,0.3,28.2039,2.55
451,0.4,28.2188,2.55
451,0.5,28.2383,2.55
451,0.6,28.263,2.55
451,0.7,28.293,2.55
451,0.8,28.3291,2.55
451,0.9,28.3717,2.55
451,1,28.4215,2.55
451,1.1,28.4791,2.55
451,1.2,28.5454,2.55
451,1.3,28.6212,2.5498
451,1.4,28.7074,2.5488
451,1.5,28.8048,2.5447
451,1.6,28.9144,2.5309
451,1.7,29.0369,2.4929
451,1.8,29.1732,2.4056
451,1.9,29.3237,2.2365
451,2,29.4889,1.9539
452,0,28.1867,2.55
452,0.1,28.1887,2.55
452,0.2,28.1949,2.55
452,0.3,28.2054,2.55
452,0.4,28.2203,2.55
452,0.5,28.2399,2.55
452,0.6,28.2647,2.55
452,0.7,28.2949,2.55
452,0.8,28.331,2.55
452,0.9,28.3738,2.55
452,1,28.4237,2.55
452,1.1,28.4815,2.55
452,1.2,28.548,2.55
452,1.3,28.624,2.5498
452,1.4,28.7104,2.5487
452,1.5,28.808,2.5446
452,1.6,28.9178,2.5308
452,1.7,29.0405,2.4926
452,1.8,29.1769,2.4052
452,1.9,29.3276,2.2359
452,2,29.4929,1.9534
453,0,28.1881,2.55
453,0.1,28.1901,2.55
453,0.2,28.1964,2.55
453,0.3,28.2069,2.55
453,0.4,28.2218,2.55
453,0.5,28.2416,2.55
453,0.6,28.2664,2.55
453,0.7,28.2967,2.55
453,0.8,28.333,2.55
453,0.9,28.3758,2.55
453,1,28.4259,2.55
453,1.1,28.4839,2.55
453,1.2,28.5506,2.55
453,1.3,28.6268,2.5498
453,1.4,28.7134,2.5487
453,1.5,28.8113,2.5446
453,1.6,28.9212,2.5306
453,1.7,29.0441,2.4924
453,1.8,29.1807,2.4047
453,1.9,29.3315,2.2354
453,2,29.4969,1.9528
454,0,28.1895,2.55
454,0.1,28.1915,2.55
454,0.2,28.1978,2.55
454,0.3,28.2083,2.55
454,0.4,28.2234,2.55
454,0.5,28.2432,2.55
454,0.6,28.2681,2.55
454,0.7,28.2985,2.55
454,0.8,28.3349,2.55
454,0.9,28.3779,2.55
454,1,28.4282,2.55
454,1.1,28.4864,2.55
454,1.2,28.5532,2.55
454,1.3,28.6296,2.5498
454,1.4,28.7164,2.5487
454,1.5,28.8145,2.5445
454,1.6,28.9246,2.5305
454,1.7,29.0477,2.4921
454,1.8,29.1844,2.4043
454,1.9,29.3353,2.2348
454,2,29.5009,1.9522
455,0,28.1909,2.55
455,0.1,28.1929,2.55
455,0.2,28.1992,2.55
455,0.3,28.2098,2.55
455,0.4,28.2249,2.55
455,0.5,28.2448,2.55
455,0.6,28.2698,2.55
455,0.7,28.3003,2.55
455,0.8,28.3369,2.55
455,0.9,28.38,2.55
455,1,28.4304,2.55
455,1.1,28.4888,2.55
455,1.2,28.5559,2.55
455,1.3,28.6325,2.5497
455,1.4,28.7194,2.5487
455,1.5,28.8177,2.5445
455,1.6,28.928,2.5304
455,1.7,29.0513,2.4919
455,1.8,29.1882,2.4039
455,1.9,29.3392,2.2343
455,2,29.5048,1.9517
456,0,28.1923,2.55
456,0.1,28.1944,2.55
456,0.2,28.2007,2.55
456,0.3,28.2113,2.55
456,0.4,28.2264,2.55
456,0.5,28.2464,2.55
456,0.6,28.2715,2.55
456,0.7,28.3021,2.55
456,0.8,28.3388,2.55
456,0.9,28.3821,2.55
456,1,28.4327,2.55
456,1.1,28.4912,2.55
456,1.2,28.5585,2.55
456,1.3,28.6353,2.5497
456,1.4,28.7225,2.5487
456,1.5,28.8209,2.5444
456,1.6,28.9315,2.5303
456,1.7,29.0549,2.4916
456,1.8,29.1919,2.4035
456,1.9,29.3431,2.2337
456,2,29.5088,1.9511
457,0,28.1937,2.55
457,0.1,28.1958,2.55
457,0.2,28.2021,2.55
457,0.3,28.2128,2.55
457,0.4,28.228,2.55
457,0.5,28.248,2.55
457,0.6,28.2732,2.55
457,0.7,28.304,2.55
457,0.8,28.3408,2.55
457,0.9,28.3842,2.55
457,1,28.435,2.55
457,1.1,28.4937,2.55
457,1.2,28.5611,2.55
457,1.3,28.6381,2.5497
457,1.4,28.7255,2.5487
457,1.5,28.8241,2.5444
457,1.6,28.9349,2.5302
457,1.7,29.0585,2.4913
457,1.8,29.1957,2.4031
457,1.9,29.3469,2.2332
457,2,29.5127,1.9505
458,0,28.1951,2.55
458,0.1,28.1972,2.55
458,0.2,28.2036,2.55
458,0.3,28.2143,2.55
458,0.4,28.2296,2.55
458,0.5,28.2497,2.55
458,0.6,28.2749,2.55
458,0.7,28.3058,2.55
458,0.8,28.3428,2.55
458,0.9,28.3863,2.55
458,1,28.4372,2.55
458,1.1,28.4961,2.55
458,1.2,28.5637,2.55
458,1.3,28.6409,2.5497
458,1.4,28.7285,2.5487
458,1.5,28.8273,2.5443
458,1.6,28.9383,2.53
458,1.7,29.0621,2.4911
458,1.8,29.1994,2.4027
458,1.9,29.3508,2.2326
458,2,29.5167,1.95
459,0,28.1965,2.55
459,0.1,28.1986,2.55
459,0.2,28.205,2.55
459,0.3,28.2158,2.55
459,0.4,28.2311,2.55
459,0.5,28.2513,2.55
459,0.6,28.2767,2.55
459,0.7,28.3076,2.55
459,0.8,28.3447,2.55
459,0.9,28.3885,2.55
459,1,28.4395,2.55
459,1.1,28.4986,2.55
459,1.2,28.5664,2.55
459,1.3,28.6437,2.5497
459,1.4,28.7315,2.5486
459,1.5,28.8306,2.5443
459,1.6,28.9417,2.5299
459,1.7,29.0656,2.4908
459,1.8,29.2031,2.4022
459,1.9,29.3547,2.2321
459,2,29.5206,1.9494
460,0,28.1979,2.55
460,0.1,28.2001,2.55
460,0.2,28.2065,2.55
460,0.3,28.2173,2.55
460,0.4,28.2327,2.55
460,0.5,28.2529,2.55
460,0.6,28.2784,2.55
460,0.7,28.3095,2.55
460,0.8,28.3467,2.55
460,0.9,28.3906,2.55
460,1,28.4418,2.55
460,1.1,28.501,2.55
460,1.2,28.569,2.55
460,1.3,28.6466,2.5497
460,1.4,28.7346,2.5486
460,1.5,28.8338,2.5442
460,1.6,28.9451,2.5298
460,1.7,29.0692,2.4906
460,1.8,29.2069,2.4018
460,1.9,29.3585,2.2315
460,2,29.5246,1.9489
461,0,28.1994,2.55
461,0.1,28.2015,2.55
461,0.2,28.2079,2.55
461,0.3,28.2188,2.55
461,0.4,28.2343,2.55
461,0.5,28.2546,2.55
461,0.6,28.2802,2.55
461,0.7,28.3114,2.55
461,0.8,28.3487,2.55
461,0.9,28.3927,2.55
461,1,28.4441,2.55
461,1.1,28.5035,2.55
461,1.2,28.5716,2.55
461,1.3,28.6494,2.5497
461,1.4,28.7376,2.5486
461,1.5,28.837,2.5442
461,1.6,28.9485,2.5297
461,1.7,29.0728,2.4903
461,1.8,29.2106,2.4014
461,1.9,29.3623,2.231
461,2,29.5285,1.9483
462,0,28.2008,2.55
462,0.1,28.203,2.55
462,0.2,28.2094,2.55
462,0.3,28.2203,2.55
462,0.4,28.2358,2.55
462,0.5,28.2563,2.55
462,0.6,28.2819,2.55
462,0.7,28.3132,2.55
462,0.8,28.3507,2.55
462,0.9,28.3948,2.55
462,1,28.4464,2.55
462,1.1,28.5059,2.55
462,1.2,28.5743,2.55
462,1.3,28.6522,2.5497
462,1.4,28.7406,2.5486
462,1.5,28.8402,2.5441
462,1.6,28.9519,2.5295
462,1.7,29.0764,2.4901
462,1.8,29.2143,2.401
462,1.9,29.3662,2.2304
462,2,29.5324,1.9477
463,0,28.2023,2.55
463,0.1,28.2044,2.55
463,0.2,28.2109,2.55
463,0.3,28.2218,2.55
463,0.4,28.2374,2.55
463,0.5,28.2579,2.55
463,0.6,28.2837,2.55
463,0.7,28.3151,2.55
463,0.8,28.3527,2.55
463,0.9,28.397,2.55
463,1,28.4487,2.55
463,1.1,28.5084,2.55
463,1.2,28.5769,2.55
463,1.3,28.6551,2.5497
463,1.4,28.7437,2.5486
463,1.5,28.8435,2.5441
463,1.6,28.9553,2.5294
463,1.7,29.08,2.4898
463,1.8,29.218,2.4006
463,1.9,29.37,2.2299
463,2,29.5363,1.9472
464,0,28.2037,2.55
464,0.1,28.2059,2.55
464,0.2,28.2124,2.55
464,0.3,28.2234,2.55
464,0.4,28.239,2.55
464,0.5,28.2596,2.55
464,0.6,28.2854,2.55
464,0.7,28.317,2.55
464,0.8,28.3547,2.55
464,0.9,28.3991,2.55
464,1,28.451,2.55
464,1.1,28.5109,2.55
464,1.2,28.5796,2.55
464,1.3,28.6579,2.5497
464,1.4,28.7467,2.5486
464,1.5,28.8467,2.544
464,1.6,28.9587,2.5293
464,1.7,29.0835,2.4896
464,1.8,29.2217,2.4002
464,1.9,29.3739,2.2294
464,2,29.5403,1.9466
465,0,28.2052,2.55
465,0.1,28.2073,2.55
465,0.2,28.2139,2.55
465,0.3,28.2249,2.55
465,0.4,28.2406,2.55
465,0.5,28.2613,2.55
465,0.6,28.2872,2.55
465,0.7,28.3188,2.55
465,0.8,28.3567,2.55
465,0.9,28.4013,2.55
465,1,28.4533,2.55
465,1.1,28.5133,2.55
465,1.2,28.5823,2.55
465,1.3,28.6608,2.5497
465,1.4,28.7497,2.5485
465,1.5,28.8499,2.544
465,1.6,28.9621,2.5292
465,1.7,29.0871,2.4893
465,1.8,29.2254,2.3997
465,1.9,29.3777,2.2288
465,2,29.5442,1.9461
466,0,28.2066,2.55
466,0.1,28.2088,2.55
466,0.2,28.2154,2.55
466,0.3,28.2264,2.55
466,0.4,28.2422,2.55
466,0.5,28.2629,2.55
466,0.6,28.289,2.55
466,0.7,28.3207,2.55
466,0.8,28.3587,2.55
466,0.9,28.4034,2.55
466,1,28.4556,2.55
466,1.1,28.5158,2.55
466,1.2,28.5849,2.55
466,1.3,28.6636,2.5497
466,1.4,28.7528,2.5485
466,1.5,28.8531,2.5439
466,1.6,28.9655,2.529
466,1.7,29.0907,2.4891
466,1.8,29.2292,2.3993
466,1.9,29.3815,2.2283
466,2,29.5481,1.9455
467,0,28.2081,2.55
467,0.1,28.2103,2.55
467,0.2,28.2169,2.55
467,0.3,28.228,2.55
467,0.4,28.2438,2.55
467,0.5,28.2646,2.55
467,0.6,28.2907,2.55
467,0.7,28.3226,2.55
467,0.8,28.3607,2.55
467,0.9,28.4056,2.55
467,1,28.4579,2.55
467,1.1,28.5183,2.55
467,1.2,28.5876,2.5499
467,1.3,28.6665,2.5497
467,1.4,28.7558,2.5485
467,1.5,28.8564,2.5439
467,1.6,28.9689,2.5289
467,1.7,29.0942,2.4888
467,1.8,29.2329,2.3989
467,1.9,29.3853,2.2277
467,2,29.552,1.9449
468,0,28.2096,2.55
468,0.1,28.2118,2.55
468,0.2,28.2184,2.55
468,0.3,28.2295,2.55
468,0.4,28.2454,2.55
468,0.5,28.2663,2.55
468,0.6,28.2925,2.55
468,0.7,28.3245,2.55
468,0.8,28.3627,2.55
468,0.9,28.4078,2.55
468,1,28.4602,2.55
468,1.1,28.5208,2.55
468,1.2,28.5902,2.5499
468,1.3,28.6693,2.5497
468,1.4,28.7588,2.5485
468,1.5,28.8596,2.5438
468,1.6,28.9723,2.5288
468,1.7,29.0978,2.4885
468,1.8,29.2366,2.3985
468,1.9,29.3891,2.2272
468,2,29.5559,1.9444
469,0,28.2111,2.55
469,0.1,28.2133,2.55
469,0.2,28.2199,2.55
469,0.3,28.2311,2.55
469,0.4,28.247,2.55
469,0.5,28.268,2.55
469,0.6,28.2943,2.55
469,0.7,28.3264,2.55
469,0.8,28.3648,2.55
469,0.9,28.4099,2.55
469,1,28.4625,2.55
469,1.1,28.5233,2.55
469,1.2,28.5929,2.5499
469,1.3,28.6722,2.5497
469,1.4,28.7619,2.5485
469,1.5,28.8628,2.5438
469,1.6,28.9757,2.5286
469,1.7,29.1014,2.4883
469,1.8,29.2403,2.3981
469,1.9,29.393,2.2267
469,2,29.5598,1.9438
470,0,28.2126,2.55
470,0.1,28.2148,2.55
470,0.2,28.2214,2.55
470,0.3,28.2327,2.55
470,0.4,28.2487,2.55
470,0.5,28.2697,2.55
470,0.6,28.2961,2.55
470,0.7,28.3283,2.55
470,0.8,28.3668,2.55
470,0.9,28.4121,2.55
470,1,28.4649,2.55
470,1.1,28.5258,2.55
470,1.2,28.5956,2.5499
470,1.3,28.675,2.5497
470,1.4,28.7649,2.5485
470,1.5,28.866,2.5437
470,1.6,28.9791,2.5285
470,1.7,29.1049,2.488
470,1.8,29.244,2.3977
470,1.9,29.3968,2.2261
470,2,29.5637,1.9433
471,0,28.214,2.55
471,0.1,28.2163,2.55
471,0.2,28.223,2.55
471,0.3,28.2342,2.55
471,0.4,28.2503,2.55
471,0.5,28.2714,2.55
471,0.6,28.2979,2.55
471,0.7,28.3302,2.55
471,0.8,28.3688,2.55
471,0.9,28.4143,2.55
471,1,28.4672,2.55
471,1.1,28.5283,2.55
471,1.2,28.5983,2.5499
471,1.3,28.6779,2.5497
471,1.4,28.768,2.5484
471,1.5,28.8693,2.5437
471,1.6,28.9825,2.5284
471,1.7,29.1085,2.4878
471,1.8,29.2476,2.3973
471,1.9,29.4006,2.2256
471,2,29.5676,1.9427
472,0,28.2155,2.55
472,0.1,28.2178,2.55
472,0.2,28.2245,2.55
472,0.3,28.2358,2.55
472,0.4,28.2519,2.55
472,0.5,28.2731,2.55
472,0.6,28.2997,2.55
472,0.7,28.3321,2.55
472,0.8,28.3709,2.55
472,0.9,28.4165,2.55
472,1,28.4695,2.55
472,1.1,28.5308,2.55
472,1.2,28.601,2.5499
472,1.3,28.6808,2.5497
472,1.4,28.771,2.5484
472,1.5,28.8725,2.5436
472,1.6,28.9859,2.5283
472,1.7,29.112,2.4875
472,1.8,29.2513,2.3968
472,1.9,29.4044,2.225
472,2,29.5715,1.9422
473,0,28.2171,2.55
473,0.1,28.2193,2.55
473,0.2,28.226,2.55
473,0.3,28.2374,2.55
473,0.4,28.2536,2.55
473,0.5,28.2748,2.55
473,0.6,28.3015,2.55
473,0.7,28.3341,2.55
473,0.8,28.3729,2.55
473,0.9,28.4187,2.55
473,1,28.4719,2.55
473,1.1,28.5333,2.55
473,1.2,28.6036,2.5499
473,1.3,28.6836,2.5497
473,1.4,28.7741,2.5484
473,1.5,28.8757,2.5436
473,1.6,28.9893,2.5281
473,1.7,29.1156,2.4873
473,1.8,29.255,2.3964
473,1.9,29.4082,2.2245
473,2,29.5754,1.9416
474,0,28.2186,2.55
474,0.1,28.2208,2.55
474,0.2,28.2276,2.55
474,0.3,28.239,2.55
474,0.4,28.2552,2.55
474,0.5,28.2766,2.55
474,0.6,28.3034,2.55
474,0.7,28.336,2.55
474,0.8,28.375,2.55
474,0.9,28.4208,2.55
474,1,28.4742,2.55
474,1.1,28.5358,2.55
474,1.2,28.6063,2.5499
474,1.3,28.6865,2.5497
474,1.4,28.7771,2.5484
474,1.5,28.879,2.5435
474,1.6,28.9927,2.528
474,1.7,29.1191,2.487
474,1.8,29.2587,2.396
474,1.9,29.412,2.224
474,2,29.5793,1.9411
475,0,28.2201,2.55
475,0.1,28.2223,2.55
475,0.2,28.2291,2.55
475,0.3,28.2406,2.55
475,0.4,28.2569,2.55
475,0.5,28.2783,2.55
475,0.6,28.3052,2.55
475,0.7,28.3379,2.55
475,0.8,28.377,2.55
475,0.9,28.423,2.55
475,1,28.4766,2.55
475,1.1,28.5383,2.55
475,1.2,28.609,2.5499
475,1.3,28.6894,2.5497
475,1.4,28.7802,2.5484
475,1.5,28.8822,2.5435
475,1.6,28.9961,2.5279
475,1.7,29.1227,2.4868
475,1.8,29.2624,2.3956
475,1.9,29.4158,2.2234
475,2,29.5832,1.9405
476,0,28.2216,2.55
476,0.1,28.2239,2.55
476,0.2,28.2307,2.55
476,0.3,28.2422,2.55
476,0.4,28.2585,2.55
476,0.5,28.28,2.55
476,0.6,28.307,2.55
476,0.7,28.3399,2.55
476,0.8,28.3791,2.55
476,0.9,28.4253,2.55
476,1,28.479,2.55
476,1.1,28.5409,2.55
476,1.2,28.6117,2.5499
476,1.3,28.6923,2.5497
476,1.4,28.7832,2.5484
476,1.5,28.8854,2.5434
476,1.6,28.9995,2.5278
476,1.7,29.1262,2.4865
476,1.8,29.2661,2.3952
476,1.9,29.4196,2.2229
476,2,29.587,1.94
477,0,28.2231,2.55
477,0.1,28.2254,2.55
477,0.2,28.2322,2.55
477,0.3,28.2438,2.55
477,0.4,28.2602,2.55
477,0.5,28.2818,2.55
477,0.6,28.3088,2.55
477,0.7,28.3418,2.55
477,0.8,28.3812,2.55
477,0.9,28.4275,2.55
477,1,28.4813,2.55
477,1.1,28.5434,2.55
477,1.2,28.6144,2.5499
477,1.3,28.6951,2.5497
477,1.4,28.7863,2.5483
477,1.5,28.8887,2.5434
477,1.6,29.0029,2.5276
477,1.7,29.1298,2.4862
477,1.8,29.2698,2.3948
477,1.9,29.4234,2.2224
477,2,29.5909,1.9394
478,0,28.2247,2.55
478,0.1,28.2269,2.55
478,0.2,28.2338,2.55
478,0.3,28.2454,2.55
478,0.4,28.2619,2.55
478,0.5,28.2835,2.55
478,0.6,28.3107,2.55
478,0.7,28.3438,2.55
478,0.8,28.3832,2.55
478,0.9,28.4297,2.55
478,1,28.4837,2.55
478,1.1,28.5459,2.55
478,1.2,28.6171,2.5499
478,1.3,28.698,2.5497
478,1.4,28.7894,2.5483
478,1.5,28.8919,2.5433
478,1.6,29.0063,2.5275
478,1.7,29.1333,2.486
478,1.8,29.2734,2.3944
478,1.9,29.4271,2.2218
478,2,29.5948,1.9389
479,0,28.2262,2.55
479,0.1,28.2285,2.55
479,0.2,28.2354,2.55
479,0.3,28.247,2.55
479,0.4,28.2636,2.55
479,0.5,28.2853,2.55
479,0.6,28.3125,2.55
479,0.7,28.3457,2.55
479,0.8,28.3853,2.55
479,0.9,28.4319,2.55
479,1,28.4861,2.55
479,1.1,28.5485,2.55
479,1.2,28.6198,2.5499
479,1.3,28.7009,2.5496
479,1.4,28.7924,2.5483
479,1.5,28.8951,2.5433
479,1.6,29.0097,2.5274
479,1.7,29.1369,2.4857
479,1.8,29.2771,2.3939
479,1.9,29.4309,2.2213
479,2,29.5987,1.9383
480,0,28.2277,2.55
480,0.1,28.23,2.55
480,0.2,28.237,2.55
480,0.3,28.2486,2.55
480,0.4,28.2652,2.55
480,0.5,28.287,2.55
480,0.6,28.3144,2.55
480,0.7,28.3477,2.55
480,0.8,28.3874,2.55
480,0.9,28.4341,2.55
480,1,28.4884,2.55
480,1.1,28.551,2.55
480,1.2,28.6225,2.5499
480,1.3,28.7038,2.5496
480,1.4,28.7955,2.5483
480,1.5,28.8983,2.5432
480,1.6,29.0131,2.5272
480,1.7,29.1404,2.4855
480,1.8,29.2808,2.3935
480,1.9,29.4347,2.2208
480,2,29.6025,1.9378
481,0,28.2293,2.55
481,0.1,28.2316,2.55
481,0.2,28.2386,2.55
481,0.3,28.2503,2.55
481,0.4,28.2669,2.55
481,0.5,28.2888,2.55
481,0.6,28.3162,2.55
481,0.7,28.3496,2.55
481,0.8,28.3895,2.55
481,0.9,28.4364,2.55
481,1,28.4908,2.55
481,1.1,28.5535,2.55
481,1.2,28.6253,2.5499
481,1.3,28.7067,2.5496
481,1.4,28.7985,2.5483
481,1.5,28.9016,2.5431
481,1.6,29.0165,2.5271
481,1.7,29.1439,2.4852
481,1.8,29.2844,2.3931
481,1.9,29.4385,2.2202
481,2,29.6065,1.9372
482,0,28.2309,2.55
482,0.1,28.2332,2.55
482,0.2,28.2401,2.55
482,0.3,28.2519,2.55
482,0.4,28.2686,2.55
482,0.5,28.2906,2.55
482,0.6,28.3181,2.55
482,0.7,28.3516,2.55
482,0.8,28.3916,2.55
482,0.9,28.4386,2.55
482,1,28.4932,2.55
482,1.1,28.5561,2.55
482,1.2,28.628,2.5499
482,1.3,28.7096,2.5496
482,1.4,28.8016,2.5483
482,1.5,28.9048,2.5431
482,1.6,29.0199,2.527
482,1.7,29.1475,2.485
482,1.8,29.2881,2.3927
482,1.9,29.4423,2.2197
482,2,29.6106,1.9367
483,0,28.2324,2.55
483,0.1,28.2347,2.55
483,0.2,28.2417,2.55
483,0.3,28.2535,2.55
483,0.4,28.2703,2.55
483,0.5,28.2924,2.55
483,0.6,28.32,2.55
483,0.7,28.3536,2.55
483,0.8,28.3937,2.55
483,0.9,28.4408,2.55
483,1,28.4956,2.55
483,1.1,28.5586,2.55
483,1.2,28.6307,2.5499
483,1.3,28.7124,2.5496
483,1.4,28.8047,2.5482
483,1.5,28.908,2.543
483,1.6,29.0233,2.5268
483,1.7,29.151,2.4847
483,1.8,29.2918,2.3923
483,1.9,29.4461,2.2192
483,2,29.6147,1.9362
484,0,28.234,2.55
484,0.1,28.2363,2.55
484,0.2,28.2433,2.55
484,0.3,28.2552,2.55
484,0.4,28.272,2.55
484,0.5,28.2941,2.55
484,0.6,28.3219,2.55
484,0.7,28.3556,2.55
484,0.8,28.3958,2.55
484,0.9,28.4431,2.55
484,1,28.498,2.55
484,1.1,28.5612,2.55
484,1.2,28.6334,2.5499
484,1.3,28.7153,2.5496
484,1.4,28.8077,2.5482
484,1.5,28.9113,2.543
484,1.6,29.0267,2.5267
484,1.7,29.1545,2.4844
484,1.8,29.2954,2.3919
484,1.9,29.4499,2.2186
484,2,29.6189,1.9356
485,0,28.2356,2.55
485,0.1,28.2379,2.55
485,0.2,28.245,2.55
485,0.3,28.2568,2.55
485,0.4,28.2737,2.55
485,0.5,28.2959,2.55
485,0.6,28.3237,2.55
485,0.7,28.3576,2.55
485,0.8,28.3979,2.55
485,0.9,28.4453,2.55
485,1,28.5004,2.55
485,1.1,28.5638,2.55
485,1.2,28.6361,2.5499
485,1.3,28.7182,2.5496
485,1.4,28.8108,2.5482
485,1.5,28.9145,2.5429
485,1.6,29.0301,2.5266
485,1.7,29.1581,2.4842
485,1.8,29.2991,2.3915
485,1.9,29.4538,2.2181
485,2,29.6231,1.9351
486,0,28.2371,2.55
486,0.1,28.2395,2.55
486,0.2,28.2466,2.55
486,0.3,28.2585,2.55
486,0.4,28.2755,2.55
486,0.5,28.2977,2.55
486,0.6,28.3256,2.55
486,0.7,28.3596,2.55
486,0.8,28.4,2.55
486,0.9,28.4476,2.55
486,1,28.5028,2.55
486,1.1,28.5663,2.55
486,1.2,28.6389,2.5499
486,1.3,28.7211,2.5496
486,1.4,28.8139,2.5482
486,1.5,28.9177,2.5429
486,1.6,29.0335,2.5264
486,1.7,29.1616,2.4839
486,1.8,29.3028,2.3911
486,1.9,29.4577,2.2176
486,2,29.6273,1.9345
487,0,28.2387,2.55
487,0.1,28.2411,2.55
487,0.2,28.2482,2.55
487,0.3,28.2602,2.55
487,0.4,28.2772,2.55
487,0.5,28.2995,2.55
487,0.6,28.3275,2.55
487,0.7,28.3616,2.55
487,0.8,28.4022,2.55
487,0.9,28.4498,2.55
487,1,28.5052,2.55
487,1.1,28.5689,2.55
487,1.2,28.6416,2.5499
487,1.3,28.724,2.5496
487,1.4,28.8169,2.5482
487,1.5,28.921,2.5428
487,1.6,29.0368,2.5263
487,1.7,29.1652,2.4837
487,1.8,29.3065,2.3906
487,1.9,29.4616,2.2171
487,2,29.6315,1.934
488,0,28.2403,2.55
488,0.1,28.2427,2.55
488,0.2,28.2498,2.55
488,0.3,28.2618,2.55
488,0.4,28.2789,2.55
488,0.5,28.3013,2.55
488,0.6,28.3294,2.55
488,0.7,28.3636,2.55
488,0.8,28.4043,2.55
488,0.9,28.4521,2.55
488,1,28.5076,2.55
488,1.1,28.5715,2.55
488,1.2,28.6443,2.5499
488,1.3,28.7269,2.5496
488,1.4,28.82,2.5482
488,1.5,28.9242,2.5428
488,1.6,29.0402,2.5262
488,1.7,29.1687,2.4834
488,1.8,29.3102,2.3902
488,1.9,29.4656,2.2165
488,2,29.6358,1.9334
489,0,28.2419,2.55
489,0.1,28.2443,2.55
489,0.2,28.2514,2.55
489,0.3,28.2635,2.55
489,0.4,28.2806,2.55
489,0.5,28.3031,2.55
489,0.6,28.3313,2.55
489,0.7,28.3656,2.55
489,0.8,28.4064,2.55
489,0.9,28.4544,2.55
489,1,28.51,2.55
489,1.1,28.574,2.55
489,1.2,28.6471,2.5499
489,1.3,28.7298,2.5496
489,1.4,28.8231,2.5481
489,1.5,28.9274,2.5427
489,1.6,29.0436,2.526
489,1.7,29.1722,2.4831
489,1.8,29.314,2.3898
489,1.9,29.4695,2.216
489,2,29.6401,1.9329
490,0,28.2435,2.55
490,0.1,28.2459,2.55
490,0.2,28.2531,2.55
490,0.3,28.2652,2.55
490,0.4,28.2824,2.55
490,0.5,28.3049,2.55
490,0.6,28.3332,2.55
490,0.7,28.3676,2.55
490,0.8,28.4086,2.55
490,0.9,28.4566,2.55
490,1,28.5124,2.55
490,1.1,28.5766,2.55
490,1.2,28.6498,2.5499
490,1.3,28.7328,2.5496
490,1.4,28.8261,2.5481
490,1.5,28.9307,2.5427
490,1.6,29.047,2.5259
490,1.7,29.1758,2.4829
490,1.8,29.3177,2.3894
490,1.9,29.4735,2.2155
490,2,29.6445,1.9324
491,0,28.2451,2.55
491,0.1,28.2475,2.55
491,0.2,28.2547,2.55
491,0.3,28.2669,2.55
491,0.4,28.2841,2.55
491,0.5,28.3068,2.55
491,0.6,28.3351,2.55
491,0.7,28.3696,2.55
491,0.8,28.4107,2.55
491,0.9,28.4589,2.55
491,1,28.5149,2.55
491,1.1,28.5792,2.55
491,1.2,28.6526,2.5499
491,1.3,28.7357,2.5496
491,1.4,28.8292,2.5481
491,1.5,28.9339,2.5426
491,1.6,29.0504,2.5258
491,1.7,29.1794,2.4826
491,1.8,29.3214,2.389
491,1.9,29.4775,2.2149
491,2,29.6488,1.9318
492,0,28.2467,2.55
492,0.1,28.2491,2.55
492,0.2,28.2564,2.55
492,0.3,28.2686,2.55
492,0.4,28.2859,2.55
492,0.5,28.3086,2.55
492,0.6,28.337,2.55
492,0.7,28.3716,2.55
492,0.8,28.4128,2.55
492,0.9,28.4612,2.55
492,1,28.5173,2.55
492,1.1,28.5818,2.55
492,1.2,28.6553,2.5499
492,1.3,28.7386,2.5496
492,1.4,28.8323,2.5481
492,1.5,28.9372,2.5425
492,1.6,29.0538,2.5256
492,1.7,29.1829,2.4824
492,1.8,29.3252,2.3886
492,1.9,29.4816,2.2144
492,2,29.6532,1.9313
493,0,28.2484,2.55
493,0.1,28.2508,2.55
493,0.2,28.258,2.55
493,0.3,28.2703,2.55
493,0.4,28.2876,2.55
493,0.5,28.3104,2.55
493,0.6,28.339,2.55
493,0.7,28.3737,2.55
493,0.8,28.415,2.55
493,0.9,28.4635,2.55
493,1,28.5197,2.55
493,1.1,28.5844,2.55
493,1.2,28.658,2.5499
493,1.3,28.7415,2.5496
493,1.4,28.8354,2.5481
493,1.5,28.9404,2.5425
493,1.6,29.0572,2.5255
493,1.7,29.1865,2.4821
493,1.8,29.329,2.3882
493,1.9,29.4856,2.2139
493,2,29.6576,1.9308
494,0,28.25,2.55
494,0.1,28.2524,2.55
494,0.2,28.2597,2.55
494,0.3,28.272,2.55
494,0.4,28.2894,2.55
494,0.5,28.3123,2.55
494,0.6,28.3409,2.55
494,0.7,28.3757,2.55
494,0.8,28.4172,2.55
494,0.9,28.4658,2.55
494,1,28.5222,2.55
494,1.1,28.5869,2.55
494,1.2,28.6608,2.5499
494,1.3,28.7444,2.5496
494,1.4,28.8385,2.548
494,1.5,28.9436,2.5424
494,1.6,29.0606,2.5254
494,1.7,29.1901,2.4818
494,1.8,29.3328,2.3878
494,1.9,29.4897,2.2134
494,2,29.662,1.9302
495,0,28.2516,2.55
495,0.1,28.2541,2.55
495,0.2,28.2614,2.55
495,0.3,28.2737,2.55
495,0.4,28.2912,2.55
495,0.5,28.3141,2.55
495,0.6,28.3428,2.55
495,0.7,28.3777,2.55
495,0.8,28.4193,2.55
495,0.9,28.4681,2.55
495,1,28.5246,2.55
495,1.1,28.5895,2.55
495,1.2,28.6636,2.5499
495,1.3,28.7473,2.5496
495,1.4,28.8415,2.548
495,1.5,28.9469,2.5424
495,1.6,29.064,2.5252
495,1.7,29.1937,2.4816
495,1.8,29.3366,2.3874
495,1.9,29.4937,2.2128
495,2,29.6664,1.9297
496,0,28.2533,2.55
496,0.1,28.2557,2.55
496,0.2,28.263,2.55
496,0.3,28.2754,2.55
496,0.4,28.2929,2.55
496,0.5,28.316,2.55
496,0.6,28.3448,2.55
496,0.7,28.3798,2.55
496,0.8,28.4215,2.55
496,0.9,28.4704,2.55
496,1,28.5271,2.55
496,1.1,28.5921,2.55
496,1.2,28.6663,2.5499
496,1.3,28.7502,2.5496
496,1.4,28.8446,2.548
496,1.5,28.9501,2.5423
496,1.6,29.0674,2.5251
496,1.7,29.1973,2.4813
496,1.8,29.3404,2.3869
496,1.9,29.4978,2.2123
496,2,29.6709,1.9292
497,0,28.2549,2.55
497,0.1,28.2574,2.55
497,0.2,28.2647,2.55
497,0.3,28.2771,2.55
497,0.4,28.2947,2.55
497,0.5,28.3178,2.55
497,0.6,28.3467,2.55
497,0.7,28.3818,2.55
497,0.8,28.4237,2.55
497,0.9,28.4727,2.55
497,1,28.5295,2.55
497,1.1,28.5947,2.55
497,1.2,28.6691,2.5499
497,1.3,28.7532,2.5496
497,1.4,28.8477,2.548
497,1.5,28.9534,2.5423
497,1.6,29.0708,2.525
497,1.7,29.2009,2.4811
497,1.8,29.3442,2.3865
497,1.9,29.5019,2.2118
497,2,29.6754,1.9286
498,0,28.2566,2.55
498,0.1,28.259,2.55
498,0.2,28.2664,2.55
498,0.3,28.2788,2.55
498,0.4,28.2965,2.55
498,0.5,28.3197,2.55
498,0.6,28.3487,2.55
498,0.7,28.3839,2.55
498,0.8,28.4258,2.55
498,0.9,28.475,2.55
498,1,28.532,2.55
498,1.1,28.5973,2.55
498,1.2,28.6718,2.5499
498,1.3,28.7561,2.5495
498,1.4,28.8508,2.548
498,1.5,28.9566,2.5422
498,1.6,29.0743,2.5248
498,1.7,29.2045,2.4808
498,1.8,29.348,2.3861
498,1.9,29.5061,2.2113
498,2,29.6798,1.9281
499,0,28.2582,2.55
499,0.1,28.2607,2.55
499,0.2,28.2681,2.55
499,0.3,28.2806,2.55
499,0.4,28.2983,2.55
499,0.5,28.3215,2.55
499,0.6,28.3506,2.55
499,0.7,28.386,2.55
499,0.8,28.428,2.55
499,0.9,28.4773,2.55
499,1,28.5344,2.55
499,1.1,28.6,2.55
499,1.2,28.6746,2.5499
499,1.3,28.759,2.5495
499,1.4,28.8539,2.5479
499,1.5,28.9599,2.5421
499,1.6,29.0777,2.5247
499,1.7,29.2081,2.4805
499,1.8,29.3519,2.3857
499,1.9,29.5102,2.2108
499,2,29.6843,1.9276
500,0,28.2599,2.55
500,0.1,28.2623,2.55
500,0.2,28.2698,2.55
500,0.3,28.2823,2.55
500,0.4,28.3001,2.55
500,0.5,28.3234,2.55
500,0.6,28.3526,2.55
500,0.7,28.388,2.55
500,0.8,28.4302,2.55
500,0.9,28.4796,2.55
500,1,28.5369,2.55
500,1.1,28.6026,2.55
500,1.2,28.6774,2.5499
500,1.3,28.7619,2.5495
500,1.4,28.857,2.5479
500,1.5,28.9631,2.5421
500,1.6,29.0811,2.5246
500,1.7,29.2117,2.4803
500,1.8,29.3558,2.3853
500,1.9,29.5143,2.2102
500,2,29.6888,1.927
501,0,28.2615,2.55
501,0.1,28.264,2.55
501,0.2,28.2715,2.55
501,0.3,28.284,2.55
501,0.4,28.3019,2.55
501,0.5,28.3253,2.55
501,0.6,28.3546,2.55
501,0.7,28.3901,2.55
501,0.8,28.4324,2.55
501,0.9,28.4819,2.55
501,1,28.5393,2.55
501,1.1,28.6052,2.55
501,1.2,28.6801,2.5499
501,1.3,28.7649,2.5495
501,1.4,28.8601,2.5479
501,1.5,28.9664,2.542
501,1.6,29.0846,2.5244
501,1.7,29.2153,2.48
501,1.8,29.3596,2.3849
501,1.9,29.5185,2.2097
501,2,29.6934,1.9265
502,0,28.2632,2.55
502,0.1,28.2657,2.55
502,0.2,28.2732,2.55
502,0.3,28.2858,2.55
502,0.4,28.3037,2.55
502,0.5,28.3272,2.55
502,0.6,28.3565,2.55
502,0.7,28.3922,2.55
502,0.8,28.4346,2.55
502,0.9,28.4843,2.55
502,1,28.5418,2.55
502,1.1,28.6078,2.55
502,1.2,28.6829,2.5499
502,1.3,28.7678,2.5495
502,1.4,28.8632,2.5479
502,1.5,28.9697,2.542
502,1.6,29.088,2.5243
502,1.7,29.219,2.4798
502,1.8,29.3635,2.3845
502,1.9,29.5227,2.2092
502,2,29.6979,1.926
503,0,28.2649,2.55
503,0.1,28.2674,2.55
503,0.2,28.2749,2.55
503,0.3,28.2875,2.55
503,0.4,28.3055,2.55
503,0.5,28.3291,2.55
503,0.6,28.3585,2.55
503,0.7,28.3943,2.55
503,0.8,28.4368,2.55
503,0.9,28.4866,2.55
503,1,28.5443,2.55
503,1.1,28.6104,2.55
503,1.2,28.6857,2.5499
503,1.3,28.7707,2.5495
503,1.4,28.8663,2.5479
503,1.5,28.9729,2.5419
503,1.6,29.0915,2.5242
503,1.7,29.2226,2.4795
503,1.8,29.3674,2.3841
503,1.9,29.5269,2.2087
503,2,29.7024,1.9254
504,0,28.2666,2.55
504,0.1,28.2691,2.55
504,0.2,28.2766,2.55
504,0.3,28.2893,2.55
504,0.4,28.3073,2.55
504,0.5,28.3309,2.55
504,0.6,28.3605,2.55
504,0.7,28.3963,2.55
504,0.8,28.439,2.55
504,0.9,28.4889,2.55
504,1,28.5467,2.55
504,1.1,28.613,2.55
504,1.2,28.6885,2.5499
504,1.3,28.7737,2.5495
504,1.4,28.8694,2.5478
504,1.5,28.9762,2.5419
504,1.6,29.0949,2.524
504,1.7,29.2263,2.4792
504,1.8,29.3713,2.3837
504,1.9,29.5311,2.2082
504,2,29.707,1.9249
505,0,28.2683,2.55
505,0.1,28.2708,2.55
505,0.2,28.2783,2.55
505,0.3,28.2911,2.55
505,0.4,28.3091,2.55
505,0.5,28.3328,2.55
505,0.6,28.3625,2.55
505,0.7,28.3984,2.55
505,0.8,28.4412,2.55
505,0.9,28.4913,2.55
505,1,28.5492,2.55
505,1.1,28.6157,2.55
505,1.2,28.6913,2.5499
505,1.3,28.7766,2.5495
505,1.4,28.8725,2.5478
505,1.5,28.9795,2.5418
505,1.6,29.0984,2.5239
505,1.7,29.23,2.479
505,1.8,29.3752,2.3833
505,1.9,29.5353,2.2076
505,2,29.7116,1.9244
506,0,28.27,2.55
506,0.1,28.2725,2.55
506,0.2,28.2801,2.55
506,0.3,28.2928,2.55
506,0.4,28.311,2.55
506,0.5,28.3347,2.55
506,0.6,28.3645,2.55
506,0.7,28.4005,2.55
506,0.8,28.4434,2.55
506,0.9,28.4936,2.55
506,1,28.5517,2.55
506,1.1,28.6183,2.55
506,1.2,28.694,2.5499
506,1.3,28.7796,2.5495
506,1.4,28.8756,2.5478
506,1.5,28.9827,2.5417
506,1.6,29.1018,2.5237
506,1.7,29.2337,2.4787
506,1.8,29.3792,2.3829
506,1.9,29.5395,2.2071
506,2,29.7162,1.9238
507,0,28.2717,2.55
507,0.1,28.2742,2.55
507,0.2,28.2818,2.55
507,0.3,28.2946,2.55
507,0.4,28.3128,2.55
507,0.5,28.3367,2.55
507,0.6,28.3665,2.55
507,0.7,28.4026,2.55
507,0.8,28.4456,2.55
507,0.9,28.496,2.55
507,1,28.5542,2.55
507,1.1,28.6209,2.55
507,1.2,28.6968,2.5499
507,1.3,28.7825,2.5495
507,1.4,28.8787,2.5478
507,1.5,28.986,2.5417
507,1.6,29.1053,2.5236
507,1.7,29.2374,2.4784
507,1.8,29.3831,2.3825
507,1.9,29.5438,2.2066
507,2,29.7208,1.9233
508,0,28.2734,2.55
508,0.1,28.2759,2.55
508,0.2,28.2835,2.55
508,0.3,28.2964,2.55
508,0.4,28.3147,2.55
508,0.5,28.3386,2.55
508,0.6,28.3685,2.55
508,0.7,28.4047,2.55
508,0.8,28.4479,2.55
508,0.9,28.4983,2.55
508,1,28.5567,2.55
508,1.1,28.6236,2.55
508,1.2,28.6996,2.5499
508,1.3,28.7855,2.5495
508,1.4,28.8818,2.5478
508,1.5,28.9893,2.5416
508,1.6,29.1088,2.5235
508,1.7,29.241,2.4782
508,1.8,29.3871,2.382
508,1.9,29.548,2.2061
508,2,29.7254,1.9228
509,0,28.2751,2.55
509,0.1,28.2776,2.55
509,0.2,28.2853,2.55
509,0.3,28.2982,2.55
509,0.4,28.3165,2.55
509,0.5,28.3405,2.55
509,0.6,28.3705,2.55
509,0.7,28.4069,2.55
509,0.8,28.4501,2.55
509,0.9,28.5007,2.55
509,1,28.5592,2.55
509,1.1,28.6262,2.55
509,1.2,28.7024,2.5499
509,1.3,28.7884,2.5495
509,1.4,28.8849,2.5477
509,1.5,28.9926,2.5416
509,1.6,29.1123,2.5233
509,1.7,29.2448,2.4779
509,1.8,29.391,2.3816
509,1.9,29.5523,2.2056
509,2,29.73,1.9223
510,0,28.2768,2.55
510,0.1,28.2793,2.55
510,0.2,28.287,2.55
510,0.3,28.3,2.55
510,0.4,28.3183,2.55
510,0.5,28.3424,2.55
510,0.6,28.3725,2.55
510,0.7,28.409,2.55
510,0.8,28.4523,2.55
510,0.9,28.503,2.55
510,1,28.5617,2.55
510,1.1,28.6289,2.55
510,1.2,28.7052,2.5499
510,1.3,28.7914,2.5495
510,1.4,28.888,2.5477
510,1.5,28.9959,2.5415
510,1.6,29.1158,2.5232
510,1.7,29.2485,2.4777
510,1.8,29.395,2.3812
510,1.9,29.5566,2.2051
510,2,29.7347,1.9217
511,0,28.2785,2.55
511,0.1,28.2811,2.55
511,0.2,28.2888,2.55
511,0.3,28.3018,2.55
511,0.4,28.3202,2.55
511,0.5,28.3443,2.55
511,0.6,28.3745,2.55
511,0.7,28.4111,2.55
511,0.8,28.4546,2.55
511,0.9,28.5054,2.55
511,1,28.5642,2.55
511,1.1,28.6315,2.55
511,1.2,28.708,2.5499
511,1.3,28.7943,2.5495
511,1.4,28.8912,2.5477
511,1.5,28.9992,2.5414
511,1.6,29.1193,2.5231
511,1.7,29.2522,2.4774
511,1.8,29.399,2.3808
511,1.9,29.5609,2.2045
511,2,29.7393,1.9212
512,0,28.2803,2.55
512,0.1,28.2828,2.55
512,0.2,28.2906,2.55
512,0.3,28.3036,2.55
512,0.4,28.3221,2.55
512,0.5,28.3463,2.55
512,0.6,28.3765,2.55
512,0.7,28.4132,2.55
512,0.8,28.4568,2.55
512,0.9,28.5078,2.55
512,1,28.5667,2.55
512,1.1,28.6342,2.55
512,1.2,28.7108,2.5499
512,1.3,28.7973,2.5495
512,1.4,28.8943,2.5477
512,1.5,29.0025,2.5414
512,1.6,29.1228,2.5229
512,1.7,29.2559,2.4771
512,1.8,29.403,2.3804
512,1.9,29.5652,2.204
512,2,29.744,1.9207
513,0,28.282,2.55
513,0.1,28.2846,2.55
513,0.2,28.2923,2.55
513,0.3,28.3054,2.55
513,0.4,28.3239,2.55
513,0.5,28.3482,2.55
513,0.6,28.3786,2.55
513,0.7,28.4153,2.55
513,0.8,28.459,2.55
513,0.9,28.5101,2.55
513,1,28.5692,2.55
513,1.1,28.6368,2.55
513,1.2,28.7136,2.5499
513,1.3,28.8003,2.5495
513,1.4,28.8974,2.5476
513,1.5,29.0058,2.5413
513,1.6,29.1263,2.5228
513,1.7,29.2597,2.4769
513,1.8,29.407,2.38
513,1.9,29.5695,2.2035
513,2,29.7486,1.9202
514,0,28.2837,2.55
514,0.1,28.2863,2.55
514,0.2,28.2941,2.55
514,0.3,28.3072,2.55
514,0.4,28.3258,2.55
514,0.5,28.3502,2.55
514,0.6,28.3806,2.55
514,0.7,28.4175,2.55
514,0.8,28.4613,2.55
514,0.9,28.5125,2.55
514,1,28.5717,2.55
514,1.1,28.6395,2.55
514,1.2,28.7164,2.5499
514,1.3,28.8032,2.5495
514,1.4,28.9006,2.5476
514,1.5,29.0092,2.5413
514,1.6,29.1298,2.5226
514,1.7,29.2634,2.4766
514,1.8,29.411,2.3796
514,1.9,29.5738,2.203
514,2,29.7533,1.9197
515,0,28.2855,2.55
515,0.1,28.2881,2.55
515,0.2,28.2959,2.55
515,0.3,28.309,2.55
515,0.4,28.3277,2.55
515,0.5,28.3521,2.55
515,0.6,28.3826,2.55
515,0.7,28.4196,2.55
515,0.8,28.4635,2.55
515,0.9,28.5149,2.55
515,1,28.5742,2.55
515,1.1,28.6421,2.55
515,1.2,28.7193,2.5499
515,1.3,28.8062,2.5494
515,1.4,28.9037,2.5476
515,1.5,29.0125,2.5412
515,1.6,29.1333,2.5225
515,1.7,29.2672,2.4763
515,1.8,29.415,2.3792
515,1.9,29.5782,2.2025
515,2,29.758,1.9191
516,0,28.2872,2.55
516,0.1,28.2898,2.55
516,0.2,28.2977,2.55
516,0.3,28.3108,2.55
516,0.4,28.3296,2.55
516,0.5,28.3541,2.55
516,0.6,28.3847,2.55
516,0.7,28.4218,2.55
516,0.8,28.4658,2.55
516,0.9,28.5173,2.55
516,1,28.5768,2.55
516,1.1,28.6448,2.55
516,1.2,28.7221,2.5499
516,1.3,28.8092,2.5494
516,1.4,28.9069,2.5476
516,1.5,29.0158,2.5411
516,1.6,29.1369,2.5224
516,1.7,29.2709,2.4761
516,1.8,29.4191,2.3788
516,1.9,29.5825,2.202
516,2,29.7627,1.9186
517,0,28.289,2.55
517,0.1,28.2916,2.55
517,0.2,28.2995,2.55
517,0.3,28.3127,2.55
517,0.4,28.3315,2.55
517,0.5,28.356,2.55
517,0.6,28.3867,2.55
517,0.7,28.4239,2.55
517,0.8,28.4681,2.55
517,0.9,28.5197,2.55
517,1,28.5793,2.55
517,1.1,28.6475,2.55
517,1.2,28.7249,2.5499
517,1.3,28.8122,2.5494
517,1.4,28.91,2.5476
517,1.5,29.0192,2.5411
517,1.6,29.1404,2.5222
517,1.7,29.2747,2.4758
517,1.8,29.4231,2.3784
517,1.9,29.5869,2.2015
517,2,29.7674,1.9181
518,0,28.2907,2.55
518,0.1,28.2934,2.55
518,0.2,28.3012,2.55
518,0.3,28.3145,2.55
518,0.4,28.3333,2.55
518,0.5,28.358,2.55
518,0.6,28.3888,2.55
518,0.7,28.4261,2.55
518,0.8,28.4703,2.55
518,0.9,28.5221,2.55
518,1,28.5818,2.55
518,1.1,28.6502,2.55
518,1.2,28.7277,2.5499
518,1.3,28.8152,2.5494
518,1.4,28.9132,2.5475
518,1.5,29.0225,2.541
518,1.6,29.144,2.5221
518,1.7,29.2785,2.4756
518,1.8,29.4272,2.378
518,1.9,29.5912,2.201
518,2,29.7722,1.9176
519,0,28.2925,2.55
519,0.1,28.2951,2.55
519,0.2,28.303,2.55
519,0.3,28.3164,2.55
519,0.4,28.3352,2.55
519,0.5,28.36,2.55
519,0.6,28.3908,2.55
519,0.7,28.4282,2.55
519,0.8,28.4726,2.55
519,0.9,28.5245,2.55
519,1,28.5843,2.55
519,1.1,28.6528,2.55
519,1.2,28.7305,2.5499
519,1.3,28.8181,2.5494
519,1.4,28.9163,2.5475
519,1.5,29.0259,2.541
519,1.6,29.1475,2.5219
519,1.7,29.2823,2.4753
519,1.8,29.4312,2.3776
519,1.9,29.5956,2.2004
519,2,29.7769,1.9171
520,0,28.2943,2.55
520,0.1,28.2969,2.55
520,0.2,28.3049,2.55
520,0.3,28.3182,2.55
520,0.4,28.3372,2.55
520,0.5,28.3619,2.55
520,0.6,28.3929,2.55
520,0.7,28.4304,2.55
520,0.8,28.4749,2.55
520,0.9,28.5269,2.55
520,1,28.5869,2.55
520,1.1,28.6555,2.55
520,1.2,28.7334,2.5499
520,1.3,28.8211,2.5494
520,1.4,28.9195,2.5475
520,1.5,29.0292,2.5409
520,1.6,29.1511,2.5218
520,1.7,29.2861,2.475
520,1.8,29.4353,2.3772
520,1.9,29.6,2.1999
520,2,29.7816,1.9165
521,0,28.2961,2.55
521,0.1,28.2987,2.55
521,0.2,28.3067,2.55
521,0.3,28.3201,2.55
521,0.4,28.3391,2.55
521,0.5,28.3639,2.55
521,0.6,28.395,2.55
521,0.7,28.4326,2.55
521,0.8,28.4772,2.55
521,0.9,28.5293,2.55
521,1,28.5894,2.55
521,1.1,28.6582,2.55
521,1.2,28.7362,2.5499
521,1.3,28.8241,2.5494
521,1.4,28.9227,2.5475
521,1.5,29.0326,2.5408
521,1.6,29.1547,2.5217
521,1.7,29.2899,2.4748
521,1.8,29.4394,2.3768
521,1.9,29.6044,2.1994
521,2,29.7864,1.916
522,0,28.2979,2.55
522,0.1,28.3005,2.55
522,0.2,28.3085,2.55
522,0.3,28.3219,2.55
522,0.4,28.341,2.55
522,0.5,28.3659,2.55
522,0.6,28.397,2.55
522,0.7,28.4347,2.55
522,0.8,28.4795,2.55
522,0.9,28.5317,2.55
522,1,28.592,2.55
522,1.1,28.6609,2.55
522,1.2,28.7391,2.5499
522,1.3,28.8271,2.5494
522,1.4,28.9258,2.5474
522,1.5,29.0359,2.5408
522,1.6,29.1582,2.5215
522,1.7,29.2937,2.4745
522,1.8,29.4435,2.3764
522,1.9,29.6088,2.1989
522,2,29.7912,1.9155
523,0,28.2996,2.55
523,0.1,28.3023,2.55
523,0.2,28.3103,2.55
523,0.3,28.3238,2.55
523,0.4,28.3429,2.55
523,0.5,28.3679,2.55
523,0.6,28.3991,2.55
523,0.7,28.4369,2.55
523,0.8,28.4818,2.55
523,0.9,28.5341,2.55
523,1,28.5945,2.55
523,1.1,28.6636,2.55
523,1.2,28.7419,2.5499
523,1.3,28.8301,2.5494
523,1.4,28.929,2.5474
523,1.5,29.0393,2.5407
523,1.6,29.1618,2.5214
523,1.7,29.2976,2.4742
523,1.8,29.4476,2.376
523,1.9,29.6132,2.1984
523,2,29.7959,1.915
524,0,28.3014,2.55
524,0.1,28.3041,2.55
524,0.2,28.3121,2.55
524,0.3,28.3257,2.55
524,0.4,28.3448,2.55
524,0.5,28.3699,2.55
524,0.6,28.4012,2.55
524,0.7,28.4391,2.55
524,0.8,28.484,2.55
524,0.9,28.5365,2.55
524,1,28.5971,2.55
524,1.1,28.6663,2.55
524,1.2,28.7447,2.5499
524,1.3,28.8332,2.5494
524,1.4,28.9322,2.5474
524,1.5,29.0427,2.5406
524,1.6,29.1654,2.5212
524,1.7,29.3014,2.474
524,1.8,29.4517,2.3756
524,1.9,29.6177,2.1979
524,2,29.8007,1.9145
525,0,28.3032,2.55
525,0.1,28.3059,2.55
525,0.2,28.314,2.55
525,0.3,28.3275,2.55
525,0.4,28.3468,2.55
525,0.5,28.3719,2.55
525,0.6,28.4033,2.55
525,0.7,28.4413,2.55
525,0.8,28.4863,2.55
525,0.9,28.5389,2.55
525,1,28.5996,2.55
525,1.1,28.669,2.55
525,1.2,28.7476,2.5499
525,1.3,28.8362,2.5494
525,1.4,28.9354,2.5474
525,1.5,29.0461,2.5406
525,1.6,29.169,2.5211
525,1.7,29.3052,2.4737
525,1.8,29.4558,2.3752
525,1.9,29.6221,2.1974
525,2,29.8055,1.914
526,0,28.305,2.55
526,0.1,28.3077,2.55
526,0.2,28.3158,2.55
526,0.3,28.3294,2.55
526,0.4,28.3487,2.55
526,0.5,28.3739,2.55
526,0.6,28.4054,2.55
526,0.7,28.4435,2.55
526,0.8,28.4887,2.55
526,0.9,28.5414,2.55
526,1,28.6022,2.55
526,1.1,28.6717,2.55
526,1.2,28.7505,2.5499
526,1.3,28.8392,2.5494
526,1.4,28.9386,2.5474
526,1.5,29.0495,2.5405
526,1.6,29.1726,2.5209
526,1.7,29.3091,2.4734
526,1.8,29.46,2.3747
526,1.9,29.6266,2.1969
526,2,29.8103,1.9134
527,0,28.3069,2.55
527,0.1,28.3095,2.55
527,0.2,28.3177,2.55
527,0.3,28.3313,2.55
527,0.4,28.3506,2.55
527,0.5,28.3759,2.55
527,0.6,28.4075,2.55
527,0.7,28.4457,2.55
527,0.8,28.491,2.55
527,0.9,28.5438,2.55
527,1,28.6048,2.55
527,1.1,28.6744,2.55
527,1.2,28.7533,2.5499
527,1.3,28.8422,2.5494
527,1.4,28.9418,2.5473
527,1.5,29.0529,2.5405
527,1.6,29.1762,2.5208
527,1.7,29.313,2.4732
527,1.8,29.4641,2.3743
527,1.9,29.631,2.1964
527,2,29.8151,1.9129
528,0,28.3087,2.55
528,0.1,28.3114,2.55
528,0.2,28.3195,2.55
528,0.3,28.3332,2.55
528,0.4,28.3526,2.55
528,0.5,28.3779,2.55
528,0.6,28.4096,2.55
528,0.7,28.4479,2.55
528,0.8,28.4933,2.55
528,0.9,28.5462,2.55
528,1,28.6073,2.55
528,1.1,28.6771,2.55
528,1.2,28.7562,2.5499
528,1.3,28.8452,2.5494
528,1.4,28.945,2.5473
528,1.5,29.0563,2.5404
528,1.6,29.1799,2.5207
528,1.7,29.3168,2.4729
528,1.8,29.4683,2.3739
528,1.9,29.6355,2.1959
528,2,29.8199,1.9124
529,0,28.3105,2.55
529,0.1,28.3132,2.55
529,0.2,28.3214,2.55
529,0.3,28.3351,2.55
529,0.4,28.3545,2.55
529,0.5,28.38,2.55
529,0.6,28.4117,2.55
529,0.7,28.4501,2.55
529,0.8,28.4956,2.55
529,0.9,28.5487,2.55
529,1,28.6099,2.55
529,1.1,28.6798,2.55
529,1.2,28.759,2.5499
529,1.3,28.8483,2.5494
529,1.4,28.9482,2.5473
529,1.5,29.0597,2.5403
529,1.6,29.1835,2.5205
529,1.7,29.3207,2.4727
529,1.8,29.4724,2.3735
529,1.9,29.64,2.1954
529,2,29.8248,1.9119
530,0,28.3123,2.55
530,0.1,28.315,2.55
530,0.2,28.3232,2.55
530,0.3,28.337,2.55
530,0.4,28.3565,2.55
530,0.5,28.382,2.55
530,0.6,28.4138,2.55
530,0.7,28.4523,2.55
530,0.8,28.4979,2.55
530,0.9,28.5511,2.55
530,1,28.6125,2.55
530,1.1,28.6825,2.55
530,1.2,28.7619,2.5499
530,1.3,28.8513,2.5493
530,1.4,28.9514,2.5473
530,1.5,29.0631,2.5403
530,1.6,29.1871,2.5204
530,1.7,29.3246,2.4724
530,1.8,29.4766,2.3731
530,1.9,29.6444,2.1949
530,2,29.8296,1.9114
531,0,28.3142,2.55
531,0.1,28.3169,2.55
531,0.2,28.3251,2.55
531,0.3,28.3389,2.55
531,0.4,28.3585,2.55
531,0.5,28.384,2.55
531,0.6,28.4159,2.55
531,0.7,28.4545,2.55
531,0.8,28.5002,2.55
531,0.9,28.5536,2.55
531,1,28.615,2.55
531,1.1,28.6852,2.55
531,1.2,28.7648,2.5499
531,1.3,28.8544,2.5493
531,1.4,28.9547,2.5472
531,1.5,29.0665,2.5402
531,1.6,29.1908,2.5202
531,1.7,29.3285,2.4721
531,1.8,29.4808,2.3727
531,1.9,29.6489,2.1944
531,2,29.8345,1.9109
532,0,28.316,2.55
532,0.1,28.3187,2.55
532,0.2,28.327,2.55
532,0.3,28.3408,2.55
532,0.4,28.3604,2.55
532,0.5,28.3861,2.55
532,0.6,28.418,2.55
532,0.7,28.4567,2.55
532,0.8,28.5026,2.55
532,0.9,28.556,2.55
532,1,28.6176,2.55
532,1.1,28.688,2.55
532,1.2,28.7677,2.5499
532,1.3,28.8574,2.5493
532,1.4,28.9579,2.5472
532,1.5,29.0699,2.5401
532,1.6,29.1944,2.5201
532,1.7,29.3324,2.4719
532,1.8,29.4849,2.3723
532,1.9,29.6534,2.1939
532,2,29.8393,1.9104
533,0,28.3179,2.55
533,0.1,28.3206,2.55
533,0.2,28.3288,2.55
533,0.3,28.3427,2.55
533,0.4,28.3624,2.55
533,0.5,28.3881,2.55
533,0.6,28.4202,2.55
533,0.7,28.459,2.55
533,0.8,28.5049,2.55
533,0.9,28.5585,2.55
533,1,28.6202,2.55
533,1.1,28.6907,2.55
533,1.2,28.7706,2.5499
533,1.3,28.8605,2.5493
533,1.4,28.9611,2.5472
533,1.5,29.0734,2.5401
533,1.6,29.1981,2.5199
533,1.7,29.3363,2.4716
533,1.8,29.4891,2.3719
533,1.9,29.6579,2.1934
533,2,29.8442,1.9099
534,0,28.3197,2.55
534,0.1,28.3224,2.55
534,0.2,28.3307,2.55
534,0.3,28.3446,2.55
534,0.4,28.3644,2.55
534,0.5,28.3902,2.55
534,0.6,28.4223,2.55
534,0.7,28.4612,2.55
534,0.8,28.5072,2.55
534,0.9,28.5609,2.55
534,1,28.6228,2.55
534,1.1,28.6934,2.55
534,1.2,28.7734,2.5499
534,1.3,28.8635,2.5493
534,1.4,28.9644,2.5472
534,1.5,29.0768,2.54
534,1.6,29.2017,2.5198
534,1.7,29.3402,2.4713
534,1.8,29.4933,2.3715
534,1.9,29.6625,2.1929
534,2,29.849,1.9094
535,0,28.3216,2.55
535,0.1,28.3243,2.55
535,0.2,28.3326,2.55
535,0.3,28.3466,2.55
535,0.4,28.3664,2.55
535,0.5,28.3922,2.55
535,0.6,28.4244,2.55
535,0.7,28.4634,2.55
535,0.8,28.5096,2.55
535,0.9,28.5634,2.55
535,1,28.6254,2.55
535,1.1,28.6962,2.55
535,1.2,28.7763,2.5499
535,1.3,28.8666,2.5493
535,1.4,28.9676,2.5471
535,1.5,29.0802,2.5399
535,1.6,29.2054,2.5197
535,1.7,29.3441,2.4711
535,1.8,29.4976,2.3711
535,1.9,29.667,2.1924
535,2,29.8539,1.9088
536,0,28.3234,2.55
536,0.1,28.3262,2.55
536,0.2,28.3345,2.55
536,0.3,28.3485,2.55
536,0.4,28.3683,2.55
536,0.5,28.3943,2.55
536,0.6,28.4266,2.55
536,0.7,28.4657,2.55
536,0.8,28.5119,2.55
536,0.9,28.5659,2.55
536,1,28.628,2.55
536,1.1,28.6989,2.55
536,1.2,28.7792,2.5499
536,1.3,28.8696,2.5493
536,1.4,28.9709,2.5471
536,1.5,29.0837,2.5399
536,1.6,29.2091,2.5195
536,1.7,29.3481,2.4708
536,1.8,29.5018,2.3707
536,1.9,29.6715,2.1918
536,2,29.8588,1.9083
537,0,28.3253,2.55
537,0.1,28.3281,2.55
537,0.2,28.3364,2.55
537,0.3,28.3504,2.55
537,0.4,28.3703,2.55
537,0.5,28.3963,2.55
537,0.6,28.4287,2.55
537,0.7,28.4679,2.55
537,0.8,28.5143,2.55
537,0.9,28.5683,2.55
537,1,28.6306,2.55
537,1.1,28.7017,2.55
537,1.2,28.7821,2.5499
537,1.3,28.8727,2.5493
537,1.4,28.9741,2.5471
537,1.5,29.0872,2.5398
537,1.6,29.2128,2.5194
537,1.7,29.352,2.4705
537,1.8,29.506,2.3703
537,1.9,29.6761,2.1913
537,2,29.8637,1.9078
538,0,28.3272,2.55
538,0.1,28.3299,2.55
538,0.2,28.3383,2.55
538,0.3,28.3524,2.55
538,0.4,28.3723,2.55
538,0.5,28.3984,2.55
538,0.6,28.4309,2.55
538,0.7,28.4702,2.55
538,0.8,28.5166,2.55
538,0.9,28.5708,2.55
538,1,28.6332,2.55
538,1.1,28.7044,2.55
538,1.2,28.785,2.5499
538,1.3,28.8758,2.5493
538,1.4,28.9774,2.5471
538,1.5,29.0906,2.5397
538,1.6,29.2165,2.5192
538,1.7,29.356,2.4703
538,1.8,29.5102,2.3699
538,1.9,29.6806,2.1908
538,2,29.8686,1.9073
539,0,28.329,2.55
539,0.1,28.3318,2.55
539,0.2,28.3402,2.55
539,0.3,28.3543,2.55
539,0.4,28.3743,2.55
539,0.5,28.4005,2.55
539,0.6,28.433,2.55
539,0.7,28.4724,2.55
539,0.8,28.519,2.55
539,0.9,28.5733,2.55
539,1,28.6358,2.55
539,1.1,28.7072,2.55
539,1.2,28.788,2.5498
539,1.3,28.8789,2.5493
539,1.4,28.9806,2.547
539,1.5,29.0941,2.5397
539,1.6,29.2202,2.5191
539,1.7,29.3599,2.47
539,1.8,29.5145,2.3695
539,1.9,29.6852,2.1903
539,2,29.8735,1.9068
540,0,28.3309,2.55
540,0.1,28.3337,2.55
540,0.2,28.3421,2.55
540,0.3,28.3563,2.55
540,0.4,28.3763,2.55
540,0.5,28.4025,2.55
540,0.6,28.4352,2.55
540,0.7,28.4747,2.55
540,0.8,28.5214,2.55
540,0.9,28.5758,2.55
540,1,28.6385,2.55
540,1.1,28.7099,2.55
540,1.2,28.7909,2.5498
540,1.3,28.8819,2.5493
540,1.4,28.9839,2.547
540,1.5,29.0976,2.5396
540,1.6,29.2239,2.5189
540,1.7,29.3639,2.4697
540,1.8,29.5187,2.3691
540,1.9,29.6898,2.1898
540,2,29.8784,1.9063
541,0,28.3328,2.55
541,0.1,28.3356,2.55
541,0.2,28.3441,2.55
541,0.3,28.3582,2.55
541,0.4,28.3784,2.55
541,0.5,28.4046,2.55
541,0.6,28.4374,2.55
541,0.7,28.4769,2.55
541,0.8,28.5237,2.55
541,0.9,28.5783,2.55
541,1,28.6411,2.55
541,1.1,28.7127,2.55
541,1.2,28.7938,2.5498
541,1.3,28.885,2.5493
541,1.4,28.9872,2.547
541,1.5,29.1011,2.5395
541,1.6,29.2276,2.5188
541,1.7,29.3679,2.4695
541,1.8,29.523,2.3687
541,1.9,29.6943,2.1894
541,2,29.8833,1.9058
542,0,28.3347,2.55
542,0.1,28.3375,2.55
542,0.2,28.346,2.55
542,0.3,28.3602,2.55
542,0.4,28.3804,2.55
542,0.5,28.4067,2.55
542,0.6,28.4395,2.55
542,0.7,28.4792,2.55
542,0.8,28.5261,2.55
542,0.9,28.5808,2.55
542,1,28.6437,2.55
542,1.1,28.7155,2.55
542,1.2,28.7967,2.5498
542,1.3,28.8881,2.5493
542,1.4,28.9905,2.547
542,1.5,29.1046,2.5395
542,1.6,29.2313,2.5186
542,1.7,29.3718,2.4692
542,1.8,29.5273,2.3683
542,1.9,29.6989,2.1889
542,2,29.8882,1.9053
543,0,28.3366,2.55
543,0.1,28.3394,2.55
543,0.2,28.3479,2.55
543,0.3,28.3622,2.55
543,0.4,28.3824,2.55
543,0.5,28.4088,2.55
543,0.6,28.4417,2.55
543,0.7,28.4815,2.55
543,0.8,28.5285,2.55
543,0.9,28.5833,2.55
543,1,28.6463,2.55
543,1.1,28.7183,2.55
543,1.2,28.7997,2.5498
543,1.3,28.8912,2.5492
543,1.4,28.9938,2.5469
543,1.5,29.1081,2.5394
543,1.6,29.2351,2.5185
543,1.7,29.3758,2.4689
543,1.8,29.5315,2.3679
543,1.9,29.7035,2.1884
543,2,29.893,1.9048
544,0,28.3385,2.55
544,0.1,28.3413,2.55
544,0.2,28.3498,2.55
544,0.3,28.3642,2.55
544,0.4,28.3844,2.55
544,0.5,28.4109,2.55
544,0.6,28.4439,2.55
544,0.7,28.4837,2.55
544,0.8,28.5309,2.55
544,0.9,28.5858,2.55
544,1,28.649,2.55
544,1.1,28.721,2.55
544,1.2,28.8026,2.5498
544,1.3,28.8943,2.5492
544,1.4,28.9971,2.5469
544,1.5,29.1116,2.5393
544,1.6,29.2388,2.5183
544,1.7,29.3798,2.4687
544,1.8,29.5358,2.3675
544,1.9,29.7081,2.1879
544,2,29.8978,1.9043
545,0,28.3404,2.55
545,0.1,28.3433,2.55
545,0.2,28.3518,2.55
545,0.3,28.3661,2.55
545,0.4,28.3865,2.55
545,0.5,28.413,2.55
545,0.6,28.4461,2.55
545,0.7,28.486,2.55
545,0.8,28.5333,2.55
545,0.9,28.5883,2.55
545,1,28.6516,2.55
545,1.1,28.7238,2.55
545,1.2,28.8055,2.5498
545,1.3,28.8975,2.5492
545,1.4,29.0004,2.5469
545,1.5,29.1151,2.5393
545,1.6,29.2425,2.5182
545,1.7,29.3838,2.4684
545,1.8,29.5401,2.3671
545,1.9,29.7126,2.1874
545,2,29.9026,1.9038
546,0,28.3423,2.55
546,0.1,28.3452,2.55
546,0.2,28.3537,2.55
546,0.3,28.3681,2.55
546,0.4,28.3885,2.55
546,0.5,28.4151,2.55
546,0.6,28.4483,2.55
546,0.7,28.4883,2.55
546,0.8,28.5357,2.55
546,0.9,28.5908,2.55
546,1,28.6543,2.55
546,1.1,28.7266,2.55
546,1.2,28.8085,2.5498
546,1.3,28.9006,2.5492
546,1.4,29.0037,2.5469
546,1.5,29.1186,2.5392
546,1.6,29.2463,2.518
546,1.7,29.3878,2.4681
546,1.8,29.5444,2.3667
546,1.9,29.7172,2.1869
546,2,29.9074,1.9033
547,0,28.3443,2.55
547,0.1,28.3471,2.55
547,0.2,28.3557,2.55
547,0.3,28.3701,2.55
547,0.4,28.3905,2.55
547,0.5,28.4172,2.55
547,0.6,28.4505,2.55
547,0.7,28.4906,2.55
547,0.8,28.5381,2.55
547,0.9,28.5933,2.55
547,1,28.6569,2.55
547,1.1,28.7294,2.55
547,1.2,28.8114,2.5498
547,1.3,28.9037,2.5492
547,1.4,29.007,2.5468
547,1.5,29.1221,2.5391
547,1.6,29.25,2.5179
547,1.7,29.3918,2.4679
547,1.8,29.5487,2.3663
547,1.9,29.7217,2.1864
547,2,29.9122,1.9028
548,0,28.3462,2.55
548,0.1,28.349,2.55
548,0.2,28.3576,2.55
548,0.3,28.3721,2.55
548,0.4,28.3926,2.55
548,0.5,28.4193,2.55
548,0.6,28.4527,2.55
548,0.7,28.4929,2.55
548,0.8,28.5405,2.55
548,0.9,28.5958,2.55
548,1,28.6596,2.55
548,1.1,28.7322,2.55
548,1.2,28.8144,2.5498
548,1.3,28.9068,2.5492
548,1.4,29.0103,2.5468
548,1.5,29.1256,2.5391
548,1.6,29.2538,2.5178
548,1.7,29.3959,2.4676
548,1.8,29.553,2.3659
548,1.9,29.7263,2.1859
548,2,29.917,1.9023
549,0,28.3481,2.55
549,0.1,28.351,2.55
549,0.2,28.3596,2.55
549,0.3,28.3741,2.55
549,0.4,28.3946,2.55
549,0.5,28.4215,2.55
549,0.6,28.4549,2.55
549,0.7,28.4952,2.55
549,0.8,28.5429,2.55
549,0.9,28.5984,2.55
549,1,28.6622,2.55
549,1.1,28.735,2.55
549,1.2,28.8173,2.5498
549,1.3,28.91,2.5492
549,1.4,29.0136,2.5468
549,1.5,29.1292,2.539
549,1.6,29.2576,2.5176
549,1.7,29.3999,2.4673
549,1.8,29.5572,2.3655
549,1.9,29.7308,2.1854
549,2,29.9218,1.9018
550,0,28.35,2.55
550,0.1,28.3529,2.55
550,0.2,28.3616,2.55
550,0.3,28.3761,2.55
550,0.4,28.3967,2.55
550,0.5,28.4236,2.55
550,0.6,28.4571,2.55
550,0.7,28.4975,2.55
550,0.8,28.5453,2.55
550,0.9,28.6009,2.55
550,1,28.6649,2.55
550,1.1,28.7378,2.55
550,1.2,28.8203,2.5498
550,1.3,28.9131,2.5492
550,1.4,29.0169,2.5468
550,1.5,29.1327,2.5389
550,1.6,29.2614,2.5175
550,1.7,29.4039,2.4671
550,1.8,29.5615,2.3651
550,1.9,29.7354,2.1849
550,2,29.9265,1.9013
551,0,28.352,2.55
551,0.1,28.3549,2.55
551,0.2,28.3635,2.55
551,0.3,28.3781,2.55
551,0.4,28.3988,2.55
551,0.5,28.4257,2.55
551,0.6,28.4593,2.55
551,0.7,28.4998,2.55
551,0.8,28.5477,2.55
551,0.9,28.6034,2.55
551,1,28.6675,2.55
551,1.1,28.7406,2.55
551,1.2,28.8233,2.5498
551,1.3,28.9162,2.5492
551,1.4,29.0203,2.5467
551,1.5,29.1363,2.5389
551,1.6,29.2651,2.5173
551,1.7,29.4079,2.4668
551,1.8,29.5658,2.3647
551,1.9,29.7399,2.1844
551,2,29.9313,1.9008
552,0,28.3539,2.55
552,0.1,28.3568,2.55
552,0.2,28.3655,2.55
552,0.3,28.3801,2.55
552,0.4,28.4008,2.55
552,0.5,28.4279,2.55
552,0.6,28.4615,2.55
552,0.7,28.5021,2.55
552,0.8,28.5501,2.55
552,0.9,28.606,2.55
552,1,28.6702,2.55
552,1.1,28.7434,2.55
552,1.2,28.8263,2.5498
552,1.3,28.9194,2.5492
552,1.4,29.0236,2.5467
552,1.5,29.1398,2.5388
552,1.6,29.2689,2.5172
552,1.7,29.412,2.4665
552,1.8,29.5701,2.3643
552,1.9,29.7445,2.1839
552,2,29.9361,1.9003
553,0,28.3559,2.55
553,0.1,28.3588,2.55
553,0.2,28.3675,2.55
553,0.3,28.3822,2.55
553,0.4,28.4029,2.55
553,0.5,28.43,2.55
553,0.6,28.4637,2.55
553,0.7,28.5044,2.55
553,0.8,28.5525,2.55
553,0.9,28.6085,2.55
553,1,28.6729,2.55
553,1.1,28.7462,2.55
553,1.2,28.8292,2.5498
553,1.3,28.9225,2.5492
553,1.4,29.027,2.5467
553,1.5,29.1434,2.5387
553,1.6,29.2727,2.517
553,1.7,29.416,2.4663
553,1.8,29.5744,2.3639
553,1.9,29.749,2.1834
553,2,29.9409,1.8998
554,0,28.3578,2.55
554,0.1,28.3607,2.55
554,0.2,28.3695,2.55
554,0.3,28.3842,2.55
554,0.4,28.405,2.55
554,0.5,28.4321,2.55
554,0.6,28.4659,2.55
554,0.7,28.5067,2.55
554,0.8,28.555,2.55
554,0.9,28.611,2.55
554,1,28.6756,2.55
554,1.1,28.7491,2.55
554,1.2,28.8322,2.5498
554,1.3,28.9257,2.5492
554,1.4,29.0303,2.5467
554,1.5,29.1469,2.5387
554,1.6,29.2765,2.5169
554,1.7,29.4201,2.466
554,1.8,29.5787,2.3635
554,1.9,29.7536,2.1829
554,2,29.9456,1.8993
555,0,28.3598,2.55
555,0.1,28.3627,2.55
555,0.2,28.3715,2.55
555,0.3,28.3862,2.55
555,0.4,28.4071,2.55
555,0.5,28.4343,2.55
555,0.6,28.4682,2.55
555,0.7,28.5091,2.55
555,0.8,28.5574,2.55
555,0.9,28.6136,2.55
555,1,28.6782,2.55
555,1.1,28.7519,2.55
555,1.2,28.8352,2.5498
555,1.3,28.9289,2.5491
555,1.4,29.0337,2.5466
555,1.5,29.1505,2.5386
555,1.6,29.2803,2.5167
555,1.7,29.4241,2.4657
555,1.8,29.583,2.3631
555,1.9,29.7581,2.1824
555,2,29.9504,1.8988
556,0,28.3618,2.55
556,0.1,28.3647,2.55
556,0.2,28.3735,2.55
556,0.3,28.3883,2.55
556,0.4,28.4092,2.55
556,0.5,28.4365,2.55
556,0.6,28.4704,2.55
556,0.7,28.5114,2.55
556,0.8,28.5598,2.55
556,0.9,28.6162,2.55
556,1,28.6809,2.55
556,1.1,28.7547,2.55
556,1.2,28.8382,2.5498
556,1.3,28.932,2.5491
556,1.4,29.0371,2.5466
556,1.5,29.1541,2.5385
556,1.6,29.2841,2.5166
556,1.7,29.4282,2.4655
556,1.8,29.5873,2.3627
556,1.9,29.7626,2.1819
556,2,29.9551,1.8983
557,0,28.3637,2.55
557,0.1,28.3667,2.55
557,0.2,28.3755,2.55
557,0.3,28.3903,2.55
557,0.4,28.4113,2.55
557,0.5,28.4386,2.55
557,0.6,28.4727,2.55
557,0.7,28.5137,2.55
557,0.8,28.5623,2.55
557,0.9,28.6187,2.55
557,1,28.6836,2.55
557,1.1,28.7576,2.55
557,1.2,28.8412,2.5498
557,1.3,28.9352,2.5491
557,1.4,29.0404,2.5466
557,1.5,29.1577,2.5385
557,1.6,29.2879,2.5164
557,1.7,29.4322,2.4652
557,1.8,29.5916,2.3623
557,1.9,29.7672,2.1814
557,2,29.9599,1.8978
558,0,28.3657,2.55
558,0.1,28.3687,2.55
558,0.2,28.3775,2.55
558,0.3,28.3923,2.55
558,0.4,28.4134,2.55
558,0.5,28.4408,2.55
558,0.6,28.4749,2.55
558,0.7,28.5161,2.55
558,0.8,28.5647,2.55
558,0.9,28.6213,2.55
558,1,28.6863,2.55
558,1.1,28.7604,2.55
558,1.2,28.8442,2.5498
558,1.3,28.9384,2.5491
558,1.4,29.0438,2.5465
558,1.5,29.1613,2.5384
558,1.6,29.2918,2.5163
558,1.7,29.4363,2.4649
558,1.8,29.5959,2.3619
558,1.9,29.7717,2.181
558,2,29.9647,1.8973
559,0,28.3677,2.55
559,0.1,28.3707,2.55
559,0.2,28.3795,2.55
559,0.3,28.3944,2.55
559,0.4,28.4155,2.55
559,0.5,28.4429,2.55
559,0.6,28.4771,2.55
559,0.7,28.5184,2.55
559,0.8,28.5672,2.55
559,0.9,28.6239,2.55
559,1,28.689,2.55
559,1.1,28.7633,2.55
559,1.2,28.8472,2.5498
559,1.3,28.9416,2.5491
559,1.4,29.0472,2.5465
559,1.5,29.1649,2.5383
559,1.6,29.2956,2.5161
559,1.7,29.4403,2.4647
559,1.8,29.6002,2.3615
559,1.9,29.7762,2.1805
559,2,29.9694,1.8968
560,0,28.3697,2.55
560,0.1,28.3726,2.55
560,0.2,28.3815,2.55
560,0.3,28.3964,2.55
560,0.4,28.4176,2.55
560,0.5,28.4451,2.55
560,0.6,28.4794,2.55
560,0.7,28.5208,2.55
560,0.8,28.5696,2.55
560,0.9,28.6264,2.55
560,1,28.6917,2.55
560,1.1,28.7661,2.55
560,1.2,28.8502,2.5498
560,1.3,28.9448,2.5491
560,1.4,29.0506,2.5465
560,1.5,29.1685,2.5382
560,1.6,29.2994,2.516
560,1.7,29.4444,2.4644
560,1.8,29.6045,2.3611
560,1.9,29.7808,2.18
560,2,29.9742,1.8963
561,0,28.3717,2.55
561,0.1,28.3746,2.55
561,0.2,28.3836,2.55
561,0.3,28.3985,2.55
561,0.4,28.4197,2.55
561,0.5,28.4473,2.55
561,0.6,28.4817,2.55
561,0.7,28.5231,2.55
561,0.8,28.5721,2.55
561,0.9,28.629,2.55
561,1,28.6944,2.55
561,1.1,28.769,2.55
561,1.2,28.8532,2.5498
561,1.3,28.948,2.5491
561,1.4,29.054,2.5465
561,1.5,29.1721,2.5382
561,1.6,29.3032,2.5158
561,1.7,29.4485,2.4641
561,1.8,29.6088,2.3607
561,1.9,29.7853,2.1795
561,2,29.979,1.8958
562,0,28.3737,2.55
562,0.1,28.3767,2.55
562,0.2,28.3856,2.55
562,0.3,28.4006,2.55
562,0.4,28.4218,2.55
562,0.5,28.4495,2.55
562,0.6,28.4839,2.55
562,0.7,28.5255,2.55
562,0.8,28.5745,2.55
562,0.9,28.6316,2.55
562,1,28.6972,2.55
562,1.1,28.7718,2.55
562,1.2,28.8563,2.5498
562,1.3,28.9512,2.5491
562,1.4,29.0574,2.5464
562,1.5,29.1757,2.5381
562,1.6,29.3071,2.5157
562,1.7,29.4525,2.4639
562,1.8,29.6131,2.3603
562,1.9,29.7899,2.179
562,2,29.9837,1.8954
563,0,28.3757,2.55
563,0.1,28.3787,2.55
563,0.2,28.3876,2.55
563,0.3,28.4026,2.55
563,0.4,28.4239,2.55
563,0.5,28.4517,2.55
563,0.6,28.4862,2.55
563,0.7,28.5278,2.55
563,0.8,28.577,2.55
563,0.9,28.6342,2.55
563,1,28.6999,2.55
563,1.1,28.7747,2.55
563,1.2,28.8593,2.5498
563,1.3,28.9544,2.5491
563,1.4,29.0608,2.5464
563,1.5,29.1793,2.538
563,1.6,29.3109,2.5155
563,1.7,29.4566,2.4636
563,1.8,29.6174,2.3599
563,1.9,29.7944,2.1785
563,2,29.9885,1.8949
564,0,28.3777,2.55
564,0.1,28.3807,2.55
564,0.2,28.3897,2.55
564,0.3,28.4047,2.55
564,0.4,28.4261,2.55
564,0.5,28.4539,2.55
564,0.6,28.4885,2.55
564,0.7,28.5302,2.55
564,0.8,28.5795,2.55
564,0.9,28.6368,2.55
564,1,28.7026,2.55
564,1.1,28.7776,2.55
564,1.2,28.8623,2.5498
564,1.3,28.9576,2.5491
564,1.4,29.0642,2.5464
564,1.5,29.1829,2.538
564,1.6,29.3147,2.5154
564,1.7,29.4607,2.4633
564,1.8,29.6217,2.3595
564,1.9,29.7989,2.178
564,2,29.9932,1.8944
565,0,28.3797,2.55
565,0.1,28.3827,2.55
565,0.2,28.3917,2.55
565,0.3,28.4068,2.55
565,0.4,28.4282,2.55
565,0.5,28.4561,2.55
565,0.6,28.4907,2.55
565,0.7,28.5326,2.55
565,0.8,28.582,2.55
565,0.9,28.6394,2.55
565,1,28.7053,2.55
565,1.1,28.7805,2.55
565,1.2,28.8654,2.5498
565,1.3,28.9608,2.5491
565,1.4,29.0676,2.5464
565,1.5,29.1865,2.5379
565,1.6,29.3186,2.5152
565,1.7,29.4648,2.4631
565,1.8,29.6261,2.3591
565,1.9,29.8035,2.1775
565,2,29.998,1.8939
566,0,28.3817,2.55
566,0.1,28.3847,2.55
566,0.2,28.3937,2.55
566,0.3,28.4089,2.55
566,0.4,28.4303,2.55
566,0.5,28.4583,2.55
566,0.6,28.493,2.55
566,0.7,28.5349,2.55
566,0.8,28.5844,2.55
566,0.9,28.642,2.55
566,1,28.7081,2.55
566,1.1,28.7833,2.55
566,1.2,28.8684,2.5498
566,1.3,28.964,2.549
566,1.4,29.071,2.5463
566,1.5,29.1902,2.5378
566,1.6,29.3224,2.5151
566,1.7,29.4688,2.4628
566,1.8,29.6304,2.3588
566,1.9,29.808,2.177
566,2,30.0028,1.8934
567,0,28.3838,2.55
567,0.1,28.3868,2.55
567,0.2,28.3958,2.55
567,0.3,28.411,2.55
567,0.4,28.4325,2.55
567,0.5,28.4605,2.55
567,0.6,28.4953,2.55
567,0.7,28.5373,2.55
567,0.8,28.5869,2.55
567,0.9,28.6446,2.55
567,1,28.7108,2.55
567,1.1,28.7862,2.55
567,1.2,28.8715,2.5498
567,1.3,28.9673,2.549
567,1.4,29.0744,2.5463
567,1.5,29.1938,2.5377
567,1.6,29.3263,2.5149
567,1.7,29.4729,2.4625
567,1.8,29.6347,2.3584
567,1.9,29.8126,2.1766
567,2,30.0075,1.8929
568,0,28.3858,2.55
568,0.1,28.3888,2.55
568,0.2,28.3979,2.55
568,0.3,28.4131,2.55
568,0.4,28.4346,2.55
568,0.5,28.4627,2.55
568,0.6,28.4976,2.55
568,0.7,28.5397,2.55
568,0.8,28.5894,2.55
568,0.9,28.6472,2.55
568,1,28.7136,2.55
568,1.1,28.7891,2.55
568,1.2,28.8745,2.5498
568,1.3,28.9705,2.549
568,1.4,29.0779,2.5463
568,1.5,29.1974,2.5377
568,1.6,29.3302,2.5148
568,1.7,29.477,2.4623
568,1.8,29.639,2.358
568,1.9,29.8171,2.1761
568,2,30.0123,1.8924
569,0,28.3878,2.55
569,0.1,28.3908,2.55
569,0.2,28.3999,2.55
569,0.3,28.4152,2.55
569,0.4,28.4368,2.55
569,0.5,28.4649,2.55
569,0.6,28.4999,2.55
569,0.7,28.5421,2.55
569,0.8,28.5919,2.55
569,0.9,28.6498,2.55
569,1,28.7163,2.55
569,1.1,28.792,2.55
569,1.2,28.8776,2.5498
569,1.3,28.9738,2.549
569,1.4,29.0813,2.5462
569,1.5,29.2011,2.5376
569,1.6,29.334,2.5146
569,1.7,29.4811,2.462
569,1.8,29.6433,2.3576
569,1.9,29.8216,2.1756
569,2,30.017,1.8919
570,0,28.3899,2.55
570,0.1,28.3929,2.55
570,0.2,28.402,2.55
570,0.3,28.4173,2.55
570,0.4,28.4389,2.55
570,0.5,28.4671,2.55
570,0.6,28.5022,2.55
570,0.7,28.5445,2.55
570,0.8,28.5944,2.55
570,0.9,28.6524,2.55
570,1,28.7191,2.55
570,1.1,28.7949,2.55
570,1.2,28.8807,2.5498
570,1.3,28.977,2.549
570,1.4,29.0847,2.5462
570,1.5,29.2047,2.5375
570,1.6,29.3379,2.5145
570,1.7,29.4852,2.4617
570,1.8,29.6476,2.3572
570,1.9,29.8262,2.1751
570,2,30.0218,1.8914
571,0,28.3919,2.55
571,0.1,28.3949,2.55
571,0.2,28.4041,2.55
571,0.3,28.4194,2.55
571,0.4,28.4411,2.55
571,0.5,28.4694,2.55
571,0.6,28.5045,2.55
571,0.7,28.5469,2.55
571,0.8,28.5969,2.55
571,0.9,28.6551,2.55
571,1,28.7218,2.55
571,1.1,28.7978,2.55
571,1.2,28.8837,2.5498
571,1.3,28.9802,2.549
571,1.4,29.0882,2.5462
571,1.5,29.2084,2.5375
571,1.6,29.3417,2.5143
571,1.7,29.4893,2.4614
571,1.8,29.652,2.3568
571,1.9,29.8307,2.1746
571,2,30.0266,1.891
572,0,28.394,2.55
572,0.1,28.397,2.55
572,0.2,28.4061,2.55
572,0.3,28.4215,2.55
572,0.4,28.4433,2.55
572,0.5,28.4716,2.55
572,0.6,28.5068,2.55
572,0.7,28.5493,2.55
572,0.8,28.5994,2.55
572,0.9,28.6577,2.55
572,1,28.7246,2.55
572,1.1,28.8007,2.55
572,1.2,28.8868,2.5498
572,1.3,28.9835,2.549
572,1.4,29.0916,2.5462
572,1.5,29.212,2.5374
572,1.6,29.3456,2.5141
572,1.7,29.4934,2.4612
572,1.8,29.6563,2.3564
572,1.9,29.8353,2.1741
572,2,30.0313,1.8905
573,0,28.396,2.55
573,0.1,28.3991,2.55
573,0.2,28.4082,2.55
573,0.3,28.4236,2.55
573,0.4,28.4454,2.55
573,0.5,28.4738,2.55
573,0.6,28.5091,2.55
573,0.7,28.5517,2.55
573,0.8,28.6019,2.55
573,0.9,28.6603,2.55
573,1,28.7274,2.55
573,1.1,28.8037,2.55
573,1.2,28.8899,2.5498
573,1.3,28.9868,2.549
573,1.4,29.0951,2.5461
573,1.5,29.2157,2.5373
573,1.6,29.3495,2.514
573,1.7,29.4975,2.4609
573,1.8,29.6606,2.356
573,1.9,29.8398,2.1737
573,2,30.0361,1.89
574,0,28.3981,2.55
574,0.1,28.4011,2.55
574,0.2,28.4103,2.55
574,0.3,28.4258,2.55
574,0.4,28.4476,2.55
574,0.5,28.4761,2.55
574,0.6,28.5115,2.55
574,0.7,28.5541,2.55
574,0.8,28.6045,2.55
574,0.9,28.663,2.55
574,1,28.7301,2.55
574,1.1,28.8066,2.55
574,1.2,28.893,2.5498
574,1.3,28.99,2.549
574,1.4,29.0985,2.5461
574,1.5,29.2193,2.5372
574,1.6,29.3534,2.5138
574,1.7,29.5016,2.4606
574,1.8,29.6649,2.3556
574,1.9,29.8444,2.1732
574,2,30.0409,1.8895
575,0,28.4001,2.55
575,0.1,28.4032,2.55
575,0.2,28.4124,2.55
575,0.3,28.4279,2.55
575,0.4,28.4498,2.55
575,0.5,28.4783,2.55
575,0.6,28.5138,2.55
575,0.7,28.5565,2.55
575,0.8,28.607,2.55
575,0.9,28.6656,2.55
575,1,28.7329,2.55
575,1.1,28.8095,2.55
575,1.2,28.8961,2.5498
575,1.3,28.9933,2.549
575,1.4,29.102,2.5461
575,1.5,29.223,2.5372
575,1.6,29.3573,2.5137
575,1.7,29.5057,2.4604
575,1.8,29.6692,2.3552
575,1.9,29.8489,2.1727
575,2,30.0456,1.889
576,0,28.4022,2.55
576,0.1,28.4053,2.55
576,0.2,28.4145,2.55
576,0.3,28.43,2.55
576,0.4,28.452,2.55
576,0.5,28.4806,2.55
576,0.6,28.5161,2.55
576,0.7,28.559,2.55
576,0.8,28.6095,2.55
576,0.9,28.6683,2.55
576,1,28.7357,2.55
576,1.1,28.8124,2.55
576,1.2,28.8992,2.5498
576,1.3,28.9966,2.5489
576,1.4,29.1055,2.546
576,1.5,29.2267,2.5371
576,1.6,29.3611,2.5135
576,1.7,29.5098,2.4601
576,1.8,29.6736,2.3548
576,1.9,29.8535,2.1722
576,2,30.0504,1.8885
577,0,28.4043,2.55
577,0.1,28.4073,2.55
577,0.2,28.4166,2.55
577,0.3,28.4322,2.55
577,0.4,28.4542,2.55
577,0.5,28.4828,2.55
577,0.6,28.5185,2.55
577,0.7,28.5614,2.55
577,0.8,28.6121,2.55
577,0.9,28.6709,2.55
577,1,28.7385,2.55
577,1.1,28.8154,2.55
577,1.2,28.9023,2.5498
577,1.3,28.9998,2.5489
577,1.4,29.1089,2.546
577,1.5,29.2304,2.537
577,1.6,29.365,2.5134
577,1.7,29.5139,2.4598
577,1.8,29.6779,2.3544
577,1.9,29.858,2.1717
577,2,30.0552,1.888
578,0,28.4064,2.55
578,0.1,28.4094,2.55
578,0.2,28.4187,2.55
578,0.3,28.4343,2.55
578,0.4,28.4564,2.55
578,0.5,28.4851,2.55
578,0.6,28.5208,2.55
578,0.7,28.5638,2.55
578,0.8,28.6146,2.55
578,0.9,28.6736,2.55
578,1,28.7413,2.55
578,1.1,28.8183,2.55
578,1.2,28.9054,2.5498
578,1.3,29.0031,2.5489
578,1.4,29.1124,2.546
578,1.5,29.234,2.5369
578,1.6,29.3689,2.5132
578,1.7,29.518,2.4596
578,1.8,29.6822,2.354
578,1.9,29.8626,2.1713
578,2,30.0599,1.8876
579,0,28.4084,2.55
579,0.1,28.4115,2.55
579,0.2,28.4208,2.55
579,0.3,28.4365,2.55
579,0.4,28.4586,2.55
579,0.5,28.4874,2.55
579,0.6,28.5231,2.55
579,0.7,28.5663,2.55
579,0.8,28.6171,2.55
579,0.9,28.6762,2.55
579,1,28.7441,2.55
579,1.1,28.8213,2.55
579,1.2,28.9085,2.5498
579,1.3,29.0064,2.5489
579,1.4,29.1159,2.5459
579,1.5,29.2377,2.5369
579,1.6,29.3728,2.5131
579,1.7,29.5221,2.4593
579,1.8,29.6866,2.3536
579,1.9,29.8671,2.1708
579,2,30.0647,1.8871
580,0,28.4105,2.55
580,0.1,28.4136,2.55
580,0.2,28.423,2.55
580,0.3,28.4386,2.55
580,0.4,28.4608,2.55
580,0.5,28.4896,2.55
580,0.6,28.5255,2.55
580,0.7,28.5687,2.55
580,0.8,28.6197,2.55
580,0.9,28.6789,2.55
580,1,28.7469,2.55
580,1.1,28.8242,2.55
580,1.2,28.9116,2.5497
580,1.3,29.0097,2.5489
580,1.4,29.1194,2.5459
580,1.5,29.2414,2.5368
580,1.6,29.3767,2.5129
580,1.7,29.5262,2.459
580,1.8,29.6909,2.3532
580,1.9,29.8717,2.1703
580,2,30.0695,1.8866
581,0,28.4126,2.55
581,0.1,28.4157,2.55
581,0.2,28.4251,2.55
581,0.3,28.4408,2.55
581,0.4,28.463,2.55
581,0.5,28.4919,2.55
581,0.6,28.5278,2.55
581,0.7,28.5712,2.55
581,0.8,28.6222,2.55
581,0.9,28.6816,2.55
581,1,28.7497,2.55
581,1.1,28.8272,2.5499
581,1.2,28.9147,2.5497
581,1.3,29.013,2.5489
581,1.4,29.1228,2.5459
581,1.5,29.2451,2.5367
581,1.6,29.3806,2.5128
581,1.7,29.5304,2.4588
581,1.8,29.6952,2.3528
581,1.9,29.8762,2.1698
581,2,30.0742,1.8861
582,0,28.4147,2.55
582,0.1,28.4178,2.55
582,0.2,28.4272,2.55
582,0.3,28.4429,2.55
582,0.4,28.4652,2.55
582,0.5,28.4942,2.55
582,0.6,28.5302,2.55
582,0.7,28.5736,2.55
582,0.8,28.6248,2.55
582,0.9,28.6843,2.55
582,1,28.7525,2.55
582,1.1,28.8301,2.5499
582,1.2,28.9178,2.5497
582,1.3,29.0163,2.5489
582,1.4,29.1263,2.5459
582,1.5,29.2488,2.5366
582,1.6,29.3845,2.5126
582,1.7,29.5345,2.4585
582,1.8,29.6996,2.3524
582,1.9,29.8808,2.1693
582,2,30.079,1.8856
583,0,28.4168,2.55
583,0.1,28.4199,2.55
583,0.2,28.4293,2.55
583,0.3,28.4451,2.55
583,0.4,28.4674,2.55
583,0.5,28.4965,2.55
583,0.6,28.5326,2.55
583,0.7,28.5761,2.55
583,0.8,28.6274,2.55
583,0.9,28.6869,2.55
583,1,28.7553,2.55
583,1.1,28.8331,2.5499
583,1.2,28.921,2.5497
583,1.3,29.0196,2.5489
583,1.4,29.1298,2.5458
583,1.5,29.2525,2.5366
583,1.6,29.3884,2.5124
583,1.7,29.5386,2.4582
583,1.8,29.7039,2.3521
583,1.9,29.8853,2.1689
583,2,30.0838,1.8852
584,0,28.4189,2.55
584,0.1,28.4221,2.55
584,0.2,28.4315,2.55
584,0.3,28.4473,2.55
584,0.4,28.4696,2.55
584,0.5,28.4988,2.55
584,0.6,28.5349,2.55
584,0.7,28.5785,2.55
584,0.8,28.6299,2.55
584,0.9,28.6896,2.55
584,1,28.7581,2.55
584,1.1,28.8361,2.5499
584,1.2,28.9241,2.5497
584,1.3,29.0229,2.5489
584,1.4,29.1333,2.5458
584,1.5,29.2562,2.5365
584,1.6,29.3923,2.5123
584,1.7,29.5427,2.458
584,1.8,29.7083,2.3517
584,1.9,29.8899,2.1684
584,2,30.0886,1.8847
585,0,28.421,2.55
585,0.1,28.4242,2.55
585,0.2,28.4336,2.55
585,0.3,28.4495,2.55
585,0.4,28.4719,2.55
585,0.5,28.501,2.55
585,0.6,28.5373,2.55
585,0.7,28.581,2.55
585,0.8,28.6325,2.55
585,0.9,28.6923,2.55
585,1,28.761,2.55
585,1.1,28.8391,2.5499
585,1.2,28.9272,2.5497
585,1.3,29.0262,2.5489
585,1.4,29.1368,2.5458
585,1.5,29.2599,2.5364
585,1.6,29.3963,2.5121
585,1.7,29.5469,2.4577
585,1.8,29.7126,2.3513
585,1.9,29.8945,2.1679
585,2,30.0933,1.8842
586,0,28.4232,2.55
586,0.1,28.4263,2.55
586,0.2,28.4358,2.55
586,0.3,28.4516,2.55
586,0.4,28.4741,2.55
586,0.5,28.5033,2.55
586,0.6,28.5397,2.55
586,0.7,28.5835,2.55
586,0.8,28.6351,2.55
586,0.9,28.695,2.55
586,1,28.7638,2.55
586,1.1,28.842,2.5499
586,1.2,28.9304,2.5497
586,1.3,29.0296,2.5488
586,1.4,29.1404,2.5457
586,1.5,29.2636,2.5363
586,1.6,29.4002,2.512
586,1.7,29.551,2.4574
586,1.8,29.717,2.3509
586,1.9,29.899,2.1674
586,2,30.0981,1.8837
587,0,28.4253,2.55
587,0.1,28.4284,2.55
587,0.2,28.4379,2.55
587,0.3,28.4538,2.55
587,0.4,28.4763,2.55
587,0.5,28.5056,2.55
587,0.6,28.5421,2.55
587,0.7,28.5859,2.55
587,0.8,28.6377,2.55
587,0.9,28.6977,2.55
587,1,28.7666,2.55
587,1.1,28.845,2.5499
587,1.2,28.9335,2.5497
587,1.3,29.0329,2.5488
587,1.4,29.1439,2.5457
587,1.5,29.2673,2.5363
587,1.6,29.4041,2.5118
587,1.7,29.5551,2.4571
587,1.8,29.7213,2.3505
587,1.9,29.9036,2.167
587,2,30.1029,1.8832
588,0,28.4274,2.55
588,0.1,28.4306,2.55
588,0.2,28.4401,2.55
588,0.3,28.456,2.55
588,0.4,28.4786,2.55
588,0.5,28.508,2.55
588,0.6,28.5445,2.55
588,0.7,28.5884,2.55
588,0.8,28.6402,2.55
588,0.9,28.7004,2.55
588,1,28.7695,2.55
588,1.1,28.848,2.5499
588,1.2,28.9367,2.5497
588,1.3,29.0362,2.5488
588,1.4,29.1474,2.5457
588,1.5,29.271,2.5362
588,1.6,29.408,2.5117
588,1.7,29.5593,2.4569
588,1.8,29.7257,2.3501
588,1.9,29.9082,2.1665
588,2,30.1077,1.8828
589,0,28.4295,2.55
589,0.1,28.4327,2.55
589,0.2,28.4422,2.55
589,0.3,28.4582,2.55
589,0.4,28.4808,2.55
589,0.5,28.5103,2.55
589,0.6,28.5468,2.55
589,0.7,28.5909,2.55
589,0.8,28.6428,2.55
589,0.9,28.7031,2.55
589,1,28.7723,2.55
589,1.1,28.851,2.5499
589,1.2,28.9398,2.5497
589,1.3,29.0395,2.5488
589,1.4,29.1509,2.5456
589,1.5,29.2747,2.5361
589,1.6,29.4119,2.5115
589,1.7,29.5634,2.4566
589,1.8,29.73,2.3497
589,1.9,29.9127,2.166
589,2,30.1125,1.8823
590,0,28.4317,2.55
590,0.1,28.4349,2.55
590,0.2,28.4444,2.55
590,0.3,28.4604,2.55
590,0.4,28.4831,2.55
590,0.5,28.5126,2.55
590,0.6,28.5492,2.55
590,0.7,28.5934,2.55
590,0.8,28.6454,2.55
590,0.9,28.7058,2.55
590,1,28.7752,2.55
590,1.1,28.854,2.5499
590,1.2,28.943,2.5497
590,1.3,29.0429,2.5488
590,1.4,29.1544,2.5456
590,1.5,29.2785,2.536
590,1.6,29.4159,2.5114
590,1.7,29.5675,2.4563
590,1.8,29.7344,2.3493
590,1.9,29.9173,2.1655
590,2,30.1173,1.8818
591,0,28.4338,2.55
591,0.1,28.437,2.55
591,0.2,28.4466,2.55
591,0.3,28.4626,2.55
591,0.4,28.4853,2.55
591,0.5,28.5149,2.55
591,0.6,28.5516,2.55
591,0.7,28.5959,2.55
591,0.8,28.648,2.55
591,0.9,28.7086,2.55
591,1,28.778,2.55
591,1.1,28.857,2.5499
591,1.2,28.9462,2.5497
591,1.3,29.0462,2.5488
591,1.4,29.158,2.5456
591,1.5,29.2822,2.536
591,1.6,29.4198,2.5112
591,1.7,29.5717,2.4561
591,1.8,29.7387,2.3489
591,1.9,29.9219,2.1651
591,2,30.122,1.8813
592,0,28.436,2.55
592,0.1,28.4392,2.55
592,0.2,28.4488,2.55
592,0.3,28.4648,2.55
592,0.4,28.4876,2.55
592,0.5,28.5172,2.55
592,0.6,28.554,2.55
592,0.7,28.5984,2.55
592,0.8,28.6506,2.55
592,0.9,28.7113,2.55
592,1,28.7809,2.55
592,1.1,28.86,2.5499
592,1.2,28.9493,2.5497
592,1.3,29.0496,2.5488
592,1.4,29.1615,2.5455
592,1.5,29.2859,2.5359
592,1.6,29.4237,2.511
592,1.7,29.5758,2.4558
592,1.8,29.7431,2.3485
592,1.9,29.9265,2.1646
592,2,30.1268,1.8809
593,0,28.4381,2.55
593,0.1,28.4413,2.55
593,0.2,28.4509,2.55
593,0.3,28.4671,2.55
593,0.4,28.4899,2.55
593,0.5,28.5196,2.55
593,0.6,28.5565,2.55
593,0.7,28.6009,2.55
593,0.8,28.6532,2.55
593,0.9,28.714,2.55
593,1,28.7838,2.55
593,1.1,28.863,2.5499
593,1.2,28.9525,2.5497
593,1.3,29.0529,2.5488
593,1.4,29.165,2.5455
593,1.5,29.2897,2.5358
593,1.6,29.4277,2.5109
593,1.7,29.58,2.4555
593,1.8,29.7475,2.3481
593,1.9,29.931,2.1641
593,2,30.1316,1.8804
594,0,28.4403,2.55
594,0.1,28.4435,2.55
594,0.2,28.4531,2.55
594,0.3,28.4693,2.55
594,0.4,28.4921,2.55
594,0.5,28.5219,2.55
594,0.6,28.5589,2.55
594,0.7,28.6034,2.55
594,0.8,28.6559,2.55
594,0.9,28.7168,2.55
594,1,28.7866,2.55
594,1.1,28.8661,2.5499
594,1.2,28.9557,2.5497
594,1.3,29.0563,2.5488
594,1.4,29.1686,2.5455
594,1.5,29.2934,2.5357
594,1.6,29.4316,2.5107
594,1.7,29.5841,2.4553
594,1.8,29.7518,2.3477
594,1.9,29.9356,2.1636
594,2,30.1364,1.8799
595,0,28.4424,2.55
595,0.1,28.4457,2.55
595,0.2,28.4553,2.55
595,0.3,28.4715,2.55
595,0.4,28.4944,2.55
595,0.5,28.5243,2.55
595,0.6,28.5613,2.55
595,0.7,28.6059,2.55
595,0.8,28.6585,2.55
595,0.9,28.7195,2.55
595,1,28.7895,2.55
595,1.1,28.8691,2.5499
595,1.2,28.9589,2.5497
595,1.3,29.0596,2.5487
595,1.4,29.1721,2.5454
595,1.5,29.2971,2.5356
595,1.6,29.4356,2.5106
595,1.7,29.5883,2.455
595,1.8,29.7562,2.3474
595,1.9,29.9402,2.1632
595,2,30.1412,1.8794
596,0,28.4446,2.55
596,0.1,28.4478,2.55
596,0.2,28.4575,2.55
596,0.3,28.4737,2.55
596,0.4,28.4967,2.55
596,0.5,28.5266,2.55
596,0.6,28.5637,2.55
596,0.7,28.6084,2.55
596,0.8,28.6611,2.55
596,0.9,28.7222,2.55
596,1,28.7924,2.55
596,1.1,28.8721,2.5499
596,1.2,28.9621,2.5497
596,1.3,29.063,2.5487
596,1.4,29.1757,2.5454
596,1.5,29.3009,2.5356
596,1.6,29.4395,2.5104
596,1.7,29.5924,2.4547
596,1.8,29.7606,2.347
596,1.9,29.9448,2.1627
596,2,30.146,1.879
597,0,28.4468,2.55
597,0.1,28.45,2.55
597,0.2,28.4597,2.55
597,0.3,28.476,2.55
597,0.4,28.499,2.55
597,0.5,28.529,2.55
597,0.6,28.5662,2.55
597,0.7,28.6109,2.55
597,0.8,28.6637,2.55
597,0.9,28.725,2.55
597,1,28.7953,2.55
597,1.1,28.8751,2.5499
597,1.2,28.9653,2.5497
597,1.3,29.0664,2.5487
597,1.4,29.1792,2.5454
597,1.5,29.3046,2.5355
597,1.6,29.4435,2.5103
597,1.7,29.5966,2.4544
597,1.8,29.7649,2.3466
597,1.9,29.9494,2.1622
597,2,30.1508,1.8785
598,0,28.449,2.55
598,0.1,28.4522,2.55
598,0.2,28.4619,2.55
598,0.3,28.4782,2.55
598,0.4,28.5013,2.55
598,0.5,28.5313,2.55
598,0.6,28.5686,2.55
598,0.7,28.6135,2.55
598,0.8,28.6664,2.55
598,0.9,28.7277,2.55
598,1,28.7982,2.55
598,1.1,28.8782,2.5499
598,1.2,28.9685,2.5497
598,1.3,29.0697,2.5487
598,1.4,29.1828,2.5454
598,1.5,29.3084,2.5354
598,1.6,29.4474,2.5101
598,1.7,29.6008,2.4542
598,1.8,29.7693,2.3462
598,1.9,29.954,2.1617
598,2,30.1556,1.878
599,0,28.4511,2.55
599,0.1,28.4544,2.55
599,0.2,28.4641,2.55
599,0.3,28.4805,2.55
599,0.4,28.5036,2.55
599,0.5,28.5337,2.55
599,0.6,28.571,2.55
599,0.7,28.616,2.55
599,0.8,28.669,2.55
599,0.9,28.7305,2.55
599,1,28.801,2.55
599,1.1,28.8812,2.5499
599,1.2,28.9717,2.5497
599,1.3,29.0731,2.5487
599,1.4,29.1863,2.5453
599,1.5,29.3121,2.5353
599,1.6,29.4514,2.5099
599,1.7,29.6049,2.4539
599,1.8,29.7737,2.3458
599,1.9,29.9585,2.1613
599,2,30.1604,1.8775
600,0,28.4533,2.55
600,0.1,28.4566,2.55
600,0.2,28.4663,2.55
600,0.3,28.4827,2.55
600,0.4,28.5059,2.55
600,0.5,28.536,2.55
600,0.6,28.5735,2.55
600,0.7,28.6185,2.55
600,0.8,28.6716,2.55
600,0.9,28.7333,2.55
600,1,28.8039,2.55
600,1.1,28.8843,2.5499
600,1.2,28.9749,2.5497
600,1.3,29.0765,2.5487
600,1.4,29.1899,2.5453
600,1.5,29.3159,2.5353
600,1.6,29.4553,2.5098
600,1.7,29.6091,2.4536
600,1.8,29.7781,2.3454
600,1.9,29.9631,2.1608
600,2,30.1652,1.8771
601,0,28.4555,2.55
601,0.1,28.4588,2.55
601,0.2,28.4686,2.55
601,0.3,28.485,2.55
601,0.4,28.5082,2.55
601,0.5,28.5384,2.55
601,0.6,28.5759,2.55
601,0.7,28.6211,2.55
601,0.8,28.6743,2.55
601,0.9,28.736,2.55
601,1,28.8068,2.55
601,1.1,28.8873,2.5499
601,1.2,28.9781,2.5497
601,1.3,29.0799,2.5487
601,1.4,29.1935,2.5453
601,1.5,29.3197,2.5352
601,1.6,29.4593,2.5096
601,1.7,29.6133,2.4534
601,1.8,29.7824,2.345
601,1.9,29.9677,2.1603
601,2,30.1701,1.8766
602,0,28.4577,2.55
602,0.1,28.461,2.55
602,0.2,28.4708,2.55
602,0.3,28.4872,2.55
602,0.4,28.5105,2.55
602,0.5,28.5408,2.55
602,0.6,28.5784,2.55
602,0.7,28.6236,2.55
602,0.8,28.677,2.55
602,0.9,28.7388,2.55
602,1,28.8098,2.55
602,1.1,28.8904,2.5499
602,1.2,28.9813,2.5497
602,1.3,29.0833,2.5487
602,1.4,29.1971,2.5452
602,1.5,29.3234,2.5351
602,1.6,29.4633,2.5095
602,1.7,29.6174,2.4531
602,1.8,29.7868,2.3446
602,1.9,29.9723,2.1599
602,2,30.175,1.8761
603,0,28.4599,2.55
603,0.1,28.4632,2.55
603,0.2,28.473,2.55
603,0.3,28.4895,2.55
603,0.4,28.5128,2.55
603,0.5,28.5432,2.55
603,0.6,28.5808,2.55
603,0.7,28.6262,2.55
603,0.8,28.6796,2.55
603,0.9,28.7416,2.55
603,1,28.8127,2.55
603,1.1,28.8934,2.5499
603,1.2,28.9845,2.5497
603,1.3,29.0867,2.5487
603,1.4,29.2006,2.5452
603,1.5,29.3272,2.535
603,1.6,29.4672,2.5093
603,1.7,29.6216,2.4528
603,1.8,29.7912,2.3442
603,1.9,29.977,2.1594
603,2,30.18,1.8757
604,0,28.4621,2.55
604,0.1,28.4654,2.55
604,0.2,28.4753,2.55
604,0.3,28.4918,2.55
604,0.4,28.5151,2.55
604,0.5,28.5455,2.55
604,0.6,28.5833,2.55
604,0.7,28.6287,2.55
604,0.8,28.6823,2.55
604,0.9,28.7444,2.55
604,1,28.8156,2.55
604,1.1,28.8965,2.5499
604,1.2,28.9877,2.5497
604,1.3,29.0901,2.5486
604,1.4,29.2042,2.5452
604,1.5,29.331,2.5349
604,1.6,29.4712,2.5091
604,1.7,29.6258,2.4526
604,1.8,29.7956,2.3439
604,1.9,29.9816,2.1589
604,2,30.185,1.8752
605,0,28.4643,2.55
605,0.1,28.4676,2.55
605,0.2,28.4775,2.55
605,0.3,28.4941,2.55
605,0.4,28.5175,2.55
605,0.5,28.5479,2.55
605,0.6,28.5858,2.55
605,0.7,28.6313,2.55
605,0.8,28.6849,2.55
605,0.9,28.7472,2.55
605,1,28.8185,2.55
605,1.1,28.8996,2.5499
605,1.2,28.991,2.5497
605,1.3,29.0935,2.5486
605,1.4,29.2078,2.5451
605,1.5,29.3348,2.5349
605,1.6,29.4752,2.509
605,1.7,29.63,2.4523
605,1.8,29.8,2.3435
605,1.9,29.9863,2.1585
605,2,30.19,1.8747
606,0,28.4666,2.55
606,0.1,28.4698,2.55
606,0.2,28.4797,2.55
606,0.3,28.4963,2.55
606,0.4,28.5198,2.55
606,0.5,28.5503,2.55
606,0.6,28.5882,2.55
606,0.7,28.6339,2.55
606,0.8,28.6876,2.55
606,0.9,28.75,2.55
606,1,28.8214,2.55
606,1.1,28.9026,2.5499
606,1.2,28.9942,2.5497
606,1.3,29.0969,2.5486
606,1.4,29.2114,2.5451
606,1.5,29.3385,2.5348
606,1.6,29.4792,2.5088
606,1.7,29.6342,2.452
606,1.8,29.8044,2.3431
606,1.9,29.991,2.158
606,2,30.1951,1.8743
607,0,28.4688,2.55
607,0.1,28.4721,2.55
607,0.2,28.482,2.55
607,0.3,28.4986,2.55
607,0.4,28.5221,2.55
607,0.5,28.5527,2.55
607,0.6,28.5907,2.55
607,0.7,28.6364,2.55
607,0.8,28.6903,2.55
607,0.9,28.7528,2.55
607,1,28.8244,2.55
607,1.1,28.9057,2.5499
607,1.2,28.9975,2.5497
607,1.3,29.1003,2.5486
607,1.4,29.215,2.5451
607,1.5,29.3423,2.5347
607,1.6,29.4832,2.5087
607,1.7,29.6384,2.4517
607,1.8,29.8088,2.3427
607,1.9,29.9957,2.1575
607,2,30.2002,1.8738
608,0,28.471,2.55
608,0.1,28.4743,2.55
608,0.2,28.4842,2.55
608,0.3,28.5009,2.55
608,0.4,28.5245,2.55
608,0.5,28.5551,2.55
608,0.6,28.5932,2.55
608,0.7,28.639,2.55
608,0.8,28.693,2.55
608,0.9,28.7556,2.55
608,1,28.8273,2.55
608,1.1,28.9088,2.5499
608,1.2,29.0007,2.5497
608,1.3,29.1037,2.5486
608,1.4,29.2186,2.545
608,1.5,29.3461,2.5346
608,1.6,29.4871,2.5085
608,1.7,29.6426,2.4515
608,1.8,29.8133,2.3423
608,1.9,30.0004,2.1571
608,2,30.2053,1.8733
609,0,28.4732,2.55
609,0.1,28.4765,2.55
609,0.2,28.4865,2.55
609,0.3,28.5032,2.55
609,0.4,28.5268,2.55
609,0.5,28.5575,2.55
609,0.6,28.5957,2.55
609,0.7,28.6416,2.55
609,0.8,28.6957,2.55
609,0.9,28.7584,2.55
609,1,28.8302,2.55
609,1.1,28.9119,2.5499
609,1.2,29.0039,2.5497
609,1.3,29.1071,2.5486
609,1.4,29.2222,2.545
609,1.5,29.3499,2.5345
609,1.6,29.4911,2.5083
609,1.7,29.6468,2.4512
609,1.8,29.8177,2.3419
609,1.9,30.0051,2.1566
609,2,30.2104,1.8729
610,0,28.4755,2.55
610,0.1,28.4788,2.55
610,0.2,28.4888,2.55
610,0.3,28.5055,2.55
610,0.4,28.5292,2.55
610,0.5,28.56,2.55
610,0.6,28.5982,2.55
610,0.7,28.6442,2.55
610,0.8,28.6983,2.55
610,0.9,28.7612,2.55
610,1,28.8332,2.55
610,1.1,28.915,2.5499
610,1.2,29.0072,2.5496
610,1.3,29.1105,2.5486
610,1.4,29.2258,2.545
610,1.5,29.3537,2.5345
610,1.6,29.4951,2.5082
610,1.7,29.651,2.4509
610,1.8,29.8222,2.3415
610,1.9,30.0099,2.1561
610,2,30.2156,1.8724
611,0,28.4777,2.55
611,0.1,28.481,2.55
611,0.2,28.491,2.55
611,0.3,28.5078,2.55
611,0.4,28.5315,2.55
611,0.5,28.5624,2.55
611,0.6,28.6007,2.55
611,0.7,28.6468,2.55
611,0.8,28.701,2.55
611,0.9,28.764,2.55
611,1,28.8361,2.55
611,1.1,28.9181,2.5499
611,1.2,29.0104,2.5496
611,1.3,29.114,2.5486
611,1.4,29.2294,2.5449
611,1.5,29.3575,2.5344
611,1.6,29.4991,2.508
611,1.7,29.6552,2.4507
611,1.8,29.8267,2.3411
611,1.9,30.0147,2.1557
611,2,30.2207,1.8719
612,0,28.48,2.55
612,0.1,28.4833,2.55
612,0.2,28.4933,2.55
612,0.3,28.5101,2.55
612,0.4,28.5339,2.55
612,0.5,28.5648,2.55
612,0.6,28.6032,2.55
612,0.7,28.6494,2.55
612,0.8,28.7037,2.55
612,0.9,28.7668,2.55
612,1,28.8391,2.55
612,1.1,28.9212,2.5499
612,1.2,29.0137,2.5496
612,1.3,29.1174,2.5485
612,1.4,29.233,2.5449
612,1.5,29.3613,2.5343
612,1.6,29.5031,2.5079
612,1.7,29.6594,2.4504
612,1.8,29.8311,2.3408
612,1.9,30.0195,2.1552
612,2,30.2259,1.8715
613,0,28.4822,2.55
613,0.1,28.4855,2.55
613,0.2,28.4956,2.55
613,0.3,28.5124,2.55
613,0.4,28.5362,2.55
613,0.5,28.5672,2.55
613,0.6,28.6057,2.55
613,0.7,28.652,2.55
613,0.8,28.7064,2.55
613,0.9,28.7696,2.55
613,1,28.842,2.55
613,1.1,28.9243,2.5499
613,1.2,29.017,2.5496
613,1.3,29.1208,2.5485
613,1.4,29.2366,2.5448
613,1.5,29.3651,2.5342
613,1.6,29.5071,2.5077
613,1.7,29.6637,2.4501
613,1.8,29.8356,2.3404
613,1.9,30.0243,2.1547
613,2,30.2311,1.871
614,0,28.4845,2.55
614,0.1,28.4878,2.55
614,0.2,28.4979,2.55
614,0.3,28.5148,2.55
614,0.4,28.5386,2.55
614,0.5,28.5697,2.55
614,0.6,28.6082,2.55
614,0.7,28.6546,2.55
614,0.8,28.7092,2.55
614,0.9,28.7725,2.55
614,1,28.845,2.55
614,1.1,28.9274,2.5499
614,1.2,29.0202,2.5496
614,1.3,29.1243,2.5485
614,1.4,29.2402,2.5448
614,1.5,29.3689,2.5341
614,1.6,29.5112,2.5075
614,1.7,29.6679,2.4498
614,1.8,29.8401,2.34
614,1.9,30.0291,2.1543
614,2,30.2363,1.8705
615,0,28.4867,2.55
615,0.1,28.4901,2.55
615,0.2,28.5002,2.55
615,0.3,28.5171,2.55
615,0.4,28.541,2.55
615,0.5,28.5721,2.55
615,0.6,28.6107,2.55
615,0.7,28.6572,2.55
615,0.8,28.7119,2.55
615,0.9,28.7753,2.55
615,1,28.848,2.55
615,1.1,28.9305,2.5499
615,1.2,29.0235,2.5496
615,1.3,29.1277,2.5485
615,1.4,29.2439,2.5448
615,1.5,29.3727,2.5341
615,1.6,29.5152,2.5074
615,1.7,29.6722,2.4496
615,1.8,29.8447,2.3396
615,1.9,30.034,2.1538
615,2,30.2415,1.8701
616,0,28.489,2.55
616,0.1,28.4923,2.55
616,0.2,28.5025,2.55
616,0.3,28.5194,2.55
616,0.4,28.5434,2.55
616,0.5,28.5745,2.55
616,0.6,28.6132,2.55
616,0.7,28.6598,2.55
616,0.8,28.7146,2.55
616,0.9,28.7781,2.55
616,1,28.8509,2.55
616,1.1,28.9336,2.5499
616,1.2,29.0268,2.5496
616,1.3,29.1312,2.5485
616,1.4,29.2475,2.5447
616,1.5,29.3766,2.534
616,1.6,29.5192,2.5072
616,1.7,29.6764,2.4493
616,1.8,29.8492,2.3392
616,1.9,30.0388,2.1533
616,2,30.2468,1.8696
617,0,28.4913,2.55
617,0.1,28.4946,2.55
617,0.2,28.5048,2.55
617,0.3,28.5217,2.55
617,0.4,28.5457,2.55
617,0.5,28.577,2.55
617,0.6,28.6158,2.55
617,0.7,28.6624,2.55
617,0.8,28.7173,2.55
617,0.9,28.781,2.55
617,1,28.8539,2.55
617,1.1,28.9367,2.5499
617,1.2,29.0301,2.5496
617,1.3,29.1346,2.5485
617,1.4,29.2511,2.5447
617,1.5,29.3804,2.5339
617,1.6,29.5233,2.5071
617,1.7,29.6807,2.449
617,1.8,29.8537,2.3388
617,1.9,30.0437,2.1529
617,2,30.252,1.8691
618,0,28.4935,2.55
618,0.1,28.4969,2.55
618,0.2,28.5071,2.55
618,0.3,28.5241,2.55
618,0.4,28.5481,2.55
618,0.5,28.5794,2.55
618,0.6,28.6183,2.55
618,0.7,28.665,2.55
618,0.8,28.72,2.55
618,0.9,28.7838,2.55
618,1,28.8569,2.55
618,1.1,28.9399,2.5499
618,1.2,29.0334,2.5496
618,1.3,29.1381,2.5485
618,1.4,29.2548,2.5447
618,1.5,29.3842,2.5338
618,1.6,29.5273,2.5069
618,1.7,29.685,2.4488
618,1.8,29.8583,2.3384
618,1.9,30.0486,2.1524
618,2,30.2573,1.8687
619,0,28.4958,2.55
619,0.1,28.4992,2.55
619,0.2,28.5094,2.55
619,0.3,28.5264,2.55
619,0.4,28.5505,2.55
619,0.5,28.5819,2.55
619,0.6,28.6208,2.55
619,0.7,28.6676,2.55
619,0.8,28.7228,2.55
619,0.9,28.7867,2.55
619,1,28.8599,2.55
619,1.1,28.943,2.5499
619,1.2,29.0366,2.5496
619,1.3,29.1415,2.5485
619,1.4,29.2584,2.5446
619,1.5,29.388,2.5337
619,1.6,29.5313,2.5067
619,1.7,29.6892,2.4485
619,1.8,29.8629,2.3381
619,1.9,30.0535,2.152
619,2,30.2626,1.8682
620,0,28.4981,2.55
620,0.1,28.5015,2.55
620,0.2,28.5117,2.55
620,0.3,28.5288,2.55
620,0.4,28.5529,2.55
620,0.5,28.5844,2.55
620,0.6,28.6234,2.55
620,0.7,28.6703,2.55
620,0.8,28.7255,2.55
620,0.9,28.7895,2.55
620,1,28.8629,2.55
620,1.1,28.9461,2.5499
620,1.2,29.0399,2.5496
620,1.3,29.145,2.5484
620,1.4,29.262,2.5446
620,1.5,29.3919,2.5337
620,1.6,29.5354,2.5066
620,1.7,29.6935,2.4482
620,1.8,29.8674,2.3377
620,1.9,30.0584,2.1515
620,2,30.2679,1.8678
621,0,28.5004,2.55
621,0.1,28.5038,2.55
621,0.2,28.514,2.55
621,0.3,28.5311,2.55
621,0.4,28.5553,2.55
621,0.5,28.5868,2.55
621,0.6,28.6259,2.55
621,0.7,28.6729,2.55
621,0.8,28.7283,2.55
621,0.9,28.7924,2.55
621,1,28.8659,2.55
621,1.1,28.9493,2.5499
621,1.2,29.0432,2.5496
621,1.3,29.1485,2.5484
621,1.4,29.2657,2.5446
621,1.5,29.3957,2.5336
621,1.6,29.5395,2.5064
621,1.7,29.6979,2.4479
621,1.8,29.872,2.3373
621,1.9,30.0633,2.151
621,2,30.2732,1.8673
622,0,28.5027,2.55
622,0.1,28.5061,2.55
622,0.2,28.5163,2.55
622,0.3,28.5335,2.55
622,0.4,28.5577,2.55
622,0.5,28.5893,2.55
622,0.6,28.6285,2.55
622,0.7,28.6756,2.55
622,0.8,28.731,2.55
622,0.9,28.7953,2.55
622,1,28.8689,2.55
622,1.1,28.9524,2.5499
622,1.2,29.0465,2.5496
622,1.3,29.1519,2.5484
622,1.4,29.2693,2.5445
622,1.5,29.3996,2.5335
622,1.6,29.5435,2.5063
622,1.7,29.7022,2.4477
622,1.8,29.8766,2.3369
622,1.9,30.0682,2.1506
622,2,30.2785,1.8668
623,0,28.505,2.55
623,0.1,28.5084,2.55
623,0.2,28.5186,2.55
623,0.3,28.5358,2.55
623,0.4,28.5601,2.55
623,0.5,28.5918,2.55
623,0.6,28.631,2.55
623,0.7,28.6782,2.55
623,0.8,28.7338,2.55
623,0.9,28.7981,2.55
623,1,28.8719,2.55
623,1.1,28.9556,2.5499
623,1.2,29.0498,2.5496
623,1.3,29.1554,2.5484
623,1.4,29.273,2.5445
623,1.5,29.4034,2.5334
623,1.6,29.5476,2.5061
623,1.7,29.7065,2.4474
623,1.8,29.8812,2.3365
623,1.9,30.0732,2.1501
623,2,30.2838,1.8664
624,0,28.5073,2.55
624,0.1,28.5107,2.55
624,0.2,28.521,2.55
624,0.3,28.5382,2.55
624,0.4,28.5626,2.55
624,0.5,28.5943,2.55
624,0.6,28.6336,2.55
624,0.7,28.6809,2.55
624,0.8,28.7365,2.55
624,0.9,28.801,2.55
624,1,28.8749,2.55
624,1.1,28.9587,2.5499
624,1.2,29.0532,2.5496
624,1.3,29.1589,2.5484
624,1.4,29.2767,2.5445
624,1.5,29.4073,2.5333
624,1.6,29.5517,2.5059
624,1.7,29.7108,2.4471
624,1.8,29.8859,2.3361
624,1.9,30.0781,2.1497
624,2,30.2892,1.8659
625,0,28.5096,2.55
625,0.1,28.513,2.55
625,0.2,28.5233,2.55
625,0.3,28.5406,2.55
625,0.4,28.565,2.55
625,0.5,28.5967,2.55
625,0.6,28.6361,2.55
625,0.7,28.6835,2.55
625,0.8,28.7393,2.55
625,0.9,28.8039,2.55
625,1,28.8779,2.55
625,1.1,28.9619,2.5499
625,1.2,29.0565,2.5496
625,1.3,29.1624,2.5484
625,1.4,29.2803,2.5444
625,1.5,29.4112,2.5332
625,1.6,29.5558,2.5058
625,1.7,29.7152,2.4469
625,1.8,29.8905,2.3358
625,1.9,30.0831,2.1492
625,2,30.2946,1.8655
626,0,28.5119,2.55
626,0.1,28.5153,2.55
626,0.2,28.5257,2.55
626,0.3,28.543,2.55
626,0.4,28.5674,2.55
626,0.5,28.5992,2.55
626,0.6,28.6387,2.55
626,0.7,28.6862,2.55
626,0.8,28.742,2.55
626,0.9,28.8068,2.55
626,1,28.8809,2.55
626,1.1,28.965,2.5499
626,1.2,29.0598,2.5496
626,1.3,29.1659,2.5484
626,1.4,29.284,2.5444
626,1.5,29.415,2.5332
626,1.6,29.5599,2.5056
626,1.7,29.7195,2.4466
626,1.8,29.8951,2.3354
626,1.9,30.0881,2.1487
626,2,30.2999,1.865
627,0,28.5142,2.55
627,0.1,28.5177,2.55
627,0.2,28.528,2.55
627,0.3,28.5453,2.55
627,0.4,28.5698,2.55
627,0.5,28.6017,2.55
627,0.6,28.6413,2.55
627,0.7,28.6888,2.55
627,0.8,28.7448,2.55
627,0.9,28.8097,2.55
627,1,28.8839,2.55
627,1.1,28.9682,2.5499
627,1.2,29.0631,2.5496
627,1.3,29.1694,2.5484
627,1.4,29.2877,2.5444
627,1.5,29.4189,2.5331
627,1.6,29.564,2.5054
627,1.7,29.7239,2.4463
627,1.8,29.8998,2.335
627,1.9,30.0931,2.1483
627,2,30.3053,1.8645
628,0,28.5165,2.55
628,0.1,28.52,2.55
628,0.2,28.5303,2.55
628,0.3,28.5477,2.55
628,0.4,28.5723,2.55
628,0.5,28.6042,2.55
628,0.6,28.6439,2.55
628,0.7,28.6915,2.55
628,0.8,28.7476,2.55
628,0.9,28.8126,2.55
628,1,28.887,2.55
628,1.1,28.9714,2.5499
628,1.2,29.0664,2.5496
628,1.3,29.1729,2.5483
628,1.4,29.2914,2.5443
628,1.5,29.4228,2.533
628,1.6,29.5681,2.5053
628,1.7,29.7283,2.446
628,1.8,29.9044,2.3346
628,1.9,30.0981,2.1478
628,2,30.3107,1.8641
629,0,28.5189,2.55
629,0.1,28.5223,2.55
629,0.2,28.5327,2.55
629,0.3,28.5501,2.55
629,0.4,28.5747,2.55
629,0.5,28.6067,2.55
629,0.6,28.6464,2.55
629,0.7,28.6942,2.55
629,0.8,28.7504,2.55
629,0.9,28.8155,2.55
629,1,28.89,2.55
629,1.1,28.9746,2.5499
629,1.2,29.0698,2.5496
629,1.3,29.1764,2.5483
629,1.4,29.2951,2.5443
629,1.5,29.4267,2.5329
629,1.6,29.5722,2.5051
629,1.7,29.7326,2.4458
629,1.8,29.9091,2.3342
629,1.9,30.1031,2.1474
629,2,30.3161,1.8636
630,0,28.5212,2.55
630,0.1,28.5247,2.55
630,0.2,28.5351,2.55
630,0.3,28.5525,2.55
630,0.4,28.5772,2.55
630,0.5,28.6092,2.55
630,0.6,28.649,2.55
630,0.7,28.6969,2.55
630,0.8,28.7531,2.55
630,0.9,28.8184,2.55
630,1,28.893,2.55
630,1.1,28.9777,2.5499
630,1.2,29.0731,2.5496
630,1.3,29.1799,2.5483
630,1.4,29.2988,2.5442
630,1.5,29.4306,2.5328
630,1.6,29.5764,2.5049
630,1.7,29.737,2.4455
630,1.8,29.9138,2.3338
630,1.9,30.1081,2.1469
630,2,30.3215,1.8632
631,0,28.5235,2.55
631,0.1,28.527,2.55
631,0.2,28.5374,2.55
631,0.3,28.5549,2.55
631,0.4,28.5796,2.55
631,0.5,28.6118,2.55
631,0.6,28.6516,2.55
631,0.7,28.6995,2.55
631,0.8,28.7559,2.55
631,0.9,28.8213,2.55
631,1,28.8961,2.55
631,1.1,28.9809,2.5499
631,1.2,29.0765,2.5496
631,1.3,29.1834,2.5483
631,1.4,29.3025,2.5442
631,1.5,29.4345,2.5327
631,1.6,29.5805,2.5048
631,1.7,29.7414,2.4452
631,1.8,29.9185,2.3335
631,1.9,30.1131,2.1465
631,2,30.3269,1.8627
632,0,28.5259,2.55
632,0.1,28.5293,2.55
632,0.2,28.5398,2.55
632,0.3,28.5573,2.55
632,0.4,28.5821,2.55
632,0.5,28.6143,2.55
632,0.6,28.6542,2.55
632,0.7,28.7022,2.55
632,0.8,28.7587,2.55
632,0.9,28.8242,2.55
632,1,28.8991,2.55
632,1.1,28.9841,2.5499
632,1.2,29.0798,2.5496
632,1.3,29.1869,2.5483
632,1.4,29.3062,2.5442
632,1.5,29.4384,2.5327
632,1.6,29.5846,2.5046
632,1.7,29.7458,2.445
632,1.8,29.9232,2.3331
632,1.9,30.1182,2.146
632,2,30.3324,1.8623
633,0,28.5282,2.55
633,0.1,28.5317,2.55
633,0.2,28.5422,2.55
633,0.3,28.5597,2.55
633,0.4,28.5845,2.55
633,0.5,28.6168,2.55
633,0.6,28.6568,2.55
633,0.7,28.7049,2.55
633,0.8,28.7615,2.55
633,0.9,28.8271,2.55
633,1,28.9022,2.55
633,1.1,28.9873,2.5499
633,1.2,29.0832,2.5496
633,1.3,29.1904,2.5483
633,1.4,29.3099,2.5441
633,1.5,29.4424,2.5326
633,1.6,29.5888,2.5045
633,1.7,29.7502,2.4447
633,1.8,29.9279,2.3327
633,1.9,30.1232,2.1455
633,2,30.3378,1.8618
634,0,28.5306,2.55
634,0.1,28.5341,2.55
634,0.2,28.5446,2.55
634,0.3,28.5621,2.55
634,0.4,28.587,2.55
634,0.5,28.6193,2.55
634,0.6,28.6594,2.55
634,0.7,28.7076,2.55
634,0.8,28.7643,2.55
634,0.9,28.83,2.55
634,1,28.9052,2.55
634,1.1,28.9905,2.5499
634,1.2,29.0865,2.5496
634,1.3,29.194,2.5483
634,1.4,29.3136,2.5441
634,1.5,29.4463,2.5325
634,1.6,29.5929,2.5043
634,1.7,29.7547,2.4444
634,1.8,29.9327,2.3323
634,1.9,30.1283,2.1451
634,2,30.3433,1.8614
635,0,28.5329,2.55
635,0.1,28.5364,2.55
635,0.2,28.5469,2.55
635,0.3,28.5646,2.55
635,0.4,28.5895,2.55
635,0.5,28.6219,2.55
635,0.6,28.662,2.55
635,0.7,28.7103,2.55
635,0.8,28.7671,2.55
635,0.9,28.833,2.55
635,1,28.9083,2.55
635,1.1,28.9937,2.5499
635,1.2,29.0899,2.5495
635,1.3,29.1975,2.5482
635,1.4,29.3173,2.5441
635,1.5,29.4502,2.5324
635,1.6,29.5971,2.5041
635,1.7,29.7591,2.4441
635,1.8,29.9374,2.3319
635,1.9,30.1334,2.1446
635,2,30.3487,1.8609
636,0,28.5353,2.55
636,0.1,28.5388,2.55
636,0.2,28.5493,2.55
636,0.3,28.567,2.55
636,0.4,28.5919,2.55
636,0.5,28.6244,2.55
636,0.6,28.6646,2.55
636,0.7,28.713,2.55
636,0.8,28.77,2.55
636,0.9,28.8359,2.55
636,1,28.9113,2.55
636,1.1,28.9969,2.5499
636,1.2,29.0932,2.5495
636,1.3,29.201,2.5482
636,1.4,29.3211,2.544
636,1.5,29.4542,2.5323
636,1.6,29.6013,2.504
636,1.7,29.7635,2.4439
636,1.8,29.9421,2.3315
636,1.9,30.1385,2.1442
636,2,30.3542,1.8605
637,0,28.5377,2.55
637,0.1,28.5412,2.55
637,0.2,28.5517,2.55
637,0.3,28.5694,2.55
637,0.4,28.5944,2.55
637,0.5,28.6269,2.55
637,0.6,28.6673,2.55
637,0.7,28.7157,2.55
637,0.8,28.7728,2.55
637,0.9,28.8388,2.55
637,1,28.9144,2.55
637,1.1,29.0001,2.5499
637,1.2,29.0966,2.5495
637,1.3,29.2046,2.5482
637,1.4,29.3248,2.544
637,1.5,29.4581,2.5322
637,1.6,29.6055,2.5038
637,1.7,29.768,2.4436
637,1.8,29.9469,2.3312
637,1.9,30.1436,2.1437
637,2,30.3597,1.86
638,0,28.54,2.55
638,0.1,28.5435,2.55
638,0.2,28.5541,2.55
638,0.3,28.5719,2.55
638,0.4,28.5969,2.55
638,0.5,28.6295,2.55
638,0.6,28.6699,2.55
638,0.7,28.7185,2.55
638,0.8,28.7756,2.55
638,0.9,28.8418,2.55
638,1,28.9175,2.55
638,1.1,29.0033,2.5499
638,1.2,29.1,2.5495
638,1.3,29.2081,2.5482
638,1.4,29.3285,2.5439
638,1.5,29.4621,2.5321
638,1.6,29.6097,2.5036
638,1.7,29.7725,2.4433
638,1.8,29.9517,2.3308
638,1.9,30.1487,2.1433
638,2,30.3652,1.8595
639,0,28.5424,2.55
639,0.1,28.5459,2.55
639,0.2,28.5565,2.55
639,0.3,28.5743,2.55
639,0.4,28.5994,2.55
639,0.5,28.632,2.55
639,0.6,28.6725,2.55
639,0.7,28.7212,2.55
639,0.8,28.7784,2.55
639,0.9,28.8447,2.55
639,1,28.9206,2.55
639,1.1,29.0066,2.5499
639,1.2,29.1034,2.5495
639,1.3,29.2117,2.5482
639,1.4,29.3323,2.5439
639,1.5,29.466,2.5321
639,1.6,29.6139,2.5035
639,1.7,29.7769,2.4431
639,1.8,29.9564,2.3304
639,1.9,30.1538,2.1428
639,2,30.3707,1.8591
640,0,28.5448,2.55
640,0.1,28.5483,2.55
640,0.2,28.5589,2.55
640,0.3,28.5767,2.55
640,0.4,28.6019,2.55
640,0.5,28.6346,2.55
640,0.6,28.6752,2.55
640,0.7,28.7239,2.55
640,0.8,28.7812,2.55
640,0.9,28.8477,2.55
640,1,28.9236,2.55
640,1.1,29.0098,2.5499
640,1.2,29.1068,2.5495
640,1.3,29.2152,2.5482
640,1.4,29.336,2.5439
640,1.5,29.47,2.532
640,1.6,29.6181,2.5033
640,1.7,29.7814,2.4428
640,1.8,29.9612,2.33
640,1.9,30.1589,2.1424
640,2,30.3762,1.8586
641,0,28.5472,2.55
641,0.1,28.5507,2.55
641,0.2,28.5613,2.55
641,0.3,28.5792,2.55
641,0.4,28.6044,2.55
641,0.5,28.6372,2.55
641,0.6,28.6778,2.55
641,0.7,28.7266,2.55
641,0.8,28.7841,2.55
641,0.9,28.8506,2.55
641,1,28.9267,2.55
641,1.1,29.013,2.5499
641,1.2,29.1101,2.5495
641,1.3,29.2188,2.5482
641,1.4,29.3398,2.5438
641,1.5,29.474,2.5319
641,1.6,29.6223,2.5031
641,1.7,29.7859,2.4425
641,1.8,29.966,2.3296
641,1.9,30.1641,2.1419
641,2,30.3817,1.8582
642,0,28.5496,2.55
642,0.1,28.5531,2.55
642,0.2,28.5638,2.55
642,0.3,28.5816,2.55
642,0.4,28.6069,2.55
642,0.5,28.6397,2.55
642,0.6,28.6804,2.55
642,0.7,28.7294,2.55
642,0.8,28.7869,2.55
642,0.9,28.8536,2.55
642,1,28.9298,2.55
642,1.1,29.0163,2.5499
642,1.2,29.1135,2.5495
642,1.3,29.2224,2.5481
642,1.4,29.3436,2.5438
642,1.5,29.4779,2.5318
642,1.6,29.6265,2.503
642,1.7,29.7904,2.4422
642,1.8,29.9708,2.3293
642,1.9,30.1692,2.1415
642,2,30.3872,1.8577
643,0,28.5519,2.55
643,0.1,28.5555,2.55
643,0.2,28.5662,2.55
643,0.3,28.5841,2.55
643,0.4,28.6094,2.55
643,0.5,28.6423,2.55
643,0.6,28.6831,2.55
643,0.7,28.7321,2.55
643,0.8,28.7898,2.55
643,0.9,28.8565,2.55
643,1,28.9329,2.55
643,1.1,29.0195,2.5499
643,1.2,29.1169,2.5495
643,1.3,29.226,2.5481
643,1.4,29.3473,2.5438
643,1.5,29.4819,2.5317
643,1.6,29.6307,2.5028
643,1.7,29.7949,2.442
643,1.8,29.9756,2.3289
643,1.9,30.1744,2.141
643,2,30.3928,1.8573
644,0,28.5543,2.55
644,0.1,28.5579,2.55
644,0.2,28.5686,2.55
644,0.3,28.5866,2.55
644,0.4,28.6119,2.55
644,0.5,28.6449,2.55
644,0.6,28.6857,2.55
644,0.7,28.7349,2.55
644,0.8,28.7926,2.55
644,0.9,28.8595,2.55
644,1,28.936,2.55
644,1.1,29.0227,2.5499
644,1.2,29.1203,2.5495
644,1.3,29.2295,2.5481
644,1.4,29.3511,2.5437
644,1.5,29.4859,2.5316
644,1.6,29.635,2.5026
644,1.7,29.7994,2.4417
644,1.8,29.9805,2.3285
644,1.9,30.1796,2.1406
644,2,30.3983,1.8568
645,0,28.5568,2.55
645,0.1,28.5603,2.55
645,0.2,28.571,2.55
645,0.3,28.589,2.55
645,0.4,28.6144,2.55
645,0.5,28.6475,2.55
645,0.6,28.6884,2.55
645,0.7,28.7376,2.55
645,0.8,28.7955,2.55
645,0.9,28.8625,2.55
645,1,28.9391,2.55
645,1.1,29.026,2.5499
645,1.2,29.1238,2.5495
645,1.3,29.2331,2.5481
645,1.4,29.3549,2.5437
645,1.5,29.4899,2.5315
645,1.6,29.6392,2.5025
645,1.7,29.8039,2.4414
645,1.8,29.9853,2.3281
645,1.9,30.1847,2.1401
645,2,30.4039,1.8564
646,0,28.5592,2.55
646,0.1,28.5627,2.55
646,0.2,28.5735,2.55
646,0.3,28.5915,2.55
646,0.4,28.6169,2.55
646,0.5,28.65,2.55
646,0.6,28.6911,2.55
646,0.7,28.7404,2.55
646,0.8,28.7983,2.55
646,0.9,28.8654,2.55
646,1,28.9422,2.55
646,1.1,29.0292,2.5499
646,1.2,29.1272,2.5495
646,1.3,29.2367,2.5481
646,1.4,29.3587,2.5436
646,1.5,29.4939,2.5315
646,1.6,29.6435,2.5023
646,1.7,29.8085,2.4412
646,1.8,29.9901,2.3277
646,1.9,30.1899,2.1397
646,2,30.4094,1.8559
647,0,28.5616,2.55
647,0.1,28.5652,2.55
647,0.2,28.5759,2.55
647,0.3,28.594,2.55
647,0.4,28.6195,2.55
647,0.5,28.6526,2.55
647,0.6,28.6937,2.55
647,0.7,28.7431,2.55
647,0.8,28.8012,2.55
647,0.9,28.8684,2.55
647,1,28.9453,2.55
647,1.1,29.0325,2.5499
647,1.2,29.1306,2.5495
647,1.3,29.2403,2.5481
647,1.4,29.3625,2.5436
647,1.5,29.498,2.5314
647,1.6,29.6478,2.5021
647,1.7,29.813,2.4409
647,1.8,29.995,2.3274
647,1.9,30.1951,2.1392
647,2,30.415,1.8555
648,0,28.564,2.55
648,0.1,28.5676,2.55
648,0.2,28.5784,2.55
648,0.3,28.5965,2.55
648,0.4,28.622,2.55
648,0.5,28.6552,2.55
648,0.6,28.6964,2.55
648,0.7,28.7459,2.55
648,0.8,28.8041,2.55
648,0.9,28.8714,2.55
648,1,28.9485,2.55
648,1.1,29.0358,2.5499
648,1.2,29.134,2.5495
648,1.3,29.2439,2.5481
648,1.4,29.3663,2.5436
648,1.5,29.502,2.5313
648,1.6,29.652,2.502
648,1.7,29.8176,2.4406
648,1.8,29.9998,2.327
648,1.9,30.2003,2.1388
648,2,30.4206,1.8551
649,0,28.5664,2.55
649,0.1,28.57,2.55
649,0.2,28.5808,2.55
649,0.3,28.5989,2.55
649,0.4,28.6245,2.55
649,0.5,28.6578,2.55
649,0.6,28.6991,2.55
649,0.7,28.7486,2.55
649,0.8,28.8069,2.55
649,0.9,28.8744,2.55
649,1,28.9516,2.55
649,1.1,29.039,2.5499
649,1.2,29.1375,2.5495
649,1.3,29.2475,2.548
649,1.4,29.3701,2.5435
649,1.5,29.506,2.5312
649,1.6,29.6563,2.5018
649,1.7,29.8221,2.4403
649,1.8,30.0047,2.3266
649,1.9,30.2055,2.1383
649,2,30.4262,1.8546
650,0,28.5688,2.55
650,0.1,28.5724,2.55
650,0.2,28.5833,2.55
650,0.3,28.6014,2.55
650,0.4,28.6271,2.55
650,0.5,28.6604,2.55
650,0.6,28.7018,2.55
650,0.7,28.7514,2.55
650,0.8,28.8098,2.55
650,0.9,28.8774,2.55
650,1,28.9547,2.55
650,1.1,29.0423,2.5499
650,1.2,29.1409,2.5495
650,1.3,29.2512,2.548
650,1.4,29.3739,2.5435
650,1.5,29.51,2.5311
650,1.6,29.6606,2.5016
650,1.7,29.8267,2.4401
650,1.8,30.0096,2.3262
650,1.9,30.2107,2.1379
650,2,30.4318,1.8542
651,0,28.5713,2.55
651,0.1,28.5749,2.55
651,0.2,28.5857,2.55
651,0.3,28.6039,2.55
651,0.4,28.6296,2.55
651,0.5,28.663,2.55
651,0.6,28.7044,2.55
651,0.7,28.7542,2.55
651,0.8,28.8127,2.55
651,0.9,28.8804,2.55
651,1,28.9578,2.55
651,1.1,29.0456,2.5499
651,1.2,29.1443,2.5495
651,1.3,29.2548,2.548
651,1.4,29.3777,2.5434
651,1.5,29.5141,2.531
651,1.6,29.6649,2.5015
651,1.7,29.8312,2.4398
651,1.8,30.0145,2.3258
651,1.9,30.216,2.1374
651,2,30.4374,1.8537
652,0,28.5737,2.55
652,0.1,28.5773,2.55
652,0.2,28.5882,2.55
652,0.3,28.6064,2.55
652,0.4,28.6322,2.55
652,0.5,28.6657,2.55
652,0.6,28.7071,2.55
652,0.7,28.757,2.55
652,0.8,28.8156,2.55
652,0.9,28.8834,2.55
652,1,28.961,2.55
652,1.1,29.0489,2.5499
652,1.2,29.1478,2.5495
652,1.3,29.2584,2.548
652,1.4,29.3816,2.5434
652,1.5,29.5181,2.5309
652,1.6,29.6692,2.5013
652,1.7,29.8358,2.4395
652,1.8,30.0194,2.3255
652,1.9,30.2212,2.137
652,2,30.443,1.8533
653,0,28.5762,2.55
653,0.1,28.5798,2.55
653,0.2,28.5907,2.55
653,0.3,28.6089,2.55
653,0.4,28.6347,2.55
653,0.5,28.6683,2.55
653,0.6,28.7098,2.55
653,0.7,28.7598,2.55
653,0.8,28.8185,2.55
653,0.9,28.8864,2.55
653,1,28.9641,2.55
653,1.1,29.0522,2.5499
653,1.2,29.1512,2.5495
653,1.3,29.262,2.548
653,1.4,29.3854,2.5434
653,1.5,29.5222,2.5308
653,1.6,29.6735,2.5011
653,1.7,29.8404,2.4392
653,1.8,30.0243,2.3251
653,1.9,30.2265,2.1365
653,2,30.4486,1.8528
654,0,28.5786,2.55
654,0.1,28.5822,2.55
654,0.2,28.5932,2.55
654,0.3,28.6115,2.55
654,0.4,28.6373,2.55
654,0.5,28.6709,2.55
654,0.6,28.7125,2.55
654,0.7,28.7626,2.55
654,0.8,28.8214,2.55
654,0.9,28.8894,2.55
654,1,28.9673,2.55
654,1.1,29.0555,2.5499
654,1.2,29.1547,2.5495
654,1.3,29.2657,2.548
654,1.4,29.3892,2.5433
654,1.5,29.5263,2.5308
654,1.6,29.6778,2.501
654,1.7,29.845,2.439
654,1.8,30.0292,2.3247
654,1.9,30.2317,2.1361
654,2,30.4543,1.8524
655,0,28.5811,2.55
655,0.1,28.5847,2.55
655,0.2,28.5956,2.55
655,0.3,28.614,2.55
655,0.4,28.6399,2.55
655,0.5,28.6735,2.55
655,0.6,28.7152,2.55
655,0.7,28.7654,2.55
655,0.8,28.8243,2.55
655,0.9,28.8924,2.55
655,1,28.9704,2.55
655,1.1,29.0588,2.5499
655,1.2,29.1582,2.5494
655,1.3,29.2693,2.5479
655,1.4,29.3931,2.5433
655,1.5,29.5303,2.5307
655,1.6,29.6821,2.5008
655,1.7,29.8496,2.4387
655,1.8,30.0341,2.3243
655,1.9,30.237,2.1356
655,2,30.4599,1.8519
656,0,28.5835,2.55
656,0.1,28.5872,2.55
656,0.2,28.5981,2.55
656,0.3,28.6165,2.55
656,0.4,28.6424,2.55
656,0.5,28.6762,2.55
656,0.6,28.718,2.55
656,0.7,28.7682,2.55
656,0.8,28.8272,2.55
656,0.9,28.8955,2.55
656,1,28.9736,2.55
656,1.1,29.0621,2.5499
656,1.2,29.1616,2.5494
656,1.3,29.273,2.5479
656,1.4,29.3969,2.5432
656,1.5,29.5344,2.5306
656,1.6,29.6865,2.5006
656,1.7,29.8542,2.4384
656,1.8,30.039,2.324
656,1.9,30.2423,2.1352
656,2,30.4656,1.8515
657,0,28.586,2.55
657,0.1,28.5896,2.55
657,0.2,28.6006,2.55
657,0.3,28.619,2.55
657,0.4,28.645,2.55
657,0.5,28.6788,2.55
657,0.6,28.7207,2.55
657,0.7,28.771,2.55
657,0.8,28.8301,2.55
657,0.9,28.8985,2.55
657,1,28.9767,2.55
657,1.1,29.0654,2.5499
657,1.2,29.1651,2.5494
657,1.3,29.2766,2.5479
657,1.4,29.4008,2.5432
657,1.5,29.5385,2.5305
657,1.6,29.6908,2.5005
657,1.7,29.8589,2.4382
657,1.8,30.044,2.3236
657,1.9,30.2475,2.1347
657,2,30.4712,1.851
658,0,28.5884,2.55
658,0.1,28.5921,2.55
658,0.2,28.6031,2.55
658,0.3,28.6215,2.55
658,0.4,28.6476,2.55
658,0.5,28.6814,2.55
658,0.6,28.7234,2.55
658,0.7,28.7738,2.55
658,0.8,28.833,2.55
658,0.9,28.9015,2.55
658,1,28.9799,2.55
658,1.1,29.0687,2.5499
658,1.2,29.1686,2.5494
658,1.3,29.2803,2.5479
658,1.4,29.4047,2.5432
658,1.5,29.5426,2.5304
658,1.6,29.6952,2.5003
658,1.7,29.8635,2.4379
658,1.8,30.0489,2.3232
658,1.9,30.2528,2.1343
658,2,30.4769,1.8506
659,0,28.5909,2.55
659,0.1,28.5946,2.55
659,0.2,28.6056,2.55
659,0.3,28.6241,2.55
659,0.4,28.6502,2.55
659,0.5,28.6841,2.55
659,0.6,28.7261,2.55
659,0.7,28.7766,2.55
659,0.8,28.8359,2.55
659,0.9,28.9046,2.55
659,1,28.9831,2.55
659,1.1,29.072,2.5499
659,1.2,29.1721,2.5494
659,1.3,29.284,2.5479
659,1.4,29.4085,2.5431
659,1.5,29.5467,2.5303
659,1.6,29.6995,2.5001
659,1.7,29.8681,2.4376
659,1.8,30.0539,2.3228
659,1.9,30.2581,2.1338
659,2,30.4826,1.8502
660,0,28.5934,2.55
660,0.1,28.5971,2.55
660,0.2,28.6081,2.55
660,0.3,28.6266,2.55
660,0.4,28.6528,2.55
660,0.5,28.6867,2.55
660,0.6,28.7288,2.55
660,0.7,28.7794,2.55
660,0.8,28.8388,2.55
660,0.9,28.9076,2.55
660,1,28.9862,2.55
660,1.1,29.0753,2.5499
660,1.2,29.1756,2.5494
660,1.3,29.2876,2.5479
660,1.4,29.4124,2.5431
660,1.5,29.5508,2.5302
660,1.6,29.7039,2.5
660,1.7,29.8728,2.4373
660,1.8,30.0588,2.3224
660,1.9,30.2634,2.1334
660,2,30.4882,1.8497
661,0,28.5959,2.55
661,0.1,28.5995,2.55
661,0.2,28.6106,2.55
661,0.3,28.6292,2.55
661,0.4,28.6553,2.55
661,0.5,28.6894,2.55
661,0.6,28.7316,2.55
661,0.7,28.7822,2.55
661,0.8,28.8418,2.55
661,0.9,28.9107,2.55
661,1,28.9894,2.55
661,1.1,29.0787,2.5499
661,1.2,29.1791,2.5494
661,1.3,29.2913,2.5479
661,1.4,29.4163,2.543
661,1.5,29.5549,2.5301
661,1.6,29.7083,2.4998
661,1.7,29.8774,2.4371
661,1.8,30.0638,2.3221
661,1.9,30.2688,2.1329
661,2,30.4938,1.8493
662,0,28.5984,2.55
662,0.1,28.602,2.55
662,0.2,28.6131,2.55
662,0.3,28.6317,2.55
662,0.4,28.6579,2.55
662,0.5,28.692,2.55
662,0.6,28.7343,2.55
662,0.7,28.7851,2.55
662,0.8,28.8447,2.55
662,0.9,28.9137,2.55
662,1,28.9926,2.55
662,1.1,29.082,2.5499
662,1.2,29.1826,2.5494
662,1.3,29.295,2.5478
662,1.4,29.4202,2.543
662,1.5,29.5591,2.53
662,1.6,29.7126,2.4996
662,1.7,29.8821,2.4368
662,1.8,30.0688,2.3217
662,1.9,30.2741,2.1325
662,2,30.4994,1.8488
663,0,28.6008,2.55
663,0.1,28.6045,2.55
663,0.2,28.6156,2.55
663,0.3,28.6343,2.55
663,0.4,28.6605,2.55
663,0.5,28.6947,2.55
663,0.6,28.7371,2.55
663,0.7,28.7879,2.55
663,0.8,28.8476,2.55
663,0.9,28.9168,2.55
663,1,28.9958,2.55
663,1.1,29.0854,2.5499
663,1.2,29.1861,2.5494
663,1.3,29.2987,2.5478
663,1.4,29.4241,2.543
663,1.5,29.5632,2.5299
663,1.6,29.717,2.4995
663,1.7,29.8868,2.4365
663,1.8,30.0738,2.3213
663,1.9,30.2794,2.1321
663,2,30.5048,1.8484
664,0,28.6033,2.55
664,0.1,28.607,2.55
664,0.2,28.6182,2.55
664,0.3,28.6368,2.55
664,0.4,28.6632,2.55
664,0.5,28.6974,2.55
664,0.6,28.7398,2.55
664,0.7,28.7907,2.55
664,0.8,28.8506,2.55
664,0.9,28.9198,2.55
664,1,28.999,2.55
664,1.1,29.0887,2.5499
664,1.2,29.1896,2.5494
664,1.3,29.3024,2.5478
664,1.4,29.428,2.5429
664,1.5,29.5673,2.5299
664,1.6,29.7214,2.4993
664,1.7,29.8915,2.4363
664,1.8,30.0787,2.3209
664,1.9,30.2846,2.1316
664,2,30.5103,1.848
665,0,28.6058,2.55
665,0.1,28.6095,2.55
665,0.2,28.6207,2.55
665,0.3,28.6394,2.55
665,0.4,28.6658,2.55
665,0.5,28.7001,2.55
665,0.6,28.7425,2.55
665,0.7,28.7936,2.55
665,0.8,28.8535,2.55
665,0.9,28.9229,2.55
665,1,29.0022,2.55
665,1.1,29.092,2.5499
665,1.2,29.1931,2.5494
665,1.3,29.3061,2.5478
665,1.4,29.4319,2.5429
665,1.5,29.5715,2.5298
665,1.6,29.7258,2.4991
665,1.7,29.8961,2.436
665,1.8,30.0837,2.3206
665,1.9,30.2899,2.1312
665,2,30.5157,1.8475
666,0,28.6083,2.55
666,0.1,28.6121,2.55
666,0.2,28.6232,2.55
666,0.3,28.6419,2.55
666,0.4,28.6684,2.55
666,0.5,28.7027,2.55
666,0.6,28.7453,2.55
666,0.7,28.7964,2.55
666,0.8,28.8565,2.55
666,0.9,28.926,2.55
666,1,29.0054,2.55
666,1.1,29.0954,2.5499
666,1.2,29.1966,2.5494
666,1.3,29.3098,2.5478
666,1.4,29.4358,2.5428
666,1.5,29.5756,2.5297
666,1.6,29.7302,2.4989
666,1.7,29.9008,2.4357
666,1.8,30.0887,2.3202
666,1.9,30.2951,2.1307
666,2,30.521,1.8471
667,0,28.6108,2.55
667,0.1,28.6146,2.55
667,0.2,28.6258,2.55
667,0.3,28.6445,2.55
667,0.4,28.671,2.55
667,0.5,28.7054,2.55
667,0.6,28.7481,2.55
667,0.7,28.7993,2.55
667,0.8,28.8594,2.55
667,0.9,28.9291,2.55
667,1,29.0086,2.55
667,1.1,29.0988,2.5499
667,1.2,29.2002,2.5494
667,1.3,29.3135,2.5478
667,1.4,29.4398,2.5428
667,1.5,29.5798,2.5296
667,1.6,29.7346,2.4988
667,1.7,29.9055,2.4354
667,1.8,30.0937,2.3198
667,1.9,30.3003,2.1303
667,2,30.5264,1.8466
668,0,28.6134,2.55
668,0.1,28.6171,2.55
668,0.2,28.6283,2.55
668,0.3,28.6471,2.55
668,0.4,28.6736,2.55
668,0.5,28.7081,2.55
668,0.6,28.7508,2.55
668,0.7,28.8021,2.55
668,0.8,28.8624,2.55
668,0.9,28.9321,2.55
668,1,29.0118,2.55
668,1.1,29.1021,2.5499
668,1.2,29.2037,2.5494
668,1.3,29.3173,2.5477
668,1.4,29.4437,2.5428
668,1.5,29.584,2.5295
668,1.6,29.7391,2.4986
668,1.7,29.9102,2.4352
668,1.8,30.0987,2.3194
668,1.9,30.3055,2.1299
668,2,30.5317,1.8462
669,0,28.6159,2.55
669,0.1,28.6196,2.55
669,0.2,28.6308,2.55
669,0.3,28.6497,2.55
669,0.4,28.6763,2.55
669,0.5,28.7108,2.55
669,0.6,28.7536,2.55
669,0.7,28.805,2.55
669,0.8,28.8654,2.55
669,0.9,28.9352,2.55
669,1,29.0151,2.55
669,1.1,29.1055,2.5498
669,1.2,29.2072,2.5494
669,1.3,29.321,2.5477
669,1.4,29.4476,2.5427
669,1.5,29.5881,2.5294
669,1.6,29.7435,2.4984
669,1.7,29.9149,2.4349
669,1.8,30.1036,2.3191
669,1.9,30.3107,2.1294
669,2,30.5371,1.8458
670,0,28.6184,2.55
670,0.1,28.6221,2.55
670,0.2,28.6334,2.55
670,0.3,28.6523,2.55
670,0.4,28.6789,2.55
670,0.5,28.7135,2.55
670,0.6,28.7564,2.55
670,0.7,28.8079,2.55
670,0.8,28.8683,2.55
670,0.9,28.9383,2.55
670,1,29.0183,2.55
670,1.1,29.1089,2.5498
670,1.2,29.2108,2.5494
670,1.3,29.3247,2.5477
670,1.4,29.4516,2.5427
670,1.5,29.5923,2.5293
670,1.6,29.7479,2.4983
670,1.7,29.9196,2.4346
670,1.8,30.1086,2.3187
670,1.9,30.3159,2.129
670,2,30.5424,1.8453
671,0,28.6209,2.55
671,0.1,28.6247,2.55
671,0.2,28.636,2.55
671,0.3,28.6549,2.55
671,0.4,28.6815,2.55
671,0.5,28.7162,2.55
671,0.6,28.7592,2.55
671,0.7,28.8107,2.55
671,0.8,28.8713,2.55
671,0.9,28.9414,2.55
671,1,29.0215,2.55
671,1.1,29.1123,2.5498
671,1.2,29.2143,2.5494
671,1.3,29.3285,2.5477
671,1.4,29.4555,2.5426
671,1.5,29.5965,2.5292
671,1.6,29.7524,2.4981
671,1.7,29.9243,2.4343
671,1.8,30.1135,2.3183
671,1.9,30.3211,2.1285
671,2,30.5477,1.8449
672,0,28.6235,2.55
672,0.1,28.6272,2.55
672,0.2,28.6385,2.55
672,0.3,28.6575,2.55
672,0.4,28.6842,2.55
672,0.5,28.7189,2.55
672,0.6,28.7619,2.55
672,0.7,28.8136,2.55
672,0.8,28.8743,2.55
672,0.9,28.9445,2.55
672,1,29.0248,2.55
672,1.1,29.1157,2.5498
672,1.2,29.2179,2.5494
672,1.3,29.3322,2.5477
672,1.4,29.4595,2.5426
672,1.5,29.6007,2.5291
672,1.6,29.7568,2.4979
672,1.7,29.929,2.4341
672,1.8,30.1185,2.3179
672,1.9,30.3262,2.1281
672,2,30.5529,1.8445
673,0,28.626,2.55
673,0.1,28.6298,2.55
673,0.2,28.6411,2.55
673,0.3,28.6601,2.55
673,0.4,28.6868,2.55
673,0.5,28.7216,2.55
673,0.6,28.7647,2.55
673,0.7,28.8165,2.55
673,0.8,28.8773,2.55
673,0.9,28.9476,2.55
673,1,29.028,2.55
673,1.1,29.1191,2.5498
673,1.2,29.2215,2.5494
673,1.3,29.336,2.5477
673,1.4,29.4635,2.5425
673,1.5,29.6049,2.529
673,1.6,29.7613,2.4978
673,1.7,29.9337,2.4338
673,1.8,30.1234,2.3176
673,1.9,30.3313,2.1277
673,2,30.5582,1.844
674,0,28.6285,2.55
674,0.1,28.6323,2.55
674,0.2,28.6437,2.55
674,0.3,28.6627,2.55
674,0.4,28.6895,2.55
674,0.5,28.7243,2.55
674,0.6,28.7675,2.55
674,0.7,28.8194,2.55
674,0.8,28.8803,2.55
674,0.9,28.9507,2.55
674,1,29.0313,2.55
674,1.1,29.1225,2.5498
674,1.2,29.225,2.5493
674,1.3,29.3397,2.5476
674,1.4,29.4674,2.5425
674,1.5,29.6091,2.5289
674,1.6,29.7657,2.4976
674,1.7,29.9385,2.4335
674,1.8,30.1284,2.3172
674,1.9,30.3365,2.1272
674,2,30.5634,1.8436
675,0,28.6311,2.55
675,0.1,28.6349,2.55
675,0.2,28.6462,2.55
675,0.3,28.6653,2.55
675,0.4,28.6921,2.55
675,0.5,28.7271,2.55
675,0.6,28.7703,2.55
675,0.7,28.8223,2.55
675,0.8,28.8833,2.55
675,0.9,28.9539,2.55
675,1,29.0345,2.55
675,1.1,29.1259,2.5498
675,1.2,29.2286,2.5493
675,1.3,29.3435,2.5476
675,1.4,29.4714,2.5425
675,1.5,29.6133,2.5289
675,1.6,29.7702,2.4974
675,1.7,29.9432,2.4333
675,1.8,30.1333,2.3168
675,1.9,30.3416,2.1268
675,2,30.5687,1.8431
676,0,28.6336,2.55
676,0.1,28.6374,2.55
676,0.2,28.6488,2.55
676,0.3,28.6679,2.55
676,0.4,28.6948,2.55
676,0.5,28.7298,2.55
676,0.6,28.7731,2.55
676,0.7,28.8252,2.55
676,0.8,28.8863,2.55
676,0.9,28.957,2.55
676,1,29.0378,2.55
676,1.1,29.1293,2.5498
676,1.2,29.2322,2.5493
676,1.3,29.3473,2.5476
676,1.4,29.4754,2.5424
676,1.5,29.6175,2.5288
676,1.6,29.7746,2.4972
676,1.7,29.9479,2.433
676,1.8,30.1382,2.3164
676,1.9,30.3467,2.1263
676,2,30.5739,1.8427
677,0,28.6362,2.55
677,0.1,28.64,2.55
677,0.2,28.6514,2.55
677,0.3,28.6705,2.55
677,0.4,28.6975,2.55
677,0.5,28.7325,2.55
677,0.6,28.7759,2.55
677,0.7,28.8281,2.55
677,0.8,28.8893,2.55
677,0.9,28.9601,2.55
677,1,29.041,2.55
677,1.1,29.1327,2.5498
677,1.2,29.2358,2.5493
677,1.3,29.3511,2.5476
677,1.4,29.4794,2.5424
677,1.5,29.6217,2.5287
677,1.6,29.7791,2.4971
677,1.7,29.9526,2.4327
677,1.8,30.1432,2.3161
677,1.9,30.3518,2.1259
677,2,30.5791,1.8423
678,0,28.6388,2.55
678,0.1,28.6426,2.55
678,0.2,28.654,2.55
678,0.3,28.6731,2.55
678,0.4,28.7001,2.55
678,0.5,28.7353,2.55
678,0.6,28.7788,2.55
678,0.7,28.831,2.55
678,0.8,28.8923,2.55
678,0.9,28.9632,2.55
678,1,29.0443,2.55
678,1.1,29.1361,2.5498
678,1.2,29.2394,2.5493
678,1.3,29.3549,2.5476
678,1.4,29.4834,2.5423
678,1.5,29.626,2.5286
678,1.6,29.7836,2.4969
678,1.7,29.9573,2.4324
678,1.8,30.1481,2.3157
678,1.9,30.3569,2.1255
678,2,30.5843,1.8418
679,0,28.6413,2.55
679,0.1,28.6451,2.55
679,0.2,28.6566,2.55
679,0.3,28.6758,2.55
679,0.4,28.7028,2.55
679,0.5,28.738,2.55
679,0.6,28.7816,2.55
679,0.7,28.8339,2.55
679,0.8,28.8953,2.55
679,0.9,28.9664,2.55
679,1,29.0476,2.55
679,1.1,29.1395,2.5498
679,1.2,29.243,2.5493
679,1.3,29.3586,2.5476
679,1.4,29.4874,2.5423
679,1.5,29.6302,2.5285
679,1.6,29.788,2.4967
679,1.7,29.962,2.4322
679,1.8,30.153,2.3153
679,1.9,30.362,2.125
679,2,30.5895,1.8414
680,0,28.6439,2.55
680,0.1,28.6477,2.55
680,0.2,28.6592,2.55
680,0.3,28.6784,2.55
680,0.4,28.7055,2.55
680,0.5,28.7408,2.55
680,0.6,28.7844,2.55
680,0.7,28.8368,2.55
680,0.8,28.8983,2.55
680,0.9,28.9695,2.55
680,1,29.0509,2.55
680,1.1,29.143,2.5498
680,1.2,29.2466,2.5493
680,1.3,29.3624,2.5475
680,1.4,29.4914,2.5422
680,1.5,29.6344,2.5284
680,1.6,29.7925,2.4966
680,1.7,29.9667,2.4319
680,1.8,30.1579,2.315
680,1.9,30.3671,2.1246
680,2,30.5947,1.841
681,0,28.6465,2.55
681,0.1,28.6503,2.55
681,0.2,28.6618,2.55
681,0.3,28.681,2.55
681,0.4,28.7082,2.55
681,0.5,28.7435,2.55
681,0.6,28.7872,2.55
681,0.7,28.8397,2.55
681,0.8,28.9014,2.55
681,0.9,28.9727,2.55
681,1,29.0541,2.55
681,1.1,29.1464,2.5498
681,1.2,29.2502,2.5493
681,1.3,29.3662,2.5475
681,1.4,29.4954,2.5422
681,1.5,29.6387,2.5283
681,1.6,29.797,2.4964
681,1.7,29.9714,2.4316
681,1.8,30.1628,2.3146
681,1.9,30.3721,2.1241
681,2,30.5999,1.8405
682,0,28.6491,2.55
682,0.1,28.6529,2.55
682,0.2,28.6644,2.55
682,0.3,28.6837,2.55
682,0.4,28.7109,2.55
682,0.5,28.7463,2.55
682,0.6,28.7901,2.55
682,0.7,28.8426,2.55
682,0.8,28.9044,2.55
682,0.9,28.9758,2.55
682,1,29.0574,2.55
682,1.1,29.1499,2.5498
682,1.2,29.2538,2.5493
682,1.3,29.3701,2.5475
682,1.4,29.4994,2.5422
682,1.5,29.6429,2.5282
682,1.6,29.8014,2.4962
682,1.7,29.9761,2.4314
682,1.8,30.1677,2.3142
682,1.9,30.3772,2.1237
682,2,30.6051,1.8401
683,0,28.6516,2.55
683,0.1,28.6555,2.55
683,0.2,28.667,2.55
683,0.3,28.6863,2.55
683,0.4,28.7136,2.55
683,0.5,28.749,2.55
683,0.6,28.7929,2.55
683,0.7,28.8456,2.55
683,0.8,28.9074,2.55
683,0.9,28.979,2.55
683,1,29.0607,2.55
683,1.1,29.1533,2.5498
683,1.2,29.2574,2.5493
683,1.3,29.3739,2.5475
683,1.4,29.5035,2.5421
683,1.5,29.6471,2.5281
683,1.6,29.8059,2.496
683,1.7,29.9808,2.4311
683,1.8,30.1726,2.3138
683,1.9,30.3822,2.1233
683,2,30.6103,1.8397
684,0,28.6542,2.55
684,0.1,28.6581,2.55
684,0.2,28.6696,2.55
684,0.3,28.689,2.55
684,0.4,28.7163,2.55
684,0.5,28.7518,2.55
684,0.6,28.7957,2.55
684,0.7,28.8485,2.55
684,0.8,28.9105,2.55
684,0.9,28.9821,2.55
684,1,29.064,2.55
684,1.1,29.1568,2.5498
684,1.2,29.2611,2.5493
684,1.3,29.3777,2.5475
684,1.4,29.5075,2.5421
684,1.5,29.6514,2.528
684,1.6,29.8104,2.4959
684,1.7,29.9854,2.4308
684,1.8,30.1775,2.3135
684,1.9,30.3873,2.1228
684,2,30.6154,1.8392
685,0,28.6568,2.55
685,0.1,28.6607,2.55
685,0.2,28.6722,2.55
685,0.3,28.6916,2.55
685,0.4,28.719,2.55
685,0.5,28.7546,2.55
685,0.6,28.7986,2.55
685,0.7,28.8514,2.55
685,0.8,28.9135,2.55
685,0.9,28.9853,2.55
685,1,29.0673,2.55
685,1.1,29.1602,2.5498
685,1.2,29.2647,2.5493
685,1.3,29.3815,2.5474
685,1.4,29.5115,2.542
685,1.5,29.6556,2.5279
685,1.6,29.8149,2.4957
685,1.7,29.9901,2.4305
685,1.8,30.1824,2.3131
685,1.9,30.3923,2.1224
685,2,30.6206,1.8388
686,0,28.6594,2.55
686,0.1,28.6633,2.55
686,0.2,28.6749,2.55
686,0.3,28.6943,2.55
686,0.4,28.7217,2.55
686,0.5,28.7573,2.55
686,0.6,28.8014,2.55
686,0.7,28.8544,2.55
686,0.8,28.9166,2.55
686,0.9,28.9885,2.55
686,1,29.0706,2.55
686,1.1,29.1637,2.5498
686,1.2,29.2683,2.5493
686,1.3,29.3853,2.5474
686,1.4,29.5156,2.542
686,1.5,29.6599,2.5278
686,1.6,29.8193,2.4955
686,1.7,29.9948,2.4303
686,1.8,30.1873,2.3127
686,1.9,30.3974,2.122
686,2,30.6257,1.8384
687,0,28.662,2.55
687,0.1,28.6659,2.55
687,0.2,28.6775,2.55
687,0.3,28.697,2.55
687,0.4,28.7244,2.55
687,0.5,28.7601,2.55
687,0.6,28.8043,2.55
687,0.7,28.8573,2.55
687,0.8,28.9196,2.55
687,0.9,28.9917,2.55
687,1,29.074,2.55
687,1.1,29.1672,2.5498
687,1.2,29.272,2.5493
687,1.3,29.3892,2.5474
687,1.4,29.5196,2.5419
687,1.5,29.6642,2.5277
687,1.6,29.8238,2.4954
687,1.7,29.9995,2.43
687,1.8,30.1921,2.3124
687,1.9,30.4024,2.1215
687,2,30.6309,1.838
688,0,28.6646,2.55
688,0.1,28.6685,2.55
688,0.2,28.6801,2.55
688,0.3,28.6996,2.55
688,0.4,28.7271,2.55
688,0.5,28.7629,2.55
688,0.6,28.8072,2.55
688,0.7,28.8603,2.55
688,0.8,28.9227,2.55
688,0.9,28.9948,2.55
688,1,29.0773,2.55
688,1.1,29.1707,2.5498
688,1.2,29.2756,2.5493
688,1.3,29.393,2.5474
688,1.4,29.5236,2.5419
688,1.5,29.6684,2.5276
688,1.6,29.8283,2.4952
688,1.7,30.0042,2.4297
688,1.8,30.197,2.312
688,1.9,30.4074,2.1211
688,2,30.636,1.8375
689,0,28.6672,2.55
689,0.1,28.6711,2.55
689,0.2,28.6828,2.55
689,0.3,28.7023,2.55
689,0.4,28.7299,2.55
689,0.5,28.7657,2.55
689,0.6,28.81,2.55
689,0.7,28.8632,2.55
689,0.8,28.9258,2.55
689,0.9,28.998,2.55
689,1,29.0806,2.55
689,1.1,29.1741,2.5498
689,1.2,29.2793,2.5493
689,1.3,29.3969,2.5474
689,1.4,29.5277,2.5418
689,1.5,29.6727,2.5276
689,1.6,29.8328,2.495
689,1.7,30.0089,2.4294
689,1.8,30.2019,2.3116
689,1.9,30.4124,2.1207
689,2,30.6412,1.8371
690,0,28.6699,2.55
690,0.1,28.6737,2.55
690,0.2,28.6854,2.55
690,0.3,28.705,2.55
690,0.4,28.7326,2.55
690,0.5,28.7685,2.55
690,0.6,28.8129,2.55
690,0.7,28.8662,2.55
690,0.8,28.9288,2.55
690,0.9,29.0012,2.55
690,1,29.0839,2.55
690,1.1,29.1776,2.5498
690,1.2,29.283,2.5492
690,1.3,29.4007,2.5474
690,1.4,29.5317,2.5418
690,1.5,29.6769,2.5275
690,1.6,29.8372,2.4948
690,1.7,30.0136,2.4292
690,1.8,30.2067,2.3112
690,1.9,30.4175,2.1202
690,2,30.6463,1.8367
691,0,28.6725,2.55
691,0.1,28.6764,2.55
691,0.2,28.6881,2.55
691,0.3,28.7077,2.55
691,0.4,28.7353,2.55
691,0.5,28.7713,2.55
691,0.6,28.8158,2.55
691,0.7,28.8692,2.55
691,0.8,28.9319,2.55
691,0.9,29.0044,2.55
691,1,29.0873,2.55
691,1.1,29.1811,2.5498
691,1.2,29.2866,2.5492
691,1.3,29.4046,2.5473
691,1.4,29.5358,2.5418
691,1.5,29.6812,2.5274
691,1.6,29.8417,2.4947
691,1.7,30.0182,2.4289
691,1.8,30.2116,2.3109
691,1.9,30.4225,2.1198
691,2,30.6514,1.8362
692,0,28.6751,2.55
692,0.1,28.679,2.55
692,0.2,28.6907,2.55
692,0.3,28.7104,2.55
692,0.4,28.7381,2.55
692,0.5,28.7741,2.55
692,0.6,28.8187,2.55
692,0.7,28.8722,2.55
692,0.8,28.935,2.55
692,0.9,29.0076,2.55
692,1,29.0906,2.55
692,1.1,29.1846,2.5498
692,1.2,29.2903,2.5492
692,1.3,29.4084,2.5473
692,1.4,29.5399,2.5417
692,1.5,29.6855,2.5273
692,1.6,29.8462,2.4945
692,1.7,30.0229,2.4286
692,1.8,30.2164,2.3105
692,1.9,30.4275,2.1194
692,2,30.6565,1.8358
693,0,28.6777,2.55
693,0.1,28.6816,2.55
693,0.2,28.6934,2.55
693,0.3,28.7131,2.55
693,0.4,28.7408,2.55
693,0.5,28.7769,2.55
693,0.6,28.8215,2.55
693,0.7,28.8751,2.55
693,0.8,28.9381,2.55
693,0.9,29.0108,2.55
693,1,29.094,2.55
693,1.1,29.1881,2.5498
693,1.2,29.294,2.5492
693,1.3,29.4123,2.5473
693,1.4,29.5439,2.5417
693,1.5,29.6898,2.5272
693,1.6,29.8507,2.4943
693,1.7,30.0276,2.4284
693,1.8,30.2213,2.3101
693,1.9,30.4325,2.1189
693,2,30.6616,1.8354
694,0,28.6804,2.55
694,0.1,28.6843,2.55
694,0.2,28.6961,2.55
694,0.3,28.7158,2.55
694,0.4,28.7436,2.55
694,0.5,28.7797,2.55
694,0.6,28.8244,2.55
694,0.7,28.8781,2.55
694,0.8,28.9412,2.55
694,0.9,29.0141,2.55
694,1,29.0973,2.55
694,1.1,29.1916,2.5498
694,1.2,29.2977,2.5492
694,1.3,29.4162,2.5473
694,1.4,29.548,2.5416
694,1.5,29.694,2.5271
694,1.6,29.8552,2.4941
694,1.7,30.0323,2.4281
694,1.8,30.2261,2.3098
694,1.9,30.4375,2.1185
694,2,30.6667,1.835
695,0,28.683,2.55
695,0.1,28.6869,2.55
695,0.2,28.6987,2.55
695,0.3,28.7185,2.55
695,0.4,28.7463,2.55
695,0.5,28.7825,2.55
695,0.6,28.8273,2.55
695,0.7,28.8811,2.55
695,0.8,28.9443,2.55
695,0.9,29.0173,2.55
695,1,29.1007,2.55
695,1.1,29.1952,2.5498
695,1.2,29.3014,2.5492
695,1.3,29.42,2.5473
695,1.4,29.5521,2.5416
695,1.5,29.6983,2.527
695,1.6,29.8597,2.494
695,1.7,30.0369,2.4278
695,1.8,30.231,2.3094
695,1.9,30.4425,2.1181
695,2,30.6718,1.8345
696,0,28.6857,2.55
696,0.1,28.6896,2.55
696,0.2,28.7014,2.55
696,0.3,28.7212,2.55
696,0.4,28.7491,2.55
696,0.5,28.7853,2.55
696,0.6,28.8302,2.55
696,0.7,28.8841,2.55
696,0.8,28.9474,2.55
696,0.9,29.0205,2.55
696,1,29.1041,2.55
696,1.1,29.1987,2.5498
696,1.2,29.305,2.5492
696,1.3,29.4239,2.5472
696,1.4,29.5562,2.5415
696,1.5,29.7026,2.5269
696,1.6,29.8641,2.4938
696,1.7,30.0416,2.4275
696,1.8,30.2358,2.309
696,1.9,30.4474,2.1177
696,2,30.6769,1.8341
697,0,28.6883,2.55
697,0.1,28.6923,2.55
697,0.2,28.7041,2.55
697,0.3,28.7239,2.55
697,0.4,28.7518,2.55
697,0.5,28.7882,2.55
697,0.6,28.8331,2.55
697,0.7,28.8871,2.55
697,0.8,28.9505,2.55
697,0.9,29.0237,2.55
697,1,29.1074,2.55
697,1.1,29.2022,2.5498
697,1.2,29.3087,2.5492
697,1.3,29.4278,2.5472
697,1.4,29.5602,2.5415
697,1.5,29.7069,2.5268
697,1.6,29.8686,2.4936
697,1.7,30.0463,2.4273
697,1.8,30.2407,2.3087
697,1.9,30.4524,2.1172
697,2,30.682,1.8337
698,0,28.691,2.55
698,0.1,28.6949,2.55
698,0.2,28.7068,2.55
698,0.3,28.7266,2.55
698,0.4,28.7546,2.55
698,0.5,28.791,2.55
698,0.6,28.836,2.55
698,0.7,28.8901,2.55
698,0.8,28.9536,2.55
698,0.9,29.027,2.55
698,1,29.1108,2.55
698,1.1,29.2057,2.5498
698,1.2,29.3124,2.5492
698,1.3,29.4317,2.5472
698,1.4,29.5643,2.5414
698,1.5,29.7112,2.5267
698,1.6,29.8731,2.4935
698,1.7,30.051,2.427
698,1.8,30.2455,2.3083
698,1.9,30.4574,2.1168
698,2,30.6871,1.8333
699,0,28.6936,2.55
699,0.1,28.6976,2.55
699,0.2,28.7095,2.55
699,0.3,28.7293,2.55
699,0.4,28.7574,2.55
699,0.5,28.7938,2.55
699,0.6,28.839,2.55
699,0.7,28.8931,2.55
699,0.8,28.9567,2.55
699,0.9,29.0302,2.55
699,1,29.1142,2.55
699,1.1,29.2093,2.5498
699,1.2,29.3162,2.5492
699,1.3,29.4356,2.5472
699,1.4,29.5684,2.5414
699,1.5,29.7154,2.5266
699,1.6,29.8776,2.4933
699,1.7,30.0556,2.4267
699,1.8,30.2503,2.3079
699,1.9,30.4624,2.1164
699,2,30.6922,1.8328
700,0,28.6963,2.55
700,0.1,28.7003,2.55
700,0.2,28.7121,2.55
700,0.3,28.7321,2.55
700,0.4,28.7602,2.55
700,0.5,28.7967,2.55
700,0.6,28.8419,2.55
700,0.7,28.8961,2.55
700,0.8,28.9598,2.55
700,0.9,29.0334,2.55
700,1,29.1176,2.55
700,1.1,29.2128,2.5498
700,1.2,29.3199,2.5492
700,1.3,29.4395,2.5472
700,1.4,29.5725,2.5413
700,1.5,29.7197,2.5265
700,1.6,29.8821,2.4931
700,1.7,30.0603,2.4264
700,1.8,30.2552,2.3075
700,1.9,30.4673,2.1159
700,2,30.6973,1.8324
701,0,28.699,2.55
701,0.1,28.7029,2.55
701,0.2,28.7148,2.55
701,0.3,28.7348,2.55
701,0.4,28.763,2.55
701,0.5,28.7995,2.55
701,0.6,28.8448,2.55
701,0.7,28.8991,2.55
701,0.8,28.9629,2.55
701,0.9,29.0367,2.55
701,1,29.121,2.55
701,1.1,29.2164,2.5498
701,1.2,29.3236,2.5492
701,1.3,29.4434,2.5472
701,1.4,29.5766,2.5413
701,1.5,29.724,2.5264
701,1.6,29.8865,2.4929
701,1.7,30.065,2.4262
701,1.8,30.26,2.3072
701,1.9,30.4723,2.1155
701,2,30.7024,1.832
702,0,28.7016,2.55
702,0.1,28.7056,2.55
702,0.2,28.7175,2.55
702,0.3,28.7375,2.55
702,0.4,28.7657,2.55
702,0.5,28.8024,2.55
702,0.6,28.8477,2.55
702,0.7,28.9022,2.55
702,0.8,28.9661,2.55
702,0.9,29.04,2.55
702,1,29.1244,2.55
702,1.1,29.2199,2.5498
702,1.2,29.3273,2.5492
702,1.3,29.4473,2.5471
702,1.4,29.5807,2.5413
702,1.5,29.7283,2.5263
702,1.6,29.891,2.4928
702,1.7,30.0696,2.4259
702,1.8,30.2648,2.3068
702,1.9,30.4773,2.1151
702,2,30.7074,1.8316
703,0,28.7043,2.55
703,0.1,28.7083,2.55
703,0.2,28.7203,2.55
703,0.3,28.7403,2.55
703,0.4,28.7685,2.55
703,0.5,28.8052,2.55
703,0.6,28.8507,2.55
703,0.7,28.9052,2.55
703,0.8,28.9692,2.55
703,0.9,29.0432,2.55
703,1,29.1278,2.55
703,1.1,29.2235,2.5498
703,1.2,29.331,2.5492
703,1.3,29.4512,2.5471
703,1.4,29.5848,2.5412
703,1.5,29.7326,2.5262
703,1.6,29.8955,2.4926
703,1.7,30.0743,2.4256
703,1.8,30.2696,2.3064
703,1.9,30.4822,2.1146
703,2,30.7125,1.8311
704,0,28.707,2.55
704,0.1,28.711,2.55
704,0.2,28.723,2.55
704,0.3,28.743,2.55
704,0.4,28.7713,2.55
704,0.5,28.8081,2.55
704,0.6,28.8536,2.55
704,0.7,28.9082,2.55
704,0.8,28.9724,2.55
704,0.9,29.0465,2.55
704,1,29.1312,2.55
704,1.1,29.227,2.5498
704,1.2,29.3348,2.5492
704,1.3,29.4551,2.5471
704,1.4,29.5889,2.5412
704,1.5,29.7369,2.5261
704,1.6,29.9,2.4924
704,1.7,30.0789,2.4254
704,1.8,30.2745,2.3061
704,1.9,30.4872,2.1142
704,2,30.7176,1.8307
705,0,28.7097,2.55
705,0.1,28.7137,2.55
705,0.2,28.7257,2.55
705,0.3,28.7458,2.55
705,0.4,28.7741,2.55
705,0.5,28.811,2.55
705,0.6,28.8566,2.55
705,0.7,28.9113,2.55
705,0.8,28.9755,2.55
705,0.9,29.0498,2.55
705,1,29.1346,2.5499
705,1.1,29.2306,2.5498
705,1.2,29.3385,2.5491
705,1.3,29.459,2.5471
705,1.4,29.593,2.5411
705,1.5,29.7412,2.526
705,1.6,29.9045,2.4922
705,1.7,30.0836,2.4251
705,1.8,30.2793,2.3057
705,1.9,30.4921,2.1138
705,2,30.7226,1.8303
706,0,28.7124,2.55
706,0.1,28.7164,2.55
706,0.2,28.7284,2.55
706,0.3,28.7485,2.55
706,0.4,28.7769,2.55
706,0.5,28.8138,2.55
706,0.6,28.8595,2.55
706,0.7,28.9143,2.55
706,0.8,28.9787,2.55
706,0.9,29.053,2.55
706,1,29.138,2.5499
706,1.1,29.2342,2.5498
706,1.2,29.3422,2.5491
706,1.3,29.463,2.5471
706,1.4,29.5971,2.5411
706,1.5,29.7455,2.5259
706,1.6,29.909,2.4921
706,1.7,30.0883,2.4248
706,1.8,30.2841,2.3053
706,1.9,30.4971,2.1134
706,2,30.7277,1.8299
707,0,28.7151,2.55
707,0.1,28.7191,2.55
707,0.2,28.7311,2.55
707,0.3,28.7513,2.55
707,0.4,28.7798,2.55
707,0.5,28.8167,2.55
707,0.6,28.8625,2.55
707,0.7,28.9174,2.55
707,0.8,28.9818,2.55
707,0.9,29.0563,2.55
707,1,29.1414,2.5499
707,1.1,29.2377,2.5498
707,1.2,29.346,2.5491
707,1.3,29.4669,2.547
707,1.4,29.6012,2.541
707,1.5,29.7498,2.5258
707,1.6,29.9134,2.4919
707,1.7,30.0929,2.4245
707,1.8,30.2889,2.305
707,1.9,30.502,2.1129
707,2,30.7328,1.8294
708,0,28.7178,2.55
708,0.1,28.7218,2.55
708,0.2,28.7339,2.55
708,0.3,28.7541,2.55
708,0.4,28.7826,2.55
708,0.5,28.8196,2.55
708,0.6,28.8654,2.55
708,0.7,28.9204,2.55
708,0.8,28.985,2.55
708,0.9,29.0596,2.55
708,1,29.1448,2.5499
708,1.1,29.2413,2.5498
708,1.2,29.3497,2.5491
708,1.3,29.4708,2.547
708,1.4,29.6053,2.541
708,1.5,29.7541,2.5257
708,1.6,29.9179,2.4917
708,1.7,30.0976,2.4243
708,1.8,30.2937,2.3046
708,1.9,30.507,2.1125
708,2,30.7378,1.829
709,0,28.7205,2.55
709,0.1,28.7245,2.55
709,0.2,28.7366,2.55
709,0.3,28.7568,2.55
709,0.4,28.7854,2.55
709,0.5,28.8225,2.55
709,0.6,28.8684,2.55
709,0.7,28.9235,2.55
709,0.8,28.9881,2.55
709,0.9,29.0629,2.55
709,1,29.1483,2.5499
709,1.1,29.2449,2.5498
709,1.2,29.3535,2.5491
709,1.3,29.4747,2.547
709,1.4,29.6094,2.5409
709,1.5,29.7584,2.5256
709,1.6,29.9224,2.4915
709,1.7,30.1022,2.424
709,1.8,30.2985,2.3042
709,1.9,30.5119,2.1121
709,2,30.7429,1.8286
710,0,28.7232,2.55
710,0.1,28.7272,2.55
710,0.2,28.7393,2.55
710,0.3,28.7596,2.55
710,0.4,28.7882,2.55
710,0.5,28.8254,2.55
710,0.6,28.8714,2.55
710,0.7,28.9265,2.55
710,0.8,28.9913,2.55
710,0.9,29.0662,2.55
710,1,29.1517,2.5499
710,1.1,29.2485,2.5498
710,1.2,29.3572,2.5491
710,1.3,29.4787,2.547
710,1.4,29.6136,2.5409
710,1.5,29.7627,2.5255
710,1.6,29.9269,2.4914
710,1.7,30.1069,2.4237
710,1.8,30.3033,2.3039
710,1.9,30.5169,2.1117
710,2,30.7479,1.8282
711,0,28.7259,2.55
711,0.1,28.73,2.55
711,0.2,28.7421,2.55
711,0.3,28.7624,2.55
711,0.4,28.791,2.55
711,0.5,28.8283,2.55
711,0.6,28.8743,2.55
711,0.7,28.9296,2.55
711,0.8,28.9945,2.55
711,0.9,29.0695,2.55
711,1,29.1552,2.5499
711,1.1,29.2521,2.5498
711,1.2,29.361,2.5491
711,1.3,29.4826,2.547
711,1.4,29.6177,2.5408
711,1.5,29.767,2.5254
711,1.6,29.9314,2.4912
711,1.7,30.1115,2.4235
711,1.8,30.3081,2.3035
711,1.9,30.5218,2.1112
711,2,30.753,1.8278
712,0,28.7287,2.55
712,0.1,28.7327,2.55
712,0.2,28.7448,2.55
712,0.3,28.7652,2.55
712,0.4,28.7939,2.55
712,0.5,28.8312,2.55
712,0.6,28.8773,2.55
712,0.7,28.9327,2.55
712,0.8,28.9977,2.55
712,0.9,29.0728,2.55
712,1,29.1586,2.5499
712,1.1,29.2557,2.5498
712,1.2,29.3648,2.5491
712,1.3,29.4865,2.5469
712,1.4,29.6218,2.5408
712,1.5,29.7713,2.5253
712,1.6,29.9359,2.491
712,1.7,30.1162,2.4232
712,1.8,30.3129,2.3031
712,1.9,30.5267,2.1108
712,2,30.758,1.8273
713,0,28.7314,2.55
713,0.1,28.7354,2.55
713,0.2,28.7476,2.55
713,0.3,28.768,2.55
713,0.4,28.7967,2.55
713,0.5,28.8341,2.55
713,0.6,28.8803,2.55
713,0.7,28.9358,2.55
713,0.8,29.0009,2.55
713,0.9,29.0761,2.55
713,1,29.1621,2.5499
713,1.1,29.2593,2.5498
713,1.2,29.3685,2.5491
713,1.3,29.4905,2.5469
713,1.4,29.6259,2.5407
713,1.5,29.7756,2.5252
713,1.6,29.9403,2.4908
713,1.7,30.1208,2.4229
713,1.8,30.3177,2.3028
713,1.9,30.5317,2.1104
713,2,30.763,1.8269
714,0,28.7341,2.55
714,0.1,28.7382,2.55
714,0.2,28.7504,2.55
714,0.3,28.7708,2.55
714,0.4,28.7996,2.55
714,0.5,28.837,2.55
714,0.6,28.8833,2.55
714,0.7,28.9388,2.55
714,0.8,29.0041,2.55
714,0.9,29.0794,2.55
714,1,29.1655,2.5499
714,1.1,29.2629,2.5498
714,1.2,29.3723,2.5491
714,1.3,29.4944,2.5469
714,1.4,29.63,2.5407
714,1.5,29.7799,2.5251
714,1.6,29.9448,2.4907
714,1.7,30.1255,2.4226
714,1.8,30.3225,2.3024
714,1.9,30.5366,2.11
714,2,30.7681,1.8265
715,0,28.7369,2.55
715,0.1,28.7409,2.55
715,0.2,28.7531,2.55
715,0.3,28.7736,2.55
715,0.4,28.8024,2.55
715,0.5,28.8399,2.55
715,0.6,28.8863,2.55
715,0.7,28.9419,2.55
715,0.8,29.0073,2.55
715,0.9,29.0828,2.55
715,1,29.169,2.5499
715,1.1,29.2665,2.5498
715,1.2,29.3761,2.5491
715,1.3,29.4984,2.5469
715,1.4,29.6342,2.5406
715,1.5,29.7842,2.525
715,1.6,29.9493,2.4905
715,1.7,30.1301,2.4224
715,1.8,30.3273,2.302
715,1.9,30.5415,2.1095
715,2,30.7731,1.8261
716,0,28.7396,2.55
716,0.1,28.7437,2.55
716,0.2,28.7559,2.55
716,0.3,28.7764,2.55
716,0.4,28.8053,2.55
716,0.5,28.8428,2.55
716,0.6,28.8893,2.55
716,0.7,28.945,2.55
716,0.8,29.0105,2.55
716,0.9,29.0861,2.55
716,1,29.1724,2.5499
716,1.1,29.2701,2.5498
716,1.2,29.3799,2.5491
716,1.3,29.5023,2.5469
716,1.4,29.6383,2.5406
716,1.5,29.7885,2.5249
716,1.6,29.9538,2.4903
716,1.7,30.1348,2.4221
716,1.8,30.3321,2.3017
716,1.9,30.5464,2.1091
716,2,30.7782,1.8257
717,0,28.7423,2.55
717,0.1,28.7464,2.55
717,0.2,28.7587,2.55
717,0.3,28.7792,2.55
717,0.4,28.8081,2.55
717,0.5,28.8457,2.55
717,0.6,28.8923,2.55
717,0.7,28.9481,2.55
717,0.8,29.0137,2.55
717,0.9,29.0894,2.55
717,1,29.1759,2.5499
717,1.1,29.2738,2.5498
717,1.2,29.3837,2.5491
717,1.3,29.5063,2.5468
717,1.4,29.6424,2.5406
717,1.5,29.7929,2.5248
717,1.6,29.9583,2.4901
717,1.7,30.1394,2.4218
717,1.8,30.3369,2.3013
717,1.9,30.5514,2.1087
717,2,30.7832,1.8253
718,0,28.7451,2.55
718,0.1,28.7492,2.55
718,0.2,28.7614,2.55
718,0.3,28.782,2.55
718,0.4,28.811,2.55
718,0.5,28.8487,2.55
718,0.6,28.8953,2.55
718,0.7,28.9512,2.55
718,0.8,29.0169,2.55
718,0.9,29.0927,2.55
718,1,29.1794,2.5499
718,1.1,29.2774,2.5498
718,1.2,29.3874,2.5491
718,1.3,29.5103,2.5468
718,1.4,29.6466,2.5405
718,1.5,29.7972,2.5248
718,1.6,29.9628,2.49
718,1.7,30.1441,2.4215
718,1.8,30.3417,2.3009
718,1.9,30.5563,2.1083
718,2,30.7882,1.8248
719,0,28.7479,2.55
719,0.1,28.7519,2.55
719,0.2,28.7642,2.55
719,0.3,28.7848,2.55
719,0.4,28.8139,2.55
719,0.5,28.8516,2.55
719,0.6,28.8983,2.55
719,0.7,28.9543,2.55
719,0.8,29.0201,2.55
719,0.9,29.0961,2.55
719,1,29.1829,2.5499
719,1.1,29.281,2.5497
719,1.2,29.3912,2.549
719,1.3,29.5142,2.5468
719,1.4,29.6507,2.5405
719,1.5,29.8015,2.5247
719,1.6,29.9672,2.4898
719,1.7,30.1487,2.4213
719,1.8,30.3465,2.3006
719,1.9,30.5612,2.1078
719,2,30.7933,1.8244
720,0,28.7506,2.55
720,0.1,28.7547,2.55
720,0.2,28.767,2.55
720,0.3,28.7876,2.55
720,0.4,28.8167,2.55
720,0.5,28.8545,2.55
720,0.6,28.9013,2.55
720,0.7,28.9574,2.55
720,0.8,29.0233,2.55
720,0.9,29.0994,2.55
720,1,29.1863,2.5499
720,1.1,29.2847,2.5497
720,1.2,29.395,2.549
720,1.3,29.5182,2.5468
720,1.4,29.6549,2.5404
720,1.5,29.8058,2.5246
720,1.6,29.9717,2.4896
720,1.7,30.1533,2.421
720,1.8,30.3513,2.3002
720,1.9,30.5661,2.1074
720,2,30.7983,1.824
721,0,28.7534,2.55
721,0.1,28.7575,2.55
721,0.2,28.7698,2.55
721,0.3,28.7905,2.55
721,0.4,28.8196,2.55
721,0.5,28.8575,2.55
721,0.6,28.9044,2.55
721,0.7,28.9606,2.55
721,0.8,29.0265,2.55
721,0.9,29.1028,2.55
721,1,29.1898,2.5499
721,1.1,29.2883,2.5497
721,1.2,29.3988,2.549
721,1.3,29.5222,2.5468
721,1.4,29.659,2.5404
721,1.5,29.8101,2.5245
721,1.6,29.9762,2.4894
721,1.7,30.158,2.4207
721,1.8,30.3561,2.2998
721,1.9,30.571,2.107
721,2,30.8033,1.8236
722,0,28.7561,2.55
722,0.1,28.7603,2.55
722,0.2,28.7726,2.55
722,0.3,28.7933,2.55
722,0.4,28.8225,2.55
722,0.5,28.8604,2.55
722,0.6,28.9074,2.55
722,0.7,28.9637,2.55
722,0.8,29.0298,2.55
722,0.9,29.1061,2.55
722,1,29.1933,2.5499
722,1.1,29.2919,2.5497
722,1.2,29.4026,2.549
722,1.3,29.5261,2.5467
722,1.4,29.6631,2.5403
722,1.5,29.8144,2.5244
722,1.6,29.9807,2.4892
722,1.7,30.1626,2.4205
722,1.8,30.3609,2.2995
722,1.9,30.5759,2.1066
722,2,30.8085,1.8232
723,0,28.7589,2.55
723,0.1,28.763,2.55
723,0.2,28.7754,2.55
723,0.3,28.7962,2.55
723,0.4,28.8254,2.55
723,0.5,28.8634,2.55
723,0.6,28.9104,2.55
723,0.7,28.9668,2.55
723,0.8,29.033,2.55
723,0.9,29.1095,2.55
723,1,29.1968,2.5499
723,1.1,29.2956,2.5497
723,1.2,29.4064,2.549
723,1.3,29.5301,2.5467
723,1.4,29.6673,2.5403
723,1.5,29.8187,2.5243
723,1.6,29.9852,2.4891
723,1.7,30.1673,2.4202
723,1.8,30.3656,2.2991
723,1.9,30.5809,2.1062
723,2,30.8136,1.8228
724,0,28.7617,2.55
724,0.1,28.7658,2.55
724,0.2,28.7782,2.55
724,0.3,28.799,2.55
724,0.4,28.8283,2.55
724,0.5,28.8664,2.55
724,0.6,28.9135,2.55
724,0.7,28.9699,2.55
724,0.8,29.0363,2.55
724,0.9,29.1129,2.55
724,1,29.2003,2.5499
724,1.1,29.2992,2.5497
724,1.2,29.4103,2.549
724,1.3,29.5341,2.5467
724,1.4,29.6714,2.5402
724,1.5,29.8231,2.5242
724,1.6,29.9897,2.4889
724,1.7,30.1719,2.4199
724,1.8,30.3704,2.2988
724,1.9,30.5858,2.1057
724,2,30.8188,1.8223
725,0,28.7645,2.55
725,0.1,28.7686,2.55
725,0.2,28.781,2.55
725,0.3,28.8018,2.55
725,0.4,28.8312,2.55
725,0.5,28.8693,2.55
725,0.6,28.9165,2.55
725,0.7,28.9731,2.55
725,0.8,29.0395,2.55
725,0.9,29.1162,2.55
725,1,29.2038,2.5499
725,1.1,29.3029,2.5497
725,1.2,29.4141,2.549
725,1.3,29.5381,2.5467
725,1.4,29.6756,2.5402
725,1.5,29.8274,2.5241
725,1.6,29.9941,2.4887
725,1.7,30.1765,2.4196
725,1.8,30.3752,2.2984
725,1.9,30.5908,2.1053
725,2,30.8239,1.8219
726,0,28.7673,2.55
726,0.1,28.7714,2.55
726,0.2,28.7839,2.55
726,0.3,28.8047,2.55
726,0.4,28.8341,2.55
726,0.5,28.8723,2.55
726,0.6,28.9195,2.55
726,0.7,28.9762,2.55
726,0.8,29.0428,2.55
726,0.9,29.1196,2.55
726,1,29.2073,2.5499
726,1.1,29.3066,2.5497
726,1.2,29.4179,2.549
726,1.3,29.542,2.5467
726,1.4,29.6797,2.5401
726,1.5,29.8317,2.524
726,1.6,29.9986,2.4885
726,1.7,30.1812,2.4194
726,1.8,30.38,2.298
726,1.9,30.5957,2.1049
726,2,30.8291,1.8215
727,0,28.7701,2.55
727,0.1,28.7742,2.55
727,0.2,28.7867,2.55
727,0.3,28.8076,2.55
727,0.4,28.837,2.55
727,0.5,28.8753,2.55
727,0.6,28.9226,2.55
727,0.7,28.9794,2.55
727,0.8,29.046,2.55
727,0.9,29.123,2.55
727,1,29.2109,2.5499
727,1.1,29.3102,2.5497
727,1.2,29.4217,2.549
727,1.3,29.546,2.5466
727,1.4,29.6839,2.5401
727,1.5,29.836,2.5239
727,1.6,30.0031,2.4884
727,1.7,30.1858,2.4191
727,1.8,30.3848,2.2977
727,1.9,30.6007,2.1045
727,2,30.8343,1.8211
728,0,28.7729,2.55
728,0.1,28.777,2.55
728,0.2,28.7895,2.55
728,0.3,28.8104,2.55
728,0.4,28.8399,2.55
728,0.5,28.8782,2.55
728,0.6,28.9257,2.55
728,0.7,28.9825,2.55
728,0.8,29.0493,2.55
728,0.9,29.1264,2.55
728,1,29.2144,2.5499
728,1.1,29.3139,2.5497
728,1.2,29.4255,2.549
728,1.3,29.55,2.5466
728,1.4,29.6881,2.54
728,1.5,29.8403,2.5238
728,1.6,30.0076,2.4882
728,1.7,30.1905,2.4188
728,1.8,30.3896,2.2973
728,1.9,30.6057,2.1041
728,2,30.8396,1.8207
729,0,28.7757,2.55
729,0.1,28.7798,2.55
729,0.2,28.7923,2.55
729,0.3,28.8133,2.55
729,0.4,28.8428,2.55
729,0.5,28.8812,2.55
729,0.6,28.9287,2.55
729,0.7,28.9857,2.55
729,0.8,29.0525,2.55
729,0.9,29.1298,2.55
729,1,29.2179,2.5499
729,1.1,29.3176,2.5497
729,1.2,29.4294,2.549
729,1.3,29.554,2.5466
729,1.4,29.6922,2.54
729,1.5,29.8447,2.5237
729,1.6,30.0121,2.488
729,1.7,30.1951,2.4186
729,1.8,30.3944,2.2969
729,1.9,30.6107,2.1036
729,2,30.8448,1.8203
730,0,28.7785,2.55
730,0.1,28.7827,2.55
730,0.2,28.7952,2.55
730,0.3,28.8162,2.55
730,0.4,28.8458,2.55
730,0.5,28.8842,2.55
730,0.6,28.9318,2.55
730,0.7,28.9889,2.55
730,0.8,29.0558,2.55
730,0.9,29.1332,2.55
730,1,29.2214,2.5499
730,1.1,29.3212,2.5497
730,1.2,29.4332,2.549
730,1.3,29.558,2.5466
730,1.4,29.6964,2.5399
730,1.5,29.849,2.5236
730,1.6,30.0166,2.4878
730,1.7,30.1998,2.4183
730,1.8,30.3992,2.2966
730,1.9,30.6157,2.1032
730,2,30.85,1.8199
731,0,28.7813,2.55
731,0.1,28.7855,2.55
731,0.2,28.798,2.55
731,0.3,28.819,2.55
731,0.4,28.8487,2.55
731,0.5,28.8872,2.55
731,0.6,28.9349,2.55
731,0.7,28.992,2.55
731,0.8,29.0591,2.55
731,0.9,29.1366,2.55
731,1,29.225,2.5499
731,1.1,29.3249,2.5497
731,1.2,29.437,2.549
731,1.3,29.562,2.5465
731,1.4,29.7005,2.5399
731,1.5,29.8533,2.5235
731,1.6,30.0211,2.4877
731,1.7,30.2044,2.418
731,1.8,30.4041,2.2962
731,1.9,30.6207,2.1028
731,2,30.8553,1.8194
732,0,28.7841,2.55
732,0.1,28.7883,2.55
732,0.2,28.8009,2.55
732,0.3,28.8219,2.55
732,0.4,28.8516,2.55
732,0.5,28.8902,2.55
732,0.6,28.9379,2.55
732,0.7,28.9952,2.55
732,0.8,29.0624,2.55
732,0.9,29.14,2.55
732,1,29.2285,2.5499
732,1.1,29.3286,2.5497
732,1.2,29.4409,2.5489
732,1.3,29.566,2.5465
732,1.4,29.7047,2.5398
732,1.5,29.8576,2.5234
732,1.6,30.0255,2.4875
732,1.7,30.2091,2.4177
732,1.8,30.4089,2.2958
732,1.9,30.6258,2.1024
732,2,30.8606,1.819
733,0,28.7869,2.55
733,0.1,28.7911,2.55
733,0.2,28.8037,2.55
733,0.3,28.8248,2.55
733,0.4,28.8546,2.55
733,0.5,28.8932,2.55
733,0.6,28.941,2.55
733,0.7,28.9984,2.55
733,0.8,29.0657,2.55
733,0.9,29.1434,2.55
733,1,29.232,2.5499
733,1.1,29.3323,2.5497
733,1.2,29.4447,2.5489
733,1.3,29.57,2.5465
733,1.4,29.7089,2.5398
733,1.5,29.862,2.5233
733,1.6,30.03,2.4873
733,1.7,30.2137,2.4175
733,1.8,30.4137,2.2955
733,1.9,30.6308,2.102
733,2,30.8658,1.8186
734,0,28.7898,2.55
734,0.1,28.794,2.55
734,0.2,28.8066,2.55
734,0.3,28.8277,2.55
734,0.4,28.8575,2.55
734,0.5,28.8962,2.55
734,0.6,28.9441,2.55
734,0.7,29.0016,2.55
734,0.8,29.0689,2.55
734,0.9,29.1468,2.55
734,1,29.2356,2.5499
734,1.1,29.336,2.5497
734,1.2,29.4486,2.5489
734,1.3,29.574,2.5465
734,1.4,29.713,2.5397
734,1.5,29.8663,2.5231
734,1.6,30.0345,2.4871
734,1.7,30.2184,2.4172
734,1.8,30.4186,2.2951
734,1.9,30.6358,2.1016
734,2,30.8711,1.8182
735,0,28.7926,2.55
735,0.1,28.7968,2.55
735,0.2,28.8094,2.55
735,0.3,28.8306,2.55
735,0.4,28.8605,2.55
735,0.5,28.8992,2.55
735,0.6,28.9472,2.55
735,0.7,29.0047,2.55
735,0.8,29.0722,2.55
735,0.9,29.1502,2.55
735,1,29.2391,2.5499
735,1.1,29.3397,2.5497
735,1.2,29.4524,2.5489
735,1.3,29.578,2.5465
735,1.4,29.7172,2.5397
735,1.5,29.8706,2.523
735,1.6,30.039,2.4869
735,1.7,30.223,2.4169
735,1.8,30.4234,2.2948
735,1.9,30.6409,2.1011
735,2,30.8764,1.8178
736,0,28.7954,2.55
736,0.1,28.7997,2.55
736,0.2,28.8123,2.55
736,0.3,28.8335,2.55
736,0.4,28.8634,2.55
736,0.5,28.9023,2.55
736,0.6,28.9503,2.55
736,0.7,29.0079,2.55
736,0.8,29.0755,2.55
736,0.9,29.1536,2.55
736,1,29.2427,2.5499
736,1.1,29.3434,2.5497
736,1.2,29.4563,2.5489
736,1.3,29.582,2.5464
736,1.4,29.7214,2.5396
736,1.5,29.875,2.5229
736,1.6,30.0435,2.4868
736,1.7,30.2277,2.4166
736,1.8,30.4283,2.2944
736,1.9,30.6459,2.1007
736,2,30.8817,1.8174
737,0,28.7983,2.55
737,0.1,28.8025,2.55
737,0.2,28.8152,2.55
737,0.3,28.8364,2.55
737,0.4,28.8664,2.55
737,0.5,28.9053,2.55
737,0.6,28.9534,2.55
737,0.7,29.0111,2.55
737,0.8,29.0788,2.55
737,0.9,29.157,2.55
737,1,29.2463,2.5499
737,1.1,29.3471,2.5497
737,1.2,29.4601,2.5489
737,1.3,29.586,2.5464
737,1.4,29.7255,2.5396
737,1.5,29.8793,2.5228
737,1.6,30.048,2.4866
737,1.7,30.2324,2.4164
737,1.8,30.4331,2.294
737,1.9,30.651,2.1003
737,2,30.887,1.817
738,0,28.8011,2.55
738,0.1,28.8054,2.55
738,0.2,28.8181,2.55
738,0.3,28.8393,2.55
738,0.4,28.8693,2.55
738,0.5,28.9083,2.55
738,0.6,28.9565,2.55
738,0.7,29.0143,2.55
738,0.8,29.0822,2.55
738,0.9,29.1605,2.55
738,1,29.2498,2.5499
738,1.1,29.3508,2.5497
738,1.2,29.464,2.5489
738,1.3,29.5901,2.5464
738,1.4,29.7297,2.5395
738,1.5,29.8837,2.5227
738,1.6,30.0525,2.4864
738,1.7,30.2371,2.4161
738,1.8,30.438,2.2937
738,1.9,30.6561,2.0999
738,2,30.8923,1.8166
739,0,28.804,2.55
739,0.1,28.8082,2.55
739,0.2,28.8209,2.55
739,0.3,28.8423,2.55
739,0.4,28.8723,2.55
739,0.5,28.9113,2.55
739,0.6,28.9596,2.55
739,0.7,29.0175,2.55
739,0.8,29.0855,2.55
739,0.9,29.1639,2.55
739,1,29.2534,2.5499
739,1.1,29.3545,2.5497
739,1.2,29.4678,2.5489
739,1.3,29.5941,2.5464
739,1.4,29.7339,2.5395
739,1.5,29.888,2.5226
739,1.6,30.057,2.4862
739,1.7,30.2417,2.4158
739,1.8,30.4428,2.2933
739,1.9,30.6612,2.0995
739,2,30.8976,1.8162
740,0,28.8068,2.55
740,0.1,28.8111,2.55
740,0.2,28.8238,2.55
740,0.3,28.8452,2.55
740,0.4,28.8753,2.55
740,0.5,28.9144,2.55
740,0.6,28.9627,2.55
740,0.7,29.0207,2.55
740,0.8,29.0888,2.55
740,0.9,29.1673,2.55
740,1,29.257,2.5499
740,1.1,29.3582,2.5497
740,1.2,29.4717,2.5489
740,1.3,29.5981,2.5464
740,1.4,29.7381,2.5394
740,1.5,29.8923,2.5225
740,1.6,30.0615,2.4861
740,1.7,30.2464,2.4156
740,1.8,30.4477,2.293
740,1.9,30.6662,2.0991
740,2,30.9029,1.8158
741,0,28.8097,2.55
741,0.1,28.814,2.55
741,0.2,28.8267,2.55
741,0.3,28.8481,2.55
741,0.4,28.8783,2.55
741,0.5,28.9174,2.55
741,0.6,28.9659,2.55
741,0.7,29.024,2.55
741,0.8,29.0921,2.55
741,0.9,29.1708,2.55
741,1,29.2605,2.5499
741,1.1,29.3619,2.5497
741,1.2,29.4756,2.5489
741,1.3,29.6021,2.5463
741,1.4,29.7423,2.5394
741,1.5,29.8967,2.5224
741,1.6,30.0661,2.4859
741,1.7,30.2511,2.4153
741,1.8,30.4526,2.2926
741,1.9,30.6713,2.0986
741,2,30.9083,1.8153
742,0,28.8126,2.55
742,0.1,28.8168,2.55
742,0.2,28.8296,2.55
742,0.3,28.851,2.55
742,0.4,28.8812,2.55
742,0.5,28.9205,2.55
742,0.6,28.969,2.55
742,0.7,29.0272,2.55
742,0.8,29.0954,2.55
742,0.9,29.1742,2.55
742,1,29.2641,2.5499
742,1.1,29.3656,2.5497
742,1.2,29.4794,2.5489
742,1.3,29.6061,2.5463
742,1.4,29.7465,2.5393
742,1.5,29.901,2.5223
742,1.6,30.0706,2.4857
742,1.7,30.2558,2.415
742,1.8,30.4575,2.2922
742,1.9,30.6764,2.0982
742,2,30.9136,1.8149
743,0,28.8154,2.55
743,0.1,28.8197,2.55
743,0.2,28.8325,2.55
743,0.3,28.854,2.55
743,0.4,28.8842,2.55
743,0.5,28.9235,2.55
743,0.6,28.9721,2.55
743,0.7,29.0304,2.55
743,0.8,29.0988,2.55
743,0.9,29.1777,2.55
743,1,29.2677,2.5499
743,1.1,29.3694,2.5497
743,1.2,29.4833,2.5489
743,1.3,29.6102,2.5463
743,1.4,29.7506,2.5393
743,1.5,29.9054,2.5222
743,1.6,30.0751,2.4855
743,1.7,30.2605,2.4147
743,1.8,30.4624,2.2919
743,1.9,30.6815,2.0978
743,2,30.9189,1.8145
744,0,28.8183,2.55
744,0.1,28.8226,2.55
744,0.2,28.8354,2.55
744,0.3,28.8569,2.55
744,0.4,28.8872,2.55
744,0.5,28.9266,2.55
744,0.6,28.9753,2.55
744,0.7,29.0336,2.55
744,0.8,29.1021,2.55
744,0.9,29.1811,2.55
744,1,29.2713,2.5499
744,1.1,29.3731,2.5497
744,1.2,29.4872,2.5488
744,1.3,29.6142,2.5463
744,1.4,29.7548,2.5392
744,1.5,29.9097,2.5221
744,1.6,30.0796,2.4853
744,1.7,30.2652,2.4145
744,1.8,30.4673,2.2915
744,1.9,30.6866,2.0974
744,2,30.9243,1.8141
745,0,28.8212,2.55
745,0.1,28.8255,2.55
745,0.2,28.8383,2.55
745,0.3,28.8599,2.55
745,0.4,28.8902,2.55
745,0.5,28.9296,2.55
745,0.6,28.9784,2.55
745,0.7,29.0369,2.55
745,0.8,29.1054,2.55
745,0.9,29.1846,2.55
745,1,29.2749,2.5499
745,1.1,29.3768,2.5497
745,1.2,29.4911,2.5488
745,1.3,29.6182,2.5462
745,1.4,29.759,2.5392
745,1.5,29.9141,2.522
745,1.6,30.0841,2.4852
745,1.7,30.2699,2.4142
745,1.8,30.4722,2.2912
745,1.9,30.6918,2.097
745,2,30.9297,1.8137
746,0,28.8241,2.55
746,0.1,28.8284,2.55
746,0.2,28.8412,2.55
746,0.3,28.8628,2.55
746,0.4,28.8932,2.55
746,0.5,28.9327,2.55
746,0.6,28.9816,2.55
746,0.7,29.0401,2.55
746,0.8,29.1088,2.55
746,0.9,29.1881,2.55
746,1,29.2785,2.5499
746,1.1,29.3806,2.5497
746,1.2,29.4949,2.5488
746,1.3,29.6223,2.5462
746,1.4,29.7632,2.5391
746,1.5,29.9185,2.5219
746,1.6,30.0887,2.485
746,1.7,30.2746,2.4139
746,1.8,30.4771,2.2908
746,1.9,30.6969,2.0966
746,2,30.935,1.8133
747,0,28.827,2.55
747,0.1,28.8313,2.55
747,0.2,28.8442,2.55
747,0.3,28.8658,2.55
747,0.4,28.8962,2.55
747,0.5,28.9358,2.55
747,0.6,28.9847,2.55
747,0.7,29.0434,2.55
747,0.8,29.1121,2.55
747,0.9,29.1915,2.55
747,1,29.2821,2.5499
747,1.1,29.3843,2.5497
747,1.2,29.4988,2.5488
747,1.3,29.6263,2.5462
747,1.4,29.7674,2.5391
747,1.5,29.9228,2.5218
747,1.6,30.0932,2.4848
747,1.7,30.2793,2.4137
747,1.8,30.482,2.2904
747,1.9,30.702,2.0962
747,2,30.9404,1.8129
748,0,28.8299,2.55
748,0.1,28.8342,2.55
748,0.2,28.8471,2.55
748,0.3,28.8687,2.55
748,0.4,28.8992,2.55
748,0.5,28.9389,2.55
748,0.6,28.9879,2.55
748,0.7,29.0466,2.55
748,0.8,29.1155,2.55
748,0.9,29.195,2.55
748,1,29.2857,2.5499
748,1.1,29.388,2.5497
748,1.2,29.5027,2.5488
748,1.3,29.6304,2.5462
748,1.4,29.7716,2.539
748,1.5,29.9272,2.5217
748,1.6,30.0977,2.4846
748,1.7,30.2841,2.4134
748,1.8,30.4869,2.2901
748,1.9,30.7071,2.0958
748,2,30.9458,1.8125
749,0,28.8328,2.55
749,0.1,28.8371,2.55
749,0.2,28.85,2.55
749,0.3,28.8717,2.55
749,0.4,28.9023,2.55
749,0.5,28.9419,2.55
749,0.6,28.991,2.55
749,0.7,29.0499,2.55
749,0.8,29.1189,2.55
749,0.9,29.1985,2.55
749,1,29.2893,2.5499
749,1.1,29.3918,2.5497
749,1.2,29.5066,2.5488
749,1.3,29.6344,2.5461
749,1.4,29.7758,2.5389
749,1.5,29.9316,2.5216
749,1.6,30.1023,2.4844
749,1.7,30.2888,2.4131
749,1.8,30.4918,2.2897
749,1.9,30.7123,2.0953
749,2,30.9511,1.8121
750,0,28.8357,2.55
750,0.1,28.84,2.55
750,0.2,28.853,2.55
750,0.3,28.8747,2.55
750,0.4,28.9053,2.55
750,0.5,28.945,2.55
750,0.6,28.9942,2.55
750,0.7,29.0531,2.55
750,0.8,29.1222,2.55
750,0.9,29.202,2.55
750,1,29.2929,2.5499
750,1.1,29.3955,2.5497
750,1.2,29.5105,2.5488
750,1.3,29.6385,2.5461
750,1.4,29.78,2.5389
750,1.5,29.9359,2.5215
750,1.6,30.1068,2.4843
750,1.7,30.2935,2.4128
750,1.8,30.4968,2.2894
750,1.9,30.7174,2.0949
750,2,30.9565,1.8117
751,0,28.8386,2.55
751,0.1,28.8429,2.55
751,0.2,28.8559,2.55
751,0.3,28.8776,2.55
751,0.4,28.9083,2.55
751,0.5,28.9481,2.55
751,0.6,28.9974,2.55
751,0.7,29.0564,2.55
751,0.8,29.1256,2.55
751,0.9,29.2055,2.55
751,1,29.2965,2.5499
751,1.1,29.3993,2.5497
751,1.2,29.5144,2.5488
751,1.3,29.6425,2.5461
751,1.4,29.7842,2.5388
751,1.5,29.9403,2.5214
751,1.6,30.1114,2.4841
751,1.7,30.2982,2.4126
751,1.8,30.5017,2.289
751,1.9,30.7226,2.0945
751,2,30.9619,1.8113
752,0,28.8415,2.55
752,0.1,28.8458,2.55
752,0.2,28.8588,2.55
752,0.3,28.8806,2.55
752,0.4,28.9113,2.55
752,0.5,28.9512,2.55
752,0.6,29.0005,2.55
752,0.7,29.0596,2.55
752,0.8,29.129,2.55
752,0.9,29.2089,2.55
752,1,29.3001,2.5499
752,1.1,29.403,2.5497
752,1.2,29.5183,2.5488
752,1.3,29.6466,2.5461
752,1.4,29.7885,2.5388
752,1.5,29.9447,2.5213
752,1.6,30.1159,2.4839
752,1.7,30.303,2.4123
752,1.8,30.5066,2.2886
752,1.9,30.7277,2.0941
752,2,30.9673,1.8109
753,0,28.8444,2.55
753,0.1,28.8488,2.55
753,0.2,28.8618,2.55
753,0.3,28.8836,2.55
753,0.4,28.9144,2.55
753,0.5,28.9543,2.55
753,0.6,29.0037,2.55
753,0.7,29.0629,2.55
753,0.8,29.1323,2.55
753,0.9,29.2124,2.55
753,1,29.3037,2.5499
753,1.1,29.4068,2.5497
753,1.2,29.5222,2.5488
753,1.3,29.6506,2.5461
753,1.4,29.7927,2.5387
753,1.5,29.9491,2.5212
753,1.6,30.1205,2.4837
753,1.7,30.3077,2.412
753,1.8,30.5116,2.2883
753,1.9,30.7329,2.0937
753,2,30.9727,1.8105
754,0,28.8474,2.55
754,0.1,28.8517,2.55
754,0.2,28.8647,2.55
754,0.3,28.8866,2.55
754,0.4,28.9174,2.55
754,0.5,28.9574,2.55
754,0.6,29.0069,2.55
754,0.7,29.0662,2.55
754,0.8,29.1357,2.55
754,0.9,29.2159,2.55
754,1,29.3074,2.5499
754,1.1,29.4106,2.5497
754,1.2,29.5261,2.5488
754,1.3,29.6547,2.546
754,1.4,29.7969,2.5387
754,1.5,29.9534,2.5211
754,1.6,30.1251,2.4835
754,1.7,30.3125,2.4118
754,1.8,30.5165,2.2879
754,1.9,30.7381,2.0933
754,2,30.9781,1.8101
755,0,28.8503,2.55
755,0.1,28.8546,2.55
755,0.2,28.8677,2.55
755,0.3,28.8896,2.55
755,0.4,28.9205,2.55
755,0.5,28.9605,2.55
755,0.6,29.0101,2.55
755,0.7,29.0695,2.55
755,0.8,29.1391,2.55
755,0.9,29.2194,2.55
755,1,29.311,2.5499
755,1.1,29.4143,2.5496
755,1.2,29.53,2.5487
755,1.3,29.6587,2.546
755,1.4,29.8011,2.5386
755,1.5,29.9578,2.521
755,1.6,30.1296,2.4834
755,1.7,30.3172,2.4115
755,1.8,30.5215,2.2876
755,1.9,30.7432,2.0929
755,2,30.9835,1.8097
756,0,28.8532,2.55
756,0.1,28.8576,2.55
756,0.2,28.8707,2.55
756,0.3,28.8926,2.55
756,0.4,28.9235,2.55
756,0.5,28.9636,2.55
756,0.6,29.0133,2.55
756,0.7,29.0728,2.55
756,0.8,29.1425,2.55
756,0.9,29.223,2.55
756,1,29.3146,2.5499
756,1.1,29.4181,2.5496
756,1.2,29.534,2.5487
756,1.3,29.6628,2.546
756,1.4,29.8053,2.5386
756,1.5,29.9622,2.5209
756,1.6,30.1342,2.4832
756,1.7,30.322,2.4112
756,1.8,30.5264,2.2872
756,1.9,30.7484,2.0925
756,2,30.9889,1.8093
757,0,28.8562,2.55
757,0.1,28.8605,2.55
757,0.2,28.8736,2.55
757,0.3,28.8956,2.55
757,0.4,28.9266,2.55
757,0.5,28.9668,2.55
757,0.6,29.0165,2.55
757,0.7,29.076,2.55
757,0.8,29.1459,2.55
757,0.9,29.2265,2.55
757,1,29.3183,2.5499
757,1.1,29.4219,2.5496
757,1.2,29.5379,2.5487
757,1.3,29.6669,2.546
757,1.4,29.8096,2.5385
757,1.5,29.9666,2.5208
757,1.6,30.1388,2.483
757,1.7,30.3267,2.4109
757,1.8,30.5314,2.2869
757,1.9,30.7536,2.0921
757,2,30.9944,1.8089
758,0,28.8591,2.55
758,0.1,28.8635,2.55
758,0.2,28.8766,2.55
758,0.3,28.8986,2.55
758,0.4,28.9296,2.55
758,0.5,28.9699,2.55
758,0.6,29.0197,2.55
758,0.7,29.0793,2.55
758,0.8,29.1493,2.55
758,0.9,29.23,2.55
758,1,29.3219,2.5499
758,1.1,29.4257,2.5496
758,1.2,29.5418,2.5487
758,1.3,29.671,2.5459
758,1.4,29.8138,2.5385
758,1.5,29.971,2.5207
758,1.6,30.1433,2.4828
758,1.7,30.3315,2.4107
758,1.8,30.5364,2.2865
758,1.9,30.7588,2.0917
758,2,30.9998,1.8085
759,0,28.8621,2.55
759,0.1,28.8664,2.55
759,0.2,28.8796,2.55
759,0.3,28.9016,2.55
759,0.4,28.9327,2.55
759,0.5,28.973,2.55
759,0.6,29.0229,2.55
759,0.7,29.0826,2.55
759,0.8,29.1527,2.55
759,0.9,29.2335,2.55
759,1,29.3256,2.5499
759,1.1,29.4294,2.5496
759,1.2,29.5457,2.5487
759,1.3,29.675,2.5459
759,1.4,29.818,2.5384
759,1.5,29.9754,2.5206
759,1.6,30.1479,2.4826
759,1.7,30.3363,2.4104
759,1.8,30.5413,2.2861
759,1.9,30.764,2.0912
759,2,31.0052,1.8081
760,0,28.865,2.55
760,0.1,28.8694,2.55
760,0.2,28.8826,2.55
760,0.3,28.9046,2.55
760,0.4,28.9358,2.55
760,0.5,28.9762,2.55
760,0.6,29.0261,2.55
760,0.7,29.0859,2.55
760,0.8,29.1561,2.55
760,0.9,29.237,2.55
760,1,29.3292,2.5499
760,1.1,29.4332,2.5496
760,1.2,29.5496,2.5487
760,1.3,29.6791,2.5459
760,1.4,29.8223,2.5384
760,1.5,29.9798,2.5205
760,1.6,30.1525,2.4825
760,1.7,30.341,2.4101
760,1.8,30.5463,2.2858
760,1.9,30.7692,2.0908
760,2,31.0106,1.8077
761,0,28.868,2.55
761,0.1,28.8724,2.55
761,0.2,28.8856,2.55
761,0.3,28.9077,2.55
761,0.4,28.9388,2.55
761,0.5,28.9793,2.55
761,0.6,29.0293,2.55
761,0.7,29.0893,2.55
761,0.8,29.1595,2.55
761,0.9,29.2405,2.55
761,1,29.3329,2.5499
761,1.1,29.437,2.5496
761,1.2,29.5536,2.5487
761,1.3,29.6832,2.5459
761,1.4,29.8265,2.5383
761,1.5,29.9842,2.5204
761,1.6,30.1571,2.4823
761,1.7,30.3458,2.4098
761,1.8,30.5513,2.2854
761,1.9,30.7744,2.0904
761,2,31.0161,1.8073
762,0,28.8709,2.55
762,0.1,28.8753,2.55
762,0.2,28.8886,2.55
762,0.3,28.9107,2.55
762,0.4,28.9419,2.55
762,0.5,28.9824,2.55
762,0.6,29.0325,2.55
762,0.7,29.0926,2.55
762,0.8,29.1629,2.55
762,0.9,29.2441,2.55
762,1,29.3365,2.5499
762,1.1,29.4408,2.5496
762,1.2,29.5575,2.5487
762,1.3,29.6873,2.5458
762,1.4,29.8308,2.5383
762,1.5,29.9887,2.5203
762,1.6,30.1617,2.4821
762,1.7,30.3506,2.4096
762,1.8,30.5563,2.2851
762,1.9,30.7796,2.09
762,2,31.0215,1.8069
763,0,28.8739,2.55
763,0.1,28.8783,2.55
763,0.2,28.8916,2.55
763,0.3,28.9137,2.55
763,0.4,28.945,2.55
763,0.5,28.9856,2.55
763,0.6,29.0358,2.55
763,0.7,29.0959,2.55
763,0.8,29.1663,2.55
763,0.9,29.2476,2.55
763,1,29.3402,2.5499
763,1.1,29.4446,2.5496
763,1.2,29.5615,2.5487
763,1.3,29.6914,2.5458
763,1.4,29.835,2.5382
763,1.5,29.9931,2.5202
763,1.6,30.1663,2.4819
763,1.7,30.3554,2.4093
763,1.8,30.5613,2.2847
763,1.9,30.7848,2.0896
763,2,31.027,1.8065
764,0,28.8769,2.55
764,0.1,28.8813,2.55
764,0.2,28.8946,2.55
764,0.3,28.9168,2.55
764,0.4,28.9481,2.55
764,0.5,28.9887,2.55
764,0.6,29.039,2.55
764,0.7,29.0992,2.55
764,0.8,29.1698,2.55
764,0.9,29.2511,2.55
764,1,29.3438,2.5499
764,1.1,29.4484,2.5496
764,1.2,29.5654,2.5487
764,1.3,29.6955,2.5458
764,1.4,29.8393,2.5382
764,1.5,29.9975,2.52
764,1.6,30.1709,2.4817
764,1.7,30.3602,2.409
764,1.8,30.5663,2.2844
764,1.9,30.79,2.0892
764,2,31.0324,1.8061
765,0,28.8799,2.55
765,0.1,28.8843,2.55
765,0.2,28.8976,2.55
765,0.3,28.9198,2.55
765,0.4,28.9512,2.55
765,0.5,28.9919,2.55
765,0.6,29.0422,2.55
765,0.7,29.1025,2.55
765,0.8,29.1732,2.55
765,0.9,29.2547,2.55
765,1,29.3475,2.5499
765,1.1,29.4522,2.5496
765,1.2,29.5693,2.5487
765,1.3,29.6996,2.5458
765,1.4,29.8435,2.5381
765,1.5,30.0019,2.5199
765,1.6,30.1755,2.4816
765,1.7,30.365,2.4088
765,1.8,30.5713,2.284
765,1.9,30.7952,2.0888
765,2,31.0379,1.8057
766,0,28.8829,2.55
766,0.1,28.8873,2.55
766,0.2,28.9006,2.55
766,0.3,28.9229,2.55
766,0.4,28.9543,2.55
766,0.5,28.9951,2.55
766,0.6,29.0455,2.55
766,0.7,29.1059,2.55
766,0.8,29.1766,2.55
766,0.9,29.2582,2.55
766,1,29.3512,2.5499
766,1.1,29.456,2.5496
766,1.2,29.5733,2.5486
766,1.3,29.7037,2.5457
766,1.4,29.8478,2.538
766,1.5,30.0063,2.5198
766,1.6,30.1801,2.4814
766,1.7,30.3698,2.4085
766,1.8,30.5763,2.2836
766,1.9,30.8005,2.0884
766,2,31.0434,1.8053
767,0,28.8858,2.55
767,0.1,28.8903,2.55
767,0.2,28.9036,2.55
767,0.3,28.9259,2.55
767,0.4,28.9574,2.55
767,0.5,28.9982,2.55
767,0.6,29.0487,2.55
767,0.7,29.1092,2.55
767,0.8,29.1801,2.55
767,0.9,29.2618,2.55
767,1,29.3549,2.5499
767,1.1,29.4598,2.5496
767,1.2,29.5772,2.5486
767,1.3,29.7078,2.5457
767,1.4,29.852,2.538
767,1.5,30.0108,2.5197
767,1.6,30.1847,2.4812
767,1.7,30.3746,2.4082
767,1.8,30.5813,2.2833
767,1.9,30.8057,2.088
767,2,31.0488,1.8049
768,0,28.8888,2.55
768,0.1,28.8933,2.55
768,0.2,28.9066,2.55
768,0.3,28.929,2.55
768,0.4,28.9605,2.55
768,0.5,29.0014,2.55
768,0.6,29.052,2.55
768,0.7,29.1125,2.55
768,0.8,29.1835,2.55
768,0.9,29.2653,2.55
768,1,29.3585,2.5499
768,1.1,29.4636,2.5496
768,1.2,29.5812,2.5486
768,1.3,29.7119,2.5457
768,1.4,29.8563,2.5379
768,1.5,30.0152,2.5196
768,1.6,30.1893,2.481
768,1.7,30.3794,2.4079
768,1.8,30.5863,2.2829
768,1.9,30.8109,2.0876
768,2,31.0543,1.8045
769,0,28.8918,2.55
769,0.1,28.8963,2.55
769,0.2,28.9097,2.55
769,0.3,28.932,2.55
769,0.4,28.9636,2.55
769,0.5,29.0046,2.55
769,0.6,29.0552,2.55
769,0.7,29.1159,2.55
769,0.8,29.187,2.55
769,0.9,29.2689,2.55
769,1,29.3622,2.5499
769,1.1,29.4674,2.5496
769,1.2,29.5852,2.5486
769,1.3,29.716,2.5457
769,1.4,29.8606,2.5379
769,1.5,30.0197,2.5195
769,1.6,30.1939,2.4808
769,1.7,30.3842,2.4077
769,1.8,30.5913,2.2826
769,1.9,30.8162,2.0872
769,2,31.0598,1.8041
770,0,28.8948,2.55
770,0.1,28.8993,2.55
770,0.2,28.9127,2.55
770,0.3,28.9351,2.55
770,0.4,28.9667,2.55
770,0.5,29.0078,2.55
770,0.6,29.0585,2.55
770,0.7,29.1192,2.55
770,0.8,29.1904,2.55
770,0.9,29.2725,2.55
770,1,29.3659,2.5499
770,1.1,29.4713,2.5496
770,1.2,29.5891,2.5486
770,1.3,29.7201,2.5456
770,1.4,29.8649,2.5378
770,1.5,30.0241,2.5194
770,1.6,30.1986,2.4807
770,1.7,30.389,2.4074
770,1.8,30.5963,2.2822
770,1.9,30.8214,2.0868
770,2,31.0652,1.8037
771,0,28.8978,2.55
771,0.1,28.9023,2.55
771,0.2,28.9157,2.55
771,0.3,28.9382,2.55
771,0.4,28.9698,2.55
771,0.5,29.0109,2.55
771,0.6,29.0617,2.55
771,0.7,29.1226,2.55
771,0.8,29.1939,2.55
771,0.9,29.276,2.55
771,1,29.3696,2.5499
771,1.1,29.4751,2.5496
771,1.2,29.5931,2.5486
771,1.3,29.7242,2.5456
771,1.4,29.8691,2.5378
771,1.5,30.0285,2.5193
771,1.6,30.2032,2.4805
771,1.7,30.3938,2.4071
771,1.8,30.6014,2.2819
771,1.9,30.8267,2.0864
771,2,31.0707,1.8033
772,0,28.9009,2.55
772,0.1,28.9053,2.55
772,0.2,28.9188,2.55
772,0.3,28.9413,2.55
772,0.4,28.973,2.55
772,0.5,29.0141,2.55
772,0.6,29.065,2.55
772,0.7,29.1259,2.55
772,0.8,29.1973,2.55
772,0.9,29.2796,2.55
772,1,29.3733,2.5499
772,1.1,29.4789,2.5496
772,1.2,29.5971,2.5486
772,1.3,29.7283,2.5456
772,1.4,29.8734,2.5377
772,1.5,30.033,2.5192
772,1.6,30.2078,2.4803
772,1.7,30.3987,2.4069
772,1.8,30.6064,2.2815
772,1.9,30.8319,2.086
772,2,31.0762,1.8029
773,0,28.9039,2.55
773,0.1,28.9084,2.55
773,0.2,28.9218,2.55
773,0.3,28.9443,2.55
773,0.4,28.9761,2.55
773,0.5,29.0173,2.55
773,0.6,29.0683,2.55
773,0.7,29.1293,2.55
773,0.8,29.2008,2.55
773,0.9,29.2832,2.55
773,1,29.377,2.5499
773,1.1,29.4827,2.5496
773,1.2,29.601,2.5486
773,1.3,29.7325,2.5456
773,1.4,29.8777,2.5377
773,1.5,30.0375,2.5191
773,1.6,30.2125,2.4801
773,1.7,30.4035,2.4066
773,1.8,30.6114,2.2812
773,1.9,30.8372,2.0856
773,2,31.0817,1.8025
774,0,28.9069,2.55
774,0.1,28.9114,2.55
774,0.2,28.9249,2.55
774,0.3,28.9474,2.55
774,0.4,28.9792,2.55
774,0.5,29.0205,2.55
774,0.6,29.0715,2.55
774,0.7,29.1327,2.55
774,0.8,29.2042,2.55
774,0.9,29.2868,2.55
774,1,29.3807,2.5499
774,1.1,29.4866,2.5496
774,1.2,29.605,2.5486
774,1.3,29.7366,2.5455
774,1.4,29.882,2.5376
774,1.5,30.0419,2.519
774,1.6,30.2171,2.4799
774,1.7,30.4083,2.4063
774,1.8,30.6165,2.2808
774,1.9,30.8424,2.0852
774,2,31.0872,1.8021
775,0,28.9099,2.55
775,0.1,28.9144,2.55
775,0.2,28.9279,2.55
775,0.3,28.9505,2.55
775,0.4,28.9824,2.55
775,0.5,29.0237,2.55
775,0.6,29.0748,2.55
775,0.7,29.136,2.55
775,0.8,29.2077,2.55
775,0.9,29.2903,2.55
775,1,29.3844,2.5499
775,1.1,29.4904,2.5496
775,1.2,29.609,2.5486
775,1.3,29.7407,2.5455
775,1.4,29.8863,2.5376
775,1.5,30.0464,2.5189
775,1.6,30.2217,2.4797
775,1.7,30.4132,2.406
775,1.8,30.6215,2.2804
775,1.9,30.8477,2.0848
775,2,31.0927,1.8017
776,0,28.913,2.55
776,0.1,28.9175,2.55
776,0.2,28.931,2.55
776,0.3,28.9536,2.55
776,0.4,28.9855,2.55
776,0.5,29.0269,2.55
776,0.6,29.0781,2.55
776,0.7,29.1394,2.55
776,0.8,29.2112,2.55
776,0.9,29.2939,2.55
776,1,29.3881,2.5499
776,1.1,29.4943,2.5496
776,1.2,29.613,2.5485
776,1.3,29.7449,2.5455
776,1.4,29.8906,2.5375
776,1.5,30.0508,2.5188
776,1.6,30.2264,2.4796
776,1.7,30.418,2.4058
776,1.8,30.6266,2.2801
776,1.9,30.853,2.0843
776,2,31.0982,1.8013
777,0,28.916,2.55
777,0.1,28.9205,2.55
777,0.2,28.934,2.55
777,0.3,28.9567,2.55
777,0.4,28.9887,2.55
777,0.5,29.0301,2.55
777,0.6,29.0814,2.55
777,0.7,29.1428,2.55
777,0.8,29.2147,2.55
777,0.9,29.2975,2.55
777,1,29.3918,2.5499
777,1.1,29.4981,2.5496
777,1.2,29.617,2.5485
777,1.3,29.749,2.5455
777,1.4,29.8949,2.5374
777,1.5,30.0553,2.5187
777,1.6,30.231,2.4794
777,1.7,30.4229,2.4055
777,1.8,30.6316,2.2797
777,1.9,30.8582,2.0839
777,2,31.1037,1.8009
778,0,28.919,2.55
778,0.1,28.9236,2.55
778,0.2,28.9371,2.55
778,0.3,28.9598,2.55
778,0.4,28.9918,2.55
778,0.5,29.0334,2.55
778,0.6,29.0847,2.55
778,0.7,29.1462,2.55
778,0.8,29.2182,2.55
778,0.9,29.3011,2.55
778,1,29.3955,2.5499
778,1.1,29.502,2.5496
778,1.2,29.6209,2.5485
778,1.3,29.7531,2.5454
778,1.4,29.8992,2.5374
778,1.5,30.0598,2.5186
778,1.6,30.2357,2.4792
778,1.7,30.4277,2.4052
778,1.8,30.6367,2.2794
778,1.9,30.8635,2.0835
778,2,31.1092,1.8005
779,0,28.9221,2.55
779,0.1,28.9266,2.55
779,0.2,28.9402,2.55
779,0.3,28.9629,2.55
779,0.4,28.995,2.55
779,0.5,29.0366,2.55
779,0.6,29.088,2.55
779,0.7,29.1496,2.55
779,0.8,29.2216,2.55
779,0.9,29.3047,2.55
779,1,29.3993,2.5499
779,1.1,29.5058,2.5496
779,1.2,29.6249,2.5485
779,1.3,29.7573,2.5454
779,1.4,29.9035,2.5373
779,1.5,30.0643,2.5184
779,1.6,30.2404,2.479
779,1.7,30.4326,2.405
779,1.8,30.6417,2.279
779,1.9,30.8688,2.0831
779,2,31.1147,1.8001
780,0,28.9251,2.55
780,0.1,28.9297,2.55
780,0.2,28.9433,2.55
780,0.3,28.966,2.55
780,0.4,28.9982,2.55
780,0.5,29.0398,2.55
780,0.6,29.0913,2.55
780,0.7,29.1529,2.55
780,0.8,29.2251,2.55
780,0.9,29.3083,2.55
780,1,29.403,2.5499
780,1.1,29.5097,2.5496
780,1.2,29.6289,2.5485
780,1.3,29.7614,2.5454
780,1.4,29.9078,2.5373
780,1.5,30.0687,2.5183
780,1.6,30.245,2.4788
780,1.7,30.4374,2.4047
780,1.8,30.6468,2.2787
780,1.9,30.8741,2.0827
780,2,31.1203,1.7997
781,0,28.9282,2.55
781,0.1,28.9327,2.55
781,0.2,28.9464,2.55
781,0.3,28.9692,2.55
781,0.4,29.0013,2.55
781,0.5,29.043,2.55
781,0.6,29.0946,2.55
781,0.7,29.1563,2.55
781,0.8,29.2286,2.55
781,0.9,29.3119,2.55
781,1,29.4067,2.5499
781,1.1,29.5135,2.5496
781,1.2,29.6329,2.5485
781,1.3,29.7656,2.5454
781,1.4,29.9121,2.5372
781,1.5,30.0732,2.5182
781,1.6,30.2497,2.4786
781,1.7,30.4423,2.4044
781,1.8,30.6519,2.2783
781,1.9,30.8794,2.0823
781,2,31.1257,1.7993
782,0,28.9313,2.55
782,0.1,28.9358,2.55
782,0.2,28.9494,2.55
782,0.3,28.9723,2.55
782,0.4,29.0045,2.55
782,0.5,29.0463,2.55
782,0.6,29.0979,2.55
782,0.7,29.1597,2.55
782,0.8,29.2321,2.55
782,0.9,29.3155,2.55
782,1,29.4104,2.5499
782,1.1,29.5174,2.5496
782,1.2,29.637,2.5485
782,1.3,29.7697,2.5453
782,1.4,29.9164,2.5372
782,1.5,30.0777,2.5181
782,1.6,30.2544,2.4785
782,1.7,30.4472,2.4042
782,1.8,30.657,2.278
782,1.9,30.8847,2.0819
782,2,31.1311,1.7989
783,0,28.9343,2.55
783,0.1,28.9389,2.55
783,0.2,28.9525,2.55
783,0.3,28.9754,2.55
783,0.4,29.0077,2.55
783,0.5,29.0495,2.55
783,0.6,29.1012,2.55
783,0.7,29.1631,2.55
783,0.8,29.2356,2.55
783,0.9,29.3191,2.55
783,1,29.4142,2.5499
783,1.1,29.5213,2.5496
783,1.2,29.641,2.5485
783,1.3,29.7739,2.5453
783,1.4,29.9208,2.5371
783,1.5,30.0822,2.518
783,1.6,30.259,2.4783
783,1.7,30.452,2.4039
783,1.8,30.662,2.2776
783,1.9,30.8899,2.0815
783,2,31.1365,1.7985
784,0,28.9374,2.55
784,0.1,28.9419,2.55
784,0.2,28.9556,2.55
784,0.3,28.9786,2.55
784,0.4,29.0109,2.55
784,0.5,29.0528,2.55
784,0.6,29.1046,2.55
784,0.7,29.1665,2.55
784,0.8,29.2391,2.55
784,0.9,29.3228,2.55
784,1,29.4179,2.5499
784,1.1,29.5251,2.5496
784,1.2,29.645,2.5485
784,1.3,29.7781,2.5453
784,1.4,29.9251,2.5371
784,1.5,30.0867,2.5179
784,1.6,30.2637,2.4781
784,1.7,30.4569,2.4036
784,1.8,30.6671,2.2773
784,1.9,30.8952,2.0811
784,2,31.1418,1.7981
785,0,28.9405,2.55
785,0.1,28.945,2.55
785,0.2,28.9587,2.55
785,0.3,28.9817,2.55
785,0.4,29.014,2.55
785,0.5,29.056,2.55
785,0.6,29.1079,2.55
785,0.7,29.17,2.55
785,0.8,29.2427,2.55
785,0.9,29.3264,2.55
785,1,29.4217,2.5499
785,1.1,29.529,2.5495
785,1.2,29.649,2.5485
785,1.3,29.7822,2.5453
785,1.4,29.9294,2.537
785,1.5,30.0912,2.5178
785,1.6,30.2684,2.4779
785,1.7,30.4618,2.4033
785,1.8,30.6722,2.2769
785,1.9,30.9004,2.0807
785,2,31.1471,1.7977
786,0,28.9436,2.55
786,0.1,28.9481,2.55
786,0.2,28.9619,2.55
786,0.3,28.9848,2.55
786,0.4,29.0172,2.55
786,0.5,29.0593,2.55
786,0.6,29.1112,2.55
786,0.7,29.1734,2.55
786,0.8,29.2462,2.55
786,0.9,29.33,2.55
786,1,29.4254,2.5499
786,1.1,29.5329,2.5495
786,1.2,29.653,2.5484
786,1.3,29.7864,2.5452
786,1.4,29.9337,2.5369
786,1.5,30.0957,2.5177
786,1.6,30.2731,2.4777
786,1.7,30.4667,2.4031
786,1.8,30.6773,2.2766
786,1.9,30.9057,2.0803
786,2,31.1524,1.7973
787,0,28.9466,2.55
787,0.1,28.9512,2.55
787,0.2,28.965,2.55
787,0.3,28.988,2.55
787,0.4,29.0204,2.55
787,0.5,29.0625,2.55
787,0.6,29.1145,2.55
787,0.7,29.1768,2.55
787,0.8,29.2497,2.55
787,0.9,29.3336,2.55
787,1,29.4292,2.5499
787,1.1,29.5368,2.5495
787,1.2,29.657,2.5484
787,1.3,29.7906,2.5452
787,1.4,29.9381,2.5369
787,1.5,30.1002,2.5176
787,1.6,30.2778,2.4776
787,1.7,30.4715,2.4028
787,1.8,30.6823,2.2762
787,1.9,30.9109,2.0799
787,2,31.1577,1.797
788,0,28.9497,2.55
788,0.1,28.9543,2.55
788,0.2,28.9681,2.55
788,0.3,28.9911,2.55
788,0.4,29.0236,2.55
788,0.5,29.0658,2.55
788,0.6,29.1179,2.55
788,0.7,29.1802,2.55
788,0.8,29.2532,2.55
788,0.9,29.3373,2.55
788,1,29.4329,2.5499
788,1.1,29.5407,2.5495
788,1.2,29.6611,2.5484
788,1.3,29.7948,2.5452
788,1.4,29.9424,2.5368
788,1.5,30.1047,2.5175
788,1.6,30.2825,2.4774
788,1.7,30.4764,2.4025
788,1.8,30.6874,2.2759
788,1.9,30.9161,2.0795
788,2,31.163,1.7966
789,0,28.9528,2.55
789,0.1,28.9574,2.55
789,0.2,28.9712,2.55
789,0.3,28.9943,2.55
789,0.4,29.0268,2.55
789,0.5,29.0691,2.55
789,0.6,29.1212,2.55
789,0.7,29.1837,2.55
789,0.8,29.2567,2.55
789,0.9,29.3409,2.55
789,1,29.4367,2.5499
789,1.1,29.5445,2.5495
789,1.2,29.6651,2.5484
789,1.3,29.799,2.5452
789,1.4,29.9468,2.5368
789,1.5,30.1093,2.5174
789,1.6,30.2872,2.4772
789,1.7,30.4813,2.4023
789,1.8,30.6924,2.2755
789,1.9,30.9213,2.0791
789,2,31.1683,1.7962
790,0,28.9559,2.55
790,0.1,28.9605,2.55
790,0.2,28.9743,2.55
790,0.3,28.9975,2.55
790,0.4,29.0301,2.55
790,0.5,29.0723,2.55
790,0.6,29.1246,2.55
790,0.7,29.1871,2.55
790,0.8,29.2603,2.55
790,0.9,29.3446,2.55
790,1,29.4404,2.5499
790,1.1,29.5484,2.5495
790,1.2,29.6691,2.5484
790,1.3,29.8031,2.5451
790,1.4,29.9511,2.5367
790,1.5,30.1138,2.5173
790,1.6,30.2919,2.477
790,1.7,30.4862,2.402
790,1.8,30.6975,2.2752
790,1.9,30.9264,2.0787
790,2,31.1735,1.7958
791,0,28.959,2.55
791,0.1,28.9636,2.55
791,0.2,28.9775,2.55
791,0.3,29.0006,2.55
791,0.4,29.0333,2.55
791,0.5,29.0756,2.55
791,0.6,29.1279,2.55
791,0.7,29.1905,2.55
791,0.8,29.2638,2.55
791,0.9,29.3482,2.55
791,1,29.4442,2.5499
791,1.1,29.5523,2.5495
791,1.2,29.6732,2.5484
791,1.3,29.8073,2.5451
791,1.4,29.9555,2.5367
791,1.5,30.1183,2.5171
791,1.6,30.2966,2.4768
791,1.7,30.4911,2.4017
791,1.8,30.7025,2.2748
791,1.9,30.9316,2.0783
791,2,31.1787,1.7954
792,0,28.9621,2.55
792,0.1,28.9667,2.55
792,0.2,28.9806,2.55
792,0.3,29.0038,2.55
792,0.4,29.0365,2.55
792,0.5,29.0789,2.55
792,0.6,29.1313,2.55
792,0.7,29.194,2.55
792,0.8,29.2674,2.55
792,0.9,29.3519,2.55
792,1,29.448,2.5499
792,1.1,29.5562,2.5495
792,1.2,29.6772,2.5484
792,1.3,29.8115,2.5451
792,1.4,29.9598,2.5366
792,1.5,30.1228,2.517
792,1.6,30.3013,2.4766
792,1.7,30.496,2.4014
792,1.8,30.7076,2.2745
792,1.9,30.9368,2.0779
792,2,31.1839,1.795
793,0,28.9652,2.55
793,0.1,28.9699,2.55
793,0.2,28.9837,2.55
793,0.3,29.007,2.55
793,0.4,29.0397,2.55
793,0.5,29.0822,2.55
793,0.6,29.1346,2.55
793,0.7,29.1974,2.55
793,0.8,29.2709,2.55
793,0.9,29.3555,2.55
793,1,29.4518,2.5499
793,1.1,29.5601,2.5495
793,1.2,29.6813,2.5484
793,1.3,29.8157,2.5451
793,1.4,29.9642,2.5365
793,1.5,30.1274,2.5169
793,1.6,30.306,2.4765
793,1.7,30.5008,2.4012
793,1.8,30.7126,2.2741
793,1.9,30.9419,2.0775
793,2,31.1891,1.7946
794,0,28.9684,2.55
794,0.1,28.973,2.55
794,0.2,28.9869,2.55
794,0.3,29.0102,2.55
794,0.4,29.0429,2.55
794,0.5,29.0855,2.55
794,0.6,29.138,2.55
794,0.7,29.2009,2.55
794,0.8,29.2744,2.55
794,0.9,29.3592,2.55
794,1,29.4555,2.5499
794,1.1,29.5641,2.5495
794,1.2,29.6853,2.5484
794,1.3,29.8199,2.545
794,1.4,29.9685,2.5365
794,1.5,30.1319,2.5168
794,1.6,30.3107,2.4763
794,1.7,30.5057,2.4009
794,1.8,30.7176,2.2738
794,1.9,30.9471,2.0771
794,2,31.1943,1.7942
795,0,28.9715,2.55
795,0.1,28.9761,2.55
795,0.2,28.99,2.55
795,0.3,29.0133,2.55
795,0.4,29.0462,2.55
795,0.5,29.0888,2.55
795,0.6,29.1414,2.55
795,0.7,29.2043,2.55
795,0.8,29.278,2.55
795,0.9,29.3628,2.55
795,1,29.4593,2.5499
795,1.1,29.568,2.5495
795,1.2,29.6894,2.5483
795,1.3,29.8241,2.545
795,1.4,29.9729,2.5364
795,1.5,30.1364,2.5167
795,1.6,30.3154,2.4761
795,1.7,30.5106,2.4006
795,1.8,30.7227,2.2734
795,1.9,30.9522,2.0768
795,2,31.1995,1.7938
796,0,28.9746,2.55
796,0.1,28.9793,2.55
796,0.2,28.9932,2.55
796,0.3,29.0165,2.55
796,0.4,29.0494,2.55
796,0.5,29.0921,2.55
796,0.6,29.1447,2.55
796,0.7,29.2078,2.55
796,0.8,29.2816,2.55
796,0.9,29.3665,2.55
796,1,29.4631,2.5499
796,1.1,29.5719,2.5495
796,1.2,29.6934,2.5483
796,1.3,29.8283,2.545
796,1.4,29.9773,2.5364
796,1.5,30.141,2.5166
796,1.6,30.3201,2.4759
796,1.7,30.5155,2.4004
796,1.8,30.7277,2.2731
796,1.9,30.9573,2.0764
796,2,31.2047,1.7934
797,0,28.9777,2.55
797,0.1,28.9824,2.55
797,0.2,28.9964,2.55
797,0.3,29.0197,2.55
797,0.4,29.0527,2.55
797,0.5,29.0954,2.55
797,0.6,29.1481,2.55
797,0.7,29.2112,2.55
797,0.8,29.2851,2.55
797,0.9,29.3702,2.55
797,1,29.4669,2.5499
797,1.1,29.5758,2.5495
797,1.2,29.6975,2.5483
797,1.3,29.8326,2.545
797,1.4,29.9817,2.5363
797,1.5,30.1455,2.5165
797,1.6,30.3248,2.4757
797,1.7,30.5203,2.4001
797,1.8,30.7327,2.2727
797,1.9,30.9624,2.076
797,2,31.2099,1.7931
798,0,28.9809,2.55
798,0.1,28.9855,2.55
798,0.2,28.9995,2.55
798,0.3,29.0229,2.55
798,0.4,29.0559,2.55
798,0.5,29.0987,2.55
798,0.6,29.1515,2.55
798,0.7,29.2147,2.55
798,0.8,29.2887,2.55
798,0.9,29.3739,2.55
798,1,29.4707,2.5499
798,1.1,29.5797,2.5495
798,1.2,29.7016,2.5483
798,1.3,29.8368,2.5449
798,1.4,29.986,2.5363
798,1.5,30.1501,2.5164
798,1.6,30.3295,2.4755
798,1.7,30.5252,2.3998
798,1.8,30.7377,2.2724
798,1.9,30.9676,2.0756
798,2,31.2151,1.7927
799,0,28.984,2.55
799,0.1,28.9887,2.55
799,0.2,29.0027,2.55
799,0.3,29.0261,2.55
799,0.4,29.0592,2.55
799,0.5,29.102,2.55
799,0.6,29.1549,2.55
799,0.7,29.2182,2.55
799,0.8,29.2923,2.55
799,0.9,29.3775,2.55
799,1,29.4745,2.5499
799,1.1,29.5837,2.5495
799,1.2,29.7056,2.5483
799,1.3,29.841,2.5449
799,1.4,29.9904,2.5362
799,1.5,30.1546,2.5163
799,1.6,30.3343,2.4754
799,1.7,30.5301,2.3995
799,1.8,30.7427,2.272
799,1.9,30.9727,2.0752
799,2,31.2202,1.7923
800,0,28.9872,2.55
800,0.1,28.9918,2.55
800,0.2,29.0059,2.55
800,0.3,29.0293,2.55
800,0.4,29.0624,2.55
800,0.5,29.1053,2.55
800,0.6,29.1583,2.55
800,0.7,29.2217,2.55
800,0.8,29.2958,2.55
800,0.9,29.3812,2.55
800,1,29.4783,2.5499
800,1.1,29.5876,2.5495
800,1.2,29.7097,2.5483
800,1.3,29.8452,2.5449
800,1.4,29.9948,2.5361
800,1.5,30.1591,2.5162
800,1.6,30.339,2.4752
800,1.7,30.5349,2.3993
800,1.8,30.7477,2.2717
800,1.9,30.9777,2.0748
800,2,31.2254,1.7919
801,0,28.9903,2.55
801,0.1,28.995,2.55
801,0.2,29.009,2.55
801,0.3,29.0325,2.55
801,0.4,29.0657,2.55
801,0.5,29.1086,2.55
801,0.6,29.1617,2.55
801,0.7,29.2251,2.55
801,0.8,29.2994,2.55
801,0.9,29.3849,2.55
801,1,29.4821,2.5499
801,1.1,29.5915,2.5495
801,1.2,29.7138,2.5483
801,1.3,29.8494,2.5448
801,1.4,29.9992,2.5361
801,1.5,30.1637,2.516
801,1.6,30.3437,2.475
801,1.7,30.5398,2.399
801,1.8,30.7527,2.2713
801,1.9,30.9828,2.0744
801,2,31.2305,1.7915
802,0,28.9935,2.55
802,0.1,28.9982,2.55
802,0.2,29.0122,2.55
802,0.3,29.0358,2.55
802,0.4,29.0689,2.55
802,0.5,29.1119,2.55
802,0.6,29.1651,2.55
802,0.7,29.2286,2.55
802,0.8,29.303,2.55
802,0.9,29.3886,2.55
802,1,29.4859,2.5499
802,1.1,29.5955,2.5495
802,1.2,29.7179,2.5483
802,1.3,29.8537,2.5448
802,1.4,30.0036,2.536
802,1.5,30.1682,2.5159
802,1.6,30.3484,2.4748
802,1.7,30.5447,2.3987
802,1.8,30.7577,2.271
802,1.9,30.9879,2.074
802,2,31.2356,1.7911
803,0,28.9966,2.55
803,0.1,29.0013,2.55
803,0.2,29.0154,2.55
803,0.3,29.039,2.55
803,0.4,29.0722,2.55
803,0.5,29.1153,2.55
803,0.6,29.1685,2.55
803,0.7,29.2321,2.55
803,0.8,29.3066,2.55
803,0.9,29.3923,2.55
803,1,29.4897,2.5499
803,1.1,29.5994,2.5495
803,1.2,29.7219,2.5483
803,1.3,29.8579,2.5448
803,1.4,30.008,2.536
803,1.5,30.1728,2.5158
803,1.6,30.3531,2.4746
803,1.7,30.5495,2.3985
803,1.8,30.7627,2.2706
803,1.9,30.993,2.0736
803,2,31.2408,1.7907
804,0,28.9998,2.55
804,0.1,29.0045,2.55
804,0.2,29.0186,2.55
804,0.3,29.0422,2.55
804,0.4,29.0755,2.55
804,0.5,29.1186,2.55
804,0.6,29.1719,2.55
804,0.7,29.2356,2.55
804,0.8,29.3102,2.55
804,0.9,29.396,2.55
804,1,29.4935,2.5499
804,1.1,29.6034,2.5495
804,1.2,29.726,2.5482
804,1.3,29.8621,2.5448
804,1.4,30.0124,2.5359
804,1.5,30.1774,2.5157
804,1.6,30.3578,2.4744
804,1.7,30.5544,2.3982
804,1.8,30.7677,2.2703
804,1.9,30.9981,2.0732
804,2,31.2459,1.7904
805,0,29.003,2.55
805,0.1,29.0077,2.55
805,0.2,29.0218,2.55
805,0.3,29.0454,2.55
805,0.4,29.0788,2.55
805,0.5,29.122,2.55
805,0.6,29.1753,2.55
805,0.7,29.2391,2.55
805,0.8,29.3138,2.55
805,0.9,29.3997,2.55
805,1,29.4974,2.5499
805,1.1,29.6073,2.5495
805,1.2,29.7301,2.5482
805,1.3,29.8664,2.5447
805,1.4,30.0168,2.5358
805,1.5,30.1819,2.5156
805,1.6,30.3625,2.4742
805,1.7,30.5592,2.3979
805,1.8,30.7726,2.2699
805,1.9,31.0031,2.0728
805,2,31.251,1.79
806,0,29.0061,2.55
806,0.1,29.0109,2.55
806,0.2,29.025,2.55
806,0.3,29.0487,2.55
806,0.4,29.082,2.55
806,0.5,29.1253,2.55
806,0.6,29.1787,2.55
806,0.7,29.2426,2.55
806,0.8,29.3174,2.55
806,0.9,29.4034,2.55
806,1,29.5012,2.5499
806,1.1,29.6113,2.5495
806,1.2,29.7342,2.5482
806,1.3,29.8706,2.5447
806,1.4,30.0212,2.5358
806,1.5,30.1865,2.5155
806,1.6,30.3672,2.4741
806,1.7,30.5641,2.3977
806,1.8,30.7776,2.2696
806,1.9,31.0082,2.0724
806,2,31.2561,1.7896
807,0,29.0093,2.55
807,0.1,29.014,2.55
807,0.2,29.0282,2.55
807,0.3,29.0519,2.55
807,0.4,29.0853,2.55
807,0.5,29.1286,2.55
807,0.6,29.1821,2.55
807,0.7,29.2461,2.55
807,0.8,29.321,2.55
807,0.9,29.4071,2.55
807,1,29.505,2.5499
807,1.1,29.6152,2.5495
807,1.2,29.7383,2.5482
807,1.3,29.8749,2.5447
807,1.4,30.0256,2.5357
807,1.5,30.191,2.5154
807,1.6,30.3719,2.4739
807,1.7,30.5689,2.3974
807,1.8,30.7826,2.2692
807,1.9,31.0132,2.072
807,2,31.2612,1.7892
808,0,29.0125,2.55
808,0.1,29.0172,2.55
808,0.2,29.0314,2.55
808,0.3,29.0552,2.55
808,0.4,29.0886,2.55
808,0.5,29.132,2.55
808,0.6,29.1856,2.55
808,0.7,29.2496,2.55
808,0.8,29.3246,2.55
808,0.9,29.4108,2.55
808,1,29.5089,2.5499
808,1.1,29.6192,2.5495
808,1.2,29.7424,2.5482
808,1.3,29.8791,2.5447
808,1.4,30.03,2.5357
808,1.5,30.1956,2.5153
808,1.6,30.3767,2.4737
808,1.7,30.5738,2.3971
808,1.8,30.7875,2.2689
808,1.9,31.0183,2.0716
808,2,31.2663,1.7888
809,0,29.0157,2.55
809,0.1,29.0204,2.55
809,0.2,29.0346,2.55
809,0.3,29.0584,2.55
809,0.4,29.0919,2.55
809,0.5,29.1353,2.55
809,0.6,29.189,2.55
809,0.7,29.2531,2.55
809,0.8,29.3282,2.55
809,0.9,29.4145,2.55
809,1,29.5127,2.5499
809,1.1,29.6232,2.5495
809,1.2,29.7465,2.5482
809,1.3,29.8834,2.5446
809,1.4,30.0344,2.5356
809,1.5,30.2001,2.5152
809,1.6,30.3814,2.4735
809,1.7,30.5786,2.3968
809,1.8,30.7925,2.2685
809,1.9,31.0233,2.0712
809,2,31.2714,1.7884
810,0,29.0189,2.55
810,0.1,29.0236,2.55
810,0.2,29.0379,2.55
810,0.3,29.0617,2.55
810,0.4,29.0952,2.55
810,0.5,29.1387,2.55
810,0.6,29.1924,2.55
810,0.7,29.2566,2.55
810,0.8,29.3318,2.55
810,0.9,29.4183,2.55
810,1,29.5165,2.5498
810,1.1,29.6271,2.5494
810,1.2,29.7506,2.5482
810,1.3,29.8876,2.5446
810,1.4,30.0388,2.5355
810,1.5,30.2047,2.515
810,1.6,30.3861,2.4733
810,1.7,30.5835,2.3966
810,1.8,30.7974,2.2682
810,1.9,31.0284,2.0708
810,2,31.2765,1.788
811,0,29.0221,2.55
811,0.1,29.0268,2.55
811,0.2,29.0411,2.55
811,0.3,29.0649,2.55
811,0.4,29.0985,2.55
811,0.5,29.1421,2.55
811,0.6,29.1959,2.55
811,0.7,29.2602,2.55
811,0.8,29.3354,2.55
811,0.9,29.422,2.55
811,1,29.5204,2.5498
811,1.1,29.6311,2.5494
811,1.2,29.7547,2.5482
811,1.3,29.8919,2.5446
811,1.4,30.0432,2.5355
811,1.5,30.2093,2.5149
811,1.6,30.3908,2.4731
811,1.7,30.5883,2.3963
811,1.8,30.8024,2.2678
811,1.9,31.0334,2.0704
811,2,31.2816,1.7877
812,0,29.0253,2.55
812,0.1,29.03,2.55
812,0.2,29.0443,2.55
812,0.3,29.0682,2.55
812,0.4,29.1018,2.55
812,0.5,29.1454,2.55
812,0.6,29.1993,2.55
812,0.7,29.2637,2.55
812,0.8,29.339,2.55
812,0.9,29.4257,2.55
812,1,29.5242,2.5498
812,1.1,29.6351,2.5494
812,1.2,29.7589,2.5482
812,1.3,29.8962,2.5445
812,1.4,30.0476,2.5354
812,1.5,30.2138,2.5148
812,1.6,30.3955,2.473
812,1.7,30.5932,2.396
812,1.8,30.8073,2.2675
812,1.9,31.0384,2.0701
812,2,31.2867,1.7873
813,0,29.0285,2.55
813,0.1,29.0332,2.55
813,0.2,29.0475,2.55
813,0.3,29.0715,2.55
813,0.4,29.1051,2.55
813,0.5,29.1488,2.55
813,0.6,29.2027,2.55
813,0.7,29.2672,2.55
813,0.8,29.3427,2.55
813,0.9,29.4294,2.55
813,1,29.5281,2.5498
813,1.1,29.6391,2.5494
813,1.2,29.763,2.5481
813,1.3,29.9004,2.5445
813,1.4,30.052,2.5354
813,1.5,30.2184,2.5147
813,1.6,30.4002,2.4728
813,1.7,30.598,2.3958
813,1.8,30.8123,2.2671
813,1.9,31.0435,2.0697
813,2,31.2917,1.7869
814,0,29.0317,2.55
814,0.1,29.0365,2.55
814,0.2,29.0508,2.55
814,0.3,29.0747,2.55
814,0.4,29.1085,2.55
814,0.5,29.1522,2.55
814,0.6,29.2062,2.55
814,0.7,29.2708,2.55
814,0.8,29.3463,2.55
814,0.9,29.4332,2.55
814,1,29.5319,2.5498
814,1.1,29.6431,2.5494
814,1.2,29.7671,2.5481
814,1.3,29.9047,2.5445
814,1.4,30.0564,2.5353
814,1.5,30.2229,2.5146
814,1.6,30.4049,2.4726
814,1.7,30.6028,2.3955
814,1.8,30.8172,2.2668
814,1.9,31.0485,2.0693
814,2,31.2968,1.7865
815,0,29.0349,2.55
815,0.1,29.0397,2.55
815,0.2,29.054,2.55
815,0.3,29.078,2.55
815,0.4,29.1118,2.55
815,0.5,29.1556,2.55
815,0.6,29.2096,2.55
815,0.7,29.2743,2.55
815,0.8,29.3499,2.55
815,0.9,29.4369,2.55
815,1,29.5358,2.5498
815,1.1,29.647,2.5494
815,1.2,29.7712,2.5481
815,1.3,29.909,2.5445
815,1.4,30.0608,2.5352
815,1.5,30.2275,2.5145
815,1.6,30.4096,2.4724
815,1.7,30.6076,2.3952
815,1.8,30.8222,2.2664
815,1.9,31.0535,2.0689
815,2,31.3019,1.7861
816,0,29.0381,2.55
816,0.1,29.0429,2.55
816,0.2,29.0573,2.55
816,0.3,29.0813,2.55
816,0.4,29.1151,2.55
816,0.5,29.159,2.55
816,0.6,29.2131,2.55
816,0.7,29.2778,2.55
816,0.8,29.3536,2.55
816,0.9,29.4407,2.55
816,1,29.5397,2.5498
816,1.1,29.651,2.5494
816,1.2,29.7754,2.5481
816,1.3,29.9132,2.5444
816,1.4,30.0653,2.5352
816,1.5,30.2321,2.5144
816,1.6,30.4143,2.4722
816,1.7,30.6125,2.395
816,1.8,30.8271,2.2661
816,1.9,31.0585,2.0685
816,2,31.3069,1.7858
817,0,29.0414,2.55
817,0.1,29.0461,2.55
817,0.2,29.0605,2.55
817,0.3,29.0846,2.55
817,0.4,29.1184,2.55
817,0.5,29.1624,2.55
817,0.6,29.2166,2.55
817,0.7,29.2814,2.55
817,0.8,29.3572,2.55
817,0.9,29.4444,2.55
817,1,29.5435,2.5498
817,1.1,29.655,2.5494
817,1.2,29.7795,2.5481
817,1.3,29.9175,2.5444
817,1.4,30.0697,2.5351
817,1.5,30.2366,2.5143
817,1.6,30.419,2.472
817,1.7,30.6173,2.3947
817,1.8,30.832,2.2657
817,1.9,31.0635,2.0681
817,2,31.312,1.7854
818,0,29.0446,2.55
818,0.1,29.0494,2.55
818,0.2,29.0638,2.55
818,0.3,29.0879,2.55
818,0.4,29.1218,2.55
818,0.5,29.1658,2.55
818,0.6,29.22,2.55
818,0.7,29.2849,2.55
818,0.8,29.3608,2.55
818,0.9,29.4482,2.55
818,1,29.5474,2.5498
818,1.1,29.659,2.5494
818,1.2,29.7836,2.5481
818,1.3,29.9218,2.5444
818,1.4,30.0741,2.5351
818,1.5,30.2412,2.5142
818,1.6,30.4237,2.4718
818,1.7,30.6221,2.3944
818,1.8,30.8369,2.2654
818,1.9,31.0685,2.0677
818,2,31.3171,1.785
819,0,29.0478,2.55
819,0.1,29.0526,2.55
819,0.2,29.067,2.55
819,0.3,29.0912,2.55
819,0.4,29.1251,2.55
819,0.5,29.1692,2.55
819,0.6,29.2235,2.55
819,0.7,29.2885,2.55
819,0.8,29.3645,2.55
819,0.9,29.4519,2.55
819,1,29.5513,2.5498
819,1.1,29.663,2.5494
819,1.2,29.7878,2.5481
819,1.3,29.9261,2.5443
819,1.4,30.0785,2.535
819,1.5,30.2458,2.514
819,1.6,30.4284,2.4717
819,1.7,30.6269,2.3941
819,1.8,30.8419,2.2651
819,1.9,31.0735,2.0673
819,2,31.3221,1.7846
820,0,29.0511,2.55
820,0.1,29.0559,2.55
820,0.2,29.0703,2.55
820,0.3,29.0944,2.55
820,0.4,29.1285,2.55
820,0.5,29.1726,2.55
820,0.6,29.227,2.55
820,0.7,29.2921,2.55
820,0.8,29.3682,2.55
820,0.9,29.4557,2.55
820,1,29.5552,2.5498
820,1.1,29.667,2.5494
820,1.2,29.7919,2.5481
820,1.3,29.9303,2.5443
820,1.4,30.0829,2.5349
820,1.5,30.2503,2.5139
820,1.6,30.4331,2.4715
820,1.7,30.6318,2.3939
820,1.8,30.8468,2.2647
820,1.9,31.0785,2.0669
820,2,31.3271,1.7842
821,0,29.0543,2.55
821,0.1,29.0591,2.55
821,0.2,29.0736,2.55
821,0.3,29.0978,2.55
821,0.4,29.1318,2.55
821,0.5,29.176,2.55
821,0.6,29.2305,2.55
821,0.7,29.2956,2.55
821,0.8,29.3718,2.55
821,0.9,29.4595,2.55
821,1,29.559,2.5498
821,1.1,29.671,2.5494
821,1.2,29.796,2.548
821,1.3,29.9346,2.5443
821,1.4,30.0874,2.5349
821,1.5,30.2549,2.5138
821,1.6,30.4378,2.4713
821,1.7,30.6366,2.3936
821,1.8,30.8517,2.2644
821,1.9,31.0835,2.0665
821,2,31.3322,1.7838
822,0,29.0576,2.55
822,0.1,29.0624,2.55
822,0.2,29.0768,2.55
822,0.3,29.1011,2.55
822,0.4,29.1352,2.55
822,0.5,29.1794,2.55
822,0.6,29.2339,2.55
822,0.7,29.2992,2.55
822,0.8,29.3755,2.55
822,0.9,29.4632,2.55
822,1,29.5629,2.5498
822,1.1,29.6751,2.5494
822,1.2,29.8002,2.548
822,1.3,29.9389,2.5443
822,1.4,30.0918,2.5348
822,1.5,30.2595,2.5137
822,1.6,30.4425,2.4711
822,1.7,30.6414,2.3933
822,1.8,30.8566,2.264
822,1.9,31.0885,2.0662
822,2,31.3372,1.7835
823,0,29.0608,2.55
823,0.1,29.0656,2.55
823,0.2,29.0801,2.55
823,0.3,29.1044,2.55
823,0.4,29.1385,2.55
823,0.5,29.1828,2.55
823,0.6,29.2374,2.55
823,0.7,29.3028,2.55
823,0.8,29.3791,2.55
823,0.9,29.467,2.55
823,1,29.5668,2.5498
823,1.1,29.6791,2.5494
823,1.2,29.8043,2.548
823,1.3,29.9432,2.5442
823,1.4,30.0962,2.5348
823,1.5,30.264,2.5136
823,1.6,30.4472,2.4709
823,1.7,30.6462,2.3931
823,1.8,30.8615,2.2637
823,1.9,31.0935,2.0658
823,2,31.3423,1.7831
824,0,29.0641,2.55
824,0.1,29.0689,2.55
824,0.2,29.0834,2.55
824,0.3,29.1077,2.55
824,0.4,29.1419,2.55
824,0.5,29.1862,2.55
824,0.6,29.2409,2.55
824,0.7,29.3063,2.55
824,0.8,29.3828,2.55
824,0.9,29.4708,2.55
824,1,29.5707,2.5498
824,1.1,29.6831,2.5494
824,1.2,29.8085,2.548
824,1.3,29.9475,2.5442
824,1.4,30.1007,2.5347
824,1.5,30.2686,2.5135
824,1.6,30.4519,2.4707
824,1.7,30.651,2.3928
824,1.8,30.8664,2.2633
824,1.9,31.0984,2.0654
824,2,31.3473,1.7827
825,0,29.0673,2.55
825,0.1,29.0722,2.55
825,0.2,29.0867,2.55
825,0.3,29.111,2.55
825,0.4,29.1453,2.55
825,0.5,29.1896,2.55
825,0.6,29.2444,2.55
825,0.7,29.3099,2.55
825,0.8,29.3865,2.55
825,0.9,29.4746,2.55
825,1,29.5746,2.5498
825,1.1,29.6871,2.5494
825,1.2,29.8126,2.548
825,1.3,29.9518,2.5442
825,1.4,30.1051,2.5346
825,1.5,30.2732,2.5134
825,1.6,30.4566,2.4705
825,1.7,30.6558,2.3925
825,1.8,30.8713,2.263
825,1.9,31.1034,2.065
825,2,31.3523,1.7823
826,0,29.0706,2.55
826,0.1,29.0754,2.55
826,0.2,29.09,2.55
826,0.3,29.1143,2.55
826,0.4,29.1486,2.55
826,0.5,29.1931,2.55
826,0.6,29.2479,2.55
826,0.7,29.3135,2.55
826,0.8,29.3902,2.55
826,0.9,29.4783,2.55
826,1,29.5785,2.5498
826,1.1,29.6911,2.5494
826,1.2,29.8168,2.548
826,1.3,29.9561,2.5441
826,1.4,30.1095,2.5346
826,1.5,30.2777,2.5132
826,1.6,30.4613,2.4704
826,1.7,30.6606,2.3923
826,1.8,30.8762,2.2626
826,1.9,31.1084,2.0646
826,2,31.3573,1.782
827,0,29.0739,2.55
827,0.1,29.0787,2.55
827,0.2,29.0933,2.55
827,0.3,29.1177,2.55
827,0.4,29.152,2.55
827,0.5,29.1965,2.55
827,0.6,29.2514,2.55
827,0.7,29.3171,2.55
827,0.8,29.3939,2.55
827,0.9,29.4821,2.55
827,1,29.5824,2.5498
827,1.1,29.6952,2.5494
827,1.2,29.821,2.548
827,1.3,29.9604,2.5441
827,1.4,30.114,2.5345
827,1.5,30.2823,2.5131
827,1.6,30.466,2.4702
827,1.7,30.6654,2.392
827,1.8,30.8811,2.2623
827,1.9,31.1134,2.0642
827,2,31.3624,1.7816
828,0,29.0771,2.55
828,0.1,29.082,2.55
828,0.2,29.0966,2.55
828,0.3,29.121,2.55
828,0.4,29.1554,2.55
828,0.5,29.1999,2.55
828,0.6,29.2549,2.55
828,0.7,29.3207,2.55
828,0.8,29.3975,2.55
828,0.9,29.4859,2.55
828,1,29.5863,2.5498
828,1.1,29.6992,2.5494
828,1.2,29.8251,2.548
828,1.3,29.9647,2.5441
828,1.4,30.1184,2.5345
828,1.5,30.2869,2.513
828,1.6,30.4707,2.47
828,1.7,30.6702,2.3917
828,1.8,30.886,2.2619
828,1.9,31.1183,2.0638
828,2,31.3674,1.7812
829,0,29.0804,2.55
829,0.1,29.0853,2.55
829,0.2,29.0999,2.55
829,0.3,29.1243,2.55
829,0.4,29.1588,2.55
829,0.5,29.2034,2.55
829,0.6,29.2585,2.55
829,0.7,29.3243,2.55
829,0.8,29.4012,2.55
829,0.9,29.4897,2.55
829,1,29.5902,2.5498
829,1.1,29.7032,2.5494
829,1.2,29.8293,2.548
829,1.3,29.969,2.5441
829,1.4,30.1228,2.5344
829,1.5,30.2914,2.5129
829,1.6,30.4753,2.4698
829,1.7,30.675,2.3915
829,1.8,30.8909,2.2616
829,1.9,31.1233,2.0634
829,2,31.3724,1.7808
830,0,29.0837,2.55
830,0.1,29.0886,2.55
830,0.2,29.1032,2.55
830,0.3,29.1277,2.55
830,0.4,29.1622,2.55
830,0.5,29.2068,2.55
830,0.6,29.262,2.55
830,0.7,29.3279,2.55
830,0.8,29.4049,2.55
830,0.9,29.4935,2.55
830,1,29.5941,2.5498
830,1.1,29.7073,2.5494
830,1.2,29.8335,2.5479
830,1.3,29.9733,2.544
830,1.4,30.1273,2.5343
830,1.5,30.296,2.5128
830,1.6,30.48,2.4696
830,1.7,30.6798,2.3912
830,1.8,30.8958,2.2613
830,1.9,31.1283,2.0631
830,2,31.3774,1.7804
831,0,29.087,2.55
831,0.1,29.0919,2.55
831,0.2,29.1065,2.55
831,0.3,29.131,2.55
831,0.4,29.1655,2.55
831,0.5,29.2103,2.55
831,0.6,29.2655,2.55
831,0.7,29.3315,2.55
831,0.8,29.4086,2.55
831,0.9,29.4973,2.55
831,1,29.5981,2.5498
831,1.1,29.7113,2.5494
831,1.2,29.8376,2.5479
831,1.3,29.9776,2.544
831,1.4,30.1317,2.5343
831,1.5,30.3006,2.5127
831,1.6,30.4847,2.4694
831,1.7,30.6846,2.3909
831,1.8,30.9007,2.2609
831,1.9,31.1332,2.0627
831,2,31.3824,1.7801
832,0,29.0903,2.55
832,0.1,29.0952,2.55
832,0.2,29.1098,2.55
832,0.3,29.1344,2.55
832,0.4,29.1689,2.55
832,0.5,29.2137,2.55
832,0.6,29.269,2.55
832,0.7,29.3351,2.55
832,0.8,29.4123,2.55
832,0.9,29.5011,2.55
832,1,29.602,2.5498
832,1.1,29.7154,2.5493
832,1.2,29.8418,2.5479
832,1.3,29.9819,2.544
832,1.4,30.1361,2.5342
832,1.5,30.3051,2.5126
832,1.6,30.4894,2.4692
832,1.7,30.6894,2.3906
832,1.8,30.9056,2.2606
832,1.9,31.1382,2.0623
832,2,31.3874,1.7797
833,0,29.0936,2.55
833,0.1,29.0985,2.55
833,0.2,29.1132,2.55
833,0.3,29.1377,2.55
833,0.4,29.1723,2.55
833,0.5,29.2172,2.55
833,0.6,29.2725,2.55
833,0.7,29.3387,2.55
833,0.8,29.416,2.55
833,0.9,29.5049,2.55
833,1,29.6059,2.5498
833,1.1,29.7194,2.5493
833,1.2,29.846,2.5479
833,1.3,29.9862,2.5439
833,1.4,30.1406,2.5341
833,1.5,30.3097,2.5125
833,1.6,30.4941,2.4691
833,1.7,30.6942,2.3904
833,1.8,30.9105,2.2602
833,1.9,31.1431,2.0619
833,2,31.3924,1.7793
834,0,29.0969,2.55
834,0.1,29.1018,2.55
834,0.2,29.1165,2.55
834,0.3,29.1411,2.55
834,0.4,29.1758,2.55
834,0.5,29.2207,2.55
834,0.6,29.2761,2.55
834,0.7,29.3423,2.55
834,0.8,29.4197,2.55
834,0.9,29.5088,2.55
834,1,29.6098,2.5498
834,1.1,29.7235,2.5493
834,1.2,29.8502,2.5479
834,1.3,29.9905,2.5439
834,1.4,30.145,2.5341
834,1.5,30.3143,2.5123
834,1.6,30.4988,2.4689
834,1.7,30.699,2.3901
834,1.8,30.9153,2.2599
834,1.9,31.1481,2.0615
834,2,31.3974,1.7789
835,0,29.1002,2.55
835,0.1,29.1051,2.55
835,0.2,29.1198,2.55
835,0.3,29.1445,2.55
835,0.4,29.1792,2.55
835,0.5,29.2241,2.55
835,0.6,29.2796,2.55
835,0.7,29.3459,2.55
835,0.8,29.4235,2.55
835,0.9,29.5126,2.55
835,1,29.6138,2.5498
835,1.1,29.7275,2.5493
835,1.2,29.8543,2.5479
835,1.3,29.9948,2.5439
835,1.4,30.1494,2.534
835,1.5,30.3188,2.5122
835,1.6,30.5035,2.4687
835,1.7,30.7038,2.3898
835,1.8,30.9202,2.2595
835,1.9,31.153,2.0611
835,2,31.4024,1.7786
836,0,29.1035,2.55
836,0.1,29.1084,2.55
836,0.2,29.1231,2.55
836,0.3,29.1478,2.55
836,0.4,29.1826,2.55
836,0.5,29.2276,2.55
836,0.6,29.2832,2.55
836,0.7,29.3496,2.55
836,0.8,29.4272,2.55
836,0.9,29.5164,2.55
836,1,29.6177,2.5498
836,1.1,29.7316,2.5493
836,1.2,29.8585,2.5479
836,1.3,29.9991,2.5438
836,1.4,30.1539,2.534
836,1.5,30.3234,2.5121
836,1.6,30.5081,2.4685
836,1.7,30.7086,2.3896
836,1.8,30.9251,2.2592
836,1.9,31.158,2.0607
836,2,31.4074,1.7782
837,0,29.1068,2.55
837,0.1,29.1117,2.55
837,0.2,29.1265,2.55
837,0.3,29.1512,2.55
837,0.4,29.186,2.55
837,0.5,29.2311,2.55
837,0.6,29.2867,2.55
837,0.7,29.3532,2.55
837,0.8,29.4309,2.55
837,0.9,29.5202,2.55
837,1,29.6216,2.5498
837,1.1,29.7356,2.5493
837,1.2,29.8627,2.5478
837,1.3,30.0034,2.5438
837,1.4,30.1583,2.5339
837,1.5,30.328,2.512
837,1.6,30.5128,2.4683
837,1.7,30.7134,2.3893
837,1.8,30.93,2.2589
837,1.9,31.1629,2.0604
837,2,31.4124,1.7778
838,0,29.1101,2.55
838,0.1,29.115,2.55
838,0.2,29.1298,2.55
838,0.3,29.1546,2.55
838,0.4,29.1894,2.55
838,0.5,29.2346,2.55
838,0.6,29.2903,2.55
838,0.7,29.3568,2.55
838,0.8,29.4346,2.55
838,0.9,29.5241,2.55
838,1,29.6256,2.5498
838,1.1,29.7397,2.5493
838,1.2,29.8669,2.5478
838,1.3,30.0077,2.5438
838,1.4,30.1628,2.5338
838,1.5,30.3325,2.5119
838,1.6,30.5175,2.4681
838,1.7,30.7181,2.389
838,1.8,30.9348,2.2585
838,1.9,31.1679,2.06
838,2,31.4174,1.7774
839,0,29.1135,2.55
839,0.1,29.1184,2.55
839,0.2,29.1332,2.55
839,0.3,29.158,2.55
839,0.4,29.1928,2.55
839,0.5,29.238,2.55
839,0.6,29.2938,2.55
839,0.7,29.3605,2.55
839,0.8,29.4384,2.55
839,0.9,29.5279,2.55
839,1,29.6295,2.5498
839,1.1,29.7437,2.5493
839,1.2,29.8711,2.5478
839,1.3,30.0121,2.5438
839,1.4,30.1672,2.5338
839,1.5,30.3371,2.5118
839,1.6,30.5222,2.4679
839,1.7,30.7229,2.3888
839,1.8,30.9397,2.2582
839,1.9,31.1728,2.0596
839,2,31.4224,1.7771
840,0,29.1168,2.55
840,0.1,29.1217,2.55
840,0.2,29.1365,2.55
840,0.3,29.1613,2.55
840,0.4,29.1963,2.55
840,0.5,29.2415,2.55
840,0.6,29.2974,2.55
840,0.7,29.3641,2.55
840,0.8,29.4421,2.55
840,0.9,29.5317,2.5499
840,1,29.6335,2.5498
840,1.1,29.7478,2.5493
840,1.2,29.8753,2.5478
840,1.3,30.0164,2.5437
840,1.4,30.1717,2.5337
840,1.5,30.3417,2.5116
840,1.6,30.5269,2.4677
840,1.7,30.7277,2.3885
840,1.8,30.9446,2.2578
840,1.9,31.1777,2.0592
840,2,31.4274,1.7767
841,0,29.1201,2.55
841,0.1,29.125,2.55
841,0.2,29.1399,2.55
841,0.3,29.1647,2.55
841,0.4,29.1997,2.55
841,0.5,29.245,2.55
841,0.6,29.3009,2.55
841,0.7,29.3678,2.55
841,0.8,29.4458,2.55
841,0.9,29.5356,2.5499
841,1,29.6374,2.5498
841,1.1,29.7519,2.5493
841,1.2,29.8795,2.5478
841,1.3,30.0207,2.5437
841,1.4,30.1761,2.5336
841,1.5,30.3462,2.5115
841,1.6,30.5315,2.4676
841,1.7,30.7325,2.3882
841,1.8,30.9494,2.2575
841,1.9,31.1827,2.0588
841,2,31.4324,1.7763
842,0,29.1234,2.55
842,0.1,29.1284,2.55
842,0.2,29.1433,2.55
842,0.3,29.1681,2.55
842,0.4,29.2032,2.55
842,0.5,29.2485,2.55
842,0.6,29.3045,2.55
842,0.7,29.3714,2.55
842,0.8,29.4496,2.55
842,0.9,29.5394,2.5499
842,1,29.6414,2.5498
842,1.1,29.756,2.5493
842,1.2,29.8837,2.5478
842,1.3,30.025,2.5437
842,1.4,30.1806,2.5336
842,1.5,30.3508,2.5114
842,1.6,30.5362,2.4674
842,1.7,30.7373,2.388
842,1.8,30.9543,2.2571
842,1.9,31.1876,2.0584
842,2,31.4374,1.7759
843,0,29.1268,2.55
843,0.1,29.1317,2.55
843,0.2,29.1466,2.55
843,0.3,29.1715,2.55
843,0.4,29.2066,2.55
843,0.5,29.252,2.55
843,0.6,29.3081,2.55
843,0.7,29.3751,2.55
843,0.8,29.4533,2.55
843,0.9,29.5433,2.5499
843,1,29.6453,2.5498
843,1.1,29.76,2.5493
843,1.2,29.8879,2.5478
843,1.3,30.0293,2.5436
843,1.4,30.185,2.5335
843,1.5,30.3554,2.5113
843,1.6,30.5409,2.4672
843,1.7,30.742,2.3877
843,1.8,30.9591,2.2568
843,1.9,31.1925,2.0581
843,2,31.4424,1.7756
844,0,29.1301,2.55
844,0.1,29.1351,2.55
844,0.2,29.15,2.55
844,0.3,29.1749,2.55
844,0.4,29.21,2.55
844,0.5,29.2555,2.55
844,0.6,29.3117,2.55
844,0.7,29.3787,2.55
844,0.8,29.4571,2.55
844,0.9,29.5471,2.5499
844,1,29.6493,2.5498
844,1.1,29.7641,2.5493
844,1.2,29.8921,2.5478
844,1.3,30.0337,2.5436
844,1.4,30.1894,2.5335
844,1.5,30.3599,2.5112
844,1.6,30.5456,2.467
844,1.7,30.7468,2.3874
844,1.8,30.964,2.2565
844,1.9,31.1975,2.0577
844,2,31.4474,1.7752
845,0,29.1335,2.55
845,0.1,29.1384,2.55
845,0.2,29.1534,2.55
845,0.3,29.1783,2.55
845,0.4,29.2135,2.55
845,0.5,29.259,2.55
845,0.6,29.3152,2.55
845,0.7,29.3824,2.55
845,0.8,29.4608,2.55
845,0.9,29.551,2.5499
845,1,29.6533,2.5498
845,1.1,29.7682,2.5493
845,1.2,29.8963,2.5477
845,1.3,30.038,2.5436
845,1.4,30.1939,2.5334
845,1.5,30.3645,2.5111
845,1.6,30.5502,2.4668
845,1.7,30.7516,2.3871
845,1.8,30.9689,2.2561
845,1.9,31.2024,2.0573
845,2,31.4525,1.7748
846,0,29.1368,2.55
846,0.1,29.1418,2.55
846,0.2,29.1568,2.55
846,0.3,29.1818,2.55
846,0.4,29.217,2.55
846,0.5,29.2626,2.55
846,0.6,29.3188,2.55
846,0.7,29.386,2.55
846,0.8,29.4646,2.55
846,0.9,29.5548,2.5499
846,1,29.6572,2.5498
846,1.1,29.7723,2.5493
846,1.2,29.9005,2.5477
846,1.3,30.0423,2.5435
846,1.4,30.1983,2.5333
846,1.5,30.3691,2.511
846,1.6,30.5549,2.4666
846,1.7,30.7564,2.3869
846,1.8,30.9737,2.2558
846,1.9,31.2073,2.0569
846,2,31.4575,1.7744
847,0,29.1402,2.55
847,0.1,29.1452,2.55
847,0.2,29.1601,2.55
847,0.3,29.1852,2.55
847,0.4,29.2204,2.55
847,0.5,29.2661,2.55
847,0.6,29.3224,2.55
847,0.7,29.3897,2.55
847,0.8,29.4683,2.55
847,0.9,29.5587,2.5499
847,1,29.6612,2.5498
847,1.1,29.7764,2.5493
847,1.2,29.9047,2.5477
847,1.3,30.0466,2.5435
847,1.4,30.2028,2.5333
847,1.5,30.3736,2.5108
847,1.6,30.5596,2.4664
847,1.7,30.7611,2.3866
847,1.8,30.9786,2.2554
847,1.9,31.2123,2.0565
847,2,31.4625,1.7741
848,0,29.1436,2.55
848,0.1,29.1485,2.55
848,0.2,29.1635,2.55
848,0.3,29.1886,2.55
848,0.4,29.2239,2.55
848,0.5,29.2696,2.55
848,0.6,29.326,2.55
848,0.7,29.3934,2.55
848,0.8,29.4721,2.55
848,0.9,29.5625,2.5499
848,1,29.6652,2.5498
848,1.1,29.7804,2.5493
848,1.2,29.9089,2.5477
848,1.3,30.051,2.5435
848,1.4,30.2072,2.5332
848,1.5,30.3782,2.5107
848,1.6,30.5643,2.4662
848,1.7,30.7659,2.3863
848,1.8,30.9834,2.2551
848,1.9,31.2172,2.0561
848,2,31.4675,1.7737
849,0,29.1469,2.55
849,0.1,29.1519,2.55
849,0.2,29.1669,2.55
849,0.3,29.192,2.55
849,0.4,29.2274,2.55
849,0.5,29.2731,2.55
849,0.6,29.3296,2.55
849,0.7,29.3971,2.55
849,0.8,29.4759,2.55
849,0.9,29.5664,2.5499
849,1,29.6691,2.5498
849,1.1,29.7845,2.5493
849,1.2,29.9131,2.5477
849,1.3,30.0553,2.5434
849,1.4,30.2117,2.5331
849,1.5,30.3828,2.5106
849,1.6,30.5689,2.4661
849,1.7,30.7707,2.3861
849,1.8,30.9883,2.2548
849,1.9,31.2222,2.0558
849,2,31.4726,1.7733
850,0,29.1503,2.55
850,0.1,29.1553,2.55
850,0.2,29.1703,2.55
850,0.3,29.1954,2.55
850,0.4,29.2308,2.55
850,0.5,29.2767,2.55
850,0.6,29.3332,2.55
850,0.7,29.4007,2.55
850,0.8,29.4796,2.55
850,0.9,29.5703,2.5499
850,1,29.6731,2.5498
850,1.1,29.7886,2.5493
850,1.2,29.9173,2.5477
850,1.3,30.0596,2.5434
850,1.4,30.2161,2.5331
850,1.5,30.3873,2.5105
850,1.6,30.5736,2.4659
850,1.7,30.7754,2.3858
850,1.8,30.9932,2.2544
850,1.9,31.2271,2.0554
850,2,31.4776,1.773
851,0,29.1537,2.55
851,0.1,29.1587,2.55
851,0.2,29.1737,2.55
851,0.3,29.1989,2.55
851,0.4,29.2343,2.55
851,0.5,29.2802,2.55
851,0.6,29.3368,2.55
851,0.7,29.4044,2.55
851,0.8,29.4834,2.55
851,0.9,29.5742,2.5499
851,1,29.6771,2.5498
851,1.1,29.7927,2.5493
851,1.2,29.9215,2.5477
851,1.3,30.064,2.5434
851,1.4,30.2206,2.533
851,1.5,30.3919,2.5104
851,1.6,30.5783,2.4657
851,1.7,30.7802,2.3855
851,1.8,30.998,2.2541
851,1.9,31.2321,2.055
851,2,31.4827,1.7726
852,0,29.1571,2.55
852,0.1,29.1621,2.55
852,0.2,29.1771,2.55
852,0.3,29.2023,2.55
852,0.4,29.2378,2.55
852,0.5,29.2837,2.55
852,0.6,29.3404,2.55
852,0.7,29.4081,2.55
852,0.8,29.4872,2.55
852,0.9,29.578,2.5499
852,1,29.6811,2.5498
852,1.1,29.7968,2.5492
852,1.2,29.9257,2.5476
852,1.3,30.0683,2.5433
852,1.4,30.2251,2.5329
852,1.5,30.3964,2.5103
852,1.6,30.5829,2.4655
852,1.7,30.785,2.3853
852,1.8,31.0029,2.2537
852,1.9,31.237,2.0546
852,2,31.4877,1.7722
853,0,29.1604,2.55
853,0.1,29.1655,2.55
853,0.2,29.1805,2.55
853,0.3,29.2058,2.55
853,0.4,29.2413,2.55
853,0.5,29.2873,2.55
853,0.6,29.344,2.55
853,0.7,29.4118,2.55
853,0.8,29.491,2.55
853,0.9,29.5819,2.5499
853,1,29.6851,2.5498
853,1.1,29.8009,2.5492
853,1.2,29.93,2.5476
853,1.3,30.0726,2.5433
853,1.4,30.2295,2.5329
853,1.5,30.401,2.5101
853,1.6,30.5876,2.4653
853,1.7,30.7897,2.385
853,1.8,31.0077,2.2534
853,1.9,31.242,2.0542
853,2,31.4927,1.7718
854,0,29.1638,2.55
854,0.1,29.1689,2.55
854,0.2,29.1839,2.55
854,0.3,29.2092,2.55
854,0.4,29.2448,2.55
854,0.5,29.2908,2.55
854,0.6,29.3476,2.55
854,0.7,29.4155,2.55
854,0.8,29.4947,2.55
854,0.9,29.5858,2.5499
854,1,29.6891,2.5498
854,1.1,29.805,2.5492
854,1.2,29.9342,2.5476
854,1.3,30.077,2.5433
854,1.4,30.234,2.5328
854,1.5,30.4056,2.51
854,1.6,30.5923,2.4651
854,1.7,30.7945,2.3847
854,1.8,31.0126,2.2531
854,1.9,31.2469,2.0539
854,2,31.4978,1.7715
855,0,29.1672,2.55
855,0.1,29.1723,2.55
855,0.2,29.1874,2.55
855,0.3,29.2127,2.55
855,0.4,29.2483,2.55
855,0.5,29.2944,2.55
855,0.6,29.3513,2.55
855,0.7,29.4192,2.55
855,0.8,29.4985,2.55
855,0.9,29.5897,2.5499
855,1,29.6931,2.5498
855,1.1,29.8091,2.5492
855,1.2,29.9384,2.5476
855,1.3,30.0813,2.5433
855,1.4,30.2384,2.5328
855,1.5,30.4101,2.5099
855,1.6,30.597,2.4649
855,1.7,30.7993,2.3845
855,1.8,31.0175,2.2527
855,1.9,31.2519,2.0535
855,2,31.5028,1.7711
856,0,29.1706,2.55
856,0.1,29.1757,2.55
856,0.2,29.1908,2.55
856,0.3,29.2161,2.55
856,0.4,29.2518,2.55
856,0.5,29.2979,2.55
856,0.6,29.3549,2.55
856,0.7,29.4229,2.55
856,0.8,29.5023,2.55
856,0.9,29.5936,2.5499
856,1,29.6971,2.5498
856,1.1,29.8132,2.5492
856,1.2,29.9426,2.5476
856,1.3,30.0857,2.5432
856,1.4,30.2429,2.5327
856,1.5,30.4147,2.5098
856,1.6,30.6016,2.4647
856,1.7,30.804,2.3842
856,1.8,31.0223,2.2524
856,1.9,31.2568,2.0531
856,2,31.5079,1.7707
857,0,29.174,2.55
857,0.1,29.1791,2.55
857,0.2,29.1942,2.55
857,0.3,29.2196,2.55
857,0.4,29.2553,2.55
857,0.5,29.3015,2.55
857,0.6,29.3585,2.55
857,0.7,29.4266,2.55
857,0.8,29.5061,2.55
857,0.9,29.5975,2.5499
857,1,29.7011,2.5498
857,1.1,29.8174,2.5492
857,1.2,29.9468,2.5476
857,1.3,30.09,2.5432
857,1.4,30.2473,2.5326
857,1.5,30.4193,2.5097
857,1.6,30.6063,2.4646
857,1.7,30.8088,2.3839
857,1.8,31.0272,2.252
857,1.9,31.2618,2.0527
857,2,31.5129,1.7704
858,0,29.1774,2.55
858,0.1,29.1825,2.55
858,0.2,29.1977,2.55
858,0.3,29.223,2.55
858,0.4,29.2588,2.55
858,0.5,29.3051,2.55
858,0.6,29.3621,2.55
858,0.7,29.4303,2.55
858,0.8,29.5099,2.55
858,0.9,29.6014,2.5499
858,1,29.7051,2.5498
858,1.1,29.8215,2.5492
858,1.2,29.9511,2.5476
858,1.3,30.0943,2.5432
858,1.4,30.2518,2.5326
858,1.5,30.4238,2.5096
858,1.6,30.611,2.4644
858,1.7,30.8136,2.3837
858,1.8,31.032,2.2517
858,1.9,31.2667,2.0524
858,2,31.518,1.77
859,0,29.1808,2.55
859,0.1,29.1859,2.55
859,0.2,29.2011,2.55
859,0.3,29.2265,2.55
859,0.4,29.2623,2.55
859,0.5,29.3086,2.55
859,0.6,29.3658,2.55
859,0.7,29.434,2.55
859,0.8,29.5137,2.55
859,0.9,29.6053,2.5499
859,1,29.7091,2.5498
859,1.1,29.8256,2.5492
859,1.2,29.9553,2.5476
859,1.3,30.0987,2.5431
859,1.4,30.2562,2.5325
859,1.5,30.4284,2.5094
859,1.6,30.6156,2.4642
859,1.7,30.8183,2.3834
859,1.8,31.0369,2.2514
859,1.9,31.2717,2.052
859,2,31.523,1.7696
860,0,29.1843,2.55
860,0.1,29.1893,2.55
860,0.2,29.2045,2.55
860,0.3,29.23,2.55
860,0.4,29.2658,2.55
860,0.5,29.3122,2.55
860,0.6,29.3694,2.55
860,0.7,29.4377,2.55
860,0.8,29.5175,2.55
860,0.9,29.6092,2.5499
860,1,29.7131,2.5498
860,1.1,29.8297,2.5492
860,1.2,29.9595,2.5475
860,1.3,30.103,2.5431
860,1.4,30.2607,2.5324
860,1.5,30.433,2.5093
860,1.6,30.6203,2.464
860,1.7,30.8231,2.3831
860,1.8,31.0418,2.251
860,1.9,31.2766,2.0516
860,2,31.528,1.7693
861,0,29.1877,2.55
861,0.1,29.1927,2.55
861,0.2,29.208,2.55
861,0.3,29.2335,2.55
861,0.4,29.2693,2.55
861,0.5,29.3158,2.55
861,0.6,29.3731,2.55
861,0.7,29.4415,2.55
861,0.8,29.5213,2.55
861,0.9,29.6131,2.5499
861,1,29.7171,2.5498
861,1.1,29.8338,2.5492
861,1.2,29.9638,2.5475
861,1.3,30.1074,2.5431
861,1.4,30.2651,2.5324
861,1.5,30.4375,2.5092
861,1.6,30.625,2.4638
861,1.7,30.8279,2.3829
861,1.8,31.0466,2.2507
861,1.9,31.2816,2.0512
861,2,31.5331,1.7689
862,0,29.1911,2.55
862,0.1,29.1962,2.55
862,0.2,29.2114,2.55
862,0.3,29.2369,2.55
862,0.4,29.2728,2.55
862,0.5,29.3194,2.55
862,0.6,29.3767,2.55
862,0.7,29.4452,2.55
862,0.8,29.5252,2.55
862,0.9,29.617,2.5499
862,1,29.7211,2.5498
862,1.1,29.8379,2.5492
862,1.2,29.968,2.5475
862,1.3,30.1117,2.543
862,1.4,30.2696,2.5323
862,1.5,30.4421,2.5091
862,1.6,30.6296,2.4636
862,1.7,30.8327,2.3826
862,1.8,31.0515,2.2503
862,1.9,31.2865,2.0508
862,2,31.5381,1.7685
863,0,29.1945,2.55
863,0.1,29.1996,2.55
863,0.2,29.2149,2.55
863,0.3,29.2404,2.55
863,0.4,29.2764,2.55
863,0.5,29.3229,2.55
863,0.6,29.3804,2.55
863,0.7,29.4489,2.55
863,0.8,29.529,2.55
863,0.9,29.6209,2.5499
863,1,29.7251,2.5498
863,1.1,29.8421,2.5492
863,1.2,29.9722,2.5475
863,1.3,30.1161,2.543
863,1.4,30.2741,2.5322
863,1.5,30.4467,2.509
863,1.6,30.6343,2.4634
863,1.7,30.8374,2.3823
863,1.8,31.0564,2.25
863,1.9,31.2915,2.0505
863,2,31.5432,1.7682
864,0,29.198,2.55
864,0.1,29.203,2.55
864,0.2,29.2183,2.55
864,0.3,29.2439,2.55
864,0.4,29.2799,2.55
864,0.5,29.3265,2.55
864,0.6,29.384,2.55
864,0.7,29.4526,2.55
864,0.8,29.5328,2.55
864,0.9,29.6248,2.5499
864,1,29.7291,2.5498
864,1.1,29.8462,2.5492
864,1.2,29.9765,2.5475
864,1.3,30.1204,2.543
864,1.4,30.2785,2.5322
864,1.5,30.4512,2.5088
864,1.6,30.639,2.4632
864,1.7,30.8422,2.3821
864,1.8,31.0612,2.2497
864,1.9,31.2965,2.0501
864,2,31.5482,1.7678
865,0,29.2014,2.55
865,0.1,29.2065,2.55
865,0.2,29.2218,2.55
865,0.3,29.2474,2.55
865,0.4,29.2834,2.55
865,0.5,29.3301,2.55
865,0.6,29.3877,2.55
865,0.7,29.4564,2.55
865,0.8,29.5366,2.55
865,0.9,29.6287,2.5499
865,1,29.7331,2.5498
865,1.1,29.8503,2.5492
865,1.2,29.9807,2.5475
865,1.3,30.1248,2.5429
865,1.4,30.283,2.5321
865,1.5,30.4558,2.5087
865,1.6,30.6437,2.463
865,1.7,30.847,2.3818
865,1.8,31.0661,2.2493
865,1.9,31.3014,2.0497
865,2,31.5533,1.7674
866,0,29.2048,2.55
866,0.1,29.2099,2.55
866,0.2,29.2253,2.55
866,0.3,29.2509,2.55
866,0.4,29.287,2.55
866,0.5,29.3337,2.55
866,0.6,29.3913,2.55
866,0.7,29.4601,2.55
866,0.8,29.5404,2.55
866,0.9,29.6326,2.5499
866,1,29.7372,2.5498
866,1.1,29.8545,2.5492
866,1.2,29.9849,2.5475
866,1.3,30.1291,2.5429
866,1.4,30.2875,2.532
866,1.5,30.4604,2.5086
866,1.6,30.6483,2.4629
866,1.7,30.8517,2.3815
866,1.8,31.071,2.249
866,1.9,31.3064,2.0493
866,2,31.5583,1.7671
867,0,29.2083,2.55
867,0.1,29.2134,2.55
867,0.2,29.2287,2.55
867,0.3,29.2544,2.55
867,0.4,29.2905,2.55
867,0.5,29.3373,2.55
867,0.6,29.395,2.55
867,0.7,29.4639,2.55
867,0.8,29.5443,2.55
867,0.9,29.6366,2.5499
867,1,29.7412,2.5498
867,1.1,29.8586,2.5492
867,1.2,29.9892,2.5474
867,1.3,30.1335,2.5429
867,1.4,30.2919,2.532
867,1.5,30.4649,2.5085
867,1.6,30.653,2.4627
867,1.7,30.8565,2.3812
867,1.8,31.0758,2.2487
867,1.9,31.3113,2.049
867,2,31.5634,1.7667
868,0,29.2117,2.55
868,0.1,29.2168,2.55
868,0.2,29.2322,2.55
868,0.3,29.2579,2.55
868,0.4,29.2941,2.55
868,0.5,29.3409,2.55
868,0.6,29.3987,2.55
868,0.7,29.4676,2.55
868,0.8,29.5481,2.55
868,0.9,29.6405,2.5499
868,1,29.7452,2.5498
868,1.1,29.8627,2.5492
868,1.2,29.9934,2.5474
868,1.3,30.1378,2.5428
868,1.4,30.2964,2.5319
868,1.5,30.4695,2.5084
868,1.6,30.6577,2.4625
868,1.7,30.8613,2.381
868,1.8,31.0807,2.2483
868,1.9,31.3163,2.0486
868,2,31.5684,1.7663
869,0,29.2152,2.55
869,0.1,29.2203,2.55
869,0.2,29.2357,2.55
869,0.3,29.2614,2.55
869,0.4,29.2976,2.55
869,0.5,29.3445,2.55
869,0.6,29.4023,2.55
869,0.7,29.4714,2.55
869,0.8,29.5519,2.55
869,0.9,29.6444,2.5499
869,1,29.7493,2.5497
869,1.1,29.8669,2.5492
869,1.2,29.9977,2.5474
869,1.3,30.1422,2.5428
869,1.4,30.3008,2.5318
869,1.5,30.4741,2.5083
869,1.6,30.6624,2.4623
869,1.7,30.866,2.3807
869,1.8,31.0856,2.248
869,1.9,31.3213,2.0482
869,2,31.5735,1.766
870,0,29.2186,2.55
870,0.1,29.2238,2.55
870,0.2,29.2392,2.55
870,0.3,29.2649,2.55
870,0.4,29.3012,2.55
870,0.5,29.3481,2.55
870,0.6,29.406,2.55
870,0.7,29.4751,2.55
870,0.8,29.5558,2.55
870,0.9,29.6484,2.5499
870,1,29.7533,2.5497
870,1.1,29.871,2.5491
870,1.2,30.0019,2.5474
870,1.3,30.1465,2.5428
870,1.4,30.3053,2.5318
870,1.5,30.4787,2.5081
870,1.6,30.667,2.4621
870,1.7,30.8708,2.3804
870,1.8,31.0904,2.2476
870,1.9,31.3262,2.0478
870,2,31.5786,1.7656
871,0,29.2221,2.55
871,0.1,29.2272,2.55
871,0.2,29.2427,2.55
871,0.3,29.2684,2.55
871,0.4,29.3047,2.55
871,0.5,29.3518,2.55
871,0.6,29.4097,2.55
871,0.7,29.4789,2.55
871,0.8,29.5596,2.55
871,0.9,29.6523,2.5499
871,1,29.7573,2.5497
871,1.1,29.8751,2.5491
871,1.2,30.0062,2.5474
871,1.3,30.1509,2.5427
871,1.4,30.3098,2.5317
871,1.5,30.4832,2.508
871,1.6,30.6717,2.4619
871,1.7,30.8756,2.3802
871,1.8,31.0953,2.2473
871,1.9,31.3312,2.0475
871,2,31.5836,1.7652
872,0,29.2256,2.55
872,0.1,29.2307,2.55
872,0.2,29.2461,2.55
872,0.3,29.272,2.55
872,0.4,29.3083,2.55
872,0.5,29.3554,2.55
872,0.6,29.4134,2.55
872,0.7,29.4826,2.55
872,0.8,29.5635,2.55
872,0.9,29.6562,2.5499
872,1,29.7614,2.5497
872,1.1,29.8793,2.5491
872,1.2,30.0104,2.5474
872,1.3,30.1553,2.5427
872,1.4,30.3142,2.5316
872,1.5,30.4878,2.5079
872,1.6,30.6764,2.4617
872,1.7,30.8804,2.3799
872,1.8,31.1002,2.247
872,1.9,31.3361,2.0471
872,2,31.5887,1.7649
873,0,29.229,2.55
873,0.1,29.2342,2.55
873,0.2,29.2496,2.55
873,0.3,29.2755,2.55
873,0.4,29.3119,2.55
873,0.5,29.359,2.55
873,0.6,29.4171,2.55
873,0.7,29.4864,2.55
873,0.8,29.5673,2.55
873,0.9,29.6602,2.5499
873,1,29.7654,2.5497
873,1.1,29.8834,2.5491
873,1.2,30.0147,2.5474
873,1.3,30.1596,2.5427
873,1.4,30.3187,2.5316
873,1.5,30.4924,2.5078
873,1.6,30.681,2.4615
873,1.7,30.8851,2.3796
873,1.8,31.105,2.2466
873,1.9,31.3411,2.0467
873,2,31.5937,1.7645
874,0,29.2325,2.55
874,0.1,29.2377,2.55
874,0.2,29.2531,2.55
874,0.3,29.279,2.55
874,0.4,29.3155,2.55
874,0.5,29.3626,2.55
874,0.6,29.4208,2.55
874,0.7,29.4902,2.55
874,0.8,29.5712,2.55
874,0.9,29.6641,2.5499
874,1,29.7695,2.5497
874,1.1,29.8876,2.5491
874,1.2,30.0189,2.5473
874,1.3,30.164,2.5426
874,1.4,30.3232,2.5315
874,1.5,30.4969,2.5077
874,1.6,30.6857,2.4614
874,1.7,30.8899,2.3794
874,1.8,31.1099,2.2463
874,1.9,31.3461,2.0463
874,2,31.5988,1.7641
875,0,29.236,2.55
875,0.1,29.2411,2.55
875,0.2,29.2566,2.55
875,0.3,29.2826,2.55
875,0.4,29.319,2.55
875,0.5,29.3663,2.55
875,0.6,29.4245,2.55
875,0.7,29.4939,2.55
875,0.8,29.575,2.55
875,0.9,29.6681,2.5499
875,1,29.7735,2.5497
875,1.1,29.8917,2.5491
875,1.2,30.0232,2.5473
875,1.3,30.1684,2.5426
875,1.4,30.3276,2.5314
875,1.5,30.5015,2.5075
875,1.6,30.6904,2.4612
875,1.7,30.8947,2.3791
875,1.8,31.1148,2.246
875,1.9,31.351,2.046
875,2,31.6038,1.7638
876,0,29.2395,2.55
876,0.1,29.2446,2.55
876,0.2,29.2601,2.55
876,0.3,29.2861,2.55
876,0.4,29.3226,2.55
876,0.5,29.3699,2.55
876,0.6,29.4282,2.55
876,0.7,29.4977,2.55
876,0.8,29.5789,2.55
876,0.9,29.672,2.5499
876,1,29.7776,2.5497
876,1.1,29.8959,2.5491
876,1.2,30.0275,2.5473
876,1.3,30.1727,2.5426
876,1.4,30.3321,2.5314
876,1.5,30.5061,2.5074
876,1.6,30.6951,2.461
876,1.7,30.8995,2.3788
876,1.8,31.1196,2.2456
876,1.9,31.356,2.0456
876,2,31.6089,1.7634
877,0,29.243,2.55
877,0.1,29.2481,2.55
877,0.2,29.2637,2.55
877,0.3,29.2896,2.55
877,0.4,29.3262,2.55
877,0.5,29.3735,2.55
877,0.6,29.4319,2.55
877,0.7,29.5015,2.55
877,0.8,29.5827,2.55
877,0.9,29.676,2.5499
877,1,29.7816,2.5497
877,1.1,29.9,2.5491
877,1.2,30.0317,2.5473
877,1.3,30.1771,2.5425
877,1.4,30.3366,2.5313
877,1.5,30.5107,2.5073
877,1.6,30.6998,2.4608
877,1.7,30.9042,2.3786
877,1.8,31.1245,2.2453
877,1.9,31.361,2.0452
877,2,31.6139,1.7631
878,0,29.2465,2.55
878,0.1,29.2516,2.55
878,0.2,29.2672,2.55
878,0.3,29.2932,2.55
878,0.4,29.3298,2.55
878,0.5,29.3772,2.55
878,0.6,29.4356,2.55
878,0.7,29.5053,2.55
878,0.8,29.5866,2.55
878,0.9,29.6799,2.5499
878,1,29.7857,2.5497
878,1.1,29.9042,2.5491
878,1.2,30.036,2.5473
878,1.3,30.1814,2.5425
878,1.4,30.3411,2.5312
878,1.5,30.5152,2.5072
878,1.6,30.7044,2.4606
878,1.7,30.909,2.3783
878,1.8,31.1294,2.245
878,1.9,31.3659,2.0448
878,2,31.619,1.7627
879,0,29.2499,2.55
879,0.1,29.2551,2.55
879,0.2,29.2707,2.55
879,0.3,29.2967,2.55
879,0.4,29.3334,2.55
879,0.5,29.3808,2.55
879,0.6,29.4393,2.55
879,0.7,29.5091,2.55
879,0.8,29.5905,2.55
879,0.9,29.6839,2.5499
879,1,29.7897,2.5497
879,1.1,29.9083,2.5491
879,1.2,30.0402,2.5473
879,1.3,30.1858,2.5425
879,1.4,30.3455,2.5312
879,1.5,30.5198,2.5071
879,1.6,30.7091,2.4604
879,1.7,30.9138,2.378
879,1.8,31.1343,2.2446
879,1.9,31.3709,2.0445
879,2,31.6241,1.7623
880,0,29.2534,2.55
880,0.1,29.2586,2.55
880,0.2,29.2742,2.55
880,0.3,29.3003,2.55
880,0.4,29.337,2.55
880,0.5,29.3845,2.55
880,0.6,29.443,2.55
880,0.7,29.5128,2.55
880,0.8,29.5943,2.55
880,0.9,29.6879,2.5499
880,1,29.7938,2.5497
880,1.1,29.9125,2.5491
880,1.2,30.0445,2.5472
880,1.3,30.1902,2.5424
880,1.4,30.35,2.5311
880,1.5,30.5244,2.5069
880,1.6,30.7138,2.4602
880,1.7,30.9186,2.3778
880,1.8,31.1391,2.2443
880,1.9,31.3759,2.0441
880,2,31.6291,1.762
881,0,29.257,2.55
881,0.1,29.2621,2.55
881,0.2,29.2777,2.55
881,0.3,29.3038,2.55
881,0.4,29.3406,2.55
881,0.5,29.3881,2.55
881,0.6,29.4467,2.55
881,0.7,29.5166,2.55
881,0.8,29.5982,2.55
881,0.9,29.6918,2.5499
881,1,29.7978,2.5497
881,1.1,29.9167,2.5491
881,1.2,30.0488,2.5472
881,1.3,30.1946,2.5424
881,1.4,30.3545,2.531
881,1.5,30.529,2.5068
881,1.6,30.7185,2.46
881,1.7,30.9233,2.3775
881,1.8,31.144,2.244
881,1.9,31.3808,2.0437
881,2,31.6342,1.7616
882,0,29.2605,2.55
882,0.1,29.2657,2.55
882,0.2,29.2813,2.55
882,0.3,29.3074,2.55
882,0.4,29.3442,2.55
882,0.5,29.3918,2.55
882,0.6,29.4504,2.55
882,0.7,29.5204,2.55
882,0.8,29.6021,2.55
882,0.9,29.6958,2.5499
882,1,29.8019,2.5497
882,1.1,29.9208,2.5491
882,1.2,30.053,2.5472
882,1.3,30.1989,2.5424
882,1.4,30.359,2.531
882,1.5,30.5336,2.5067
882,1.6,30.7231,2.4598
882,1.7,30.9281,2.3772
882,1.8,31.1489,2.2436
882,1.9,31.3858,2.0434
882,2,31.6392,1.7612
883,0,29.264,2.55
883,0.1,29.2692,2.55
883,0.2,29.2848,2.55
883,0.3,29.311,2.55
883,0.4,29.3478,2.55
883,0.5,29.3954,2.55
883,0.6,29.4542,2.55
883,0.7,29.5242,2.55
883,0.8,29.606,2.55
883,0.9,29.6998,2.5499
883,1,29.806,2.5497
883,1.1,29.925,2.5491
883,1.2,30.0573,2.5472
883,1.3,30.2033,2.5423
883,1.4,30.3634,2.5309
883,1.5,30.5381,2.5066
883,1.6,30.7278,2.4596
883,1.7,30.9329,2.377
883,1.8,31.1538,2.2433
883,1.9,31.3908,2.043
883,2,31.6443,1.7609
884,0,29.2675,2.55
884,0.1,29.2727,2.55
884,0.2,29.2884,2.55
884,0.3,29.3145,2.55
884,0.4,29.3514,2.55
884,0.5,29.3991,2.55
884,0.6,29.4579,2.55
884,0.7,29.528,2.55
884,0.8,29.6099,2.55
884,0.9,29.7037,2.5499
884,1,29.81,2.5497
884,1.1,29.9292,2.5491
884,1.2,30.0616,2.5472
884,1.3,30.2077,2.5423
884,1.4,30.3679,2.5308
884,1.5,30.5427,2.5065
884,1.6,30.7325,2.4595
884,1.7,30.9377,2.3767
884,1.8,31.1586,2.243
884,1.9,31.3957,2.0426
884,2,31.6494,1.7605
885,0,29.271,2.55
885,0.1,29.2762,2.55
885,0.2,29.2919,2.55
885,0.3,29.3181,2.55
885,0.4,29.355,2.55
885,0.5,29.4028,2.55
885,0.6,29.4616,2.55
885,0.7,29.5318,2.55
885,0.8,29.6138,2.55
885,0.9,29.7077,2.5499
885,1,29.8141,2.5497
885,1.1,29.9333,2.5491
885,1.2,30.0658,2.5472
885,1.3,30.2121,2.5423
885,1.4,30.3724,2.5308
885,1.5,30.5473,2.5064
885,1.6,30.7372,2.4593
885,1.7,30.9425,2.3764
885,1.8,31.1635,2.2426
885,1.9,31.4007,2.0422
885,2,31.6544,1.7602
886,0,29.2745,2.55
886,0.1,29.2798,2.55
886,0.2,29.2955,2.55
886,0.3,29.3217,2.55
886,0.4,29.3586,2.55
886,0.5,29.4064,2.55
886,0.6,29.4654,2.55
886,0.7,29.5357,2.55
886,0.8,29.6176,2.55
886,0.9,29.7117,2.5499
886,1,29.8182,2.5497
886,1.1,29.9375,2.5491
886,1.2,30.0701,2.5472
886,1.3,30.2164,2.5422
886,1.4,30.3769,2.5307
886,1.5,30.5519,2.5062
886,1.6,30.7419,2.4591
886,1.7,30.9472,2.3762
886,1.8,31.1684,2.2423
886,1.9,31.4057,2.0419
886,2,31.6595,1.7598
887,0,29.2781,2.55
887,0.1,29.2833,2.55
887,0.2,29.299,2.55
887,0.3,29.3253,2.55
887,0.4,29.3623,2.55
887,0.5,29.4101,2.55
887,0.6,29.4691,2.55
887,0.7,29.5395,2.55
887,0.8,29.6215,2.55
887,0.9,29.7157,2.5499
887,1,29.8223,2.5497
887,1.1,29.9417,2.549
887,1.2,30.0744,2.5471
887,1.3,30.2208,2.5422
887,1.4,30.3814,2.5306
887,1.5,30.5565,2.5061
887,1.6,30.7466,2.4589
887,1.7,30.952,2.3759
887,1.8,31.1733,2.2419
887,1.9,31.4106,2.0415
887,2,31.6645,1.7594
888,0,29.2816,2.55
888,0.1,29.2868,2.55
888,0.2,29.3026,2.55
888,0.3,29.3289,2.55
888,0.4,29.3659,2.55
888,0.5,29.4138,2.55
888,0.6,29.4728,2.55
888,0.7,29.5433,2.55
888,0.8,29.6254,2.55
888,0.9,29.7197,2.5499
888,1,29.8263,2.5497
888,1.1,29.9459,2.549
888,1.2,30.0787,2.5471
888,1.3,30.2252,2.5422
888,1.4,30.3858,2.5306
888,1.5,30.5611,2.506
888,1.6,30.7512,2.4587
888,1.7,30.9568,2.3756
888,1.8,31.1781,2.2416
888,1.9,31.4156,2.0411
888,2,31.6696,1.7591
889,0,29.2851,2.55
889,0.1,29.2904,2.55
889,0.2,29.3061,2.55
889,0.3,29.3325,2.55
889,0.4,29.3695,2.55
889,0.5,29.4175,2.55
889,0.6,29.4766,2.55
889,0.7,29.5471,2.55
889,0.8,29.6293,2.55
889,0.9,29.7236,2.5499
889,1,29.8304,2.5497
889,1.1,29.95,2.549
889,1.2,30.083,2.5471
889,1.3,30.2296,2.5421
889,1.4,30.3903,2.5305
889,1.5,30.5656,2.5059
889,1.6,30.7559,2.4585
889,1.7,30.9616,2.3754
889,1.8,31.183,2.2413
889,1.9,31.4206,2.0408
889,2,31.6747,1.7587
890,0,29.2887,2.55
890,0.1,29.2939,2.55
890,0.2,29.3097,2.55
890,0.3,29.3361,2.55
890,0.4,29.3732,2.55
890,0.5,29.4212,2.55
890,0.6,29.4803,2.55
890,0.7,29.5509,2.55
890,0.8,29.6332,2.55
890,0.9,29.7276,2.5499
890,1,29.8345,2.5497
890,1.1,29.9542,2.549
890,1.2,30.0872,2.5471
890,1.3,30.234,2.5421
890,1.4,30.3948,2.5304
890,1.5,30.5702,2.5057
890,1.6,30.7606,2.4583
890,1.7,30.9664,2.3751
890,1.8,31.1879,2.2409
890,1.9,31.4256,2.0404
890,2,31.6797,1.7584
891,0,29.2922,2.55
891,0.1,29.2975,2.55
891,0.2,29.3133,2.55
891,0.3,29.3397,2.55
891,0.4,29.3768,2.55
891,0.5,29.4249,2.55
891,0.6,29.4841,2.55
891,0.7,29.5547,2.55
891,0.8,29.6371,2.55
891,0.9,29.7316,2.5499
891,1,29.8386,2.5497
891,1.1,29.9584,2.549
891,1.2,30.0915,2.5471
891,1.3,30.2383,2.5421
891,1.4,30.3993,2.5304
891,1.5,30.5748,2.5056
891,1.6,30.7653,2.4581
891,1.7,30.9712,2.3748
891,1.8,31.1928,2.2406
891,1.9,31.4305,2.04
891,2,31.6848,1.758
892,0,29.2958,2.55
892,0.1,29.301,2.55
892,0.2,29.3168,2.55
892,0.3,29.3433,2.55
892,0.4,29.3804,2.55
892,0.5,29.4286,2.55
892,0.6,29.4878,2.55
892,0.7,29.5586,2.55
892,0.8,29.641,2.55
892,0.9,29.7356,2.5499
892,1,29.8427,2.5497
892,1.1,29.9626,2.549
892,1.2,30.0958,2.5471
892,1.3,30.2427,2.542
892,1.4,30.4038,2.5303
892,1.5,30.5794,2.5055
892,1.6,30.77,2.4579
892,1.7,30.9759,2.3746
892,1.8,31.1977,2.2403
892,1.9,31.4355,2.0397
892,2,31.6899,1.7576
893,0,29.2993,2.55
893,0.1,29.3046,2.55
893,0.2,29.3204,2.55
893,0.3,29.3469,2.55
893,0.4,29.3841,2.55
893,0.5,29.4323,2.55
893,0.6,29.4916,2.55
893,0.7,29.5624,2.55
893,0.8,29.645,2.55
893,0.9,29.7396,2.5499
893,1,29.8468,2.5497
893,1.1,29.9668,2.549
893,1.2,30.1001,2.547
893,1.3,30.2471,2.542
893,1.4,30.4083,2.5302
893,1.5,30.584,2.5054
893,1.6,30.7747,2.4578
893,1.7,30.9807,2.3743
893,1.8,31.2025,2.2399
893,1.9,31.4405,2.0393
893,2,31.6949,1.7573
894,0,29.3029,2.55
894,0.1,29.3081,2.55
894,0.2,29.324,2.55
894,0.3,29.3505,2.55
894,0.4,29.3877,2.55
894,0.5,29.436,2.55
894,0.6,29.4954,2.55
894,0.7,29.5662,2.55
894,0.8,29.6489,2.55
894,0.9,29.7436,2.5499
894,1,29.8509,2.5497
894,1.1,29.971,2.549
894,1.2,30.1044,2.547
894,1.3,30.2515,2.542
894,1.4,30.4128,2.5302
894,1.5,30.5886,2.5053
894,1.6,30.7794,2.4576
894,1.7,30.9855,2.374
894,1.8,31.2074,2.2396
894,1.9,31.4455,2.0389
894,2,31.7,1.7569
895,0,29.3064,2.55
895,0.1,29.3117,2.55
895,0.2,29.3276,2.55
895,0.3,29.3541,2.55
895,0.4,29.3914,2.55
895,0.5,29.4397,2.55
895,0.6,29.4991,2.55
895,0.7,29.5701,2.55
895,0.8,29.6528,2.55
895,0.9,29.7476,2.5499
895,1,29.8549,2.5497
895,1.1,29.9752,2.549
895,1.2,30.1087,2.547
895,1.3,30.2559,2.5419
895,1.4,30.4173,2.5301
895,1.5,30.5932,2.5051
895,1.6,30.7841,2.4574
895,1.7,30.9903,2.3738
895,1.8,31.2123,2.2393
895,1.9,31.4504,2.0386
895,2,31.7051,1.7566
896,0,29.31,2.55
896,0.1,29.3153,2.55
896,0.2,29.3312,2.55
896,0.3,29.3577,2.55
896,0.4,29.3951,2.55
896,0.5,29.4434,2.55
896,0.6,29.5029,2.55
896,0.7,29.5739,2.55
896,0.8,29.6567,2.55
896,0.9,29.7516,2.5499
896,1,29.859,2.5497
896,1.1,29.9793,2.549
896,1.2,30.113,2.547
896,1.3,30.2603,2.5419
896,1.4,30.4217,2.53
896,1.5,30.5978,2.505
896,1.6,30.7887,2.4572
896,1.7,30.9951,2.3735
896,1.8,31.2172,2.239
896,1.9,31.4554,2.0382
896,2,31.7101,1.7562
897,0,29.3136,2.55
897,0.1,29.3189,2.55
897,0.2,29.3348,2.55
897,0.3,29.3613,2.55
897,0.4,29.3987,2.55
897,0.5,29.4471,2.55
897,0.6,29.5067,2.55
897,0.7,29.5778,2.55
897,0.8,29.6606,2.55
897,0.9,29.7556,2.5499
897,1,29.8631,2.5497
897,1.1,29.9835,2.549
897,1.2,30.1172,2.547
897,1.3,30.2647,2.5419
897,1.4,30.4262,2.5299
897,1.5,30.6024,2.5049
897,1.6,30.7934,2.457
897,1.7,30.9999,2.3732
897,1.8,31.2221,2.2386
897,1.9,31.4604,2.0378
897,2,31.7152,1.7559
898,0,29.3171,2.55
898,0.1,29.3224,2.55
898,0.2,29.3383,2.55
898,0.3,29.365,2.55
898,0.4,29.4024,2.55
898,0.5,29.4508,2.55
898,0.6,29.5105,2.55
898,0.7,29.5816,2.55
898,0.8,29.6646,2.55
898,0.9,29.7596,2.5499
898,1,29.8672,2.5497
898,1.1,29.9877,2.549
898,1.2,30.1215,2.547
898,1.3,30.2691,2.5418
898,1.4,30.4307,2.5299
898,1.5,30.6069,2.5048
898,1.6,30.7981,2.4568
898,1.7,31.0047,2.373
898,1.8,31.2269,2.2383
898,1.9,31.4654,2.0375
898,2,31.7203,1.7555
899,0,29.3207,2.55
899,0.1,29.326,2.55
899,0.2,29.3419,2.55
899,0.3,29.3686,2.55
899,0.4,29.406,2.55
899,0.5,29.4545,2.55
899,0.6,29.5142,2.55
899,0.7,29.5855,2.55
899,0.8,29.6685,2.55
899,0.9,29.7637,2.5499
899,1,29.8713,2.5497
899,1.1,29.9919,2.549
899,1.2,30.1258,2.5469
899,1.3,30.2735,2.5418
899,1.4,30.4352,2.5298
899,1.5,30.6115,2.5047
899,1.6,30.8028,2.4566
899,1.7,31.0094,2.3727
899,1.8,31.2318,2.238
899,1.9,31.4703,2.0371
899,2,31.7253,1.7551
900,0,29.3243,2.55
900,0.1,29.3296,2.55
900,0.2,29.3456,2.55
900,0.3,29.3722,2.55
900,0.4,29.4097,2.55
900,0.5,29.4583,2.55
900,0.6,29.518,2.55
900,0.7,29.5893,2.55
900,0.8,29.6724,2.55
900,0.9,29.7677,2.5499
900,1,29.8755,2.5497
900,1.1,29.9961,2.549
900,1.2,30.1301,2.5469
900,1.3,30.2779,2.5417
900,1.4,30.4397,2.5297
900,1.5,30.6161,2.5045
900,1.6,30.8075,2.4564
900,1.7,31.0142,2.3724
900,1.8,31.2367,2.2376
900,1.9,31.4753,2.0367
900,2,31.7304,1.7548
901,0,29.3279,2.55
901,0.1,29.3332,2.55
901,0.2,29.3492,2.55
901,0.3,29.3759,2.55
901,0.4,29.4134,2.55
901,0.5,29.462,2.55
901,0.6,29.5218,2.55
901,0.7,29.5932,2.55
901,0.8,29.6764,2.55
901,0.9,29.7717,2.5499
901,1,29.8796,2.5497
901,1.1,30.0003,2.549
901,1.2,30.1344,2.5469
901,1.3,30.2823,2.5417
901,1.4,30.4442,2.5297
901,1.5,30.6207,2.5044
901,1.6,30.8122,2.4562
901,1.7,31.019,2.3722
901,1.8,31.2416,2.2373
901,1.9,31.4803,2.0364
901,2,31.7355,1.7544
902,0,29.3315,2.55
902,0.1,29.3368,2.55
902,0.2,29.3528,2.55
902,0.3,29.3795,2.55
902,0.4,29.4171,2.55
902,0.5,29.4657,2.55
902,0.6,29.5256,2.55
902,0.7,29.597,2.55
902,0.8,29.6803,2.55
902,0.9,29.7757,2.5499
902,1,29.8837,2.5497
902,1.1,30.0045,2.5489
902,1.2,30.1387,2.5469
902,1.3,30.2867,2.5417
902,1.4,30.4487,2.5296
902,1.5,30.6253,2.5043
902,1.6,30.8169,2.456
902,1.7,31.0238,2.3719
902,1.8,31.2465,2.237
902,1.9,31.4853,2.036
902,2,31.7407,1.7541
903,0,29.3351,2.55
903,0.1,29.3404,2.55
903,0.2,29.3564,2.55
903,0.3,29.3831,2.55
903,0.4,29.4208,2.55
903,0.5,29.4694,2.55
903,0.6,29.5294,2.55
903,0.7,29.6009,2.55
903,0.8,29.6842,2.55
903,0.9,29.7797,2.5499
903,1,29.8878,2.5497
903,1.1,30.0088,2.5489
903,1.2,30.143,2.5469
903,1.3,30.2911,2.5416
903,1.4,30.4532,2.5295
903,1.5,30.6299,2.5042
903,1.6,30.8216,2.4558
903,1.7,31.0286,2.3716
903,1.8,31.2514,2.2366
903,1.9,31.4903,2.0356
903,2,31.7459,1.7537
904,0,29.3387,2.55
904,0.1,29.344,2.55
904,0.2,29.36,2.55
904,0.3,29.3868,2.55
904,0.4,29.4245,2.55
904,0.5,29.4732,2.55
904,0.6,29.5332,2.55
904,0.7,29.6048,2.55
904,0.8,29.6882,2.55
904,0.9,29.7838,2.5499
904,1,29.8919,2.5497
904,1.1,30.013,2.5489
904,1.2,30.1473,2.5469
904,1.3,30.2955,2.5416
904,1.4,30.4577,2.5295
904,1.5,30.6345,2.5041
904,1.6,30.8263,2.4557
904,1.7,31.0334,2.3714
904,1.8,31.2563,2.2363
904,1.9,31.4953,2.0353
904,2,31.7512,1.7534
905,0,29.3423,2.55
905,0.1,29.3476,2.55
905,0.2,29.3636,2.55
905,0.3,29.3904,2.55
905,0.4,29.4281,2.55
905,0.5,29.4769,2.55
905,0.6,29.537,2.55
905,0.7,29.6086,2.55
905,0.8,29.6921,2.55
905,0.9,29.7878,2.5499
905,1,29.896,2.5497
905,1.1,30.0172,2.5489
905,1.2,30.1517,2.5469
905,1.3,30.2999,2.5416
905,1.4,30.4622,2.5294
905,1.5,30.6391,2.5039
905,1.6,30.831,2.4555
905,1.7,31.0382,2.3711
905,1.8,31.2612,2.236
905,1.9,31.5003,2.0349
905,2,31.7565,1.753
906,0,29.3459,2.55
906,0.1,29.3512,2.55
906,0.2,29.3673,2.55
906,0.3,29.3941,2.55
906,0.4,29.4318,2.55
906,0.5,29.4807,2.55
906,0.6,29.5408,2.55
906,0.7,29.6125,2.55
906,0.8,29.6961,2.55
906,0.9,29.7918,2.5499
906,1,29.9001,2.5497
906,1.1,30.0214,2.5489
906,1.2,30.156,2.5468
906,1.3,30.3043,2.5415
906,1.4,30.4667,2.5293
906,1.5,30.6437,2.5038
906,1.6,30.8357,2.4553
906,1.7,31.043,2.3708
906,1.8,31.2661,2.2356
906,1.9,31.5054,2.0345
906,2,31.7617,1.7527
907,0,29.3495,2.55
907,0.1,29.3548,2.55
907,0.2,29.3709,2.55
907,0.3,29.3978,2.55
907,0.4,29.4355,2.55
907,0.5,29.4844,2.55
907,0.6,29.5446,2.55
907,0.7,29.6164,2.55
907,0.8,29.7,2.55
907,0.9,29.7959,2.5499
907,1,29.9043,2.5497
907,1.1,30.0256,2.5489
907,1.2,30.1603,2.5468
907,1.3,30.3087,2.5415
907,1.4,30.4712,2.5292
907,1.5,30.6483,2.5037
907,1.6,30.8404,2.4551
907,1.7,31.0478,2.3706
907,1.8,31.271,2.2353
907,1.9,31.5105,2.0342
907,2,31.7671,1.7523
908,0,29.3531,2.55
908,0.1,29.3584,2.55
908,0.2,29.3745,2.55
908,0.3,29.4014,2.55
908,0.4,29.4392,2.55
908,0.5,29.4882,2.55
908,0.6,29.5484,2.55
908,0.7,29.6203,2.55
908,0.8,29.704,2.55
908,0.9,29.7999,2.5499
908,1,29.9084,2.5497
908,1.1,30.0298,2.5489
908,1.2,30.1646,2.5468
908,1.3,30.3131,2.5415
908,1.4,30.4757,2.5292
908,1.5,30.6529,2.5036
908,1.6,30.8451,2.4549
908,1.7,31.0526,2.3703
908,1.8,31.2759,2.235
908,1.9,31.5156,2.0338
908,2,31.7724,1.7519
909,0,29.3567,2.55
909,0.1,29.3621,2.55
909,0.2,29.3782,2.55
909,0.3,29.4051,2.55
909,0.4,29.4429,2.55
909,0.5,29.4919,2.55
909,0.6,29.5522,2.55
909,0.7,29.6241,2.55
909,0.8,29.7079,2.55
909,0.9,29.8039,2.5499
909,1,29.9125,2.5497
909,1.1,30.034,2.5489
909,1.2,30.1689,2.5468
909,1.3,30.3175,2.5414
909,1.4,30.4802,2.5291
909,1.5,30.6575,2.5034
909,1.6,30.8498,2.4547
909,1.7,31.0574,2.37
909,1.8,31.2808,2.2346
909,1.9,31.5207,2.0334
909,2,31.7777,1.7516
910,0,29.3603,2.55
910,0.1,29.3657,2.55
910,0.2,29.3818,2.55
910,0.3,29.4088,2.55
910,0.4,29.4467,2.55
910,0.5,29.4957,2.55
910,0.6,29.5561,2.55
910,0.7,29.628,2.55
910,0.8,29.7119,2.55
910,0.9,29.808,2.5499
910,1,29.9166,2.5497
910,1.1,30.0383,2.5489
910,1.2,30.1732,2.5468
910,1.3,30.3219,2.5414
910,1.4,30.4847,2.529
910,1.5,30.6621,2.5033
910,1.6,30.8545,2.4545
910,1.7,31.0622,2.3698
910,1.8,31.2858,2.2343
910,1.9,31.5258,2.0331
910,2,31.7831,1.7512
911,0,29.3639,2.55
911,0.1,29.3693,2.55
911,0.2,29.3855,2.55
911,0.3,29.4124,2.55
911,0.4,29.4504,2.55
911,0.5,29.4994,2.55
911,0.6,29.5599,2.55
911,0.7,29.6319,2.55
911,0.8,29.7159,2.55
911,0.9,29.812,2.5499
911,1,29.9208,2.5497
911,1.1,30.0425,2.5489
911,1.2,30.1775,2.5468
911,1.3,30.3263,2.5413
911,1.4,30.4893,2.529
911,1.5,30.6667,2.5032
911,1.6,30.8592,2.4543
911,1.7,31.067,2.3695
911,1.8,31.2907,2.234
911,1.9,31.5309,2.0327
911,2,31.7885,1.7509
912,0,29.3676,2.55
912,0.1,29.373,2.55
912,0.2,29.3891,2.55
912,0.3,29.4161,2.55
912,0.4,29.4541,2.55
912,0.5,29.5032,2.55
912,0.6,29.5637,2.55
912,0.7,29.6358,2.55
912,0.8,29.7198,2.55
912,0.9,29.8161,2.5499
912,1,29.9249,2.5497
912,1.1,30.0467,2.5489
912,1.2,30.1818,2.5467
912,1.3,30.3307,2.5413
912,1.4,30.4938,2.5289
912,1.5,30.6714,2.5031
912,1.6,30.8639,2.4541
912,1.7,31.0719,2.3693
912,1.8,31.2957,2.2337
912,1.9,31.5361,2.0323
912,2,31.7939,1.7505
913,0,29.3712,2.55
913,0.1,29.3766,2.55
913,0.2,29.3928,2.55
913,0.3,29.4198,2.55
913,0.4,29.4578,2.55
913,0.5,29.507,2.55
913,0.6,29.5675,2.55
913,0.7,29.6397,2.55
913,0.8,29.7238,2.55
913,0.9,29.8201,2.5499
913,1,29.929,2.5496
913,1.1,30.0509,2.5489
913,1.2,30.1862,2.5467
913,1.3,30.3351,2.5413
913,1.4,30.4983,2.5288
913,1.5,30.676,2.5029
913,1.6,30.8686,2.4539
913,1.7,31.0767,2.369
913,1.8,31.3007,2.2333
913,1.9,31.5412,2.032
913,2,31.7993,1.7502
914,0,29.3748,2.55
914,0.1,29.3802,2.55
914,0.2,29.3964,2.55
914,0.3,29.4235,2.55
914,0.4,29.4615,2.55
914,0.5,29.5108,2.55
914,0.6,29.5714,2.55
914,0.7,29.6436,2.55
914,0.8,29.7278,2.55
914,0.9,29.8242,2.5499
914,1,29.9332,2.5496
914,1.1,30.0551,2.5489
914,1.2,30.1905,2.5467
914,1.3,30.3396,2.5412
914,1.4,30.5028,2.5288
914,1.5,30.6806,2.5028
914,1.6,30.8733,2.4537
914,1.7,31.0815,2.3687
914,1.8,31.3056,2.233
914,1.9,31.5464,2.0316
914,2,31.8047,1.7498
915,0,29.3785,2.55
915,0.1,29.3839,2.55
915,0.2,29.4001,2.55
915,0.3,29.4272,2.55
915,0.4,29.4653,2.55
915,0.5,29.5145,2.55
915,0.6,29.5752,2.55
915,0.7,29.6475,2.55
915,0.8,29.7317,2.55
915,0.9,29.8282,2.5499
915,1,29.9373,2.5496
915,1.1,30.0594,2.5489
915,1.2,30.1948,2.5467
915,1.3,30.344,2.5412
915,1.4,30.5073,2.5287
915,1.5,30.6852,2.5027
915,1.6,30.8781,2.4536
915,1.7,31.0864,2.3685
915,1.8,31.3106,2.2327
915,1.9,31.5516,2.0312
915,2,31.8101,1.7495
916,0,29.3821,2.55
916,0.1,29.3875,2.55
916,0.2,29.4037,2.55
916,0.3,29.4309,2.55
916,0.4,29.469,2.55
916,0.5,29.5183,2.55
916,0.6,29.579,2.55
916,0.7,29.6514,2.55
916,0.8,29.7357,2.55
916,0.9,29.8323,2.5499
916,1,29.9415,2.5496
916,1.1,30.0636,2.5489
916,1.2,30.1991,2.5467
916,1.3,30.3484,2.5412
916,1.4,30.5118,2.5286
916,1.5,30.6898,2.5026
916,1.6,30.8828,2.4534
916,1.7,31.0912,2.3682
916,1.8,31.3156,2.2323
916,1.9,31.5568,2.0309
916,2,31.8156,1.7491
917,0,29.3858,2.55
917,0.1,29.3912,2.55
917,0.2,29.4074,2.55
917,0.3,29.4346,2.55
917,0.4,29.4727,2.55
917,0.5,29.5221,2.55
917,0.6,29.5829,2.55
917,0.7,29.6553,2.55
917,0.8,29.7397,2.55
917,0.9,29.8363,2.5499
917,1,29.9456,2.5496
917,1.1,30.0678,2.5488
917,1.2,30.2035,2.5467
917,1.3,30.3528,2.5411
917,1.4,30.5163,2.5285
917,1.5,30.6944,2.5025
917,1.6,30.8875,2.4532
917,1.7,31.0961,2.3679
917,1.8,31.3206,2.232
917,1.9,31.562,2.0305
917,2,31.821,1.7488
918,0,29.3894,2.55
918,0.1,29.3948,2.55
918,0.2,29.4111,2.55
918,0.3,29.4383,2.55
918,0.4,29.4765,2.55
918,0.5,29.5259,2.55
918,0.6,29.5867,2.55
918,0.7,29.6592,2.55
918,0.8,29.7437,2.55
918,0.9,29.8404,2.5499
918,1,29.9497,2.5496
918,1.1,30.0721,2.5488
918,1.2,30.2078,2.5466
918,1.3,30.3572,2.5411
918,1.4,30.5209,2.5285
918,1.5,30.699,2.5023
918,1.6,30.8922,2.453
918,1.7,31.1009,2.3677
918,1.8,31.3256,2.2317
918,1.9,31.5672,2.0302
918,2,31.8265,1.7484
919,0,29.3931,2.55
919,0.1,29.3985,2.55
919,0.2,29.4148,2.55
919,0.3,29.442,2.55
919,0.4,29.4802,2.55
919,0.5,29.5297,2.55
919,0.6,29.5906,2.55
919,0.7,29.6631,2.55
919,0.8,29.7477,2.55
919,0.9,29.8445,2.5499
919,1,29.9539,2.5496
919,1.1,30.0763,2.5488
919,1.2,30.2121,2.5466
919,1.3,30.3617,2.5411
919,1.4,30.5254,2.5284
919,1.5,30.7037,2.5022
919,1.6,30.897,2.4528
919,1.7,31.1058,2.3674
919,1.8,31.3307,2.2314
919,1.9,31.5724,2.0298
919,2,31.832,1.7481
920,0,29.3967,2.55
920,0.1,29.4022,2.55
920,0.2,29.4184,2.55
920,0.3,29.4457,2.55
920,0.4,29.4839,2.55
920,0.5,29.5335,2.55
920,0.6,29.5944,2.55
920,0.7,29.667,2.55
920,0.8,29.7516,2.55
920,0.9,29.8485,2.5499
920,1,29.958,2.5496
920,1.1,30.0806,2.5488
920,1.2,30.2164,2.5466
920,1.3,30.3661,2.541
920,1.4,30.5299,2.5283
920,1.5,30.7083,2.5021
920,1.6,30.9017,2.4526
920,1.7,31.1106,2.3671
920,1.8,31.3357,2.231
920,1.9,31.5777,2.0294
920,2,31.8375,1.7477
921,0,29.4004,2.55
921,0.1,29.4058,2.55
921,0.2,29.4221,2.55
921,0.3,29.4494,2.55
921,0.4,29.4877,2.55
921,0.5,29.5373,2.55
921,0.6,29.5983,2.55
921,0.7,29.671,2.55
921,0.8,29.7556,2.55
921,0.9,29.8526,2.5499
921,1,29.9622,2.5496
921,1.1,30.0848,2.5488
921,1.2,30.2208,2.5466
921,1.3,30.3705,2.541
921,1.4,30.5344,2.5283
921,1.5,30.7129,2.502
921,1.6,30.9065,2.4524
921,1.7,31.1155,2.3669
921,1.8,31.3407,2.2307
921,1.9,31.5829,2.0291
921,2,31.843,1.7474
922,0,29.4041,2.55
922,0.1,29.4095,2.55
922,0.2,29.4258,2.55
922,0.3,29.4531,2.55
922,0.4,29.4915,2.55
922,0.5,29.5411,2.55
922,0.6,29.6021,2.55
922,0.7,29.6749,2.55
922,0.8,29.7596,2.55
922,0.9,29.8567,2.5499
922,1,29.9664,2.5496
922,1.1,30.089,2.5488
922,1.2,30.2251,2.5466
922,1.3,30.3749,2.5409
922,1.4,30.539,2.5282
922,1.5,30.7176,2.5018
922,1.6,30.9112,2.4522
922,1.7,31.1204,2.3666
922,1.8,31.3458,2.2304
922,1.9,31.5882,2.0287
922,2,31.8485,1.747
923,0,29.4077,2.55
923,0.1,29.4132,2.55
923,0.2,29.4295,2.55
923,0.3,29.4568,2.55
923,0.4,29.4952,2.55
923,0.5,29.5449,2.55
923,0.6,29.606,2.55
923,0.7,29.6788,2.55
923,0.8,29.7636,2.55
923,0.9,29.8607,2.5499
923,1,29.9705,2.5496
923,1.1,30.0933,2.5488
923,1.2,30.2294,2.5465
923,1.3,30.3794,2.5409
923,1.4,30.5435,2.5281
923,1.5,30.7222,2.5017
923,1.6,30.916,2.452
923,1.7,31.1253,2.3663
923,1.8,31.3509,2.23
923,1.9,31.5934,2.0284
923,2,31.854,1.7467
924,0,29.4114,2.55
924,0.1,29.4168,2.55
924,0.2,29.4332,2.55
924,0.3,29.4605,2.55
924,0.4,29.499,2.55
924,0.5,29.5487,2.55
924,0.6,29.6098,2.55
924,0.7,29.6827,2.55
924,0.8,29.7676,2.55
924,0.9,29.8648,2.5499
924,1,29.9747,2.5496
924,1.1,30.0975,2.5488
924,1.2,30.2338,2.5465
924,1.3,30.3838,2.5409
924,1.4,30.548,2.528
924,1.5,30.7268,2.5016
924,1.6,30.9207,2.4518
924,1.7,31.1302,2.3661
924,1.8,31.3559,2.2297
924,1.9,31.5987,2.028
924,2,31.8595,1.7463
925,0,29.4151,2.55
925,0.1,29.4205,2.55
925,0.2,29.4369,2.55
925,0.3,29.4643,2.55
925,0.4,29.5027,2.55
925,0.5,29.5525,2.55
925,0.6,29.6137,2.55
925,0.7,29.6867,2.55
925,0.8,29.7716,2.55
925,0.9,29.8689,2.5499
925,1,29.9788,2.5496
925,1.1,30.1018,2.5488
925,1.2,30.2381,2.5465
925,1.3,30.3882,2.5408
925,1.4,30.5526,2.528
925,1.5,30.7315,2.5015
925,1.6,30.9255,2.4516
925,1.7,31.1351,2.3658
925,1.8,31.361,2.2294
925,1.9,31.604,2.0276
925,2,31.865,1.746
926,0,29.4188,2.55
926,0.1,29.4242,2.55
926,0.2,29.4406,2.55
926,0.3,29.468,2.55
926,0.4,29.5065,2.55
926,0.5,29.5563,2.55
926,0.6,29.6176,2.55
926,0.7,29.6906,2.55
926,0.8,29.7756,2.55
926,0.9,29.873,2.5499
926,1,29.983,2.5496
926,1.1,30.106,2.5488
926,1.2,30.2425,2.5465
926,1.3,30.3927,2.5408
926,1.4,30.5571,2.5279
926,1.5,30.7361,2.5013
926,1.6,30.9302,2.4515
926,1.7,31.14,2.3655
926,1.8,31.3661,2.2291
926,1.9,31.6093,2.0273
926,2,31.8706,1.7456
927,0,29.4224,2.55
927,0.1,29.4279,2.55
927,0.2,29.4443,2.55
927,0.3,29.4717,2.55
927,0.4,29.5103,2.55
927,0.5,29.5601,2.55
927,0.6,29.6214,2.55
927,0.7,29.6945,2.55
927,0.8,29.7796,2.55
927,0.9,29.8771,2.5499
927,1,29.9872,2.5496
927,1.1,30.1103,2.5488
927,1.2,30.2468,2.5465
927,1.3,30.3971,2.5408
927,1.4,30.5616,2.5278
927,1.5,30.7408,2.5012
927,1.6,30.935,2.4513
927,1.7,31.1449,2.3653
927,1.8,31.3712,2.2287
927,1.9,31.6146,2.0269
927,2,31.8761,1.7453
928,0,29.4261,2.55
928,0.1,29.4316,2.55
928,0.2,29.448,2.55
928,0.3,29.4755,2.55
928,0.4,29.514,2.55
928,0.5,29.5639,2.55
928,0.6,29.6253,2.55
928,0.7,29.6985,2.55
928,0.8,29.7836,2.55
928,0.9,29.8811,2.5499
928,1,29.9913,2.5496
928,1.1,30.1145,2.5488
928,1.2,30.2512,2.5465
928,1.3,30.4016,2.5407
928,1.4,30.5662,2.5278
928,1.5,30.7454,2.5011
928,1.6,30.9398,2.4511
928,1.7,31.1499,2.365
928,1.8,31.3763,2.2284
928,1.9,31.6199,2.0266
928,2,31.8817,1.7449
929,0,29.4298,2.55
929,0.1,29.4353,2.55
929,0.2,29.4517,2.55
929,0.3,29.4792,2.55
929,0.4,29.5178,2.55
929,0.5,29.5677,2.55
929,0.6,29.6292,2.55
929,0.7,29.7024,2.55
929,0.8,29.7876,2.55
929,0.9,29.8852,2.5499
929,1,29.9955,2.5496
929,1.1,30.1188,2.5488
929,1.2,30.2555,2.5464
929,1.3,30.406,2.5407
929,1.4,30.5707,2.5277
929,1.5,30.7501,2.501
929,1.6,30.9446,2.4509
929,1.7,31.1548,2.3647
929,1.8,31.3814,2.2281
929,1.9,31.6252,2.0262
929,2,31.8873,1.7446
930,0,29.4335,2.55
930,0.1,29.439,2.55
930,0.2,29.4554,2.55
930,0.3,29.4829,2.55
930,0.4,29.5216,2.55
930,0.5,29.5716,2.55
930,0.6,29.6331,2.55
930,0.7,29.7063,2.55
930,0.8,29.7917,2.55
930,0.9,29.8893,2.5499
930,1,29.9997,2.5496
930,1.1,30.1231,2.5488
930,1.2,30.2599,2.5464
930,1.3,30.4105,2.5406
930,1.4,30.5753,2.5276
930,1.5,30.7547,2.5008
930,1.6,30.9494,2.4507
930,1.7,31.1597,2.3645
930,1.8,31.3865,2.2278
930,1.9,31.6305,2.0258
930,2,31.8929,1.7442
931,0,29.4372,2.55
931,0.1,29.4427,2.55
931,0.2,29.4592,2.55
931,0.3,29.4867,2.55
931,0.4,29.5254,2.55
931,0.5,29.5754,2.55
931,0.6,29.637,2.55
931,0.7,29.7103,2.55
931,0.8,29.7957,2.55
931,0.9,29.8934,2.5499
931,1,30.0038,2.5496
931,1.1,30.1273,2.5487
931,1.2,30.2642,2.5464
931,1.3,30.4149,2.5406
931,1.4,30.5798,2.5275
931,1.5,30.7594,2.5007
931,1.6,30.9542,2.4505
931,1.7,31.1647,2.3642
931,1.8,31.3916,2.2274
931,1.9,31.6359,2.0255
931,2,31.8984,1.7439
932,0,29.4409,2.55
932,0.1,29.4464,2.55
932,0.2,29.4629,2.55
932,0.3,29.4904,2.55
932,0.4,29.5292,2.55
932,0.5,29.5792,2.55
932,0.6,29.6408,2.55
932,0.7,29.7142,2.55
932,0.8,29.7997,2.55
932,0.9,29.8975,2.5499
932,1,30.008,2.5496
932,1.1,30.1316,2.5487
932,1.2,30.2686,2.5464
932,1.3,30.4194,2.5406
932,1.4,30.5844,2.5275
932,1.5,30.7641,2.5006
932,1.6,30.959,2.4503
932,1.7,31.1696,2.364
932,1.8,31.3968,2.2271
932,1.9,31.6412,2.0251
932,2,31.904,1.7435
933,0,29.4446,2.55
933,0.1,29.4501,2.55
933,0.2,29.4666,2.55
933,0.3,29.4942,2.55
933,0.4,29.5329,2.55
933,0.5,29.5831,2.55
933,0.6,29.6447,2.55
933,0.7,29.7182,2.55
933,0.8,29.8037,2.55
933,0.9,29.9016,2.5499
933,1,30.0122,2.5496
933,1.1,30.1358,2.5487
933,1.2,30.2729,2.5464
933,1.3,30.4238,2.5405
933,1.4,30.5889,2.5274
933,1.5,30.7687,2.5005
933,1.6,30.9638,2.4501
933,1.7,31.1746,2.3637
933,1.8,31.4019,2.2268
933,1.9,31.6466,2.0248
933,2,31.9096,1.7432
934,0,29.4483,2.55
934,0.1,29.4538,2.55
934,0.2,29.4703,2.55
934,0.3,29.4979,2.55
934,0.4,29.5367,2.55
934,0.5,29.5869,2.55
934,0.6,29.6486,2.55
934,0.7,29.7221,2.55
934,0.8,29.8077,2.55
934,0.9,29.9057,2.5499
934,1,30.0164,2.5496
934,1.1,30.1401,2.5487
934,1.2,30.2773,2.5464
934,1.3,30.4283,2.5405
934,1.4,30.5935,2.5273
934,1.5,30.7734,2.5003
934,1.6,30.9686,2.4499
934,1.7,31.1795,2.3634
934,1.8,31.407,2.2265
934,1.9,31.6519,2.0244
934,2,31.9153,1.7428
935,0,29.452,2.55
935,0.1,29.4575,2.55
935,0.2,29.4741,2.55
935,0.3,29.5017,2.55
935,0.4,29.5405,2.55
935,0.5,29.5907,2.55
935,0.6,29.6525,2.55
935,0.7,29.7261,2.55
935,0.8,29.8118,2.55
935,0.9,29.9098,2.5499
935,1,30.0206,2.5496
935,1.1,30.1444,2.5487
935,1.2,30.2816,2.5463
935,1.3,30.4327,2.5405
935,1.4,30.5981,2.5272
935,1.5,30.7781,2.5002
935,1.6,30.9734,2.4497
935,1.7,31.1845,2.3632
935,1.8,31.4122,2.2261
935,1.9,31.6573,2.024
935,2,31.9209,1.7425
936,0,29.4558,2.55
936,0.1,29.4613,2.55
936,0.2,29.4778,2.55
936,0.3,29.5055,2.55
936,0.4,29.5443,2.55
936,0.5,29.5946,2.55
936,0.6,29.6564,2.55
936,0.7,29.7301,2.55
936,0.8,29.8158,2.55
936,0.9,29.9139,2.5499
936,1,30.0248,2.5496
936,1.1,30.1487,2.5487
936,1.2,30.286,2.5463
936,1.3,30.4372,2.5404
936,1.4,30.6026,2.5272
936,1.5,30.7828,2.5001
936,1.6,30.9782,2.4495
936,1.7,31.1895,2.3629
936,1.8,31.4173,2.2258
936,1.9,31.6627,2.0237
936,2,31.9265,1.7421
937,0,29.4595,2.55
937,0.1,29.465,2.55
937,0.2,29.4816,2.55
937,0.3,29.5092,2.55
937,0.4,29.5481,2.55
937,0.5,29.5984,2.55
937,0.6,29.6603,2.55
937,0.7,29.734,2.55
937,0.8,29.8198,2.55
937,0.9,29.918,2.5499
937,1,30.0289,2.5496
937,1.1,30.1529,2.5487
937,1.2,30.2904,2.5463
937,1.3,30.4416,2.5404
937,1.4,30.6072,2.5271
937,1.5,30.7875,2.5
937,1.6,30.983,2.4493
937,1.7,31.1945,2.3626
937,1.8,31.4225,2.2255
937,1.9,31.6681,2.0233
937,2,31.9321,1.7418
938,0,29.4632,2.55
938,0.1,29.4687,2.55
938,0.2,29.4853,2.55
938,0.3,29.513,2.55
938,0.4,29.5519,2.55
938,0.5,29.6023,2.55
938,0.6,29.6642,2.55
938,0.7,29.738,2.55
938,0.8,29.8239,2.55
938,0.9,29.9221,2.5499
938,1,30.0331,2.5496
938,1.1,30.1572,2.5487
938,1.2,30.2947,2.5463
938,1.3,30.4461,2.5403
938,1.4,30.6118,2.527
938,1.5,30.7922,2.4998
938,1.6,30.9879,2.4492
938,1.7,31.1994,2.3624
938,1.8,31.4277,2.2252
938,1.9,31.6735,2.023
938,2,31.9378,1.7414
939,0,29.4669,2.55
939,0.1,29.4725,2.55
939,0.2,29.489,2.55
939,0.3,29.5168,2.55
939,0.4,29.5558,2.55
939,0.5,29.6061,2.55
939,0.6,29.6681,2.55
939,0.7,29.742,2.55
939,0.8,29.8279,2.55
939,0.9,29.9262,2.5499
939,1,30.0373,2.5496
939,1.1,30.1615,2.5487
939,1.2,30.2991,2.5463
939,1.3,30.4506,2.5403
939,1.4,30.6163,2.527
939,1.5,30.7969,2.4997
939,1.6,30.9927,2.449
939,1.7,31.2044,2.3621
939,1.8,31.4329,2.2248
939,1.9,31.6789,2.0226
939,2,31.9434,1.7411
940,0,29.4707,2.55
940,0.1,29.4762,2.55
940,0.2,29.4928,2.55
940,0.3,29.5205,2.55
940,0.4,29.5596,2.55
940,0.5,29.61,2.55
940,0.6,29.672,2.55
940,0.7,29.7459,2.55
940,0.8,29.8319,2.55
940,0.9,29.9304,2.5499
940,1,30.0415,2.5496
940,1.1,30.1658,2.5487
940,1.2,30.3035,2.5462
940,1.3,30.4551,2.5403
940,1.4,30.6209,2.5269
940,1.5,30.8016,2.4996
940,1.6,30.9975,2.4488
940,1.7,31.2094,2.3618
940,1.8,31.4381,2.2245
940,1.9,31.6843,2.0223
940,2,31.9491,1.7407
941,0,29.4744,2.55
941,0.1,29.4799,2.55
941,0.2,29.4966,2.55
941,0.3,29.5243,2.55
941,0.4,29.5634,2.55
941,0.5,29.6139,2.55
941,0.6,29.676,2.55
941,0.7,29.7499,2.55
941,0.8,29.836,2.55
941,0.9,29.9345,2.5499
941,1,30.0457,2.5496
941,1.1,30.1701,2.5487
941,1.2,30.3079,2.5462
941,1.3,30.4595,2.5402
941,1.4,30.6255,2.5268
941,1.5,30.8063,2.4995
941,1.6,31.0024,2.4486
941,1.7,31.2145,2.3616
941,1.8,31.4433,2.2242
941,1.9,31.6897,2.0219
941,2,31.9547,1.7404
942,0,29.4781,2.55
942,0.1,29.4837,2.55
942,0.2,29.5003,2.55
942,0.3,29.5281,2.55
942,0.4,29.5672,2.55
942,0.5,29.6177,2.55
942,0.6,29.6799,2.55
942,0.7,29.7539,2.55
942,0.8,29.84,2.55
942,0.9,29.9386,2.5499
942,1,30.0499,2.5496
942,1.1,30.1743,2.5487
942,1.2,30.3122,2.5462
942,1.3,30.464,2.5402
942,1.4,30.6301,2.5267
942,1.5,30.811,2.4993
942,1.6,31.0072,2.4484
942,1.7,31.2195,2.3613
942,1.8,31.4485,2.2239
942,1.9,31.6951,2.0215
942,2,31.9604,1.7401
943,0,29.4819,2.55
943,0.1,29.4874,2.55
943,0.2,29.5041,2.55
943,0.3,29.5319,2.55
943,0.4,29.571,2.55
943,0.5,29.6216,2.55
943,0.6,29.6838,2.55
943,0.7,29.7579,2.55
943,0.8,29.8441,2.55
943,0.9,29.9427,2.5499
943,1,30.0541,2.5496
943,1.1,30.1786,2.5487
943,1.2,30.3166,2.5462
943,1.3,30.4685,2.5401
943,1.4,30.6347,2.5267
943,1.5,30.8157,2.4992
943,1.6,31.0121,2.4482
943,1.7,31.2245,2.3611
943,1.8,31.4537,2.2235
943,1.9,31.7005,2.0212
943,2,31.9661,1.7397
944,0,29.4856,2.55
944,0.1,29.4912,2.55
944,0.2,29.5078,2.55
944,0.3,29.5357,2.55
944,0.4,29.5748,2.55
944,0.5,29.6255,2.55
944,0.6,29.6877,2.55
944,0.7,29.7618,2.55
944,0.8,29.8481,2.55
944,0.9,29.9468,2.5499
944,1,30.0583,2.5496
944,1.1,30.1829,2.5486
944,1.2,30.321,2.5462
944,1.3,30.473,2.5401
944,1.4,30.6393,2.5266
944,1.5,30.8204,2.4991
944,1.6,31.0169,2.448
944,1.7,31.2295,2.3608
944,1.8,31.4589,2.2232
944,1.9,31.706,2.0208
944,2,31.9718,1.7394
945,0,29.4894,2.55
945,0.1,29.4949,2.55
945,0.2,29.5116,2.55
945,0.3,29.5395,2.55
945,0.4,29.5787,2.55
945,0.5,29.6293,2.55
945,0.6,29.6916,2.55
945,0.7,29.7658,2.55
945,0.8,29.8522,2.55
945,0.9,29.951,2.5499
945,1,30.0625,2.5496
945,1.1,30.1872,2.5486
945,1.2,30.3254,2.5462
945,1.3,30.4775,2.5401
945,1.4,30.6439,2.5265
945,1.5,30.8251,2.499
945,1.6,31.0218,2.4478
945,1.7,31.2345,2.3605
945,1.8,31.4641,2.2229
945,1.9,31.7114,2.0205
945,2,31.9775,1.739
946,0,29.4931,2.55
946,0.1,29.4987,2.55
946,0.2,29.5154,2.55
946,0.3,29.5433,2.55
946,0.4,29.5825,2.55
946,0.5,29.6332,2.55
946,0.6,29.6956,2.55
946,0.7,29.7698,2.55
946,0.8,29.8562,2.55
946,0.9,29.9551,2.5499
946,1,30.0667,2.5496
946,1.1,30.1915,2.5486
946,1.2,30.3298,2.5461
946,1.3,30.482,2.54
946,1.4,30.6485,2.5264
946,1.5,30.8299,2.4988
946,1.6,31.0267,2.4476
946,1.7,31.2396,2.3603
946,1.8,31.4693,2.2226
946,1.9,31.7168,2.0201
946,2,31.9832,1.7387
947,0,29.4969,2.55
947,0.1,29.5024,2.55
947,0.2,29.5192,2.55
947,0.3,29.5471,2.55
947,0.4,29.5863,2.55
947,0.5,29.6371,2.55
947,0.6,29.6995,2.55
947,0.7,29.7738,2.55
947,0.8,29.8603,2.55
947,0.9,29.9592,2.5499
947,1,30.071,2.5496
947,1.1,30.1958,2.5486
947,1.2,30.3342,2.5461
947,1.3,30.4864,2.54
947,1.4,30.6531,2.5264
947,1.5,30.8346,2.4987
947,1.6,31.0316,2.4474
947,1.7,31.2446,2.36
947,1.8,31.4746,2.2222
947,1.9,31.7223,2.0198
947,2,31.9889,1.7383
948,0,29.5006,2.55
948,0.1,29.5062,2.55
948,0.2,29.5229,2.55
948,0.3,29.5509,2.55
948,0.4,29.5902,2.55
948,0.5,29.641,2.55
948,0.6,29.7034,2.55
948,0.7,29.7778,2.55
948,0.8,29.8643,2.55
948,0.9,29.9634,2.5499
948,1,30.0752,2.5495
948,1.1,30.2001,2.5486
948,1.2,30.3386,2.5461
948,1.3,30.4909,2.5399
948,1.4,30.6577,2.5263
948,1.5,30.8393,2.4986
948,1.6,31.0364,2.4472
948,1.7,31.2497,2.3597
948,1.8,31.4798,2.2219
948,1.9,31.7278,2.0194
948,2,31.9946,1.738
949,0,29.5044,2.55
949,0.1,29.51,2.55
949,0.2,29.5267,2.55
949,0.3,29.5547,2.55
949,0.4,29.594,2.55
949,0.5,29.6448,2.55
949,0.6,29.7074,2.55
949,0.7,29.7818,2.55
949,0.8,29.8684,2.55
949,0.9,29.9675,2.5499
949,1,30.0794,2.5495
949,1.1,30.2044,2.5486
949,1.2,30.343,2.5461
949,1.3,30.4954,2.5399
949,1.4,30.6623,2.5262
949,1.5,30.8441,2.4985
949,1.6,31.0413,2.447
949,1.7,31.2547,2.3595
949,1.8,31.4851,2.2216
949,1.9,31.7332,2.0191
949,2,32.0003,1.7376
950,0,29.5082,2.55
950,0.1,29.5137,2.55
950,0.2,29.5305,2.55
950,0.3,29.5585,2.55
950,0.4,29.5979,2.55
950,0.5,29.6487,2.55
950,0.6,29.7113,2.55
950,0.7,29.7858,2.55
950,0.8,29.8725,2.55
950,0.9,29.9716,2.5499
950,1,30.0836,2.5495
950,1.1,30.2087,2.5486
950,1.2,30.3474,2.5461
950,1.3,30.4999,2.5399
950,1.4,30.6669,2.5261
950,1.5,30.8488,2.4983
950,1.6,31.0462,2.4468
950,1.7,31.2598,2.3592
950,1.8,31.4903,2.2213
950,1.9,31.7387,2.0187
950,2,32.006,1.7373
951,0,29.5119,2.55
951,0.1,29.5175,2.55
951,0.2,29.5343,2.55
951,0.3,29.5623,2.55
951,0.4,29.6017,2.55
951,0.5,29.6526,2.55
951,0.6,29.7152,2.55
951,0.7,29.7898,2.55
951,0.8,29.8765,2.55
951,0.9,29.9758,2.5499
951,1,30.0878,2.5495
951,1.1,30.213,2.5486
951,1.2,30.3518,2.546
951,1.3,30.5045,2.5398
951,1.4,30.6716,2.5261
951,1.5,30.8536,2.4982
951,1.6,31.0511,2.4467
951,1.7,31.2649,2.3589
951,1.8,31.4956,2.2209
951,1.9,31.7442,2.0183
951,2,32.0117,1.737
952,0,29.5157,2.55
952,0.1,29.5213,2.55
952,0.2,29.5381,2.55
952,0.3,29.5661,2.55
952,0.4,29.6056,2.55
952,0.5,29.6565,2.55
952,0.6,29.7192,2.55
952,0.7,29.7938,2.55
952,0.8,29.8806,2.55
952,0.9,29.9799,2.5499
952,1,30.092,2.5495
952,1.1,30.2173,2.5486
952,1.2,30.3562,2.546
952,1.3,30.509,2.5398
952,1.4,30.6762,2.526
952,1.5,30.8583,2.4981
952,1.6,31.056,2.4465
952,1.7,31.2699,2.3587
952,1.8,31.5009,2.2206
952,1.9,31.7497,2.018
952,2,32.0175,1.7366
953,0,29.5195,2.55
953,0.1,29.5251,2.55
953,0.2,29.5419,2.55
953,0.3,29.57,2.55
953,0.4,29.6094,2.55
953,0.5,29.6604,2.55
953,0.6,29.7231,2.55
953,0.7,29.7978,2.55
953,0.8,29.8847,2.55
953,0.9,29.9841,2.5499
953,1,30.0963,2.5495
953,1.1,30.2217,2.5486
953,1.2,30.3606,2.546
953,1.3,30.5135,2.5398
953,1.4,30.6808,2.5259
953,1.5,30.8631,2.498
953,1.6,31.0609,2.4463
953,1.7,31.275,2.3584
953,1.8,31.5061,2.2203
953,1.9,31.7552,2.0176
953,2,32.0232,1.7363
954,0,29.5233,2.55
954,0.1,29.5289,2.55
954,0.2,29.5457,2.55
954,0.3,29.5738,2.55
954,0.4,29.6133,2.55
954,0.5,29.6643,2.55
954,0.6,29.7271,2.55
954,0.7,29.8018,2.55
954,0.8,29.8888,2.55
954,0.9,29.9882,2.5499
954,1,30.1005,2.5495
954,1.1,30.226,2.5486
954,1.2,30.365,2.546
954,1.3,30.518,2.5397
954,1.4,30.6854,2.5258
954,1.5,30.8679,2.4978
954,1.6,31.0659,2.4461
954,1.7,31.2801,2.3582
954,1.8,31.5114,2.22
954,1.9,31.7607,2.0173
954,2,32.029,1.7359
955,0,29.527,2.55
955,0.1,29.5326,2.55
955,0.2,29.5495,2.55
955,0.3,29.5776,2.55
955,0.4,29.6171,2.55
955,0.5,29.6682,2.55
955,0.6,29.731,2.55
955,0.7,29.8058,2.55
955,0.8,29.8928,2.55
955,0.9,29.9924,2.5499
955,1,30.1047,2.5495
955,1.1,30.2303,2.5486
955,1.2,30.3694,2.546
955,1.3,30.5225,2.5397
955,1.4,30.6901,2.5258
955,1.5,30.8726,2.4977
955,1.6,31.0708,2.4459
955,1.7,31.2852,2.3579
955,1.8,31.5167,2.2196
955,1.9,31.7662,2.0169
955,2,32.0347,1.7356
956,0,29.5308,2.55
956,0.1,29.5364,2.55
956,0.2,29.5533,2.55
956,0.3,29.5814,2.55
956,0.4,29.621,2.55
956,0.5,29.6721,2.55
956,0.6,29.735,2.55
956,0.7,29.8098,2.55
956,0.8,29.8969,2.55
956,0.9,29.9965,2.5499
956,1,30.109,2.5495
956,1.1,30.2346,2.5485
956,1.2,30.3738,2.5459
956,1.3,30.527,2.5396
956,1.4,30.6947,2.5257
956,1.5,30.8774,2.4976
956,1.6,31.0757,2.4457
956,1.7,31.2903,2.3576
956,1.8,31.522,2.2193
956,1.9,31.7717,2.0166
956,2,32.0405,1.7352
957,0,29.5346,2.55
957,0.1,29.5402,2.55
957,0.2,29.5571,2.55
957,0.3,29.5853,2.55
957,0.4,29.6249,2.55
957,0.5,29.676,2.55
957,0.6,29.739,2.55
957,0.7,29.8139,2.55
957,0.8,29.901,2.55
957,0.9,30.0007,2.5499
957,1,30.1132,2.5495
957,1.1,30.2389,2.5485
957,1.2,30.3782,2.5459
957,1.3,30.5316,2.5396
957,1.4,30.6994,2.5256
957,1.5,30.8822,2.4975
957,1.6,31.0806,2.4455
957,1.7,31.2954,2.3574
957,1.8,31.5273,2.219
957,1.9,31.7772,2.0162
957,2,32.0462,1.7349
958,0,29.5384,2.55
958,0.1,29.544,2.55
958,0.2,29.5609,2.55
958,0.3,29.5891,2.55
958,0.4,29.6287,2.55
958,0.5,29.6799,2.55
958,0.6,29.7429,2.55
958,0.7,29.8179,2.55
958,0.8,29.9051,2.55
958,0.9,30.0048,2.5499
958,1,30.1175,2.5495
958,1.1,30.2433,2.5485
958,1.2,30.3827,2.5459
958,1.3,30.5361,2.5396
958,1.4,30.704,2.5255
958,1.5,30.887,2.4973
958,1.6,31.0856,2.4453
958,1.7,31.3005,2.3571
958,1.8,31.5326,2.2187
958,1.9,31.7828,2.0159
958,2,32.052,1.7346
959,0,29.5422,2.55
959,0.1,29.5478,2.55
959,0.2,29.5647,2.55
959,0.3,29.5929,2.55
959,0.4,29.6326,2.55
959,0.5,29.6839,2.55
959,0.6,29.7469,2.55
959,0.7,29.8219,2.55
959,0.8,29.9092,2.55
959,0.9,30.009,2.5499
959,1,30.1217,2.5495
959,1.1,30.2476,2.5485
959,1.2,30.3871,2.5459
959,1.3,30.5406,2.5395
959,1.4,30.7087,2.5255
959,1.5,30.8918,2.4972
959,1.6,31.0905,2.4451
959,1.7,31.3056,2.3568
959,1.8,31.5379,2.2184
959,1.9,31.7883,2.0155
959,2,32.0578,1.7342
960,0,29.546,2.55
960,0.1,29.5516,2.55
960,0.2,29.5685,2.55
960,0.3,29.5968,2.55
960,0.4,29.6365,2.55
960,0.5,29.6878,2.55
960,0.6,29.7509,2.55
960,0.7,29.8259,2.55
960,0.8,29.9133,2.55
960,0.9,30.0132,2.5499
960,1,30.1259,2.5495
960,1.1,30.2519,2.5485
960,1.2,30.3915,2.5459
960,1.3,30.5452,2.5395
960,1.4,30.7133,2.5254
960,1.5,30.8966,2.4971
960,1.6,31.0955,2.4449
960,1.7,31.3107,2.3566
960,1.8,31.5432,2.218
960,1.9,31.7938,2.0152
960,2,32.0636,1.7339
961,0,29.5498,2.55
961,0.1,29.5554,2.55
961,0.2,29.5724,2.55
961,0.3,29.6006,2.55
961,0.4,29.6404,2.55
961,0.5,29.6917,2.55
961,0.6,29.7548,2.55
961,0.7,29.83,2.55
961,0.8,29.9174,2.55
961,0.9,30.0173,2.5499
961,1,30.1302,2.5495
961,1.1,30.2563,2.5485
961,1.2,30.396,2.5458
961,1.3,30.5497,2.5394
961,1.4,30.718,2.5253
961,1.5,30.9014,2.4969
961,1.6,31.1004,2.4447
961,1.7,31.3159,2.3563
961,1.8,31.5486,2.2177
961,1.9,31.7994,2.0148
961,2,32.0692,1.7335
962,0,29.5536,2.55
962,0.1,29.5592,2.55
962,0.2,29.5762,2.55
962,0.3,29.6045,2.55
962,0.4,29.6442,2.55
962,0.5,29.6956,2.55
962,0.6,29.7588,2.55
962,0.7,29.834,2.55
962,0.8,29.9215,2.55
962,0.9,30.0215,2.5499
962,1,30.1344,2.5495
962,1.1,30.2606,2.5485
962,1.2,30.4004,2.5458
962,1.3,30.5543,2.5394
962,1.4,30.7227,2.5252
962,1.5,30.9062,2.4968
962,1.6,31.1054,2.4445
962,1.7,31.321,2.3561
962,1.8,31.5539,2.2174
962,1.9,31.8049,2.0145
962,2,32.0748,1.7332
963,0,29.5574,2.55
963,0.1,29.5631,2.55
963,0.2,29.58,2.55
963,0.3,29.6083,2.55
963,0.4,29.6481,2.55
963,0.5,29.6995,2.55
963,0.6,29.7628,2.55
963,0.7,29.838,2.55
963,0.8,29.9256,2.55
963,0.9,30.0257,2.5498
963,1,30.1387,2.5495
963,1.1,30.2649,2.5485
963,1.2,30.4048,2.5458
963,1.3,30.5588,2.5393
963,1.4,30.7273,2.5252
963,1.5,30.911,2.4967
963,1.6,31.1103,2.4443
963,1.7,31.3261,2.3558
963,1.8,31.5592,2.2171
963,1.9,31.8104,2.0141
963,2,32.0804,1.7329
964,0,29.5612,2.55
964,0.1,29.5669,2.55
964,0.2,29.5838,2.55
964,0.3,29.6122,2.55
964,0.4,29.652,2.55
964,0.5,29.7035,2.55
964,0.6,29.7668,2.55
964,0.7,29.8421,2.55
964,0.8,29.9297,2.55
964,0.9,30.0299,2.5498
964,1,30.143,2.5495
964,1.1,30.2693,2.5485
964,1.2,30.4093,2.5458
964,1.3,30.5634,2.5393
964,1.4,30.732,2.5251
964,1.5,30.9158,2.4966
964,1.6,31.1153,2.4442
964,1.7,31.3313,2.3555
964,1.8,31.5645,2.2168
964,1.9,31.8159,2.0138
964,2,32.0859,1.7325
965,0,29.565,2.55
965,0.1,29.5707,2.55
965,0.2,29.5877,2.55
965,0.3,29.616,2.55
965,0.4,29.6559,2.55
965,0.5,29.7074,2.55
965,0.6,29.7707,2.55
965,0.7,29.8461,2.55
965,0.8,29.9338,2.55
965,0.9,30.034,2.5498
965,1,30.1472,2.5495
965,1.1,30.2736,2.5485
965,1.2,30.4137,2.5458
965,1.3,30.5679,2.5393
965,1.4,30.7367,2.525
965,1.5,30.9206,2.4964
965,1.6,31.1203,2.444
965,1.7,31.3364,2.3553
965,1.8,31.5699,2.2164
965,1.9,31.8214,2.0134
965,2,32.0914,1.7322
966,0,29.5689,2.55
966,0.1,29.5745,2.55
966,0.2,29.5915,2.55
966,0.3,29.6199,2.55
966,0.4,29.6598,2.55
966,0.5,29.7113,2.55
966,0.6,29.7747,2.55
966,0.7,29.8502,2.55
966,0.8,29.9379,2.55
966,0.9,30.0382,2.5498
966,1,30.1515,2.5495
966,1.1,30.278,2.5485
966,1.2,30.4182,2.5457
966,1.3,30.5725,2.5392
966,1.4,30.7414,2.5249
966,1.5,30.9254,2.4963
966,1.6,31.1253,2.4438
966,1.7,31.3416,2.355
966,1.8,31.5752,2.2161
966,1.9,31.8268,2.0131
966,2,32.0968,1.7318
967,0,29.5727,2.55
967,0.1,29.5783,2.55
967,0.2,29.5953,2.55
967,0.3,29.6238,2.55
967,0.4,29.6637,2.55
967,0.5,29.7153,2.55
967,0.6,29.7787,2.55
967,0.7,29.8542,2.55
967,0.8,29.942,2.55
967,0.9,30.0424,2.5498
967,1,30.1557,2.5495
967,1.1,30.2823,2.5485
967,1.2,30.4226,2.5457
967,1.3,30.577,2.5392
967,1.4,30.7461,2.5249
967,1.5,30.9302,2.4962
967,1.6,31.1302,2.4436
967,1.7,31.3467,2.3547
967,1.8,31.5805,2.2158
967,1.9,31.8322,2.0127
967,2,32.1022,1.7315
968,0,29.5765,2.55
968,0.1,29.5822,2.55
968,0.2,29.5992,2.55
968,0.3,29.6276,2.55
968,0.4,29.6676,2.55
968,0.5,29.7192,2.55
968,0.6,29.7827,2.55
968,0.7,29.8582,2.55
968,0.8,29.9461,2.55
968,0.9,30.0466,2.5498
968,1,30.16,2.5495
968,1.1,30.2867,2.5484
968,1.2,30.4271,2.5457
968,1.3,30.5816,2.5391
968,1.4,30.7507,2.5248
968,1.5,30.9351,2.4961
968,1.6,31.1352,2.4434
968,1.7,31.3519,2.3545
968,1.8,31.5858,2.2155
968,1.9,31.8376,2.0124
968,2,32.1076,1.7312
969,0,29.5803,2.55
969,0.1,29.586,2.55
969,0.2,29.603,2.55
969,0.3,29.6315,2.55
969,0.4,29.6715,2.55
969,0.5,29.7232,2.55
969,0.6,29.7867,2.55
969,0.7,29.8623,2.55
969,0.8,29.9502,2.55
969,0.9,30.0508,2.5498
969,1,30.1643,2.5495
969,1.1,30.2911,2.5484
969,1.2,30.4316,2.5457
969,1.3,30.5862,2.5391
969,1.4,30.7554,2.5247
969,1.5,30.9399,2.4959
969,1.6,31.1402,2.4432
969,1.7,31.357,2.3542
969,1.8,31.5911,2.2152
969,1.9,31.843,2.012
969,2,32.113,1.7308
970,0,29.5842,2.55
970,0.1,29.5898,2.55
970,0.2,29.6069,2.55
970,0.3,29.6354,2.55
970,0.4,29.6754,2.55
970,0.5,29.7271,2.55
970,0.6,29.7907,2.55
970,0.7,29.8664,2.55
970,0.8,29.9544,2.55
970,0.9,30.055,2.5498
970,1,30.1686,2.5495
970,1.1,30.2954,2.5484
970,1.2,30.436,2.5457
970,1.3,30.5908,2.5391
970,1.4,30.7601,2.5246
970,1.5,30.9447,2.4958
970,1.6,31.1452,2.443
970,1.7,31.3622,2.354
970,1.8,31.5964,2.2148
970,1.9,31.8484,2.0117
970,2,32.1184,1.7305
971,0,29.588,2.55
971,0.1,29.5937,2.55
971,0.2,29.6107,2.55
971,0.3,29.6393,2.55
971,0.4,29.6793,2.55
971,0.5,29.7311,2.55
971,0.6,29.7947,2.55
971,0.7,29.8704,2.55
971,0.8,29.9585,2.55
971,0.9,30.0592,2.5498
971,1,30.1728,2.5495
971,1.1,30.2998,2.5484
971,1.2,30.4405,2.5456
971,1.3,30.5953,2.539
971,1.4,30.7648,2.5246
971,1.5,30.9496,2.4957
971,1.6,31.1502,2.4428
971,1.7,31.3673,2.3537
971,1.8,31.6017,2.2145
971,1.9,31.8538,2.0113
971,2,32.1237,1.7301
972,0,29.5918,2.55
972,0.1,29.5975,2.55
972,0.2,29.6146,2.55
972,0.3,29.6431,2.55
972,0.4,29.6832,2.55
972,0.5,29.735,2.55
972,0.6,29.7987,2.55
972,0.7,29.8745,2.55
972,0.8,29.9626,2.55
972,0.9,30.0634,2.5498
972,1,30.1771,2.5495
972,1.1,30.3042,2.5484
972,1.2,30.445,2.5456
972,1.3,30.5999,2.539
972,1.4,30.7696,2.5245
972,1.5,30.9544,2.4955
972,1.6,31.1552,2.4426
972,1.7,31.3725,2.3534
972,1.8,31.607,2.2142
972,1.9,31.8591,2.011
972,2,32.129,1.7298
973,0,29.5957,2.55
973,0.1,29.6014,2.55
973,0.2,29.6185,2.55
973,0.3,29.647,2.55
973,0.4,29.6871,2.55
973,0.5,29.739,2.55
973,0.6,29.8027,2.55
973,0.7,29.8785,2.55
973,0.8,29.9667,2.55
973,0.9,30.0676,2.5498
973,1,30.1814,2.5495
973,1.1,30.3085,2.5484
973,1.2,30.4494,2.5456
973,1.3,30.6045,2.5389
973,1.4,30.7743,2.5244
973,1.5,30.9593,2.4954
973,1.6,31.1602,2.4424
973,1.7,31.3776,2.3532
973,1.8,31.6122,2.2139
973,1.9,31.8644,2.0106
973,2,32.1344,1.7295
974,0,29.5995,2.55
974,0.1,29.6052,2.55
974,0.2,29.6223,2.55
974,0.3,29.6509,2.55
974,0.4,29.6911,2.55
974,0.5,29.7429,2.55
974,0.6,29.8067,2.55
974,0.7,29.8826,2.55
974,0.8,29.9709,2.55
974,0.9,30.0718,2.5498
974,1,30.1857,2.5495
974,1.1,30.3129,2.5484
974,1.2,30.4539,2.5456
974,1.3,30.6091,2.5389
974,1.4,30.779,2.5243
974,1.5,30.9641,2.4953
974,1.6,31.1652,2.4422
974,1.7,31.3828,2.3529
974,1.8,31.6175,2.2136
974,1.9,31.8697,2.0103
974,2,32.1396,1.7291
975,0,29.6034,2.55
975,0.1,29.6091,2.55
975,0.2,29.6262,2.55
975,0.3,29.6548,2.55
975,0.4,29.695,2.55
975,0.5,29.7469,2.55
975,0.6,29.8107,2.55
975,0.7,29.8867,2.55
975,0.8,29.975,2.55
975,0.9,30.076,2.5498
975,1,30.19,2.5495
975,1.1,30.3173,2.5484
975,1.2,30.4584,2.5456
975,1.3,30.6137,2.5389
975,1.4,30.7837,2.5242
975,1.5,30.969,2.4952
975,1.6,31.1702,2.442
975,1.7,31.3879,2.3526
975,1.8,31.6227,2.2132
975,1.9,31.875,2.0099
975,2,32.1449,1.7288
976,0,29.6072,2.55
976,0.1,29.6129,2.55
976,0.2,29.6301,2.55
976,0.3,29.6587,2.55
976,0.4,29.6989,2.55
976,0.5,29.7509,2.55
976,0.6,29.8147,2.55
976,0.7,29.8907,2.55
976,0.8,29.9791,2.55
976,0.9,30.0802,2.5498
976,1,30.1943,2.5495
976,1.1,30.3217,2.5484
976,1.2,30.4629,2.5455
976,1.3,30.6183,2.5388
976,1.4,30.7884,2.5242
976,1.5,30.9739,2.495
976,1.6,31.1752,2.4418
976,1.7,31.393,2.3524
976,1.8,31.628,2.2129
976,1.9,31.8803,2.0096
976,2,32.1502,1.7285
977,0,29.6111,2.55
977,0.1,29.6168,2.55
977,0.2,29.6339,2.55
977,0.3,29.6626,2.55
977,0.4,29.7028,2.55
977,0.5,29.7548,2.55
977,0.6,29.8188,2.55
977,0.7,29.8948,2.55
977,0.8,29.9833,2.55
977,0.9,30.0844,2.5498
977,1,30.1986,2.5495
977,1.1,30.3261,2.5484
977,1.2,30.4674,2.5455
977,1.3,30.6229,2.5388
977,1.4,30.7932,2.5241
977,1.5,30.9787,2.4949
977,1.6,31.1802,2.4416
977,1.7,31.3982,2.3521
977,1.8,31.6332,2.2126
977,1.9,31.8856,2.0092
977,2,32.1554,1.7281
978,0,29.6149,2.55
978,0.1,29.6206,2.55
978,0.2,29.6378,2.55
978,0.3,29.6665,2.55
978,0.4,29.7068,2.55
978,0.5,29.7588,2.55
978,0.6,29.8228,2.55
978,0.7,29.8989,2.55
978,0.8,29.9874,2.55
978,0.9,30.0886,2.5498
978,1,30.2028,2.5494
978,1.1,30.3305,2.5484
978,1.2,30.4719,2.5455
978,1.3,30.6275,2.5387
978,1.4,30.7979,2.524
978,1.5,30.9836,2.4948
978,1.6,31.1852,2.4414
978,1.7,31.4033,2.3519
978,1.8,31.6384,2.2123
978,1.9,31.8909,2.0089
978,2,32.1607,1.7278
979,0,29.6188,2.55
979,0.1,29.6245,2.55
979,0.2,29.6417,2.55
979,0.3,29.6704,2.55
979,0.4,29.7107,2.55
979,0.5,29.7628,2.55
979,0.6,29.8268,2.55
979,0.7,29.903,2.55
979,0.8,29.9916,2.55
979,0.9,30.0928,2.5498
979,1,30.2072,2.5494
979,1.1,30.3348,2.5483
979,1.2,30.4763,2.5455
979,1.3,30.6321,2.5387
979,1.4,30.8026,2.5239
979,1.5,30.9884,2.4946
979,1.6,31.1902,2.4413
979,1.7,31.4084,2.3516
979,1.8,31.6436,2.212
979,1.9,31.8961,2.0085
979,2,32.1659,1.7274
980,0,29.6226,2.55
980,0.1,29.6284,2.55
980,0.2,29.6456,2.55
980,0.3,29.6743,2.55
980,0.4,29.7146,2.55
980,0.5,29.7667,2.55
980,0.6,29.8308,2.55
980,0.7,29.9071,2.55
980,0.8,29.9957,2.55
980,0.9,30.0971,2.5498
980,1,30.2115,2.5494
980,1.1,30.3392,2.5483
980,1.2,30.4808,2.5455
980,1.3,30.6367,2.5386
980,1.4,30.8073,2.5239
980,1.5,30.9933,2.4945
980,1.6,31.1952,2.4411
980,1.7,31.4135,2.3513
980,1.8,31.6488,2.2116
980,1.9,31.9014,2.0082
980,2,32.1711,1.7271
981,0,29.6265,2.55
981,0.1,29.6322,2.55
981,0.2,29.6494,2.55
981,0.3,29.6782,2.55
981,0.4,29.7186,2.55
981,0.5,29.7707,2.55
981,0.6,29.8348,2.55
981,0.7,29.9111,2.55
981,0.8,29.9999,2.55
981,0.9,30.1013,2.5498
981,1,30.2158,2.5494
981,1.1,30.3436,2.5483
981,1.2,30.4853,2.5454
981,1.3,30.6413,2.5386
981,1.4,30.8121,2.5238
981,1.5,30.9982,2.4944
981,1.6,31.2002,2.4409
981,1.7,31.4187,2.3511
981,1.8,31.654,2.2113
981,1.9,31.9066,2.0078
981,2,32.1763,1.7268
982,0,29.6304,2.55
982,0.1,29.6361,2.55
982,0.2,29.6533,2.55
982,0.3,29.6821,2.55
982,0.4,29.7225,2.55
982,0.5,29.7747,2.55
982,0.6,29.8389,2.55
982,0.7,29.9152,2.55
982,0.8,30.004,2.55
982,0.9,30.1055,2.5498
982,1,30.2201,2.5494
982,1.1,30.348,2.5483
982,1.2,30.4899,2.5454
982,1.3,30.6459,2.5386
982,1.4,30.8168,2.5237
982,1.5,31.0031,2.4943
982,1.6,31.2052,2.4407
982,1.7,31.4238,2.3508
982,1.8,31.6592,2.211
982,1.9,31.9118,2.0075
982,2,32.1815,1.7264
983,0,29.6343,2.55
983,0.1,29.64,2.55
983,0.2,29.6572,2.55
983,0.3,29.686,2.55
983,0.4,29.7265,2.55
983,0.5,29.7787,2.55
983,0.6,29.8429,2.55
983,0.7,29.9193,2.55
983,0.8,30.0082,2.55
983,0.9,30.1097,2.5498
983,1,30.2244,2.5494
983,1.1,30.3525,2.5483
983,1.2,30.4944,2.5454
983,1.3,30.6506,2.5385
983,1.4,30.8216,2.5236
983,1.5,31.0079,2.4941
983,1.6,31.2102,2.4405
983,1.7,31.4289,2.3506
983,1.8,31.6644,2.2107
983,1.9,31.917,2.0071
983,2,32.1867,1.7261
984,0,29.6381,2.55
984,0.1,29.6439,2.55
984,0.2,29.6611,2.55
984,0.3,29.6899,2.55
984,0.4,29.7304,2.55
984,0.5,29.7827,2.55
984,0.6,29.8469,2.55
984,0.7,29.9234,2.55
984,0.8,30.0123,2.5499
984,0.9,30.114,2.5498
984,1,30.2287,2.5494
984,1.1,30.3569,2.5483
984,1.2,30.4989,2.5454
984,1.3,30.6552,2.5385
984,1.4,30.8263,2.5235
984,1.5,31.0128,2.494
984,1.6,31.2152,2.4403
984,1.7,31.434,2.3503
984,1.8,31.6696,2.2104
984,1.9,31.9222,2.0068
984,2,32.1919,1.7258
985,0,29.642,2.55
985,0.1,29.6478,2.55
985,0.2,29.665,2.55
985,0.3,29.6938,2.55
985,0.4,29.7344,2.55
985,0.5,29.7867,2.55
985,0.6,29.851,2.55
985,0.7,29.9275,2.55
985,0.8,30.0165,2.5499
985,0.9,30.1182,2.5498
985,1,30.233,2.5494
985,1.1,30.3613,2.5483
985,1.2,30.5034,2.5454
985,1.3,30.6598,2.5384
985,1.4,30.8311,2.5235
985,1.5,31.0177,2.4939
985,1.6,31.2202,2.4401
985,1.7,31.4391,2.35
985,1.8,31.6747,2.2101
985,1.9,31.9274,2.0065
985,2,32.197,1.7254
986,0,29.6459,2.55
986,0.1,29.6516,2.55
986,0.2,29.6689,2.55
986,0.3,29.6978,2.55
986,0.4,29.7383,2.55
986,0.5,29.7907,2.55
986,0.6,29.855,2.55
986,0.7,29.9316,2.55
986,0.8,30.0207,2.5499
986,0.9,30.1225,2.5498
986,1,30.2373,2.5494
986,1.1,30.3657,2.5483
986,1.2,30.5079,2.5453
986,1.3,30.6644,2.5384
986,1.4,30.8358,2.5234
986,1.5,31.0225,2.4937
986,1.6,31.2252,2.4399
986,1.7,31.4442,2.3498
986,1.8,31.6799,2.2097
986,1.9,31.9326,2.0061
986,2,32.2022,1.7251
987,0,29.6498,2.55
987,0.1,29.6555,2.55
987,0.2,29.6728,2.55
987,0.3,29.7017,2.55
987,0.4,29.7423,2.55
987,0.5,29.7947,2.55
987,0.6,29.8591,2.55
987,0.7,29.9357,2.55
987,0.8,30.0248,2.5499
987,0.9,30.1267,2.5498
987,1,30.2417,2.5494
987,1.1,30.3701,2.5483
987,1.2,30.5124,2.5453
987,1.3,30.6691,2.5384
987,1.4,30.8406,2.5233
987,1.5,31.0274,2.4936
987,1.6,31.2302,2.4397
987,1.7,31.4492,2.3495
987,1.8,31.6851,2.2094
987,1.9,31.9378,2.0058
987,2,32.2074,1.7248
988,0,29.6537,2.55
988,0.1,29.6594,2.55
988,0.2,29.6767,2.55
988,0.3,29.7056,2.55
988,0.4,29.7462,2.55
988,0.5,29.7987,2.55
988,0.6,29.8631,2.55
988,0.7,29.9398,2.55
988,0.8,30.029,2.5499
988,0.9,30.1309,2.5498
988,1,30.246,2.5494
988,1.1,30.3745,2.5483
988,1.2,30.5169,2.5453
988,1.3,30.6737,2.5383
988,1.4,30.8453,2.5232
988,1.5,31.0323,2.4935
988,1.6,31.2351,2.4395
988,1.7,31.4543,2.3492
988,1.8,31.6902,2.2091
988,1.9,31.9429,2.0054
988,2,32.2125,1.7244
989,0,29.6576,2.55
989,0.1,29.6633,2.55
989,0.2,29.6806,2.55
989,0.3,29.7096,2.55
989,0.4,29.7502,2.55
989,0.5,29.8027,2.55
989,0.6,29.8672,2.55
989,0.7,29.9439,2.55
989,0.8,30.0332,2.5499
989,0.9,30.1352,2.5498
989,1,30.2503,2.5494
989,1.1,30.379,2.5483
989,1.2,30.5215,2.5453
989,1.3,30.6784,2.5383
989,1.4,30.8501,2.5232
989,1.5,31.0372,2.4933
989,1.6,31.2401,2.4393
989,1.7,31.4594,2.349
989,1.8,31.6953,2.2088
989,1.9,31.9481,2.0051
989,2,32.2176,1.7241
990,0,29.6614,2.55
990,0.1,29.6672,2.55
990,0.2,29.6845,2.55
990,0.3,29.7135,2.55
990,0.4,29.7542,2.55
990,0.5,29.8067,2.55
990,0.6,29.8712,2.55
990,0.7,29.948,2.55
990,0.8,30.0373,2.5499
990,0.9,30.1394,2.5498
990,1,30.2547,2.5494
990,1.1,30.3834,2.5482
990,1.2,30.526,2.5453
990,1.3,30.683,2.5382
990,1.4,30.8548,2.5231
990,1.5,31.042,2.4932
990,1.6,31.2451,2.4391
990,1.7,31.4645,2.3487
990,1.8,31.7005,2.2085
990,1.9,31.9533,2.0047
990,2,32.2227,1.7238
991,0,29.6653,2.55
991,0.1,29.6711,2.55
991,0.2,29.6885,2.55
991,0.3,29.7174,2.55
991,0.4,29.7581,2.55
991,0.5,29.8107,2.55
991,0.6,29.8753,2.55
991,0.7,29.9522,2.55
991,0.8,30.0415,2.5499
991,0.9,30.1437,2.5498
991,1,30.259,2.5494
991,1.1,30.3878,2.5482
991,1.2,30.5305,2.5452
991,1.3,30.6876,2.5382
991,1.4,30.8596,2.523
991,1.5,31.0469,2.4931
991,1.6,31.2501,2.4389
991,1.7,31.4695,2.3485
991,1.8,31.7056,2.2082
991,1.9,31.9584,2.0044
991,2,32.2279,1.7234
992,0,29.6692,2.55
992,0.1,29.675,2.55
992,0.2,29.6924,2.55
992,0.3,29.7214,2.55
992,0.4,29.7621,2.55
992,0.5,29.8147,2.55
992,0.6,29.8793,2.55
992,0.7,29.9563,2.55
992,0.8,30.0457,2.5499
992,0.9,30.148,2.5498
992,1,30.2633,2.5494
992,1.1,30.3922,2.5482
992,1.2,30.5351,2.5452
992,1.3,30.6923,2.5381
992,1.4,30.8644,2.5229
992,1.5,31.0518,2.493
992,1.6,31.2551,2.4387
992,1.7,31.4746,2.3482
992,1.8,31.7107,2.2078
992,1.9,31.9635,2.004
992,2,32.233,1.7231
993,0,29.6731,2.55
993,0.1,29.6789,2.55
993,0.2,29.6963,2.55
993,0.3,29.7253,2.55
993,0.4,29.7661,2.55
993,0.5,29.8187,2.55
993,0.6,29.8834,2.55
993,0.7,29.9604,2.55
993,0.8,30.0499,2.5499
993,0.9,30.1522,2.5498
993,1,30.2677,2.5494
993,1.1,30.3967,2.5482
993,1.2,30.5396,2.5452
993,1.3,30.6969,2.5381
993,1.4,30.8691,2.5228
993,1.5,31.0567,2.4928
993,1.6,31.26,2.4385
993,1.7,31.4797,2.3479
993,1.8,31.7158,2.2075
993,1.9,31.9687,2.0037
993,2,32.2381,1.7228
994,0,29.6771,2.55
994,0.1,29.6828,2.55
994,0.2,29.7002,2.55
994,0.3,29.7293,2.55
994,0.4,29.77,2.55
994,0.5,29.8227,2.55
994,0.6,29.8875,2.55
994,0.7,29.9645,2.55
994,0.8,30.0541,2.5499
994,0.9,30.1565,2.5498
994,1,30.272,2.5494
994,1.1,30.4011,2.5482
994,1.2,30.5442,2.5452
994,1.3,30.7016,2.5381
994,1.4,30.8739,2.5228
994,1.5,31.0615,2.4927
994,1.6,31.265,2.4384
994,1.7,31.4847,2.3477
994,1.8,31.7209,2.2072
994,1.9,31.9738,2.0034
994,2,32.2432,1.7224
995,0,29.681,2.55
995,0.1,29.6868,2.55
995,0.2,29.7042,2.55
995,0.3,29.7332,2.55
995,0.4,29.774,2.55
995,0.5,29.8267,2.55
995,0.6,29.8915,2.55
995,0.7,29.9686,2.55
995,0.8,30.0583,2.5499
995,0.9,30.1607,2.5498
995,1,30.2764,2.5494
995,1.1,30.4056,2.5482
995,1.2,30.5487,2.5452
995,1.3,30.7062,2.538
995,1.4,30.8786,2.5227
995,1.5,31.0664,2.4926
995,1.6,31.27,2.4382
995,1.7,31.4898,2.3474
995,1.8,31.726,2.2069
995,1.9,31.9789,2.003
995,2,32.2482,1.7221
996,0,29.6849,2.55
996,0.1,29.6907,2.55
996,0.2,29.7081,2.55
996,0.3,29.7372,2.55
996,0.4,29.778,2.55
996,0.5,29.8308,2.55
996,0.6,29.8956,2.55
996,0.7,29.9728,2.55
996,0.8,30.0625,2.5499
996,0.9,30.165,2.5498
996,1,30.2807,2.5494
996,1.1,30.41,2.5482
996,1.2,30.5532,2.5451
996,1.3,30.7109,2.538
996,1.4,30.8834,2.5226
996,1.5,31.0713,2.4924
996,1.6,31.275,2.438
996,1.7,31.4948,2.3472
996,1.8,31.7311,2.2066
996,1.9,31.984,2.0027
996,2,32.2533,1.7218
997,0,29.6888,2.55
997,0.1,29.6946,2.55
997,0.2,29.712,2.55
997,0.3,29.7411,2.55
997,0.4,29.782,2.55
997,0.5,29.8348,2.55
997,0.6,29.8997,2.55
997,0.7,29.9769,2.55
997,0.8,30.0667,2.5499
997,0.9,30.1693,2.5498
997,1,30.2851,2.5494
997,1.1,30.4145,2.5482
997,1.2,30.5578,2.5451
997,1.3,30.7155,2.5379
997,1.4,30.8882,2.5225
997,1.5,31.0762,2.4923
997,1.6,31.2799,2.4378
997,1.7,31.4999,2.3469
997,1.8,31.7362,2.2063
997,1.9,31.9891,2.0023
997,2,32.2584,1.7214
998,0,29.6927,2.55
998,0.1,29.6985,2.55
998,0.2,29.716,2.55
998,0.3,29.7451,2.55
998,0.4,29.786,2.55
998,0.5,29.8388,2.55
998,0.6,29.9038,2.55
998,0.7,29.981,2.55
998,0.8,30.0709,2.5499
998,0.9,30.1736,2.5498
998,1,30.2895,2.5494
998,1.1,30.4189,2.5482
998,1.2,30.5623,2.5451
998,1.3,30.7202,2.5379
998,1.4,30.8929,2.5225
998,1.5,31.081,2.4922
998,1.6,31.2849,2.4376
998,1.7,31.5049,2.3466
998,1.8,31.7413,2.2059
998,1.9,31.9942,2.002
998,2,32.2634,1.7211
999,0,29.6966,2.55
999,0.1,29.7024,2.55
999,0.2,29.7199,2.55
999,0.3,29.749,2.55
999,0.4,29.79,2.55
999,0.5,29.8429,2.55
999,0.6,29.9079,2.55
999,0.7,29.9852,2.55
999,0.8,30.0751,2.5499
999,0.9,30.1778,2.5498
999,1,30.2938,2.5494
999,1.1,30.4234,2.5482
999,1.2,30.5669,2.5451
999,1.3,30.7249,2.5378
999,1.4,30.8977,2.5224
999,1.5,31.0859,2.492
999,1.6,31.2899,2.4374
999,1.7,31.5099,2.3464
999,1.8,31.7464,2.2056
999,1.9,31.9993,2.0016
999,2,32.2685,1.7208
1000,0,29.7006,2.55
1000,0.1,29.7064,2.55
1000,0.2,29.7238,2.55
1000,0.3,29.753,2.55
1000,0.4,29.794,2.55
1000,0.5,29.8469,2.55
1000,0.6,29.9119,2.55
1000,0.7,29.9893,2.55
1000,0.8,30.0793,2.5499
1000,0.9,30.1821,2.5498
1000,1,30.2982,2.5494
1000,1.1,30.4278,2.5482
1000,1.2,30.5715,2.545
1000,1.3,30.7295,2.5378
1000,1.4,30.9025,2.5223
1000,1.5,31.0908,2.4919
1000,1.6,31.2948,2.4372
1000,1.7,31.515,2.3461
1000,1.8,31.7515,2.2053
1000,1.9,32.0044,2.0013
1000,2,32.2736,1.7204
1001,0,29.7045,2.55
1001,0.1,29.7103,2.55
1001,0.2,29.7278,2.55
1001,0.3,29.757,2.55
1001,0.4,29.798,2.55
1001,0.5,29.8509,2.55
1001,0.6,29.916,2.55
1001,0.7,29.9935,2.55
1001,0.8,30.0835,2.5499
1001,0.9,30.1864,2.5498
1001,1,30.3025,2.5494
1001,1.1,30.4323,2.5481
1001,1.2,30.576,2.545
1001,1.3,30.7342,2.5377
1001,1.4,30.9072,2.5222
1001,1.5,31.0956,2.4918
1001,1.6,31.2998,2.437
1001,1.7,31.52,2.3459
1001,1.8,31.7565,2.205
1001,1.9,32.0094,2.001
1001,2,32.2786,1.7201
1002,0,29.7084,2.55
1002,0.1,29.7142,2.55
1002,0.2,29.7317,2.55
1002,0.3,29.7609,2.55
1002,0.4,29.802,2.55
1002,0.5,29.855,2.55
1002,0.6,29.9201,2.55
1002,0.7,29.9976,2.55
1002,0.8,30.0877,2.5499
1002,0.9,30.1907,2.5498
1002,1,30.3069,2.5494
1002,1.1,30.4367,2.5481
1002,1.2,30.5806,2.545
1002,1.3,30.7389,2.5377
1002,1.4,30.912,2.5221
1002,1.5,31.1005,2.4917
1002,1.6,31.3047,2.4368
1002,1.7,31.525,2.3456
1002,1.8,31.7616,2.2047
1002,1.9,32.0145,2.0006
1002,2,32.2836,1.7198
1003,0,29.7123,2.55
1003,0.1,29.7182,2.55
1003,0.2,29.7357,2.55
1003,0.3,29.7649,2.55
1003,0.4,29.806,2.55
1003,0.5,29.859,2.55
1003,0.6,29.9242,2.55
1003,0.7,30.0018,2.55
1003,0.8,30.0919,2.5499
1003,0.9,30.195,2.5498
1003,1,30.3113,2.5494
1003,1.1,30.4412,2.5481
1003,1.2,30.5851,2.545
1003,1.3,30.7435,2.5377
1003,1.4,30.9168,2.5221
1003,1.5,31.1054,2.4915
1003,1.6,31.3097,2.4366
1003,1.7,31.53,2.3453
1003,1.8,31.7666,2.2044
1003,1.9,32.0196,2.0003
1003,2,32.2887,1.7195
1004,0,29.7163,2.55
1004,0.1,29.7221,2.55
1004,0.2,29.7396,2.55
1004,0.3,29.7689,2.55
1004,0.4,29.81,2.55
1004,0.5,29.8631,2.55
1004,0.6,29.9283,2.55
1004,0.7,30.0059,2.55
1004,0.8,30.0961,2.5499
1004,0.9,30.1993,2.5498
1004,1,30.3157,2.5493
1004,1.1,30.4457,2.5481
1004,1.2,30.5897,2.545
1004,1.3,30.7482,2.5376
1004,1.4,30.9216,2.522
1004,1.5,31.1102,2.4914
1004,1.6,31.3146,2.4364
1004,1.7,31.5351,2.3451
1004,1.8,31.7717,2.204
1004,1.9,32.0246,1.9999
1004,2,32.2937,1.7191
1005,0,29.7202,2.55
1005,0.1,29.7261,2.55
1005,0.2,29.7436,2.55
1005,0.3,29.7729,2.55
1005,0.4,29.814,2.55
1005,0.5,29.8671,2.55
1005,0.6,29.9324,2.55
1005,0.7,30.0101,2.55
1005,0.8,30.1004,2.5499
1005,0.9,30.2036,2.5498
1005,1,30.3201,2.5493
1005,1.1,30.4502,2.5481
1005,1.2,30.5943,2.5449
1005,1.3,30.7529,2.5376
1005,1.4,30.9263,2.5219
1005,1.5,31.1151,2.4913
1005,1.6,31.3196,2.4362
1005,1.7,31.5401,2.3448
1005,1.8,31.7767,2.2037
1005,1.9,32.0297,1.9996
1005,2,32.2987,1.7188
1006,0,29.7242,2.55
1006,0.1,29.73,2.55
1006,0.2,29.7475,2.55
1006,0.3,29.7769,2.55
1006,0.4,29.818,2.55
1006,0.5,29.8712,2.55
1006,0.6,29.9365,2.55
1006,0.7,30.0142,2.55
1006,0.8,30.1046,2.5499
1006,0.9,30.2079,2.5498
1006,1,30.3244,2.5493
1006,1.1,30.4546,2.5481
1006,1.2,30.5988,2.5449
1006,1.3,30.7575,2.5375
1006,1.4,30.9311,2.5218
1006,1.5,31.12,2.4911
1006,1.6,31.3245,2.436
1006,1.7,31.5451,2.3446
1006,1.8,31.7818,2.2034
1006,1.9,32.0347,1.9992
1006,2,32.3037,1.7185
1007,0,29.7281,2.55
1007,0.1,29.734,2.55
1007,0.2,29.7515,2.55
1007,0.3,29.7808,2.55
1007,0.4,29.822,2.55
1007,0.5,29.8752,2.55
1007,0.6,29.9406,2.55
1007,0.7,30.0184,2.55
1007,0.8,30.1088,2.5499
1007,0.9,30.2122,2.5498
1007,1,30.3288,2.5493
1007,1.1,30.4591,2.5481
1007,1.2,30.6034,2.5449
1007,1.3,30.7622,2.5375
1007,1.4,30.9359,2.5217
1007,1.5,31.1248,2.491
1007,1.6,31.3295,2.4358
1007,1.7,31.5501,2.3443
1007,1.8,31.7868,2.2031
1007,1.9,32.0397,1.9989
1007,2,32.3088,1.7181
1008,0,29.7321,2.55
1008,0.1,29.7379,2.55
1008,0.2,29.7555,2.55
1008,0.3,29.7848,2.55
1008,0.4,29.826,2.55
1008,0.5,29.8793,2.55
1008,0.6,29.9447,2.55
1008,0.7,30.0225,2.55
1008,0.8,30.113,2.5499
1008,0.9,30.2165,2.5498
1008,1,30.3332,2.5493
1008,1.1,30.4636,2.5481
1008,1.2,30.608,2.5449
1008,1.3,30.7669,2.5374
1008,1.4,30.9406,2.5217
1008,1.5,31.1297,2.4909
1008,1.6,31.3344,2.4356
1008,1.7,31.5551,2.344
1008,1.8,31.7918,2.2028
1008,1.9,32.0448,1.9986
1008,2,32.3138,1.7178
1009,0,29.736,2.55
1009,0.1,29.7419,2.55
1009,0.2,29.7594,2.55
1009,0.3,29.7888,2.55
1009,0.4,29.8301,2.55
1009,0.5,29.8833,2.55
1009,0.6,29.9488,2.55
1009,0.7,30.0267,2.55
1009,0.8,30.1173,2.5499
1009,0.9,30.2208,2.5498
1009,1,30.3376,2.5493
1009,1.1,30.4681,2.5481
1009,1.2,30.6126,2.5448
1009,1.3,30.7715,2.5374
1009,1.4,30.9454,2.5216
1009,1.5,31.1346,2.4907
1009,1.6,31.3393,2.4354
1009,1.7,31.5601,2.3438
1009,1.8,31.7969,2.2025
1009,1.9,32.0498,1.9982
1009,2,32.3188,1.7175
1010,0,29.74,2.55
1010,0.1,29.7458,2.55
1010,0.2,29.7634,2.55
1010,0.3,29.7928,2.55
1010,0.4,29.8341,2.55
1010,0.5,29.8874,2.55
1010,0.6,29.9529,2.55
1010,0.7,30.0309,2.55
1010,0.8,30.1215,2.5499
1010,0.9,30.2251,2.5498
1010,1,30.342,2.5493
1010,1.1,30.4725,2.5481
1010,1.2,30.6171,2.5448
1010,1.3,30.7762,2.5374
1010,1.4,30.9502,2.5215
1010,1.5,31.1394,2.4906
1010,1.6,31.3443,2.4353
1010,1.7,31.565,2.3435
1010,1.8,31.8019,2.2022
1010,1.9,32.0548,1.9979
1010,2,32.3238,1.7172
1011,0,29.7439,2.55
1011,0.1,29.7498,2.55
1011,0.2,29.7674,2.55
1011,0.3,29.7968,2.55
1011,0.4,29.8381,2.55
1011,0.5,29.8915,2.55
1011,0.6,29.9571,2.55
1011,0.7,30.0351,2.55
1011,0.8,30.1257,2.5499
1011,0.9,30.2294,2.5498
1011,1,30.3464,2.5493
1011,1.1,30.477,2.548
1011,1.2,30.6217,2.5448
1011,1.3,30.7809,2.5373
1011,1.4,30.9549,2.5214
1011,1.5,31.1443,2.4905
1011,1.6,31.3492,2.4351
1011,1.7,31.57,2.3433
1011,1.8,31.8069,2.2019
1011,1.9,32.0598,1.9975
1011,2,32.3287,1.7168
1012,0,29.7479,2.55
1012,0.1,29.7538,2.55
1012,0.2,29.7714,2.55
1012,0.3,29.8008,2.55
1012,0.4,29.8422,2.55
1012,0.5,29.8956,2.55
1012,0.6,29.9612,2.55
1012,0.7,30.0392,2.55
1012,0.8,30.13,2.5499
1012,0.9,30.2337,2.5498
1012,1,30.3508,2.5493
1012,1.1,30.4815,2.548
1012,1.2,30.6263,2.5448
1012,1.3,30.7856,2.5373
1012,1.4,30.9597,2.5213
1012,1.5,31.1491,2.4903
1012,1.6,31.3541,2.4349
1012,1.7,31.575,2.343
1012,1.8,31.8119,2.2015
1012,1.9,32.0649,1.9972
1012,2,32.3337,1.7165
1013,0,29.7518,2.55
1013,0.1,29.7577,2.55
1013,0.2,29.7754,2.55
1013,0.3,29.8048,2.55
1013,0.4,29.8462,2.55
1013,0.5,29.8996,2.55
1013,0.6,29.9653,2.55
1013,0.7,30.0434,2.55
1013,0.8,30.1342,2.5499
1013,0.9,30.238,2.5498
1013,1,30.3552,2.5493
1013,1.1,30.486,2.548
1013,1.2,30.6309,2.5448
1013,1.3,30.7903,2.5372
1013,1.4,30.9645,2.5213
1013,1.5,31.154,2.4902
1013,1.6,31.3591,2.4347
1013,1.7,31.58,2.3427
1013,1.8,31.8169,2.2012
1013,1.9,32.0699,1.9969
1013,2,32.3387,1.7162
1014,0,29.7558,2.55
1014,0.1,29.7617,2.55
1014,0.2,29.7793,2.55
1014,0.3,29.8088,2.55
1014,0.4,29.8502,2.55
1014,0.5,29.9037,2.55
1014,0.6,29.9694,2.55
1014,0.7,30.0476,2.55
1014,0.8,30.1385,2.5499
1014,0.9,30.2424,2.5498
1014,1,30.3596,2.5493
1014,1.1,30.4905,2.548
1014,1.2,30.6355,2.5447
1014,1.3,30.7949,2.5372
1014,1.4,30.9693,2.5212
1014,1.5,31.1588,2.4901
1014,1.6,31.364,2.4345
1014,1.7,31.585,2.3425
1014,1.8,31.8219,2.2009
1014,1.9,32.0749,1.9965
1014,2,32.3437,1.7158
1015,0,29.7598,2.55
1015,0.1,29.7657,2.55
1015,0.2,29.7833,2.55
1015,0.3,29.8128,2.55
1015,0.4,29.8543,2.55
1015,0.5,29.9078,2.55
1015,0.6,29.9735,2.55
1015,0.7,30.0518,2.55
1015,0.8,30.1427,2.5499
1015,0.9,30.2467,2.5498
1015,1,30.364,2.5493
1015,1.1,30.495,2.548
1015,1.2,30.6401,2.5447
1015,1.3,30.7996,2.5371
1015,1.4,30.974,2.5211
1015,1.5,31.1637,2.49
1015,1.6,31.3689,2.4343
1015,1.7,31.5899,2.3422
1015,1.8,31.8269,2.2006
1015,1.9,32.0799,1.9962
1015,2,32.3486,1.7155
1016,0,29.7638,2.55
1016,0.1,29.7696,2.55
1016,0.2,29.7873,2.55
1016,0.3,29.8168,2.55
1016,0.4,29.8583,2.55
1016,0.5,29.9119,2.55
1016,0.6,29.9777,2.55
1016,0.7,30.056,2.55
1016,0.8,30.147,2.5499
1016,0.9,30.251,2.5498
1016,1,30.3684,2.5493
1016,1.1,30.4995,2.548
1016,1.2,30.6446,2.5447
1016,1.3,30.8043,2.5371
1016,1.4,30.9788,2.521
1016,1.5,31.1685,2.4898
1016,1.6,31.3738,2.4341
1016,1.7,31.5949,2.342
1016,1.8,31.8319,2.2003
1016,1.9,32.0849,1.9958
1016,2,32.3536,1.7152
1017,0,29.7677,2.55
1017,0.1,29.7736,2.55
1017,0.2,29.7913,2.55
1017,0.3,29.8209,2.55
1017,0.4,29.8624,2.55
1017,0.5,29.916,2.55
1017,0.6,29.9818,2.55
1017,0.7,30.0602,2.55
1017,0.8,30.1512,2.5499
1017,0.9,30.2554,2.5498
1017,1,30.3728,2.5493
1017,1.1,30.504,2.548
1017,1.2,30.6492,2.5447
1017,1.3,30.809,2.537
1017,1.4,30.9836,2.5209
1017,1.5,31.1734,2.4897
1017,1.6,31.3787,2.4339
1017,1.7,31.5999,2.3417
1017,1.8,31.8369,2.2
1017,1.9,32.0898,1.9955
1017,2,32.3586,1.7149
1018,0,29.7717,2.55
1018,0.1,29.7776,2.55
1018,0.2,29.7953,2.55
1018,0.3,29.8249,2.55
1018,0.4,29.8664,2.55
1018,0.5,29.92,2.55
1018,0.6,29.986,2.55
1018,0.7,30.0644,2.55
1018,0.8,30.1555,2.5499
1018,0.9,30.2597,2.5498
1018,1,30.3772,2.5493
1018,1.1,30.5085,2.548
1018,1.2,30.6538,2.5446
1018,1.3,30.8136,2.537
1018,1.4,30.9883,2.5209
1018,1.5,31.1782,2.4896
1018,1.6,31.3837,2.4337
1018,1.7,31.6048,2.3414
1018,1.8,31.8419,2.1997
1018,1.9,32.0948,1.9952
1018,2,32.3635,1.7145
1019,0,29.7757,2.55
1019,0.1,29.7816,2.55
1019,0.2,29.7993,2.55
1019,0.3,29.8289,2.55
1019,0.4,29.8705,2.55
1019,0.5,29.9241,2.55
1019,0.6,29.9901,2.55
1019,0.7,30.0686,2.55
1019,0.8,30.1598,2.5499
1019,0.9,30.264,2.5498
1019,1,30.3816,2.5493
1019,1.1,30.513,2.548
1019,1.2,30.6584,2.5446
1019,1.3,30.8183,2.537
1019,1.4,30.9931,2.5208
1019,1.5,31.1831,2.4894
1019,1.6,31.3886,2.4335
1019,1.7,31.6098,2.3412
1019,1.8,31.8469,2.1993
1019,1.9,32.0998,1.9948
1019,2,32.3685,1.7142
1020,0,29.7797,2.55
1020,0.1,29.7856,2.55
1020,0.2,29.8033,2.55
1020,0.3,29.8329,2.55
1020,0.4,29.8745,2.55
1020,0.5,29.9282,2.55
1020,0.6,29.9942,2.55
1020,0.7,30.0728,2.55
1020,0.8,30.164,2.5499
1020,0.9,30.2684,2.5498
1020,1,30.3861,2.5493
1020,1.1,30.5175,2.5479
1020,1.2,30.663,2.5446
1020,1.3,30.823,2.5369
1020,1.4,30.9979,2.5207
1020,1.5,31.1879,2.4893
1020,1.6,31.3935,2.4333
1020,1.7,31.6147,2.3409
1020,1.8,31.8518,2.199
1020,1.9,32.1048,1.9945
1020,2,32.3734,1.7139
1021,0,29.7837,2.55
1021,0.1,29.7896,2.55
1021,0.2,29.8073,2.55
1021,0.3,29.8369,2.55
1021,0.4,29.8786,2.55
1021,0.5,29.9323,2.55
1021,0.6,29.9984,2.55
1021,0.7,30.077,2.55
1021,0.8,30.1683,2.5499
1021,0.9,30.2727,2.5498
1021,1,30.3905,2.5493
1021,1.1,30.522,2.5479
1021,1.2,30.6676,2.5446
1021,1.3,30.8277,2.5369
1021,1.4,31.0026,2.5206
1021,1.5,31.1928,2.4892
1021,1.6,31.3984,2.4331
1021,1.7,31.6197,2.3407
1021,1.8,31.8568,2.1987
1021,1.9,32.1098,1.9942
1021,2,32.3785,1.7136
1022,0,29.7877,2.55
1022,0.1,29.7936,2.55
1022,0.2,29.8113,2.55
1022,0.3,29.841,2.55
1022,0.4,29.8826,2.55
1022,0.5,29.9364,2.55
1022,0.6,30.0025,2.55
1022,0.7,30.0812,2.55
1022,0.8,30.1726,2.5499
1022,0.9,30.277,2.5498
1022,1,30.3949,2.5493
1022,1.1,30.5265,2.5479
1022,1.2,30.6722,2.5446
1022,1.3,30.8324,2.5368
1022,1.4,31.0074,2.5205
1022,1.5,31.1976,2.489
1022,1.6,31.4033,2.4329
1022,1.7,31.6246,2.3404
1022,1.8,31.8618,2.1984
1022,1.9,32.1147,1.9938
1022,2,32.3838,1.7132
1023,0,29.7916,2.55
1023,0.1,29.7976,2.55
1023,0.2,29.8153,2.55
1023,0.3,29.845,2.55
1023,0.4,29.8867,2.55
1023,0.5,29.9405,2.55
1023,0.6,30.0067,2.55
1023,0.7,30.0854,2.55
1023,0.8,30.1768,2.5499
1023,0.9,30.2814,2.5498
1023,1,30.3993,2.5493
1023,1.1,30.531,2.5479
1023,1.2,30.6768,2.5445
1023,1.3,30.8371,2.5368
1023,1.4,31.0122,2.5204
1023,1.5,31.2024,2.4889
1023,1.6,31.4082,2.4327
1023,1.7,31.6296,2.3401
1023,1.8,31.8668,2.1981
1023,1.9,32.1198,1.9935
1023,2,32.3891,1.7129
1024,0,29.7956,2.55
1024,0.1,29.8016,2.55
1024,0.2,29.8193,2.55
1024,0.3,29.849,2.55
1024,0.4,29.8908,2.55
1024,0.5,29.9446,2.55
1024,0.6,30.0108,2.55
1024,0.7,30.0896,2.55
1024,0.8,30.1811,2.5499
1024,0.9,30.2857,2.5498
1024,1,30.4038,2.5493
1024,1.1,30.5355,2.5479
1024,1.2,30.6814,2.5445
1024,1.3,30.8417,2.5367
1024,1.4,31.0169,2.5204
1024,1.5,31.2073,2.4888
1024,1.6,31.4131,2.4325
1024,1.7,31.6345,2.3399
1024,1.8,31.8717,2.1978
1024,1.9,32.1248,1.9931
1024,2,32.3944,1.7126
1025,0,29.7996,2.55
1025,0.1,29.8056,2.55
1025,0.2,29.8234,2.55
1025,0.3,29.8531,2.55
1025,0.4,29.8948,2.55
1025,0.5,29.9487,2.55
1025,0.6,30.015,2.55
1025,0.7,30.0938,2.55
1025,0.8,30.1854,2.5499
1025,0.9,30.2901,2.5498
1025,1,30.4082,2.5493
1025,1.1,30.54,2.5479
1025,1.2,30.686,2.5445
1025,1.3,30.8464,2.5367
1025,1.4,31.0217,2.5203
1025,1.5,31.2121,2.4886
1025,1.6,31.418,2.4323
1025,1.7,31.6395,2.3396
1025,1.8,31.8767,2.1975
1025,1.9,32.13,1.9928
1025,2,32.3999,1.7123
1026,0,29.8036,2.55
1026,0.1,29.8096,2.55
1026,0.2,29.8274,2.55
1026,0.3,29.8571,2.55
1026,0.4,29.8989,2.55
1026,0.5,29.9529,2.55
1026,0.6,30.0192,2.55
1026,0.7,30.098,2.55
1026,0.8,30.1897,2.5499
1026,0.9,30.2944,2.5498
1026,1,30.4126,2.5493
1026,1.1,30.5445,2.5479
1026,1.2,30.6906,2.5445
1026,1.3,30.8511,2.5366
1026,1.4,31.0265,2.5202
1026,1.5,31.217,2.4885
1026,1.6,31.4229,2.4321
1026,1.7,31.6444,2.3394
1026,1.8,31.8817,2.1972
1026,1.9,32.1351,1.9925
1026,2,32.4053,1.7119
1027,0,29.8076,2.55
1027,0.1,29.8136,2.55
1027,0.2,29.8314,2.55
1027,0.3,29.8612,2.55
1027,0.4,29.903,2.55
1027,0.5,29.957,2.55
1027,0.6,30.0233,2.55
1027,0.7,30.1022,2.55
1027,0.8,30.194,2.5499
1027,0.9,30.2988,2.5498
1027,1,30.4171,2.5493
1027,1.1,30.5491,2.5479
1027,1.2,30.6952,2.5444
1027,1.3,30.8558,2.5366
1027,1.4,31.0312,2.5201
1027,1.5,31.2218,2.4884
1027,1.6,31.4278,2.4319
1027,1.7,31.6493,2.3391
1027,1.8,31.8867,2.1969
1027,1.9,32.1403,1.9921
1027,2,32.4108,1.7116
1028,0,29.8117,2.55
1028,0.1,29.8176,2.55
1028,0.2,29.8354,2.55
1028,0.3,29.8652,2.55
1028,0.4,29.9071,2.55
1028,0.5,29.9611,2.55
1028,0.6,30.0275,2.55
1028,0.7,30.1065,2.55
1028,0.8,30.1982,2.5499
1028,0.9,30.3032,2.5498
1028,1,30.4215,2.5492
1028,1.1,30.5536,2.5479
1028,1.2,30.6998,2.5444
1028,1.3,30.8605,2.5365
1028,1.4,31.036,2.52
1028,1.5,31.2266,2.4882
1028,1.6,31.4327,2.4318
1028,1.7,31.6543,2.3389
1028,1.8,31.8918,2.1965
1028,1.9,32.1455,1.9918
1028,2,32.4164,1.7113
1029,0,29.8157,2.55
1029,0.1,29.8216,2.55
1029,0.2,29.8395,2.55
1029,0.3,29.8693,2.55
1029,0.4,29.9111,2.55
1029,0.5,29.9652,2.55
1029,0.6,30.0317,2.55
1029,0.7,30.1107,2.55
1029,0.8,30.2025,2.5499
1029,0.9,30.3075,2.5498
1029,1,30.4259,2.5492
1029,1.1,30.5581,2.5479
1029,1.2,30.7044,2.5444
1029,1.3,30.8652,2.5365
1029,1.4,31.0408,2.52
1029,1.5,31.2315,2.4881
1029,1.6,31.4375,2.4316
1029,1.7,31.6592,2.3386
1029,1.8,31.8968,2.1962
1029,1.9,32.1507,1.9915
1029,2,32.422,1.711
1030,0,29.8197,2.55
1030,0.1,29.8256,2.55
1030,0.2,29.8435,2.55
1030,0.3,29.8733,2.55
1030,0.4,29.9152,2.55
1030,0.5,29.9693,2.55
1030,0.6,30.0358,2.55
1030,0.7,30.1149,2.55
1030,0.8,30.2068,2.5499
1030,0.9,30.3119,2.5498
1030,1,30.4304,2.5492
1030,1.1,30.5626,2.5478
1030,1.2,30.709,2.5444
1030,1.3,30.8699,2.5365
1030,1.4,31.0455,2.5199
1030,1.5,31.2363,2.488
1030,1.6,31.4424,2.4314
1030,1.7,31.6642,2.3383
1030,1.8,31.9019,2.1959
1030,1.9,32.156,1.9911
1030,2,32.4276,1.7106
1031,0,29.8237,2.55
1031,0.1,29.8296,2.55
1031,0.2,29.8475,2.55
1031,0.3,29.8774,2.55
1031,0.4,29.9193,2.55
1031,0.5,29.9735,2.55
1031,0.6,30.04,2.55
1031,0.7,30.1191,2.55
1031,0.8,30.2111,2.5499
1031,0.9,30.3162,2.5498
1031,1,30.4348,2.5492
1031,1.1,30.5671,2.5478
1031,1.2,30.7136,2.5443
1031,1.3,30.8745,2.5364
1031,1.4,31.0503,2.5198
1031,1.5,31.2411,2.4878
1031,1.6,31.4473,2.4312
1031,1.7,31.6692,2.3381
1031,1.8,31.907,2.1956
1031,1.9,32.1613,1.9908
1031,2,32.4332,1.7103
1032,0,29.8277,2.55
1032,0.1,29.8337,2.55
1032,0.2,29.8516,2.55
1032,0.3,29.8814,2.55
1032,0.4,29.9234,2.55
1032,0.5,29.9776,2.55
1032,0.6,30.0442,2.55
1032,0.7,30.1234,2.55
1032,0.8,30.2154,2.5499
1032,0.9,30.3206,2.5497
1032,1,30.4393,2.5492
1032,1.1,30.5717,2.5478
1032,1.2,30.7182,2.5443
1032,1.3,30.8792,2.5364
1032,1.4,31.055,2.5197
1032,1.5,31.246,2.4877
1032,1.6,31.4522,2.431
1032,1.7,31.6741,2.3378
1032,1.8,31.9121,2.1953
1032,1.9,32.1666,1.9905
1032,2,32.4389,1.71
1033,0,29.8317,2.55
1033,0.1,29.8377,2.55
1033,0.2,29.8556,2.55
1033,0.3,29.8855,2.55
1033,0.4,29.9275,2.55
1033,0.5,29.9817,2.55
1033,0.6,30.0484,2.55
1033,0.7,30.1276,2.55
1033,0.8,30.2197,2.5499
1033,0.9,30.325,2.5497
1033,1,30.4437,2.5492
1033,1.1,30.5762,2.5478
1033,1.2,30.7228,2.5443
1033,1.3,30.8839,2.5363
1033,1.4,31.0598,2.5196
1033,1.5,31.2508,2.4876
1033,1.6,31.4571,2.4308
1033,1.7,31.6791,2.3376
1033,1.8,31.9172,2.195
1033,1.9,32.1719,1.9901
1033,2,32.4446,1.7097
1034,0,29.8358,2.55
1034,0.1,29.8417,2.55
1034,0.2,29.8596,2.55
1034,0.3,29.8896,2.55
1034,0.4,29.9316,2.55
1034,0.5,29.9859,2.55
1034,0.6,30.0525,2.55
1034,0.7,30.1318,2.55
1034,0.8,30.224,2.5499
1034,0.9,30.3294,2.5497
1034,1,30.4481,2.5492
1034,1.1,30.5807,2.5478
1034,1.2,30.7274,2.5443
1034,1.3,30.8886,2.5363
1034,1.4,31.0646,2.5195
1034,1.5,31.2556,2.4874
1034,1.6,31.462,2.4306
1034,1.7,31.6841,2.3373
1034,1.8,31.9223,2.1947
1034,1.9,32.1773,1.9898
1034,2,32.4503,1.7093
1035,0,29.8398,2.55
1035,0.1,29.8458,2.55
1035,0.2,29.8637,2.55
1035,0.3,29.8936,2.55
1035,0.4,29.9357,2.55
1035,0.5,29.99,2.55
1035,0.6,30.0567,2.55
1035,0.7,30.1361,2.55
1035,0.8,30.2283,2.5499
1035,0.9,30.3337,2.5497
1035,1,30.4526,2.5492
1035,1.1,30.5853,2.5478
1035,1.2,30.732,2.5443
1035,1.3,30.8933,2.5362
1035,1.4,31.0693,2.5195
1035,1.5,31.2604,2.4873
1035,1.6,31.4669,2.4304
1035,1.7,31.6891,2.337
1035,1.8,31.9275,2.1944
1035,1.9,32.1827,1.9894
1035,2,32.4561,1.709
1036,0,29.8438,2.55
1036,0.1,29.8498,2.55
1036,0.2,29.8677,2.55
1036,0.3,29.8977,2.55
1036,0.4,29.9398,2.55
1036,0.5,29.9941,2.55
1036,0.6,30.0609,2.55
1036,0.7,30.1403,2.55
1036,0.8,30.2326,2.5499
1036,0.9,30.3381,2.5497
1036,1,30.4571,2.5492
1036,1.1,30.5898,2.5478
1036,1.2,30.7366,2.5442
1036,1.3,30.898,2.5362
1036,1.4,31.0741,2.5194
1036,1.5,31.2653,2.4872
1036,1.6,31.4719,2.4302
1036,1.7,31.6941,2.3368
1036,1.8,31.9326,2.1941
1036,1.9,32.1881,1.9891
1036,2,32.4619,1.7087
1037,0,29.8479,2.55
1037,0.1,29.8538,2.55
1037,0.2,29.8718,2.55
1037,0.3,29.9018,2.55
1037,0.4,29.9439,2.55
1037,0.5,29.9983,2.55
1037,0.6,30.0651,2.55
1037,0.7,30.1446,2.55
1037,0.8,30.2369,2.5499
1037,0.9,30.3425,2.5497
1037,1,30.4615,2.5492
1037,1.1,30.5943,2.5478
1037,1.2,30.7413,2.5442
1037,1.3,30.9027,2.5361
1037,1.4,31.0788,2.5193
1037,1.5,31.2701,2.487
1037,1.6,31.4768,2.43
1037,1.7,31.6992,2.3365
1037,1.8,31.9378,2.1938
1037,1.9,32.1935,1.9888
1037,2,32.4677,1.7084
1038,0,29.8519,2.55
1038,0.1,29.8579,2.55
1038,0.2,29.8758,2.55
1038,0.3,29.9059,2.55
1038,0.4,29.948,2.55
1038,0.5,30.0024,2.55
1038,0.6,30.0693,2.55
1038,0.7,30.1488,2.55
1038,0.8,30.2413,2.5499
1038,0.9,30.3469,2.5497
1038,1,30.466,2.5492
1038,1.1,30.5988,2.5478
1038,1.2,30.7459,2.5442
1038,1.3,30.9073,2.5361
1038,1.4,31.0836,2.5192
1038,1.5,31.275,2.4869
1038,1.6,31.4817,2.4298
1038,1.7,31.7042,2.3363
1038,1.8,31.943,2.1934
1038,1.9,32.199,1.9884
1038,2,32.4735,1.708
1039,0,29.8559,2.55
1039,0.1,29.8619,2.55
1039,0.2,29.8799,2.55
1039,0.3,29.9099,2.55
1039,0.4,29.9521,2.55
1039,0.5,30.0066,2.55
1039,0.6,30.0735,2.55
1039,0.7,30.1531,2.55
1039,0.8,30.2456,2.5499
1039,0.9,30.3513,2.5497
1039,1,30.4704,2.5492
1039,1.1,30.6034,2.5477
1039,1.2,30.7505,2.5442
1039,1.3,30.912,2.536
1039,1.4,31.0884,2.5191
1039,1.5,31.2798,2.4868
1039,1.6,31.4866,2.4296
1039,1.7,31.7092,2.336
1039,1.8,31.9482,2.1931
1039,1.9,32.2045,1.9881
1039,2,32.4793,1.7077
1040,0,29.86,2.55
1040,0.1,29.866,2.55
1040,0.2,29.884,2.55
1040,0.3,29.914,2.55
1040,0.4,29.9562,2.55
1040,0.5,30.0107,2.55
1040,0.6,30.0777,2.55
1040,0.7,30.1573,2.55
1040,0.8,30.2499,2.5499
1040,0.9,30.3556,2.5497
1040,1,30.4749,2.5492
1040,1.1,30.6079,2.5477
1040,1.2,30.7551,2.5441
1040,1.3,30.9167,2.536
1040,1.4,31.0931,2.5191
1040,1.5,31.2846,2.4866
1040,1.6,31.4916,2.4294
1040,1.7,31.7143,2.3358
1040,1.8,31.9535,2.1928
1040,1.9,32.21,1.9878
1040,2,32.4852,1.7074
1041,0,29.864,2.55
1041,0.1,29.87,2.55
1041,0.2,29.888,2.55
1041,0.3,29.9181,2.55
1041,0.4,29.9603,2.55
1041,0.5,30.0149,2.55
1041,0.6,30.0819,2.55
1041,0.7,30.1616,2.55
1041,0.8,30.2542,2.5499
1041,0.9,30.36,2.5497
1041,1,30.4793,2.5492
1041,1.1,30.6125,2.5477
1041,1.2,30.7597,2.5441
1041,1.3,30.9214,2.5359
1041,1.4,31.0979,2.519
1041,1.5,31.2895,2.4865
1041,1.6,31.4965,2.4292
1041,1.7,31.7194,2.3355
1041,1.8,31.9587,2.1925
1041,1.9,32.2155,1.9874
1041,2,32.4911,1.7071
1042,0,29.8681,2.55
1042,0.1,29.8741,2.55
1042,0.2,29.8921,2.55
1042,0.3,29.9222,2.55
1042,0.4,29.9645,2.55
1042,0.5,30.019,2.55
1042,0.6,30.0861,2.55
1042,0.7,30.1659,2.55
1042,0.8,30.2585,2.5499
1042,0.9,30.3644,2.5497
1042,1,30.4838,2.5492
1042,1.1,30.617,2.5477
1042,1.2,30.7643,2.5441
1042,1.3,30.9261,2.5359
1042,1.4,31.1027,2.5189
1042,1.5,31.2943,2.4864
1042,1.6,31.5014,2.429
1042,1.7,31.7244,2.3352
1042,1.8,31.964,2.1922
1042,1.9,32.2211,1.9871
1042,2,32.497,1.7068
1043,0,29.8721,2.55
1043,0.1,29.8781,2.55
1043,0.2,29.8962,2.55
1043,0.3,29.9263,2.55
1043,0.4,29.9686,2.55
1043,0.5,30.0232,2.55
1043,0.6,30.0903,2.55
1043,0.7,30.1701,2.55
1043,0.8,30.2629,2.5499
1043,0.9,30.3688,2.5497
1043,1,30.4883,2.5492
1043,1.1,30.6215,2.5477
1043,1.2,30.7689,2.5441
1043,1.3,30.9308,2.5358
1043,1.4,31.1074,2.5188
1043,1.5,31.2992,2.4862
1043,1.6,31.5064,2.4288
1043,1.7,31.7295,2.335
1043,1.8,31.9693,2.1919
1043,1.9,32.2266,1.9868
1043,2,32.5029,1.7064
1044,0,29.8762,2.55
1044,0.1,29.8822,2.55
1044,0.2,29.9002,2.55
1044,0.3,29.9304,2.55
1044,0.4,29.9727,2.55
1044,0.5,30.0274,2.55
1044,0.6,30.0945,2.55
1044,0.7,30.1744,2.55
1044,0.8,30.2672,2.5499
1044,0.9,30.3732,2.5497
1044,1,30.4927,2.5492
1044,1.1,30.6261,2.5477
1044,1.2,30.7736,2.544
1044,1.3,30.9355,2.5358
1044,1.4,31.1122,2.5187
1044,1.5,31.304,2.4861
1044,1.6,31.5114,2.4286
1044,1.7,31.7346,2.3347
1044,1.8,31.9746,2.1916
1044,1.9,32.2322,1.9864
1044,2,32.5089,1.7061
1045,0,29.8802,2.55
1045,0.1,29.8863,2.55
1045,0.2,29.9043,2.55
1045,0.3,29.9345,2.55
1045,0.4,29.9768,2.55
1045,0.5,30.0315,2.55
1045,0.6,30.0987,2.55
1045,0.7,30.1787,2.55
1045,0.8,30.2715,2.5499
1045,0.9,30.3776,2.5497
1045,1,30.4972,2.5492
1045,1.1,30.6306,2.5477
1045,1.2,30.7782,2.544
1045,1.3,30.9402,2.5358
1045,1.4,31.117,2.5186
1045,1.5,31.3089,2.486
1045,1.6,31.5163,2.4284
1045,1.7,31.7398,2.3345
1045,1.8,31.9799,2.1913
1045,1.9,32.2378,1.9861
1045,2,32.5148,1.7058
1046,0,29.8843,2.55
1046,0.1,29.8903,2.55
1046,0.2,29.9084,2.55
1046,0.3,29.9386,2.55
1046,0.4,29.981,2.55
1046,0.5,30.0357,2.55
1046,0.6,30.103,2.55
1046,0.7,30.1829,2.55
1046,0.8,30.2758,2.5499
1046,0.9,30.382,2.5497
1046,1,30.5017,2.5492
1046,1.1,30.6352,2.5477
1046,1.2,30.7828,2.544
1046,1.3,30.9449,2.5357
1046,1.4,31.1218,2.5186
1046,1.5,31.3138,2.4858
1046,1.6,31.5213,2.4283
1046,1.7,31.7449,2.3342
1046,1.8,31.9852,2.191
1046,1.9,32.2434,1.9858
1046,2,32.5208,1.7055
1047,0,29.8884,2.55
1047,0.1,29.8944,2.55
1047,0.2,29.9125,2.55
1047,0.3,29.9427,2.55
1047,0.4,29.9851,2.55
1047,0.5,30.0399,2.55
1047,0.6,30.1072,2.55
1047,0.7,30.1872,2.55
1047,0.8,30.2802,2.5499
1047,0.9,30.3864,2.5497
1047,1,30.5061,2.5492
1047,1.1,30.6397,2.5477
1047,1.2,30.7874,2.544
1047,1.3,30.9496,2.5357
1047,1.4,31.1265,2.5185
1047,1.5,31.3186,2.4857
1047,1.6,31.5263,2.4281
1047,1.7,31.75,2.334
1047,1.8,31.9906,2.1907
1047,1.9,32.249,1.9854
1047,2,32.5268,1.7052
1048,0,29.8924,2.55
1048,0.1,29.8985,2.55
1048,0.2,29.9166,2.55
1048,0.3,29.9468,2.55
1048,0.4,29.9892,2.55
1048,0.5,30.0441,2.55
1048,0.6,30.1114,2.55
1048,0.7,30.1915,2.55
1048,0.8,30.2845,2.5499
1048,0.9,30.3908,2.5497
1048,1,30.5106,2.5492
1048,1.1,30.6443,2.5476
1048,1.2,30.792,2.5439
1048,1.3,30.9543,2.5356
1048,1.4,31.1313,2.5184
1048,1.5,31.3235,2.4856
1048,1.6,31.5313,2.4279
1048,1.7,31.7552,2.3337
1048,1.8,31.9959,2.1904
1048,1.9,32.2547,1.9851
1048,2,32.5328,1.7048
1049,0,29.8965,2.55
1049,0.1,29.9025,2.55
1049,0.2,29.9207,2.55
1049,0.3,29.9509,2.55
1049,0.4,29.9934,2.55
1049,0.5,30.0482,2.55
1049,0.6,30.1156,2.55
1049,0.7,30.1958,2.55
1049,0.8,30.2889,2.5499
1049,0.9,30.3952,2.5497
1049,1,30.5151,2.5491
1049,1.1,30.6488,2.5476
1049,1.2,30.7967,2.5439
1049,1.3,30.959,2.5356
1049,1.4,31.1361,2.5183
1049,1.5,31.3284,2.4854
1049,1.6,31.5363,2.4277
1049,1.7,31.7603,2.3334
1049,1.8,32.0013,2.1901
1049,1.9,32.2603,1.9848
1049,2,32.5389,1.7045
1050,0,29.9006,2.55
1050,0.1,29.9066,2.55
1050,0.2,29.9247,2.55
1050,0.3,29.955,2.55
1050,0.4,29.9975,2.55
1050,0.5,30.0524,2.55
1050,0.6,30.1198,2.55
1050,0.7,30.2,2.55
1050,0.8,30.2932,2.5499
1050,0.9,30.3996,2.5497
1050,1,30.5196,2.5491
1050,1.1,30.6534,2.5476
1050,1.2,30.8013,2.5439
1050,1.3,30.9637,2.5355
1050,1.4,31.1409,2.5182
1050,1.5,31.3333,2.4853
1050,1.6,31.5413,2.4275
1050,1.7,31.7655,2.3332
1050,1.8,32.0067,2.1897
1050,1.9,32.266,1.9845
1050,2,32.5449,1.7042
1051,0,29.9047,2.55
1051,0.1,29.9107,2.55
1051,0.2,29.9288,2.55
1051,0.3,29.9591,2.55
1051,0.4,30.0017,2.55
1051,0.5,30.0566,2.55
1051,0.6,30.1241,2.55
1051,0.7,30.2043,2.55
1051,0.8,30.2975,2.5499
1051,0.9,30.404,2.5497
1051,1,30.524,2.5491
1051,1.1,30.6579,2.5476
1051,1.2,30.8059,2.5439
1051,1.3,30.9684,2.5355
1051,1.4,31.1457,2.5181
1051,1.5,31.3382,2.4852
1051,1.6,31.5463,2.4273
1051,1.7,31.7707,2.3329
1051,1.8,32.0121,2.1894
1051,1.9,32.2717,1.9841
1051,2,32.551,1.7039
1052,0,29.9087,2.55
1052,0.1,29.9148,2.55
1052,0.2,29.9329,2.55
1052,0.3,29.9632,2.55
1052,0.4,30.0058,2.55
1052,0.5,30.0608,2.55
1052,0.6,30.1283,2.55
1052,0.7,30.2086,2.55
1052,0.8,30.3019,2.5499
1052,0.9,30.4084,2.5497
1052,1,30.5285,2.5491
1052,1.1,30.6625,2.5476
1052,1.2,30.8105,2.5438
1052,1.3,30.9731,2.5354
1052,1.4,31.1505,2.5181
1052,1.5,31.3431,2.485
1052,1.6,31.5513,2.4271
1052,1.7,31.7759,2.3327
1052,1.8,32.0175,2.1891
1052,1.9,32.2774,1.9838
1052,2,32.5571,1.7036
1053,0,29.9128,2.55
1053,0.1,29.9189,2.55
1053,0.2,29.937,2.55
1053,0.3,29.9674,2.55
1053,0.4,30.01,2.55
1053,0.5,30.065,2.55
1053,0.6,30.1325,2.55
1053,0.7,30.2129,2.55
1053,0.8,30.3062,2.5499
1053,0.9,30.4128,2.5497
1053,1,30.533,2.5491
1053,1.1,30.667,2.5476
1053,1.2,30.8152,2.5438
1053,1.3,30.9778,2.5354
1053,1.4,31.1553,2.518
1053,1.5,31.348,2.4849
1053,1.6,31.5564,2.4269
1053,1.7,31.7811,2.3324
1053,1.8,32.023,2.1888
1053,1.9,32.2832,1.9835
1053,2,32.5632,1.7032
1054,0,29.9169,2.55
1054,0.1,29.923,2.55
1054,0.2,29.9411,2.55
1054,0.3,29.9715,2.55
1054,0.4,30.0141,2.55
1054,0.5,30.0692,2.55
1054,0.6,30.1368,2.55
1054,0.7,30.2172,2.55
1054,0.8,30.3106,2.5499
1054,0.9,30.4173,2.5497
1054,1,30.5375,2.5491
1054,1.1,30.6716,2.5476
1054,1.2,30.8198,2.5438
1054,1.3,30.9825,2.5353
1054,1.4,31.1601,2.5179
1054,1.5,31.3529,2.4848
1054,1.6,31.5614,2.4267
1054,1.7,31.7863,2.3322
1054,1.8,32.0284,2.1885
1054,1.9,32.2889,1.9831
1054,2,32.5693,1.7029
1055,0,29.921,2.55
1055,0.1,29.9271,2.55
1055,0.2,29.9452,2.55
1055,0.3,29.9756,2.55
1055,0.4,30.0183,2.55
1055,0.5,30.0734,2.55
1055,0.6,30.141,2.55
1055,0.7,30.2215,2.55
1055,0.8,30.3149,2.5499
1055,0.9,30.4217,2.5497
1055,1,30.542,2.5491
1055,1.1,30.6761,2.5476
1055,1.2,30.8244,2.5438
1055,1.3,30.9872,2.5353
1055,1.4,31.1649,2.5178
1055,1.5,31.3578,2.4846
1055,1.6,31.5665,2.4265
1055,1.7,31.7915,2.3319
1055,1.8,32.0339,2.1882
1055,1.9,32.2947,1.9828
1055,2,32.5754,1.7026
1056,0,29.9251,2.55
1056,0.1,29.9312,2.55
1056,0.2,29.9494,2.55
1056,0.3,29.9797,2.55
1056,0.4,30.0224,2.55
1056,0.5,30.0776,2.55
1056,0.6,30.1453,2.55
1056,0.7,30.2258,2.55
1056,0.8,30.3193,2.5499
1056,0.9,30.4261,2.5497
1056,1,30.5465,2.5491
1056,1.1,30.6807,2.5476
1056,1.2,30.8291,2.5437
1056,1.3,30.992,2.5352
1056,1.4,31.1697,2.5177
1056,1.5,31.3627,2.4845
1056,1.6,31.5715,2.4263
1056,1.7,31.7968,2.3316
1056,1.8,32.0393,2.1879
1056,1.9,32.3004,1.9825
1056,2,32.5815,1.7023
1057,0,29.9292,2.55
1057,0.1,29.9352,2.55
1057,0.2,29.9535,2.55
1057,0.3,29.9839,2.55
1057,0.4,30.0266,2.55
1057,0.5,30.0818,2.55
1057,0.6,30.1495,2.55
1057,0.7,30.2301,2.55
1057,0.8,30.3236,2.5499
1057,0.9,30.4305,2.5497
1057,1,30.551,2.5491
1057,1.1,30.6852,2.5475
1057,1.2,30.8337,2.5437
1057,1.3,30.9967,2.5352
1057,1.4,31.1745,2.5176
1057,1.5,31.3676,2.4844
1057,1.6,31.5766,2.4261
1057,1.7,31.802,2.3314
1057,1.8,32.0448,2.1876
1057,1.9,32.3062,1.9821
1057,2,32.5877,1.702
1058,0,29.9333,2.55
1058,0.1,29.9393,2.55
1058,0.2,29.9576,2.55
1058,0.3,29.988,2.55
1058,0.4,30.0308,2.55
1058,0.5,30.086,2.55
1058,0.6,30.1538,2.55
1058,0.7,30.2344,2.55
1058,0.8,30.328,2.5499
1058,0.9,30.4349,2.5497
1058,1,30.5554,2.5491
1058,1.1,30.6898,2.5475
1058,1.2,30.8383,2.5437
1058,1.3,31.0014,2.5351
1058,1.4,31.1793,2.5175
1058,1.5,31.3726,2.4842
1058,1.6,31.5817,2.4259
1058,1.7,31.8073,2.3311
1058,1.8,32.0503,2.1873
1058,1.9,32.312,1.9818
1058,2,32.5939,1.7017
1059,0,29.9374,2.55
1059,0.1,29.9435,2.55
1059,0.2,29.9617,2.55
1059,0.3,29.9922,2.55
1059,0.4,30.0349,2.55
1059,0.5,30.0902,2.55
1059,0.6,30.158,2.55
1059,0.7,30.2387,2.55
1059,0.8,30.3324,2.5499
1059,0.9,30.4394,2.5497
1059,1,30.5599,2.5491
1059,1.1,30.6944,2.5475
1059,1.2,30.843,2.5437
1059,1.3,31.0061,2.5351
1059,1.4,31.1842,2.5175
1059,1.5,31.3775,2.4841
1059,1.6,31.5867,2.4257
1059,1.7,31.8125,2.3309
1059,1.8,32.0558,2.187
1059,1.9,32.3178,1.9815
1059,2,32.6,1.7013
1060,0,29.9415,2.55
1060,0.1,29.9476,2.55
1060,0.2,29.9658,2.55
1060,0.3,29.9963,2.55
1060,0.4,30.0391,2.55
1060,0.5,30.0944,2.55
1060,0.6,30.1623,2.55
1060,0.7,30.243,2.55
1060,0.8,30.3367,2.5499
1060,0.9,30.4438,2.5497
1060,1,30.5644,2.5491
1060,1.1,30.6989,2.5475
1060,1.2,30.8476,2.5436
1060,1.3,31.0109,2.535
1060,1.4,31.189,2.5174
1060,1.5,31.3825,2.484
1060,1.6,31.5918,2.4255
1060,1.7,31.8178,2.3306
1060,1.8,32.0614,2.1867
1060,1.9,32.3237,1.9811
1060,2,32.6062,1.701
1061,0,29.9456,2.55
1061,0.1,29.9517,2.55
1061,0.2,29.9699,2.55
1061,0.3,30.0004,2.55
1061,0.4,30.0433,2.55
1061,0.5,30.0986,2.55
1061,0.6,30.1665,2.55
1061,0.7,30.2473,2.55
1061,0.8,30.3411,2.5499
1061,0.9,30.4482,2.5497
1061,1,30.5689,2.5491
1061,1.1,30.7035,2.5475
1061,1.2,30.8523,2.5436
1061,1.3,31.0156,2.535
1061,1.4,31.1938,2.5173
1061,1.5,31.3874,2.4838
1061,1.6,31.5969,2.4253
1061,1.7,31.8231,2.3304
1061,1.8,32.0669,2.1864
1061,1.9,32.3295,1.9808
1061,2,32.6124,1.7007
1062,0,29.9497,2.55
1062,0.1,29.9558,2.55
1062,0.2,29.9741,2.55
1062,0.3,30.0046,2.55
1062,0.4,30.0475,2.55
1062,0.5,30.1028,2.55
1062,0.6,30.1708,2.55
1062,0.7,30.2516,2.55
1062,0.8,30.3455,2.5499
1062,0.9,30.4527,2.5497
1062,1,30.5734,2.5491
1062,1.1,30.7081,2.5475
1062,1.2,30.8569,2.5436
1062,1.3,31.0203,2.5349
1062,1.4,31.1987,2.5172
1062,1.5,31.3924,2.4837
1062,1.6,31.6021,2.4251
1062,1.7,31.8284,2.3301
1062,1.8,32.0725,2.1861
1062,1.9,32.3354,1.9805
1062,2,32.6187,1.7004
1063,0,29.9538,2.55
1063,0.1,29.9599,2.55
1063,0.2,29.9782,2.55
1063,0.3,30.0087,2.55
1063,0.4,30.0516,2.55
1063,0.5,30.107,2.55
1063,0.6,30.175,2.55
1063,0.7,30.2559,2.55
1063,0.8,30.3498,2.5499
1063,0.9,30.4571,2.5497
1063,1,30.5779,2.5491
1063,1.1,30.7127,2.5475
1063,1.2,30.8616,2.5436
1063,1.3,31.0251,2.5349
1063,1.4,31.2035,2.5171
1063,1.5,31.3973,2.4836
1063,1.6,31.6072,2.4249
1063,1.7,31.8338,2.3298
1063,1.8,32.078,2.1858
1063,1.9,32.3412,1.9802
1063,2,32.6249,1.7001
1064,0,29.9579,2.55
1064,0.1,29.964,2.55
1064,0.2,29.9823,2.55
1064,0.3,30.0129,2.55
1064,0.4,30.0558,2.55
1064,0.5,30.1112,2.55
1064,0.6,30.1793,2.55
1064,0.7,30.2602,2.55
1064,0.8,30.3542,2.5499
1064,0.9,30.4615,2.5497
1064,1,30.5824,2.5491
1064,1.1,30.7172,2.5475
1064,1.2,30.8662,2.5435
1064,1.3,31.0298,2.5348
1064,1.4,31.2083,2.517
1064,1.5,31.4023,2.4834
1064,1.6,31.6123,2.4247
1064,1.7,31.8391,2.3296
1064,1.8,32.0836,2.1855
1064,1.9,32.3471,1.9798
1064,2,32.6311,1.6998
1065,0,29.962,2.55
1065,0.1,29.9681,2.55
1065,0.2,29.9865,2.55
1065,0.3,30.017,2.55
1065,0.4,30.06,2.55
1065,0.5,30.1155,2.55
1065,0.6,30.1836,2.55
1065,0.7,30.2645,2.55
1065,0.8,30.3586,2.5499
1065,0.9,30.466,2.5497
1065,1,30.5869,2.5491
1065,1.1,30.7218,2.5474
1065,1.2,30.8709,2.5435
1065,1.3,31.0346,2.5348
1065,1.4,31.2132,2.517
1065,1.5,31.4073,2.4833
1065,1.6,31.6174,2.4245
1065,1.7,31.8444,2.3293
1065,1.8,32.0892,2.1852
1065,1.9,32.353,1.9795
1065,2,32.6374,1.6994
1066,0,29.9662,2.55
1066,0.1,29.9723,2.55
1066,0.2,29.9906,2.55
1066,0.3,30.0212,2.55
1066,0.4,30.0642,2.55
1066,0.5,30.1197,2.55
1066,0.6,30.1878,2.55
1066,0.7,30.2689,2.55
1066,0.8,30.363,2.5499
1066,0.9,30.4704,2.5497
1066,1,30.5914,2.5491
1066,1.1,30.7264,2.5474
1066,1.2,30.8756,2.5435
1066,1.3,31.0393,2.5348
1066,1.4,31.2181,2.5169
1066,1.5,31.4123,2.4832
1066,1.6,31.6226,2.4244
1066,1.7,31.8498,2.3291
1066,1.8,32.0948,2.1848
1066,1.9,32.3589,1.9792
1066,2,32.6437,1.6991
1067,0,29.9703,2.55
1067,0.1,29.9764,2.55
1067,0.2,29.9947,2.55
1067,0.3,30.0254,2.55
1067,0.4,30.0684,2.55
1067,0.5,30.1239,2.55
1067,0.6,30.1921,2.55
1067,0.7,30.2732,2.55
1067,0.8,30.3673,2.5499
1067,0.9,30.4748,2.5497
1067,1,30.5959,2.5491
1067,1.1,30.731,2.5474
1067,1.2,30.8802,2.5435
1067,1.3,31.0441,2.5347
1067,1.4,31.2229,2.5168
1067,1.5,31.4173,2.483
1067,1.6,31.6277,2.4242
1067,1.7,31.8551,2.3288
1067,1.8,32.1004,2.1845
1067,1.9,32.3648,1.9788
1067,2,32.6499,1.6988
1068,0,29.9744,2.55
1068,0.1,29.9805,2.55
1068,0.2,29.9989,2.55
1068,0.3,30.0295,2.55
1068,0.4,30.0726,2.55
1068,0.5,30.1281,2.55
1068,0.6,30.1964,2.55
1068,0.7,30.2775,2.55
1068,0.8,30.3717,2.5499
1068,0.9,30.4793,2.5497
1068,1,30.6005,2.5491
1068,1.1,30.7356,2.5474
1068,1.2,30.8849,2.5434
1068,1.3,31.0488,2.5347
1068,1.4,31.2278,2.5167
1068,1.5,31.4223,2.4829
1068,1.6,31.6329,2.424
1068,1.7,31.8605,2.3286
1068,1.8,32.106,2.1842
1068,1.9,32.3708,1.9785
1068,2,32.6562,1.6985
1069,0,29.9785,2.55
1069,0.1,29.9847,2.55
1069,0.2,30.003,2.55
1069,0.3,30.0337,2.55
1069,0.4,30.0768,2.55
1069,0.5,30.1324,2.55
1069,0.6,30.2007,2.55
1069,0.7,30.2818,2.55
1069,0.8,30.3761,2.5499
1069,0.9,30.4837,2.5497
1069,1,30.605,2.549
1069,1.1,30.7401,2.5474
1069,1.2,30.8896,2.5434
1069,1.3,31.0536,2.5346
1069,1.4,31.2327,2.5166
1069,1.5,31.4273,2.4828
1069,1.6,31.6381,2.4238
1069,1.7,31.8659,2.3283
1069,1.8,32.1117,2.1839
1069,1.9,32.3767,1.9782
1069,2,32.6625,1.6982
1070,0,29.9827,2.55
1070,0.1,29.9888,2.55
1070,0.2,30.0072,2.55
1070,0.3,30.0379,2.55
1070,0.4,30.081,2.55
1070,0.5,30.1366,2.55
1070,0.6,30.2049,2.55
1070,0.7,30.2862,2.55
1070,0.8,30.3805,2.5499
1070,0.9,30.4882,2.5497
1070,1,30.6095,2.549
1070,1.1,30.7447,2.5474
1070,1.2,30.8942,2.5434
1070,1.3,31.0584,2.5346
1070,1.4,31.2375,2.5165
1070,1.5,31.4323,2.4826
1070,1.6,31.6433,2.4236
1070,1.7,31.8713,2.3281
1070,1.8,32.1173,2.1836
1070,1.9,32.3827,1.9779
1070,2,32.6689,1.6979
1071,0,29.9868,2.55
1071,0.1,29.9929,2.55
1071,0.2,30.0113,2.55
1071,0.3,30.042,2.55
1071,0.4,30.0852,2.55
1071,0.5,30.1408,2.55
1071,0.6,30.2092,2.55
1071,0.7,30.2905,2.55
1071,0.8,30.3849,2.5499
1071,0.9,30.4926,2.5497
1071,1,30.614,2.549
1071,1.1,30.7493,2.5474
1071,1.2,30.8989,2.5434
1071,1.3,31.0631,2.5345
1071,1.4,31.2424,2.5164
1071,1.5,31.4373,2.4825
1071,1.6,31.6485,2.4234
1071,1.7,31.8767,2.3278
1071,1.8,32.123,2.1833
1071,1.9,32.3886,1.9775
1071,2,32.6752,1.6975
1072,0,29.9909,2.55
1072,0.1,29.9971,2.55
1072,0.2,30.0155,2.55
1072,0.3,30.0462,2.55
1072,0.4,30.0894,2.55
1072,0.5,30.1451,2.55
1072,0.6,30.2135,2.55
1072,0.7,30.2948,2.55
1072,0.8,30.3893,2.5499
1072,0.9,30.4971,2.5497
1072,1,30.6185,2.549
1072,1.1,30.7539,2.5474
1072,1.2,30.9036,2.5433
1072,1.3,31.0679,2.5345
1072,1.4,31.2473,2.5164
1072,1.5,31.4423,2.4823
1072,1.6,31.6537,2.4232
1072,1.7,31.8821,2.3275
1072,1.8,32.1286,2.183
1072,1.9,32.3946,1.9772
1072,2,32.6815,1.6972
1073,0,29.9951,2.55
1073,0.1,30.0012,2.55
1073,0.2,30.0196,2.55
1073,0.3,30.0504,2.55
1073,0.4,30.0936,2.55
1073,0.5,30.1493,2.55
1073,0.6,30.2178,2.55
1073,0.7,30.2992,2.55
1073,0.8,30.3937,2.5499
1073,0.9,30.5015,2.5497
1073,1,30.623,2.549
1073,1.1,30.7585,2.5473
1073,1.2,30.9083,2.5433
1073,1.3,31.0727,2.5344
1073,1.4,31.2522,2.5163
1073,1.5,31.4474,2.4822
1073,1.6,31.6589,2.423
1073,1.7,31.8875,2.3273
1073,1.8,32.1343,2.1827
1073,1.9,32.4006,1.9769
1073,2,32.6879,1.6969
1074,0,29.9992,2.55
1074,0.1,30.0054,2.55
1074,0.2,30.0238,2.55
1074,0.3,30.0546,2.55
1074,0.4,30.0978,2.55
1074,0.5,30.1536,2.55
1074,0.6,30.2221,2.55
1074,0.7,30.3035,2.55
1074,0.8,30.398,2.5499
1074,0.9,30.506,2.5497
1074,1,30.6276,2.549
1074,1.1,30.7631,2.5473
1074,1.2,30.913,2.5433
1074,1.3,31.0775,2.5344
1074,1.4,31.2571,2.5162
1074,1.5,31.4524,2.4821
1074,1.6,31.6641,2.4228
1074,1.7,31.8929,2.327
1074,1.8,32.14,2.1824
1074,1.9,32.4066,1.9766
1074,2,32.6942,1.6966
1075,0,30.0034,2.55
1075,0.1,30.0095,2.55
1075,0.2,30.0279,2.55
1075,0.3,30.0587,2.55
1075,0.4,30.102,2.55
1075,0.5,30.1578,2.55
1075,0.6,30.2264,2.55
1075,0.7,30.3078,2.55
1075,0.8,30.4024,2.5499
1075,0.9,30.5104,2.5497
1075,1,30.6321,2.549
1075,1.1,30.7677,2.5473
1075,1.2,30.9176,2.5433
1075,1.3,31.0823,2.5343
1075,1.4,31.262,2.5161
1075,1.5,31.4575,2.4819
1075,1.6,31.6693,2.4226
1075,1.7,31.8984,2.3268
1075,1.8,32.1457,2.1821
1075,1.9,32.4126,1.9762
1075,2,32.7006,1.6963
1076,0,30.0075,2.55
1076,0.1,30.0137,2.55
1076,0.2,30.0321,2.55
1076,0.3,30.0629,2.55
1076,0.4,30.1062,2.55
1076,0.5,30.1621,2.55
1076,0.6,30.2307,2.55
1076,0.7,30.3122,2.55
1076,0.8,30.4068,2.5499
1076,0.9,30.5149,2.5497
1076,1,30.6366,2.549
1076,1.1,30.7723,2.5473
1076,1.2,30.9223,2.5432
1076,1.3,31.0871,2.5343
1076,1.4,31.2669,2.516
1076,1.5,31.4625,2.4818
1076,1.6,31.6745,2.4224
1076,1.7,31.9038,2.3265
1076,1.8,32.1514,2.1818
1076,1.9,32.4186,1.9759
1076,2,32.707,1.696
1077,0,30.0117,2.55
1077,0.1,30.0178,2.55
1077,0.2,30.0363,2.55
1077,0.3,30.0671,2.55
1077,0.4,30.1104,2.55
1077,0.5,30.1663,2.55
1077,0.6,30.2349,2.55
1077,0.7,30.3165,2.55
1077,0.8,30.4112,2.5499
1077,0.9,30.5194,2.5497
1077,1,30.6412,2.549
1077,1.1,30.7769,2.5473
1077,1.2,30.927,2.5432
1077,1.3,31.0919,2.5342
1077,1.4,31.2719,2.5159
1077,1.5,31.4676,2.4817
1077,1.6,31.6798,2.4222
1077,1.7,31.9093,2.3263
1077,1.8,32.1572,2.1815
1077,1.9,32.4247,1.9756
1077,2,32.7134,1.6957
1078,0,30.0158,2.55
1078,0.1,30.022,2.55
1078,0.2,30.0405,2.55
1078,0.3,30.0713,2.55
1078,0.4,30.1146,2.55
1078,0.5,30.1706,2.55
1078,0.6,30.2392,2.55
1078,0.7,30.3209,2.55
1078,0.8,30.4156,2.5499
1078,0.9,30.5238,2.5497
1078,1,30.6457,2.549
1078,1.1,30.7815,2.5473
1078,1.2,30.9317,2.5432
1078,1.3,31.0967,2.5342
1078,1.4,31.2768,2.5158
1078,1.5,31.4727,2.4815
1078,1.6,31.685,2.422
1078,1.7,31.9148,2.326
1078,1.8,32.1629,2.1812
1078,1.9,32.4307,1.9753
1078,2,32.7198,1.6953
1079,0,30.02,2.55
1079,0.1,30.0261,2.55
1079,0.2,30.0446,2.55
1079,0.3,30.0755,2.55
1079,0.4,30.1189,2.55
1079,0.5,30.1748,2.55
1079,0.6,30.2435,2.55
1079,0.7,30.3252,2.55
1079,0.8,30.42,2.5499
1079,0.9,30.5283,2.5497
1079,1,30.6502,2.549
1079,1.1,30.7862,2.5473
1079,1.2,30.9364,2.5432
1079,1.3,31.1015,2.5341
1079,1.4,31.2817,2.5158
1079,1.5,31.4778,2.4814
1079,1.6,31.6903,2.4218
1079,1.7,31.9202,2.3258
1079,1.8,32.1686,2.1809
1079,1.9,32.4368,1.9749
1079,2,32.7262,1.695
1080,0,30.0241,2.55
1080,0.1,30.0303,2.55
1080,0.2,30.0488,2.55
1080,0.3,30.0797,2.55
1080,0.4,30.1231,2.55
1080,0.5,30.1791,2.55
1080,0.6,30.2478,2.55
1080,0.7,30.3296,2.55
1080,0.8,30.4245,2.5499
1080,0.9,30.5328,2.5497
1080,1,30.6548,2.549
1080,1.1,30.7908,2.5473
1080,1.2,30.9411,2.5431
1080,1.3,31.1063,2.5341
1080,1.4,31.2866,2.5157
1080,1.5,31.4828,2.4813
1080,1.6,31.6956,2.4216
1080,1.7,31.9257,2.3255
1080,1.8,32.1744,2.1806
1080,1.9,32.4429,1.9746
1080,2,32.7326,1.6947
1081,0,30.0283,2.55
1081,0.1,30.0345,2.55
1081,0.2,30.053,2.55
1081,0.3,30.0839,2.55
1081,0.4,30.1273,2.55
1081,0.5,30.1833,2.55
1081,0.6,30.2522,2.55
1081,0.7,30.3339,2.55
1081,0.8,30.4289,2.5499
1081,0.9,30.5372,2.5497
1081,1,30.6593,2.549
1081,1.1,30.7954,2.5472
1081,1.2,30.9459,2.5431
1081,1.3,31.1111,2.534
1081,1.4,31.2916,2.5156
1081,1.5,31.4879,2.4811
1081,1.6,31.7009,2.4214
1081,1.7,31.9312,2.3252
1081,1.8,32.1802,2.1803
1081,1.9,32.4489,1.9743
1081,2,32.7389,1.6944
1082,0,30.0325,2.55
1082,0.1,30.0386,2.55
1082,0.2,30.0572,2.55
1082,0.3,30.0881,2.55
1082,0.4,30.1315,2.55
1082,0.5,30.1876,2.55
1082,0.6,30.2565,2.55
1082,0.7,30.3383,2.55
1082,0.8,30.4333,2.5499
1082,0.9,30.5417,2.5497
1082,1,30.6639,2.549
1082,1.1,30.8,2.5472
1082,1.2,30.9506,2.5431
1082,1.3,31.1159,2.534
1082,1.4,31.2965,2.5155
1082,1.5,31.493,2.481
1082,1.6,31.7061,2.4212
1082,1.7,31.9368,2.325
1082,1.8,32.1859,2.18
1082,1.9,32.455,1.974
1082,2,32.7452,1.6941
1083,0,30.0366,2.55
1083,0.1,30.0428,2.55
1083,0.2,30.0613,2.55
1083,0.3,30.0923,2.55
1083,0.4,30.1358,2.55
1083,0.5,30.1919,2.55
1083,0.6,30.2608,2.55
1083,0.7,30.3426,2.55
1083,0.8,30.4377,2.5499
1083,0.9,30.5462,2.5496
1083,1,30.6684,2.549
1083,1.1,30.8047,2.5472
1083,1.2,30.9553,2.5431
1083,1.3,31.1207,2.5339
1083,1.4,31.3015,2.5154
1083,1.5,31.4981,2.4809
1083,1.6,31.7114,2.421
1083,1.7,31.9423,2.3247
1083,1.8,32.1917,2.1797
1083,1.9,32.4611,1.9736
1083,2,32.7513,1.6938
1084,0,30.0408,2.55
1084,0.1,30.047,2.55
1084,0.2,30.0655,2.55
1084,0.3,30.0965,2.55
1084,0.4,30.14,2.55
1084,0.5,30.1961,2.55
1084,0.6,30.2651,2.55
1084,0.7,30.347,2.55
1084,0.8,30.4421,2.5499
1084,0.9,30.5507,2.5496
1084,1,30.673,2.549
1084,1.1,30.8093,2.5472
1084,1.2,30.96,2.543
1084,1.3,31.1256,2.5339
1084,1.4,31.3065,2.5153
1084,1.5,31.5033,2.4807
1084,1.6,31.7167,2.4208
1084,1.7,31.9478,2.3245
1084,1.8,32.1975,2.1794
1084,1.9,32.4671,1.9733
1084,2,32.7574,1.6935
1085,0,30.045,2.55
1085,0.1,30.0512,2.55
1085,0.2,30.0697,2.55
1085,0.3,30.1007,2.55
1085,0.4,30.1442,2.55
1085,0.5,30.2004,2.55
1085,0.6,30.2694,2.55
1085,0.7,30.3514,2.55
1085,0.8,30.4465,2.5499
1085,0.9,30.5552,2.5496
1085,1,30.6775,2.549
1085,1.1,30.8139,2.5472
1085,1.2,30.9647,2.543
1085,1.3,31.1304,2.5338
1085,1.4,31.3114,2.5152
1085,1.5,31.5084,2.4806
1085,1.6,31.7221,2.4206
1085,1.7,31.9533,2.3242
1085,1.8,32.2033,2.1791
1085,1.9,32.4731,1.973
1085,2,32.7635,1.6932
1086,0,30.0492,2.55
1086,0.1,30.0553,2.55
1086,0.2,30.0739,2.55
1086,0.3,30.1049,2.55
1086,0.4,30.1485,2.55
1086,0.5,30.2047,2.55
1086,0.6,30.2737,2.55
1086,0.7,30.3557,2.55
1086,0.8,30.451,2.5499
1086,0.9,30.5596,2.5496
1086,1,30.6821,2.549
1086,1.1,30.8186,2.5472
1086,1.2,30.9695,2.543
1086,1.3,31.1353,2.5338
1086,1.4,31.3164,2.5152
1086,1.5,31.5135,2.4804
1086,1.6,31.7274,2.4205
1086,1.7,31.9589,2.324
1086,1.8,32.2091,2.1788
1086,1.9,32.4791,1.9727
1086,2,32.7696,1.6928
1087,0,30.0533,2.55
1087,0.1,30.0595,2.55
1087,0.2,30.0781,2.55
1087,0.3,30.1091,2.55
1087,0.4,30.1527,2.55
1087,0.5,30.209,2.55
1087,0.6,30.278,2.55
1087,0.7,30.3601,2.55
1087,0.8,30.4554,2.5499
1087,0.9,30.5641,2.5496
1087,1,30.6866,2.549
1087,1.1,30.8232,2.5472
1087,1.2,30.9742,2.543
1087,1.3,31.1401,2.5337
1087,1.4,31.3214,2.5151
1087,1.5,31.5187,2.4803
1087,1.6,31.7327,2.4203
1087,1.7,31.9644,2.3237
1087,1.8,32.2149,2.1785
1087,1.9,32.485,1.9723
1087,2,32.7756,1.6925
1088,0,30.0575,2.55
1088,0.1,30.0637,2.55
1088,0.2,30.0823,2.55
1088,0.3,30.1134,2.55
1088,0.4,30.157,2.55
1088,0.5,30.2133,2.55
1088,0.6,30.2824,2.55
1088,0.7,30.3645,2.55
1088,0.8,30.4598,2.5499
1088,0.9,30.5686,2.5496
1088,1,30.6912,2.5489
1088,1.1,30.8279,2.5472
1088,1.2,30.979,2.5429
1088,1.3,31.145,2.5337
1088,1.4,31.3264,2.515
1088,1.5,31.5238,2.4802
1088,1.6,31.738,2.4201
1088,1.7,31.97,2.3235
1088,1.8,32.2206,2.1782
1088,1.9,32.491,1.972
1088,2,32.7816,1.6922
1089,0,30.0617,2.55
1089,0.1,30.0679,2.55
1089,0.2,30.0865,2.55
1089,0.3,30.1176,2.55
1089,0.4,30.1612,2.55
1089,0.5,30.2175,2.55
1089,0.6,30.2867,2.55
1089,0.7,30.3688,2.55
1089,0.8,30.4642,2.5499
1089,0.9,30.5731,2.5496
1089,1,30.6958,2.5489
1089,1.1,30.8325,2.5471
1089,1.2,30.9837,2.5429
1089,1.3,31.1498,2.5336
1089,1.4,31.3314,2.5149
1089,1.5,31.529,2.48
1089,1.6,31.7434,2.4199
1089,1.7,31.9755,2.3232
1089,1.8,32.2264,2.1779
1089,1.9,32.4969,1.9717
1089,2,32.7876,1.6919
1090,0,30.0659,2.55
1090,0.1,30.0721,2.55
1090,0.2,30.0907,2.55
1090,0.3,30.1218,2.55
1090,0.4,30.1655,2.55
1090,0.5,30.2218,2.55
1090,0.6,30.291,2.55
1090,0.7,30.3732,2.55
1090,0.8,30.4687,2.5499
1090,0.9,30.5776,2.5496
1090,1,30.7003,2.5489
1090,1.1,30.8372,2.5471
1090,1.2,30.9885,2.5429
1090,1.3,31.1547,2.5336
1090,1.4,31.3364,2.5148
1090,1.5,31.5341,2.4799
1090,1.6,31.7487,2.4197
1090,1.7,31.9811,2.3229
1090,1.8,32.2322,2.1776
1090,1.9,32.5028,1.9714
1090,2,32.7935,1.6916
1091,0,30.0701,2.55
1091,0.1,30.0763,2.55
1091,0.2,30.0949,2.55
1091,0.3,30.126,2.55
1091,0.4,30.1697,2.55
1091,0.5,30.2261,2.55
1091,0.6,30.2953,2.55
1091,0.7,30.3776,2.55
1091,0.8,30.4731,2.5499
1091,0.9,30.5821,2.5496
1091,1,30.7049,2.5489
1091,1.1,30.8418,2.5471
1091,1.2,30.9932,2.5428
1091,1.3,31.1595,2.5335
1091,1.4,31.3414,2.5147
1091,1.5,31.5393,2.4798
1091,1.6,31.7541,2.4195
1091,1.7,31.9867,2.3227
1091,1.8,32.2379,2.1773
1091,1.9,32.5087,1.971
1091,2,32.7995,1.6913
1092,0,30.0743,2.55
1092,0.1,30.0805,2.55
1092,0.2,30.0991,2.55
1092,0.3,30.1303,2.55
1092,0.4,30.174,2.55
1092,0.5,30.2304,2.55
1092,0.6,30.2997,2.55
1092,0.7,30.382,2.55
1092,0.8,30.4775,2.5499
1092,0.9,30.5866,2.5496
1092,1,30.7095,2.5489
1092,1.1,30.8465,2.5471
1092,1.2,30.998,2.5428
1092,1.3,31.1644,2.5335
1092,1.4,31.3464,2.5146
1092,1.5,31.5445,2.4796
1092,1.6,31.7595,2.4193
1092,1.7,31.9922,2.3224
1092,1.8,32.2436,2.177
1092,1.9,32.5145,1.9707
1092,2,32.8054,1.691
1093,0,30.0785,2.55
1093,0.1,30.0847,2.55
1093,0.2,30.1033,2.55
1093,0.3,30.1345,2.55
1093,0.4,30.1782,2.55
1093,0.5,30.2347,2.55
1093,0.6,30.304,2.55
1093,0.7,30.3864,2.55
1093,0.8,30.482,2.5499
1093,0.9,30.5911,2.5496
1093,1,30.7141,2.5489
1093,1.1,30.8511,2.5471
1093,1.2,31.0027,2.5428
1093,1.3,31.1693,2.5334
1093,1.4,31.3514,2.5145
1093,1.5,31.5496,2.4795
1093,1.6,31.7648,2.4191
1093,1.7,31.9978,2.3222
1093,1.8,32.2494,2.1767
1093,1.9,32.5204,1.9704
1093,2,32.8113,1.6907
1094,0,30.0827,2.55
1094,0.1,30.0889,2.55
1094,0.2,30.1075,2.55
1094,0.3,30.1387,2.55
1094,0.4,30.1825,2.55
1094,0.5,30.239,2.55
1094,0.6,30.3083,2.55
1094,0.7,30.3907,2.55
1094,0.8,30.4864,2.5499
1094,0.9,30.5956,2.5496
1094,1,30.7186,2.5489
1094,1.1,30.8558,2.5471
1094,1.2,31.0075,2.5428
1094,1.3,31.1742,2.5334
1094,1.4,31.3564,2.5145
1094,1.5,31.5548,2.4794
1094,1.6,31.7702,2.4189
1094,1.7,32.0033,2.3219
1094,1.8,32.2551,2.1764
1094,1.9,32.5263,1.9701
1094,2,32.8172,1.6904
1095,0,30.0869,2.55
1095,0.1,30.0931,2.55
1095,0.2,30.1118,2.55
1095,0.3,30.143,2.55
1095,0.4,30.1868,2.55
1095,0.5,30.2433,2.55
1095,0.6,30.3127,2.55
1095,0.7,30.3951,2.55
1095,0.8,30.4909,2.5499
1095,0.9,30.6001,2.5496
1095,1,30.7232,2.5489
1095,1.1,30.8605,2.5471
1095,1.2,31.0123,2.5427
1095,1.3,31.1791,2.5333
1095,1.4,31.3614,2.5144
1095,1.5,31.56,2.4792
1095,1.6,31.7756,2.4187
1095,1.7,32.0089,2.3217
1095,1.8,32.2608,2.1761
1095,1.9,32.5321,1.9697
1095,2,32.823,1.6901
1096,0,30.0911,2.55
1096,0.1,30.0973,2.55
1096,0.2,30.116,2.55
1096,0.3,30.1472,2.55
1096,0.4,30.191,2.55
1096,0.5,30.2476,2.55
1096,0.6,30.317,2.55
1096,0.7,30.3995,2.55
1096,0.8,30.4953,2.5499
1096,0.9,30.6047,2.5496
1096,1,30.7278,2.5489
1096,1.1,30.8651,2.5471
1096,1.2,31.017,2.5427
1096,1.3,31.184,2.5333
1096,1.4,31.3665,2.5143
1096,1.5,31.5652,2.4791
1096,1.6,31.7809,2.4185
1096,1.7,32.0144,2.3214
1096,1.8,32.2665,2.1758
1096,1.9,32.5379,1.9694
1096,2,32.8289,1.6897
1097,0,30.0953,2.55
1097,0.1,30.1015,2.55
1097,0.2,30.1202,2.55
1097,0.3,30.1514,2.55
1097,0.4,30.1953,2.55
1097,0.5,30.2519,2.55
1097,0.6,30.3214,2.55
1097,0.7,30.4039,2.55
1097,0.8,30.4998,2.5499
1097,0.9,30.6092,2.5496
1097,1,30.7324,2.5489
1097,1.1,30.8698,2.547
1097,1.2,31.0218,2.5427
1097,1.3,31.1889,2.5332
1097,1.4,31.3715,2.5142
1097,1.5,31.5704,2.4789
1097,1.6,31.7863,2.4183
1097,1.7,32.02,2.3212
1097,1.8,32.2723,2.1755
1097,1.9,32.5437,1.9691
1097,2,32.8348,1.6894
1098,0,30.0995,2.55
1098,0.1,30.1057,2.55
1098,0.2,30.1244,2.55
1098,0.3,30.1557,2.55
1098,0.4,30.1996,2.55
1098,0.5,30.2562,2.55
1098,0.6,30.3257,2.55
1098,0.7,30.4083,2.55
1098,0.8,30.5042,2.5499
1098,0.9,30.6137,2.5496
1098,1,30.737,2.5489
1098,1.1,30.8745,2.547
1098,1.2,31.0266,2.5427
1098,1.3,31.1938,2.5332
1098,1.4,31.3766,2.5141
1098,1.5,31.5756,2.4788
1098,1.6,31.7917,2.4181
1098,1.7,32.0255,2.3209
1098,1.8,32.278,2.1752
1098,1.9,32.5495,1.9688
1098,2,32.8406,1.6891
1099,0,30.1037,2.55
1099,0.1,30.1099,2.55
1099,0.2,30.1287,2.55
1099,0.3,30.1599,2.55
1099,0.4,30.2038,2.55
1099,0.5,30.2605,2.55
1099,0.6,30.3301,2.55
1099,0.7,30.4127,2.55
1099,0.8,30.5087,2.5499
1099,0.9,30.6182,2.5496
1099,1,30.7416,2.5489
1099,1.1,30.8792,2.547
1099,1.2,31.0314,2.5426
1099,1.3,31.1987,2.5331
1099,1.4,31.3816,2.514
1099,1.5,31.5808,2.4787
1099,1.6,31.7971,2.4179
1099,1.7,32.0311,2.3207
1099,1.8,32.2836,2.1749
1099,1.9,32.5553,1.9685
1099,2,32.8464,1.6888
1100,0,30.1079,2.55
1100,0.1,30.1141,2.55
1100,0.2,30.1329,2.55
1100,0.3,30.1642,2.55
1100,0.4,30.2081,2.55
1100,0.5,30.2648,2.55
1100,0.6,30.3344,2.55
1100,0.7,30.4171,2.55
1100,0.8,30.5131,2.5499
1100,0.9,30.6227,2.5496
1100,1,30.7462,2.5489
1100,1.1,30.8839,2.547
1100,1.2,31.0362,2.5426
1100,1.3,31.2036,2.5331
1100,1.4,31.3867,2.5139
1100,1.5,31.586,2.4785
1100,1.6,31.8024,2.4177
1100,1.7,32.0366,2.3204
1100,1.8,32.2893,2.1746
1100,1.9,32.5611,1.9681
1100,2,32.8522,1.6885
1101,0,30.1121,2.55
1101,0.1,30.1184,2.55
1101,0.2,30.1371,2.55
1101,0.3,30.1684,2.55
1101,0.4,30.2124,2.55
1101,0.5,30.2691,2.55
1101,0.6,30.3388,2.55
1101,0.7,30.4215,2.55
1101,0.8,30.5176,2.5499
1101,0.9,30.6273,2.5496
1101,1,30.7508,2.5489
1101,1.1,30.8886,2.547
1101,1.2,31.041,2.5426
1101,1.3,31.2085,2.533
1101,1.4,31.3917,2.5138
1101,1.5,31.5912,2.4784
1101,1.6,31.8078,2.4175
1101,1.7,32.0422,2.3202
1101,1.8,32.295,2.1743
1101,1.9,32.5669,1.9678
1101,2,32.858,1.6882
1102,0,30.1163,2.55
1102,0.1,30.1226,2.55
1102,0.2,30.1413,2.55
1102,0.3,30.1727,2.55
1102,0.4,30.2167,2.55
1102,0.5,30.2734,2.55
1102,0.6,30.3431,2.55
1102,0.7,30.4259,2.55
1102,0.8,30.5221,2.5499
1102,0.9,30.6318,2.5496
1102,1,30.7554,2.5489
1102,1.1,30.8933,2.547
1102,1.2,31.0458,2.5425
1102,1.3,31.2134,2.533
1102,1.4,31.3968,2.5138
1102,1.5,31.5965,2.4783
1102,1.6,31.8132,2.4173
1102,1.7,32.0477,2.3199
1102,1.8,32.3007,2.174
1102,1.9,32.5726,1.9675
1102,2,32.8638,1.6879
1103,0,30.1206,2.55
1103,0.1,30.1268,2.55
1103,0.2,30.1456,2.55
1103,0.3,30.1769,2.55
1103,0.4,30.221,2.55
1103,0.5,30.2778,2.55
1103,0.6,30.3475,2.55
1103,0.7,30.4303,2.55
1103,0.8,30.5265,2.5499
1103,0.9,30.6363,2.5496
1103,1,30.76,2.5489
1103,1.1,30.898,2.547
1103,1.2,31.0506,2.5425
1103,1.3,31.2184,2.5329
1103,1.4,31.4019,2.5137
1103,1.5,31.6017,2.4781
1103,1.6,31.8186,2.4171
1103,1.7,32.0533,2.3196
1103,1.8,32.3064,2.1737
1103,1.9,32.5784,1.9672
1103,2,32.8696,1.6876
1104,0,30.1248,2.55
1104,0.1,30.131,2.55
1104,0.2,30.1498,2.55
1104,0.3,30.1812,2.55
1104,0.4,30.2252,2.55
1104,0.5,30.2821,2.55
1104,0.6,30.3518,2.55
1104,0.7,30.4348,2.55
1104,0.8,30.531,2.5499
1104,0.9,30.6409,2.5496
1104,1,30.7646,2.5489
1104,1.1,30.9027,2.547
1104,1.2,31.0554,2.5425
1104,1.3,31.2233,2.5328
1104,1.4,31.4069,2.5136
1104,1.5,31.6069,2.478
1104,1.6,31.824,2.4169
1104,1.7,32.0588,2.3194
1104,1.8,32.312,2.1734
1104,1.9,32.5841,1.9669
1104,2,32.8754,1.6873
1105,0,30.129,2.55
1105,0.1,30.1353,2.55
1105,0.2,30.1541,2.55
1105,0.3,30.1855,2.55
1105,0.4,30.2295,2.55
1105,0.5,30.2864,2.55
1105,0.6,30.3562,2.55
1105,0.7,30.4392,2.55
1105,0.8,30.5355,2.5499
1105,0.9,30.6454,2.5496
1105,1,30.7693,2.5488
1105,1.1,30.9074,2.5469
1105,1.2,31.0602,2.5425
1105,1.3,31.2282,2.5328
1105,1.4,31.412,2.5135
1105,1.5,31.6121,2.4778
1105,1.6,31.8294,2.4167
1105,1.7,32.0643,2.3191
1105,1.8,32.3177,2.1731
1105,1.9,32.5899,1.9665
1105,2,32.8812,1.687
1106,0,30.1332,2.55
1106,0.1,30.1395,2.55
1106,0.2,30.1583,2.55
1106,0.3,30.1897,2.55
1106,0.4,30.2338,2.55
1106,0.5,30.2907,2.55
1106,0.6,30.3606,2.55
1106,0.7,30.4436,2.55
1106,0.8,30.54,2.5499
1106,0.9,30.65,2.5496
1106,1,30.7739,2.5488
1106,1.1,30.9121,2.5469
1106,1.2,31.0651,2.5424
1106,1.3,31.2332,2.5327
1106,1.4,31.4171,2.5134
1106,1.5,31.6174,2.4777
1106,1.6,31.8347,2.4165
1106,1.7,32.0698,2.3189
1106,1.8,32.3233,2.1728
1106,1.9,32.5956,1.9662
1106,2,32.8869,1.6867
1107,0,30.1375,2.55
1107,0.1,30.1437,2.55
1107,0.2,30.1626,2.55
1107,0.3,30.194,2.55
1107,0.4,30.2381,2.55
1107,0.5,30.2951,2.55
1107,0.6,30.365,2.55
1107,0.7,30.448,2.55
1107,0.8,30.5444,2.5499
1107,0.9,30.6545,2.5496
1107,1,30.7785,2.5488
1107,1.1,30.9168,2.5469
1107,1.2,31.0699,2.5424
1107,1.3,31.2381,2.5327
1107,1.4,31.4222,2.5133
1107,1.5,31.6226,2.4776
1107,1.6,31.8401,2.4163
1107,1.7,32.0754,2.3186
1107,1.8,32.329,2.1725
1107,1.9,32.6013,1.9659
1107,2,32.8927,1.6863
1108,0,30.1417,2.55
1108,0.1,30.148,2.55
1108,0.2,30.1668,2.55
1108,0.3,30.1983,2.55
1108,0.4,30.2424,2.55
1108,0.5,30.2994,2.55
1108,0.6,30.3693,2.55
1108,0.7,30.4524,2.55
1108,0.8,30.5489,2.5499
1108,0.9,30.6591,2.5496
1108,1,30.7831,2.5488
1108,1.1,30.9216,2.5469
1108,1.2,31.0747,2.5424
1108,1.3,31.2431,2.5326
1108,1.4,31.4273,2.5132
1108,1.5,31.6278,2.4774
1108,1.6,31.8455,2.4162
1108,1.7,32.0809,2.3184
1108,1.8,32.3346,2.1722
1108,1.9,32.607,1.9656
1108,2,32.8984,1.686
1109,0,30.1459,2.55
1109,0.1,30.1522,2.55
1109,0.2,30.1711,2.55
1109,0.3,30.2025,2.55
1109,0.4,30.2467,2.55
1109,0.5,30.3037,2.55
1109,0.6,30.3737,2.55
1109,0.7,30.4569,2.55
1109,0.8,30.5534,2.5499
1109,0.9,30.6636,2.5496
1109,1,30.7878,2.5488
1109,1.1,30.9263,2.5469
1109,1.2,31.0795,2.5424
1109,1.3,31.248,2.5326
1109,1.4,31.4324,2.5131
1109,1.5,31.6331,2.4773
1109,1.6,31.8509,2.416
1109,1.7,32.0864,2.3181
1109,1.8,32.3402,2.1719
1109,1.9,32.6127,1.9653
1109,2,32.9042,1.6857
1110,0,30.1502,2.55
1110,0.1,30.1565,2.55
1110,0.2,30.1753,2.55
1110,0.3,30.2068,2.55
1110,0.4,30.251,2.55
1110,0.5,30.3081,2.55
1110,0.6,30.3781,2.55
1110,0.7,30.4613,2.55
1110,0.8,30.5579,2.5499
1110,0.9,30.6682,2.5496
1110,1,30.7924,2.5488
1110,1.1,30.931,2.5469
1110,1.2,31.0844,2.5423
1110,1.3,31.253,2.5325
1110,1.4,31.4374,2.5131
1110,1.5,31.6383,2.4772
1110,1.6,31.8563,2.4158
1110,1.7,32.0919,2.3179
1110,1.8,32.3459,2.1716
1110,1.9,32.6184,1.9649
1110,2,32.9099,1.6854
1111,0,30.1544,2.55
1111,0.1,30.1607,2.55
1111,0.2,30.1796,2.55
1111,0.3,30.2111,2.55
1111,0.4,30.2553,2.55
1111,0.5,30.3124,2.55
1111,0.6,30.3825,2.55
1111,0.7,30.4657,2.55
1111,0.8,30.5624,2.5499
1111,0.9,30.6727,2.5496
1111,1,30.7971,2.5488
1111,1.1,30.9357,2.5469
1111,1.2,31.0892,2.5423
1111,1.3,31.258,2.5325
1111,1.4,31.4425,2.513
1111,1.5,31.6436,2.477
1111,1.6,31.8617,2.4156
1111,1.7,32.0974,2.3176
1111,1.8,32.3515,2.1713
1111,1.9,32.6241,1.9646
1111,2,32.9156,1.6851
1112,0,30.1587,2.55
1112,0.1,30.165,2.55
1112,0.2,30.1838,2.55
1112,0.3,30.2154,2.55
1112,0.4,30.2596,2.55
1112,0.5,30.3167,2.55
1112,0.6,30.3868,2.55
1112,0.7,30.4701,2.55
1112,0.8,30.5669,2.5499
1112,0.9,30.6773,2.5496
1112,1,30.8017,2.5488
1112,1.1,30.9405,2.5468
1112,1.2,31.0941,2.5423
1112,1.3,31.2629,2.5324
1112,1.4,31.4476,2.5129
1112,1.5,31.6488,2.4769
1112,1.6,31.867,2.4154
1112,1.7,32.103,2.3174
1112,1.8,32.3571,2.171
1112,1.9,32.6298,1.9643
1112,2,32.9213,1.6848
1113,0,30.1629,2.55
1113,0.1,30.1692,2.55
1113,0.2,30.1881,2.55
1113,0.3,30.2196,2.55
1113,0.4,30.2639,2.55
1113,0.5,30.3211,2.55
1113,0.6,30.3912,2.55
1113,0.7,30.4746,2.55
1113,0.8,30.5714,2.5499
1113,0.9,30.6819,2.5496
1113,1,30.8063,2.5488
1113,1.1,30.9452,2.5468
1113,1.2,31.0989,2.5422
1113,1.3,31.2679,2.5324
1113,1.4,31.4527,2.5128
1113,1.5,31.654,2.4767
1113,1.6,31.8724,2.4152
1113,1.7,32.1085,2.3171
1113,1.8,32.3627,2.1707
1113,1.9,32.6355,1.964
1113,2,32.9271,1.6845
1114,0,30.1672,2.55
1114,0.1,30.1735,2.55
1114,0.2,30.1924,2.55
1114,0.3,30.2239,2.55
1114,0.4,30.2682,2.55
1114,0.5,30.3254,2.55
1114,0.6,30.3956,2.55
1114,0.7,30.479,2.55
1114,0.8,30.5759,2.5499
1114,0.9,30.6864,2.5496
1114,1,30.811,2.5488
1114,1.1,30.95,2.5468
1114,1.2,31.1038,2.5422
1114,1.3,31.2729,2.5323
1114,1.4,31.4579,2.5127
1114,1.5,31.6593,2.4766
1114,1.6,31.8778,2.415
1114,1.7,32.114,2.3169
1114,1.8,32.3683,2.1704
1114,1.9,32.6412,1.9637
1114,2,32.9328,1.6842
1115,0,30.1714,2.55
1115,0.1,30.1777,2.55
1115,0.2,30.1966,2.55
1115,0.3,30.2282,2.55
1115,0.4,30.2726,2.55
1115,0.5,30.3298,2.55
1115,0.6,30.4,2.55
1115,0.7,30.4835,2.55
1115,0.8,30.5804,2.5499
1115,0.9,30.691,2.5496
1115,1,30.8157,2.5488
1115,1.1,30.9547,2.5468
1115,1.2,31.1086,2.5422
1115,1.3,31.2779,2.5323
1115,1.4,31.463,2.5126
1115,1.5,31.6645,2.4765
1115,1.6,31.8832,2.4148
1115,1.7,32.1195,2.3166
1115,1.8,32.3739,2.1701
1115,1.9,32.6468,1.9633
1115,2,32.9385,1.6839
1116,0,30.1757,2.55
1116,0.1,30.182,2.55
1116,0.2,30.2009,2.55
1116,0.3,30.2325,2.55
1116,0.4,30.2769,2.55
1116,0.5,30.3341,2.55
1116,0.6,30.4044,2.55
1116,0.7,30.4879,2.55
1116,0.8,30.5849,2.5499
1116,0.9,30.6956,2.5496
1116,1,30.8203,2.5488
1116,1.1,30.9595,2.5468
1116,1.2,31.1135,2.5422
1116,1.3,31.2828,2.5322
1116,1.4,31.4681,2.5125
1116,1.5,31.6698,2.4763
1116,1.6,31.8886,2.4146
1116,1.7,32.125,2.3164
1116,1.8,32.3795,2.1698
1116,1.9,32.6525,1.963
1116,2,32.9441,1.6836
1117,0,30.1799,2.55
1117,0.1,30.1862,2.55
1117,0.2,30.2052,2.55
1117,0.3,30.2368,2.55
1117,0.4,30.2812,2.55
1117,0.5,30.3385,2.55
1117,0.6,30.4088,2.55
1117,0.7,30.4924,2.55
1117,0.8,30.5894,2.5499
1117,0.9,30.7002,2.5496
1117,1,30.825,2.5488
1117,1.1,30.9642,2.5468
1117,1.2,31.1184,2.5421
1117,1.3,31.2878,2.5322
1117,1.4,31.4732,2.5124
1117,1.5,31.675,2.4762
1117,1.6,31.8939,2.4144
1117,1.7,32.1305,2.3161
1117,1.8,32.3851,2.1695
1117,1.9,32.6582,1.9627
1117,2,32.9498,1.6833
1118,0,30.1842,2.55
1118,0.1,30.1905,2.55
1118,0.2,30.2095,2.55
1118,0.3,30.2411,2.55
1118,0.4,30.2855,2.55
1118,0.5,30.3428,2.55
1118,0.6,30.4132,2.55
1118,0.7,30.4968,2.55
1118,0.8,30.5939,2.5499
1118,0.9,30.7047,2.5496
1118,1,30.8296,2.5488
1118,1.1,30.969,2.5468
1118,1.2,31.1232,2.5421
1118,1.3,31.2928,2.5321
1118,1.4,31.4783,2.5123
1118,1.5,31.6803,2.4761
1118,1.6,31.8993,2.4142
1118,1.7,32.136,2.3158
1118,1.8,32.3907,2.1692
1118,1.9,32.6638,1.9624
1118,2,32.9555,1.683
1119,0,30.1885,2.55
1119,0.1,30.1948,2.55
1119,0.2,30.2137,2.55
1119,0.3,30.2454,2.55
1119,0.4,30.2898,2.55
1119,0.5,30.3472,2.55
1119,0.6,30.4176,2.55
1119,0.7,30.5013,2.55
1119,0.8,30.5984,2.5499
1119,0.9,30.7093,2.5496
1119,1,30.8343,2.5488
1119,1.1,30.9738,2.5467
1119,1.2,31.1281,2.5421
1119,1.3,31.2978,2.5321
1119,1.4,31.4834,2.5123
1119,1.5,31.6855,2.4759
1119,1.6,31.9047,2.414
1119,1.7,32.1415,2.3156
1119,1.8,32.3963,2.1689
1119,1.9,32.6695,1.9621
1119,2,32.9612,1.6827
1120,0,30.1927,2.55
1120,0.1,30.199,2.55
1120,0.2,30.218,2.55
1120,0.3,30.2497,2.55
1120,0.4,30.2942,2.55
1120,0.5,30.3516,2.55
1120,0.6,30.422,2.55
1120,0.7,30.5057,2.55
1120,0.8,30.6029,2.5499
1120,0.9,30.7139,2.5496
1120,1,30.839,2.5488
1120,1.1,30.9785,2.5467
1120,1.2,31.133,2.542
1120,1.3,31.3028,2.532
1120,1.4,31.4886,2.5122
1120,1.5,31.6908,2.4758
1120,1.6,31.9101,2.4138
1120,1.7,32.1469,2.3153
1120,1.8,32.4018,2.1686
1120,1.9,32.6751,1.9618
1120,2,32.9669,1.6824
1121,0,30.197,2.55
1121,0.1,30.2033,2.55
1121,0.2,30.2223,2.55
1121,0.3,30.254,2.55
1121,0.4,30.2985,2.55
1121,0.5,30.3559,2.55
1121,0.6,30.4264,2.55
1121,0.7,30.5102,2.55
1121,0.8,30.6075,2.5499
1121,0.9,30.7185,2.5496
1121,1,30.8437,2.5487
1121,1.1,30.9833,2.5467
1121,1.2,31.1379,2.542
1121,1.3,31.3078,2.532
1121,1.4,31.4937,2.5121
1121,1.5,31.696,2.4756
1121,1.6,31.9155,2.4136
1121,1.7,32.1524,2.3151
1121,1.8,32.4074,2.1683
1121,1.9,32.6807,1.9614
1121,2,32.9725,1.6821
1122,0,30.2013,2.55
1122,0.1,30.2076,2.55
1122,0.2,30.2266,2.55
1122,0.3,30.2583,2.55
1122,0.4,30.3028,2.55
1122,0.5,30.3603,2.55
1122,0.6,30.4308,2.55
1122,0.7,30.5147,2.55
1122,0.8,30.612,2.5499
1122,0.9,30.7231,2.5496
1122,1,30.8483,2.5487
1122,1.1,30.9881,2.5467
1122,1.2,31.1427,2.542
1122,1.3,31.3128,2.5319
1122,1.4,31.4988,2.512
1122,1.5,31.7013,2.4755
1122,1.6,31.9208,2.4134
1122,1.7,32.1579,2.3148
1122,1.8,32.413,2.168
1122,1.9,32.6864,1.9611
1122,2,32.9782,1.6818
1123,0,30.2055,2.55
1123,0.1,30.2119,2.55
1123,0.2,30.2309,2.55
1123,0.3,30.2626,2.55
1123,0.4,30.3072,2.55
1123,0.5,30.3647,2.55
1123,0.6,30.4352,2.55
1123,0.7,30.5191,2.55
1123,0.8,30.6165,2.5499
1123,0.9,30.7277,2.5496
1123,1,30.853,2.5487
1123,1.1,30.9929,2.5467
1123,1.2,31.1476,2.542
1123,1.3,31.3178,2.5319
1123,1.4,31.5039,2.5119
1123,1.5,31.7065,2.4754
1123,1.6,31.9262,2.4132
1123,1.7,32.1634,2.3146
1123,1.8,32.4186,2.1677
1123,1.9,32.692,1.9608
1123,2,32.9838,1.6815
1124,0,30.2098,2.55
1124,0.1,30.2161,2.55
1124,0.2,30.2352,2.55
1124,0.3,30.2669,2.55
1124,0.4,30.3115,2.55
1124,0.5,30.369,2.55
1124,0.6,30.4397,2.55
1124,0.7,30.5236,2.55
1124,0.8,30.621,2.5499
1124,0.9,30.7323,2.5495
1124,1,30.8577,2.5487
1124,1.1,30.9976,2.5467
1124,1.2,31.1525,2.5419
1124,1.3,31.3228,2.5318
1124,1.4,31.5091,2.5118
1124,1.5,31.7118,2.4752
1124,1.6,31.9316,2.413
1124,1.7,32.1689,2.3143
1124,1.8,32.4241,2.1674
1124,1.9,32.6976,1.9605
1124,2,32.9895,1.6812
1125,0,30.2141,2.55
1125,0.1,30.2204,2.55
1125,0.2,30.2395,2.55
1125,0.3,30.2712,2.55
1125,0.4,30.3158,2.55
1125,0.5,30.3734,2.55
1125,0.6,30.4441,2.55
1125,0.7,30.5281,2.55
1125,0.8,30.6256,2.5499
1125,0.9,30.7369,2.5495
1125,1,30.8624,2.5487
1125,1.1,31.0024,2.5467
1125,1.2,31.1574,2.5419
1125,1.3,31.3278,2.5318
1125,1.4,31.5142,2.5117
1125,1.5,31.7171,2.4751
1125,1.6,31.9369,2.4128
1125,1.7,32.1744,2.3141
1125,1.8,32.4297,2.1671
1125,1.9,32.7032,1.9602
1125,2,32.9951,1.6808
1126,0,30.2184,2.55
1126,0.1,30.2247,2.55
1126,0.2,30.2438,2.55
1126,0.3,30.2756,2.55
1126,0.4,30.3202,2.55
1126,0.5,30.3778,2.55
1126,0.6,30.4485,2.55
1126,0.7,30.5325,2.55
1126,0.8,30.6301,2.5498
1126,0.9,30.7415,2.5495
1126,1,30.8671,2.5487
1126,1.1,31.0072,2.5466
1126,1.2,31.1623,2.5419
1126,1.3,31.3328,2.5317
1126,1.4,31.5193,2.5116
1126,1.5,31.7223,2.475
1126,1.6,31.9423,2.4126
1126,1.7,32.1798,2.3138
1126,1.8,32.4352,2.1668
1126,1.9,32.7088,1.9599
1126,2,33.0008,1.6805
1127,0,30.2227,2.55
1127,0.1,30.229,2.55
1127,0.2,30.2481,2.55
1127,0.3,30.2799,2.55
1127,0.4,30.3245,2.55
1127,0.5,30.3822,2.55
1127,0.6,30.4529,2.55
1127,0.7,30.537,2.55
1127,0.8,30.6347,2.5498
1127,0.9,30.7461,2.5495
1127,1,30.8718,2.5487
1127,1.1,31.012,2.5466
1127,1.2,31.1672,2.5418
1127,1.3,31.3378,2.5316
1127,1.4,31.5245,2.5115
1127,1.5,31.7276,2.4748
1127,1.6,31.9477,2.4124
1127,1.7,32.1853,2.3136
1127,1.8,32.4408,2.1665
1127,1.9,32.7145,1.9595
1127,2,33.0064,1.6802
1128,0,30.2269,2.55
1128,0.1,30.2333,2.55
1128,0.2,30.2524,2.55
1128,0.3,30.2842,2.55
1128,0.4,30.3289,2.55
1128,0.5,30.3866,2.55
1128,0.6,30.4574,2.55
1128,0.7,30.5415,2.55
1128,0.8,30.6392,2.5498
1128,0.9,30.7508,2.5495
1128,1,30.8765,2.5487
1128,1.1,31.0168,2.5466
1128,1.2,31.1721,2.5418
1128,1.3,31.3429,2.5316
1128,1.4,31.5296,2.5115
1128,1.5,31.7328,2.4747
1128,1.6,31.9531,2.4122
1128,1.7,32.1908,2.3133
1128,1.8,32.4463,2.1662
1128,1.9,32.7201,1.9592
1128,2,33.0121,1.6799
1129,0,30.2312,2.55
1129,0.1,30.2376,2.55
1129,0.2,30.2567,2.55
1129,0.3,30.2885,2.55
1129,0.4,30.3332,2.55
1129,0.5,30.3909,2.55
1129,0.6,30.4618,2.55
1129,0.7,30.546,2.55
1129,0.8,30.6437,2.5498
1129,0.9,30.7554,2.5495
1129,1,30.8812,2.5487
1129,1.1,31.0216,2.5466
1129,1.2,31.177,2.5418
1129,1.3,31.3479,2.5315
1129,1.4,31.5347,2.5114
1129,1.5,31.7381,2.4745
1129,1.6,31.9584,2.412
1129,1.7,32.1962,2.3131
1129,1.8,32.4519,2.1659
1129,1.9,32.7257,1.9589
1129,2,33.0177,1.6796
1130,0,30.2355,2.55
1130,0.1,30.2419,2.55
1130,0.2,30.261,2.55
1130,0.3,30.2928,2.55
1130,0.4,30.3376,2.55
1130,0.5,30.3953,2.55
1130,0.6,30.4662,2.55
1130,0.7,30.5505,2.55
1130,0.8,30.6483,2.5498
1130,0.9,30.76,2.5495
1130,1,30.8859,2.5487
1130,1.1,31.0264,2.5466
1130,1.2,31.1819,2.5418
1130,1.3,31.3529,2.5315
1130,1.4,31.5399,2.5113
1130,1.5,31.7433,2.4744
1130,1.6,31.9638,2.4119
1130,1.7,32.2017,2.3128
1130,1.8,32.4574,2.1656
1130,1.9,32.7313,1.9586
1130,2,33.0233,1.6793
1131,0,30.2398,2.55
1131,0.1,30.2462,2.55
1131,0.2,30.2653,2.55
1131,0.3,30.2972,2.55
1131,0.4,30.3419,2.55
1131,0.5,30.3997,2.55
1131,0.6,30.4707,2.55
1131,0.7,30.555,2.55
1131,0.8,30.6529,2.5498
1131,0.9,30.7646,2.5495
1131,1,30.8906,2.5487
1131,1.1,31.0312,2.5466
1131,1.2,31.1868,2.5417
1131,1.3,31.3579,2.5314
1131,1.4,31.545,2.5112
1131,1.5,31.7486,2.4743
1131,1.6,31.9692,2.4117
1131,1.7,32.2072,2.3126
1131,1.8,32.463,2.1653
1131,1.9,32.7368,1.9583
1131,2,33.0289,1.679
1132,0,30.2441,2.55
1132,0.1,30.2505,2.55
1132,0.2,30.2696,2.55
1132,0.3,30.3015,2.55
1132,0.4,30.3463,2.55
1132,0.5,30.4041,2.55
1132,0.6,30.4751,2.55
1132,0.7,30.5595,2.55
1132,0.8,30.6574,2.5498
1132,0.9,30.7693,2.5495
1132,1,30.8953,2.5487
1132,1.1,31.036,2.5466
1132,1.2,31.1917,2.5417
1132,1.3,31.3629,2.5314
1132,1.4,31.5501,2.5111
1132,1.5,31.7538,2.4741
1132,1.6,31.9745,2.4115
1132,1.7,32.2126,2.3123
1132,1.8,32.4685,2.165
1132,1.9,32.7424,1.958
1132,2,33.0346,1.6787
1133,0,30.2484,2.55
1133,0.1,30.2548,2.55
1133,0.2,30.2739,2.55
1133,0.3,30.3058,2.55
1133,0.4,30.3507,2.55
1133,0.5,30.4085,2.55
1133,0.6,30.4795,2.55
1133,0.7,30.5639,2.55
1133,0.8,30.662,2.5498
1133,0.9,30.7739,2.5495
1133,1,30.9001,2.5487
1133,1.1,31.0408,2.5465
1133,1.2,31.1967,2.5417
1133,1.3,31.368,2.5313
1133,1.4,31.5553,2.511
1133,1.5,31.7591,2.474
1133,1.6,31.9799,2.4113
1133,1.7,32.2181,2.3121
1133,1.8,32.474,2.1647
1133,1.9,32.748,1.9576
1133,2,33.0402,1.6784
1134,0,30.2527,2.55
1134,0.1,30.2591,2.55
1134,0.2,30.2782,2.55
1134,0.3,30.3102,2.55
1134,0.4,30.355,2.55
1134,0.5,30.4129,2.55
1134,0.6,30.484,2.55
1134,0.7,30.5684,2.55
1134,0.8,30.6665,2.5498
1134,0.9,30.7785,2.5495
1134,1,30.9048,2.5487
1134,1.1,31.0457,2.5465
1134,1.2,31.2016,2.5416
1134,1.3,31.373,2.5313
1134,1.4,31.5604,2.5109
1134,1.5,31.7644,2.4738
1134,1.6,31.9852,2.4111
1134,1.7,32.2235,2.3118
1134,1.8,32.4796,2.1644
1134,1.9,32.7536,1.9573
1134,2,33.0458,1.6781
1135,0,30.257,2.55
1135,0.1,30.2634,2.55
1135,0.2,30.2825,2.55
1135,0.3,30.3145,2.55
1135,0.4,30.3594,2.55
1135,0.5,30.4173,2.55
1135,0.6,30.4884,2.55
1135,0.7,30.573,2.55
1135,0.8,30.6711,2.5498
1135,0.9,30.7832,2.5495
1135,1,30.9095,2.5487
1135,1.1,31.0505,2.5465
1135,1.2,31.2065,2.5416
1135,1.3,31.378,2.5312
1135,1.4,31.5656,2.5108
1135,1.5,31.7696,2.4737
1135,1.6,31.9906,2.4109
1135,1.7,32.229,2.3116
1135,1.8,32.4851,2.1641
1135,1.9,32.7592,1.957
1135,2,33.0514,1.6778
1136,0,30.2613,2.55
1136,0.1,30.2677,2.55
1136,0.2,30.2869,2.55
1136,0.3,30.3189,2.55
1136,0.4,30.3638,2.55
1136,0.5,30.4217,2.55
1136,0.6,30.4929,2.55
1136,0.7,30.5775,2.5499
1136,0.8,30.6757,2.5498
1136,0.9,30.7878,2.5495
1136,1,30.9142,2.5486
1136,1.1,31.0553,2.5465
1136,1.2,31.2114,2.5416
1136,1.3,31.3831,2.5312
1136,1.4,31.5707,2.5107
1136,1.5,31.7749,2.4736
1136,1.6,31.996,2.4107
1136,1.7,32.2344,2.3113
1136,1.8,32.4906,2.1639
1136,1.9,32.7648,1.9567
1136,2,33.057,1.6775
1137,0,30.2656,2.55
1137,0.1,30.272,2.55
1137,0.2,30.2912,2.55
1137,0.3,30.3232,2.55
1137,0.4,30.3681,2.55
1137,0.5,30.4261,2.55
1137,0.6,30.4973,2.55
1137,0.7,30.582,2.5499
1137,0.8,30.6802,2.5498
1137,0.9,30.7925,2.5495
1137,1,30.919,2.5486
1137,1.1,31.0601,2.5465
1137,1.2,31.2163,2.5416
1137,1.3,31.3881,2.5311
1137,1.4,31.5759,2.5106
1137,1.5,31.7801,2.4734
1137,1.6,32.0013,2.4105
1137,1.7,32.2399,2.3111
1137,1.8,32.4961,2.1636
1137,1.9,32.7703,1.9564
1137,2,33.0626,1.6772
1138,0,30.27,2.55
1138,0.1,30.2763,2.55
1138,0.2,30.2955,2.55
1138,0.3,30.3276,2.55
1138,0.4,30.3725,2.55
1138,0.5,30.4306,2.55
1138,0.6,30.5018,2.55
1138,0.7,30.5865,2.5499
1138,0.8,30.6848,2.5498
1138,0.9,30.7971,2.5495
1138,1,30.9237,2.5486
1138,1.1,31.0649,2.5465
1138,1.2,31.2213,2.5415
1138,1.3,31.3931,2.5311
1138,1.4,31.581,2.5106
1138,1.5,31.7854,2.4733
1138,1.6,32.0067,2.4103
1138,1.7,32.2453,2.3108
1138,1.8,32.5016,2.1633
1138,1.9,32.7759,1.9561
1138,2,33.0682,1.6769
1139,0,30.2743,2.55
1139,0.1,30.2807,2.55
1139,0.2,30.2999,2.55
1139,0.3,30.3319,2.55
1139,0.4,30.3769,2.55
1139,0.5,30.435,2.55
1139,0.6,30.5063,2.55
1139,0.7,30.591,2.5499
1139,0.8,30.6894,2.5498
1139,0.9,30.8018,2.5495
1139,1,30.9284,2.5486
1139,1.1,31.0698,2.5465
1139,1.2,31.2262,2.5415
1139,1.3,31.3982,2.531
1139,1.4,31.5862,2.5105
1139,1.5,31.7906,2.4731
1139,1.6,32.012,2.4101
1139,1.7,32.2508,2.3106
1139,1.8,32.5072,2.163
1139,1.9,32.7815,1.9558
1139,2,33.0738,1.6766
1140,0,30.2786,2.55
1140,0.1,30.285,2.55
1140,0.2,30.3042,2.55
1140,0.3,30.3363,2.55
1140,0.4,30.3813,2.55
1140,0.5,30.4394,2.55
1140,0.6,30.5107,2.55
1140,0.7,30.5955,2.5499
1140,0.8,30.694,2.5498
1140,0.9,30.8064,2.5495
1140,1,30.9332,2.5486
1140,1.1,31.0746,2.5464
1140,1.2,31.2311,2.5415
1140,1.3,31.4032,2.5309
1140,1.4,31.5913,2.5104
1140,1.5,31.7959,2.473
1140,1.6,32.0174,2.4099
1140,1.7,32.2562,2.3103
1140,1.8,32.5127,2.1627
1140,1.9,32.787,1.9554
1140,2,33.0794,1.6763
1141,0,30.2829,2.55
1141,0.1,30.2893,2.55
1141,0.2,30.3085,2.55
1141,0.3,30.3406,2.55
1141,0.4,30.3857,2.55
1141,0.5,30.4438,2.55
1141,0.6,30.5152,2.55
1141,0.7,30.6,2.5499
1141,0.8,30.6986,2.5498
1141,0.9,30.8111,2.5495
1141,1,30.9379,2.5486
1141,1.1,31.0794,2.5464
1141,1.2,31.2361,2.5414
1141,1.3,31.4083,2.5309
1141,1.4,31.5965,2.5103
1141,1.5,31.8011,2.4729
1141,1.6,32.0227,2.4097
1141,1.7,32.2616,2.3101
1141,1.8,32.5182,2.1624
1141,1.9,32.7926,1.9551
1141,2,33.085,1.676
1142,0,30.2872,2.55
1142,0.1,30.2936,2.55
1142,0.2,30.3129,2.55
1142,0.3,30.345,2.55
1142,0.4,30.3901,2.55
1142,0.5,30.4482,2.55
1142,0.6,30.5197,2.55
1142,0.7,30.6046,2.5499
1142,0.8,30.7032,2.5498
1142,0.9,30.8157,2.5495
1142,1,30.9427,2.5486
1142,1.1,31.0843,2.5464
1142,1.2,31.241,2.5414
1142,1.3,31.4133,2.5308
1142,1.4,31.6016,2.5102
1142,1.5,31.8064,2.4727
1142,1.6,32.0281,2.4095
1142,1.7,32.2671,2.3098
1142,1.8,32.5237,2.1621
1142,1.9,32.7981,1.9548
1142,2,33.0906,1.6757
1143,0,30.2916,2.55
1143,0.1,30.298,2.55
1143,0.2,30.3172,2.55
1143,0.3,30.3493,2.55
1143,0.4,30.3944,2.55
1143,0.5,30.4527,2.55
1143,0.6,30.5241,2.55
1143,0.7,30.6091,2.5499
1143,0.8,30.7077,2.5498
1143,0.9,30.8204,2.5495
1143,1,30.9474,2.5486
1143,1.1,31.0891,2.5464
1143,1.2,31.246,2.5414
1143,1.3,31.4184,2.5308
1143,1.4,31.6068,2.5101
1143,1.5,31.8117,2.4726
1143,1.6,32.0334,2.4093
1143,1.7,32.2725,2.3096
1143,1.8,32.5292,2.1618
1143,1.9,32.8037,1.9545
1143,2,33.0963,1.6754
1144,0,30.2959,2.55
1144,0.1,30.3023,2.55
1144,0.2,30.3216,2.55
1144,0.3,30.3537,2.55
1144,0.4,30.3988,2.55
1144,0.5,30.4571,2.55
1144,0.6,30.5286,2.55
1144,0.7,30.6136,2.5499
1144,0.8,30.7123,2.5498
1144,0.9,30.8251,2.5495
1144,1,30.9522,2.5486
1144,1.1,31.094,2.5464
1144,1.2,31.2509,2.5413
1144,1.3,31.4234,2.5307
1144,1.4,31.6119,2.51
1144,1.5,31.8169,2.4725
1144,1.6,32.0388,2.4091
1144,1.7,32.278,2.3093
1144,1.8,32.5347,2.1615
1144,1.9,32.8093,1.9542
1144,2,33.102,1.6751
1145,0,30.3002,2.55
1145,0.1,30.3066,2.55
1145,0.2,30.3259,2.55
1145,0.3,30.3581,2.55
1145,0.4,30.4032,2.55
1145,0.5,30.4615,2.55
1145,0.6,30.5331,2.55
1145,0.7,30.6181,2.5499
1145,0.8,30.7169,2.5498
1145,0.9,30.8298,2.5495
1145,1,30.9569,2.5486
1145,1.1,31.0988,2.5464
1145,1.2,31.2559,2.5413
1145,1.3,31.4285,2.5307
1145,1.4,31.6171,2.5099
1145,1.5,31.8222,2.4723
1145,1.6,32.0441,2.4089
1145,1.7,32.2834,2.3091
1145,1.8,32.5402,2.1612
1145,1.9,32.8149,1.9539
1145,2,33.1077,1.6748
1146,0,30.3046,2.55
1146,0.1,30.311,2.55
1146,0.2,30.3303,2.55
1146,0.3,30.3624,2.55
1146,0.4,30.4076,2.55
1146,0.5,30.466,2.55
1146,0.6,30.5376,2.55
1146,0.7,30.6227,2.5499
1146,0.8,30.7215,2.5498
1146,0.9,30.8344,2.5495
1146,1,30.9617,2.5486
1146,1.1,31.1037,2.5464
1146,1.2,31.2608,2.5413
1146,1.3,31.4335,2.5306
1146,1.4,31.6222,2.5098
1146,1.5,31.8274,2.4722
1146,1.6,32.0495,2.4087
1146,1.7,32.2888,2.3088
1146,1.8,32.5457,2.1609
1146,1.9,32.8205,1.9536
1146,2,33.1134,1.6745
1147,0,30.3089,2.55
1147,0.1,30.3153,2.55
1147,0.2,30.3346,2.55
1147,0.3,30.3668,2.55
1147,0.4,30.412,2.55
1147,0.5,30.4704,2.55
1147,0.6,30.5421,2.55
1147,0.7,30.6272,2.5499
1147,0.8,30.7261,2.5498
1147,0.9,30.8391,2.5495
1147,1,30.9664,2.5486
1147,1.1,31.1085,2.5463
1147,1.2,31.2657,2.5413
1147,1.3,31.4386,2.5306
1147,1.4,31.6274,2.5097
1147,1.5,31.8327,2.472
1147,1.6,32.0548,2.4085
1147,1.7,32.2942,2.3086
1147,1.8,32.5512,2.1606
1147,1.9,32.8261,1.9533
1147,2,33.1191,1.6742
1148,0,30.3132,2.55
1148,0.1,30.3197,2.55
1148,0.2,30.339,2.55
1148,0.3,30.3712,2.55
1148,0.4,30.4164,2.55
1148,0.5,30.4748,2.55
1148,0.6,30.5465,2.55
1148,0.7,30.6318,2.5499
1148,0.8,30.7308,2.5498
1148,0.9,30.8438,2.5495
1148,1,30.9712,2.5486
1148,1.1,31.1134,2.5463
1148,1.2,31.2707,2.5412
1148,1.3,31.4436,2.5305
1148,1.4,31.6325,2.5096
1148,1.5,31.8379,2.4719
1148,1.6,32.0602,2.4083
1148,1.7,32.2997,2.3083
1148,1.8,32.5567,2.1603
1148,1.9,32.8317,1.9529
1148,2,33.1248,1.6739
1149,0,30.3176,2.55
1149,0.1,30.324,2.55
1149,0.2,30.3433,2.55
1149,0.3,30.3756,2.55
1149,0.4,30.4208,2.55
1149,0.5,30.4793,2.55
1149,0.6,30.551,2.55
1149,0.7,30.6363,2.5499
1149,0.8,30.7354,2.5498
1149,0.9,30.8485,2.5495
1149,1,30.976,2.5486
1149,1.1,31.1182,2.5463
1149,1.2,31.2757,2.5412
1149,1.3,31.4487,2.5305
1149,1.4,31.6377,2.5096
1149,1.5,31.8432,2.4718
1149,1.6,32.0655,2.4081
1149,1.7,32.3051,2.308
1149,1.8,32.5622,2.16
1149,1.9,32.8373,1.9526
1149,2,33.1306,1.6736
1150,0,30.3219,2.55
1150,0.1,30.3284,2.55
1150,0.2,30.3477,2.55
1150,0.3,30.38,2.55
1150,0.4,30.4253,2.55
1150,0.5,30.4837,2.55
1150,0.6,30.5555,2.55
1150,0.7,30.6409,2.5499
1150,0.8,30.74,2.5498
1150,0.9,30.8532,2.5495
1150,1,30.9807,2.5486
1150,1.1,31.1231,2.5463
1150,1.2,31.2806,2.5412
1150,1.3,31.4537,2.5304
1150,1.4,31.6429,2.5095
1150,1.5,31.8484,2.4716
1150,1.6,32.0709,2.4079
1150,1.7,32.3105,2.3078
1150,1.8,32.5678,2.1597
1150,1.9,32.8429,1.9523
1150,2,33.1363,1.6733
1151,0,30.3263,2.55
1151,0.1,30.3327,2.55
1151,0.2,30.352,2.55
1151,0.3,30.3843,2.55
1151,0.4,30.4297,2.55
1151,0.5,30.4882,2.55
1151,0.6,30.56,2.55
1151,0.7,30.6454,2.5499
1151,0.8,30.7446,2.5498
1151,0.9,30.8578,2.5495
1151,1,30.9855,2.5485
1151,1.1,31.128,2.5463
1151,1.2,31.2856,2.5411
1151,1.3,31.4588,2.5304
1151,1.4,31.648,2.5094
1151,1.5,31.8537,2.4715
1151,1.6,32.0762,2.4077
1151,1.7,32.316,2.3075
1151,1.8,32.5733,2.1594
1151,1.9,32.8485,1.952
1151,2,33.1421,1.673
1152,0,30.3306,2.55
1152,0.1,30.3371,2.55
1152,0.2,30.3564,2.55
1152,0.3,30.3887,2.55
1152,0.4,30.4341,2.55
1152,0.5,30.4926,2.55
1152,0.6,30.5645,2.55
1152,0.7,30.65,2.5499
1152,0.8,30.7492,2.5498
1152,0.9,30.8625,2.5495
1152,1,30.9903,2.5485
1152,1.1,31.1328,2.5463
1152,1.2,31.2905,2.5411
1152,1.3,31.4638,2.5303
1152,1.4,31.6532,2.5093
1152,1.5,31.859,2.4713
1152,1.6,32.0816,2.4076
1152,1.7,32.3214,2.3073
1152,1.8,32.5788,2.1592
1152,1.9,32.8541,1.9517
1152,2,33.1478,1.6727
1153,0,30.335,2.55
1153,0.1,30.3414,2.55
1153,0.2,30.3608,2.55
1153,0.3,30.3931,2.55
1153,0.4,30.4385,2.55
1153,0.5,30.4971,2.55
1153,0.6,30.569,2.55
1153,0.7,30.6545,2.5499
1153,0.8,30.7538,2.5498
1153,0.9,30.8672,2.5495
1153,1,30.9951,2.5485
1153,1.1,31.1377,2.5462
1153,1.2,31.2955,2.5411
1153,1.3,31.4689,2.5302
1153,1.4,31.6583,2.5092
1153,1.5,31.8642,2.4712
1153,1.6,32.0869,2.4074
1153,1.7,32.3268,2.307
1153,1.8,32.5843,2.1589
1153,1.9,32.8598,1.9514
1153,2,33.1536,1.6724
1154,0,30.3393,2.55
1154,0.1,30.3458,2.55
1154,0.2,30.3652,2.55
1154,0.3,30.3975,2.55
1154,0.4,30.4429,2.55
1154,0.5,30.5015,2.55
1154,0.6,30.5735,2.55
1154,0.7,30.6591,2.5499
1154,0.8,30.7585,2.5498
1154,0.9,30.8719,2.5495
1154,1,30.9998,2.5485
1154,1.1,31.1426,2.5462
1154,1.2,31.3005,2.541
1154,1.3,31.474,2.5302
1154,1.4,31.6635,2.5091
1154,1.5,31.8695,2.4711
1154,1.6,32.0923,2.4072
1154,1.7,32.3323,2.3068
1154,1.8,32.5899,2.1586
1154,1.9,32.8654,1.9511
1154,2,33.1593,1.6721
1155,0,30.3437,2.55
1155,0.1,30.3501,2.55
1155,0.2,30.3695,2.55
1155,0.3,30.4019,2.55
1155,0.4,30.4474,2.55
1155,0.5,30.506,2.55
1155,0.6,30.578,2.55
1155,0.7,30.6636,2.5499
1155,0.8,30.7631,2.5498
1155,0.9,30.8766,2.5495
1155,1,31.0046,2.5485
1155,1.1,31.1474,2.5462
1155,1.2,31.3054,2.541
1155,1.3,31.479,2.5301
1155,1.4,31.6687,2.509
1155,1.5,31.8747,2.4709
1155,1.6,32.0976,2.407
1155,1.7,32.3377,2.3065
1155,1.8,32.5954,2.1583
1155,1.9,32.871,1.9508
1155,2,33.1651,1.6718
1156,0,30.348,2.55
1156,0.1,30.3545,2.55
1156,0.2,30.3739,2.55
1156,0.3,30.4063,2.55
1156,0.4,30.4518,2.55
1156,0.5,30.5105,2.55
1156,0.6,30.5825,2.55
1156,0.7,30.6682,2.5499
1156,0.8,30.7677,2.5498
1156,0.9,30.8813,2.5495
1156,1,31.0094,2.5485
1156,1.1,31.1523,2.5462
1156,1.2,31.3104,2.541
1156,1.3,31.4841,2.5301
1156,1.4,31.6738,2.5089
1156,1.5,31.88,2.4708
1156,1.6,32.103,2.4068
1156,1.7,32.3432,2.3063
1156,1.8,32.6009,2.158
1156,1.9,32.8767,1.9504
1156,2,33.1708,1.6715
1157,0,30.3524,2.55
1157,0.1,30.3589,2.55
1157,0.2,30.3783,2.55
1157,0.3,30.4107,2.55
1157,0.4,30.4562,2.55
1157,0.5,30.5149,2.55
1157,0.6,30.5871,2.55
1157,0.7,30.6728,2.5499
1157,0.8,30.7724,2.5498
1157,0.9,30.886,2.5495
1157,1,31.0142,2.5485
1157,1.1,31.1572,2.5462
1157,1.2,31.3154,2.541
1157,1.3,31.4892,2.53
1157,1.4,31.679,2.5088
1157,1.5,31.8852,2.4706
1157,1.6,32.1083,2.4066
1157,1.7,32.3486,2.306
1157,1.8,32.6065,2.1577
1157,1.9,32.8823,1.9501
1157,2,33.1766,1.6712
1158,0,30.3568,2.55
1158,0.1,30.3632,2.55
1158,0.2,30.3827,2.55
1158,0.3,30.4151,2.55
1158,0.4,30.4606,2.55
1158,0.5,30.5194,2.55
1158,0.6,30.5916,2.55
1158,0.7,30.6774,2.5499
1158,0.8,30.777,2.5498
1158,0.9,30.8908,2.5495
1158,1,31.019,2.5485
1158,1.1,31.1621,2.5462
1158,1.2,31.3203,2.5409
1158,1.3,31.4942,2.53
1158,1.4,31.6841,2.5087
1158,1.5,31.8905,2.4705
1158,1.6,32.1137,2.4064
1158,1.7,32.354,2.3058
1158,1.8,32.612,2.1574
1158,1.9,32.888,1.9498
1158,2,33.1824,1.6709
1159,0,30.3611,2.55
1159,0.1,30.3676,2.55
1159,0.2,30.3871,2.55
1159,0.3,30.4195,2.55
1159,0.4,30.4651,2.55
1159,0.5,30.5239,2.55
1159,0.6,30.5961,2.55
1159,0.7,30.6819,2.5499
1159,0.8,30.7816,2.5498
1159,0.9,30.8955,2.5494
1159,1,31.0238,2.5485
1159,1.1,31.1669,2.5462
1159,1.2,31.3253,2.5409
1159,1.3,31.4993,2.5299
1159,1.4,31.6893,2.5086
1159,1.5,31.8957,2.4704
1159,1.6,32.119,2.4062
1159,1.7,32.3595,2.3055
1159,1.8,32.6175,2.1571
1159,1.9,32.8936,1.9495
1159,2,33.1882,1.6706
1160,0,30.3655,2.55
1160,0.1,30.372,2.55
1160,0.2,30.3914,2.55
1160,0.3,30.4239,2.55
1160,0.4,30.4695,2.55
1160,0.5,30.5284,2.55
1160,0.6,30.6006,2.55
1160,0.7,30.6865,2.5499
1160,0.8,30.7863,2.5498
1160,0.9,30.9002,2.5494
1160,1,31.0286,2.5485
1160,1.1,31.1718,2.5461
1160,1.2,31.3303,2.5409
1160,1.3,31.5044,2.5299
1160,1.4,31.6945,2.5085
1160,1.5,31.901,2.4702
1160,1.6,32.1244,2.406
1160,1.7,32.3649,2.3053
1160,1.8,32.6231,2.1568
1160,1.9,32.8993,1.9492
1160,2,33.194,1.6703
1161,0,30.3699,2.55
1161,0.1,30.3764,2.55
1161,0.2,30.3958,2.55
1161,0.3,30.4283,2.55
1161,0.4,30.474,2.55
1161,0.5,30.5328,2.55
1161,0.6,30.6051,2.55
1161,0.7,30.6911,2.5499
1161,0.8,30.7909,2.5498
1161,0.9,30.9049,2.5494
1161,1,31.0334,2.5485
1161,1.1,31.1767,2.5461
1161,1.2,31.3353,2.5408
1161,1.3,31.5094,2.5298
1161,1.4,31.6996,2.5085
1161,1.5,31.9063,2.4701
1161,1.6,32.1297,2.4058
1161,1.7,32.3704,2.305
1161,1.8,32.6286,2.1565
1161,1.9,32.9049,1.9489
1161,2,33.1997,1.67
1162,0,30.3743,2.55
1162,0.1,30.3808,2.55
1162,0.2,30.4002,2.55
1162,0.3,30.4327,2.55
1162,0.4,30.4784,2.55
1162,0.5,30.5373,2.55
1162,0.6,30.6097,2.55
1162,0.7,30.6957,2.5499
1162,0.8,30.7956,2.5498
1162,0.9,30.9096,2.5494
1162,1,31.0382,2.5485
1162,1.1,31.1816,2.5461
1162,1.2,31.3402,2.5408
1162,1.3,31.5145,2.5297
1162,1.4,31.7048,2.5084
1162,1.5,31.9115,2.4699
1162,1.6,32.1351,2.4056
1162,1.7,32.3758,2.3048
1162,1.8,32.6342,2.1562
1162,1.9,32.9106,1.9486
1162,2,33.2055,1.6697
1163,0,30.3787,2.55
1163,0.1,30.3851,2.55
1163,0.2,30.4046,2.55
1163,0.3,30.4372,2.55
1163,0.4,30.4828,2.55
1163,0.5,30.5418,2.55
1163,0.6,30.6142,2.55
1163,0.7,30.7003,2.5499
1163,0.8,30.8002,2.5498
1163,0.9,30.9144,2.5494
1163,1,31.043,2.5485
1163,1.1,31.1865,2.5461
1163,1.2,31.3452,2.5408
1163,1.3,31.5196,2.5297
1163,1.4,31.71,2.5083
1163,1.5,31.9168,2.4698
1163,1.6,32.1404,2.4054
1163,1.7,32.3813,2.3045
1163,1.8,32.6397,2.1559
1163,1.9,32.9163,1.9483
1163,2,33.2113,1.6694
1164,0,30.383,2.55
1164,0.1,30.3895,2.55
1164,0.2,30.409,2.55
1164,0.3,30.4416,2.55
1164,0.4,30.4873,2.55
1164,0.5,30.5463,2.55
1164,0.6,30.6187,2.55
1164,0.7,30.7049,2.5499
1164,0.8,30.8049,2.5498
1164,0.9,30.9191,2.5494
1164,1,31.0478,2.5485
1164,1.1,31.1914,2.5461
1164,1.2,31.3502,2.5407
1164,1.3,31.5247,2.5296
1164,1.4,31.7151,2.5082
1164,1.5,31.9221,2.4697
1164,1.6,32.1458,2.4052
1164,1.7,32.3867,2.3043
1164,1.8,32.6453,2.1556
1164,1.9,32.9219,1.948
1164,2,33.2171,1.6691
1165,0,30.3874,2.55
1165,0.1,30.3939,2.55
1165,0.2,30.4134,2.55
1165,0.3,30.446,2.55
1165,0.4,30.4918,2.55
1165,0.5,30.5508,2.55
1165,0.6,30.6233,2.55
1165,0.7,30.7094,2.5499
1165,0.8,30.8095,2.5498
1165,0.9,30.9238,2.5494
1165,1,31.0526,2.5484
1165,1.1,31.1963,2.5461
1165,1.2,31.3552,2.5407
1165,1.3,31.5297,2.5296
1165,1.4,31.7203,2.5081
1165,1.5,31.9273,2.4695
1165,1.6,32.1511,2.405
1165,1.7,32.3922,2.304
1165,1.8,32.6509,2.1554
1165,1.9,32.9276,1.9477
1165,2,33.2229,1.6689
1166,0,30.3918,2.55
1166,0.1,30.3983,2.55
1166,0.2,30.4178,2.55
1166,0.3,30.4504,2.55
1166,0.4,30.4962,2.55
1166,0.5,30.5553,2.55
1166,0.6,30.6278,2.55
1166,0.7,30.714,2.5499
1166,0.8,30.8142,2.5498
1166,0.9,30.9285,2.5494
1166,1,31.0574,2.5484
1166,1.1,31.2012,2.546
1166,1.2,31.3602,2.5407
1166,1.3,31.5348,2.5295
1166,1.4,31.7255,2.508
1166,1.5,31.9326,2.4694
1166,1.6,32.1565,2.4048
1166,1.7,32.3976,2.3038
1166,1.8,32.6564,2.1551
1166,1.9,32.9333,1.9474
1166,2,33.2287,1.6686
1167,0,30.3962,2.55
1167,0.1,30.4027,2.55
1167,0.2,30.4222,2.55
1167,0.3,30.4549,2.55
1167,0.4,30.5007,2.55
1167,0.5,30.5598,2.55
1167,0.6,30.6324,2.55
1167,0.7,30.7186,2.5499
1167,0.8,30.8188,2.5498
1167,0.9,30.9333,2.5494
1167,1,31.0622,2.5484
1167,1.1,31.2061,2.546
1167,1.2,31.3652,2.5406
1167,1.3,31.5399,2.5295
1167,1.4,31.7307,2.5079
1167,1.5,31.9378,2.4692
1167,1.6,32.1619,2.4046
1167,1.7,32.4031,2.3036
1167,1.8,32.662,2.1548
1167,1.9,32.939,1.947
1167,2,33.2345,1.6683
1168,0,30.4006,2.55
1168,0.1,30.4071,2.55
1168,0.2,30.4267,2.55
1168,0.3,30.4593,2.55
1168,0.4,30.5051,2.55
1168,0.5,30.5643,2.55
1168,0.6,30.6369,2.55
1168,0.7,30.7232,2.5499
1168,0.8,30.8235,2.5498
1168,0.9,30.938,2.5494
1168,1,31.067,2.5484
1168,1.1,31.211,2.546
1168,1.2,31.3702,2.5406
1168,1.3,31.545,2.5294
1168,1.4,31.7358,2.5078
1168,1.5,31.9431,2.4691
1168,1.6,32.1672,2.4044
1168,1.7,32.4086,2.3033
1168,1.8,32.6676,2.1545
1168,1.9,32.9447,1.9467
1168,2,33.2404,1.668
1169,0,30.405,2.55
1169,0.1,30.4115,2.55
1169,0.2,30.4311,2.55
1169,0.3,30.4637,2.55
1169,0.4,30.5096,2.55
1169,0.5,30.5688,2.55
1169,0.6,30.6415,2.55
1169,0.7,30.7278,2.5499
1169,0.8,30.8282,2.5498
1169,0.9,30.9428,2.5494
1169,1,31.0719,2.5484
1169,1.1,31.2159,2.546
1169,1.2,31.3751,2.5406
1169,1.3,31.5501,2.5294
1169,1.4,31.741,2.5077
1169,1.5,31.9484,2.469
1169,1.6,32.1726,2.4042
1169,1.7,32.414,2.3031
1169,1.8,32.6731,2.1542
1169,1.9,32.9503,1.9464
1169,2,33.2462,1.6677
1170,0,30.4094,2.55
1170,0.1,30.4159,2.55
1170,0.2,30.4355,2.55
1170,0.3,30.4682,2.55
1170,0.4,30.5141,2.55
1170,0.5,30.5733,2.55
1170,0.6,30.646,2.55
1170,0.7,30.7325,2.5499
1170,0.8,30.8329,2.5498
1170,0.9,30.9475,2.5494
1170,1,31.0767,2.5484
1170,1.1,31.2208,2.546
1170,1.2,31.3801,2.5406
1170,1.3,31.5551,2.5293
1170,1.4,31.7462,2.5076
1170,1.5,31.9537,2.4688
1170,1.6,32.178,2.404
1170,1.7,32.4195,2.3028
1170,1.8,32.6787,2.1539
1170,1.9,32.956,1.9461
1170,2,33.252,1.6674
1171,0,30.4138,2.55
1171,0.1,30.4203,2.55
1171,0.2,30.4399,2.55
1171,0.3,30.4726,2.55
1171,0.4,30.5185,2.55
1171,0.5,30.5778,2.55
1171,0.6,30.6506,2.55
1171,0.7,30.7371,2.5499
1171,0.8,30.8375,2.5498
1171,0.9,30.9522,2.5494
1171,1,31.0815,2.5484
1171,1.1,31.2257,2.546
1171,1.2,31.3851,2.5405
1171,1.3,31.5602,2.5292
1171,1.4,31.7514,2.5075
1171,1.5,31.9589,2.4687
1171,1.6,32.1833,2.4038
1171,1.7,32.425,2.3026
1171,1.8,32.6843,2.1536
1171,1.9,32.9617,1.9458
1171,2,33.2578,1.6671
1172,0,30.4182,2.55
1172,0.1,30.4247,2.55
1172,0.2,30.4443,2.55
1172,0.3,30.4771,2.55
1172,0.4,30.523,2.55
1172,0.5,30.5823,2.55
1172,0.6,30.6551,2.55
1172,0.7,30.7417,2.5499
1172,0.8,30.8422,2.5498
1172,0.9,30.957,2.5494
1172,1,31.0863,2.5484
1172,1.1,31.2306,2.546
1172,1.2,31.3901,2.5405
1172,1.3,31.5653,2.5292
1172,1.4,31.7565,2.5074
1172,1.5,31.9642,2.4685
1172,1.6,32.1887,2.4036
1172,1.7,32.4304,2.3023
1172,1.8,32.6899,2.1533
1172,1.9,32.9674,1.9455
1172,2,33.2636,1.6668
1173,0,30.4226,2.55
1173,0.1,30.4291,2.55
1173,0.2,30.4488,2.55
1173,0.3,30.4815,2.55
1173,0.4,30.5275,2.55
1173,0.5,30.5868,2.55
1173,0.6,30.6597,2.55
1173,0.7,30.7463,2.5499
1173,0.8,30.8469,2.5498
1173,0.9,30.9617,2.5494
1173,1,31.0912,2.5484
1173,1.1,31.2355,2.5459
1173,1.2,31.3951,2.5405
1173,1.3,31.5704,2.5291
1173,1.4,31.7617,2.5073
1173,1.5,31.9695,2.4684
1173,1.6,32.1941,2.4034
1173,1.7,32.4359,2.3021
1173,1.8,32.6954,2.153
1173,1.9,32.9731,1.9452
1173,2,33.2695,1.6665
1174,0,30.427,2.55
1174,0.1,30.4336,2.55
1174,0.2,30.4532,2.55
1174,0.3,30.486,2.55
1174,0.4,30.532,2.55
1174,0.5,30.5913,2.55
1174,0.6,30.6643,2.55
1174,0.7,30.7509,2.5499
1174,0.8,30.8516,2.5498
1174,0.9,30.9665,2.5494
1174,1,31.096,2.5484
1174,1.1,31.2404,2.5459
1174,1.2,31.4001,2.5404
1174,1.3,31.5755,2.5291
1174,1.4,31.7669,2.5072
1174,1.5,31.9748,2.4682
1174,1.6,32.1994,2.4033
1174,1.7,32.4414,2.3018
1174,1.8,32.701,2.1527
1174,1.9,32.9788,1.9449
1174,2,33.2753,1.6662
1175,0,30.4314,2.55
1175,0.1,30.438,2.55
1175,0.2,30.4576,2.55
1175,0.3,30.4904,2.55
1175,0.4,30.5364,2.55
1175,0.5,30.5959,2.55
1175,0.6,30.6688,2.55
1175,0.7,30.7555,2.5499
1175,0.8,30.8562,2.5498
1175,0.9,30.9712,2.5494
1175,1,31.1008,2.5484
1175,1.1,31.2453,2.5459
1175,1.2,31.4051,2.5404
1175,1.3,31.5806,2.529
1175,1.4,31.7721,2.5072
1175,1.5,31.98,2.4681
1175,1.6,32.2048,2.4031
1175,1.7,32.4469,2.3016
1175,1.8,32.7066,2.1525
1175,1.9,32.9845,1.9446
1175,2,33.2811,1.6659
1176,0,30.4359,2.55
1176,0.1,30.4424,2.55
1176,0.2,30.462,2.55
1176,0.3,30.4949,2.55
1176,0.4,30.5409,2.55
1176,0.5,30.6004,2.55
1176,0.6,30.6734,2.55
1176,0.7,30.7602,2.5499
1176,0.8,30.8609,2.5498
1176,0.9,30.976,2.5494
1176,1,31.1057,2.5484
1176,1.1,31.2502,2.5459
1176,1.2,31.4101,2.5404
1176,1.3,31.5857,2.529
1176,1.4,31.7773,2.5071
1176,1.5,31.9853,2.468
1176,1.6,32.2102,2.4029
1176,1.7,32.4523,2.3013
1176,1.8,32.7122,2.1522
1176,1.9,32.9902,1.9443
1176,2,33.2869,1.6656
1177,0,30.4403,2.55
1177,0.1,30.4468,2.55
1177,0.2,30.4665,2.55
1177,0.3,30.4993,2.55
1177,0.4,30.5454,2.55
1177,0.5,30.6049,2.55
1177,0.6,30.678,2.55
1177,0.7,30.7648,2.5499
1177,0.8,30.8656,2.5498
1177,0.9,30.9808,2.5494
1177,1,31.1105,2.5484
1177,1.1,31.2552,2.5459
1177,1.2,31.4151,2.5403
1177,1.3,31.5908,2.5289
1177,1.4,31.7825,2.507
1177,1.5,31.9906,2.4678
1177,1.6,32.2156,2.4027
1177,1.7,32.4578,2.3011
1177,1.8,32.7178,2.1519
1177,1.9,32.9959,1.944
1177,2,33.2928,1.6653
1178,0,30.4447,2.55
1178,0.1,30.4512,2.55
1178,0.2,30.4709,2.55
1178,0.3,30.5038,2.55
1178,0.4,30.5499,2.55
1178,0.5,30.6094,2.55
1178,0.6,30.6825,2.55
1178,0.7,30.7694,2.5499
1178,0.8,30.8703,2.5498
1178,0.9,30.9855,2.5494
1178,1,31.1153,2.5483
1178,1.1,31.2601,2.5459
1178,1.2,31.4201,2.5403
1178,1.3,31.5959,2.5288
1178,1.4,31.7876,2.5069
1178,1.5,31.9959,2.4677
1178,1.6,32.221,2.4025
1178,1.7,32.4633,2.3008
1178,1.8,32.7234,2.1516
1178,1.9,33.0017,1.9437
1178,2,33.2986,1.665
1179,0,30.4491,2.55
1179,0.1,30.4557,2.55
1179,0.2,30.4754,2.55
1179,0.3,30.5082,2.55
1179,0.4,30.5544,2.55
1179,0.5,30.614,2.55
1179,0.6,30.6871,2.55
1179,0.7,30.774,2.5499
1179,0.8,30.875,2.5498
1179,0.9,30.9903,2.5494
1179,1,31.1202,2.5483
1179,1.1,31.265,2.5458
1179,1.2,31.4251,2.5403
1179,1.3,31.601,2.5288
1179,1.4,31.7928,2.5068
1179,1.5,32.0012,2.4675
1179,1.6,32.2263,2.4023
1179,1.7,32.4688,2.3006
1179,1.8,32.729,2.1513
1179,1.9,33.0074,1.9434
1179,2,33.3045,1.6647
1180,0,30.4536,2.55
1180,0.1,30.4601,2.55
1180,0.2,30.4798,2.55
1180,0.3,30.5127,2.55
1180,0.4,30.5589,2.55
1180,0.5,30.6185,2.55
1180,0.6,30.6917,2.55
1180,0.7,30.7787,2.5499
1180,0.8,30.8797,2.5498
1180,0.9,30.9951,2.5494
1180,1,31.125,2.5483
1180,1.1,31.2699,2.5458
1180,1.2,31.4302,2.5402
1180,1.3,31.6061,2.5287
1180,1.4,31.798,2.5067
1180,1.5,32.0064,2.4674
1180,1.6,32.2317,2.4021
1180,1.7,32.4743,2.3003
1180,1.8,32.7346,2.151
1180,1.9,33.0131,1.943
1180,2,33.3103,1.6644
1181,0,30.458,2.55
1181,0.1,30.4645,2.55
1181,0.2,30.4843,2.55
1181,0.3,30.5172,2.55
1181,0.4,30.5634,2.55
1181,0.5,30.623,2.55
1181,0.6,30.6963,2.55
1181,0.7,30.7833,2.5499
1181,0.8,30.8844,2.5498
1181,0.9,30.9998,2.5494
1181,1,31.1299,2.5483
1181,1.1,31.2749,2.5458
1181,1.2,31.4352,2.5402
1181,1.3,31.6112,2.5287
1181,1.4,31.8032,2.5066
1181,1.5,32.0117,2.4673
1181,1.6,32.2371,2.4019
1181,1.7,32.4798,2.3001
1181,1.8,32.7402,2.1507
1181,1.9,33.0188,1.9427
1181,2,33.3161,1.6641
1182,0,30.4624,2.55
1182,0.1,30.469,2.55
1182,0.2,30.4887,2.55
1182,0.3,30.5216,2.55
1182,0.4,30.5679,2.55
1182,0.5,30.6276,2.55
1182,0.6,30.7009,2.55
1182,0.7,30.788,2.5499
1182,0.8,30.8891,2.5498
1182,0.9,31.0046,2.5494
1182,1,31.1347,2.5483
1182,1.1,31.2798,2.5458
1182,1.2,31.4402,2.5402
1182,1.3,31.6163,2.5286
1182,1.4,31.8084,2.5065
1182,1.5,32.017,2.4671
1182,1.6,32.2425,2.4017
1182,1.7,32.4853,2.2998
1182,1.8,32.7458,2.1504
1182,1.9,33.0245,1.9424
1182,2,33.322,1.6638
1183,0,30.4669,2.55
1183,0.1,30.4734,2.55
1183,0.2,30.4932,2.55
1183,0.3,30.5261,2.55
1183,0.4,30.5724,2.55
1183,0.5,30.6321,2.55
1183,0.6,30.7055,2.55
1183,0.7,30.7926,2.5499
1183,0.8,30.8938,2.5498
1183,0.9,31.0094,2.5494
1183,1,31.1396,2.5483
1183,1.1,31.2847,2.5458
1183,1.2,31.4452,2.5401
1183,1.3,31.6214,2.5286
1183,1.4,31.8136,2.5064
1183,1.5,32.0223,2.467
1183,1.6,32.2479,2.4015
1183,1.7,32.4908,2.2996
1183,1.8,32.7514,2.1501
1183,1.9,33.0302,1.9421
1183,2,33.3278,1.6636
1184,0,30.4713,2.55
1184,0.1,30.4779,2.55
1184,0.2,30.4976,2.55
1184,0.3,30.5306,2.55
1184,0.4,30.5769,2.55
1184,0.5,30.6367,2.55
1184,0.6,30.71,2.55
1184,0.7,30.7973,2.5499
1184,0.8,30.8985,2.5498
1184,0.9,31.0141,2.5494
1184,1,31.1444,2.5483
1184,1.1,31.2897,2.5458
1184,1.2,31.4502,2.5401
1184,1.3,31.6265,2.5285
1184,1.4,31.8188,2.5063
1184,1.5,32.0276,2.4668
1184,1.6,32.2533,2.4013
1184,1.7,32.4963,2.2993
1184,1.8,32.757,2.1499
1184,1.9,33.036,1.9418
1184,2,33.3337,1.6633
1185,0,30.4757,2.55
1185,0.1,30.4823,2.55
1185,0.2,30.5021,2.55
1185,0.3,30.5351,2.55
1185,0.4,30.5814,2.55
1185,0.5,30.6412,2.55
1185,0.6,30.7146,2.55
1185,0.7,30.8019,2.5499
1185,0.8,30.9032,2.5498
1185,0.9,31.0189,2.5494
1185,1,31.1493,2.5483
1185,1.1,31.2946,2.5457
1185,1.2,31.4552,2.5401
1185,1.3,31.6316,2.5284
1185,1.4,31.824,2.5062
1185,1.5,32.0329,2.4667
1185,1.6,32.2587,2.4011
1185,1.7,32.5018,2.2991
1185,1.8,32.7626,2.1496
1185,1.9,33.0417,1.9415
1185,2,33.3395,1.663
1186,0,30.4802,2.55
1186,0.1,30.4868,2.55
1186,0.2,30.5065,2.55
1186,0.3,30.5396,2.55
1186,0.4,30.5859,2.55
1186,0.5,30.6458,2.55
1186,0.6,30.7192,2.55
1186,0.7,30.8066,2.5499
1186,0.8,30.908,2.5498
1186,0.9,31.0237,2.5494
1186,1,31.1541,2.5483
1186,1.1,31.2995,2.5457
1186,1.2,31.4603,2.54
1186,1.3,31.6367,2.5284
1186,1.4,31.8292,2.5061
1186,1.5,32.0382,2.4666
1186,1.6,32.2641,2.4009
1186,1.7,32.5073,2.2988
1186,1.8,32.7682,2.1493
1186,1.9,33.0474,1.9412
1186,2,33.3454,1.6627
1187,0,30.4846,2.55
1187,0.1,30.4912,2.55
1187,0.2,30.511,2.55
1187,0.3,30.5441,2.55
1187,0.4,30.5904,2.55
1187,0.5,30.6503,2.55
1187,0.6,30.7238,2.55
1187,0.7,30.8112,2.5499
1187,0.8,30.9127,2.5498
1187,0.9,31.0285,2.5494
1187,1,31.159,2.5483
1187,1.1,31.3045,2.5457
1187,1.2,31.4653,2.54
1187,1.3,31.6418,2.5283
1187,1.4,31.8344,2.506
1187,1.5,32.0435,2.4664
1187,1.6,32.2695,2.4007
1187,1.7,32.5128,2.2986
1187,1.8,32.7738,2.149
1187,1.9,33.0532,1.9409
1187,2,33.3513,1.6624
1188,0,30.4891,2.55
1188,0.1,30.4957,2.55
1188,0.2,30.5155,2.55
1188,0.3,30.5485,2.55
1188,0.4,30.595,2.55
1188,0.5,30.6549,2.55
1188,0.6,30.7284,2.55
1188,0.7,30.8159,2.5499
1188,0.8,30.9174,2.5498
1188,0.9,31.0333,2.5494
1188,1,31.1638,2.5483
1188,1.1,31.3094,2.5457
1188,1.2,31.4703,2.54
1188,1.3,31.6469,2.5283
1188,1.4,31.8396,2.5059
1188,1.5,32.0488,2.4663
1188,1.6,32.2749,2.4005
1188,1.7,32.5183,2.2983
1188,1.8,32.7795,2.1487
1188,1.9,33.0589,1.9406
1188,2,33.3571,1.6621
1189,0,30.4935,2.55
1189,0.1,30.5001,2.55
1189,0.2,30.5199,2.55
1189,0.3,30.553,2.55
1189,0.4,30.5995,2.55
1189,0.5,30.6594,2.55
1189,0.6,30.733,2.55
1189,0.7,30.8205,2.5499
1189,0.8,30.9221,2.5498
1189,0.9,31.0381,2.5493
1189,1,31.1687,2.5483
1189,1.1,31.3143,2.5457
1189,1.2,31.4753,2.54
1189,1.3,31.652,2.5282
1189,1.4,31.8448,2.5058
1189,1.5,32.0541,2.4661
1189,1.6,32.2803,2.4003
1189,1.7,32.5238,2.2981
1189,1.8,32.7851,2.1484
1189,1.9,33.0646,1.9403
1189,2,33.363,1.6618
1190,0,30.498,2.55
1190,0.1,30.5046,2.55
1190,0.2,30.5244,2.55
1190,0.3,30.5575,2.55
1190,0.4,30.604,2.55
1190,0.5,30.664,2.55
1190,0.6,30.7377,2.55
1190,0.7,30.8252,2.5499
1190,0.8,30.9268,2.5498
1190,0.9,31.0429,2.5493
1190,1,31.1736,2.5483
1190,1.1,31.3193,2.5457
1190,1.2,31.4804,2.5399
1190,1.3,31.6571,2.5282
1190,1.4,31.85,2.5057
1190,1.5,32.0594,2.466
1190,1.6,32.2857,2.4001
1190,1.7,32.5293,2.2978
1190,1.8,32.7907,2.1481
1190,1.9,33.0704,1.94
1190,2,33.3689,1.6615
1191,0,30.5025,2.55
1191,0.1,30.5091,2.55
1191,0.2,30.5289,2.55
1191,0.3,30.562,2.55
1191,0.4,30.6085,2.55
1191,0.5,30.6686,2.55
1191,0.6,30.7423,2.55
1191,0.7,30.8298,2.5499
1191,0.8,30.9316,2.5498
1191,0.9,31.0477,2.5493
1191,1,31.1784,2.5482
1191,1.1,31.3242,2.5456
1191,1.2,31.4854,2.5399
1191,1.3,31.6623,2.5281
1191,1.4,31.8552,2.5057
1191,1.5,32.0647,2.4658
1191,1.6,32.2911,2.3999
1191,1.7,32.5348,2.2976
1191,1.8,32.7963,2.1478
1191,1.9,33.0761,1.9397
1191,2,33.3747,1.6612
1192,0,30.5069,2.55
1192,0.1,30.5135,2.55
1192,0.2,30.5334,2.55
1192,0.3,30.5665,2.55
1192,0.4,30.6131,2.55
1192,0.5,30.6731,2.55
1192,0.6,30.7469,2.55
1192,0.7,30.8345,2.5499
1192,0.8,30.9363,2.5498
1192,0.9,31.0525,2.5493
1192,1,31.1833,2.5482
1192,1.1,31.3292,2.5456
1192,1.2,31.4904,2.5399
1192,1.3,31.6674,2.528
1192,1.4,31.8605,2.5056
1192,1.5,32.07,2.4657
1192,1.6,32.2965,2.3997
1192,1.7,32.5403,2.2973
1192,1.8,32.8019,2.1475
1192,1.9,33.0819,1.9394
1192,2,33.3806,1.6609
1193,0,30.5114,2.55
1193,0.1,30.518,2.55
1193,0.2,30.5379,2.55
1193,0.3,30.571,2.55
1193,0.4,30.6176,2.55
1193,0.5,30.6777,2.55
1193,0.6,30.7515,2.55
1193,0.7,30.8392,2.5499
1193,0.8,30.941,2.5498
1193,0.9,31.0572,2.5493
1193,1,31.1882,2.5482
1193,1.1,31.3341,2.5456
1193,1.2,31.4955,2.5398
1193,1.3,31.6725,2.528
1193,1.4,31.8657,2.5055
1193,1.5,32.0753,2.4656
1193,1.6,32.3019,2.3995
1193,1.7,32.5458,2.2971
1193,1.8,32.8076,2.1473
1193,1.9,33.0876,1.9391
1193,2,33.3865,1.6606
1194,0,30.5159,2.55
1194,0.1,30.5225,2.55
1194,0.2,30.5423,2.55
1194,0.3,30.5755,2.55
1194,0.4,30.6221,2.55
1194,0.5,30.6823,2.55
1194,0.6,30.7561,2.55
1194,0.7,30.8439,2.5499
1194,0.8,30.9457,2.5498
1194,0.9,31.062,2.5493
1194,1,31.1931,2.5482
1194,1.1,31.3391,2.5456
1194,1.2,31.5005,2.5398
1194,1.3,31.6776,2.5279
1194,1.4,31.8709,2.5054
1194,1.5,32.0806,2.4654
1194,1.6,32.3073,2.3993
1194,1.7,32.5514,2.2968
1194,1.8,32.8132,2.147
1194,1.9,33.0934,1.9388
1194,2,33.3923,1.6603
1195,0,30.5203,2.55
1195,0.1,30.5269,2.55
1195,0.2,30.5468,2.55
1195,0.3,30.58,2.55
1195,0.4,30.6267,2.55
1195,0.5,30.6868,2.55
1195,0.6,30.7607,2.55
1195,0.7,30.8485,2.5499
1195,0.8,30.9505,2.5498
1195,0.9,31.0669,2.5493
1195,1,31.1979,2.5482
1195,1.1,31.344,2.5456
1195,1.2,31.5055,2.5398
1195,1.3,31.6828,2.5279
1195,1.4,31.8761,2.5053
1195,1.5,32.086,2.4653
1195,1.6,32.3127,2.3991
1195,1.7,32.5569,2.2966
1195,1.8,32.8188,2.1467
1195,1.9,33.0991,1.9385
1195,2,33.3982,1.6601
1196,0,30.5248,2.55
1196,0.1,30.5314,2.55
1196,0.2,30.5513,2.55
1196,0.3,30.5846,2.55
1196,0.4,30.6312,2.55
1196,0.5,30.6914,2.55
1196,0.6,30.7654,2.55
1196,0.7,30.8532,2.5499
1196,0.8,30.9552,2.5498
1196,0.9,31.0717,2.5493
1196,1,31.2028,2.5482
1196,1.1,31.349,2.5456
1196,1.2,31.5106,2.5397
1196,1.3,31.6879,2.5278
1196,1.4,31.8813,2.5052
1196,1.5,32.0913,2.4651
1196,1.6,32.3182,2.3989
1196,1.7,32.5624,2.2963
1196,1.8,32.8245,2.1464
1196,1.9,33.1049,1.9382
1196,2,33.4041,1.6598
1197,0,30.5293,2.55
1197,0.1,30.5359,2.55
1197,0.2,30.5558,2.55
1197,0.3,30.5891,2.55
1197,0.4,30.6358,2.55
1197,0.5,30.696,2.55
1197,0.6,30.77,2.55
1197,0.7,30.8579,2.5499
1197,0.8,30.96,2.5498
1197,0.9,31.0765,2.5493
1197,1,31.2077,2.5482
1197,1.1,31.354,2.5455
1197,1.2,31.5156,2.5397
1197,1.3,31.693,2.5278
1197,1.4,31.8865,2.5051
1197,1.5,32.0966,2.465
1197,1.6,32.3236,2.3988
1197,1.7,32.5679,2.2961
1197,1.8,32.8301,2.1461
1197,1.9,33.1106,1.9379
1197,2,33.41,1.6595
1198,0,30.5338,2.55
1198,0.1,30.5404,2.55
1198,0.2,30.5603,2.55
1198,0.3,30.5936,2.55
1198,0.4,30.6403,2.55
1198,0.5,30.7006,2.55
1198,0.6,30.7746,2.55
1198,0.7,30.8626,2.5499
1198,0.8,30.9647,2.5498
1198,0.9,31.0813,2.5493
1198,1,31.2126,2.5482
1198,1.1,31.3589,2.5455
1198,1.2,31.5207,2.5397
1198,1.3,31.6981,2.5277
1198,1.4,31.8918,2.505
1198,1.5,32.1019,2.4649
1198,1.6,32.329,2.3986
1198,1.7,32.5735,2.2959
1198,1.8,32.8358,2.1458
1198,1.9,33.1164,1.9376
1198,2,33.4159,1.6592
1199,0,30.5382,2.55
1199,0.1,30.5449,2.55
1199,0.2,30.5648,2.55
1199,0.3,30.5981,2.55
1199,0.4,30.6449,2.55
1199,0.5,30.7052,2.55
1199,0.6,30.7792,2.55
1199,0.7,30.8673,2.5499
1199,0.8,30.9695,2.5498
1199,0.9,31.0861,2.5493
1199,1,31.2175,2.5482
1199,1.1,31.3639,2.5455
1199,1.2,31.5257,2.5396
1199,1.3,31.7033,2.5276
1199,1.4,31.897,2.5049
1199,1.5,32.1072,2.4647
1199,1.6,32.3344,2.3984
1199,1.7,32.579,2.2956
1199,1.8,32.8414,2.1455
1199,1.9,33.1221,1.9373
1199,2,33.4217,1.6589
1200,0,30.5427,2.55
1200,0.1,30.5494,2.55
1200,0.2,30.5693,2.55
1200,0.3,30.6026,2.55
1200,0.4,30.6494,2.55
1200,0.5,30.7098,2.55
1200,0.6,30.7839,2.55
1200,0.7,30.8719,2.5499
1200,0.8,30.9742,2.5498
1200,0.9,31.0909,2.5493
1200,1,31.2223,2.5482
1200,1.1,31.3689,2.5455
1200,1.2,31.5308,2.5396
1200,1.3,31.7084,2.5276
1200,1.4,31.9022,2.5048
1200,1.5,32.1126,2.4646
1200,1.6,32.3398,2.3982
1200,1.7,32.5845,2.2954
1200,1.8,32.847,2.1453
1200,1.9,33.1279,1.937
1200,2,33.4276,1.6586
1201,0,30.5472,2.55
1201,0.1,30.5539,2.55
1201,0.2,30.5738,2.55
1201,0.3,30.6072,2.55
1201,0.4,30.654,2.55
1201,0.5,30.7144,2.55
1201,0.6,30.7885,2.55
1201,0.7,30.8766,2.5499
1201,0.8,30.979,2.5498
1201,0.9,31.0957,2.5493
1201,1,31.2272,2.5482
1201,1.1,31.3738,2.5455
1201,1.2,31.5358,2.5396
1201,1.3,31.7136,2.5275
1201,1.4,31.9074,2.5047
1201,1.5,32.1179,2.4644
1201,1.6,32.3453,2.398
1201,1.7,32.59,2.2951
1201,1.8,32.8527,2.145
1201,1.9,33.1337,1.9367
1201,2,33.4334,1.6583
1202,0,30.5517,2.55
1202,0.1,30.5584,2.55
1202,0.2,30.5783,2.55
1202,0.3,30.6117,2.55
1202,0.4,30.6585,2.55
1202,0.5,30.719,2.55
1202,0.6,30.7932,2.55
1202,0.7,30.8813,2.5499
1202,0.8,30.9837,2.5498
1202,0.9,31.1005,2.5493
1202,1,31.2321,2.5482
1202,1.1,31.3788,2.5455
1202,1.2,31.5409,2.5395
1202,1.3,31.7187,2.5275
1202,1.4,31.9127,2.5046
1202,1.5,32.1232,2.4643
1202,1.6,32.3507,2.3978
1202,1.7,32.5956,2.2949
1202,1.8,32.8583,2.1447
1202,1.9,33.1394,1.9364
1202,2,33.4392,1.658
1203,0,30.5562,2.55
1203,0.1,30.5629,2.55
1203,0.2,30.5828,2.55
1203,0.3,30.6162,2.55
1203,0.4,30.6631,2.55
1203,0.5,30.7236,2.55
1203,0.6,30.7978,2.55
1203,0.7,30.886,2.5499
1203,0.8,30.9885,2.5498
1203,0.9,31.1054,2.5493
1203,1,31.237,2.5481
1203,1.1,31.3838,2.5454
1203,1.2,31.5459,2.5395
1203,1.3,31.7238,2.5274
1203,1.4,31.9179,2.5045
1203,1.5,32.1285,2.4641
1203,1.6,32.3561,2.3976
1203,1.7,32.6011,2.2946
1203,1.8,32.864,2.1444
1203,1.9,33.1452,1.9361
1203,2,33.4449,1.6577
1204,0,30.5607,2.55
1204,0.1,30.5674,2.55
1204,0.2,30.5874,2.55
1204,0.3,30.6208,2.55
1204,0.4,30.6676,2.55
1204,0.5,30.7282,2.55
1204,0.6,30.8025,2.55
1204,0.7,30.8907,2.5499
1204,0.8,30.9932,2.5498
1204,0.9,31.1102,2.5493
1204,1,31.2419,2.5481
1204,1.1,31.3887,2.5454
1204,1.2,31.551,2.5395
1204,1.3,31.729,2.5273
1204,1.4,31.9231,2.5044
1204,1.5,32.1339,2.464
1204,1.6,32.3616,2.3974
1204,1.7,32.6067,2.2944
1204,1.8,32.8696,2.1441
1204,1.9,33.1509,1.9357
1204,2,33.4506,1.6575
1205,0,30.5652,2.55
1205,0.1,30.5719,2.55
1205,0.2,30.5919,2.55
1205,0.3,30.6253,2.55
1205,0.4,30.6722,2.55
1205,0.5,30.7328,2.55
1205,0.6,30.8071,2.55
1205,0.7,30.8954,2.5499
1205,0.8,30.998,2.5497
1205,0.9,31.115,2.5493
1205,1,31.2468,2.5481
1205,1.1,31.3937,2.5454
1205,1.2,31.556,2.5394
1205,1.3,31.7341,2.5273
1205,1.4,31.9284,2.5043
1205,1.5,32.1392,2.4639
1205,1.6,32.367,2.3972
1205,1.7,32.6122,2.2941
1205,1.8,32.8753,2.1438
1205,1.9,33.1566,1.9354
1205,2,33.4563,1.6572
1206,0,30.5697,2.55
1206,0.1,30.5764,2.55
1206,0.2,30.5964,2.55
1206,0.3,30.6298,2.55
1206,0.4,30.6768,2.55
1206,0.5,30.7374,2.55
1206,0.6,30.8118,2.55
1206,0.7,30.9001,2.5499
1206,0.8,31.0027,2.5497
1206,0.9,31.1198,2.5493
1206,1,31.2517,2.5481
1206,1.1,31.3987,2.5454
1206,1.2,31.5611,2.5394
1206,1.3,31.7393,2.5272
1206,1.4,31.9336,2.5042
1206,1.5,32.1445,2.4637
1206,1.6,32.3724,2.397
1206,1.7,32.6177,2.2939
1206,1.8,32.8809,2.1435
1206,1.9,33.1623,1.9351
1206,2,33.4619,1.6569
1207,0,30.5742,2.55
1207,0.1,30.5809,2.55
1207,0.2,30.6009,2.55
1207,0.3,30.6344,2.55
1207,0.4,30.6814,2.55
1207,0.5,30.742,2.55
1207,0.6,30.8164,2.55
1207,0.7,30.9048,2.5499
1207,0.8,31.0075,2.5497
1207,0.9,31.1247,2.5493
1207,1,31.2566,2.5481
1207,1.1,31.4037,2.5454
1207,1.2,31.5661,2.5394
1207,1.3,31.7444,2.5272
1207,1.4,31.9389,2.5041
1207,1.5,32.1499,2.4636
1207,1.6,32.3779,2.3968
1207,1.7,32.6233,2.2936
1207,1.8,32.8865,2.1433
1207,1.9,33.1679,1.9348
1207,2,33.4675,1.6566
1208,0,30.5787,2.55
1208,0.1,30.5854,2.55
1208,0.2,30.6054,2.55
1208,0.3,30.6389,2.55
1208,0.4,30.6859,2.55
1208,0.5,30.7466,2.55
1208,0.6,30.8211,2.55
1208,0.7,30.9095,2.5499
1208,0.8,31.0123,2.5497
1208,0.9,31.1295,2.5493
1208,1,31.2615,2.5481
1208,1.1,31.4086,2.5454
1208,1.2,31.5712,2.5393
1208,1.3,31.7496,2.5271
1208,1.4,31.9441,2.504
1208,1.5,32.1552,2.4634
1208,1.6,32.3833,2.3966
1208,1.7,32.6288,2.2934
1208,1.8,32.8921,2.143
1208,1.9,33.1736,1.9345
1208,2,33.4731,1.6563
1209,0,30.5832,2.55
1209,0.1,30.5899,2.55
1209,0.2,30.61,2.55
1209,0.3,30.6435,2.55
1209,0.4,30.6905,2.55
1209,0.5,30.7512,2.55
1209,0.6,30.8257,2.55
1209,0.7,30.9143,2.5499
1209,0.8,31.017,2.5497
1209,0.9,31.1343,2.5493
1209,1,31.2664,2.5481
1209,1.1,31.4136,2.5453
1209,1.2,31.5763,2.5393
1209,1.3,31.7547,2.5271
1209,1.4,31.9493,2.5039
1209,1.5,32.1605,2.4633
1209,1.6,32.3887,2.3964
1209,1.7,32.6343,2.2931
1209,1.8,32.8978,2.1427
1209,1.9,33.1792,1.9342
1209,2,33.4787,1.656
1210,0,30.5877,2.55
1210,0.1,30.5944,2.55
1210,0.2,30.6145,2.55
1210,0.3,30.648,2.55
1210,0.4,30.6951,2.55
1210,0.5,30.7558,2.55
1210,0.6,30.8304,2.55
1210,0.7,30.919,2.5499
1210,0.8,31.0218,2.5497
1210,0.9,31.1392,2.5493
1210,1,31.2713,2.5481
1210,1.1,31.4186,2.5453
1210,1.2,31.5813,2.5393
1210,1.3,31.7599,2.527
1210,1.4,31.9546,2.5039
1210,1.5,32.1659,2.4632
1210,1.6,32.3942,2.3962
1210,1.7,32.6399,2.2929
1210,1.8,32.9034,2.1424
1210,1.9,33.1848,1.9339
1210,2,33.4843,1.6557
1211,0,30.5922,2.55
1211,0.1,30.5989,2.55
1211,0.2,30.619,2.55
1211,0.3,30.6526,2.55
1211,0.4,30.6997,2.55
1211,0.5,30.7604,2.55
1211,0.6,30.835,2.55
1211,0.7,30.9237,2.5499
1211,0.8,31.0266,2.5497
1211,0.9,31.144,2.5493
1211,1,31.2763,2.5481
1211,1.1,31.4236,2.5453
1211,1.2,31.5864,2.5392
1211,1.3,31.765,2.5269
1211,1.4,31.9598,2.5038
1211,1.5,32.1712,2.463
1211,1.6,32.3996,2.396
1211,1.7,32.6454,2.2926
1211,1.8,32.909,2.1421
1211,1.9,33.1905,1.9336
1211,2,33.4899,1.6554
1212,0,30.5968,2.55
1212,0.1,30.6035,2.55
1212,0.2,30.6236,2.55
1212,0.3,30.6571,2.55
1212,0.4,30.7043,2.55
1212,0.5,30.7651,2.55
1212,0.6,30.8397,2.55
1212,0.7,30.9284,2.5499
1212,0.8,31.0314,2.5497
1212,0.9,31.1489,2.5493
1212,1,31.2812,2.5481
1212,1.1,31.4286,2.5453
1212,1.2,31.5915,2.5392
1212,1.3,31.7702,2.5269
1212,1.4,31.9651,2.5037
1212,1.5,32.1766,2.4629
1212,1.6,32.4051,2.3958
1212,1.7,32.6509,2.2924
1212,1.8,32.9145,2.1418
1212,1.9,33.1961,1.9333
1212,2,33.4954,1.6551
1213,0,30.6013,2.55
1213,0.1,30.608,2.55
1213,0.2,30.6281,2.55
1213,0.3,30.6617,2.55
1213,0.4,30.7088,2.55
1213,0.5,30.7697,2.55
1213,0.6,30.8444,2.55
1213,0.7,30.9331,2.5499
1213,0.8,31.0361,2.5497
1213,0.9,31.1537,2.5493
1213,1,31.2861,2.5481
1213,1.1,31.4336,2.5453
1213,1.2,31.5966,2.5392
1213,1.3,31.7754,2.5268
1213,1.4,31.9703,2.5036
1213,1.5,32.1819,2.4627
1213,1.6,32.4105,2.3956
1213,1.7,32.6565,2.2922
1213,1.8,32.9201,2.1415
1213,1.9,33.2017,1.933
1213,2,33.5009,1.6549
1214,0,30.6058,2.55
1214,0.1,30.6125,2.55
1214,0.2,30.6326,2.55
1214,0.3,30.6663,2.55
1214,0.4,30.7134,2.55
1214,0.5,30.7743,2.55
1214,0.6,30.8491,2.55
1214,0.7,30.9378,2.5499
1214,0.8,31.0409,2.5497
1214,0.9,31.1586,2.5493
1214,1,31.291,2.5481
1214,1.1,31.4386,2.5452
1214,1.2,31.6016,2.5391
1214,1.3,31.7805,2.5268
1214,1.4,31.9756,2.5035
1214,1.5,32.1873,2.4626
1214,1.6,32.4159,2.3954
1214,1.7,32.662,2.2919
1214,1.8,32.9257,2.1413
1214,1.9,33.2072,1.9327
1214,2,33.5065,1.6546
1215,0,30.6103,2.55
1215,0.1,30.6171,2.55
1215,0.2,30.6372,2.55
1215,0.3,30.6708,2.55
1215,0.4,30.718,2.55
1215,0.5,30.7789,2.55
1215,0.6,30.8537,2.55
1215,0.7,30.9426,2.5499
1215,0.8,31.0457,2.5497
1215,0.9,31.1634,2.5493
1215,1,31.2959,2.548
1215,1.1,31.4436,2.5452
1215,1.2,31.6067,2.5391
1215,1.3,31.7857,2.5267
1215,1.4,31.9809,2.5034
1215,1.5,32.1926,2.4624
1215,1.6,32.4214,2.3952
1215,1.7,32.6675,2.2917
1215,1.8,32.9313,2.141
1215,1.9,33.2128,1.9324
1215,2,33.512,1.6543
1216,0,30.6149,2.55
1216,0.1,30.6216,2.55
1216,0.2,30.6417,2.55
1216,0.3,30.6754,2.55
1216,0.4,30.7226,2.55
1216,0.5,30.7836,2.55
1216,0.6,30.8584,2.55
1216,0.7,30.9473,2.5499
1216,0.8,31.0505,2.5497
1216,0.9,31.1683,2.5493
1216,1,31.3008,2.548
1216,1.1,31.4486,2.5452
1216,1.2,31.6118,2.5391
1216,1.3,31.7908,2.5266
1216,1.4,31.9861,2.5033
1216,1.5,32.198,2.4623
1216,1.6,32.4268,2.395
1216,1.7,32.673,2.2914
1216,1.8,32.9368,2.1407
1216,1.9,33.2184,1.9321
1216,2,33.5175,1.654
1217,0,30.6194,2.55
1217,0.1,30.6261,2.55
1217,0.2,30.6463,2.55
1217,0.3,30.68,2.55
1217,0.4,30.7272,2.55
1217,0.5,30.7882,2.55
1217,0.6,30.8631,2.55
1217,0.7,30.952,2.5499
1217,0.8,31.0553,2.5497
1217,0.9,31.1731,2.5492
1217,1,31.3058,2.548
1217,1.1,31.4536,2.5452
1217,1.2,31.6169,2.539
1217,1.3,31.796,2.5266
1217,1.4,31.9914,2.5032
1217,1.5,32.2033,2.4622
1217,1.6,32.4323,2.3948
1217,1.7,32.6785,2.2912
1217,1.8,32.9424,2.1404
1217,1.9,33.2239,1.9318
1217,2,33.5229,1.6537
1218,0,30.6239,2.55
1218,0.1,30.6307,2.55
1218,0.2,30.6508,2.55
1218,0.3,30.6845,2.55
1218,0.4,30.7318,2.55
1218,0.5,30.7929,2.55
1218,0.6,30.8678,2.55
1218,0.7,30.9568,2.5499
1218,0.8,31.0601,2.5497
1218,0.9,31.178,2.5492
1218,1,31.3107,2.548
1218,1.1,31.4586,2.5452
1218,1.2,31.622,2.539
1218,1.3,31.8012,2.5265
1218,1.4,31.9966,2.5031
1218,1.5,32.2087,2.462
1218,1.6,32.4377,2.3947
1218,1.7,32.684,2.2909
1218,1.8,32.9479,2.1401
1218,1.9,33.2294,1.9315
1218,2,33.5284,1.6534
1219,0,30.6285,2.55
1219,0.1,30.6352,2.55
1219,0.2,30.6554,2.55
1219,0.3,30.6891,2.55
1219,0.4,30.7364,2.55
1219,0.5,30.7975,2.55
1219,0.6,30.8725,2.55
1219,0.7,30.9615,2.5499
1219,0.8,31.0649,2.5497
1219,0.9,31.1828,2.5492
1219,1,31.3156,2.548
1219,1.1,31.4636,2.5452
1219,1.2,31.627,2.539
1219,1.3,31.8064,2.5265
1219,1.4,32.0019,2.503
1219,1.5,32.214,2.4619
1219,1.6,32.4431,2.3945
1219,1.7,32.6895,2.2907
1219,1.8,32.9535,2.1398
1219,1.9,33.235,1.9312
1219,2,33.5339,1.6531
1220,0,30.633,2.55
1220,0.1,30.6398,2.55
1220,0.2,30.66,2.55
1220,0.3,30.6937,2.55
1220,0.4,30.741,2.55
1220,0.5,30.8021,2.55
1220,0.6,30.8771,2.55
1220,0.7,30.9662,2.5499
1220,0.8,31.0697,2.5497
1220,0.9,31.1877,2.5492
1220,1,31.3206,2.548
1220,1.1,31.4686,2.5451
1220,1.2,31.6321,2.5389
1220,1.3,31.8115,2.5264
1220,1.4,32.0071,2.5029
1220,1.5,32.2194,2.4617
1220,1.6,32.4485,2.3943
1220,1.7,32.695,2.2904
1220,1.8,32.959,2.1396
1220,1.9,33.2405,1.9309
1220,2,33.5393,1.6528
1221,0,30.6376,2.55
1221,0.1,30.6443,2.55
1221,0.2,30.6645,2.55
1221,0.3,30.6983,2.55
1221,0.4,30.7456,2.55
1221,0.5,30.8068,2.55
1221,0.6,30.8818,2.55
1221,0.7,30.971,2.5499
1221,0.8,31.0745,2.5497
1221,0.9,31.1925,2.5492
1221,1,31.3255,2.548
1221,1.1,31.4736,2.5451
1221,1.2,31.6372,2.5389
1221,1.3,31.8167,2.5263
1221,1.4,32.0124,2.5028
1221,1.5,32.2247,2.4616
1221,1.6,32.454,2.3941
1221,1.7,32.7005,2.2902
1221,1.8,32.9645,2.1393
1221,1.9,33.246,1.9306
1221,2,33.5448,1.6526
1222,0,30.6421,2.55
1222,0.1,30.6489,2.55
1222,0.2,30.6691,2.55
1222,0.3,30.7029,2.55
1222,0.4,30.7503,2.55
1222,0.5,30.8114,2.55
1222,0.6,30.8865,2.55
1222,0.7,30.9757,2.5499
1222,0.8,31.0793,2.5497
1222,0.9,31.1974,2.5492
1222,1,31.3304,2.548
1222,1.1,31.4786,2.5451
1222,1.2,31.6423,2.5389
1222,1.3,31.8219,2.5263
1222,1.4,32.0177,2.5027
1222,1.5,32.2301,2.4614
1222,1.6,32.4594,2.3939
1222,1.7,32.706,2.2899
1222,1.8,32.97,2.139
1222,1.9,33.2515,1.9303
1222,2,33.5502,1.6523
1223,0,30.6467,2.55
1223,0.1,30.6534,2.55
1223,0.2,30.6736,2.55
1223,0.3,30.7074,2.55
1223,0.4,30.7549,2.55
1223,0.5,30.8161,2.55
1223,0.6,30.8912,2.55
1223,0.7,30.9805,2.5499
1223,0.8,31.0841,2.5497
1223,0.9,31.2023,2.5492
1223,1,31.3354,2.548
1223,1.1,31.4836,2.5451
1223,1.2,31.6474,2.5388
1223,1.3,31.8271,2.5262
1223,1.4,32.0229,2.5026
1223,1.5,32.2354,2.4613
1223,1.6,32.4648,2.3937
1223,1.7,32.7115,2.2897
1223,1.8,32.9755,2.1387
1223,1.9,33.257,1.93
1223,2,33.5557,1.652
1224,0,30.6512,2.55
1224,0.1,30.658,2.55
1224,0.2,30.6782,2.55
1224,0.3,30.712,2.55
1224,0.4,30.7595,2.55
1224,0.5,30.8207,2.55
1224,0.6,30.8959,2.55
1224,0.7,30.9852,2.5499
1224,0.8,31.0889,2.5497
1224,0.9,31.2071,2.5492
1224,1,31.3403,2.548
1224,1.1,31.4886,2.5451
1224,1.2,31.6525,2.5388
1224,1.3,31.8322,2.5262
1224,1.4,32.0282,2.5025
1224,1.5,32.2408,2.4612
1224,1.6,32.4702,2.3935
1224,1.7,32.7169,2.2894
1224,1.8,32.981,2.1384
1224,1.9,33.2625,1.9297
1224,2,33.5611,1.6517
1225,0,30.6558,2.55
1225,0.1,30.6625,2.55
1225,0.2,30.6828,2.55
1225,0.3,30.7166,2.55
1225,0.4,30.7641,2.55
1225,0.5,30.8254,2.55
1225,0.6,30.9006,2.55
1225,0.7,30.99,2.5499
1225,0.8,31.0937,2.5497
1225,0.9,31.212,2.5492
1225,1,31.3452,2.548
1225,1.1,31.4937,2.545
1225,1.2,31.6576,2.5388
1225,1.3,31.8374,2.5261
1225,1.4,32.0335,2.5024
1225,1.5,32.2461,2.461
1225,1.6,32.4757,2.3933
1225,1.7,32.7224,2.2892
1225,1.8,32.9865,2.1381
1225,1.9,33.2679,1.9294
1225,2,33.5665,1.6514
1226,0,30.6603,2.55
1226,0.1,30.6671,2.55
1226,0.2,30.6874,2.55
1226,0.3,30.7212,2.55
1226,0.4,30.7687,2.55
1226,0.5,30.8301,2.55
1226,0.6,30.9053,2.55
1226,0.7,30.9947,2.5499
1226,0.8,31.0985,2.5497
1226,0.9,31.2169,2.5492
1226,1,31.3502,2.548
1226,1.1,31.4987,2.545
1226,1.2,31.6627,2.5387
1226,1.3,31.8426,2.526
1226,1.4,32.0387,2.5023
1226,1.5,32.2515,2.4609
1226,1.6,32.4811,2.3931
1226,1.7,32.7279,2.289
1226,1.8,32.992,2.1379
1226,1.9,33.2734,1.9291
1226,2,33.5719,1.6511
1227,0,30.6649,2.55
1227,0.1,30.6717,2.55
1227,0.2,30.6919,2.55
1227,0.3,30.7258,2.55
1227,0.4,30.7734,2.55
1227,0.5,30.8347,2.55
1227,0.6,30.91,2.55
1227,0.7,30.9995,2.5499
1227,0.8,31.1033,2.5497
1227,0.9,31.2218,2.5492
1227,1,31.3551,2.5479
1227,1.1,31.5037,2.545
1227,1.2,31.6678,2.5387
1227,1.3,31.8478,2.526
1227,1.4,32.044,2.5022
1227,1.5,32.2568,2.4607
1227,1.6,32.4865,2.3929
1227,1.7,32.7333,2.2887
1227,1.8,32.9975,2.1376
1227,1.9,33.2789,1.9288
1227,2,33.5773,1.6509
1228,0,30.6695,2.55
1228,0.1,30.6762,2.55
1228,0.2,30.6965,2.55
1228,0.3,30.7304,2.55
1228,0.4,30.778,2.55
1228,0.5,30.8394,2.55
1228,0.6,30.9147,2.55
1228,0.7,31.0042,2.5499
1228,0.8,31.1081,2.5497
1228,0.9,31.2266,2.5492
1228,1,31.3601,2.5479
1228,1.1,31.5087,2.545
1228,1.2,31.6729,2.5387
1228,1.3,31.853,2.5259
1228,1.4,32.0493,2.5021
1228,1.5,32.2621,2.4606
1228,1.6,32.4919,2.3927
1228,1.7,32.7388,2.2885
1228,1.8,33.003,2.1373
1228,1.9,33.2843,1.9286
1228,2,33.5827,1.6506
1229,0,30.674,2.55
1229,0.1,30.6808,2.55
1229,0.2,30.7011,2.55
1229,0.3,30.735,2.55
1229,0.4,30.7826,2.55
1229,0.5,30.844,2.55
1229,0.6,30.9194,2.55
1229,0.7,31.009,2.5499
1229,0.8,31.1129,2.5497
1229,0.9,31.2315,2.5492
1229,1,31.365,2.5479
1229,1.1,31.5137,2.545
1229,1.2,31.678,2.5386
1229,1.3,31.8582,2.5259
1229,1.4,32.0545,2.502
1229,1.5,32.2675,2.4604
1229,1.6,32.4973,2.3925
1229,1.7,32.7443,2.2882
1229,1.8,33.0084,2.137
1229,1.9,33.2898,1.9283
1229,2,33.5881,1.6503
1230,0,30.6786,2.55
1230,0.1,30.6854,2.55
1230,0.2,30.7057,2.55
1230,0.3,30.7396,2.55
1230,0.4,30.7873,2.55
1230,0.5,30.8487,2.55
1230,0.6,30.9242,2.55
1230,0.7,31.0138,2.5499
1230,0.8,31.1178,2.5497
1230,0.9,31.2364,2.5492
1230,1,31.37,2.5479
1230,1.1,31.5188,2.545
1230,1.2,31.6831,2.5386
1230,1.3,31.8633,2.5258
1230,1.4,32.0598,2.5019
1230,1.5,32.2728,2.4603
1230,1.6,32.5027,2.3923
1230,1.7,32.7497,2.288
1230,1.8,33.0139,2.1367
1230,1.9,33.2952,1.928
1230,2,33.5934,1.65
1231,0,30.6832,2.55
1231,0.1,30.6899,2.55
1231,0.2,30.7103,2.55
1231,0.3,30.7442,2.55
1231,0.4,30.7919,2.55
1231,0.5,30.8534,2.55
1231,0.6,30.9289,2.55
1231,0.7,31.0185,2.5499
1231,0.8,31.1226,2.5497
1231,0.9,31.2413,2.5492
1231,1,31.3749,2.5479
1231,1.1,31.5238,2.5449
1231,1.2,31.6882,2.5386
1231,1.3,31.8685,2.5257
1231,1.4,32.0651,2.5018
1231,1.5,32.2782,2.4602
1231,1.6,32.5081,2.3921
1231,1.7,32.7551,2.2877
1231,1.8,33.0193,2.1364
1231,1.9,33.3006,1.9277
1231,2,33.5988,1.6497
1232,0,30.6877,2.55
1232,0.1,30.6945,2.55
1232,0.2,30.7149,2.55
1232,0.3,30.7488,2.55
1232,0.4,30.7965,2.55
1232,0.5,30.8581,2.55
1232,0.6,30.9336,2.55
1232,0.7,31.0233,2.5499
1232,0.8,31.1274,2.5497
1232,0.9,31.2462,2.5492
1232,1,31.3799,2.5479
1232,1.1,31.5288,2.5449
1232,1.2,31.6933,2.5385
1232,1.3,31.8737,2.5257
1232,1.4,32.0703,2.5017
1232,1.5,32.2835,2.46
1232,1.6,32.5135,2.3919
1232,1.7,32.7606,2.2875
1232,1.8,33.0248,2.1362
1232,1.9,33.3061,1.9274
1232,2,33.6042,1.6494
1233,0,30.6923,2.55
1233,0.1,30.6991,2.55
1233,0.2,30.7195,2.55
1233,0.3,30.7535,2.55
1233,0.4,30.8012,2.55
1233,0.5,30.8627,2.55
1233,0.6,30.9383,2.55
1233,0.7,31.0281,2.5499
1233,0.8,31.1322,2.5497
1233,0.9,31.2511,2.5492
1233,1,31.3848,2.5479
1233,1.1,31.5339,2.5449
1233,1.2,31.6984,2.5385
1233,1.3,31.8789,2.5256
1233,1.4,32.0756,2.5016
1233,1.5,32.2888,2.4599
1233,1.6,32.5189,2.3917
1233,1.7,32.766,2.2872
1233,1.8,33.0302,2.1359
1233,1.9,33.3115,1.9271
1233,2,33.6095,1.6491
1234,0,30.6969,2.55
1234,0.1,30.7037,2.55
1234,0.2,30.7241,2.55
1234,0.3,30.7581,2.55
1234,0.4,30.8058,2.55
1234,0.5,30.8674,2.55
1234,0.6,30.943,2.55
1234,0.7,31.0328,2.5499
1234,0.8,31.1371,2.5497
1234,0.9,31.256,2.5492
1234,1,31.3898,2.5479
1234,1.1,31.5389,2.5449
1234,1.2,31.7035,2.5384
1234,1.3,31.8841,2.5256
1234,1.4,32.0809,2.5015
1234,1.5,32.2942,2.4597
1234,1.6,32.5243,2.3915
1234,1.7,32.7714,2.287
1234,1.8,33.0357,2.1356
1234,1.9,33.3169,1.9268
1234,2,33.6149,1.6489
1235,0,30.7015,2.55
1235,0.1,30.7083,2.55
1235,0.2,30.7287,2.55
1235,0.3,30.7627,2.55
1235,0.4,30.8105,2.55
1235,0.5,30.8721,2.55
1235,0.6,30.9478,2.55
1235,0.7,31.0376,2.5499
1235,0.8,31.1419,2.5497
1235,0.9,31.2609,2.5492
1235,1,31.3948,2.5479
1235,1.1,31.5439,2.5449
1235,1.2,31.7087,2.5384
1235,1.3,31.8893,2.5255
1235,1.4,32.0861,2.5014
1235,1.5,32.2995,2.4596
1235,1.6,32.5297,2.3913
1235,1.7,32.7769,2.2868
1235,1.8,33.0411,2.1353
1235,1.9,33.3223,1.9265
1235,2,33.6202,1.6486
1236,0,30.7061,2.55
1236,0.1,30.7129,2.55
1236,0.2,30.7333,2.55
1236,0.3,30.7673,2.55
1236,0.4,30.8151,2.55
1236,0.5,30.8768,2.55
1236,0.6,30.9525,2.55
1236,0.7,31.0424,2.5499
1236,0.8,31.1467,2.5497
1236,0.9,31.2658,2.5492
1236,1,31.3997,2.5479
1236,1.1,31.549,2.5448
1236,1.2,31.7138,2.5384
1236,1.3,31.8945,2.5254
1236,1.4,32.0914,2.5014
1236,1.5,32.3048,2.4594
1236,1.6,32.5351,2.3911
1236,1.7,32.7823,2.2865
1236,1.8,33.0465,2.135
1236,1.9,33.3277,1.9262
1236,2,33.6256,1.6483
1237,0,30.7107,2.55
1237,0.1,30.7175,2.55
1237,0.2,30.7379,2.55
1237,0.3,30.7719,2.55
1237,0.4,30.8198,2.55
1237,0.5,30.8815,2.55
1237,0.6,30.9572,2.55
1237,0.7,31.0472,2.5499
1237,0.8,31.1516,2.5497
1237,0.9,31.2707,2.5492
1237,1,31.4047,2.5479
1237,1.1,31.554,2.5448
1237,1.2,31.7189,2.5383
1237,1.3,31.8997,2.5254
1237,1.4,32.0967,2.5013
1237,1.5,32.3102,2.4593
1237,1.6,32.5405,2.3909
1237,1.7,32.7877,2.2863
1237,1.8,33.0519,2.1348
1237,1.9,33.3331,1.9259
1237,2,33.6309,1.648
1238,0,30.7153,2.55
1238,0.1,30.7221,2.55
1238,0.2,30.7425,2.55
1238,0.3,30.7766,2.55
1238,0.4,30.8244,2.55
1238,0.5,30.8862,2.55
1238,0.6,30.9619,2.55
1238,0.7,31.052,2.5499
1238,0.8,31.1564,2.5497
1238,0.9,31.2756,2.5492
1238,1,31.4097,2.5478
1238,1.1,31.559,2.5448
1238,1.2,31.724,2.5383
1238,1.3,31.9049,2.5253
1238,1.4,32.1019,2.5012
1238,1.5,32.3155,2.4591
1238,1.6,32.5458,2.3907
1238,1.7,32.7931,2.286
1238,1.8,33.0573,2.1345
1238,1.9,33.3385,1.9256
1238,2,33.6362,1.6477
1239,0,30.7198,2.55
1239,0.1,30.7266,2.55
1239,0.2,30.7471,2.55
1239,0.3,30.7812,2.55
1239,0.4,30.8291,2.55
1239,0.5,30.8909,2.55
1239,0.6,30.9667,2.55
1239,0.7,31.0567,2.5499
1239,0.8,31.1612,2.5497
1239,0.9,31.2805,2.5492
1239,1,31.4146,2.5478
1239,1.1,31.5641,2.5448
1239,1.2,31.7291,2.5383
1239,1.3,31.91,2.5253
1239,1.4,32.1072,2.5011
1239,1.5,32.3208,2.459
1239,1.6,32.5512,2.3906
1239,1.7,32.7985,2.2858
1239,1.8,33.0628,2.1342
1239,1.9,33.3438,1.9253
1239,2,33.6415,1.6474
1240,0,30.7244,2.55
1240,0.1,30.7313,2.55
1240,0.2,30.7517,2.55
1240,0.3,30.7858,2.55
1240,0.4,30.8337,2.55
1240,0.5,30.8956,2.55
1240,0.6,30.9714,2.55
1240,0.7,31.0615,2.5499
1240,0.8,31.1661,2.5497
1240,0.9,31.2854,2.5492
1240,1,31.4196,2.5478
1240,1.1,31.5691,2.5448
1240,1.2,31.7342,2.5382
1240,1.3,31.9152,2.5252
1240,1.4,32.1125,2.501
1240,1.5,32.3262,2.4589
1240,1.6,32.5566,2.3904
1240,1.7,32.8039,2.2855
1240,1.8,33.0682,2.1339
1240,1.9,33.3492,1.925
1240,2,33.6468,1.6472
1241,0,30.729,2.55
1241,0.1,30.7359,2.55
1241,0.2,30.7563,2.55
1241,0.3,30.7905,2.55
1241,0.4,30.8384,2.55
1241,0.5,30.9003,2.55
1241,0.6,30.9762,2.55
1241,0.7,31.0663,2.5499
1241,0.8,31.1709,2.5497
1241,0.9,31.2903,2.5492
1241,1,31.4246,2.5478
1241,1.1,31.5742,2.5448
1241,1.2,31.7394,2.5382
1241,1.3,31.9204,2.5251
1241,1.4,32.1177,2.5009
1241,1.5,32.3315,2.4587
1241,1.6,32.562,2.3902
1241,1.7,32.8093,2.2853
1241,1.8,33.0736,2.1336
1241,1.9,33.3546,1.9247
1241,2,33.6522,1.6469
1242,0,30.7336,2.55
1242,0.1,30.7405,2.55
1242,0.2,30.7609,2.55
1242,0.3,30.7951,2.55
1242,0.4,30.8431,2.55
1242,0.5,30.905,2.55
1242,0.6,30.9809,2.55
1242,0.7,31.0711,2.5499
1242,0.8,31.1758,2.5497
1242,0.9,31.2952,2.5491
1242,1,31.4296,2.5478
1242,1.1,31.5792,2.5447
1242,1.2,31.7445,2.5382
1242,1.3,31.9256,2.5251
1242,1.4,32.123,2.5008
1242,1.5,32.3368,2.4586
1242,1.6,32.5673,2.39
1242,1.7,32.8147,2.285
1242,1.8,33.079,2.1333
1242,1.9,33.36,1.9244
1242,2,33.6575,1.6466
1243,0,30.7382,2.55
1243,0.1,30.7451,2.55
1243,0.2,30.7656,2.55
1243,0.3,30.7997,2.55
1243,0.4,30.8477,2.55
1243,0.5,30.9097,2.55
1243,0.6,30.9856,2.55
1243,0.7,31.0759,2.5499
1243,0.8,31.1806,2.5497
1243,0.9,31.3001,2.5491
1243,1,31.4345,2.5478
1243,1.1,31.5843,2.5447
1243,1.2,31.7496,2.5381
1243,1.3,31.9308,2.525
1243,1.4,32.1282,2.5007
1243,1.5,32.3421,2.4584
1243,1.6,32.5727,2.3898
1243,1.7,32.8201,2.2848
1243,1.8,33.0843,2.1331
1243,1.9,33.3653,1.9241
1243,2,33.6627,1.6463
1244,0,30.7429,2.55
1244,0.1,30.7497,2.55
1244,0.2,30.7702,2.55
1244,0.3,30.8044,2.55
1244,0.4,30.8524,2.55
1244,0.5,30.9144,2.55
1244,0.6,30.9904,2.55
1244,0.7,31.0807,2.5499
1244,0.8,31.1855,2.5497
1244,0.9,31.305,2.5491
1244,1,31.4395,2.5478
1244,1.1,31.5893,2.5447
1244,1.2,31.7547,2.5381
1244,1.3,31.936,2.525
1244,1.4,32.1335,2.5006
1244,1.5,32.3474,2.4583
1244,1.6,32.5781,2.3896
1244,1.7,32.8255,2.2846
1244,1.8,33.0897,2.1328
1244,1.9,33.3707,1.9238
1244,2,33.668,1.646
1245,0,30.7475,2.55
1245,0.1,30.7543,2.55
1245,0.2,30.7748,2.55
1245,0.3,30.809,2.55
1245,0.4,30.8571,2.55
1245,0.5,30.9191,2.55
1245,0.6,30.9951,2.55
1245,0.7,31.0855,2.5499
1245,0.8,31.1903,2.5497
1245,0.9,31.3099,2.5491
1245,1,31.4445,2.5478
1245,1.1,31.5944,2.5447
1245,1.2,31.7598,2.5381
1245,1.3,31.9412,2.5249
1245,1.4,32.1388,2.5005
1245,1.5,32.3528,2.4581
1245,1.6,32.5834,2.3894
1245,1.7,32.8309,2.2843
1245,1.8,33.0951,2.1325
1245,1.9,33.376,1.9235
1245,2,33.6733,1.6457
1246,0,30.7521,2.55
1246,0.1,30.7589,2.55
1246,0.2,30.7794,2.55
1246,0.3,30.8137,2.55
1246,0.4,30.8618,2.55
1246,0.5,30.9238,2.55
1246,0.6,30.9999,2.55
1246,0.7,31.0903,2.5499
1246,0.8,31.1952,2.5497
1246,0.9,31.3148,2.5491
1246,1,31.4495,2.5478
1246,1.1,31.5994,2.5447
1246,1.2,31.765,2.538
1246,1.3,31.9464,2.5248
1246,1.4,32.144,2.5004
1246,1.5,32.3581,2.458
1246,1.6,32.5888,2.3892
1246,1.7,32.8362,2.2841
1246,1.8,33.1005,2.1322
1246,1.9,33.3813,1.9232
1246,2,33.6786,1.6455
1247,0,30.7567,2.55
1247,0.1,30.7635,2.55
1247,0.2,30.7841,2.55
1247,0.3,30.8183,2.55
1247,0.4,30.8664,2.55
1247,0.5,30.9285,2.55
1247,0.6,31.0047,2.55
1247,0.7,31.0951,2.5499
1247,0.8,31.2001,2.5497
1247,0.9,31.3198,2.5491
1247,1,31.4545,2.5478
1247,1.1,31.6045,2.5446
1247,1.2,31.7701,2.538
1247,1.3,31.9516,2.5248
1247,1.4,32.1493,2.5003
1247,1.5,32.3634,2.4579
1247,1.6,32.5941,2.389
1247,1.7,32.8416,2.2838
1247,1.8,33.1058,2.1319
1247,1.9,33.3867,1.9229
1247,2,33.6839,1.6452
1248,0,30.7613,2.55
1248,0.1,30.7682,2.55
1248,0.2,30.7887,2.55
1248,0.3,30.823,2.55
1248,0.4,30.8711,2.55
1248,0.5,30.9332,2.55
1248,0.6,31.0094,2.55
1248,0.7,31.0999,2.5499
1248,0.8,31.2049,2.5497
1248,0.9,31.3247,2.5491
1248,1,31.4595,2.5478
1248,1.1,31.6095,2.5446
1248,1.2,31.7752,2.538
1248,1.3,31.9568,2.5247
1248,1.4,32.1545,2.5002
1248,1.5,32.3687,2.4577
1248,1.6,32.5995,2.3888
1248,1.7,32.847,2.2836
1248,1.8,33.1112,2.1317
1248,1.9,33.392,1.9226
1248,2,33.6891,1.6449
1249,0,30.7659,2.55
1249,0.1,30.7728,2.55
1249,0.2,30.7933,2.55
1249,0.3,30.8276,2.55
1249,0.4,30.8758,2.55
1249,0.5,30.9379,2.55
1249,0.6,31.0142,2.55
1249,0.7,31.1047,2.5499
1249,0.8,31.2098,2.5497
1249,0.9,31.3296,2.5491
1249,1,31.4644,2.5477
1249,1.1,31.6146,2.5446
1249,1.2,31.7803,2.5379
1249,1.3,31.962,2.5247
1249,1.4,32.1598,2.5001
1249,1.5,32.374,2.4576
1249,1.6,32.6048,2.3886
1249,1.7,32.8523,2.2833
1249,1.8,33.1166,2.1314
1249,1.9,33.3973,1.9223
1249,2,33.6944,1.6446
1250,0,30.7706,2.55
1250,0.1,30.7774,2.55
1250,0.2,30.798,2.55
1250,0.3,30.8323,2.55
1250,0.4,30.8805,2.55
1250,0.5,30.9426,2.55
1250,0.6,31.0189,2.55
1250,0.7,31.1095,2.5499
1250,0.8,31.2146,2.5497
1250,0.9,31.3345,2.5491
1250,1,31.4694,2.5477
1250,1.1,31.6197,2.5446
1250,1.2,31.7855,2.5379
1250,1.3,31.9672,2.5246
1250,1.4,32.1651,2.5
1250,1.5,32.3793,2.4574
1250,1.6,32.6102,2.3884
1250,1.7,32.8577,2.2831
1250,1.8,33.1219,2.1311
1250,1.9,33.4027,1.922
1250,2,33.6997,1.6443
1251,0,30.7752,2.55
1251,0.1,30.782,2.55
1251,0.2,30.8026,2.55
1251,0.3,30.837,2.55
1251,0.4,30.8852,2.55
1251,0.5,30.9474,2.55
1251,0.6,31.0237,2.55
1251,0.7,31.1143,2.5499
1251,0.8,31.2195,2.5497
1251,0.9,31.3395,2.5491
1251,1,31.4744,2.5477
1251,1.1,31.6247,2.5446
1251,1.2,31.7906,2.5378
1251,1.3,31.9724,2.5245
1251,1.4,32.1703,2.4999
1251,1.5,32.3846,2.4573
1251,1.6,32.6155,2.3882
1251,1.7,32.8631,2.2828
1251,1.8,33.1273,2.1308
1251,1.9,33.408,1.9217
1251,2,33.7049,1.6441
1252,0,30.7798,2.55
1252,0.1,30.7867,2.55
1252,0.2,30.8073,2.55
1252,0.3,30.8416,2.55
1252,0.4,30.8899,2.55
1252,0.5,30.9521,2.55
1252,0.6,31.0285,2.55
1252,0.7,31.1192,2.5499
1252,0.8,31.2244,2.5497
1252,0.9,31.3444,2.5491
1252,1,31.4794,2.5477
1252,1.1,31.6298,2.5445
1252,1.2,31.7957,2.5378
1252,1.3,31.9776,2.5245
1252,1.4,32.1756,2.4998
1252,1.5,32.3899,2.4571
1252,1.6,32.6209,2.388
1252,1.7,32.8684,2.2826
1252,1.8,33.1326,2.1305
1252,1.9,33.4133,1.9215
1252,2,33.7102,1.6438
1253,0,30.7844,2.55
1253,0.1,30.7913,2.55
1253,0.2,30.8119,2.55
1253,0.3,30.8463,2.55
1253,0.4,30.8946,2.55
1253,0.5,30.9568,2.55
1253,0.6,31.0332,2.55
1253,0.7,31.124,2.5499
1253,0.8,31.2293,2.5497
1253,0.9,31.3493,2.5491
1253,1,31.4844,2.5477
1253,1.1,31.6348,2.5445
1253,1.2,31.8009,2.5378
1253,1.3,31.9828,2.5244
1253,1.4,32.1808,2.4997
1253,1.5,32.3952,2.457
1253,1.6,32.6262,2.3878
1253,1.7,32.8738,2.2824
1253,1.8,33.1379,2.1303
1253,1.9,33.4186,1.9212
1253,2,33.7154,1.6435
1254,0,30.7891,2.55
1254,0.1,30.7959,2.55
1254,0.2,30.8166,2.55
1254,0.3,30.851,2.55
1254,0.4,30.8993,2.55
1254,0.5,30.9616,2.55
1254,0.6,31.038,2.55
1254,0.7,31.1288,2.5499
1254,0.8,31.2341,2.5497
1254,0.9,31.3543,2.5491
1254,1,31.4894,2.5477
1254,1.1,31.6399,2.5445
1254,1.2,31.806,2.5377
1254,1.3,31.988,2.5243
1254,1.4,32.1861,2.4996
1254,1.5,32.4005,2.4568
1254,1.6,32.6315,2.3876
1254,1.7,32.8791,2.2821
1254,1.8,33.1433,2.13
1254,1.9,33.4239,1.9209
1254,2,33.7207,1.6432
1255,0,30.7937,2.55
1255,0.1,30.8006,2.55
1255,0.2,30.8212,2.55
1255,0.3,30.8556,2.55
1255,0.4,30.904,2.55
1255,0.5,30.9663,2.55
1255,0.6,31.0428,2.55
1255,0.7,31.1336,2.5499
1255,0.8,31.239,2.5497
1255,0.9,31.3592,2.5491
1255,1,31.4944,2.5477
1255,1.1,31.645,2.5445
1255,1.2,31.8111,2.5377
1255,1.3,31.9932,2.5243
1255,1.4,32.1913,2.4995
1255,1.5,32.4058,2.4567
1255,1.6,32.6368,2.3874
1255,1.7,32.8845,2.2819
1255,1.8,33.1486,2.1297
1255,1.9,33.4292,1.9206
1255,2,33.7259,1.6429
1256,0,30.7984,2.55
1256,0.1,30.8052,2.55
1256,0.2,30.8259,2.55
1256,0.3,30.8603,2.55
1256,0.4,30.9087,2.55
1256,0.5,30.971,2.55
1256,0.6,31.0476,2.55
1256,0.7,31.1384,2.5499
1256,0.8,31.2439,2.5497
1256,0.9,31.3641,2.5491
1256,1,31.4994,2.5477
1256,1.1,31.65,2.5445
1256,1.2,31.8163,2.5377
1256,1.3,31.9983,2.5242
1256,1.4,32.1966,2.4994
1256,1.5,32.4111,2.4566
1256,1.6,32.6422,2.3872
1256,1.7,32.8898,2.2816
1256,1.8,33.1539,2.1294
1256,1.9,33.4345,1.9203
1256,2,33.7311,1.6427
1257,0,30.803,2.55
1257,0.1,30.8099,2.55
1257,0.2,30.8305,2.55
1257,0.3,30.865,2.55
1257,0.4,30.9134,2.55
1257,0.5,30.9758,2.55
1257,0.6,31.0523,2.55
1257,0.7,31.1433,2.5499
1257,0.8,31.2488,2.5497
1257,0.9,31.3691,2.5491
1257,1,31.5044,2.5477
1257,1.1,31.6551,2.5445
1257,1.2,31.8214,2.5376
1257,1.3,32.0035,2.5242
1257,1.4,32.2018,2.4993
1257,1.5,32.4164,2.4564
1257,1.6,32.6475,2.387
1257,1.7,32.8951,2.2814
1257,1.8,33.1593,2.1291
1257,1.9,33.4398,1.92
1257,2,33.7363,1.6424
1258,0,30.8076,2.55
1258,0.1,30.8145,2.55
1258,0.2,30.8352,2.55
1258,0.3,30.8697,2.55
1258,0.4,30.9181,2.55
1258,0.5,30.9805,2.55
1258,0.6,31.0571,2.55
1258,0.7,31.1481,2.5499
1258,0.8,31.2536,2.5497
1258,0.9,31.374,2.5491
1258,1,31.5094,2.5477
1258,1.1,31.6602,2.5444
1258,1.2,31.8265,2.5376
1258,1.3,32.0087,2.5241
1258,1.4,32.2071,2.4992
1258,1.5,32.4217,2.4563
1258,1.6,32.6528,2.3868
1258,1.7,32.9004,2.2811
1258,1.8,33.1646,2.1289
1258,1.9,33.445,1.9197
1258,2,33.7416,1.6421
1259,0,30.8123,2.55
1259,0.1,30.8192,2.55
1259,0.2,30.8398,2.55
1259,0.3,30.8743,2.55
1259,0.4,30.9228,2.55
1259,0.5,30.9852,2.55
1259,0.6,31.0619,2.55
1259,0.7,31.1529,2.5499
1259,0.8,31.2585,2.5497
1259,0.9,31.3789,2.5491
1259,1,31.5144,2.5476
1259,1.1,31.6652,2.5444
1259,1.2,31.8316,2.5376
1259,1.3,32.0139,2.524
1259,1.4,32.2123,2.4991
1259,1.5,32.427,2.4561
1259,1.6,32.6581,2.3866
1259,1.7,32.9058,2.2809
1259,1.8,33.1699,2.1286
1259,1.9,33.4503,1.9194
1259,2,33.7468,1.6418
1260,0,30.8169,2.55
1260,0.1,30.8238,2.55
1260,0.2,30.8445,2.55
1260,0.3,30.879,2.55
1260,0.4,30.9275,2.55
1260,0.5,30.99,2.55
1260,0.6,31.0667,2.55
1260,0.7,31.1578,2.5499
1260,0.8,31.2634,2.5497
1260,0.9,31.3839,2.5491
1260,1,31.5194,2.5476
1260,1.1,31.6703,2.5444
1260,1.2,31.8368,2.5375
1260,1.3,32.0191,2.524
1260,1.4,32.2175,2.499
1260,1.5,32.4323,2.456
1260,1.6,32.6634,2.3865
1260,1.7,32.9111,2.2807
1260,1.8,33.1752,2.1283
1260,1.9,33.4556,1.9191
1260,2,33.752,1.6415
1261,0,30.8216,2.55
1261,0.1,30.8285,2.55
1261,0.2,30.8492,2.55
1261,0.3,30.8837,2.55
1261,0.4,30.9322,2.55
1261,0.5,30.9947,2.55
1261,0.6,31.0715,2.55
1261,0.7,31.1626,2.5499
1261,0.8,31.2683,2.5497
1261,0.9,31.3888,2.5491
1261,1,31.5244,2.5476
1261,1.1,31.6754,2.5444
1261,1.2,31.8419,2.5375
1261,1.3,32.0243,2.5239
1261,1.4,32.2228,2.4989
1261,1.5,32.4376,2.4558
1261,1.6,32.6688,2.3863
1261,1.7,32.9164,2.2804
1261,1.8,33.1805,2.128
1261,1.9,33.4609,1.9188
1261,2,33.7573,1.6413
1262,0,30.8262,2.55
1262,0.1,30.8331,2.55
1262,0.2,30.8538,2.55
1262,0.3,30.8884,2.55
1262,0.4,30.9369,2.55
1262,0.5,30.9995,2.55
1262,0.6,31.0763,2.55
1262,0.7,31.1674,2.5499
1262,0.8,31.2732,2.5497
1262,0.9,31.3938,2.5491
1262,1,31.5294,2.5476
1262,1.1,31.6804,2.5444
1262,1.2,31.847,2.5375
1262,1.3,32.0295,2.5238
1262,1.4,32.228,2.4988
1262,1.5,32.4428,2.4557
1262,1.6,32.6741,2.3861
1262,1.7,32.9217,2.2802
1262,1.8,33.1858,2.1278
1262,1.9,33.4661,1.9185
1262,2,33.7628,1.641
1263,0,30.8309,2.55
1263,0.1,30.8378,2.55
1263,0.2,30.8585,2.55
1263,0.3,30.8931,2.55
1263,0.4,30.9416,2.55
1263,0.5,31.0042,2.55
1263,0.6,31.0811,2.55
1263,0.7,31.1723,2.5499
1263,0.8,31.2781,2.5497
1263,0.9,31.3987,2.5491
1263,1,31.5345,2.5476
1263,1.1,31.6855,2.5443
1263,1.2,31.8522,2.5374
1263,1.3,32.0347,2.5238
1263,1.4,32.2333,2.4987
1263,1.5,32.4481,2.4556
1263,1.6,32.6794,2.3859
1263,1.7,32.927,2.2799
1263,1.8,33.1911,2.1275
1263,1.9,33.4715,1.9182
1263,2,33.7683,1.6407
1264,0,30.8356,2.55
1264,0.1,30.8425,2.55
1264,0.2,30.8632,2.55
1264,0.3,30.8978,2.55
1264,0.4,30.9464,2.55
1264,0.5,31.009,2.55
1264,0.6,31.0858,2.55
1264,0.7,31.1771,2.5499
1264,0.8,31.283,2.5496
1264,0.9,31.4037,2.5491
1264,1,31.5395,2.5476
1264,1.1,31.6906,2.5443
1264,1.2,31.8573,2.5374
1264,1.3,32.0399,2.5237
1264,1.4,32.2385,2.4986
1264,1.5,32.4534,2.4554
1264,1.6,32.6847,2.3857
1264,1.7,32.9324,2.2797
1264,1.8,33.1964,2.1272
1264,1.9,33.4768,1.9179
1264,2,33.7739,1.6404
1265,0,30.8402,2.55
1265,0.1,30.8471,2.55
1265,0.2,30.8679,2.55
1265,0.3,30.9025,2.55
1265,0.4,30.9511,2.55
1265,0.5,31.0137,2.55
1265,0.6,31.0906,2.55
1265,0.7,31.182,2.5499
1265,0.8,31.2879,2.5496
1265,0.9,31.4086,2.549
1265,1,31.5445,2.5476
1265,1.1,31.6957,2.5443
1265,1.2,31.8624,2.5373
1265,1.3,32.0451,2.5237
1265,1.4,32.2438,2.4985
1265,1.5,32.4587,2.4553
1265,1.6,32.69,2.3855
1265,1.7,32.9377,2.2794
1265,1.8,33.2017,2.1269
1265,1.9,33.4822,1.9176
1265,2,33.7795,1.6401
1266,0,30.8449,2.55
1266,0.1,30.8518,2.55
1266,0.2,30.8726,2.55
1266,0.3,30.9072,2.55
1266,0.4,30.9558,2.55
1266,0.5,31.0185,2.55
1266,0.6,31.0954,2.55
1266,0.7,31.1868,2.5499
1266,0.8,31.2928,2.5496
1266,0.9,31.4136,2.549
1266,1,31.5495,2.5476
1266,1.1,31.7007,2.5443
1266,1.2,31.8676,2.5373
1266,1.3,32.0503,2.5236
1266,1.4,32.249,2.4984
1266,1.5,32.464,2.4551
1266,1.6,32.6953,2.3853
1266,1.7,32.943,2.2792
1266,1.8,33.207,2.1266
1266,1.9,33.4876,1.9174
1266,2,33.7851,1.6399
1267,0,30.8496,2.55
1267,0.1,30.8565,2.55
1267,0.2,30.8772,2.55
1267,0.3,30.9119,2.55
1267,0.4,30.9605,2.55
1267,0.5,31.0233,2.55
1267,0.6,31.1002,2.55
1267,0.7,31.1916,2.5499
1267,0.8,31.2977,2.5496
1267,0.9,31.4185,2.549
1267,1,31.5545,2.5476
1267,1.1,31.7058,2.5443
1267,1.2,31.8727,2.5373
1267,1.3,32.0554,2.5235
1267,1.4,32.2542,2.4983
1267,1.5,32.4692,2.455
1267,1.6,32.7006,2.3851
1267,1.7,32.9483,2.279
1267,1.8,33.2124,2.1264
1267,1.9,33.493,1.9171
1267,2,33.7908,1.6396
1268,0,30.8542,2.55
1268,0.1,30.8611,2.55
1268,0.2,30.8819,2.55
1268,0.3,30.9166,2.55
1268,0.4,30.9653,2.55
1268,0.5,31.028,2.55
1268,0.6,31.1051,2.55
1268,0.7,31.1965,2.5499
1268,0.8,31.3026,2.5496
1268,0.9,31.4235,2.549
1268,1,31.5595,2.5476
1268,1.1,31.7109,2.5442
1268,1.2,31.8778,2.5372
1268,1.3,32.0606,2.5235
1268,1.4,32.2595,2.4982
1268,1.5,32.4745,2.4548
1268,1.6,32.7059,2.3849
1268,1.7,32.9536,2.2787
1268,1.8,33.2177,2.1261
1268,1.9,33.4985,1.9168
1268,2,33.7965,1.6393
1269,0,30.8589,2.55
1269,0.1,30.8658,2.55
1269,0.2,30.8866,2.55
1269,0.3,30.9213,2.55
1269,0.4,30.97,2.55
1269,0.5,31.0328,2.55
1269,0.6,31.1099,2.55
1269,0.7,31.2014,2.5499
1269,0.8,31.3075,2.5496
1269,0.9,31.4285,2.549
1269,1,31.5645,2.5476
1269,1.1,31.716,2.5442
1269,1.2,31.883,2.5372
1269,1.3,32.0658,2.5234
1269,1.4,32.2647,2.4981
1269,1.5,32.4798,2.4547
1269,1.6,32.7111,2.3847
1269,1.7,32.9589,2.2785
1269,1.8,33.2231,2.1258
1269,1.9,33.504,1.9165
1269,2,33.8023,1.639
1270,0,30.8636,2.55
1270,0.1,30.8705,2.55
1270,0.2,30.8913,2.55
1270,0.3,30.926,2.55
1270,0.4,30.9747,2.55
1270,0.5,31.0376,2.55
1270,0.6,31.1147,2.55
1270,0.7,31.2062,2.5499
1270,0.8,31.3124,2.5496
1270,0.9,31.4334,2.549
1270,1,31.5696,2.5475
1270,1.1,31.721,2.5442
1270,1.2,31.8881,2.5372
1270,1.3,32.071,2.5233
1270,1.4,32.2699,2.498
1270,1.5,32.485,2.4545
1270,1.6,32.7164,2.3845
1270,1.7,32.9642,2.2782
1270,1.8,33.2285,2.1255
1270,1.9,33.5095,1.9162
1270,2,33.8081,1.6387
1271,0,30.8683,2.55
1271,0.1,30.8752,2.55
1271,0.2,30.896,2.55
1271,0.3,30.9307,2.55
1271,0.4,30.9795,2.55
1271,0.5,31.0423,2.55
1271,0.6,31.1195,2.55
1271,0.7,31.2111,2.5499
1271,0.8,31.3173,2.5496
1271,0.9,31.4384,2.549
1271,1,31.5746,2.5475
1271,1.1,31.7261,2.5442
1271,1.2,31.8932,2.5371
1271,1.3,32.0762,2.5233
1271,1.4,32.2752,2.4979
1271,1.5,32.4903,2.4544
1271,1.6,32.7217,2.3843
1271,1.7,32.9695,2.278
1271,1.8,33.2339,2.1253
1271,1.9,33.515,1.9159
1271,2,33.8139,1.6385
1272,0,30.8729,2.55
1272,0.1,30.8799,2.55
1272,0.2,30.9007,2.55
1272,0.3,30.9354,2.55
1272,0.4,30.9842,2.55
1272,0.5,31.0471,2.55
1272,0.6,31.1243,2.55
1272,0.7,31.2159,2.5499
1272,0.8,31.3222,2.5496
1272,0.9,31.4433,2.549
1272,1,31.5796,2.5475
1272,1.1,31.7312,2.5442
1272,1.2,31.8984,2.5371
1272,1.3,32.0814,2.5232
1272,1.4,32.2804,2.4978
1272,1.5,32.4956,2.4543
1272,1.6,32.727,2.3841
1272,1.7,32.9749,2.2777
1272,1.8,33.2393,2.125
1272,1.9,33.5206,1.9156
1272,2,33.8197,1.6382
1273,0,30.8776,2.55
1273,0.1,30.8846,2.55
1273,0.2,30.9054,2.55
1273,0.3,30.9402,2.55
1273,0.4,30.989,2.55
1273,0.5,31.0519,2.55
1273,0.6,31.1291,2.55
1273,0.7,31.2208,2.5499
1273,0.8,31.3271,2.5496
1273,0.9,31.4483,2.549
1273,1,31.5846,2.5475
1273,1.1,31.7363,2.5441
1273,1.2,31.9035,2.5371
1273,1.3,32.0866,2.5232
1273,1.4,32.2856,2.4977
1273,1.5,32.5008,2.4541
1273,1.6,32.7323,2.3839
1273,1.7,32.9802,2.2775
1273,1.8,33.2447,2.1247
1273,1.9,33.5262,1.9153
1273,2,33.8255,1.6379
1274,0,30.8823,2.55
1274,0.1,30.8892,2.55
1274,0.2,30.9101,2.55
1274,0.3,30.9449,2.55
1274,0.4,30.9937,2.55
1274,0.5,31.0567,2.55
1274,0.6,31.1339,2.55
1274,0.7,31.2256,2.5499
1274,0.8,31.332,2.5496
1274,0.9,31.4533,2.549
1274,1,31.5896,2.5475
1274,1.1,31.7414,2.5441
1274,1.2,31.9086,2.537
1274,1.3,32.0917,2.5231
1274,1.4,32.2908,2.4976
1274,1.5,32.5061,2.454
1274,1.6,32.7376,2.3837
1274,1.7,32.9856,2.2773
1274,1.8,33.2501,2.1244
1274,1.9,33.5318,1.915
1274,2,33.8314,1.6376
1275,0,30.887,2.55
1275,0.1,30.8939,2.55
1275,0.2,30.9148,2.55
1275,0.3,30.9496,2.55
1275,0.4,30.9984,2.55
1275,0.5,31.0614,2.55
1275,0.6,31.1387,2.55
1275,0.7,31.2305,2.5499
1275,0.8,31.3369,2.5496
1275,0.9,31.4582,2.549
1275,1,31.5947,2.5475
1275,1.1,31.7464,2.5441
1275,1.2,31.9138,2.537
1275,1.3,32.0969,2.523
1275,1.4,32.2961,2.4975
1275,1.5,32.5114,2.4538
1275,1.6,32.7429,2.3835
1275,1.7,32.9909,2.277
1275,1.8,33.2556,2.1241
1275,1.9,33.5374,1.9147
1275,2,33.8373,1.6374
1276,0,30.8917,2.55
1276,0.1,30.8986,2.55
1276,0.2,30.9195,2.55
1276,0.3,30.9543,2.55
1276,0.4,31.0032,2.55
1276,0.5,31.0662,2.55
1276,0.6,31.1436,2.55
1276,0.7,31.2354,2.5499
1276,0.8,31.3419,2.5496
1276,0.9,31.4632,2.549
1276,1,31.5997,2.5475
1276,1.1,31.7515,2.5441
1276,1.2,31.9189,2.5369
1276,1.3,32.1021,2.523
1276,1.4,32.3013,2.4974
1276,1.5,32.5166,2.4537
1276,1.6,32.7482,2.3833
1276,1.7,32.9963,2.2768
1276,1.8,33.261,2.1239
1276,1.9,33.543,1.9144
1276,2,33.8432,1.6371
1277,0,30.8964,2.55
1277,0.1,30.9033,2.55
1277,0.2,30.9242,2.55
1277,0.3,30.9591,2.55
1277,0.4,31.008,2.55
1277,0.5,31.071,2.55
1277,0.6,31.1484,2.55
1277,0.7,31.2402,2.5499
1277,0.8,31.3468,2.5496
1277,0.9,31.4682,2.549
1277,1,31.6047,2.5475
1277,1.1,31.7566,2.5441
1277,1.2,31.924,2.5369
1277,1.3,32.1073,2.5229
1277,1.4,32.3065,2.4973
1277,1.5,32.5219,2.4535
1277,1.6,32.7535,2.3831
1277,1.7,33.0016,2.2765
1277,1.8,33.2665,2.1236
1277,1.9,33.5487,1.9142
1277,2,33.8491,1.6368
1278,0,30.9011,2.55
1278,0.1,30.908,2.55
1278,0.2,30.9289,2.55
1278,0.3,30.9638,2.55
1278,0.4,31.0127,2.55
1278,0.5,31.0758,2.55
1278,0.6,31.1532,2.55
1278,0.7,31.2451,2.5499
1278,0.8,31.3517,2.5496
1278,0.9,31.4732,2.549
1278,1,31.6097,2.5475
1278,1.1,31.7617,2.544
1278,1.2,31.9292,2.5369
1278,1.3,32.1125,2.5228
1278,1.4,32.3117,2.4972
1278,1.5,32.5271,2.4534
1278,1.6,32.7588,2.3829
1278,1.7,33.007,2.2763
1278,1.8,33.272,2.1233
1278,1.9,33.5544,1.9139
1278,2,33.8551,1.6365
1279,0,30.9058,2.55
1279,0.1,30.9127,2.55
1279,0.2,30.9336,2.55
1279,0.3,30.9685,2.55
1279,0.4,31.0175,2.55
1279,0.5,31.0806,2.55
1279,0.6,31.158,2.55
1279,0.7,31.25,2.5499
1279,0.8,31.3566,2.5496
1279,0.9,31.4781,2.549
1279,1,31.6148,2.5475
1279,1.1,31.7668,2.544
1279,1.2,31.9343,2.5368
1279,1.3,32.1177,2.5228
1279,1.4,32.317,2.4971
1279,1.5,32.5324,2.4532
1279,1.6,32.7642,2.3828
1279,1.7,33.0124,2.2761
1279,1.8,33.2775,2.123
1279,1.9,33.56,1.9136
1279,2,33.861,1.6362
1280,0,30.9105,2.55
1280,0.1,30.9174,2.55
1280,0.2,30.9383,2.55
1280,0.3,30.9732,2.55
1280,0.4,31.0222,2.55
1280,0.5,31.0854,2.55
1280,0.6,31.1629,2.55
1280,0.7,31.2549,2.5499
1280,0.8,31.3615,2.5496
1280,0.9,31.4831,2.549
1280,1,31.6198,2.5474
1280,1.1,31.7718,2.544
1280,1.2,31.9394,2.5368
1280,1.3,32.1228,2.5227
1280,1.4,32.3222,2.497
1280,1.5,32.5377,2.4531
1280,1.6,32.7695,2.3826
1280,1.7,33.0178,2.2758
1280,1.8,33.283,2.1228
1280,1.9,33.5658,1.9133
1280,2,33.867,1.636
1281,0,30.9152,2.55
1281,0.1,30.9221,2.55
1281,0.2,30.9431,2.55
1281,0.3,30.978,2.55
1281,0.4,31.027,2.55
1281,0.5,31.0902,2.55
1281,0.6,31.1677,2.55
1281,0.7,31.2597,2.5499
1281,0.8,31.3665,2.5496
1281,0.9,31.4881,2.549
1281,1,31.6248,2.5474
1281,1.1,31.7769,2.544
1281,1.2,31.9446,2.5368
1281,1.3,32.128,2.5227
1281,1.4,32.3274,2.4969
1281,1.5,32.543,2.4529
1281,1.6,32.7748,2.3824
1281,1.7,33.0232,2.2756
1281,1.8,33.2885,2.1225
1281,1.9,33.5715,1.913
1281,2,33.873,1.6357
1282,0,30.9199,2.55
1282,0.1,30.9269,2.55
1282,0.2,30.9478,2.55
1282,0.3,30.9827,2.55
1282,0.4,31.0318,2.55
1282,0.5,31.095,2.55
1282,0.6,31.1725,2.55
1282,0.7,31.2646,2.5499
1282,0.8,31.3714,2.5496
1282,0.9,31.4931,2.549
1282,1,31.6299,2.5474
1282,1.1,31.782,2.544
1282,1.2,31.9497,2.5367
1282,1.3,32.1332,2.5226
1282,1.4,32.3326,2.4968
1282,1.5,32.5482,2.4528
1282,1.6,32.7801,2.3822
1282,1.7,33.0286,2.2753
1282,1.8,33.2941,2.1222
1282,1.9,33.5772,1.9127
1282,2,33.879,1.6354
1283,0,30.9246,2.55
1283,0.1,30.9316,2.55
1283,0.2,30.9525,2.55
1283,0.3,30.9875,2.55
1283,0.4,31.0365,2.55
1283,0.5,31.0998,2.55
1283,0.6,31.1774,2.55
1283,0.7,31.2695,2.5499
1283,0.8,31.3763,2.5496
1283,0.9,31.498,2.549
1283,1,31.6349,2.5474
1283,1.1,31.7871,2.5439
1283,1.2,31.9548,2.5367
1283,1.3,32.1384,2.5225
1283,1.4,32.3379,2.4967
1283,1.5,32.5535,2.4527
1283,1.6,32.7855,2.382
1283,1.7,33.034,2.2751
1283,1.8,33.2996,2.1219
1283,1.9,33.583,1.9124
1283,2,33.8851,1.6351
1284,0,30.9293,2.55
1284,0.1,30.9363,2.55
1284,0.2,30.9572,2.55
1284,0.3,30.9922,2.55
1284,0.4,31.0413,2.55
1284,0.5,31.1046,2.55
1284,0.6,31.1822,2.55
1284,0.7,31.2744,2.5499
1284,0.8,31.3812,2.5496
1284,0.9,31.503,2.549
1284,1,31.6399,2.5474
1284,1.1,31.7922,2.5439
1284,1.2,31.96,2.5366
1284,1.3,32.1436,2.5225
1284,1.4,32.3431,2.4966
1284,1.5,32.5588,2.4525
1284,1.6,32.7908,2.3818
1284,1.7,33.0395,2.2748
1284,1.8,33.3052,2.1217
1284,1.9,33.5887,1.9121
1284,2,33.8911,1.6349
1285,0,30.934,2.55
1285,0.1,30.941,2.55
1285,0.2,30.962,2.55
1285,0.3,30.997,2.55
1285,0.4,31.0461,2.55
1285,0.5,31.1094,2.55
1285,0.6,31.1871,2.55
1285,0.7,31.2793,2.5499
1285,0.8,31.3862,2.5496
1285,0.9,31.508,2.549
1285,1,31.645,2.5474
1285,1.1,31.7973,2.5439
1285,1.2,31.9651,2.5366
1285,1.3,32.1487,2.5224
1285,1.4,32.3483,2.4965
1285,1.5,32.5641,2.4524
1285,1.6,32.7961,2.3816
1285,1.7,33.0449,2.2746
1285,1.8,33.3108,2.1214
1285,1.9,33.5945,1.9118
1285,2,33.8972,1.6346
1286,0,30.9387,2.55
1286,0.1,30.9457,2.55
1286,0.2,30.9667,2.55
1286,0.3,31.0017,2.55
1286,0.4,31.0508,2.55
1286,0.5,31.1142,2.55
1286,0.6,31.1919,2.55
1286,0.7,31.2841,2.5499
1286,0.8,31.3911,2.5496
1286,0.9,31.513,2.5489
1286,1,31.65,2.5474
1286,1.1,31.8023,2.5439
1286,1.2,31.9703,2.5366
1286,1.3,32.1539,2.5223
1286,1.4,32.3536,2.4964
1286,1.5,32.5693,2.4522
1286,1.6,32.8015,2.3814
1286,1.7,33.0504,2.2744
1286,1.8,33.3164,2.1211
1286,1.9,33.6003,1.9116
1286,2,33.9032,1.6343
1287,0,30.9435,2.55
1287,0.1,30.9504,2.55
1287,0.2,30.9714,2.55
1287,0.3,31.0065,2.55
1287,0.4,31.0556,2.55
1287,0.5,31.119,2.55
1287,0.6,31.1967,2.55
1287,0.7,31.289,2.5499
1287,0.8,31.396,2.5496
1287,0.9,31.518,2.5489
1287,1,31.655,2.5474
1287,1.1,31.8074,2.5439
1287,1.2,31.9754,2.5365
1287,1.3,32.1591,2.5223
1287,1.4,32.3588,2.4963
1287,1.5,32.5746,2.4521
1287,1.6,32.8069,2.3812
1287,1.7,33.0558,2.2741
1287,1.8,33.322,2.1208
1287,1.9,33.6061,1.9113
1287,2,33.9093,1.634
1288,0,30.9482,2.55
1288,0.1,30.9552,2.55
1288,0.2,30.9762,2.55
1288,0.3,31.0112,2.55
1288,0.4,31.0604,2.55
1288,0.5,31.1238,2.55
1288,0.6,31.2016,2.55
1288,0.7,31.2939,2.5499
1288,0.8,31.401,2.5496
1288,0.9,31.5229,2.5489
1288,1,31.6601,2.5474
1288,1.1,31.8125,2.5438
1288,1.2,31.9805,2.5365
1288,1.3,32.1643,2.5222
1288,1.4,32.364,2.4962
1288,1.5,32.5799,2.4519
1288,1.6,32.8122,2.381
1288,1.7,33.0613,2.2739
1288,1.8,33.3276,2.1206
1288,1.9,33.612,1.911
1288,2,33.9154,1.6338
1289,0,30.9529,2.55
1289,0.1,30.9599,2.55
1289,0.2,30.9809,2.55
1289,0.3,31.016,2.55
1289,0.4,31.0652,2.55
1289,0.5,31.1286,2.55
1289,0.6,31.2064,2.55
1289,0.7,31.2988,2.5499
1289,0.8,31.4059,2.5496
1289,0.9,31.5279,2.5489
1289,1,31.6651,2.5473
1289,1.1,31.8176,2.5438
1289,1.2,31.9857,2.5365
1289,1.3,32.1695,2.5221
1289,1.4,32.3693,2.4961
1289,1.5,32.5852,2.4518
1289,1.6,32.8176,2.3808
1289,1.7,33.0667,2.2736
1289,1.8,33.3332,2.1203
1289,1.9,33.6178,1.9107
1289,2,33.9215,1.6335
1290,0,30.9576,2.55
1290,0.1,30.9646,2.55
1290,0.2,30.9856,2.55
1290,0.3,31.0207,2.55
1290,0.4,31.0699,2.55
1290,0.5,31.1334,2.55
1290,0.6,31.2113,2.55
1290,0.7,31.3037,2.5499
1290,0.8,31.4108,2.5496
1290,0.9,31.5329,2.5489
1290,1,31.6701,2.5473
1290,1.1,31.8227,2.5438
1290,1.2,31.9908,2.5364
1290,1.3,32.1747,2.5221
1290,1.4,32.3745,2.496
1290,1.5,32.5905,2.4516
1290,1.6,32.823,2.3806
1290,1.7,33.0722,2.2734
1290,1.8,33.3389,2.12
1290,1.9,33.6236,1.9104
1290,2,33.9277,1.6332
1291,0,30.9624,2.55
1291,0.1,30.9694,2.55
1291,0.2,30.9904,2.55
1291,0.3,31.0255,2.55
1291,0.4,31.0747,2.55
1291,0.5,31.1382,2.55
1291,0.6,31.2161,2.55
1291,0.7,31.3086,2.5499
1291,0.8,31.4158,2.5496
1291,0.9,31.5379,2.5489
1291,1,31.6752,2.5473
1291,1.1,31.8278,2.5438
1291,1.2,31.9959,2.5364
1291,1.3,32.1799,2.522
1291,1.4,32.3797,2.4959
1291,1.5,32.5958,2.4515
1291,1.6,32.8283,2.3804
1291,1.7,33.0777,2.2732
1291,1.8,33.3445,2.1197
1291,1.9,33.6295,1.9101
1291,2,33.9338,1.6329
1292,0,30.9671,2.55
1292,0.1,30.9741,2.55
1292,0.2,30.9951,2.55
1292,0.3,31.0302,2.55
1292,0.4,31.0795,2.55
1292,0.5,31.1431,2.55
1292,0.6,31.221,2.55
1292,0.7,31.3135,2.5499
1292,0.8,31.4207,2.5496
1292,0.9,31.5429,2.5489
1292,1,31.6802,2.5473
1292,1.1,31.8329,2.5438
1292,1.2,32.0011,2.5363
1292,1.3,32.185,2.522
1292,1.4,32.385,2.4958
1292,1.5,32.6011,2.4514
1292,1.6,32.8337,2.3802
1292,1.7,33.0832,2.2729
1292,1.8,33.3502,2.1195
1292,1.9,33.6354,1.9098
1292,2,33.94,1.6327
1293,0,30.9718,2.55
1293,0.1,30.9788,2.55
1293,0.2,30.9999,2.55
1293,0.3,31.035,2.55
1293,0.4,31.0843,2.55
1293,0.5,31.1479,2.55
1293,0.6,31.2259,2.55
1293,0.7,31.3184,2.5499
1293,0.8,31.4257,2.5496
1293,0.9,31.5479,2.5489
1293,1,31.6852,2.5473
1293,1.1,31.8379,2.5437
1293,1.2,32.0062,2.5363
1293,1.3,32.1902,2.5219
1293,1.4,32.3902,2.4957
1293,1.5,32.6064,2.4512
1293,1.6,32.8391,2.38
1293,1.7,33.0887,2.2727
1293,1.8,33.3559,2.1192
1293,1.9,33.6413,1.9095
1293,2,33.9461,1.6324
1294,0,30.9766,2.55
1294,0.1,30.9836,2.55
1294,0.2,31.0046,2.55
1294,0.3,31.0398,2.55
1294,0.4,31.0891,2.55
1294,0.5,31.1527,2.55
1294,0.6,31.2307,2.55
1294,0.7,31.3233,2.5499
1294,0.8,31.4306,2.5496
1294,0.9,31.5529,2.5489
1294,1,31.6903,2.5473
1294,1.1,31.843,2.5437
1294,1.2,32.0113,2.5363
1294,1.3,32.1954,2.5218
1294,1.4,32.3955,2.4956
1294,1.5,32.6117,2.4511
1294,1.6,32.8445,2.3798
1294,1.7,33.0943,2.2724
1294,1.8,33.3615,2.1189
1294,1.9,33.6472,1.9092
1294,2,33.9523,1.6321
1295,0,30.9813,2.55
1295,0.1,30.9883,2.55
1295,0.2,31.0094,2.55
1295,0.3,31.0446,2.55
1295,0.4,31.0939,2.55
1295,0.5,31.1575,2.55
1295,0.6,31.2356,2.55
1295,0.7,31.3282,2.5499
1295,0.8,31.4356,2.5496
1295,0.9,31.5579,2.5489
1295,1,31.6953,2.5473
1295,1.1,31.8481,2.5437
1295,1.2,32.0165,2.5362
1295,1.3,32.2006,2.5218
1295,1.4,32.4007,2.4955
1295,1.5,32.6171,2.4509
1295,1.6,32.8499,2.3796
1295,1.7,33.0998,2.2722
1295,1.8,33.3672,2.1186
1295,1.9,33.6531,1.909
1295,2,33.9585,1.6318
1296,0,30.986,2.55
1296,0.1,30.9931,2.55
1296,0.2,31.0141,2.55
1296,0.3,31.0493,2.55
1296,0.4,31.0987,2.55
1296,0.5,31.1624,2.55
1296,0.6,31.2404,2.5499
1296,0.7,31.3331,2.5499
1296,0.8,31.4405,2.5496
1296,0.9,31.5629,2.5489
1296,1,31.7004,2.5473
1296,1.1,31.8532,2.5437
1296,1.2,32.0216,2.5362
1296,1.3,32.2058,2.5217
1296,1.4,32.406,2.4954
1296,1.5,32.6224,2.4508
1296,1.6,32.8553,2.3794
1296,1.7,33.1053,2.272
1296,1.8,33.3729,2.1184
1296,1.9,33.659,1.9087
1296,2,33.9647,1.6316
1297,0,30.9908,2.55
1297,0.1,30.9978,2.55
1297,0.2,31.0189,2.55
1297,0.3,31.0541,2.55
1297,0.4,31.1035,2.55
1297,0.5,31.1672,2.55
1297,0.6,31.2453,2.5499
1297,0.7,31.338,2.5499
1297,0.8,31.4455,2.5496
1297,0.9,31.5679,2.5489
1297,1,31.7054,2.5473
1297,1.1,31.8583,2.5436
1297,1.2,32.0268,2.5362
1297,1.3,32.211,2.5216
1297,1.4,32.4112,2.4953
1297,1.5,32.6277,2.4506
1297,1.6,32.8608,2.3792
1297,1.7,33.1109,2.2717
1297,1.8,33.3787,2.1181
1297,1.9,33.665,1.9084
1297,2,33.9709,1.6313
1298,0,30.9955,2.55
1298,0.1,31.0026,2.55
1298,0.2,31.0237,2.55
1298,0.3,31.0589,2.55
1298,0.4,31.1083,2.55
1298,0.5,31.172,2.55
1298,0.6,31.2502,2.5499
1298,0.7,31.3429,2.5498
1298,0.8,31.4504,2.5496
1298,0.9,31.5729,2.5489
1298,1,31.7105,2.5473
1298,1.1,31.8634,2.5436
1298,1.2,32.0319,2.5361
1298,1.3,32.2162,2.5216
1298,1.4,32.4165,2.4952
1298,1.5,32.633,2.4505
1298,1.6,32.8662,2.3791
1298,1.7,33.1164,2.2715
1298,1.8,33.3844,2.1178
1298,1.9,33.6709,1.9081
1298,2,33.9771,1.631
1299,0,31.0003,2.55
1299,0.1,31.0073,2.55
1299,0.2,31.0284,2.55
1299,0.3,31.0637,2.55
1299,0.4,31.1131,2.55
1299,0.5,31.1768,2.55
1299,0.6,31.255,2.5499
1299,0.7,31.3478,2.5498
1299,0.8,31.4554,2.5496
1299,0.9,31.5779,2.5489
1299,1,31.7155,2.5472
1299,1.1,31.8685,2.5436
1299,1.2,32.0371,2.5361
1299,1.3,32.2214,2.5215
1299,1.4,32.4217,2.4951
1299,1.5,32.6384,2.4503
1299,1.6,32.8716,2.3789
1299,1.7,33.122,2.2712
1299,1.8,33.3901,2.1175
1299,1.9,33.6769,1.9078
1299,2,33.9834,1.6308
1300,0,31.005,2.55
1300,0.1,31.0121,2.55
1300,0.2,31.0332,2.55
1300,0.3,31.0684,2.55
1300,0.4,31.1179,2.55
1300,0.5,31.1817,2.55
1300,0.6,31.2599,2.5499
1300,0.7,31.3527,2.5498
1300,0.8,31.4603,2.5496
1300,0.9,31.5829,2.5489
1300,1,31.7205,2.5472
1300,1.1,31.8736,2.5436
1300,1.2,32.0422,2.536
1300,1.3,32.2266,2.5214
1300,1.4,32.427,2.495
1300,1.5,32.6437,2.4502
1300,1.6,32.8771,2.3787
1300,1.7,33.1276,2.271
1300,1.8,33.3959,2.1173
1300,1.9,33.6828,1.9075
1300,2,33.9896,1.6305
1301,0,31.0098,2.55
1301,0.1,31.0168,2.55
1301,0.2,31.0379,2.55
1301,0.3,31.0732,2.55
1301,0.4,31.1227,2.55
1301,0.5,31.1865,2.55
1301,0.6,31.2648,2.5499
1301,0.7,31.3576,2.5498
1301,0.8,31.4653,2.5496
1301,0.9,31.5879,2.5489
1301,1,31.7256,2.5472
1301,1.1,31.8787,2.5436
1301,1.2,32.0474,2.536
1301,1.3,32.2318,2.5214
1301,1.4,32.4323,2.4949
1301,1.5,32.6491,2.45
1301,1.6,32.8825,2.3785
1301,1.7,33.1332,2.2708
1301,1.8,33.4016,2.117
1301,1.9,33.6888,1.9072
1301,2,33.9959,1.6302
1302,0,31.0145,2.55
1302,0.1,31.0216,2.55
1302,0.2,31.0427,2.55
1302,0.3,31.078,2.55
1302,0.4,31.1275,2.55
1302,0.5,31.1914,2.55
1302,0.6,31.2696,2.5499
1302,0.7,31.3625,2.5498
1302,0.8,31.4702,2.5496
1302,0.9,31.5929,2.5489
1302,1,31.7306,2.5472
1302,1.1,31.8838,2.5435
1302,1.2,32.0525,2.536
1302,1.3,32.237,2.5213
1302,1.4,32.4375,2.4948
1302,1.5,32.6544,2.4499
1302,1.6,32.888,2.3783
1302,1.7,33.1387,2.2705
1302,1.8,33.4074,2.1167
1302,1.9,33.6948,1.907
1302,2,34.0021,1.6299
1303,0,31.0193,2.55
1303,0.1,31.0263,2.55
1303,0.2,31.0475,2.55
1303,0.3,31.0828,2.55
1303,0.4,31.1323,2.55
1303,0.5,31.1962,2.55
1303,0.6,31.2745,2.5499
1303,0.7,31.3675,2.5498
1303,0.8,31.4752,2.5496
1303,0.9,31.5979,2.5489
1303,1,31.7357,2.5472
1303,1.1,31.8889,2.5435
1303,1.2,32.0577,2.5359
1303,1.3,32.2422,2.5212
1303,1.4,32.4428,2.4947
1303,1.5,32.6598,2.4498
1303,1.6,32.8934,2.3781
1303,1.7,33.1443,2.2703
1303,1.8,33.4132,2.1164
1303,1.9,33.7008,1.9067
1303,2,34.0084,1.6297
1304,0,31.024,2.55
1304,0.1,31.0311,2.55
1304,0.2,31.0523,2.55
1304,0.3,31.0876,2.55
1304,0.4,31.1371,2.55
1304,0.5,31.201,2.55
1304,0.6,31.2794,2.5499
1304,0.7,31.3724,2.5498
1304,0.8,31.4801,2.5496
1304,0.9,31.6029,2.5489
1304,1,31.7407,2.5472
1304,1.1,31.894,2.5435
1304,1.2,32.0628,2.5359
1304,1.3,32.2474,2.5212
1304,1.4,32.4481,2.4946
1304,1.5,32.6651,2.4496
1304,1.6,32.8989,2.3779
1304,1.7,33.1499,2.27
1304,1.8,33.419,2.1162
1304,1.9,33.7068,1.9064
1304,2,34.0147,1.6294
1305,0,31.0288,2.55
1305,0.1,31.0359,2.55
1305,0.2,31.057,2.55
1305,0.3,31.0924,2.55
1305,0.4,31.142,2.55
1305,0.5,31.2059,2.55
1305,0.6,31.2843,2.5499
1305,0.7,31.3773,2.5498
1305,0.8,31.4851,2.5496
1305,0.9,31.6079,2.5489
1305,1,31.7458,2.5472
1305,1.1,31.8991,2.5435
1305,1.2,32.068,2.5358
1305,1.3,32.2526,2.5211
1305,1.4,32.4534,2.4945
1305,1.5,32.6705,2.4495
1305,1.6,32.9044,2.3777
1305,1.7,33.1556,2.2698
1305,1.8,33.4248,2.1159
1305,1.9,33.7128,1.9061
1305,2,34.021,1.6291
1306,0,31.0336,2.55
1306,0.1,31.0406,2.55
1306,0.2,31.0618,2.55
1306,0.3,31.0972,2.55
1306,0.4,31.1468,2.55
1306,0.5,31.2107,2.55
1306,0.6,31.2892,2.5499
1306,0.7,31.3822,2.5498
1306,0.8,31.4901,2.5496
1306,0.9,31.6129,2.5488
1306,1,31.7508,2.5472
1306,1.1,31.9042,2.5435
1306,1.2,32.0731,2.5358
1306,1.3,32.2579,2.5211
1306,1.4,32.4587,2.4944
1306,1.5,32.6759,2.4493
1306,1.6,32.9099,2.3775
1306,1.7,33.1612,2.2696
1306,1.8,33.4306,2.1156
1306,1.9,33.7189,1.9058
1306,2,34.0273,1.6288
1307,0,31.0383,2.55
1307,0.1,31.0454,2.55
1307,0.2,31.0666,2.55
1307,0.3,31.102,2.55
1307,0.4,31.1516,2.55
1307,0.5,31.2156,2.55
1307,0.6,31.294,2.5499
1307,0.7,31.3871,2.5498
1307,0.8,31.495,2.5496
1307,0.9,31.6179,2.5488
1307,1,31.7559,2.5472
1307,1.1,31.9093,2.5434
1307,1.2,32.0783,2.5358
1307,1.3,32.2631,2.521
1307,1.4,32.464,2.4943
1307,1.5,32.6812,2.4492
1307,1.6,32.9153,2.3773
1307,1.7,33.1668,2.2693
1307,1.8,33.4364,2.1154
1307,1.9,33.7249,1.9055
1307,2,34.0336,1.6286
1308,0,31.0431,2.55
1308,0.1,31.0502,2.55
1308,0.2,31.0714,2.55
1308,0.3,31.1068,2.55
1308,0.4,31.1564,2.55
1308,0.5,31.2204,2.55
1308,0.6,31.2989,2.5499
1308,0.7,31.3921,2.5498
1308,0.8,31.5,2.5496
1308,0.9,31.6229,2.5488
1308,1,31.761,2.5471
1308,1.1,31.9144,2.5434
1308,1.2,32.0834,2.5357
1308,1.3,32.2683,2.5209
1308,1.4,32.4692,2.4942
1308,1.5,32.6866,2.449
1308,1.6,32.9208,2.3771
1308,1.7,33.1725,2.2691
1308,1.8,33.4422,2.1151
1308,1.9,33.731,1.9052
1308,2,34.0399,1.6283
1309,0,31.0479,2.55
1309,0.1,31.0549,2.55
1309,0.2,31.0762,2.55
1309,0.3,31.1116,2.55
1309,0.4,31.1612,2.55
1309,0.5,31.2253,2.55
1309,0.6,31.3038,2.5499
1309,0.7,31.397,2.5498
1309,0.8,31.5049,2.5496
1309,0.9,31.6279,2.5488
1309,1,31.766,2.5471
1309,1.1,31.9195,2.5434
1309,1.2,32.0886,2.5357
1309,1.3,32.2735,2.5209
1309,1.4,32.4745,2.4941
1309,1.5,32.692,2.4489
1309,1.6,32.9263,2.3769
1309,1.7,33.1781,2.2688
1309,1.8,33.448,2.1148
1309,1.9,33.737,1.905
1309,2,34.0463,1.628
1310,0,31.0526,2.55
1310,0.1,31.0597,2.55
1310,0.2,31.0809,2.55
1310,0.3,31.1164,2.55
1310,0.4,31.1661,2.55
1310,0.5,31.2301,2.55
1310,0.6,31.3087,2.5499
1310,0.7,31.4019,2.5498
1310,0.8,31.5099,2.5496
1310,0.9,31.6329,2.5488
1310,1,31.7711,2.5471
1310,1.1,31.9246,2.5434
1310,1.2,32.0938,2.5357
1310,1.3,32.2787,2.5208
1310,1.4,32.4798,2.494
1310,1.5,32.6974,2.4487
1310,1.6,32.9318,2.3767
1310,1.7,33.1838,2.2686
1310,1.8,33.4539,2.1145
1310,1.9,33.7431,1.9047
1310,2,34.0526,1.6278
1311,0,31.0574,2.55
1311,0.1,31.0645,2.55
1311,0.2,31.0857,2.55
1311,0.3,31.1212,2.55
1311,0.4,31.1709,2.55
1311,0.5,31.235,2.55
1311,0.6,31.3136,2.5499
1311,0.7,31.4068,2.5498
1311,0.8,31.5149,2.5495
1311,0.9,31.6379,2.5488
1311,1,31.7761,2.5471
1311,1.1,31.9297,2.5433
1311,1.2,32.0989,2.5356
1311,1.3,32.284,2.5207
1311,1.4,32.4851,2.4939
1311,1.5,32.7028,2.4486
1311,1.6,32.9374,2.3765
1311,1.7,33.1894,2.2684
1311,1.8,33.4597,2.1143
1311,1.9,33.7492,1.9044
1311,2,34.059,1.6275
1312,0,31.0622,2.55
1312,0.1,31.0693,2.55
1312,0.2,31.0905,2.55
1312,0.3,31.126,2.55
1312,0.4,31.1757,2.55
1312,0.5,31.2398,2.55
1312,0.6,31.3185,2.5499
1312,0.7,31.4118,2.5498
1312,0.8,31.5198,2.5495
1312,0.9,31.6429,2.5488
1312,1,31.7812,2.5471
1312,1.1,31.9348,2.5433
1312,1.2,32.1041,2.5356
1312,1.3,32.2892,2.5207
1312,1.4,32.4905,2.4938
1312,1.5,32.7082,2.4484
1312,1.6,32.9429,2.3763
1312,1.7,33.1951,2.2681
1312,1.8,33.4656,2.114
1312,1.9,33.7553,1.9041
1312,2,34.0653,1.6272
1313,0,31.067,2.55
1313,0.1,31.0741,2.55
1313,0.2,31.0953,2.55
1313,0.3,31.1308,2.55
1313,0.4,31.1806,2.55
1313,0.5,31.2447,2.55
1313,0.6,31.3234,2.5499
1313,0.7,31.4167,2.5498
1313,0.8,31.5248,2.5495
1313,0.9,31.6479,2.5488
1313,1,31.7863,2.5471
1313,1.1,31.94,2.5433
1313,1.2,32.1093,2.5355
1313,1.3,32.2944,2.5206
1313,1.4,32.4958,2.4937
1313,1.5,32.7136,2.4483
1313,1.6,32.9484,2.3761
1313,1.7,33.2008,2.2679
1313,1.8,33.4715,2.1137
1313,1.9,33.7614,1.9038
1313,2,34.0717,1.6269
1314,0,31.0718,2.55
1314,0.1,31.0788,2.55
1314,0.2,31.1001,2.55
1314,0.3,31.1356,2.55
1314,0.4,31.1854,2.55
1314,0.5,31.2496,2.55
1314,0.6,31.3283,2.5499
1314,0.7,31.4216,2.5498
1314,0.8,31.5298,2.5495
1314,0.9,31.653,2.5488
1314,1,31.7913,2.5471
1314,1.1,31.9451,2.5433
1314,1.2,32.1144,2.5355
1314,1.3,32.2997,2.5205
1314,1.4,32.5011,2.4936
1314,1.5,32.719,2.4481
1314,1.6,32.954,2.3759
1314,1.7,33.2065,2.2676
1314,1.8,33.4773,2.1134
1314,1.9,33.7675,1.9035
1314,2,34.0781,1.6267
1315,0,31.0765,2.55
1315,0.1,31.0836,2.55
1315,0.2,31.1049,2.55
1315,0.3,31.1404,2.55
1315,0.4,31.1902,2.55
1315,0.5,31.2544,2.55
1315,0.6,31.3332,2.5499
1315,0.7,31.4265,2.5498
1315,0.8,31.5348,2.5495
1315,0.9,31.658,2.5488
1315,1,31.7964,2.5471
1315,1.1,31.9502,2.5433
1315,1.2,32.1196,2.5355
1315,1.3,32.3049,2.5205
1315,1.4,32.5064,2.4935
1315,1.5,32.7244,2.448
1315,1.6,32.9595,2.3757
1315,1.7,33.2122,2.2674
1315,1.8,33.4832,2.1132
1315,1.9,33.7736,1.9032
1315,2,34.0845,1.6264
1316,0,31.0813,2.55
1316,0.1,31.0884,2.55
1316,0.2,31.1097,2.55
1316,0.3,31.1452,2.55
1316,0.4,31.1951,2.55
1316,0.5,31.2593,2.55
1316,0.6,31.3381,2.5499
1316,0.7,31.4315,2.5498
1316,0.8,31.5397,2.5495
1316,0.9,31.663,2.5488
1316,1,31.8015,2.5471
1316,1.1,31.9553,2.5432
1316,1.2,32.1248,2.5354
1316,1.3,32.3102,2.5204
1316,1.4,32.5117,2.4934
1316,1.5,32.7299,2.4479
1316,1.6,32.965,2.3756
1316,1.7,33.2179,2.2672
1316,1.8,33.4891,2.1129
1316,1.9,33.7797,1.903
1316,2,34.0909,1.6261
1317,0,31.0861,2.55
1317,0.1,31.0932,2.55
1317,0.2,31.1145,2.55
1317,0.3,31.15,2.55
1317,0.4,31.1999,2.55
1317,0.5,31.2642,2.55
1317,0.6,31.343,2.5499
1317,0.7,31.4364,2.5498
1317,0.8,31.5447,2.5495
1317,0.9,31.668,2.5488
1317,1,31.8065,2.547
1317,1.1,31.9604,2.5432
1317,1.2,32.13,2.5354
1317,1.3,32.3154,2.5203
1317,1.4,32.5171,2.4933
1317,1.5,32.7353,2.4477
1317,1.6,32.9706,2.3754
1317,1.7,33.2236,2.2669
1317,1.8,33.495,2.1126
1317,1.9,33.7859,1.9027
1317,2,34.0973,1.6259
1318,0,31.0909,2.55
1318,0.1,31.098,2.55
1318,0.2,31.1193,2.55
1318,0.3,31.1549,2.55
1318,0.4,31.2047,2.55
1318,0.5,31.269,2.55
1318,0.6,31.3479,2.5499
1318,0.7,31.4414,2.5498
1318,0.8,31.5497,2.5495
1318,0.9,31.673,2.5488
1318,1,31.8116,2.547
1318,1.1,31.9655,2.5432
1318,1.2,32.1351,2.5353
1318,1.3,32.3207,2.5203
1318,1.4,32.5224,2.4932
1318,1.5,32.7407,2.4476
1318,1.6,32.9762,2.3752
1318,1.7,33.2293,2.2667
1318,1.8,33.5009,2.1124
1318,1.9,33.792,1.9024
1318,2,34.1037,1.6256
1319,0,31.0957,2.55
1319,0.1,31.1028,2.55
1319,0.2,31.1241,2.55
1319,0.3,31.1597,2.55
1319,0.4,31.2096,2.55
1319,0.5,31.2739,2.55
1319,0.6,31.3528,2.5499
1319,0.7,31.4463,2.5498
1319,0.8,31.5547,2.5495
1319,0.9,31.6781,2.5488
1319,1,31.8167,2.547
1319,1.1,31.9707,2.5432
1319,1.2,32.1403,2.5353
1319,1.3,32.3259,2.5202
1319,1.4,32.5277,2.4931
1319,1.5,32.7462,2.4474
1319,1.6,32.9817,2.375
1319,1.7,33.235,2.2664
1319,1.8,33.5069,2.1121
1319,1.9,33.7982,1.9021
1319,2,34.1101,1.6253
1320,0,31.1005,2.55
1320,0.1,31.1076,2.55
1320,0.2,31.1289,2.55
1320,0.3,31.1645,2.55
1320,0.4,31.2144,2.55
1320,0.5,31.2788,2.55
1320,0.6,31.3577,2.5499
1320,0.7,31.4512,2.5498
1320,0.8,31.5597,2.5495
1320,0.9,31.6831,2.5488
1320,1,31.8217,2.547
1320,1.1,31.9758,2.5432
1320,1.2,32.1455,2.5353
1320,1.3,32.3312,2.5201
1320,1.4,32.5331,2.493
1320,1.5,32.7516,2.4473
1320,1.6,32.9873,2.3748
1320,1.7,33.2408,2.2662
1320,1.8,33.5128,2.1118
1320,1.9,33.8043,1.9018
1320,2,34.1165,1.625
1321,0,31.1053,2.55
1321,0.1,31.1124,2.55
1321,0.2,31.1337,2.55
1321,0.3,31.1693,2.55
1321,0.4,31.2193,2.55
1321,0.5,31.2837,2.55
1321,0.6,31.3626,2.5499
1321,0.7,31.4562,2.5498
1321,0.8,31.5646,2.5495
1321,0.9,31.6881,2.5488
1321,1,31.8268,2.547
1321,1.1,31.9809,2.5431
1321,1.2,32.1507,2.5352
1321,1.3,32.3364,2.5201
1321,1.4,32.5384,2.4929
1321,1.5,32.7571,2.4471
1321,1.6,32.9929,2.3746
1321,1.7,33.2465,2.266
1321,1.8,33.5187,2.1115
1321,1.9,33.8105,1.9015
1321,2,34.1229,1.6248
1322,0,31.1101,2.55
1322,0.1,31.1172,2.55
1322,0.2,31.1386,2.55
1322,0.3,31.1742,2.55
1322,0.4,31.2241,2.55
1322,0.5,31.2885,2.55
1322,0.6,31.3675,2.5499
1322,0.7,31.4611,2.5498
1322,0.8,31.5696,2.5495
1322,0.9,31.6931,2.5488
1322,1,31.8319,2.547
1322,1.1,31.9861,2.5431
1322,1.2,32.1559,2.5352
1322,1.3,32.3417,2.52
1322,1.4,32.5438,2.4928
1322,1.5,32.7625,2.447
1322,1.6,32.9985,2.3744
1322,1.7,33.2523,2.2657
1322,1.8,33.5247,2.1113
1322,1.9,33.8167,1.9013
1322,2,34.1291,1.6245
1323,0,31.1149,2.55
1323,0.1,31.122,2.55
1323,0.2,31.1434,2.55
1323,0.3,31.179,2.55
1323,0.4,31.229,2.55
1323,0.5,31.2934,2.55
1323,0.6,31.3724,2.5499
1323,0.7,31.4661,2.5498
1323,0.8,31.5746,2.5495
1323,0.9,31.6982,2.5488
1323,1,31.837,2.547
1323,1.1,31.9912,2.5431
1323,1.2,32.1611,2.5351
1323,1.3,32.347,2.5199
1323,1.4,32.5491,2.4927
1323,1.5,32.768,2.4468
1323,1.6,33.0041,2.3742
1323,1.7,33.258,2.2655
1323,1.8,33.5306,2.111
1323,1.9,33.8228,1.901
1323,2,34.1354,1.6242
1324,0,31.1197,2.55
1324,0.1,31.1268,2.55
1324,0.2,31.1482,2.55
1324,0.3,31.1838,2.55
1324,0.4,31.2338,2.55
1324,0.5,31.2983,2.55
1324,0.6,31.3773,2.5499
1324,0.7,31.471,2.5498
1324,0.8,31.5796,2.5495
1324,0.9,31.7032,2.5488
1324,1,31.842,2.547
1324,1.1,31.9963,2.5431
1324,1.2,32.1663,2.5351
1324,1.3,32.3522,2.5199
1324,1.4,32.5545,2.4926
1324,1.5,32.7735,2.4467
1324,1.6,33.0097,2.374
1324,1.7,33.2638,2.2652
1324,1.8,33.5366,2.1107
1324,1.9,33.8289,1.9007
1324,2,34.1416,1.624
1325,0,31.1245,2.55
1325,0.1,31.1316,2.55
1325,0.2,31.153,2.55
1325,0.3,31.1887,2.55
1325,0.4,31.2387,2.55
1325,0.5,31.3032,2.55
1325,0.6,31.3822,2.5499
1325,0.7,31.476,2.5498
1325,0.8,31.5846,2.5495
1325,0.9,31.7082,2.5487
1325,1,31.8471,2.547
1325,1.1,32.0015,2.543
1325,1.2,32.1715,2.5351
1325,1.3,32.3575,2.5198
1325,1.4,32.5598,2.4925
1325,1.5,32.7789,2.4465
1325,1.6,33.0153,2.3738
1325,1.7,33.2696,2.265
1325,1.8,33.5425,2.1105
1325,1.9,33.835,1.9004
1325,2,34.1477,1.6237
1326,0,31.1293,2.55
1326,0.1,31.1364,2.55
1326,0.2,31.1578,2.55
1326,0.3,31.1935,2.55
1326,0.4,31.2435,2.55
1326,0.5,31.308,2.55
1326,0.6,31.3871,2.5499
1326,0.7,31.4809,2.5498
1326,0.8,31.5896,2.5495
1326,0.9,31.7133,2.5487
1326,1,31.8522,2.5469
1326,1.1,32.0066,2.543
1326,1.2,32.1767,2.535
1326,1.3,32.3628,2.5197
1326,1.4,32.5652,2.4924
1326,1.5,32.7844,2.4464
1326,1.6,33.0209,2.3736
1326,1.7,33.2753,2.2648
1326,1.8,33.5485,2.1102
1326,1.9,33.8411,1.9001
1326,2,34.1539,1.6234
1327,0,31.1341,2.55
1327,0.1,31.1413,2.55
1327,0.2,31.1626,2.55
1327,0.3,31.1983,2.55
1327,0.4,31.2484,2.55
1327,0.5,31.3129,2.55
1327,0.6,31.392,2.5499
1327,0.7,31.4859,2.5498
1327,0.8,31.5946,2.5495
1327,0.9,31.7183,2.5487
1327,1,31.8573,2.5469
1327,1.1,32.0117,2.543
1327,1.2,32.1819,2.535
1327,1.3,32.3681,2.5197
1327,1.4,32.5706,2.4923
1327,1.5,32.7899,2.4462
1327,1.6,33.0265,2.3734
1327,1.7,33.2811,2.2645
1327,1.8,33.5544,2.1099
1327,1.9,33.8472,1.8999
1327,2,34.16,1.6232
1328,0,31.1389,2.55
1328,0.1,31.1461,2.55
1328,0.2,31.1675,2.55
1328,0.3,31.2032,2.55
1328,0.4,31.2533,2.55
1328,0.5,31.3178,2.55
1328,0.6,31.397,2.5499
1328,0.7,31.4908,2.5498
1328,0.8,31.5996,2.5495
1328,0.9,31.7233,2.5487
1328,1,31.8624,2.5469
1328,1.1,32.0169,2.543
1328,1.2,32.1871,2.5349
1328,1.3,32.3734,2.5196
1328,1.4,32.576,2.4922
1328,1.5,32.7954,2.4461
1328,1.6,33.0321,2.3732
1328,1.7,33.2869,2.2643
1328,1.8,33.5604,2.1097
1328,1.9,33.8533,1.8996
1328,2,34.1661,1.6229
1329,0,31.1438,2.55
1329,0.1,31.1509,2.55
1329,0.2,31.1723,2.55
1329,0.3,31.208,2.55
1329,0.4,31.2581,2.55
1329,0.5,31.3227,2.55
1329,0.6,31.4019,2.5499
1329,0.7,31.4958,2.5498
1329,0.8,31.6046,2.5495
1329,0.9,31.7284,2.5487
1329,1,31.8675,2.5469
1329,1.1,32.022,2.543
1329,1.2,32.1923,2.5349
1329,1.3,32.3786,2.5195
1329,1.4,32.5813,2.4921
1329,1.5,32.8009,2.446
1329,1.6,33.0378,2.373
1329,1.7,33.2927,2.2641
1329,1.8,33.5663,2.1094
1329,1.9,33.8593,1.8993
1329,2,34.1722,1.6226
1330,0,31.1486,2.55
1330,0.1,31.1557,2.55
1330,0.2,31.1771,2.55
1330,0.3,31.2129,2.55
1330,0.4,31.263,2.55
1330,0.5,31.3276,2.55
1330,0.6,31.4068,2.5499
1330,0.7,31.5007,2.5498
1330,0.8,31.6096,2.5495
1330,0.9,31.7334,2.5487
1330,1,31.8726,2.5469
1330,1.1,32.0272,2.5429
1330,1.2,32.1975,2.5349
1330,1.3,32.3839,2.5195
1330,1.4,32.5867,2.492
1330,1.5,32.8064,2.4458
1330,1.6,33.0434,2.3728
1330,1.7,33.2985,2.2638
1330,1.8,33.5722,2.1091
1330,1.9,33.8654,1.899
1330,2,34.1783,1.6224
1331,0,31.1534,2.55
1331,0.1,31.1605,2.55
1331,0.2,31.182,2.55
1331,0.3,31.2177,2.55
1331,0.4,31.2679,2.55
1331,0.5,31.3325,2.55
1331,0.6,31.4117,2.5499
1331,0.7,31.5057,2.5498
1331,0.8,31.6146,2.5495
1331,0.9,31.7385,2.5487
1331,1,31.8777,2.5469
1331,1.1,32.0323,2.5429
1331,1.2,32.2028,2.5348
1331,1.3,32.3892,2.5194
1331,1.4,32.5921,2.4919
1331,1.5,32.8119,2.4457
1331,1.6,33.0491,2.3726
1331,1.7,33.3043,2.2636
1331,1.8,33.5782,2.1088
1331,1.9,33.8714,1.8987
1331,2,34.1843,1.6221
1332,0,31.1582,2.55
1332,0.1,31.1654,2.55
1332,0.2,31.1868,2.55
1332,0.3,31.2226,2.55
1332,0.4,31.2727,2.55
1332,0.5,31.3374,2.55
1332,0.6,31.4167,2.5499
1332,0.7,31.5107,2.5498
1332,0.8,31.6196,2.5495
1332,0.9,31.7435,2.5487
1332,1,31.8828,2.5469
1332,1.1,32.0375,2.5429
1332,1.2,32.208,2.5348
1332,1.3,32.3945,2.5193
1332,1.4,32.5975,2.4918
1332,1.5,32.8174,2.4455
1332,1.6,33.0547,2.3724
1332,1.7,33.31,2.2633
1332,1.8,33.5841,2.1086
1332,1.9,33.8774,1.8984
1332,2,34.1904,1.6218
1333,0,31.163,2.55
1333,0.1,31.1702,2.55
1333,0.2,31.1916,2.55
1333,0.3,31.2274,2.55
1333,0.4,31.2776,2.55
1333,0.5,31.3423,2.55
1333,0.6,31.4216,2.5499
1333,0.7,31.5156,2.5498
1333,0.8,31.6246,2.5495
1333,0.9,31.7486,2.5487
1333,1,31.8879,2.5469
1333,1.1,32.0426,2.5429
1333,1.2,32.2132,2.5347
1333,1.3,32.3998,2.5193
1333,1.4,32.6029,2.4917
1333,1.5,32.8229,2.4454
1333,1.6,33.0603,2.3723
1333,1.7,33.3158,2.2631
1333,1.8,33.59,2.1083
1333,1.9,33.8834,1.8982
1333,2,34.1964,1.6215
1334,0,31.1679,2.55
1334,0.1,31.175,2.55
1334,0.2,31.1965,2.55
1334,0.3,31.2323,2.55
1334,0.4,31.2825,2.55
1334,0.5,31.3472,2.55
1334,0.6,31.4265,2.5499
1334,0.7,31.5206,2.5498
1334,0.8,31.6296,2.5495
1334,0.9,31.7536,2.5487
1334,1,31.893,2.5469
1334,1.1,32.0478,2.5428
1334,1.2,32.2184,2.5347
1334,1.3,32.4051,2.5192
1334,1.4,32.6083,2.4916
1334,1.5,32.8284,2.4452
1334,1.6,33.066,2.3721
1334,1.7,33.3216,2.2629
1334,1.8,33.5959,2.108
1334,1.9,33.8894,1.8979
1334,2,34.2024,1.6213
1335,0,31.1727,2.55
1335,0.1,31.1798,2.55
1335,0.2,31.2013,2.55
1335,0.3,31.2371,2.55
1335,0.4,31.2873,2.55
1335,0.5,31.3521,2.55
1335,0.6,31.4314,2.5499
1335,0.7,31.5255,2.5498
1335,0.8,31.6346,2.5495
1335,0.9,31.7587,2.5487
1335,1,31.8981,2.5468
1335,1.1,32.053,2.5428
1335,1.2,32.2237,2.5347
1335,1.3,32.4105,2.5191
1335,1.4,32.6137,2.4915
1335,1.5,32.834,2.4451
1335,1.6,33.0716,2.3719
1335,1.7,33.3274,2.2626
1335,1.8,33.6018,2.1078
1335,1.9,33.8954,1.8976
1335,2,34.2085,1.621
1336,0,31.1775,2.55
1336,0.1,31.1847,2.55
1336,0.2,31.2061,2.55
1336,0.3,31.242,2.55
1336,0.4,31.2922,2.55
1336,0.5,31.357,2.55
1336,0.6,31.4364,2.5499
1336,0.7,31.5305,2.5498
1336,0.8,31.6396,2.5495
1336,0.9,31.7637,2.5487
1336,1,31.9032,2.5468
1336,1.1,32.0581,2.5428
1336,1.2,32.2289,2.5346
1336,1.3,32.4158,2.5191
1336,1.4,32.6192,2.4914
1336,1.5,32.8395,2.4449
1336,1.6,33.0773,2.3717
1336,1.7,33.3332,2.2624
1336,1.8,33.6077,2.1075
1336,1.9,33.9014,1.8973
1336,2,34.2145,1.6207
1337,0,31.1824,2.55
1337,0.1,31.1895,2.55
1337,0.2,31.211,2.55
1337,0.3,31.2468,2.55
1337,0.4,31.2971,2.55
1337,0.5,31.3619,2.55
1337,0.6,31.4413,2.5499
1337,0.7,31.5355,2.5498
1337,0.8,31.6446,2.5495
1337,0.9,31.7688,2.5487
1337,1,31.9083,2.5468
1337,1.1,32.0633,2.5428
1337,1.2,32.2341,2.5346
1337,1.3,32.4211,2.519
1337,1.4,32.6246,2.4913
1337,1.5,32.845,2.4448
1337,1.6,33.083,2.3715
1337,1.7,33.339,2.2622
1337,1.8,33.6136,2.1072
1337,1.9,33.9074,1.897
1337,2,34.2205,1.6205
1338,0,31.1872,2.55
1338,0.1,31.1943,2.55
1338,0.2,31.2158,2.55
1338,0.3,31.2517,2.55
1338,0.4,31.302,2.55
1338,0.5,31.3668,2.55
1338,0.6,31.4462,2.5499
1338,0.7,31.5405,2.5498
1338,0.8,31.6496,2.5495
1338,0.9,31.7738,2.5487
1338,1,31.9134,2.5468
1338,1.1,32.0685,2.5428
1338,1.2,32.2394,2.5345
1338,1.3,32.4264,2.5189
1338,1.4,32.63,2.4912
1338,1.5,32.8506,2.4446
1338,1.6,33.0886,2.3713
1338,1.7,33.3448,2.2619
1338,1.8,33.6195,2.107
1338,1.9,33.9133,1.8968
1338,2,34.2264,1.6202
1339,0,31.192,2.55
1339,0.1,31.1992,2.55
1339,0.2,31.2207,2.55
1339,0.3,31.2566,2.55
1339,0.4,31.3069,2.55
1339,0.5,31.3717,2.55
1339,0.6,31.4512,2.5499
1339,0.7,31.5454,2.5498
1339,0.8,31.6546,2.5495
1339,0.9,31.7789,2.5487
1339,1,31.9185,2.5468
1339,1.1,32.0736,2.5427
1339,1.2,32.2446,2.5345
1339,1.3,32.4317,2.5189
1339,1.4,32.6354,2.4911
1339,1.5,32.8561,2.4445
1339,1.6,33.0943,2.3711
1339,1.7,33.3505,2.2617
1339,1.8,33.6254,2.1067
1339,1.9,33.9193,1.8965
1339,2,34.2324,1.6199
1340,0,31.1969,2.55
1340,0.1,31.204,2.55
1340,0.2,31.2255,2.55
1340,0.3,31.2614,2.55
1340,0.4,31.3117,2.55
1340,0.5,31.3766,2.55
1340,0.6,31.4561,2.5499
1340,0.7,31.5504,2.5498
1340,0.8,31.6596,2.5495
1340,0.9,31.784,2.5487
1340,1,31.9236,2.5468
1340,1.1,32.0788,2.5427
1340,1.2,32.2499,2.5345
1340,1.3,32.4371,2.5188
1340,1.4,32.6408,2.4909
1340,1.5,32.8616,2.4443
1340,1.6,33.0999,2.3709
1340,1.7,33.3563,2.2614
1340,1.8,33.6313,2.1064
1340,1.9,33.9252,1.8962
1340,2,34.2384,1.6197
1341,0,31.2017,2.55
1341,0.1,31.2089,2.55
1341,0.2,31.2304,2.55
1341,0.3,31.2663,2.55
1341,0.4,31.3166,2.55
1341,0.5,31.3815,2.55
1341,0.6,31.4611,2.5499
1341,0.7,31.5554,2.5498
1341,0.8,31.6646,2.5495
1341,0.9,31.789,2.5487
1341,1,31.9287,2.5468
1341,1.1,32.084,2.5427
1341,1.2,32.2551,2.5344
1341,1.3,32.4424,2.5187
1341,1.4,32.6463,2.4908
1341,1.5,32.8672,2.4442
1341,1.6,33.1056,2.3707
1341,1.7,33.3621,2.2612
1341,1.8,33.6372,2.1061
1341,1.9,33.9312,1.8959
1341,2,34.2444,1.6194
1342,0,31.2065,2.55
1342,0.1,31.2137,2.55
1342,0.2,31.2352,2.55
1342,0.3,31.2711,2.55
1342,0.4,31.3215,2.55
1342,0.5,31.3864,2.55
1342,0.6,31.466,2.5499
1342,0.7,31.5604,2.5498
1342,0.8,31.6697,2.5495
1342,0.9,31.7941,2.5487
1342,1,31.9338,2.5468
1342,1.1,32.0892,2.5427
1342,1.2,32.2604,2.5344
1342,1.3,32.4478,2.5187
1342,1.4,32.6517,2.4907
1342,1.5,32.8727,2.4441
1342,1.6,33.1113,2.3705
1342,1.7,33.3679,2.261
1342,1.8,33.643,2.1059
1342,1.9,33.9371,1.8956
1342,2,34.2503,1.6191
1343,0,31.2114,2.55
1343,0.1,31.2186,2.55
1343,0.2,31.2401,2.55
1343,0.3,31.276,2.55
1343,0.4,31.3264,2.55
1343,0.5,31.3913,2.55
1343,0.6,31.4709,2.5499
1343,0.7,31.5653,2.5498
1343,0.8,31.6747,2.5495
1343,0.9,31.7991,2.5486
1343,1,31.939,2.5467
1343,1.1,32.0944,2.5426
1343,1.2,32.2656,2.5343
1343,1.3,32.4531,2.5186
1343,1.4,32.6572,2.4906
1343,1.5,32.8783,2.4439
1343,1.6,33.1169,2.3703
1343,1.7,33.3736,2.2607
1343,1.8,33.6489,2.1056
1343,1.9,33.943,1.8954
1343,2,34.2563,1.6189
1344,0,31.2162,2.55
1344,0.1,31.2234,2.55
1344,0.2,31.2449,2.55
1344,0.3,31.2809,2.55
1344,0.4,31.3313,2.55
1344,0.5,31.3963,2.55
1344,0.6,31.4759,2.5499
1344,0.7,31.5703,2.5498
1344,0.8,31.6797,2.5495
1344,0.9,31.8042,2.5486
1344,1,31.9441,2.5467
1344,1.1,32.0995,2.5426
1344,1.2,32.2709,2.5343
1344,1.3,32.4584,2.5185
1344,1.4,32.6626,2.4905
1344,1.5,32.8838,2.4438
1344,1.6,33.1226,2.3701
1344,1.7,33.3794,2.2605
1344,1.8,33.6548,2.1053
1344,1.9,33.949,1.8951
1344,2,34.2622,1.6186
1345,0,31.2211,2.55
1345,0.1,31.2283,2.55
1345,0.2,31.2498,2.55
1345,0.3,31.2858,2.55
1345,0.4,31.3362,2.55
1345,0.5,31.4012,2.55
1345,0.6,31.4808,2.5499
1345,0.7,31.5753,2.5498
1345,0.8,31.6847,2.5495
1345,0.9,31.8093,2.5486
1345,1,31.9492,2.5467
1345,1.1,32.1047,2.5426
1345,1.2,32.2761,2.5343
1345,1.3,32.4638,2.5185
1345,1.4,32.668,2.4904
1345,1.5,32.8894,2.4436
1345,1.6,33.1283,2.3699
1345,1.7,33.3852,2.2603
1345,1.8,33.6606,2.1051
1345,1.9,33.9549,1.8948
1345,2,34.2681,1.6183
1346,0,31.2259,2.55
1346,0.1,31.2331,2.55
1346,0.2,31.2547,2.55
1346,0.3,31.2906,2.55
1346,0.4,31.3411,2.55
1346,0.5,31.4061,2.55
1346,0.6,31.4858,2.5499
1346,0.7,31.5803,2.5498
1346,0.8,31.6897,2.5495
1346,0.9,31.8144,2.5486
1346,1,31.9543,2.5467
1346,1.1,32.1099,2.5426
1346,1.2,32.2814,2.5342
1346,1.3,32.4691,2.5184
1346,1.4,32.6735,2.4903
1346,1.5,32.8949,2.4435
1346,1.6,33.1339,2.3697
1346,1.7,33.3909,2.26
1346,1.8,33.6665,2.1048
1346,1.9,33.9608,1.8945
1346,2,34.2741,1.6181
1347,0,31.2308,2.55
1347,0.1,31.238,2.55
1347,0.2,31.2595,2.55
1347,0.3,31.2955,2.55
1347,0.4,31.346,2.55
1347,0.5,31.411,2.55
1347,0.6,31.4907,2.5499
1347,0.7,31.5853,2.5498
1347,0.8,31.6948,2.5495
1347,0.9,31.8194,2.5486
1347,1,31.9595,2.5467
1347,1.1,32.1151,2.5426
1347,1.2,32.2867,2.5342
1347,1.3,32.4745,2.5183
1347,1.4,32.6789,2.4902
1347,1.5,32.9005,2.4433
1347,1.6,33.1396,2.3695
1347,1.7,33.3967,2.2598
1347,1.8,33.6723,2.1045
1347,1.9,33.9667,1.8942
1347,2,34.28,1.6178
1348,0,31.2356,2.55
1348,0.1,31.2428,2.55
1348,0.2,31.2644,2.55
1348,0.3,31.3004,2.55
1348,0.4,31.3509,2.55
1348,0.5,31.4159,2.55
1348,0.6,31.4957,2.5499
1348,0.7,31.5903,2.5498
1348,0.8,31.6998,2.5495
1348,0.9,31.8245,2.5486
1348,1,31.9646,2.5467
1348,1.1,32.1203,2.5425
1348,1.2,32.292,2.5341
1348,1.3,32.4799,2.5183
1348,1.4,32.6844,2.4901
1348,1.5,32.906,2.4432
1348,1.6,33.1452,2.3693
1348,1.7,33.4025,2.2595
1348,1.8,33.6782,2.1043
1348,1.9,33.9726,1.894
1348,2,34.2859,1.6175
1349,0,31.2405,2.55
1349,0.1,31.2477,2.55
1349,0.2,31.2693,2.55
1349,0.3,31.3053,2.55
1349,0.4,31.3558,2.55
1349,0.5,31.4209,2.55
1349,0.6,31.5006,2.5499
1349,0.7,31.5953,2.5498
1349,0.8,31.7048,2.5495
1349,0.9,31.8296,2.5486
1349,1,31.9697,2.5467
1349,1.1,32.1255,2.5425
1349,1.2,32.2972,2.5341
1349,1.3,32.4852,2.5182
1349,1.4,32.6899,2.49
1349,1.5,32.9116,2.443
1349,1.6,33.1509,2.3692
1349,1.7,33.4082,2.2593
1349,1.8,33.684,2.104
1349,1.9,33.9785,1.8937
1349,2,34.2918,1.6173
1350,0,31.2453,2.55
1350,0.1,31.2525,2.55
1350,0.2,31.2741,2.55
1350,0.3,31.3102,2.55
1350,0.4,31.3607,2.55
1350,0.5,31.4258,2.55
1350,0.6,31.5056,2.5499
1350,0.7,31.6002,2.5498
1350,0.8,31.7099,2.5495
1350,0.9,31.8347,2.5486
1350,1,31.9749,2.5467
1350,1.1,32.1307,2.5425
1350,1.2,32.3025,2.5341
1350,1.3,32.4906,2.5181
1350,1.4,32.6953,2.4899
1350,1.5,32.9172,2.4429
1350,1.6,33.1566,2.369
1350,1.7,33.414,2.2591
1350,1.8,33.6898,2.1037
1350,1.9,33.9844,1.8934
1350,2,34.2977,1.617
1351,0,31.2502,2.55
1351,0.1,31.2574,2.55
1351,0.2,31.279,2.55
1351,0.3,31.315,2.55
1351,0.4,31.3656,2.55
1351,0.5,31.4307,2.55
1351,0.6,31.5106,2.5499
1351,0.7,31.6052,2.5498
1351,0.8,31.7149,2.5494
1351,0.9,31.8398,2.5486
1351,1,31.98,2.5466
1351,1.1,32.1359,2.5425
1351,1.2,32.3078,2.534
1351,1.3,32.4959,2.5181
1351,1.4,32.7008,2.4898
1351,1.5,32.9227,2.4427
1351,1.6,33.1622,2.3688
1351,1.7,33.4198,2.2588
1351,1.8,33.6957,2.1035
1351,1.9,33.9902,1.8931
1351,2,34.3036,1.6168
1352,0,31.2551,2.55
1352,0.1,31.2623,2.55
1352,0.2,31.2839,2.55
1352,0.3,31.3199,2.55
1352,0.4,31.3705,2.55
1352,0.5,31.4357,2.55
1352,0.6,31.5155,2.5499
1352,0.7,31.6102,2.5498
1352,0.8,31.72,2.5494
1352,0.9,31.8449,2.5486
1352,1,31.9852,2.5466
1352,1.1,32.1411,2.5424
1352,1.2,32.3131,2.534
1352,1.3,32.5013,2.518
1352,1.4,32.7062,2.4897
1352,1.5,32.9283,2.4426
1352,1.6,33.1679,2.3686
1352,1.7,33.4255,2.2586
1352,1.8,33.7015,2.1032
1352,1.9,33.9961,1.8928
1352,2,34.3095,1.6165
1353,0,31.2599,2.55
1353,0.1,31.2671,2.55
1353,0.2,31.2887,2.55
1353,0.3,31.3248,2.55
1353,0.4,31.3754,2.55
1353,0.5,31.4406,2.55
1353,0.6,31.5205,2.5499
1353,0.7,31.6152,2.5498
1353,0.8,31.725,2.5494
1353,0.9,31.8499,2.5486
1353,1,31.9903,2.5466
1353,1.1,32.1464,2.5424
1353,1.2,32.3184,2.5339
1353,1.3,32.5067,2.5179
1353,1.4,32.7117,2.4896
1353,1.5,32.9338,2.4424
1353,1.6,33.1736,2.3684
1353,1.7,33.4313,2.2584
1353,1.8,33.7073,2.1029
1353,1.9,34.002,1.8926
1353,2,34.3154,1.6162
1354,0,31.2648,2.55
1354,0.1,31.272,2.55
1354,0.2,31.2936,2.55
1354,0.3,31.3297,2.55
1354,0.4,31.3803,2.55
1354,0.5,31.4455,2.55
1354,0.6,31.5255,2.5499
1354,0.7,31.6202,2.5498
1354,0.8,31.73,2.5494
1354,0.9,31.855,2.5486
1354,1,31.9955,2.5466
1354,1.1,32.1516,2.5424
1354,1.2,32.3236,2.5339
1354,1.3,32.5121,2.5179
1354,1.4,32.7172,2.4895
1354,1.5,32.9394,2.4423
1354,1.6,33.1792,2.3682
1354,1.7,33.437,2.2581
1354,1.8,33.7131,2.1027
1354,1.9,34.0079,1.8923
1354,2,34.3213,1.616
1355,0,31.2697,2.55
1355,0.1,31.2769,2.55
1355,0.2,31.2985,2.55
1355,0.3,31.3346,2.55
1355,0.4,31.3852,2.55
1355,0.5,31.4505,2.55
1355,0.6,31.5304,2.5499
1355,0.7,31.6252,2.5498
1355,0.8,31.7351,2.5494
1355,0.9,31.8601,2.5486
1355,1,32.0006,2.5466
1355,1.1,32.1568,2.5424
1355,1.2,32.3289,2.5339
1355,1.3,32.5174,2.5178
1355,1.4,32.7226,2.4894
1355,1.5,32.945,2.4421
1355,1.6,33.1849,2.368
1355,1.7,33.4428,2.2579
1355,1.8,33.719,2.1024
1355,1.9,34.0137,1.892
1355,2,34.3272,1.6157
1356,0,31.2745,2.55
1356,0.1,31.2817,2.55
1356,0.2,31.3034,2.55
1356,0.3,31.3395,2.55
1356,0.4,31.3901,2.55
1356,0.5,31.4554,2.55
1356,0.6,31.5354,2.5499
1356,0.7,31.6302,2.5498
1356,0.8,31.7401,2.5494
1356,0.9,31.8652,2.5486
1356,1,32.0058,2.5466
1356,1.1,32.162,2.5423
1356,1.2,32.3342,2.5338
1356,1.3,32.5228,2.5177
1356,1.4,32.7281,2.4893
1356,1.5,32.9505,2.442
1356,1.6,33.1905,2.3678
1356,1.7,33.4485,2.2576
1356,1.8,33.7248,2.1021
1356,1.9,34.0196,1.8917
1356,2,34.3331,1.6154
1357,0,31.2794,2.55
1357,0.1,31.2866,2.55
1357,0.2,31.3083,2.55
1357,0.3,31.3444,2.55
1357,0.4,31.395,2.55
1357,0.5,31.4603,2.55
1357,0.6,31.5404,2.5499
1357,0.7,31.6352,2.5498
1357,0.8,31.7452,2.5494
1357,0.9,31.8703,2.5486
1357,1,32.0109,2.5466
1357,1.1,32.1672,2.5423
1357,1.2,32.3395,2.5338
1357,1.3,32.5282,2.5177
1357,1.4,32.7336,2.4892
1357,1.5,32.9561,2.4418
1357,1.6,33.1962,2.3676
1357,1.7,33.4542,2.2574
1357,1.8,33.7306,2.1019
1357,1.9,34.0254,1.8915
1357,2,34.3389,1.6152
1358,0,31.2843,2.55
1358,0.1,31.2915,2.55
1358,0.2,31.3131,2.55
1358,0.3,31.3493,2.55
1358,0.4,31.4,2.55
1358,0.5,31.4653,2.55
1358,0.6,31.5453,2.5499
1358,0.7,31.6403,2.5498
1358,0.8,31.7502,2.5494
1358,0.9,31.8754,2.5486
1358,1,32.0161,2.5466
1358,1.1,32.1724,2.5423
1358,1.2,32.3448,2.5337
1358,1.3,32.5336,2.5176
1358,1.4,32.7391,2.4891
1358,1.5,32.9617,2.4417
1358,1.6,33.2019,2.3674
1358,1.7,33.46,2.2572
1358,1.8,33.7364,2.1016
1358,1.9,34.0313,1.8912
1358,2,34.3448,1.6149
1359,0,31.2891,2.55
1359,0.1,31.2964,2.55
1359,0.2,31.318,2.55
1359,0.3,31.3542,2.55
1359,0.4,31.4049,2.55
1359,0.5,31.4702,2.55
1359,0.6,31.5503,2.5499
1359,0.7,31.6453,2.5498
1359,0.8,31.7553,2.5494
1359,0.9,31.8805,2.5486
1359,1,32.0212,2.5466
1359,1.1,32.1777,2.5423
1359,1.2,32.3501,2.5337
1359,1.3,32.539,2.5175
1359,1.4,32.7445,2.489
1359,1.5,32.9673,2.4416
1359,1.6,33.2075,2.3672
1359,1.7,33.4657,2.2569
1359,1.8,33.7422,2.1013
1359,1.9,34.0371,1.8909
1359,2,34.3507,1.6146
1360,0,31.294,2.55
1360,0.1,31.3012,2.55
1360,0.2,31.3229,2.55
1360,0.3,31.3591,2.55
1360,0.4,31.4098,2.55
1360,0.5,31.4752,2.55
1360,0.6,31.5553,2.5499
1360,0.7,31.6503,2.5498
1360,0.8,31.7603,2.5494
1360,0.9,31.8856,2.5485
1360,1,32.0264,2.5465
1360,1.1,32.1829,2.5422
1360,1.2,32.3554,2.5336
1360,1.3,32.5444,2.5175
1360,1.4,32.75,2.4889
1360,1.5,32.9728,2.4414
1360,1.6,33.2132,2.367
1360,1.7,33.4715,2.2567
1360,1.8,33.748,2.1011
1360,1.9,34.043,1.8906
1360,2,34.3565,1.6144
1361,0,31.2989,2.55
1361,0.1,31.3061,2.55
1361,0.2,31.3278,2.55
1361,0.3,31.364,2.55
1361,0.4,31.4147,2.55
1361,0.5,31.4801,2.55
1361,0.6,31.5603,2.5499
1361,0.7,31.6553,2.5498
1361,0.8,31.7654,2.5494
1361,0.9,31.8907,2.5485
1361,1,32.0316,2.5465
1361,1.1,32.1881,2.5422
1361,1.2,32.3608,2.5336
1361,1.3,32.5497,2.5174
1361,1.4,32.7555,2.4888
1361,1.5,32.9784,2.4413
1361,1.6,33.2188,2.3668
1361,1.7,33.4772,2.2565
1361,1.8,33.7538,2.1008
1361,1.9,34.0488,1.8903
1361,2,34.3624,1.6141
1362,0,31.3038,2.55
1362,0.1,31.311,2.55
1362,0.2,31.3327,2.55
1362,0.3,31.3689,2.55
1362,0.4,31.4196,2.55
1362,0.5,31.4851,2.55
1362,0.6,31.5652,2.5499
1362,0.7,31.6603,2.5498
1362,0.8,31.7705,2.5494
1362,0.9,31.8959,2.5485
1362,1,32.0367,2.5465
1362,1.1,32.1934,2.5422
1362,1.2,32.3661,2.5336
1362,1.3,32.5551,2.5173
1362,1.4,32.761,2.4887
1362,1.5,32.984,2.4411
1362,1.6,33.2245,2.3666
1362,1.7,33.4829,2.2562
1362,1.8,33.7596,2.1005
1362,1.9,34.0547,1.8901
1362,2,34.3683,1.6138
1363,0,31.3086,2.55
1363,0.1,31.3159,2.55
1363,0.2,31.3376,2.55
1363,0.3,31.3738,2.55
1363,0.4,31.4246,2.55
1363,0.5,31.49,2.55
1363,0.6,31.5702,2.5499
1363,0.7,31.6653,2.5498
1363,0.8,31.7755,2.5494
1363,0.9,31.901,2.5485
1363,1,32.0419,2.5465
1363,1.1,32.1986,2.5422
1363,1.2,32.3714,2.5335
1363,1.3,32.5605,2.5173
1363,1.4,32.7665,2.4886
1363,1.5,32.9895,2.441
1363,1.6,33.2302,2.3664
1363,1.7,33.4887,2.256
1363,1.8,33.7654,2.1003
1363,1.9,34.0605,1.8898
1363,2,34.3741,1.6136
1364,0,31.3135,2.55
1364,0.1,31.3208,2.55
1364,0.2,31.3425,2.55
1364,0.3,31.3787,2.55
1364,0.4,31.4295,2.55
1364,0.5,31.495,2.55
1364,0.6,31.5752,2.5499
1364,0.7,31.6704,2.5498
1364,0.8,31.7806,2.5494
1364,0.9,31.9061,2.5485
1364,1,32.0471,2.5465
1364,1.1,32.2039,2.5422
1364,1.2,32.3767,2.5335
1364,1.3,32.5659,2.5172
1364,1.4,32.7719,2.4885
1364,1.5,32.9951,2.4408
1364,1.6,33.2358,2.3662
1364,1.7,33.4944,2.2558
1364,1.8,33.7712,2.1
1364,1.9,34.0663,1.8895
1364,2,34.38,1.6133
1365,0,31.3184,2.55
1365,0.1,31.3257,2.55
1365,0.2,31.3474,2.55
1365,0.3,31.3836,2.55
1365,0.4,31.4344,2.55
1365,0.5,31.4999,2.55
1365,0.6,31.5802,2.5499
1365,0.7,31.6754,2.5498
1365,0.8,31.7856,2.5494
1365,0.9,31.9112,2.5485
1365,1,32.0523,2.5465
1365,1.1,32.2091,2.5421
1365,1.2,32.382,2.5334
1365,1.3,32.5713,2.5171
1365,1.4,32.7774,2.4884
1365,1.5,33.0007,2.4407
1365,1.6,33.2415,2.3661
1365,1.7,33.5001,2.2555
1365,1.8,33.777,2.0997
1365,1.9,34.0721,1.8892
1365,2,34.3858,1.6131
1366,0,31.3233,2.55
1366,0.1,31.3305,2.55
1366,0.2,31.3523,2.55
1366,0.3,31.3885,2.55
1366,0.4,31.4394,2.55
1366,0.5,31.5049,2.55
1366,0.6,31.5852,2.5499
1366,0.7,31.6804,2.5498
1366,0.8,31.7907,2.5494
1366,0.9,31.9163,2.5485
1366,1,32.0574,2.5465
1366,1.1,32.2143,2.5421
1366,1.2,32.3873,2.5334
1366,1.3,32.5767,2.5171
1366,1.4,32.7829,2.4883
1366,1.5,33.0062,2.4405
1366,1.6,33.2471,2.3659
1366,1.7,33.5059,2.2553
1366,1.8,33.7827,2.0995
1366,1.9,34.078,1.889
1366,2,34.3916,1.6128
1367,0,31.3282,2.55
1367,0.1,31.3354,2.55
1367,0.2,31.3572,2.55
1367,0.3,31.3934,2.55
1367,0.4,31.4443,2.55
1367,0.5,31.5098,2.55
1367,0.6,31.5902,2.5499
1367,0.7,31.6854,2.5498
1367,0.8,31.7958,2.5494
1367,0.9,31.9214,2.5485
1367,1,32.0626,2.5465
1367,1.1,32.2196,2.5421
1367,1.2,32.3926,2.5334
1367,1.3,32.5821,2.517
1367,1.4,32.7884,2.4882
1367,1.5,33.0118,2.4404
1367,1.6,33.2528,2.3657
1367,1.7,33.5116,2.2551
1367,1.8,33.7885,2.0992
1367,1.9,34.0838,1.8887
1367,2,34.3975,1.6125
1368,0,31.3331,2.55
1368,0.1,31.3403,2.55
1368,0.2,31.3621,2.55
1368,0.3,31.3984,2.55
1368,0.4,31.4492,2.55
1368,0.5,31.5148,2.55
1368,0.6,31.5952,2.5499
1368,0.7,31.6905,2.5498
1368,0.8,31.8009,2.5494
1368,0.9,31.9266,2.5485
1368,1,32.0678,2.5464
1368,1.1,32.2248,2.5421
1368,1.2,32.398,2.5333
1368,1.3,32.5875,2.5169
1368,1.4,32.7939,2.4881
1368,1.5,33.0174,2.4402
1368,1.6,33.2584,2.3655
1368,1.7,33.5173,2.2548
1368,1.8,33.7943,2.0989
1368,1.9,34.0896,1.8884
1368,2,34.4033,1.6123
1369,0,31.338,2.55
1369,0.1,31.3452,2.55
1369,0.2,31.367,2.55
1369,0.3,31.4033,2.55
1369,0.4,31.4542,2.55
1369,0.5,31.5198,2.55
1369,0.6,31.6002,2.5499
1369,0.7,31.6955,2.5498
1369,0.8,31.8059,2.5494
1369,0.9,31.9317,2.5485
1369,1,32.073,2.5464
1369,1.1,32.2301,2.542
1369,1.2,32.4033,2.5333
1369,1.3,32.5929,2.5168
1369,1.4,32.7994,2.4879
1369,1.5,33.023,2.4401
1369,1.6,33.2641,2.3653
1369,1.7,33.523,2.2546
1369,1.8,33.8001,2.0987
1369,1.9,34.0954,1.8881
1369,2,34.4092,1.612
1370,0,31.3429,2.55
1370,0.1,31.3501,2.55
1370,0.2,31.3719,2.55
1370,0.3,31.4082,2.55
1370,0.4,31.4591,2.55
1370,0.5,31.5247,2.55
1370,0.6,31.6051,2.5499
1370,0.7,31.7005,2.5498
1370,0.8,31.811,2.5494
1370,0.9,31.9368,2.5485
1370,1,32.0782,2.5464
1370,1.1,32.2353,2.542
1370,1.2,32.4086,2.5332
1370,1.3,32.5983,2.5168
1370,1.4,32.8049,2.4878
1370,1.5,33.0285,2.4399
1370,1.6,33.2697,2.3651
1370,1.7,33.5287,2.2543
1370,1.8,33.8058,2.0984
1370,1.9,34.1012,1.8879
1370,2,34.415,1.6117
1371,0,31.3478,2.55
1371,0.1,31.355,2.55
1371,0.2,31.3768,2.55
1371,0.3,31.4131,2.55
1371,0.4,31.464,2.55
1371,0.5,31.5297,2.55
1371,0.6,31.6101,2.5499
1371,0.7,31.7056,2.5498
1371,0.8,31.8161,2.5494
1371,0.9,31.942,2.5485
1371,1,32.0834,2.5464
1371,1.1,32.2406,2.542
1371,1.2,32.414,2.5332
1371,1.3,32.6038,2.5167
1371,1.4,32.8104,2.4877
1371,1.5,33.0341,2.4398
1371,1.6,33.2754,2.3649
1371,1.7,33.5345,2.2541
1371,1.8,33.8116,2.0981
1371,1.9,34.107,1.8876
1371,2,34.4208,1.6115
1372,0,31.3527,2.55
1372,0.1,31.3599,2.55
1372,0.2,31.3817,2.55
1372,0.3,31.418,2.55
1372,0.4,31.469,2.55
1372,0.5,31.5347,2.55
1372,0.6,31.6151,2.5499
1372,0.7,31.7106,2.5498
1372,0.8,31.8212,2.5494
1372,0.9,31.9471,2.5485
1372,1,32.0886,2.5464
1372,1.1,32.2459,2.542
1372,1.2,32.4193,2.5331
1372,1.3,32.6092,2.5166
1372,1.4,32.8158,2.4876
1372,1.5,33.0397,2.4396
1372,1.6,33.281,2.3647
1372,1.7,33.5402,2.2539
1372,1.8,33.8174,2.0979
1372,1.9,34.1128,1.8873
1372,2,34.4266,1.6112
1373,0,31.3576,2.55
1373,0.1,31.3648,2.55
1373,0.2,31.3866,2.55
1373,0.3,31.423,2.55
1373,0.4,31.4739,2.55
1373,0.5,31.5396,2.55
1373,0.6,31.6201,2.5499
1373,0.7,31.7156,2.5498
1373,0.8,31.8263,2.5494
1373,0.9,31.9522,2.5485
1373,1,32.0938,2.5464
1373,1.1,32.2511,2.5419
1373,1.2,32.4246,2.5331
1373,1.3,32.6146,2.5166
1373,1.4,32.8213,2.4875
1373,1.5,33.0453,2.4395
1373,1.6,33.2867,2.3645
1373,1.7,33.5459,2.2536
1373,1.8,33.8232,2.0976
1373,1.9,34.1186,1.887
1373,2,34.4325,1.611
1374,0,31.3625,2.55
1374,0.1,31.3697,2.55
1374,0.2,31.3915,2.55
1374,0.3,31.4279,2.55
1374,0.4,31.4789,2.55
1374,0.5,31.5446,2.55
1374,0.6,31.6252,2.5499
1374,0.7,31.7207,2.5498
1374,0.8,31.8313,2.5494
1374,0.9,31.9574,2.5485
1374,1,32.099,2.5464
1374,1.1,32.2564,2.5419
1374,1.2,32.43,2.5331
1374,1.3,32.62,2.5165
1374,1.4,32.8268,2.4874
1374,1.5,33.0508,2.4393
1374,1.6,33.2923,2.3643
1374,1.7,33.5516,2.2534
1374,1.8,33.8289,2.0973
1374,1.9,34.1244,1.8868
1374,2,34.4383,1.6107
1375,0,31.3674,2.55
1375,0.1,31.3746,2.55
1375,0.2,31.3964,2.55
1375,0.3,31.4328,2.55
1375,0.4,31.4838,2.55
1375,0.5,31.5496,2.55
1375,0.6,31.6302,2.5499
1375,0.7,31.7257,2.5498
1375,0.8,31.8364,2.5494
1375,0.9,31.9625,2.5485
1375,1,32.1042,2.5464
1375,1.1,32.2617,2.5419
1375,1.2,32.4353,2.533
1375,1.3,32.6254,2.5164
1375,1.4,32.8323,2.4873
1375,1.5,33.0564,2.4392
1375,1.6,33.298,2.3641
1375,1.7,33.5573,2.2532
1375,1.8,33.8347,2.0971
1375,1.9,34.1302,1.8865
1375,2,34.4441,1.6104
1376,0,31.3723,2.55
1376,0.1,31.3795,2.55
1376,0.2,31.4014,2.55
1376,0.3,31.4377,2.55
1376,0.4,31.4888,2.55
1376,0.5,31.5546,2.55
1376,0.6,31.6352,2.5499
1376,0.7,31.7308,2.5498
1376,0.8,31.8415,2.5494
1376,0.9,31.9676,2.5484
1376,1,32.1094,2.5463
1376,1.1,32.2669,2.5419
1376,1.2,32.4406,2.533
1376,1.3,32.6308,2.5164
1376,1.4,32.8378,2.4872
1376,1.5,33.062,2.4391
1376,1.6,33.3036,2.3639
1376,1.7,33.563,2.2529
1376,1.8,33.8404,2.0968
1376,1.9,34.136,1.8862
1376,2,34.4499,1.6102
1377,0,31.3772,2.55
1377,0.1,31.3845,2.55
1377,0.2,31.4063,2.55
1377,0.3,31.4427,2.55
1377,0.4,31.4937,2.55
1377,0.5,31.5595,2.55
1377,0.6,31.6402,2.5499
1377,0.7,31.7358,2.5498
1377,0.8,31.8466,2.5494
1377,0.9,31.9728,2.5484
1377,1,32.1146,2.5463
1377,1.1,32.2722,2.5418
1377,1.2,32.446,2.5329
1377,1.3,32.6362,2.5163
1377,1.4,32.8433,2.4871
1377,1.5,33.0676,2.4389
1377,1.6,33.3093,2.3637
1377,1.7,33.5687,2.2527
1377,1.8,33.8462,2.0965
1377,1.9,34.1418,1.8859
1377,2,34.4557,1.6099
1378,0,31.3821,2.55
1378,0.1,31.3894,2.55
1378,0.2,31.4112,2.55
1378,0.3,31.4476,2.55
1378,0.4,31.4987,2.55
1378,0.5,31.5645,2.55
1378,0.6,31.6452,2.5499
1378,0.7,31.7409,2.5498
1378,0.8,31.8517,2.5494
1378,0.9,31.9779,2.5484
1378,1,32.1198,2.5463
1378,1.1,32.2775,2.5418
1378,1.2,32.4513,2.5329
1378,1.3,32.6417,2.5162
1378,1.4,32.8488,2.487
1378,1.5,33.0731,2.4388
1378,1.6,33.3149,2.3635
1378,1.7,33.5744,2.2525
1378,1.8,33.852,2.0963
1378,1.9,34.1476,1.8857
1378,2,34.4615,1.6096
1379,0,31.387,2.55
1379,0.1,31.3943,2.55
1379,0.2,31.4161,2.55
1379,0.3,31.4526,2.55
1379,0.4,31.5036,2.55
1379,0.5,31.5695,2.55
1379,0.6,31.6502,2.5499
1379,0.7,31.7459,2.5498
1379,0.8,31.8568,2.5494
1379,0.9,31.9831,2.5484
1379,1,32.125,2.5463
1379,1.1,32.2827,2.5418
1379,1.2,32.4567,2.5328
1379,1.3,32.6471,2.5162
1379,1.4,32.8543,2.4869
1379,1.5,33.0787,2.4386
1379,1.6,33.3205,2.3633
1379,1.7,33.5801,2.2522
1379,1.8,33.8577,2.096
1379,1.9,34.1534,1.8854
1379,2,34.4673,1.6094
1380,0,31.3919,2.55
1380,0.1,31.3992,2.55
1380,0.2,31.421,2.55
1380,0.3,31.4575,2.55
1380,0.4,31.5086,2.55
1380,0.5,31.5745,2.55
1380,0.6,31.6552,2.5499
1380,0.7,31.751,2.5498
1380,0.8,31.8619,2.5494
1380,0.9,31.9882,2.5484
1380,1,32.1302,2.5463
1380,1.1,32.288,2.5418
1380,1.2,32.462,2.5328
1380,1.3,32.6525,2.5161
1380,1.4,32.8598,2.4868
1380,1.5,33.0843,2.4385
1380,1.6,33.3262,2.3632
1380,1.7,33.5858,2.252
1380,1.8,33.8635,2.0958
1380,1.9,34.1592,1.8851
1380,2,34.4731,1.6091
1381,0,31.3968,2.55
1381,0.1,31.4041,2.55
1381,0.2,31.426,2.55
1381,0.3,31.4624,2.55
1381,0.4,31.5136,2.55
1381,0.5,31.5795,2.55
1381,0.6,31.6602,2.5499
1381,0.7,31.756,2.5498
1381,0.8,31.867,2.5494
1381,0.9,31.9934,2.5484
1381,1,32.1354,2.5463
1381,1.1,32.2933,2.5417
1381,1.2,32.4674,2.5328
1381,1.3,32.6579,2.516
1381,1.4,32.8653,2.4867
1381,1.5,33.0898,2.4383
1381,1.6,33.3318,2.363
1381,1.7,33.5915,2.2518
1381,1.8,33.8692,2.0955
1381,1.9,34.165,1.8848
1381,2,34.4789,1.6089
1382,0,31.4018,2.55
1382,0.1,31.409,2.55
1382,0.2,31.4309,2.55
1382,0.3,31.4674,2.55
1382,0.4,31.5185,2.55
1382,0.5,31.5845,2.55
1382,0.6,31.6653,2.5499
1382,0.7,31.7611,2.5498
1382,0.8,31.8721,2.5494
1382,0.9,31.9985,2.5484
1382,1,32.1406,2.5463
1382,1.1,32.2986,2.5417
1382,1.2,32.4727,2.5327
1382,1.3,32.6634,2.516
1382,1.4,32.8708,2.4866
1382,1.5,33.0954,2.4382
1382,1.6,33.3375,2.3628
1382,1.7,33.5972,2.2515
1382,1.8,33.875,2.0952
1382,1.9,34.1708,1.8846
1382,2,34.4847,1.6086
1383,0,31.4067,2.55
1383,0.1,31.414,2.55
1383,0.2,31.4358,2.55
1383,0.3,31.4723,2.55
1383,0.4,31.5235,2.55
1383,0.5,31.5894,2.55
1383,0.6,31.6703,2.5499
1383,0.7,31.7662,2.5498
1383,0.8,31.8772,2.5494
1383,0.9,32.0037,2.5484
1383,1,32.1458,2.5462
1383,1.1,32.3039,2.5417
1383,1.2,32.4781,2.5327
1383,1.3,32.6688,2.5159
1383,1.4,32.8763,2.4865
1383,1.5,33.101,2.438
1383,1.6,33.3431,2.3626
1383,1.7,33.6029,2.2513
1383,1.8,33.8807,2.095
1383,1.9,34.1765,1.8843
1383,2,34.4905,1.6083
1384,0,31.4116,2.55
1384,0.1,31.4189,2.55
1384,0.2,31.4408,2.55
1384,0.3,31.4773,2.55
1384,0.4,31.5285,2.55
1384,0.5,31.5944,2.55
1384,0.6,31.6753,2.5499
1384,0.7,31.7712,2.5498
1384,0.8,31.8823,2.5494
1384,0.9,32.0089,2.5484
1384,1,32.151,2.5462
1384,1.1,32.3091,2.5417
1384,1.2,32.4834,2.5326
1384,1.3,32.6742,2.5158
1384,1.4,32.8818,2.4864
1384,1.5,33.1066,2.4379
1384,1.6,33.3487,2.3624
1384,1.7,33.6086,2.2511
1384,1.8,33.8864,2.0947
1384,1.9,34.1823,1.884
1384,2,34.4963,1.6081
1385,0,31.4165,2.55
1385,0.1,31.4238,2.55
1385,0.2,31.4457,2.55
1385,0.3,31.4822,2.55
1385,0.4,31.5334,2.55
1385,0.5,31.5994,2.55
1385,0.6,31.6803,2.5499
1385,0.7,31.7763,2.5498
1385,0.8,31.8874,2.5494
1385,0.9,32.014,2.5484
1385,1,32.1563,2.5462
1385,1.1,32.3144,2.5416
1385,1.2,32.4888,2.5326
1385,1.3,32.6796,2.5157
1385,1.4,32.8873,2.4863
1385,1.5,33.1121,2.4377
1385,1.6,33.3544,2.3622
1385,1.7,33.6143,2.2508
1385,1.8,33.8922,2.0944
1385,1.9,34.1881,1.8837
1385,2,34.502,1.6078
1386,0,31.4214,2.55
1386,0.1,31.4287,2.55
1386,0.2,31.4506,2.55
1386,0.3,31.4872,2.55
1386,0.4,31.5384,2.55
1386,0.5,31.6044,2.55
1386,0.6,31.6854,2.5499
1386,0.7,31.7813,2.5498
1386,0.8,31.8926,2.5493
1386,0.9,32.0192,2.5484
1386,1,32.1615,2.5462
1386,1.1,32.3197,2.5416
1386,1.2,32.4941,2.5326
1386,1.3,32.6851,2.5157
1386,1.4,32.8928,2.4862
1386,1.5,33.1177,2.4376
1386,1.6,33.36,2.362
1386,1.7,33.62,2.2506
1386,1.8,33.8979,2.0942
1386,1.9,34.1938,1.8835
1386,2,34.5078,1.6076
1387,0,31.4264,2.55
1387,0.1,31.4337,2.55
1387,0.2,31.4556,2.55
1387,0.3,31.4921,2.55
1387,0.4,31.5434,2.55
1387,0.5,31.6094,2.55
1387,0.6,31.6904,2.5499
1387,0.7,31.7864,2.5498
1387,0.8,31.8977,2.5493
1387,0.9,32.0244,2.5484
1387,1,32.1667,2.5462
1387,1.1,32.325,2.5416
1387,1.2,32.4995,2.5325
1387,1.3,32.6905,2.5156
1387,1.4,32.8983,2.4861
1387,1.5,33.1233,2.4374
1387,1.6,33.3657,2.3618
1387,1.7,33.6257,2.2504
1387,1.8,33.9036,2.0939
1387,1.9,34.1996,1.8832
1387,2,34.5135,1.6073
1388,0,31.4313,2.55
1388,0.1,31.4386,2.55
1388,0.2,31.4605,2.55
1388,0.3,31.4971,2.55
1388,0.4,31.5483,2.55
1388,0.5,31.6144,2.55
1388,0.6,31.6954,2.5499
1388,0.7,31.7915,2.5497
1388,0.8,31.9028,2.5493
1388,0.9,32.0295,2.5484
1388,1,32.1719,2.5462
1388,1.1,32.3303,2.5416
1388,1.2,32.5048,2.5325
1388,1.3,32.6959,2.5155
1388,1.4,32.9038,2.486
1388,1.5,33.1289,2.4373
1388,1.6,33.3713,2.3616
1388,1.7,33.6314,2.2501
1388,1.8,33.9094,2.0936
1388,1.9,34.2053,1.8829
1388,2,34.5193,1.607
1389,0,31.4362,2.55
1389,0.1,31.4435,2.55
1389,0.2,31.4655,2.55
1389,0.3,31.502,2.55
1389,0.4,31.5533,2.55
1389,0.5,31.6194,2.55
1389,0.6,31.7005,2.5499
1389,0.7,31.7966,2.5497
1389,0.8,31.9079,2.5493
1389,0.9,32.0347,2.5484
1389,1,32.1772,2.5462
1389,1.1,32.3356,2.5416
1389,1.2,32.5102,2.5324
1389,1.3,32.7014,2.5155
1389,1.4,32.9093,2.4859
1389,1.5,33.1344,2.4371
1389,1.6,33.3769,2.3614
1389,1.7,33.6371,2.2499
1389,1.8,33.9151,2.0934
1389,1.9,34.2111,1.8826
1389,2,34.525,1.6068
1390,0,31.4412,2.55
1390,0.1,31.4485,2.55
1390,0.2,31.4704,2.55
1390,0.3,31.507,2.55
1390,0.4,31.5583,2.55
1390,0.5,31.6244,2.55
1390,0.6,31.7055,2.5499
1390,0.7,31.8016,2.5497
1390,0.8,31.913,2.5493
1390,0.9,32.0399,2.5484
1390,1,32.1824,2.5462
1390,1.1,32.3409,2.5415
1390,1.2,32.5156,2.5324
1390,1.3,32.7068,2.5154
1390,1.4,32.9148,2.4857
1390,1.5,33.14,2.437
1390,1.6,33.3826,2.3612
1390,1.7,33.6428,2.2497
1390,1.8,33.9208,2.0931
1390,1.9,34.2168,1.8824
1390,2,34.5308,1.6065
1391,0,31.4461,2.55
1391,0.1,31.4534,2.55
1391,0.2,31.4753,2.55
1391,0.3,31.5119,2.55
1391,0.4,31.5633,2.55
1391,0.5,31.6294,2.55
1391,0.6,31.7105,2.5499
1391,0.7,31.8067,2.5497
1391,0.8,31.9182,2.5493
1391,0.9,32.045,2.5483
1391,1,32.1876,2.5461
1391,1.1,32.3462,2.5415
1391,1.2,32.5209,2.5323
1391,1.3,32.7122,2.5153
1391,1.4,32.9203,2.4856
1391,1.5,33.1456,2.4368
1391,1.6,33.3882,2.361
1391,1.7,33.6485,2.2494
1391,1.8,33.9266,2.0929
1391,1.9,34.2226,1.8821
1391,2,34.5365,1.6063
1392,0,31.451,2.55
1392,0.1,31.4583,2.55
1392,0.2,31.4803,2.55
1392,0.3,31.5169,2.55
1392,0.4,31.5683,2.55
1392,0.5,31.6344,2.55
1392,0.6,31.7156,2.5499
1392,0.7,31.8118,2.5497
1392,0.8,31.9233,2.5493
1392,0.9,32.0502,2.5483
1392,1,32.1929,2.5461
1392,1.1,32.3515,2.5415
1392,1.2,32.5263,2.5323
1392,1.3,32.7177,2.5153
1392,1.4,32.9258,2.4855
1392,1.5,33.1511,2.4367
1392,1.6,33.3938,2.3608
1392,1.7,33.6541,2.2492
1392,1.8,33.9323,2.0926
1392,1.9,34.2283,1.8818
1392,2,34.5423,1.606
1393,0,31.456,2.55
1393,0.1,31.4633,2.55
1393,0.2,31.4852,2.55
1393,0.3,31.5219,2.55
1393,0.4,31.5733,2.55
1393,0.5,31.6395,2.55
1393,0.6,31.7206,2.5499
1393,0.7,31.8169,2.5497
1393,0.8,31.9284,2.5493
1393,0.9,32.0554,2.5483
1393,1,32.1981,2.5461
1393,1.1,32.3568,2.5415
1393,1.2,32.5317,2.5322
1393,1.3,32.7231,2.5152
1393,1.4,32.9313,2.4854
1393,1.5,33.1567,2.4365
1393,1.6,33.3995,2.3606
1393,1.7,33.6598,2.2489
1393,1.8,33.938,2.0923
1393,1.9,34.234,1.8815
1393,2,34.548,1.6057
1394,0,31.4609,2.55
1394,0.1,31.4682,2.55
1394,0.2,31.4902,2.55
1394,0.3,31.5268,2.55
1394,0.4,31.5782,2.55
1394,0.5,31.6445,2.55
1394,0.6,31.7257,2.5499
1394,0.7,31.822,2.5497
1394,0.8,31.9335,2.5493
1394,0.9,32.0606,2.5483
1394,1,32.2033,2.5461
1394,1.1,32.3621,2.5414
1394,1.2,32.537,2.5322
1394,1.3,32.7285,2.5151
1394,1.4,32.9368,2.4853
1394,1.5,33.1623,2.4364
1394,1.6,33.4051,2.3605
1394,1.7,33.6655,2.2487
1394,1.8,33.9437,2.0921
1394,1.9,34.2398,1.8813
1394,2,34.5537,1.6055
1395,0,31.4659,2.55
1395,0.1,31.4732,2.55
1395,0.2,31.4951,2.55
1395,0.3,31.5318,2.55
1395,0.4,31.5832,2.55
1395,0.5,31.6495,2.55
1395,0.6,31.7307,2.5499
1395,0.7,31.827,2.5497
1395,0.8,31.9387,2.5493
1395,0.9,32.0658,2.5483
1395,1,32.2086,2.5461
1395,1.1,32.3674,2.5414
1395,1.2,32.5424,2.5322
1395,1.3,32.734,2.515
1395,1.4,32.9424,2.4852
1395,1.5,33.1678,2.4362
1395,1.6,33.4107,2.3603
1395,1.7,33.6712,2.2485
1395,1.8,33.9494,2.0918
1395,1.9,34.2455,1.881
1395,2,34.5594,1.6052
1396,0,31.4708,2.55
1396,0.1,31.4781,2.55
1396,0.2,31.5001,2.55
1396,0.3,31.5368,2.55
1396,0.4,31.5882,2.55
1396,0.5,31.6545,2.55
1396,0.6,31.7358,2.5499
1396,0.7,31.8321,2.5497
1396,0.8,31.9438,2.5493
1396,0.9,32.071,2.5483
1396,1,32.2138,2.5461
1396,1.1,32.3727,2.5414
1396,1.2,32.5478,2.5321
1396,1.3,32.7394,2.515
1396,1.4,32.9479,2.4851
1396,1.5,33.1734,2.4361
1396,1.6,33.4163,2.3601
1396,1.7,33.6769,2.2482
1396,1.8,33.9551,2.0915
1396,1.9,34.2512,1.8807
1396,2,34.5652,1.605
1397,0,31.4757,2.55
1397,0.1,31.4831,2.55
1397,0.2,31.5051,2.55
1397,0.3,31.5418,2.55
1397,0.4,31.5932,2.55
1397,0.5,31.6595,2.55
1397,0.6,31.7408,2.5499
1397,0.7,31.8372,2.5497
1397,0.8,31.9489,2.5493
1397,0.9,32.0761,2.5483
1397,1,32.2191,2.5461
1397,1.1,32.378,2.5414
1397,1.2,32.5531,2.5321
1397,1.3,32.7448,2.5149
1397,1.4,32.9534,2.485
1397,1.5,33.179,2.4359
1397,1.6,33.422,2.3599
1397,1.7,33.6825,2.248
1397,1.8,33.9608,2.0913
1397,1.9,34.2569,1.8805
1397,2,34.5709,1.6047
1398,0,31.4807,2.55
1398,0.1,31.488,2.55
1398,0.2,31.51,2.55
1398,0.3,31.5467,2.55
1398,0.4,31.5982,2.55
1398,0.5,31.6645,2.55
1398,0.6,31.7459,2.5499
1398,0.7,31.8423,2.5497
1398,0.8,31.9541,2.5493
1398,0.9,32.0813,2.5483
1398,1,32.2243,2.546
1398,1.1,32.3833,2.5413
1398,1.2,32.5585,2.532
1398,1.3,32.7503,2.5148
1398,1.4,32.9589,2.4849
1398,1.5,33.1846,2.4358
1398,1.6,33.4276,2.3597
1398,1.7,33.6882,2.2478
1398,1.8,33.9665,2.091
1398,1.9,34.2627,1.8802
1398,2,34.5766,1.6045
1399,0,31.4856,2.55
1399,0.1,31.493,2.55
1399,0.2,31.515,2.55
1399,0.3,31.5517,2.55
1399,0.4,31.6032,2.55
1399,0.5,31.6696,2.55
1399,0.6,31.7509,2.5499
1399,0.7,31.8474,2.5497
1399,0.8,31.9592,2.5493
1399,0.9,32.0865,2.5483
1399,1,32.2296,2.546
1399,1.1,32.3886,2.5413
1399,1.2,32.5639,2.532
1399,1.3,32.7557,2.5148
1399,1.4,32.9644,2.4848
1399,1.5,33.1901,2.4357
1399,1.6,33.4332,2.3595
1399,1.7,33.6939,2.2475
1399,1.8,33.9722,2.0908
1399,1.9,34.2684,1.8799
1399,2,34.5823,1.6042
1400,0,31.4906,2.55
1400,0.1,31.4979,2.55
1400,0.2,31.5199,2.55
1400,0.3,31.5567,2.55
1400,0.4,31.6082,2.55
1400,0.5,31.6746,2.55
1400,0.6,31.756,2.5499
1400,0.7,31.8525,2.5497
1400,0.8,31.9644,2.5493
1400,0.9,32.0917,2.5483
1400,1,32.2348,2.546
1400,1.1,32.3939,2.5413
1400,1.2,32.5693,2.5319
1400,1.3,32.7612,2.5147
1400,1.4,32.9699,2.4847
1400,1.5,33.1957,2.4355
1400,1.6,33.4388,2.3593
1400,1.7,33.6995,2.2473
1400,1.8,33.9779,2.0905
1400,1.9,34.2741,1.8796
1400,2,34.588,1.6039
1401,0,31.4955,2.55
1401,0.1,31.5029,2.55
1401,0.2,31.5249,2.55
1401,0.3,31.5617,2.55
1401,0.4,31.6132,2.55
1401,0.5,31.6796,2.55
1401,0.6,31.761,2.5499
1401,0.7,31.8576,2.5497
1401,0.8,31.9695,2.5493
1401,0.9,32.0969,2.5483
1401,1,32.2401,2.546
1401,1.1,32.3992,2.5413
1401,1.2,32.5746,2.5319
1401,1.3,32.7666,2.5146
1401,1.4,32.9754,2.4846
1401,1.5,33.2013,2.4354
1401,1.6,33.4445,2.3591
1401,1.7,33.7052,2.2471
1401,1.8,33.9836,2.0902
1401,1.9,34.2798,1.8794
1401,2,34.5937,1.6037
1402,0,31.5005,2.55
1402,0.1,31.5078,2.55
1402,0.2,31.5299,2.55
1402,0.3,31.5666,2.55
1402,0.4,31.6182,2.55
1402,0.5,31.6847,2.55
1402,0.6,31.7661,2.5499
1402,0.7,31.8627,2.5497
1402,0.8,31.9746,2.5493
1402,0.9,32.1021,2.5483
1402,1,32.2453,2.546
1402,1.1,32.4045,2.5412
1402,1.2,32.58,2.5319
1402,1.3,32.7721,2.5146
1402,1.4,32.9809,2.4845
1402,1.5,33.2068,2.4352
1402,1.6,33.4501,2.3589
1402,1.7,33.7109,2.2468
1402,1.8,33.9893,2.09
1402,1.9,34.2855,1.8791
1402,2,34.5994,1.6034
1403,0,31.5055,2.55
1403,0.1,31.5128,2.55
1403,0.2,31.5348,2.55
1403,0.3,31.5716,2.55
1403,0.4,31.6232,2.55
1403,0.5,31.6897,2.55
1403,0.6,31.7712,2.5499
1403,0.7,31.8678,2.5497
1403,0.8,31.9798,2.5493
1403,0.9,32.1073,2.5483
1403,1,32.2506,2.546
1403,1.1,32.4099,2.5412
1403,1.2,32.5854,2.5318
1403,1.3,32.7775,2.5145
1403,1.4,32.9864,2.4844
1403,1.5,33.2124,2.4351
1403,1.6,33.4557,2.3587
1403,1.7,33.7165,2.2466
1403,1.8,33.995,2.0897
1403,1.9,34.2912,1.8788
1403,2,34.6051,1.6032
1404,0,31.5104,2.55
1404,0.1,31.5178,2.55
1404,0.2,31.5398,2.55
1404,0.3,31.5766,2.55
1404,0.4,31.6282,2.55
1404,0.5,31.6947,2.55
1404,0.6,31.7762,2.5499
1404,0.7,31.8729,2.5497
1404,0.8,31.9849,2.5493
1404,0.9,32.1125,2.5483
1404,1,32.2558,2.546
1404,1.1,32.4152,2.5412
1404,1.2,32.5908,2.5318
1404,1.3,32.7829,2.5144
1404,1.4,32.9919,2.4843
1404,1.5,33.218,2.4349
1404,1.6,33.4613,2.3585
1404,1.7,33.7222,2.2464
1404,1.8,34.0007,2.0894
1404,1.9,34.2969,1.8786
1404,2,34.6108,1.6029
1405,0,31.5154,2.55
1405,0.1,31.5227,2.55
1405,0.2,31.5448,2.55
1405,0.3,31.5816,2.55
1405,0.4,31.6332,2.55
1405,0.5,31.6998,2.55
1405,0.6,31.7813,2.5499
1405,0.7,31.878,2.5497
1405,0.8,31.9901,2.5493
1405,0.9,32.1177,2.5483
1405,1,32.2611,2.546
1405,1.1,32.4205,2.5412
1405,1.2,32.5962,2.5317
1405,1.3,32.7884,2.5143
1405,1.4,32.9974,2.4842
1405,1.5,33.2235,2.4348
1405,1.6,33.4669,2.3583
1405,1.7,33.7278,2.2461
1405,1.8,34.0064,2.0892
1405,1.9,34.3026,1.8783
1405,2,34.6165,1.6026
1406,0,31.5203,2.55
1406,0.1,31.5277,2.55
1406,0.2,31.5498,2.55
1406,0.3,31.5866,2.55
1406,0.4,31.6382,2.55
1406,0.5,31.7048,2.55
1406,0.6,31.7864,2.5499
1406,0.7,31.8831,2.5497
1406,0.8,31.9953,2.5493
1406,0.9,32.1229,2.5482
1406,1,32.2664,2.5459
1406,1.1,32.4258,2.5411
1406,1.2,32.6015,2.5317
1406,1.3,32.7938,2.5143
1406,1.4,33.0029,2.4841
1406,1.5,33.2291,2.4346
1406,1.6,33.4726,2.3581
1406,1.7,33.7335,2.2459
1406,1.8,34.0121,2.0889
1406,1.9,34.3083,1.878
1406,2,34.6222,1.6024
1407,0,31.5253,2.55
1407,0.1,31.5327,2.55
1407,0.2,31.5547,2.55
1407,0.3,31.5916,2.55
1407,0.4,31.6432,2.55
1407,0.5,31.7098,2.55
1407,0.6,31.7914,2.5499
1407,0.7,31.8882,2.5497
1407,0.8,32.0004,2.5493
1407,0.9,32.1281,2.5482
1407,1,32.2716,2.5459
1407,1.1,32.4311,2.5411
1407,1.2,32.6069,2.5316
1407,1.3,32.7993,2.5142
1407,1.4,33.0084,2.484
1407,1.5,33.2347,2.4345
1407,1.6,33.4782,2.3579
1407,1.7,33.7392,2.2457
1407,1.8,34.0177,2.0887
1407,1.9,34.314,1.8777
1407,2,34.6279,1.6021
1408,0,31.5303,2.55
1408,0.1,31.5376,2.55
1408,0.2,31.5597,2.55
1408,0.3,31.5966,2.55
1408,0.4,31.6483,2.55
1408,0.5,31.7149,2.55
1408,0.6,31.7965,2.5499
1408,0.7,31.8934,2.5497
1408,0.8,32.0056,2.5493
1408,0.9,32.1333,2.5482
1408,1,32.2769,2.5459
1408,1.1,32.4365,2.5411
1408,1.2,32.6123,2.5316
1408,1.3,32.8047,2.5141
1408,1.4,33.0139,2.4838
1408,1.5,33.2402,2.4343
1408,1.6,33.4838,2.3578
1408,1.7,33.7448,2.2454
1408,1.8,34.0234,2.0884
1408,1.9,34.3197,1.8775
1408,2,34.6336,1.6019
1409,0,31.5352,2.55
1409,0.1,31.5426,2.55
1409,0.2,31.5647,2.55
1409,0.3,31.6016,2.55
1409,0.4,31.6533,2.55
1409,0.5,31.7199,2.55
1409,0.6,31.8016,2.5499
1409,0.7,31.8985,2.5497
1409,0.8,32.0107,2.5493
1409,0.9,32.1385,2.5482
1409,1,32.2821,2.5459
1409,1.1,32.4418,2.5411
1409,1.2,32.6177,2.5316
1409,1.3,32.8102,2.5141
1409,1.4,33.0194,2.4837
1409,1.5,33.2458,2.4342
1409,1.6,33.4894,2.3576
1409,1.7,33.7505,2.2452
1409,1.8,34.0291,2.0881
1409,1.9,34.3254,1.8772
1409,2,34.6393,1.6016
1410,0,31.5402,2.55
1410,0.1,31.5476,2.55
1410,0.2,31.5697,2.55
1410,0.3,31.6066,2.55
1410,0.4,31.6583,2.55
1410,0.5,31.725,2.55
1410,0.6,31.8067,2.5499
1410,0.7,31.9036,2.5497
1410,0.8,32.0159,2.5493
1410,0.9,32.1438,2.5482
1410,1,32.2874,2.5459
1410,1.1,32.4471,2.541
1410,1.2,32.6231,2.5315
1410,1.3,32.8156,2.514
1410,1.4,33.025,2.4836
1410,1.5,33.2513,2.434
1410,1.6,33.495,2.3574
1410,1.7,33.7561,2.245
1410,1.8,34.0348,2.0879
1410,1.9,34.3311,1.8769
1410,2,34.645,1.6014
1411,0,31.5452,2.55
1411,0.1,31.5526,2.55
1411,0.2,31.5747,2.55
1411,0.3,31.6116,2.55
1411,0.4,31.6633,2.55
1411,0.5,31.73,2.55
1411,0.6,31.8118,2.5499
1411,0.7,31.9087,2.5497
1411,0.8,32.0211,2.5493
1411,0.9,32.149,2.5482
1411,1,32.2927,2.5459
1411,1.1,32.4524,2.541
1411,1.2,32.6285,2.5315
1411,1.3,32.8211,2.5139
1411,1.4,33.0305,2.4835
1411,1.5,33.2569,2.4339
1411,1.6,33.5006,2.3572
1411,1.7,33.7618,2.2448
1411,1.8,34.0405,2.0876
1411,1.9,34.3368,1.8767
1411,2,34.6507,1.6011
1412,0,31.5502,2.55
1412,0.1,31.5575,2.55
1412,0.2,31.5797,2.55
1412,0.3,31.6166,2.55
1412,0.4,31.6683,2.55
1412,0.5,31.7351,2.55
1412,0.6,31.8168,2.5499
1412,0.7,31.9138,2.5497
1412,0.8,32.0262,2.5493
1412,0.9,32.1542,2.5482
1412,1,32.298,2.5459
1412,1.1,32.4578,2.541
1412,1.2,32.6339,2.5314
1412,1.3,32.8265,2.5138
1412,1.4,33.036,2.4834
1412,1.5,33.2625,2.4337
1412,1.6,33.5062,2.357
1412,1.7,33.7674,2.2445
1412,1.8,34.0461,2.0874
1412,1.9,34.3424,1.8764
1412,2,34.6563,1.6008
1413,0,31.5551,2.55
1413,0.1,31.5625,2.55
1413,0.2,31.5846,2.55
1413,0.3,31.6216,2.55
1413,0.4,31.6734,2.55
1413,0.5,31.7401,2.55
1413,0.6,31.8219,2.5499
1413,0.7,31.919,2.5497
1413,0.8,32.0314,2.5493
1413,0.9,32.1594,2.5482
1413,1,32.3032,2.5458
1413,1.1,32.4631,2.5409
1413,1.2,32.6392,2.5314
1413,1.3,32.832,2.5138
1413,1.4,33.0415,2.4833
1413,1.5,33.268,2.4336
1413,1.6,33.5118,2.3568
1413,1.7,33.773,2.2443
1413,1.8,34.0518,2.0871
1413,1.9,34.3481,1.8761
1413,2,34.662,1.6006
1414,0,31.5601,2.55
1414,0.1,31.5675,2.55
1414,0.2,31.5896,2.55
1414,0.3,31.6266,2.55
1414,0.4,31.6784,2.55
1414,0.5,31.7452,2.55
1414,0.6,31.827,2.5499
1414,0.7,31.9241,2.5497
1414,0.8,32.0366,2.5493
1414,0.9,32.1646,2.5482
1414,1,32.3085,2.5458
1414,1.1,32.4684,2.5409
1414,1.2,32.6446,2.5313
1414,1.3,32.8374,2.5137
1414,1.4,33.047,2.4832
1414,1.5,33.2736,2.4334
1414,1.6,33.5174,2.3566
1414,1.7,33.7787,2.2441
1414,1.8,34.0575,2.0868
1414,1.9,34.3538,1.8759
1414,2,34.6677,1.6003
1415,0,31.5651,2.55
1415,0.1,31.5725,2.55
1415,0.2,31.5946,2.55
1415,0.3,31.6316,2.55
1415,0.4,31.6834,2.55
1415,0.5,31.7502,2.55
1415,0.6,31.8321,2.5499
1415,0.7,31.9292,2.5497
1415,0.8,32.0417,2.5493
1415,0.9,32.1698,2.5482
1415,1,32.3138,2.5458
1415,1.1,32.4738,2.5409
1415,1.2,32.65,2.5313
1415,1.3,32.8429,2.5136
1415,1.4,33.0525,2.4831
1415,1.5,33.2791,2.4333
1415,1.6,33.523,2.3564
1415,1.7,33.7843,2.2438
1415,1.8,34.0631,2.0866
1415,1.9,34.3595,1.8756
1415,2,34.6734,1.6001
1416,0,31.5701,2.55
1416,0.1,31.5775,2.55
1416,0.2,31.5996,2.55
1416,0.3,31.6366,2.55
1416,0.4,31.6885,2.55
1416,0.5,31.7553,2.55
1416,0.6,31.8372,2.5499
1416,0.7,31.9343,2.5497
1416,0.8,32.0469,2.5493
1416,0.9,32.1751,2.5482
1416,1,32.319,2.5458
1416,1.1,32.4791,2.5409
1416,1.2,32.6554,2.5312
1416,1.3,32.8483,2.5136
1416,1.4,33.058,2.483
1416,1.5,33.2847,2.4331
1416,1.6,33.5286,2.3562
1416,1.7,33.79,2.2436
1416,1.8,34.0688,2.0863
1416,1.9,34.3651,1.8753
1416,2,34.679,1.5998
1417,0,31.5751,2.55
1417,0.1,31.5825,2.55
1417,0.2,31.6046,2.55
1417,0.3,31.6416,2.55
1417,0.4,31.6935,2.55
1417,0.5,31.7603,2.55
1417,0.6,31.8423,2.5499
1417,0.7,31.9395,2.5497
1417,0.8,32.0521,2.5492
1417,0.9,32.1803,2.5482
1417,1,32.3243,2.5458
1417,1.1,32.4844,2.5408
1417,1.2,32.6608,2.5312
1417,1.3,32.8538,2.5135
1417,1.4,33.0635,2.4829
1417,1.5,33.2903,2.433
1417,1.6,33.5342,2.356
1417,1.7,33.7956,2.2434
1417,1.8,34.0744,2.0861
1417,1.9,34.3708,1.875
1417,2,34.6847,1.5996
1418,0,31.5801,2.55
1418,0.1,31.5875,2.55
1418,0.2,31.6096,2.55
1418,0.3,31.6466,2.55
1418,0.4,31.6985,2.55
1418,0.5,31.7654,2.55
1418,0.6,31.8474,2.5499
1418,0.7,31.9446,2.5497
1418,0.8,32.0573,2.5492
1418,0.9,32.1855,2.5482
1418,1,32.3296,2.5458
1418,1.1,32.4898,2.5408
1418,1.2,32.6662,2.5312
1418,1.3,32.8592,2.5134
1418,1.4,33.069,2.4828
1418,1.5,33.2958,2.4328
1418,1.6,33.5398,2.3558
1418,1.7,33.8012,2.2431
1418,1.8,34.0801,2.0858
1418,1.9,34.3765,1.8748
1418,2,34.6904,1.5993
1419,0,31.5851,2.55
1419,0.1,31.5924,2.55
1419,0.2,31.6146,2.55
1419,0.3,31.6516,2.55
1419,0.4,31.7036,2.55
1419,0.5,31.7705,2.55
1419,0.6,31.8525,2.5499
1419,0.7,31.9497,2.5497
1419,0.8,32.0624,2.5492
1419,0.9,32.1907,2.5482
1419,1,32.3349,2.5458
1419,1.1,32.4951,2.5408
1419,1.2,32.6716,2.5311
1419,1.3,32.8647,2.5134
1419,1.4,33.0745,2.4827
1419,1.5,33.3014,2.4327
1419,1.6,33.5454,2.3556
1419,1.7,33.8069,2.2429
1419,1.8,34.0858,2.0855
1419,1.9,34.3821,1.8745
1419,2,34.696,1.599
1420,0,31.59,2.55
1420,0.1,31.5974,2.55
1420,0.2,31.6196,2.55
1420,0.3,31.6567,2.55
1420,0.4,31.7086,2.55
1420,0.5,31.7755,2.55
1420,0.6,31.8576,2.5499
1420,0.7,31.9549,2.5497
1420,0.8,32.0676,2.5492
1420,0.9,32.196,2.5481
1420,1,32.3402,2.5457
1420,1.1,32.5004,2.5408
1420,1.2,32.677,2.5311
1420,1.3,32.8701,2.5133
1420,1.4,33.08,2.4826
1420,1.5,33.3069,2.4325
1420,1.6,33.551,2.3554
1420,1.7,33.8125,2.2427
1420,1.8,34.0914,2.0853
1420,1.9,34.3878,1.8742
1420,2,34.7017,1.5988
1421,0,31.595,2.55
1421,0.1,31.6024,2.55
1421,0.2,31.6246,2.55
1421,0.3,31.6617,2.55
1421,0.4,31.7136,2.55
1421,0.5,31.7806,2.55
1421,0.6,31.8627,2.5499
1421,0.7,31.96,2.5497
1421,0.8,32.0728,2.5492
1421,0.9,32.2012,2.5481
1421,1,32.3454,2.5457
1421,1.1,32.5058,2.5407
1421,1.2,32.6824,2.531
1421,1.3,32.8756,2.5132
1421,1.4,33.0855,2.4825
1421,1.5,33.3125,2.4324
1421,1.6,33.5566,2.3553
1421,1.7,33.8181,2.2424
1421,1.8,34.0971,2.085
1421,1.9,34.3935,1.874
1421,2,34.7073,1.5985
1422,0,31.6,2.55
1422,0.1,31.6074,2.55
1422,0.2,31.6296,2.55
1422,0.3,31.6667,2.55
1422,0.4,31.7187,2.55
1422,0.5,31.7857,2.55
1422,0.6,31.8678,2.5499
1422,0.7,31.9652,2.5497
1422,0.8,32.078,2.5492
1422,0.9,32.2064,2.5481
1422,1,32.3507,2.5457
1422,1.1,32.5111,2.5407
1422,1.2,32.6878,2.531
1422,1.3,32.881,2.5131
1422,1.4,33.091,2.4824
1422,1.5,33.318,2.4322
1422,1.6,33.5622,2.3551
1422,1.7,33.8238,2.2422
1422,1.8,34.1027,2.0848
1422,1.9,34.3991,1.8737
1422,2,34.713,1.5983
1423,0,31.605,2.55
1423,0.1,31.6124,2.55
1423,0.2,31.6347,2.55
1423,0.3,31.6717,2.55
1423,0.4,31.7237,2.55
1423,0.5,31.7907,2.55
1423,0.6,31.8729,2.5499
1423,0.7,31.9703,2.5497
1423,0.8,32.0832,2.5492
1423,0.9,32.2117,2.5481
1423,1,32.356,2.5457
1423,1.1,32.5164,2.5407
1423,1.2,32.6932,2.5309
1423,1.3,32.8865,2.5131
1423,1.4,33.0965,2.4823
1423,1.5,33.3236,2.4321
1423,1.6,33.5678,2.3549
1423,1.7,33.8294,2.242
1423,1.8,34.1084,2.0845
1423,1.9,34.4048,1.8734
1423,2,34.7187,1.598
1424,0,31.61,2.55
1424,0.1,31.6174,2.55
1424,0.2,31.6397,2.55
1424,0.3,31.6768,2.55
1424,0.4,31.7288,2.55
1424,0.5,31.7958,2.55
1424,0.6,31.878,2.5499
1424,0.7,31.9754,2.5497
1424,0.8,32.0884,2.5492
1424,0.9,32.2169,2.5481
1424,1,32.3613,2.5457
1424,1.1,32.5218,2.5407
1424,1.2,32.6986,2.5309
1424,1.3,32.8919,2.513
1424,1.4,33.102,2.4821
1424,1.5,33.3291,2.4319
1424,1.6,33.5734,2.3547
1424,1.7,33.835,2.2417
1424,1.8,34.114,2.0842
1424,1.9,34.4104,1.8732
1424,2,34.7243,1.5978
1425,0,31.615,2.55
1425,0.1,31.6224,2.55
1425,0.2,31.6447,2.55
1425,0.3,31.6818,2.55
1425,0.4,31.7338,2.55
1425,0.5,31.8009,2.55
1425,0.6,31.8831,2.5499
1425,0.7,31.9806,2.5497
1425,0.8,32.0935,2.5492
1425,0.9,32.2221,2.5481
1425,1,32.3666,2.5457
1425,1.1,32.5271,2.5406
1425,1.2,32.704,2.5308
1425,1.3,32.8974,2.5129
1425,1.4,33.1075,2.482
1425,1.5,33.3347,2.4318
1425,1.6,33.579,2.3545
1425,1.7,33.8406,2.2415
1425,1.8,34.1197,2.084
1425,1.9,34.4161,1.8729
1425,2,34.73,1.5975
1426,0,31.62,2.55
1426,0.1,31.6274,2.55
1426,0.2,31.6497,2.55
1426,0.3,31.6868,2.55
1426,0.4,31.7389,2.55
1426,0.5,31.806,2.55
1426,0.6,31.8882,2.5499
1426,0.7,31.9857,2.5497
1426,0.8,32.0987,2.5492
1426,0.9,32.2274,2.5481
1426,1,32.3719,2.5457
1426,1.1,32.5325,2.5406
1426,1.2,32.7094,2.5308
1426,1.3,32.9028,2.5129
1426,1.4,33.1131,2.4819
1426,1.5,33.3403,2.4317
1426,1.6,33.5846,2.3543
1426,1.7,33.8463,2.2413
1426,1.8,34.1253,2.0837
1426,1.9,34.4218,1.8726
1426,2,34.7356,1.5973
1427,0,31.625,2.55
1427,0.1,31.6325,2.55
1427,0.2,31.6547,2.55
1427,0.3,31.6918,2.55
1427,0.4,31.7439,2.55
1427,0.5,31.811,2.55
1427,0.6,31.8933,2.5499
1427,0.7,31.9909,2.5497
1427,0.8,32.1039,2.5492
1427,0.9,32.2326,2.5481
1427,1,32.3772,2.5456
1427,1.1,32.5378,2.5406
1427,1.2,32.7148,2.5308
1427,1.3,32.9083,2.5128
1427,1.4,33.1186,2.4818
1427,1.5,33.3458,2.4315
1427,1.6,33.5902,2.3541
1427,1.7,33.8519,2.241
1427,1.8,34.1309,2.0835
1427,1.9,34.4274,1.8724
1427,2,34.7413,1.597
1428,0,31.6301,2.55
1428,0.1,31.6375,2.55
1428,0.2,31.6597,2.55
1428,0.3,31.6969,2.55
1428,0.4,31.749,2.55
1428,0.5,31.8161,2.55
1428,0.6,31.8984,2.5499
1428,0.7,31.996,2.5497
1428,0.8,32.1091,2.5492
1428,0.9,32.2379,2.5481
1428,1,32.3825,2.5456
1428,1.1,32.5432,2.5406
1428,1.2,32.7202,2.5307
1428,1.3,32.9137,2.5127
1428,1.4,33.1241,2.4817
1428,1.5,33.3514,2.4314
1428,1.6,33.5958,2.3539
1428,1.7,33.8575,2.2408
1428,1.8,34.1366,2.0832
1428,1.9,34.4331,1.8721
1428,2,34.7469,1.5968
1429,0,31.6351,2.55
1429,0.1,31.6425,2.55
1429,0.2,31.6648,2.55
1429,0.3,31.7019,2.55
1429,0.4,31.754,2.55
1429,0.5,31.8212,2.55
1429,0.6,31.9035,2.5499
1429,0.7,32.0012,2.5497
1429,0.8,32.1143,2.5492
1429,0.9,32.2431,2.5481
1429,1,32.3878,2.5456
1429,1.1,32.5485,2.5405
1429,1.2,32.7256,2.5307
1429,1.3,32.9192,2.5126
1429,1.4,33.1296,2.4816
1429,1.5,33.3569,2.4312
1429,1.6,33.6014,2.3537
1429,1.7,33.8631,2.2406
1429,1.8,34.1422,2.0829
1429,1.9,34.4387,1.8718
1429,2,34.7526,1.5965
1430,0,31.6401,2.55
1430,0.1,31.6475,2.55
1430,0.2,31.6698,2.55
1430,0.3,31.707,2.55
1430,0.4,31.7591,2.55
1430,0.5,31.8263,2.55
1430,0.6,31.9087,2.5499
1430,0.7,32.0063,2.5497
1430,0.8,32.1195,2.5492
1430,0.9,32.2483,2.5481
1430,1,32.3931,2.5456
1430,1.1,32.5539,2.5405
1430,1.2,32.731,2.5306
1430,1.3,32.9246,2.5126
1430,1.4,33.1351,2.4815
1430,1.5,33.3624,2.4311
1430,1.6,33.607,2.3535
1430,1.7,33.8687,2.2403
1430,1.8,34.1478,2.0827
1430,1.9,34.4443,1.8716
1430,2,34.7582,1.5962
1431,0,31.6451,2.55
1431,0.1,31.6525,2.55
1431,0.2,31.6748,2.55
1431,0.3,31.712,2.55
1431,0.4,31.7642,2.55
1431,0.5,31.8314,2.55
1431,0.6,31.9138,2.5499
1431,0.7,32.0115,2.5497
1431,0.8,32.1247,2.5492
1431,0.9,32.2536,2.5481
1431,1,32.3984,2.5456
1431,1.1,32.5592,2.5405
1431,1.2,32.7364,2.5306
1431,1.3,32.9301,2.5125
1431,1.4,33.1406,2.4814
1431,1.5,33.368,2.4309
1431,1.6,33.6125,2.3533
1431,1.7,33.8743,2.2401
1431,1.8,34.1535,2.0824
1431,1.9,34.45,1.8713
1431,2,34.7638,1.596
1432,0,31.6501,2.55
1432,0.1,31.6575,2.55
1432,0.2,31.6798,2.55
1432,0.3,31.717,2.55
1432,0.4,31.7692,2.55
1432,0.5,31.8365,2.55
1432,0.6,31.9189,2.5499
1432,0.7,32.0167,2.5497
1432,0.8,32.1299,2.5492
1432,0.9,32.2588,2.5481
1432,1,32.4037,2.5456
1432,1.1,32.5646,2.5405
1432,1.2,32.7418,2.5305
1432,1.3,32.9356,2.5124
1432,1.4,33.1461,2.4813
1432,1.5,33.3735,2.4308
1432,1.6,33.6181,2.3531
1432,1.7,33.88,2.2399
1432,1.8,34.1591,2.0822
1432,1.9,34.4556,1.871
1432,2,34.7695,1.5957
1433,0,31.6551,2.55
1433,0.1,31.6626,2.55
1433,0.2,31.6849,2.55
1433,0.3,31.7221,2.55
1433,0.4,31.7743,2.55
1433,0.5,31.8416,2.55
1433,0.6,31.924,2.5499
1433,0.7,32.0218,2.5497
1433,0.8,32.1351,2.5492
1433,0.9,32.2641,2.5481
1433,1,32.409,2.5456
1433,1.1,32.5699,2.5404
1433,1.2,32.7472,2.5305
1433,1.3,32.941,2.5124
1433,1.4,33.1516,2.4812
1433,1.5,33.3791,2.4306
1433,1.6,33.6237,2.3529
1433,1.7,33.8856,2.2396
1433,1.8,34.1647,2.0819
1433,1.9,34.4613,1.8708
1433,2,34.7751,1.5955
1434,0,31.6601,2.55
1434,0.1,31.6676,2.55
1434,0.2,31.6899,2.55
1434,0.3,31.7271,2.55
1434,0.4,31.7794,2.55
1434,0.5,31.8467,2.55
1434,0.6,31.9292,2.5499
1434,0.7,32.027,2.5497
1434,0.8,32.1403,2.5492
1434,0.9,32.2693,2.548
1434,1,32.4143,2.5455
1434,1.1,32.5753,2.5404
1434,1.2,32.7526,2.5304
1434,1.3,32.9465,2.5123
1434,1.4,33.1571,2.4811
1434,1.5,33.3846,2.4305
1434,1.6,33.6293,2.3528
1434,1.7,33.8912,2.2394
1434,1.8,34.1704,2.0816
1434,1.9,34.4669,1.8705
1434,2,34.7808,1.5952
1435,0,31.6652,2.55
1435,0.1,31.6726,2.55
1435,0.2,31.6949,2.55
1435,0.3,31.7322,2.55
1435,0.4,31.7844,2.55
1435,0.5,31.8517,2.55
1435,0.6,31.9343,2.5499
1435,0.7,32.0322,2.5497
1435,0.8,32.1455,2.5492
1435,0.9,32.2746,2.548
1435,1,32.4196,2.5455
1435,1.1,32.5806,2.5404
1435,1.2,32.758,2.5304
1435,1.3,32.9519,2.5122
1435,1.4,33.1626,2.481
1435,1.5,33.3902,2.4303
1435,1.6,33.6349,2.3526
1435,1.7,33.8968,2.2392
1435,1.8,34.176,2.0814
1435,1.9,34.4725,1.8702
1435,2,34.7864,1.595
1436,0,31.6702,2.55
1436,0.1,31.6776,2.55
1436,0.2,31.7,2.55
1436,0.3,31.7372,2.55
1436,0.4,31.7895,2.55
1436,0.5,31.8568,2.55
1436,0.6,31.9394,2.5499
1436,0.7,32.0373,2.5497
1436,0.8,32.1507,2.5492
1436,0.9,32.2798,2.548
1436,1,32.4249,2.5455
1436,1.1,32.586,2.5404
1436,1.2,32.7634,2.5304
1436,1.3,32.9574,2.5121
1436,1.4,33.1681,2.4809
1436,1.5,33.3957,2.4302
1436,1.6,33.6405,2.3524
1436,1.7,33.9024,2.239
1436,1.8,34.1816,2.0811
1436,1.9,34.4782,1.87
1436,2,34.792,1.5947
1437,0,31.6752,2.55
1437,0.1,31.6827,2.55
1437,0.2,31.705,2.55
1437,0.3,31.7423,2.55
1437,0.4,31.7946,2.55
1437,0.5,31.8619,2.55
1437,0.6,31.9445,2.5499
1437,0.7,32.0425,2.5497
1437,0.8,32.1559,2.5492
1437,0.9,32.2851,2.548
1437,1,32.4302,2.5455
1437,1.1,32.5913,2.5403
1437,1.2,32.7688,2.5303
1437,1.3,32.9628,2.5121
1437,1.4,33.1736,2.4808
1437,1.5,33.4013,2.43
1437,1.6,33.646,2.3522
1437,1.7,33.908,2.2387
1437,1.8,34.1873,2.0809
1437,1.9,34.4838,1.8697
1437,2,34.7977,1.5945
1438,0,31.6802,2.55
1438,0.1,31.6877,2.55
1438,0.2,31.71,2.55
1438,0.3,31.7473,2.55
1438,0.4,31.7996,2.55
1438,0.5,31.867,2.55
1438,0.6,31.9497,2.5499
1438,0.7,32.0477,2.5497
1438,0.8,32.1612,2.5492
1438,0.9,32.2904,2.548
1438,1,32.4355,2.5455
1438,1.1,32.5967,2.5403
1438,1.2,32.7742,2.5303
1438,1.3,32.9683,2.512
1438,1.4,33.1791,2.4806
1438,1.5,33.4068,2.4299
1438,1.6,33.6516,2.352
1438,1.7,33.9136,2.2385
1438,1.8,34.1929,2.0806
1438,1.9,34.4894,1.8694
1438,2,34.8033,1.5942
1439,0,31.6853,2.55
1439,0.1,31.6927,2.55
1439,0.2,31.7151,2.55
1439,0.3,31.7524,2.55
1439,0.4,31.8047,2.55
1439,0.5,31.8721,2.55
1439,0.6,31.9548,2.5499
1439,0.7,32.0528,2.5497
1439,0.8,32.1664,2.5492
1439,0.9,32.2956,2.548
1439,1,32.4408,2.5455
1439,1.1,32.602,2.5403
1439,1.2,32.7796,2.5302
1439,1.3,32.9737,2.5119
1439,1.4,33.1846,2.4805
1439,1.5,33.4124,2.4297
1439,1.6,33.6572,2.3518
1439,1.7,33.9192,2.2383
1439,1.8,34.1985,2.0804
1439,1.9,34.4951,1.8692
1439,2,34.8089,1.594
1440,0,31.6903,2.55
1440,0.1,31.6977,2.55
1440,0.2,31.7201,2.55
1440,0.3,31.7574,2.55
1440,0.4,31.8098,2.55
1440,0.5,31.8773,2.55
1440,0.6,31.9599,2.5499
1440,0.7,32.058,2.5497
1440,0.8,32.1716,2.5492
1440,0.9,32.3009,2.548
1440,1,32.4461,2.5455
1440,1.1,32.6074,2.5402
1440,1.2,32.785,2.5302
1440,1.3,32.9792,2.5118
1440,1.4,33.1901,2.4804
1440,1.5,33.4179,2.4296
1440,1.6,33.6628,2.3516
1440,1.7,33.9248,2.238
1440,1.8,34.2041,2.0801
1440,1.9,34.5007,1.8689
1440,2,34.8145,1.5937
1441,0,31.6953,2.55
1441,0.1,31.7028,2.55
1441,0.2,31.7252,2.55
1441,0.3,31.7625,2.55
1441,0.4,31.8149,2.55
1441,0.5,31.8824,2.55
1441,0.6,31.9651,2.5499
1441,0.7,32.0632,2.5497
1441,0.8,32.1768,2.5492
1441,0.9,32.3061,2.548
1441,1,32.4514,2.5454
1441,1.1,32.6127,2.5402
1441,1.2,32.7904,2.5301
1441,1.3,32.9846,2.5118
1441,1.4,33.1956,2.4803
1441,1.5,33.4234,2.4294
1441,1.6,33.6683,2.3514
1441,1.7,33.9304,2.2378
1441,1.8,34.2097,2.0798
1441,1.9,34.5063,1.8686
1441,2,34.8201,1.5935
1442,0,31.7004,2.55
1442,0.1,31.7078,2.55
1442,0.2,31.7302,2.55
1442,0.3,31.7676,2.55
1442,0.4,31.82,2.55
1442,0.5,31.8875,2.55
1442,0.6,31.9702,2.5499
1442,0.7,32.0683,2.5497
1442,0.8,32.182,2.5492
1442,0.9,32.3114,2.548
1442,1,32.4567,2.5454
1442,1.1,32.6181,2.5402
1442,1.2,32.7958,2.5301
1442,1.3,32.9901,2.5117
1442,1.4,33.2011,2.4802
1442,1.5,33.429,2.4293
1442,1.6,33.6739,2.3512
1442,1.7,33.936,2.2376
1442,1.8,34.2154,2.0796
1442,1.9,34.5119,1.8684
1442,2,34.8256,1.5932
1443,0,31.7054,2.55
1443,0.1,31.7129,2.55
1443,0.2,31.7353,2.55
1443,0.3,31.7726,2.55
1443,0.4,31.825,2.55
1443,0.5,31.8926,2.55
1443,0.6,31.9754,2.5499
1443,0.7,32.0735,2.5497
1443,0.8,32.1872,2.5492
1443,0.9,32.3167,2.548
1443,1,32.462,2.5454
1443,1.1,32.6235,2.5402
1443,1.2,32.8012,2.53
1443,1.3,32.9956,2.5116
1443,1.4,33.2066,2.4801
1443,1.5,33.4345,2.4291
1443,1.6,33.6795,2.351
1443,1.7,33.9416,2.2373
1443,1.8,34.221,2.0793
1443,1.9,34.5175,1.8681
1443,2,34.8311,1.5929
1444,0,31.7104,2.55
1444,0.1,31.7179,2.55
1444,0.2,31.7403,2.55
1444,0.3,31.7777,2.55
1444,0.4,31.8301,2.55
1444,0.5,31.8977,2.55
1444,0.6,31.9805,2.5499
1444,0.7,32.0787,2.5497
1444,0.8,32.1925,2.5492
1444,0.9,32.3219,2.548
1444,1,32.4673,2.5454
1444,1.1,32.6288,2.5401
1444,1.2,32.8067,2.53
1444,1.3,33.001,2.5116
1444,1.4,33.2121,2.48
1444,1.5,33.4401,2.429
1444,1.6,33.6851,2.3508
1444,1.7,33.9472,2.2371
1444,1.8,34.2266,2.0791
1444,1.9,34.5231,1.8678
1444,2,34.8365,1.5927
1445,0,31.7155,2.55
1445,0.1,31.723,2.55
1445,0.2,31.7454,2.55
1445,0.3,31.7828,2.55
1445,0.4,31.8352,2.55
1445,0.5,31.9028,2.55
1445,0.6,31.9857,2.5499
1445,0.7,32.0839,2.5497
1445,0.8,32.1977,2.5492
1445,0.9,32.3272,2.548
1445,1,32.4726,2.5454
1445,1.1,32.6342,2.5401
1445,1.2,32.8121,2.5299
1445,1.3,33.0065,2.5115
1445,1.4,33.2176,2.4799
1445,1.5,33.4456,2.4288
1445,1.6,33.6906,2.3506
1445,1.7,33.9528,2.2369
1445,1.8,34.2322,2.0788
1445,1.9,34.5287,1.8676
1445,2,34.8419,1.5924
1446,0,31.7205,2.55
1446,0.1,31.728,2.55
1446,0.2,31.7504,2.55
1446,0.3,31.7878,2.55
1446,0.4,31.8403,2.55
1446,0.5,31.9079,2.55
1446,0.6,31.9908,2.5499
1446,0.7,32.0891,2.5497
1446,0.8,32.2029,2.5491
1446,0.9,32.3325,2.548
1446,1,32.4779,2.5454
1446,1.1,32.6395,2.5401
1446,1.2,32.8175,2.5299
1446,1.3,33.0119,2.5114
1446,1.4,33.2231,2.4798
1446,1.5,33.4511,2.4287
1446,1.6,33.6962,2.3504
1446,1.7,33.9584,2.2366
1446,1.8,34.2378,2.0786
1446,1.9,34.5342,1.8673
1446,2,34.8473,1.5922
1447,0,31.7256,2.55
1447,0.1,31.733,2.55
1447,0.2,31.7555,2.55
1447,0.3,31.7929,2.55
1447,0.4,31.8454,2.55
1447,0.5,31.913,2.55
1447,0.6,31.9959,2.5499
1447,0.7,32.0943,2.5497
1447,0.8,32.2081,2.5491
1447,0.9,32.3377,2.548
1447,1,32.4833,2.5454
1447,1.1,32.6449,2.5401
1447,1.2,32.8229,2.5298
1447,1.3,33.0174,2.5113
1447,1.4,33.2286,2.4797
1447,1.5,33.4567,2.4285
1447,1.6,33.7018,2.3503
1447,1.7,33.964,2.2364
1447,1.8,34.2434,2.0783
1447,1.9,34.5397,1.867
1447,2,34.8527,1.5919
1448,0,31.7306,2.55
1448,0.1,31.7381,2.55
1448,0.2,31.7605,2.55
1448,0.3,31.798,2.55
1448,0.4,31.8505,2.55
1448,0.5,31.9182,2.55
1448,0.6,32.0011,2.5499
1448,0.7,32.0994,2.5497
1448,0.8,32.2134,2.5491
1448,0.9,32.343,2.5479
1448,1,32.4886,2.5453
1448,1.1,32.6503,2.54
1448,1.2,32.8283,2.5298
1448,1.3,33.0228,2.5113
1448,1.4,33.2341,2.4796
1448,1.5,33.4622,2.4284
1448,1.6,33.7073,2.3501
1448,1.7,33.9696,2.2362
1448,1.8,34.2489,2.078
1448,1.9,34.5452,1.8668
1448,2,34.858,1.5917
1449,0,31.7357,2.55
1449,0.1,31.7432,2.55
1449,0.2,31.7656,2.55
1449,0.3,31.8031,2.55
1449,0.4,31.8556,2.55
1449,0.5,31.9233,2.55
1449,0.6,32.0062,2.5499
1449,0.7,32.1046,2.5497
1449,0.8,32.2186,2.5491
1449,0.9,32.3483,2.5479
1449,1,32.4939,2.5453
1449,1.1,32.6556,2.54
1449,1.2,32.8337,2.5298
1449,1.3,33.0283,2.5112
1449,1.4,33.2396,2.4795
1449,1.5,33.4677,2.4282
1449,1.6,33.7129,2.3499
1449,1.7,33.9752,2.236
1449,1.8,34.2545,2.0778
1449,1.9,34.5507,1.8665
1449,2,34.8633,1.5914
1450,0,31.7407,2.55
1450,0.1,31.7482,2.55
1450,0.2,31.7707,2.55
1450,0.3,31.8081,2.55
1450,0.4,31.8607,2.55
1450,0.5,31.9284,2.55
1450,0.6,32.0114,2.5499
1450,0.7,32.1098,2.5497
1450,0.8,32.2238,2.5491
1450,0.9,32.3535,2.5479
1450,1,32.4992,2.5453
1450,1.1,32.661,2.54
1450,1.2,32.8391,2.5297
1450,1.3,33.0338,2.5111
1450,1.4,33.2451,2.4794
1450,1.5,33.4733,2.4281
1450,1.6,33.7185,2.3497
1450,1.7,33.9807,2.2357
1450,1.8,34.26,2.0775
1450,1.9,34.5562,1.8662
1450,2,34.8686,1.5912
1451,0,31.7458,2.55
1451,0.1,31.7533,2.55
1451,0.2,31.7757,2.55
1451,0.3,31.8132,2.55
1451,0.4,31.8658,2.55
1451,0.5,31.9335,2.55
1451,0.6,32.0166,2.5499
1451,0.7,32.115,2.5497
1451,0.8,32.229,2.5491
1451,0.9,32.3588,2.5479
1451,1,32.5045,2.5453
1451,1.1,32.6664,2.5399
1451,1.2,32.8445,2.5297
1451,1.3,33.0392,2.511
1451,1.4,33.2506,2.4792
1451,1.5,33.4788,2.4279
1451,1.6,33.724,2.3495
1451,1.7,33.9863,2.2355
1451,1.8,34.2656,2.0773
1451,1.9,34.5616,1.866
1451,2,34.8739,1.5909
1452,0,31.7508,2.55
1452,0.1,31.7583,2.55
1452,0.2,31.7808,2.55
1452,0.3,31.8183,2.55
1452,0.4,31.8709,2.55
1452,0.5,31.9387,2.55
1452,0.6,32.0217,2.5499
1452,0.7,32.1202,2.5497
1452,0.8,32.2343,2.5491
1452,0.9,32.3641,2.5479
1452,1,32.5098,2.5453
1452,1.1,32.6717,2.5399
1452,1.2,32.8499,2.5296
1452,1.3,33.0447,2.511
1452,1.4,33.2561,2.4791
1452,1.5,33.4844,2.4278
1452,1.6,33.7296,2.3493
1452,1.7,33.9919,2.2353
1452,1.8,34.2711,2.077
1452,1.9,34.5671,1.8657
1452,2,34.8792,1.5907
1453,0,31.7559,2.55
1453,0.1,31.7634,2.55
1453,0.2,31.7859,2.55
1453,0.3,31.8234,2.55
1453,0.4,31.876,2.55
1453,0.5,31.9438,2.55
1453,0.6,32.0269,2.5499
1453,0.7,32.1254,2.5497
1453,0.8,32.2395,2.5491
1453,0.9,32.3694,2.5479
1453,1,32.5152,2.5453
1453,1.1,32.6771,2.5399
1453,1.2,32.8554,2.5296
1453,1.3,33.0501,2.5109
1453,1.4,33.2616,2.479
1453,1.5,33.4899,2.4276
1453,1.6,33.7351,2.3491
1453,1.7,33.9974,2.235
1453,1.8,34.2766,2.0768
1453,1.9,34.5725,1.8654
1453,2,34.8844,1.5904
1454,0,31.7609,2.55
1454,0.1,31.7684,2.55
1454,0.2,31.7909,2.55
1454,0.3,31.8285,2.55
1454,0.4,31.8811,2.55
1454,0.5,31.9489,2.55
1454,0.6,32.032,2.5499
1454,0.7,32.1306,2.5496
1454,0.8,32.2447,2.5491
1454,0.9,32.3746,2.5479
1454,1,32.5205,2.5453
1454,1.1,32.6825,2.5399
1454,1.2,32.8608,2.5295
1454,1.3,33.0556,2.5108
1454,1.4,33.2671,2.4789
1454,1.5,33.4954,2.4275
1454,1.6,33.7407,2.3489
1454,1.7,34.003,2.2348
1454,1.8,34.2821,2.0765
1454,1.9,34.5779,1.8652
1454,2,34.8897,1.5902
1455,0,31.766,2.55
1455,0.1,31.7735,2.55
1455,0.2,31.796,2.55
1455,0.3,31.8336,2.55
1455,0.4,31.8862,2.55
1455,0.5,31.954,2.55
1455,0.6,32.0372,2.5499
1455,0.7,32.1358,2.5496
1455,0.8,32.25,2.5491
1455,0.9,32.3799,2.5479
1455,1,32.5258,2.5452
1455,1.1,32.6878,2.5398
1455,1.2,32.8662,2.5295
1455,1.3,33.061,2.5108
1455,1.4,33.2726,2.4788
1455,1.5,33.5009,2.4273
1455,1.6,33.7462,2.3487
1455,1.7,34.0085,2.2346
1455,1.8,34.2876,2.0762
1455,1.9,34.5833,1.8649
1455,2,34.8949,1.5899
1456,0,31.7711,2.55
1456,0.1,31.7786,2.55
1456,0.2,31.8011,2.55
1456,0.3,31.8386,2.55
1456,0.4,31.8913,2.55
1456,0.5,31.9592,2.55
1456,0.6,32.0424,2.5499
1456,0.7,32.141,2.5496
1456,0.8,32.2552,2.5491
1456,0.9,32.3852,2.5479
1456,1,32.5311,2.5452
1456,1.1,32.6932,2.5398
1456,1.2,32.8716,2.5294
1456,1.3,33.0665,2.5107
1456,1.4,33.2781,2.4787
1456,1.5,33.5065,2.4272
1456,1.6,33.7518,2.3485
1456,1.7,34.0141,2.2343
1456,1.8,34.2931,2.076
1456,1.9,34.5887,1.8646
1456,2,34.9001,1.5897
1457,0,31.7761,2.55
1457,0.1,31.7836,2.55
1457,0.2,31.8062,2.55
1457,0.3,31.8437,2.55
1457,0.4,31.8964,2.55
1457,0.5,31.9643,2.55
1457,0.6,32.0475,2.5499
1457,0.7,32.1462,2.5496
1457,0.8,32.2605,2.5491
1457,0.9,32.3905,2.5479
1457,1,32.5365,2.5452
1457,1.1,32.6986,2.5398
1457,1.2,32.877,2.5294
1457,1.3,33.0719,2.5106
1457,1.4,33.2836,2.4786
1457,1.5,33.512,2.427
1457,1.6,33.7573,2.3483
1457,1.7,34.0196,2.2341
1457,1.8,34.2986,2.0757
1457,1.9,34.5941,1.8644
1457,2,34.9053,1.5894
1458,0,31.7812,2.55
1458,0.1,31.7887,2.55
1458,0.2,31.8112,2.55
1458,0.3,31.8488,2.55
1458,0.4,31.9015,2.55
1458,0.5,31.9695,2.55
1458,0.6,32.0527,2.5499
1458,0.7,32.1514,2.5496
1458,0.8,32.2657,2.5491
1458,0.9,32.3958,2.5479
1458,1,32.5418,2.5452
1458,1.1,32.7039,2.5398
1458,1.2,32.8824,2.5293
1458,1.3,33.0774,2.5105
1458,1.4,33.2891,2.4785
1458,1.5,33.5175,2.4269
1458,1.6,33.7629,2.3481
1458,1.7,34.0251,2.2339
1458,1.8,34.3041,2.0755
1458,1.9,34.5994,1.8641
1458,2,34.9105,1.5892
1459,0,31.7863,2.55
1459,0.1,31.7938,2.55
1459,0.2,31.8163,2.55
1459,0.3,31.8539,2.55
1459,0.4,31.9066,2.55
1459,0.5,31.9746,2.55
1459,0.6,32.0579,2.5499
1459,0.7,32.1566,2.5496
1459,0.8,32.2709,2.5491
1459,0.9,32.401,2.5479
1459,1,32.5471,2.5452
1459,1.1,32.7093,2.5397
1459,1.2,32.8878,2.5293
1459,1.3,33.0829,2.5105
1459,1.4,33.2945,2.4784
1459,1.5,33.523,2.4267
1459,1.6,33.7684,2.348
1459,1.7,34.0306,2.2337
1459,1.8,34.3095,2.0752
1459,1.9,34.6048,1.8639
1459,2,34.9157,1.5889
1460,0,31.7913,2.55
1460,0.1,31.7989,2.55
1460,0.2,31.8214,2.55
1460,0.3,31.859,2.55
1460,0.4,31.9118,2.55
1460,0.5,31.9797,2.55
1460,0.6,32.063,2.5499
1460,0.7,32.1618,2.5496
1460,0.8,32.2762,2.5491
1460,0.9,32.4063,2.5478
1460,1,32.5524,2.5452
1460,1.1,32.7147,2.5397
1460,1.2,32.8932,2.5293
1460,1.3,33.0883,2.5104
1460,1.4,33.3,2.4783
1460,1.5,33.5285,2.4266
1460,1.6,33.7739,2.3478
1460,1.7,34.0361,2.2334
1460,1.8,34.315,2.075
1460,1.9,34.6101,1.8636
1460,2,34.9209,1.5887
1461,0,31.7964,2.55
1461,0.1,31.8039,2.55
1461,0.2,31.8265,2.55
1461,0.3,31.8641,2.55
1461,0.4,31.9169,2.55
1461,0.5,31.9849,2.55
1461,0.6,32.0682,2.5499
1461,0.7,32.167,2.5496
1461,0.8,32.2814,2.5491
1461,0.9,32.4116,2.5478
1461,1,32.5578,2.5451
1461,1.1,32.7201,2.5397
1461,1.2,32.8987,2.5292
1461,1.3,33.0938,2.5103
1461,1.4,33.3055,2.4782
1461,1.5,33.5341,2.4264
1461,1.6,33.7794,2.3476
1461,1.7,34.0416,2.2332
1461,1.8,34.3204,2.0747
1461,1.9,34.6155,1.8633
1461,2,34.926,1.5884
1462,0,31.8015,2.55
1462,0.1,31.809,2.55
1462,0.2,31.8316,2.55
1462,0.3,31.8692,2.55
1462,0.4,31.922,2.55
1462,0.5,31.99,2.55
1462,0.6,32.0734,2.5499
1462,0.7,32.1722,2.5496
1462,0.8,32.2867,2.5491
1462,0.9,32.4169,2.5478
1462,1,32.5631,2.5451
1462,1.1,32.7254,2.5396
1462,1.2,32.9041,2.5292
1462,1.3,33.0992,2.5102
1462,1.4,33.311,2.4781
1462,1.5,33.5396,2.4263
1462,1.6,33.785,2.3474
1462,1.7,34.0471,2.233
1462,1.8,34.3259,2.0745
1462,1.9,34.6208,1.8631
1462,2,34.9312,1.5882
1463,0,31.8066,2.55
1463,0.1,31.8141,2.55
1463,0.2,31.8367,2.55
1463,0.3,31.8743,2.55
1463,0.4,31.9271,2.55
1463,0.5,31.9952,2.5499
1463,0.6,32.0786,2.5499
1463,0.7,32.1774,2.5496
1463,0.8,32.2919,2.5491
1463,0.9,32.4222,2.5478
1463,1,32.5684,2.5451
1463,1.1,32.7308,2.5396
1463,1.2,32.9095,2.5291
1463,1.3,33.1047,2.5102
1463,1.4,33.3165,2.478
1463,1.5,33.5451,2.4261
1463,1.6,33.7905,2.3472
1463,1.7,34.0526,2.2327
1463,1.8,34.3313,2.0742
1463,1.9,34.6261,1.8628
1463,2,34.9363,1.5879
1464,0,31.8116,2.55
1464,0.1,31.8192,2.55
1464,0.2,31.8417,2.55
1464,0.3,31.8794,2.55
1464,0.4,31.9322,2.55
1464,0.5,32.0003,2.5499
1464,0.6,32.0837,2.5499
1464,0.7,32.1826,2.5496
1464,0.8,32.2972,2.5491
1464,0.9,32.4275,2.5478
1464,1,32.5738,2.5451
1464,1.1,32.7362,2.5396
1464,1.2,32.9149,2.5291
1464,1.3,33.1101,2.5101
1464,1.4,33.322,2.4778
1464,1.5,33.5506,2.426
1464,1.6,33.796,2.347
1464,1.7,34.0581,2.2325
1464,1.8,34.3367,2.0739
1464,1.9,34.6314,1.8625
1464,2,34.9414,1.5877
1465,0,31.8167,2.55
1465,0.1,31.8243,2.55
1465,0.2,31.8468,2.55
1465,0.3,31.8845,2.55
1465,0.4,31.9374,2.55
1465,0.5,32.0055,2.5499
1465,0.6,32.0889,2.5499
1465,0.7,32.1879,2.5496
1465,0.8,32.3024,2.5491
1465,0.9,32.4328,2.5478
1465,1,32.5791,2.5451
1465,1.1,32.7415,2.5396
1465,1.2,32.9203,2.529
1465,1.3,33.1156,2.51
1465,1.4,33.3275,2.4777
1465,1.5,33.5561,2.4258
1465,1.6,33.8015,2.3468
1465,1.7,34.0636,2.2323
1465,1.8,34.3421,2.0737
1465,1.9,34.6367,1.8623
1465,2,34.9466,1.5874
1466,0,31.8218,2.55
1466,0.1,31.8293,2.55
1466,0.2,31.8519,2.55
1466,0.3,31.8896,2.55
1466,0.4,31.9425,2.55
1466,0.5,32.0106,2.5499
1466,0.6,32.0941,2.5499
1466,0.7,32.1931,2.5496
1466,0.8,32.3077,2.5491
1466,0.9,32.4381,2.5478
1466,1,32.5844,2.5451
1466,1.1,32.7469,2.5395
1466,1.2,32.9257,2.529
1466,1.3,33.121,2.5099
1466,1.4,33.333,2.4776
1466,1.5,33.5616,2.4257
1466,1.6,33.807,2.3466
1466,1.7,34.069,2.2321
1466,1.8,34.3475,2.0734
1466,1.9,34.6419,1.862
1466,2,34.9517,1.5872
1467,0,31.8269,2.55
1467,0.1,31.8344,2.55
1467,0.2,31.857,2.55
1467,0.3,31.8947,2.55
1467,0.4,31.9476,2.55
1467,0.5,32.0158,2.5499
1467,0.6,32.0993,2.5499
1467,0.7,32.1983,2.5496
1467,0.8,32.3129,2.5491
1467,0.9,32.4434,2.5478
1467,1,32.5898,2.5451
1467,1.1,32.7523,2.5395
1467,1.2,32.9312,2.5289
1467,1.3,33.1265,2.5099
1467,1.4,33.3384,2.4775
1467,1.5,33.5671,2.4255
1467,1.6,33.8125,2.3464
1467,1.7,34.0745,2.2318
1467,1.8,34.3529,2.0732
1467,1.9,34.6472,1.8617
1467,2,34.9568,1.5869
1468,0,31.832,2.55
1468,0.1,31.8395,2.55
1468,0.2,31.8621,2.55
1468,0.3,31.8999,2.55
1468,0.4,31.9528,2.55
1468,0.5,32.0209,2.5499
1468,0.6,32.1045,2.5499
1468,0.7,32.2035,2.5496
1468,0.8,32.3182,2.5491
1468,0.9,32.4486,2.5478
1468,1,32.5951,2.545
1468,1.1,32.7577,2.5395
1468,1.2,32.9366,2.5289
1468,1.3,33.1319,2.5098
1468,1.4,33.3439,2.4774
1468,1.5,33.5726,2.4254
1468,1.6,33.8179,2.3462
1468,1.7,34.0799,2.2316
1468,1.8,34.3583,2.0729
1468,1.9,34.6525,1.8615
1468,2,34.9618,1.5867
1469,0,31.8371,2.55
1469,0.1,31.8446,2.55
1469,0.2,31.8672,2.55
1469,0.3,31.905,2.55
1469,0.4,31.9579,2.55
1469,0.5,32.0261,2.5499
1469,0.6,32.1097,2.5499
1469,0.7,32.2087,2.5496
1469,0.8,32.3234,2.5491
1469,0.9,32.4539,2.5478
1469,1,32.6004,2.545
1469,1.1,32.763,2.5395
1469,1.2,32.942,2.5288
1469,1.3,33.1374,2.5097
1469,1.4,33.3494,2.4773
1469,1.5,33.5781,2.4253
1469,1.6,33.8234,2.346
1469,1.7,34.0854,2.2314
1469,1.8,34.3636,2.0727
1469,1.9,34.6577,1.8612
1469,2,34.9669,1.5864
1470,0,31.8422,2.55
1470,0.1,31.8497,2.55
1470,0.2,31.8723,2.55
1470,0.3,31.9101,2.55
1470,0.4,31.963,2.55
1470,0.5,32.0312,2.5499
1470,0.6,32.1148,2.5499
1470,0.7,32.2139,2.5496
1470,0.8,32.3287,2.5491
1470,0.9,32.4592,2.5478
1470,1,32.6058,2.545
1470,1.1,32.7684,2.5394
1470,1.2,32.9474,2.5288
1470,1.3,33.1428,2.5097
1470,1.4,33.3549,2.4772
1470,1.5,33.5835,2.4251
1470,1.6,33.8289,2.3459
1470,1.7,34.0908,2.2311
1470,1.8,34.369,2.0724
1470,1.9,34.6629,1.861
1470,2,34.972,1.5862
1471,0,31.8473,2.55
1471,0.1,31.8548,2.55
1471,0.2,31.8774,2.55
1471,0.3,31.9152,2.55
1471,0.4,31.9682,2.55
1471,0.5,32.0364,2.5499
1471,0.6,32.12,2.5499
1471,0.7,32.2192,2.5496
1471,0.8,32.3339,2.5491
1471,0.9,32.4645,2.5478
1471,1,32.6111,2.545
1471,1.1,32.7738,2.5394
1471,1.2,32.9528,2.5287
1471,1.3,33.1483,2.5096
1471,1.4,33.3603,2.4771
1471,1.5,33.589,2.425
1471,1.6,33.8344,2.3457
1471,1.7,34.0962,2.2309
1471,1.8,34.3743,2.0722
1471,1.9,34.6682,1.8607
1471,2,34.977,1.5859
1472,0,31.8523,2.55
1472,0.1,31.8599,2.55
1472,0.2,31.8825,2.55
1472,0.3,31.9203,2.55
1472,0.4,31.9733,2.55
1472,0.5,32.0416,2.5499
1472,0.6,32.1252,2.5499
1472,0.7,32.2244,2.5496
1472,0.8,32.3392,2.549
1472,0.9,32.4698,2.5478
1472,1,32.6164,2.545
1472,1.1,32.7792,2.5394
1472,1.2,32.9582,2.5287
1472,1.3,33.1537,2.5095
1472,1.4,33.3658,2.477
1472,1.5,33.5945,2.4248
1472,1.6,33.8398,2.3455
1472,1.7,34.1017,2.2307
1472,1.8,34.3797,2.0719
1472,1.9,34.6734,1.8604
1472,2,34.9821,1.5857
1473,0,31.8574,2.55
1473,0.1,31.865,2.55
1473,0.2,31.8876,2.55
1473,0.3,31.9254,2.55
1473,0.4,31.9784,2.55
1473,0.5,32.0467,2.5499
1473,0.6,32.1304,2.5499
1473,0.7,32.2296,2.5496
1473,0.8,32.3445,2.549
1473,0.9,32.4751,2.5477
1473,1,32.6218,2.545
1473,1.1,32.7846,2.5393
1473,1.2,32.9636,2.5286
1473,1.3,33.1592,2.5094
1473,1.4,33.3713,2.4769
1473,1.5,33.6,2.4247
1473,1.6,33.8453,2.3453
1473,1.7,34.1071,2.2305
1473,1.8,34.385,2.0717
1473,1.9,34.6786,1.8602
1473,2,34.9871,1.5854
1474,0,31.8625,2.55
1474,0.1,31.8701,2.55
1474,0.2,31.8928,2.55
1474,0.3,31.9306,2.55
1474,0.4,31.9836,2.55
1474,0.5,32.0519,2.5499
1474,0.6,32.1356,2.5499
1474,0.7,32.2348,2.5496
1474,0.8,32.3497,2.549
1474,0.9,32.4804,2.5477
1474,1,32.6271,2.5449
1474,1.1,32.7899,2.5393
1474,1.2,32.9691,2.5286
1474,1.3,33.1646,2.5094
1474,1.4,33.3767,2.4768
1474,1.5,33.6055,2.4245
1474,1.6,33.8508,2.3451
1474,1.7,34.1125,2.2302
1474,1.8,34.3903,2.0714
1474,1.9,34.6838,1.8599
1474,2,34.9922,1.5852
1475,0,31.8676,2.55
1475,0.1,31.8752,2.55
1475,0.2,31.8979,2.55
1475,0.3,31.9357,2.55
1475,0.4,31.9887,2.55
1475,0.5,32.0571,2.5499
1475,0.6,32.1408,2.5499
1475,0.7,32.2401,2.5496
1475,0.8,32.355,2.549
1475,0.9,32.4857,2.5477
1475,1,32.6324,2.5449
1475,1.1,32.7953,2.5393
1475,1.2,32.9745,2.5285
1475,1.3,33.1701,2.5093
1475,1.4,33.3822,2.4766
1475,1.5,33.6109,2.4244
1475,1.6,33.8562,2.3449
1475,1.7,34.1179,2.23
1475,1.8,34.3956,2.0711
1475,1.9,34.689,1.8596
1475,2,34.9972,1.5849
1476,0,31.8727,2.55
1476,0.1,31.8803,2.55
1476,0.2,31.903,2.55
1476,0.3,31.9408,2.55
1476,0.4,31.9939,2.55
1476,0.5,32.0622,2.5499
1476,0.6,32.146,2.5499
1476,0.7,32.2453,2.5496
1476,0.8,32.3602,2.549
1476,0.9,32.491,2.5477
1476,1,32.6378,2.5449
1476,1.1,32.8007,2.5393
1476,1.2,32.9799,2.5285
1476,1.3,33.1755,2.5092
1476,1.4,33.3877,2.4765
1476,1.5,33.6164,2.4242
1476,1.6,33.8616,2.3447
1476,1.7,34.1233,2.2298
1476,1.8,34.401,2.0709
1476,1.9,34.6942,1.8594
1476,2,35.0022,1.5847
1477,0,31.8778,2.55
1477,0.1,31.8854,2.55
1477,0.2,31.9081,2.55
1477,0.3,31.9459,2.55
1477,0.4,31.999,2.55
1477,0.5,32.0674,2.5499
1477,0.6,32.1512,2.5499
1477,0.7,32.2505,2.5496
1477,0.8,32.3655,2.549
1477,0.9,32.4963,2.5477
1477,1,32.6431,2.5449
1477,1.1,32.8061,2.5392
1477,1.2,32.9853,2.5285
1477,1.3,33.1809,2.5091
1477,1.4,33.3931,2.4764
1477,1.5,33.6218,2.4241
1477,1.6,33.8671,2.3445
1477,1.7,34.1287,2.2295
1477,1.8,34.4063,2.0706
1477,1.9,34.6993,1.8591
1477,2,35.0072,1.5844
1478,0,31.883,2.55
1478,0.1,31.8905,2.55
1478,0.2,31.9132,2.55
1478,0.3,31.9511,2.55
1478,0.4,32.0042,2.55
1478,0.5,32.0726,2.5499
1478,0.6,32.1564,2.5498
1478,0.7,32.2557,2.5496
1478,0.8,32.3708,2.549
1478,0.9,32.5016,2.5477
1478,1,32.6485,2.5449
1478,1.1,32.8114,2.5392
1478,1.2,32.9907,2.5284
1478,1.3,33.1864,2.5091
1478,1.4,33.3986,2.4763
1478,1.5,33.6273,2.4239
1478,1.6,33.8725,2.3443
1478,1.7,34.134,2.2293
1478,1.8,34.4115,2.0704
1478,1.9,34.7045,1.8589
1478,2,35.0122,1.5842
1479,0,31.8881,2.55
1479,0.1,31.8956,2.55
1479,0.2,31.9183,2.55
1479,0.3,31.9562,2.55
1479,0.4,32.0093,2.55
1479,0.5,32.0777,2.5499
1479,0.6,32.1616,2.5498
1479,0.7,32.261,2.5496
1479,0.8,32.376,2.549
1479,0.9,32.5069,2.5477
1479,1,32.6538,2.5449
1479,1.1,32.8168,2.5392
1479,1.2,32.9961,2.5284
1479,1.3,33.1918,2.509
1479,1.4,33.404,2.4762
1479,1.5,33.6328,2.4238
1479,1.6,33.8779,2.3441
1479,1.7,34.1394,2.2291
1479,1.8,34.4168,2.0701
1479,1.9,34.7097,1.8586
1479,2,35.0172,1.5839
1480,0,31.8932,2.55
1480,0.1,31.9007,2.55
1480,0.2,31.9234,2.55
1480,0.3,31.9613,2.55
1480,0.4,32.0145,2.55
1480,0.5,32.0829,2.5499
1480,0.6,32.1668,2.5498
1480,0.7,32.2662,2.5496
1480,0.8,32.3813,2.549
1480,0.9,32.5122,2.5477
1480,1,32.6591,2.5449
1480,1.1,32.8222,2.5391
1480,1.2,33.0015,2.5283
1480,1.3,33.1972,2.5089
1480,1.4,33.4095,2.4761
1480,1.5,33.6382,2.4236
1480,1.6,33.8834,2.3439
1480,1.7,34.1448,2.2289
1480,1.8,34.4221,2.0699
1480,1.9,34.7148,1.8583
1480,2,35.0222,1.5837
1481,0,31.8983,2.55
1481,0.1,31.9058,2.55
1481,0.2,31.9286,2.55
1481,0.3,31.9665,2.55
1481,0.4,32.0196,2.55
1481,0.5,32.0881,2.5499
1481,0.6,32.172,2.5498
1481,0.7,32.2714,2.5496
1481,0.8,32.3866,2.549
1481,0.9,32.5175,2.5477
1481,1,32.6645,2.5448
1481,1.1,32.8276,2.5391
1481,1.2,33.0069,2.5283
1481,1.3,33.2027,2.5088
1481,1.4,33.4149,2.476
1481,1.5,33.6436,2.4235
1481,1.6,33.8888,2.3437
1481,1.7,34.1501,2.2286
1481,1.8,34.4274,2.0696
1481,1.9,34.7199,1.8581
1481,2,35.0271,1.5834
1482,0,31.9034,2.55
1482,0.1,31.911,2.55
1482,0.2,31.9337,2.55
1482,0.3,31.9716,2.55
1482,0.4,32.0248,2.55
1482,0.5,32.0933,2.5499
1482,0.6,32.1772,2.5498
1482,0.7,32.2767,2.5496
1482,0.8,32.3918,2.549
1482,0.9,32.5228,2.5477
1482,1,32.6698,2.5448
1482,1.1,32.8329,2.5391
1482,1.2,33.0123,2.5282
1482,1.3,33.2081,2.5088
1482,1.4,33.4204,2.4759
1482,1.5,33.6491,2.4233
1482,1.6,33.8942,2.3436
1482,1.7,34.1555,2.2284
1482,1.8,34.4326,2.0694
1482,1.9,34.7251,1.8578
1482,2,35.0321,1.5832
1483,0,31.9085,2.55
1483,0.1,31.9161,2.55
1483,0.2,31.9388,2.55
1483,0.3,31.9767,2.55
1483,0.4,32.0299,2.55
1483,0.5,32.0985,2.5499
1483,0.6,32.1824,2.5498
1483,0.7,32.2819,2.5496
1483,0.8,32.3971,2.549
1483,0.9,32.5282,2.5477
1483,1,32.6752,2.5448
1483,1.1,32.8383,2.5391
1483,1.2,33.0177,2.5282
1483,1.3,33.2135,2.5087
1483,1.4,33.4258,2.4758
1483,1.5,33.6545,2.4232
1483,1.6,33.8996,2.3434
1483,1.7,34.1608,2.2282
1483,1.8,34.4379,2.0691
1483,1.9,34.7302,1.8576
1483,2,35.0371,1.5829
1484,0,31.9136,2.55
1484,0.1,31.9212,2.55
1484,0.2,31.9439,2.55
1484,0.3,31.9819,2.55
1484,0.4,32.0351,2.55
1484,0.5,32.1036,2.5499
1484,0.6,32.1876,2.5498
1484,0.7,32.2872,2.5496
1484,0.8,32.4024,2.549
1484,0.9,32.5335,2.5477
1484,1,32.6805,2.5448
1484,1.1,32.8437,2.539
1484,1.2,33.0231,2.5281
1484,1.3,33.219,2.5086
1484,1.4,33.4312,2.4757
1484,1.5,33.6599,2.423
1484,1.6,33.905,2.3432
1484,1.7,34.1662,2.2279
1484,1.8,34.4431,2.0689
1484,1.9,34.7353,1.8573
1484,2,35.042,1.5827
1485,0,31.9187,2.55
1485,0.1,31.9263,2.55
1485,0.2,31.9491,2.55
1485,0.3,31.987,2.55
1485,0.4,32.0402,2.55
1485,0.5,32.1088,2.5499
1485,0.6,32.1928,2.5498
1485,0.7,32.2924,2.5496
1485,0.8,32.4077,2.549
1485,0.9,32.5388,2.5476
1485,1,32.6859,2.5448
1485,1.1,32.8491,2.539
1485,1.2,33.0286,2.5281
1485,1.3,33.2244,2.5085
1485,1.4,33.4367,2.4756
1485,1.5,33.6654,2.4229
1485,1.6,33.9104,2.343
1485,1.7,34.1715,2.2277
1485,1.8,34.4484,2.0686
1485,1.9,34.7404,1.857
1485,2,35.0469,1.5825
1486,0,31.9239,2.55
1486,0.1,31.9314,2.55
1486,0.2,31.9542,2.55
1486,0.3,31.9922,2.55
1486,0.4,32.0454,2.55
1486,0.5,32.114,2.5499
1486,0.6,32.198,2.5498
1486,0.7,32.2976,2.5496
1486,0.8,32.4129,2.549
1486,0.9,32.5441,2.5476
1486,1,32.6912,2.5448
1486,1.1,32.8544,2.539
1486,1.2,33.034,2.528
1486,1.3,33.2298,2.5085
1486,1.4,33.4421,2.4754
1486,1.5,33.6708,2.4227
1486,1.6,33.9158,2.3428
1486,1.7,34.1769,2.2275
1486,1.8,34.4536,2.0684
1486,1.9,34.7455,1.8568
1486,2,35.0519,1.5822
1487,0,31.929,2.55
1487,0.1,31.9366,2.55
1487,0.2,31.9593,2.55
1487,0.3,31.9973,2.55
1487,0.4,32.0506,2.55
1487,0.5,32.1192,2.5499
1487,0.6,32.2032,2.5498
1487,0.7,32.3029,2.5496
1487,0.8,32.4182,2.549
1487,0.9,32.5494,2.5476
1487,1,32.6965,2.5447
1487,1.1,32.8598,2.5389
1487,1.2,33.0394,2.528
1487,1.3,33.2352,2.5084
1487,1.4,33.4475,2.4753
1487,1.5,33.6762,2.4226
1487,1.6,33.9212,2.3426
1487,1.7,34.1822,2.2273
1487,1.8,34.4588,2.0681
1487,1.9,34.7506,1.8565
1487,2,35.0568,1.582
1488,0,31.9341,2.55
1488,0.1,31.9417,2.55
1488,0.2,31.9645,2.55
1488,0.3,32.0025,2.55
1488,0.4,32.0557,2.55
1488,0.5,32.1244,2.5499
1488,0.6,32.2085,2.5498
1488,0.7,32.3081,2.5496
1488,0.8,32.4235,2.549
1488,0.9,32.5547,2.5476
1488,1,32.7019,2.5447
1488,1.1,32.8652,2.5389
1488,1.2,33.0448,2.5279
1488,1.3,33.2407,2.5083
1488,1.4,33.453,2.4752
1488,1.5,33.6816,2.4224
1488,1.6,33.9266,2.3424
1488,1.7,34.1875,2.227
1488,1.8,34.4641,2.0679
1488,1.9,34.7557,1.8563
1488,2,35.0617,1.5817
1489,0,31.9392,2.55
1489,0.1,31.9468,2.55
1489,0.2,31.9696,2.55
1489,0.3,32.0076,2.55
1489,0.4,32.0609,2.55
1489,0.5,32.1296,2.5499
1489,0.6,32.2137,2.5498
1489,0.7,32.3134,2.5496
1489,0.8,32.4288,2.549
1489,0.9,32.56,2.5476
1489,1,32.7072,2.5447
1489,1.1,32.8706,2.5389
1489,1.2,33.0502,2.5279
1489,1.3,33.2461,2.5082
1489,1.4,33.4584,2.4751
1489,1.5,33.687,2.4223
1489,1.6,33.9319,2.3422
1489,1.7,34.1928,2.2268
1489,1.8,34.4693,2.0676
1489,1.9,34.7608,1.856
1489,2,35.0666,1.5815
1490,0,31.9444,2.55
1490,0.1,31.9519,2.55
1490,0.2,31.9747,2.55
1490,0.3,32.0128,2.55
1490,0.4,32.0661,2.55
1490,0.5,32.1348,2.5499
1490,0.6,32.2189,2.5498
1490,0.7,32.3186,2.5496
1490,0.8,32.434,2.549
1490,0.9,32.5653,2.5476
1490,1,32.7126,2.5447
1490,1.1,32.876,2.5389
1490,1.2,33.0556,2.5278
1490,1.3,33.2515,2.5082
1490,1.4,33.4638,2.475
1490,1.5,33.6924,2.4221
1490,1.6,33.9373,2.342
1490,1.7,34.1981,2.2266
1490,1.8,34.4745,2.0674
1490,1.9,34.7659,1.8557
1490,2,35.0716,1.5812
1491,0,31.9495,2.55
1491,0.1,31.9571,2.55
1491,0.2,31.9799,2.55
1491,0.3,32.0179,2.55
1491,0.4,32.0712,2.55
1491,0.5,32.1399,2.5499
1491,0.6,32.2241,2.5498
1491,0.7,32.3239,2.5496
1491,0.8,32.4393,2.549
1491,0.9,32.5706,2.5476
1491,1,32.7179,2.5447
1491,1.1,32.8813,2.5388
1491,1.2,33.061,2.5278
1491,1.3,33.2569,2.5081
1491,1.4,33.4692,2.4749
1491,1.5,33.6978,2.422
1491,1.6,33.9427,2.3418
1491,1.7,34.2034,2.2264
1491,1.8,34.4797,2.0671
1491,1.9,34.7709,1.8555
1491,2,35.0765,1.581
1492,0,31.9546,2.55
1492,0.1,31.9622,2.55
1492,0.2,31.985,2.55
1492,0.3,32.0231,2.55
1492,0.4,32.0764,2.55
1492,0.5,32.1451,2.5499
1492,0.6,32.2293,2.5498
1492,0.7,32.3291,2.5496
1492,0.8,32.4446,2.549
1492,0.9,32.5759,2.5476
1492,1,32.7233,2.5447
1492,1.1,32.8867,2.5388
1492,1.2,33.0664,2.5277
1492,1.3,33.2623,2.508
1492,1.4,33.4746,2.4748
1492,1.5,33.7032,2.4218
1492,1.6,33.948,2.3416
1492,1.7,34.2087,2.2261
1492,1.8,34.4849,2.0668
1492,1.9,34.776,1.8552
1492,2,35.0813,1.5807
1493,0,31.9597,2.55
1493,0.1,31.9673,2.55
1493,0.2,31.9902,2.55
1493,0.3,32.0282,2.55
1493,0.4,32.0816,2.55
1493,0.5,32.1503,2.5499
1493,0.6,32.2346,2.5498
1493,0.7,32.3344,2.5496
1493,0.8,32.4499,2.549
1493,0.9,32.5813,2.5476
1493,1,32.7286,2.5446
1493,1.1,32.8921,2.5388
1493,1.2,33.0718,2.5277
1493,1.3,33.2677,2.5079
1493,1.4,33.48,2.4747
1493,1.5,33.7086,2.4217
1493,1.6,33.9534,2.3415
1493,1.7,34.214,2.2259
1493,1.8,34.4901,2.0666
1493,1.9,34.781,1.855
1493,2,35.0862,1.5805
1494,0,31.9649,2.55
1494,0.1,31.9725,2.55
1494,0.2,31.9953,2.55
1494,0.3,32.0334,2.55
1494,0.4,32.0868,2.55
1494,0.5,32.1555,2.5499
1494,0.6,32.2398,2.5498
1494,0.7,32.3396,2.5496
1494,0.8,32.4552,2.549
1494,0.9,32.5866,2.5476
1494,1,32.734,2.5446
1494,1.1,32.8974,2.5387
1494,1.2,33.0772,2.5276
1494,1.3,33.2731,2.5079
1494,1.4,33.4855,2.4746
1494,1.5,33.714,2.4215
1494,1.6,33.9587,2.3413
1494,1.7,34.2193,2.2257
1494,1.8,34.4952,2.0663
1494,1.9,34.7861,1.8547
1494,2,35.0911,1.5802
1495,0,31.97,2.55
1495,0.1,31.9776,2.55
1495,0.2,32.0005,2.55
1495,0.3,32.0385,2.55
1495,0.4,32.0919,2.55
1495,0.5,32.1607,2.5499
1495,0.6,32.245,2.5498
1495,0.7,32.3449,2.5496
1495,0.8,32.4604,2.549
1495,0.9,32.5919,2.5476
1495,1,32.7393,2.5446
1495,1.1,32.9028,2.5387
1495,1.2,33.0825,2.5276
1495,1.3,33.2786,2.5078
1495,1.4,33.4909,2.4745
1495,1.5,33.7194,2.4214
1495,1.6,33.9641,2.3411
1495,1.7,34.2245,2.2254
1495,1.8,34.5004,2.0661
1495,1.9,34.7911,1.8544
1495,2,35.096,1.58
1496,0,31.9752,2.55
1496,0.1,31.9828,2.55
1496,0.2,32.0056,2.55
1496,0.3,32.0437,2.55
1496,0.4,32.0971,2.55
1496,0.5,32.1659,2.5499
1496,0.6,32.2502,2.5498
1496,0.7,32.3501,2.5496
1496,0.8,32.4657,2.549
1496,0.9,32.5972,2.5476
1496,1,32.7446,2.5446
1496,1.1,32.9082,2.5387
1496,1.2,33.0879,2.5275
1496,1.3,33.284,2.5077
1496,1.4,33.4963,2.4744
1496,1.5,33.7248,2.4212
1496,1.6,33.9694,2.3409
1496,1.7,34.2298,2.2252
1496,1.8,34.5056,2.0658
1496,1.9,34.7962,1.8542
1496,2,35.1009,1.5797
1497,0,31.9803,2.55
1497,0.1,31.9879,2.55
1497,0.2,32.0107,2.55
1497,0.3,32.0489,2.55
1497,0.4,32.1023,2.55
1497,0.5,32.1711,2.5499
1497,0.6,32.2554,2.5498
1497,0.7,32.3554,2.5496
1497,0.8,32.471,2.5489
1497,0.9,32.6025,2.5475
1497,1,32.75,2.5446
1497,1.1,32.9136,2.5387
1497,1.2,33.0933,2.5275
1497,1.3,33.2894,2.5076
1497,1.4,33.5017,2.4742
1497,1.5,33.7302,2.4211
1497,1.6,33.9747,2.3407
1497,1.7,34.235,2.225
1497,1.8,34.5107,2.0656
1497,1.9,34.8012,1.8539
1497,2,35.1057,1.5795
1498,0,31.9854,2.55
1498,0.1,31.993,2.55
1498,0.2,32.0159,2.55
1498,0.3,32.054,2.55
1498,0.4,32.1075,2.55
1498,0.5,32.1763,2.5499
1498,0.6,32.2607,2.5498
1498,0.7,32.3606,2.5496
1498,0.8,32.4763,2.5489
1498,0.9,32.6078,2.5475
1498,1,32.7553,2.5446
1498,1.1,32.9189,2.5386
1498,1.2,33.0987,2.5275
1498,1.3,33.2948,2.5076
1498,1.4,33.5071,2.4741
1498,1.5,33.7355,2.4209
1498,1.6,33.9801,2.3405
1498,1.7,34.2403,2.2248
1498,1.8,34.5159,2.0653
1498,1.9,34.8062,1.8537
1498,2,35.1106,1.5793
1499,0,31.9906,2.55
1499,0.1,31.9982,2.55
1499,0.2,32.0211,2.55
1499,0.3,32.0592,2.55
1499,0.4,32.1127,2.55
1499,0.5,32.1815,2.5499
1499,0.6,32.2659,2.5498
1499,0.7,32.3659,2.5496
1499,0.8,32.4816,2.5489
1499,0.9,32.6131,2.5475
1499,1,32.7607,2.5445
1499,1.1,32.9243,2.5386
1499,1.2,33.1041,2.5274
1499,1.3,33.3002,2.5075
1499,1.4,33.5124,2.474
1499,1.5,33.7409,2.4208
1499,1.6,33.9854,2.3403
1499,1.7,34.2456,2.2245
1499,1.8,34.521,2.0651
1499,1.9,34.8112,1.8534
1499,2,35.1154,1.579
1500,0,31.9957,2.55
1500,0.1,32.0033,2.55
1500,0.2,32.0262,2.55
1500,0.3,32.0644,2.55
1500,0.4,32.1178,2.55
1500,0.5,32.1867,2.5499
1500,0.6,32.2711,2.5498
1500,0.7,32.3711,2.5496
1500,0.8,32.4869,2.5489
1500,0.9,32.6185,2.5475
1500,1,32.766,2.5445
1500,1.1,32.9297,2.5386
1500,1.2,33.1095,2.5274
1500,1.3,33.3056,2.5074
1500,1.4,33.5178,2.4739
1500,1.5,33.7463,2.4206
1500,1.6,33.9907,2.3401
1500,1.7,34.2508,2.2243
1500,1.8,34.5262,2.0648
1500,1.9,34.8162,1.8531
1500,2,35.1203,1.5788
1501,0,32.0009,2.55
1501,0.1,32.0085,2.55
1501,0.2,32.0314,2.55
1501,0.3,32.0695,2.55
1501,0.4,32.123,2.55
1501,0.5,32.1919,2.5499
1501,0.6,32.2764,2.5498
1501,0.7,32.3764,2.5496
1501,0.8,32.4922,2.5489
1501,0.9,32.6238,2.5475
1501,1,32.7714,2.5445
1501,1.1,32.935,2.5385
1501,1.2,33.1149,2.5273
1501,1.3,33.3109,2.5073
1501,1.4,33.5232,2.4738
1501,1.5,33.7516,2.4205
1501,1.6,33.996,2.3399
1501,1.7,34.256,2.2241
1501,1.8,34.5313,2.0646
1501,1.9,34.8212,1.8529
1501,2,35.1252,1.5785
1502,0,32.006,2.55
1502,0.1,32.0136,2.55
1502,0.2,32.0365,2.55
1502,0.3,32.0747,2.55
1502,0.4,32.1282,2.55
1502,0.5,32.1971,2.5499
1502,0.6,32.2816,2.5498
1502,0.7,32.3817,2.5496
1502,0.8,32.4974,2.5489
1502,0.9,32.6291,2.5475
1502,1,32.7767,2.5445
1502,1.1,32.9404,2.5385
1502,1.2,33.1203,2.5273
1502,1.3,33.3163,2.5073
1502,1.4,33.5286,2.4737
1502,1.5,33.757,2.4203
1502,1.6,34.0013,2.3397
1502,1.7,34.2613,2.2239
1502,1.8,34.5364,2.0643
1502,1.9,34.8262,1.8526
1502,2,35.1303,1.5783
1503,0,32.0112,2.55
1503,0.1,32.0188,2.55
1503,0.2,32.0417,2.55
1503,0.3,32.0799,2.55
1503,0.4,32.1334,2.55
1503,0.5,32.2024,2.5499
1503,0.6,32.2868,2.5498
1503,0.7,32.3869,2.5496
1503,0.8,32.5027,2.5489
1503,0.9,32.6344,2.5475
1503,1,32.782,2.5445
1503,1.1,32.9458,2.5385
1503,1.2,33.1256,2.5272
1503,1.3,33.3217,2.5072
1503,1.4,33.534,2.4736
1503,1.5,33.7623,2.4202
1503,1.6,34.0066,2.3396
1503,1.7,34.2665,2.2236
1503,1.8,34.5415,2.0641
1503,1.9,34.8313,1.8524
1503,2,35.1354,1.578
1504,0,32.0163,2.55
1504,0.1,32.0239,2.55
1504,0.2,32.0468,2.55
1504,0.3,32.085,2.55
1504,0.4,32.1386,2.55
1504,0.5,32.2076,2.5499
1504,0.6,32.2921,2.5498
1504,0.7,32.3922,2.5496
1504,0.8,32.508,2.5489
1504,0.9,32.6397,2.5475
1504,1,32.7874,2.5445
1504,1.1,32.9511,2.5385
1504,1.2,33.131,2.5272
1504,1.3,33.3271,2.5071
1504,1.4,33.5394,2.4735
1504,1.5,33.7677,2.42
1504,1.6,34.0119,2.3394
1504,1.7,34.2717,2.2234
1504,1.8,34.5467,2.0638
1504,1.9,34.8363,1.8521
1504,2,35.1405,1.5778
1505,0,32.0215,2.55
1505,0.1,32.0291,2.55
1505,0.2,32.052,2.55
1505,0.3,32.0902,2.55
1505,0.4,32.1438,2.55
1505,0.5,32.2128,2.5499
1505,0.6,32.2973,2.5498
1505,0.7,32.3974,2.5496
1505,0.8,32.5133,2.5489
1505,0.9,32.645,2.5475
1505,1,32.7927,2.5445
1505,1.1,32.9565,2.5384
1505,1.2,33.1364,2.5271
1505,1.3,33.3325,2.507
1505,1.4,33.5447,2.4734
1505,1.5,33.773,2.4199
1505,1.6,34.0172,2.3392
1505,1.7,34.2769,2.2232
1505,1.8,34.5518,2.0636
1505,1.9,34.8414,1.8519
1505,2,35.1457,1.5775
1506,0,32.0266,2.55
1506,0.1,32.0343,2.55
1506,0.2,32.0572,2.55
1506,0.3,32.0954,2.55
1506,0.4,32.149,2.55
1506,0.5,32.218,2.5499
1506,0.6,32.3025,2.5498
1506,0.7,32.4027,2.5496
1506,0.8,32.5186,2.5489
1506,0.9,32.6504,2.5475
1506,1,32.7981,2.5444
1506,1.1,32.9619,2.5384
1506,1.2,33.1418,2.5271
1506,1.3,33.3379,2.507
1506,1.4,33.5501,2.4733
1506,1.5,33.7784,2.4197
1506,1.6,34.0225,2.339
1506,1.7,34.2821,2.2229
1506,1.8,34.5569,2.0633
1506,1.9,34.8465,1.8516
1506,2,35.1509,1.5773
1507,0,32.0318,2.55
1507,0.1,32.0394,2.55
1507,0.2,32.0623,2.55
1507,0.3,32.1006,2.55
1507,0.4,32.1542,2.55
1507,0.5,32.2232,2.5499
1507,0.6,32.3078,2.5498
1507,0.7,32.408,2.5496
1507,0.8,32.5239,2.5489
1507,0.9,32.6557,2.5475
1507,1,32.8034,2.5444
1507,1.1,32.9672,2.5384
1507,1.2,33.1472,2.527
1507,1.3,33.3432,2.5069
1507,1.4,33.5555,2.4731
1507,1.5,33.7837,2.4196
1507,1.6,34.0278,2.3388
1507,1.7,34.2874,2.2227
1507,1.8,34.5621,2.0631
1507,1.9,34.8517,1.8513
1507,2,35.1561,1.577
1508,0,32.0369,2.55
1508,0.1,32.0446,2.55
1508,0.2,32.0675,2.55
1508,0.3,32.1057,2.55
1508,0.4,32.1594,2.55
1508,0.5,32.2284,2.5499
1508,0.6,32.313,2.5498
1508,0.7,32.4132,2.5495
1508,0.8,32.5292,2.5489
1508,0.9,32.661,2.5475
1508,1,32.8088,2.5444
1508,1.1,32.9726,2.5383
1508,1.2,33.1525,2.527
1508,1.3,33.3486,2.5068
1508,1.4,33.5608,2.473
1508,1.5,33.789,2.4194
1508,1.6,34.033,2.3386
1508,1.7,34.2926,2.2225
1508,1.8,34.5672,2.0628
1508,1.9,34.8568,1.8511
1508,2,35.1614,1.5768
1509,0,32.0421,2.55
1509,0.1,32.0497,2.55
1509,0.2,32.0727,2.55
1509,0.3,32.1109,2.55
1509,0.4,32.1646,2.55
1509,0.5,32.2336,2.5499
1509,0.6,32.3182,2.5498
1509,0.7,32.4185,2.5495
1509,0.8,32.5345,2.5489
1509,0.9,32.6663,2.5474
1509,1,32.8141,2.5444
1509,1.1,32.9779,2.5383
1509,1.2,33.1579,2.5269
1509,1.3,33.354,2.5067
1509,1.4,33.5662,2.4729
1509,1.5,33.7944,2.4193
1509,1.6,34.0383,2.3384
1509,1.7,34.2978,2.2223
1509,1.8,34.5724,2.0626
1509,1.9,34.862,1.8508
1509,2,35.1666,1.5766
1510,0,32.0473,2.55
1510,0.1,32.0549,2.55
1510,0.2,32.0778,2.55
1510,0.3,32.1161,2.55
1510,0.4,32.1698,2.55
1510,0.5,32.2389,2.5499
1510,0.6,32.3235,2.5498
1510,0.7,32.4238,2.5495
1510,0.8,32.5398,2.5489
1510,0.9,32.6716,2.5474
1510,1,32.8194,2.5444
1510,1.1,32.9833,2.5383
1510,1.2,33.1633,2.5269
1510,1.3,33.3594,2.5067
1510,1.4,33.5715,2.4728
1510,1.5,33.7997,2.4191
1510,1.6,34.0436,2.3382
1510,1.7,34.303,2.222
1510,1.8,34.5776,2.0623
1510,1.9,34.8672,1.8506
1510,2,35.1719,1.5763
1511,0,32.0524,2.55
1511,0.1,32.0601,2.55
1511,0.2,32.083,2.55
1511,0.3,32.1213,2.55
1511,0.4,32.175,2.55
1511,0.5,32.2441,2.5499
1511,0.6,32.3287,2.5498
1511,0.7,32.429,2.5495
1511,0.8,32.5451,2.5489
1511,0.9,32.6769,2.5474
1511,1,32.8248,2.5444
1511,1.1,32.9887,2.5383
1511,1.2,33.1686,2.5268
1511,1.3,33.3647,2.5066
1511,1.4,33.5769,2.4727
1511,1.5,33.805,2.419
1511,1.6,34.0489,2.338
1511,1.7,34.3082,2.2218
1511,1.8,34.5828,2.0621
1511,1.9,34.8724,1.8503
1511,2,35.1773,1.5761
1512,0,32.0576,2.55
1512,0.1,32.0652,2.55
1512,0.2,32.0882,2.55
1512,0.3,32.1265,2.55
1512,0.4,32.1802,2.55
1512,0.5,32.2493,2.5499
1512,0.6,32.334,2.5498
1512,0.7,32.4343,2.5495
1512,0.8,32.5504,2.5489
1512,0.9,32.6823,2.5474
1512,1,32.8301,2.5443
1512,1.1,32.994,2.5382
1512,1.2,33.174,2.5268
1512,1.3,33.3701,2.5065
1512,1.4,33.5822,2.4726
1512,1.5,33.8103,2.4188
1512,1.6,34.0541,2.3378
1512,1.7,34.3134,2.2216
1512,1.8,34.5879,2.0618
1512,1.9,34.8776,1.8501
1512,2,35.1826,1.5758
1513,0,32.0627,2.55
1513,0.1,32.0704,2.55
1513,0.2,32.0934,2.55
1513,0.3,32.1317,2.55
1513,0.4,32.1854,2.55
1513,0.5,32.2545,2.5499
1513,0.6,32.3392,2.5498
1513,0.7,32.4396,2.5495
1513,0.8,32.5556,2.5489
1513,0.9,32.6876,2.5474
1513,1,32.8355,2.5443
1513,1.1,32.9994,2.5382
1513,1.2,33.1794,2.5267
1513,1.3,33.3755,2.5064
1513,1.4,33.5876,2.4725
1513,1.5,33.8156,2.4187
1513,1.6,34.0594,2.3376
1513,1.7,34.3186,2.2214
1513,1.8,34.5931,2.0616
1513,1.9,34.8828,1.8498
1513,2,35.188,1.5756
1514,0,32.0679,2.55
1514,0.1,32.0756,2.55
1514,0.2,32.0985,2.55
1514,0.3,32.1369,2.55
1514,0.4,32.1906,2.55
1514,0.5,32.2597,2.5499
1514,0.6,32.3445,2.5498
1514,0.7,32.4448,2.5495
1514,0.8,32.5609,2.5489
1514,0.9,32.6929,2.5474
1514,1,32.8408,2.5443
1514,1.1,33.0047,2.5382
1514,1.2,33.1847,2.5267
1514,1.3,33.3808,2.5064
1514,1.4,33.5929,2.4724
1514,1.5,33.8209,2.4185
1514,1.6,34.0647,2.3375
1514,1.7,34.3239,2.2211
1514,1.8,34.5984,2.0613
1514,1.9,34.8881,1.8495
1514,2,35.1933,1.5753
1515,0,32.0731,2.55
1515,0.1,32.0807,2.55
1515,0.2,32.1037,2.55
1515,0.3,32.142,2.55
1515,0.4,32.1958,2.55
1515,0.5,32.265,2.5499
1515,0.6,32.3497,2.5498
1515,0.7,32.4501,2.5495
1515,0.8,32.5662,2.5489
1515,0.9,32.6982,2.5474
1515,1,32.8461,2.5443
1515,1.1,33.0101,2.5381
1515,1.2,33.1901,2.5266
1515,1.3,33.3862,2.5063
1515,1.4,33.5983,2.4723
1515,1.5,33.8262,2.4184
1515,1.6,34.0699,2.3373
1515,1.7,34.3291,2.2209
1515,1.8,34.6036,2.0611
1515,1.9,34.8933,1.8493
1515,2,35.1987,1.5751
1516,0,32.0783,2.55
1516,0.1,32.0859,2.55
1516,0.2,32.1089,2.55
1516,0.3,32.1472,2.55
1516,0.4,32.201,2.55
1516,0.5,32.2702,2.5499
1516,0.6,32.355,2.5498
1516,0.7,32.4554,2.5495
1516,0.8,32.5715,2.5489
1516,0.9,32.7035,2.5474
1516,1,32.8515,2.5443
1516,1.1,33.0154,2.5381
1516,1.2,33.1955,2.5266
1516,1.3,33.3915,2.5062
1516,1.4,33.6036,2.4722
1516,1.5,33.8316,2.4182
1516,1.6,34.0752,2.3371
1516,1.7,34.3343,2.2207
1516,1.8,34.6088,2.0608
1516,1.9,34.8986,1.849
1516,2,35.2041,1.5749
1517,0,32.0834,2.55
1517,0.1,32.0911,2.55
1517,0.2,32.1141,2.55
1517,0.3,32.1524,2.55
1517,0.4,32.2062,2.55
1517,0.5,32.2754,2.5499
1517,0.6,32.3602,2.5498
1517,0.7,32.4606,2.5495
1517,0.8,32.5768,2.5489
1517,0.9,32.7089,2.5474
1517,1,32.8568,2.5443
1517,1.1,33.0208,2.5381
1517,1.2,33.2008,2.5265
1517,1.3,33.3969,2.5061
1517,1.4,33.6089,2.472
1517,1.5,33.8369,2.4181
1517,1.6,34.0805,2.3369
1517,1.7,34.3396,2.2205
1517,1.8,34.614,2.0606
1517,1.9,34.9039,1.8488
1517,2,35.2095,1.5746
1518,0,32.0886,2.55
1518,0.1,32.0963,2.55
1518,0.2,32.1193,2.55
1518,0.3,32.1576,2.55
1518,0.4,32.2114,2.55
1518,0.5,32.2806,2.5499
1518,0.6,32.3654,2.5498
1518,0.7,32.4659,2.5495
1518,0.8,32.5821,2.5489
1518,0.9,32.7142,2.5474
1518,1,32.8622,2.5442
1518,1.1,33.0261,2.538
1518,1.2,33.2062,2.5265
1518,1.3,33.4022,2.5061
1518,1.4,33.6143,2.4719
1518,1.5,33.8422,2.4179
1518,1.6,34.0857,2.3367
1518,1.7,34.3448,2.2202
1518,1.8,34.6193,2.0603
1518,1.9,34.9092,1.8485
1518,2,35.215,1.5744
1519,0,32.0938,2.55
1519,0.1,32.1014,2.55
1519,0.2,32.1244,2.55
1519,0.3,32.1628,2.55
1519,0.4,32.2166,2.55
1519,0.5,32.2859,2.5499
1519,0.6,32.3707,2.5498
1519,0.7,32.4712,2.5495
1519,0.8,32.5874,2.5488
1519,0.9,32.7195,2.5474
1519,1,32.8675,2.5442
1519,1.1,33.0315,2.538
1519,1.2,33.2115,2.5264
1519,1.3,33.4076,2.506
1519,1.4,33.6196,2.4718
1519,1.5,33.8475,2.4178
1519,1.6,34.091,2.3365
1519,1.7,34.3501,2.22
1519,1.8,34.6246,2.0601
1519,1.9,34.9145,1.8483
1519,2,35.2204,1.5741
1520,0,32.099,2.55
1520,0.1,32.1066,2.55
1520,0.2,32.1296,2.55
1520,0.3,32.168,2.55
1520,0.4,32.2218,2.55
1520,0.5,32.2911,2.5499
1520,0.6,32.3759,2.5498
1520,0.7,32.4765,2.5495
1520,0.8,32.5927,2.5488
1520,0.9,32.7248,2.5473
1520,1,32.8728,2.5442
1520,1.1,33.0368,2.538
1520,1.2,33.2169,2.5264
1520,1.3,33.4129,2.5059
1520,1.4,33.6249,2.4717
1520,1.5,33.8528,2.4176
1520,1.6,34.0963,2.3363
1520,1.7,34.3553,2.2198
1520,1.8,34.6298,2.0598
1520,1.9,34.9199,1.848
1520,2,35.2259,1.5739
1521,0,32.1041,2.55
1521,0.1,32.1118,2.55
1521,0.2,32.1348,2.55
1521,0.3,32.1732,2.55
1521,0.4,32.227,2.55
1521,0.5,32.2963,2.5499
1521,0.6,32.3812,2.5498
1521,0.7,32.4817,2.5495
1521,0.8,32.598,2.5488
1521,0.9,32.7301,2.5473
1521,1,32.8782,2.5442
1521,1.1,33.0422,2.538
1521,1.2,33.2222,2.5263
1521,1.3,33.4183,2.5058
1521,1.4,33.6303,2.4716
1521,1.5,33.8581,2.4175
1521,1.6,34.1016,2.3361
1521,1.7,34.3606,2.2196
1521,1.8,34.6351,2.0596
1521,1.9,34.9252,1.8477
1521,2,35.2314,1.5736
1522,0,32.1093,2.55
1522,0.1,32.117,2.55
1522,0.2,32.14,2.55
1522,0.3,32.1784,2.55
1522,0.4,32.2322,2.55
1522,0.5,32.3016,2.5499
1522,0.6,32.3865,2.5498
1522,0.7,32.487,2.5495
1522,0.8,32.6033,2.5488
1522,0.9,32.7354,2.5473
1522,1,32.8835,2.5442
1522,1.1,33.0475,2.5379
1522,1.2,33.2276,2.5263
1522,1.3,33.4236,2.5057
1522,1.4,33.6356,2.4715
1522,1.5,33.8634,2.4173
1522,1.6,34.1068,2.3359
1522,1.7,34.3658,2.2193
1522,1.8,34.6404,2.0593
1522,1.9,34.9306,1.8475
1522,2,35.2368,1.5734
1523,0,32.1145,2.55
1523,0.1,32.1222,2.55
1523,0.2,32.1452,2.55
1523,0.3,32.1836,2.55
1523,0.4,32.2375,2.55
1523,0.5,32.3068,2.5499
1523,0.6,32.3917,2.5498
1523,0.7,32.4923,2.5495
1523,0.8,32.6086,2.5488
1523,0.9,32.7408,2.5473
1523,1,32.8888,2.5441
1523,1.1,33.0529,2.5379
1523,1.2,33.2329,2.5262
1523,1.3,33.4289,2.5057
1523,1.4,33.6409,2.4714
1523,1.5,33.8687,2.4172
1523,1.6,34.1121,2.3357
1523,1.7,34.3711,2.2191
1523,1.8,34.6457,2.0591
1523,1.9,34.9359,1.8472
1523,2,35.2423,1.5732
1524,0,32.1197,2.55
1524,0.1,32.1273,2.55
1524,0.2,32.1504,2.55
1524,0.3,32.1888,2.55
1524,0.4,32.2427,2.55
1524,0.5,32.312,2.5499
1524,0.6,32.397,2.5498
1524,0.7,32.4976,2.5495
1524,0.8,32.6139,2.5488
1524,0.9,32.7461,2.5473
1524,1,32.8942,2.5441
1524,1.1,33.0582,2.5379
1524,1.2,33.2383,2.5262
1524,1.3,33.4343,2.5056
1524,1.4,33.6462,2.4713
1524,1.5,33.874,2.417
1524,1.6,34.1174,2.3356
1524,1.7,34.3764,2.2189
1524,1.8,34.651,2.0588
1524,1.9,34.9413,1.847
1524,2,35.2478,1.5729
1525,0,32.1249,2.55
1525,0.1,32.1325,2.55
1525,0.2,32.1556,2.55
1525,0.3,32.194,2.55
1525,0.4,32.2479,2.55
1525,0.5,32.3173,2.5499
1525,0.6,32.4022,2.5498
1525,0.7,32.5028,2.5495
1525,0.8,32.6192,2.5488
1525,0.9,32.7514,2.5473
1525,1,32.8995,2.5441
1525,1.1,33.0636,2.5378
1525,1.2,33.2436,2.5261
1525,1.3,33.4396,2.5055
1525,1.4,33.6515,2.4712
1525,1.5,33.8793,2.4169
1525,1.6,34.1227,2.3354
1525,1.7,34.3817,2.2187
1525,1.8,34.6563,2.0586
1525,1.9,34.9467,1.8467
1525,2,35.2533,1.5727
1526,0,32.13,2.55
1526,0.1,32.1377,2.55
1526,0.2,32.1608,2.55
1526,0.3,32.1992,2.55
1526,0.4,32.2531,2.55
1526,0.5,32.3225,2.5499
1526,0.6,32.4075,2.5498
1526,0.7,32.5081,2.5495
1526,0.8,32.6245,2.5488
1526,0.9,32.7567,2.5473
1526,1,32.9048,2.5441
1526,1.1,33.0689,2.5378
1526,1.2,33.2489,2.5261
1526,1.3,33.445,2.5054
1526,1.4,33.6569,2.4711
1526,1.5,33.8846,2.4167
1526,1.6,34.128,2.3352
1526,1.7,34.387,2.2184
1526,1.8,34.6616,2.0583
1526,1.9,34.9521,1.8465
1526,2,35.2589,1.5724
1527,0,32.1352,2.55
1527,0.1,32.1429,2.55
1527,0.2,32.166,2.55
1527,0.3,32.2044,2.55
1527,0.4,32.2583,2.55
1527,0.5,32.3277,2.5499
1527,0.6,32.4127,2.5498
1527,0.7,32.5134,2.5495
1527,0.8,32.6298,2.5488
1527,0.9,32.762,2.5473
1527,1,32.9102,2.5441
1527,1.1,33.0742,2.5378
1527,1.2,33.2543,2.526
1527,1.3,33.4503,2.5054
1527,1.4,33.6622,2.4709
1527,1.5,33.8899,2.4166
1527,1.6,34.1332,2.335
1527,1.7,34.3922,2.2182
1527,1.8,34.6669,2.0581
1527,1.9,34.9575,1.8462
1527,2,35.2644,1.5722
1528,0,32.1404,2.55
1528,0.1,32.1481,2.55
1528,0.2,32.1712,2.55
1528,0.3,32.2096,2.55
1528,0.4,32.2635,2.55
1528,0.5,32.333,2.5499
1528,0.6,32.418,2.5498
1528,0.7,32.5187,2.5495
1528,0.8,32.6351,2.5488
1528,0.9,32.7673,2.5473
1528,1,32.9155,2.5441
1528,1.1,33.0796,2.5377
1528,1.2,33.2596,2.526
1528,1.3,33.4556,2.5053
1528,1.4,33.6675,2.4708
1528,1.5,33.8952,2.4164
1528,1.6,34.1385,2.3348
1528,1.7,34.3975,2.218
1528,1.8,34.6723,2.0578
1528,1.9,34.9629,1.846
1528,2,35.2699,1.5719
1529,0,32.1456,2.55
1529,0.1,32.1533,2.55
1529,0.2,32.1764,2.55
1529,0.3,32.2148,2.55
1529,0.4,32.2688,2.55
1529,0.5,32.3382,2.5499
1529,0.6,32.4232,2.5498
1529,0.7,32.5239,2.5495
1529,0.8,32.6404,2.5488
1529,0.9,32.7726,2.5473
1529,1,32.9208,2.544
1529,1.1,33.0849,2.5377
1529,1.2,33.265,2.5259
1529,1.3,33.461,2.5052
1529,1.4,33.6728,2.4707
1529,1.5,33.9005,2.4163
1529,1.6,34.1438,2.3346
1529,1.7,34.4028,2.2178
1529,1.8,34.6776,2.0576
1529,1.9,34.9683,1.8457
1529,2,35.2755,1.5717
1530,0,32.1508,2.55
1530,0.1,32.1585,2.55
1530,0.2,32.1816,2.55
1530,0.3,32.22,2.55
1530,0.4,32.274,2.55
1530,0.5,32.3435,2.5499
1530,0.6,32.4285,2.5498
1530,0.7,32.5292,2.5495
1530,0.8,32.6457,2.5488
1530,0.9,32.778,2.5473
1530,1,32.9261,2.544
1530,1.1,33.0902,2.5377
1530,1.2,33.2703,2.5259
1530,1.3,33.4663,2.5051
1530,1.4,33.6781,2.4706
1530,1.5,33.9058,2.4161
1530,1.6,34.1491,2.3344
1530,1.7,34.4082,2.2175
1530,1.8,34.683,2.0573
1530,1.9,34.9738,1.8454
1530,2,35.2811,1.5715
1531,0,32.156,2.55
1531,0.1,32.1637,2.55
1531,0.2,32.1868,2.55
1531,0.3,32.2253,2.55
1531,0.4,32.2792,2.55
1531,0.5,32.3487,2.5499
1531,0.6,32.4338,2.5498
1531,0.7,32.5345,2.5495
1531,0.8,32.651,2.5488
1531,0.9,32.7833,2.5472
1531,1,32.9315,2.544
1531,1.1,33.0956,2.5377
1531,1.2,33.2756,2.5258
1531,1.3,33.4716,2.5051
1531,1.4,33.6834,2.4705
1531,1.5,33.9111,2.416
1531,1.6,34.1544,2.3342
1531,1.7,34.4135,2.2173
1531,1.8,34.6883,2.0571
1531,1.9,34.9792,1.8452
1531,2,35.2866,1.5712
1532,0,32.1612,2.55
1532,0.1,32.1689,2.55
1532,0.2,32.192,2.55
1532,0.3,32.2305,2.55
1532,0.4,32.2844,2.55
1532,0.5,32.3539,2.5499
1532,0.6,32.439,2.5498
1532,0.7,32.5398,2.5495
1532,0.8,32.6563,2.5488
1532,0.9,32.7886,2.5472
1532,1,32.9368,2.544
1532,1.1,33.1009,2.5376
1532,1.2,33.281,2.5258
1532,1.3,33.4769,2.505
1532,1.4,33.6888,2.4704
1532,1.5,33.9164,2.4158
1532,1.6,34.1597,2.334
1532,1.7,34.4188,2.2171
1532,1.8,34.6937,2.0568
1532,1.9,34.9847,1.8449
1532,2,35.2922,1.571
1533,0,32.1664,2.55
1533,0.1,32.1741,2.55
1533,0.2,32.1972,2.55
1533,0.3,32.2357,2.55
1533,0.4,32.2897,2.55
1533,0.5,32.3592,2.5499
1533,0.6,32.4443,2.5498
1533,0.7,32.545,2.5495
1533,0.8,32.6616,2.5488
1533,0.9,32.7939,2.5472
1533,1,32.9421,2.544
1533,1.1,33.1062,2.5376
1533,1.2,33.2863,2.5257
1533,1.3,33.4823,2.5049
1533,1.4,33.6941,2.4703
1533,1.5,33.9217,2.4157
1533,1.6,34.165,2.3338
1533,1.7,34.4241,2.2169
1533,1.8,34.699,2.0566
1533,1.9,34.9901,1.8447
1533,2,35.2978,1.5707
1534,0,32.1716,2.55
1534,0.1,32.1793,2.55
1534,0.2,32.2024,2.55
1534,0.3,32.2409,2.55
1534,0.4,32.2949,2.55
1534,0.5,32.3644,2.5499
1534,0.6,32.4495,2.5498
1534,0.7,32.5503,2.5495
1534,0.8,32.6669,2.5488
1534,0.9,32.7992,2.5472
1534,1,32.9474,2.544
1534,1.1,33.1116,2.5376
1534,1.2,33.2916,2.5257
1534,1.3,33.4876,2.5048
1534,1.4,33.6994,2.4702
1534,1.5,33.927,2.4155
1534,1.6,34.1703,2.3337
1534,1.7,34.4294,2.2166
1534,1.8,34.7044,2.0563
1534,1.9,34.9956,1.8444
1534,2,35.3034,1.5705
1535,0,32.1768,2.55
1535,0.1,32.1845,2.55
1535,0.2,32.2076,2.55
1535,0.3,32.2461,2.55
1535,0.4,32.3001,2.55
1535,0.5,32.3697,2.5499
1535,0.6,32.4548,2.5498
1535,0.7,32.5556,2.5495
1535,0.8,32.6722,2.5488
1535,0.9,32.8045,2.5472
1535,1,32.9528,2.5439
1535,1.1,33.1169,2.5375
1535,1.2,33.297,2.5256
1535,1.3,33.4929,2.5048
1535,1.4,33.7047,2.4701
1535,1.5,33.9323,2.4154
1535,1.6,34.1757,2.3335
1535,1.7,34.4348,2.2164
1535,1.8,34.7098,2.0561
1535,1.9,35.0011,1.8442
1535,2,35.309,1.5703
1536,0,32.182,2.55
1536,0.1,32.1897,2.55
1536,0.2,32.2128,2.55
1536,0.3,32.2513,2.55
1536,0.4,32.3054,2.55
1536,0.5,32.3749,2.5499
1536,0.6,32.4601,2.5498
1536,0.7,32.5609,2.5495
1536,0.8,32.6775,2.5488
1536,0.9,32.8098,2.5472
1536,1,32.9581,2.5439
1536,1.1,33.1222,2.5375
1536,1.2,33.3023,2.5256
1536,1.3,33.4982,2.5047
1536,1.4,33.71,2.4699
1536,1.5,33.9376,2.4152
1536,1.6,34.181,2.3333
1536,1.7,34.4401,2.2162
1536,1.8,34.7152,2.0559
1536,1.9,35.0065,1.8439
1536,2,35.3146,1.57
1537,0,32.1872,2.55
1537,0.1,32.1949,2.55
1537,0.2,32.218,2.55
1537,0.3,32.2566,2.55
1537,0.4,32.3106,2.55
1537,0.5,32.3802,2.5499
1537,0.6,32.4653,2.5498
1537,0.7,32.5662,2.5495
1537,0.8,32.6828,2.5488
1537,0.9,32.8151,2.5472
1537,1,32.9634,2.5439
1537,1.1,33.1276,2.5375
1537,1.2,33.3076,2.5255
1537,1.3,33.5036,2.5046
1537,1.4,33.7153,2.4698
1537,1.5,33.9429,2.4151
1537,1.6,34.1863,2.3331
1537,1.7,34.4455,2.216
1537,1.8,34.7206,2.0556
1537,1.9,35.012,1.8437
1537,2,35.3202,1.5698
1538,0,32.1924,2.55
1538,0.1,32.2001,2.55
1538,0.2,32.2232,2.55
1538,0.3,32.2618,2.55
1538,0.4,32.3158,2.55
1538,0.5,32.3854,2.5499
1538,0.6,32.4706,2.5498
1538,0.7,32.5714,2.5495
1538,0.8,32.6881,2.5488
1538,0.9,32.8205,2.5472
1538,1,32.9687,2.5439
1538,1.1,33.1329,2.5374
1538,1.2,33.3129,2.5255
1538,1.3,33.5089,2.5045
1538,1.4,33.7207,2.4697
1538,1.5,33.9482,2.4149
1538,1.6,34.1916,2.3329
1538,1.7,34.4508,2.2157
1538,1.8,34.726,2.0554
1538,1.9,35.0175,1.8434
1538,2,35.3259,1.5695
1539,0,32.1976,2.55
1539,0.1,32.2053,2.55
1539,0.2,32.2284,2.55
1539,0.3,32.267,2.55
1539,0.4,32.3211,2.55
1539,0.5,32.3907,2.5499
1539,0.6,32.4759,2.5498
1539,0.7,32.5767,2.5495
1539,0.8,32.6933,2.5488
1539,0.9,32.8258,2.5472
1539,1,32.9741,2.5439
1539,1.1,33.1382,2.5374
1539,1.2,33.3183,2.5254
1539,1.3,33.5142,2.5044
1539,1.4,33.726,2.4696
1539,1.5,33.9536,2.4148
1539,1.6,34.1969,2.3327
1539,1.7,34.4562,2.2155
1539,1.8,34.7314,2.0551
1539,1.9,35.023,1.8432
1539,2,35.3315,1.5693
1540,0,32.2028,2.55
1540,0.1,32.2105,2.55
1540,0.2,32.2336,2.55
1540,0.3,32.2722,2.55
1540,0.4,32.3263,2.55
1540,0.5,32.3959,2.5499
1540,0.6,32.4811,2.5498
1540,0.7,32.582,2.5495
1540,0.8,32.6986,2.5488
1540,0.9,32.8311,2.5472
1540,1,32.9794,2.5439
1540,1.1,33.1435,2.5374
1540,1.2,33.3236,2.5254
1540,1.3,33.5195,2.5044
1540,1.4,33.7313,2.4695
1540,1.5,33.9589,2.4146
1540,1.6,34.2023,2.3325
1540,1.7,34.4615,2.2153
1540,1.8,34.7368,2.0549
1540,1.9,35.0285,1.8429
1540,2,35.3371,1.569
1541,0,32.208,2.55
1541,0.1,32.2157,2.55
1541,0.2,32.2388,2.55
1541,0.3,32.2774,2.55
1541,0.4,32.3315,2.55
1541,0.5,32.4012,2.5499
1541,0.6,32.4864,2.5498
1541,0.7,32.5873,2.5495
1541,0.8,32.7039,2.5487
1541,0.9,32.8364,2.5471
1541,1,32.9847,2.5438
1541,1.1,33.1489,2.5373
1541,1.2,33.3289,2.5253
1541,1.3,33.5249,2.5043
1541,1.4,33.7366,2.4694
1541,1.5,33.9642,2.4145
1541,1.6,34.2076,2.3323
1541,1.7,34.4669,2.2151
1541,1.8,34.7423,2.0546
1541,1.9,35.0341,1.8427
1541,2,35.3428,1.5688
1542,0,32.2132,2.55
1542,0.1,32.2209,2.55
1542,0.2,32.2441,2.55
1542,0.3,32.2827,2.55
1542,0.4,32.3368,2.55
1542,0.5,32.4064,2.5499
1542,0.6,32.4917,2.5498
1542,0.7,32.5926,2.5495
1542,0.8,32.7092,2.5487
1542,0.9,32.8417,2.5471
1542,1,32.99,2.5438
1542,1.1,33.1542,2.5373
1542,1.2,33.3343,2.5253
1542,1.3,33.5302,2.5042
1542,1.4,33.7419,2.4693
1542,1.5,33.9695,2.4143
1542,1.6,34.2129,2.3321
1542,1.7,34.4723,2.2148
1542,1.8,34.7477,2.0544
1542,1.9,35.0396,1.8424
1542,2,35.3484,1.5686
1543,0,32.2184,2.55
1543,0.1,32.2261,2.55
1543,0.2,32.2493,2.55
1543,0.3,32.2879,2.55
1543,0.4,32.342,2.55
1543,0.5,32.4117,2.5499
1543,0.6,32.4969,2.5498
1543,0.7,32.5979,2.5495
1543,0.8,32.7145,2.5487
1543,0.9,32.847,2.5471
1543,1,32.9953,2.5438
1543,1.1,33.1595,2.5373
1543,1.2,33.3396,2.5252
1543,1.3,33.5355,2.5041
1543,1.4,33.7473,2.4692
1543,1.5,33.9748,2.4142
1543,1.6,34.2183,2.3319
1543,1.7,34.4776,2.2146
1543,1.8,34.7531,2.0541
1543,1.9,35.0451,1.8421
1543,2,35.3541,1.5683
1544,0,32.2236,2.55
1544,0.1,32.2313,2.55
1544,0.2,32.2545,2.55
1544,0.3,32.2931,2.55
1544,0.4,32.3472,2.55
1544,0.5,32.4169,2.5499
1544,0.6,32.5022,2.5498
1544,0.7,32.6031,2.5495
1544,0.8,32.7198,2.5487
1544,0.9,32.8523,2.5471
1544,1,33.0006,2.5438
1544,1.1,33.1648,2.5373
1544,1.2,33.3449,2.5252
1544,1.3,33.5408,2.5041
1544,1.4,33.7526,2.4691
1544,1.5,33.9802,2.414
1544,1.6,34.2236,2.3318
1544,1.7,34.483,2.2144
1544,1.8,34.7586,2.0539
1544,1.9,35.0507,1.8419
1544,2,35.3598,1.5681
1545,0,32.2288,2.55
1545,0.1,32.2366,2.55
1545,0.2,32.2597,2.55
1545,0.3,32.2983,2.55
1545,0.4,32.3525,2.55
1545,0.5,32.4222,2.5499
1545,0.6,32.5075,2.5498
1545,0.7,32.6084,2.5495
1545,0.8,32.7251,2.5487
1545,0.9,32.8576,2.5471
1545,1,33.006,2.5438
1545,1.1,33.1702,2.5372
1545,1.2,33.3502,2.5251
1545,1.3,33.5461,2.504
1545,1.4,33.7579,2.4689
1545,1.5,33.9855,2.4139
1545,1.6,34.229,2.3316
1545,1.7,34.4884,2.2142
1545,1.8,34.764,2.0536
1545,1.9,35.0562,1.8416
1545,2,35.3655,1.5678
1546,0,32.234,2.55
1546,0.1,32.2418,2.55
1546,0.2,32.2649,2.55
1546,0.3,32.3036,2.55
1546,0.4,32.3577,2.55
1546,0.5,32.4274,2.5499
1546,0.6,32.5127,2.5498
1546,0.7,32.6137,2.5495
1546,0.8,32.7304,2.5487
1546,0.9,32.8629,2.5471
1546,1,33.0113,2.5437
1546,1.1,33.1755,2.5372
1546,1.2,33.3555,2.5251
1546,1.3,33.5515,2.5039
1546,1.4,33.7632,2.4688
1546,1.5,33.9908,2.4137
1546,1.6,34.2343,2.3314
1546,1.7,34.4938,2.2139
1546,1.8,34.7695,2.0534
1546,1.9,35.0618,1.8414
1546,2,35.3711,1.5676
1547,0,32.2393,2.55
1547,0.1,32.247,2.55
1547,0.2,32.2702,2.55
1547,0.3,32.3088,2.55
1547,0.4,32.363,2.55
1547,0.5,32.4327,2.5499
1547,0.6,32.518,2.5498
1547,0.7,32.619,2.5495
1547,0.8,32.7357,2.5487
1547,0.9,32.8682,2.5471
1547,1,33.0166,2.5437
1547,1.1,33.1808,2.5372
1547,1.2,33.3609,2.525
1547,1.3,33.5568,2.5038
1547,1.4,33.7686,2.4687
1547,1.5,33.9962,2.4136
1547,1.6,34.2397,2.3312
1547,1.7,34.4992,2.2137
1547,1.8,34.775,2.0531
1547,1.9,35.0673,1.8411
1547,2,35.3768,1.5674
1548,0,32.2445,2.55
1548,0.1,32.2522,2.55
1548,0.2,32.2754,2.55
1548,0.3,32.314,2.55
1548,0.4,32.3682,2.55
1548,0.5,32.4379,2.5499
1548,0.6,32.5233,2.5498
1548,0.7,32.6243,2.5495
1548,0.8,32.741,2.5487
1548,0.9,32.8736,2.5471
1548,1,33.0219,2.5437
1548,1.1,33.1861,2.5371
1548,1.2,33.3662,2.525
1548,1.3,33.5621,2.5038
1548,1.4,33.7739,2.4686
1548,1.5,34.0015,2.4134
1548,1.6,34.245,2.331
1548,1.7,34.5046,2.2135
1548,1.8,34.7804,2.0529
1548,1.9,35.0729,1.8409
1548,2,35.3825,1.5671
1549,0,32.2497,2.55
1549,0.1,32.2574,2.55
1549,0.2,32.2806,2.55
1549,0.3,32.3193,2.55
1549,0.4,32.3734,2.55
1549,0.5,32.4432,2.5499
1549,0.6,32.5285,2.5498
1549,0.7,32.6296,2.5495
1549,0.8,32.7463,2.5487
1549,0.9,32.8789,2.5471
1549,1,33.0272,2.5437
1549,1.1,33.1914,2.5371
1549,1.2,33.3715,2.5249
1549,1.3,33.5674,2.5037
1549,1.4,33.7792,2.4685
1549,1.5,34.0068,2.4133
1549,1.6,34.2504,2.3308
1549,1.7,34.51,2.2133
1549,1.8,34.7859,2.0526
1549,1.9,35.0785,1.8406
1549,2,35.3882,1.5669
1550,0,32.2549,2.55
1550,0.1,32.2626,2.55
1550,0.2,32.2858,2.55
1550,0.3,32.3245,2.55
1550,0.4,32.3787,2.55
1550,0.5,32.4484,2.5499
1550,0.6,32.5338,2.5498
1550,0.7,32.6348,2.5495
1550,0.8,32.7516,2.5487
1550,0.9,32.8842,2.5471
1550,1,33.0325,2.5437
1550,1.1,33.1968,2.5371
1550,1.2,33.3768,2.5249
1550,1.3,33.5728,2.5036
1550,1.4,33.7845,2.4684
1550,1.5,34.0122,2.4131
1550,1.6,34.2558,2.3306
1550,1.7,34.5154,2.2131
1550,1.8,34.7914,2.0524
1550,1.9,35.084,1.8404
1550,2,35.3939,1.5667
1551,0,32.2601,2.55
1551,0.1,32.2679,2.55
1551,0.2,32.291,2.55
1551,0.3,32.3297,2.55
1551,0.4,32.3839,2.55
1551,0.5,32.4537,2.5499
1551,0.6,32.5391,2.5498
1551,0.7,32.6401,2.5495
1551,0.8,32.7569,2.5487
1551,0.9,32.8895,2.5471
1551,1,33.0379,2.5437
1551,1.1,33.2021,2.537
1551,1.2,33.3822,2.5248
1551,1.3,33.5781,2.5035
1551,1.4,33.7899,2.4683
1551,1.5,34.0175,2.413
1551,1.6,34.2611,2.3304
1551,1.7,34.5208,2.2128
1551,1.8,34.7969,2.0521
1551,1.9,35.0896,1.8401
1551,2,35.3996,1.5664
1552,0,32.2654,2.55
1552,0.1,32.2731,2.55
1552,0.2,32.2963,2.55
1552,0.3,32.335,2.55
1552,0.4,32.3892,2.55
1552,0.5,32.4589,2.5499
1552,0.6,32.5443,2.5498
1552,0.7,32.6454,2.5495
1552,0.8,32.7622,2.5487
1552,0.9,32.8948,2.547
1552,1,33.0432,2.5436
1552,1.1,33.2074,2.537
1552,1.2,33.3875,2.5248
1552,1.3,33.5834,2.5034
1552,1.4,33.7952,2.4682
1552,1.5,34.0229,2.4128
1552,1.6,34.2665,2.3302
1552,1.7,34.5262,2.2126
1552,1.8,34.8024,2.0519
1552,1.9,35.0952,1.8399
1552,2,35.4054,1.5662
1553,0,32.2706,2.55
1553,0.1,32.2783,2.55
1553,0.2,32.3015,2.55
1553,0.3,32.3402,2.55
1553,0.4,32.3944,2.55
1553,0.5,32.4642,2.5499
1553,0.6,32.5496,2.5498
1553,0.7,32.6507,2.5494
1553,0.8,32.7675,2.5487
1553,0.9,32.9001,2.547
1553,1,33.0485,2.5436
1553,1.1,33.2127,2.537
1553,1.2,33.3928,2.5247
1553,1.3,33.5887,2.5034
1553,1.4,33.8005,2.4681
1553,1.5,34.0282,2.4127
1553,1.6,34.2719,2.3301
1553,1.7,34.5317,2.2124
1553,1.8,34.8079,2.0517
1553,1.9,35.1008,1.8396
1553,2,35.4111,1.5659
1554,0,32.2758,2.55
1554,0.1,32.2835,2.55
1554,0.2,32.3067,2.55
1554,0.3,32.3454,2.55
1554,0.4,32.3997,2.55
1554,0.5,32.4695,2.5499
1554,0.6,32.5549,2.5498
1554,0.7,32.656,2.5494
1554,0.8,32.7728,2.5487
1554,0.9,32.9054,2.547
1554,1,33.0538,2.5436
1554,1.1,33.218,2.5369
1554,1.2,33.3981,2.5247
1554,1.3,33.5941,2.5033
1554,1.4,33.8059,2.4679
1554,1.5,34.0336,2.4125
1554,1.6,34.2773,2.3299
1554,1.7,34.5371,2.2122
1554,1.8,34.8134,2.0514
1554,1.9,35.1064,1.8394
1554,2,35.4168,1.5657
1555,0,32.281,2.55
1555,0.1,32.2888,2.55
1555,0.2,32.312,2.55
1555,0.3,32.3507,2.55
1555,0.4,32.4049,2.55
1555,0.5,32.4747,2.5499
1555,0.6,32.5601,2.5498
1555,0.7,32.6613,2.5494
1555,0.8,32.7781,2.5487
1555,0.9,32.9107,2.547
1555,1,33.0591,2.5436
1555,1.1,33.2234,2.5369
1555,1.2,33.4034,2.5246
1555,1.3,33.5994,2.5032
1555,1.4,33.8112,2.4678
1555,1.5,34.0389,2.4124
1555,1.6,34.2826,2.3297
1555,1.7,34.5425,2.2119
1555,1.8,34.8189,2.0512
1555,1.9,35.112,1.8391
1555,2,35.4226,1.5655
1556,0,32.2862,2.55
1556,0.1,32.294,2.55
1556,0.2,32.3172,2.55
1556,0.3,32.3559,2.55
1556,0.4,32.4102,2.55
1556,0.5,32.48,2.5499
1556,0.6,32.5654,2.5498
1556,0.7,32.6665,2.5494
1556,0.8,32.7834,2.5487
1556,0.9,32.916,2.547
1556,1,33.0644,2.5436
1556,1.1,33.2287,2.5369
1556,1.2,33.4088,2.5246
1556,1.3,33.6047,2.5031
1556,1.4,33.8165,2.4677
1556,1.5,34.0443,2.4122
1556,1.6,34.288,2.3295
1556,1.7,34.548,2.2117
1556,1.8,34.8244,2.0509
1556,1.9,35.1176,1.8389
1556,2,35.4283,1.5652
1557,0,32.2915,2.55
1557,0.1,32.2992,2.55
1557,0.2,32.3224,2.55
1557,0.3,32.3611,2.55
1557,0.4,32.4154,2.55
1557,0.5,32.4852,2.5499
1557,0.6,32.5707,2.5498
1557,0.7,32.6718,2.5494
1557,0.8,32.7887,2.5487
1557,0.9,32.9213,2.547
1557,1,33.0697,2.5436
1557,1.1,33.234,2.5369
1557,1.2,33.4141,2.5245
1557,1.3,33.61,2.5031
1557,1.4,33.8219,2.4676
1557,1.5,34.0496,2.4121
1557,1.6,34.2934,2.3293
1557,1.7,34.5534,2.2115
1557,1.8,34.8299,2.0507
1557,1.9,35.1233,1.8386
1557,2,35.434,1.565
1558,0,32.2967,2.55
1558,0.1,32.3044,2.55
1558,0.2,32.3277,2.55
1558,0.3,32.3664,2.55
1558,0.4,32.4207,2.55
1558,0.5,32.4905,2.5499
1558,0.6,32.576,2.5498
1558,0.7,32.6771,2.5494
1558,0.8,32.794,2.5487
1558,0.9,32.9266,2.547
1558,1,33.075,2.5435
1558,1.1,33.2393,2.5368
1558,1.2,33.4194,2.5245
1558,1.3,33.6154,2.503
1558,1.4,33.8272,2.4675
1558,1.5,34.055,2.4119
1558,1.6,34.2988,2.3291
1558,1.7,34.5589,2.2113
1558,1.8,34.8354,2.0504
1558,1.9,35.1289,1.8384
1558,2,35.4398,1.5647
1559,0,32.3019,2.55
1559,0.1,32.3097,2.55
1559,0.2,32.3329,2.55
1559,0.3,32.3716,2.55
1559,0.4,32.4259,2.55
1559,0.5,32.4958,2.5499
1559,0.6,32.5812,2.5498
1559,0.7,32.6824,2.5494
1559,0.8,32.7993,2.5487
1559,0.9,32.9319,2.547
1559,1,33.0804,2.5435
1559,1.1,33.2446,2.5368
1559,1.2,33.4247,2.5244
1559,1.3,33.6207,2.5029
1559,1.4,33.8326,2.4674
1559,1.5,34.0604,2.4118
1559,1.6,34.3042,2.3289
1559,1.7,34.5643,2.211
1559,1.8,34.841,2.0502
1559,1.9,35.1345,1.8381
1559,2,35.4456,1.5645
1560,0,32.3071,2.55
1560,0.1,32.3149,2.55
1560,0.2,32.3381,2.55
1560,0.3,32.3769,2.55
1560,0.4,32.4312,2.55
1560,0.5,32.501,2.5499
1560,0.6,32.5865,2.5498
1560,0.7,32.6877,2.5494
1560,0.8,32.8046,2.5487
1560,0.9,32.9372,2.547
1560,1,33.0857,2.5435
1560,1.1,33.2499,2.5368
1560,1.2,33.4301,2.5244
1560,1.3,33.626,2.5028
1560,1.4,33.8379,2.4673
1560,1.5,34.0657,2.4116
1560,1.6,34.3096,2.3287
1560,1.7,34.5698,2.2108
1560,1.8,34.8465,2.0499
1560,1.9,35.1402,1.8379
1560,2,35.4513,1.5643
1561,0,32.3124,2.55
1561,0.1,32.3201,2.55
1561,0.2,32.3434,2.55
1561,0.3,32.3821,2.55
1561,0.4,32.4364,2.55
1561,0.5,32.5063,2.5499
1561,0.6,32.5918,2.5498
1561,0.7,32.693,2.5494
1561,0.8,32.8099,2.5486
1561,0.9,32.9425,2.547
1561,1,33.091,2.5435
1561,1.1,33.2553,2.5367
1561,1.2,33.4354,2.5243
1561,1.3,33.6314,2.5027
1561,1.4,33.8432,2.4672
1561,1.5,34.0711,2.4115
1561,1.6,34.315,2.3285
1561,1.7,34.5752,2.2106
1561,1.8,34.852,2.0497
1561,1.9,35.1458,1.8376
1561,2,35.457,1.564
1562,0,32.3176,2.55
1562,0.1,32.3254,2.55
1562,0.2,32.3486,2.55
1562,0.3,32.3874,2.55
1562,0.4,32.4417,2.55
1562,0.5,32.5115,2.5499
1562,0.6,32.5971,2.5498
1562,0.7,32.6982,2.5494
1562,0.8,32.8152,2.5486
1562,0.9,32.9478,2.5469
1562,1,33.0963,2.5435
1562,1.1,33.2606,2.5367
1562,1.2,33.4407,2.5243
1562,1.3,33.6367,2.5027
1562,1.4,33.8486,2.467
1562,1.5,34.0765,2.4113
1562,1.6,34.3204,2.3284
1562,1.7,34.5807,2.2104
1562,1.8,34.8576,2.0494
1562,1.9,35.1514,1.8374
1562,2,35.4626,1.5638
1563,0,32.3228,2.55
1563,0.1,32.3306,2.55
1563,0.2,32.3538,2.55
1563,0.3,32.3926,2.55
1563,0.4,32.4469,2.55
1563,0.5,32.5168,2.5499
1563,0.6,32.6023,2.5498
1563,0.7,32.7035,2.5494
1563,0.8,32.8205,2.5486
1563,0.9,32.9531,2.5469
1563,1,33.1016,2.5434
1563,1.1,33.2659,2.5367
1563,1.2,33.446,2.5242
1563,1.3,33.642,2.5026
1563,1.4,33.8539,2.4669
1563,1.5,34.0818,2.4112
1563,1.6,34.3258,2.3282
1563,1.7,34.5862,2.2102
1563,1.8,34.8631,2.0492
1563,1.9,35.157,1.8371
1563,2,35.4681,1.5636
1564,0,32.3281,2.55
1564,0.1,32.3358,2.55
1564,0.2,32.3591,2.55
1564,0.3,32.3978,2.55
1564,0.4,32.4522,2.55
1564,0.5,32.5221,2.5499
1564,0.6,32.6076,2.5498
1564,0.7,32.7088,2.5494
1564,0.8,32.8257,2.5486
1564,0.9,32.9584,2.5469
1564,1,33.1069,2.5434
1564,1.1,33.2712,2.5366
1564,1.2,33.4514,2.5242
1564,1.3,33.6474,2.5025
1564,1.4,33.8593,2.4668
1564,1.5,34.0872,2.411
1564,1.6,34.3313,2.328
1564,1.7,34.5916,2.2099
1564,1.8,34.8687,2.049
1564,1.9,35.1626,1.8369
1564,2,35.4736,1.5633
1565,0,32.3333,2.55
1565,0.1,32.3411,2.55
1565,0.2,32.3643,2.55
1565,0.3,32.4031,2.55
1565,0.4,32.4574,2.55
1565,0.5,32.5273,2.5499
1565,0.6,32.6129,2.5498
1565,0.7,32.7141,2.5494
1565,0.8,32.831,2.5486
1565,0.9,32.9637,2.5469
1565,1,33.1122,2.5434
1565,1.1,33.2765,2.5366
1565,1.2,33.4567,2.5241
1565,1.3,33.6527,2.5024
1565,1.4,33.8646,2.4667
1565,1.5,34.0926,2.4109
1565,1.6,34.3367,2.3278
1565,1.7,34.5971,2.2097
1565,1.8,34.8742,2.0487
1565,1.9,35.1682,1.8366
1565,2,35.4791,1.5631
1566,0,32.3385,2.55
1566,0.1,32.3463,2.55
1566,0.2,32.3695,2.55
1566,0.3,32.4083,2.55
1566,0.4,32.4627,2.55
1566,0.5,32.5326,2.5499
1566,0.6,32.6182,2.5498
1566,0.7,32.7194,2.5494
1566,0.8,32.8363,2.5486
1566,0.9,32.969,2.5469
1566,1,33.1175,2.5434
1566,1.1,33.2819,2.5366
1566,1.2,33.462,2.5241
1566,1.3,33.658,2.5023
1566,1.4,33.87,2.4666
1566,1.5,34.098,2.4107
1566,1.6,34.3421,2.3276
1566,1.7,34.6026,2.2095
1566,1.8,34.8797,2.0485
1566,1.9,35.1737,1.8364
1566,2,35.4845,1.5628
1567,0,32.3438,2.55
1567,0.1,32.3515,2.55
1567,0.2,32.3748,2.55
1567,0.3,32.4136,2.55
1567,0.4,32.4679,2.55
1567,0.5,32.5379,2.5499
1567,0.6,32.6234,2.5498
1567,0.7,32.7247,2.5494
1567,0.8,32.8416,2.5486
1567,0.9,32.9744,2.5469
1567,1,33.1229,2.5434
1567,1.1,33.2872,2.5365
1567,1.2,33.4673,2.524
1567,1.3,33.6634,2.5023
1567,1.4,33.8754,2.4665
1567,1.5,34.1034,2.4106
1567,1.6,34.3475,2.3274
1567,1.7,34.6081,2.2093
1567,1.8,34.8853,2.0482
1567,1.9,35.1793,1.8361
1567,2,35.4899,1.5626
1568,0,32.349,2.55
1568,0.1,32.3568,2.55
1568,0.2,32.38,2.55
1568,0.3,32.4188,2.55
1568,0.4,32.4732,2.55
1568,0.5,32.5431,2.5499
1568,0.6,32.6287,2.5498
1568,0.7,32.73,2.5494
1568,0.8,32.8469,2.5486
1568,0.9,32.9797,2.5469
1568,1,33.1282,2.5434
1568,1.1,33.2925,2.5365
1568,1.2,33.4727,2.524
1568,1.3,33.6687,2.5022
1568,1.4,33.8807,2.4664
1568,1.5,34.1087,2.4104
1568,1.6,34.353,2.3272
1568,1.7,34.6136,2.209
1568,1.8,34.8908,2.048
1568,1.9,35.1848,1.8358
1568,2,35.4953,1.5624
1569,0,32.3542,2.55
1569,0.1,32.362,2.55
1569,0.2,32.3853,2.55
1569,0.3,32.4241,2.55
1569,0.4,32.4784,2.55
1569,0.5,32.5484,2.5499
1569,0.6,32.634,2.5498
1569,0.7,32.7352,2.5494
1569,0.8,32.8522,2.5486
1569,0.9,32.985,2.5469
1569,1,33.1335,2.5433
1569,1.1,33.2978,2.5365
1569,1.2,33.478,2.5239
1569,1.3,33.6741,2.5021
1569,1.4,33.8861,2.4663
1569,1.5,34.1141,2.4103
1569,1.6,34.3584,2.327
1569,1.7,34.619,2.2088
1569,1.8,34.8963,2.0477
1569,1.9,35.1902,1.8356
1569,2,35.5007,1.5621
1570,0,32.3595,2.55
1570,0.1,32.3672,2.55
1570,0.2,32.3905,2.55
1570,0.3,32.4293,2.55
1570,0.4,32.4837,2.55
1570,0.5,32.5537,2.5499
1570,0.6,32.6393,2.5498
1570,0.7,32.7405,2.5494
1570,0.8,32.8575,2.5486
1570,0.9,32.9903,2.5469
1570,1,33.1388,2.5433
1570,1.1,33.3031,2.5364
1570,1.2,33.4833,2.5239
1570,1.3,33.6794,2.502
1570,1.4,33.8914,2.4662
1570,1.5,34.1195,2.4101
1570,1.6,34.3638,2.3268
1570,1.7,34.6245,2.2086
1570,1.8,34.9018,2.0475
1570,1.9,35.1957,1.8353
1570,2,35.5061,1.5619
1571,0,32.3647,2.55
1571,0.1,32.3725,2.55
1571,0.2,32.3958,2.55
1571,0.3,32.4346,2.55
1571,0.4,32.489,2.55
1571,0.5,32.5589,2.5499
1571,0.6,32.6445,2.5498
1571,0.7,32.7458,2.5494
1571,0.8,32.8628,2.5486
1571,0.9,32.9956,2.5469
1571,1,33.1441,2.5433
1571,1.1,33.3085,2.5364
1571,1.2,33.4887,2.5238
1571,1.3,33.6848,2.502
1571,1.4,33.8968,2.466
1571,1.5,34.1249,2.41
1571,1.6,34.3693,2.3267
1571,1.7,34.63,2.2084
1571,1.8,34.9073,2.0472
1571,1.9,35.2012,1.8351
1571,2,35.5114,1.5617
1572,0,32.37,2.55
1572,0.1,32.3777,2.55
1572,0.2,32.401,2.55
1572,0.3,32.4398,2.55
1572,0.4,32.4942,2.55
1572,0.5,32.5642,2.5499
1572,0.6,32.6498,2.5498
1572,0.7,32.7511,2.5494
1572,0.8,32.8681,2.5486
1572,0.9,33.0009,2.5468
1572,1,33.1494,2.5433
1572,1.1,33.3138,2.5364
1572,1.2,33.494,2.5238
1572,1.3,33.6901,2.5019
1572,1.4,33.9022,2.4659
1572,1.5,34.1303,2.4098
1572,1.6,34.3747,2.3265
1572,1.7,34.6355,2.2082
1572,1.8,34.9128,2.047
1572,1.9,35.2066,1.8348
1572,2,35.5167,1.5614
1573,0,32.3752,2.55
1573,0.1,32.383,2.55
1573,0.2,32.4062,2.55
1573,0.3,32.4451,2.55
1573,0.4,32.4995,2.55
1573,0.5,32.5695,2.5499
1573,0.6,32.6551,2.5498
1573,0.7,32.7564,2.5494
1573,0.8,32.8734,2.5486
1573,0.9,33.0062,2.5468
1573,1,33.1547,2.5433
1573,1.1,33.3191,2.5363
1573,1.2,33.4993,2.5237
1573,1.3,33.6954,2.5018
1573,1.4,33.9075,2.4658
1573,1.5,34.1357,2.4097
1573,1.6,34.3801,2.3263
1573,1.7,34.6409,2.2079
1573,1.8,34.9182,2.0468
1573,1.9,35.212,1.8346
1573,2,35.522,1.5612
1574,0,32.3804,2.55
1574,0.1,32.3882,2.55
1574,0.2,32.4115,2.55
1574,0.3,32.4503,2.55
1574,0.4,32.5047,2.55
1574,0.5,32.5747,2.5499
1574,0.6,32.6604,2.5498
1574,0.7,32.7617,2.5494
1574,0.8,32.8787,2.5486
1574,0.9,33.0115,2.5468
1574,1,33.16,2.5432
1574,1.1,33.3244,2.5363
1574,1.2,33.5047,2.5237
1574,1.3,33.7008,2.5017
1574,1.4,33.9129,2.4657
1574,1.5,34.1411,2.4095
1574,1.6,34.3856,2.3261
1574,1.7,34.6464,2.2077
1574,1.8,34.9237,2.0465
1574,1.9,35.2175,1.8343
1574,2,35.5273,1.5609
1575,0,32.3857,2.55
1575,0.1,32.3934,2.55
1575,0.2,32.4167,2.55
1575,0.3,32.4556,2.55
1575,0.4,32.51,2.55
1575,0.5,32.58,2.5499
1575,0.6,32.6656,2.5498
1575,0.7,32.767,2.5494
1575,0.8,32.884,2.5486
1575,0.9,33.0168,2.5468
1575,1,33.1654,2.5432
1575,1.1,33.3297,2.5363
1575,1.2,33.51,2.5236
1575,1.3,33.7061,2.5016
1575,1.4,33.9183,2.4656
1575,1.5,34.1465,2.4094
1575,1.6,34.391,2.3259
1575,1.7,34.6518,2.2075
1575,1.8,34.9292,2.0463
1575,1.9,35.2229,1.8341
1575,2,35.5326,1.5607
1576,0,32.3909,2.55
1576,0.1,32.3987,2.55
1576,0.2,32.422,2.55
1576,0.3,32.4608,2.55
1576,0.4,32.5152,2.55
1576,0.5,32.5853,2.5499
1576,0.6,32.6709,2.5498
1576,0.7,32.7723,2.5494
1576,0.8,32.8893,2.5486
1576,0.9,33.0221,2.5468
1576,1,33.1707,2.5432
1576,1.1,33.3351,2.5363
1576,1.2,33.5153,2.5236
1576,1.3,33.7115,2.5016
1576,1.4,33.9237,2.4655
1576,1.5,34.1519,2.4092
1576,1.6,34.3964,2.3257
1576,1.7,34.6573,2.2073
1576,1.8,34.9346,2.046
1576,1.9,35.2283,1.8339
1576,2,35.5379,1.5605
1577,0,32.3962,2.55
1577,0.1,32.4039,2.55
1577,0.2,32.4272,2.55
1577,0.3,32.4661,2.55
1577,0.4,32.5205,2.55
1577,0.5,32.5905,2.5499
1577,0.6,32.6762,2.5498
1577,0.7,32.7775,2.5494
1577,0.8,32.8946,2.5486
1577,0.9,33.0274,2.5468
1577,1,33.176,2.5432
1577,1.1,33.3404,2.5362
1577,1.2,33.5207,2.5235
1577,1.3,33.7168,2.5015
1577,1.4,33.929,2.4654
1577,1.5,34.1573,2.4091
1577,1.6,34.4019,2.3255
1577,1.7,34.6627,2.207
1577,1.8,34.94,2.0458
1577,1.9,35.2336,1.8336
1577,2,35.5431,1.5602
1578,0,32.4014,2.55
1578,0.1,32.4092,2.55
1578,0.2,32.4325,2.55
1578,0.3,32.4713,2.55
1578,0.4,32.5258,2.55
1578,0.5,32.5958,2.5499
1578,0.6,32.6815,2.5498
1578,0.7,32.7828,2.5494
1578,0.8,32.8999,2.5486
1578,0.9,33.0327,2.5468
1578,1,33.1813,2.5432
1578,1.1,33.3457,2.5362
1578,1.2,33.526,2.5234
1578,1.3,33.7222,2.5014
1578,1.4,33.9344,2.4653
1578,1.5,34.1627,2.4089
1578,1.6,34.4073,2.3253
1578,1.7,34.6682,2.2068
1578,1.8,34.9455,2.0455
1578,1.9,35.239,1.8334
1578,2,35.5484,1.56
1579,0,32.4067,2.55
1579,0.1,32.4144,2.55
1579,0.2,32.4377,2.55
1579,0.3,32.4766,2.55
1579,0.4,32.531,2.55
1579,0.5,32.6011,2.5499
1579,0.6,32.6868,2.5497
1579,0.7,32.7881,2.5494
1579,0.8,32.9052,2.5486
1579,0.9,33.038,2.5468
1579,1,33.1866,2.5431
1579,1.1,33.351,2.5362
1579,1.2,33.5313,2.5234
1579,1.3,33.7276,2.5013
1579,1.4,33.9398,2.4651
1579,1.5,34.1681,2.4088
1579,1.6,34.4127,2.3251
1579,1.7,34.6736,2.2066
1579,1.8,34.9509,2.0453
1579,1.9,35.2443,1.8331
1579,2,35.5536,1.5598
1580,0,32.4119,2.55
1580,0.1,32.4197,2.55
1580,0.2,32.443,2.55
1580,0.3,32.4819,2.55
1580,0.4,32.5363,2.55
1580,0.5,32.6063,2.5499
1580,0.6,32.692,2.5497
1580,0.7,32.7934,2.5494
1580,0.8,32.9105,2.5486
1580,0.9,33.0433,2.5468
1580,1,33.1919,2.5431
1580,1.1,33.3564,2.5361
1580,1.2,33.5367,2.5233
1580,1.3,33.7329,2.5012
1580,1.4,33.9452,2.465
1580,1.5,34.1735,2.4086
1580,1.6,34.4181,2.325
1580,1.7,34.6791,2.2064
1580,1.8,34.9563,2.045
1580,1.9,35.2497,1.8329
1580,2,35.5588,1.5595
1581,0,32.4172,2.55
1581,0.1,32.4249,2.55
1581,0.2,32.4482,2.55
1581,0.3,32.4871,2.55
1581,0.4,32.5416,2.55
1581,0.5,32.6116,2.5499
1581,0.6,32.6973,2.5497
1581,0.7,32.7987,2.5494
1581,0.8,32.9158,2.5485
1581,0.9,33.0486,2.5468
1581,1,33.1972,2.5431
1581,1.1,33.3617,2.5361
1581,1.2,33.542,2.5233
1581,1.3,33.7383,2.5012
1581,1.4,33.9505,2.4649
1581,1.5,34.1789,2.4085
1581,1.6,34.4236,2.3248
1581,1.7,34.6845,2.2062
1581,1.8,34.9617,2.0448
1581,1.9,35.255,1.8326
1581,2,35.564,1.5593
1582,0,32.4224,2.55
1582,0.1,32.4302,2.55
1582,0.2,32.4535,2.55
1582,0.3,32.4924,2.55
1582,0.4,32.5468,2.55
1582,0.5,32.6169,2.5499
1582,0.6,32.7026,2.5497
1582,0.7,32.804,2.5494
1582,0.8,32.9211,2.5485
1582,0.9,33.0539,2.5467
1582,1,33.2026,2.5431
1582,1.1,33.367,2.5361
1582,1.2,33.5473,2.5232
1582,1.3,33.7436,2.5011
1582,1.4,33.9559,2.4648
1582,1.5,34.1843,2.4083
1582,1.6,34.429,2.3246
1582,1.7,34.6899,2.2059
1582,1.8,34.9671,2.0446
1582,1.9,35.2603,1.8324
1582,2,35.5692,1.5591
1583,0,32.4277,2.55
1583,0.1,32.4354,2.55
1583,0.2,32.4587,2.55
1583,0.3,32.4976,2.55
1583,0.4,32.5521,2.55
1583,0.5,32.6222,2.5499
1583,0.6,32.7079,2.5497
1583,0.7,32.8093,2.5494
1583,0.8,32.9264,2.5485
1583,0.9,33.0592,2.5467
1583,1,33.2079,2.5431
1583,1.1,33.3723,2.536
1583,1.2,33.5527,2.5232
1583,1.3,33.749,2.501
1583,1.4,33.9613,2.4647
1583,1.5,34.1897,2.4082
1583,1.6,34.4344,2.3244
1583,1.7,34.6953,2.2057
1583,1.8,34.9725,2.0443
1583,1.9,35.2657,1.8321
1583,2,35.5744,1.5588
1584,0,32.4329,2.55
1584,0.1,32.4407,2.55
1584,0.2,32.464,2.55
1584,0.3,32.5029,2.55
1584,0.4,32.5573,2.55
1584,0.5,32.6274,2.5499
1584,0.6,32.7132,2.5497
1584,0.7,32.8146,2.5494
1584,0.8,32.9317,2.5485
1584,0.9,33.0645,2.5467
1584,1,33.2132,2.5431
1584,1.1,33.3777,2.536
1584,1.2,33.558,2.5231
1584,1.3,33.7543,2.5009
1584,1.4,33.9667,2.4646
1584,1.5,34.1951,2.408
1584,1.6,34.4398,2.3242
1584,1.7,34.7007,2.2055
1584,1.8,34.9779,2.0441
1584,1.9,35.271,1.8319
1584,2,35.5796,1.5586
1585,0,32.4382,2.55
1585,0.1,32.4459,2.55
1585,0.2,32.4692,2.55
1585,0.3,32.5081,2.55
1585,0.4,32.5626,2.55
1585,0.5,32.6327,2.5499
1585,0.6,32.7184,2.5497
1585,0.7,32.8198,2.5494
1585,0.8,32.937,2.5485
1585,0.9,33.0698,2.5467
1585,1,33.2185,2.543
1585,1.1,33.383,2.536
1585,1.2,33.5634,2.5231
1585,1.3,33.7597,2.5009
1585,1.4,33.9721,2.4645
1585,1.5,34.2005,2.4079
1585,1.6,34.4452,2.324
1585,1.7,34.7061,2.2053
1585,1.8,34.9832,2.0438
1585,1.9,35.2762,1.8316
1585,2,35.5847,1.5584
1586,0,32.4434,2.55
1586,0.1,32.4512,2.55
1586,0.2,32.4745,2.55
1586,0.3,32.5134,2.55
1586,0.4,32.5679,2.55
1586,0.5,32.638,2.5499
1586,0.6,32.7237,2.5497
1586,0.7,32.8251,2.5494
1586,0.8,32.9423,2.5485
1586,0.9,33.0751,2.5467
1586,1,33.2238,2.543
1586,1.1,33.3883,2.5359
1586,1.2,33.5687,2.523
1586,1.3,33.7651,2.5008
1586,1.4,33.9774,2.4644
1586,1.5,34.2059,2.4077
1586,1.6,34.4506,2.3238
1586,1.7,34.7115,2.205
1586,1.8,34.9886,2.0436
1586,1.9,35.2815,1.8314
1586,2,35.5899,1.5581
1587,0,32.4487,2.55
1587,0.1,32.4564,2.55
1587,0.2,32.4798,2.55
1587,0.3,32.5187,2.55
1587,0.4,32.5731,2.55
1587,0.5,32.6432,2.5499
1587,0.6,32.729,2.5497
1587,0.7,32.8304,2.5494
1587,0.8,32.9476,2.5485
1587,0.9,33.0805,2.5467
1587,1,33.2291,2.543
1587,1.1,33.3937,2.5359
1587,1.2,33.5741,2.523
1587,1.3,33.7704,2.5007
1587,1.4,33.9828,2.4642
1587,1.5,34.2113,2.4076
1587,1.6,34.456,2.3236
1587,1.7,34.7169,2.2048
1587,1.8,34.994,2.0433
1587,1.9,35.2868,1.8311
1587,2,35.595,1.5579
1588,0,32.4539,2.55
1588,0.1,32.4617,2.55
1588,0.2,32.485,2.55
1588,0.3,32.5239,2.55
1588,0.4,32.5784,2.55
1588,0.5,32.6485,2.5499
1588,0.6,32.7343,2.5497
1588,0.7,32.8357,2.5494
1588,0.8,32.9529,2.5485
1588,0.9,33.0858,2.5467
1588,1,33.2345,2.543
1588,1.1,33.399,2.5359
1588,1.2,33.5794,2.5229
1588,1.3,33.7758,2.5006
1588,1.4,33.9882,2.4641
1588,1.5,34.2167,2.4074
1588,1.6,34.4614,2.3234
1588,1.7,34.7223,2.2046
1588,1.8,34.9993,2.0431
1588,1.9,35.2921,1.8309
1588,2,35.6001,1.5576
1589,0,32.4592,2.55
1589,0.1,32.4669,2.55
1589,0.2,32.4903,2.55
1589,0.3,32.5292,2.55
1589,0.4,32.5837,2.55
1589,0.5,32.6538,2.5499
1589,0.6,32.7396,2.5497
1589,0.7,32.841,2.5494
1589,0.8,32.9582,2.5485
1589,0.9,33.0911,2.5467
1589,1,33.2398,2.543
1589,1.1,33.4043,2.5358
1589,1.2,33.5848,2.5229
1589,1.3,33.7812,2.5005
1589,1.4,33.9936,2.464
1589,1.5,34.2221,2.4073
1589,1.6,34.4668,2.3233
1589,1.7,34.7277,2.2044
1589,1.8,35.0046,2.0429
1589,1.9,35.2973,1.8306
1589,2,35.6053,1.5574
1590,0,32.4644,2.55
1590,0.1,32.4722,2.55
1590,0.2,32.4955,2.55
1590,0.3,32.5344,2.55
1590,0.4,32.5889,2.55
1590,0.5,32.6591,2.5499
1590,0.6,32.7448,2.5497
1590,0.7,32.8463,2.5494
1590,0.8,32.9635,2.5485
1590,0.9,33.0964,2.5467
1590,1,33.2451,2.5429
1590,1.1,33.4096,2.5358
1590,1.2,33.5901,2.5228
1590,1.3,33.7865,2.5005
1590,1.4,33.999,2.4639
1590,1.5,34.2275,2.4071
1590,1.6,34.4722,2.3231
1590,1.7,34.7331,2.2042
1590,1.8,35.01,2.0426
1590,1.9,35.3026,1.8304
1590,2,35.6104,1.5572
1591,0,32.4697,2.55
1591,0.1,32.4774,2.55
1591,0.2,32.5008,2.55
1591,0.3,32.5397,2.55
1591,0.4,32.5942,2.55
1591,0.5,32.6643,2.5499
1591,0.6,32.7501,2.5497
1591,0.7,32.8516,2.5494
1591,0.8,32.9688,2.5485
1591,0.9,33.1017,2.5467
1591,1,33.2504,2.5429
1591,1.1,33.415,2.5358
1591,1.2,33.5954,2.5228
1591,1.3,33.7919,2.5004
1591,1.4,34.0043,2.4638
1591,1.5,34.2329,2.407
1591,1.6,34.4776,2.3229
1591,1.7,34.7385,2.2039
1591,1.8,35.0153,2.0424
1591,1.9,35.3078,1.8301
1591,2,35.6155,1.5569
1592,0,32.4749,2.55
1592,0.1,32.4827,2.55
1592,0.2,32.506,2.55
1592,0.3,32.545,2.55
1592,0.4,32.5995,2.55
1592,0.5,32.6696,2.5499
1592,0.6,32.7554,2.5497
1592,0.7,32.8569,2.5494
1592,0.8,32.9741,2.5485
1592,0.9,33.107,2.5466
1592,1,33.2557,2.5429
1592,1.1,33.4203,2.5357
1592,1.2,33.6008,2.5227
1592,1.3,33.7972,2.5003
1592,1.4,34.0097,2.4637
1592,1.5,34.2383,2.4068
1592,1.6,34.483,2.3227
1592,1.7,34.7438,2.2037
1592,1.8,35.0206,2.0421
1592,1.9,35.313,1.8299
1592,2,35.6206,1.5567
1593,0,32.4802,2.55
1593,0.1,32.488,2.55
1593,0.2,32.5113,2.55
1593,0.3,32.5502,2.55
1593,0.4,32.6047,2.55
1593,0.5,32.6749,2.5499
1593,0.6,32.7607,2.5497
1593,0.7,32.8622,2.5493
1593,0.8,32.9794,2.5485
1593,0.9,33.1123,2.5466
1593,1,33.2611,2.5429
1593,1.1,33.4256,2.5357
1593,1.2,33.6061,2.5227
1593,1.3,33.8026,2.5002
1593,1.4,34.0151,2.4636
1593,1.5,34.2437,2.4067
1593,1.6,34.4884,2.3225
1593,1.7,34.7492,2.2035
1593,1.8,35.0259,2.0419
1593,1.9,35.3183,1.8296
1593,2,35.6257,1.5565
1594,0,32.4854,2.55
1594,0.1,32.4932,2.55
1594,0.2,32.5166,2.55
1594,0.3,32.5555,2.55
1594,0.4,32.61,2.55
1594,0.5,32.6802,2.5499
1594,0.6,32.766,2.5497
1594,0.7,32.8675,2.5493
1594,0.8,32.9847,2.5485
1594,0.9,33.1176,2.5466
1594,1,33.2664,2.5429
1594,1.1,33.431,2.5357
1594,1.2,33.6115,2.5226
1594,1.3,33.808,2.5001
1594,1.4,34.0205,2.4635
1594,1.5,34.2491,2.4065
1594,1.6,34.4938,2.3223
1594,1.7,34.7546,2.2033
1594,1.8,35.0312,2.0417
1594,1.9,35.3235,1.8294
1594,2,35.6308,1.5562
1595,0,32.4907,2.55
1595,0.1,32.4985,2.55
1595,0.2,32.5218,2.55
1595,0.3,32.5608,2.55
1595,0.4,32.6153,2.55
1595,0.5,32.6854,2.5499
1595,0.6,32.7713,2.5497
1595,0.7,32.8727,2.5493
1595,0.8,32.99,2.5485
1595,0.9,33.1229,2.5466
1595,1,33.2717,2.5428
1595,1.1,33.4363,2.5356
1595,1.2,33.6168,2.5226
1595,1.3,33.8133,2.5001
1595,1.4,34.0259,2.4633
1595,1.5,34.2545,2.4064
1595,1.6,34.4992,2.3221
1595,1.7,34.7599,2.2031
1595,1.8,35.0365,2.0414
1595,1.9,35.3287,1.8291
1595,2,35.6359,1.556
1596,0,32.4959,2.55
1596,0.1,32.5037,2.55
1596,0.2,32.5271,2.55
1596,0.3,32.566,2.55
1596,0.4,32.6206,2.55
1596,0.5,32.6907,2.5499
1596,0.6,32.7765,2.5497
1596,0.7,32.878,2.5493
1596,0.8,32.9953,2.5485
1596,0.9,33.1282,2.5466
1596,1,33.277,2.5428
1596,1.1,33.4416,2.5356
1596,1.2,33.6222,2.5225
1596,1.3,33.8187,2.5
1596,1.4,34.0312,2.4632
1596,1.5,34.2598,2.4062
1596,1.6,34.5045,2.3219
1596,1.7,34.7653,2.2028
1596,1.8,35.0418,2.0412
1596,1.9,35.3339,1.8289
1596,2,35.6409,1.5558
1597,0,32.5012,2.55
1597,0.1,32.509,2.55
1597,0.2,32.5323,2.55
1597,0.3,32.5713,2.55
1597,0.4,32.6258,2.55
1597,0.5,32.696,2.5499
1597,0.6,32.7818,2.5497
1597,0.7,32.8833,2.5493
1597,0.8,33.0006,2.5485
1597,0.9,33.1335,2.5466
1597,1,33.2823,2.5428
1597,1.1,33.447,2.5356
1597,1.2,33.6275,2.5225
1597,1.3,33.8241,2.4999
1597,1.4,34.0366,2.4631
1597,1.5,34.2652,2.4061
1597,1.6,34.5099,2.3218
1597,1.7,34.7706,2.2026
1597,1.8,35.0471,2.0409
1597,1.9,35.3391,1.8286
1597,2,35.646,1.5555
1598,0,32.5065,2.55
1598,0.1,32.5142,2.55
1598,0.2,32.5376,2.55
1598,0.3,32.5765,2.55
1598,0.4,32.6311,2.55
1598,0.5,32.7013,2.5499
1598,0.6,32.7871,2.5497
1598,0.7,32.8886,2.5493
1598,0.8,33.0059,2.5485
1598,0.9,33.1389,2.5466
1598,1,33.2877,2.5428
1598,1.1,33.4523,2.5355
1598,1.2,33.6329,2.5224
1598,1.3,33.8294,2.4998
1598,1.4,34.042,2.463
1598,1.5,34.2706,2.4059
1598,1.6,34.5153,2.3216
1598,1.7,34.7759,2.2024
1598,1.8,35.0524,2.0407
1598,1.9,35.3443,1.8284
1598,2,35.6511,1.5553
1599,0,32.5117,2.55
1599,0.1,32.5195,2.55
1599,0.2,32.5429,2.55
1599,0.3,32.5818,2.55
1599,0.4,32.6364,2.55
1599,0.5,32.7066,2.5499
1599,0.6,32.7924,2.5497
1599,0.7,32.8939,2.5493
1599,0.8,33.0112,2.5484
1599,0.9,33.1442,2.5466
1599,1,33.293,2.5428
1599,1.1,33.4577,2.5355
1599,1.2,33.6382,2.5223
1599,1.3,33.8348,2.4997
1599,1.4,34.0474,2.4629
1599,1.5,34.276,2.4058
1599,1.6,34.5207,2.3214
1599,1.7,34.7813,2.2022
1599,1.8,35.0577,2.0404
1599,1.9,35.3494,1.8281
1599,2,35.6561,1.5551
1600,0,32.517,2.55
1600,0.1,32.5248,2.55
1600,0.2,32.5481,2.55
1600,0.3,32.5871,2.55
1600,0.4,32.6416,2.55
1600,0.5,32.7118,2.5499
1600,0.6,32.7977,2.5497
1600,0.7,32.8992,2.5493
1600,0.8,33.0165,2.5484
1600,0.9,33.1495,2.5466
1600,1,33.2983,2.5427
1600,1.1,33.463,2.5355
1600,1.2,33.6436,2.5223
1600,1.3,33.8401,2.4997
1600,1.4,34.0527,2.4628
1600,1.5,34.2814,2.4056
1600,1.6,34.526,2.3212
1600,1.7,34.7866,2.202
1600,1.8,35.0629,2.0402
1600,1.9,35.3546,1.8279
1600,2,35.6612,1.5548
1601,0,32.5222,2.55
1601,0.1,32.53,2.55
1601,0.2,32.5534,2.55
1601,0.3,32.5923,2.55
1601,0.4,32.6469,2.55
1601,0.5,32.7171,2.5499
1601,0.6,32.803,2.5497
1601,0.7,32.9045,2.5493
1601,0.8,33.0218,2.5484
1601,0.9,33.1548,2.5465
1601,1,33.3036,2.5427
1601,1.1,33.4683,2.5354
1601,1.2,33.6489,2.5222
1601,1.3,33.8455,2.4996
1601,1.4,34.0581,2.4627
1601,1.5,34.2867,2.4055
1601,1.6,34.5314,2.321
1601,1.7,34.7919,2.2017
1601,1.8,35.0682,2.04
1601,1.9,35.3598,1.8277
1601,2,35.6662,1.5546
1602,0,32.5275,2.55
1602,0.1,32.5353,2.55
1602,0.2,32.5587,2.55
1602,0.3,32.5976,2.55
1602,0.4,32.6522,2.55
1602,0.5,32.7224,2.5499
1602,0.6,32.8082,2.5497
1602,0.7,32.9098,2.5493
1602,0.8,33.0271,2.5484
1602,0.9,33.1601,2.5465
1602,1,33.309,2.5427
1602,1.1,33.4737,2.5354
1602,1.2,33.6543,2.5222
1602,1.3,33.8509,2.4995
1602,1.4,34.0635,2.4626
1602,1.5,34.2921,2.4053
1602,1.6,34.5367,2.3208
1602,1.7,34.7972,2.2015
1602,1.8,35.0734,2.0397
1602,1.9,35.3649,1.8274
1602,2,35.6712,1.5544
1603,0,32.5328,2.55
1603,0.1,32.5405,2.55
1603,0.2,32.5639,2.55
1603,0.3,32.6029,2.55
1603,0.4,32.6575,2.55
1603,0.5,32.7277,2.5499
1603,0.6,32.8135,2.5497
1603,0.7,32.9151,2.5493
1603,0.8,33.0324,2.5484
1603,0.9,33.1654,2.5465
1603,1,33.3143,2.5427
1603,1.1,33.479,2.5354
1603,1.2,33.6596,2.5221
1603,1.3,33.8562,2.4994
1603,1.4,34.0688,2.4624
1603,1.5,34.2975,2.4052
1603,1.6,34.5421,2.3206
1603,1.7,34.8026,2.2013
1603,1.8,35.0787,2.0395
1603,1.9,35.3701,1.8272
1603,2,35.6762,1.5541
1604,0,32.538,2.55
1604,0.1,32.5458,2.55
1604,0.2,32.5692,2.55
1604,0.3,32.6082,2.55
1604,0.4,32.6627,2.55
1604,0.5,32.7329,2.5499
1604,0.6,32.8188,2.5497
1604,0.7,32.9204,2.5493
1604,0.8,33.0377,2.5484
1604,0.9,33.1707,2.5465
1604,1,33.3196,2.5427
1604,1.1,33.4843,2.5353
1604,1.2,33.665,2.5221
1604,1.3,33.8616,2.4993
1604,1.4,34.0742,2.4623
1604,1.5,34.3028,2.405
1604,1.6,34.5474,2.3204
1604,1.7,34.8079,2.2011
1604,1.8,35.0839,2.0392
1604,1.9,35.3752,1.8269
1604,2,35.6813,1.5539
1605,0,32.5433,2.55
1605,0.1,32.5511,2.55
1605,0.2,32.5744,2.55
1605,0.3,32.6134,2.55
1605,0.4,32.668,2.55
1605,0.5,32.7382,2.5499
1605,0.6,32.8241,2.5497
1605,0.7,32.9257,2.5493
1605,0.8,33.043,2.5484
1605,0.9,33.1761,2.5465
1605,1,33.3249,2.5427
1605,1.1,33.4897,2.5353
1605,1.2,33.6703,2.522
1605,1.3,33.867,2.4993
1605,1.4,34.0796,2.4622
1605,1.5,34.3082,2.4049
1605,1.6,34.5528,2.3202
1605,1.7,34.8132,2.2009
1605,1.8,35.0892,2.039
1605,1.9,35.3804,1.8267
1605,2,35.6863,1.5537
1606,0,32.5485,2.55
1606,0.1,32.5563,2.55
1606,0.2,32.5797,2.55
1606,0.3,32.6187,2.55
1606,0.4,32.6733,2.55
1606,0.5,32.7435,2.5499
1606,0.6,32.8294,2.5497
1606,0.7,32.931,2.5493
1606,0.8,33.0483,2.5484
1606,0.9,33.1814,2.5465
1606,1,33.3303,2.5426
1606,1.1,33.495,2.5353
1606,1.2,33.6757,2.522
1606,1.3,33.8723,2.4992
1606,1.4,34.0849,2.4621
1606,1.5,34.3135,2.4047
1606,1.6,34.5581,2.3201
1606,1.7,34.8185,2.2006
1606,1.8,35.0944,2.0388
1606,1.9,35.3855,1.8264
1606,2,35.6913,1.5534
1607,0,32.5538,2.55
1607,0.1,32.5616,2.55
1607,0.2,32.585,2.55
1607,0.3,32.624,2.55
1607,0.4,32.6786,2.55
1607,0.5,32.7488,2.5499
1607,0.6,32.8347,2.5497
1607,0.7,32.9363,2.5493
1607,0.8,33.0536,2.5484
1607,0.9,33.1867,2.5465
1607,1,33.3356,2.5426
1607,1.1,33.5004,2.5352
1607,1.2,33.681,2.5219
1607,1.3,33.8777,2.4991
1607,1.4,34.0903,2.462
1607,1.5,34.3189,2.4046
1607,1.6,34.5634,2.3199
1607,1.7,34.8238,2.2004
1607,1.8,35.0996,2.0385
1607,1.9,35.3906,1.8262
1607,2,35.6963,1.5532
1608,0,32.5591,2.55
1608,0.1,32.5669,2.55
1608,0.2,32.5902,2.55
1608,0.3,32.6292,2.55
1608,0.4,32.6838,2.55
1608,0.5,32.7541,2.5499
1608,0.6,32.84,2.5497
1608,0.7,32.9416,2.5493
1608,0.8,33.0589,2.5484
1608,0.9,33.192,2.5465
1608,1,33.3409,2.5426
1608,1.1,33.5057,2.5352
1608,1.2,33.6864,2.5219
1608,1.3,33.883,2.499
1608,1.4,34.0956,2.4619
1608,1.5,34.3242,2.4044
1608,1.6,34.5688,2.3197
1608,1.7,34.829,2.2002
1608,1.8,35.1048,2.0383
1608,1.9,35.3958,1.8259
1608,2,35.7013,1.553
1609,0,32.5643,2.55
1609,0.1,32.5721,2.55
1609,0.2,32.5955,2.55
1609,0.3,32.6345,2.55
1609,0.4,32.6891,2.55
1609,0.5,32.7593,2.5499
1609,0.6,32.8453,2.5497
1609,0.7,32.9469,2.5493
1609,0.8,33.0642,2.5484
1609,0.9,33.1973,2.5465
1609,1,33.3462,2.5426
1609,1.1,33.511,2.5352
1609,1.2,33.6917,2.5218
1609,1.3,33.8884,2.4989
1609,1.4,34.101,2.4618
1609,1.5,34.3296,2.4043
1609,1.6,34.5741,2.3195
1609,1.7,34.8343,2.2
1609,1.8,35.11,2.038
1609,1.9,35.4009,1.8257
1609,2,35.7063,1.5527
1610,0,32.5696,2.55
1610,0.1,32.5774,2.55
1610,0.2,32.6008,2.55
1610,0.3,32.6398,2.55
1610,0.4,32.6944,2.55
1610,0.5,32.7646,2.5499
1610,0.6,32.8505,2.5497
1610,0.7,32.9522,2.5493
1610,0.8,33.0695,2.5484
1610,0.9,33.2026,2.5464
1610,1,33.3516,2.5426
1610,1.1,33.5164,2.5351
1610,1.2,33.6971,2.5218
1610,1.3,33.8937,2.4989
1610,1.4,34.1064,2.4616
1610,1.5,34.3349,2.4041
1610,1.6,34.5794,2.3193
1610,1.7,34.8396,2.1998
1610,1.8,35.1153,2.0378
1610,1.9,35.406,1.8254
1610,2,35.7112,1.5525
1611,0,32.5749,2.55
1611,0.1,32.5827,2.55
1611,0.2,32.606,2.55
1611,0.3,32.645,2.55
1611,0.4,32.6997,2.55
1611,0.5,32.7699,2.5499
1611,0.6,32.8558,2.5497
1611,0.7,32.9575,2.5493
1611,0.8,33.0748,2.5484
1611,0.9,33.2079,2.5464
1611,1,33.3569,2.5425
1611,1.1,33.5217,2.5351
1611,1.2,33.7024,2.5217
1611,1.3,33.8991,2.4988
1611,1.4,34.1117,2.4615
1611,1.5,34.3403,2.404
1611,1.6,34.5847,2.3191
1611,1.7,34.8449,2.1995
1611,1.8,35.1205,2.0376
1611,1.9,35.4111,1.8252
1611,2,35.7162,1.5523
1612,0,32.5801,2.55
1612,0.1,32.5879,2.55
1612,0.2,32.6113,2.55
1612,0.3,32.6503,2.55
1612,0.4,32.7049,2.55
1612,0.5,32.7752,2.5499
1612,0.6,32.8611,2.5497
1612,0.7,32.9628,2.5493
1612,0.8,33.0801,2.5484
1612,0.9,33.2133,2.5464
1612,1,33.3622,2.5425
1612,1.1,33.527,2.5351
1612,1.2,33.7078,2.5217
1612,1.3,33.9044,2.4987
1612,1.4,34.1171,2.4614
1612,1.5,34.3456,2.4038
1612,1.6,34.59,2.3189
1612,1.7,34.8501,2.1993
1612,1.8,35.1257,2.0373
1612,1.9,35.4162,1.8249
1612,2,35.7212,1.552
1613,0,32.5854,2.55
1613,0.1,32.5932,2.55
1613,0.2,32.6166,2.55
1613,0.3,32.6556,2.55
1613,0.4,32.7102,2.55
1613,0.5,32.7805,2.5499
1613,0.6,32.8664,2.5497
1613,0.7,32.9681,2.5493
1613,0.8,33.0854,2.5484
1613,0.9,33.2186,2.5464
1613,1,33.3676,2.5425
1613,1.1,33.5324,2.535
1613,1.2,33.7131,2.5216
1613,1.3,33.9098,2.4986
1613,1.4,34.1224,2.4613
1613,1.5,34.351,2.4037
1613,1.6,34.5954,2.3187
1613,1.7,34.8554,2.1991
1613,1.8,35.1308,2.0371
1613,1.9,35.4213,1.8247
1613,2,35.7261,1.5518
1614,0,32.5907,2.55
1614,0.1,32.5985,2.55
1614,0.2,32.6219,2.55
1614,0.3,32.6609,2.55
1614,0.4,32.7155,2.55
1614,0.5,32.7858,2.5499
1614,0.6,32.8717,2.5497
1614,0.7,32.9734,2.5493
1614,0.8,33.0907,2.5484
1614,0.9,33.2239,2.5464
1614,1,33.3729,2.5425
1614,1.1,33.5377,2.535
1614,1.2,33.7185,2.5216
1614,1.3,33.9151,2.4985
1614,1.4,34.1278,2.4612
1614,1.5,34.3563,2.4035
1614,1.6,34.6007,2.3186
1614,1.7,34.8607,2.1989
1614,1.8,35.136,2.0368
1614,1.9,35.4264,1.8245
1614,2,35.7311,1.5516
1615,0,32.5959,2.55
1615,0.1,32.6037,2.55
1615,0.2,32.6271,2.55
1615,0.3,32.6661,2.55
1615,0.4,32.7208,2.55
1615,0.5,32.791,2.5499
1615,0.6,32.877,2.5497
1615,0.7,32.9787,2.5493
1615,0.8,33.096,2.5484
1615,0.9,33.2292,2.5464
1615,1,33.3782,2.5425
1615,1.1,33.5431,2.535
1615,1.2,33.7238,2.5215
1615,1.3,33.9205,2.4985
1615,1.4,34.1331,2.4611
1615,1.5,34.3616,2.4034
1615,1.6,34.606,2.3184
1615,1.7,34.8659,2.1987
1615,1.8,35.1412,2.0366
1615,1.9,35.4314,1.8242
1615,2,35.7361,1.5513
1616,0,32.6012,2.55
1616,0.1,32.609,2.55
1616,0.2,32.6324,2.55
1616,0.3,32.6714,2.55
1616,0.4,32.726,2.55
1616,0.5,32.7963,2.5499
1616,0.6,32.8823,2.5497
1616,0.7,32.984,2.5493
1616,0.8,33.1014,2.5484
1616,0.9,33.2345,2.5464
1616,1,33.3835,2.5424
1616,1.1,33.5484,2.5349
1616,1.2,33.7292,2.5214
1616,1.3,33.9258,2.4984
1616,1.4,34.1385,2.461
1616,1.5,34.367,2.4032
1616,1.6,34.6113,2.3182
1616,1.7,34.8712,2.1984
1616,1.8,35.1464,2.0363
1616,1.9,35.4365,1.824
1616,2,35.741,1.5511
1617,0,32.6065,2.55
1617,0.1,32.6143,2.55
1617,0.2,32.6377,2.55
1617,0.3,32.6767,2.55
1617,0.4,32.7313,2.55
1617,0.5,32.8016,2.5499
1617,0.6,32.8876,2.5497
1617,0.7,32.9893,2.5493
1617,0.8,33.1067,2.5483
1617,0.9,33.2399,2.5464
1617,1,33.3889,2.5424
1617,1.1,33.5537,2.5349
1617,1.2,33.7345,2.5214
1617,1.3,33.9312,2.4983
1617,1.4,34.1438,2.4609
1617,1.5,34.3723,2.4031
1617,1.6,34.6166,2.318
1617,1.7,34.8764,2.1982
1617,1.8,35.1515,2.0361
1617,1.9,35.4416,1.8237
1617,2,35.746,1.5509
1618,0,32.6117,2.55
1618,0.1,32.6195,2.55
1618,0.2,32.6429,2.55
1618,0.3,32.682,2.55
1618,0.4,32.7366,2.55
1618,0.5,32.8069,2.5499
1618,0.6,32.8929,2.5497
1618,0.7,32.9946,2.5493
1618,0.8,33.112,2.5483
1618,0.9,33.2452,2.5464
1618,1,33.3942,2.5424
1618,1.1,33.5591,2.5349
1618,1.2,33.7398,2.5213
1618,1.3,33.9365,2.4982
1618,1.4,34.1491,2.4607
1618,1.5,34.3776,2.4029
1618,1.6,34.6218,2.3178
1618,1.7,34.8816,2.198
1618,1.8,35.1567,2.0359
1618,1.9,35.4466,1.8235
1618,2,35.7509,1.5507
1619,0,32.617,2.55
1619,0.1,32.6248,2.55
1619,0.2,32.6482,2.55
1619,0.3,32.6872,2.55
1619,0.4,32.7419,2.55
1619,0.5,32.8122,2.5499
1619,0.6,32.8982,2.5497
1619,0.7,32.9999,2.5493
1619,0.8,33.1173,2.5483
1619,0.9,33.2505,2.5463
1619,1,33.3995,2.5424
1619,1.1,33.5644,2.5348
1619,1.2,33.7452,2.5213
1619,1.3,33.9419,2.4981
1619,1.4,34.1545,2.4606
1619,1.5,34.3829,2.4028
1619,1.6,34.6271,2.3176
1619,1.7,34.8869,2.1978
1619,1.8,35.1619,2.0356
1619,1.9,35.4517,1.8232
1619,2,35.7558,1.5504
1620,0,32.6223,2.55
1620,0.1,32.6301,2.55
1620,0.2,32.6535,2.55
1620,0.3,32.6925,2.55
1620,0.4,32.7472,2.55
1620,0.5,32.8175,2.5499
1620,0.6,32.9035,2.5497
1620,0.7,33.0052,2.5493
1620,0.8,33.1226,2.5483
1620,0.9,33.2558,2.5463
1620,1,33.4048,2.5424
1620,1.1,33.5697,2.5348
1620,1.2,33.7505,2.5212
1620,1.3,33.9472,2.4981
1620,1.4,34.1598,2.4605
1620,1.5,34.3883,2.4026
1620,1.6,34.6324,2.3174
1620,1.7,34.8921,2.1976
1620,1.8,35.167,2.0354
1620,1.9,35.4568,1.823
1620,2,35.7608,1.5502
1621,0,32.6275,2.55
1621,0.1,32.6353,2.55
1621,0.2,32.6588,2.55
1621,0.3,32.6978,2.55
1621,0.4,32.7524,2.55
1621,0.5,32.8228,2.5499
1621,0.6,32.9088,2.5497
1621,0.7,33.0105,2.5493
1621,0.8,33.1279,2.5483
1621,0.9,33.2611,2.5463
1621,1,33.4102,2.5423
1621,1.1,33.5751,2.5348
1621,1.2,33.7559,2.5212
1621,1.3,33.9526,2.498
1621,1.4,34.1652,2.4604
1621,1.5,34.3936,2.4025
1621,1.6,34.6377,2.3172
1621,1.7,34.8973,2.1973
1621,1.8,35.1722,2.0352
1621,1.9,35.4618,1.8227
1621,2,35.7657,1.55
1622,0,32.6328,2.55
1622,0.1,32.6406,2.55
1622,0.2,32.664,2.55
1622,0.3,32.7031,2.55
1622,0.4,32.7577,2.55
1622,0.5,32.828,2.5499
1622,0.6,32.914,2.5497
1622,0.7,33.0158,2.5493
1622,0.8,33.1332,2.5483
1622,0.9,33.2664,2.5463
1622,1,33.4155,2.5423
1622,1.1,33.5804,2.5347
1622,1.2,33.7612,2.5211
1622,1.3,33.9579,2.4979
1622,1.4,34.1705,2.4603
1622,1.5,34.3989,2.4023
1622,1.6,34.643,2.3171
1622,1.7,34.9026,2.1971
1622,1.8,35.1773,2.0349
1622,1.9,35.4669,1.8225
1622,2,35.7708,1.5497
1623,0,32.6381,2.55
1623,0.1,32.6459,2.55
1623,0.2,32.6693,2.55
1623,0.3,32.7083,2.55
1623,0.4,32.763,2.55
1623,0.5,32.8333,2.5499
1623,0.6,32.9193,2.5497
1623,0.7,33.0211,2.5493
1623,0.8,33.1385,2.5483
1623,0.9,33.2718,2.5463
1623,1,33.4208,2.5423
1623,1.1,33.5858,2.5347
1623,1.2,33.7666,2.5211
1623,1.3,33.9633,2.4978
1623,1.4,34.1758,2.4602
1623,1.5,34.4042,2.4022
1623,1.6,34.6483,2.3169
1623,1.7,34.9078,2.1969
1623,1.8,35.1825,2.0347
1623,1.9,35.4719,1.8223
1623,2,35.7759,1.5495
1624,0,32.6434,2.55
1624,0.1,32.6512,2.55
1624,0.2,32.6746,2.55
1624,0.3,32.7136,2.55
1624,0.4,32.7683,2.55
1624,0.5,32.8386,2.5499
1624,0.6,32.9246,2.5497
1624,0.7,33.0264,2.5493
1624,0.8,33.1438,2.5483
1624,0.9,33.2771,2.5463
1624,1,33.4262,2.5423
1624,1.1,33.5911,2.5347
1624,1.2,33.7719,2.521
1624,1.3,33.9686,2.4977
1624,1.4,34.1811,2.4601
1624,1.5,34.4095,2.402
1624,1.6,34.6535,2.3167
1624,1.7,34.913,2.1967
1624,1.8,35.1876,2.0344
1624,1.9,35.477,1.822
1624,2,35.781,1.5493
1625,0,32.6486,2.55
1625,0.1,32.6564,2.55
1625,0.2,32.6798,2.55
1625,0.3,32.7189,2.55
1625,0.4,32.7736,2.55
1625,0.5,32.8439,2.5499
1625,0.6,32.9299,2.5497
1625,0.7,33.0317,2.5493
1625,0.8,33.1491,2.5483
1625,0.9,33.2824,2.5463
1625,1,33.4315,2.5423
1625,1.1,33.5964,2.5346
1625,1.2,33.7772,2.521
1625,1.3,33.9739,2.4977
1625,1.4,34.1865,2.4599
1625,1.5,34.4148,2.4019
1625,1.6,34.6588,2.3165
1625,1.7,34.9182,2.1965
1625,1.8,35.1927,2.0342
1625,1.9,35.4821,1.8218
1625,2,35.7861,1.549
1626,0,32.6539,2.55
1626,0.1,32.6617,2.55
1626,0.2,32.6851,2.55
1626,0.3,32.7242,2.55
1626,0.4,32.7789,2.55
1626,0.5,32.8492,2.5499
1626,0.6,32.9352,2.5497
1626,0.7,33.037,2.5493
1626,0.8,33.1545,2.5483
1626,0.9,33.2877,2.5463
1626,1,33.4368,2.5422
1626,1.1,33.6018,2.5346
1626,1.2,33.7826,2.5209
1626,1.3,33.9793,2.4976
1626,1.4,34.1918,2.4598
1626,1.5,34.4201,2.4017
1626,1.6,34.664,2.3163
1626,1.7,34.9234,2.1963
1626,1.8,35.1979,2.034
1626,1.9,35.4872,1.8215
1626,2,35.7913,1.5488
1627,0,32.6592,2.55
1627,0.1,32.667,2.55
1627,0.2,32.6904,2.55
1627,0.3,32.7294,2.55
1627,0.4,32.7841,2.55
1627,0.5,32.8545,2.5499
1627,0.6,32.9405,2.5497
1627,0.7,33.0423,2.5493
1627,0.8,33.1598,2.5483
1627,0.9,33.293,2.5463
1627,1,33.4421,2.5422
1627,1.1,33.6071,2.5346
1627,1.2,33.7879,2.5209
1627,1.3,33.9846,2.4975
1627,1.4,34.1971,2.4597
1627,1.5,34.4254,2.4016
1627,1.6,34.6693,2.3161
1627,1.7,34.9286,2.196
1627,1.8,35.203,2.0337
1627,1.9,35.4923,1.8213
1627,2,35.7964,1.5486
1628,0,32.6644,2.55
1628,0.1,32.6722,2.55
1628,0.2,32.6957,2.55
1628,0.3,32.7347,2.55
1628,0.4,32.7894,2.55
1628,0.5,32.8598,2.5499
1628,0.6,32.9458,2.5497
1628,0.7,33.0476,2.5492
1628,0.8,33.1651,2.5483
1628,0.9,33.2984,2.5462
1628,1,33.4475,2.5422
1628,1.1,33.6124,2.5345
1628,1.2,33.7932,2.5208
1628,1.3,33.9899,2.4974
1628,1.4,34.2024,2.4596
1628,1.5,34.4307,2.4014
1628,1.6,34.6746,2.3159
1628,1.7,34.9338,2.1958
1628,1.8,35.2082,2.0335
1628,1.9,35.4975,1.821
1628,2,35.8016,1.5483
1629,0,32.6697,2.55
1629,0.1,32.6775,2.55
1629,0.2,32.7009,2.55
1629,0.3,32.74,2.55
1629,0.4,32.7947,2.55
1629,0.5,32.8651,2.5499
1629,0.6,32.9511,2.5497
1629,0.7,33.0529,2.5492
1629,0.8,33.1704,2.5483
1629,0.9,33.3037,2.5462
1629,1,33.4528,2.5422
1629,1.1,33.6178,2.5345
1629,1.2,33.7986,2.5207
1629,1.3,33.9953,2.4973
1629,1.4,34.2078,2.4595
1629,1.5,34.436,2.4013
1629,1.6,34.6798,2.3157
1629,1.7,34.939,2.1956
1629,1.8,35.2134,2.0332
1629,1.9,35.5026,1.8208
1629,2,35.8068,1.5481
1630,0,32.675,2.55
1630,0.1,32.6828,2.55
1630,0.2,32.7062,2.55
1630,0.3,32.7453,2.55
1630,0.4,32.8,2.55
1630,0.5,32.8704,2.5499
1630,0.6,32.9564,2.5497
1630,0.7,33.0582,2.5492
1630,0.8,33.1757,2.5483
1630,0.9,33.309,2.5462
1630,1,33.4581,2.5422
1630,1.1,33.6231,2.5345
1630,1.2,33.8039,2.5207
1630,1.3,34.0006,2.4973
1630,1.4,34.2131,2.4594
1630,1.5,34.4413,2.4011
1630,1.6,34.6851,2.3156
1630,1.7,34.9442,2.1954
1630,1.8,35.2185,2.033
1630,1.9,35.5078,1.8206
1630,2,35.812,1.5479
1631,0,32.6803,2.55
1631,0.1,32.6881,2.55
1631,0.2,32.7115,2.55
1631,0.3,32.7506,2.55
1631,0.4,32.8053,2.55
1631,0.5,32.8756,2.5499
1631,0.6,32.9617,2.5497
1631,0.7,33.0635,2.5492
1631,0.8,33.181,2.5483
1631,0.9,33.3143,2.5462
1631,1,33.4635,2.5421
1631,1.1,33.6284,2.5344
1631,1.2,33.8092,2.5206
1631,1.3,34.0059,2.4972
1631,1.4,34.2184,2.4593
1631,1.5,34.4466,2.4009
1631,1.6,34.6903,2.3154
1631,1.7,34.9494,2.1952
1631,1.8,35.2237,2.0328
1631,1.9,35.5129,1.8203
1631,2,35.8172,1.5477
1632,0,32.6855,2.55
1632,0.1,32.6933,2.55
1632,0.2,32.7168,2.55
1632,0.3,32.7558,2.55
1632,0.4,32.8106,2.55
1632,0.5,32.8809,2.5499
1632,0.6,32.967,2.5497
1632,0.7,33.0688,2.5492
1632,0.8,33.1863,2.5483
1632,0.9,33.3196,2.5462
1632,1,33.4688,2.5421
1632,1.1,33.6338,2.5344
1632,1.2,33.8146,2.5206
1632,1.3,34.0112,2.4971
1632,1.4,34.2237,2.4591
1632,1.5,34.4519,2.4008
1632,1.6,34.6956,2.3152
1632,1.7,34.9546,2.1949
1632,1.8,35.2289,2.0325
1632,1.9,35.5181,1.8201
1632,2,35.8224,1.5474
1633,0,32.6908,2.55
1633,0.1,32.6986,2.55
1633,0.2,32.7221,2.55
1633,0.3,32.7611,2.55
1633,0.4,32.8158,2.5499
1633,0.5,32.8862,2.5499
1633,0.6,32.9723,2.5497
1633,0.7,33.0741,2.5492
1633,0.8,33.1916,2.5483
1633,0.9,33.325,2.5462
1633,1,33.4741,2.5421
1633,1.1,33.6391,2.5344
1633,1.2,33.8199,2.5205
1633,1.3,34.0166,2.497
1633,1.4,34.229,2.459
1633,1.5,34.4571,2.4006
1633,1.6,34.7008,2.315
1633,1.7,34.9598,2.1947
1633,1.8,35.234,2.0323
1633,1.9,35.5233,1.8198
1633,2,35.8277,1.5472
1634,0,32.6961,2.55
1634,0.1,32.7039,2.55
1634,0.2,32.7273,2.55
1634,0.3,32.7664,2.55
1634,0.4,32.8211,2.5499
1634,0.5,32.8915,2.5499
1634,0.6,32.9776,2.5497
1634,0.7,33.0794,2.5492
1634,0.8,33.197,2.5482
1634,0.9,33.3303,2.5462
1634,1,33.4794,2.5421
1634,1.1,33.6444,2.5343
1634,1.2,33.8252,2.5205
1634,1.3,34.0219,2.4969
1634,1.4,34.2343,2.4589
1634,1.5,34.4624,2.4005
1634,1.6,34.7061,2.3148
1634,1.7,34.9651,2.1945
1634,1.8,35.2392,2.032
1634,1.9,35.5285,1.8196
1634,2,35.8329,1.547
1635,0,32.7014,2.55
1635,0.1,32.7092,2.55
1635,0.2,32.7326,2.55
1635,0.3,32.7717,2.55
1635,0.4,32.8264,2.5499
1635,0.5,32.8968,2.5499
1635,0.6,32.9829,2.5497
1635,0.7,33.0847,2.5492
1635,0.8,33.2023,2.5482
1635,0.9,33.3356,2.5462
1635,1,33.4848,2.5421
1635,1.1,33.6497,2.5343
1635,1.2,33.8306,2.5204
1635,1.3,34.0272,2.4968
1635,1.4,34.2396,2.4588
1635,1.5,34.4677,2.4003
1635,1.6,34.7113,2.3146
1635,1.7,34.9703,2.1943
1635,1.8,35.2444,2.0318
1635,1.9,35.5337,1.8193
1635,2,35.8382,1.5467
1636,0,32.7066,2.55
1636,0.1,32.7145,2.55
1636,0.2,32.7379,2.55
1636,0.3,32.777,2.55
1636,0.4,32.8317,2.5499
1636,0.5,32.9021,2.5499
1636,0.6,32.9882,2.5497
1636,0.7,33.09,2.5492
1636,0.8,33.2076,2.5482
1636,0.9,33.3409,2.5462
1636,1,33.4901,2.542
1636,1.1,33.6551,2.5343
1636,1.2,33.8359,2.5204
1636,1.3,34.0325,2.4968
1636,1.4,34.2449,2.4587
1636,1.5,34.473,2.4002
1636,1.6,34.7165,2.3144
1636,1.7,34.9755,2.1941
1636,1.8,35.2496,2.0316
1636,1.9,35.5389,1.8191
1636,2,35.8434,1.5465
1637,0,32.7119,2.55
1637,0.1,32.7197,2.55
1637,0.2,32.7432,2.55
1637,0.3,32.7823,2.55
1637,0.4,32.837,2.5499
1637,0.5,32.9074,2.5499
1637,0.6,32.9935,2.5497
1637,0.7,33.0953,2.5492
1637,0.8,33.2129,2.5482
1637,0.9,33.3462,2.5461
1637,1,33.4954,2.542
1637,1.1,33.6604,2.5342
1637,1.2,33.8412,2.5203
1637,1.3,34.0378,2.4967
1637,1.4,34.2502,2.4586
1637,1.5,34.4782,2.4
1637,1.6,34.7218,2.3143
1637,1.7,34.9807,2.1939
1637,1.8,35.2548,2.0313
1637,1.9,35.5441,1.8189
1637,2,35.8487,1.5463
1638,0,32.7172,2.55
1638,0.1,32.725,2.55
1638,0.2,32.7485,2.55
1638,0.3,32.7875,2.55
1638,0.4,32.8423,2.5499
1638,0.5,32.9127,2.5499
1638,0.6,32.9988,2.5497
1638,0.7,33.1006,2.5492
1638,0.8,33.2182,2.5482
1638,0.9,33.3516,2.5461
1638,1,33.5007,2.542
1638,1.1,33.6657,2.5342
1638,1.2,33.8465,2.5203
1638,1.3,34.0432,2.4966
1638,1.4,34.2555,2.4585
1638,1.5,34.4835,2.3999
1638,1.6,34.727,2.3141
1638,1.7,34.9859,2.1936
1638,1.8,35.26,2.0311
1638,1.9,35.5493,1.8186
1638,2,35.854,1.546
1639,0,32.7225,2.55
1639,0.1,32.7303,2.55
1639,0.2,32.7537,2.55
1639,0.3,32.7928,2.55
1639,0.4,32.8476,2.5499
1639,0.5,32.918,2.5499
1639,0.6,33.0041,2.5497
1639,0.7,33.1059,2.5492
1639,0.8,33.2235,2.5482
1639,0.9,33.3569,2.5461
1639,1,33.5061,2.542
1639,1.1,33.6711,2.5342
1639,1.2,33.8519,2.5202
1639,1.3,34.0485,2.4965
1639,1.4,34.2608,2.4583
1639,1.5,34.4888,2.3997
1639,1.6,34.7323,2.3139
1639,1.7,34.9911,2.1934
1639,1.8,35.2652,2.0309
1639,1.9,35.5546,1.8184
1639,2,35.8593,1.5458
1640,0,32.7278,2.55
1640,0.1,32.7356,2.55
1640,0.2,32.759,2.55
1640,0.3,32.7981,2.55
1640,0.4,32.8529,2.5499
1640,0.5,32.9233,2.5499
1640,0.6,33.0094,2.5497
1640,0.7,33.1112,2.5492
1640,0.8,33.2288,2.5482
1640,0.9,33.3622,2.5461
1640,1,33.5114,2.542
1640,1.1,33.6764,2.5341
1640,1.2,33.8572,2.5201
1640,1.3,34.0538,2.4964
1640,1.4,34.2661,2.4582
1640,1.5,34.4941,2.3996
1640,1.6,34.7375,2.3137
1640,1.7,34.9964,2.1932
1640,1.8,35.2704,2.0306
1640,1.9,35.5598,1.8181
1640,2,35.8646,1.5456
1641,0,32.733,2.55
1641,0.1,32.7408,2.55
1641,0.2,32.7643,2.55
1641,0.3,32.8034,2.55
1641,0.4,32.8581,2.5499
1641,0.5,32.9286,2.5499
1641,0.6,33.0147,2.5497
1641,0.7,33.1165,2.5492
1641,0.8,33.2341,2.5482
1641,0.9,33.3675,2.5461
1641,1,33.5167,2.5419
1641,1.1,33.6817,2.5341
1641,1.2,33.8625,2.5201
1641,1.3,34.0591,2.4964
1641,1.4,34.2714,2.4581
1641,1.5,34.4993,2.3994
1641,1.6,34.7428,2.3135
1641,1.7,35.0016,2.193
1641,1.8,35.2757,2.0304
1641,1.9,35.565,1.8179
1641,2,35.8699,1.5454
1642,0,32.7383,2.55
1642,0.1,32.7461,2.55
1642,0.2,32.7696,2.55
1642,0.3,32.8087,2.55
1642,0.4,32.8634,2.5499
1642,0.5,32.9339,2.5499
1642,0.6,33.02,2.5497
1642,0.7,33.1218,2.5492
1642,0.8,33.2395,2.5482
1642,0.9,33.3728,2.5461
1642,1,33.522,2.5419
1642,1.1,33.687,2.5341
1642,1.2,33.8678,2.52
1642,1.3,34.0644,2.4963
1642,1.4,34.2767,2.458
1642,1.5,34.5046,2.3993
1642,1.6,34.748,2.3133
1642,1.7,35.0068,2.1928
1642,1.8,35.2809,2.0301
1642,1.9,35.5703,1.8176
1642,2,35.8752,1.5451
1643,0,32.7436,2.55
1643,0.1,32.7514,2.55
1643,0.2,32.7749,2.55
1643,0.3,32.814,2.55
1643,0.4,32.8687,2.5499
1643,0.5,32.9392,2.5499
1643,0.6,33.0253,2.5497
1643,0.7,33.1272,2.5492
1643,0.8,33.2448,2.5482
1643,0.9,33.3782,2.5461
1643,1,33.5274,2.5419
1643,1.1,33.6923,2.534
1643,1.2,33.8731,2.52
1643,1.3,34.0697,2.4962
1643,1.4,34.282,2.4579
1643,1.5,34.5099,2.3991
1643,1.6,34.7533,2.3131
1643,1.7,35.012,2.1925
1643,1.8,35.2861,2.0299
1643,1.9,35.5756,1.8174
1643,2,35.8805,1.5449
1644,0,32.7489,2.55
1644,0.1,32.7567,2.55
1644,0.2,32.7801,2.55
1644,0.3,32.8192,2.55
1644,0.4,32.874,2.5499
1644,0.5,32.9445,2.5499
1644,0.6,33.0306,2.5497
1644,0.7,33.1325,2.5492
1644,0.8,33.2501,2.5482
1644,0.9,33.3835,2.5461
1644,1,33.5327,2.5419
1644,1.1,33.6977,2.534
1644,1.2,33.8785,2.5199
1644,1.3,34.075,2.4961
1644,1.4,34.2873,2.4578
1644,1.5,34.5151,2.399
1644,1.6,34.7585,2.3129
1644,1.7,35.0173,2.1923
1644,1.8,35.2914,2.0297
1644,1.9,35.5808,1.8172
1644,2,35.8858,1.5447
1645,0,32.7541,2.55
1645,0.1,32.762,2.55
1645,0.2,32.7854,2.55
1645,0.3,32.8245,2.55
1645,0.4,32.8793,2.5499
1645,0.5,32.9497,2.5499
1645,0.6,33.0359,2.5497
1645,0.7,33.1378,2.5492
1645,0.8,33.2554,2.5482
1645,0.9,33.3888,2.5461
1645,1,33.538,2.5419
1645,1.1,33.703,2.534
1645,1.2,33.8838,2.5199
1645,1.3,34.0803,2.496
1645,1.4,34.2926,2.4577
1645,1.5,34.5204,2.3988
1645,1.6,34.7638,2.3128
1645,1.7,35.0225,2.1921
1645,1.8,35.2966,2.0294
1645,1.9,35.5861,1.8169
1645,2,35.8911,1.5444
1646,0,32.7594,2.55
1646,0.1,32.7672,2.55
1646,0.2,32.7907,2.55
1646,0.3,32.8298,2.55
1646,0.4,32.8846,2.5499
1646,0.5,32.955,2.5499
1646,0.6,33.0412,2.5497
1646,0.7,33.1431,2.5492
1646,0.8,33.2607,2.5482
1646,0.9,33.3941,2.546
1646,1,33.5433,2.5418
1646,1.1,33.7083,2.5339
1646,1.2,33.8891,2.5198
1646,1.3,34.0856,2.496
1646,1.4,34.2979,2.4576
1646,1.5,34.5257,2.3987
1646,1.6,34.769,2.3126
1646,1.7,35.0277,2.1919
1646,1.8,35.3018,2.0292
1646,1.9,35.5914,1.8167
1646,2,35.8965,1.5442
1647,0,32.7647,2.55
1647,0.1,32.7725,2.55
1647,0.2,32.796,2.55
1647,0.3,32.8351,2.55
1647,0.4,32.8899,2.5499
1647,0.5,32.9603,2.5499
1647,0.6,33.0465,2.5497
1647,0.7,33.1484,2.5492
1647,0.8,33.266,2.5482
1647,0.9,33.3994,2.546
1647,1,33.5486,2.5418
1647,1.1,33.7136,2.5339
1647,1.2,33.8944,2.5198
1647,1.3,34.0909,2.4959
1647,1.4,34.3031,2.4574
1647,1.5,34.531,2.3985
1647,1.6,34.7743,2.3124
1647,1.7,35.033,2.1917
1647,1.8,35.3071,2.029
1647,1.9,35.5966,1.8164
1647,2,35.9018,1.544
1648,0,32.77,2.55
1648,0.1,32.7778,2.55
1648,0.2,32.8013,2.55
1648,0.3,32.8404,2.55
1648,0.4,32.8952,2.5499
1648,0.5,32.9656,2.5499
1648,0.6,33.0518,2.5497
1648,0.7,33.1537,2.5492
1648,0.8,33.2713,2.5482
1648,0.9,33.4048,2.546
1648,1,33.554,2.5418
1648,1.1,33.719,2.5338
1648,1.2,33.8997,2.5197
1648,1.3,34.0962,2.4958
1648,1.4,34.3084,2.4573
1648,1.5,34.5362,2.3984
1648,1.6,34.7795,2.3122
1648,1.7,35.0382,2.1915
1648,1.8,35.3123,2.0287
1648,1.9,35.6019,1.8162
1648,2,35.9071,1.5438
1649,0,32.7753,2.55
1649,0.1,32.7831,2.55
1649,0.2,32.8066,2.55
1649,0.3,32.8457,2.55
1649,0.4,32.9005,2.5499
1649,0.5,32.9709,2.5499
1649,0.6,33.0571,2.5497
1649,0.7,33.159,2.5492
1649,0.8,33.2766,2.5482
1649,0.9,33.4101,2.546
1649,1,33.5593,2.5418
1649,1.1,33.7243,2.5338
1649,1.2,33.905,2.5197
1649,1.3,34.1015,2.4957
1649,1.4,34.3137,2.4572
1649,1.5,34.5415,2.3982
1649,1.6,34.7848,2.312
1649,1.7,35.0435,2.1912
1649,1.8,35.3176,2.0285
1649,1.9,35.6072,1.8159
1649,2,35.9125,1.5435
1650,0,32.7806,2.55
1650,0.1,32.7884,2.55
1650,0.2,32.8118,2.55
1650,0.3,32.851,2.55
1650,0.4,32.9058,2.5499
1650,0.5,32.9762,2.5499
1650,0.6,33.0624,2.5497
1650,0.7,33.1643,2.5492
1650,0.8,33.282,2.5481
1650,0.9,33.4154,2.546
1650,1,33.5646,2.5417
1650,1.1,33.7296,2.5338
1650,1.2,33.9103,2.5196
1650,1.3,34.1068,2.4956
1650,1.4,34.319,2.4571
1650,1.5,34.5468,2.3981
1650,1.6,34.79,2.3118
1650,1.7,35.0487,2.191
1650,1.8,35.3228,2.0282
1650,1.9,35.6125,1.8157
1650,2,35.9178,1.5433
1651,0,32.7858,2.55
1651,0.1,32.7937,2.55
1651,0.2,32.8171,2.55
1651,0.3,32.8563,2.55
1651,0.4,32.911,2.5499
1651,0.5,32.9815,2.5499
1651,0.6,33.0677,2.5497
1651,0.7,33.1696,2.5492
1651,0.8,33.2873,2.5481
1651,0.9,33.4207,2.546
1651,1,33.5699,2.5417
1651,1.1,33.7349,2.5337
1651,1.2,33.9157,2.5195
1651,1.3,34.1121,2.4955
1651,1.4,34.3243,2.457
1651,1.5,34.552,2.3979
1651,1.6,34.7953,2.3116
1651,1.7,35.054,2.1908
1651,1.8,35.3281,2.028
1651,1.9,35.6178,1.8155
1651,2,35.9232,1.5431
1652,0,32.7911,2.55
1652,0.1,32.7989,2.55
1652,0.2,32.8224,2.55
1652,0.3,32.8615,2.55
1652,0.4,32.9163,2.5499
1652,0.5,32.9868,2.5499
1652,0.6,33.073,2.5497
1652,0.7,33.1749,2.5492
1652,0.8,33.2926,2.5481
1652,0.9,33.426,2.546
1652,1,33.5752,2.5417
1652,1.1,33.7402,2.5337
1652,1.2,33.921,2.5195
1652,1.3,34.1174,2.4955
1652,1.4,34.3296,2.4569
1652,1.5,34.5573,2.3978
1652,1.6,34.8005,2.3115
1652,1.7,35.0592,2.1906
1652,1.8,35.3334,2.0278
1652,1.9,35.6231,1.8152
1652,2,35.9286,1.5428
1653,0,32.7964,2.55
1653,0.1,32.8042,2.55
1653,0.2,32.8277,2.55
1653,0.3,32.8668,2.55
1653,0.4,32.9216,2.5499
1653,0.5,32.9921,2.5499
1653,0.6,33.0783,2.5496
1653,0.7,33.1802,2.5492
1653,0.8,33.2979,2.5481
1653,0.9,33.4313,2.546
1653,1,33.5805,2.5417
1653,1.1,33.7455,2.5337
1653,1.2,33.9263,2.5194
1653,1.3,34.1227,2.4954
1653,1.4,34.3349,2.4567
1653,1.5,34.5626,2.3976
1653,1.6,34.8058,2.3113
1653,1.7,35.0645,2.1904
1653,1.8,35.3387,2.0275
1653,1.9,35.6284,1.815
1653,2,35.9339,1.5426
1654,0,32.8017,2.55
1654,0.1,32.8095,2.55
1654,0.2,32.833,2.55
1654,0.3,32.8721,2.55
1654,0.4,32.9269,2.5499
1654,0.5,32.9974,2.5499
1654,0.6,33.0836,2.5496
1654,0.7,33.1855,2.5492
1654,0.8,33.3032,2.5481
1654,0.9,33.4366,2.5459
1654,1,33.5859,2.5417
1654,1.1,33.7508,2.5336
1654,1.2,33.9316,2.5194
1654,1.3,34.128,2.4953
1654,1.4,34.3401,2.4566
1654,1.5,34.5678,2.3975
1654,1.6,34.8111,2.3111
1654,1.7,35.0697,2.1902
1654,1.8,35.3439,2.0273
1654,1.9,35.6337,1.8147
1654,2,35.9393,1.5424
1655,0,32.807,2.55
1655,0.1,32.8148,2.55
1655,0.2,32.8383,2.55
1655,0.3,32.8774,2.55
1655,0.4,32.9322,2.5499
1655,0.5,33.0027,2.5499
1655,0.6,33.0889,2.5496
1655,0.7,33.1908,2.5492
1655,0.8,33.3085,2.5481
1655,0.9,33.442,2.5459
1655,1,33.5912,2.5416
1655,1.1,33.7562,2.5336
1655,1.2,33.9369,2.5193
1655,1.3,34.1333,2.4952
1655,1.4,34.3454,2.4565
1655,1.5,34.5731,2.3973
1655,1.6,34.8163,2.3109
1655,1.7,35.075,2.1899
1655,1.8,35.3492,2.0271
1655,1.9,35.639,1.8145
1655,2,35.9447,1.5422
1656,0,32.8123,2.55
1656,0.1,32.8201,2.55
1656,0.2,32.8436,2.55
1656,0.3,32.8827,2.55
1656,0.4,32.9375,2.5499
1656,0.5,33.008,2.5499
1656,0.6,33.0942,2.5496
1656,0.7,33.1962,2.5492
1656,0.8,33.3138,2.5481
1656,0.9,33.4473,2.5459
1656,1,33.5965,2.5416
1656,1.1,33.7615,2.5336
1656,1.2,33.9422,2.5193
1656,1.3,34.1386,2.4951
1656,1.4,34.3507,2.4564
1656,1.5,34.5784,2.3972
1656,1.6,34.8216,2.3107
1656,1.7,35.0803,2.1897
1656,1.8,35.3545,2.0268
1656,1.9,35.6443,1.8143
1656,2,35.95,1.5419
1657,0,32.8175,2.55
1657,0.1,32.8254,2.55
1657,0.2,32.8489,2.55
1657,0.3,32.888,2.55
1657,0.4,32.9428,2.5499
1657,0.5,33.0133,2.5499
1657,0.6,33.0995,2.5496
1657,0.7,33.2015,2.5492
1657,0.8,33.3191,2.5481
1657,0.9,33.4526,2.5459
1657,1,33.6018,2.5416
1657,1.1,33.7668,2.5335
1657,1.2,33.9475,2.5192
1657,1.3,34.1439,2.4951
1657,1.4,34.356,2.4563
1657,1.5,34.5837,2.397
1657,1.6,34.8268,2.3105
1657,1.7,35.0855,2.1895
1657,1.8,35.3598,2.0266
1657,1.9,35.6497,1.814
1657,2,35.9554,1.5417
1658,0,32.8228,2.55
1658,0.1,32.8307,2.55
1658,0.2,32.8541,2.55
1658,0.3,32.8933,2.55
1658,0.4,32.9481,2.5499
1658,0.5,33.0186,2.5499
1658,0.6,33.1048,2.5496
1658,0.7,33.2068,2.5492
1658,0.8,33.3245,2.5481
1658,0.9,33.4579,2.5459
1658,1,33.6071,2.5416
1658,1.1,33.7721,2.5335
1658,1.2,33.9528,2.5192
1658,1.3,34.1492,2.495
1658,1.4,34.3613,2.4562
1658,1.5,34.5889,2.3969
1658,1.6,34.8321,2.3103
1658,1.7,35.0908,2.1893
1658,1.8,35.3651,2.0264
1658,1.9,35.655,1.8138
1658,2,35.9608,1.5415
1659,0,32.8281,2.55
1659,0.1,32.8359,2.55
1659,0.2,32.8594,2.55
1659,0.3,32.8986,2.55
1659,0.4,32.9534,2.5499
1659,0.5,33.0239,2.5499
1659,0.6,33.1101,2.5496
1659,0.7,33.2121,2.5492
1659,0.8,33.3298,2.5481
1659,0.9,33.4632,2.5459
1659,1,33.6124,2.5416
1659,1.1,33.7774,2.5335
1659,1.2,33.9581,2.5191
1659,1.3,34.1545,2.4949
1659,1.4,34.3666,2.4561
1659,1.5,34.5942,2.3967
1659,1.6,34.8374,2.3101
1659,1.7,35.0961,2.1891
1659,1.8,35.3704,2.0261
1659,1.9,35.6603,1.8135
1659,2,35.9662,1.5413
1660,0,32.8334,2.55
1660,0.1,32.8412,2.55
1660,0.2,32.8647,2.55
1660,0.3,32.9039,2.55
1660,0.4,32.9587,2.5499
1660,0.5,33.0292,2.5499
1660,0.6,33.1154,2.5496
1660,0.7,33.2174,2.5491
1660,0.8,33.3351,2.5481
1660,0.9,33.4685,2.5459
1660,1,33.6177,2.5415
1660,1.1,33.7827,2.5334
1660,1.2,33.9634,2.519
1660,1.3,34.1598,2.4948
1660,1.4,34.3718,2.4559
1660,1.5,34.5995,2.3966
1660,1.6,34.8426,2.31
1660,1.7,35.1014,2.1889
1660,1.8,35.3757,2.0259
1660,1.9,35.6657,1.8133
1660,2,35.9716,1.541
1661,0,32.8387,2.55
1661,0.1,32.8465,2.55
1661,0.2,32.87,2.55
1661,0.3,32.9092,2.55
1661,0.4,32.964,2.5499
1661,0.5,33.0345,2.5499
1661,0.6,33.1207,2.5496
1661,0.7,33.2227,2.5491
1661,0.8,33.3404,2.5481
1661,0.9,33.4738,2.5459
1661,1,33.6231,2.5415
1661,1.1,33.788,2.5334
1661,1.2,33.9687,2.519
1661,1.3,34.1651,2.4947
1661,1.4,34.3771,2.4558
1661,1.5,34.6048,2.3964
1661,1.6,34.8479,2.3098
1661,1.7,35.1066,2.1886
1661,1.8,35.381,2.0256
1661,1.9,35.671,1.8131
1661,2,35.977,1.5408
1662,0,32.844,2.55
1662,0.1,32.8518,2.55
1662,0.2,32.8753,2.55
1662,0.3,32.9144,2.55
1662,0.4,32.9693,2.5499
1662,0.5,33.0398,2.5499
1662,0.6,33.126,2.5496
1662,0.7,33.228,2.5491
1662,0.8,33.3457,2.5481
1662,0.9,33.4792,2.5459
1662,1,33.6284,2.5415
1662,1.1,33.7933,2.5334
1662,1.2,33.974,2.5189
1662,1.3,34.1704,2.4946
1662,1.4,34.3824,2.4557
1662,1.5,34.61,2.3963
1662,1.6,34.8532,2.3096
1662,1.7,35.1119,2.1884
1662,1.8,35.3863,2.0254
1662,1.9,35.6763,1.8128
1662,2,35.9824,1.5406
1663,0,32.8493,2.55
1663,0.1,32.8571,2.55
1663,0.2,32.8806,2.55
1663,0.3,32.9197,2.55
1663,0.4,32.9746,2.5499
1663,0.5,33.0451,2.5499
1663,0.6,33.1313,2.5496
1663,0.7,33.2333,2.5491
1663,0.8,33.351,2.5481
1663,0.9,33.4845,2.5458
1663,1,33.6337,2.5415
1663,1.1,33.7986,2.5333
1663,1.2,33.9793,2.5189
1663,1.3,34.1757,2.4946
1663,1.4,34.3877,2.4556
1663,1.5,34.6153,2.3961
1663,1.6,34.8585,2.3094
1663,1.7,35.1172,2.1882
1663,1.8,35.3916,2.0252
1663,1.9,35.6817,1.8126
1663,2,35.9878,1.5403
1664,0,32.8546,2.55
1664,0.1,32.8624,2.55
1664,0.2,32.8859,2.55
1664,0.3,32.925,2.55
1664,0.4,32.9799,2.5499
1664,0.5,33.0504,2.5498
1664,0.6,33.1366,2.5496
1664,0.7,33.2386,2.5491
1664,0.8,33.3563,2.5481
1664,0.9,33.4898,2.5458
1664,1,33.639,2.5415
1664,1.1,33.804,2.5333
1664,1.2,33.9846,2.5188
1664,1.3,34.181,2.4945
1664,1.4,34.393,2.4555
1664,1.5,34.6206,2.396
1664,1.6,34.8637,2.3092
1664,1.7,35.1225,2.188
1664,1.8,35.3969,2.0249
1664,1.9,35.687,1.8123
1664,2,35.9932,1.5401
1665,0,32.8598,2.55
1665,0.1,32.8677,2.55
1665,0.2,32.8912,2.55
1665,0.3,32.9303,2.55
1665,0.4,32.9852,2.5499
1665,0.5,33.0557,2.5498
1665,0.6,33.1419,2.5496
1665,0.7,33.2439,2.5491
1665,0.8,33.3616,2.5481
1665,0.9,33.4951,2.5458
1665,1,33.6443,2.5414
1665,1.1,33.8093,2.5333
1665,1.2,33.9899,2.5188
1665,1.3,34.1863,2.4944
1665,1.4,34.3983,2.4554
1665,1.5,34.6259,2.3958
1665,1.6,34.869,2.309
1665,1.7,35.1278,2.1878
1665,1.8,35.4022,2.0247
1665,1.9,35.6924,1.8121
1665,2,35.9986,1.5399
1666,0,32.8651,2.55
1666,0.1,32.873,2.55
1666,0.2,32.8965,2.55
1666,0.3,32.9356,2.55
1666,0.4,32.9905,2.5499
1666,0.5,33.061,2.5498
1666,0.6,33.1473,2.5496
1666,0.7,33.2492,2.5491
1666,0.8,33.3669,2.548
1666,0.9,33.5004,2.5458
1666,1,33.6496,2.5414
1666,1.1,33.8146,2.5332
1666,1.2,33.9952,2.5187
1666,1.3,34.1916,2.4943
1666,1.4,34.4036,2.4553
1666,1.5,34.6311,2.3957
1666,1.6,34.8743,2.3088
1666,1.7,35.1331,2.1876
1666,1.8,35.4075,2.0245
1666,1.9,35.6977,1.8119
1666,2,36.004,1.5397
1667,0,32.8704,2.55
1667,0.1,32.8783,2.55
1667,0.2,32.9017,2.55
1667,0.3,32.9409,2.55
1667,0.4,32.9958,2.5499
1667,0.5,33.0663,2.5498
1667,0.6,33.1526,2.5496
1667,0.7,33.2545,2.5491
1667,0.8,33.3723,2.548
1667,0.9,33.5057,2.5458
1667,1,33.6549,2.5414
1667,1.1,33.8199,2.5332
1667,1.2,34.0005,2.5187
1667,1.3,34.1969,2.4942
1667,1.4,34.4088,2.4551
1667,1.5,34.6364,2.3955
1667,1.6,34.8796,2.3087
1667,1.7,35.1384,2.1873
1667,1.8,35.4128,2.0242
1667,1.9,35.7031,1.8116
1667,2,36.0095,1.5394
1668,0,32.8757,2.55
1668,0.1,32.8835,2.55
1668,0.2,32.907,2.55
1668,0.3,32.9462,2.55
1668,0.4,33.0011,2.5499
1668,0.5,33.0716,2.5498
1668,0.6,33.1579,2.5496
1668,0.7,33.2598,2.5491
1668,0.8,33.3776,2.548
1668,0.9,33.511,2.5458
1668,1,33.6602,2.5414
1668,1.1,33.8252,2.5331
1668,1.2,34.0058,2.5186
1668,1.3,34.2022,2.4942
1668,1.4,34.4141,2.455
1668,1.5,34.6417,2.3954
1668,1.6,34.8849,2.3085
1668,1.7,35.1437,2.1871
1668,1.8,35.4181,2.024
1668,1.9,35.7085,1.8114
1668,2,36.0149,1.5392
1669,0,32.881,2.55
1669,0.1,32.8888,2.55
1669,0.2,32.9123,2.55
1669,0.3,32.9515,2.55
1669,0.4,33.0064,2.5499
1669,0.5,33.0769,2.5498
1669,0.6,33.1632,2.5496
1669,0.7,33.2652,2.5491
1669,0.8,33.3829,2.548
1669,0.9,33.5163,2.5458
1669,1,33.6655,2.5413
1669,1.1,33.8305,2.5331
1669,1.2,34.0111,2.5185
1669,1.3,34.2075,2.4941
1669,1.4,34.4194,2.4549
1669,1.5,34.647,2.3952
1669,1.6,34.8902,2.3083
1669,1.7,35.149,2.1869
1669,1.8,35.4235,2.0238
1669,1.9,35.7138,1.8111
1669,2,36.0203,1.539
1670,0,32.8863,2.55
1670,0.1,32.8941,2.55
1670,0.2,32.9176,2.55
1670,0.3,32.9568,2.55
1670,0.4,33.0117,2.5499
1670,0.5,33.0822,2.5498
1670,0.6,33.1685,2.5496
1670,0.7,33.2705,2.5491
1670,0.8,33.3882,2.548
1670,0.9,33.5216,2.5458
1670,1,33.6709,2.5413
1670,1.1,33.8358,2.5331
1670,1.2,34.0164,2.5185
1670,1.3,34.2127,2.494
1670,1.4,34.4247,2.4548
1670,1.5,34.6523,2.3951
1670,1.6,34.8954,2.3081
1670,1.7,35.1543,2.1867
1670,1.8,35.4288,2.0235
1670,1.9,35.7192,1.8109
1670,2,36.0257,1.5388
1671,0,32.8916,2.55
1671,0.1,32.8994,2.55
1671,0.2,32.9229,2.55
1671,0.3,32.9621,2.55
1671,0.4,33.0169,2.5499
1671,0.5,33.0875,2.5498
1671,0.6,33.1738,2.5496
1671,0.7,33.2758,2.5491
1671,0.8,33.3935,2.548
1671,0.9,33.527,2.5457
1671,1,33.6762,2.5413
1671,1.1,33.8411,2.533
1671,1.2,34.0217,2.5184
1671,1.3,34.218,2.4939
1671,1.4,34.43,2.4547
1671,1.5,34.6576,2.3949
1671,1.6,34.9007,2.3079
1671,1.7,35.1596,2.1865
1671,1.8,35.4341,2.0233
1671,1.9,35.7246,1.8107
1671,2,36.0312,1.5385
1672,0,32.8969,2.55
1672,0.1,32.9047,2.55
1672,0.2,32.9282,2.55
1672,0.3,32.9674,2.55
1672,0.4,33.0222,2.5499
1672,0.5,33.0928,2.5498
1672,0.6,33.1791,2.5496
1672,0.7,33.2811,2.5491
1672,0.8,33.3988,2.548
1672,0.9,33.5323,2.5457
1672,1,33.6815,2.5413
1672,1.1,33.8464,2.533
1672,1.2,34.027,2.5184
1672,1.3,34.2233,2.4938
1672,1.4,34.4353,2.4546
1672,1.5,34.6628,2.3948
1672,1.6,34.906,2.3077
1672,1.7,35.1649,2.1863
1672,1.8,35.4395,2.0231
1672,1.9,35.73,1.8104
1672,2,36.0366,1.5383
1673,0,32.9022,2.55
1673,0.1,32.91,2.55
1673,0.2,32.9335,2.55
1673,0.3,32.9727,2.55
1673,0.4,33.0275,2.5499
1673,0.5,33.0981,2.5498
1673,0.6,33.1844,2.5496
1673,0.7,33.2864,2.5491
1673,0.8,33.4041,2.548
1673,0.9,33.5376,2.5457
1673,1,33.6868,2.5413
1673,1.1,33.8517,2.533
1673,1.2,34.0323,2.5183
1673,1.3,34.2286,2.4937
1673,1.4,34.4406,2.4545
1673,1.5,34.6681,2.3946
1673,1.6,34.9113,2.3075
1673,1.7,35.1702,2.186
1673,1.8,35.4448,2.0228
1673,1.9,35.7353,1.8102
1673,2,36.042,1.5381
1674,0,32.9075,2.55
1674,0.1,32.9153,2.55
1674,0.2,32.9388,2.55
1674,0.3,32.978,2.55
1674,0.4,33.0328,2.5499
1674,0.5,33.1034,2.5498
1674,0.6,33.1897,2.5496
1674,0.7,33.2917,2.5491
1674,0.8,33.4094,2.548
1674,0.9,33.5429,2.5457
1674,1,33.6921,2.5412
1674,1.1,33.857,2.5329
1674,1.2,34.0376,2.5183
1674,1.3,34.2339,2.4937
1674,1.4,34.4459,2.4543
1674,1.5,34.6734,2.3945
1674,1.6,34.9166,2.3074
1674,1.7,35.1755,2.1858
1674,1.8,35.4501,2.0226
1674,1.9,35.7407,1.81
1674,2,36.0475,1.5379
1675,0,32.9127,2.55
1675,0.1,32.9206,2.55
1675,0.2,32.9441,2.55
1675,0.3,32.9833,2.55
1675,0.4,33.0381,2.5499
1675,0.5,33.1087,2.5498
1675,0.6,33.195,2.5496
1675,0.7,33.297,2.5491
1675,0.8,33.4147,2.548
1675,0.9,33.5482,2.5457
1675,1,33.6974,2.5412
1675,1.1,33.8623,2.5329
1675,1.2,34.0429,2.5182
1675,1.3,34.2392,2.4936
1675,1.4,34.4511,2.4542
1675,1.5,34.6787,2.3943
1675,1.6,34.9219,2.3072
1675,1.7,35.1808,2.1856
1675,1.8,35.4555,2.0224
1675,1.9,35.7461,1.8097
1675,2,36.0529,1.5376
1676,0,32.918,2.55
1676,0.1,32.9259,2.55
1676,0.2,32.9494,2.55
1676,0.3,32.9886,2.55
1676,0.4,33.0434,2.5499
1676,0.5,33.114,2.5498
1676,0.6,33.2003,2.5496
1676,0.7,33.3023,2.5491
1676,0.8,33.42,2.548
1676,0.9,33.5535,2.5457
1676,1,33.7027,2.5412
1676,1.1,33.8676,2.5329
1676,1.2,34.0482,2.5182
1676,1.3,34.2445,2.4935
1676,1.4,34.4564,2.4541
1676,1.5,34.684,2.3942
1676,1.6,34.9272,2.307
1676,1.7,35.1861,2.1854
1676,1.8,35.4608,2.0221
1676,1.9,35.7515,1.8095
1676,2,36.0584,1.5374
1677,0,32.9233,2.55
1677,0.1,32.9312,2.55
1677,0.2,32.9547,2.55
1677,0.3,32.9939,2.55
1677,0.4,33.0487,2.5499
1677,0.5,33.1193,2.5498
1677,0.6,33.2056,2.5496
1677,0.7,33.3076,2.5491
1677,0.8,33.4253,2.548
1677,0.9,33.5588,2.5457
1677,1,33.708,2.5412
1677,1.1,33.8729,2.5328
1677,1.2,34.0535,2.5181
1677,1.3,34.2498,2.4934
1677,1.4,34.4617,2.454
1677,1.5,34.6893,2.394
1677,1.6,34.9325,2.3068
1677,1.7,35.1914,2.1852
1677,1.8,35.4662,2.0219
1677,1.9,35.7569,1.8092
1677,2,36.0638,1.5372
1678,0,32.9286,2.55
1678,0.1,32.9365,2.55
1678,0.2,32.96,2.55
1678,0.3,32.9992,2.55
1678,0.4,33.054,2.5499
1678,0.5,33.1246,2.5498
1678,0.6,33.2109,2.5496
1678,0.7,33.3129,2.5491
1678,0.8,33.4306,2.548
1678,0.9,33.5641,2.5457
1678,1,33.7133,2.5412
1678,1.1,33.8782,2.5328
1678,1.2,34.0588,2.518
1678,1.3,34.2551,2.4933
1678,1.4,34.467,2.4539
1678,1.5,34.6946,2.3939
1678,1.6,34.9378,2.3066
1678,1.7,35.1968,2.185
1678,1.8,35.4715,2.0217
1678,1.9,35.7623,1.809
1678,2,36.0693,1.537
1679,0,32.9339,2.55
1679,0.1,32.9418,2.55
1679,0.2,32.9653,2.55
1679,0.3,33.0045,2.55
1679,0.4,33.0593,2.5499
1679,0.5,33.1299,2.5498
1679,0.6,33.2162,2.5496
1679,0.7,33.3182,2.5491
1679,0.8,33.436,2.548
1679,0.9,33.5694,2.5456
1679,1,33.7186,2.5411
1679,1.1,33.8835,2.5328
1679,1.2,34.0641,2.518
1679,1.3,34.2604,2.4932
1679,1.4,34.4723,2.4538
1679,1.5,34.6999,2.3937
1679,1.6,34.9431,2.3064
1679,1.7,35.2021,2.1848
1679,1.8,35.4769,2.0214
1679,1.9,35.7677,1.8088
1679,2,36.0747,1.5367
1680,0,32.9392,2.55
1680,0.1,32.947,2.55
1680,0.2,32.9706,2.55
1680,0.3,33.0098,2.55
1680,0.4,33.0646,2.5499
1680,0.5,33.1352,2.5498
1680,0.6,33.2215,2.5496
1680,0.7,33.3235,2.5491
1680,0.8,33.4413,2.548
1680,0.9,33.5747,2.5456
1680,1,33.7239,2.5411
1680,1.1,33.8888,2.5327
1680,1.2,34.0694,2.5179
1680,1.3,34.2657,2.4932
1680,1.4,34.4776,2.4537
1680,1.5,34.7052,2.3936
1680,1.6,34.9484,2.3062
1680,1.7,35.2074,2.1845
1680,1.8,35.4822,2.0212
1680,1.9,35.7731,1.8085
1680,2,36.0802,1.5365
1681,0,32.9445,2.55
1681,0.1,32.9523,2.55
1681,0.2,32.9759,2.55
1681,0.3,33.015,2.55
1681,0.4,33.0699,2.5499
1681,0.5,33.1405,2.5498
1681,0.6,33.2268,2.5496
1681,0.7,33.3288,2.5491
1681,0.8,33.4466,2.5479
1681,0.9,33.58,2.5456
1681,1,33.7292,2.5411
1681,1.1,33.8941,2.5327
1681,1.2,34.0747,2.5179
1681,1.3,34.271,2.4931
1681,1.4,34.4829,2.4535
1681,1.5,34.7105,2.3934
1681,1.6,34.9537,2.3061
1681,1.7,35.2127,2.1843
1681,1.8,35.4876,2.0209
1681,1.9,35.7785,1.8083
1681,2,36.0857,1.5363
1682,0,32.9498,2.55
1682,0.1,32.9576,2.55
1682,0.2,32.9811,2.55
1682,0.3,33.0203,2.55
1682,0.4,33.0752,2.5499
1682,0.5,33.1458,2.5498
1682,0.6,33.2321,2.5496
1682,0.7,33.3341,2.5491
1682,0.8,33.4519,2.5479
1682,0.9,33.5853,2.5456
1682,1,33.7345,2.5411
1682,1.1,33.8994,2.5326
1682,1.2,34.08,2.5178
1682,1.3,34.2763,2.493
1682,1.4,34.4882,2.4534
1682,1.5,34.7158,2.3933
1682,1.6,34.959,2.3059
1682,1.7,35.2181,2.1841
1682,1.8,35.4929,2.0207
1682,1.9,35.7839,1.808
1682,2,36.0913,1.5361
1683,0,32.9551,2.55
1683,0.1,32.9629,2.55
1683,0.2,32.9864,2.55
1683,0.3,33.0256,2.55
1683,0.4,33.0805,2.5499
1683,0.5,33.1511,2.5498
1683,0.6,33.2374,2.5496
1683,0.7,33.3394,2.5491
1683,0.8,33.4572,2.5479
1683,0.9,33.5906,2.5456
1683,1,33.7398,2.541
1683,1.1,33.9047,2.5326
1683,1.2,34.0853,2.5178
1683,1.3,34.2816,2.4929
1683,1.4,34.4935,2.4533
1683,1.5,34.7211,2.3931
1683,1.6,34.9643,2.3057
1683,1.7,35.2234,2.1839
1683,1.8,35.4983,2.0205
1683,1.9,35.7893,1.8078
1683,2,36.0969,1.5358
1684,0,32.9604,2.55
1684,0.1,32.9682,2.55
1684,0.2,32.9917,2.55
1684,0.3,33.0309,2.55
1684,0.4,33.0858,2.5499
1684,0.5,33.1564,2.5498
1684,0.6,33.2427,2.5496
1684,0.7,33.3447,2.5491
1684,0.8,33.4625,2.5479
1684,0.9,33.596,2.5456
1684,1,33.7451,2.541
1684,1.1,33.91,2.5326
1684,1.2,34.0906,2.5177
1684,1.3,34.2869,2.4928
1684,1.4,34.4988,2.4532
1684,1.5,34.7264,2.393
1684,1.6,34.9697,2.3055
1684,1.7,35.2287,2.1837
1684,1.8,35.5037,2.0202
1684,1.9,35.7948,1.8076
1684,2,36.1025,1.5356
1685,0,32.9657,2.55
1685,0.1,32.9735,2.55
1685,0.2,32.997,2.55
1685,0.3,33.0362,2.55
1685,0.4,33.0911,2.5499
1685,0.5,33.1617,2.5498
1685,0.6,33.248,2.5496
1685,0.7,33.3501,2.5491
1685,0.8,33.4678,2.5479
1685,0.9,33.6013,2.5456
1685,1,33.7504,2.541
1685,1.1,33.9153,2.5325
1685,1.2,34.0959,2.5177
1685,1.3,34.2922,2.4927
1685,1.4,34.5041,2.4531
1685,1.5,34.7317,2.3928
1685,1.6,34.975,2.3053
1685,1.7,35.2341,2.1835
1685,1.8,35.5091,2.02
1685,1.9,35.8002,1.8073
1685,2,36.1081,1.5354
1686,0,32.971,2.55
1686,0.1,32.9788,2.55
1686,0.2,33.0023,2.55
1686,0.3,33.0415,2.55
1686,0.4,33.0964,2.5499
1686,0.5,33.167,2.5498
1686,0.6,33.2533,2.5496
1686,0.7,33.3554,2.5491
1686,0.8,33.4731,2.5479
1686,0.9,33.6066,2.5456
1686,1,33.7557,2.541
1686,1.1,33.9206,2.5325
1686,1.2,34.1012,2.5176
1686,1.3,34.2974,2.4927
1686,1.4,34.5094,2.453
1686,1.5,34.737,2.3927
1686,1.6,34.9803,2.3051
1686,1.7,35.2394,2.1832
1686,1.8,35.5144,2.0198
1686,1.9,35.8057,1.8071
1686,2,36.1138,1.5352
1687,0,32.9763,2.55
1687,0.1,32.9841,2.55
1687,0.2,33.0076,2.55
1687,0.3,33.0468,2.55
1687,0.4,33.1017,2.5499
1687,0.5,33.1723,2.5498
1687,0.6,33.2586,2.5496
1687,0.7,33.3607,2.5491
1687,0.8,33.4784,2.5479
1687,0.9,33.6119,2.5455
1687,1,33.761,2.541
1687,1.1,33.9259,2.5325
1687,1.2,34.1065,2.5175
1687,1.3,34.3027,2.4926
1687,1.4,34.5147,2.4528
1687,1.5,34.7423,2.3925
1687,1.6,34.9856,2.3049
1687,1.7,35.2447,2.183
1687,1.8,35.5198,2.0195
1687,1.9,35.8112,1.8069
1687,2,36.1195,1.5349
1688,0,32.9816,2.55
1688,0.1,32.9894,2.55
1688,0.2,33.0129,2.55
1688,0.3,33.0521,2.55
1688,0.4,33.107,2.5499
1688,0.5,33.1776,2.5498
1688,0.6,33.2639,2.5496
1688,0.7,33.366,2.5491
1688,0.8,33.4837,2.5479
1688,0.9,33.6172,2.5455
1688,1,33.7663,2.5409
1688,1.1,33.9312,2.5324
1688,1.2,34.1118,2.5175
1688,1.3,34.308,2.4925
1688,1.4,34.52,2.4527
1688,1.5,34.7476,2.3924
1688,1.6,34.9909,2.3048
1688,1.7,35.2501,2.1828
1688,1.8,35.5253,2.0193
1688,1.9,35.8167,1.8066
1688,2,36.1252,1.5347
1689,0,32.9869,2.55
1689,0.1,32.9947,2.55
1689,0.2,33.0182,2.55
1689,0.3,33.0574,2.55
1689,0.4,33.1123,2.5499
1689,0.5,33.1829,2.5498
1689,0.6,33.2692,2.5496
1689,0.7,33.3713,2.5491
1689,0.8,33.489,2.5479
1689,0.9,33.6225,2.5455
1689,1,33.7717,2.5409
1689,1.1,33.9365,2.5324
1689,1.2,34.1171,2.5174
1689,1.3,34.3133,2.4924
1689,1.4,34.5253,2.4526
1689,1.5,34.7529,2.3922
1689,1.6,34.9962,2.3046
1689,1.7,35.2554,2.1826
1689,1.8,35.5307,2.0191
1689,1.9,35.8223,1.8064
1689,2,36.1309,1.5345
1690,0,32.9922,2.55
1690,0.1,33,2.55
1690,0.2,33.0235,2.55
1690,0.3,33.0627,2.55
1690,0.4,33.1176,2.5499
1690,0.5,33.1882,2.5498
1690,0.6,33.2745,2.5496
1690,0.7,33.3766,2.549
1690,0.8,33.4943,2.5479
1690,0.9,33.6278,2.5455
1690,1,33.777,2.5409
1690,1.1,33.9418,2.5324
1690,1.2,34.1224,2.5174
1690,1.3,34.3186,2.4923
1690,1.4,34.5306,2.4525
1690,1.5,34.7582,2.3921
1690,1.6,35.0016,2.3044
1690,1.7,35.2608,2.1824
1690,1.8,35.5361,2.0188
1690,1.9,35.8278,1.8062
1690,2,36.1367,1.5343
1691,0,32.9974,2.55
1691,0.1,33.0053,2.55
1691,0.2,33.0288,2.55
1691,0.3,33.068,2.55
1691,0.4,33.1229,2.5499
1691,0.5,33.1935,2.5498
1691,0.6,33.2799,2.5496
1691,0.7,33.3819,2.549
1691,0.8,33.4996,2.5479
1691,0.9,33.6331,2.5455
1691,1,33.7823,2.5409
1691,1.1,33.9471,2.5323
1691,1.2,34.1277,2.5173
1691,1.3,34.3239,2.4922
1691,1.4,34.5359,2.4524
1691,1.5,34.7635,2.3919
1691,1.6,35.0069,2.3042
1691,1.7,35.2662,2.1822
1691,1.8,35.5415,2.0186
1691,1.9,35.8334,1.8059
1691,2,36.1424,1.534
1692,0,33.0027,2.55
1692,0.1,33.0106,2.55
1692,0.2,33.0341,2.55
1692,0.3,33.0733,2.55
1692,0.4,33.1282,2.5499
1692,0.5,33.1988,2.5498
1692,0.6,33.2852,2.5496
1692,0.7,33.3872,2.549
1692,0.8,33.5049,2.5479
1692,0.9,33.6384,2.5455
1692,1,33.7876,2.5408
1692,1.1,33.9524,2.5323
1692,1.2,34.133,2.5173
1692,1.3,34.3292,2.4922
1692,1.4,34.5412,2.4523
1692,1.5,34.7688,2.3918
1692,1.6,35.0122,2.304
1692,1.7,35.2715,2.182
1692,1.8,35.547,2.0184
1692,1.9,35.839,1.8057
1692,2,36.1482,1.5338
1693,0,33.008,2.55
1693,0.1,33.0159,2.55
1693,0.2,33.0394,2.55
1693,0.3,33.0786,2.55
1693,0.4,33.1335,2.5499
1693,0.5,33.2041,2.5498
1693,0.6,33.2905,2.5496
1693,0.7,33.3925,2.549
1693,0.8,33.5102,2.5479
1693,0.9,33.6437,2.5455
1693,1,33.7929,2.5408
1693,1.1,33.9577,2.5322
1693,1.2,34.1383,2.5172
1693,1.3,34.3345,2.4921
1693,1.4,34.5465,2.4522
1693,1.5,34.7741,2.3916
1693,1.6,35.0176,2.3038
1693,1.7,35.2769,2.1817
1693,1.8,35.5524,2.0181
1693,1.9,35.8445,1.8054
1693,2,36.154,1.5336
1694,0,33.0133,2.55
1694,0.1,33.0212,2.55
1694,0.2,33.0447,2.55
1694,0.3,33.0839,2.55
1694,0.4,33.1388,2.5499
1694,0.5,33.2094,2.5498
1694,0.6,33.2958,2.5496
1694,0.7,33.3978,2.549
1694,0.8,33.5155,2.5479
1694,0.9,33.649,2.5455
1694,1,33.7982,2.5408
1694,1.1,33.963,2.5322
1694,1.2,34.1436,2.5171
1694,1.3,34.3398,2.492
1694,1.4,34.5518,2.452
1694,1.5,34.7794,2.3915
1694,1.6,35.0229,2.3036
1694,1.7,35.2823,2.1815
1694,1.8,35.5579,2.0179
1694,1.9,35.8501,1.8052
1694,2,36.1598,1.5334
1695,0,33.0186,2.55
1695,0.1,33.0265,2.55
1695,0.2,33.05,2.55
1695,0.3,33.0892,2.55
1695,0.4,33.1441,2.5499
1695,0.5,33.2147,2.5498
1695,0.6,33.3011,2.5496
1695,0.7,33.4031,2.549
1695,0.8,33.5208,2.5479
1695,0.9,33.6543,2.5454
1695,1,33.8035,2.5408
1695,1.1,33.9683,2.5322
1695,1.2,34.1489,2.5171
1695,1.3,34.3451,2.4919
1695,1.4,34.5571,2.4519
1695,1.5,34.7848,2.3913
1695,1.6,35.0283,2.3035
1695,1.7,35.2877,2.1813
1695,1.8,35.5634,2.0177
1695,1.9,35.8557,1.805
1695,2,36.1656,1.5332
1696,0,33.0239,2.55
1696,0.1,33.0318,2.55
1696,0.2,33.0553,2.55
1696,0.3,33.0945,2.55
1696,0.4,33.1494,2.5499
1696,0.5,33.22,2.5498
1696,0.6,33.3064,2.5496
1696,0.7,33.4084,2.549
1696,0.8,33.5261,2.5478
1696,0.9,33.6596,2.5454
1696,1,33.8088,2.5408
1696,1.1,33.9736,2.5321
1696,1.2,34.1542,2.517
1696,1.3,34.3504,2.4918
1696,1.4,34.5624,2.4518
1696,1.5,34.7901,2.3912
1696,1.6,35.0336,2.3033
1696,1.7,35.2931,2.1811
1696,1.8,35.5689,2.0175
1696,1.9,35.8614,1.8047
1696,2,36.1714,1.5329
1697,0,33.0292,2.55
1697,0.1,33.0371,2.55
1697,0.2,33.0606,2.55
1697,0.3,33.0998,2.55
1697,0.4,33.1547,2.5499
1697,0.5,33.2254,2.5498
1697,0.6,33.3117,2.5496
1697,0.7,33.4137,2.549
1697,0.8,33.5315,2.5478
1697,0.9,33.6649,2.5454
1697,1,33.8141,2.5407
1697,1.1,33.9789,2.5321
1697,1.2,34.1595,2.517
1697,1.3,34.3557,2.4917
1697,1.4,34.5677,2.4517
1697,1.5,34.7954,2.391
1697,1.6,35.039,2.3031
1697,1.7,35.2985,2.1809
1697,1.8,35.5743,2.0172
1697,1.9,35.867,1.8045
1697,2,36.1772,1.5327
1698,0,33.0345,2.55
1698,0.1,33.0424,2.55
1698,0.2,33.0659,2.55
1698,0.3,33.1051,2.55
1698,0.4,33.16,2.5499
1698,0.5,33.2307,2.5498
1698,0.6,33.317,2.5496
1698,0.7,33.419,2.549
1698,0.8,33.5368,2.5478
1698,0.9,33.6702,2.5454
1698,1,33.8194,2.5407
1698,1.1,33.9842,2.5321
1698,1.2,34.1648,2.5169
1698,1.3,34.361,2.4917
1698,1.4,34.573,2.4516
1698,1.5,34.8007,2.3909
1698,1.6,35.0443,2.3029
1698,1.7,35.3039,2.1807
1698,1.8,35.5799,2.017
1698,1.9,35.8726,1.8043
1698,2,36.183,1.5325
1699,0,33.0398,2.55
1699,0.1,33.0477,2.55
1699,0.2,33.0712,2.55
1699,0.3,33.1104,2.55
1699,0.4,33.1653,2.5499
1699,0.5,33.236,2.5498
1699,0.6,33.3223,2.5496
1699,0.7,33.4243,2.549
1699,0.8,33.5421,2.5478
1699,0.9,33.6755,2.5454
1699,1,33.8247,2.5407
1699,1.1,33.9895,2.532
1699,1.2,34.1701,2.5169
1699,1.3,34.3664,2.4916
1699,1.4,34.5783,2.4515
1699,1.5,34.8061,2.3907
1699,1.6,35.0497,2.3027
1699,1.7,35.3093,2.1805
1699,1.8,35.5854,2.0168
1699,1.9,35.8783,1.804
1699,2,36.1889,1.5323
1700,0,33.0451,2.55
1700,0.1,33.053,2.55
1700,0.2,33.0765,2.55
1700,0.3,33.1157,2.55
1700,0.4,33.1706,2.5499
1700,0.5,33.2413,2.5498
1700,0.6,33.3276,2.5496
1700,0.7,33.4296,2.549
1700,0.8,33.5474,2.5478
1700,0.9,33.6808,2.5454
1700,1,33.83,2.5407
1700,1.1,33.9948,2.532
1700,1.2,34.1754,2.5168
1700,1.3,34.3717,2.4915
1700,1.4,34.5836,2.4513
1700,1.5,34.8114,2.3906
1700,1.6,35.055,2.3025
1700,1.7,35.3148,2.1802
1700,1.8,35.5909,2.0165
1700,1.9,35.884,1.8038
1700,2,36.1948,1.532
1701,0,33.0504,2.55
1701,0.1,33.0583,2.55
1701,0.2,33.0818,2.55
1701,0.3,33.121,2.55
1701,0.4,33.1759,2.5499
1701,0.5,33.2466,2.5498
1701,0.6,33.3329,2.5496
1701,0.7,33.4349,2.549
1701,0.8,33.5527,2.5478
1701,0.9,33.6861,2.5454
1701,1,33.8353,2.5406
1701,1.1,34.0001,2.532
1701,1.2,34.1807,2.5167
1701,1.3,34.377,2.4914
1701,1.4,34.589,2.4512
1701,1.5,34.8167,2.3904
1701,1.6,35.0604,2.3023
1701,1.7,35.3202,2.18
1701,1.8,35.5964,2.0163
1701,1.9,35.8896,1.8036
1701,2,36.2006,1.5318
1702,0,33.0557,2.55
1702,0.1,33.0636,2.55
1702,0.2,33.0871,2.55
1702,0.3,33.1263,2.55
1702,0.4,33.1812,2.5499
1702,0.5,33.2519,2.5498
1702,0.6,33.3382,2.5496
1702,0.7,33.4402,2.549
1702,0.8,33.558,2.5478
1702,0.9,33.6914,2.5454
1702,1,33.8406,2.5406
1702,1.1,34.0054,2.5319
1702,1.2,34.186,2.5167
1702,1.3,34.3823,2.4913
1702,1.4,34.5943,2.4511
1702,1.5,34.8221,2.3903
1702,1.6,35.0658,2.3022
1702,1.7,35.3256,2.1798
1702,1.8,35.602,2.0161
1702,1.9,35.8953,1.8033
1702,2,36.2065,1.5316
1703,0,33.061,2.55
1703,0.1,33.0689,2.55
1703,0.2,33.0924,2.55
1703,0.3,33.1316,2.55
1703,0.4,33.1865,2.5499
1703,0.5,33.2572,2.5498
1703,0.6,33.3435,2.5496
1703,0.7,33.4455,2.549
1703,0.8,33.5633,2.5478
1703,0.9,33.6967,2.5453
1703,1,33.8459,2.5406
1703,1.1,34.0107,2.5319
1703,1.2,34.1913,2.5166
1703,1.3,34.3876,2.4912
1703,1.4,34.5996,2.451
1703,1.5,34.8274,2.3901
1703,1.6,35.0712,2.302
1703,1.7,35.3311,2.1796
1703,1.8,35.6075,2.0158
1703,1.9,35.901,1.8031
1703,2,36.2124,1.5314
1704,0,33.0663,2.55
1704,0.1,33.0742,2.55
1704,0.2,33.0977,2.55
1704,0.3,33.1369,2.55
1704,0.4,33.1918,2.5499
1704,0.5,33.2625,2.5498
1704,0.6,33.3488,2.5496
1704,0.7,33.4508,2.549
1704,0.8,33.5686,2.5478
1704,0.9,33.702,2.5453
1704,1,33.8512,2.5406
1704,1.1,34.016,2.5318
1704,1.2,34.1966,2.5166
1704,1.3,34.3929,2.4912
1704,1.4,34.6049,2.4509
1704,1.5,34.8328,2.3899
1704,1.6,35.0766,2.3018
1704,1.7,35.3365,2.1794
1704,1.8,35.6131,2.0156
1704,1.9,35.9067,1.8028
1704,2,36.2183,1.5311
1705,0,33.0716,2.55
1705,0.1,33.0795,2.55
1705,0.2,33.103,2.55
1705,0.3,33.1422,2.55
1705,0.4,33.1971,2.5499
1705,0.5,33.2678,2.5498
1705,0.6,33.3541,2.5496
1705,0.7,33.4561,2.549
1705,0.8,33.5739,2.5478
1705,0.9,33.7073,2.5453
1705,1,33.8565,2.5406
1705,1.1,34.0214,2.5318
1705,1.2,34.2019,2.5165
1705,1.3,34.3982,2.4911
1705,1.4,34.6102,2.4508
1705,1.5,34.8381,2.3898
1705,1.6,35.0819,2.3016
1705,1.7,35.342,2.1792
1705,1.8,35.6186,2.0154
1705,1.9,35.9124,1.8026
1705,2,36.2242,1.5309
1706,0,33.0769,2.55
1706,0.1,33.0848,2.55
1706,0.2,33.1083,2.55
1706,0.3,33.1475,2.55
1706,0.4,33.2024,2.5499
1706,0.5,33.2731,2.5498
1706,0.6,33.3594,2.5496
1706,0.7,33.4614,2.549
1706,0.8,33.5792,2.5478
1706,0.9,33.7126,2.5453
1706,1,33.8618,2.5405
1706,1.1,34.0267,2.5318
1706,1.2,34.2072,2.5165
1706,1.3,34.4035,2.491
1706,1.4,34.6156,2.4506
1706,1.5,34.8435,2.3896
1706,1.6,35.0873,2.3014
1706,1.7,35.3475,2.179
1706,1.8,35.6242,2.0151
1706,1.9,35.9182,1.8024
1706,2,36.2302,1.5307
1707,0,33.0822,2.55
1707,0.1,33.0901,2.55
1707,0.2,33.1136,2.55
1707,0.3,33.1528,2.55
1707,0.4,33.2077,2.5499
1707,0.5,33.2784,2.5498
1707,0.6,33.3647,2.5496
1707,0.7,33.4667,2.549
1707,0.8,33.5845,2.5478
1707,0.9,33.7179,2.5453
1707,1,33.8671,2.5405
1707,1.1,34.032,2.5317
1707,1.2,34.2125,2.5164
1707,1.3,34.4088,2.4909
1707,1.4,34.6209,2.4505
1707,1.5,34.8488,2.3895
1707,1.6,35.0927,2.3012
1707,1.7,35.3529,2.1787
1707,1.8,35.6298,2.0149
1707,1.9,35.9239,1.8021
1707,2,36.2361,1.5305
1708,0,33.0875,2.55
1708,0.1,33.0954,2.55
1708,0.2,33.1189,2.55
1708,0.3,33.1581,2.55
1708,0.4,33.213,2.5499
1708,0.5,33.2837,2.5498
1708,0.6,33.37,2.5496
1708,0.7,33.472,2.549
1708,0.8,33.5898,2.5478
1708,0.9,33.7232,2.5453
1708,1,33.8724,2.5405
1708,1.1,34.0373,2.5317
1708,1.2,34.2178,2.5163
1708,1.3,34.4141,2.4908
1708,1.4,34.6262,2.4504
1708,1.5,34.8542,2.3893
1708,1.6,35.0981,2.301
1708,1.7,35.3584,2.1785
1708,1.8,35.6354,2.0147
1708,1.9,35.9296,1.8019
1708,2,36.242,1.5303
1709,0,33.0928,2.55
1709,0.1,33.1007,2.55
1709,0.2,33.1242,2.55
1709,0.3,33.1634,2.55
1709,0.4,33.2183,2.5499
1709,0.5,33.289,2.5498
1709,0.6,33.3753,2.5496
1709,0.7,33.4773,2.549
1709,0.8,33.5951,2.5478
1709,0.9,33.7285,2.5453
1709,1,33.8777,2.5405
1709,1.1,34.0426,2.5317
1709,1.2,34.2231,2.5163
1709,1.3,34.4195,2.4907
1709,1.4,34.6316,2.4503
1709,1.5,34.8595,2.3892
1709,1.6,35.1036,2.3009
1709,1.7,35.3639,2.1783
1709,1.8,35.641,2.0144
1709,1.9,35.9354,1.8017
1709,2,36.248,1.53
1710,0,33.0981,2.55
1710,0.1,33.1059,2.55
1710,0.2,33.1295,2.55
1710,0.3,33.1687,2.55
1710,0.4,33.2236,2.5499
1710,0.5,33.2943,2.5498
1710,0.6,33.3806,2.5496
1710,0.7,33.4827,2.549
1710,0.8,33.6004,2.5477
1710,0.9,33.7338,2.5453
1710,1,33.883,2.5404
1710,1.1,34.0479,2.5316
1710,1.2,34.2285,2.5162
1710,1.3,34.4248,2.4907
1710,1.4,34.6369,2.4502
1710,1.5,34.8649,2.389
1710,1.6,35.109,2.3007
1710,1.7,35.3694,2.1781
1710,1.8,35.6466,2.0142
1710,1.9,35.9412,1.8014
1710,2,36.2539,1.5298
1711,0,33.1034,2.55
1711,0.1,33.1112,2.55
1711,0.2,33.1348,2.55
1711,0.3,33.174,2.55
1711,0.4,33.229,2.5499
1711,0.5,33.2996,2.5498
1711,0.6,33.3859,2.5496
1711,0.7,33.488,2.549
1711,0.8,33.6057,2.5477
1711,0.9,33.7392,2.5452
1711,1,33.8883,2.5404
1711,1.1,34.0532,2.5316
1711,1.2,34.2338,2.5162
1711,1.3,34.4301,2.4906
1711,1.4,34.6422,2.4501
1711,1.5,34.8703,2.3889
1711,1.6,35.1144,2.3005
1711,1.7,35.3749,2.1779
1711,1.8,35.6522,2.014
1711,1.9,35.9469,1.8012
1711,2,36.2599,1.5296
1712,0,33.1087,2.55
1712,0.1,33.1165,2.55
1712,0.2,33.1401,2.55
1712,0.3,33.1793,2.55
1712,0.4,33.2343,2.5499
1712,0.5,33.3049,2.5498
1712,0.6,33.3912,2.5496
1712,0.7,33.4933,2.549
1712,0.8,33.611,2.5477
1712,0.9,33.7445,2.5452
1712,1,33.8936,2.5404
1712,1.1,34.0585,2.5315
1712,1.2,34.2391,2.5161
1712,1.3,34.4354,2.4905
1712,1.4,34.6476,2.45
1712,1.5,34.8756,2.3887
1712,1.6,35.1198,2.3003
1712,1.7,35.3804,2.1777
1712,1.8,35.6578,2.0137
1712,1.9,35.9527,1.801
1712,2,36.2659,1.5294
1713,0,33.114,2.55
1713,0.1,33.1218,2.55
1713,0.2,33.1454,2.55
1713,0.3,33.1846,2.55
1713,0.4,33.2396,2.5499
1713,0.5,33.3102,2.5498
1713,0.6,33.3965,2.5495
1713,0.7,33.4986,2.549
1713,0.8,33.6163,2.5477
1713,0.9,33.7498,2.5452
1713,1,33.8989,2.5404
1713,1.1,34.0638,2.5315
1713,1.2,34.2444,2.5161
1713,1.3,34.4407,2.4904
1713,1.4,34.6529,2.4498
1713,1.5,34.881,2.3886
1713,1.6,35.1253,2.3001
1713,1.7,35.3859,2.1775
1713,1.8,35.6635,2.0135
1713,1.9,35.9585,1.8007
1713,2,36.2719,1.5291
1714,0,33.1193,2.55
1714,0.1,33.1271,2.55
1714,0.2,33.1507,2.55
1714,0.3,33.1899,2.55
1714,0.4,33.2449,2.5499
1714,0.5,33.3155,2.5498
1714,0.6,33.4018,2.5495
1714,0.7,33.5039,2.549
1714,0.8,33.6216,2.5477
1714,0.9,33.7551,2.5452
1714,1,33.9042,2.5404
1714,1.1,34.0691,2.5315
1714,1.2,34.2497,2.516
1714,1.3,34.4461,2.4903
1714,1.4,34.6583,2.4497
1714,1.5,34.8864,2.3884
1714,1.6,35.1307,2.2999
1714,1.7,35.3914,2.1773
1714,1.8,35.6691,2.0133
1714,1.9,35.9643,1.8005
1714,2,36.2778,1.5289
1715,0,33.1246,2.55
1715,0.1,33.1324,2.55
1715,0.2,33.156,2.55
1715,0.3,33.1952,2.55
1715,0.4,33.2502,2.5499
1715,0.5,33.3208,2.5498
1715,0.6,33.4071,2.5495
1715,0.7,33.5092,2.549
1715,0.8,33.6269,2.5477
1715,0.9,33.7604,2.5452
1715,1,33.9095,2.5403
1715,1.1,34.0744,2.5314
1715,1.2,34.255,2.5159
1715,1.3,34.4514,2.4902
1715,1.4,34.6636,2.4496
1715,1.5,34.8918,2.3883
1715,1.6,35.1361,2.2998
1715,1.7,35.397,2.177
1715,1.8,35.6748,2.013
1715,1.9,35.9701,1.8003
1715,2,36.2838,1.5287
1716,0,33.1299,2.55
1716,0.1,33.1377,2.55
1716,0.2,33.1613,2.55
1716,0.3,33.2005,2.55
1716,0.4,33.2555,2.5499
1716,0.5,33.3261,2.5498
1716,0.6,33.4124,2.5495
1716,0.7,33.5145,2.549
1716,0.8,33.6322,2.5477
1716,0.9,33.7657,2.5452
1716,1,33.9148,2.5403
1716,1.1,34.0797,2.5314
1716,1.2,34.2603,2.5159
1716,1.3,34.4567,2.4902
1716,1.4,34.669,2.4495
1716,1.5,34.8972,2.3881
1716,1.6,35.1416,2.2996
1716,1.7,35.4025,2.1768
1716,1.8,35.6804,2.0128
1716,1.9,35.9759,1.8
1716,2,36.2899,1.5285
1717,0,33.1352,2.55
1717,0.1,33.143,2.55
1717,0.2,33.1666,2.55
1717,0.3,33.2058,2.55
1717,0.4,33.2608,2.5499
1717,0.5,33.3314,2.5498
1717,0.6,33.4177,2.5495
1717,0.7,33.5198,2.5489
1717,0.8,33.6375,2.5477
1717,0.9,33.771,2.5452
1717,1,33.9201,2.5403
1717,1.1,34.085,2.5314
1717,1.2,34.2656,2.5158
1717,1.3,34.462,2.4901
1717,1.4,34.6743,2.4494
1717,1.5,34.9026,2.388
1717,1.6,35.147,2.2994
1717,1.7,35.4081,2.1766
1717,1.8,35.6861,2.0126
1717,1.9,35.9817,1.7998
1717,2,36.2959,1.5283
1718,0,33.1405,2.55
1718,0.1,33.1483,2.55
1718,0.2,33.1719,2.55
1718,0.3,33.2111,2.55
1718,0.4,33.2661,2.5499
1718,0.5,33.3367,2.5498
1718,0.6,33.423,2.5495
1718,0.7,33.5251,2.5489
1718,0.8,33.6428,2.5477
1718,0.9,33.7763,2.5451
1718,1,33.9254,2.5403
1718,1.1,34.0903,2.5313
1718,1.2,34.271,2.5158
1718,1.3,34.4674,2.49
1718,1.4,34.6797,2.4493
1718,1.5,34.908,2.3878
1718,1.6,35.1525,2.2992
1718,1.7,35.4136,2.1764
1718,1.8,35.6917,2.0124
1718,1.9,35.9876,1.7996
1718,2,36.3019,1.528
1719,0,33.1458,2.55
1719,0.1,33.1536,2.55
1719,0.2,33.1772,2.55
1719,0.3,33.2164,2.55
1719,0.4,33.2714,2.5499
1719,0.5,33.342,2.5498
1719,0.6,33.4283,2.5495
1719,0.7,33.5304,2.5489
1719,0.8,33.6481,2.5477
1719,0.9,33.7816,2.5451
1719,1,33.9307,2.5402
1719,1.1,34.0956,2.5313
1719,1.2,34.2763,2.5157
1719,1.3,34.4727,2.4899
1719,1.4,34.685,2.4491
1719,1.5,34.9134,2.3877
1719,1.6,35.158,2.299
1719,1.7,35.4192,2.1762
1719,1.8,35.6974,2.0121
1719,1.9,35.9934,1.7993
1719,2,36.3079,1.5278
1720,0,33.1511,2.55
1720,0.1,33.1589,2.55
1720,0.2,33.1825,2.55
1720,0.3,33.2217,2.55
1720,0.4,33.2767,2.5499
1720,0.5,33.3473,2.5498
1720,0.6,33.4336,2.5495
1720,0.7,33.5357,2.5489
1720,0.8,33.6534,2.5477
1720,0.9,33.7869,2.5451
1720,1,33.9361,2.5402
1720,1.1,34.101,2.5313
1720,1.2,34.2816,2.5157
1720,1.3,34.478,2.4898
1720,1.4,34.6904,2.449
1720,1.5,34.9188,2.3875
1720,1.6,35.1634,2.2988
1720,1.7,35.4247,2.176
1720,1.8,35.7031,2.0119
1720,1.9,35.9992,1.7991
1720,2,36.314,1.5276
1721,0,33.1564,2.55
1721,0.1,33.1642,2.55
1721,0.2,33.1878,2.55
1721,0.3,33.227,2.55
1721,0.4,33.282,2.5499
1721,0.5,33.3526,2.5498
1721,0.6,33.4389,2.5495
1721,0.7,33.541,2.5489
1721,0.8,33.6587,2.5477
1721,0.9,33.7922,2.5451
1721,1,33.9414,2.5402
1721,1.1,34.1063,2.5312
1721,1.2,34.2869,2.5156
1721,1.3,34.4834,2.4897
1721,1.4,34.6958,2.4489
1721,1.5,34.9242,2.3874
1721,1.6,35.1689,2.2986
1721,1.7,35.4303,2.1758
1721,1.8,35.7088,2.0117
1721,1.9,36.0051,1.7989
1721,2,36.32,1.5274
1722,0,33.1617,2.55
1722,0.1,33.1695,2.55
1722,0.2,33.1931,2.55
1722,0.3,33.2323,2.55
1722,0.4,33.2873,2.5499
1722,0.5,33.3579,2.5498
1722,0.6,33.4442,2.5495
1722,0.7,33.5463,2.5489
1722,0.8,33.664,2.5477
1722,0.9,33.7975,2.5451
1722,1,33.9467,2.5402
1722,1.1,34.1116,2.5312
1722,1.2,34.2922,2.5155
1722,1.3,34.4887,2.4896
1722,1.4,34.7011,2.4488
1722,1.5,34.9296,2.3872
1722,1.6,35.1744,2.2985
1722,1.7,35.4359,2.1755
1722,1.8,35.7145,2.0114
1722,1.9,36.011,1.7986
1722,2,36.3261,1.5272
1723,0,33.167,2.55
1723,0.1,33.1748,2.55
1723,0.2,33.1984,2.55
1723,0.3,33.2376,2.55
1723,0.4,33.2926,2.5499
1723,0.5,33.3632,2.5498
1723,0.6,33.4495,2.5495
1723,0.7,33.5516,2.5489
1723,0.8,33.6693,2.5477
1723,0.9,33.8028,2.5451
1723,1,33.952,2.5401
1723,1.1,34.1169,2.5311
1723,1.2,34.2976,2.5155
1723,1.3,34.4941,2.4896
1723,1.4,34.7065,2.4487
1723,1.5,34.935,2.3871
1723,1.6,35.1799,2.2983
1723,1.7,35.4414,2.1753
1723,1.8,35.7202,2.0112
1723,1.9,36.0168,1.7984
1723,2,36.3321,1.5269
1724,0,33.1723,2.55
1724,0.1,33.1801,2.55
1724,0.2,33.2037,2.55
1724,0.3,33.2429,2.55
1724,0.4,33.2979,2.5499
1724,0.5,33.3685,2.5498
1724,0.6,33.4548,2.5495
1724,0.7,33.5569,2.5489
1724,0.8,33.6746,2.5476
1724,0.9,33.8081,2.5451
1724,1,33.9573,2.5401
1724,1.1,34.1222,2.5311
1724,1.2,34.3029,2.5154
1724,1.3,34.4994,2.4895
1724,1.4,34.7119,2.4486
1724,1.5,34.9404,2.3869
1724,1.6,35.1854,2.2981
1724,1.7,35.447,2.1751
1724,1.8,35.7259,2.011
1724,1.9,36.0227,1.7982
1724,2,36.3382,1.5267
1725,0,33.1776,2.55
1725,0.1,33.1854,2.55
1725,0.2,33.209,2.55
1725,0.3,33.2482,2.55
1725,0.4,33.3032,2.5499
1725,0.5,33.3738,2.5498
1725,0.6,33.4601,2.5495
1725,0.7,33.5622,2.5489
1725,0.8,33.6799,2.5476
1725,0.9,33.8134,2.5451
1725,1,33.9626,2.5401
1725,1.1,34.1275,2.5311
1725,1.2,34.3082,2.5154
1725,1.3,34.5048,2.4894
1725,1.4,34.7173,2.4484
1725,1.5,34.9459,2.3868
1725,1.6,35.1909,2.2979
1725,1.7,35.4526,2.1749
1725,1.8,35.7316,2.0107
1725,1.9,36.0286,1.7979
1725,2,36.3443,1.5265
1726,0,33.1829,2.55
1726,0.1,33.1907,2.55
1726,0.2,33.2143,2.55
1726,0.3,33.2535,2.55
1726,0.4,33.3085,2.5499
1726,0.5,33.3791,2.5498
1726,0.6,33.4655,2.5495
1726,0.7,33.5675,2.5489
1726,0.8,33.6853,2.5476
1726,0.9,33.8187,2.545
1726,1,33.9679,2.5401
1726,1.1,34.1328,2.531
1726,1.2,34.3136,2.5153
1726,1.3,34.5101,2.4893
1726,1.4,34.7226,2.4483
1726,1.5,34.9513,2.3866
1726,1.6,35.1964,2.2977
1726,1.7,35.4582,2.1747
1726,1.8,35.7374,2.0105
1726,1.9,36.0345,1.7977
1726,2,36.3503,1.5263
1727,0,33.1882,2.55
1727,0.1,33.1961,2.55
1727,0.2,33.2196,2.55
1727,0.3,33.2588,2.55
1727,0.4,33.3138,2.5499
1727,0.5,33.3844,2.5498
1727,0.6,33.4708,2.5495
1727,0.7,33.5728,2.5489
1727,0.8,33.6906,2.5476
1727,0.9,33.824,2.545
1727,1,33.9732,2.5401
1727,1.1,34.1382,2.531
1727,1.2,34.3189,2.5152
1727,1.3,34.5155,2.4892
1727,1.4,34.728,2.4482
1727,1.5,34.9567,2.3865
1727,1.6,35.2019,2.2975
1727,1.7,35.4638,2.1745
1727,1.8,35.7431,2.0103
1727,1.9,36.0404,1.7975
1727,2,36.3564,1.5261
1728,0,33.1935,2.55
1728,0.1,33.2014,2.55
1728,0.2,33.2249,2.55
1728,0.3,33.2641,2.55
1728,0.4,33.3191,2.5499
1728,0.5,33.3897,2.5498
1728,0.6,33.4761,2.5495
1728,0.7,33.5781,2.5489
1728,0.8,33.6959,2.5476
1728,0.9,33.8293,2.545
1728,1,33.9785,2.54
1728,1.1,34.1435,2.5309
1728,1.2,34.3242,2.5152
1728,1.3,34.5208,2.4891
1728,1.4,34.7334,2.4481
1728,1.5,34.9622,2.3863
1728,1.6,35.2074,2.2974
1728,1.7,35.4694,2.1743
1728,1.8,35.7488,2.0101
1728,1.9,36.0463,1.7972
1728,2,36.3625,1.5258
1729,0,33.1988,2.55
1729,0.1,33.2067,2.55
1729,0.2,33.2302,2.55
1729,0.3,33.2694,2.55
1729,0.4,33.3244,2.5499
1729,0.5,33.395,2.5498
1729,0.6,33.4814,2.5495
1729,0.7,33.5834,2.5489
1729,0.8,33.7012,2.5476
1729,0.9,33.8346,2.545
1729,1,33.9838,2.54
1729,1.1,34.1488,2.5309
1729,1.2,34.3295,2.5151
1729,1.3,34.5262,2.4891
1729,1.4,34.7388,2.448
1729,1.5,34.9676,2.3862
1729,1.6,35.2129,2.2972
1729,1.7,35.4751,2.1741
1729,1.8,35.7546,2.0098
1729,1.9,36.0522,1.797
1729,2,36.3686,1.5256
1730,0,33.2041,2.55
1730,0.1,33.212,2.55
1730,0.2,33.2355,2.55
1730,0.3,33.2747,2.55
1730,0.4,33.3297,2.5499
1730,0.5,33.4003,2.5498
1730,0.6,33.4867,2.5495
1730,0.7,33.5887,2.5489
1730,0.8,33.7065,2.5476
1730,0.9,33.8399,2.545
1730,1,33.9892,2.54
1730,1.1,34.1541,2.5309
1730,1.2,34.3349,2.5151
1730,1.3,34.5315,2.489
1730,1.4,34.7442,2.4479
1730,1.5,34.9731,2.386
1730,1.6,35.2184,2.297
1730,1.7,35.4807,2.1738
1730,1.8,35.7603,2.0096
1730,1.9,36.0581,1.7968
1730,2,36.3747,1.5254
1731,0,33.2094,2.55
1731,0.1,33.2173,2.55
1731,0.2,33.2408,2.55
1731,0.3,33.28,2.55
1731,0.4,33.335,2.5499
1731,0.5,33.4056,2.5498
1731,0.6,33.492,2.5495
1731,0.7,33.594,2.5489
1731,0.8,33.7118,2.5476
1731,0.9,33.8453,2.545
1731,1,33.9945,2.54
1731,1.1,34.1594,2.5308
1731,1.2,34.3402,2.515
1731,1.3,34.5369,2.4889
1731,1.4,34.7496,2.4477
1731,1.5,34.9785,2.3859
1731,1.6,35.224,2.2968
1731,1.7,35.4863,2.1736
1731,1.8,35.7661,2.0094
1731,1.9,36.064,1.7965
1731,2,36.3809,1.5252
1732,0,33.2147,2.55
1732,0.1,33.2226,2.55
1732,0.2,33.2461,2.55
1732,0.3,33.2853,2.55
1732,0.4,33.3403,2.5499
1732,0.5,33.4109,2.5498
1732,0.6,33.4973,2.5495
1732,0.7,33.5993,2.5489
1732,0.8,33.7171,2.5476
1732,0.9,33.8506,2.545
1732,1,33.9998,2.5399
1732,1.1,34.1648,2.5308
1732,1.2,34.3456,2.515
1732,1.3,34.5423,2.4888
1732,1.4,34.755,2.4476
1732,1.5,34.984,2.3857
1732,1.6,35.2295,2.2966
1732,1.7,35.492,2.1734
1732,1.8,35.7719,2.0091
1732,1.9,36.0699,1.7963
1732,2,36.387,1.525
1733,0,33.22,2.55
1733,0.1,33.2279,2.55
1733,0.2,33.2514,2.55
1733,0.3,33.2906,2.55
1733,0.4,33.3456,2.5499
1733,0.5,33.4162,2.5498
1733,0.6,33.5026,2.5495
1733,0.7,33.6046,2.5489
1733,0.8,33.7224,2.5476
1733,0.9,33.8559,2.5449
1733,1,34.0051,2.5399
1733,1.1,34.1701,2.5308
1733,1.2,34.3509,2.5149
1733,1.3,34.5476,2.4887
1733,1.4,34.7604,2.4475
1733,1.5,34.9895,2.3856
1733,1.6,35.235,2.2964
1733,1.7,35.4976,2.1732
1733,1.8,35.7777,2.0089
1733,1.9,36.0759,1.7961
1733,2,36.3931,1.5247
1734,0,33.2253,2.55
1734,0.1,33.2332,2.55
1734,0.2,33.2567,2.55
1734,0.3,33.2959,2.55
1734,0.4,33.3509,2.5499
1734,0.5,33.4215,2.5498
1734,0.6,33.5079,2.5495
1734,0.7,33.6099,2.5489
1734,0.8,33.7277,2.5476
1734,0.9,33.8612,2.5449
1734,1,34.0104,2.5399
1734,1.1,34.1754,2.5307
1734,1.2,34.3562,2.5148
1734,1.3,34.553,2.4886
1734,1.4,34.7658,2.4474
1734,1.5,34.9949,2.3854
1734,1.6,35.2406,2.2962
1734,1.7,35.5033,2.173
1734,1.8,35.7834,2.0087
1734,1.9,36.0818,1.7958
1734,2,36.3992,1.5245
1735,0,33.2306,2.55
1735,0.1,33.2385,2.55
1735,0.2,33.262,2.55
1735,0.3,33.3012,2.55
1735,0.4,33.3562,2.5499
1735,0.5,33.4268,2.5498
1735,0.6,33.5132,2.5495
1735,0.7,33.6152,2.5489
1735,0.8,33.733,2.5476
1735,0.9,33.8665,2.5449
1735,1,34.0157,2.5399
1735,1.1,34.1807,2.5307
1735,1.2,34.3616,2.5148
1735,1.3,34.5584,2.4885
1735,1.4,34.7712,2.4473
1735,1.5,35.0004,2.3853
1735,1.6,35.2461,2.2961
1735,1.7,35.5089,2.1728
1735,1.8,35.7892,2.0084
1735,1.9,36.0878,1.7956
1735,2,36.4054,1.5243
1736,0,33.2359,2.55
1736,0.1,33.2438,2.55
1736,0.2,33.2673,2.55
1736,0.3,33.3065,2.55
1736,0.4,33.3615,2.5499
1736,0.5,33.4321,2.5498
1736,0.6,33.5185,2.5495
1736,0.7,33.6205,2.5489
1736,0.8,33.7383,2.5476
1736,0.9,33.8718,2.5449
1736,1,34.021,2.5398
1736,1.1,34.1861,2.5306
1736,1.2,34.3669,2.5147
1736,1.3,34.5637,2.4885
1736,1.4,34.7767,2.4472
1736,1.5,35.0059,2.3851
1736,1.6,35.2517,2.2959
1736,1.7,35.5146,2.1726
1736,1.8,35.795,2.0082
1736,1.9,36.0937,1.7954
1736,2,36.4115,1.5241
1737,0,33.2412,2.55
1737,0.1,33.2491,2.55
1737,0.2,33.2726,2.55
1737,0.3,33.3118,2.55
1737,0.4,33.3668,2.5499
1737,0.5,33.4374,2.5498
1737,0.6,33.5238,2.5495
1737,0.7,33.6258,2.5489
1737,0.8,33.7436,2.5475
1737,0.9,33.8771,2.5449
1737,1,34.0264,2.5398
1737,1.1,34.1914,2.5306
1737,1.2,34.3723,2.5147
1737,1.3,34.5691,2.4884
1737,1.4,34.7821,2.4471
1737,1.5,35.0113,2.385
1737,1.6,35.2573,2.2957
1737,1.7,35.5202,2.1724
1737,1.8,35.8008,2.008
1737,1.9,36.0997,1.7951
1737,2,36.4177,1.5239
1738,0,33.2465,2.55
1738,0.1,33.2544,2.55
1738,0.2,33.2779,2.55
1738,0.3,33.3172,2.55
1738,0.4,33.3721,2.5499
1738,0.5,33.4427,2.5498
1738,0.6,33.5291,2.5495
1738,0.7,33.6311,2.5489
1738,0.8,33.7489,2.5475
1738,0.9,33.8824,2.5449
1738,1,34.0317,2.5398
1738,1.1,34.1967,2.5306
1738,1.2,34.3776,2.5146
1738,1.3,34.5745,2.4883
1738,1.4,34.7875,2.4469
1738,1.5,35.0168,2.3848
1738,1.6,35.2628,2.2955
1738,1.7,35.5259,2.1722
1738,1.8,35.8066,2.0078
1738,1.9,36.1057,1.7949
1738,2,36.4238,1.5236
1739,0,33.2518,2.55
1739,0.1,33.2597,2.55
1739,0.2,33.2832,2.55
1739,0.3,33.3225,2.55
1739,0.4,33.3774,2.5499
1739,0.5,33.448,2.5498
1739,0.6,33.5344,2.5495
1739,0.7,33.6365,2.5489
1739,0.8,33.7542,2.5475
1739,0.9,33.8877,2.5449
1739,1,34.037,2.5398
1739,1.1,34.2021,2.5305
1739,1.2,34.383,2.5145
1739,1.3,34.5799,2.4882
1739,1.4,34.7929,2.4468
1739,1.5,35.0223,2.3847
1739,1.6,35.2684,2.2953
1739,1.7,35.5316,2.1719
1739,1.8,35.8124,2.0075
1739,1.9,36.1116,1.7947
1739,2,36.43,1.5234
1740,0,33.2571,2.55
1740,0.1,33.265,2.55
1740,0.2,33.2885,2.55
1740,0.3,33.3278,2.55
1740,0.4,33.3827,2.5499
1740,0.5,33.4533,2.5498
1740,0.6,33.5397,2.5495
1740,0.7,33.6418,2.5489
1740,0.8,33.7595,2.5475
1740,0.9,33.893,2.5449
1740,1,34.0423,2.5398
1740,1.1,34.2074,2.5305
1740,1.2,34.3883,2.5145
1740,1.3,34.5853,2.4881
1740,1.4,34.7984,2.4467
1740,1.5,35.0278,2.3845
1740,1.6,35.274,2.2951
1740,1.7,35.5373,2.1717
1740,1.8,35.8183,2.0073
1740,1.9,36.1176,1.7944
1740,2,36.4361,1.5232
1741,0,33.2624,2.55
1741,0.1,33.2703,2.55
1741,0.2,33.2938,2.55
1741,0.3,33.3331,2.55
1741,0.4,33.388,2.5499
1741,0.5,33.4586,2.5498
1741,0.6,33.545,2.5495
1741,0.7,33.6471,2.5489
1741,0.8,33.7648,2.5475
1741,0.9,33.8984,2.5448
1741,1,34.0476,2.5397
1741,1.1,34.2127,2.5305
1741,1.2,34.3937,2.5144
1741,1.3,34.5907,2.488
1741,1.4,34.8038,2.4466
1741,1.5,35.0333,2.3844
1741,1.6,35.2796,2.295
1741,1.7,35.543,2.1715
1741,1.8,35.8241,2.0071
1741,1.9,36.1236,1.7942
1741,2,36.4423,1.523
1742,0,33.2677,2.55
1742,0.1,33.2756,2.55
1742,0.2,33.2991,2.55
1742,0.3,33.3384,2.55
1742,0.4,33.3933,2.5499
1742,0.5,33.464,2.5498
1742,0.6,33.5503,2.5495
1742,0.7,33.6524,2.5489
1742,0.8,33.7702,2.5475
1742,0.9,33.9037,2.5448
1742,1,34.053,2.5397
1742,1.1,34.2181,2.5304
1742,1.2,34.3991,2.5144
1742,1.3,34.5961,2.488
1742,1.4,34.8092,2.4465
1742,1.5,35.0388,2.3842
1742,1.6,35.2851,2.2948
1742,1.7,35.5487,2.1713
1742,1.8,35.8299,2.0068
1742,1.9,36.1296,1.794
1742,2,36.4483,1.5228
1743,0,33.273,2.55
1743,0.1,33.2809,2.55
1743,0.2,33.3044,2.55
1743,0.3,33.3437,2.55
1743,0.4,33.3986,2.5499
1743,0.5,33.4693,2.5498
1743,0.6,33.5556,2.5495
1743,0.7,33.6577,2.5488
1743,0.8,33.7755,2.5475
1743,0.9,33.909,2.5448
1743,1,34.0583,2.5397
1743,1.1,34.2234,2.5304
1743,1.2,34.4044,2.5143
1743,1.3,34.6015,2.4879
1743,1.4,34.8147,2.4464
1743,1.5,35.0443,2.3841
1743,1.6,35.2907,2.2946
1743,1.7,35.5544,2.1711
1743,1.8,35.8357,2.0066
1743,1.9,36.1355,1.7937
1743,2,36.4543,1.5226
1744,0,33.2783,2.55
1744,0.1,33.2862,2.55
1744,0.2,33.3097,2.55
1744,0.3,33.349,2.55
1744,0.4,33.4039,2.5499
1744,0.5,33.4746,2.5498
1744,0.6,33.5609,2.5495
1744,0.7,33.663,2.5488
1744,0.8,33.7808,2.5475
1744,0.9,33.9143,2.5448
1744,1,34.0636,2.5397
1744,1.1,34.2288,2.5303
1744,1.2,34.4098,2.5143
1744,1.3,34.6069,2.4878
1744,1.4,34.8201,2.4462
1744,1.5,35.0498,2.3839
1744,1.6,35.2963,2.2944
1744,1.7,35.5601,2.1709
1744,1.8,35.8416,2.0064
1744,1.9,36.1415,1.7935
1744,2,36.4603,1.5223
1745,0,33.2836,2.55
1745,0.1,33.2915,2.55
1745,0.2,33.315,2.55
1745,0.3,33.3543,2.55
1745,0.4,33.4092,2.5499
1745,0.5,33.4799,2.5498
1745,0.6,33.5662,2.5495
1745,0.7,33.6683,2.5488
1745,0.8,33.7861,2.5475
1745,0.9,33.9196,2.5448
1745,1,34.0689,2.5396
1745,1.1,34.2341,2.5303
1745,1.2,34.4152,2.5142
1745,1.3,34.6123,2.4877
1745,1.4,34.8256,2.4461
1745,1.5,35.0553,2.3838
1745,1.6,35.3019,2.2942
1745,1.7,35.5658,2.1707
1745,1.8,35.8474,2.0062
1745,1.9,36.1474,1.7933
1745,2,36.4663,1.5221
1746,0,33.2889,2.55
1746,0.1,33.2968,2.55
1746,0.2,33.3203,2.55
1746,0.3,33.3596,2.55
1746,0.4,33.4145,2.5499
1746,0.5,33.4852,2.5498
1746,0.6,33.5715,2.5495
1746,0.7,33.6736,2.5488
1746,0.8,33.7914,2.5475
1746,0.9,33.9249,2.5448
1746,1,34.0743,2.5396
1746,1.1,34.2394,2.5303
1746,1.2,34.4205,2.5141
1746,1.3,34.6177,2.4876
1746,1.4,34.831,2.446
1746,1.5,35.0609,2.3836
1746,1.6,35.3075,2.294
1746,1.7,35.5715,2.1705
1746,1.8,35.8532,2.0059
1746,1.9,36.1534,1.793
1746,2,36.4723,1.5219
1747,0,33.2942,2.55
1747,0.1,33.3021,2.55
1747,0.2,33.3256,2.55
1747,0.3,33.3649,2.55
1747,0.4,33.4198,2.5499
1747,0.5,33.4905,2.5498
1747,0.6,33.5768,2.5495
1747,0.7,33.6789,2.5488
1747,0.8,33.7967,2.5475
1747,0.9,33.9303,2.5448
1747,1,34.0796,2.5396
1747,1.1,34.2448,2.5302
1747,1.2,34.4259,2.5141
1747,1.3,34.6231,2.4875
1747,1.4,34.8365,2.4459
1747,1.5,35.0664,2.3835
1747,1.6,35.3131,2.2939
1747,1.7,35.5772,2.1702
1747,1.8,35.8591,2.0057
1747,1.9,36.1593,1.7928
1747,2,36.4782,1.5217
1748,0,33.2995,2.55
1748,0.1,33.3074,2.55
1748,0.2,33.3309,2.55
1748,0.3,33.3702,2.55
1748,0.4,33.4251,2.5499
1748,0.5,33.4958,2.5498
1748,0.6,33.5821,2.5495
1748,0.7,33.6842,2.5488
1748,0.8,33.802,2.5475
1748,0.9,33.9356,2.5447
1748,1,34.0849,2.5396
1748,1.1,34.2501,2.5302
1748,1.2,34.4313,2.514
1748,1.3,34.6285,2.4874
1748,1.4,34.8419,2.4458
1748,1.5,35.0719,2.3833
1748,1.6,35.3188,2.2937
1748,1.7,35.5829,2.17
1748,1.8,35.8649,2.0055
1748,1.9,36.1652,1.7926
1748,2,36.4842,1.5215
1749,0,33.3048,2.55
1749,0.1,33.3127,2.55
1749,0.2,33.3362,2.55
1749,0.3,33.3755,2.55
1749,0.4,33.4304,2.5499
1749,0.5,33.5011,2.5498
1749,0.6,33.5874,2.5495
1749,0.7,33.6895,2.5488
1749,0.8,33.8073,2.5475
1749,0.9,33.9409,2.5447
1749,1,34.0903,2.5395
1749,1.1,34.2555,2.5302
1749,1.2,34.4366,2.514
1749,1.3,34.6339,2.4874
1749,1.4,34.8474,2.4457
1749,1.5,35.0774,2.3832
1749,1.6,35.3244,2.2935
1749,1.7,35.5886,2.1698
1749,1.8,35.8707,2.0052
1749,1.9,36.1711,1.7924
1749,2,36.4901,1.5212
1750,0,33.3101,2.55
1750,0.1,33.318,2.55
1750,0.2,33.3415,2.55
1750,0.3,33.3808,2.55
1750,0.4,33.4357,2.5499
1750,0.5,33.5064,2.5498
1750,0.6,33.5927,2.5495
1750,0.7,33.6948,2.5488
1750,0.8,33.8126,2.5474
1750,0.9,33.9462,2.5447
1750,1,34.0956,2.5395
1750,1.1,34.2608,2.5301
1750,1.2,34.442,2.5139
1750,1.3,34.6393,2.4873
1750,1.4,34.8529,2.4455
1750,1.5,35.083,2.383
1750,1.6,35.33,2.2933
1750,1.7,35.5944,2.1696
1750,1.8,35.8766,2.005
1750,1.9,36.177,1.7921
1750,2,36.496,1.521
1751,0,33.3154,2.55
1751,0.1,33.3233,2.55
1751,0.2,33.3468,2.55
1751,0.3,33.3861,2.55
1751,0.4,33.441,2.5499
1751,0.5,33.5117,2.5498
1751,0.6,33.598,2.5495
1751,0.7,33.7001,2.5488
1751,0.8,33.818,2.5474
1751,0.9,33.9515,2.5447
1751,1,34.1009,2.5395
1751,1.1,34.2662,2.5301
1751,1.2,34.4474,2.5138
1751,1.3,34.6447,2.4872
1751,1.4,34.8583,2.4454
1751,1.5,35.0885,2.3829
1751,1.6,35.3356,2.2931
1751,1.7,35.6001,2.1694
1751,1.8,35.8824,2.0048
1751,1.9,36.1829,1.7919
1751,2,36.5019,1.5208
1752,0,33.3207,2.55
1752,0.1,33.3286,2.55
1752,0.2,33.3521,2.55
1752,0.3,33.3914,2.55
1752,0.4,33.4463,2.5499
1752,0.5,33.517,2.5498
1752,0.6,33.6034,2.5495
1752,0.7,33.7054,2.5488
1752,0.8,33.8233,2.5474
1752,0.9,33.9569,2.5447
1752,1,34.1063,2.5395
1752,1.1,34.2715,2.53
1752,1.2,34.4528,2.5138
1752,1.3,34.6501,2.4871
1752,1.4,34.8638,2.4453
1752,1.5,35.0941,2.3827
1752,1.6,35.3413,2.2929
1752,1.7,35.6058,2.1692
1752,1.8,35.8882,2.0046
1752,1.9,36.1888,1.7917
1752,2,36.5078,1.5206
1753,0,33.326,2.55
1753,0.1,33.3339,2.55
1753,0.2,33.3574,2.55
1753,0.3,33.3967,2.55
1753,0.4,33.4516,2.5499
1753,0.5,33.5223,2.5498
1753,0.6,33.6087,2.5495
1753,0.7,33.7108,2.5488
1753,0.8,33.8286,2.5474
1753,0.9,33.9622,2.5447
1753,1,34.1116,2.5394
1753,1.1,34.2769,2.53
1753,1.2,34.4582,2.5137
1753,1.3,34.6556,2.487
1753,1.4,34.8693,2.4452
1753,1.5,35.0996,2.3826
1753,1.6,35.3469,2.2928
1753,1.7,35.6115,2.169
1753,1.8,35.894,2.0043
1753,1.9,36.1946,1.7914
1753,2,36.5137,1.5204
1754,0,33.3313,2.55
1754,0.1,33.3392,2.55
1754,0.2,33.3627,2.55
1754,0.3,33.402,2.55
1754,0.4,33.4569,2.5499
1754,0.5,33.5276,2.5498
1754,0.6,33.614,2.5495
1754,0.7,33.7161,2.5488
1754,0.8,33.8339,2.5474
1754,0.9,33.9675,2.5447
1754,1,34.1169,2.5394
1754,1.1,34.2823,2.53
1754,1.2,34.4636,2.5137
1754,1.3,34.661,2.4869
1754,1.4,34.8748,2.4451
1754,1.5,35.1052,2.3824
1754,1.6,35.3525,2.2926
1754,1.7,35.6173,2.1688
1754,1.8,35.8998,2.0041
1754,1.9,36.2005,1.7912
1754,2,36.5196,1.5202
1755,0,33.3366,2.55
1755,0.1,33.3445,2.55
1755,0.2,33.368,2.55
1755,0.3,33.4073,2.55
1755,0.4,33.4622,2.5499
1755,0.5,33.5329,2.5498
1755,0.6,33.6193,2.5495
1755,0.7,33.7214,2.5488
1755,0.8,33.8392,2.5474
1755,0.9,33.9728,2.5446
1755,1,34.1223,2.5394
1755,1.1,34.2876,2.5299
1755,1.2,34.4689,2.5136
1755,1.3,34.6664,2.4868
1755,1.4,34.8803,2.445
1755,1.5,35.1107,2.3823
1755,1.6,35.3582,2.2924
1755,1.7,35.623,2.1686
1755,1.8,35.9056,2.0039
1755,1.9,36.2064,1.791
1755,2,36.5255,1.5199
1756,0,33.3419,2.55
1756,0.1,33.3498,2.55
1756,0.2,33.3733,2.55
1756,0.3,33.4126,2.55
1756,0.4,33.4675,2.5499
1756,0.5,33.5382,2.5498
1756,0.6,33.6246,2.5495
1756,0.7,33.7267,2.5488
1756,0.8,33.8445,2.5474
1756,0.9,33.9782,2.5446
1756,1,34.1276,2.5394
1756,1.1,34.293,2.5299
1756,1.2,34.4743,2.5135
1756,1.3,34.6719,2.4868
1756,1.4,34.8857,2.4448
1756,1.5,35.1163,2.3821
1756,1.6,35.3638,2.2922
1756,1.7,35.6287,2.1684
1756,1.8,35.9114,2.0036
1756,1.9,36.2122,1.7907
1756,2,36.5313,1.5197
1757,0,33.3472,2.55
1757,0.1,33.3551,2.55
1757,0.2,33.3786,2.55
1757,0.3,33.4179,2.55
1757,0.4,33.4728,2.5499
1757,0.5,33.5435,2.5498
1757,0.6,33.6299,2.5495
1757,0.7,33.732,2.5488
1757,0.8,33.8499,2.5474
1757,0.9,33.9835,2.5446
1757,1,34.133,2.5393
1757,1.1,34.2983,2.5298
1757,1.2,34.4797,2.5135
1757,1.3,34.6773,2.4867
1757,1.4,34.8912,2.4447
1757,1.5,35.1218,2.382
1757,1.6,35.3694,2.292
1757,1.7,35.6344,2.1681
1757,1.8,35.9172,2.0034
1757,1.9,36.2181,1.7905
1757,2,36.5372,1.5195
1758,0,33.3525,2.55
1758,0.1,33.3604,2.55
1758,0.2,33.3839,2.55
1758,0.3,33.4232,2.55
1758,0.4,33.4782,2.5499
1758,0.5,33.5488,2.5498
1758,0.6,33.6352,2.5495
1758,0.7,33.7373,2.5488
1758,0.8,33.8552,2.5474
1758,0.9,33.9888,2.5446
1758,1,34.1383,2.5393
1758,1.1,34.3037,2.5298
1758,1.2,34.4851,2.5134
1758,1.3,34.6827,2.4866
1758,1.4,34.8967,2.4446
1758,1.5,35.1274,2.3818
1758,1.6,35.3751,2.2918
1758,1.7,35.6402,2.1679
1758,1.8,35.923,2.0032
1758,1.9,36.2239,1.7903
1758,2,36.543,1.5193
1759,0,33.3578,2.55
1759,0.1,33.3657,2.55
1759,0.2,33.3892,2.55
1759,0.3,33.4285,2.55
1759,0.4,33.4835,2.5499
1759,0.5,33.5541,2.5498
1759,0.6,33.6405,2.5495
1759,0.7,33.7426,2.5488
1759,0.8,33.8605,2.5474
1759,0.9,33.9942,2.5446
1759,1,34.1437,2.5393
1759,1.1,34.3091,2.5298
1759,1.2,34.4905,2.5134
1759,1.3,34.6882,2.4865
1759,1.4,34.9022,2.4445
1759,1.5,35.133,2.3817
1759,1.6,35.3807,2.2917
1759,1.7,35.6459,2.1677
1759,1.8,35.9288,2.003
1759,1.9,36.2297,1.7901
1759,2,36.5489,1.5191
1760,0,33.3631,2.55
1760,0.1,33.371,2.55
1760,0.2,33.3945,2.55
1760,0.3,33.4338,2.55
1760,0.4,33.4888,2.5499
1760,0.5,33.5594,2.5498
1760,0.6,33.6458,2.5495
1760,0.7,33.7479,2.5488
1760,0.8,33.8658,2.5474
1760,0.9,33.9995,2.5446
1760,1,34.149,2.5393
1760,1.1,34.3144,2.5297
1760,1.2,34.4959,2.5133
1760,1.3,34.6936,2.4864
1760,1.4,34.9077,2.4444
1760,1.5,35.1385,2.3815
1760,1.6,35.3864,2.2915
1760,1.7,35.6516,2.1675
1760,1.8,35.9346,2.0027
1760,1.9,36.2356,1.7898
1760,2,36.5547,1.5189
1761,0,33.3684,2.55
1761,0.1,33.3763,2.55
1761,0.2,33.3998,2.55
1761,0.3,33.4391,2.55
1761,0.4,33.4941,2.5499
1761,0.5,33.5647,2.5498
1761,0.6,33.6511,2.5495
1761,0.7,33.7533,2.5488
1761,0.8,33.8711,2.5474
1761,0.9,34.0048,2.5446
1761,1,34.1543,2.5393
1761,1.1,34.3198,2.5297
1761,1.2,34.5013,2.5133
1761,1.3,34.6991,2.4863
1761,1.4,34.9132,2.4443
1761,1.5,35.1441,2.3814
1761,1.6,35.392,2.2913
1761,1.7,35.6573,2.1673
1761,1.8,35.9404,2.0025
1761,1.9,36.2414,1.7896
1761,2,36.5606,1.5186
1762,0,33.3738,2.55
1762,0.1,33.3816,2.55
1762,0.2,33.4052,2.55
1762,0.3,33.4444,2.55
1762,0.4,33.4994,2.5499
1762,0.5,33.57,2.5498
1762,0.6,33.6564,2.5495
1762,0.7,33.7586,2.5488
1762,0.8,33.8765,2.5474
1762,0.9,34.0102,2.5445
1762,1,34.1597,2.5392
1762,1.1,34.3252,2.5296
1762,1.2,34.5067,2.5132
1762,1.3,34.7045,2.4862
1762,1.4,34.9187,2.4441
1762,1.5,35.1497,2.3812
1762,1.6,35.3977,2.2911
1762,1.7,35.663,2.1671
1762,1.8,35.9461,2.0023
1762,1.9,36.2472,1.7894
1762,2,36.5664,1.5184
1763,0,33.3791,2.55
1763,0.1,33.3869,2.55
1763,0.2,33.4105,2.55
1763,0.3,33.4497,2.55
1763,0.4,33.5047,2.5499
1763,0.5,33.5753,2.5498
1763,0.6,33.6617,2.5494
1763,0.7,33.7639,2.5488
1763,0.8,33.8818,2.5473
1763,0.9,34.0155,2.5445
1763,1,34.1651,2.5392
1763,1.1,34.3306,2.5296
1763,1.2,34.5121,2.5131
1763,1.3,34.71,2.4862
1763,1.4,34.9242,2.444
1763,1.5,35.1552,2.3811
1763,1.6,35.4033,2.2909
1763,1.7,35.6687,2.1669
1763,1.8,35.9519,2.0021
1763,1.9,36.253,1.7891
1763,2,36.5722,1.5182
1764,0,33.3844,2.55
1764,0.1,33.3922,2.55
1764,0.2,33.4158,2.55
1764,0.3,33.455,2.55
1764,0.4,33.51,2.5499
1764,0.5,33.5807,2.5498
1764,0.6,33.6671,2.5494
1764,0.7,33.7692,2.5488
1764,0.8,33.8871,2.5473
1764,0.9,34.0208,2.5445
1764,1,34.1704,2.5392
1764,1.1,34.3359,2.5296
1764,1.2,34.5176,2.5131
1764,1.3,34.7154,2.4861
1764,1.4,34.9297,2.4439
1764,1.5,35.1608,2.3809
1764,1.6,35.4089,2.2907
1764,1.7,35.6745,2.1667
1764,1.8,35.9577,2.0018
1764,1.9,36.2588,1.7889
1764,2,36.578,1.518
1765,0,33.3897,2.55
1765,0.1,33.3975,2.55
1765,0.2,33.4211,2.55
1765,0.3,33.4603,2.55
1765,0.4,33.5153,2.5499
1765,0.5,33.586,2.5498
1765,0.6,33.6724,2.5494
1765,0.7,33.7745,2.5488
1765,0.8,33.8924,2.5473
1765,0.9,34.0262,2.5445
1765,1,34.1758,2.5392
1765,1.1,34.3413,2.5295
1765,1.2,34.523,2.513
1765,1.3,34.7209,2.486
1765,1.4,34.9353,2.4438
1765,1.5,35.1664,2.3808
1765,1.6,35.4146,2.2906
1765,1.7,35.6802,2.1665
1765,1.8,35.9634,2.0016
1765,1.9,36.2646,1.7887
1765,2,36.5839,1.5178
1766,0,33.395,2.55
1766,0.1,33.4028,2.55
1766,0.2,33.4264,2.55
1766,0.3,33.4656,2.55
1766,0.4,33.5206,2.5499
1766,0.5,33.5913,2.5498
1766,0.6,33.6777,2.5494
1766,0.7,33.7798,2.5488
1766,0.8,33.8978,2.5473
1766,0.9,34.0315,2.5445
1766,1,34.1811,2.5391
1766,1.1,34.3467,2.5295
1766,1.2,34.5284,2.513
1766,1.3,34.7263,2.4859
1766,1.4,34.9408,2.4437
1766,1.5,35.172,2.3806
1766,1.6,35.4202,2.2904
1766,1.7,35.6859,2.1662
1766,1.8,35.9692,2.0014
1766,1.9,36.2704,1.7884
1766,2,36.5897,1.5176
1767,0,33.4003,2.55
1767,0.1,33.4081,2.55
1767,0.2,33.4317,2.55
1767,0.3,33.4709,2.55
1767,0.4,33.5259,2.5499
1767,0.5,33.5966,2.5498
1767,0.6,33.683,2.5494
1767,0.7,33.7851,2.5487
1767,0.8,33.9031,2.5473
1767,0.9,34.0368,2.5445
1767,1,34.1865,2.5391
1767,1.1,34.3521,2.5295
1767,1.2,34.5338,2.5129
1767,1.3,34.7318,2.4858
1767,1.4,34.9463,2.4435
1767,1.5,35.1776,2.3805
1767,1.6,35.4259,2.2902
1767,1.7,35.6916,2.166
1767,1.8,35.975,2.0012
1767,1.9,36.2762,1.7882
1767,2,36.5955,1.5173
1768,0,33.4056,2.55
1768,0.1,33.4134,2.55
1768,0.2,33.437,2.55
1768,0.3,33.4762,2.55
1768,0.4,33.5312,2.5499
1768,0.5,33.6019,2.5498
1768,0.6,33.6883,2.5494
1768,0.7,33.7905,2.5487
1768,0.8,33.9084,2.5473
1768,0.9,34.0422,2.5445
1768,1,34.1918,2.5391
1768,1.1,34.3575,2.5294
1768,1.2,34.5392,2.5128
1768,1.3,34.7373,2.4857
1768,1.4,34.9518,2.4434
1768,1.5,35.1831,2.3803
1768,1.6,35.4315,2.29
1768,1.7,35.6973,2.1658
1768,1.8,35.9807,2.0009
1768,1.9,36.282,1.788
1768,2,36.6013,1.5171
1769,0,33.4109,2.55
1769,0.1,33.4187,2.55
1769,0.2,33.4423,2.55
1769,0.3,33.4815,2.55
1769,0.4,33.5365,2.5499
1769,0.5,33.6072,2.5498
1769,0.6,33.6936,2.5494
1769,0.7,33.7958,2.5487
1769,0.8,33.9137,2.5473
1769,0.9,34.0475,2.5444
1769,1,34.1972,2.5391
1769,1.1,34.3629,2.5294
1769,1.2,34.5446,2.5128
1769,1.3,34.7427,2.4856
1769,1.4,34.9573,2.4433
1769,1.5,35.1887,2.3802
1769,1.6,35.4372,2.2898
1769,1.7,35.703,2.1656
1769,1.8,35.9865,2.0007
1769,1.9,36.2878,1.7878
1769,2,36.6071,1.5169
1770,0,33.4162,2.55
1770,0.1,33.424,2.55
1770,0.2,33.4476,2.55
1770,0.3,33.4868,2.55
1770,0.4,33.5418,2.5499
1770,0.5,33.6125,2.5498
1770,0.6,33.6989,2.5494
1770,0.7,33.8011,2.5487
1770,0.8,33.9191,2.5473
1770,0.9,34.0529,2.5444
1770,1,34.2026,2.539
1770,1.1,34.3682,2.5293
1770,1.2,34.5501,2.5127
1770,1.3,34.7482,2.4856
1770,1.4,34.9629,2.4432
1770,1.5,35.1943,2.38
1770,1.6,35.4428,2.2896
1770,1.7,35.7087,2.1654
1770,1.8,35.9923,2.0005
1770,1.9,36.2936,1.7875
1770,2,36.6129,1.5167
1771,0,33.4215,2.55
1771,0.1,33.4293,2.55
1771,0.2,33.4529,2.55
1771,0.3,33.4921,2.55
1771,0.4,33.5471,2.5499
1771,0.5,33.6178,2.5498
1771,0.6,33.7042,2.5494
1771,0.7,33.8064,2.5487
1771,0.8,33.9244,2.5473
1771,0.9,34.0582,2.5444
1771,1,34.2079,2.539
1771,1.1,34.3736,2.5293
1771,1.2,34.5555,2.5127
1771,1.3,34.7537,2.4855
1771,1.4,34.9684,2.4431
1771,1.5,35.1999,2.3799
1771,1.6,35.4485,2.2895
1771,1.7,35.7144,2.1652
1771,1.8,35.998,2.0002
1771,1.9,36.2994,1.7873
1771,2,36.6187,1.5165
1772,0,33.4268,2.55
1772,0.1,33.4346,2.55
1772,0.2,33.4582,2.55
1772,0.3,33.4974,2.55
1772,0.4,33.5524,2.5499
1772,0.5,33.6231,2.5498
1772,0.6,33.7096,2.5494
1772,0.7,33.8117,2.5487
1772,0.8,33.9297,2.5473
1772,0.9,34.0636,2.5444
1772,1,34.2133,2.539
1772,1.1,34.379,2.5293
1772,1.2,34.5609,2.5126
1772,1.3,34.7591,2.4854
1772,1.4,34.9739,2.443
1772,1.5,35.2055,2.3797
1772,1.6,35.4541,2.2893
1772,1.7,35.7201,2.165
1772,1.8,36.0038,2
1772,1.9,36.3052,1.7871
1772,2,36.6245,1.5163
1773,0,33.4321,2.55
1773,0.1,33.4399,2.55
1773,0.2,33.4635,2.55
1773,0.3,33.5028,2.55
1773,0.4,33.5577,2.5499
1773,0.5,33.6284,2.5498
1773,0.6,33.7149,2.5494
1773,0.7,33.8171,2.5487
1773,0.8,33.9351,2.5473
1773,0.9,34.0689,2.5444
1773,1,34.2187,2.539
1773,1.1,34.3844,2.5292
1773,1.2,34.5664,2.5125
1773,1.3,34.7646,2.4853
1773,1.4,34.9794,2.4428
1773,1.5,35.2111,2.3796
1773,1.6,35.4598,2.2891
1773,1.7,35.7258,2.1648
1773,1.8,36.0095,1.9998
1773,1.9,36.3109,1.7868
1773,2,36.6303,1.516
1774,0,33.4374,2.55
1774,0.1,33.4452,2.55
1774,0.2,33.4688,2.55
1774,0.3,33.5081,2.55
1774,0.4,33.563,2.5499
1774,0.5,33.6337,2.5498
1774,0.6,33.7202,2.5494
1774,0.7,33.8224,2.5487
1774,0.8,33.9404,2.5473
1774,0.9,34.0742,2.5444
1774,1,34.224,2.5389
1774,1.1,34.3898,2.5292
1774,1.2,34.5718,2.5125
1774,1.3,34.7701,2.4852
1774,1.4,34.985,2.4427
1774,1.5,35.2167,2.3794
1774,1.6,35.4654,2.2889
1774,1.7,35.7315,2.1646
1774,1.8,36.0153,1.9996
1774,1.9,36.3167,1.7866
1774,2,36.636,1.5158
1775,0,33.4427,2.55
1775,0.1,33.4505,2.55
1775,0.2,33.4741,2.55
1775,0.3,33.5134,2.55
1775,0.4,33.5683,2.5499
1775,0.5,33.6391,2.5498
1775,0.6,33.7255,2.5494
1775,0.7,33.8277,2.5487
1775,0.8,33.9457,2.5473
1775,0.9,34.0796,2.5444
1775,1,34.2294,2.5389
1775,1.1,34.3952,2.5291
1775,1.2,34.5772,2.5124
1775,1.3,34.7756,2.4851
1775,1.4,34.9905,2.4426
1775,1.5,35.2222,2.3792
1775,1.6,35.4711,2.2887
1775,1.7,35.7372,2.1644
1775,1.8,36.021,1.9993
1775,1.9,36.3225,1.7864
1775,2,36.6418,1.5156
1776,0,33.448,2.55
1776,0.1,33.4558,2.55
1776,0.2,33.4794,2.55
1776,0.3,33.5187,2.55
1776,0.4,33.5737,2.5499
1776,0.5,33.6444,2.5497
1776,0.6,33.7308,2.5494
1776,0.7,33.833,2.5487
1776,0.8,33.9511,2.5472
1776,0.9,34.0849,2.5443
1776,1,34.2348,2.5389
1776,1.1,34.4006,2.5291
1776,1.2,34.5827,2.5124
1776,1.3,34.7811,2.485
1776,1.4,34.996,2.4425
1776,1.5,35.2278,2.3791
1776,1.6,35.4767,2.2885
1776,1.7,35.7429,2.1642
1776,1.8,36.0267,1.9991
1776,1.9,36.3283,1.7862
1776,2,36.6476,1.5154
1777,0,33.4533,2.55
1777,0.1,33.4611,2.55
1777,0.2,33.4847,2.55
1777,0.3,33.524,2.55
1777,0.4,33.579,2.5499
1777,0.5,33.6497,2.5497
1777,0.6,33.7361,2.5494
1777,0.7,33.8384,2.5487
1777,0.8,33.9564,2.5472
1777,0.9,34.0903,2.5443
1777,1,34.2401,2.5389
1777,1.1,34.406,2.5291
1777,1.2,34.5881,2.5123
1777,1.3,34.7865,2.485
1777,1.4,35.0016,2.4424
1777,1.5,35.2334,2.3789
1777,1.6,35.4824,2.2884
1777,1.7,35.7486,2.1639
1777,1.8,36.0325,1.9989
1777,1.9,36.334,1.7859
1777,2,36.6534,1.5152
1778,0,33.4586,2.55
1778,0.1,33.4665,2.55
1778,0.2,33.49,2.55
1778,0.3,33.5293,2.55
1778,0.4,33.5843,2.5499
1778,0.5,33.655,2.5497
1778,0.6,33.7415,2.5494
1778,0.7,33.8437,2.5487
1778,0.8,33.9617,2.5472
1778,0.9,34.0957,2.5443
1778,1,34.2455,2.5388
1778,1.1,34.4114,2.529
1778,1.2,34.5935,2.5122
1778,1.3,34.792,2.4849
1778,1.4,35.0071,2.4423
1778,1.5,35.239,2.3788
1778,1.6,35.488,2.2882
1778,1.7,35.7543,2.1637
1778,1.8,36.0382,1.9987
1778,1.9,36.3398,1.7857
1778,2,36.6591,1.515
1779,0,33.4639,2.55
1779,0.1,33.4718,2.55
1779,0.2,33.4953,2.55
1779,0.3,33.5346,2.55
1779,0.4,33.5896,2.5499
1779,0.5,33.6603,2.5497
1779,0.6,33.7468,2.5494
1779,0.7,33.849,2.5487
1779,0.8,33.9671,2.5472
1779,0.9,34.101,2.5443
1779,1,34.2509,2.5388
1779,1.1,34.4168,2.529
1779,1.2,34.599,2.5122
1779,1.3,34.7975,2.4848
1779,1.4,35.0126,2.4421
1779,1.5,35.2446,2.3786
1779,1.6,35.4937,2.288
1779,1.7,35.76,2.1635
1779,1.8,36.0439,1.9984
1779,1.9,36.3456,1.7855
1779,2,36.6649,1.5148
1780,0,33.4692,2.55
1780,0.1,33.4771,2.55
1780,0.2,33.5006,2.55
1780,0.3,33.5399,2.55
1780,0.4,33.5949,2.5499
1780,0.5,33.6656,2.5497
1780,0.6,33.7521,2.5494
1780,0.7,33.8543,2.5487
1780,0.8,33.9724,2.5472
1780,0.9,34.1064,2.5443
1780,1,34.2563,2.5388
1780,1.1,34.4222,2.5289
1780,1.2,34.6044,2.5121
1780,1.3,34.803,2.4847
1780,1.4,35.0182,2.442
1780,1.5,35.2502,2.3785
1780,1.6,35.4993,2.2878
1780,1.7,35.7657,2.1633
1780,1.8,36.0497,1.9982
1780,1.9,36.3513,1.7852
1780,2,36.6707,1.5145
1781,0,33.4745,2.55
1781,0.1,33.4824,2.55
1781,0.2,33.5059,2.55
1781,0.3,33.5452,2.55
1781,0.4,33.6002,2.5499
1781,0.5,33.6709,2.5497
1781,0.6,33.7574,2.5494
1781,0.7,33.8597,2.5487
1781,0.8,33.9778,2.5472
1781,0.9,34.1117,2.5443
1781,1,34.2616,2.5388
1781,1.1,34.4277,2.5289
1781,1.2,34.6099,2.5121
1781,1.3,34.8085,2.4846
1781,1.4,35.0237,2.4419
1781,1.5,35.2558,2.3783
1781,1.6,35.5049,2.2876
1781,1.7,35.7714,2.1631
1781,1.8,36.0554,1.998
1781,1.9,36.3571,1.785
1781,2,36.6764,1.5143
1782,0,33.4798,2.55
1782,0.1,33.4877,2.55
1782,0.2,33.5112,2.55
1782,0.3,33.5505,2.55
1782,0.4,33.6055,2.5499
1782,0.5,33.6762,2.5497
1782,0.6,33.7627,2.5494
1782,0.7,33.865,2.5487
1782,0.8,33.9831,2.5472
1782,0.9,34.1171,2.5443
1782,1,34.267,2.5387
1782,1.1,34.4331,2.5289
1782,1.2,34.6153,2.512
1782,1.3,34.814,2.4845
1782,1.4,35.0293,2.4418
1782,1.5,35.2614,2.3782
1782,1.6,35.5106,2.2874
1782,1.7,35.7771,2.1629
1782,1.8,36.0611,1.9978
1782,1.9,36.3628,1.7848
1782,2,36.6822,1.5141
1783,0,33.4851,2.55
1783,0.1,33.493,2.55
1783,0.2,33.5165,2.55
1783,0.3,33.5558,2.55
1783,0.4,33.6108,2.5499
1783,0.5,33.6816,2.5497
1783,0.6,33.7681,2.5494
1783,0.7,33.8703,2.5487
1783,0.8,33.9884,2.5472
1783,0.9,34.1224,2.5442
1783,1,34.2724,2.5387
1783,1.1,34.4385,2.5288
1783,1.2,34.6208,2.5119
1783,1.3,34.8195,2.4844
1783,1.4,35.0348,2.4417
1783,1.5,35.267,2.378
1783,1.6,35.5162,2.2873
1783,1.7,35.7828,2.1627
1783,1.8,36.0669,1.9975
1783,1.9,36.3686,1.7846
1783,2,36.688,1.5139
1784,0,33.4904,2.55
1784,0.1,33.4983,2.55
1784,0.2,33.5218,2.55
1784,0.3,33.5611,2.55
1784,0.4,33.6161,2.5499
1784,0.5,33.6869,2.5497
1784,0.6,33.7734,2.5494
1784,0.7,33.8757,2.5487
1784,0.8,33.9938,2.5472
1784,0.9,34.1278,2.5442
1784,1,34.2778,2.5387
1784,1.1,34.4439,2.5288
1784,1.2,34.6262,2.5119
1784,1.3,34.825,2.4844
1784,1.4,35.0403,2.4416
1784,1.5,35.2726,2.3779
1784,1.6,35.5219,2.2871
1784,1.7,35.7885,2.1625
1784,1.8,36.0726,1.9973
1784,1.9,36.3743,1.7843
1784,2,36.6937,1.5137
1785,0,33.4957,2.55
1785,0.1,33.5036,2.55
1785,0.2,33.5272,2.55
1785,0.3,33.5664,2.55
1785,0.4,33.6214,2.5499
1785,0.5,33.6922,2.5497
1785,0.6,33.7787,2.5494
1785,0.7,33.881,2.5487
1785,0.8,33.9991,2.5472
1785,0.9,34.1332,2.5442
1785,1,34.2832,2.5387
1785,1.1,34.4493,2.5287
1785,1.2,34.6317,2.5118
1785,1.3,34.8305,2.4843
1785,1.4,35.0459,2.4414
1785,1.5,35.2782,2.3777
1785,1.6,35.5275,2.2869
1785,1.7,35.7942,2.1623
1785,1.8,36.0783,1.9971
1785,1.9,36.3801,1.7841
1785,2,36.6995,1.5135
1786,0,33.501,2.55
1786,0.1,33.5089,2.55
1786,0.2,33.5325,2.55
1786,0.3,33.5717,2.55
1786,0.4,33.6268,2.5499
1786,0.5,33.6975,2.5497
1786,0.6,33.784,2.5494
1786,0.7,33.8863,2.5487
1786,0.8,34.0045,2.5472
1786,0.9,34.1385,2.5442
1786,1,34.2886,2.5386
1786,1.1,34.4547,2.5287
1786,1.2,34.6371,2.5118
1786,1.3,34.836,2.4842
1786,1.4,35.0514,2.4413
1786,1.5,35.2838,2.3776
1786,1.6,35.5332,2.2867
1786,1.7,35.7999,2.1621
1786,1.8,36.084,1.9969
1786,1.9,36.3858,1.7839
1786,2,36.7052,1.5133
1787,0,33.5063,2.55
1787,0.1,33.5142,2.55
1787,0.2,33.5378,2.55
1787,0.3,33.5771,2.55
1787,0.4,33.6321,2.5499
1787,0.5,33.7028,2.5497
1787,0.6,33.7893,2.5494
1787,0.7,33.8917,2.5487
1787,0.8,34.0098,2.5472
1787,0.9,34.1439,2.5442
1787,1,34.294,2.5386
1787,1.1,34.4601,2.5287
1787,1.2,34.6426,2.5117
1787,1.3,34.8415,2.4841
1787,1.4,35.057,2.4412
1787,1.5,35.2894,2.3774
1787,1.6,35.5388,2.2865
1787,1.7,35.8056,2.1618
1787,1.8,36.0898,1.9966
1787,1.9,36.3915,1.7837
1787,2,36.711,1.513
1788,0,33.5117,2.55
1788,0.1,33.5195,2.55
1788,0.2,33.5431,2.55
1788,0.3,33.5824,2.55
1788,0.4,33.6374,2.5499
1788,0.5,33.7081,2.5497
1788,0.6,33.7947,2.5494
1788,0.7,33.897,2.5487
1788,0.8,34.0152,2.5471
1788,0.9,34.1493,2.5442
1788,1,34.2994,2.5386
1788,1.1,34.4656,2.5286
1788,1.2,34.648,2.5116
1788,1.3,34.847,2.484
1788,1.4,35.0625,2.4411
1788,1.5,35.295,2.3773
1788,1.6,35.5445,2.2863
1788,1.7,35.8112,2.1616
1788,1.8,36.0955,1.9964
1788,1.9,36.3973,1.7834
1788,2,36.7167,1.5128
1789,0,33.517,2.55
1789,0.1,33.5248,2.55
1789,0.2,33.5484,2.55
1789,0.3,33.5877,2.55
1789,0.4,33.6427,2.5499
1789,0.5,33.7135,2.5497
1789,0.6,33.8,2.5494
1789,0.7,33.9023,2.5487
1789,0.8,34.0205,2.5471
1789,0.9,34.1546,2.5442
1789,1,34.3047,2.5386
1789,1.1,34.471,2.5286
1789,1.2,34.6535,2.5116
1789,1.3,34.8525,2.4839
1789,1.4,35.0681,2.441
1789,1.5,35.3005,2.3771
1789,1.6,35.5501,2.2862
1789,1.7,35.8169,2.1614
1789,1.8,36.1012,1.9962
1789,1.9,36.403,1.7832
1789,2,36.7225,1.5126
1790,0,33.5223,2.55
1790,0.1,33.5301,2.55
1790,0.2,33.5537,2.55
1790,0.3,33.593,2.55
1790,0.4,33.648,2.5499
1790,0.5,33.7188,2.5497
1790,0.6,33.8053,2.5494
1790,0.7,33.9077,2.5486
1790,0.8,34.0259,2.5471
1790,0.9,34.16,2.5441
1790,1,34.3101,2.5385
1790,1.1,34.4764,2.5285
1790,1.2,34.659,2.5115
1790,1.3,34.858,2.4838
1790,1.4,35.0736,2.4409
1790,1.5,35.3061,2.377
1790,1.6,35.5557,2.286
1790,1.7,35.8226,2.1612
1790,1.8,36.1069,1.996
1790,1.9,36.4088,1.783
1790,2,36.7282,1.5124
1791,0,33.5276,2.55
1791,0.1,33.5354,2.55
1791,0.2,33.559,2.55
1791,0.3,33.5983,2.55
1791,0.4,33.6533,2.5499
1791,0.5,33.7241,2.5497
1791,0.6,33.8106,2.5494
1791,0.7,33.913,2.5486
1791,0.8,34.0312,2.5471
1791,0.9,34.1654,2.5441
1791,1,34.3155,2.5385
1791,1.1,34.4818,2.5285
1791,1.2,34.6644,2.5115
1791,1.3,34.8635,2.4837
1791,1.4,35.0792,2.4407
1791,1.5,35.3117,2.3768
1791,1.6,35.5614,2.2858
1791,1.7,35.8283,2.161
1791,1.8,36.1126,1.9957
1791,1.9,36.4145,1.7827
1791,2,36.734,1.5122
1792,0,33.5329,2.55
1792,0.1,33.5407,2.55
1792,0.2,33.5643,2.55
1792,0.3,33.6036,2.55
1792,0.4,33.6586,2.5499
1792,0.5,33.7294,2.5497
1792,0.6,33.816,2.5494
1792,0.7,33.9183,2.5486
1792,0.8,34.0366,2.5471
1792,0.9,34.1707,2.5441
1792,1,34.3209,2.5385
1792,1.1,34.4873,2.5285
1792,1.2,34.6699,2.5114
1792,1.3,34.869,2.4837
1792,1.4,35.0847,2.4406
1792,1.5,35.3173,2.3767
1792,1.6,35.567,2.2856
1792,1.7,35.834,2.1608
1792,1.8,36.1183,1.9955
1792,1.9,36.4202,1.7825
1792,2,36.7397,1.512
1793,0,33.5382,2.55
1793,0.1,33.546,2.55
1793,0.2,33.5696,2.55
1793,0.3,33.6089,2.55
1793,0.4,33.664,2.5499
1793,0.5,33.7347,2.5497
1793,0.6,33.8213,2.5494
1793,0.7,33.9237,2.5486
1793,0.8,34.0419,2.5471
1793,0.9,34.1761,2.5441
1793,1,34.3263,2.5385
1793,1.1,34.4927,2.5284
1793,1.2,34.6754,2.5113
1793,1.3,34.8745,2.4836
1793,1.4,35.0903,2.4405
1793,1.5,35.3229,2.3765
1793,1.6,35.5727,2.2854
1793,1.7,35.8396,2.1606
1793,1.8,36.124,1.9953
1793,1.9,36.426,1.7823
1793,2,36.7454,1.5118
1794,0,33.5435,2.55
1794,0.1,33.5514,2.55
1794,0.2,33.5749,2.55
1794,0.3,33.6142,2.55
1794,0.4,33.6693,2.5499
1794,0.5,33.7401,2.5497
1794,0.6,33.8266,2.5494
1794,0.7,33.929,2.5486
1794,0.8,34.0473,2.5471
1794,0.9,34.1815,2.5441
1794,1,34.3317,2.5384
1794,1.1,34.4981,2.5284
1794,1.2,34.6808,2.5113
1794,1.3,34.88,2.4835
1794,1.4,35.0958,2.4404
1794,1.5,35.3285,2.3764
1794,1.6,35.5783,2.2853
1794,1.7,35.8453,2.1604
1794,1.8,36.1297,1.9951
1794,1.9,36.4317,1.7821
1794,2,36.7512,1.5115
1795,0,33.5488,2.55
1795,0.1,33.5567,2.55
1795,0.2,33.5802,2.55
1795,0.3,33.6195,2.55
1795,0.4,33.6746,2.5499
1795,0.5,33.7454,2.5497
1795,0.6,33.832,2.5494
1795,0.7,33.9344,2.5486
1795,0.8,34.0526,2.5471
1795,0.9,34.1869,2.5441
1795,1,34.3371,2.5384
1795,1.1,34.5036,2.5283
1795,1.2,34.6863,2.5112
1795,1.3,34.8855,2.4834
1795,1.4,35.1014,2.4403
1795,1.5,35.3341,2.3762
1795,1.6,35.5839,2.2851
1795,1.7,35.851,2.1602
1795,1.8,36.1355,1.9948
1795,1.9,36.4374,1.7818
1795,2,36.7569,1.5113
1796,0,33.5541,2.55
1796,0.1,33.562,2.55
1796,0.2,33.5855,2.55
1796,0.3,33.6249,2.55
1796,0.4,33.6799,2.5499
1796,0.5,33.7507,2.5497
1796,0.6,33.8373,2.5494
1796,0.7,33.9397,2.5486
1796,0.8,34.058,2.5471
1796,0.9,34.1922,2.544
1796,1,34.3425,2.5384
1796,1.1,34.509,2.5283
1796,1.2,34.6918,2.5112
1796,1.3,34.891,2.4833
1796,1.4,35.1069,2.4401
1796,1.5,35.3397,2.3761
1796,1.6,35.5896,2.2849
1796,1.7,35.8567,2.16
1796,1.8,36.1412,1.9946
1796,1.9,36.4431,1.7816
1796,2,36.7626,1.5111
1797,0,33.5594,2.55
1797,0.1,33.5673,2.55
1797,0.2,33.5909,2.55
1797,0.3,33.6302,2.55
1797,0.4,33.6852,2.5499
1797,0.5,33.756,2.5497
1797,0.6,33.8426,2.5494
1797,0.7,33.945,2.5486
1797,0.8,34.0634,2.5471
1797,0.9,34.1976,2.544
1797,1,34.3479,2.5384
1797,1.1,34.5144,2.5283
1797,1.2,34.6972,2.5111
1797,1.3,34.8965,2.4832
1797,1.4,35.1125,2.44
1797,1.5,35.3453,2.3759
1797,1.6,35.5952,2.2847
1797,1.7,35.8624,2.1598
1797,1.8,36.1469,1.9944
1797,1.9,36.4489,1.7814
1797,2,36.7684,1.5109
1798,0,33.5647,2.55
1798,0.1,33.5726,2.55
1798,0.2,33.5962,2.55
1798,0.3,33.6355,2.55
1798,0.4,33.6905,2.5499
1798,0.5,33.7614,2.5497
1798,0.6,33.848,2.5494
1798,0.7,33.9504,2.5486
1798,0.8,34.0687,2.5471
1798,0.9,34.203,2.544
1798,1,34.3533,2.5383
1798,1.1,34.5199,2.5282
1798,1.2,34.7027,2.511
1798,1.3,34.902,2.4831
1798,1.4,35.118,2.4399
1798,1.5,35.3509,2.3758
1798,1.6,35.6009,2.2845
1798,1.7,35.868,2.1596
1798,1.8,36.1526,1.9942
1798,1.9,36.4546,1.7812
1798,2,36.7741,1.5107
1799,0,33.57,2.55
1799,0.1,33.5779,2.55
1799,0.2,33.6015,2.55
1799,0.3,33.6408,2.55
1799,0.4,33.6959,2.5499
1799,0.5,33.7667,2.5497
1799,0.6,33.8533,2.5494
1799,0.7,33.9557,2.5486
1799,0.8,34.0741,2.5471
1799,0.9,34.2084,2.544
1799,1,34.3588,2.5383
1799,1.1,34.5253,2.5282
1799,1.2,34.7082,2.511
1799,1.3,34.9076,2.4831
1799,1.4,35.1236,2.4398
1799,1.5,35.3565,2.3756
1799,1.6,35.6065,2.2843
1799,1.7,35.8737,2.1593
1799,1.8,36.1583,1.9939
1799,1.9,36.4603,1.7809
1799,2,36.7798,1.5105
1800,0,33.5753,2.55
1800,0.1,33.5832,2.55
1800,0.2,33.6068,2.55
1800,0.3,33.6461,2.55
1800,0.4,33.7012,2.5499
1800,0.5,33.772,2.5497
1800,0.6,33.8586,2.5494
1800,0.7,33.9611,2.5486
1800,0.8,34.0794,2.547
1800,0.9,34.2138,2.544
1800,1,34.3642,2.5383
1800,1.1,34.5307,2.5281
1800,1.2,34.7137,2.5109
1800,1.3,34.9131,2.483
1800,1.4,35.1292,2.4397
1800,1.5,35.3621,2.3755
1800,1.6,35.6121,2.2842
1800,1.7,35.8794,2.1591
1800,1.8,36.164,1.9937
1800,1.9,36.466,1.7807
1800,2,36.7856,1.5103
